update,ep_idx,ue,speed_kmh,acked_bits,n_comp,deadline_miss,retx_drop,mean_mu_depth
9,0,0,6.65,82691.6,1,325,0,2.475
9,0,1,22.27,4800.4,0,326,0,2.465
9,0,2,20.19,2804971.4,342,3,0,2.449
9,0,3,15.08,2673535.0,332,0,0,2.427
9,0,4,12.66,33062.8,0,336,0,2.336
9,0,5,12.32,2740980.0,350,2,0,2.464
9,0,6,23.59,23563.6,0,316,0,2.45
9,0,7,29.41,2468956.0,304,0,0,2.488
9,0,8,26.89,715569.5,37,291,1,2.54
9,0,9,11.95,2707116.5,334,8,0,2.455
9,0,10,25.73,10861.4,0,335,0,2.398
9,0,11,9.19,2692092.4,343,10,0,2.48
9,0,12,11.11,2863702.0,351,2,0,2.474
9,0,13,15.51,425124.8,18,293,0,2.556
9,0,14,23.28,2667761.0,327,2,0,2.522
9,0,15,21.85,2633164.0,324,8,0,2.473
9,0,16,21.6,575.1,0,320,1,2.484
9,0,17,23.82,2372953.6,295,27,1,2.499
9,0,18,27.48,2561207.3,321,15,0,2.48
9,0,19,5.6,16145.1,0,346,0,2.394
9,0,20,13.77,2525706.0,318,0,0,2.447
9,0,21,17.56,2782528.4,354,8,0,2.46
9,0,22,22.78,31780.5,0,318,0,2.425
9,0,23,12.17,17742.3,0,299,0,2.4
9,0,24,22.8,0.0,0,0,0,0.0
9,0,25,12.77,0.0,0,0,0,0.0
9,0,26,10.24,0.0,0,0,0,0.0
9,0,27,18.02,0.0,0,0,0,0.0
9,0,28,17.56,0.0,0,0,0,0.0
9,0,29,14.3,0.0,0,0,0,0.0
9,0,30,23.94,0.0,0,0,0,0.0
9,0,31,26.59,0.0,0,0,0,0.0
9,1,0,15.71,59157.3,1,287,0,3.394
9,1,1,17.29,2432817.3,303,5,0,3.504
9,1,2,19.04,494139.1,29,259,0,3.548
9,1,3,16.81,2391703.0,303,2,0,3.489
9,1,4,25.54,1615.7,0,293,0,3.188
9,1,5,18.36,2362749.0,286,9,0,3.506
9,1,6,8.63,1889723.7,213,68,0,3.525
9,1,7,5.33,2233046.4,269,13,2,3.499
9,1,8,8.28,2352148.0,296,0,0,3.514
9,1,9,16.95,63848.0,2,276,0,3.437
9,1,10,5.22,2398694.0,298,0,0,3.548
9,1,11,27.19,1947003.4,242,7,0,3.531
9,1,12,16.04,5583.9,0,283,0,3.217
9,1,13,25.94,2192869.1,277,15,0,3.483
9,1,14,7.56,2090777.4,263,4,0,3.532
9,1,15,10.93,2088448.7,256,42,0,3.477
9,1,16,21.21,2362087.4,300,5,0,3.51
9,1,17,10.16,2064326.9,266,8,0,3.446
9,1,18,13.45,1665617.1,168,77,1,3.449
9,1,19,28.59,571193.6,34,253,2,3.534
9,1,20,28.46,2350848.9,292,7,0,3.511
9,1,21,7.19,1866536.0,210,68,0,3.516
9,1,22,21.02,2130940.5,266,8,0,3.52
9,1,23,22.73,1082580.6,90,171,0,3.485
9,1,24,27.19,15029.7,0,268,0,3.4
9,1,25,13.95,273113.3,8,290,0,3.454
9,1,26,20.95,2451854.0,303,5,0,3.506
9,1,27,28.46,0.0,0,0,0,0.0
9,1,28,27.22,0.0,0,0,0,0.0
9,1,29,21.5,0.0,0,0,0,0.0
9,1,30,21.16,0.0,0,0,0,0.0
9,1,31,18.93,0.0,0,0,0,0.0
9,2,0,6.96,1613.5,0,236,0,3.0
9,2,1,7.77,1623298.3,199,15,0,3.508
9,2,2,20.56,228412.1,3,215,0,3.495
9,2,3,13.62,1609983.1,197,4,0,3.562
9,2,4,16.07,1740788.0,206,1,0,3.517
9,2,5,14.57,871.5,0,194,0,2.903
9,2,6,13.01,1487102.0,193,0,0,3.529
9,2,7,22.07,1518437.4,166,53,0,3.48
9,2,8,12.5,1374077.4,143,66,0,3.522
9,2,9,25.95,403451.9,21,182,1,3.46
9,2,10,28.65,1588042.9,196,12,0,3.526
9,2,11,13.51,362939.7,14,207,0,3.52
9,2,12,8.75,1559763.0,195,2,0,3.487
9,2,13,16.81,1522471.2,187,18,0,3.528
9,2,14,15.53,1625899.0,201,10,0,3.493
9,2,15,24.33,1435608.3,176,29,0,3.551
9,2,16,27.2,1507551.0,191,0,0,3.561
9,2,17,22.13,1642445.6,206,3,0,3.552
9,2,18,7.17,1524916.0,189,0,0,3.57
9,2,19,25.2,1673345.0,193,15,0,3.521
9,2,20,14.13,17481.1,0,181,0,3.347
9,2,21,13.24,1532378.5,179,28,0,3.506
9,2,22,17.91,1527044.0,192,0,0,3.477
9,2,23,17.9,1581132.0,203,2,0,3.523
9,2,24,22.87,894257.0,60,163,0,3.491
9,2,25,14.85,17607.7,0,202,0,3.375
9,2,26,13.33,1353047.0,138,66,0,3.526
9,2,27,21.36,1695713.0,216,3,0,3.575
9,2,28,11.89,1033944.4,94,94,0,3.488
9,2,29,27.14,1559821.0,193,4,0,3.49
9,2,30,26.39,0.0,0,0,0,0.0
9,2,31,12.54,0.0,0,0,0,0.0
19,0,0,6.65,134604.4,0,326,0,3.857
19,0,1,22.27,6316.9,0,326,0,3.833
19,0,2,20.19,2788686.7,340,5,0,3.881
19,0,3,15.08,2663888.0,331,1,0,3.875
19,0,4,12.66,63451.4,0,336,0,3.823
19,0,5,12.32,2721159.0,348,4,0,3.851
19,0,6,23.59,36119.0,0,316,0,3.842
19,0,7,29.41,2468956.0,304,0,0,3.889
19,0,8,26.89,654550.7,28,301,0,3.832
19,0,9,11.95,2647482.0,326,16,0,3.871
19,0,10,25.73,31368.3,0,335,0,3.842
19,0,11,9.19,2610796.8,332,21,0,3.84
19,0,12,11.11,2846695.0,349,3,0,3.858
19,0,13,15.51,432177.9,20,291,0,3.86
19,0,14,23.28,2633839.0,323,6,0,3.871
19,0,15,21.85,2579487.2,313,19,0,3.861
19,0,16,21.6,780.0,0,321,0,3.82
19,0,17,23.82,2051293.8,249,73,1,3.88
19,0,18,27.48,2376828.5,298,38,0,3.877
19,0,19,5.6,17157.5,0,346,0,3.837
19,0,20,13.77,2525706.0,318,0,0,3.867
19,0,21,17.56,2671255.4,340,22,0,3.879
19,0,22,22.78,59579.5,0,318,0,3.85
19,0,23,12.17,50631.6,0,299,0,3.87
19,0,24,22.8,0.0,0,0,0,0.0
19,0,25,12.77,0.0,0,0,0,0.0
19,0,26,10.24,0.0,0,0,0,0.0
19,0,27,18.02,0.0,0,0,0,0.0
19,0,28,17.56,0.0,0,0,0,0.0
19,0,29,14.3,0.0,0,0,0,0.0
19,0,30,23.94,0.0,0,0,0,0.0
19,0,31,26.59,0.0,0,0,0,0.0
19,1,0,15.71,140275.4,1,287,0,3.973
19,1,1,17.29,2432687.1,303,5,0,3.984
19,1,2,19.04,539606.6,33,255,0,3.976
19,1,3,16.81,2391703.0,303,2,0,3.989
19,1,4,25.54,13605.6,0,293,0,3.985
19,1,5,18.36,2336499.8,282,13,0,3.989
19,1,6,8.63,1723661.7,194,87,0,3.985
19,1,7,5.33,2202474.2,266,17,1,3.991
19,1,8,8.28,2352148.0,296,0,0,3.985
19,1,9,16.95,124258.9,1,277,0,3.985
19,1,10,5.22,2398694.0,298,0,0,3.985
19,1,11,27.19,1934765.0,243,6,0,3.99
19,1,12,16.04,11338.5,0,283,0,3.976
19,1,13,25.94,2159747.8,272,20,0,3.987
19,1,14,7.56,2087119.7,264,3,0,3.986
19,1,15,10.93,1947810.7,237,61,0,3.985
19,1,16,21.21,2356070.5,299,6,0,3.988
19,1,17,10.16,2064323.7,265,9,0,3.981
19,1,18,13.45,1516832.9,148,97,0,3.983
19,1,19,28.59,548813.1,33,255,1,3.97
19,1,20,28.46,2369156.2,295,4,0,3.993
19,1,21,7.19,1655235.2,178,98,1,3.988
19,1,22,21.02,2124440.0,267,7,0,3.98
19,1,23,22.73,983788.0,80,181,0,3.983
19,1,24,27.19,36874.7,0,268,0,3.974
19,1,25,13.95,347244.3,13,285,0,3.974
19,1,26,20.95,2446266.0,302,6,0,3.99
19,1,27,28.46,0.0,0,0,0,0.0
19,1,28,27.22,0.0,0,0,0,0.0
19,1,29,21.5,0.0,0,0,0,0.0
19,1,30,21.16,0.0,0,0,0,0.0
19,1,31,18.93,0.0,0,0,0,0.0
19,2,0,6.96,10604.0,0,236,0,3.949
19,2,1,7.77,1572467.7,196,16,1,3.98
19,2,2,20.56,343463.7,17,201,0,3.963
19,2,3,13.62,1584295.0,195,6,0,3.986
19,2,4,16.07,1745700.6,206,1,0,3.958
19,2,5,14.57,3197.9,0,194,0,3.915
19,2,6,13.01,1487102.0,193,0,0,3.978
19,2,7,22.07,1455126.5,169,50,0,3.968
19,2,8,12.5,1254797.8,134,75,0,3.975
19,2,9,25.95,511713.1,33,170,1,3.964
19,2,10,28.65,1564700.9,191,17,0,3.985
19,2,11,13.51,369612.3,20,201,0,3.956
19,2,12,8.75,1568929.0,196,1,0,3.987
19,2,13,16.81,1483447.4,188,17,0,3.977
19,2,14,15.53,1611419.2,200,12,0,3.966
19,2,15,24.33,1380696.0,168,38,0,3.975
19,2,16,27.2,1507551.0,191,0,0,3.982
19,2,17,22.13,1643834.0,206,3,0,3.988
19,2,18,7.17,1524916.0,189,0,0,3.98
19,2,19,25.2,1639768.0,190,18,0,3.977
19,2,20,14.13,39543.7,0,181,0,3.959
19,2,21,13.24,1454834.9,170,37,0,3.982
19,2,22,17.91,1527044.0,192,0,0,3.972
19,2,23,17.9,1581132.0,203,2,0,3.978
19,2,24,22.87,774027.1,67,156,0,3.953
19,2,25,14.85,36706.2,0,202,0,3.952
19,2,26,13.33,1295057.6,136,68,0,3.974
19,2,27,21.36,1690465.4,214,5,0,3.984
19,2,28,11.89,915047.1,86,102,0,3.975
19,2,29,27.14,1540578.4,190,7,0,3.973
19,2,30,26.39,0.0,0,0,0,0.0
19,2,31,12.54,0.0,0,0,0,0.0
29,0,0,6.65,74612.1,0,326,0,2.871
29,0,1,22.27,5515.0,0,326,0,2.801
29,0,2,20.19,2815124.9,343,2,0,2.694
29,0,3,15.08,2673535.0,332,0,0,2.69
29,0,4,12.66,37071.9,0,336,0,2.584
29,0,5,12.32,2718055.0,348,4,0,2.732
29,0,6,23.59,31033.0,0,316,0,2.7
29,0,7,29.41,2468956.0,304,0,0,2.801
29,0,8,26.89,595596.5,43,285,1,2.755
29,0,9,11.95,2705495.2,334,8,0,2.672
29,0,10,25.73,15534.9,0,335,0,2.746
29,0,11,9.19,2680905.6,342,11,0,2.643
29,0,12,11.11,2877541.0,353,0,0,2.691
29,0,13,15.51,291935.4,24,287,0,2.842
29,0,14,23.28,2689666.0,329,1,0,2.773
29,0,15,21.85,2632671.2,323,9,0,2.708
29,0,16,21.6,694.4,0,321,0,2.684
29,0,17,23.82,2286928.9,286,37,0,2.739
29,0,18,27.48,2552893.8,320,16,0,2.733
29,0,19,5.6,15765.9,0,346,0,2.754
29,0,20,13.77,2525706.0,318,0,0,2.721
29,0,21,17.56,2773956.2,353,9,0,2.681
29,0,22,22.78,39427.1,0,318,0,2.813
29,0,23,12.17,35934.6,0,299,0,2.735
29,0,24,22.8,0.0,0,0,0,0.0
29,0,25,12.77,0.0,0,0,0,0.0
29,0,26,10.24,0.0,0,0,0,0.0
29,0,27,18.02,0.0,0,0,0,0.0
29,0,28,17.56,0.0,0,0,0,0.0
29,0,29,14.3,0.0,0,0,0,0.0
29,0,30,23.94,0.0,0,0,0,0.0
29,0,31,26.59,0.0,0,0,0,0.0
29,1,0,15.71,75601.2,2,286,0,3.649
29,1,1,17.29,2439392.5,304,4,0,3.653
29,1,2,19.04,481977.7,37,251,0,3.723
29,1,3,16.81,2401142.0,304,1,0,3.692
29,1,4,25.54,8882.1,0,293,0,3.653
29,1,5,18.36,2376642.3,289,6,0,3.668
29,1,6,8.63,1836735.4,207,74,0,3.685
29,1,7,5.33,2240214.0,271,13,0,3.715
29,1,8,8.28,2352148.0,296,0,0,3.666
29,1,9,16.95,68689.2,1,277,0,3.647
29,1,10,5.22,2398694.0,298,0,0,3.675
29,1,11,27.19,1942118.0,244,5,0,3.691
29,1,12,16.04,9995.7,0,283,0,3.575
29,1,13,25.94,2179142.2,273,19,0,3.664
29,1,14,7.56,2086841.3,264,3,0,3.649
29,1,15,10.93,2055810.3,253,45,0,3.652
29,1,16,21.21,2368870.0,301,4,0,3.695
29,1,17,10.16,2055678.6,264,10,0,3.642
29,1,18,13.45,1620242.1,169,76,0,3.626
29,1,19,28.59,550929.9,37,251,1,3.661
29,1,20,28.46,2356016.2,293,6,0,3.666
29,1,21,7.19,1782543.3,198,79,0,3.645
29,1,22,21.02,2139448.4,268,6,0,3.658
29,1,23,22.73,1016780.6,96,165,0,3.655
29,1,24,27.19,33302.7,0,268,0,3.613
29,1,25,13.95,214452.1,12,286,0,3.654
29,1,26,20.95,2438967.0,301,7,0,3.667
29,1,27,28.46,0.0,0,0,0,0.0
29,1,28,27.22,0.0,0,0,0,0.0
29,1,29,21.5,0.0,0,0,0,0.0
29,1,30,21.16,0.0,0,0,0,0.0
29,1,31,18.93,0.0,0,0,0,0.0
29,2,0,6.96,5727.0,0,236,0,3.436
29,2,1,7.77,1577217.4,198,16,0,3.672
29,2,2,20.56,318574.7,15,203,0,3.683
29,2,3,13.62,1623637.2,198,2,1,3.694
29,2,4,16.07,1750530.0,207,0,0,3.63
29,2,5,14.57,849.9,0,194,0,3.544
29,2,6,13.01,1487102.0,193,0,0,3.669
29,2,7,22.07,1425035.1,173,46,0,3.645
29,2,8,12.5,1359272.6,151,59,0,3.67
29,2,9,25.95,403601.3,38,165,1,3.682
29,2,10,28.65,1592406.8,195,13,0,3.688
29,2,11,13.51,342153.5,23,198,0,3.652
29,2,12,8.75,1568929.0,196,1,0,3.712
29,2,13,16.81,1512757.9,193,13,0,3.703
29,2,14,15.53,1616458.9,204,8,0,3.616
29,2,15,24.33,1412386.8,175,31,0,3.668
29,2,16,27.2,1507551.0,191,0,0,3.661
29,2,17,22.13,1651769.0,207,2,0,3.703
29,2,18,7.17,1524441.1,188,1,0,3.74
29,2,19,25.2,1672041.2,196,12,0,3.645
29,2,20,14.13,44872.1,0,181,0,3.61
29,2,21,13.24,1522982.1,178,29,0,3.657
29,2,22,17.91,1527044.0,192,0,0,3.667
29,2,23,17.9,1583934.8,203,2,0,3.633
29,2,24,22.87,705026.2,71,152,0,3.597
29,2,25,14.85,29265.3,0,201,1,3.556
29,2,26,13.33,1331225.2,149,56,0,3.677
29,2,27,21.36,1698643.7,216,3,0,3.713
29,2,28,11.89,871619.3,88,100,0,3.661
29,2,29,27.14,1560882.3,193,4,0,3.712
29,2,30,26.39,0.0,0,0,0,0.0
29,2,31,12.54,0.0,0,0,0,0.0
39,0,0,6.65,57730.8,0,326,0,1.088
39,0,1,22.27,2778.1,0,326,0,1.0
39,0,2,20.19,2832527.0,345,0,0,1.221
39,0,3,15.08,2673535.0,332,0,0,1.29
39,0,4,12.66,45427.8,4,332,0,1.04
39,0,5,12.32,2758122.0,352,0,0,1.33
39,0,6,23.59,12791.3,0,316,0,1.0
39,0,7,29.41,2468956.0,304,0,0,1.349
39,0,8,26.89,384700.9,47,282,0,1.328
39,0,9,11.95,2768138.4,341,1,0,1.247
39,0,10,25.73,13001.8,0,335,0,1.011
39,0,11,9.19,2778346.0,354,0,0,1.253
39,0,12,11.11,2877541.0,353,0,0,1.298
39,0,13,15.51,155372.7,20,291,0,1.239
39,0,14,23.28,2698059.0,330,0,0,1.328
39,0,15,21.85,2701813.0,333,1,0,1.318
39,0,16,21.6,438.5,0,321,0,1.062
39,0,17,23.82,2256595.7,292,31,0,1.393
39,0,18,27.48,2620036.6,331,5,0,1.343
39,0,19,5.6,11865.1,0,346,0,1.085
39,0,20,13.77,2536391.0,319,0,0,1.245
39,0,21,17.56,2841515.5,361,1,0,1.246
39,0,22,22.78,37992.4,1,317,0,1.113
39,0,23,12.17,31442.0,1,298,0,1.11
39,0,24,22.8,0.0,0,0,0,0.0
39,0,25,12.77,0.0,0,0,0,0.0
39,0,26,10.24,0.0,0,0,0,0.0
39,0,27,18.02,0.0,0,0,0,0.0
39,0,28,17.56,0.0,0,0,0,0.0
39,0,29,14.3,0.0,0,0,0,0.0
39,0,30,23.94,0.0,0,0,0,0.0
39,0,31,26.59,0.0,0,0,0,0.0
39,1,0,15.71,28658.8,1,287,0,1.87
39,1,1,17.29,2476090.0,309,0,0,1.986
39,1,2,19.04,111610.0,18,270,0,2.006
39,1,3,16.81,2401142.0,304,1,0,2.041
39,1,4,25.54,4518.0,0,293,0,1.786
39,1,5,18.36,2412193.8,294,1,0,2.025
39,1,6,8.63,1479498.5,195,86,0,2.075
39,1,7,5.33,2320584.0,283,1,0,2.11
39,1,8,8.28,2352148.0,296,0,0,2.024
39,1,9,16.95,31098.8,3,275,0,1.841
39,1,10,5.22,2398694.0,298,0,0,2.071
39,1,11,27.19,1979747.1,248,1,0,2.029
39,1,12,16.04,3338.6,0,283,0,1.37
39,1,13,25.94,2255664.6,288,4,0,2.052
39,1,14,7.56,2094100.3,265,2,0,1.935
39,1,15,10.93,1708759.4,222,76,0,2.106
39,1,16,21.21,2402468.0,305,0,0,1.924
39,1,17,10.16,2117408.0,274,0,0,1.933
39,1,18,13.45,1120704.9,142,104,0,2.093
39,1,19,28.59,154736.9,25,264,0,2.148
39,1,20,28.46,2403099.0,300,0,0,2.0
39,1,21,7.19,1302860.7,166,111,0,2.186
39,1,22,21.02,2158484.2,270,4,0,2.01
39,1,23,22.73,483362.0,67,194,0,2.171
39,1,24,27.19,6462.3,0,268,0,1.556
39,1,25,13.95,61669.5,9,289,0,1.969
39,1,26,20.95,2478991.3,306,2,0,1.904
39,1,27,28.46,0.0,0,0,0,0.0
39,1,28,27.22,0.0,0,0,0,0.0
39,1,29,21.5,0.0,0,0,0,0.0
39,1,30,21.16,0.0,0,0,0,0.0
39,1,31,18.93,0.0,0,0,0,0.0
39,2,0,6.96,3528.5,0,236,0,1.244
39,2,1,7.77,1610557.0,206,8,0,1.811
39,2,2,20.56,263400.1,35,183,0,1.813
39,2,3,13.62,1645304.0,201,0,0,1.776
39,2,4,16.07,1734208.0,205,2,0,1.789
39,2,5,14.57,424.7,0,194,0,1.125
39,2,6,13.01,1487102.0,193,0,0,1.836
39,2,7,22.07,724270.5,109,110,0,1.584
39,2,8,12.5,1037100.0,139,71,0,1.873
39,2,9,25.95,234122.8,35,169,0,1.635
39,2,10,28.65,1409635.1,179,29,0,1.759
39,2,11,13.51,152348.4,18,203,0,1.783
39,2,12,8.75,1574359.0,197,0,0,1.767
39,2,13,16.81,1206628.5,163,43,0,1.723
39,2,14,15.53,1629586.5,207,5,0,1.816
39,2,15,24.33,1176720.5,161,45,0,1.861
39,2,16,27.2,1507551.0,191,0,0,1.691
39,2,17,22.13,1667800.0,209,0,0,1.815
39,2,18,7.17,1531950.0,190,0,0,1.789
39,2,19,25.2,1634012.9,198,10,0,1.805
39,2,20,14.13,27012.5,2,179,0,1.527
39,2,21,13.24,1512263.2,191,17,0,1.848
39,2,22,17.91,1527044.0,192,0,0,1.712
39,2,23,17.9,1590004.0,204,1,0,1.85
39,2,24,22.87,206429.3,34,189,0,1.9
39,2,25,14.85,19166.2,0,202,0,1.646
39,2,26,13.33,1035556.3,135,70,0,1.933
39,2,27,21.36,1722731.0,219,0,0,1.821
39,2,28,11.89,290469.1,46,142,0,1.854
39,2,29,27.14,1587425.0,197,0,0,1.768
39,2,30,26.39,0.0,0,0,0,0.0
39,2,31,12.54,0.0,0,0,0,0.0
49,0,0,6.65,55873.9,1,325,0,1.49
49,0,1,22.27,3311.8,0,326,0,1.295
49,0,2,20.19,2816309.4,343,2,0,1.387
49,0,3,15.08,2673535.0,332,0,0,1.426
49,0,4,12.66,44568.1,5,331,0,1.257
49,0,5,12.32,2758122.0,352,0,0,1.481
49,0,6,23.59,16163.7,0,316,0,1.229
49,0,7,29.41,2468956.0,304,0,0,1.514
49,0,8,26.89,398194.6,43,286,0,1.561
49,0,9,11.95,2763121.0,341,1,0,1.427
49,0,10,25.73,8233.8,0,335,0,1.078
49,0,11,9.19,2745667.0,351,2,0,1.466
49,0,12,11.11,2877541.0,353,0,0,1.46
49,0,13,15.51,170072.1,23,288,0,1.53
49,0,14,23.28,2688046.0,329,0,0,1.505
49,0,15,21.85,2696029.6,331,1,0,1.552
49,0,16,21.6,413.5,0,321,0,1.32
49,0,17,23.82,2413575.5,311,12,0,1.587
49,0,18,27.48,2662369.0,336,1,0,1.556
49,0,19,5.6,12462.6,0,346,0,1.261
49,0,20,13.77,2536391.0,319,0,0,1.425
49,0,21,17.56,2840266.6,361,1,0,1.398
49,0,22,22.78,34858.1,0,318,0,1.292
49,0,23,12.17,29767.7,0,299,0,1.285
49,0,24,22.8,0.0,0,0,0,0.0
49,0,25,12.77,0.0,0,0,0,0.0
49,0,26,10.24,0.0,0,0,0,0.0
49,0,27,18.02,0.0,0,0,0,0.0
49,0,28,17.56,0.0,0,0,0,0.0
49,0,29,14.3,0.0,0,0,0,0.0
49,0,30,23.94,0.0,0,0,0,0.0
49,0,31,26.59,0.0,0,0,0,0.0
49,1,0,15.71,24307.2,1,287,0,2.382
49,1,1,17.29,2452666.7,306,2,0,2.459
49,1,2,19.04,162903.4,27,261,0,2.671
49,1,3,16.81,2401142.0,304,1,0,2.519
49,1,4,25.54,2789.8,0,293,0,2.446
49,1,5,18.36,2389588.4,291,4,0,2.501
49,1,6,8.63,1763909.6,221,60,0,2.603
49,1,7,5.33,2295707.9,279,5,0,2.561
49,1,8,8.28,2352148.0,296,0,0,2.482
49,1,9,16.95,11686.4,0,278,0,2.25
49,1,10,5.22,2398694.0,298,0,0,2.51
49,1,11,27.19,1979747.1,248,1,0,2.512
49,1,12,16.04,2495.7,0,283,0,2.114
49,1,13,25.94,2261033.0,288,4,0,2.534
49,1,14,7.56,2094778.2,265,2,0,2.497
49,1,15,10.93,2009202.7,255,44,0,2.504
49,1,16,21.21,2376474.0,302,3,0,2.472
49,1,17,10.16,2111172.7,273,1,0,2.426
49,1,18,13.45,1471323.5,175,71,0,2.511
49,1,19,28.59,285476.9,36,254,0,2.569
49,1,20,28.46,2388415.9,298,2,0,2.54
49,1,21,7.19,1781957.8,216,61,0,2.588
49,1,22,21.02,2168131.0,272,2,0,2.48
49,1,23,22.73,678740.0,82,179,0,2.603
49,1,24,27.19,7963.0,0,268,0,2.29
49,1,25,13.95,82752.2,12,286,0,2.54
49,1,26,20.95,2475945.0,306,2,0,2.434
49,1,27,28.46,0.0,0,0,0,0.0
49,1,28,27.22,0.0,0,0,0,0.0
49,1,29,21.5,0.0,0,0,0,0.0
49,1,30,21.16,0.0,0,0,0,0.0
49,1,31,18.93,0.0,0,0,0,0.0
49,2,0,6.96,2562.9,0,236,0,1.851
49,2,1,7.77,1571828.1,202,12,0,2.298
49,2,2,20.56,238426.1,26,192,0,2.377
49,2,3,13.62,1638210.0,200,1,0,2.386
49,2,4,16.07,1750530.0,207,0,0,2.3
49,2,5,14.57,407.1,0,194,0,1.455
49,2,6,13.01,1487102.0,193,0,0,2.362
49,2,7,22.07,774029.0,115,104,0,2.142
49,2,8,12.5,1310642.6,165,45,0,2.399
49,2,9,25.95,229087.1,37,168,0,2.357
49,2,10,28.65,1582976.6,198,10,0,2.336
49,2,11,13.51,194505.6,23,198,0,2.325
49,2,12,8.75,1574359.0,197,0,0,2.387
49,2,13,16.81,1377669.3,182,24,0,2.312
49,2,14,15.53,1651189.1,209,3,0,2.327
49,2,15,24.33,1399231.0,182,24,0,2.322
49,2,16,27.2,1507551.0,191,0,0,2.309
49,2,17,22.13,1662425.0,208,1,0,2.334
49,2,18,7.17,1531950.0,190,0,0,2.32
49,2,19,25.2,1662354.0,200,8,0,2.316
49,2,20,14.13,23267.5,0,181,0,2.268
49,2,21,13.24,1612621.3,198,10,0,2.362
49,2,22,17.91,1527044.0,192,0,0,2.251
49,2,23,17.9,1590004.0,204,1,0,2.289
49,2,24,22.87,358094.9,53,170,0,2.424
49,2,25,14.85,18163.7,0,202,0,2.178
49,2,26,13.33,1039086.3,141,63,0,2.412
49,2,27,21.36,1722731.0,219,0,0,2.337
49,2,28,11.89,434426.1,63,125,0,2.386
49,2,29,27.14,1572360.0,195,2,0,2.321
49,2,30,26.39,0.0,0,0,0,0.0
49,2,31,12.54,0.0,0,0,0,0.0
59,0,0,6.65,92143.0,5,321,0,2.304
59,0,1,22.27,3536.8,0,326,0,2.142
59,0,2,20.19,2814355.0,343,2,0,2.189
59,0,3,15.08,2673535.0,332,0,0,2.209
59,0,4,12.66,44053.5,2,334,0,2.163
59,0,5,12.32,2726723.0,349,3,0,2.234
59,0,6,23.59,11578.7,0,316,0,2.078
59,0,7,29.41,2468956.0,304,0,0,2.298
59,0,8,26.89,499586.2,56,273,0,2.324
59,0,9,11.95,2723915.6,336,6,0,2.144
59,0,10,25.73,9500.1,0,335,0,2.078
59,0,11,9.19,2736464.3,350,3,0,2.09
59,0,12,11.11,2877541.0,353,0,0,2.086
59,0,13,15.51,375104.3,39,272,0,2.427
59,0,14,23.28,2688046.0,329,0,0,2.301
59,0,15,21.85,2659091.0,327,5,0,2.158
59,0,16,21.6,264.8,0,321,0,2.109
59,0,17,23.82,2425938.5,306,17,0,2.241
59,0,18,27.48,2605768.8,327,9,0,2.228
59,0,19,5.6,7073.4,0,346,0,2.032
59,0,20,13.77,2536391.0,319,0,0,2.205
59,0,21,17.56,2803259.2,356,6,0,2.122
59,0,22,22.78,23655.1,0,318,0,2.223
59,0,23,12.17,31597.2,0,299,0,2.17
59,0,24,22.8,0.0,0,0,0,0.0
59,0,25,12.77,0.0,0,0,0,0.0
59,0,26,10.24,0.0,0,0,0,0.0
59,0,27,18.02,0.0,0,0,0,0.0
59,0,28,17.56,0.0,0,0,0,0.0
59,0,29,14.3,0.0,0,0,0,0.0
59,0,30,23.94,0.0,0,0,0,0.0
59,0,31,26.59,0.0,0,0,0,0.0
59,1,0,15.71,108603.7,9,279,0,3.325
59,1,1,17.29,2444601.7,305,3,0,3.26
59,1,2,19.04,390236.4,49,239,0,3.319
59,1,3,16.81,2379945.0,302,3,0,3.27
59,1,4,25.54,3696.1,0,293,0,3.157
59,1,5,18.36,2383631.7,290,5,0,3.261
59,1,6,8.63,1912434.6,231,50,0,3.299
59,1,7,5.33,2283692.3,277,7,0,3.278
59,1,8,8.28,2344236.0,295,1,0,3.314
59,1,9,16.95,76021.0,6,272,0,3.308
59,1,10,5.22,2398694.0,298,0,0,3.292
59,1,11,27.19,1964794.0,247,2,0,3.267
59,1,12,16.04,3872.2,0,283,0,2.99
59,1,13,25.94,2203561.9,280,12,0,3.251
59,1,14,7.56,2086768.5,264,3,0,3.248
59,1,15,10.93,2128008.5,264,34,0,3.258
59,1,16,21.21,2358622.0,300,5,0,3.256
59,1,17,10.16,2081930.6,269,5,0,3.289
59,1,18,13.45,1668877.5,185,60,0,3.251
59,1,19,28.59,394054.0,40,248,1,3.368
59,1,20,28.46,2351222.1,293,6,0,3.275
59,1,21,7.19,1824528.4,213,64,0,3.315
59,1,22,21.02,2133654.0,268,6,0,3.302
59,1,23,22.73,866099.7,97,164,0,3.303
59,1,24,27.19,13138.1,0,268,0,3.119
59,1,25,13.95,232666.0,18,280,0,3.339
59,1,26,20.95,2446266.0,302,6,0,3.236
59,1,27,28.46,0.0,0,0,0,0.0
59,1,28,27.22,0.0,0,0,0,0.0
59,1,29,21.5,0.0,0,0,0,0.0
59,1,30,21.16,0.0,0,0,0,0.0
59,1,31,18.93,0.0,0,0,0,0.0
59,2,0,6.96,1533.8,0,236,0,2.881
59,2,1,7.77,1612496.9,203,11,0,3.212
59,2,2,20.56,267559.3,30,188,0,3.284
59,2,3,13.62,1625831.9,198,3,0,3.222
59,2,4,16.07,1750530.0,207,0,0,3.122
59,2,5,14.57,1286.6,0,194,0,2.8
59,2,6,13.01,1487102.0,193,0,0,3.25
59,2,7,22.07,1270758.7,162,57,0,3.151
59,2,8,12.5,1344675.0,163,47,0,3.237
59,2,9,25.95,408108.4,53,151,1,3.212
59,2,10,28.65,1589578.9,196,12,0,3.245
59,2,11,13.51,228170.1,23,198,0,3.166
59,2,12,8.75,1568929.0,196,1,0,3.257
59,2,13,16.81,1551167.0,199,7,0,3.219
59,2,14,15.53,1637014.4,207,5,0,3.145
59,2,15,24.33,1454174.3,184,22,0,3.224
59,2,16,27.2,1507551.0,191,0,0,3.229
59,2,17,22.13,1662425.0,208,1,0,3.153
59,2,18,7.17,1524916.0,189,0,0,3.241
59,2,19,25.2,1704146.5,203,5,0,3.134
59,2,20,14.13,17807.0,0,181,0,3.096
59,2,21,13.24,1556803.6,189,19,0,3.163
59,2,22,17.91,1527044.0,192,0,0,3.195
59,2,23,17.9,1572107.4,202,3,0,3.246
59,2,24,22.87,716691.8,87,136,0,3.161
59,2,25,14.85,20357.2,0,202,0,3.23
59,2,26,13.33,1305103.5,156,49,0,3.222
59,2,27,21.36,1709283.5,217,2,0,3.35
59,2,28,11.89,874732.1,102,86,0,3.256
59,2,29,27.14,1555671.4,193,4,0,3.165
59,2,30,26.39,0.0,0,0,0,0.0
59,2,31,12.54,0.0,0,0,0,0.0
69,0,0,6.65,83642.0,4,322,0,1.967
69,0,1,22.27,3385.7,0,326,0,1.548
69,0,2,20.19,2824422.7,344,1,0,1.649
69,0,3,15.08,2673535.0,332,0,0,1.741
69,0,4,12.66,37110.3,2,334,0,1.553
69,0,5,12.32,2758122.0,352,0,0,1.793
69,0,6,23.59,12319.1,0,316,0,1.582
69,0,7,29.41,2468956.0,304,0,0,1.786
69,0,8,26.89,377290.4,57,272,0,1.872
69,0,9,11.95,2762143.0,341,1,0,1.618
69,0,10,25.73,10370.2,0,335,0,1.596
69,0,11,9.19,2755989.0,352,1,0,1.697
69,0,12,11.11,2877541.0,353,0,0,1.683
69,0,13,15.51,272322.8,31,280,0,2.033
69,0,14,23.28,2698059.0,330,0,0,1.825
69,0,15,21.85,2696598.7,331,1,0,1.733
69,0,16,21.6,229.3,0,321,0,1.522
69,0,17,23.82,2440580.1,311,12,0,1.81
69,0,18,27.48,2643392.9,333,3,0,1.807
69,0,19,5.6,7335.9,0,346,0,1.594
69,0,20,13.77,2536391.0,319,0,0,1.739
69,0,21,17.56,2834997.6,360,2,0,1.648
69,0,22,22.78,31576.2,1,317,0,1.76
69,0,23,12.17,26186.8,0,299,0,1.561
69,0,24,22.8,0.0,0,0,0,0.0
69,0,25,12.77,0.0,0,0,0,0.0
69,0,26,10.24,0.0,0,0,0,0.0
69,0,27,18.02,0.0,0,0,0,0.0
69,0,28,17.56,0.0,0,0,0,0.0
69,0,29,14.3,0.0,0,0,0,0.0
69,0,30,23.94,0.0,0,0,0,0.0
69,0,31,26.59,0.0,0,0,0,0.0
69,1,0,15.71,41902.6,3,285,0,2.839
69,1,1,17.29,2451984.7,306,3,0,2.779
69,1,2,19.04,255773.3,38,250,0,2.955
69,1,3,16.81,2401142.0,304,1,0,2.868
69,1,4,25.54,1985.7,0,293,0,3.055
69,1,5,18.36,2413020.9,294,1,0,2.808
69,1,6,8.63,1889962.8,232,49,0,2.826
69,1,7,5.33,2298049.8,280,4,0,2.808
69,1,8,8.28,2347582.0,295,1,0,2.821
69,1,9,16.95,51642.3,4,274,0,2.901
69,1,10,5.22,2398694.0,298,0,0,2.91
69,1,11,27.19,1959885.7,246,3,0,2.809
69,1,12,16.04,2706.5,0,283,0,2.333
69,1,13,25.94,2249468.0,287,5,0,2.784
69,1,14,7.56,2096549.7,265,2,0,2.732
69,1,15,10.93,2169043.7,274,25,0,2.812
69,1,16,21.21,2371064.8,301,4,0,2.761
69,1,17,10.16,2079366.4,268,6,0,2.75
69,1,18,13.45,1568098.8,186,60,0,2.834
69,1,19,28.59,307211.0,38,251,0,3.022
69,1,20,28.46,2368577.9,295,4,0,2.803
69,1,21,7.19,1863266.8,221,56,0,2.883
69,1,22,21.02,2159811.4,271,3,0,2.804
69,1,23,22.73,723286.8,92,169,0,2.907
69,1,24,27.19,3730.1,0,268,0,2.689
69,1,25,13.95,181070.4,22,276,0,2.943
69,1,26,20.95,2451854.0,303,5,0,2.776
69,1,27,28.46,0.0,0,0,0,0.0
69,1,28,27.22,0.0,0,0,0,0.0
69,1,29,21.5,0.0,0,0,0,0.0
69,1,30,21.16,0.0,0,0,0,0.0
69,1,31,18.93,0.0,0,0,0,0.0
69,2,0,6.96,1753.1,0,236,0,1.957
69,2,1,7.77,1601436.8,204,10,0,2.644
69,2,2,20.56,236122.5,25,193,0,2.762
69,2,3,13.62,1627632.6,198,3,0,2.703
69,2,4,16.07,1750530.0,207,0,0,2.667
69,2,5,14.57,739.8,0,194,0,2.097
69,2,6,13.01,1487102.0,193,0,0,2.711
69,2,7,22.07,1015548.3,139,80,0,2.609
69,2,8,12.5,1309466.8,163,47,0,2.731
69,2,9,25.95,297946.4,45,159,0,2.759
69,2,10,28.65,1603708.2,200,8,0,2.714
69,2,11,13.51,200369.0,27,194,0,2.738
69,2,12,8.75,1568929.0,196,1,0,2.721
69,2,13,16.81,1485006.0,191,15,0,2.701
69,2,14,15.53,1635546.0,208,4,0,2.616
69,2,15,24.33,1410308.7,182,24,0,2.7
69,2,16,27.2,1507551.0,191,0,0,2.611
69,2,17,22.13,1655321.7,207,2,0,2.643
69,2,18,7.17,1524916.0,189,0,0,2.659
69,2,19,25.2,1695883.2,203,5,0,2.597
69,2,20,14.13,13839.3,0,181,0,2.703
69,2,21,13.24,1617307.5,199,9,0,2.595
69,2,22,17.91,1527044.0,192,0,0,2.684
69,2,23,17.9,1590004.0,204,1,0,2.708
69,2,24,22.87,517157.3,69,154,0,2.737
69,2,25,14.85,22023.9,2,200,0,2.729
69,2,26,13.33,1173341.2,150,55,0,2.723
69,2,27,21.36,1722731.0,219,0,0,2.698
69,2,28,11.89,678489.3,93,95,0,2.81
69,2,29,27.14,1565655.0,194,3,0,2.68
69,2,30,26.39,0.0,0,0,0,0.0
69,2,31,12.54,0.0,0,0,0,0.0
79,0,0,6.65,94614.1,5,321,0,2.337
79,0,1,22.27,3025.9,0,326,0,2.124
79,0,2,20.19,2822466.0,344,1,0,2.056
79,0,3,15.08,2673535.0,332,0,0,2.164
79,0,4,12.66,53374.6,3,333,0,2.188
79,0,5,12.32,2729513.0,349,3,0,2.208
79,0,6,23.59,17079.7,0,316,0,2.176
79,0,7,29.41,2468956.0,304,0,0,2.21
79,0,8,26.89,359460.0,46,283,0,2.3
79,0,9,11.95,2763121.0,341,1,0,2.037
79,0,10,25.73,13598.4,0,335,0,2.142
79,0,11,9.19,2736120.0,350,3,0,2.077
79,0,12,11.11,2877541.0,353,0,0,2.089
79,0,13,15.51,329162.3,34,277,0,2.383
79,0,14,23.28,2698059.0,330,0,0,2.244
79,0,15,21.85,2662175.5,327,5,0,2.174
79,0,16,21.6,289.1,0,321,0,2.139
79,0,17,23.82,2369887.5,300,23,0,2.184
79,0,18,27.48,2641090.5,332,4,0,2.185
79,0,19,5.6,9206.3,0,346,0,2.103
79,0,20,13.77,2525706.0,318,0,0,2.153
79,0,21,17.56,2817689.2,358,4,0,2.089
79,0,22,22.78,33260.2,0,318,0,2.26
79,0,23,12.17,37511.8,0,299,0,2.095
79,0,24,22.8,0.0,0,0,0,0.0
79,0,25,12.77,0.0,0,0,0,0.0
79,0,26,10.24,0.0,0,0,0,0.0
79,0,27,18.02,0.0,0,0,0,0.0
79,0,28,17.56,0.0,0,0,0,0.0
79,0,29,14.3,0.0,0,0,0,0.0
79,0,30,23.94,0.0,0,0,0,0.0
79,0,31,26.59,0.0,0,0,0,0.0
79,1,0,15.71,137925.8,7,281,0,3.233
79,1,1,17.29,2451671.0,306,2,0,3.131
79,1,2,19.04,238205.9,31,257,0,3.196
79,1,3,16.81,2391596.0,303,2,0,3.179
79,1,4,25.54,4067.0,0,293,0,3.127
79,1,5,18.36,2398812.9,292,3,0,3.158
79,1,6,8.63,1894513.2,231,50,0,3.183
79,1,7,5.33,2265332.7,275,9,0,3.153
79,1,8,8.28,2344236.0,295,1,0,3.133
79,1,9,16.95,75435.6,4,274,0,3.065
79,1,10,5.22,2398694.0,298,0,0,3.169
79,1,11,27.19,1968911.2,247,2,0,3.141
79,1,12,16.04,3941.2,0,283,0,3.203
79,1,13,25.94,2196679.9,277,15,0,3.142
79,1,14,7.56,2089758.9,264,3,0,3.128
79,1,15,10.93,2122434.0,266,33,0,3.139
79,1,16,21.21,2368870.0,301,4,0,3.133
79,1,17,10.16,2074943.2,267,7,0,3.112
79,1,18,13.45,1606123.9,181,64,0,3.112
79,1,19,28.59,354176.7,37,251,1,3.242
79,1,20,28.46,2355432.8,293,6,0,3.176
79,1,21,7.19,1789541.5,210,67,0,3.21
79,1,22,21.02,2153199.1,269,5,0,3.186
79,1,23,22.73,751470.5,89,173,0,3.2
79,1,24,27.19,16771.8,0,268,0,3.294
79,1,25,13.95,256036.9,21,277,0,3.291
79,1,26,20.95,2453997.0,303,5,0,3.166
79,1,27,28.46,0.0,0,0,0,0.0
79,1,28,27.22,0.0,0,0,0,0.0
79,1,29,21.5,0.0,0,0,0,0.0
79,1,30,21.16,0.0,0,0,0,0.0
79,1,31,18.93,0.0,0,0,0,0.0
79,2,0,6.96,3109.0,0,236,0,2.648
79,2,1,7.77,1648857.0,207,7,0,3.049
79,2,2,20.56,234042.4,22,196,0,3.048
79,2,3,13.62,1637898.7,200,1,0,2.997
79,2,4,16.07,1750530.0,207,0,0,2.929
79,2,5,14.57,2263.8,0,194,0,2.783
79,2,6,13.01,1487102.0,193,0,0,3.048
79,2,7,22.07,1106993.4,145,74,0,2.982
79,2,8,12.5,1292234.5,156,54,0,3.029
79,2,9,25.95,343042.2,48,156,0,3.113
79,2,10,28.65,1595963.2,197,11,0,3.053
79,2,11,13.51,224970.1,26,195,0,3.027
79,2,12,8.75,1574359.0,197,0,0,3.092
79,2,13,16.81,1509190.0,195,11,0,2.982
79,2,14,15.53,1627889.2,206,5,0,2.982
79,2,15,24.33,1402735.5,181,25,0,3.05
79,2,16,27.2,1507551.0,191,0,0,2.954
79,2,17,22.13,1655888.8,207,2,0,3.012
79,2,18,7.17,1524916.0,189,0,0,3.023
79,2,19,25.2,1683540.4,202,6,0,2.963
79,2,20,14.13,28617.4,0,181,0,2.977
79,2,21,13.24,1615033.2,196,12,0,2.967
79,2,22,17.91,1527044.0,192,0,0,3.0
79,2,23,17.9,1590004.0,204,1,0,2.996
79,2,24,22.87,511317.9,64,159,0,3.033
79,2,25,14.85,31969.9,1,201,0,3.17
79,2,26,13.33,1133369.5,143,62,0,3.028
79,2,27,21.36,1722731.0,219,0,0,3.112
79,2,28,11.89,899094.2,102,86,0,3.021
79,2,29,27.14,1567401.0,194,3,0,3.018
79,2,30,26.39,0.0,0,0,0,0.0
79,2,31,12.54,0.0,0,0,0,0.0
89,0,0,6.65,78481.6,4,322,0,2.276
89,0,1,22.27,3180.3,0,326,0,1.918
89,0,2,20.19,2822466.0,344,1,0,1.981
89,0,3,15.08,2673535.0,332,0,0,2.061
89,0,4,12.66,48866.8,1,335,0,2.142
89,0,5,12.32,2747586.0,351,1,0,2.09
89,0,6,23.59,21023.2,0,316,0,2.019
89,0,7,29.41,2468956.0,304,0,0,2.046
89,0,8,26.89,331184.6,48,281,0,2.218
89,0,9,11.95,2745341.0,339,3,0,1.942
89,0,10,25.73,14725.6,0,335,0,2.021
89,0,11,9.19,2748208.2,351,2,0,1.959
89,0,12,11.11,2877541.0,353,0,0,1.967
89,0,13,15.51,340840.6,36,275,0,2.271
89,0,14,23.28,2688046.0,329,0,0,2.061
89,0,15,21.85,2626719.0,323,10,0,2.035
89,0,16,21.6,211.0,0,321,0,2.111
89,0,17,23.82,2355867.7,300,23,0,2.1
89,0,18,27.48,2535858.5,318,18,0,2.091
89,0,19,5.6,10458.1,0,346,0,1.962
89,0,20,13.77,2536391.0,319,0,0,1.942
89,0,21,17.56,2824649.7,359,3,0,1.997
89,0,22,22.78,29690.0,0,318,0,2.179
89,0,23,12.17,32618.1,0,299,0,1.941
89,0,24,22.8,0.0,0,0,0,0.0
89,0,25,12.77,0.0,0,0,0,0.0
89,0,26,10.24,0.0,0,0,0,0.0
89,0,27,18.02,0.0,0,0,0,0.0
89,0,28,17.56,0.0,0,0,0,0.0
89,0,29,14.3,0.0,0,0,0,0.0
89,0,30,23.94,0.0,0,0,0,0.0
89,0,31,26.59,0.0,0,0,0,0.0
89,1,0,15.71,141308.7,8,280,0,3.133
89,1,1,17.29,2437211.0,304,4,0,2.956
89,1,2,19.04,205171.4,26,262,0,3.076
89,1,3,16.81,2391703.0,303,2,0,3.024
89,1,4,25.54,2530.7,0,293,0,3.168
89,1,5,18.36,2387616.6,290,5,0,2.959
89,1,6,8.63,1753288.1,216,65,0,2.996
89,1,7,5.33,2287741.0,279,5,0,3.059
89,1,8,8.28,2352148.0,296,0,0,2.948
89,1,9,16.95,75111.5,7,271,0,2.968
89,1,10,5.22,2398694.0,298,0,0,3.061
89,1,11,27.19,1936370.8,244,5,0,3.009
89,1,12,16.04,3993.1,0,283,0,2.975
89,1,13,25.94,2235607.0,285,7,0,2.999
89,1,14,7.56,2083268.1,264,4,0,2.966
89,1,15,10.93,2019668.9,256,43,0,2.965
89,1,16,21.21,2368924.9,301,4,0,2.988
89,1,17,10.16,2079846.8,268,6,0,2.951
89,1,18,13.45,1507557.8,175,70,0,2.988
89,1,19,28.59,312522.0,41,248,0,3.158
89,1,20,28.46,2368487.5,295,4,0,2.971
89,1,21,7.19,1608829.0,189,88,0,3.065
89,1,22,21.02,2140218.3,268,6,0,3.006
89,1,23,22.73,735974.4,90,172,0,3.08
89,1,24,27.19,21899.7,0,268,0,3.107
89,1,25,13.95,238771.9,19,279,0,3.143
89,1,26,20.95,2451854.0,303,5,0,2.995
89,1,27,28.46,0.0,0,0,0,0.0
89,1,28,27.22,0.0,0,0,0,0.0
89,1,29,21.5,0.0,0,0,0,0.0
89,1,30,21.16,0.0,0,0,0,0.0
89,1,31,18.93,0.0,0,0,0,0.0
89,2,0,6.96,3001.0,0,236,0,2.622
89,2,1,7.77,1637258.4,207,7,0,2.849
89,2,2,20.56,246986.4,28,190,0,2.888
89,2,3,13.62,1618508.0,197,4,0,2.835
89,2,4,16.07,1750530.0,207,0,0,2.774
89,2,5,14.57,2505.0,0,194,0,2.545
89,2,6,13.01,1487102.0,193,0,0,2.892
89,2,7,22.07,937972.7,126,93,0,2.816
89,2,8,12.5,1191574.3,148,62,0,2.843
89,2,9,25.95,306911.6,46,158,0,2.921
89,2,10,28.65,1436693.2,181,27,0,2.858
89,2,11,13.51,268629.8,34,187,0,2.863
89,2,12,8.75,1568929.0,196,1,0,2.894
89,2,13,16.81,1394357.8,182,24,0,2.815
89,2,14,15.53,1642381.0,208,4,0,2.833
89,2,15,24.33,1325528.8,172,34,0,2.846
89,2,16,27.2,1507551.0,191,0,0,2.781
89,2,17,22.13,1662425.0,208,1,0,2.848
89,2,18,7.17,1524916.0,189,0,0,2.759
89,2,19,25.2,1681649.4,202,6,0,2.781
89,2,20,14.13,38360.3,1,180,0,2.87
89,2,21,13.24,1534479.9,189,19,0,2.78
89,2,22,17.91,1527044.0,192,0,0,2.851
89,2,23,17.9,1590004.0,204,1,0,2.84
89,2,24,22.87,460727.8,61,162,0,2.887
89,2,25,14.85,41371.0,1,201,0,2.943
89,2,26,13.33,1064871.4,137,67,0,2.844
89,2,27,21.36,1704139.7,216,3,0,2.914
89,2,28,11.89,744166.2,87,101,0,2.94
89,2,29,27.14,1574538.3,195,2,0,2.825
89,2,30,26.39,0.0,0,0,0,0.0
89,2,31,12.54,0.0,0,0,0,0.0
99,0,0,6.65,103810.8,6,320,0,2.391
99,0,1,22.27,4711.3,0,326,0,2.148
99,0,2,20.19,2822466.0,344,1,0,2.195
99,0,3,15.08,2673535.0,332,0,0,2.19
99,0,4,12.66,38816.0,1,335,0,2.198
99,0,5,12.32,2740049.0,350,2,0,2.213
99,0,6,23.59,20781.0,0,316,0,2.296
99,0,7,29.41,2468956.0,304,0,0,2.224
99,0,8,26.89,376516.9,54,275,0,2.329
99,0,9,11.95,2729231.2,337,5,0,2.134
99,0,10,25.73,11104.4,0,335,0,2.181
99,0,11,9.19,2713661.2,347,6,0,2.117
99,0,12,11.11,2877541.0,353,0,0,2.119
99,0,13,15.51,305184.9,31,280,0,2.424
99,0,14,23.28,2698059.0,330,0,0,2.231
99,0,15,21.85,2680063.9,330,4,0,2.211
99,0,16,21.6,265.8,0,321,0,2.095
99,0,17,23.82,2371840.6,301,21,1,2.257
99,0,18,27.48,2586474.2,325,11,0,2.244
99,0,19,5.6,13345.2,0,346,0,2.21
99,0,20,13.77,2536391.0,319,0,0,2.149
99,0,21,17.56,2816476.2,358,4,0,2.14
99,0,22,22.78,43216.5,0,318,0,2.236
99,0,23,12.17,24545.5,0,299,0,2.042
99,0,24,22.8,0.0,0,0,0,0.0
99,0,25,12.77,0.0,0,0,0,0.0
99,0,26,10.24,0.0,0,0,0,0.0
99,0,27,18.02,0.0,0,0,0,0.0
99,0,28,17.56,0.0,0,0,0,0.0
99,0,29,14.3,0.0,0,0,0,0.0
99,0,30,23.94,0.0,0,0,0,0.0
99,0,31,26.59,0.0,0,0,0,0.0
99,1,0,15.71,105030.2,5,283,0,3.355
99,1,1,17.29,2451671.0,306,2,0,3.197
99,1,2,19.04,246192.0,29,259,0,3.285
99,1,3,16.81,2391703.0,303,2,0,3.311
99,1,4,25.54,2980.6,0,293,0,3.312
99,1,5,18.36,2375272.7,288,7,0,3.233
99,1,6,8.63,1833130.7,222,59,0,3.28
99,1,7,5.33,2265562.4,275,9,0,3.275
99,1,8,8.28,2344236.0,295,1,0,3.193
99,1,9,16.95,66704.0,4,274,0,3.218
99,1,10,5.22,2398694.0,298,0,0,3.354
99,1,11,27.19,1964794.0,247,2,0,3.237
99,1,12,16.04,4727.9,0,283,0,3.071
99,1,13,25.94,2228667.4,280,12,0,3.207
99,1,14,7.56,2090550.9,264,3,0,3.187
99,1,15,10.93,2113854.0,265,34,0,3.211
99,1,16,21.21,2369691.4,301,4,0,3.242
99,1,17,10.16,2074378.6,267,7,0,3.223
99,1,18,13.45,1673171.2,189,56,0,3.198
99,1,19,28.59,370247.1,37,250,2,3.322
99,1,20,28.46,2373702.7,295,4,0,3.251
99,1,21,7.19,1832293.3,211,66,0,3.29
99,1,22,21.02,2137153.6,268,6,0,3.258
99,1,23,22.73,945739.2,105,156,0,3.315
99,1,24,27.19,27062.9,0,268,0,3.319
99,1,25,13.95,217601.8,19,279,0,3.304
99,1,26,20.95,2446266.0,302,6,0,3.244
99,1,27,28.46,0.0,0,0,0,0.0
99,1,28,27.22,0.0,0,0,0,0.0
99,1,29,21.5,0.0,0,0,0,0.0
99,1,30,21.16,0.0,0,0,0,0.0
99,1,31,18.93,0.0,0,0,0,0.0
99,2,0,6.96,1729.2,0,236,0,2.731
99,2,1,7.77,1653698.4,208,6,0,3.062
99,2,2,20.56,279911.9,28,190,0,3.184
99,2,3,13.62,1623278.5,198,3,0,3.135
99,2,4,16.07,1750530.0,207,0,0,3.045
99,2,5,14.57,1830.6,0,194,0,2.667
99,2,6,13.01,1487102.0,193,0,0,3.141
99,2,7,22.07,969081.3,131,88,0,2.998
99,2,8,12.5,1410719.0,168,42,0,3.087
99,2,9,25.95,293189.9,43,161,0,3.173
99,2,10,28.65,1506702.3,187,21,0,3.04
99,2,11,13.51,308786.6,33,188,0,3.068
99,2,12,8.75,1568929.0,196,1,0,3.123
99,2,13,16.81,1493792.1,193,13,0,3.144
99,2,14,15.53,1639578.5,207,5,0,3.072
99,2,15,24.33,1389124.6,176,30,0,3.096
99,2,16,27.2,1507551.0,191,0,0,3.081
99,2,17,22.13,1660413.4,208,1,0,3.122
99,2,18,7.17,1524916.0,189,0,0,3.104
99,2,19,25.2,1686153.9,201,7,0,3.029
99,2,20,14.13,48846.7,0,181,0,3.085
99,2,21,13.24,1583646.9,192,16,0,3.042
99,2,22,17.91,1527044.0,192,0,0,3.101
99,2,23,17.9,1590004.0,204,1,0,3.139
99,2,24,22.87,507629.7,68,155,0,3.046
99,2,25,14.85,41677.5,0,202,0,3.154
99,2,26,13.33,1164206.6,148,57,0,3.072
99,2,27,21.36,1708919.7,217,2,0,3.2
99,2,28,11.89,709323.1,86,102,0,3.152
99,2,29,27.14,1557106.2,193,4,0,3.075
99,2,30,26.39,0.0,0,0,0,0.0
99,2,31,12.54,0.0,0,0,0,0.0
109,0,0,6.65,121530.2,2,324,0,3.031
109,0,1,22.27,4362.5,0,326,0,2.826
109,0,2,20.19,2796561.0,341,4,0,2.874
109,0,3,15.08,2673535.0,332,0,0,2.948
109,0,4,12.66,47722.2,1,335,0,2.898
109,0,5,12.32,2718055.0,348,4,0,2.933
109,0,6,23.59,31532.0,0,316,0,2.963
109,0,7,29.41,2468956.0,304,0,0,3.029
109,0,8,26.89,437537.4,43,286,0,2.993
109,0,9,11.95,2703499.5,333,9,0,2.862
109,0,10,25.73,19599.0,0,335,0,2.96
109,0,11,9.19,2680968.9,342,11,0,2.806
109,0,12,11.11,2855326.9,350,2,0,2.832
109,0,13,15.51,355730.0,30,281,0,3.029
109,0,14,23.28,2660177.0,326,3,0,2.972
109,0,15,21.85,2612233.5,318,14,0,2.877
109,0,16,21.6,482.8,0,321,0,2.848
109,0,17,23.82,2261380.4,279,44,0,2.9
109,0,18,27.48,2529923.5,318,18,0,2.898
109,0,19,5.6,16267.7,0,346,0,2.79
109,0,20,13.77,2525706.0,318,0,0,2.885
109,0,21,17.56,2737033.3,349,13,0,2.888
109,0,22,22.78,54002.1,0,318,0,2.927
109,0,23,12.17,39279.4,0,299,0,2.908
109,0,24,22.8,0.0,0,0,0,0.0
109,0,25,12.77,0.0,0,0,0,0.0
109,0,26,10.24,0.0,0,0,0,0.0
109,0,27,18.02,0.0,0,0,0,0.0
109,0,28,17.56,0.0,0,0,0,0.0
109,0,29,14.3,0.0,0,0,0,0.0
109,0,30,23.94,0.0,0,0,0,0.0
109,0,31,26.59,0.0,0,0,0,0.0
109,1,0,15.71,146831.7,6,282,0,3.726
109,1,1,17.29,2436361.0,304,4,0,3.702
109,1,2,19.04,354677.9,33,255,0,3.685
109,1,3,16.81,2391703.0,303,2,0,3.704
109,1,4,25.54,5864.5,0,293,0,3.624
109,1,5,18.36,2378253.7,289,6,0,3.701
109,1,6,8.63,1821876.2,211,70,0,3.688
109,1,7,5.33,2263599.9,275,9,0,3.69
109,1,8,8.28,2344236.0,295,1,0,3.655
109,1,9,16.95,111923.2,6,272,0,3.644
109,1,10,5.22,2398694.0,298,0,0,3.767
109,1,11,27.19,1933225.0,243,6,0,3.689
109,1,12,16.04,8559.8,0,283,0,3.593
109,1,13,25.94,2205615.9,277,15,0,3.664
109,1,14,7.56,2074713.8,263,4,0,3.68
109,1,15,10.93,2036909.0,249,49,0,3.637
109,1,16,21.21,2362354.1,300,5,0,3.674
109,1,17,10.16,2085341.8,269,5,0,3.634
109,1,18,13.45,1587872.1,168,76,1,3.645
109,1,19,28.59,442613.1,36,251,2,3.682
109,1,20,28.46,2346586.6,293,6,0,3.68
109,1,21,7.19,1716913.8,190,87,0,3.673
109,1,22,21.02,2130085.0,268,6,0,3.689
109,1,23,22.73,920617.4,93,168,0,3.696
109,1,24,27.19,36949.7,0,268,0,3.681
109,1,25,13.95,330201.0,22,276,0,3.703
109,1,26,20.95,2446266.0,302,6,0,3.68
109,1,27,28.46,0.0,0,0,0,0.0
109,1,28,27.22,0.0,0,0,0,0.0
109,1,29,21.5,0.0,0,0,0,0.0
109,1,30,21.16,0.0,0,0,0,0.0
109,1,31,18.93,0.0,0,0,0,0.0
109,2,0,6.96,5179.1,0,236,0,3.549
109,2,1,7.77,1595247.1,198,16,0,3.639
109,2,2,20.56,308628.2,25,193,0,3.612
109,2,3,13.62,1607072.1,196,5,0,3.601
109,2,4,16.07,1742964.0,206,1,0,3.625
109,2,5,14.57,3520.0,0,194,0,3.393
109,2,6,13.01,1487102.0,193,0,0,3.601
109,2,7,22.07,1140893.0,141,78,0,3.62
109,2,8,12.5,1355482.9,154,55,0,3.618
109,2,9,25.95,465734.8,48,156,1,3.653
109,2,10,28.65,1545418.5,191,17,0,3.651
109,2,11,13.51,347492.7,32,189,0,3.632
109,2,12,8.75,1568929.0,196,1,0,3.653
109,2,13,16.81,1508772.4,191,15,0,3.659
109,2,14,15.53,1622363.2,204,8,0,3.629
109,2,15,24.33,1407062.9,177,28,0,3.617
109,2,16,27.2,1507551.0,191,0,0,3.63
109,2,17,22.13,1662425.0,208,1,0,3.634
109,2,18,7.17,1524916.0,189,0,0,3.6
109,2,19,25.2,1680832.1,199,9,0,3.597
109,2,20,14.13,45416.0,0,181,0,3.638
109,2,21,13.24,1513346.8,181,26,0,3.613
109,2,22,17.91,1527044.0,192,0,0,3.61
109,2,23,17.9,1584096.3,203,2,0,3.62
109,2,24,22.87,638193.8,68,156,0,3.589
109,2,25,14.85,46821.6,0,202,0,3.678
109,2,26,13.33,1209458.4,142,62,0,3.585
109,2,27,21.36,1704231.7,216,3,0,3.697
109,2,28,11.89,925123.3,101,87,0,3.631
109,2,29,27.14,1554253.0,192,5,0,3.647
109,2,30,26.39,0.0,0,0,0,0.0
109,2,31,12.54,0.0,0,0,0,0.0
119,0,0,6.65,120648.7,2,324,0,2.959
119,0,1,22.27,4335.1,0,326,0,2.833
119,0,2,20.19,2815125.6,343,2,0,2.872
119,0,3,15.08,2673535.0,332,0,0,2.953
119,0,4,12.66,47565.1,1,335,0,2.751
119,0,5,12.32,2723949.0,348,4,0,2.959
119,0,6,23.59,29059.3,0,316,0,2.896
119,0,7,29.41,2468956.0,304,0,0,2.958
119,0,8,26.89,496103.9,48,281,0,2.959
119,0,9,11.95,2685284.2,331,11,0,2.836
119,0,10,25.73,17389.3,0,335,0,2.915
119,0,11,9.19,2699188.1,344,9,0,2.784
119,0,12,11.11,2861773.6,351,2,0,2.873
119,0,13,15.51,401995.5,35,276,0,2.946
119,0,14,23.28,2658817.0,326,3,0,2.947
119,0,15,21.85,2602851.3,318,14,0,2.905
119,0,16,21.6,451.7,0,321,0,2.784
119,0,17,23.82,2247750.8,281,42,0,2.916
119,0,18,27.48,2510008.2,316,20,0,2.886
119,0,19,5.6,13928.2,0,346,0,2.783
119,0,20,13.77,2525706.0,318,0,0,2.888
119,0,21,17.56,2744018.2,350,12,0,2.9
119,0,22,22.78,52413.5,0,318,0,2.87
119,0,23,12.17,39999.2,0,299,0,2.873
119,0,24,22.8,0.0,0,0,0,0.0
119,0,25,12.77,0.0,0,0,0,0.0
119,0,26,10.24,0.0,0,0,0,0.0
119,0,27,18.02,0.0,0,0,0,0.0
119,0,28,17.56,0.0,0,0,0,0.0
119,0,29,14.3,0.0,0,0,0,0.0
119,0,30,23.94,0.0,0,0,0,0.0
119,0,31,26.59,0.0,0,0,0,0.0
119,1,0,15.71,141379.8,5,283,0,3.714
119,1,1,17.29,2433702.2,303,5,0,3.69
119,1,2,19.04,381931.3,34,254,0,3.679
119,1,3,16.81,2391703.0,303,2,0,3.727
119,1,4,25.54,4891.7,0,293,0,3.56
119,1,5,18.36,2377495.7,289,6,0,3.695
119,1,6,8.63,1805005.8,211,70,0,3.722
119,1,7,5.33,2283628.8,277,7,0,3.694
119,1,8,8.28,2337553.5,294,2,0,3.711
119,1,9,16.95,111744.8,4,274,0,3.677
119,1,10,5.22,2398694.0,298,0,0,3.726
119,1,11,27.19,1951643.0,245,4,0,3.727
119,1,12,16.04,6607.6,0,283,0,3.545
119,1,13,25.94,2184631.9,276,16,0,3.675
119,1,14,7.56,2087203.1,264,3,0,3.676
119,1,15,10.93,2036237.7,252,46,0,3.673
119,1,16,21.21,2368870.0,301,4,0,3.708
119,1,17,10.16,2074626.6,267,7,0,3.67
119,1,18,13.45,1627383.1,171,74,0,3.664
119,1,19,28.59,475693.6,35,254,0,3.705
119,1,20,28.46,2357817.2,294,5,0,3.718
119,1,21,7.19,1724664.8,193,84,0,3.714
119,1,22,21.02,2127567.7,266,8,0,3.713
119,1,23,22.73,966451.6,92,170,0,3.713
119,1,24,27.19,35913.5,0,268,0,3.699
119,1,25,13.95,339368.7,22,276,0,3.699
119,1,26,20.95,2446266.0,302,6,0,3.701
119,1,27,28.46,0.0,0,0,0,0.0
119,1,28,27.22,0.0,0,0,0,0.0
119,1,29,21.5,0.0,0,0,0,0.0
119,1,30,21.16,0.0,0,0,0,0.0
119,1,31,18.93,0.0,0,0,0,0.0
119,2,0,6.96,4467.0,0,236,0,3.536
119,2,1,7.77,1619299.9,200,14,0,3.707
119,2,2,20.56,327955.4,22,196,0,3.68
119,2,3,13.62,1613058.0,197,4,0,3.696
119,2,4,16.07,1750530.0,207,0,0,3.687
119,2,5,14.57,2602.2,0,194,0,3.399
119,2,6,13.01,1487102.0,193,0,0,3.668
119,2,7,22.07,1400158.1,167,52,0,3.642
119,2,8,12.5,1362317.8,159,51,0,3.652
119,2,9,25.95,437551.2,42,163,0,3.652
119,2,10,28.65,1578946.7,193,15,0,3.679
119,2,11,13.51,351195.1,27,194,0,3.635
119,2,12,8.75,1568929.0,196,1,0,3.713
119,2,13,16.81,1505301.3,191,15,0,3.691
119,2,14,15.53,1632385.2,205,7,0,3.668
119,2,15,24.33,1422212.4,179,27,0,3.627
119,2,16,27.2,1507551.0,191,0,0,3.639
119,2,17,22.13,1630275.1,204,4,1,3.659
119,2,18,7.17,1524916.0,189,0,0,3.677
119,2,19,25.2,1680698.6,196,12,0,3.608
119,2,20,14.13,36070.8,0,181,0,3.627
119,2,21,13.24,1542607.4,188,20,0,3.65
119,2,22,17.91,1527044.0,192,0,0,3.68
119,2,23,17.9,1590004.0,204,1,0,3.663
119,2,24,22.87,691543.4,71,152,0,3.628
119,2,25,14.85,37006.4,0,202,0,3.647
119,2,26,13.33,1331227.6,147,58,0,3.633
119,2,27,21.36,1694723.3,215,4,0,3.748
119,2,28,11.89,883388.6,92,96,0,3.623
119,2,29,27.14,1552331.0,192,5,0,3.691
119,2,30,26.39,0.0,0,0,0,0.0
119,2,31,12.54,0.0,0,0,0,0.0
129,0,0,6.65,77545.8,5,321,0,1.883
129,0,1,22.27,2034.9,0,326,0,1.417
129,0,2,20.19,2824439.4,344,1,0,1.639
129,0,3,15.08,2673535.0,332,0,0,1.733
129,0,4,12.66,34949.0,2,334,0,1.525
129,0,5,12.32,2758122.0,352,0,0,1.73
129,0,6,23.59,13809.8,0,316,0,1.674
129,0,7,29.41,2468956.0,304,0,0,1.734
129,0,8,26.89,401753.4,57,272,0,1.825
129,0,9,11.95,2768210.8,341,1,0,1.646
129,0,10,25.73,12879.6,0,335,0,1.615
129,0,11,9.19,2738972.5,349,4,0,1.673
129,0,12,11.11,2877541.0,353,0,0,1.671
129,0,13,15.51,296938.6,30,281,0,1.941
129,0,14,23.28,2698059.0,330,0,0,1.815
129,0,15,21.85,2671215.6,329,3,0,1.725
129,0,16,21.6,177.0,0,321,0,1.289
129,0,17,23.82,2445734.4,312,11,0,1.815
129,0,18,27.48,2637095.0,333,3,0,1.757
129,0,19,5.6,7487.9,0,346,0,1.505
129,0,20,13.77,2525706.0,318,0,0,1.653
129,0,21,17.56,2840870.2,361,1,0,1.639
129,0,22,22.78,30263.6,0,318,0,1.704
129,0,23,12.17,23128.6,0,299,0,1.382
129,0,24,22.8,0.0,0,0,0,0.0
129,0,25,12.77,0.0,0,0,0,0.0
129,0,26,10.24,0.0,0,0,0,0.0
129,0,27,18.02,0.0,0,0,0,0.0
129,0,28,17.56,0.0,0,0,0,0.0
129,0,29,14.3,0.0,0,0,0,0.0
129,0,30,23.94,0.0,0,0,0,0.0
129,0,31,26.59,0.0,0,0,0,0.0
129,1,0,15.71,52773.4,2,286,0,2.603
129,1,1,17.29,2444548.9,305,3,0,2.552
129,1,2,19.04,179518.7,24,264,0,2.62
129,1,3,16.81,2401142.0,304,1,0,2.558
129,1,4,25.54,494.9,0,293,0,2.462
129,1,5,18.36,2387346.6,290,5,0,2.597
129,1,6,8.63,1920930.2,236,45,0,2.58
129,1,7,5.33,2321968.5,283,1,0,2.528
129,1,8,8.28,2352148.0,296,0,0,2.563
129,1,9,16.95,66572.2,5,273,0,2.639
129,1,10,5.22,2398694.0,298,0,0,2.641
129,1,11,27.19,1927130.0,242,7,0,2.599
129,1,12,16.04,1933.8,0,283,0,2.032
129,1,13,25.94,2259705.0,289,3,0,2.514
129,1,14,7.56,2100711.7,266,2,0,2.532
129,1,15,10.93,2172684.9,272,27,0,2.581
129,1,16,21.21,2393438.0,304,1,0,2.496
129,1,17,10.16,2084824.7,269,5,0,2.517
129,1,18,13.45,1513535.3,179,66,0,2.545
129,1,19,28.59,292763.4,40,249,0,2.614
129,1,20,28.46,2373047.0,295,4,0,2.531
129,1,21,7.19,1575073.7,193,84,0,2.617
129,1,22,21.02,2154943.8,270,4,0,2.526
129,1,23,22.73,480604.0,63,198,0,2.66
129,1,24,27.19,4157.5,0,268,0,2.342
129,1,25,13.95,187657.1,18,280,0,2.684
129,1,26,20.95,2470208.4,305,3,0,2.519
129,1,27,28.46,0.0,0,0,0,0.0
129,1,28,27.22,0.0,0,0,0,0.0
129,1,29,21.5,0.0,0,0,0,0.0
129,1,30,21.16,0.0,0,0,0,0.0
129,1,31,18.93,0.0,0,0,0,0.0
129,2,0,6.96,1086.4,0,236,0,2.045
129,2,1,7.77,1637577.0,209,6,0,2.45
129,2,2,20.56,228003.4,31,187,0,2.419
129,2,3,13.62,1638589.0,200,1,0,2.451
129,2,4,16.07,1750530.0,207,0,0,2.407
129,2,5,14.57,2328.3,0,194,0,2.051
129,2,6,13.01,1487102.0,193,0,0,2.493
129,2,7,22.07,982413.4,131,88,0,2.343
129,2,8,12.5,1129989.5,149,61,0,2.485
129,2,9,25.95,287063.2,40,164,0,2.358
129,2,10,28.65,1550454.8,194,14,0,2.449
129,2,11,13.51,171258.4,22,199,0,2.357
129,2,12,8.75,1568929.0,196,1,0,2.503
129,2,13,16.81,1453665.3,186,20,0,2.385
129,2,14,15.53,1641647.9,208,4,0,2.402
129,2,15,24.33,1435267.3,183,23,0,2.494
129,2,16,27.2,1507551.0,191,0,0,2.323
129,2,17,22.13,1662425.0,208,1,0,2.473
129,2,18,7.17,1531950.0,190,0,0,2.415
129,2,19,25.2,1672730.2,201,7,0,2.368
129,2,20,14.13,7751.2,0,181,0,2.152
129,2,21,13.24,1614933.5,198,10,0,2.404
129,2,22,17.91,1527044.0,192,0,0,2.387
129,2,23,17.9,1590004.0,204,1,0,2.414
129,2,24,22.87,455611.6,65,158,0,2.437
129,2,25,14.85,17177.2,0,202,0,2.25
129,2,26,13.33,1090702.8,143,61,0,2.437
129,2,27,21.36,1722731.0,219,0,0,2.493
129,2,28,11.89,663562.4,82,106,0,2.544
129,2,29,27.14,1580720.0,196,1,0,2.416
129,2,30,26.39,0.0,0,0,0,0.0
129,2,31,12.54,0.0,0,0,0,0.0
139,0,0,6.65,106669.4,2,324,0,2.78
139,0,1,22.27,3829.3,0,326,0,2.579
139,0,2,20.19,2797332.5,341,4,0,2.618
139,0,3,15.08,2673535.0,332,0,0,2.739
139,0,4,12.66,46438.4,1,335,0,2.519
139,0,5,12.32,2718360.0,348,4,0,2.711
139,0,6,23.59,23254.7,0,316,0,2.645
139,0,7,29.41,2468956.0,304,0,0,2.746
139,0,8,26.89,473125.5,52,277,0,2.755
139,0,9,11.95,2720455.2,336,6,0,2.571
139,0,10,25.73,15873.5,0,335,0,2.727
139,0,11,9.19,2689645.8,342,11,0,2.624
139,0,12,11.11,2858929.0,351,2,0,2.639
139,0,13,15.51,380303.1,38,273,0,2.742
139,0,14,23.28,2676712.0,328,1,0,2.759
139,0,15,21.85,2635240.0,324,8,0,2.661
139,0,16,21.6,379.0,0,321,0,2.566
139,0,17,23.82,2348602.6,295,28,0,2.676
139,0,18,27.48,2557881.0,320,16,0,2.709
139,0,19,5.6,12175.2,0,346,0,2.541
139,0,20,13.77,2525706.0,318,0,0,2.689
139,0,21,17.56,2742490.6,350,12,0,2.656
139,0,22,22.78,45663.8,0,318,0,2.644
139,0,23,12.17,41172.2,0,299,0,2.632
139,0,24,22.8,0.0,0,0,0,0.0
139,0,25,12.77,0.0,0,0,0,0.0
139,0,26,10.24,0.0,0,0,0,0.0
139,0,27,18.02,0.0,0,0,0,0.0
139,0,28,17.56,0.0,0,0,0,0.0
139,0,29,14.3,0.0,0,0,0,0.0
139,0,30,23.94,0.0,0,0,0,0.0
139,0,31,26.59,0.0,0,0,0,0.0
139,1,0,15.71,114277.3,6,282,0,3.578
139,1,1,17.29,2432147.4,303,5,0,3.499
139,1,2,19.04,371394.4,37,251,0,3.552
139,1,3,16.81,2391703.0,303,2,0,3.506
139,1,4,25.54,5006.9,0,293,0,3.455
139,1,5,18.36,2387573.9,290,5,0,3.511
139,1,6,8.63,1903365.1,228,53,0,3.524
139,1,7,5.33,2279139.8,277,6,1,3.527
139,1,8,8.28,2344236.0,295,1,0,3.525
139,1,9,16.95,108957.4,7,271,0,3.464
139,1,10,5.22,2398694.0,298,0,0,3.551
139,1,11,27.19,1964794.0,247,2,0,3.509
139,1,12,16.04,5974.1,0,283,0,3.298
139,1,13,25.94,2210624.8,280,12,0,3.476
139,1,14,7.56,2086656.6,264,3,0,3.462
139,1,15,10.93,2034535.6,254,44,0,3.468
139,1,16,21.21,2376474.0,302,3,0,3.529
139,1,17,10.16,2079674.3,268,6,0,3.451
139,1,18,13.45,1586438.5,171,73,1,3.461
139,1,19,28.59,421268.3,38,250,1,3.525
139,1,20,28.46,2346370.2,293,6,0,3.508
139,1,21,7.19,1757729.4,197,80,0,3.49
139,1,22,21.02,2132422.0,268,6,0,3.517
139,1,23,22.73,914567.0,99,163,0,3.553
139,1,24,27.19,23234.1,0,268,0,3.481
139,1,25,13.95,315605.7,19,279,0,3.547
139,1,26,20.95,2446266.0,302,6,0,3.509
139,1,27,28.46,0.0,0,0,0,0.0
139,1,28,27.22,0.0,0,0,0,0.0
139,1,29,21.5,0.0,0,0,0,0.0
139,1,30,21.16,0.0,0,0,0,0.0
139,1,31,18.93,0.0,0,0,0,0.0
139,2,0,6.96,4738.2,0,236,0,3.381
139,2,1,7.77,1616922.1,205,9,0,3.501
139,2,2,20.56,312641.8,30,188,0,3.523
139,2,3,13.62,1593465.6,193,7,1,3.489
139,2,4,16.07,1750530.0,207,0,0,3.458
139,2,5,14.57,2401.6,0,194,0,3.154
139,2,6,13.01,1487102.0,193,0,0,3.49
139,2,7,22.07,1229726.9,152,67,0,3.46
139,2,8,12.5,1413557.9,162,48,0,3.483
139,2,9,25.95,447506.7,52,152,0,3.487
139,2,10,28.65,1591130.6,196,12,0,3.486
139,2,11,13.51,285134.8,23,198,0,3.473
139,2,12,8.75,1568929.0,196,1,0,3.553
139,2,13,16.81,1511991.0,191,15,0,3.489
139,2,14,15.53,1639556.0,207,5,0,3.455
139,2,15,24.33,1426112.0,180,26,0,3.487
139,2,16,27.2,1507551.0,191,0,0,3.475
139,2,17,22.13,1651769.0,207,2,0,3.446
139,2,18,7.17,1524916.0,189,0,0,3.469
139,2,19,25.2,1683619.4,201,7,0,3.435
139,2,20,14.13,24584.8,0,181,0,3.462
139,2,21,13.24,1556369.6,187,21,0,3.449
139,2,22,17.91,1527044.0,192,0,0,3.544
139,2,23,17.9,1590004.0,204,1,0,3.464
139,2,24,22.87,702212.1,82,141,0,3.467
139,2,25,14.85,31837.8,0,202,0,3.463
139,2,26,13.33,1292759.2,151,54,0,3.468
139,2,27,21.36,1703991.7,216,3,0,3.572
139,2,28,11.89,887644.0,95,93,0,3.472
139,2,29,27.14,1566629.4,194,3,0,3.482
139,2,30,26.39,0.0,0,0,0,0.0
139,2,31,12.54,0.0,0,0,0,0.0
149,0,0,6.65,98726.7,3,323,0,2.642
149,0,1,22.27,4187.9,0,326,0,2.356
149,0,2,20.19,2808686.8,342,3,0,2.37
149,0,3,15.08,2673535.0,332,0,0,2.457
149,0,4,12.66,40525.2,1,335,0,2.335
149,0,5,12.32,2722081.0,348,4,0,2.498
149,0,6,23.59,21961.0,0,316,0,2.44
149,0,7,29.41,2468956.0,304,0,0,2.531
149,0,8,26.89,463737.3,51,278,0,2.526
149,0,9,11.95,2726038.2,336,6,0,2.36
149,0,10,25.73,14198.6,0,335,0,2.55
149,0,11,9.19,2720385.9,348,5,0,2.348
149,0,12,11.11,2877541.0,353,0,0,2.428
149,0,13,15.51,329734.6,27,284,0,2.594
149,0,14,23.28,2679653.0,328,1,0,2.52
149,0,15,21.85,2641660.0,325,7,0,2.437
149,0,16,21.6,382.9,0,321,0,2.407
149,0,17,23.82,2371244.8,297,25,1,2.476
149,0,18,27.48,2582417.3,323,13,0,2.471
149,0,19,5.6,13284.2,0,346,0,2.356
149,0,20,13.77,2525706.0,318,0,0,2.381
149,0,21,17.56,2795846.8,356,6,0,2.407
149,0,22,22.78,39551.0,0,318,0,2.471
149,0,23,12.17,33786.3,0,299,0,2.416
149,0,24,22.8,0.0,0,0,0,0.0
149,0,25,12.77,0.0,0,0,0,0.0
149,0,26,10.24,0.0,0,0,0,0.0
149,0,27,18.02,0.0,0,0,0,0.0
149,0,28,17.56,0.0,0,0,0,0.0
149,0,29,14.3,0.0,0,0,0,0.0
149,0,30,23.94,0.0,0,0,0,0.0
149,0,31,26.59,0.0,0,0,0,0.0
149,1,0,15.71,91446.2,3,285,0,3.359
149,1,1,17.29,2432108.1,303,5,0,3.266
149,1,2,19.04,292678.8,37,251,0,3.345
149,1,3,16.81,2391703.0,303,2,0,3.312
149,1,4,25.54,4050.4,0,293,0,3.282
149,1,5,18.36,2381407.0,289,6,0,3.328
149,1,6,8.63,1926592.9,233,48,0,3.333
149,1,7,5.33,2280104.2,277,7,0,3.349
149,1,8,8.28,2352148.0,296,0,0,3.272
149,1,9,16.95,86155.4,5,273,0,3.26
149,1,10,5.22,2398694.0,298,0,0,3.401
149,1,11,27.19,1955886.3,245,4,0,3.329
149,1,12,16.04,5979.4,0,283,0,3.227
149,1,13,25.94,2213502.1,281,11,0,3.305
149,1,14,7.56,2089812.7,264,3,0,3.242
149,1,15,10.93,2117321.4,263,35,0,3.278
149,1,16,21.21,2369095.2,301,4,0,3.276
149,1,17,10.16,2080052.9,268,6,0,3.29
149,1,18,13.45,1605027.6,182,63,0,3.262
149,1,19,28.59,433986.7,46,243,0,3.383
149,1,20,28.46,2357518.0,294,5,0,3.312
149,1,21,7.19,1776883.8,205,72,0,3.339
149,1,22,21.02,2157113.5,270,4,0,3.326
149,1,23,22.73,904821.8,97,164,0,3.381
149,1,24,27.19,23135.3,0,268,0,3.397
149,1,25,13.95,267642.6,21,277,0,3.362
149,1,26,20.95,2453997.0,303,5,0,3.288
149,1,27,28.46,0.0,0,0,0,0.0
149,1,28,27.22,0.0,0,0,0,0.0
149,1,29,21.5,0.0,0,0,0,0.0
149,1,30,21.16,0.0,0,0,0,0.0
149,1,31,18.93,0.0,0,0,0,0.0
149,2,0,6.96,3503.1,0,236,0,3.054
149,2,1,7.77,1647455.1,207,7,0,3.293
149,2,2,20.56,284542.9,26,192,0,3.234
149,2,3,13.62,1634791.3,199,2,0,3.229
149,2,4,16.07,1750530.0,207,0,0,3.221
149,2,5,14.57,3034.6,0,194,0,2.884
149,2,6,13.01,1487102.0,193,0,0,3.263
149,2,7,22.07,1041440.4,133,86,0,3.227
149,2,8,12.5,1368808.6,165,45,0,3.264
149,2,9,25.95,443342.5,52,152,0,3.271
149,2,10,28.65,1560414.7,193,15,0,3.238
149,2,11,13.51,268968.2,25,196,0,3.268
149,2,12,8.75,1568929.0,196,1,0,3.27
149,2,13,16.81,1506468.0,193,13,0,3.235
149,2,14,15.53,1629579.0,206,6,0,3.175
149,2,15,24.33,1431386.5,179,27,0,3.239
149,2,16,27.2,1507551.0,191,0,0,3.264
149,2,17,22.13,1655275.0,207,2,0,3.238
149,2,18,7.17,1531950.0,190,0,0,3.252
149,2,19,25.2,1705158.0,205,3,0,3.175
149,2,20,14.13,31840.1,0,181,0,3.205
149,2,21,13.24,1581691.9,191,17,0,3.209
149,2,22,17.91,1527044.0,192,0,0,3.304
149,2,23,17.9,1584832.3,203,2,0,3.214
149,2,24,22.87,663904.0,76,147,0,3.237
149,2,25,14.85,28981.6,1,201,0,3.21
149,2,26,13.33,1151400.3,142,62,0,3.244
149,2,27,21.36,1722731.0,219,0,0,3.307
149,2,28,11.89,786499.8,98,90,0,3.254
149,2,29,27.14,1555232.8,192,5,0,3.239
149,2,30,26.39,0.0,0,0,0,0.0
149,2,31,12.54,0.0,0,0,0,0.0
159,0,0,6.65,110215.4,2,324,0,2.829
159,0,1,22.27,4270.5,0,326,0,2.719
159,0,2,20.19,2796560.1,341,4,0,2.75
159,0,3,15.08,2673535.0,332,0,0,2.799
159,0,4,12.66,40381.9,1,335,0,2.688
159,0,5,12.32,2710623.0,347,5,0,2.818
159,0,6,23.59,27279.9,0,316,0,2.762
159,0,7,29.41,2468956.0,304,0,0,2.888
159,0,8,26.89,469725.0,46,283,0,2.867
159,0,9,11.95,2693313.0,332,10,0,2.716
159,0,10,25.73,17941.4,0,335,0,2.785
159,0,11,9.19,2704706.0,346,7,0,2.715
159,0,12,11.11,2849539.6,349,3,0,2.766
159,0,13,15.51,360715.6,29,282,0,2.881
159,0,14,23.28,2666848.1,327,2,0,2.89
159,0,15,21.85,2634478.8,322,10,0,2.77
159,0,16,21.6,445.0,0,320,1,2.741
159,0,17,23.82,2281450.2,281,41,1,2.783
159,0,18,27.48,2550516.5,320,16,0,2.77
159,0,19,5.6,15715.1,0,346,0,2.687
159,0,20,13.77,2525706.0,318,0,0,2.79
159,0,21,17.56,2749592.7,348,14,0,2.759
159,0,22,22.78,47957.4,0,318,0,2.806
159,0,23,12.17,40668.7,0,299,0,2.727
159,0,24,22.8,0.0,0,0,0,0.0
159,0,25,12.77,0.0,0,0,0,0.0
159,0,26,10.24,0.0,0,0,0,0.0
159,0,27,18.02,0.0,0,0,0,0.0
159,0,28,17.56,0.0,0,0,0,0.0
159,0,29,14.3,0.0,0,0,0,0.0
159,0,30,23.94,0.0,0,0,0,0.0
159,0,31,26.59,0.0,0,0,0,0.0
159,1,0,15.71,107959.6,3,285,0,3.63
159,1,1,17.29,2429840.0,303,5,0,3.529
159,1,2,19.04,334775.3,35,253,0,3.59
159,1,3,16.81,2391703.0,303,2,0,3.579
159,1,4,25.54,6881.2,0,293,0,3.51
159,1,5,18.36,2380304.2,289,6,0,3.539
159,1,6,8.63,1869371.5,221,60,0,3.583
159,1,7,5.33,2265782.0,276,8,0,3.558
159,1,8,8.28,2337011.2,294,2,0,3.601
159,1,9,16.95,120202.7,7,271,0,3.496
159,1,10,5.22,2398694.0,298,0,0,3.617
159,1,11,27.19,1951643.0,245,4,0,3.621
159,1,12,16.04,7213.9,0,283,0,3.418
159,1,13,25.94,2214492.2,280,12,0,3.55
159,1,14,7.56,2091064.3,264,3,0,3.55
159,1,15,10.93,2051726.3,250,48,0,3.527
159,1,16,21.21,2368870.0,301,4,0,3.587
159,1,17,10.16,2074902.1,267,7,0,3.533
159,1,18,13.45,1595107.8,174,71,0,3.522
159,1,19,28.59,458232.4,37,251,1,3.561
159,1,20,28.46,2369090.5,295,4,0,3.571
159,1,21,7.19,1757489.3,202,75,0,3.581
159,1,22,21.02,2139962.6,267,7,0,3.587
159,1,23,22.73,920479.7,94,167,0,3.579
159,1,24,27.19,30844.0,0,268,0,3.566
159,1,25,13.95,320328.2,20,278,0,3.613
159,1,26,20.95,2459585.0,304,4,0,3.553
159,1,27,28.46,0.0,0,0,0,0.0
159,1,28,27.22,0.0,0,0,0,0.0
159,1,29,21.5,0.0,0,0,0,0.0
159,1,30,21.16,0.0,0,0,0,0.0
159,1,31,18.93,0.0,0,0,0,0.0
159,2,0,6.96,4811.2,0,236,0,3.42
159,2,1,7.77,1629978.2,205,9,0,3.534
159,2,2,20.56,308949.9,23,195,0,3.484
159,2,3,13.62,1602029.6,195,6,0,3.508
159,2,4,16.07,1750530.0,207,0,0,3.469
159,2,5,14.57,4043.8,0,194,0,3.256
159,2,6,13.01,1487102.0,193,0,0,3.555
159,2,7,22.07,1229213.3,148,71,0,3.497
159,2,8,12.5,1253196.0,146,64,0,3.511
159,2,9,25.95,426795.8,49,155,0,3.537
159,2,10,28.65,1533167.7,190,18,0,3.534
159,2,11,13.51,320596.1,26,195,0,3.507
159,2,12,8.75,1568929.0,196,1,0,3.593
159,2,13,16.81,1509955.5,193,13,0,3.566
159,2,14,15.53,1614075.6,203,9,0,3.492
159,2,15,24.33,1429790.6,181,25,0,3.503
159,2,16,27.2,1507551.0,191,0,0,3.533
159,2,17,22.13,1651769.0,207,2,0,3.493
159,2,18,7.17,1524916.0,189,0,0,3.509
159,2,19,25.2,1688582.4,199,9,0,3.477
159,2,20,14.13,34558.0,0,181,0,3.498
159,2,21,13.24,1556844.5,186,21,0,3.5
159,2,22,17.91,1527044.0,192,0,0,3.518
159,2,23,17.9,1590004.0,204,1,0,3.531
159,2,24,22.87,682669.8,74,149,0,3.495
159,2,25,14.85,33834.3,0,202,0,3.515
159,2,26,13.33,1282043.8,149,56,0,3.49
159,2,27,21.36,1709165.0,217,2,0,3.603
159,2,28,11.89,853790.7,98,90,0,3.518
159,2,29,27.14,1554020.0,192,5,0,3.542
159,2,30,26.39,0.0,0,0,0,0.0
159,2,31,12.54,0.0,0,0,0,0.0
169,0,0,6.65,99324.3,2,324,0,2.512
169,0,1,22.27,3110.4,0,326,0,2.383
169,0,2,20.19,2804672.0,342,3,0,2.302
169,0,3,15.08,2673535.0,332,0,0,2.327
169,0,4,12.66,34345.2,1,335,0,2.294
169,0,5,12.32,2729208.0,349,3,0,2.351
169,0,6,23.59,21548.4,0,316,0,2.432
169,0,7,29.41,2468956.0,304,0,0,2.365
169,0,8,26.89,431490.3,49,280,0,2.52
169,0,9,11.95,2736799.8,338,4,0,2.304
169,0,10,25.73,14115.2,0,335,0,2.526
169,0,11,9.19,2709120.3,346,7,0,2.262
169,0,12,11.11,2877541.0,353,0,0,2.337
169,0,13,15.51,327813.0,31,280,0,2.581
169,0,14,23.28,2688046.0,329,0,0,2.386
169,0,15,21.85,2662635.0,328,4,0,2.385
169,0,16,21.6,449.2,0,321,0,2.376
169,0,17,23.82,2321401.9,291,31,1,2.393
169,0,18,27.48,2569058.0,322,14,0,2.385
169,0,19,5.6,11564.5,0,346,0,2.384
169,0,20,13.77,2525706.0,318,0,0,2.327
169,0,21,17.56,2787690.0,354,8,0,2.328
169,0,22,22.78,42088.6,0,318,0,2.486
169,0,23,12.17,29434.8,0,299,0,2.397
169,0,24,22.8,0.0,0,0,0,0.0
169,0,25,12.77,0.0,0,0,0,0.0
169,0,26,10.24,0.0,0,0,0,0.0
169,0,27,18.02,0.0,0,0,0,0.0
169,0,28,17.56,0.0,0,0,0,0.0
169,0,29,14.3,0.0,0,0,0,0.0
169,0,30,23.94,0.0,0,0,0,0.0
169,0,31,26.59,0.0,0,0,0,0.0
169,1,0,15.71,90613.9,3,285,0,3.502
169,1,1,17.29,2454280.1,306,2,0,3.295
169,1,2,19.04,284726.9,33,255,0,3.353
169,1,3,16.81,2391703.0,303,2,0,3.363
169,1,4,25.54,6620.4,0,293,0,3.338
169,1,5,18.36,2381604.9,289,6,0,3.313
169,1,6,8.63,1897328.3,226,55,0,3.359
169,1,7,5.33,2295441.2,279,5,0,3.297
169,1,8,8.28,2352148.0,296,0,0,3.335
169,1,9,16.95,75541.1,5,273,0,3.281
169,1,10,5.22,2392484.0,297,1,0,3.415
169,1,11,27.19,1951643.0,245,4,0,3.395
169,1,12,16.04,6052.4,0,283,0,3.379
169,1,13,25.94,2204060.1,279,13,0,3.348
169,1,14,7.56,2096510.9,265,3,0,3.324
169,1,15,10.93,2084516.8,256,42,0,3.337
169,1,16,21.21,2361484.2,300,5,0,3.385
169,1,17,10.16,2071309.5,267,7,0,3.31
169,1,18,13.45,1630504.3,180,65,0,3.33
169,1,19,28.59,412447.3,35,253,1,3.409
169,1,20,28.46,2369220.6,295,4,0,3.384
169,1,21,7.19,1713564.6,196,80,1,3.36
169,1,22,21.02,2130031.8,267,7,0,3.333
169,1,23,22.73,946413.4,96,165,0,3.402
169,1,24,27.19,24037.4,0,268,0,3.43
169,1,25,13.95,234414.9,15,283,0,3.437
169,1,26,20.95,2446266.0,302,6,0,3.343
169,1,27,28.46,0.0,0,0,0,0.0
169,1,28,27.22,0.0,0,0,0,0.0
169,1,29,21.5,0.0,0,0,0,0.0
169,1,30,21.16,0.0,0,0,0,0.0
169,1,31,18.93,0.0,0,0,0,0.0
169,2,0,6.96,4403.4,0,236,0,3.198
169,2,1,7.77,1645384.8,208,6,0,3.359
169,2,2,20.56,252812.9,22,196,0,3.367
169,2,3,13.62,1578110.0,194,7,0,3.322
169,2,4,16.07,1750530.0,207,0,0,3.301
169,2,5,14.57,3475.8,0,194,0,3.082
169,2,6,13.01,1487102.0,193,0,0,3.399
169,2,7,22.07,1178295.3,144,75,0,3.308
169,2,8,12.5,1318198.7,152,58,0,3.351
169,2,9,25.95,428114.6,49,155,0,3.428
169,2,10,28.65,1550977.5,193,15,0,3.358
169,2,11,13.51,278575.4,27,194,0,3.34
169,2,12,8.75,1568929.0,196,1,0,3.365
169,2,13,16.81,1436089.2,187,19,0,3.399
169,2,14,15.53,1633940.0,207,5,0,3.279
169,2,15,24.33,1433873.6,182,24,0,3.345
169,2,16,27.2,1507551.0,191,0,0,3.335
169,2,17,22.13,1667800.0,209,0,0,3.355
169,2,18,7.17,1531950.0,190,0,0,3.277
169,2,19,25.2,1696255.9,201,7,0,3.287
169,2,20,14.13,21194.1,0,181,0,3.369
169,2,21,13.24,1544976.9,187,21,0,3.329
169,2,22,17.91,1527044.0,192,0,0,3.349
169,2,23,17.9,1590004.0,204,1,0,3.338
169,2,24,22.87,720969.9,79,144,0,3.341
169,2,25,14.85,30494.0,0,202,0,3.341
169,2,26,13.33,1214513.0,145,59,0,3.302
169,2,27,21.36,1716385.1,218,1,0,3.409
169,2,28,11.89,812502.6,90,98,0,3.371
169,2,29,27.14,1567991.9,194,3,0,3.358
169,2,30,26.39,0.0,0,0,0,0.0
169,2,31,12.54,0.0,0,0,0,0.0
179,0,0,6.65,89038.7,2,324,0,2.445
179,0,1,22.27,2632.6,0,326,0,2.298
179,0,2,20.19,2814054.0,343,2,0,2.264
179,0,3,15.08,2673535.0,332,0,0,2.27
179,0,4,12.66,29800.1,2,334,0,2.169
179,0,5,12.32,2729827.0,349,3,0,2.262
179,0,6,23.59,19297.4,0,316,0,2.294
179,0,7,29.41,2468956.0,304,0,0,2.374
179,0,8,26.89,433330.2,46,283,0,2.463
179,0,9,11.95,2728387.8,337,5,0,2.215
179,0,10,25.73,12688.1,0,335,0,2.454
179,0,11,9.19,2727928.0,349,4,0,2.204
179,0,12,11.11,2877541.0,353,0,0,2.283
179,0,13,15.51,331959.4,31,280,0,2.492
179,0,14,23.28,2698059.0,330,0,0,2.264
179,0,15,21.85,2657325.0,327,5,0,2.306
179,0,16,21.6,316.7,0,320,1,2.233
179,0,17,23.82,2393179.5,303,20,0,2.326
179,0,18,27.48,2608425.0,327,9,0,2.308
179,0,19,5.6,10754.6,0,346,0,2.261
179,0,20,13.77,2525706.0,318,0,0,2.261
179,0,21,17.56,2796646.3,356,6,0,2.255
179,0,22,22.78,33455.5,0,318,0,2.313
179,0,23,12.17,36382.5,0,299,0,2.292
179,0,24,22.8,0.0,0,0,0,0.0
179,0,25,12.77,0.0,0,0,0,0.0
179,0,26,10.24,0.0,0,0,0,0.0
179,0,27,18.02,0.0,0,0,0,0.0
179,0,28,17.56,0.0,0,0,0,0.0
179,0,29,14.3,0.0,0,0,0,0.0
179,0,30,23.94,0.0,0,0,0,0.0
179,0,31,26.59,0.0,0,0,0,0.0
179,1,0,15.71,74834.6,3,285,0,3.422
179,1,1,17.29,2439063.0,304,4,0,3.261
179,1,2,19.04,310352.3,33,255,0,3.382
179,1,3,16.81,2370399.0,301,4,0,3.294
179,1,4,25.54,5200.5,0,293,0,3.351
179,1,5,18.36,2396165.5,291,4,0,3.267
179,1,6,8.63,1919451.9,225,56,0,3.313
179,1,7,5.33,2287406.2,278,6,0,3.307
179,1,8,8.28,2344236.0,295,1,0,3.258
179,1,9,16.95,82087.3,6,272,0,3.205
179,1,10,5.22,2398694.0,298,0,0,3.394
179,1,11,27.19,1960188.0,246,3,0,3.331
179,1,12,16.04,5153.4,0,283,0,3.218
179,1,13,25.94,2194434.0,280,12,0,3.28
179,1,14,7.56,2089864.3,264,3,0,3.276
179,1,15,10.93,2116768.8,262,36,0,3.276
179,1,16,21.21,2369490.9,301,4,0,3.339
179,1,17,10.16,2085342.3,269,5,0,3.297
179,1,18,13.45,1614825.6,179,67,0,3.254
179,1,19,28.59,363819.1,35,253,1,3.361
179,1,20,28.46,2373262.8,295,4,0,3.299
179,1,21,7.19,1829542.7,214,63,0,3.302
179,1,22,21.02,2138231.8,267,7,0,3.289
179,1,23,22.73,967635.7,104,157,0,3.373
179,1,24,27.19,16128.6,0,268,0,3.42
179,1,25,13.95,240934.1,16,282,0,3.388
179,1,26,20.95,2451854.0,303,5,0,3.329
179,1,27,28.46,0.0,0,0,0,0.0
179,1,28,27.22,0.0,0,0,0,0.0
179,1,29,21.5,0.0,0,0,0,0.0
179,1,30,21.16,0.0,0,0,0,0.0
179,1,31,18.93,0.0,0,0,0,0.0
179,2,0,6.96,3617.1,0,236,0,3.071
179,2,1,7.77,1644525.2,208,6,0,3.266
179,2,2,20.56,237100.2,22,196,0,3.233
179,2,3,13.62,1628607.0,199,2,0,3.274
179,2,4,16.07,1750530.0,207,0,0,3.224
179,2,5,14.57,2701.4,0,194,0,2.977
179,2,6,13.01,1487102.0,193,0,0,3.315
179,2,7,22.07,1200206.8,149,70,0,3.232
179,2,8,12.5,1278972.1,155,55,0,3.262
179,2,9,25.95,474687.2,55,149,0,3.342
179,2,10,28.65,1608949.6,199,9,0,3.304
179,2,11,13.51,268925.5,24,197,0,3.251
179,2,12,8.75,1568929.0,196,1,0,3.272
179,2,13,16.81,1458961.8,190,16,0,3.277
179,2,14,15.53,1628220.5,205,7,0,3.218
179,2,15,24.33,1436617.2,181,25,0,3.261
179,2,16,27.2,1507551.0,191,0,0,3.278
179,2,17,22.13,1644090.0,206,3,0,3.24
179,2,18,7.17,1524916.0,189,0,0,3.211
179,2,19,25.2,1702256.5,204,4,0,3.203
179,2,20,14.13,14760.8,0,181,0,3.377
179,2,21,13.24,1587007.4,191,16,0,3.228
179,2,22,17.91,1527044.0,192,0,0,3.305
179,2,23,17.9,1584096.3,203,2,0,3.279
179,2,24,22.87,710757.4,78,145,0,3.257
179,2,25,14.85,18578.6,0,202,0,3.213
179,2,26,13.33,1296033.9,156,48,0,3.249
179,2,27,21.36,1710669.2,217,2,0,3.373
179,2,28,11.89,862259.4,95,93,0,3.285
179,2,29,27.14,1573960.5,195,2,0,3.255
179,2,30,26.39,0.0,0,0,0,0.0
179,2,31,12.54,0.0,0,0,0,0.0
189,0,0,6.65,102056.0,1,325,0,2.577
189,0,1,22.27,3380.9,0,326,0,2.495
189,0,2,20.19,2809443.8,342,3,0,2.42
189,0,3,15.08,2673535.0,332,0,0,2.433
189,0,4,12.66,32836.2,1,335,0,2.425
189,0,5,12.32,2732617.0,349,3,0,2.409
189,0,6,23.59,22530.3,0,316,0,2.541
189,0,7,29.41,2468956.0,304,0,0,2.533
189,0,8,26.89,429367.5,42,287,0,2.586
189,0,9,11.95,2732256.2,337,5,0,2.416
189,0,10,25.73,13664.0,0,335,0,2.539
189,0,11,9.19,2700161.0,344,9,0,2.355
189,0,12,11.11,2869429.0,352,1,0,2.416
189,0,13,15.51,342471.0,30,281,0,2.66
189,0,14,23.28,2679653.0,328,1,0,2.432
189,0,15,21.85,2658689.9,326,7,0,2.468
189,0,16,21.6,382.1,0,321,0,2.525
189,0,17,23.82,2360675.1,298,24,1,2.489
189,0,18,27.48,2585096.1,323,13,0,2.472
189,0,19,5.6,11360.6,0,346,0,2.431
189,0,20,13.77,2525706.0,318,0,0,2.439
189,0,21,17.56,2786771.4,355,7,0,2.434
189,0,22,22.78,40567.3,0,318,0,2.583
189,0,23,12.17,36211.0,0,299,0,2.503
189,0,24,22.8,0.0,0,0,0,0.0
189,0,25,12.77,0.0,0,0,0,0.0
189,0,26,10.24,0.0,0,0,0,0.0
189,0,27,18.02,0.0,0,0,0,0.0
189,0,28,17.56,0.0,0,0,0,0.0
189,0,29,14.3,0.0,0,0,0,0.0
189,0,30,23.94,0.0,0,0,0,0.0
189,0,31,26.59,0.0,0,0,0,0.0
189,1,0,15.71,93568.9,3,285,0,3.523
189,1,1,17.29,2430375.0,303,5,0,3.389
189,1,2,19.04,385786.3,38,250,0,3.472
189,1,3,16.81,2401142.0,304,1,0,3.447
189,1,4,25.54,4114.3,0,293,0,3.303
189,1,5,18.36,2381579.2,289,6,0,3.404
189,1,6,8.63,1919803.2,232,49,0,3.428
189,1,7,5.33,2290262.9,278,6,0,3.429
189,1,8,8.28,2344236.0,295,1,0,3.44
189,1,9,16.95,69018.2,5,273,0,3.365
189,1,10,5.22,2398694.0,298,0,0,3.505
189,1,11,27.19,1955228.2,245,4,0,3.486
189,1,12,16.04,5663.1,0,283,0,3.303
189,1,13,25.94,2181577.7,277,15,0,3.394
189,1,14,7.56,2090344.3,264,3,0,3.431
189,1,15,10.93,2056088.1,256,42,0,3.408
189,1,16,21.21,2376474.0,302,3,0,3.448
189,1,17,10.16,2071136.0,267,7,0,3.399
189,1,18,13.45,1602877.3,175,70,0,3.397
189,1,19,28.59,427479.9,40,248,1,3.496
189,1,20,28.46,2367288.5,294,5,0,3.486
189,1,21,7.19,1760568.0,203,75,0,3.454
189,1,22,21.02,2142750.4,268,6,0,3.42
189,1,23,22.73,977408.7,97,164,0,3.479
189,1,24,27.19,25978.7,0,268,0,3.453
189,1,25,13.95,263060.3,17,281,0,3.502
189,1,26,20.95,2451854.0,303,5,0,3.451
189,1,27,28.46,0.0,0,0,0,0.0
189,1,28,27.22,0.0,0,0,0,0.0
189,1,29,21.5,0.0,0,0,0,0.0
189,1,30,21.16,0.0,0,0,0,0.0
189,1,31,18.93,0.0,0,0,0,0.0
189,2,0,6.96,3892.7,0,236,0,3.292
189,2,1,7.77,1645167.5,207,7,0,3.448
189,2,2,20.56,251498.7,22,196,0,3.505
189,2,3,13.62,1636811.0,199,2,0,3.461
189,2,4,16.07,1750530.0,207,0,0,3.39
189,2,5,14.57,3114.2,0,194,0,3.203
189,2,6,13.01,1487102.0,193,0,0,3.459
189,2,7,22.07,1261831.0,156,63,0,3.401
189,2,8,12.5,1307988.6,152,58,0,3.413
189,2,9,25.95,516228.8,55,149,0,3.51
189,2,10,28.65,1580815.7,195,13,0,3.474
189,2,11,13.51,267869.4,27,194,0,3.436
189,2,12,8.75,1568929.0,196,1,0,3.443
189,2,13,16.81,1412385.2,180,26,0,3.481
189,2,14,15.53,1634282.4,206,6,0,3.371
189,2,15,24.33,1412290.8,179,26,0,3.428
189,2,16,27.2,1507551.0,191,0,0,3.443
189,2,17,22.13,1648184.0,206,3,0,3.412
189,2,18,7.17,1524916.0,189,0,0,3.44
189,2,19,25.2,1662053.0,197,11,0,3.386
189,2,20,14.13,19507.9,0,181,0,3.445
189,2,21,13.24,1567020.2,190,17,0,3.397
189,2,22,17.91,1527044.0,192,0,0,3.447
189,2,23,17.9,1577819.2,202,3,0,3.434
189,2,24,22.87,799593.3,86,137,0,3.422
189,2,25,14.85,23629.7,0,202,0,3.399
189,2,26,13.33,1261224.7,148,57,0,3.395
189,2,27,21.36,1709590.7,217,2,0,3.534
189,2,28,11.89,945324.5,102,86,0,3.45
189,2,29,27.14,1547119.2,191,6,0,3.431
189,2,30,26.39,0.0,0,0,0,0.0
189,2,31,12.54,0.0,0,0,0,0.0
199,0,0,6.65,109091.6,2,324,0,2.909
199,0,1,22.27,3694.4,0,326,0,2.707
199,0,2,20.19,2797328.5,341,4,0,2.671
199,0,3,15.08,2673535.0,332,0,0,2.707
199,0,4,12.66,38491.4,1,335,0,2.68
199,0,5,12.32,2729875.0,349,3,0,2.683
199,0,6,23.59,27264.4,0,316,0,2.797
199,0,7,29.41,2468956.0,304,0,0,2.793
199,0,8,26.89,451865.5,42,287,0,2.832
199,0,9,11.95,2732321.0,337,5,0,2.673
199,0,10,25.73,15759.3,0,335,0,2.865
199,0,11,9.19,2722059.0,348,5,0,2.581
199,0,12,11.11,2869429.0,352,1,0,2.676
199,0,13,15.51,366773.3,31,280,0,2.886
199,0,14,23.28,2676417.0,328,1,0,2.754
199,0,15,21.85,2649295.5,325,7,0,2.716
199,0,16,21.6,450.7,0,321,0,2.702
199,0,17,23.82,2315483.2,293,30,0,2.724
199,0,18,27.48,2560663.4,320,16,0,2.737
199,0,19,5.6,11181.1,0,346,0,2.702
199,0,20,13.77,2525706.0,318,0,0,2.725
199,0,21,17.56,2759929.0,352,10,0,2.666
199,0,22,22.78,43675.9,0,318,0,2.848
199,0,23,12.17,38486.3,0,299,0,2.792
199,0,24,22.8,0.0,0,0,0,0.0
199,0,25,12.77,0.0,0,0,0,0.0
199,0,26,10.24,0.0,0,0,0,0.0
199,0,27,18.02,0.0,0,0,0,0.0
199,0,28,17.56,0.0,0,0,0,0.0
199,0,29,14.3,0.0,0,0,0,0.0
199,0,30,23.94,0.0,0,0,0,0.0
199,0,31,26.59,0.0,0,0,0,0.0
199,1,0,15.71,121704.1,4,284,0,3.671
199,1,1,17.29,2425916.7,302,6,0,3.591
199,1,2,19.04,366142.4,35,253,0,3.62
199,1,3,16.81,2391703.0,303,2,0,3.618
199,1,4,25.54,6673.0,0,293,0,3.598
199,1,5,18.36,2358730.0,286,9,0,3.597
199,1,6,8.63,1841395.7,214,67,0,3.606
199,1,7,5.33,2274100.6,277,7,0,3.58
199,1,8,8.28,2352148.0,296,0,0,3.597
199,1,9,16.95,101971.3,4,274,0,3.573
199,1,10,5.22,2398694.0,298,0,0,3.675
199,1,11,27.19,1951643.0,245,4,0,3.615
199,1,12,16.04,5770.0,0,283,0,3.462
199,1,13,25.94,2183543.5,276,16,0,3.559
199,1,14,7.56,2087173.3,264,3,0,3.572
199,1,15,10.93,2058675.1,255,42,0,3.563
199,1,16,21.21,2368870.0,301,4,0,3.586
199,1,17,10.16,2074902.8,267,7,0,3.597
199,1,18,13.45,1593811.4,168,77,0,3.541
199,1,19,28.59,429980.4,35,254,0,3.612
199,1,20,28.46,2357557.2,294,5,0,3.61
199,1,21,7.19,1703008.2,196,81,0,3.634
199,1,22,21.02,2124079.0,265,9,0,3.633
199,1,23,22.73,962015.5,98,163,0,3.614
199,1,24,27.19,32127.3,0,268,0,3.624
199,1,25,13.95,312248.5,18,280,0,3.634
199,1,26,20.95,2446266.0,302,6,0,3.58
199,1,27,28.46,0.0,0,0,0,0.0
199,1,28,27.22,0.0,0,0,0,0.0
199,1,29,21.5,0.0,0,0,0,0.0
199,1,30,21.16,0.0,0,0,0,0.0
199,1,31,18.93,0.0,0,0,0,0.0
199,2,0,6.96,4674.5,0,236,0,3.528
199,2,1,7.77,1600997.8,199,15,0,3.612
199,2,2,20.56,288944.6,20,198,0,3.64
199,2,3,13.62,1636233.0,200,1,0,3.601
199,2,4,16.07,1750530.0,207,0,0,3.585
199,2,5,14.57,4305.0,0,194,0,3.446
199,2,6,13.01,1487102.0,193,0,0,3.602
199,2,7,22.07,1192566.1,148,71,0,3.576
199,2,8,12.5,1317450.4,146,64,0,3.606
199,2,9,25.95,497359.5,52,152,0,3.633
199,2,10,28.65,1587204.0,195,13,0,3.598
199,2,11,13.51,287148.7,25,196,0,3.591
199,2,12,8.75,1568929.0,196,1,0,3.618
199,2,13,16.81,1461521.7,184,21,0,3.634
199,2,14,15.53,1630290.5,203,8,0,3.595
199,2,15,24.33,1416646.2,174,31,0,3.62
199,2,16,27.2,1507551.0,191,0,0,3.582
199,2,17,22.13,1661986.8,208,0,1,3.599
199,2,18,7.17,1524916.0,189,0,0,3.563
199,2,19,25.2,1679127.6,199,9,0,3.539
199,2,20,14.13,25392.4,0,180,1,3.6
199,2,21,13.24,1549344.9,185,23,0,3.602
199,2,22,17.91,1527044.0,192,0,0,3.577
199,2,23,17.9,1583920.4,203,2,0,3.631
199,2,24,22.87,785854.8,83,140,0,3.581
199,2,25,14.85,31315.9,0,202,0,3.608
199,2,26,13.33,1321908.1,148,56,0,3.565
199,2,27,21.36,1711001.8,217,2,0,3.711
199,2,28,11.89,943802.6,99,89,0,3.603
199,2,29,27.14,1561363.0,193,4,0,3.674
199,2,30,26.39,0.0,0,0,0,0.0
199,2,31,12.54,0.0,0,0,0,0.0
209,0,0,6.65,92886.4,2,324,0,2.36
209,0,1,22.27,2668.5,0,326,0,2.124
209,0,2,20.19,2804672.0,342,3,0,2.089
209,0,3,15.08,2673535.0,332,0,0,2.119
209,0,4,12.66,26994.4,1,335,0,2.05
209,0,5,12.32,2758122.0,352,0,0,2.127
209,0,6,23.59,16156.3,0,316,0,2.201
209,0,7,29.41,2468956.0,304,0,0,2.189
209,0,8,26.89,414711.3,49,280,0,2.293
209,0,9,11.95,2747115.0,339,3,0,2.007
209,0,10,25.73,12318.1,0,335,0,2.14
209,0,11,9.19,2723859.7,348,5,0,1.997
209,0,12,11.11,2869429.0,352,1,0,2.121
209,0,13,15.51,316894.5,29,282,0,2.362
209,0,14,23.28,2698059.0,330,0,0,2.148
209,0,15,21.85,2661032.5,327,5,0,2.138
209,0,16,21.6,424.2,0,321,0,2.081
209,0,17,23.82,2416299.8,307,16,0,2.169
209,0,18,27.48,2627047.3,328,8,0,2.177
209,0,19,5.6,8419.8,0,346,0,2.097
209,0,20,13.77,2525706.0,318,0,0,2.101
209,0,21,17.56,2811178.6,357,5,0,2.119
209,0,22,22.78,38662.9,0,318,0,2.274
209,0,23,12.17,28414.6,0,299,0,2.204
209,0,24,22.8,0.0,0,0,0,0.0
209,0,25,12.77,0.0,0,0,0,0.0
209,0,26,10.24,0.0,0,0,0,0.0
209,0,27,18.02,0.0,0,0,0,0.0
209,0,28,17.56,0.0,0,0,0,0.0
209,0,29,14.3,0.0,0,0,0,0.0
209,0,30,23.94,0.0,0,0,0,0.0
209,0,31,26.59,0.0,0,0,0,0.0
209,1,0,15.71,81749.6,3,285,0,3.344
209,1,1,17.29,2443264.0,305,3,0,3.146
209,1,2,19.04,327235.8,38,250,0,3.286
209,1,3,16.81,2401142.0,304,1,0,3.184
209,1,4,25.54,3359.8,0,293,0,3.25
209,1,5,18.36,2394083.0,291,4,0,3.143
209,1,6,8.63,1851889.6,219,62,0,3.214
209,1,7,5.33,2276131.7,277,7,0,3.172
209,1,8,8.28,2352148.0,296,0,0,3.127
209,1,9,16.95,60045.5,3,275,0,3.261
209,1,10,5.22,2398694.0,298,0,0,3.295
209,1,11,27.19,1964794.0,247,2,0,3.199
209,1,12,16.04,4188.5,0,283,0,3.109
209,1,13,25.94,2210311.5,280,12,0,3.138
209,1,14,7.56,2100234.4,266,2,0,3.164
209,1,15,10.93,2146556.3,269,29,0,3.144
209,1,16,21.21,2368870.0,301,4,0,3.15
209,1,17,10.16,2070544.3,267,7,0,3.173
209,1,18,13.45,1606143.1,184,62,0,3.145
209,1,19,28.59,406089.6,39,250,0,3.242
209,1,20,28.46,2369049.2,295,4,0,3.162
209,1,21,7.19,1798781.5,207,70,0,3.211
209,1,22,21.02,2138702.0,268,6,0,3.192
209,1,23,22.73,921230.9,100,161,0,3.246
209,1,24,27.19,18684.3,0,268,0,3.261
209,1,25,13.95,212824.2,16,282,0,3.273
209,1,26,20.95,2459585.0,304,4,0,3.181
209,1,27,28.46,0.0,0,0,0,0.0
209,1,28,27.22,0.0,0,0,0,0.0
209,1,29,21.5,0.0,0,0,0,0.0
209,1,30,21.16,0.0,0,0,0,0.0
209,1,31,18.93,0.0,0,0,0,0.0
209,2,0,6.96,2067.2,0,236,0,3.232
209,2,1,7.77,1656911.9,209,5,0,3.21
209,2,2,20.56,243537.9,20,198,0,3.203
209,2,3,13.62,1618375.7,197,3,0,3.122
209,2,4,16.07,1750530.0,207,0,0,3.135
209,2,5,14.57,2545.3,0,194,0,2.953
209,2,6,13.01,1487102.0,193,0,0,3.172
209,2,7,22.07,1081513.1,138,81,0,3.105
209,2,8,12.5,1311021.8,156,54,0,3.18
209,2,9,25.95,463791.2,58,146,0,3.261
209,2,10,28.65,1565526.3,193,15,0,3.232
209,2,11,13.51,261745.0,25,196,0,3.213
209,2,12,8.75,1568929.0,196,1,0,3.237
209,2,13,16.81,1480533.8,190,16,0,3.188
209,2,14,15.53,1620032.2,204,8,0,3.134
209,2,15,24.33,1425669.4,180,26,0,3.165
209,2,16,27.2,1507551.0,191,0,0,3.17
209,2,17,22.13,1667800.0,209,0,0,3.157
209,2,18,7.17,1524916.0,189,0,0,3.145
209,2,19,25.2,1703379.2,205,3,0,3.092
209,2,20,14.13,17571.6,0,181,0,3.189
209,2,21,13.24,1578102.8,192,16,0,3.157
209,2,22,17.91,1527044.0,192,0,0,3.2
209,2,23,17.9,1590004.0,204,1,0,3.186
209,2,24,22.87,727455.6,80,143,0,3.211
209,2,25,14.85,17002.9,0,202,0,3.214
209,2,26,13.33,1299408.7,156,49,0,3.164
209,2,27,21.36,1716943.0,218,1,0,3.232
209,2,28,11.89,854149.4,97,91,0,3.233
209,2,29,27.14,1559821.0,193,4,0,3.188
209,2,30,26.39,0.0,0,0,0,0.0
209,2,31,12.54,0.0,0,0,0,0.0
219,0,0,6.65,93328.1,2,324,0,2.291
219,0,1,22.27,2566.8,0,326,0,2.165
219,0,2,20.19,2804672.0,342,3,0,2.111
219,0,3,15.08,2673535.0,332,0,0,2.091
219,0,4,12.66,26041.9,1,335,0,2.037
219,0,5,12.32,2731381.0,349,3,0,2.136
219,0,6,23.59,13944.5,0,316,0,2.204
219,0,7,29.41,2468956.0,304,0,0,2.16
219,0,8,26.89,420978.8,49,280,0,2.274
219,0,9,11.95,2746163.9,339,3,0,2.048
219,0,10,25.73,12049.8,0,335,0,2.155
219,0,11,9.19,2727638.0,349,4,0,2.047
219,0,12,11.11,2877541.0,353,0,0,2.108
219,0,13,15.51,359441.2,30,281,0,2.285
219,0,14,23.28,2688046.0,329,0,0,2.133
219,0,15,21.85,2681126.0,330,2,0,2.166
219,0,16,21.6,382.9,0,321,0,2.107
219,0,17,23.82,2407382.4,307,16,0,2.187
219,0,18,27.48,2616246.4,328,8,0,2.133
219,0,19,5.6,8355.5,0,346,0,2.01
219,0,20,13.77,2525706.0,318,0,0,2.098
219,0,21,17.56,2830450.0,360,2,0,2.071
219,0,22,22.78,34082.3,0,318,0,2.204
219,0,23,12.17,33185.4,0,299,0,2.149
219,0,24,22.8,0.0,0,0,0,0.0
219,0,25,12.77,0.0,0,0,0,0.0
219,0,26,10.24,0.0,0,0,0,0.0
219,0,27,18.02,0.0,0,0,0,0.0
219,0,28,17.56,0.0,0,0,0,0.0
219,0,29,14.3,0.0,0,0,0,0.0
219,0,30,23.94,0.0,0,0,0,0.0
219,0,31,26.59,0.0,0,0,0,0.0
219,1,0,15.71,87031.1,3,285,0,3.283
219,1,1,17.29,2443264.0,305,3,0,3.115
219,1,2,19.04,382479.6,41,247,0,3.274
219,1,3,16.81,2382157.0,302,3,0,3.176
219,1,4,25.54,2963.8,0,293,0,3.135
219,1,5,18.36,2392734.2,291,4,0,3.116
219,1,6,8.63,1913036.2,233,48,0,3.176
219,1,7,5.33,2282808.4,277,7,0,3.136
219,1,8,8.28,2336938.7,294,2,0,3.141
219,1,9,16.95,62798.4,4,274,0,3.239
219,1,10,5.22,2398694.0,298,0,0,3.241
219,1,11,27.19,1964794.0,247,2,0,3.178
219,1,12,16.04,3564.3,0,283,0,3.055
219,1,13,25.94,2219908.8,283,9,0,3.101
219,1,14,7.56,2091086.2,264,3,0,3.135
219,1,15,10.93,2124610.5,269,30,0,3.153
219,1,16,21.21,2376474.0,302,3,0,3.181
219,1,17,10.16,2084617.7,268,6,0,3.153
219,1,18,13.45,1568011.0,175,71,0,3.122
219,1,19,28.59,382697.4,37,252,0,3.248
219,1,20,28.46,2355412.6,293,6,0,3.168
219,1,21,7.19,1815782.2,213,65,0,3.191
219,1,22,21.02,2150432.1,269,5,0,3.173
219,1,23,22.73,839061.1,90,171,0,3.222
219,1,24,27.19,14989.5,0,268,0,3.181
219,1,25,13.95,208882.4,16,282,0,3.235
219,1,26,20.95,2451854.0,303,5,0,3.138
219,1,27,28.46,0.0,0,0,0,0.0
219,1,28,27.22,0.0,0,0,0,0.0
219,1,29,21.5,0.0,0,0,0,0.0
219,1,30,21.16,0.0,0,0,0,0.0
219,1,31,18.93,0.0,0,0,0,0.0
219,2,0,6.96,1696.4,0,236,0,2.958
219,2,1,7.77,1651545.3,207,7,0,3.159
219,2,2,20.56,222036.0,22,196,0,3.098
219,2,3,13.62,1625590.7,198,3,0,3.172
219,2,4,16.07,1750530.0,207,0,0,3.115
219,2,5,14.57,2872.8,0,194,0,2.969
219,2,6,13.01,1487102.0,193,0,0,3.154
219,2,7,22.07,1044027.1,135,84,0,3.029
219,2,8,12.5,1254111.5,149,61,0,3.144
219,2,9,25.95,469379.0,50,154,0,3.231
219,2,10,28.65,1561850.4,196,12,0,3.22
219,2,11,13.51,244678.6,24,197,0,3.123
219,2,12,8.75,1568929.0,196,1,0,3.177
219,2,13,16.81,1443396.9,187,19,0,3.137
219,2,14,15.53,1643744.4,208,4,0,3.097
219,2,15,24.33,1457180.4,184,22,0,3.17
219,2,16,27.2,1507551.0,191,0,0,3.13
219,2,17,22.13,1648866.2,206,2,1,3.094
219,2,18,7.17,1524916.0,189,0,0,3.12
219,2,19,25.2,1694748.7,203,5,0,3.069
219,2,20,14.13,18031.2,0,181,0,3.154
219,2,21,13.24,1570676.9,191,17,0,3.128
219,2,22,17.91,1527044.0,192,0,0,3.194
219,2,23,17.9,1590004.0,204,1,0,3.218
219,2,24,22.87,755131.1,84,139,0,3.156
219,2,25,14.85,13071.4,0,202,0,3.122
219,2,26,13.33,1291671.1,149,55,0,3.143
219,2,27,21.36,1708880.2,217,2,0,3.146
219,2,28,11.89,852365.9,94,94,0,3.151
219,2,29,27.14,1566483.7,194,3,0,3.115
219,2,30,26.39,0.0,0,0,0,0.0
219,2,31,12.54,0.0,0,0,0,0.0
229,0,0,6.65,91389.4,3,323,0,2.337
229,0,1,22.27,2445.2,0,326,0,2.116
229,0,2,20.19,2814054.0,343,2,0,2.116
229,0,3,15.08,2673535.0,332,0,0,2.153
229,0,4,12.66,29027.7,0,336,0,2.06
229,0,5,12.32,2748412.0,351,1,0,2.098
229,0,6,23.59,15059.2,0,316,0,2.211
229,0,7,29.41,2468956.0,304,0,0,2.192
229,0,8,26.89,441286.7,50,279,0,2.324
229,0,9,11.95,2746163.9,339,3,0,2.049
229,0,10,25.73,11027.2,0,335,0,2.16
229,0,11,9.19,2737251.9,350,3,0,2.062
229,0,12,11.11,2877541.0,353,0,0,2.141
229,0,13,15.51,385812.9,35,276,0,2.368
229,0,14,23.28,2688046.0,329,0,0,2.153
229,0,15,21.85,2677966.0,330,2,0,2.173
229,0,16,21.6,360.4,0,321,0,2.16
229,0,17,23.82,2424798.1,307,16,0,2.218
229,0,18,27.48,2600947.8,326,10,0,2.19
229,0,19,5.6,7043.6,0,346,0,2.0
229,0,20,13.77,2525706.0,318,0,0,2.183
229,0,21,17.56,2821790.4,359,3,0,2.131
229,0,22,22.78,32719.7,0,318,0,2.261
229,0,23,12.17,27707.5,0,299,0,2.214
229,0,24,22.8,0.0,0,0,0,0.0
229,0,25,12.77,0.0,0,0,0,0.0
229,0,26,10.24,0.0,0,0,0,0.0
229,0,27,18.02,0.0,0,0,0,0.0
229,0,28,17.56,0.0,0,0,0,0.0
229,0,29,14.3,0.0,0,0,0,0.0
229,0,30,23.94,0.0,0,0,0,0.0
229,0,31,26.59,0.0,0,0,0,0.0
229,1,0,15.71,80769.1,3,285,0,3.29
229,1,1,17.29,2443264.0,305,3,0,3.144
229,1,2,19.04,318487.7,35,253,0,3.244
229,1,3,16.81,2401142.0,304,1,0,3.203
229,1,4,25.54,3236.3,0,293,0,3.207
229,1,5,18.36,2399656.5,292,3,0,3.162
229,1,6,8.63,1901111.3,225,56,0,3.222
229,1,7,5.33,2303866.8,280,4,0,3.155
229,1,8,8.28,2344852.5,295,1,0,3.128
229,1,9,16.95,72112.5,4,274,0,3.193
229,1,10,5.22,2398694.0,298,0,0,3.256
229,1,11,27.19,1964794.0,247,2,0,3.249
229,1,12,16.04,3598.6,0,283,0,3.124
229,1,13,25.94,2204109.4,281,11,0,3.152
229,1,14,7.56,2090592.7,264,3,0,3.15
229,1,15,10.93,2118427.8,264,34,0,3.198
229,1,16,21.21,2361320.9,300,5,0,3.189
229,1,17,10.16,2085133.5,268,6,0,3.189
229,1,18,13.45,1680528.8,189,57,0,3.171
229,1,19,28.59,383471.5,39,250,0,3.262
229,1,20,28.46,2373059.1,295,4,0,3.228
229,1,21,7.19,1827710.4,213,64,0,3.217
229,1,22,21.02,2143291.1,268,6,0,3.174
229,1,23,22.73,924358.6,100,161,0,3.259
229,1,24,27.19,14118.2,0,268,0,3.228
229,1,25,13.95,224355.7,15,283,0,3.247
229,1,26,20.95,2446266.0,302,6,0,3.173
229,1,27,28.46,0.0,0,0,0,0.0
229,1,28,27.22,0.0,0,0,0,0.0
229,1,29,21.5,0.0,0,0,0,0.0
229,1,30,21.16,0.0,0,0,0,0.0
229,1,31,18.93,0.0,0,0,0,0.0
229,2,0,6.96,1806.1,0,236,0,3.057
229,2,1,7.77,1662508.9,211,3,0,3.211
229,2,2,20.56,227963.7,23,195,0,3.139
229,2,3,13.62,1599035.2,196,5,0,3.239
229,2,4,16.07,1750530.0,207,0,0,3.214
229,2,5,14.57,2722.8,0,194,0,3.021
229,2,6,13.01,1487102.0,193,0,0,3.191
229,2,7,22.07,1151817.5,147,72,0,3.115
229,2,8,12.5,1317175.2,157,53,0,3.21
229,2,9,25.95,432408.0,47,157,0,3.272
229,2,10,28.65,1543246.6,192,16,0,3.222
229,2,11,13.51,259845.1,24,197,0,3.137
229,2,12,8.75,1568929.0,196,1,0,3.282
229,2,13,16.81,1476267.2,189,17,0,3.202
229,2,14,15.53,1641731.0,208,4,0,3.131
229,2,15,24.33,1442885.9,183,23,0,3.221
229,2,16,27.2,1507551.0,191,0,0,3.197
229,2,17,22.13,1647316.6,206,3,0,3.19
229,2,18,7.17,1531950.0,190,0,0,3.192
229,2,19,25.2,1701729.0,204,4,0,3.153
229,2,20,14.13,11916.4,0,181,0,3.262
229,2,21,13.24,1576056.7,189,19,0,3.19
229,2,22,17.91,1527044.0,192,0,0,3.243
229,2,23,17.9,1583424.0,203,2,0,3.245
229,2,24,22.87,745568.7,87,136,0,3.191
229,2,25,14.85,12883.7,0,202,0,3.23
229,2,26,13.33,1318259.9,154,51,0,3.209
229,2,27,21.36,1722731.0,219,0,0,3.235
229,2,28,11.89,947846.6,106,82,0,3.225
229,2,29,27.14,1544514.3,191,6,0,3.157
229,2,30,26.39,0.0,0,0,0,0.0
229,2,31,12.54,0.0,0,0,0,0.0
239,0,0,6.65,92341.8,1,325,0,2.654
239,0,1,22.27,2943.5,0,326,0,2.568
239,0,2,20.19,2804672.0,342,3,0,2.45
239,0,3,15.08,2673535.0,332,0,0,2.448
239,0,4,12.66,34409.8,0,336,0,2.401
239,0,5,12.32,2737259.0,350,2,0,2.472
239,0,6,23.59,19015.9,0,316,0,2.552
239,0,7,29.41,2468956.0,304,0,0,2.507
239,0,8,26.89,458795.3,42,287,0,2.626
239,0,9,11.95,2735732.0,337,5,0,2.453
239,0,10,25.73,14697.1,0,335,0,2.521
239,0,11,9.19,2725201.2,348,5,0,2.446
239,0,12,11.11,2867041.0,352,1,0,2.452
239,0,13,15.51,414797.3,30,281,0,2.656
239,0,14,23.28,2698059.0,330,0,0,2.485
239,0,15,21.85,2644387.2,325,7,0,2.505
239,0,16,21.6,387.4,0,320,1,2.477
239,0,17,23.82,2349634.8,296,27,0,2.524
239,0,18,27.48,2578081.1,324,12,0,2.528
239,0,19,5.6,9055.9,0,346,0,2.531
239,0,20,13.77,2525706.0,318,0,0,2.527
239,0,21,17.56,2798769.0,356,6,0,2.47
239,0,22,22.78,34980.2,0,318,0,2.678
239,0,23,12.17,32107.1,0,299,0,2.53
239,0,24,22.8,0.0,0,0,0,0.0
239,0,25,12.77,0.0,0,0,0,0.0
239,0,26,10.24,0.0,0,0,0,0.0
239,0,27,18.02,0.0,0,0,0,0.0
239,0,28,17.56,0.0,0,0,0,0.0
239,0,29,14.3,0.0,0,0,0,0.0
239,0,30,23.94,0.0,0,0,0,0.0
239,0,31,26.59,0.0,0,0,0,0.0
239,1,0,15.71,108640.4,4,284,0,3.563
239,1,1,17.29,2434420.3,303,5,0,3.502
239,1,2,19.04,417354.3,43,245,0,3.54
239,1,3,16.81,2379945.0,302,3,0,3.506
239,1,4,25.54,5262.7,0,293,0,3.401
239,1,5,18.36,2393656.0,291,4,0,3.5
239,1,6,8.63,1887378.8,222,59,0,3.509
239,1,7,5.33,2268683.7,276,8,0,3.491
239,1,8,8.28,2352148.0,296,0,0,3.505
239,1,9,16.95,89274.5,4,274,0,3.53
239,1,10,5.22,2394345.0,297,1,0,3.595
239,1,11,27.19,1956249.0,246,3,0,3.483
239,1,12,16.04,3863.8,0,283,0,3.397
239,1,13,25.94,2223754.8,282,10,0,3.445
239,1,14,7.56,2086601.8,264,3,0,3.469
239,1,15,10.93,2074282.4,258,40,0,3.487
239,1,16,21.21,2383883.1,302,3,0,3.491
239,1,17,10.16,2074377.4,267,7,0,3.521
239,1,18,13.45,1661897.7,184,61,0,3.462
239,1,19,28.59,427061.1,34,254,1,3.518
239,1,20,28.46,2357854.7,294,5,0,3.486
239,1,21,7.19,1807290.1,208,69,0,3.526
239,1,22,21.02,2141173.3,268,6,0,3.51
239,1,23,22.73,963206.4,94,167,0,3.561
239,1,24,27.19,16946.9,0,268,0,3.555
239,1,25,13.95,309074.9,17,281,0,3.518
239,1,26,20.95,2446266.0,302,6,0,3.468
239,1,27,28.46,0.0,0,0,0,0.0
239,1,28,27.22,0.0,0,0,0,0.0
239,1,29,21.5,0.0,0,0,0,0.0
239,1,30,21.16,0.0,0,0,0,0.0
239,1,31,18.93,0.0,0,0,0,0.0
239,2,0,6.96,3215.7,0,236,0,3.3
239,2,1,7.77,1626876.6,205,9,0,3.507
239,2,2,20.56,263805.8,21,197,0,3.481
239,2,3,13.62,1618969.0,197,4,0,3.503
239,2,4,16.07,1750530.0,207,0,0,3.448
239,2,5,14.57,4072.8,0,194,0,3.341
239,2,6,13.01,1487102.0,193,0,0,3.508
239,2,7,22.07,1183210.5,143,76,0,3.449
239,2,8,12.5,1371667.2,156,54,0,3.492
239,2,9,25.95,476764.4,47,157,0,3.552
239,2,10,28.65,1563652.7,193,15,0,3.501
239,2,11,13.51,281421.2,22,199,0,3.45
239,2,12,8.75,1568929.0,196,1,0,3.493
239,2,13,16.81,1458238.8,183,23,0,3.501
239,2,14,15.53,1632899.8,205,7,0,3.39
239,2,15,24.33,1430964.1,180,25,0,3.478
239,2,16,27.2,1507551.0,191,0,0,3.505
239,2,17,22.13,1651769.0,207,2,0,3.472
239,2,18,7.17,1524916.0,189,0,0,3.509
239,2,19,25.2,1675603.7,194,14,0,3.471
239,2,20,14.13,16717.9,0,181,0,3.502
239,2,21,13.24,1554209.1,187,20,0,3.473
239,2,22,17.91,1527044.0,192,0,0,3.54
239,2,23,17.9,1583348.4,203,2,0,3.486
239,2,24,22.87,851781.5,86,137,0,3.466
239,2,25,14.85,20626.6,0,202,0,3.463
239,2,26,13.33,1360273.8,156,48,0,3.449
239,2,27,21.36,1722731.0,219,0,0,3.579
239,2,28,11.89,995372.6,107,81,0,3.483
239,2,29,27.14,1560882.3,193,4,0,3.499
239,2,30,26.39,0.0,0,0,0,0.0
239,2,31,12.54,0.0,0,0,0,0.0
249,0,0,6.65,85080.8,3,323,0,2.082
249,0,1,22.27,1785.4,0,326,0,1.935
249,0,2,20.19,2799301.7,341,4,0,1.932
249,0,3,15.08,2673535.0,332,0,0,2.015
249,0,4,12.66,28378.5,0,336,0,1.953
249,0,5,12.32,2758122.0,352,0,0,2.03
249,0,6,23.59,11240.4,0,316,0,1.959
249,0,7,29.41,2468956.0,304,0,0,2.003
249,0,8,26.89,430208.9,50,279,0,2.119
249,0,9,11.95,2751699.6,339,3,0,1.943
249,0,10,25.73,11351.7,0,335,0,1.98
249,0,11,9.19,2742516.1,350,3,0,1.908
249,0,12,11.11,2869429.0,352,1,0,1.922
249,0,13,15.51,396878.1,35,276,0,2.176
249,0,14,23.28,2698059.0,330,0,0,1.991
249,0,15,21.85,2688995.0,331,3,0,1.975
249,0,16,21.6,277.0,0,321,0,1.911
249,0,17,23.82,2439793.4,308,15,0,2.073
249,0,18,27.48,2628261.2,330,6,0,2.023
249,0,19,5.6,6257.8,0,346,0,1.84
249,0,20,13.77,2525706.0,318,0,0,1.98
249,0,21,17.56,2836254.7,360,2,0,1.965
249,0,22,22.78,25420.0,0,318,0,2.072
249,0,23,12.17,27859.9,0,299,0,1.916
249,0,24,22.8,0.0,0,0,0,0.0
249,0,25,12.77,0.0,0,0,0,0.0
249,0,26,10.24,0.0,0,0,0,0.0
249,0,27,18.02,0.0,0,0,0,0.0
249,0,28,17.56,0.0,0,0,0,0.0
249,0,29,14.3,0.0,0,0,0,0.0
249,0,30,23.94,0.0,0,0,0,0.0
249,0,31,26.59,0.0,0,0,0,0.0
249,1,0,15.71,58809.6,2,286,0,3.133
249,1,1,17.29,2445107.3,305,3,0,3.014
249,1,2,19.04,260899.8,29,259,0,3.137
249,1,3,16.81,2391596.0,303,2,0,3.051
249,1,4,25.54,3199.2,0,293,0,2.915
249,1,5,18.36,2405583.9,293,2,0,3.068
249,1,6,8.63,1959730.5,236,45,0,3.072
249,1,7,5.33,2272972.2,276,8,0,3.059
249,1,8,8.28,2352148.0,296,0,0,3.021
249,1,9,16.95,75233.6,3,275,0,3.069
249,1,10,5.22,2398694.0,298,0,0,3.163
249,1,11,27.19,1964794.0,247,2,0,3.079
249,1,12,16.04,2376.6,0,283,0,2.985
249,1,13,25.94,2224481.0,284,8,0,3.015
249,1,14,7.56,2090531.5,264,3,0,3.058
249,1,15,10.93,2148674.4,267,31,0,3.049
249,1,16,21.21,2378668.8,302,3,0,3.067
249,1,17,10.16,2079847.8,268,6,0,3.051
249,1,18,13.45,1691140.9,189,57,0,3.057
249,1,19,28.59,372387.2,41,248,0,3.145
249,1,20,28.46,2361876.4,294,5,0,3.079
249,1,21,7.19,1820943.1,211,66,0,3.104
249,1,22,21.02,2151232.4,269,5,0,3.072
249,1,23,22.73,834646.1,91,170,0,3.128
249,1,24,27.19,8232.1,0,268,0,3.081
249,1,25,13.95,225045.5,16,282,0,3.138
249,1,26,20.95,2446266.0,302,6,0,3.048
249,1,27,28.46,0.0,0,0,0,0.0
249,1,28,27.22,0.0,0,0,0,0.0
249,1,29,21.5,0.0,0,0,0,0.0
249,1,30,21.16,0.0,0,0,0,0.0
249,1,31,18.93,0.0,0,0,0,0.0
249,2,0,6.96,1272.0,0,236,0,2.826
249,2,1,7.77,1647685.1,207,7,0,3.073
249,2,2,20.56,187690.8,16,202,0,3.027
249,2,3,13.62,1623194.9,198,3,0,3.073
249,2,4,16.07,1750530.0,207,0,0,3.034
249,2,5,14.57,2999.6,0,194,0,2.834
249,2,6,13.01,1487102.0,193,0,0,3.07
249,2,7,22.07,1162102.7,146,73,0,3.003
249,2,8,12.5,1294313.8,154,56,0,3.072
249,2,9,25.95,408535.7,47,157,0,3.068
249,2,10,28.65,1555817.1,195,13,0,3.077
249,2,11,13.51,212694.7,19,202,0,2.913
249,2,12,8.75,1568929.0,196,1,0,3.144
249,2,13,16.81,1481112.2,192,14,0,3.061
249,2,14,15.53,1644512.0,209,3,0,3.021
249,2,15,24.33,1449273.6,183,23,0,3.066
249,2,16,27.2,1507551.0,191,0,0,2.996
249,2,17,22.13,1667800.0,209,0,0,3.016
249,2,18,7.17,1531950.0,190,0,0,3.042
249,2,19,25.2,1697024.2,201,7,0,2.979
249,2,20,14.13,6709.0,0,181,0,3.015
249,2,21,13.24,1589413.8,194,14,0,3.013
249,2,22,17.91,1527044.0,192,0,0,3.064
249,2,23,17.9,1590004.0,204,1,0,3.021
249,2,24,22.87,743525.4,86,137,0,3.074
249,2,25,14.85,8848.6,0,202,0,2.947
249,2,26,13.33,1314962.9,154,50,0,3.058
249,2,27,21.36,1713598.0,218,1,0,3.092
249,2,28,11.89,940277.4,104,84,0,3.08
249,2,29,27.14,1567866.2,194,3,0,3.016
249,2,30,26.39,0.0,0,0,0,0.0
249,2,31,12.54,0.0,0,0,0,0.0
259,0,0,6.65,79046.7,3,323,0,1.949
259,0,1,22.27,1763.5,0,326,0,1.654
259,0,2,20.19,2814054.0,343,2,0,1.816
259,0,3,15.08,2673535.0,332,0,0,1.848
259,0,4,12.66,31455.9,0,336,0,1.739
259,0,5,12.32,2758122.0,352,0,0,1.871
259,0,6,23.59,9176.0,0,316,0,1.759
259,0,7,29.41,2468956.0,304,0,0,1.897
259,0,8,26.89,422601.0,51,278,0,2.004
259,0,9,11.95,2768237.8,341,1,0,1.802
259,0,10,25.73,10313.3,0,335,0,1.755
259,0,11,9.19,2747042.0,350,3,0,1.736
259,0,12,11.11,2877541.0,353,0,0,1.829
259,0,13,15.51,379185.3,34,277,0,2.057
259,0,14,23.28,2698059.0,330,0,0,1.911
259,0,15,21.85,2669992.0,329,3,0,1.882
259,0,16,21.6,224.6,0,321,0,1.89
259,0,17,23.82,2452985.9,311,12,0,1.932
259,0,18,27.48,2639100.3,331,5,0,1.918
259,0,19,5.6,7234.7,0,346,0,1.594
259,0,20,13.77,2525706.0,318,0,0,1.816
259,0,21,17.56,2833136.5,360,2,0,1.805
259,0,22,22.78,23040.4,0,318,0,1.868
259,0,23,12.17,27873.9,0,299,0,1.704
259,0,24,22.8,0.0,0,0,0,0.0
259,0,25,12.77,0.0,0,0,0,0.0
259,0,26,10.24,0.0,0,0,0,0.0
259,0,27,18.02,0.0,0,0,0,0.0
259,0,28,17.56,0.0,0,0,0,0.0
259,0,29,14.3,0.0,0,0,0,0.0
259,0,30,23.94,0.0,0,0,0,0.0
259,0,31,26.59,0.0,0,0,0,0.0
259,1,0,15.71,43062.8,2,286,0,2.839
259,1,1,17.29,2451671.0,306,2,0,2.884
259,1,2,19.04,294215.8,33,255,0,2.989
259,1,3,16.81,2391703.0,303,2,0,2.898
259,1,4,25.54,582.2,0,293,0,2.818
259,1,5,18.36,2404881.8,293,2,0,2.82
259,1,6,8.63,1965012.6,237,44,0,2.909
259,1,7,5.33,2283366.9,278,6,0,2.902
259,1,8,8.28,2344852.5,295,1,0,2.82
259,1,9,16.95,54219.9,3,275,0,2.892
259,1,10,5.22,2398694.0,298,0,0,3.009
259,1,11,27.19,1957127.5,245,4,0,2.896
259,1,12,16.04,1144.7,0,283,0,2.444
259,1,13,25.94,2230427.1,284,8,0,2.828
259,1,14,7.56,2089076.7,264,3,0,2.856
259,1,15,10.93,2173863.6,274,24,0,2.886
259,1,16,21.21,2364600.4,300,5,0,2.899
259,1,17,10.16,2095481.0,271,3,0,2.866
259,1,18,13.45,1667562.7,195,51,0,2.89
259,1,19,28.59,320551.5,39,249,1,2.969
259,1,20,28.46,2373513.2,295,4,0,2.91
259,1,21,7.19,1859426.9,217,60,0,2.919
259,1,22,21.02,2168131.0,272,2,0,2.875
259,1,23,22.73,722811.1,80,181,0,2.955
259,1,24,27.19,4573.5,0,268,0,2.903
259,1,25,13.95,222580.0,21,277,0,2.946
259,1,26,20.95,2457338.7,303,5,0,2.874
259,1,27,28.46,0.0,0,0,0,0.0
259,1,28,27.22,0.0,0,0,0,0.0
259,1,29,21.5,0.0,0,0,0,0.0
259,1,30,21.16,0.0,0,0,0,0.0
259,1,31,18.93,0.0,0,0,0,0.0
259,2,0,6.96,614.5,0,236,0,2.725
259,2,1,7.77,1662350.1,209,5,0,2.897
259,2,2,20.56,177131.4,18,200,0,2.876
259,2,3,13.62,1627362.8,198,3,0,2.875
259,2,4,16.07,1750530.0,207,0,0,2.844
259,2,5,14.57,2223.5,0,194,0,2.54
259,2,6,13.01,1487102.0,193,0,0,2.967
259,2,7,22.07,1278208.9,157,62,0,2.801
259,2,8,12.5,1295217.4,153,57,0,2.91
259,2,9,25.95,361745.4,42,162,0,2.93
259,2,10,28.65,1532023.3,191,17,0,2.919
259,2,11,13.51,167996.2,18,203,0,2.784
259,2,12,8.75,1574359.0,197,0,0,2.896
259,2,13,16.81,1475210.8,189,17,0,2.889
259,2,14,15.53,1654608.0,210,2,0,2.828
259,2,15,24.33,1481888.9,188,18,0,2.905
259,2,16,27.2,1507551.0,191,0,0,2.855
259,2,17,22.13,1667800.0,209,0,0,2.804
259,2,18,7.17,1531950.0,190,0,0,2.84
259,2,19,25.2,1686862.8,200,8,0,2.847
259,2,20,14.13,3584.9,0,181,0,2.767
259,2,21,13.24,1605799.4,195,13,0,2.875
259,2,22,17.91,1527044.0,192,0,0,2.868
259,2,23,17.9,1590004.0,204,1,0,2.867
259,2,24,22.87,723161.8,83,140,0,2.928
259,2,25,14.85,7543.4,0,202,0,2.667
259,2,26,13.33,1341854.5,159,45,0,2.908
259,2,27,21.36,1715112.5,218,1,0,2.892
259,2,28,11.89,909985.0,105,83,0,2.888
259,2,29,27.14,1573069.0,195,2,0,2.813
259,2,30,26.39,0.0,0,0,0,0.0
259,2,31,12.54,0.0,0,0,0,0.0
269,0,0,6.65,67314.5,3,323,0,1.895
269,0,1,22.27,2350.3,0,326,0,1.587
269,0,2,20.19,2822466.0,344,1,0,1.841
269,0,3,15.08,2673535.0,332,0,0,1.879
269,0,4,12.66,29964.0,0,336,0,1.812
269,0,5,12.32,2746969.0,351,1,0,1.877
269,0,6,23.59,9500.8,0,316,0,1.821
269,0,7,29.41,2468956.0,304,0,0,1.875
269,0,8,26.89,443141.9,49,280,0,2.042
269,0,9,11.95,2765428.1,341,1,0,1.815
269,0,10,25.73,11339.2,0,335,0,1.756
269,0,11,9.19,2740067.0,350,3,0,1.769
269,0,12,11.11,2877541.0,353,0,0,1.866
269,0,13,15.51,382243.6,34,277,0,2.111
269,0,14,23.28,2698059.0,330,0,0,1.876
269,0,15,21.85,2681126.0,330,2,0,1.885
269,0,16,21.6,221.1,0,321,0,1.97
269,0,17,23.82,2426851.3,310,13,0,1.942
269,0,18,27.48,2628501.0,329,7,0,1.925
269,0,19,5.6,6776.9,0,346,0,1.664
269,0,20,13.77,2525706.0,318,0,0,1.881
269,0,21,17.56,2832440.1,360,2,0,1.848
269,0,22,22.78,23361.9,0,318,0,1.848
269,0,23,12.17,27789.0,0,299,0,1.802
269,0,24,22.8,0.0,0,0,0,0.0
269,0,25,12.77,0.0,0,0,0,0.0
269,0,26,10.24,0.0,0,0,0,0.0
269,0,27,18.02,0.0,0,0,0,0.0
269,0,28,17.56,0.0,0,0,0,0.0
269,0,29,14.3,0.0,0,0,0,0.0
269,0,30,23.94,0.0,0,0,0,0.0
269,0,31,26.59,0.0,0,0,0,0.0
269,1,0,15.71,61275.4,2,286,0,2.985
269,1,1,17.29,2451671.0,306,2,0,2.9
269,1,2,19.04,285936.6,32,256,0,3.014
269,1,3,16.81,2401142.0,304,1,0,2.929
269,1,4,25.54,258.4,0,293,0,3.0
269,1,5,18.36,2392691.1,291,4,0,2.879
269,1,6,8.63,1951197.0,231,50,0,2.957
269,1,7,5.33,2304185.6,281,3,0,2.922
269,1,8,8.28,2352148.0,296,0,0,2.808
269,1,9,16.95,57629.7,2,276,0,3.054
269,1,10,5.22,2398694.0,298,0,0,3.042
269,1,11,27.19,1964794.0,247,2,0,2.941
269,1,12,16.04,1438.8,0,283,0,2.667
269,1,13,25.94,2224067.6,283,9,0,2.877
269,1,14,7.56,2089585.3,264,3,0,2.86
269,1,15,10.93,2190540.7,273,25,0,2.902
269,1,16,21.21,2376474.0,302,3,0,2.922
269,1,17,10.16,2089977.0,270,4,0,2.923
269,1,18,13.45,1699702.1,193,53,0,2.924
269,1,19,28.59,319744.6,36,252,1,3.073
269,1,20,28.46,2373321.2,295,4,0,2.942
269,1,21,7.19,1887360.7,218,59,0,2.974
269,1,22,21.02,2152934.3,270,4,0,2.913
269,1,23,22.73,744155.2,84,177,0,2.998
269,1,24,27.19,4502.6,0,268,0,2.846
269,1,25,13.95,226551.5,21,277,0,3.025
269,1,26,20.95,2456974.0,303,5,0,2.914
269,1,27,28.46,0.0,0,0,0,0.0
269,1,28,27.22,0.0,0,0,0,0.0
269,1,29,21.5,0.0,0,0,0,0.0
269,1,30,21.16,0.0,0,0,0,0.0
269,1,31,18.93,0.0,0,0,0,0.0
269,2,0,6.96,969.8,0,236,0,2.581
269,2,1,7.77,1662069.8,210,4,0,2.965
269,2,2,20.56,175698.0,20,198,0,2.947
269,2,3,13.62,1639345.0,200,1,0,3.026
269,2,4,16.07,1750530.0,207,0,0,2.989
269,2,5,14.57,2291.8,0,194,0,2.618
269,2,6,13.01,1487102.0,193,0,0,3.031
269,2,7,22.07,1274510.8,158,61,0,2.925
269,2,8,12.5,1297454.1,155,55,0,3.034
269,2,9,25.95,393874.6,45,159,0,3.044
269,2,10,28.65,1594701.9,197,11,0,3.015
269,2,11,13.51,160493.4,16,205,0,2.948
269,2,12,8.75,1568929.0,196,1,0,3.021
269,2,13,16.81,1485771.7,191,15,0,3.056
269,2,14,15.53,1648313.3,208,4,0,2.953
269,2,15,24.33,1488509.9,186,19,0,3.001
269,2,16,27.2,1507551.0,191,0,0,2.962
269,2,17,22.13,1667800.0,209,0,0,2.936
269,2,18,7.17,1524916.0,189,0,0,2.993
269,2,19,25.2,1706850.7,205,3,0,2.925
269,2,20,14.13,2929.4,0,181,0,2.958
269,2,21,13.24,1596126.8,196,12,0,2.984
269,2,22,17.91,1527044.0,192,0,0,2.96
269,2,23,17.9,1583835.2,203,2,0,2.925
269,2,24,22.87,809848.8,90,134,0,2.993
269,2,25,14.85,4151.6,0,202,0,2.714
269,2,26,13.33,1404706.3,165,39,0,2.974
269,2,27,21.36,1715879.7,218,1,0,3.059
269,2,28,11.89,972907.6,109,79,0,2.977
269,2,29,27.14,1561050.4,193,4,0,2.995
269,2,30,26.39,0.0,0,0,0,0.0
269,2,31,12.54,0.0,0,0,0,0.0
279,0,0,6.65,65057.9,3,323,0,2.163
279,0,1,22.27,2173.8,0,326,0,1.957
279,0,2,20.19,2822466.0,344,1,0,2.029
279,0,3,15.08,2673535.0,332,0,0,2.07
279,0,4,12.66,26740.2,0,336,0,2.047
279,0,5,12.32,2740049.0,350,2,0,2.055
279,0,6,23.59,11377.7,0,316,0,2.006
279,0,7,29.41,2468956.0,304,0,0,2.043
279,0,8,26.89,486115.5,54,275,0,2.188
279,0,9,11.95,2748601.0,339,3,0,1.973
279,0,10,25.73,13207.3,0,335,0,2.0
279,0,11,9.19,2737187.9,350,3,0,1.933
279,0,12,11.11,2877541.0,353,0,0,2.022
279,0,13,15.51,406894.1,34,277,0,2.254
279,0,14,23.28,2688046.0,329,0,0,2.104
279,0,15,21.85,2692324.0,331,2,0,2.057
279,0,16,21.6,248.2,0,321,0,1.963
279,0,17,23.82,2419269.5,308,15,0,2.087
279,0,18,27.48,2626748.5,330,6,0,2.066
279,0,19,5.6,6754.0,0,346,0,1.975
279,0,20,13.77,2536391.0,319,0,0,2.002
279,0,21,17.56,2816299.9,358,4,0,1.979
279,0,22,22.78,21451.6,0,318,0,2.093
279,0,23,12.17,29567.6,0,299,0,1.938
279,0,24,22.8,0.0,0,0,0,0.0
279,0,25,12.77,0.0,0,0,0,0.0
279,0,26,10.24,0.0,0,0,0,0.0
279,0,27,18.02,0.0,0,0,0,0.0
279,0,28,17.56,0.0,0,0,0,0.0
279,0,29,14.3,0.0,0,0,0,0.0
279,0,30,23.94,0.0,0,0,0,0.0
279,0,31,26.59,0.0,0,0,0,0.0
279,1,0,15.71,63719.3,2,286,0,3.175
279,1,1,17.29,2451671.0,306,2,0,3.045
279,1,2,19.04,321448.8,36,252,0,3.198
279,1,3,16.81,2401142.0,304,1,0,3.108
279,1,4,25.54,374.2,0,293,0,3.0
279,1,5,18.36,2400755.5,292,3,0,3.058
279,1,6,8.63,1940787.4,232,49,0,3.122
279,1,7,5.33,2278131.3,277,7,0,3.077
279,1,8,8.28,2352148.0,296,0,0,3.029
279,1,9,16.95,70851.6,3,275,0,3.196
279,1,10,5.22,2398694.0,298,0,0,3.214
279,1,11,27.19,1960188.0,246,3,0,3.103
279,1,12,16.04,1872.8,0,283,0,3.14
279,1,13,25.94,2208358.5,281,11,0,3.077
279,1,14,7.56,2090329.5,264,3,0,3.026
279,1,15,10.93,2174297.3,273,25,0,3.074
279,1,16,21.21,2368870.0,301,4,0,3.124
279,1,17,10.16,2084825.0,269,5,0,3.049
279,1,18,13.45,1689548.4,187,58,1,3.066
279,1,19,28.59,374156.6,37,251,1,3.127
279,1,20,28.46,2373542.7,295,4,0,3.105
279,1,21,7.19,1858286.3,221,56,0,3.137
279,1,22,21.02,2151407.4,270,4,0,3.097
279,1,23,22.73,830995.6,85,176,0,3.152
279,1,24,27.19,4081.3,0,268,0,3.051
279,1,25,13.95,284113.0,19,279,0,3.164
279,1,26,20.95,2451854.0,303,5,0,3.103
279,1,27,28.46,0.0,0,0,0,0.0
279,1,28,27.22,0.0,0,0,0,0.0
279,1,29,21.5,0.0,0,0,0,0.0
279,1,30,21.16,0.0,0,0,0,0.0
279,1,31,18.93,0.0,0,0,0,0.0
279,2,0,6.96,1622.8,0,236,0,2.776
279,2,1,7.77,1650572.8,209,5,0,3.118
279,2,2,20.56,175100.0,18,200,0,3.141
279,2,3,13.62,1636373.3,199,2,0,3.071
279,2,4,16.07,1750530.0,207,0,0,3.031
279,2,5,14.57,2258.8,0,194,0,2.847
279,2,6,13.01,1487102.0,193,0,0,3.183
279,2,7,22.07,1274965.0,156,63,0,3.064
279,2,8,12.5,1392746.1,162,48,0,3.138
279,2,9,25.95,427301.6,44,160,0,3.125
279,2,10,28.65,1585907.7,195,13,0,3.132
279,2,11,13.51,158584.5,17,204,0,3.089
279,2,12,8.75,1568929.0,196,1,0,3.157
279,2,13,16.81,1535120.7,198,8,0,3.125
279,2,14,15.53,1642140.1,206,6,0,3.098
279,2,15,24.33,1465692.9,187,19,0,3.142
279,2,16,27.2,1507551.0,191,0,0,3.056
279,2,17,22.13,1662425.0,208,1,0,3.062
279,2,18,7.17,1518422.8,188,1,0,3.145
279,2,19,25.2,1701999.6,204,4,0,3.063
279,2,20,14.13,4423.3,0,181,0,3.122
279,2,21,13.24,1612492.9,195,13,0,3.097
279,2,22,17.91,1527044.0,192,0,0,3.141
279,2,23,17.9,1590004.0,204,1,0,3.067
279,2,24,22.87,769192.5,85,138,0,3.132
279,2,25,14.85,4913.2,0,202,0,2.821
279,2,26,13.33,1411202.8,160,44,0,3.106
279,2,27,21.36,1700135.9,216,3,0,3.167
279,2,28,11.89,1016571.5,113,75,0,3.106
279,2,29,27.14,1567375.8,194,3,0,3.082
279,2,30,26.39,0.0,0,0,0,0.0
279,2,31,12.54,0.0,0,0,0,0.0
289,0,0,6.65,73145.3,4,322,0,2.094
289,0,1,22.27,2674.9,0,326,0,1.857
289,0,2,20.19,2816011.7,343,2,0,1.968
289,0,3,15.08,2673535.0,332,0,0,2.028
289,0,4,12.66,27532.2,0,336,0,1.989
289,0,5,12.32,2748412.0,351,1,0,1.998
289,0,6,23.59,12293.4,0,316,0,1.906
289,0,7,29.41,2468956.0,304,0,0,2.003
289,0,8,26.89,449516.8,51,278,0,2.12
289,0,9,11.95,2747494.1,339,3,0,1.955
289,0,10,25.73,12801.1,0,335,0,2.0
289,0,11,9.19,2730017.9,349,4,0,1.919
289,0,12,11.11,2877541.0,353,0,0,1.952
289,0,13,15.51,372009.1,30,281,0,2.198
289,0,14,23.28,2689732.0,329,1,0,2.01
289,0,15,21.85,2669875.0,329,3,0,2.012
289,0,16,21.6,249.1,0,321,0,2.031
289,0,17,23.82,2435479.3,311,12,0,2.069
289,0,18,27.48,2592605.2,324,12,0,2.057
289,0,19,5.6,7828.7,0,346,0,1.96
289,0,20,13.77,2536391.0,319,0,0,1.959
289,0,21,17.56,2815673.4,357,5,0,1.946
289,0,22,22.78,24830.0,0,318,0,2.065
289,0,23,12.17,26591.1,0,299,0,1.923
289,0,24,22.8,0.0,0,0,0,0.0
289,0,25,12.77,0.0,0,0,0,0.0
289,0,26,10.24,0.0,0,0,0,0.0
289,0,27,18.02,0.0,0,0,0,0.0
289,0,28,17.56,0.0,0,0,0,0.0
289,0,29,14.3,0.0,0,0,0,0.0
289,0,30,23.94,0.0,0,0,0,0.0
289,0,31,26.59,0.0,0,0,0,0.0
289,1,0,15.71,65832.8,2,286,0,3.126
289,1,1,17.29,2441973.0,305,4,0,3.032
289,1,2,19.04,389749.8,43,245,0,3.126
289,1,3,16.81,2401142.0,304,1,0,3.056
289,1,4,25.54,311.7,0,293,0,3.15
289,1,5,18.36,2406324.6,293,2,0,3.007
289,1,6,8.63,1942063.0,233,48,0,3.068
289,1,7,5.33,2301327.1,280,4,0,3.067
289,1,8,8.28,2352148.0,296,0,0,2.957
289,1,9,16.95,71923.8,4,274,0,3.094
289,1,10,5.22,2398694.0,298,0,0,3.11
289,1,11,27.19,1963587.8,246,3,0,3.023
289,1,12,16.04,1918.1,0,283,0,2.852
289,1,13,25.94,2228417.5,282,10,0,3.011
289,1,14,7.56,2090502.2,264,3,0,3.051
289,1,15,10.93,2163531.7,272,26,0,3.058
289,1,16,21.21,2361426.0,300,5,0,3.042
289,1,17,10.16,2074381.6,267,7,0,3.041
289,1,18,13.45,1684180.0,192,53,0,3.029
289,1,19,28.59,374743.9,39,249,1,3.138
289,1,20,28.46,2379323.5,296,4,0,3.053
289,1,21,7.19,1846326.5,217,60,0,3.081
289,1,22,21.02,2149241.0,270,4,0,3.031
289,1,23,22.73,778553.0,87,174,0,3.127
289,1,24,27.19,4426.5,0,268,0,2.97
289,1,25,13.95,223902.4,19,279,0,3.12
289,1,26,20.95,2464252.0,305,3,0,3.052
289,1,27,28.46,0.0,0,0,0,0.0
289,1,28,27.22,0.0,0,0,0,0.0
289,1,29,21.5,0.0,0,0,0,0.0
289,1,30,21.16,0.0,0,0,0,0.0
289,1,31,18.93,0.0,0,0,0,0.0
289,2,0,6.96,1688.0,0,236,0,2.742
289,2,1,7.77,1658357.2,210,4,0,3.047
289,2,2,20.56,180233.6,16,202,0,3.052
289,2,3,13.62,1621241.0,198,3,0,3.082
289,2,4,16.07,1750530.0,207,0,0,2.985
289,2,5,14.57,1985.3,0,194,0,2.657
289,2,6,13.01,1487102.0,193,0,0,3.082
289,2,7,22.07,1185731.5,149,70,0,2.995
289,2,8,12.5,1299910.8,153,57,0,3.065
289,2,9,25.95,440200.7,49,155,0,3.075
289,2,10,28.65,1537490.2,193,15,0,3.078
289,2,11,13.51,156248.4,17,204,0,2.948
289,2,12,8.75,1574359.0,197,0,0,3.089
289,2,13,16.81,1503950.6,193,13,0,3.054
289,2,14,15.53,1645850.0,209,3,0,2.989
289,2,15,24.33,1482587.2,189,17,0,3.073
289,2,16,27.2,1507551.0,191,0,0,2.996
289,2,17,22.13,1667800.0,209,0,0,2.99
289,2,18,7.17,1524916.0,189,0,0,3.047
289,2,19,25.2,1705186.2,202,6,0,3.008
289,2,20,14.13,3497.9,0,181,0,3.051
289,2,21,13.24,1603339.8,197,11,0,3.033
289,2,22,17.91,1527044.0,192,0,0,3.024
289,2,23,17.9,1590004.0,204,1,0,3.022
289,2,24,22.87,775887.4,87,136,0,3.07
289,2,25,14.85,5498.4,0,202,0,3.012
289,2,26,13.33,1349944.9,158,46,0,3.052
289,2,27,21.36,1722731.0,219,0,0,3.067
289,2,28,11.89,988543.9,106,82,0,3.045
289,2,29,27.14,1549333.9,191,6,0,3.057
289,2,30,26.39,0.0,0,0,0,0.0
289,2,31,12.54,0.0,0,0,0,0.0
299,0,0,6.65,73765.0,2,324,0,2.407
299,0,1,22.27,2908.7,0,326,0,2.075
299,0,2,20.19,2797329.2,341,4,0,2.166
299,0,3,15.08,2673535.0,332,0,0,2.216
299,0,4,12.66,26903.2,0,336,0,2.205
299,0,5,12.32,2740049.0,350,2,0,2.169
299,0,6,23.59,10956.8,0,316,0,2.291
299,0,7,29.41,2468956.0,304,0,0,2.213
299,0,8,26.89,510153.1,54,275,0,2.304
299,0,9,11.95,2746163.9,339,3,0,2.15
299,0,10,25.73,14867.7,0,335,0,2.329
299,0,11,9.19,2731238.3,349,4,0,2.091
299,0,12,11.11,2877541.0,353,0,0,2.155
299,0,13,15.51,397384.6,33,278,0,2.394
299,0,14,23.28,2676712.0,328,1,0,2.247
299,0,15,21.85,2667847.0,328,5,0,2.185
299,0,16,21.6,303.9,0,321,0,2.3
299,0,17,23.82,2399195.7,302,21,0,2.251
299,0,18,27.48,2613114.7,328,8,0,2.227
299,0,19,5.6,6603.6,0,346,0,2.24
299,0,20,13.77,2525706.0,318,0,0,2.207
299,0,21,17.56,2808437.4,357,5,0,2.11
299,0,22,22.78,26642.5,0,318,0,2.28
299,0,23,12.17,26154.0,0,299,0,2.17
299,0,24,22.8,0.0,0,0,0,0.0
299,0,25,12.77,0.0,0,0,0,0.0
299,0,26,10.24,0.0,0,0,0,0.0
299,0,27,18.02,0.0,0,0,0,0.0
299,0,28,17.56,0.0,0,0,0,0.0
299,0,29,14.3,0.0,0,0,0,0.0
299,0,30,23.94,0.0,0,0,0,0.0
299,0,31,26.59,0.0,0,0,0,0.0
299,1,0,15.71,65640.7,2,286,0,3.379
299,1,1,17.29,2436390.2,304,4,0,3.275
299,1,2,19.04,389872.6,38,250,0,3.374
299,1,3,16.81,2391703.0,303,2,0,3.234
299,1,4,25.54,1020.3,0,293,0,3.242
299,1,5,18.36,2392696.3,291,4,0,3.233
299,1,6,8.63,1964020.8,236,45,0,3.284
299,1,7,5.33,2280592.8,278,6,0,3.263
299,1,8,8.28,2352148.0,296,0,0,3.255
299,1,9,16.95,83269.1,3,275,0,3.298
299,1,10,5.22,2398694.0,298,0,0,3.364
299,1,11,27.19,1963587.8,246,3,0,3.301
299,1,12,16.04,2319.8,0,283,0,3.312
299,1,13,25.94,2208151.7,280,12,0,3.241
299,1,14,7.56,2089849.1,264,3,0,3.2
299,1,15,10.93,2143387.1,269,29,0,3.234
299,1,16,21.21,2376474.0,302,3,0,3.246
299,1,17,10.16,2085343.8,269,5,0,3.294
299,1,18,13.45,1693344.6,187,58,0,3.224
299,1,19,28.59,408428.5,36,252,1,3.298
299,1,20,28.46,2366823.1,294,5,0,3.244
299,1,21,7.19,1910506.1,223,55,0,3.273
299,1,22,21.02,2139075.4,268,6,0,3.279
299,1,23,22.73,930521.6,95,166,0,3.328
299,1,24,27.19,6537.0,0,268,0,3.327
299,1,25,13.95,254697.5,19,279,0,3.329
299,1,26,20.95,2446266.0,302,6,0,3.27
299,1,27,28.46,0.0,0,0,0,0.0
299,1,28,27.22,0.0,0,0,0,0.0
299,1,29,21.5,0.0,0,0,0,0.0
299,1,30,21.16,0.0,0,0,0,0.0
299,1,31,18.93,0.0,0,0,0,0.0
299,2,0,6.96,1809.5,0,236,0,3.055
299,2,1,7.77,1665036.4,209,5,0,3.286
299,2,2,20.56,205304.9,19,199,0,3.281
299,2,3,13.62,1612435.0,198,3,0,3.332
299,2,4,16.07,1745042.1,206,1,0,3.224
299,2,5,14.57,2489.7,0,194,0,3.048
299,2,6,13.01,1487102.0,193,0,0,3.377
299,2,7,22.07,1299661.6,159,60,0,3.287
299,2,8,12.5,1460093.5,170,40,0,3.332
299,2,9,25.95,441625.1,44,160,0,3.347
299,2,10,28.65,1610114.2,200,8,0,3.346
299,2,11,13.51,196504.1,18,203,0,3.285
299,2,12,8.75,1568929.0,196,1,0,3.318
299,2,13,16.81,1529331.0,198,8,0,3.338
299,2,14,15.53,1640536.0,207,5,0,3.257
299,2,15,24.33,1471075.9,185,21,0,3.315
299,2,16,27.2,1507551.0,191,0,0,3.289
299,2,17,22.13,1648370.2,206,3,0,3.247
299,2,18,7.17,1524916.0,189,0,0,3.205
299,2,19,25.2,1678971.9,199,9,0,3.227
299,2,20,14.13,5463.9,0,181,0,3.239
299,2,21,13.24,1598072.5,195,12,0,3.273
299,2,22,17.91,1527044.0,192,0,0,3.323
299,2,23,17.9,1590004.0,204,1,0,3.31
299,2,24,22.87,913723.5,97,126,0,3.313
299,2,25,14.85,6723.4,0,202,0,3.133
299,2,26,13.33,1404537.5,164,41,0,3.298
299,2,27,21.36,1702712.0,217,2,0,3.351
299,2,28,11.89,1048105.2,110,78,0,3.272
299,2,29,27.14,1542283.5,191,6,0,3.289
299,2,30,26.39,0.0,0,0,0,0.0
299,2,31,12.54,0.0,0,0,0,0.0
309,0,0,6.65,71437.7,2,324,0,2.307
309,0,1,22.27,2853.0,0,326,0,2.082
309,0,2,20.19,2804672.0,342,3,0,2.125
309,0,3,15.08,2673535.0,332,0,0,2.224
309,0,4,12.66,29603.7,0,336,0,2.159
309,0,5,12.32,2740049.0,350,2,0,2.201
309,0,6,23.59,10514.9,0,316,0,2.225
309,0,7,29.41,2468956.0,304,0,0,2.161
309,0,8,26.89,541365.0,59,270,0,2.275
309,0,9,11.95,2748358.7,339,3,0,2.127
309,0,10,25.73,14909.9,0,335,0,2.347
309,0,11,9.19,2740519.3,350,3,0,2.089
309,0,12,11.11,2869741.2,352,1,0,2.164
309,0,13,15.51,411341.6,39,272,0,2.372
309,0,14,23.28,2688046.0,329,0,0,2.213
309,0,15,21.85,2659897.0,327,5,0,2.151
309,0,16,21.6,246.2,0,321,0,2.278
309,0,17,23.82,2405181.5,306,17,0,2.244
309,0,18,27.48,2618626.5,329,7,0,2.188
309,0,19,5.6,6042.9,0,346,0,2.168
309,0,20,13.77,2515428.0,317,0,0,2.147
309,0,21,17.56,2798112.8,356,6,0,2.141
309,0,22,22.78,27009.9,1,317,0,2.248
309,0,23,12.17,25340.2,0,299,0,2.098
309,0,24,22.8,0.0,0,0,0,0.0
309,0,25,12.77,0.0,0,0,0,0.0
309,0,26,10.24,0.0,0,0,0,0.0
309,0,27,18.02,0.0,0,0,0,0.0
309,0,28,17.56,0.0,0,0,0,0.0
309,0,29,14.3,0.0,0,0,0,0.0
309,0,30,23.94,0.0,0,0,0,0.0
309,0,31,26.59,0.0,0,0,0,0.0
309,1,0,15.71,59046.2,3,285,0,3.318
309,1,1,17.29,2443264.0,305,3,0,3.253
309,1,2,19.04,411332.8,41,247,0,3.36
309,1,3,16.81,2391703.0,303,2,0,3.257
309,1,4,25.54,1548.2,0,293,0,3.111
309,1,5,18.36,2373659.5,288,7,0,3.231
309,1,6,8.63,1948845.9,233,48,0,3.274
309,1,7,5.33,2263931.0,276,8,0,3.263
309,1,8,8.28,2352148.0,296,0,0,3.241
309,1,9,16.95,91108.1,3,275,0,3.372
309,1,10,5.22,2398694.0,298,0,0,3.359
309,1,11,27.19,1960188.0,246,3,0,3.315
309,1,12,16.04,2157.4,0,283,0,3.172
309,1,13,25.94,2217389.9,283,9,0,3.208
309,1,14,7.56,2091018.2,264,3,0,3.206
309,1,15,10.93,2130955.8,266,32,0,3.239
309,1,16,21.21,2362087.4,300,5,0,3.291
309,1,17,10.16,2079850.8,268,6,0,3.239
309,1,18,13.45,1735060.9,194,51,0,3.245
309,1,19,28.59,401158.6,34,254,1,3.325
309,1,20,28.46,2368708.8,295,4,0,3.272
309,1,21,7.19,1914872.6,216,61,0,3.288
309,1,22,21.02,2151712.3,270,4,0,3.273
309,1,23,22.73,940347.7,97,164,0,3.334
309,1,24,27.19,6413.3,0,268,0,3.367
309,1,25,13.95,256768.9,17,281,0,3.382
309,1,26,20.95,2451854.0,303,5,0,3.237
309,1,27,28.46,0.0,0,0,0,0.0
309,1,28,27.22,0.0,0,0,0,0.0
309,1,29,21.5,0.0,0,0,0,0.0
309,1,30,21.16,0.0,0,0,0,0.0
309,1,31,18.93,0.0,0,0,0,0.0
309,2,0,6.96,1816.7,0,236,0,3.069
309,2,1,7.77,1643729.2,208,6,0,3.321
309,2,2,20.56,211888.0,14,204,0,3.275
309,2,3,13.62,1628528.4,199,2,0,3.336
309,2,4,16.07,1750530.0,207,0,0,3.253
309,2,5,14.57,2721.9,0,194,0,3.032
309,2,6,13.01,1487102.0,193,0,0,3.365
309,2,7,22.07,1311904.7,160,59,0,3.257
309,2,8,12.5,1410871.1,163,47,0,3.29
309,2,9,25.95,454448.7,45,159,0,3.337
309,2,10,28.65,1593635.8,198,10,0,3.3
309,2,11,13.51,175953.9,16,205,0,3.252
309,2,12,8.75,1568929.0,196,1,0,3.338
309,2,13,16.81,1507225.6,194,12,0,3.325
309,2,14,15.53,1640393.0,208,4,0,3.247
309,2,15,24.33,1486562.9,187,19,0,3.292
309,2,16,27.2,1507551.0,191,0,0,3.232
309,2,17,22.13,1648702.5,206,3,0,3.292
309,2,18,7.17,1524916.0,189,0,0,3.25
309,2,19,25.2,1696346.5,202,6,0,3.212
309,2,20,14.13,4801.0,0,181,0,3.237
309,2,21,13.24,1594203.9,192,16,0,3.269
309,2,22,17.91,1527044.0,192,0,0,3.266
309,2,23,17.9,1584366.3,203,2,0,3.277
309,2,24,22.87,885538.1,93,130,0,3.263
309,2,25,14.85,4986.5,0,202,0,3.233
309,2,26,13.33,1400097.7,166,39,0,3.269
309,2,27,21.36,1716307.4,218,1,0,3.392
309,2,28,11.89,1050930.8,115,73,0,3.256
309,2,29,27.14,1565655.0,194,3,0,3.29
309,2,30,26.39,0.0,0,0,0,0.0
309,2,31,12.54,0.0,0,0,0,0.0
319,0,0,6.65,69722.3,1,325,0,2.4
319,0,1,22.27,2650.4,0,326,0,2.16
319,0,2,20.19,2814351.0,343,2,0,2.14
319,0,3,15.08,2673535.0,332,0,0,2.24
319,0,4,12.66,30579.8,0,336,0,2.214
319,0,5,12.32,2748412.0,351,1,0,2.203
319,0,6,23.59,11726.3,0,316,0,2.264
319,0,7,29.41,2468956.0,304,0,0,2.191
319,0,8,26.89,547050.1,56,273,0,2.336
319,0,9,11.95,2767702.6,341,1,0,2.123
319,0,10,25.73,13339.4,0,335,0,2.313
319,0,11,9.19,2721273.7,348,5,0,2.146
319,0,12,11.11,2877541.0,353,0,0,2.204
319,0,13,15.51,393792.0,32,279,0,2.43
319,0,14,23.28,2688046.0,329,0,0,2.284
319,0,15,21.85,2665014.0,328,4,0,2.213
319,0,16,21.6,214.5,0,321,0,2.244
319,0,17,23.82,2425725.6,306,17,0,2.266
319,0,18,27.48,2610501.0,328,8,0,2.237
319,0,19,5.6,6776.5,0,346,0,2.186
319,0,20,13.77,2525706.0,318,0,0,2.224
319,0,21,17.56,2820897.6,358,4,0,2.134
319,0,22,22.78,23900.2,0,318,0,2.261
319,0,23,12.17,25141.0,0,299,0,2.225
319,0,24,22.8,0.0,0,0,0,0.0
319,0,25,12.77,0.0,0,0,0,0.0
319,0,26,10.24,0.0,0,0,0,0.0
319,0,27,18.02,0.0,0,0,0,0.0
319,0,28,17.56,0.0,0,0,0,0.0
319,0,29,14.3,0.0,0,0,0,0.0
319,0,30,23.94,0.0,0,0,0,0.0
319,0,31,26.59,0.0,0,0,0,0.0
319,1,0,15.71,80268.1,2,286,0,3.437
319,1,1,17.29,2451671.0,306,2,0,3.297
319,1,2,19.04,473930.6,46,242,0,3.416
319,1,3,16.81,2391703.0,303,2,0,3.373
319,1,4,25.54,708.4,0,293,0,3.194
319,1,5,18.36,2393866.1,291,4,0,3.336
319,1,6,8.63,1940952.5,235,46,0,3.373
319,1,7,5.33,2280288.9,277,7,0,3.37
319,1,8,8.28,2352148.0,296,0,0,3.343
319,1,9,16.95,80708.1,4,274,0,3.362
319,1,10,5.22,2398694.0,298,0,0,3.448
319,1,11,27.19,1960188.0,246,3,0,3.382
319,1,12,16.04,1918.2,0,283,0,3.362
319,1,13,25.94,2201602.8,278,14,0,3.335
319,1,14,7.56,2091018.2,264,3,0,3.309
319,1,15,10.93,2128419.0,263,36,0,3.311
319,1,16,21.21,2361408.9,300,5,0,3.362
319,1,17,10.16,2085343.0,269,5,0,3.352
319,1,18,13.45,1676968.6,188,58,0,3.337
319,1,19,28.59,402878.1,33,256,0,3.372
319,1,20,28.46,2368708.8,295,4,0,3.34
319,1,21,7.19,1888269.0,222,56,0,3.388
319,1,22,21.02,2145661.8,269,5,0,3.352
319,1,23,22.73,1017422.6,105,156,0,3.382
319,1,24,27.19,6257.2,0,268,0,3.29
319,1,25,13.95,284372.3,16,282,0,3.442
319,1,26,20.95,2446266.0,302,6,0,3.339
319,1,27,28.46,0.0,0,0,0,0.0
319,1,28,27.22,0.0,0,0,0,0.0
319,1,29,21.5,0.0,0,0,0,0.0
319,1,30,21.16,0.0,0,0,0,0.0
319,1,31,18.93,0.0,0,0,0,0.0
319,2,0,6.96,1627.1,0,236,0,3.107
319,2,1,7.77,1638036.1,205,9,0,3.373
319,2,2,20.56,207034.9,15,203,0,3.306
319,2,3,13.62,1632329.3,198,3,0,3.409
319,2,4,16.07,1750530.0,207,0,0,3.305
319,2,5,14.57,2146.6,0,194,0,3.091
319,2,6,13.01,1487102.0,193,0,0,3.345
319,2,7,22.07,1381237.0,164,55,0,3.322
319,2,8,12.5,1436015.4,162,48,0,3.368
319,2,9,25.95,464513.9,47,157,0,3.377
319,2,10,28.65,1591537.9,196,12,0,3.36
319,2,11,13.51,185574.3,16,205,0,3.271
319,2,12,8.75,1568929.0,196,1,0,3.402
319,2,13,16.81,1559850.7,200,6,0,3.374
319,2,14,15.53,1642736.9,208,4,0,3.296
319,2,15,24.33,1481235.5,185,20,0,3.372
319,2,16,27.2,1507551.0,191,0,0,3.418
319,2,17,22.13,1649310.9,206,3,0,3.371
319,2,18,7.17,1524916.0,189,0,0,3.359
319,2,19,25.2,1711760.7,204,4,0,3.288
319,2,20,14.13,5999.2,0,181,0,3.325
319,2,21,13.24,1556783.3,188,19,0,3.341
319,2,22,17.91,1527044.0,192,0,0,3.377
319,2,23,17.9,1590004.0,204,1,0,3.295
319,2,24,22.87,903700.8,93,130,0,3.351
319,2,25,14.85,5575.0,0,202,0,3.236
319,2,26,13.33,1416387.8,160,44,0,3.38
319,2,27,21.36,1702703.2,216,3,0,3.466
319,2,28,11.89,1100727.7,117,71,0,3.328
319,2,29,27.14,1561349.1,193,4,0,3.371
319,2,30,26.39,0.0,0,0,0,0.0
319,2,31,12.54,0.0,0,0,0,0.0
329,0,0,6.65,61227.2,1,325,0,2.217
329,0,1,22.27,3019.2,0,326,0,1.959
329,0,2,20.19,2796559.4,341,4,0,2.097
329,0,3,15.08,2673535.0,332,0,0,2.118
329,0,4,12.66,27466.4,1,335,0,2.1
329,0,5,12.32,2740049.0,350,2,0,2.083
329,0,6,23.59,9087.5,0,316,0,2.258
329,0,7,29.41,2468956.0,304,0,0,2.11
329,0,8,26.89,511039.5,53,276,0,2.291
329,0,9,11.95,2730118.7,336,6,0,2.069
329,0,10,25.73,15137.4,0,335,0,2.171
329,0,11,9.19,2715532.4,347,6,0,1.981
329,0,12,11.11,2877541.0,353,0,0,2.048
329,0,13,15.51,415500.4,36,275,0,2.345
329,0,14,23.28,2688046.0,329,0,0,2.124
329,0,15,21.85,2656506.5,326,6,0,2.141
329,0,16,21.6,218.8,0,321,0,2.057
329,0,17,23.82,2408896.4,304,19,0,2.167
329,0,18,27.48,2609737.5,328,8,0,2.181
329,0,19,5.6,6550.0,0,346,0,2.16
329,0,20,13.77,2525706.0,318,0,0,2.076
329,0,21,17.56,2818291.5,358,4,0,2.042
329,0,22,22.78,26222.6,0,318,0,2.156
329,0,23,12.17,25078.1,0,299,0,2.05
329,0,24,22.8,0.0,0,0,0,0.0
329,0,25,12.77,0.0,0,0,0,0.0
329,0,26,10.24,0.0,0,0,0,0.0
329,0,27,18.02,0.0,0,0,0,0.0
329,0,28,17.56,0.0,0,0,0,0.0
329,0,29,14.3,0.0,0,0,0,0.0
329,0,30,23.94,0.0,0,0,0,0.0
329,0,31,26.59,0.0,0,0,0,0.0
329,1,0,15.71,72904.6,2,286,0,3.425
329,1,1,17.29,2451671.0,306,2,0,3.229
329,1,2,19.04,433426.4,42,246,0,3.357
329,1,3,16.81,2389384.0,303,2,0,3.239
329,1,4,25.54,1023.9,0,293,0,3.192
329,1,5,18.36,2398976.3,292,3,0,3.249
329,1,6,8.63,1961154.0,236,45,0,3.294
329,1,7,5.33,2279064.5,277,7,0,3.254
329,1,8,8.28,2352148.0,296,0,0,3.262
329,1,9,16.95,93422.9,4,274,0,3.305
329,1,10,5.22,2398694.0,298,0,0,3.322
329,1,11,27.19,1968193.8,247,2,0,3.25
329,1,12,16.04,1834.6,0,283,0,3.288
329,1,13,25.94,2243737.8,286,6,0,3.261
329,1,14,7.56,2090402.1,264,3,0,3.252
329,1,15,10.93,2147419.5,269,30,0,3.245
329,1,16,21.21,2376474.0,302,3,0,3.248
329,1,17,10.16,2074381.9,267,7,0,3.26
329,1,18,13.45,1732082.9,191,54,0,3.252
329,1,19,28.59,368319.4,34,255,0,3.346
329,1,20,28.46,2379369.6,296,4,0,3.234
329,1,21,7.19,1915727.2,219,59,0,3.289
329,1,22,21.02,2143596.0,269,5,0,3.256
329,1,23,22.73,906361.5,87,174,0,3.319
329,1,24,27.19,4716.9,0,268,0,3.391
329,1,25,13.95,278989.6,18,280,0,3.375
329,1,26,20.95,2451854.0,303,5,0,3.296
329,1,27,28.46,0.0,0,0,0,0.0
329,1,28,27.22,0.0,0,0,0,0.0
329,1,29,21.5,0.0,0,0,0,0.0
329,1,30,21.16,0.0,0,0,0,0.0
329,1,31,18.93,0.0,0,0,0,0.0
329,2,0,6.96,1685.6,0,236,0,3.053
329,2,1,7.77,1650581.4,208,6,0,3.276
329,2,2,20.56,211670.6,18,200,0,3.316
329,2,3,13.62,1621392.8,197,4,0,3.286
329,2,4,16.07,1750530.0,207,0,0,3.202
329,2,5,14.57,2034.4,0,194,0,2.878
329,2,6,13.01,1487102.0,193,0,0,3.274
329,2,7,22.07,1302963.2,157,62,0,3.235
329,2,8,12.5,1464155.1,173,37,0,3.28
329,2,9,25.95,452535.6,44,160,0,3.262
329,2,10,28.65,1599970.6,197,11,0,3.312
329,2,11,13.51,177493.9,14,207,0,3.216
329,2,12,8.75,1568929.0,196,1,0,3.299
329,2,13,16.81,1541231.3,197,9,0,3.331
329,2,14,15.53,1641600.2,208,4,0,3.221
329,2,15,24.33,1464398.3,182,23,0,3.284
329,2,16,27.2,1507551.0,191,0,0,3.275
329,2,17,22.13,1660382.7,208,1,0,3.217
329,2,18,7.17,1524916.0,189,0,0,3.237
329,2,19,25.2,1686966.7,201,7,0,3.221
329,2,20,14.13,3448.0,0,181,0,3.211
329,2,21,13.24,1590280.2,193,15,0,3.233
329,2,22,17.91,1527044.0,192,0,0,3.244
329,2,23,17.9,1583424.0,203,2,0,3.249
329,2,24,22.87,867639.6,93,130,0,3.268
329,2,25,14.85,5470.6,0,202,0,3.091
329,2,26,13.33,1388964.3,160,44,0,3.283
329,2,27,21.36,1716307.4,218,1,0,3.347
329,2,28,11.89,1105047.7,118,69,1,3.258
329,2,29,27.14,1547760.0,192,5,0,3.259
329,2,30,26.39,0.0,0,0,0,0.0
329,2,31,12.54,0.0,0,0,0,0.0
339,0,0,6.65,56504.7,1,325,0,2.283
339,0,1,22.27,1845.4,0,326,0,2.132
339,0,2,20.19,2813084.0,343,2,0,2.12
339,0,3,15.08,2673535.0,332,0,0,2.178
339,0,4,12.66,29985.1,0,336,0,2.203
339,0,5,12.32,2746969.0,351,1,0,2.147
339,0,6,23.59,10478.6,0,316,0,2.217
339,0,7,29.41,2468956.0,304,0,0,2.217
339,0,8,26.89,562657.6,52,277,0,2.31
339,0,9,11.95,2742630.0,339,3,0,2.137
339,0,10,25.73,16015.6,0,335,0,2.261
339,0,11,9.19,2727098.8,348,5,0,2.086
339,0,12,11.11,2877541.0,353,0,0,2.175
339,0,13,15.51,446811.9,36,275,0,2.37
339,0,14,23.28,2698059.0,330,0,0,2.217
339,0,15,21.85,2664414.0,328,4,0,2.17
339,0,16,21.6,197.6,0,321,0,2.168
339,0,17,23.82,2399334.8,304,19,0,2.213
339,0,18,27.48,2615743.6,330,6,0,2.176
339,0,19,5.6,5261.6,0,346,0,2.192
339,0,20,13.77,2525706.0,318,0,0,2.142
339,0,21,17.56,2801654.1,357,5,0,2.114
339,0,22,22.78,23001.0,0,318,0,2.196
339,0,23,12.17,23129.3,0,299,0,2.159
339,0,24,22.8,0.0,0,0,0,0.0
339,0,25,12.77,0.0,0,0,0,0.0
339,0,26,10.24,0.0,0,0,0,0.0
339,0,27,18.02,0.0,0,0,0,0.0
339,0,28,17.56,0.0,0,0,0,0.0
339,0,29,14.3,0.0,0,0,0,0.0
339,0,30,23.94,0.0,0,0,0,0.0
339,0,31,26.59,0.0,0,0,0,0.0
339,1,0,15.71,73048.2,3,285,0,3.511
339,1,1,17.29,2443264.0,305,3,0,3.298
339,1,2,19.04,489090.1,52,236,0,3.37
339,1,3,16.81,2391703.0,303,2,0,3.343
339,1,4,25.54,1252.0,0,293,0,3.118
339,1,5,18.36,2398838.0,292,3,0,3.336
339,1,6,8.63,1968732.5,230,51,0,3.357
339,1,7,5.33,2282856.8,278,6,0,3.324
339,1,8,8.28,2352148.0,296,0,0,3.297
339,1,9,16.95,93504.2,4,274,0,3.349
339,1,10,5.22,2398694.0,298,0,0,3.475
339,1,11,27.19,1951643.0,245,4,0,3.364
339,1,12,16.04,1423.6,0,283,0,3.412
339,1,13,25.94,2201878.9,279,13,0,3.287
339,1,14,7.56,2090747.0,264,3,0,3.32
339,1,15,10.93,2152787.7,269,30,0,3.321
339,1,16,21.21,2368942.4,301,4,0,3.321
339,1,17,10.16,2076776.4,268,6,0,3.342
339,1,18,13.45,1734558.6,192,54,0,3.334
339,1,19,28.59,351140.3,33,256,0,3.39
339,1,20,28.46,2361910.5,294,5,0,3.378
339,1,21,7.19,1902594.9,219,59,0,3.364
339,1,22,21.02,2137501.9,268,6,0,3.36
339,1,23,22.73,974808.4,101,160,0,3.394
339,1,24,27.19,3643.3,0,268,0,3.259
339,1,25,13.95,317603.2,15,283,0,3.442
339,1,26,20.95,2446266.0,302,6,0,3.367
339,1,27,28.46,0.0,0,0,0,0.0
339,1,28,27.22,0.0,0,0,0,0.0
339,1,29,21.5,0.0,0,0,0,0.0
339,1,30,21.16,0.0,0,0,0,0.0
339,1,31,18.93,0.0,0,0,0,0.0
339,2,0,6.96,1487.8,0,236,0,3.105
339,2,1,7.77,1652666.4,208,6,0,3.313
339,2,2,20.56,201265.7,16,202,0,3.278
339,2,3,13.62,1619449.0,197,4,0,3.365
339,2,4,16.07,1750530.0,207,0,0,3.271
339,2,5,14.57,2256.6,0,194,0,3.0
339,2,6,13.01,1487102.0,193,0,0,3.313
339,2,7,22.07,1401689.1,172,47,0,3.284
339,2,8,12.5,1447323.3,165,45,0,3.332
339,2,9,25.95,460534.8,47,156,1,3.324
339,2,10,28.65,1599196.2,197,11,0,3.337
339,2,11,13.51,179298.9,17,204,0,3.244
339,2,12,8.75,1568929.0,196,1,0,3.427
339,2,13,16.81,1571586.9,201,5,0,3.34
339,2,14,15.53,1640494.4,207,5,0,3.282
339,2,15,24.33,1464571.7,187,18,0,3.308
339,2,16,27.2,1507551.0,191,0,0,3.341
339,2,17,22.13,1651769.0,207,2,0,3.283
339,2,18,7.17,1524916.0,189,0,0,3.329
339,2,19,25.2,1700646.7,202,6,0,3.213
339,2,20,14.13,3518.9,0,181,0,3.209
339,2,21,13.24,1586542.0,190,17,0,3.281
339,2,22,17.91,1527044.0,192,0,0,3.322
339,2,23,17.9,1583333.0,203,2,0,3.27
339,2,24,22.87,899392.0,98,126,0,3.32
339,2,25,14.85,4285.9,0,202,0,2.947
339,2,26,13.33,1413875.6,164,40,0,3.302
339,2,27,21.36,1706428.0,217,2,0,3.381
339,2,28,11.89,1130051.3,119,69,0,3.294
339,2,29,27.14,1553659.0,193,4,0,3.32
339,2,30,26.39,0.0,0,0,0,0.0
339,2,31,12.54,0.0,0,0,0,0.0
349,0,0,6.65,59842.8,1,325,0,2.304
349,0,1,22.27,1690.3,0,326,0,2.065
349,0,2,20.19,2804672.0,342,3,0,2.112
349,0,3,15.08,2673535.0,332,0,0,2.208
349,0,4,12.66,31105.6,0,336,0,2.121
349,0,5,12.32,2748412.0,351,1,0,2.13
349,0,6,23.59,9266.0,0,316,0,2.103
349,0,7,29.41,2468956.0,304,0,0,2.238
349,0,8,26.89,543694.3,56,273,0,2.315
349,0,9,11.95,2763121.0,341,1,0,2.081
349,0,10,25.73,13305.3,0,335,0,2.197
349,0,11,9.19,2734857.5,349,4,0,2.053
349,0,12,11.11,2877541.0,353,0,0,2.126
349,0,13,15.51,425289.1,38,273,0,2.38
349,0,14,23.28,2688046.0,329,0,0,2.181
349,0,15,21.85,2670475.0,329,3,0,2.15
349,0,16,21.6,207.2,0,321,0,2.12
349,0,17,23.82,2410805.1,305,18,0,2.253
349,0,18,27.48,2607539.9,327,9,0,2.199
349,0,19,5.6,5820.2,0,346,0,2.075
349,0,20,13.77,2525706.0,318,0,0,2.091
349,0,21,17.56,2818035.0,358,4,0,2.116
349,0,22,22.78,24444.2,0,318,0,2.167
349,0,23,12.17,25769.0,0,299,0,2.119
349,0,24,22.8,0.0,0,0,0,0.0
349,0,25,12.77,0.0,0,0,0,0.0
349,0,26,10.24,0.0,0,0,0,0.0
349,0,27,18.02,0.0,0,0,0,0.0
349,0,28,17.56,0.0,0,0,0,0.0
349,0,29,14.3,0.0,0,0,0,0.0
349,0,30,23.94,0.0,0,0,0,0.0
349,0,31,26.59,0.0,0,0,0,0.0
349,1,0,15.71,82299.4,3,285,0,3.439
349,1,1,17.29,2448129.5,305,4,0,3.313
349,1,2,19.04,455371.8,44,244,0,3.438
349,1,3,16.81,2391703.0,303,2,0,3.333
349,1,4,25.54,682.5,0,293,0,3.333
349,1,5,18.36,2380871.4,289,5,1,3.33
349,1,6,8.63,1958330.7,234,47,0,3.405
349,1,7,5.33,2254440.4,274,10,0,3.327
349,1,8,8.28,2352148.0,296,0,0,3.35
349,1,9,16.95,70437.8,3,275,0,3.293
349,1,10,5.22,2398694.0,298,0,0,3.48
349,1,11,27.19,1960188.0,246,3,0,3.371
349,1,12,16.04,1140.2,0,283,0,3.111
349,1,13,25.94,2205435.0,280,12,0,3.323
349,1,14,7.56,2090750.8,264,3,0,3.36
349,1,15,10.93,2165062.4,266,33,0,3.351
349,1,16,21.21,2361338.4,300,5,0,3.419
349,1,17,10.16,2085345.2,269,5,0,3.397
349,1,18,13.45,1759115.9,195,51,0,3.326
349,1,19,28.59,417417.3,37,251,1,3.401
349,1,20,28.46,2368525.8,295,4,0,3.376
349,1,21,7.19,1912442.8,220,58,0,3.384
349,1,22,21.02,2143823.7,269,5,0,3.36
349,1,23,22.73,1071042.9,109,152,0,3.371
349,1,24,27.19,4400.2,0,268,0,3.143
349,1,25,13.95,285984.4,18,280,0,3.468
349,1,26,20.95,2446266.0,302,6,0,3.349
349,1,27,28.46,0.0,0,0,0,0.0
349,1,28,27.22,0.0,0,0,0,0.0
349,1,29,21.5,0.0,0,0,0,0.0
349,1,30,21.16,0.0,0,0,0,0.0
349,1,31,18.93,0.0,0,0,0,0.0
349,2,0,6.96,988.8,0,236,0,3.197
349,2,1,7.77,1655806.6,209,5,0,3.333
349,2,2,20.56,219803.0,16,202,0,3.36
349,2,3,13.62,1624663.0,198,3,0,3.365
349,2,4,16.07,1750530.0,207,0,0,3.275
349,2,5,14.57,1244.6,0,194,0,2.989
349,2,6,13.01,1487102.0,193,0,0,3.403
349,2,7,22.07,1422671.1,173,46,0,3.329
349,2,8,12.5,1461630.4,162,48,0,3.357
349,2,9,25.95,468277.4,44,160,0,3.369
349,2,10,28.65,1603303.2,198,10,0,3.355
349,2,11,13.51,186843.8,16,205,0,3.21
349,2,12,8.75,1568929.0,196,1,0,3.336
349,2,13,16.81,1568089.5,198,8,0,3.383
349,2,14,15.53,1647107.6,209,3,0,3.292
349,2,15,24.33,1478324.1,188,17,0,3.339
349,2,16,27.2,1507551.0,191,0,0,3.385
349,2,17,22.13,1655863.0,207,2,0,3.343
349,2,18,7.17,1524916.0,189,0,0,3.351
349,2,19,25.2,1699902.6,201,7,0,3.32
349,2,20,14.13,3654.3,0,181,0,3.189
349,2,21,13.24,1579909.2,189,18,0,3.309
349,2,22,17.91,1527044.0,192,0,0,3.355
349,2,23,17.9,1590004.0,204,1,0,3.325
349,2,24,22.87,911786.3,100,124,0,3.306
349,2,25,14.85,4154.3,0,202,0,3.106
349,2,26,13.33,1406788.8,163,41,0,3.356
349,2,27,21.36,1710428.7,217,2,0,3.393
349,2,28,11.89,1105362.9,116,72,0,3.31
349,2,29,27.14,1558436.7,193,4,0,3.353
349,2,30,26.39,0.0,0,0,0,0.0
349,2,31,12.54,0.0,0,0,0,0.0
359,0,0,6.65,76238.4,2,324,0,2.473
359,0,1,22.27,1934.1,0,326,0,2.31
359,0,2,20.19,2798517.5,341,4,0,2.332
359,0,3,15.08,2673535.0,332,0,0,2.39
359,0,4,12.66,40204.7,0,336,0,2.335
359,0,5,12.32,2758122.0,352,0,0,2.357
359,0,6,23.59,10322.2,0,316,0,2.424
359,0,7,29.41,2468956.0,304,0,0,2.348
359,0,8,26.89,551052.5,49,280,0,2.488
359,0,9,11.95,2744209.0,339,3,0,2.334
359,0,10,25.73,14399.4,0,335,0,2.443
359,0,11,9.19,2726867.9,349,4,0,2.254
359,0,12,11.11,2869429.0,352,1,0,2.354
359,0,13,15.51,462994.5,38,273,0,2.546
359,0,14,23.28,2688046.0,329,0,0,2.405
359,0,15,21.85,2671393.6,328,4,0,2.342
359,0,16,21.6,262.1,0,321,0,2.305
359,0,17,23.82,2358853.2,298,25,0,2.409
359,0,18,27.48,2589701.3,324,12,0,2.353
359,0,19,5.6,6134.5,0,346,0,2.337
359,0,20,13.77,2525706.0,318,0,0,2.35
359,0,21,17.56,2800210.3,355,7,0,2.336
359,0,22,22.78,25217.8,0,318,0,2.375
359,0,23,12.17,29815.1,0,299,0,2.355
359,0,24,22.8,0.0,0,0,0,0.0
359,0,25,12.77,0.0,0,0,0,0.0
359,0,26,10.24,0.0,0,0,0,0.0
359,0,27,18.02,0.0,0,0,0,0.0
359,0,28,17.56,0.0,0,0,0,0.0
359,0,29,14.3,0.0,0,0,0,0.0
359,0,30,23.94,0.0,0,0,0,0.0
359,0,31,26.59,0.0,0,0,0,0.0
359,1,0,15.71,101132.0,5,283,0,3.597
359,1,1,17.29,2424774.3,302,6,0,3.496
359,1,2,19.04,534042.3,45,243,0,3.569
359,1,3,16.81,2379945.0,302,3,0,3.508
359,1,4,25.54,1112.2,0,293,0,3.5
359,1,5,18.36,2387119.9,290,5,0,3.504
359,1,6,8.63,1926230.4,226,55,0,3.534
359,1,7,5.33,2280401.8,277,7,0,3.505
359,1,8,8.28,2352148.0,296,0,0,3.52
359,1,9,16.95,71563.0,3,275,0,3.544
359,1,10,5.22,2398694.0,298,0,0,3.613
359,1,11,27.19,1960366.2,246,3,0,3.525
359,1,12,16.04,1154.4,0,283,0,3.478
359,1,13,25.94,2207649.8,281,11,0,3.508
359,1,14,7.56,2087286.9,264,3,0,3.559
359,1,15,10.93,2096677.1,263,35,0,3.496
359,1,16,21.21,2368870.0,301,4,0,3.572
359,1,17,10.16,2080365.6,268,6,0,3.528
359,1,18,13.45,1738366.1,190,55,0,3.505
359,1,19,28.59,419243.1,36,252,1,3.548
359,1,20,28.46,2369041.7,295,4,0,3.575
359,1,21,7.19,1857579.5,209,68,0,3.537
359,1,22,21.02,2143309.5,268,6,0,3.532
359,1,23,22.73,1085671.8,110,152,0,3.554
359,1,24,27.19,5031.7,0,268,0,3.447
359,1,25,13.95,373298.9,16,282,0,3.608
359,1,26,20.95,2446266.0,302,6,0,3.549
359,1,27,28.46,0.0,0,0,0,0.0
359,1,28,27.22,0.0,0,0,0,0.0
359,1,29,21.5,0.0,0,0,0,0.0
359,1,30,21.16,0.0,0,0,0,0.0
359,1,31,18.93,0.0,0,0,0,0.0
359,2,0,6.96,1680.6,0,236,0,3.324
359,2,1,7.77,1632433.7,203,11,0,3.547
359,2,2,20.56,229832.5,14,204,0,3.487
359,2,3,13.62,1609514.7,197,4,0,3.552
359,2,4,16.07,1750530.0,207,0,0,3.462
359,2,5,14.57,1915.9,0,194,0,3.209
359,2,6,13.01,1487102.0,193,0,0,3.547
359,2,7,22.07,1437925.6,172,47,0,3.469
359,2,8,12.5,1423014.6,165,45,0,3.516
359,2,9,25.95,535896.0,52,152,0,3.499
359,2,10,28.65,1598010.3,199,9,0,3.547
359,2,11,13.51,254109.4,21,200,0,3.478
359,2,12,8.75,1568929.0,196,1,0,3.526
359,2,13,16.81,1547283.0,194,12,0,3.55
359,2,14,15.53,1640393.0,208,4,0,3.457
359,2,15,24.33,1468930.2,185,20,0,3.526
359,2,16,27.2,1507551.0,191,0,0,3.505
359,2,17,22.13,1655249.9,207,2,0,3.522
359,2,18,7.17,1524916.0,189,0,0,3.549
359,2,19,25.2,1706626.0,200,8,0,3.449
359,2,20,14.13,5450.5,0,181,0,3.452
359,2,21,13.24,1556184.1,187,20,0,3.494
359,2,22,17.91,1527044.0,192,0,0,3.509
359,2,23,17.9,1572644.4,202,3,0,3.549
359,2,24,22.87,922879.2,101,123,0,3.459
359,2,25,14.85,7334.9,0,202,0,3.339
359,2,26,13.33,1410545.7,161,44,0,3.516
359,2,27,21.36,1693988.8,215,4,0,3.604
359,2,28,11.89,1146884.5,118,70,0,3.495
359,2,29,27.14,1546897.5,191,6,0,3.563
359,2,30,26.39,0.0,0,0,0,0.0
359,2,31,12.54,0.0,0,0,0,0.0
369,0,0,6.65,65614.7,3,323,0,2.193
369,0,1,22.27,1748.6,0,326,0,1.919
369,0,2,20.19,2805941.4,342,3,0,2.064
369,0,3,15.08,2673535.0,332,0,0,2.111
369,0,4,12.66,34638.6,3,333,0,2.062
369,0,5,12.32,2749759.0,351,1,0,2.028
369,0,6,23.59,7403.0,0,316,0,2.113
369,0,7,29.41,2468956.0,304,0,0,2.115
369,0,8,26.89,481051.3,55,274,0,2.253
369,0,9,11.95,2750792.4,339,3,0,2.03
369,0,10,25.73,14753.0,0,335,0,2.126
369,0,11,9.19,2720581.8,347,6,0,1.999
369,0,12,11.11,2877541.0,353,0,0,2.059
369,0,13,15.51,459198.3,41,270,0,2.316
369,0,14,23.28,2688046.0,329,0,0,2.155
369,0,15,21.85,2685975.0,331,2,0,2.094
369,0,16,21.6,178.3,0,321,0,2.038
369,0,17,23.82,2429385.2,306,17,0,2.156
369,0,18,27.48,2620169.4,328,8,0,2.115
369,0,19,5.6,5473.6,0,346,0,1.97
369,0,20,13.77,2525706.0,318,0,0,2.07
369,0,21,17.56,2816100.0,358,4,0,2.059
369,0,22,22.78,18189.8,0,318,0,2.121
369,0,23,12.17,27646.8,0,299,0,2.113
369,0,24,22.8,0.0,0,0,0,0.0
369,0,25,12.77,0.0,0,0,0,0.0
369,0,26,10.24,0.0,0,0,0,0.0
369,0,27,18.02,0.0,0,0,0,0.0
369,0,28,17.56,0.0,0,0,0,0.0
369,0,29,14.3,0.0,0,0,0,0.0
369,0,30,23.94,0.0,0,0,0,0.0
369,0,31,26.59,0.0,0,0,0,0.0
369,1,0,15.71,83962.2,2,286,0,3.515
369,1,1,17.29,2451671.0,306,2,0,3.277
369,1,2,19.04,371379.8,35,253,0,3.408
369,1,3,16.81,2401142.0,304,1,0,3.307
369,1,4,25.54,1109.4,0,293,0,3.524
369,1,5,18.36,2413051.3,294,1,0,3.312
369,1,6,8.63,1953510.2,231,50,0,3.335
369,1,7,5.33,2274674.8,277,7,0,3.3
369,1,8,8.28,2344852.0,295,1,0,3.291
369,1,9,16.95,80412.4,3,275,0,3.358
369,1,10,5.22,2398694.0,298,0,0,3.378
369,1,11,27.19,1956249.0,246,3,0,3.306
369,1,12,16.04,845.4,0,283,0,3.0
369,1,13,25.94,2217329.0,283,9,0,3.299
369,1,14,7.56,2085958.6,264,3,0,3.287
369,1,15,10.93,2136987.0,265,33,0,3.29
369,1,16,21.21,2354743.1,299,6,0,3.358
369,1,17,10.16,2079847.1,268,6,0,3.305
369,1,18,13.45,1735079.8,192,53,0,3.32
369,1,19,28.59,345640.5,32,257,0,3.399
369,1,20,28.46,2368708.8,295,4,0,3.363
369,1,21,7.19,1894187.4,221,56,0,3.346
369,1,22,21.02,2131979.1,266,8,0,3.275
369,1,23,22.73,1021860.8,107,154,0,3.363
369,1,24,27.19,2352.6,0,268,0,3.235
369,1,25,13.95,332194.6,18,280,0,3.432
369,1,26,20.95,2451854.0,303,5,0,3.357
369,1,27,28.46,0.0,0,0,0,0.0
369,1,28,27.22,0.0,0,0,0,0.0
369,1,29,21.5,0.0,0,0,0,0.0
369,1,30,21.16,0.0,0,0,0,0.0
369,1,31,18.93,0.0,0,0,0,0.0
369,2,0,6.96,896.4,0,236,0,3.047
369,2,1,7.77,1629998.1,204,10,0,3.359
369,2,2,20.56,191330.0,17,201,0,3.3
369,2,3,13.62,1616767.4,196,5,0,3.337
369,2,4,16.07,1750530.0,207,0,0,3.266
369,2,5,14.57,2067.5,0,194,0,3.144
369,2,6,13.01,1487102.0,193,0,0,3.384
369,2,7,22.07,1321250.9,160,59,0,3.297
369,2,8,12.5,1403784.0,159,51,0,3.357
369,2,9,25.95,502724.8,52,152,0,3.34
369,2,10,28.65,1598862.3,198,10,0,3.341
369,2,11,13.51,196829.7,18,203,0,3.229
369,2,12,8.75,1568929.0,196,1,0,3.31
369,2,13,16.81,1557609.1,199,7,0,3.363
369,2,14,15.53,1639961.0,207,5,0,3.282
369,2,15,24.33,1475896.6,185,20,0,3.327
369,2,16,27.2,1507551.0,191,0,0,3.331
369,2,17,22.13,1662425.0,208,1,0,3.338
369,2,18,7.17,1524916.0,189,0,0,3.328
369,2,19,25.2,1699394.6,200,8,0,3.284
369,2,20,14.13,2801.5,0,181,0,3.206
369,2,21,13.24,1582470.6,192,16,0,3.294
369,2,22,17.91,1527044.0,192,0,0,3.392
369,2,23,17.9,1584366.3,203,2,0,3.261
369,2,24,22.87,911938.4,96,127,0,3.331
369,2,25,14.85,3863.6,0,202,0,3.333
369,2,26,13.33,1398607.3,164,41,0,3.317
369,2,27,21.36,1716418.8,218,1,0,3.388
369,2,28,11.89,1116895.1,118,70,0,3.309
369,2,29,27.14,1560810.6,193,4,0,3.344
369,2,30,26.39,0.0,0,0,0,0.0
369,2,31,12.54,0.0,0,0,0,0.0
379,0,0,6.65,64795.2,3,323,0,2.132
379,0,1,22.27,1139.0,0,326,0,1.712
379,0,2,20.19,2796559.4,341,4,0,2.012
379,0,3,15.08,2673535.0,332,0,0,2.068
379,0,4,12.66,35336.5,1,335,0,2.102
379,0,5,12.32,2748412.0,351,1,0,2.009
379,0,6,23.59,9663.5,0,316,0,1.875
379,0,7,29.41,2468956.0,304,0,0,2.019
379,0,8,26.89,394548.2,45,284,0,2.245
379,0,9,11.95,2746210.8,339,3,0,1.966
379,0,10,25.73,16681.2,0,335,0,1.996
379,0,11,9.19,2734039.3,349,4,0,1.996
379,0,12,11.11,2877541.0,353,0,0,1.965
379,0,13,15.51,483213.1,44,267,0,2.257
379,0,14,23.28,2698059.0,330,0,0,2.114
379,0,15,21.85,2669992.0,329,3,0,2.05
379,0,16,21.6,163.7,0,321,0,2.03
379,0,17,23.82,2426997.0,307,16,0,2.131
379,0,18,27.48,2616953.7,328,8,0,2.068
379,0,19,5.6,5035.8,0,346,0,1.915
379,0,20,13.77,2525706.0,318,0,0,1.955
379,0,21,17.56,2819152.0,359,3,0,1.991
379,0,22,22.78,17233.4,0,318,0,2.047
379,0,23,12.17,30274.7,0,299,0,1.989
379,0,24,22.8,0.0,0,0,0,0.0
379,0,25,12.77,0.0,0,0,0,0.0
379,0,26,10.24,0.0,0,0,0,0.0
379,0,27,18.02,0.0,0,0,0,0.0
379,0,28,17.56,0.0,0,0,0,0.0
379,0,29,14.3,0.0,0,0,0,0.0
379,0,30,23.94,0.0,0,0,0,0.0
379,0,31,26.59,0.0,0,0,0,0.0
379,1,0,15.71,103521.9,3,285,0,3.438
379,1,1,17.29,2447470.0,305,3,0,3.243
379,1,2,19.04,300306.9,29,259,0,3.347
379,1,3,16.81,2401142.0,304,1,0,3.252
379,1,4,25.54,651.0,0,293,0,3.5
379,1,5,18.36,2380356.8,289,6,0,3.247
379,1,6,8.63,1966570.9,235,46,0,3.276
379,1,7,5.33,2288884.5,279,5,0,3.273
379,1,8,8.28,2342345.0,295,1,0,3.22
379,1,9,16.95,86759.6,3,275,0,3.345
379,1,10,5.22,2398694.0,298,0,0,3.357
379,1,11,27.19,1951643.0,245,4,0,3.256
379,1,12,16.04,760.4,0,283,0,2.8
379,1,13,25.94,2204360.8,279,13,0,3.209
379,1,14,7.56,2090654.9,264,3,0,3.247
379,1,15,10.93,2111071.9,264,35,0,3.228
379,1,16,21.21,2368870.0,301,4,0,3.255
379,1,17,10.16,2079845.6,268,6,0,3.272
379,1,18,13.45,1749219.7,195,51,0,3.239
379,1,19,28.59,298228.0,29,260,0,3.335
379,1,20,28.46,2369041.7,295,4,0,3.244
379,1,21,7.19,1905205.6,224,54,0,3.282
379,1,22,21.02,2151268.4,270,4,0,3.233
379,1,23,22.73,977261.9,104,158,0,3.305
379,1,24,27.19,2530.6,0,268,0,3.059
379,1,25,13.95,324005.1,19,279,0,3.357
379,1,26,20.95,2451854.0,303,5,0,3.279
379,1,27,28.46,0.0,0,0,0,0.0
379,1,28,27.22,0.0,0,0,0,0.0
379,1,29,21.5,0.0,0,0,0,0.0
379,1,30,21.16,0.0,0,0,0,0.0
379,1,31,18.93,0.0,0,0,0,0.0
379,2,0,6.96,919.8,0,236,0,3.017
379,2,1,7.77,1649938.6,207,7,0,3.256
379,2,2,20.56,160518.3,12,206,0,3.3
379,2,3,13.62,1630119.2,198,3,0,3.284
379,2,4,16.07,1750530.0,207,0,0,3.199
379,2,5,14.57,2324.0,0,194,0,3.0
379,2,6,13.01,1487102.0,193,0,0,3.277
379,2,7,22.07,1304769.9,157,62,0,3.202
379,2,8,12.5,1438980.3,167,43,0,3.289
379,2,9,25.95,479471.3,55,149,0,3.278
379,2,10,28.65,1629020.0,203,5,0,3.275
379,2,11,13.51,185706.5,18,203,0,3.144
379,2,12,8.75,1568929.0,196,1,0,3.243
379,2,13,16.81,1546691.2,197,9,0,3.323
379,2,14,15.53,1649813.0,208,4,0,3.196
379,2,15,24.33,1481955.0,189,17,0,3.253
379,2,16,27.2,1507551.0,191,0,0,3.299
379,2,17,22.13,1667800.0,209,0,0,3.278
379,2,18,7.17,1524916.0,189,0,0,3.22
379,2,19,25.2,1690926.6,200,8,0,3.201
379,2,20,14.13,1113.4,0,181,0,3.471
379,2,21,13.24,1602160.4,193,15,0,3.201
379,2,22,17.91,1527044.0,192,0,0,3.282
379,2,23,17.9,1581132.0,203,2,0,3.249
379,2,24,22.87,810211.1,94,130,0,3.271
379,2,25,14.85,3644.4,0,202,0,3.25
379,2,26,13.33,1431273.5,167,38,0,3.229
379,2,27,21.36,1715879.7,218,1,0,3.279
379,2,28,11.89,1138652.1,123,65,0,3.273
379,2,29,27.14,1560167.5,193,4,0,3.257
379,2,30,26.39,0.0,0,0,0,0.0
379,2,31,12.54,0.0,0,0,0,0.0
389,0,0,6.65,67527.1,3,323,0,2.171
389,0,1,22.27,1266.4,0,326,0,1.944
389,0,2,20.19,2797331.6,341,4,0,2.123
389,0,3,15.08,2673535.0,332,0,0,2.187
389,0,4,12.66,35620.2,1,335,0,2.212
389,0,5,12.32,2758122.0,352,0,0,2.097
389,0,6,23.59,9118.0,0,316,0,2.0
389,0,7,29.41,2468956.0,304,0,0,2.102
389,0,8,26.89,444681.7,49,280,0,2.315
389,0,9,11.95,2752433.0,340,2,0,2.036
389,0,10,25.73,14504.1,0,335,0,2.176
389,0,11,9.19,2707835.9,346,7,0,2.063
389,0,12,11.11,2869429.0,352,1,0,2.109
389,0,13,15.51,470509.7,40,271,0,2.352
389,0,14,23.28,2698059.0,330,0,0,2.142
389,0,15,21.85,2679230.0,330,2,0,2.144
389,0,16,21.6,183.7,0,321,0,2.14
389,0,17,23.82,2409545.6,302,21,0,2.222
389,0,18,27.48,2616205.7,329,7,0,2.134
389,0,19,5.6,6297.7,0,346,0,2.026
389,0,20,13.77,2536391.0,319,0,0,2.068
389,0,21,17.56,2824690.0,359,3,0,2.076
389,0,22,22.78,20490.9,0,318,0,2.198
389,0,23,12.17,28021.8,0,299,0,2.127
389,0,24,22.8,0.0,0,0,0,0.0
389,0,25,12.77,0.0,0,0,0,0.0
389,0,26,10.24,0.0,0,0,0,0.0
389,0,27,18.02,0.0,0,0,0,0.0
389,0,28,17.56,0.0,0,0,0,0.0
389,0,29,14.3,0.0,0,0,0,0.0
389,0,30,23.94,0.0,0,0,0,0.0
389,0,31,26.59,0.0,0,0,0,0.0
389,1,0,15.71,107140.2,3,285,0,3.493
389,1,1,17.29,2443264.0,305,3,0,3.341
389,1,2,19.04,341627.1,31,257,0,3.453
389,1,3,16.81,2401142.0,304,1,0,3.306
389,1,4,25.54,975.3,0,293,0,3.538
389,1,5,18.36,2386598.2,290,5,0,3.316
389,1,6,8.63,1978632.5,241,40,0,3.347
389,1,7,5.33,2274136.8,277,7,0,3.332
389,1,8,8.28,2352148.0,296,0,0,3.33
389,1,9,16.95,88097.1,3,275,0,3.371
389,1,10,5.22,2398694.0,298,0,0,3.394
389,1,11,27.19,1960188.0,246,3,0,3.347
389,1,12,16.04,680.3,0,283,0,3.393
389,1,13,25.94,2219497.4,281,11,0,3.291
389,1,14,7.56,2086970.5,264,3,0,3.348
389,1,15,10.93,2115090.3,263,35,0,3.291
389,1,16,21.21,2368747.5,300,5,0,3.353
389,1,17,10.16,2085345.3,269,5,0,3.329
389,1,18,13.45,1766659.0,194,51,0,3.31
389,1,19,28.59,354161.7,35,254,0,3.403
389,1,20,28.46,2374001.1,295,4,0,3.343
389,1,21,7.19,1939962.1,224,53,0,3.376
389,1,22,21.02,2138508.6,267,7,0,3.307
389,1,23,22.73,961985.2,99,163,0,3.371
389,1,24,27.19,4465.6,0,268,0,3.222
389,1,25,13.95,311890.4,17,281,0,3.449
389,1,26,20.95,2451854.0,303,5,0,3.338
389,1,27,28.46,0.0,0,0,0,0.0
389,1,28,27.22,0.0,0,0,0,0.0
389,1,29,21.5,0.0,0,0,0,0.0
389,1,30,21.16,0.0,0,0,0,0.0
389,1,31,18.93,0.0,0,0,0,0.0
389,2,0,6.96,986.6,0,236,0,3.243
389,2,1,7.77,1648374.7,208,6,0,3.374
389,2,2,20.56,206863.7,19,199,0,3.373
389,2,3,13.62,1617682.0,197,4,0,3.389
389,2,4,16.07,1750530.0,207,0,0,3.293
389,2,5,14.57,2360.8,0,194,0,3.174
389,2,6,13.01,1487102.0,193,0,0,3.401
389,2,7,22.07,1360034.1,167,52,0,3.318
389,2,8,12.5,1415171.1,164,46,0,3.372
389,2,9,25.95,468060.2,52,152,0,3.379
389,2,10,28.65,1590765.9,198,10,0,3.383
389,2,11,13.51,191316.0,18,203,0,3.29
389,2,12,8.75,1568929.0,196,1,0,3.371
389,2,13,16.81,1537641.9,195,11,0,3.394
389,2,14,15.53,1630094.2,206,6,0,3.303
389,2,15,24.33,1473420.1,187,19,0,3.343
389,2,16,27.2,1507551.0,191,0,0,3.347
389,2,17,22.13,1648883.4,206,2,1,3.322
389,2,18,7.17,1524916.0,189,0,0,3.39
389,2,19,25.2,1705365.2,201,7,0,3.315
389,2,20,14.13,3592.6,0,181,0,3.45
389,2,21,13.24,1577610.1,190,18,0,3.345
389,2,22,17.91,1527044.0,192,0,0,3.332
389,2,23,17.9,1590004.0,204,1,0,3.347
389,2,24,22.87,908389.5,96,128,0,3.348
389,2,25,14.85,5352.3,0,202,0,3.333
389,2,26,13.33,1415948.3,161,44,0,3.363
389,2,27,21.36,1711206.1,217,2,0,3.421
389,2,28,11.89,1128354.2,118,70,0,3.333
389,2,29,27.14,1545680.4,191,5,0,3.343
389,2,30,26.39,0.0,0,0,0,0.0
389,2,31,12.54,0.0,0,0,0,0.0
399,0,0,6.65,65269.7,2,324,0,2.125
399,0,1,22.27,1550.8,0,326,0,1.812
399,0,2,20.19,2806629.7,342,3,0,2.058
399,0,3,15.08,2673535.0,332,0,0,2.093
399,0,4,12.66,36383.9,1,335,0,2.163
399,0,5,12.32,2758122.0,352,0,0,2.053
399,0,6,23.59,9663.7,0,316,0,1.978
399,0,7,29.41,2468956.0,304,0,0,2.118
399,0,8,26.89,456745.0,50,279,0,2.268
399,0,9,11.95,2749275.0,339,3,0,2.03
399,0,10,25.73,14172.9,0,335,0,2.178
399,0,11,9.19,2719743.0,347,6,0,2.031
399,0,12,11.11,2869429.0,352,1,0,2.061
399,0,13,15.51,445270.6,42,269,0,2.308
399,0,14,23.28,2688046.0,329,0,0,2.081
399,0,15,21.85,2670949.2,329,3,0,2.09
399,0,16,21.6,231.8,0,321,0,2.095
399,0,17,23.82,2438048.7,307,16,0,2.164
399,0,18,27.48,2631644.2,331,5,0,2.119
399,0,19,5.6,5587.9,0,346,0,2.015
399,0,20,13.77,2525706.0,318,0,0,2.026
399,0,21,17.56,2792026.4,356,6,0,2.026
399,0,22,22.78,18866.4,0,318,0,2.052
399,0,23,12.17,29435.5,0,299,0,2.131
399,0,24,22.8,0.0,0,0,0,0.0
399,0,25,12.77,0.0,0,0,0,0.0
399,0,26,10.24,0.0,0,0,0,0.0
399,0,27,18.02,0.0,0,0,0,0.0
399,0,28,17.56,0.0,0,0,0,0.0
399,0,29,14.3,0.0,0,0,0,0.0
399,0,30,23.94,0.0,0,0,0,0.0
399,0,31,26.59,0.0,0,0,0,0.0
399,1,0,15.71,110791.0,5,283,0,3.477
399,1,1,17.29,2433119.4,303,5,0,3.276
399,1,2,19.04,309766.4,31,257,0,3.385
399,1,3,16.81,2379945.0,302,3,0,3.351
399,1,4,25.54,1070.0,0,293,0,3.457
399,1,5,18.36,2386869.7,290,5,0,3.304
399,1,6,8.63,1972414.5,235,46,0,3.349
399,1,7,5.33,2290676.1,278,6,0,3.3
399,1,8,8.28,2352148.0,296,0,0,3.303
399,1,9,16.95,89332.8,4,274,0,3.351
399,1,10,5.22,2398694.0,298,0,0,3.436
399,1,11,27.19,1955042.8,245,4,0,3.338
399,1,12,16.04,1098.3,0,283,0,3.257
399,1,13,25.94,2218971.4,282,10,0,3.287
399,1,14,7.56,2087119.7,264,3,0,3.332
399,1,15,10.93,2087694.9,262,36,0,3.314
399,1,16,21.21,2370031.2,301,4,0,3.337
399,1,17,10.16,2085341.8,269,5,0,3.314
399,1,18,13.45,1735013.1,193,52,0,3.299
399,1,19,28.59,334281.1,30,258,1,3.438
399,1,20,28.46,2368708.8,295,4,0,3.357
399,1,21,7.19,1887801.1,219,59,0,3.365
399,1,22,21.02,2143596.0,269,5,0,3.328
399,1,23,22.73,1035555.5,102,160,0,3.391
399,1,24,27.19,4372.8,0,268,0,3.268
399,1,25,13.95,336303.0,18,280,0,3.462
399,1,26,20.95,2446266.0,302,6,0,3.326
399,1,27,28.46,0.0,0,0,0,0.0
399,1,28,27.22,0.0,0,0,0,0.0
399,1,29,21.5,0.0,0,0,0,0.0
399,1,30,21.16,0.0,0,0,0,0.0
399,1,31,18.93,0.0,0,0,0,0.0
399,2,0,6.96,874.3,0,236,0,3.274
399,2,1,7.77,1658352.3,208,6,0,3.327
399,2,2,20.56,207396.9,18,200,0,3.349
399,2,3,13.62,1627128.0,198,3,0,3.35
399,2,4,16.07,1750530.0,207,0,0,3.269
399,2,5,14.57,2039.4,0,194,0,3.112
399,2,6,13.01,1487102.0,193,0,0,3.33
399,2,7,22.07,1357763.0,165,54,0,3.299
399,2,8,12.5,1381722.4,161,49,0,3.333
399,2,9,25.95,470146.7,53,151,0,3.343
399,2,10,28.65,1602660.3,199,9,0,3.343
399,2,11,13.51,194233.8,18,203,0,3.264
399,2,12,8.75,1568929.0,196,1,0,3.372
399,2,13,16.81,1544736.7,198,8,0,3.39
399,2,14,15.53,1642381.0,208,4,0,3.274
399,2,15,24.33,1467437.0,184,22,0,3.325
399,2,16,27.2,1507551.0,191,0,0,3.302
399,2,17,22.13,1648121.2,206,2,1,3.301
399,2,18,7.17,1524916.0,189,0,0,3.349
399,2,19,25.2,1707573.2,202,6,0,3.258
399,2,20,14.13,4043.1,0,181,0,3.154
399,2,21,13.24,1589239.7,193,15,0,3.312
399,2,22,17.91,1527044.0,192,0,0,3.336
399,2,23,17.9,1590004.0,204,1,0,3.278
399,2,24,22.87,863644.2,93,131,0,3.312
399,2,25,14.85,6940.6,0,202,0,3.337
399,2,26,13.33,1420964.6,165,40,0,3.335
399,2,27,21.36,1716418.8,218,1,0,3.41
399,2,28,11.89,1139443.9,118,70,0,3.308
399,2,29,27.14,1566546.5,194,3,0,3.315
399,2,30,26.39,0.0,0,0,0,0.0
399,2,31,12.54,0.0,0,0,0,0.0
409,0,0,6.65,79714.3,4,322,0,2.067
409,0,1,22.27,1470.5,0,326,0,1.613
409,0,2,20.19,2814054.0,343,2,0,1.965
409,0,3,15.08,2673535.0,332,0,0,2.063
409,0,4,12.66,40362.3,1,335,0,2.064
409,0,5,12.32,2758122.0,352,0,0,1.983
409,0,6,23.59,10183.1,0,316,0,1.911
409,0,7,29.41,2468956.0,304,0,0,2.005
409,0,8,26.89,410224.1,47,282,0,2.22
409,0,9,11.95,2740689.8,338,4,0,1.951
409,0,10,25.73,14599.0,0,335,0,2.085
409,0,11,9.19,2738097.9,350,3,0,1.924
409,0,12,11.11,2858929.0,351,2,0,1.986
409,0,13,15.51,443135.3,41,270,0,2.231
409,0,14,23.28,2688046.0,329,0,0,2.022
409,0,15,21.85,2681285.0,329,4,0,2.009
409,0,16,21.6,205.0,0,321,0,1.976
409,0,17,23.82,2441748.3,310,13,0,2.098
409,0,18,27.48,2643373.0,332,4,0,2.039
409,0,19,5.6,6264.7,0,346,0,1.872
409,0,20,13.77,2536391.0,319,0,0,1.988
409,0,21,17.56,2816472.4,358,4,0,1.998
409,0,22,22.78,13940.0,0,318,0,2.057
409,0,23,12.17,26553.6,0,299,0,2.026
409,0,24,22.8,0.0,0,0,0,0.0
409,0,25,12.77,0.0,0,0,0,0.0
409,0,26,10.24,0.0,0,0,0,0.0
409,0,27,18.02,0.0,0,0,0,0.0
409,0,28,17.56,0.0,0,0,0,0.0
409,0,29,14.3,0.0,0,0,0,0.0
409,0,30,23.94,0.0,0,0,0,0.0
409,0,31,26.59,0.0,0,0,0,0.0
409,1,0,15.71,103768.1,4,284,0,3.378
409,1,1,17.29,2440134.3,304,5,0,3.224
409,1,2,19.04,315988.9,33,255,0,3.334
409,1,3,16.81,2401142.0,304,1,0,3.197
409,1,4,25.54,731.2,0,293,0,3.357
409,1,5,18.36,2374878.4,288,7,0,3.202
409,1,6,8.63,1962108.5,233,48,0,3.276
409,1,7,5.33,2281554.0,278,6,0,3.236
409,1,8,8.28,2352148.0,296,0,0,3.207
409,1,9,16.95,76492.0,3,275,0,3.238
409,1,10,5.22,2398694.0,298,0,0,3.342
409,1,11,27.19,1955279.7,245,4,0,3.266
409,1,12,16.04,1544.1,0,283,0,2.946
409,1,13,25.94,2197524.6,279,13,0,3.179
409,1,14,7.56,2086601.8,264,3,0,3.224
409,1,15,10.93,2161089.2,272,27,0,3.224
409,1,16,21.21,2361886.9,300,5,0,3.234
409,1,17,10.16,2080364.6,268,6,0,3.224
409,1,18,13.45,1750371.8,198,47,0,3.2
409,1,19,28.59,317087.9,32,257,0,3.332
409,1,20,28.46,2377904.2,296,3,0,3.227
409,1,21,7.19,1938971.0,227,51,0,3.249
409,1,22,21.02,2143596.0,269,5,0,3.228
409,1,23,22.73,1000114.4,102,159,0,3.321
409,1,24,27.19,2674.4,0,268,0,3.216
409,1,25,13.95,300390.3,15,283,0,3.361
409,1,26,20.95,2451854.0,303,5,0,3.232
409,1,27,28.46,0.0,0,0,0,0.0
409,1,28,27.22,0.0,0,0,0,0.0
409,1,29,21.5,0.0,0,0,0,0.0
409,1,30,21.16,0.0,0,0,0,0.0
409,1,31,18.93,0.0,0,0,0,0.0
409,2,0,6.96,961.9,0,236,0,3.075
409,2,1,7.77,1640886.4,208,6,0,3.269
409,2,2,20.56,181212.8,16,202,0,3.256
409,2,3,13.62,1624069.2,196,5,0,3.263
409,2,4,16.07,1750530.0,207,0,0,3.233
409,2,5,14.57,1717.4,0,194,0,2.976
409,2,6,13.01,1487102.0,193,0,0,3.319
409,2,7,22.07,1388940.5,168,51,0,3.182
409,2,8,12.5,1436154.0,163,47,0,3.306
409,2,9,25.95,424928.8,51,153,0,3.319
409,2,10,28.65,1596868.9,196,12,0,3.279
409,2,11,13.51,189690.9,18,203,0,3.199
409,2,12,8.75,1568929.0,196,1,0,3.332
409,2,13,16.81,1543020.1,196,10,0,3.302
409,2,14,15.53,1648933.0,208,4,0,3.24
409,2,15,24.33,1492384.7,190,16,0,3.236
409,2,16,27.2,1507551.0,191,0,0,3.25
409,2,17,22.13,1667800.0,209,0,0,3.238
409,2,18,7.17,1531950.0,190,0,0,3.262
409,2,19,25.2,1702211.2,203,5,0,3.194
409,2,20,14.13,3249.2,0,181,0,3.135
409,2,21,13.24,1574746.6,193,15,0,3.219
409,2,22,17.91,1527044.0,192,0,0,3.275
409,2,23,17.9,1583398.3,203,2,0,3.247
409,2,24,22.87,839140.3,90,134,0,3.254
409,2,25,14.85,5825.5,0,202,0,3.227
409,2,26,13.33,1414494.2,164,41,0,3.253
409,2,27,21.36,1715440.9,218,1,0,3.323
409,2,28,11.89,1134109.3,125,63,0,3.247
409,2,29,27.14,1567866.2,194,3,0,3.305
409,2,30,26.39,0.0,0,0,0,0.0
409,2,31,12.54,0.0,0,0,0,0.0
419,0,0,6.65,82254.8,3,323,0,1.672
419,0,1,22.27,2043.8,0,326,0,1.151
419,0,2,20.19,2816784.6,343,2,0,1.606
419,0,3,15.08,2673535.0,332,0,0,1.7
419,0,4,12.66,28409.7,1,335,0,1.52
419,0,5,12.32,2758122.0,352,0,0,1.723
419,0,6,23.59,11797.5,0,316,0,1.378
419,0,7,29.41,2468956.0,304,0,0,1.629
419,0,8,26.89,358298.0,45,284,0,1.793
419,0,9,11.95,2768210.8,341,1,0,1.599
419,0,10,25.73,14030.5,0,335,0,1.539
419,0,11,9.19,2744200.0,351,2,0,1.586
419,0,12,11.11,2877541.0,353,0,0,1.627
419,0,13,15.51,400555.6,33,278,0,1.936
419,0,14,23.28,2698059.0,330,0,0,1.681
419,0,15,21.85,2669992.0,329,3,0,1.711
419,0,16,21.6,105.6,0,321,0,1.333
419,0,17,23.82,2485456.3,318,5,0,1.775
419,0,18,27.48,2647624.7,333,3,0,1.693
419,0,19,5.6,6728.3,0,346,0,1.259
419,0,20,13.77,2536391.0,319,0,0,1.648
419,0,21,17.56,2841267.2,361,1,0,1.636
419,0,22,22.78,10563.0,0,318,0,1.328
419,0,23,12.17,25337.3,0,299,0,1.406
419,0,24,22.8,0.0,0,0,0,0.0
419,0,25,12.77,0.0,0,0,0,0.0
419,0,26,10.24,0.0,0,0,0,0.0
419,0,27,18.02,0.0,0,0,0,0.0
419,0,28,17.56,0.0,0,0,0,0.0
419,0,29,14.3,0.0,0,0,0,0.0
419,0,30,23.94,0.0,0,0,0,0.0
419,0,31,26.59,0.0,0,0,0,0.0
419,1,0,15.71,71425.9,2,286,0,3.006
419,1,1,17.29,2446639.9,305,3,0,2.813
419,1,2,19.04,232445.6,30,258,0,2.948
419,1,3,16.81,2391596.0,303,2,0,2.856
419,1,4,25.54,138.0,0,293,0,3.0
419,1,5,18.36,2405864.0,293,2,0,2.817
419,1,6,8.63,2012060.1,248,33,0,2.872
419,1,7,5.33,2293943.0,280,4,0,2.759
419,1,8,8.28,2352148.0,296,0,0,2.769
419,1,9,16.95,54562.5,3,275,0,2.874
419,1,10,5.22,2398694.0,298,0,0,2.915
419,1,11,27.19,1951643.0,245,4,0,2.856
419,1,12,16.04,1526.8,0,283,0,1.643
419,1,13,25.94,2242296.4,285,7,0,2.779
419,1,14,7.56,2089807.3,264,3,0,2.859
419,1,15,10.93,2198108.3,277,22,0,2.802
419,1,16,21.21,2376474.0,302,3,0,2.833
419,1,17,10.16,2089590.9,269,5,0,2.793
419,1,18,13.45,1789269.5,208,38,0,2.818
419,1,19,28.59,206842.4,27,262,0,2.991
419,1,20,28.46,2377610.3,296,3,0,2.816
419,1,21,7.19,1959958.9,232,46,0,2.883
419,1,22,21.02,2149241.0,270,4,0,2.812
419,1,23,22.73,678869.3,81,180,0,2.977
419,1,24,27.19,2371.5,0,268,0,2.286
419,1,25,13.95,206181.4,15,283,0,2.948
419,1,26,20.95,2459818.7,304,4,0,2.839
419,1,27,28.46,0.0,0,0,0,0.0
419,1,28,27.22,0.0,0,0,0,0.0
419,1,29,21.5,0.0,0,0,0,0.0
419,1,30,21.16,0.0,0,0,0,0.0
419,1,31,18.93,0.0,0,0,0,0.0
419,2,0,6.96,453.3,0,236,0,2.542
419,2,1,7.77,1670497.3,211,3,0,2.821
419,2,2,20.56,143406.1,10,208,0,2.778
419,2,3,13.62,1633462.8,198,3,0,2.848
419,2,4,16.07,1750530.0,207,0,0,2.752
419,2,5,14.57,1028.1,0,194,0,2.25
419,2,6,13.01,1487102.0,193,0,0,2.882
419,2,7,22.07,1191918.9,151,68,0,2.757
419,2,8,12.5,1485573.2,178,32,0,2.872
419,2,9,25.95,337618.9,41,163,0,2.868
419,2,10,28.65,1601723.4,198,10,0,2.916
419,2,11,13.51,130491.6,15,206,0,2.684
419,2,12,8.75,1568929.0,196,1,0,2.871
419,2,13,16.81,1531665.0,198,8,0,2.884
419,2,14,15.53,1657203.6,210,2,0,2.788
419,2,15,24.33,1495707.2,191,15,0,2.903
419,2,16,27.2,1507551.0,191,0,0,2.839
419,2,17,22.13,1662425.0,208,1,0,2.835
419,2,18,7.17,1531950.0,190,0,0,2.836
419,2,19,25.2,1697344.0,202,6,0,2.803
419,2,20,14.13,2234.0,0,181,0,2.55
419,2,21,13.24,1624952.7,197,11,0,2.843
419,2,22,17.91,1527044.0,192,0,0,2.866
419,2,23,17.9,1590004.0,204,1,0,2.81
419,2,24,22.87,586580.2,72,151,0,2.895
419,2,25,14.85,2990.3,0,202,0,2.889
419,2,26,13.33,1402338.6,169,36,0,2.875
419,2,27,21.36,1716204.7,218,1,0,2.934
419,2,28,11.89,1077734.8,121,67,0,2.868
419,2,29,27.14,1575489.6,195,2,0,2.821
419,2,30,26.39,0.0,0,0,0,0.0
419,2,31,12.54,0.0,0,0,0,0.0
429,0,0,6.65,91176.6,7,319,0,1.692
429,0,1,22.27,2105.0,0,326,0,1.262
429,0,2,20.19,2816012.1,343,2,0,1.66
429,0,3,15.08,2673535.0,332,0,0,1.783
429,0,4,12.66,27059.5,1,335,0,1.545
429,0,5,12.32,2758122.0,352,0,0,1.688
429,0,6,23.59,9918.3,0,316,0,1.455
429,0,7,29.41,2468956.0,304,0,0,1.648
429,0,8,26.89,372422.3,48,281,0,1.868
429,0,9,11.95,2768210.8,341,1,0,1.616
429,0,10,25.73,8698.0,0,335,0,1.691
429,0,11,9.19,2736361.9,350,3,0,1.655
429,0,12,11.11,2877541.0,353,0,0,1.668
429,0,13,15.51,406450.4,42,269,0,1.93
429,0,14,23.28,2688046.0,329,0,0,1.726
429,0,15,21.85,2686587.0,331,1,0,1.731
429,0,16,21.6,149.8,0,321,0,1.578
429,0,17,23.82,2478129.8,317,6,0,1.772
429,0,18,27.48,2653539.0,333,3,0,1.737
429,0,19,5.6,7071.9,0,346,0,1.276
429,0,20,13.77,2536391.0,319,0,0,1.662
429,0,21,17.56,2835970.8,360,2,0,1.652
429,0,22,22.78,13575.9,0,318,0,1.483
429,0,23,12.17,22197.6,0,299,0,1.494
429,0,24,22.8,0.0,0,0,0,0.0
429,0,25,12.77,0.0,0,0,0,0.0
429,0,26,10.24,0.0,0,0,0,0.0
429,0,27,18.02,0.0,0,0,0,0.0
429,0,28,17.56,0.0,0,0,0,0.0
429,0,29,14.3,0.0,0,0,0,0.0
429,0,30,23.94,0.0,0,0,0,0.0
429,0,31,26.59,0.0,0,0,0,0.0
429,1,0,15.71,68366.2,3,285,0,3.138
429,1,1,17.29,2446128.6,305,4,0,2.835
429,1,2,19.04,285629.9,33,255,0,3.022
429,1,3,16.81,2401142.0,304,1,0,2.947
429,1,4,25.54,23.2,0,293,0,3.333
429,1,5,18.36,2397755.3,292,3,0,2.901
429,1,6,8.63,1989244.0,240,41,0,2.972
429,1,7,5.33,2289928.6,279,5,0,2.866
429,1,8,8.28,2352148.0,296,0,0,2.92
429,1,9,16.95,52017.2,3,275,0,2.899
429,1,10,5.22,2398694.0,298,0,0,3.027
429,1,11,27.19,1955338.1,245,4,0,2.904
429,1,12,16.04,934.9,0,283,0,2.091
429,1,13,25.94,2238194.2,284,8,0,2.874
429,1,14,7.56,2088810.6,264,3,0,2.876
429,1,15,10.93,2162769.9,270,29,0,2.895
429,1,16,21.21,2361118.5,300,5,0,2.979
429,1,17,10.16,2085345.3,269,5,0,2.894
429,1,18,13.45,1773061.6,202,43,0,2.922
429,1,19,28.59,262081.6,31,257,1,3.059
429,1,20,28.46,2373467.2,296,3,0,2.924
429,1,21,7.19,1986875.6,235,43,0,2.956
429,1,22,21.02,2143596.0,269,5,0,2.92
429,1,23,22.73,879531.9,102,160,0,3.015
429,1,24,27.19,1519.2,0,268,0,2.765
429,1,25,13.95,206392.9,18,280,0,3.096
429,1,26,20.95,2446266.0,302,6,0,2.966
429,1,27,28.46,0.0,0,0,0,0.0
429,1,28,27.22,0.0,0,0,0,0.0
429,1,29,21.5,0.0,0,0,0,0.0
429,1,30,21.16,0.0,0,0,0,0.0
429,1,31,18.93,0.0,0,0,0,0.0
429,2,0,6.96,251.1,0,236,0,2.692
429,2,1,7.77,1671856.0,211,4,0,3.001
429,2,2,20.56,134710.1,13,205,0,3.078
429,2,3,13.62,1638854.0,200,1,0,2.966
429,2,4,16.07,1750530.0,207,0,0,2.916
429,2,5,14.57,731.1,0,194,0,2.417
429,2,6,13.01,1487102.0,193,0,0,3.044
429,2,7,22.07,1263826.7,160,59,0,2.89
429,2,8,12.5,1488886.8,178,32,0,3.014
429,2,9,25.95,369401.9,45,159,0,3.011
429,2,10,28.65,1640862.2,204,4,0,3.005
429,2,11,13.51,137617.0,17,204,0,2.81
429,2,12,8.75,1568929.0,196,1,0,3.03
429,2,13,16.81,1580706.6,203,3,0,2.99
429,2,14,15.53,1646165.4,208,4,0,2.917
429,2,15,24.33,1504072.6,194,12,0,2.989
429,2,16,27.2,1507551.0,191,0,0,2.944
429,2,17,22.13,1667800.0,209,0,0,2.929
429,2,18,7.17,1531950.0,190,0,0,2.966
429,2,19,25.2,1716859.0,206,2,0,2.907
429,2,20,14.13,2221.0,0,181,0,2.9
429,2,21,13.24,1621789.0,198,10,0,2.951
429,2,22,17.91,1527044.0,192,0,0,3.005
429,2,23,17.9,1590004.0,204,1,0,2.931
429,2,24,22.87,772108.3,92,131,0,3.02
429,2,25,14.85,3680.3,0,202,0,3.0
429,2,26,13.33,1410424.7,170,35,0,2.956
429,2,27,21.36,1716294.0,218,1,0,3.085
429,2,28,11.89,1056759.0,116,72,0,2.979
429,2,29,27.14,1558588.7,193,4,0,2.966
429,2,30,26.39,0.0,0,0,0,0.0
429,2,31,12.54,0.0,0,0,0,0.0
439,0,0,6.65,72802.5,5,321,0,1.715
439,0,1,22.27,1844.4,0,326,0,1.231
439,0,2,20.19,2815041.7,343,2,0,1.685
439,0,3,15.08,2673535.0,332,0,0,1.748
439,0,4,12.66,29383.6,1,335,0,1.603
439,0,5,12.32,2748412.0,351,1,0,1.674
439,0,6,23.59,10269.6,0,316,0,1.45
439,0,7,29.41,2468956.0,304,0,0,1.72
439,0,8,26.89,429312.3,55,274,0,1.817
439,0,9,11.95,2744011.6,339,3,0,1.657
439,0,10,25.73,11146.9,0,335,0,1.646
439,0,11,9.19,2747242.0,351,2,0,1.628
439,0,12,11.11,2877541.0,353,0,0,1.663
439,0,13,15.51,398360.4,39,272,0,1.968
439,0,14,23.28,2698059.0,330,0,0,1.747
439,0,15,21.85,2686587.0,331,1,0,1.734
439,0,16,21.6,130.0,0,321,0,1.412
439,0,17,23.82,2495932.2,319,4,0,1.775
439,0,18,27.48,2659021.9,335,2,0,1.716
439,0,19,5.6,6561.3,0,346,0,1.424
439,0,20,13.77,2525706.0,318,0,0,1.628
439,0,21,17.56,2828892.1,359,3,0,1.68
439,0,22,22.78,12502.0,0,318,0,1.425
439,0,23,12.17,24986.5,0,299,0,1.58
439,0,24,22.8,0.0,0,0,0,0.0
439,0,25,12.77,0.0,0,0,0,0.0
439,0,26,10.24,0.0,0,0,0,0.0
439,0,27,18.02,0.0,0,0,0,0.0
439,0,28,17.56,0.0,0,0,0,0.0
439,0,29,14.3,0.0,0,0,0,0.0
439,0,30,23.94,0.0,0,0,0,0.0
439,0,31,26.59,0.0,0,0,0,0.0
439,1,0,15.71,70226.4,3,285,0,3.086
439,1,1,17.29,2454912.7,306,2,0,2.909
439,1,2,19.04,294194.9,36,252,0,3.091
439,1,3,16.81,2401142.0,304,1,0,2.915
439,1,4,25.54,698.4,0,293,0,2.833
439,1,5,18.36,2393321.3,291,4,0,2.886
439,1,6,8.63,2009058.3,240,41,0,2.978
439,1,7,5.33,2308189.7,281,3,0,2.899
439,1,8,8.28,2344852.5,295,1,0,2.918
439,1,9,16.95,43836.5,3,275,0,2.989
439,1,10,5.22,2398694.0,298,0,0,3.052
439,1,11,27.19,1955042.8,245,4,0,2.924
439,1,12,16.04,554.7,0,283,0,1.8
439,1,13,25.94,2228471.8,283,9,0,2.916
439,1,14,7.56,2090990.3,264,3,0,2.901
439,1,15,10.93,2181778.8,273,25,0,2.904
439,1,16,21.21,2369088.2,301,4,0,2.904
439,1,17,10.16,2085345.2,269,5,0,2.92
439,1,18,13.45,1779096.9,205,40,0,2.939
439,1,19,28.59,254346.0,29,260,0,3.031
439,1,20,28.46,2373126.8,296,3,0,2.911
439,1,21,7.19,1975314.6,236,42,0,2.977
439,1,22,21.02,2152938.3,270,4,0,2.897
439,1,23,22.73,810731.1,93,168,0,3.021
439,1,24,27.19,1523.3,0,268,0,3.235
439,1,25,13.95,196008.5,16,282,0,3.129
439,1,26,20.95,2446266.0,302,6,0,2.972
439,1,27,28.46,0.0,0,0,0,0.0
439,1,28,27.22,0.0,0,0,0,0.0
439,1,29,21.5,0.0,0,0,0,0.0
439,1,30,21.16,0.0,0,0,0,0.0
439,1,31,18.93,0.0,0,0,0,0.0
439,2,0,6.96,93.1,0,236,0,3.0
439,2,1,7.77,1670822.6,211,3,0,2.972
439,2,2,20.56,126911.5,12,206,0,2.89
439,2,3,13.62,1636624.6,199,2,0,2.997
439,2,4,16.07,1750530.0,207,0,0,2.957
439,2,5,14.57,670.0,0,194,0,2.457
439,2,6,13.01,1487102.0,193,0,0,2.956
439,2,7,22.07,1244617.0,159,60,0,2.889
439,2,8,12.5,1467581.9,171,39,0,2.997
439,2,9,25.95,369584.1,47,157,0,3.053
439,2,10,28.65,1624433.0,202,6,0,3.009
439,2,11,13.51,134879.5,13,208,0,2.842
439,2,12,8.75,1568929.0,196,1,0,3.033
439,2,13,16.81,1531883.5,197,9,0,2.996
439,2,14,15.53,1650489.0,209,3,0,2.913
439,2,15,24.33,1493184.9,191,15,0,2.967
439,2,16,27.2,1507551.0,191,0,0,2.962
439,2,17,22.13,1667800.0,209,0,0,2.889
439,2,18,7.17,1531950.0,190,0,0,2.975
439,2,19,25.2,1704045.1,204,4,0,2.892
439,2,20,14.13,1665.2,0,181,0,2.7
439,2,21,13.24,1631147.9,199,8,0,2.915
439,2,22,17.91,1527044.0,192,0,0,2.935
439,2,23,17.9,1583398.3,203,2,0,2.951
439,2,24,22.87,706314.4,81,143,0,2.98
439,2,25,14.85,1685.2,0,202,0,3.24
439,2,26,13.33,1414124.3,169,36,0,2.999
439,2,27,21.36,1715879.7,218,1,0,3.118
439,2,28,11.89,1141397.7,131,57,0,2.977
439,2,29,27.14,1564533.0,194,3,0,2.944
439,2,30,26.39,0.0,0,0,0,0.0
439,2,31,12.54,0.0,0,0,0,0.0
449,0,0,6.65,74468.8,5,321,0,1.883
449,0,1,22.27,2420.6,0,326,0,1.28
449,0,2,20.19,2814054.0,343,2,0,1.697
449,0,3,15.08,2673535.0,332,0,0,1.805
449,0,4,12.66,25130.7,1,335,0,1.638
449,0,5,12.32,2748412.0,351,1,0,1.785
449,0,6,23.59,9068.1,0,316,0,1.6
449,0,7,29.41,2468956.0,304,0,0,1.747
449,0,8,26.89,394978.5,51,278,0,1.905
449,0,9,11.95,2763121.0,341,1,0,1.696
449,0,10,25.73,10088.8,0,335,0,1.843
449,0,11,9.19,2757644.1,352,1,0,1.678
449,0,12,11.11,2877541.0,353,0,0,1.75
449,0,13,15.51,407839.1,43,268,0,1.986
449,0,14,23.28,2698059.0,330,0,0,1.809
449,0,15,21.85,2681126.0,330,2,0,1.812
449,0,16,21.6,115.2,0,321,0,1.583
449,0,17,23.82,2460040.3,315,8,0,1.87
449,0,18,27.48,2635829.3,332,4,0,1.804
449,0,19,5.6,5673.7,0,346,0,1.434
449,0,20,13.77,2536391.0,319,0,0,1.722
449,0,21,17.56,2838907.0,361,1,0,1.719
449,0,22,22.78,15589.9,0,318,0,1.667
449,0,23,12.17,26940.7,0,299,0,1.643
449,0,24,22.8,0.0,0,0,0,0.0
449,0,25,12.77,0.0,0,0,0,0.0
449,0,26,10.24,0.0,0,0,0,0.0
449,0,27,18.02,0.0,0,0,0,0.0
449,0,28,17.56,0.0,0,0,0,0.0
449,0,29,14.3,0.0,0,0,0,0.0
449,0,30,23.94,0.0,0,0,0,0.0
449,0,31,26.59,0.0,0,0,0,0.0
449,1,0,15.71,63452.8,3,285,0,3.162
449,1,1,17.29,2451671.0,306,2,0,2.968
449,1,2,19.04,321394.7,37,251,0,3.151
449,1,3,16.81,2401142.0,304,1,0,2.982
449,1,4,25.54,54.1,0,293,0,3.25
449,1,5,18.36,2413051.3,294,1,0,2.967
449,1,6,8.63,1980121.1,238,43,0,3.065
449,1,7,5.33,2275267.7,277,7,0,2.979
449,1,8,8.28,2352148.0,296,0,0,2.964
449,1,9,16.95,55043.5,5,273,0,3.121
449,1,10,5.22,2398694.0,298,0,0,3.142
449,1,11,27.19,1960188.0,246,3,0,3.036
449,1,12,16.04,66.0,0,283,0,2.5
449,1,13,25.94,2235821.4,285,7,0,2.949
449,1,14,7.56,2089554.8,264,3,0,2.999
449,1,15,10.93,2196318.3,276,23,0,2.978
449,1,16,21.21,2368870.0,301,4,0,3.061
449,1,17,10.16,2090865.7,269,5,0,2.985
449,1,18,13.45,1783280.5,202,43,0,3.0
449,1,19,28.59,298234.8,36,253,0,3.085
449,1,20,28.46,2378237.8,296,3,0,3.01
449,1,21,7.19,1919873.4,223,55,0,3.056
449,1,22,21.02,2154694.4,270,4,0,3.024
449,1,23,22.73,942888.8,101,161,0,3.087
449,1,24,27.19,1372.1,0,268,0,2.917
449,1,25,13.95,222852.9,18,280,0,3.17
449,1,26,20.95,2451854.0,303,5,0,3.02
449,1,27,28.46,0.0,0,0,0,0.0
449,1,28,27.22,0.0,0,0,0,0.0
449,1,29,21.5,0.0,0,0,0,0.0
449,1,30,21.16,0.0,0,0,0,0.0
449,1,31,18.93,0.0,0,0,0,0.0
449,2,0,6.96,76.9,0,236,0,2.833
449,2,1,7.77,1670998.9,210,4,0,2.992
449,2,2,20.56,107745.6,9,209,0,3.009
449,2,3,13.62,1624884.0,199,2,0,3.042
449,2,4,16.07,1750530.0,207,0,0,3.013
449,2,5,14.57,889.5,0,194,0,2.591
449,2,6,13.01,1487102.0,193,0,0,3.108
449,2,7,22.07,1391942.0,169,50,0,2.974
449,2,8,12.5,1476876.6,178,32,0,3.069
449,2,9,25.95,387779.9,45,159,0,3.033
449,2,10,28.65,1614531.5,201,7,0,3.037
449,2,11,13.51,134453.1,15,206,0,2.872
449,2,12,8.75,1568929.0,196,1,0,3.097
449,2,13,16.81,1539148.8,197,9,0,3.104
449,2,14,15.53,1656052.8,209,3,0,2.98
449,2,15,24.33,1484580.8,189,17,0,3.012
449,2,16,27.2,1507551.0,191,0,0,3.019
449,2,17,22.13,1655321.7,207,2,0,2.988
449,2,18,7.17,1524916.0,189,0,0,3.025
449,2,19,25.2,1710393.0,206,2,0,2.961
449,2,20,14.13,2082.5,0,181,0,2.941
449,2,21,13.24,1600901.6,194,14,0,3.003
449,2,22,17.91,1527044.0,192,0,0,3.062
449,2,23,17.9,1590004.0,204,1,0,3.025
449,2,24,22.87,772758.1,85,139,0,3.047
449,2,25,14.85,2930.2,0,202,0,3.163
449,2,26,13.33,1440051.3,171,34,0,3.076
449,2,27,21.36,1715440.9,218,1,0,3.114
449,2,28,11.89,1131687.6,126,62,0,3.027
449,2,29,27.14,1575972.4,195,2,0,3.009
449,2,30,26.39,0.0,0,0,0,0.0
449,2,31,12.54,0.0,0,0,0,0.0
459,0,0,6.65,74296.9,6,320,0,1.717
459,0,1,22.27,2279.7,0,326,0,1.129
459,0,2,20.19,2804672.0,342,3,0,1.637
459,0,3,15.08,2673535.0,332,0,0,1.728
459,0,4,12.66,23950.4,1,335,0,1.605
459,0,5,12.32,2758122.0,352,0,0,1.665
459,0,6,23.59,12311.7,0,316,0,1.394
459,0,7,29.41,2468956.0,304,0,0,1.7
459,0,8,26.89,384219.8,51,278,0,1.761
459,0,9,11.95,2755844.8,340,2,0,1.639
459,0,10,25.73,10134.6,0,335,0,1.645
459,0,11,9.19,2749664.8,351,2,0,1.615
459,0,12,11.11,2877541.0,353,0,0,1.646
459,0,13,15.51,433852.4,44,267,0,1.903
459,0,14,23.28,2698059.0,330,0,0,1.702
459,0,15,21.85,2691517.1,331,1,0,1.69
459,0,16,21.6,133.7,0,321,0,1.382
459,0,17,23.82,2464781.6,316,7,0,1.762
459,0,18,27.48,2640255.8,332,4,0,1.73
459,0,19,5.6,6948.8,0,346,0,1.158
459,0,20,13.77,2536391.0,319,0,0,1.633
459,0,21,17.56,2838907.0,361,1,0,1.665
459,0,22,22.78,12309.8,0,318,0,1.476
459,0,23,12.17,23974.6,0,299,0,1.56
459,0,24,22.8,0.0,0,0,0,0.0
459,0,25,12.77,0.0,0,0,0,0.0
459,0,26,10.24,0.0,0,0,0,0.0
459,0,27,18.02,0.0,0,0,0,0.0
459,0,28,17.56,0.0,0,0,0,0.0
459,0,29,14.3,0.0,0,0,0,0.0
459,0,30,23.94,0.0,0,0,0,0.0
459,0,31,26.59,0.0,0,0,0,0.0
459,1,0,15.71,55244.2,3,285,0,2.954
459,1,1,17.29,2451021.2,306,2,0,2.777
459,1,2,19.04,257346.6,28,260,0,2.998
459,1,3,16.81,2401142.0,304,1,0,2.835
459,1,4,25.54,65.8,0,293,0,3.0
459,1,5,18.36,2413051.3,294,1,0,2.8
459,1,6,8.63,1999332.2,244,37,0,2.881
459,1,7,5.33,2316554.3,282,2,0,2.797
459,1,8,8.28,2352148.0,296,0,0,2.853
459,1,9,16.95,47023.8,4,274,0,2.953
459,1,10,5.22,2398694.0,298,0,0,2.919
459,1,11,27.19,1964794.0,247,2,0,2.853
459,1,12,16.04,112.3,0,283,0,1.5
459,1,13,25.94,2257563.0,286,6,0,2.802
459,1,14,7.56,2089500.1,264,3,0,2.798
459,1,15,10.93,2236578.8,278,20,0,2.821
459,1,16,21.21,2360790.6,300,5,0,2.872
459,1,17,10.16,2095265.5,270,4,0,2.821
459,1,18,13.45,1806566.8,209,37,0,2.842
459,1,19,28.59,268735.9,35,254,0,2.941
459,1,20,28.46,2383295.0,297,2,0,2.815
459,1,21,7.19,1987258.6,236,41,0,2.894
459,1,22,21.02,2153188.5,270,4,0,2.808
459,1,23,22.73,804613.2,92,169,0,2.93
459,1,24,27.19,382.1,0,268,0,2.667
459,1,25,13.95,159665.8,15,283,0,3.041
459,1,26,20.95,2458664.0,304,4,0,2.84
459,1,27,28.46,0.0,0,0,0,0.0
459,1,28,27.22,0.0,0,0,0,0.0
459,1,29,21.5,0.0,0,0,0,0.0
459,1,30,21.16,0.0,0,0,0,0.0
459,1,31,18.93,0.0,0,0,0,0.0
459,2,0,6.96,46.7,0,236,0,1.833
459,2,1,7.77,1668159.9,210,3,1,2.902
459,2,2,20.56,86020.3,8,210,0,2.727
459,2,3,13.62,1636054.0,200,1,0,2.918
459,2,4,16.07,1750530.0,207,0,0,2.846
459,2,5,14.57,529.1,0,194,0,2.368
459,2,6,13.01,1487102.0,193,0,0,2.903
459,2,7,22.07,1374269.1,174,45,0,2.847
459,2,8,12.5,1484691.7,178,32,0,2.928
459,2,9,25.95,384623.8,50,154,0,2.857
459,2,10,28.65,1650699.9,205,3,0,2.923
459,2,11,13.51,134585.6,15,206,0,2.824
459,2,12,8.75,1568929.0,196,1,0,2.969
459,2,13,16.81,1541446.1,196,10,0,2.963
459,2,14,15.53,1647684.3,208,4,0,2.802
459,2,15,24.33,1493830.8,192,14,0,2.924
459,2,16,27.2,1507551.0,191,0,0,2.87
459,2,17,22.13,1667800.0,209,0,0,2.832
459,2,18,7.17,1531950.0,190,0,0,2.901
459,2,19,25.2,1718507.2,206,2,0,2.828
459,2,20,14.13,1677.5,0,181,0,2.667
459,2,21,13.24,1620034.7,198,10,0,2.866
459,2,22,17.91,1527044.0,192,0,0,2.881
459,2,23,17.9,1590004.0,204,1,0,2.865
459,2,24,22.87,676636.8,78,145,0,2.95
459,2,25,14.85,2255.9,0,202,0,2.885
459,2,26,13.33,1363756.3,165,40,0,2.953
459,2,27,21.36,1722731.0,219,0,0,2.96
459,2,28,11.89,1008133.4,112,76,0,2.906
459,2,29,27.14,1559035.0,193,4,0,2.915
459,2,30,26.39,0.0,0,0,0,0.0
459,2,31,12.54,0.0,0,0,0,0.0
469,0,0,6.65,72429.3,9,317,0,1.781
469,0,1,22.27,2121.2,0,326,0,1.227
469,0,2,20.19,2814054.0,343,2,0,1.67
469,0,3,15.08,2673535.0,332,0,0,1.809
469,0,4,12.66,27356.1,1,335,0,1.559
469,0,5,12.32,2758122.0,352,0,0,1.748
469,0,6,23.59,11291.1,0,316,0,1.449
469,0,7,29.41,2468956.0,304,0,0,1.776
469,0,8,26.89,434094.8,56,273,0,1.875
469,0,9,11.95,2752433.0,340,2,0,1.642
469,0,10,25.73,11176.9,0,335,0,1.772
469,0,11,9.19,2755989.0,352,1,0,1.666
469,0,12,11.11,2877541.0,353,0,0,1.684
469,0,13,15.51,411621.9,43,268,0,1.943
469,0,14,23.28,2698059.0,330,0,0,1.818
469,0,15,21.85,2697109.0,332,1,0,1.739
469,0,16,21.6,164.6,0,321,0,1.674
469,0,17,23.82,2480481.3,317,6,0,1.828
469,0,18,27.48,2646428.1,332,4,0,1.782
469,0,19,5.6,5143.6,0,346,0,1.242
469,0,20,13.77,2536391.0,319,0,0,1.757
469,0,21,17.56,2832637.4,360,2,0,1.671
469,0,22,22.78,18678.7,0,318,0,1.623
469,0,23,12.17,25206.0,0,299,0,1.641
469,0,24,22.8,0.0,0,0,0,0.0
469,0,25,12.77,0.0,0,0,0,0.0
469,0,26,10.24,0.0,0,0,0,0.0
469,0,27,18.02,0.0,0,0,0,0.0
469,0,28,17.56,0.0,0,0,0,0.0
469,0,29,14.3,0.0,0,0,0,0.0
469,0,30,23.94,0.0,0,0,0,0.0
469,0,31,26.59,0.0,0,0,0,0.0
469,1,0,15.71,60489.3,2,286,0,3.048
469,1,1,17.29,2458507.0,307,1,0,2.826
469,1,2,19.04,272344.5,36,252,0,3.054
469,1,3,16.81,2401142.0,304,1,0,2.821
469,1,4,25.54,51.3,0,293,0,3.0
469,1,5,18.36,2406568.7,293,2,0,2.835
469,1,6,8.63,1987560.3,240,41,0,2.912
469,1,7,5.33,2306831.4,281,3,0,2.798
469,1,8,8.28,2352148.0,296,0,0,2.802
469,1,9,16.95,47831.8,3,275,0,2.933
469,1,10,5.22,2398694.0,298,0,0,2.955
469,1,11,27.19,1951643.0,245,4,0,2.861
469,1,12,16.04,0.0,0,283,0,0.0
469,1,13,25.94,2250888.5,287,5,0,2.853
469,1,14,7.56,2085856.3,264,3,0,2.827
469,1,15,10.93,2207825.7,276,22,0,2.829
469,1,16,21.21,2376474.0,302,3,0,2.895
469,1,17,10.16,2090113.5,269,5,0,2.849
469,1,18,13.45,1791484.0,206,40,0,2.878
469,1,19,28.59,256645.0,34,255,0,2.947
469,1,20,28.46,2378237.8,296,3,0,2.863
469,1,21,7.19,1968632.2,234,43,0,2.87
469,1,22,21.02,2170158.4,272,2,0,2.832
469,1,23,22.73,755255.2,88,174,0,2.966
469,1,24,27.19,921.0,0,268,0,2.875
469,1,25,13.95,212939.3,20,278,0,2.98
469,1,26,20.95,2456417.7,303,5,0,2.821
469,1,27,28.46,0.0,0,0,0,0.0
469,1,28,27.22,0.0,0,0,0,0.0
469,1,29,21.5,0.0,0,0,0,0.0
469,1,30,21.16,0.0,0,0,0,0.0
469,1,31,18.93,0.0,0,0,0,0.0
469,2,0,6.96,119.9,0,236,0,2.833
469,2,1,7.77,1674534.9,212,2,0,2.867
469,2,2,20.56,72737.7,8,210,0,2.717
469,2,3,13.62,1630510.8,198,3,0,2.886
469,2,4,16.07,1750530.0,207,0,0,2.866
469,2,5,14.57,594.0,0,194,0,2.344
469,2,6,13.01,1487102.0,193,0,0,2.896
469,2,7,22.07,1506022.4,188,31,0,2.824
469,2,8,12.5,1482937.0,180,30,0,2.921
469,2,9,25.95,401010.6,50,155,0,2.876
469,2,10,28.65,1644690.2,203,5,0,2.931
469,2,11,13.51,146463.0,16,205,0,2.767
469,2,12,8.75,1568929.0,196,1,0,2.937
469,2,13,16.81,1524997.8,193,13,0,2.92
469,2,14,15.53,1651947.7,209,3,0,2.867
469,2,15,24.33,1490046.5,192,14,0,2.915
469,2,16,27.2,1507551.0,191,0,0,2.873
469,2,17,22.13,1660961.1,208,1,0,2.858
469,2,18,7.17,1524916.0,189,0,0,2.888
469,2,19,25.2,1704321.9,204,4,0,2.864
469,2,20,14.13,2522.7,0,181,0,2.353
469,2,21,13.24,1603326.3,198,10,0,2.884
469,2,22,17.91,1527044.0,192,0,0,2.893
469,2,23,17.9,1590004.0,204,1,0,2.869
469,2,24,22.87,644975.6,81,142,0,2.942
469,2,25,14.85,2208.8,0,202,0,3.154
469,2,26,13.33,1394480.2,166,39,0,2.91
469,2,27,21.36,1722731.0,219,0,0,2.911
469,2,28,11.89,1027050.8,122,66,0,2.907
469,2,29,27.14,1551384.0,192,5,0,2.869
469,2,30,26.39,0.0,0,0,0,0.0
469,2,31,12.54,0.0,0,0,0,0.0
479,0,0,6.65,78606.7,9,317,0,1.785
479,0,1,22.27,2349.8,0,326,0,1.067
479,0,2,20.19,2813084.0,343,2,0,1.722
479,0,3,15.08,2673535.0,332,0,0,1.826
479,0,4,12.66,29156.4,1,335,0,1.65
479,0,5,12.32,2758122.0,352,0,0,1.763
479,0,6,23.59,10860.3,0,316,0,1.482
479,0,7,29.41,2468956.0,304,0,0,1.751
479,0,8,26.89,402275.9,51,278,0,1.911
479,0,9,11.95,2768210.8,341,1,0,1.704
479,0,10,25.73,10905.2,0,335,0,1.638
479,0,11,9.19,2750689.3,351,2,0,1.643
479,0,12,11.11,2877541.0,353,0,0,1.738
479,0,13,15.51,465394.1,47,264,0,1.96
479,0,14,23.28,2698059.0,330,0,0,1.851
479,0,15,21.85,2691517.1,331,1,0,1.74
479,0,16,21.6,136.5,0,321,0,1.595
479,0,17,23.82,2466752.6,315,8,0,1.862
479,0,18,27.48,2643779.0,333,3,0,1.791
479,0,19,5.6,5196.8,0,346,0,1.169
479,0,20,13.77,2536391.0,319,0,0,1.734
479,0,21,17.56,2821164.1,358,4,0,1.747
479,0,22,22.78,18004.3,0,318,0,1.645
479,0,23,12.17,21865.1,0,299,0,1.61
479,0,24,22.8,0.0,0,0,0,0.0
479,0,25,12.77,0.0,0,0,0,0.0
479,0,26,10.24,0.0,0,0,0,0.0
479,0,27,18.02,0.0,0,0,0,0.0
479,0,28,17.56,0.0,0,0,0,0.0
479,0,29,14.3,0.0,0,0,0,0.0
479,0,30,23.94,0.0,0,0,0,0.0
479,0,31,26.59,0.0,0,0,0,0.0
479,1,0,15.71,53562.1,4,284,0,2.968
479,1,1,17.29,2454840.8,306,2,0,2.857
479,1,2,19.04,287007.2,35,253,0,2.992
479,1,3,16.81,2401142.0,304,1,0,2.877
479,1,4,25.54,19.8,0,293,0,2.5
479,1,5,18.36,2397923.2,292,3,0,2.833
479,1,6,8.63,1983220.4,241,40,0,2.906
479,1,7,5.33,2308046.0,281,3,0,2.807
479,1,8,8.28,2352148.0,296,0,0,2.829
479,1,9,16.95,30950.5,1,277,0,3.04
479,1,10,5.22,2398694.0,298,0,0,2.944
479,1,11,27.19,1976052.0,248,1,0,2.839
479,1,12,16.04,77.1,0,283,0,3.5
479,1,13,25.94,2229490.5,284,8,0,2.821
479,1,14,7.56,2089918.2,264,3,0,2.83
479,1,15,10.93,2213093.0,275,24,0,2.787
479,1,16,21.21,2361747.3,300,5,0,2.885
479,1,17,10.16,2084822.6,269,5,0,2.814
479,1,18,13.45,1772674.1,204,41,0,2.873
479,1,19,28.59,279312.9,36,253,0,2.971
479,1,20,28.46,2373569.6,295,4,0,2.858
479,1,21,7.19,2019113.5,241,38,0,2.897
479,1,22,21.02,2149241.0,270,4,0,2.808
479,1,23,22.73,763185.0,96,165,0,2.919
479,1,24,27.19,518.4,0,268,0,3.0
479,1,25,13.95,177776.5,17,281,0,3.028
479,1,26,20.95,2451854.0,303,5,0,2.809
479,1,27,28.46,0.0,0,0,0,0.0
479,1,28,27.22,0.0,0,0,0,0.0
479,1,29,21.5,0.0,0,0,0,0.0
479,1,30,21.16,0.0,0,0,0,0.0
479,1,31,18.93,0.0,0,0,0,0.0
479,2,0,6.96,121.2,0,236,0,2.25
479,2,1,7.77,1672709.1,211,3,0,2.859
479,2,2,20.56,95203.3,12,206,0,2.784
479,2,3,13.62,1645304.0,201,0,0,2.857
479,2,4,16.07,1750530.0,207,0,0,2.84
479,2,5,14.57,324.6,0,194,0,2.235
479,2,6,13.01,1487102.0,193,0,0,2.871
479,2,7,22.07,1471665.4,184,35,0,2.812
479,2,8,12.5,1486740.4,179,31,0,2.887
479,2,9,25.95,361947.0,51,153,0,2.877
479,2,10,28.65,1647274.9,204,4,0,2.879
479,2,11,13.51,123407.9,13,208,0,2.716
479,2,12,8.75,1568929.0,196,1,0,2.834
479,2,13,16.81,1528163.8,195,11,0,2.879
479,2,14,15.53,1652502.4,209,3,0,2.758
479,2,15,24.33,1497217.5,194,12,0,2.876
479,2,16,27.2,1507551.0,191,0,0,2.83
479,2,17,22.13,1667800.0,209,0,0,2.902
479,2,18,7.17,1524916.0,189,0,0,2.851
479,2,19,25.2,1704117.7,204,4,0,2.819
479,2,20,14.13,2298.0,0,181,0,2.562
479,2,21,13.24,1614109.5,199,9,0,2.868
479,2,22,17.91,1527044.0,192,0,0,2.859
479,2,23,17.9,1590004.0,204,1,0,2.847
479,2,24,22.87,695475.1,86,138,0,2.862
479,2,25,14.85,3310.9,0,202,0,2.733
479,2,26,13.33,1397512.3,173,32,0,2.878
479,2,27,21.36,1722731.0,219,0,0,2.898
479,2,28,11.89,972295.7,109,79,0,2.911
479,2,29,27.14,1565665.3,194,3,0,2.865
479,2,30,26.39,0.0,0,0,0,0.0
479,2,31,12.54,0.0,0,0,0,0.0
489,0,0,6.65,71736.0,3,323,0,1.955
489,0,1,22.27,2337.7,0,326,0,1.488
489,0,2,20.19,2806628.7,342,3,0,1.82
489,0,3,15.08,2673535.0,332,0,0,1.883
489,0,4,12.66,31566.7,2,334,0,1.755
489,0,5,12.32,2748412.0,351,1,0,1.831
489,0,6,23.59,8273.1,0,316,0,1.7
489,0,7,29.41,2468956.0,304,0,0,1.87
489,0,8,26.89,469563.4,63,266,0,2.01
489,0,9,11.95,2763121.0,341,1,0,1.769
489,0,10,25.73,8823.7,0,335,0,1.922
489,0,11,9.19,2740835.5,350,3,0,1.776
489,0,12,11.11,2869429.0,352,1,0,1.846
489,0,13,15.51,436729.4,44,267,0,2.048
489,0,14,23.28,2698059.0,330,0,0,1.92
489,0,15,21.85,2686587.0,331,1,0,1.821
489,0,16,21.6,143.7,0,321,0,1.605
489,0,17,23.82,2462073.4,311,12,0,1.926
489,0,18,27.48,2648062.1,333,3,0,1.883
489,0,19,5.6,5567.6,0,346,0,1.384
489,0,20,13.77,2525706.0,318,0,0,1.77
489,0,21,17.56,2825696.8,359,3,0,1.827
489,0,22,22.78,19926.8,0,318,0,1.832
489,0,23,12.17,19828.1,0,299,0,1.732
489,0,24,22.8,0.0,0,0,0,0.0
489,0,25,12.77,0.0,0,0,0,0.0
489,0,26,10.24,0.0,0,0,0,0.0
489,0,27,18.02,0.0,0,0,0,0.0
489,0,28,17.56,0.0,0,0,0,0.0
489,0,29,14.3,0.0,0,0,0,0.0
489,0,30,23.94,0.0,0,0,0,0.0
489,0,31,26.59,0.0,0,0,0,0.0
489,1,0,15.71,44346.8,2,286,0,3.168
489,1,1,17.29,2444705.0,305,3,0,2.967
489,1,2,19.04,399174.9,46,242,0,3.121
489,1,3,16.81,2401142.0,304,1,0,2.98
489,1,4,25.54,142.5,0,293,0,2.571
489,1,5,18.36,2413051.3,294,1,0,3.018
489,1,6,8.63,1974921.4,241,40,0,3.06
489,1,7,5.33,2293850.7,279,5,0,2.932
489,1,8,8.28,2352148.0,296,0,0,2.987
489,1,9,16.95,32892.3,1,277,0,2.992
489,1,10,5.22,2398694.0,298,0,0,3.147
489,1,11,27.19,1963587.8,246,3,0,3.03
489,1,12,16.04,260.4,0,283,0,3.0
489,1,13,25.94,2235235.0,283,9,0,2.977
489,1,14,7.56,2086031.0,264,3,0,2.994
489,1,15,10.93,2211228.6,274,24,0,2.935
489,1,16,21.21,2368870.0,301,4,0,2.991
489,1,17,10.16,2090497.2,270,4,0,2.979
489,1,18,13.45,1809547.3,208,38,0,3.015
489,1,19,28.59,322319.8,36,253,0,3.101
489,1,20,28.46,2357078.8,294,5,0,3.025
489,1,21,7.19,2012600.4,238,40,0,3.03
489,1,22,21.02,2138178.7,268,6,0,3.021
489,1,23,22.73,960103.1,114,148,0,3.099
489,1,24,27.19,647.7,0,268,0,2.429
489,1,25,13.95,175217.4,17,281,0,3.159
489,1,26,20.95,2457505.3,303,5,0,3.013
489,1,27,28.46,0.0,0,0,0,0.0
489,1,28,27.22,0.0,0,0,0,0.0
489,1,29,21.5,0.0,0,0,0,0.0
489,1,30,21.16,0.0,0,0,0,0.0
489,1,31,18.93,0.0,0,0,0,0.0
489,2,0,6.96,0.0,0,236,0,0.0
489,2,1,7.77,1675632.7,211,3,0,3.036
489,2,2,20.56,117189.3,12,206,0,2.98
489,2,3,13.62,1621745.5,198,3,0,3.086
489,2,4,16.07,1750530.0,207,0,0,3.025
489,2,5,14.57,578.3,0,194,0,2.577
489,2,6,13.01,1487102.0,193,0,0,3.048
489,2,7,22.07,1407536.3,179,40,0,2.983
489,2,8,12.5,1492204.5,178,32,0,3.06
489,2,9,25.95,407675.6,55,149,0,3.06
489,2,10,28.65,1647301.2,205,3,0,3.031
489,2,11,13.51,167295.8,19,202,0,2.876
489,2,12,8.75,1568929.0,196,1,0,3.095
489,2,13,16.81,1536128.5,195,11,0,3.089
489,2,14,15.53,1635754.0,208,4,0,3.001
489,2,15,24.33,1495917.8,192,14,0,3.043
489,2,16,27.2,1507551.0,191,0,0,2.99
489,2,17,22.13,1652761.7,207,2,0,3.026
489,2,18,7.17,1531950.0,190,0,0,3.058
489,2,19,25.2,1704322.7,204,4,0,3.007
489,2,20,14.13,1485.2,0,181,0,2.667
489,2,21,13.24,1594389.6,192,16,0,3.01
489,2,22,17.91,1527044.0,192,0,0,3.034
489,2,23,17.9,1577297.4,202,3,0,3.052
489,2,24,22.87,846166.9,99,125,0,3.052
489,2,25,14.85,1081.8,0,202,0,3.286
489,2,26,13.33,1387942.0,168,37,0,3.066
489,2,27,21.36,1710890.4,217,2,0,3.088
489,2,28,11.89,1057653.9,122,66,0,3.043
489,2,29,27.14,1565655.0,194,3,0,3.06
489,2,30,26.39,0.0,0,0,0,0.0
489,2,31,12.54,0.0,0,0,0,0.0
499,0,0,6.65,98130.1,6,320,0,2.105
499,0,1,22.27,2382.3,0,326,0,1.757
499,0,2,20.19,2816012.1,343,2,0,1.962
499,0,3,15.08,2673535.0,332,0,0,1.972
499,0,4,12.66,32710.1,2,334,0,1.925
499,0,5,12.32,2758122.0,352,0,0,1.893
499,0,6,23.59,7304.1,0,316,0,1.979
499,0,7,29.41,2468956.0,304,0,0,2.003
499,0,8,26.89,489438.3,66,263,0,2.14
499,0,9,11.95,2743428.4,339,3,0,1.9
499,0,10,25.73,8746.8,0,335,0,2.119
499,0,11,9.19,2755989.0,352,1,0,1.839
499,0,12,11.11,2869429.0,352,1,0,1.92
499,0,13,15.51,426554.5,42,269,0,2.166
499,0,14,23.28,2688046.0,329,0,0,2.016
499,0,15,21.85,2680383.1,330,2,0,1.951
499,0,16,21.6,204.7,0,321,0,1.778
499,0,17,23.82,2429085.6,308,15,0,2.036
499,0,18,27.48,2628041.4,331,5,0,1.997
499,0,19,5.6,5405.5,0,346,0,1.578
499,0,20,13.77,2536391.0,319,0,0,1.917
499,0,21,17.56,2811524.6,358,4,0,1.961
499,0,22,22.78,20011.3,0,318,0,2.02
499,0,23,12.17,18546.5,0,299,0,1.857
499,0,24,22.8,0.0,0,0,0,0.0
499,0,25,12.77,0.0,0,0,0,0.0
499,0,26,10.24,0.0,0,0,0,0.0
499,0,27,18.02,0.0,0,0,0,0.0
499,0,28,17.56,0.0,0,0,0,0.0
499,0,29,14.3,0.0,0,0,0,0.0
499,0,30,23.94,0.0,0,0,0,0.0
499,0,31,26.59,0.0,0,0,0,0.0
499,1,0,15.71,49410.3,1,287,0,3.312
499,1,1,17.29,2443264.0,305,3,0,3.163
499,1,2,19.04,430962.9,47,241,0,3.303
499,1,3,16.81,2391596.0,303,2,0,3.205
499,1,4,25.54,14.8,0,293,0,4.0
499,1,5,18.36,2389185.7,291,4,0,3.161
499,1,6,8.63,1990731.1,237,44,0,3.231
499,1,7,5.33,2277092.6,276,8,0,3.144
499,1,8,8.28,2352148.0,296,0,0,3.157
499,1,9,16.95,46465.9,2,276,0,3.276
499,1,10,5.22,2398694.0,298,0,0,3.262
499,1,11,27.19,1964794.0,247,2,0,3.184
499,1,12,16.04,261.4,0,283,0,3.167
499,1,13,25.94,2234115.5,283,9,0,3.16
499,1,14,7.56,2090748.9,264,3,0,3.142
499,1,15,10.93,2163886.8,271,27,0,3.138
499,1,16,21.21,2366226.0,301,4,0,3.217
499,1,17,10.16,2084249.9,269,5,0,3.174
499,1,18,13.45,1826510.0,205,40,0,3.17
499,1,19,28.59,393331.8,44,245,0,3.28
499,1,20,28.46,2373192.3,295,4,0,3.191
499,1,21,7.19,1961163.6,230,48,0,3.227
499,1,22,21.02,2159184.0,271,3,0,3.219
499,1,23,22.73,1090867.1,123,139,0,3.26
499,1,24,27.19,2013.6,0,268,0,2.909
499,1,25,13.95,231756.3,20,278,0,3.309
499,1,26,20.95,2446266.0,302,6,0,3.192
499,1,27,28.46,0.0,0,0,0,0.0
499,1,28,27.22,0.0,0,0,0,0.0
499,1,29,21.5,0.0,0,0,0,0.0
499,1,30,21.16,0.0,0,0,0,0.0
499,1,31,18.93,0.0,0,0,0,0.0
499,2,0,6.96,130.2,0,236,0,2.571
499,2,1,7.77,1663018.5,210,4,0,3.189
499,2,2,20.56,165452.9,17,201,0,3.244
499,2,3,13.62,1637269.0,199,2,0,3.247
499,2,4,16.07,1750530.0,207,0,0,3.103
499,2,5,14.57,546.3,0,194,0,2.947
499,2,6,13.01,1487102.0,193,0,0,3.233
499,2,7,22.07,1520757.7,187,32,0,3.161
499,2,8,12.5,1493202.1,175,35,0,3.213
499,2,9,25.95,429574.9,56,148,0,3.242
499,2,10,28.65,1620148.2,201,7,0,3.213
499,2,11,13.51,196037.2,22,199,0,3.083
499,2,12,8.75,1568929.0,196,1,0,3.216
499,2,13,16.81,1561885.6,199,7,0,3.214
499,2,14,15.53,1636066.6,206,5,0,3.148
499,2,15,24.33,1471944.5,189,17,0,3.219
499,2,16,27.2,1507551.0,191,0,0,3.157
499,2,17,22.13,1662425.0,208,1,0,3.129
499,2,18,7.17,1524916.0,189,0,0,3.208
499,2,19,25.2,1693885.0,199,9,0,3.134
499,2,20,14.13,3325.9,0,181,0,2.773
499,2,21,13.24,1579592.4,192,16,0,3.165
499,2,22,17.91,1527044.0,192,0,0,3.226
499,2,23,17.9,1584366.3,203,2,0,3.174
499,2,24,22.87,823413.9,94,130,0,3.199
499,2,25,14.85,4300.3,0,202,0,2.809
499,2,26,13.33,1432202.2,173,32,0,3.232
499,2,27,21.36,1716307.4,218,1,0,3.273
499,2,28,11.89,1084704.6,121,67,0,3.183
499,2,29,27.14,1579774.0,196,1,0,3.21
499,2,30,26.39,0.0,0,0,0,0.0
499,2,31,12.54,0.0,0,0,0,0.0
509,0,0,6.65,107855.0,6,320,0,2.108
509,0,1,22.27,2461.7,0,326,0,1.907
509,0,2,20.19,2816011.7,343,2,0,1.991
509,0,3,15.08,2673535.0,332,0,0,2.013
509,0,4,12.66,34799.6,2,334,0,1.89
509,0,5,12.32,2758122.0,352,0,0,1.95
509,0,6,23.59,5543.1,0,316,0,2.047
509,0,7,29.41,2468956.0,304,0,0,2.005
509,0,8,26.89,474883.0,62,267,0,2.148
509,0,9,11.95,2752501.4,339,3,0,1.937
509,0,10,25.73,7921.5,0,335,0,2.224
509,0,11,9.19,2729844.8,349,4,0,1.914
509,0,12,11.11,2869429.0,352,1,0,1.956
509,0,13,15.51,394711.6,44,267,0,2.194
509,0,14,23.28,2688046.0,329,0,0,2.059
509,0,15,21.85,2686587.0,331,1,0,2.027
509,0,16,21.6,225.4,0,321,0,2.076
509,0,17,23.82,2426134.3,309,14,0,2.064
509,0,18,27.48,2640805.5,332,4,0,2.003
509,0,19,5.6,6413.4,0,346,0,1.608
509,0,20,13.77,2525706.0,318,0,0,1.952
509,0,21,17.56,2811433.6,358,4,0,1.972
509,0,22,22.78,25607.3,0,318,0,2.047
509,0,23,12.17,19522.2,0,299,0,1.873
509,0,24,22.8,0.0,0,0,0,0.0
509,0,25,12.77,0.0,0,0,0,0.0
509,0,26,10.24,0.0,0,0,0,0.0
509,0,27,18.02,0.0,0,0,0,0.0
509,0,28,17.56,0.0,0,0,0,0.0
509,0,29,14.3,0.0,0,0,0,0.0
509,0,30,23.94,0.0,0,0,0,0.0
509,0,31,26.59,0.0,0,0,0,0.0
509,1,0,15.71,53319.4,2,286,0,3.393
509,1,1,17.29,2443264.0,305,3,0,3.172
509,1,2,19.04,484448.7,54,234,0,3.285
509,1,3,16.81,2401142.0,304,1,0,3.198
509,1,4,25.54,0.0,0,293,0,4.0
509,1,5,18.36,2401044.3,292,3,0,3.157
509,1,6,8.63,2000405.0,243,38,0,3.232
509,1,7,5.33,2294294.6,279,5,0,3.135
509,1,8,8.28,2352148.0,296,0,0,3.161
509,1,9,16.95,35183.4,2,276,0,3.356
509,1,10,5.22,2398694.0,298,0,0,3.293
509,1,11,27.19,1956249.0,246,3,0,3.145
509,1,12,16.04,636.5,0,283,0,2.842
509,1,13,25.94,2222354.0,284,8,0,3.164
509,1,14,7.56,2091000.5,264,3,0,3.217
509,1,15,10.93,2140399.4,269,29,0,3.143
509,1,16,21.21,2376474.0,302,3,0,3.231
509,1,17,10.16,2079849.3,268,6,0,3.2
509,1,18,13.45,1761657.2,199,47,0,3.194
509,1,19,28.59,400013.9,43,246,0,3.272
509,1,20,28.46,2372890.7,295,4,0,3.197
509,1,21,7.19,1922946.0,228,50,0,3.227
509,1,22,21.02,2151407.4,270,4,0,3.215
509,1,23,22.73,1045421.2,119,143,0,3.273
509,1,24,27.19,2591.5,0,268,0,3.119
509,1,25,13.95,232518.9,18,280,0,3.327
509,1,26,20.95,2451917.3,302,6,0,3.215
509,1,27,28.46,0.0,0,0,0,0.0
509,1,28,27.22,0.0,0,0,0,0.0
509,1,29,21.5,0.0,0,0,0,0.0
509,1,30,21.16,0.0,0,0,0,0.0
509,1,31,18.93,0.0,0,0,0,0.0
509,2,0,6.96,102.2,0,236,0,3.0
509,2,1,7.77,1658411.6,209,5,0,3.29
509,2,2,20.56,191014.4,13,205,0,3.22
509,2,3,13.62,1637824.4,199,2,0,3.277
509,2,4,16.07,1750530.0,207,0,0,3.156
509,2,5,14.57,317.3,0,194,0,2.833
509,2,6,13.01,1487102.0,193,0,0,3.154
509,2,7,22.07,1469787.0,179,40,0,3.133
509,2,8,12.5,1486302.3,176,34,0,3.225
509,2,9,25.95,443735.6,58,146,0,3.276
509,2,10,28.65,1612256.9,201,7,0,3.255
509,2,11,13.51,207682.4,22,199,0,3.124
509,2,12,8.75,1568929.0,196,1,0,3.259
509,2,13,16.81,1532168.1,195,11,0,3.259
509,2,14,15.53,1638337.0,207,5,0,3.184
509,2,15,24.33,1493817.4,189,17,0,3.208
509,2,16,27.2,1507551.0,191,0,0,3.211
509,2,17,22.13,1662425.0,208,1,0,3.207
509,2,18,7.17,1524916.0,189,0,0,3.187
509,2,19,25.2,1705485.0,203,5,0,3.176
509,2,20,14.13,7027.9,0,181,0,3.117
509,2,21,13.24,1591819.0,194,13,0,3.191
509,2,22,17.91,1527044.0,192,0,0,3.2
509,2,23,17.9,1590004.0,204,1,0,3.21
509,2,24,22.87,827796.8,97,127,0,3.193
509,2,25,14.85,3633.8,0,202,0,2.833
509,2,26,13.33,1416667.2,166,39,0,3.233
509,2,27,21.36,1716307.4,218,1,0,3.278
509,2,28,11.89,1084978.8,123,65,0,3.224
509,2,29,27.14,1561736.0,193,4,0,3.155
509,2,30,26.39,0.0,0,0,0,0.0
509,2,31,12.54,0.0,0,0,0,0.0
519,0,0,6.65,102010.6,2,324,0,2.532
519,0,1,22.27,3856.2,0,326,0,2.294
519,0,2,20.19,2815123.2,343,2,0,2.32
519,0,3,15.08,2673535.0,332,0,0,2.422
519,0,4,12.66,38569.8,1,335,0,2.27
519,0,5,12.32,2730444.0,349,3,0,2.351
519,0,6,23.59,16600.3,0,316,0,2.44
519,0,7,29.41,2468956.0,304,0,0,2.363
519,0,8,26.89,597717.8,62,267,0,2.484
519,0,9,11.95,2712588.7,335,7,0,2.348
519,0,10,25.73,11212.8,0,335,0,2.594
519,0,11,9.19,2703456.2,346,7,0,2.227
519,0,12,11.11,2869429.0,352,1,0,2.357
519,0,13,15.51,420956.2,42,269,0,2.535
519,0,14,23.28,2679653.0,328,1,0,2.47
519,0,15,21.85,2659436.0,327,5,0,2.363
519,0,16,21.6,275.6,0,320,1,2.375
519,0,17,23.82,2405154.3,302,21,0,2.419
519,0,18,27.48,2605758.3,326,10,0,2.379
519,0,19,5.6,6106.5,0,346,0,2.114
519,0,20,13.77,2525706.0,318,0,0,2.329
519,0,21,17.56,2789819.2,355,7,0,2.407
519,0,22,22.78,27883.9,0,318,0,2.497
519,0,23,12.17,25021.8,0,299,0,2.353
519,0,24,22.8,0.0,0,0,0,0.0
519,0,25,12.77,0.0,0,0,0,0.0
519,0,26,10.24,0.0,0,0,0,0.0
519,0,27,18.02,0.0,0,0,0,0.0
519,0,28,17.56,0.0,0,0,0,0.0
519,0,29,14.3,0.0,0,0,0,0.0
519,0,30,23.94,0.0,0,0,0,0.0
519,0,31,26.59,0.0,0,0,0,0.0
519,1,0,15.71,67244.8,4,284,0,3.519
519,1,1,17.29,2436361.0,304,4,0,3.414
519,1,2,19.04,512244.4,50,238,0,3.509
519,1,3,16.81,2382157.0,302,3,0,3.403
519,1,4,25.54,256.5,0,293,0,2.923
519,1,5,18.36,2393988.3,291,4,0,3.436
519,1,6,8.63,1935528.1,228,53,0,3.462
519,1,7,5.33,2285642.0,278,6,0,3.391
519,1,8,8.28,2352148.0,296,0,0,3.384
519,1,9,16.95,52600.2,1,277,0,3.43
519,1,10,5.22,2398694.0,298,0,0,3.504
519,1,11,27.19,1951643.0,245,4,0,3.418
519,1,12,16.04,831.0,0,283,0,3.161
519,1,13,25.94,2203085.1,277,15,0,3.409
519,1,14,7.56,2091000.5,264,3,0,3.442
519,1,15,10.93,2151125.3,263,36,0,3.375
519,1,16,21.21,2371064.8,301,4,0,3.474
519,1,17,10.16,2079891.9,268,6,0,3.391
519,1,18,13.45,1756134.4,193,52,0,3.398
519,1,19,28.59,530861.1,49,240,0,3.475
519,1,20,28.46,2362220.5,294,5,0,3.462
519,1,21,7.19,1911374.5,221,57,0,3.454
519,1,22,21.02,2138865.3,268,6,0,3.411
519,1,23,22.73,1095755.4,115,146,0,3.457
519,1,24,27.19,9034.0,0,268,0,3.408
519,1,25,13.95,281213.5,22,276,0,3.506
519,1,26,20.95,2438967.0,301,7,0,3.426
519,1,27,28.46,0.0,0,0,0,0.0
519,1,28,27.22,0.0,0,0,0,0.0
519,1,29,21.5,0.0,0,0,0,0.0
519,1,30,21.16,0.0,0,0,0,0.0
519,1,31,18.93,0.0,0,0,0,0.0
519,2,0,6.96,376.9,0,236,0,3.176
519,2,1,7.77,1627363.1,204,9,0,3.529
519,2,2,20.56,210242.1,14,204,0,3.463
519,2,3,13.62,1614897.5,197,4,0,3.529
519,2,4,16.07,1750530.0,207,0,0,3.415
519,2,5,14.57,502.2,0,194,0,3.093
519,2,6,13.01,1487102.0,193,0,0,3.516
519,2,7,22.07,1564923.3,189,30,0,3.467
519,2,8,12.5,1451157.5,164,46,0,3.453
519,2,9,25.95,513686.6,58,146,0,3.514
519,2,10,28.65,1610756.1,199,9,0,3.459
519,2,11,13.51,274845.1,24,197,0,3.442
519,2,12,8.75,1568929.0,196,1,0,3.516
519,2,13,16.81,1498897.6,190,16,0,3.488
519,2,14,15.53,1648600.8,208,4,0,3.423
519,2,15,24.33,1448179.6,185,20,0,3.469
519,2,16,27.2,1507551.0,191,0,0,3.506
519,2,17,22.13,1654347.4,207,1,1,3.448
519,2,18,7.17,1524916.0,189,0,0,3.494
519,2,19,25.2,1682633.2,197,11,0,3.408
519,2,20,14.13,5901.7,0,181,0,3.26
519,2,21,13.24,1564423.7,188,19,0,3.456
519,2,22,17.91,1527044.0,192,0,0,3.514
519,2,23,17.9,1590004.0,204,1,0,3.469
519,2,24,22.87,949000.2,100,124,0,3.433
519,2,25,14.85,5875.5,0,202,0,3.209
519,2,26,13.33,1393523.7,159,46,0,3.494
519,2,27,21.36,1700405.7,216,3,0,3.566
519,2,28,11.89,1074347.1,116,72,0,3.464
519,2,29,27.14,1539652.5,191,6,0,3.443
519,2,30,26.39,0.0,0,0,0,0.0
519,2,31,12.54,0.0,0,0,0,0.0
529,0,0,6.65,105760.0,3,323,0,2.623
529,0,1,22.27,4344.9,0,326,0,2.33
529,0,2,20.19,2807901.0,342,3,0,2.391
529,0,3,15.08,2673535.0,332,0,0,2.455
529,0,4,12.66,33089.8,2,334,0,2.296
529,0,5,12.32,2740049.0,350,2,0,2.397
529,0,6,23.59,15617.5,0,316,0,2.448
529,0,7,29.41,2468956.0,304,0,0,2.474
529,0,8,26.89,630434.1,67,262,0,2.531
529,0,9,11.95,2719390.0,336,6,0,2.364
529,0,10,25.73,7756.7,0,335,0,2.616
529,0,11,9.19,2700292.2,345,8,0,2.334
529,0,12,11.11,2877541.0,353,0,0,2.405
529,0,13,15.51,404082.5,37,274,0,2.595
529,0,14,23.28,2688046.0,329,0,0,2.507
529,0,15,21.85,2686380.0,330,3,0,2.438
529,0,16,21.6,348.6,0,321,0,2.46
529,0,17,23.82,2359392.8,297,25,1,2.479
529,0,18,27.48,2611623.1,328,8,0,2.449
529,0,19,5.6,4722.5,0,346,0,2.345
529,0,20,13.77,2525706.0,318,0,0,2.43
529,0,21,17.56,2771137.9,353,9,0,2.393
529,0,22,22.78,33191.1,0,318,0,2.516
529,0,23,12.17,24473.6,0,299,0,2.47
529,0,24,22.8,0.0,0,0,0,0.0
529,0,25,12.77,0.0,0,0,0,0.0
529,0,26,10.24,0.0,0,0,0,0.0
529,0,27,18.02,0.0,0,0,0,0.0
529,0,28,17.56,0.0,0,0,0,0.0
529,0,29,14.3,0.0,0,0,0,0.0
529,0,30,23.94,0.0,0,0,0,0.0
529,0,31,26.59,0.0,0,0,0,0.0
529,1,0,15.71,56423.8,3,285,0,3.596
529,1,1,17.29,2436739.1,304,4,0,3.493
529,1,2,19.04,597518.4,58,230,0,3.564
529,1,3,16.81,2401142.0,304,1,0,3.466
529,1,4,25.54,135.0,0,293,0,3.167
529,1,5,18.36,2395044.0,291,4,0,3.519
529,1,6,8.63,1894670.9,222,59,0,3.546
529,1,7,5.33,2290976.9,278,6,0,3.496
529,1,8,8.28,2352148.0,296,0,0,3.492
529,1,9,16.95,40365.7,1,277,0,3.459
529,1,10,5.22,2398694.0,298,0,0,3.584
529,1,11,27.19,1951686.0,244,5,0,3.484
529,1,12,16.04,1466.6,0,283,0,3.265
529,1,13,25.94,2191439.7,277,15,0,3.474
529,1,14,7.56,2090861.0,264,3,0,3.527
529,1,15,10.93,2136283.0,263,35,0,3.458
529,1,16,21.21,2358622.0,300,5,0,3.561
529,1,17,10.16,2085357.8,268,6,0,3.489
529,1,18,13.45,1769107.0,194,51,0,3.492
529,1,19,28.59,565184.5,50,238,1,3.539
529,1,20,28.46,2369004.2,295,4,0,3.565
529,1,21,7.19,1859522.4,219,59,0,3.535
529,1,22,21.02,2145623.4,269,5,0,3.472
529,1,23,22.73,1114893.8,111,151,0,3.541
529,1,24,27.19,11483.5,0,268,0,3.377
529,1,25,13.95,302455.7,21,277,0,3.555
529,1,26,20.95,2446266.0,302,6,0,3.518
529,1,27,28.46,0.0,0,0,0,0.0
529,1,28,27.22,0.0,0,0,0,0.0
529,1,29,21.5,0.0,0,0,0,0.0
529,1,30,21.16,0.0,0,0,0,0.0
529,1,31,18.93,0.0,0,0,0,0.0
529,2,0,6.96,466.6,0,236,0,3.375
529,2,1,7.77,1647152.7,206,8,0,3.585
529,2,2,20.56,237075.9,17,201,0,3.526
529,2,3,13.62,1617478.8,197,4,0,3.589
529,2,4,16.07,1750530.0,207,0,0,3.493
529,2,5,14.57,482.3,0,194,0,3.233
529,2,6,13.01,1487102.0,193,0,0,3.573
529,2,7,22.07,1566317.8,185,34,0,3.53
529,2,8,12.5,1467877.5,165,45,0,3.561
529,2,9,25.95,537025.2,53,151,0,3.559
529,2,10,28.65,1601521.9,197,11,0,3.578
529,2,11,13.51,289884.8,27,194,0,3.506
529,2,12,8.75,1568929.0,196,1,0,3.615
529,2,13,16.81,1499596.2,189,17,0,3.606
529,2,14,15.53,1627902.5,203,9,0,3.532
529,2,15,24.33,1455885.4,183,23,0,3.539
529,2,16,27.2,1507551.0,191,0,0,3.572
529,2,17,22.13,1655446.4,207,2,0,3.592
529,2,18,7.17,1524916.0,189,0,0,3.612
529,2,19,25.2,1696071.7,200,8,0,3.525
529,2,20,14.13,4709.1,0,181,0,3.367
529,2,21,13.24,1554627.9,186,21,0,3.558
529,2,22,17.91,1527044.0,192,0,0,3.607
529,2,23,17.9,1575921.0,202,3,0,3.53
529,2,24,22.87,929661.3,99,124,0,3.496
529,2,25,14.85,8714.0,0,202,0,3.317
529,2,26,13.33,1391977.7,161,43,0,3.579
529,2,27,21.36,1715879.7,218,1,0,3.632
529,2,28,11.89,1103283.6,118,70,0,3.553
529,2,29,27.14,1553023.4,192,5,0,3.553
529,2,30,26.39,0.0,0,0,0,0.0
529,2,31,12.54,0.0,0,0,0,0.0
539,0,0,6.65,110669.7,3,323,0,2.484
539,0,1,22.27,3659.3,0,326,0,2.262
539,0,2,20.19,2804672.0,342,3,0,2.334
539,0,3,15.08,2673535.0,332,0,0,2.35
539,0,4,12.66,33131.4,2,334,0,2.277
539,0,5,12.32,2748412.0,351,1,0,2.314
539,0,6,23.59,15203.0,0,316,0,2.346
539,0,7,29.41,2468956.0,304,0,0,2.369
539,0,8,26.89,635330.9,71,259,0,2.452
539,0,9,11.95,2728112.4,337,5,0,2.339
539,0,10,25.73,9236.6,0,335,0,2.393
539,0,11,9.19,2736046.4,349,4,0,2.28
539,0,12,11.11,2869945.9,352,1,0,2.328
539,0,13,15.51,401681.7,37,274,0,2.524
539,0,14,23.28,2678332.0,328,2,0,2.403
539,0,15,21.85,2664840.2,328,4,0,2.354
539,0,16,21.6,269.7,0,321,0,2.348
539,0,17,23.82,2389365.9,301,22,0,2.36
539,0,18,27.48,2624266.8,329,7,0,2.354
539,0,19,5.6,5424.6,0,346,0,2.163
539,0,20,13.77,2518476.0,317,1,0,2.384
539,0,21,17.56,2779294.4,354,8,0,2.394
539,0,22,22.78,31664.5,0,318,0,2.466
539,0,23,12.17,24766.6,0,299,0,2.306
539,0,24,22.8,0.0,0,0,0,0.0
539,0,25,12.77,0.0,0,0,0,0.0
539,0,26,10.24,0.0,0,0,0,0.0
539,0,27,18.02,0.0,0,0,0,0.0
539,0,28,17.56,0.0,0,0,0,0.0
539,0,29,14.3,0.0,0,0,0,0.0
539,0,30,23.94,0.0,0,0,0,0.0
539,0,31,26.59,0.0,0,0,0,0.0
539,1,0,15.71,60884.9,3,285,0,3.581
539,1,1,17.29,2458507.0,307,1,0,3.429
539,1,2,19.04,550440.7,52,236,0,3.505
539,1,3,16.81,2401142.0,304,1,0,3.406
539,1,4,25.54,203.7,0,293,0,3.25
539,1,5,18.36,2399455.9,292,3,0,3.42
539,1,6,8.63,1935515.9,230,51,0,3.483
539,1,7,5.33,2314363.7,282,1,1,3.361
539,1,8,8.28,2352148.0,296,0,0,3.411
539,1,9,16.95,44484.0,0,278,0,3.349
539,1,10,5.22,2398694.0,298,0,0,3.524
539,1,11,27.19,1951643.0,245,4,0,3.479
539,1,12,16.04,631.8,0,283,0,3.2
539,1,13,25.94,2203302.6,279,13,0,3.438
539,1,14,7.56,2087119.7,264,3,0,3.46
539,1,15,10.93,2137352.1,269,30,0,3.39
539,1,16,21.21,2368870.0,301,4,0,3.467
539,1,17,10.16,2067259.7,266,8,0,3.427
539,1,18,13.45,1749409.1,193,52,0,3.419
539,1,19,28.59,530605.7,46,242,1,3.499
539,1,20,28.46,2356261.6,293,6,0,3.463
539,1,21,7.19,1899926.1,222,55,0,3.48
539,1,22,21.02,2133492.0,268,6,0,3.442
539,1,23,22.73,1084672.8,111,151,0,3.459
539,1,24,27.19,8684.4,0,268,0,3.21
539,1,25,13.95,312311.9,23,275,0,3.529
539,1,26,20.95,2451854.0,303,5,0,3.448
539,1,27,28.46,0.0,0,0,0,0.0
539,1,28,27.22,0.0,0,0,0,0.0
539,1,29,21.5,0.0,0,0,0,0.0
539,1,30,21.16,0.0,0,0,0,0.0
539,1,31,18.93,0.0,0,0,0,0.0
539,2,0,6.96,427.5,0,236,0,3.32
539,2,1,7.77,1634231.7,204,10,0,3.516
539,2,2,20.56,233323.8,17,201,0,3.477
539,2,3,13.62,1602418.0,196,5,0,3.534
539,2,4,16.07,1750530.0,207,0,0,3.447
539,2,5,14.57,686.5,0,194,0,3.109
539,2,6,13.01,1487102.0,193,0,0,3.513
539,2,7,22.07,1501031.3,182,37,0,3.457
539,2,8,12.5,1439467.5,162,47,0,3.457
539,2,9,25.95,494309.4,54,150,0,3.478
539,2,10,28.65,1606139.9,198,10,0,3.544
539,2,11,13.51,285632.1,24,197,0,3.41
539,2,12,8.75,1568929.0,196,1,0,3.511
539,2,13,16.81,1465037.9,187,19,0,3.542
539,2,14,15.53,1618599.6,204,8,0,3.461
539,2,15,24.33,1450395.8,183,23,0,3.479
539,2,16,27.2,1507551.0,191,0,0,3.477
539,2,17,22.13,1667800.0,209,0,0,3.461
539,2,18,7.17,1524916.0,189,0,0,3.498
539,2,19,25.2,1675088.2,197,11,0,3.412
539,2,20,14.13,4584.7,0,181,0,3.108
539,2,21,13.24,1582319.1,190,17,0,3.471
539,2,22,17.91,1527044.0,192,0,0,3.45
539,2,23,17.9,1581132.0,203,2,0,3.46
539,2,24,22.87,913749.2,101,123,0,3.472
539,2,25,14.85,6479.2,0,202,0,3.034
539,2,26,13.33,1429811.0,163,42,0,3.485
539,2,27,21.36,1716418.8,218,1,0,3.525
539,2,28,11.89,1114448.9,120,68,0,3.477
539,2,29,27.14,1558343.3,193,4,0,3.444
539,2,30,26.39,0.0,0,0,0,0.0
539,2,31,12.54,0.0,0,0,0,0.0
549,0,0,6.65,130604.4,4,322,0,2.566
549,0,1,22.27,3423.6,0,326,0,2.409
549,0,2,20.19,2798519.4,341,4,0,2.545
549,0,3,15.08,2673535.0,332,0,0,2.587
549,0,4,12.66,35899.3,1,335,0,2.341
549,0,5,12.32,2740980.0,350,2,0,2.525
549,0,6,23.59,13548.8,0,316,0,2.535
549,0,7,29.41,2468956.0,304,0,0,2.621
549,0,8,26.89,683896.4,68,261,0,2.625
549,0,9,11.95,2713563.6,335,7,0,2.488
549,0,10,25.73,10249.4,0,335,0,2.528
549,0,11,9.19,2678716.8,342,11,0,2.447
549,0,12,11.11,2869429.0,352,1,0,2.511
549,0,13,15.51,478365.4,43,268,0,2.663
549,0,14,23.28,2676712.0,328,1,0,2.606
549,0,15,21.85,2662518.0,328,4,0,2.531
549,0,16,21.6,246.3,0,321,0,2.386
549,0,17,23.82,2347511.2,295,28,0,2.547
549,0,18,27.48,2568542.5,321,15,0,2.54
549,0,19,5.6,5081.3,0,346,0,2.387
549,0,20,13.77,2525706.0,318,0,0,2.554
549,0,21,17.56,2765983.1,352,10,0,2.544
549,0,22,22.78,30914.6,0,318,0,2.599
549,0,23,12.17,21671.0,0,299,0,2.485
549,0,24,22.8,0.0,0,0,0,0.0
549,0,25,12.77,0.0,0,0,0,0.0
549,0,26,10.24,0.0,0,0,0,0.0
549,0,27,18.02,0.0,0,0,0,0.0
549,0,28,17.56,0.0,0,0,0,0.0
549,0,29,14.3,0.0,0,0,0,0.0
549,0,30,23.94,0.0,0,0,0,0.0
549,0,31,26.59,0.0,0,0,0,0.0
549,1,0,15.71,71990.6,2,286,0,3.609
549,1,1,17.29,2444751.8,305,3,0,3.464
549,1,2,19.04,517501.2,50,238,0,3.557
549,1,3,16.81,2391596.0,303,2,0,3.493
549,1,4,25.54,373.6,0,293,0,2.818
549,1,5,18.36,2386836.5,290,5,0,3.497
549,1,6,8.63,1945587.8,231,50,0,3.515
549,1,7,5.33,2297455.4,280,4,0,3.471
549,1,8,8.28,2352148.0,296,0,0,3.447
549,1,9,16.95,47932.5,2,276,0,3.41
549,1,10,5.22,2398694.0,298,0,0,3.54
549,1,11,27.19,1951643.0,245,4,0,3.513
549,1,12,16.04,1145.6,0,283,0,3.147
549,1,13,25.94,2221880.0,283,9,0,3.447
549,1,14,7.56,2087439.6,264,3,0,3.524
549,1,15,10.93,2122121.0,263,35,0,3.443
549,1,16,21.21,2361886.9,300,5,0,3.506
549,1,17,10.16,2067768.5,266,8,0,3.46
549,1,18,13.45,1729677.8,189,56,0,3.481
549,1,19,28.59,527000.8,48,241,0,3.513
549,1,20,28.46,2369004.2,295,4,0,3.509
549,1,21,7.19,1911231.5,221,57,0,3.508
549,1,22,21.02,2144364.0,269,5,0,3.481
549,1,23,22.73,1137462.5,119,143,0,3.513
549,1,24,27.19,8163.3,0,268,0,3.406
549,1,25,13.95,341812.0,25,273,0,3.507
549,1,26,20.95,2446266.0,302,6,0,3.502
549,1,27,28.46,0.0,0,0,0,0.0
549,1,28,27.22,0.0,0,0,0,0.0
549,1,29,21.5,0.0,0,0,0,0.0
549,1,30,21.16,0.0,0,0,0,0.0
549,1,31,18.93,0.0,0,0,0,0.0
549,2,0,6.96,788.4,0,236,0,3.028
549,2,1,7.77,1647424.4,207,6,0,3.53
549,2,2,20.56,243654.1,18,200,0,3.488
549,2,3,13.62,1624898.0,199,2,0,3.554
549,2,4,16.07,1750530.0,207,0,0,3.471
549,2,5,14.57,493.2,0,194,0,3.095
549,2,6,13.01,1487102.0,193,0,0,3.527
549,2,7,22.07,1589767.3,189,30,0,3.498
549,2,8,12.5,1475092.6,169,41,0,3.522
549,2,9,25.95,523730.5,57,147,0,3.545
549,2,10,28.65,1624937.7,201,7,0,3.56
549,2,11,13.51,287497.1,22,199,0,3.452
549,2,12,8.75,1568929.0,196,1,0,3.529
549,2,13,16.81,1495977.1,189,17,0,3.562
549,2,14,15.53,1636431.8,206,6,0,3.467
549,2,15,24.33,1458694.2,186,20,0,3.514
549,2,16,27.2,1507551.0,191,0,0,3.547
549,2,17,22.13,1651769.0,207,2,0,3.486
549,2,18,7.17,1524916.0,189,0,0,3.542
549,2,19,25.2,1667521.1,196,12,0,3.443
549,2,20,14.13,4533.5,0,181,0,3.133
549,2,21,13.24,1572945.7,189,18,0,3.504
549,2,22,17.91,1527044.0,192,0,0,3.514
549,2,23,17.9,1590004.0,204,1,0,3.459
549,2,24,22.87,908420.8,97,126,0,3.494
549,2,25,14.85,7555.3,0,202,0,3.153
549,2,26,13.33,1398498.5,158,47,0,3.552
549,2,27,21.36,1708727.1,217,2,0,3.607
549,2,28,11.89,1097837.4,114,74,0,3.54
549,2,29,27.14,1559287.0,193,4,0,3.512
549,2,30,26.39,0.0,0,0,0,0.0
549,2,31,12.54,0.0,0,0,0,0.0
559,0,0,6.65,99521.0,5,321,0,2.406
559,0,1,22.27,3461.9,0,326,0,2.175
559,0,2,20.19,2798517.1,341,4,0,2.286
559,0,3,15.08,2673535.0,332,0,0,2.3
559,0,4,12.66,40740.1,2,334,0,2.239
559,0,5,12.32,2748412.0,351,1,0,2.329
559,0,6,23.59,12637.2,0,316,0,2.219
559,0,7,29.41,2468956.0,304,0,0,2.316
559,0,8,26.89,665432.7,74,255,0,2.38
559,0,9,11.95,2744486.0,339,3,0,2.288
559,0,10,25.73,10546.7,0,335,0,2.398
559,0,11,9.19,2712374.1,346,7,0,2.284
559,0,12,11.11,2869429.0,352,1,0,2.289
559,0,13,15.51,402464.5,41,270,0,2.444
559,0,14,23.28,2670150.0,327,2,0,2.401
559,0,15,21.85,2659721.8,327,5,0,2.325
559,0,16,21.6,225.3,0,321,0,2.306
559,0,17,23.82,2400960.2,304,19,0,2.327
559,0,18,27.48,2626571.2,329,7,0,2.301
559,0,19,5.6,5424.4,0,346,0,2.124
559,0,20,13.77,2525706.0,318,0,0,2.3
559,0,21,17.56,2799167.9,357,5,0,2.276
559,0,22,22.78,26057.8,0,318,0,2.401
559,0,23,12.17,21100.2,0,299,0,2.236
559,0,24,22.8,0.0,0,0,0,0.0
559,0,25,12.77,0.0,0,0,0,0.0
559,0,26,10.24,0.0,0,0,0,0.0
559,0,27,18.02,0.0,0,0,0,0.0
559,0,28,17.56,0.0,0,0,0,0.0
559,0,29,14.3,0.0,0,0,0,0.0
559,0,30,23.94,0.0,0,0,0,0.0
559,0,31,26.59,0.0,0,0,0,0.0
559,1,0,15.71,65650.6,2,286,0,3.386
559,1,1,17.29,2439063.0,304,4,0,3.26
559,1,2,19.04,516713.5,54,234,0,3.389
559,1,3,16.81,2391596.0,303,2,0,3.282
559,1,4,25.54,210.8,0,293,0,2.833
559,1,5,18.36,2386337.2,290,5,0,3.238
559,1,6,8.63,1969334.4,236,45,0,3.352
559,1,7,5.33,2283160.5,278,6,0,3.263
559,1,8,8.28,2352148.0,296,0,0,3.278
559,1,9,16.95,33801.9,1,277,0,3.238
559,1,10,5.22,2398694.0,298,0,0,3.35
559,1,11,27.19,1951643.0,245,4,0,3.329
559,1,12,16.04,813.1,0,283,0,3.2
559,1,13,25.94,2198507.6,279,13,0,3.293
559,1,14,7.56,2091531.2,264,3,0,3.309
559,1,15,10.93,2125811.4,264,34,0,3.251
559,1,16,21.21,2376474.0,302,3,0,3.337
559,1,17,10.16,2085520.9,269,5,0,3.253
559,1,18,13.45,1733552.3,195,50,0,3.264
559,1,19,28.59,471291.0,48,241,0,3.36
559,1,20,28.46,2365972.9,294,5,0,3.316
559,1,21,7.19,1906953.1,219,58,0,3.33
559,1,22,21.02,2144364.0,269,5,0,3.334
559,1,23,22.73,1089025.7,114,148,0,3.364
559,1,24,27.19,6473.2,0,268,0,2.905
559,1,25,13.95,272271.2,27,271,0,3.374
559,1,26,20.95,2451854.0,303,5,0,3.289
559,1,27,28.46,0.0,0,0,0,0.0
559,1,28,27.22,0.0,0,0,0,0.0
559,1,29,21.5,0.0,0,0,0,0.0
559,1,30,21.16,0.0,0,0,0,0.0
559,1,31,18.93,0.0,0,0,0,0.0
559,2,0,6.96,456.1,0,236,0,2.619
559,2,1,7.77,1631058.0,205,9,0,3.384
559,2,2,20.56,195090.9,16,202,0,3.339
559,2,3,13.62,1609029.5,196,5,0,3.371
559,2,4,16.07,1750530.0,207,0,0,3.286
559,2,5,14.57,536.8,0,194,0,2.882
559,2,6,13.01,1487102.0,193,0,0,3.369
559,2,7,22.07,1564829.5,188,31,0,3.343
559,2,8,12.5,1483094.0,171,39,0,3.358
559,2,9,25.95,477079.6,57,147,0,3.328
559,2,10,28.65,1616082.7,201,7,0,3.36
559,2,11,13.51,240130.3,22,199,0,3.281
559,2,12,8.75,1568929.0,196,1,0,3.344
559,2,13,16.81,1498634.0,193,13,0,3.377
559,2,14,15.53,1641806.0,208,4,0,3.306
559,2,15,24.33,1479102.6,189,17,0,3.352
559,2,16,27.2,1507551.0,191,0,0,3.345
559,2,17,22.13,1646814.0,206,3,0,3.338
559,2,18,7.17,1524916.0,189,0,0,3.404
559,2,19,25.2,1676115.9,199,9,0,3.298
559,2,20,14.13,5559.8,0,181,0,2.935
559,2,21,13.24,1577234.6,191,16,0,3.326
559,2,22,17.91,1527044.0,192,0,0,3.402
559,2,23,17.9,1590004.0,204,1,0,3.332
559,2,24,22.87,906309.8,97,127,0,3.331
559,2,25,14.85,5523.0,0,202,0,2.871
559,2,26,13.33,1421108.9,161,44,0,3.394
559,2,27,21.36,1706746.7,217,2,0,3.36
559,2,28,11.89,1057730.5,117,71,0,3.389
559,2,29,27.14,1543691.5,191,6,0,3.259
559,2,30,26.39,0.0,0,0,0,0.0
559,2,31,12.54,0.0,0,0,0,0.0
569,0,0,6.65,76738.4,5,321,0,2.14
569,0,1,22.27,2700.3,0,326,0,1.922
569,0,2,20.19,2806630.8,342,3,0,2.025
569,0,3,15.08,2673535.0,332,0,0,1.99
569,0,4,12.66,33866.5,1,335,0,1.944
569,0,5,12.32,2748412.0,351,1,0,2.007
569,0,6,23.59,8059.6,0,316,0,1.947
569,0,7,29.41,2468956.0,304,0,0,2.024
569,0,8,26.89,613632.9,72,258,0,2.136
569,0,9,11.95,2733798.0,338,4,0,1.988
569,0,10,25.73,8286.7,0,335,0,2.157
569,0,11,9.19,2732611.2,349,4,0,1.966
569,0,12,11.11,2877541.0,353,0,0,2.062
569,0,13,15.51,378678.1,41,270,0,2.204
569,0,14,23.28,2688046.0,329,0,0,1.975
569,0,15,21.85,2677257.0,330,3,0,2.027
569,0,16,21.6,159.4,0,321,0,1.946
569,0,17,23.82,2439415.3,310,13,0,2.1
569,0,18,27.48,2639771.9,332,4,0,2.038
569,0,19,5.6,3958.4,0,346,0,1.878
569,0,20,13.77,2525706.0,318,0,0,2.037
569,0,21,17.56,2810659.1,357,5,0,2.038
569,0,22,22.78,15631.5,0,318,0,2.149
569,0,23,12.17,25166.4,0,299,0,1.909
569,0,24,22.8,0.0,0,0,0,0.0
569,0,25,12.77,0.0,0,0,0,0.0
569,0,26,10.24,0.0,0,0,0,0.0
569,0,27,18.02,0.0,0,0,0,0.0
569,0,28,17.56,0.0,0,0,0,0.0
569,0,29,14.3,0.0,0,0,0,0.0
569,0,30,23.94,0.0,0,0,0,0.0
569,0,31,26.59,0.0,0,0,0,0.0
569,1,0,15.71,37206.5,2,286,0,3.211
569,1,1,17.29,2445429.1,305,3,0,3.076
569,1,2,19.04,474217.0,53,235,0,3.187
569,1,3,16.81,2389384.0,303,2,0,3.102
569,1,4,25.54,0.0,0,293,0,0.0
569,1,5,18.36,2399915.4,292,3,0,3.068
569,1,6,8.63,1944596.8,238,43,0,3.157
569,1,7,5.33,2298875.9,279,5,0,3.046
569,1,8,8.28,2352148.0,296,0,0,3.021
569,1,9,16.95,12729.1,0,278,0,3.1
569,1,10,5.22,2398694.0,298,0,0,3.193
569,1,11,27.19,1956249.0,246,3,0,3.137
569,1,12,16.04,766.6,0,283,0,2.583
569,1,13,25.94,2224814.2,284,8,0,3.093
569,1,14,7.56,2086687.0,264,3,0,3.116
569,1,15,10.93,2198729.0,275,23,0,3.081
569,1,16,21.21,2369519.4,301,4,0,3.136
569,1,17,10.16,2085516.6,269,5,0,3.081
569,1,18,13.45,1766646.5,202,43,0,3.136
569,1,19,28.59,398136.9,45,243,1,3.155
569,1,20,28.46,2373126.8,296,3,0,3.119
569,1,21,7.19,1987775.5,235,43,0,3.158
569,1,22,21.02,2138343.2,268,6,0,3.08
569,1,23,22.73,1028799.6,120,142,0,3.173
569,1,24,27.19,4409.7,0,268,0,2.698
569,1,25,13.95,223886.4,21,277,0,3.262
569,1,26,20.95,2449501.5,302,6,0,3.123
569,1,27,28.46,0.0,0,0,0,0.0
569,1,28,27.22,0.0,0,0,0,0.0
569,1,29,21.5,0.0,0,0,0,0.0
569,1,30,21.16,0.0,0,0,0,0.0
569,1,31,18.93,0.0,0,0,0,0.0
569,2,0,6.96,237.0,0,236,0,2.556
569,2,1,7.77,1661812.6,210,4,0,3.164
569,2,2,20.56,165119.4,15,203,0,3.038
569,2,3,13.62,1628671.8,199,2,0,3.141
569,2,4,16.07,1750530.0,207,0,0,3.044
569,2,5,14.57,228.5,0,194,0,2.538
569,2,6,13.01,1487102.0,193,0,0,3.145
569,2,7,22.07,1534954.0,188,31,0,3.149
569,2,8,12.5,1460280.0,176,34,0,3.148
569,2,9,25.95,412786.9,50,154,0,3.171
569,2,10,28.65,1616545.8,202,6,0,3.125
569,2,11,13.51,200366.4,18,203,0,3.008
569,2,12,8.75,1568929.0,196,1,0,3.189
569,2,13,16.81,1542604.3,196,10,0,3.167
569,2,14,15.53,1654608.0,210,2,0,3.099
569,2,15,24.33,1476155.3,188,18,0,3.153
569,2,16,27.2,1507551.0,191,0,0,3.121
569,2,17,22.13,1661748.3,208,1,0,3.071
569,2,18,7.17,1524916.0,189,0,0,3.134
569,2,19,25.2,1694586.3,200,8,0,3.093
569,2,20,14.13,3390.5,0,181,0,2.655
569,2,21,13.24,1616263.1,196,12,0,3.156
569,2,22,17.91,1527044.0,192,0,0,3.147
569,2,23,17.9,1590004.0,204,1,0,3.091
569,2,24,22.87,808746.2,91,133,0,3.146
569,2,25,14.85,2537.8,0,202,0,2.524
569,2,26,13.33,1392719.0,168,37,0,3.194
569,2,27,21.36,1716307.4,218,1,0,3.231
569,2,28,11.89,1057809.9,123,65,0,3.166
569,2,29,27.14,1567738.6,194,3,0,3.088
569,2,30,26.39,0.0,0,0,0,0.0
569,2,31,12.54,0.0,0,0,0,0.0
579,0,0,6.65,77938.1,3,323,0,2.347
579,0,1,22.27,2144.7,0,326,0,2.098
579,0,2,20.19,2798532.8,341,4,0,2.263
579,0,3,15.08,2673535.0,332,0,0,2.236
579,0,4,12.66,32224.6,1,335,0,2.143
579,0,5,12.32,2737259.0,350,2,0,2.225
579,0,6,23.59,10968.2,0,316,0,2.196
579,0,7,29.41,2468956.0,304,0,0,2.298
579,0,8,26.89,771994.1,82,248,0,2.304
579,0,9,11.95,2718144.9,336,6,0,2.246
579,0,10,25.73,11983.8,0,335,0,2.302
579,0,11,9.19,2731874.0,349,4,0,2.161
579,0,12,11.11,2858929.0,351,2,0,2.249
579,0,13,15.51,425585.0,45,266,0,2.392
579,0,14,23.28,2698059.0,330,0,0,2.242
579,0,15,21.85,2656219.5,326,6,0,2.269
579,0,16,21.6,201.0,0,321,0,2.104
579,0,17,23.82,2385342.6,300,23,0,2.277
579,0,18,27.48,2602203.0,327,9,0,2.248
579,0,19,5.6,4668.4,0,346,0,2.191
579,0,20,13.77,2525706.0,318,0,0,2.226
579,0,21,17.56,2791462.9,355,7,0,2.246
579,0,22,22.78,16145.5,0,318,0,2.338
579,0,23,12.17,19485.9,0,299,0,2.144
579,0,24,22.8,0.0,0,0,0,0.0
579,0,25,12.77,0.0,0,0,0,0.0
579,0,26,10.24,0.0,0,0,0,0.0
579,0,27,18.02,0.0,0,0,0,0.0
579,0,28,17.56,0.0,0,0,0,0.0
579,0,29,14.3,0.0,0,0,0,0.0
579,0,30,23.94,0.0,0,0,0,0.0
579,0,31,26.59,0.0,0,0,0,0.0
579,1,0,15.71,53747.9,2,286,0,3.413
579,1,1,17.29,2451671.0,306,2,0,3.265
579,1,2,19.04,526501.7,57,231,0,3.349
579,1,3,16.81,2379945.0,302,3,0,3.274
579,1,4,25.54,123.8,0,293,0,3.667
579,1,5,18.36,2393126.9,291,4,0,3.266
579,1,6,8.63,1980874.5,238,43,0,3.348
579,1,7,5.33,2300198.5,280,4,0,3.251
579,1,8,8.28,2352148.0,296,0,0,3.259
579,1,9,16.95,22108.0,0,278,0,3.2
579,1,10,5.22,2398694.0,298,0,0,3.378
579,1,11,27.19,1960188.0,246,3,0,3.321
579,1,12,16.04,700.1,0,283,0,2.6
579,1,13,25.94,2200964.0,279,13,0,3.282
579,1,14,7.56,2087173.3,264,3,0,3.314
579,1,15,10.93,2167367.8,269,29,0,3.263
579,1,16,21.21,2354303.0,299,6,0,3.299
579,1,17,10.16,2072919.9,267,7,0,3.292
579,1,18,13.45,1771752.9,200,45,0,3.326
579,1,19,28.59,423242.7,39,250,0,3.34
579,1,20,28.46,2373638.6,296,3,0,3.335
579,1,21,7.19,1935212.6,223,55,0,3.344
579,1,22,21.02,2136503.0,267,7,0,3.312
579,1,23,22.73,1097381.4,116,146,0,3.352
579,1,24,27.19,3760.0,0,268,0,2.891
579,1,25,13.95,304535.1,23,275,0,3.361
579,1,26,20.95,2446266.0,302,6,0,3.298
579,1,27,28.46,0.0,0,0,0,0.0
579,1,28,27.22,0.0,0,0,0,0.0
579,1,29,21.5,0.0,0,0,0,0.0
579,1,30,21.16,0.0,0,0,0,0.0
579,1,31,18.93,0.0,0,0,0,0.0
579,2,0,6.96,237.9,0,236,0,2.75
579,2,1,7.77,1630515.0,205,9,0,3.366
579,2,2,20.56,177780.0,14,204,0,3.248
579,2,3,13.62,1602538.5,196,5,0,3.323
579,2,4,16.07,1750530.0,207,0,0,3.265
579,2,5,14.57,348.8,0,194,0,2.762
579,2,6,13.01,1487102.0,193,0,0,3.34
579,2,7,22.07,1609197.2,194,25,0,3.287
579,2,8,12.5,1486876.2,172,38,0,3.314
579,2,9,25.95,446848.4,52,152,0,3.294
579,2,10,28.65,1610394.6,200,8,0,3.312
579,2,11,13.51,258718.3,18,203,0,3.283
579,2,12,8.75,1568929.0,196,1,0,3.278
579,2,13,16.81,1549905.4,197,9,0,3.348
579,2,14,15.53,1629611.0,205,7,0,3.298
579,2,15,24.33,1483754.5,185,21,0,3.32
579,2,16,27.2,1507551.0,191,0,0,3.299
579,2,17,22.13,1667800.0,209,0,0,3.251
579,2,18,7.17,1524916.0,189,0,0,3.258
579,2,19,25.2,1717079.8,204,4,0,3.258
579,2,20,14.13,4906.3,0,181,0,2.971
579,2,21,13.24,1586178.3,193,14,0,3.297
579,2,22,17.91,1527044.0,192,0,0,3.297
579,2,23,17.9,1590004.0,204,1,0,3.29
579,2,24,22.87,860482.5,96,127,0,3.283
579,2,25,14.85,3516.2,0,202,0,2.591
579,2,26,13.33,1410502.8,169,36,0,3.34
579,2,27,21.36,1710890.4,217,2,0,3.346
579,2,28,11.89,1108333.9,117,71,0,3.334
579,2,29,27.14,1574352.0,195,2,0,3.263
579,2,30,26.39,0.0,0,0,0,0.0
579,2,31,12.54,0.0,0,0,0,0.0
589,0,0,6.65,84903.7,5,321,0,2.296
589,0,1,22.27,2253.0,0,326,0,2.017
589,0,2,20.19,2808688.4,342,3,0,2.185
589,0,3,15.08,2673535.0,332,0,0,2.167
589,0,4,12.66,29275.3,1,335,0,2.097
589,0,5,12.32,2758122.0,352,0,0,2.195
589,0,6,23.59,7628.7,0,316,0,2.045
589,0,7,29.41,2468956.0,304,0,0,2.186
589,0,8,26.89,757744.6,87,243,0,2.258
589,0,9,11.95,2726212.2,337,5,0,2.154
589,0,10,25.73,8099.3,0,335,0,2.263
589,0,11,9.19,2720958.8,348,5,0,2.149
589,0,12,11.11,2877541.0,353,0,0,2.122
589,0,13,15.51,413685.6,45,266,0,2.341
589,0,14,23.28,2698059.0,330,0,0,2.192
589,0,15,21.85,2647907.0,326,6,0,2.175
589,0,16,21.6,116.0,0,321,0,2.0
589,0,17,23.82,2440104.2,311,12,0,2.206
589,0,18,27.48,2605315.0,328,8,0,2.224
589,0,19,5.6,4476.8,0,346,0,2.114
589,0,20,13.77,2525706.0,318,0,0,2.159
589,0,21,17.56,2792900.2,355,7,0,2.209
589,0,22,22.78,25105.0,0,318,0,2.219
589,0,23,12.17,19986.7,0,299,0,1.996
589,0,24,22.8,0.0,0,0,0,0.0
589,0,25,12.77,0.0,0,0,0,0.0
589,0,26,10.24,0.0,0,0,0,0.0
589,0,27,18.02,0.0,0,0,0,0.0
589,0,28,17.56,0.0,0,0,0,0.0
589,0,29,14.3,0.0,0,0,0,0.0
589,0,30,23.94,0.0,0,0,0,0.0
589,0,31,26.59,0.0,0,0,0,0.0
589,1,0,15.71,42127.1,2,286,0,3.283
589,1,1,17.29,2443264.0,305,3,0,3.22
589,1,2,19.04,539856.2,55,233,0,3.287
589,1,3,16.81,2401142.0,304,1,0,3.175
589,1,4,25.54,34.2,0,293,0,3.0
589,1,5,18.36,2393407.1,291,4,0,3.251
589,1,6,8.63,1976600.5,235,46,0,3.27
589,1,7,5.33,2268834.1,276,8,0,3.19
589,1,8,8.28,2352148.0,296,0,0,3.197
589,1,9,16.95,19133.7,0,278,0,3.279
589,1,10,5.22,2398694.0,298,0,0,3.302
589,1,11,27.19,1951643.0,245,4,0,3.257
589,1,12,16.04,378.1,0,283,0,2.667
589,1,13,25.94,2204541.0,280,12,0,3.223
589,1,14,7.56,2087217.6,264,3,0,3.274
589,1,15,10.93,2164104.0,267,31,0,3.197
589,1,16,21.21,2368870.0,301,4,0,3.268
589,1,17,10.16,2072192.5,267,7,0,3.214
589,1,18,13.45,1768244.2,197,48,0,3.223
589,1,19,28.59,362045.4,39,250,0,3.329
589,1,20,28.46,2369049.2,295,4,0,3.262
589,1,21,7.19,1945112.9,224,54,0,3.268
589,1,22,21.02,2144347.0,269,5,0,3.254
589,1,23,22.73,1156010.2,125,137,0,3.32
589,1,24,27.19,2841.0,0,268,0,3.0
589,1,25,13.95,242706.7,20,278,0,3.254
589,1,26,20.95,2451854.0,303,5,0,3.26
589,1,27,28.46,0.0,0,0,0,0.0
589,1,28,27.22,0.0,0,0,0,0.0
589,1,29,21.5,0.0,0,0,0,0.0
589,1,30,21.16,0.0,0,0,0,0.0
589,1,31,18.93,0.0,0,0,0,0.0
589,2,0,6.96,262.4,0,236,0,2.636
589,2,1,7.77,1632640.1,206,8,0,3.261
589,2,2,20.56,215471.7,17,201,0,3.248
589,2,3,13.62,1606950.2,196,5,0,3.282
589,2,4,16.07,1750530.0,207,0,0,3.196
589,2,5,14.57,244.2,0,194,0,2.846
589,2,6,13.01,1487102.0,193,0,0,3.207
589,2,7,22.07,1552237.5,191,28,0,3.234
589,2,8,12.5,1520460.4,182,28,0,3.238
589,2,9,25.95,377915.8,41,163,0,3.246
589,2,10,28.65,1626051.9,202,6,0,3.265
589,2,11,13.51,224057.1,19,202,0,3.128
589,2,12,8.75,1568929.0,196,1,0,3.248
589,2,13,16.81,1545346.5,197,9,0,3.286
589,2,14,15.53,1654608.0,210,2,0,3.201
589,2,15,24.33,1476918.8,189,17,0,3.23
589,2,16,27.2,1507551.0,191,0,0,3.282
589,2,17,22.13,1651769.0,207,2,0,3.192
589,2,18,7.17,1524916.0,189,0,0,3.21
589,2,19,25.2,1700892.1,201,7,0,3.158
589,2,20,14.13,2739.1,0,181,0,2.9
589,2,21,13.24,1587657.4,194,14,0,3.213
589,2,22,17.91,1527044.0,192,0,0,3.207
589,2,23,17.9,1582143.0,203,2,0,3.205
589,2,24,22.87,842045.9,97,126,0,3.224
589,2,25,14.85,2443.2,0,202,0,2.818
589,2,26,13.33,1432564.7,170,35,0,3.269
589,2,27,21.36,1716086.2,218,1,0,3.29
589,2,28,11.89,1065536.3,116,71,1,3.265
589,2,29,27.14,1566701.0,194,3,0,3.138
589,2,30,26.39,0.0,0,0,0,0.0
589,2,31,12.54,0.0,0,0,0,0.0
599,0,0,6.65,83327.3,6,320,0,2.197
599,0,1,22.27,2076.2,0,326,0,1.894
599,0,2,20.19,2806631.2,342,3,0,2.139
599,0,3,15.08,2673535.0,332,0,0,2.064
599,0,4,12.66,33424.9,1,335,0,2.052
599,0,5,12.32,2758122.0,352,0,0,2.089
599,0,6,23.59,7791.6,0,316,0,2.041
599,0,7,29.41,2468956.0,304,0,0,2.093
599,0,8,26.89,723148.9,88,242,0,2.201
599,0,9,11.95,2715194.5,335,7,0,2.072
599,0,10,25.73,7361.7,0,335,0,2.15
599,0,11,9.19,2714070.0,347,6,0,2.069
599,0,12,11.11,2877541.0,353,0,0,2.112
599,0,13,15.51,427576.0,46,265,0,2.244
599,0,14,23.28,2686725.0,329,1,0,2.069
599,0,15,21.85,2652366.1,326,6,0,2.156
599,0,16,21.6,193.1,0,321,0,1.897
599,0,17,23.82,2425806.9,307,16,0,2.151
599,0,18,27.48,2597690.4,327,9,0,2.155
599,0,19,5.6,4173.6,0,346,0,1.964
599,0,20,13.77,2525706.0,318,0,0,2.061
599,0,21,17.56,2805894.2,357,5,0,2.1
599,0,22,22.78,15086.0,0,318,0,2.134
599,0,23,12.17,18403.3,0,299,0,2.013
599,0,24,22.8,0.0,0,0,0,0.0
599,0,25,12.77,0.0,0,0,0,0.0
599,0,26,10.24,0.0,0,0,0,0.0
599,0,27,18.02,0.0,0,0,0,0.0
599,0,28,17.56,0.0,0,0,0,0.0
599,0,29,14.3,0.0,0,0,0,0.0
599,0,30,23.94,0.0,0,0,0,0.0
599,0,31,26.59,0.0,0,0,0,0.0
599,1,0,15.71,48928.2,4,284,0,3.24
599,1,1,17.29,2451671.0,306,2,0,3.092
599,1,2,19.04,473819.1,53,235,0,3.19
599,1,3,16.81,2391703.0,303,2,0,3.093
599,1,4,25.54,145.6,0,293,0,3.5
599,1,5,18.36,2406101.3,293,2,0,3.138
599,1,6,8.63,1994309.2,237,44,0,3.196
599,1,7,5.33,2287184.8,277,7,0,3.122
599,1,8,8.28,2352148.0,296,0,0,3.112
599,1,9,16.95,9897.5,0,278,0,2.7
599,1,10,5.22,2398694.0,298,0,0,3.247
599,1,11,27.19,1956249.0,246,3,0,3.153
599,1,12,16.04,143.3,0,283,0,2.667
599,1,13,25.94,2199206.1,278,14,0,3.136
599,1,14,7.56,2086601.8,264,3,0,3.109
599,1,15,10.93,2179870.7,269,29,0,3.099
599,1,16,21.21,2377931.5,302,3,0,3.161
599,1,17,10.16,2080369.5,268,6,0,3.121
599,1,18,13.45,1793763.8,201,44,0,3.147
599,1,19,28.59,353736.1,37,252,0,3.178
599,1,20,28.46,2377978.4,296,3,0,3.14
599,1,21,7.19,1963955.8,228,50,0,3.196
599,1,22,21.02,2144057.0,269,5,0,3.132
599,1,23,22.73,1062609.0,123,139,0,3.178
599,1,24,27.19,2819.1,0,268,0,2.84
599,1,25,13.95,269505.5,22,276,0,3.211
599,1,26,20.95,2438967.0,301,7,0,3.118
599,1,27,28.46,0.0,0,0,0,0.0
599,1,28,27.22,0.0,0,0,0,0.0
599,1,29,21.5,0.0,0,0,0,0.0
599,1,30,21.16,0.0,0,0,0,0.0
599,1,31,18.93,0.0,0,0,0,0.0
599,2,0,6.96,164.2,0,236,0,2.375
599,2,1,7.77,1669667.4,210,4,0,3.152
599,2,2,20.56,127004.1,11,207,0,3.09
599,2,3,13.62,1638023.0,199,2,0,3.179
599,2,4,16.07,1750530.0,207,0,0,3.048
599,2,5,14.57,113.3,0,194,0,2.286
599,2,6,13.01,1487102.0,193,0,0,3.078
599,2,7,22.07,1528925.7,189,30,0,3.123
599,2,8,12.5,1527141.1,181,29,0,3.189
599,2,9,25.95,358050.5,43,161,0,3.12
599,2,10,28.65,1605201.0,199,9,0,3.18
599,2,11,13.51,201602.5,20,201,0,3.004
599,2,12,8.75,1568929.0,196,1,0,3.156
599,2,13,16.81,1574638.6,201,5,0,3.188
599,2,14,15.53,1654608.0,210,2,0,3.099
599,2,15,24.33,1474929.0,188,18,0,3.144
599,2,16,27.2,1507551.0,191,0,0,3.141
599,2,17,22.13,1654746.0,207,2,0,3.1
599,2,18,7.17,1524916.0,189,0,0,3.16
599,2,19,25.2,1696653.9,201,7,0,3.128
599,2,20,14.13,3055.4,0,181,0,2.9
599,2,21,13.24,1599854.7,194,13,0,3.119
599,2,22,17.91,1527044.0,192,0,0,3.148
599,2,23,17.9,1590004.0,204,1,0,3.118
599,2,24,22.87,860791.1,100,123,0,3.1
599,2,25,14.85,770.9,0,202,0,2.5
599,2,26,13.33,1409195.7,172,33,0,3.174
599,2,27,21.36,1703351.3,216,3,0,3.232
599,2,28,11.89,1049417.6,114,73,1,3.202
599,2,29,27.14,1565655.0,194,3,0,3.082
599,2,30,26.39,0.0,0,0,0,0.0
599,2,31,12.54,0.0,0,0,0,0.0
609,0,0,6.65,72575.2,3,323,0,2.067
609,0,1,22.27,2723.4,0,326,0,1.696
609,0,2,20.19,2808673.5,342,3,0,1.971
609,0,3,15.08,2673535.0,332,0,0,1.87
609,0,4,12.66,25776.7,0,336,0,1.834
609,0,5,12.32,2758122.0,352,0,0,1.852
609,0,6,23.59,7001.4,0,316,0,1.846
609,0,7,29.41,2468956.0,304,0,0,1.97
609,0,8,26.89,714882.8,85,245,0,2.045
609,0,9,11.95,2727116.6,337,5,0,1.945
609,0,10,25.73,6383.6,0,335,0,1.813
609,0,11,9.19,2731077.7,349,4,0,1.909
609,0,12,11.11,2877541.0,353,0,0,1.934
609,0,13,15.51,350588.2,39,272,0,2.137
609,0,14,23.28,2698059.0,330,0,0,1.932
609,0,15,21.85,2666735.0,329,3,0,1.945
609,0,16,21.6,128.4,0,321,0,1.745
609,0,17,23.82,2461677.5,312,11,0,2.006
609,0,18,27.48,2626667.0,331,5,0,1.98
609,0,19,5.6,3620.6,0,346,0,1.719
609,0,20,13.77,2525706.0,318,0,0,1.933
609,0,21,17.56,2824984.1,359,3,0,1.934
609,0,22,22.78,17238.1,0,318,0,1.922
609,0,23,12.17,18620.7,0,299,0,1.751
609,0,24,22.8,0.0,0,0,0,0.0
609,0,25,12.77,0.0,0,0,0,0.0
609,0,26,10.24,0.0,0,0,0,0.0
609,0,27,18.02,0.0,0,0,0,0.0
609,0,28,17.56,0.0,0,0,0,0.0
609,0,29,14.3,0.0,0,0,0,0.0
609,0,30,23.94,0.0,0,0,0,0.0
609,0,31,26.59,0.0,0,0,0,0.0
609,1,0,15.71,24372.7,2,286,0,2.99
609,1,1,17.29,2440867.8,304,4,0,2.967
609,1,2,19.04,433195.0,52,236,0,3.084
609,1,3,16.81,2401142.0,304,1,0,2.938
609,1,4,25.54,92.6,0,293,0,2.0
609,1,5,18.36,2406214.3,293,2,0,2.992
609,1,6,8.63,1985039.3,237,44,0,3.102
609,1,7,5.33,2296466.5,279,5,0,2.999
609,1,8,8.28,2352148.0,296,0,0,2.997
609,1,9,16.95,824.7,0,278,0,2.4
609,1,10,5.22,2398694.0,298,0,0,3.076
609,1,11,27.19,1960188.0,246,3,0,3.117
609,1,12,16.04,0.0,0,283,0,0.0
609,1,13,25.94,2205739.0,279,13,0,3.039
609,1,14,7.56,2094918.7,265,2,0,3.053
609,1,15,10.93,2193809.9,274,24,0,3.008
609,1,16,21.21,2376474.0,302,3,0,3.037
609,1,17,10.16,2084479.9,269,5,0,3.014
609,1,18,13.45,1804251.6,204,41,0,3.05
609,1,19,28.59,343146.1,39,250,0,3.088
609,1,20,28.46,2373532.7,295,4,0,3.046
609,1,21,7.19,1995065.0,235,42,0,3.094
609,1,22,21.02,2145623.4,269,5,0,3.04
609,1,23,22.73,1063957.3,118,144,0,3.115
609,1,24,27.19,1081.7,0,268,0,2.5
609,1,25,13.95,186361.2,16,282,0,3.049
609,1,26,20.95,2446266.0,302,6,0,3.02
609,1,27,28.46,0.0,0,0,0,0.0
609,1,28,27.22,0.0,0,0,0,0.0
609,1,29,21.5,0.0,0,0,0,0.0
609,1,30,21.16,0.0,0,0,0,0.0
609,1,31,18.93,0.0,0,0,0,0.0
609,2,0,6.96,331.9,0,236,0,2.444
609,2,1,7.77,1647712.9,207,6,0,3.089
609,2,2,20.56,119063.1,10,208,0,2.904
609,2,3,13.62,1634549.1,198,3,0,3.115
609,2,4,16.07,1750530.0,207,0,0,3.011
609,2,5,14.57,102.3,0,194,0,2.25
609,2,6,13.01,1487102.0,193,0,0,3.031
609,2,7,22.07,1494174.3,183,36,0,3.05
609,2,8,12.5,1523062.3,183,27,0,3.136
609,2,9,25.95,390307.1,46,158,0,3.067
609,2,10,28.65,1613288.3,201,7,0,3.078
609,2,11,13.51,156518.9,13,208,0,2.877
609,2,12,8.75,1574359.0,197,0,0,3.006
609,2,13,16.81,1578453.9,200,6,0,3.114
609,2,14,15.53,1650564.0,209,3,0,3.022
609,2,15,24.33,1489024.8,192,14,0,3.081
609,2,16,27.2,1507551.0,191,0,0,3.111
609,2,17,22.13,1662425.0,208,1,0,2.969
609,2,18,7.17,1524916.0,189,0,0,3.054
609,2,19,25.2,1699743.9,202,6,0,3.024
609,2,20,14.13,888.0,0,181,0,2.556
609,2,21,13.24,1598410.0,193,15,0,3.057
609,2,22,17.91,1527044.0,192,0,0,3.038
609,2,23,17.9,1590004.0,204,1,0,3.021
609,2,24,22.87,803983.3,96,127,0,3.068
609,2,25,14.85,1074.8,0,202,0,2.222
609,2,26,13.33,1418749.3,171,34,0,3.102
609,2,27,21.36,1707252.1,217,2,0,3.073
609,2,28,11.89,1070727.4,122,66,0,3.098
609,2,29,27.14,1571474.8,194,3,0,3.029
609,2,30,26.39,0.0,0,0,0,0.0
609,2,31,12.54,0.0,0,0,0,0.0
619,0,0,6.65,62138.8,4,322,0,1.973
619,0,1,22.27,2017.8,0,326,0,1.588
619,0,2,20.19,2799291.5,341,4,0,1.846
619,0,3,15.08,2673535.0,332,0,0,1.767
619,0,4,12.66,31124.8,1,335,0,1.705
619,0,5,12.32,2748412.0,351,1,0,1.779
619,0,6,23.59,4697.9,0,316,0,1.804
619,0,7,29.41,2468956.0,304,0,0,1.837
619,0,8,26.89,777654.2,85,244,0,1.976
619,0,9,11.95,2753318.0,340,2,0,1.817
619,0,10,25.73,3049.7,0,335,0,1.833
619,0,11,9.19,2720488.9,348,5,0,1.834
619,0,12,11.11,2869429.0,352,1,0,1.868
619,0,13,15.51,293783.7,31,280,0,2.095
619,0,14,23.28,2688046.0,329,0,0,1.872
619,0,15,21.85,2673152.5,329,3,0,1.856
619,0,16,21.6,158.6,0,321,0,1.512
619,0,17,23.82,2469832.7,315,8,0,1.924
619,0,18,27.48,2635501.2,331,5,0,1.917
619,0,19,5.6,3552.6,0,346,0,1.5
619,0,20,13.77,2525706.0,318,0,0,1.873
619,0,21,17.56,2812281.0,358,4,0,1.858
619,0,22,22.78,21776.8,0,318,0,1.733
619,0,23,12.17,17553.5,0,299,0,1.538
619,0,24,22.8,0.0,0,0,0,0.0
619,0,25,12.77,0.0,0,0,0,0.0
619,0,26,10.24,0.0,0,0,0,0.0
619,0,27,18.02,0.0,0,0,0,0.0
619,0,28,17.56,0.0,0,0,0,0.0
619,0,29,14.3,0.0,0,0,0,0.0
619,0,30,23.94,0.0,0,0,0,0.0
619,0,31,26.59,0.0,0,0,0,0.0
619,1,0,15.71,20355.4,1,287,0,3.079
619,1,1,17.29,2451671.0,306,2,0,2.846
619,1,2,19.04,432082.4,49,239,0,2.968
619,1,3,16.81,2401142.0,304,1,0,2.828
619,1,4,25.54,0.0,0,293,0,0.0
619,1,5,18.36,2393255.8,291,4,0,2.888
619,1,6,8.63,1997405.0,242,39,0,2.928
619,1,7,5.33,2281699.7,278,6,0,2.842
619,1,8,8.28,2352148.0,296,0,0,2.842
619,1,9,16.95,4725.7,0,278,0,2.375
619,1,10,5.22,2398694.0,298,0,0,2.907
619,1,11,27.19,1964794.0,247,2,0,2.926
619,1,12,16.04,0.0,0,283,0,0.0
619,1,13,25.94,2241309.5,286,6,0,2.88
619,1,14,7.56,2090964.1,264,3,0,2.856
619,1,15,10.93,2174336.2,274,25,0,2.86
619,1,16,21.21,2368870.0,301,4,0,2.895
619,1,17,10.16,2087425.0,270,4,0,2.869
619,1,18,13.45,1795825.2,207,38,0,2.933
619,1,19,28.59,300017.9,37,252,0,2.945
619,1,20,28.46,2382996.2,297,2,0,2.874
619,1,21,7.19,2018121.2,236,42,0,2.944
619,1,22,21.02,2139995.0,269,5,0,2.864
619,1,23,22.73,961820.7,115,147,0,2.959
619,1,24,27.19,326.6,0,268,0,3.0
619,1,25,13.95,154160.8,14,284,0,2.88
619,1,26,20.95,2465236.3,304,4,0,2.885
619,1,27,28.46,0.0,0,0,0,0.0
619,1,28,27.22,0.0,0,0,0,0.0
619,1,29,21.5,0.0,0,0,0,0.0
619,1,30,21.16,0.0,0,0,0,0.0
619,1,31,18.93,0.0,0,0,0,0.0
619,2,0,6.96,99.4,0,236,0,2.25
619,2,1,7.77,1655604.9,208,6,0,2.897
619,2,2,20.56,91070.3,7,211,0,2.827
619,2,3,13.62,1636397.3,200,1,0,2.878
619,2,4,16.07,1750530.0,207,0,0,2.797
619,2,5,14.57,63.3,0,194,0,2.333
619,2,6,13.01,1487102.0,193,0,0,2.892
619,2,7,22.07,1486662.0,185,34,0,2.853
619,2,8,12.5,1508567.3,181,29,0,2.948
619,2,9,25.95,324790.3,42,161,1,2.787
619,2,10,28.65,1621758.0,203,5,0,2.907
619,2,11,13.51,157562.1,18,203,0,2.63
619,2,12,8.75,1568929.0,196,1,0,2.777
619,2,13,16.81,1574025.0,203,3,0,2.918
619,2,14,15.53,1654608.0,210,2,0,2.839
619,2,15,24.33,1495777.9,192,14,0,2.914
619,2,16,27.2,1507551.0,191,0,0,2.826
619,2,17,22.13,1662425.0,208,1,0,2.827
619,2,18,7.17,1524916.0,189,0,0,2.848
619,2,19,25.2,1689981.1,202,6,0,2.826
619,2,20,14.13,1387.9,0,181,0,2.875
619,2,21,13.24,1601758.5,195,12,0,2.894
619,2,22,17.91,1527044.0,192,0,0,2.883
619,2,23,17.9,1590004.0,204,1,0,2.833
619,2,24,22.87,745528.3,88,136,0,2.949
619,2,25,14.85,957.1,0,202,0,2.2
619,2,26,13.33,1351932.9,169,35,0,2.937
619,2,27,21.36,1715454.6,218,1,0,2.897
619,2,28,11.89,936383.2,112,76,0,2.954
619,2,29,27.14,1567973.8,194,3,0,2.856
619,2,30,26.39,0.0,0,0,0,0.0
619,2,31,12.54,0.0,0,0,0,0.0
629,0,0,6.65,68907.8,4,322,0,1.662
629,0,1,22.27,2121.3,0,326,0,1.309
629,0,2,20.19,2807701.0,342,3,0,1.748
629,0,3,15.08,2673535.0,332,0,0,1.603
629,0,4,12.66,21661.8,0,336,0,1.541
629,0,5,12.32,2747586.0,351,1,0,1.613
629,0,6,23.59,4259.5,0,316,0,1.167
629,0,7,29.41,2468956.0,304,0,0,1.688
629,0,8,26.89,635496.9,83,246,0,1.835
629,0,9,11.95,2752433.0,340,2,0,1.721
629,0,10,25.73,6260.8,0,335,0,1.569
629,0,11,9.19,2744200.0,351,2,0,1.689
629,0,12,11.11,2877541.0,353,0,0,1.756
629,0,13,15.51,329109.5,41,270,0,1.902
629,0,14,23.28,2698059.0,330,0,0,1.683
629,0,15,21.85,2697109.0,332,1,0,1.705
629,0,16,21.6,241.1,0,321,0,1.25
629,0,17,23.82,2501287.0,320,3,0,1.779
629,0,18,27.48,2636027.2,331,5,0,1.712
629,0,19,5.6,3157.3,0,346,0,1.289
629,0,20,13.77,2536391.0,319,0,0,1.681
629,0,21,17.56,2814812.4,358,4,0,1.718
629,0,22,22.78,21239.8,0,318,0,1.57
629,0,23,12.17,19226.4,0,299,0,1.375
629,0,24,22.8,0.0,0,0,0,0.0
629,0,25,12.77,0.0,0,0,0,0.0
629,0,26,10.24,0.0,0,0,0,0.0
629,0,27,18.02,0.0,0,0,0,0.0
629,0,28,17.56,0.0,0,0,0,0.0
629,0,29,14.3,0.0,0,0,0,0.0
629,0,30,23.94,0.0,0,0,0,0.0
629,0,31,26.59,0.0,0,0,0,0.0
629,1,0,15.71,15174.1,1,287,0,2.6
629,1,1,17.29,2458507.0,307,1,0,2.687
629,1,2,19.04,283605.9,35,253,0,2.741
629,1,3,16.81,2401142.0,304,1,0,2.646
629,1,4,25.54,0.0,0,293,0,0.0
629,1,5,18.36,2399127.3,292,3,0,2.673
629,1,6,8.63,2015964.6,245,36,0,2.76
629,1,7,5.33,2299964.5,280,4,0,2.665
629,1,8,8.28,2352148.0,296,0,0,2.615
629,1,9,16.95,4867.8,0,278,0,2.545
629,1,10,5.22,2398694.0,298,0,0,2.766
629,1,11,27.19,1976052.0,248,1,0,2.732
629,1,12,16.04,0.0,0,283,0,0.0
629,1,13,25.94,2236776.9,284,8,0,2.716
629,1,14,7.56,2089851.4,264,3,0,2.747
629,1,15,10.93,2226809.1,278,20,0,2.686
629,1,16,21.21,2376474.0,302,3,0,2.66
629,1,17,10.16,2089589.6,269,5,0,2.679
629,1,18,13.45,1710780.0,201,45,0,2.706
629,1,19,28.59,317248.0,33,256,0,2.786
629,1,20,28.46,2370947.8,295,4,0,2.735
629,1,21,7.19,1971956.2,235,43,0,2.767
629,1,22,21.02,2163150.7,270,4,0,2.744
629,1,23,22.73,799521.7,97,165,0,2.765
629,1,24,27.19,128.9,0,268,0,2.0
629,1,25,13.95,127323.3,13,285,0,2.786
629,1,26,20.95,2471278.0,305,3,0,2.652
629,1,27,28.46,0.0,0,0,0,0.0
629,1,28,27.22,0.0,0,0,0,0.0
629,1,29,21.5,0.0,0,0,0,0.0
629,1,30,21.16,0.0,0,0,0,0.0
629,1,31,18.93,0.0,0,0,0,0.0
629,2,0,6.96,0.0,0,236,0,0.0
629,2,1,7.77,1641805.3,209,5,0,2.693
629,2,2,20.56,86634.1,8,210,0,2.502
629,2,3,13.62,1626790.0,199,2,0,2.646
629,2,4,16.07,1742964.0,206,1,0,2.601
629,2,5,14.57,0.0,0,194,0,0.0
629,2,6,13.01,1487102.0,193,0,0,2.675
629,2,7,22.07,1354545.9,171,48,0,2.615
629,2,8,12.5,1461938.2,178,32,0,2.721
629,2,9,25.95,304859.3,41,163,0,2.613
629,2,10,28.65,1618685.9,202,6,0,2.706
629,2,11,13.51,100400.3,14,207,0,2.377
629,2,12,8.75,1574359.0,197,0,0,2.605
629,2,13,16.81,1546555.9,199,7,0,2.685
629,2,14,15.53,1662060.0,211,1,0,2.601
629,2,15,24.33,1511818.9,195,11,0,2.717
629,2,16,27.2,1507551.0,191,0,0,2.617
629,2,17,22.13,1667800.0,209,0,0,2.62
629,2,18,7.17,1524916.0,189,0,0,2.669
629,2,19,25.2,1710307.0,206,2,0,2.656
629,2,20,14.13,173.2,0,181,0,2.0
629,2,21,13.24,1600947.1,196,12,0,2.672
629,2,22,17.91,1527044.0,192,0,0,2.661
629,2,23,17.9,1590004.0,204,1,0,2.575
629,2,24,22.87,705598.6,91,132,0,2.684
629,2,25,14.85,350.8,0,202,0,1.0
629,2,26,13.33,1398409.3,173,32,0,2.709
629,2,27,21.36,1715845.7,218,1,0,2.658
629,2,28,11.89,870484.3,103,85,0,2.651
629,2,29,27.14,1571238.0,195,2,0,2.634
629,2,30,26.39,0.0,0,0,0,0.0
629,2,31,12.54,0.0,0,0,0,0.0
639,0,0,6.65,66935.8,5,321,0,1.566
639,0,1,22.27,2584.7,0,326,0,1.167
639,0,2,20.19,2807912.4,342,3,0,1.557
639,0,3,15.08,2673535.0,332,0,0,1.518
639,0,4,12.66,33985.7,1,335,0,1.38
639,0,5,12.32,2758122.0,352,0,0,1.503
639,0,6,23.59,5980.9,0,316,0,1.062
639,0,7,29.41,2468956.0,304,0,0,1.576
639,0,8,26.89,581230.3,77,252,0,1.693
639,0,9,11.95,2753318.0,340,2,0,1.589
639,0,10,25.73,5237.8,0,335,0,1.222
639,0,11,9.19,2750050.0,351,2,0,1.571
639,0,12,11.11,2869429.0,352,1,0,1.652
639,0,13,15.51,303109.2,36,275,0,1.769
639,0,14,23.28,2698059.0,330,0,0,1.562
639,0,15,21.85,2697109.0,332,1,0,1.614
639,0,16,21.6,130.8,0,321,0,1.265
639,0,17,23.82,2498319.4,319,4,0,1.659
639,0,18,27.48,2646537.3,332,5,0,1.638
639,0,19,5.6,3952.9,0,346,0,1.196
639,0,20,13.77,2536391.0,319,0,0,1.586
639,0,21,17.56,2826530.8,359,3,0,1.582
639,0,22,22.78,15227.9,0,318,0,1.2
639,0,23,12.17,19275.5,1,298,0,1.25
639,0,24,22.8,0.0,0,0,0,0.0
639,0,25,12.77,0.0,0,0,0,0.0
639,0,26,10.24,0.0,0,0,0,0.0
639,0,27,18.02,0.0,0,0,0,0.0
639,0,28,17.56,0.0,0,0,0,0.0
639,0,29,14.3,0.0,0,0,0,0.0
639,0,30,23.94,0.0,0,0,0,0.0
639,0,31,26.59,0.0,0,0,0,0.0
639,1,0,15.71,13960.4,1,287,0,2.474
639,1,1,17.29,2458507.0,307,1,0,2.457
639,1,2,19.04,251836.9,33,255,0,2.524
639,1,3,16.81,2401142.0,304,1,0,2.453
639,1,4,25.54,0.0,0,293,0,0.0
639,1,5,18.36,2405728.3,293,2,0,2.491
639,1,6,8.63,1919660.0,240,41,0,2.57
639,1,7,5.33,2300533.5,280,4,0,2.454
639,1,8,8.28,2352148.0,296,0,0,2.469
639,1,9,16.95,4751.9,0,278,0,2.111
639,1,10,5.22,2398694.0,298,0,0,2.496
639,1,11,27.19,1960188.0,246,3,0,2.52
639,1,12,16.04,0.0,0,283,0,0.0
639,1,13,25.94,2234405.0,286,6,0,2.506
639,1,14,7.56,2093614.7,265,2,0,2.504
639,1,15,10.93,2253288.0,285,14,0,2.529
639,1,16,21.21,2369786.7,301,4,0,2.462
639,1,17,10.16,2089590.0,269,5,0,2.495
639,1,18,13.45,1701707.2,196,49,0,2.54
639,1,19,28.59,219699.8,26,263,0,2.511
639,1,20,28.46,2377434.9,296,3,0,2.496
639,1,21,7.19,1945789.0,232,45,0,2.597
639,1,22,21.02,2158631.0,270,4,0,2.483
639,1,23,22.73,665909.8,83,179,0,2.578
639,1,24,27.19,0.0,0,268,0,0.0
639,1,25,13.95,89387.6,11,287,0,2.491
639,1,26,20.95,2457505.3,303,5,0,2.517
639,1,27,28.46,0.0,0,0,0,0.0
639,1,28,27.22,0.0,0,0,0,0.0
639,1,29,21.5,0.0,0,0,0,0.0
639,1,30,21.16,0.0,0,0,0,0.0
639,1,31,18.93,0.0,0,0,0,0.0
639,2,0,6.96,345.5,0,236,0,1.0
639,2,1,7.77,1652284.2,209,5,0,2.46
639,2,2,20.56,81431.9,6,212,0,2.249
639,2,3,13.62,1645304.0,201,0,0,2.487
639,2,4,16.07,1750530.0,207,0,0,2.459
639,2,5,14.57,0.0,0,194,0,0.0
639,2,6,13.01,1487102.0,193,0,0,2.458
639,2,7,22.07,1285540.9,163,56,0,2.401
639,2,8,12.5,1378766.4,171,39,0,2.538
639,2,9,25.95,222291.9,29,175,0,2.362
639,2,10,28.65,1634921.6,204,4,0,2.502
639,2,11,13.51,84194.9,12,209,0,2.201
639,2,12,8.75,1568929.0,196,1,0,2.393
639,2,13,16.81,1547236.0,200,6,0,2.471
639,2,14,15.53,1658016.0,210,2,0,2.434
639,2,15,24.33,1526225.1,196,10,0,2.497
639,2,16,27.2,1507551.0,191,0,0,2.397
639,2,17,22.13,1667800.0,209,0,0,2.415
639,2,18,7.17,1524916.0,189,0,0,2.442
639,2,19,25.2,1700424.0,205,3,0,2.39
639,2,20,14.13,1008.1,0,181,0,1.0
639,2,21,13.24,1639657.9,201,7,0,2.494
639,2,22,17.91,1527044.0,192,0,0,2.463
639,2,23,17.9,1590004.0,204,1,0,2.403
639,2,24,22.87,685893.1,86,137,0,2.508
639,2,25,14.85,672.9,0,202,0,1.0
639,2,26,13.33,1358467.4,168,36,0,2.506
639,2,27,21.36,1722731.0,219,0,0,2.431
639,2,28,11.89,757512.0,90,98,0,2.434
639,2,29,27.14,1565992.0,194,3,0,2.459
639,2,30,26.39,0.0,0,0,0,0.0
639,2,31,12.54,0.0,0,0,0,0.0
649,0,0,6.65,71566.5,7,319,0,1.741
649,0,1,22.27,1858.8,0,326,0,1.312
649,0,2,20.19,2816028.8,343,2,0,1.7
649,0,3,15.08,2673535.0,332,0,0,1.669
649,0,4,12.66,28222.2,1,335,0,1.562
649,0,5,12.32,2758122.0,352,0,0,1.731
649,0,6,23.59,4822.1,0,316,0,1.0
649,0,7,29.41,2468956.0,304,0,0,1.676
649,0,8,26.89,677732.8,78,251,0,1.821
649,0,9,11.95,2757522.8,340,2,0,1.715
649,0,10,25.73,3730.4,0,335,0,1.154
649,0,11,9.19,2755989.0,352,1,0,1.627
649,0,12,11.11,2869429.0,352,1,0,1.746
649,0,13,15.51,318884.9,34,277,0,1.927
649,0,14,23.28,2698059.0,330,0,0,1.722
649,0,15,21.85,2706118.9,333,1,0,1.693
649,0,16,21.6,119.9,0,321,0,1.371
649,0,17,23.82,2479675.3,316,7,0,1.779
649,0,18,27.48,2655379.0,334,3,0,1.699
649,0,19,5.6,3335.9,0,346,0,1.243
649,0,20,13.77,2525706.0,318,0,0,1.701
649,0,21,17.56,2838907.0,361,1,0,1.695
649,0,22,22.78,18591.4,0,318,0,1.5
649,0,23,12.17,14576.1,0,299,0,1.217
649,0,24,22.8,0.0,0,0,0,0.0
649,0,25,12.77,0.0,0,0,0,0.0
649,0,26,10.24,0.0,0,0,0,0.0
649,0,27,18.02,0.0,0,0,0,0.0
649,0,28,17.56,0.0,0,0,0,0.0
649,0,29,14.3,0.0,0,0,0,0.0
649,0,30,23.94,0.0,0,0,0,0.0
649,0,31,26.59,0.0,0,0,0,0.0
649,1,0,15.71,18611.3,1,287,0,2.684
649,1,1,17.29,2452203.2,306,3,0,2.698
649,1,2,19.04,299022.6,34,254,0,2.687
649,1,3,16.81,2401142.0,304,1,0,2.702
649,1,4,25.54,0.0,0,293,0,0.0
649,1,5,18.36,2412204.8,294,1,0,2.731
649,1,6,8.63,2026036.9,248,33,0,2.801
649,1,7,5.33,2295951.3,279,5,0,2.711
649,1,8,8.28,2344236.0,295,1,0,2.723
649,1,9,16.95,5140.8,0,278,0,1.917
649,1,10,5.22,2392484.0,297,1,0,2.845
649,1,11,27.19,1959872.6,246,3,0,2.731
649,1,12,16.04,0.0,0,283,0,0.0
649,1,13,25.94,2224723.2,283,9,0,2.733
649,1,14,7.56,2089656.7,264,3,0,2.756
649,1,15,10.93,2220003.4,279,20,0,2.702
649,1,16,21.21,2376474.0,302,3,0,2.75
649,1,17,10.16,2090494.3,270,4,0,2.696
649,1,18,13.45,1781891.1,205,40,0,2.769
649,1,19,28.59,266692.0,31,258,0,2.749
649,1,20,28.46,2387847.2,297,2,0,2.76
649,1,21,7.19,2035443.5,243,35,0,2.805
649,1,22,21.02,2146883.0,269,5,0,2.749
649,1,23,22.73,875284.0,103,159,0,2.808
649,1,24,27.19,750.9,0,268,0,1.5
649,1,25,13.95,100860.6,11,287,0,2.723
649,1,26,20.95,2451854.0,303,5,0,2.738
649,1,27,28.46,0.0,0,0,0,0.0
649,1,28,27.22,0.0,0,0,0,0.0
649,1,29,21.5,0.0,0,0,0,0.0
649,1,30,21.16,0.0,0,0,0,0.0
649,1,31,18.93,0.0,0,0,0,0.0
649,2,0,6.96,0.0,0,236,0,0.0
649,2,1,7.77,1664762.8,210,4,0,2.731
649,2,2,20.56,55045.8,5,213,0,2.594
649,2,3,13.62,1629590.0,199,2,0,2.707
649,2,4,16.07,1750530.0,207,0,0,2.755
649,2,5,14.57,0.0,0,194,0,0.0
649,2,6,13.01,1487102.0,193,0,0,2.721
649,2,7,22.07,1448717.7,185,34,0,2.678
649,2,8,12.5,1489146.7,181,29,0,2.782
649,2,9,25.95,301327.6,37,168,0,2.632
649,2,10,28.65,1643818.1,205,3,0,2.774
649,2,11,13.51,118070.5,11,210,0,2.456
649,2,12,8.75,1568929.0,196,1,0,2.696
649,2,13,16.81,1565307.3,200,6,0,2.828
649,2,14,15.53,1658016.0,210,2,0,2.67
649,2,15,24.33,1485015.9,192,14,0,2.758
649,2,16,27.2,1507551.0,191,0,0,2.749
649,2,17,22.13,1661175.9,208,1,0,2.758
649,2,18,7.17,1531950.0,190,0,0,2.791
649,2,19,25.2,1705158.0,205,3,0,2.676
649,2,20,14.13,0.0,0,181,0,0.0
649,2,21,13.24,1611932.6,196,12,0,2.721
649,2,22,17.91,1527044.0,192,0,0,2.767
649,2,23,17.9,1590004.0,204,1,0,2.686
649,2,24,22.87,755717.6,91,132,0,2.758
649,2,25,14.85,350.8,0,202,0,1.0
649,2,26,13.33,1403692.6,173,32,0,2.764
649,2,27,21.36,1708816.6,217,2,0,2.78
649,2,28,11.89,947222.6,109,79,0,2.75
649,2,29,27.14,1580720.0,196,1,0,2.711
649,2,30,26.39,0.0,0,0,0,0.0
649,2,31,12.54,0.0,0,0,0,0.0
659,0,0,6.65,90403.8,5,321,0,1.965
659,0,1,22.27,2044.0,0,326,0,1.508
659,0,2,20.19,2816012.1,343,2,0,1.884
659,0,3,15.08,2673535.0,332,0,0,1.868
659,0,4,12.66,21792.2,1,335,0,1.707
659,0,5,12.32,2758122.0,352,0,0,1.877
659,0,6,23.59,4117.3,0,316,0,1.606
659,0,7,29.41,2468956.0,304,0,0,1.882
659,0,8,26.89,776682.7,87,243,0,1.997
659,0,9,11.95,2732500.8,337,5,0,1.857
659,0,10,25.73,3015.5,0,335,0,1.5
659,0,11,9.19,2733787.0,350,3,0,1.837
659,0,12,11.11,2877541.0,353,0,0,1.896
659,0,13,15.51,335883.9,34,277,0,2.067
659,0,14,23.28,2698059.0,330,0,0,1.906
659,0,15,21.85,2681126.0,330,2,0,1.885
659,0,16,21.6,158.2,0,321,0,1.641
659,0,17,23.82,2443401.5,311,12,0,1.938
659,0,18,27.48,2635672.8,331,5,0,1.914
659,0,19,5.6,2429.8,0,346,0,1.238
659,0,20,13.77,2536391.0,319,0,0,1.904
659,0,21,17.56,2821307.4,359,3,0,1.833
659,0,22,22.78,15457.1,0,318,0,1.729
659,0,23,12.17,11229.5,0,299,0,1.541
659,0,24,22.8,0.0,0,0,0,0.0
659,0,25,12.77,0.0,0,0,0,0.0
659,0,26,10.24,0.0,0,0,0,0.0
659,0,27,18.02,0.0,0,0,0,0.0
659,0,28,17.56,0.0,0,0,0,0.0
659,0,29,14.3,0.0,0,0,0,0.0
659,0,30,23.94,0.0,0,0,0,0.0
659,0,31,26.59,0.0,0,0,0,0.0
659,1,0,15.71,20097.1,1,287,0,2.958
659,1,1,17.29,2443264.0,305,3,0,2.932
659,1,2,19.04,442589.1,47,241,0,2.981
659,1,3,16.81,2401142.0,304,1,0,2.948
659,1,4,25.54,0.0,0,293,0,0.0
659,1,5,18.36,2413051.3,294,1,0,2.943
659,1,6,8.63,2028156.4,243,38,0,3.012
659,1,7,5.33,2291870.2,279,5,0,2.898
659,1,8,8.28,2352148.0,296,0,0,2.927
659,1,9,16.95,257.5,0,278,0,2.2
659,1,10,5.22,2398694.0,298,0,0,3.051
659,1,11,27.19,1960650.5,246,3,0,2.98
659,1,12,16.04,0.0,0,283,0,0.0
659,1,13,25.94,2210757.0,281,11,0,2.974
659,1,14,7.56,2089803.0,264,3,0,3.01
659,1,15,10.93,2204713.3,275,23,0,2.942
659,1,16,21.21,2371064.8,301,4,0,3.012
659,1,17,10.16,2078581.1,268,6,0,2.945
659,1,18,13.45,1822327.2,204,41,0,2.984
659,1,19,28.59,347616.4,34,255,0,2.983
659,1,20,28.46,2367752.0,295,4,0,2.959
659,1,21,7.19,2010660.1,235,43,0,2.988
659,1,22,21.02,2142518.0,268,6,0,2.972
659,1,23,22.73,1033002.7,120,142,0,3.014
659,1,24,27.19,243.5,0,268,0,2.5
659,1,25,13.95,120636.4,11,287,0,2.96
659,1,26,20.95,2457338.7,303,5,0,2.983
659,1,27,28.46,0.0,0,0,0,0.0
659,1,28,27.22,0.0,0,0,0,0.0
659,1,29,21.5,0.0,0,0,0,0.0
659,1,30,21.16,0.0,0,0,0,0.0
659,1,31,18.93,0.0,0,0,0,0.0
659,2,0,6.96,173.6,0,236,0,2.0
659,2,1,7.77,1659684.2,209,5,0,3.041
659,2,2,20.56,81667.5,6,212,0,2.822
659,2,3,13.62,1618264.0,196,5,0,3.01
659,2,4,16.07,1750530.0,207,0,0,2.982
659,2,5,14.57,73.1,0,194,0,3.0
659,2,6,13.01,1487102.0,193,0,0,3.038
659,2,7,22.07,1590192.5,196,23,0,2.983
659,2,8,12.5,1517831.8,181,29,0,3.027
659,2,9,25.95,340093.5,32,172,0,2.923
659,2,10,28.65,1661387.0,207,1,0,3.039
659,2,11,13.51,171295.3,16,205,0,2.79
659,2,12,8.75,1568929.0,196,1,0,3.068
659,2,13,16.81,1571283.8,198,7,0,3.008
659,2,14,15.53,1657203.6,210,2,0,2.924
659,2,15,24.33,1482108.6,190,16,0,3.007
659,2,16,27.2,1507551.0,191,0,0,3.059
659,2,17,22.13,1656381.5,207,2,0,2.963
659,2,18,7.17,1524916.0,189,0,0,3.022
659,2,19,25.2,1716233.0,205,3,0,2.946
659,2,20,14.13,385.7,0,181,0,1.667
659,2,21,13.24,1620061.0,197,11,0,2.976
659,2,22,17.91,1527044.0,192,0,0,2.935
659,2,23,17.9,1590004.0,204,1,0,2.987
659,2,24,22.87,819539.6,93,130,0,3.027
659,2,25,14.85,452.3,0,202,0,2.0
659,2,26,13.33,1431600.0,171,33,0,3.041
659,2,27,21.36,1709572.2,217,2,0,3.064
659,2,28,11.89,1042721.8,115,72,1,3.004
659,2,29,27.14,1573306.0,195,2,0,2.998
659,2,30,26.39,0.0,0,0,0,0.0
659,2,31,12.54,0.0,0,0,0,0.0
669,0,0,6.65,76131.6,6,320,0,1.914
669,0,1,22.27,1510.6,0,326,0,1.511
669,0,2,20.19,2799290.4,341,4,0,1.836
669,0,3,15.08,2673535.0,332,0,0,1.861
669,0,4,12.66,16421.3,0,336,0,1.696
669,0,5,12.32,2748412.0,351,1,0,1.831
669,0,6,23.59,3591.2,0,316,0,1.559
669,0,7,29.41,2468956.0,304,0,0,1.873
669,0,8,26.89,812784.3,95,235,0,2.011
669,0,9,11.95,2744090.0,339,3,0,1.867
669,0,10,25.73,4256.9,0,335,0,1.55
669,0,11,9.19,2729433.5,347,6,0,1.849
669,0,12,11.11,2869429.0,352,1,0,1.877
669,0,13,15.51,323794.4,32,279,0,2.058
669,0,14,23.28,2698059.0,330,0,0,1.885
669,0,15,21.85,2686587.0,331,1,0,1.882
669,0,16,21.6,138.1,0,321,0,1.694
669,0,17,23.82,2459166.5,314,9,0,1.939
669,0,18,27.48,2637482.6,331,5,0,1.882
669,0,19,5.6,2637.0,0,346,0,1.25
669,0,20,13.77,2525706.0,318,0,0,1.856
669,0,21,17.56,2818970.6,358,4,0,1.847
669,0,22,22.78,20288.2,0,318,0,1.758
669,0,23,12.17,11647.0,0,299,0,1.543
669,0,24,22.8,0.0,0,0,0,0.0
669,0,25,12.77,0.0,0,0,0,0.0
669,0,26,10.24,0.0,0,0,0,0.0
669,0,27,18.02,0.0,0,0,0,0.0
669,0,28,17.56,0.0,0,0,0,0.0
669,0,29,14.3,0.0,0,0,0,0.0
669,0,30,23.94,0.0,0,0,0,0.0
669,0,31,26.59,0.0,0,0,0,0.0
669,1,0,15.71,15905.8,0,288,0,2.98
669,1,1,17.29,2445345.3,305,3,0,2.923
669,1,2,19.04,449087.6,48,240,0,2.931
669,1,3,16.81,2389384.0,303,2,0,2.902
669,1,4,25.54,0.0,0,293,0,0.0
669,1,5,18.36,2400130.8,292,3,0,2.959
669,1,6,8.63,1978558.0,240,41,0,3.015
669,1,7,5.33,2299030.0,280,4,0,2.924
669,1,8,8.28,2352148.0,296,0,0,2.912
669,1,9,16.95,4578.7,0,278,0,2.909
669,1,10,5.22,2398694.0,298,0,0,3.038
669,1,11,27.19,1964794.0,247,2,0,2.946
669,1,12,16.04,0.0,0,283,0,0.0
669,1,13,25.94,2212861.1,281,11,0,2.98
669,1,14,7.56,2089758.9,264,3,0,2.94
669,1,15,10.93,2229753.2,279,19,0,2.901
669,1,16,21.21,2368870.0,301,4,0,3.0
669,1,17,10.16,2079845.7,268,6,0,2.916
669,1,18,13.45,1822179.2,207,39,0,2.971
669,1,19,28.59,369368.7,40,249,0,3.001
669,1,20,28.46,2378500.8,295,4,0,2.939
669,1,21,7.19,2005333.2,239,39,0,2.982
669,1,22,21.02,2148222.7,269,5,0,2.936
669,1,23,22.73,1040774.7,114,148,0,2.994
669,1,24,27.19,114.6,0,268,0,2.5
669,1,25,13.95,127586.4,11,287,0,2.947
669,1,26,20.95,2451854.0,303,5,0,2.986
669,1,27,28.46,0.0,0,0,0,0.0
669,1,28,27.22,0.0,0,0,0,0.0
669,1,29,21.5,0.0,0,0,0,0.0
669,1,30,21.16,0.0,0,0,0,0.0
669,1,31,18.93,0.0,0,0,0,0.0
669,2,0,6.96,0.0,0,236,0,0.0
669,2,1,7.77,1670340.4,210,4,0,2.988
669,2,2,20.56,68211.1,6,212,0,2.81
669,2,3,13.62,1624090.5,197,4,0,3.03
669,2,4,16.07,1750530.0,207,0,0,2.969
669,2,5,14.57,7.5,0,194,0,3.0
669,2,6,13.01,1487102.0,193,0,0,2.987
669,2,7,22.07,1599173.9,196,23,0,2.955
669,2,8,12.5,1520805.5,185,25,0,3.016
669,2,9,25.95,348918.3,38,166,0,2.849
669,2,10,28.65,1623210.9,202,6,0,3.001
669,2,11,13.51,131164.2,14,207,0,2.782
669,2,12,8.75,1568929.0,196,1,0,2.975
669,2,13,16.81,1561288.5,199,7,0,3.017
669,2,14,15.53,1650564.0,209,3,0,2.88
669,2,15,24.33,1488167.3,188,18,0,2.98
669,2,16,27.2,1507551.0,191,0,0,2.901
669,2,17,22.13,1656381.5,207,2,0,2.944
669,2,18,7.17,1524916.0,189,0,0,3.016
669,2,19,25.2,1703402.2,204,4,0,2.936
669,2,20,14.13,1157.7,0,181,0,2.0
669,2,21,13.24,1600499.4,194,13,0,2.981
669,2,22,17.91,1527044.0,192,0,0,2.985
669,2,23,17.9,1590004.0,204,1,0,2.929
669,2,24,22.87,825029.8,95,129,0,2.987
669,2,25,14.85,529.6,0,202,0,2.333
669,2,26,13.33,1461406.5,175,30,0,3.014
669,2,27,21.36,1716038.6,218,1,0,3.031
669,2,28,11.89,1053909.8,114,74,0,2.973
669,2,29,27.14,1573960.5,195,2,0,2.954
669,2,30,26.39,0.0,0,0,0,0.0
669,2,31,12.54,0.0,0,0,0,0.0
679,0,0,6.65,65572.2,1,325,0,1.908
679,0,1,22.27,2099.7,0,326,0,1.446
679,0,2,20.19,2805942.1,342,3,0,1.865
679,0,3,15.08,2673535.0,332,0,0,1.819
679,0,4,12.66,15256.5,0,336,0,1.39
679,0,5,12.32,2758122.0,352,0,0,1.826
679,0,6,23.59,3855.6,0,316,0,1.4
679,0,7,29.41,2468956.0,304,0,0,1.838
679,0,8,26.89,867019.8,100,230,0,1.977
679,0,9,11.95,2743508.0,339,3,0,1.831
679,0,10,25.73,3773.0,0,335,0,1.345
679,0,11,9.19,2750851.3,351,2,0,1.784
679,0,12,11.11,2869429.0,352,1,0,1.83
679,0,13,15.51,316477.5,33,278,0,1.976
679,0,14,23.28,2689666.0,329,1,0,1.865
679,0,15,21.85,2686587.0,331,1,0,1.824
679,0,16,21.6,123.2,0,321,0,1.45
679,0,17,23.82,2468876.9,315,8,0,1.895
679,0,18,27.48,2637462.3,332,4,0,1.869
679,0,19,5.6,2500.9,0,346,0,1.297
679,0,20,13.77,2525706.0,318,0,0,1.767
679,0,21,17.56,2822768.3,358,4,0,1.807
679,0,22,22.78,15255.5,0,318,0,1.433
679,0,23,12.17,10365.0,0,299,0,1.354
679,0,24,22.8,0.0,0,0,0,0.0
679,0,25,12.77,0.0,0,0,0,0.0
679,0,26,10.24,0.0,0,0,0,0.0
679,0,27,18.02,0.0,0,0,0,0.0
679,0,28,17.56,0.0,0,0,0,0.0
679,0,29,14.3,0.0,0,0,0,0.0
679,0,30,23.94,0.0,0,0,0,0.0
679,0,31,26.59,0.0,0,0,0,0.0
679,1,0,15.71,8254.4,0,288,0,2.474
679,1,1,17.29,2446588.5,305,3,0,2.869
679,1,2,19.04,404121.8,46,242,0,2.876
679,1,3,16.81,2401142.0,304,1,0,2.912
679,1,4,25.54,0.0,0,293,0,0.0
679,1,5,18.36,2400135.5,292,3,0,2.906
679,1,6,8.63,2029726.4,245,36,0,2.967
679,1,7,5.33,2296697.7,278,6,0,2.861
679,1,8,8.28,2352148.0,296,0,0,2.883
679,1,9,16.95,2776.9,0,278,0,2.333
679,1,10,5.22,2398694.0,298,0,0,2.998
679,1,11,27.19,1951643.0,245,4,0,2.978
679,1,12,16.04,0.0,0,283,0,0.0
679,1,13,25.94,2216367.7,283,9,0,2.925
679,1,14,7.56,2090573.0,264,3,0,2.956
679,1,15,10.93,2243620.2,279,20,0,2.878
679,1,16,21.21,2368722.5,301,4,0,2.902
679,1,17,10.16,2085001.5,269,5,0,2.913
679,1,18,13.45,1836110.9,210,35,0,2.931
679,1,19,28.59,388420.8,38,250,1,2.942
679,1,20,28.46,2372979.8,295,4,0,2.953
679,1,21,7.19,2029679.9,243,35,0,2.957
679,1,22,21.02,2149241.0,270,4,0,2.926
679,1,23,22.73,980894.1,110,152,0,2.973
679,1,24,27.19,114.6,0,268,0,2.5
679,1,25,13.95,96087.4,9,289,0,2.847
679,1,26,20.95,2446266.0,302,6,0,2.935
679,1,27,28.46,0.0,0,0,0,0.0
679,1,28,27.22,0.0,0,0,0,0.0
679,1,29,21.5,0.0,0,0,0,0.0
679,1,30,21.16,0.0,0,0,0,0.0
679,1,31,18.93,0.0,0,0,0,0.0
679,2,0,6.96,0.0,0,236,0,0.0
679,2,1,7.77,1655612.7,207,6,0,2.961
679,2,2,20.56,79651.4,7,211,0,2.667
679,2,3,13.62,1624914.0,198,3,0,2.99
679,2,4,16.07,1744875.2,206,1,0,2.987
679,2,5,14.57,0.0,0,194,0,0.0
679,2,6,13.01,1487102.0,193,0,0,2.983
679,2,7,22.07,1617417.9,197,22,0,2.963
679,2,8,12.5,1542494.8,185,25,0,2.967
679,2,9,25.95,346551.6,38,166,0,2.882
679,2,10,28.65,1630917.9,202,6,0,2.986
679,2,11,13.51,126918.3,13,208,0,2.706
679,2,12,8.75,1568929.0,196,1,0,2.942
679,2,13,16.81,1570618.1,200,6,0,2.989
679,2,14,15.53,1650750.3,208,4,0,2.923
679,2,15,24.33,1511512.0,195,11,0,2.986
679,2,16,27.2,1507551.0,191,0,0,2.961
679,2,17,22.13,1667800.0,209,0,0,2.927
679,2,18,7.17,1524916.0,189,0,0,2.966
679,2,19,25.2,1711741.3,202,6,0,2.928
679,2,20,14.13,212.5,0,181,0,1.0
679,2,21,13.24,1604502.0,194,14,0,2.955
679,2,22,17.91,1527044.0,192,0,0,2.969
679,2,23,17.9,1590004.0,204,1,0,2.889
679,2,24,22.87,820372.7,96,128,0,2.949
679,2,25,14.85,382.8,0,202,0,1.0
679,2,26,13.33,1434954.9,171,34,0,2.961
679,2,27,21.36,1722731.0,219,0,0,3.022
679,2,28,11.89,1088755.6,118,70,0,2.99
679,2,29,27.14,1568730.0,195,2,0,2.942
679,2,30,26.39,0.0,0,0,0,0.0
679,2,31,12.54,0.0,0,0,0,0.0
689,0,0,6.65,68830.1,3,323,0,1.912
689,0,1,22.27,2296.6,0,326,0,1.435
689,0,2,20.19,2804672.0,342,3,0,1.895
689,0,3,15.08,2673535.0,332,0,0,1.839
689,0,4,12.66,11786.6,0,336,0,1.607
689,0,5,12.32,2748412.0,351,1,0,1.864
689,0,6,23.59,5222.7,0,316,0,1.712
689,0,7,29.41,2468956.0,304,0,0,1.863
689,0,8,26.89,917265.9,100,230,0,2.038
689,0,9,11.95,2733612.0,338,4,0,1.918
689,0,10,25.73,3225.4,0,335,0,1.423
689,0,11,9.19,2728057.0,349,4,0,1.831
689,0,12,11.11,2861833.9,351,2,0,1.91
689,0,13,15.51,276210.5,28,283,0,2.127
689,0,14,23.28,2698059.0,330,0,0,1.924
689,0,15,21.85,2691648.0,331,2,0,1.894
689,0,16,21.6,122.7,0,321,0,1.481
689,0,17,23.82,2468283.5,316,7,0,1.928
689,0,18,27.48,2639771.9,332,4,0,1.944
689,0,19,5.6,2512.1,0,346,0,1.515
689,0,20,13.77,2525706.0,318,0,0,1.913
689,0,21,17.56,2793019.0,354,8,0,1.903
689,0,22,22.78,19626.1,0,318,0,1.51
689,0,23,12.17,8758.3,0,299,0,1.567
689,0,24,22.8,0.0,0,0,0,0.0
689,0,25,12.77,0.0,0,0,0,0.0
689,0,26,10.24,0.0,0,0,0,0.0
689,0,27,18.02,0.0,0,0,0,0.0
689,0,28,17.56,0.0,0,0,0,0.0
689,0,29,14.3,0.0,0,0,0,0.0
689,0,30,23.94,0.0,0,0,0,0.0
689,0,31,26.59,0.0,0,0,0,0.0
689,1,0,15.71,12406.8,0,288,0,3.048
689,1,1,17.29,2425850.9,302,6,0,2.977
689,1,2,19.04,443767.2,47,241,0,3.008
689,1,3,16.81,2391703.0,303,2,0,2.994
689,1,4,25.54,51.0,0,293,0,2.0
689,1,5,18.36,2405707.1,293,2,0,3.034
689,1,6,8.63,2020791.0,243,38,0,3.084
689,1,7,5.33,2304236.2,280,4,0,3.013
689,1,8,8.28,2352148.0,296,0,0,3.031
689,1,9,16.95,2042.0,0,278,0,2.5
689,1,10,5.22,2398694.0,298,0,0,3.131
689,1,11,27.19,1955886.3,245,4,0,3.062
689,1,12,16.04,0.0,0,283,0,0.0
689,1,13,25.94,2212685.5,279,13,0,3.04
689,1,14,7.56,2090502.2,264,3,0,3.051
689,1,15,10.93,2199307.3,277,21,0,3.015
689,1,16,21.21,2384085.0,303,2,0,3.047
689,1,17,10.16,2083362.2,269,5,0,3.072
689,1,18,13.45,1811989.0,204,40,1,3.048
689,1,19,28.59,443007.0,45,244,0,3.066
689,1,20,28.46,2373467.2,296,3,0,3.037
689,1,21,7.19,2014333.1,235,43,0,3.043
689,1,22,21.02,2146572.5,269,5,0,3.061
689,1,23,22.73,1098064.5,120,142,0,3.102
689,1,24,27.19,243.5,0,268,0,2.5
689,1,25,13.95,126336.5,9,289,0,3.056
689,1,26,20.95,2451854.0,303,5,0,3.056
689,1,27,28.46,0.0,0,0,0,0.0
689,1,28,27.22,0.0,0,0,0,0.0
689,1,29,21.5,0.0,0,0,0,0.0
689,1,30,21.16,0.0,0,0,0,0.0
689,1,31,18.93,0.0,0,0,0,0.0
689,2,0,6.96,58.1,0,236,0,2.0
689,2,1,7.77,1652773.0,209,5,0,3.071
689,2,2,20.56,115464.3,6,212,0,2.874
689,2,3,13.62,1628449.7,199,2,0,3.079
689,2,4,16.07,1750530.0,207,0,0,3.074
689,2,5,14.57,0.0,0,194,0,0.0
689,2,6,13.01,1487102.0,193,0,0,3.104
689,2,7,22.07,1638198.2,202,17,0,3.044
689,2,8,12.5,1526398.6,180,30,0,3.098
689,2,9,25.95,330693.2,35,169,0,2.985
689,2,10,28.65,1631559.0,204,4,0,3.051
689,2,11,13.51,144813.9,12,209,0,2.797
689,2,12,8.75,1568929.0,196,1,0,3.024
689,2,13,16.81,1563141.0,198,8,0,3.098
689,2,14,15.53,1647879.9,208,4,0,3.033
689,2,15,24.33,1487809.3,188,18,0,3.069
689,2,16,27.2,1507551.0,191,0,0,3.062
689,2,17,22.13,1643834.0,206,3,0,3.029
689,2,18,7.17,1524916.0,189,0,0,3.107
689,2,19,25.2,1714739.2,205,3,0,2.995
689,2,20,14.13,707.5,0,181,0,2.6
689,2,21,13.24,1606424.8,197,11,0,3.036
689,2,22,17.91,1527044.0,192,0,0,3.05
689,2,23,17.9,1590004.0,204,1,0,3.092
689,2,24,22.87,903622.1,106,118,0,3.083
689,2,25,14.85,2518.3,0,202,0,2.533
689,2,26,13.33,1459435.0,175,30,0,3.107
689,2,27,21.36,1722731.0,219,0,0,3.104
689,2,28,11.89,1088413.0,117,71,0,3.051
689,2,29,27.14,1560215.2,193,4,0,3.025
689,2,30,26.39,0.0,0,0,0,0.0
689,2,31,12.54,0.0,0,0,0,0.0
699,0,0,6.65,46770.2,2,324,0,1.85
699,0,1,22.27,1510.2,0,326,0,1.588
699,0,2,20.19,2814354.1,343,2,0,1.881
699,0,3,15.08,2673535.0,332,0,0,1.811
699,0,4,12.66,14924.8,0,336,0,1.582
699,0,5,12.32,2748412.0,351,1,0,1.795
699,0,6,23.59,4913.2,0,316,0,1.513
699,0,7,29.41,2468956.0,304,0,0,1.815
699,0,8,26.89,917215.9,106,224,0,1.972
699,0,9,11.95,2752433.0,340,2,0,1.82
699,0,10,25.73,5345.8,0,335,0,1.522
699,0,11,9.19,2748253.3,351,2,0,1.74
699,0,12,11.11,2877541.0,353,0,0,1.852
699,0,13,15.51,294619.3,30,281,0,1.973
699,0,14,23.28,2688046.0,329,0,0,1.849
699,0,15,21.85,2686587.0,331,1,0,1.855
699,0,16,21.6,100.1,0,320,1,1.533
699,0,17,23.82,2464351.3,316,7,0,1.869
699,0,18,27.48,2641044.2,332,4,0,1.844
699,0,19,5.6,2396.4,0,346,0,1.143
699,0,20,13.77,2536391.0,319,0,0,1.836
699,0,21,17.56,2826641.5,359,3,0,1.84
699,0,22,22.78,17202.1,0,318,0,1.652
699,0,23,12.17,11354.5,0,299,0,1.451
699,0,24,22.8,0.0,0,0,0,0.0
699,0,25,12.77,0.0,0,0,0,0.0
699,0,26,10.24,0.0,0,0,0,0.0
699,0,27,18.02,0.0,0,0,0,0.0
699,0,28,17.56,0.0,0,0,0,0.0
699,0,29,14.3,0.0,0,0,0,0.0
699,0,30,23.94,0.0,0,0,0,0.0
699,0,31,26.59,0.0,0,0,0,0.0
699,1,0,15.71,14614.2,1,287,0,2.833
699,1,1,17.29,2436195.5,304,4,0,2.912
699,1,2,19.04,425152.0,52,236,0,2.936
699,1,3,16.81,2401142.0,304,1,0,2.916
699,1,4,25.54,0.0,0,293,0,0.0
699,1,5,18.36,2400193.5,292,3,0,2.971
699,1,6,8.63,2021813.9,242,39,0,2.987
699,1,7,5.33,2296934.9,280,4,0,2.903
699,1,8,8.28,2352148.0,296,0,0,2.902
699,1,9,16.95,0.0,0,278,0,0.0
699,1,10,5.22,2398694.0,298,0,0,3.076
699,1,11,27.19,1951643.0,245,4,0,2.97
699,1,12,16.04,0.0,0,283,0,0.0
699,1,13,25.94,2222528.4,279,13,0,2.921
699,1,14,7.56,2090487.3,264,3,0,2.963
699,1,15,10.93,2202295.0,275,23,0,2.946
699,1,16,21.21,2368870.0,301,4,0,2.988
699,1,17,10.16,2089627.2,269,5,0,2.901
699,1,18,13.45,1836348.8,212,33,0,2.947
699,1,19,28.59,343299.5,34,254,1,2.924
699,1,20,28.46,2362780.6,294,5,0,2.955
699,1,21,7.19,2014403.8,240,38,0,2.989
699,1,22,21.02,2153587.3,270,4,0,3.008
699,1,23,22.73,1110940.9,126,136,0,3.009
699,1,24,27.19,672.5,0,268,0,2.6
699,1,25,13.95,117140.2,7,291,0,2.963
699,1,26,20.95,2446698.0,302,6,0,2.972
699,1,27,28.46,0.0,0,0,0,0.0
699,1,28,27.22,0.0,0,0,0,0.0
699,1,29,21.5,0.0,0,0,0,0.0
699,1,30,21.16,0.0,0,0,0,0.0
699,1,31,18.93,0.0,0,0,0,0.0
699,2,0,6.96,65.5,0,236,0,1.0
699,2,1,7.77,1673062.6,211,3,0,2.991
699,2,2,20.56,100721.1,6,212,0,2.736
699,2,3,13.62,1645304.0,201,0,0,2.962
699,2,4,16.07,1750530.0,207,0,0,2.933
699,2,5,14.57,39.4,0,194,0,2.5
699,2,6,13.01,1487102.0,193,0,0,3.024
699,2,7,22.07,1578281.3,196,23,0,2.963
699,2,8,12.5,1552721.8,189,21,0,2.998
699,2,9,25.95,322124.5,39,165,0,2.87
699,2,10,28.65,1649677.9,205,3,0,2.991
699,2,11,13.51,112522.4,13,208,0,2.77
699,2,12,8.75,1568929.0,196,1,0,3.012
699,2,13,16.81,1584605.2,202,4,0,3.0
699,2,14,15.53,1657817.9,209,3,0,2.907
699,2,15,24.33,1493317.4,190,16,0,3.005
699,2,16,27.2,1507551.0,191,0,0,2.939
699,2,17,22.13,1662425.0,208,1,0,2.955
699,2,18,7.17,1524916.0,189,0,0,2.996
699,2,19,25.2,1703696.8,203,5,0,2.918
699,2,20,14.13,586.6,0,181,0,2.0
699,2,21,13.24,1587299.4,194,13,0,2.94
699,2,22,17.91,1527044.0,192,0,0,2.973
699,2,23,17.9,1590004.0,204,1,0,2.893
699,2,24,22.87,847125.3,96,127,0,2.976
699,2,25,14.85,1399.3,0,202,0,2.125
699,2,26,13.33,1440529.7,176,29,0,3.02
699,2,27,21.36,1722731.0,219,0,0,3.023
699,2,28,11.89,1065389.9,117,71,0,2.955
699,2,29,27.14,1580720.0,196,1,0,2.995
699,2,30,26.39,0.0,0,0,0,0.0
699,2,31,12.54,0.0,0,0,0,0.0
709,0,0,6.65,48671.3,2,324,0,1.873
709,0,1,22.27,1317.6,0,326,0,1.617
709,0,2,20.19,2814351.7,343,2,0,1.861
709,0,3,15.08,2673535.0,332,0,0,1.834
709,0,4,12.66,16803.2,0,336,0,1.644
709,0,5,12.32,2748412.0,351,1,0,1.84
709,0,6,23.59,3715.0,0,316,0,1.367
709,0,7,29.41,2468956.0,304,0,0,1.938
709,0,8,26.89,870264.9,87,242,0,2.008
709,0,9,11.95,2745023.8,339,3,0,1.836
709,0,10,25.73,7587.7,0,335,0,1.5
709,0,11,9.19,2748706.9,351,2,0,1.799
709,0,12,11.11,2869741.2,352,1,0,1.917
709,0,13,15.51,321900.9,34,277,0,2.004
709,0,14,23.28,2698059.0,330,0,0,1.879
709,0,15,21.85,2697109.0,332,1,0,1.84
709,0,16,21.6,109.1,0,320,1,1.578
709,0,17,23.82,2465942.5,315,8,0,1.921
709,0,18,27.48,2640365.3,331,5,0,1.891
709,0,19,5.6,2049.4,0,346,0,1.517
709,0,20,13.77,2536391.0,319,0,0,1.814
709,0,21,17.56,2833136.5,360,2,0,1.838
709,0,22,22.78,12583.6,0,318,0,1.436
709,0,23,12.17,15323.2,0,299,0,1.482
709,0,24,22.8,0.0,0,0,0,0.0
709,0,25,12.77,0.0,0,0,0,0.0
709,0,26,10.24,0.0,0,0,0,0.0
709,0,27,18.02,0.0,0,0,0,0.0
709,0,28,17.56,0.0,0,0,0,0.0
709,0,29,14.3,0.0,0,0,0,0.0
709,0,30,23.94,0.0,0,0,0,0.0
709,0,31,26.59,0.0,0,0,0,0.0
709,1,0,15.71,11732.8,0,288,0,2.676
709,1,1,17.29,2436244.8,304,4,0,2.958
709,1,2,19.04,419916.0,43,245,0,3.038
709,1,3,16.81,2401142.0,304,1,0,2.964
709,1,4,25.54,0.0,0,293,0,0.0
709,1,5,18.36,2392147.4,291,4,0,3.019
709,1,6,8.63,2040552.6,244,37,0,3.027
709,1,7,5.33,2305700.1,280,4,0,2.933
709,1,8,8.28,2352148.0,296,0,0,3.007
709,1,9,16.95,546.4,0,278,0,3.0
709,1,10,5.22,2398694.0,298,0,0,3.15
709,1,11,27.19,1956249.0,246,3,0,3.064
709,1,12,16.04,0.0,0,283,0,0.0
709,1,13,25.94,2223295.6,282,10,0,3.0
709,1,14,7.56,2091025.4,264,3,0,3.03
709,1,15,10.93,2215003.2,274,25,0,2.992
709,1,16,21.21,2376474.0,302,3,0,3.004
709,1,17,10.16,2078783.7,268,6,0,2.978
709,1,18,13.45,1796433.6,206,39,0,2.97
709,1,19,28.59,357932.0,40,248,1,3.085
709,1,20,28.46,2373532.7,295,4,0,2.998
709,1,21,7.19,2005234.2,237,40,0,3.042
709,1,22,21.02,2145623.4,269,5,0,3.0
709,1,23,22.73,1146665.3,133,129,0,3.086
709,1,24,27.19,543.6,0,268,0,2.75
709,1,25,13.95,147143.4,10,288,0,3.075
709,1,26,20.95,2456521.0,304,4,0,3.018
709,1,27,28.46,0.0,0,0,0,0.0
709,1,28,27.22,0.0,0,0,0,0.0
709,1,29,21.5,0.0,0,0,0,0.0
709,1,30,21.16,0.0,0,0,0,0.0
709,1,31,18.93,0.0,0,0,0,0.0
709,2,0,6.96,0.0,0,236,0,0.0
709,2,1,7.77,1662801.1,210,4,0,3.059
709,2,2,20.56,91087.8,6,212,0,2.878
709,2,3,13.62,1634148.0,200,1,0,3.055
709,2,4,16.07,1750530.0,207,0,0,3.022
709,2,5,14.57,26.3,0,194,0,3.5
709,2,6,13.01,1487102.0,193,0,0,3.072
709,2,7,22.07,1624991.3,201,18,0,3.009
709,2,8,12.5,1498569.2,179,31,0,3.071
709,2,9,25.95,360003.9,34,170,0,2.944
709,2,10,28.65,1624789.0,203,5,0,3.079
709,2,11,13.51,133572.6,13,208,0,2.822
709,2,12,8.75,1568929.0,196,1,0,3.063
709,2,13,16.81,1576817.0,203,3,0,3.072
709,2,14,15.53,1643039.6,207,5,0,2.987
709,2,15,24.33,1490390.0,192,13,0,3.051
709,2,16,27.2,1507551.0,191,0,0,3.041
709,2,17,22.13,1662425.0,208,1,0,3.018
709,2,18,7.17,1524916.0,189,0,0,3.07
709,2,19,25.2,1709244.9,204,4,0,3.007
709,2,20,14.13,1067.9,0,181,0,2.0
709,2,21,13.24,1600925.3,194,13,0,3.004
709,2,22,17.91,1527044.0,192,0,0,3.06
709,2,23,17.9,1590004.0,204,1,0,3.014
709,2,24,22.87,955977.4,109,115,0,3.039
709,2,25,14.85,0.0,0,202,0,0.0
709,2,26,13.33,1448606.0,171,34,0,3.085
709,2,27,21.36,1722731.0,219,0,0,3.086
709,2,28,11.89,1111757.9,122,66,0,3.038
709,2,29,27.14,1545120.6,191,6,0,3.052
709,2,30,26.39,0.0,0,0,0,0.0
709,2,31,12.54,0.0,0,0,0,0.0
719,0,0,6.65,35269.3,2,324,0,1.929
719,0,1,22.27,1160.8,0,326,0,1.375
719,0,2,20.19,2807402.2,342,3,0,1.891
719,0,3,15.08,2673535.0,332,0,0,1.925
719,0,4,12.66,18942.6,0,336,0,1.672
719,0,5,12.32,2748412.0,351,1,0,1.896
719,0,6,23.59,3001.0,0,316,0,1.364
719,0,7,29.41,2468956.0,304,0,0,1.995
719,0,8,26.89,1021604.8,109,221,0,2.042
719,0,9,11.95,2715726.3,334,8,0,1.933
719,0,10,25.73,5065.9,0,335,0,1.565
719,0,11,9.19,2736120.0,350,3,0,1.849
719,0,12,11.11,2877541.0,353,0,0,1.914
719,0,13,15.51,301374.5,32,279,0,2.099
719,0,14,23.28,2698059.0,330,0,0,1.951
719,0,15,21.85,2675548.0,329,3,0,1.937
719,0,16,21.6,107.0,0,320,1,1.3
719,0,17,23.82,2456390.7,312,11,0,1.974
719,0,18,27.48,2635160.6,330,6,0,1.946
719,0,19,5.6,986.5,0,346,0,1.231
719,0,20,13.77,2536391.0,319,0,0,1.97
719,0,21,17.56,2828395.9,359,3,0,1.94
719,0,22,22.78,9642.5,0,318,0,1.522
719,0,23,12.17,10710.5,0,299,0,1.566
719,0,24,22.8,0.0,0,0,0,0.0
719,0,25,12.77,0.0,0,0,0,0.0
719,0,26,10.24,0.0,0,0,0,0.0
719,0,27,18.02,0.0,0,0,0,0.0
719,0,28,17.56,0.0,0,0,0,0.0
719,0,29,14.3,0.0,0,0,0,0.0
719,0,30,23.94,0.0,0,0,0,0.0
719,0,31,26.59,0.0,0,0,0,0.0
719,1,0,15.71,14031.0,0,288,0,2.757
719,1,1,17.29,2443264.0,305,3,0,2.997
719,1,2,19.04,483131.3,49,239,0,3.088
719,1,3,16.81,2401142.0,304,1,0,3.036
719,1,4,25.54,0.0,0,293,0,0.0
719,1,5,18.36,2395256.2,292,3,0,3.032
719,1,6,8.63,2038228.5,247,34,0,3.066
719,1,7,5.33,2296396.0,280,4,0,3.056
719,1,8,8.28,2352148.0,296,0,0,3.003
719,1,9,16.95,663.4,0,278,0,2.0
719,1,10,5.22,2398694.0,298,0,0,3.145
719,1,11,27.19,1951643.0,245,4,0,3.026
719,1,12,16.04,0.0,0,283,0,0.0
719,1,13,25.94,2219730.2,280,12,0,3.021
719,1,14,7.56,2091014.0,264,3,0,3.072
719,1,15,10.93,2196850.8,272,27,0,3.022
719,1,16,21.21,2377624.2,302,3,0,3.093
719,1,17,10.16,2084831.8,269,5,0,3.008
719,1,18,13.45,1810494.2,203,42,0,3.033
719,1,19,28.59,351427.5,35,253,1,3.014
719,1,20,28.46,2373532.7,295,4,0,3.083
719,1,21,7.19,1998037.9,236,42,0,3.092
719,1,22,21.02,2139163.0,268,6,0,3.071
719,1,23,22.73,1117857.8,125,137,0,3.09
719,1,24,27.19,114.6,0,268,0,3.0
719,1,25,13.95,183232.2,17,281,0,2.989
719,1,26,20.95,2451854.0,303,5,0,3.091
719,1,27,28.46,0.0,0,0,0,0.0
719,1,28,27.22,0.0,0,0,0,0.0
719,1,29,21.5,0.0,0,0,0,0.0
719,1,30,21.16,0.0,0,0,0,0.0
719,1,31,18.93,0.0,0,0,0,0.0
719,2,0,6.96,126.8,0,236,0,1.667
719,2,1,7.77,1670874.2,210,4,0,3.096
719,2,2,20.56,66283.6,5,213,0,2.635
719,2,3,13.62,1627614.8,198,3,0,3.133
719,2,4,16.07,1750530.0,207,0,0,3.112
719,2,5,14.57,0.0,0,194,0,0.0
719,2,6,13.01,1487102.0,193,0,0,3.161
719,2,7,22.07,1624737.8,198,21,0,3.098
719,2,8,12.5,1536804.3,181,29,0,3.134
719,2,9,25.95,366907.9,38,166,0,3.023
719,2,10,28.65,1630078.5,202,6,0,3.118
719,2,11,13.51,156045.2,16,205,0,2.817
719,2,12,8.75,1568929.0,196,1,0,3.109
719,2,13,16.81,1587846.4,203,3,0,3.179
719,2,14,15.53,1646607.0,207,5,0,3.025
719,2,15,24.33,1504356.6,193,13,0,3.107
719,2,16,27.2,1507551.0,191,0,0,3.111
719,2,17,22.13,1644382.4,206,3,0,3.08
719,2,18,7.17,1524916.0,189,0,0,3.159
719,2,19,25.2,1703647.7,203,5,0,3.081
719,2,20,14.13,555.6,0,181,0,2.0
719,2,21,13.24,1610943.6,197,11,0,3.089
719,2,22,17.91,1527044.0,192,0,0,3.094
719,2,23,17.9,1590004.0,204,1,0,3.043
719,2,24,22.87,951203.6,105,119,0,3.09
719,2,25,14.85,0.0,0,202,0,0.0
719,2,26,13.33,1479364.8,176,29,0,3.125
719,2,27,21.36,1716385.1,218,1,0,3.155
719,2,28,11.89,1153629.4,128,60,0,3.131
719,2,29,27.14,1552120.0,192,4,0,3.082
719,2,30,26.39,0.0,0,0,0,0.0
719,2,31,12.54,0.0,0,0,0,0.0
729,0,0,6.65,40650.5,2,324,0,1.842
729,0,1,22.27,750.8,0,326,0,1.538
729,0,2,20.19,2824424.8,344,1,0,1.918
729,0,3,15.08,2673535.0,332,0,0,1.897
729,0,4,12.66,20232.3,0,336,0,1.643
729,0,5,12.32,2748412.0,351,1,0,1.907
729,0,6,23.59,3581.1,0,316,0,1.292
729,0,7,29.41,2468956.0,304,0,0,1.973
729,0,8,26.89,1031723.7,108,221,0,2.037
729,0,9,11.95,2722682.6,336,6,0,1.902
729,0,10,25.73,5881.8,0,335,0,1.48
729,0,11,9.19,2730786.5,349,4,0,1.834
729,0,12,11.11,2867041.0,352,1,0,1.944
729,0,13,15.51,293080.3,30,281,0,2.047
729,0,14,23.28,2698059.0,330,0,0,1.96
729,0,15,21.85,2685975.0,331,2,0,1.881
729,0,16,21.6,119.7,0,321,0,1.537
729,0,17,23.82,2443284.6,312,11,0,1.968
729,0,18,27.48,2643903.0,333,4,0,1.926
729,0,19,5.6,1454.9,0,346,0,1.24
729,0,20,13.77,2536391.0,319,0,0,1.91
729,0,21,17.56,2807654.6,357,5,0,1.885
729,0,22,22.78,11617.8,0,318,0,1.589
729,0,23,12.17,12571.6,0,299,0,1.545
729,0,24,22.8,0.0,0,0,0,0.0
729,0,25,12.77,0.0,0,0,0,0.0
729,0,26,10.24,0.0,0,0,0,0.0
729,0,27,18.02,0.0,0,0,0,0.0
729,0,28,17.56,0.0,0,0,0,0.0
729,0,29,14.3,0.0,0,0,0,0.0
729,0,30,23.94,0.0,0,0,0,0.0
729,0,31,26.59,0.0,0,0,0,0.0
729,1,0,15.71,13156.9,1,287,0,2.719
729,1,1,17.29,2451671.0,306,2,0,2.9
729,1,2,19.04,459875.8,50,238,0,2.987
729,1,3,16.81,2401142.0,304,1,0,2.949
729,1,4,25.54,0.0,0,293,0,0.0
729,1,5,18.36,2392895.8,291,4,0,2.948
729,1,6,8.63,2009844.9,242,39,0,3.003
729,1,7,5.33,2295998.1,279,5,0,2.954
729,1,8,8.28,2352148.0,296,0,0,2.959
729,1,9,16.95,3256.8,0,278,0,2.6
729,1,10,5.22,2398694.0,298,0,0,3.076
729,1,11,27.19,1956249.0,246,3,0,2.997
729,1,12,16.04,0.0,0,283,0,0.0
729,1,13,25.94,2216318.2,283,9,0,2.983
729,1,14,7.56,2090685.7,264,3,0,2.994
729,1,15,10.93,2190573.0,274,24,0,2.938
729,1,16,21.21,2376076.5,302,3,0,3.0
729,1,17,10.16,2089975.4,270,4,0,2.935
729,1,18,13.45,1821905.3,212,33,0,2.942
729,1,19,28.59,324756.0,31,258,0,2.957
729,1,20,28.46,2357261.8,294,5,0,2.988
729,1,21,7.19,2003120.6,238,40,0,2.993
729,1,22,21.02,2138986.6,268,6,0,2.974
729,1,23,22.73,1065817.6,119,143,0,3.011
729,1,24,27.19,543.6,0,268,0,2.5
729,1,25,13.95,153504.6,9,289,0,2.912
729,1,26,20.95,2451649.3,302,6,0,3.015
729,1,27,28.46,0.0,0,0,0,0.0
729,1,28,27.22,0.0,0,0,0,0.0
729,1,29,21.5,0.0,0,0,0,0.0
729,1,30,21.16,0.0,0,0,0,0.0
729,1,31,18.93,0.0,0,0,0,0.0
729,2,0,6.96,0.0,0,236,0,0.0
729,2,1,7.77,1668776.7,209,5,0,3.012
729,2,2,20.56,41852.9,2,216,0,2.596
729,2,3,13.62,1635278.6,199,2,0,3.004
729,2,4,16.07,1750530.0,207,0,0,3.0
729,2,5,14.57,0.0,0,194,0,0.0
729,2,6,13.01,1487102.0,193,0,0,3.024
729,2,7,22.07,1615438.6,196,23,0,3.0
729,2,8,12.5,1524004.9,180,30,0,3.057
729,2,9,25.95,407695.9,39,165,0,2.883
729,2,10,28.65,1625013.8,203,5,0,2.995
729,2,11,13.51,111614.6,11,210,0,2.832
729,2,12,8.75,1568929.0,196,1,0,3.03
729,2,13,16.81,1564448.0,202,4,0,3.018
729,2,14,15.53,1647601.2,208,3,0,2.92
729,2,15,24.33,1488793.9,191,15,0,3.02
729,2,16,27.2,1507551.0,191,0,0,2.987
729,2,17,22.13,1667800.0,209,0,0,2.982
729,2,18,7.17,1524916.0,189,0,0,3.052
729,2,19,25.2,1685185.2,201,7,0,2.949
729,2,20,14.13,0.0,0,181,0,0.0
729,2,21,13.24,1618337.0,198,10,0,3.006
729,2,22,17.91,1527044.0,192,0,0,3.033
729,2,23,17.9,1590004.0,204,1,0,2.958
729,2,24,22.87,955554.4,104,119,0,3.04
729,2,25,14.85,398.4,0,202,0,2.5
729,2,26,13.33,1449451.1,173,31,0,3.054
729,2,27,21.36,1708221.7,217,2,0,3.063
729,2,28,11.89,1076900.5,121,67,0,3.021
729,2,29,27.14,1573306.0,195,2,0,2.977
729,2,30,26.39,0.0,0,0,0,0.0
729,2,31,12.54,0.0,0,0,0,0.0
739,0,0,6.65,37521.5,2,324,0,1.776
739,0,1,22.27,903.6,0,326,0,1.333
739,0,2,20.19,2804972.1,342,3,0,1.858
739,0,3,15.08,2673535.0,332,0,0,1.854
739,0,4,12.66,16161.6,0,336,0,1.596
739,0,5,12.32,2748412.0,351,1,0,1.833
739,0,6,23.59,4098.8,0,316,0,1.087
739,0,7,29.41,2468956.0,304,0,0,1.85
739,0,8,26.89,961705.7,100,229,0,1.991
739,0,9,11.95,2722642.9,336,6,0,1.857
739,0,10,25.73,5657.7,0,335,0,1.449
739,0,11,9.19,2755711.0,352,2,0,1.786
739,0,12,11.11,2877541.0,353,0,0,1.886
739,0,13,15.51,320285.3,34,277,0,2.008
739,0,14,23.28,2688046.0,329,0,0,1.86
739,0,15,21.85,2686587.0,331,1,0,1.886
739,0,16,21.6,99.1,0,321,0,1.472
739,0,17,23.82,2463866.1,316,7,0,1.901
739,0,18,27.48,2643378.0,333,4,0,1.87
739,0,19,5.6,1381.2,0,346,0,1.45
739,0,20,13.77,2525706.0,318,0,0,1.879
739,0,21,17.56,2834373.6,360,2,0,1.848
739,0,22,22.78,12761.1,0,318,0,1.434
739,0,23,12.17,8035.2,0,299,0,1.368
739,0,24,22.8,0.0,0,0,0,0.0
739,0,25,12.77,0.0,0,0,0,0.0
739,0,26,10.24,0.0,0,0,0,0.0
739,0,27,18.02,0.0,0,0,0,0.0
739,0,28,17.56,0.0,0,0,0,0.0
739,0,29,14.3,0.0,0,0,0,0.0
739,0,30,23.94,0.0,0,0,0,0.0
739,0,31,26.59,0.0,0,0,0,0.0
739,1,0,15.71,10656.9,0,288,0,2.606
739,1,1,17.29,2451671.0,306,2,0,2.852
739,1,2,19.04,422942.7,45,243,0,2.926
739,1,3,16.81,2401142.0,304,1,0,2.88
739,1,4,25.54,0.0,0,293,0,0.0
739,1,5,18.36,2403213.3,292,3,0,2.903
739,1,6,8.63,2013860.2,244,37,0,2.99
739,1,7,5.33,2270761.2,276,8,0,2.877
739,1,8,8.28,2352148.0,296,0,0,2.872
739,1,9,16.95,2344.7,0,278,0,2.0
739,1,10,5.22,2398694.0,298,0,0,3.016
739,1,11,27.19,1959944.1,246,3,0,2.909
739,1,12,16.04,0.0,0,283,0,0.0
739,1,13,25.94,2215569.0,282,10,0,2.927
739,1,14,7.56,2096692.2,265,3,0,2.922
739,1,15,10.93,2211886.3,277,21,0,2.892
739,1,16,21.21,2378668.8,302,3,0,2.93
739,1,17,10.16,2095094.3,270,4,0,2.869
739,1,18,13.45,1824158.5,209,37,0,2.929
739,1,19,28.59,315340.4,30,259,0,2.866
739,1,20,28.46,2378171.8,296,3,0,2.964
739,1,21,7.19,2020437.3,236,42,0,2.939
739,1,22,21.02,2149241.0,270,4,0,2.955
739,1,23,22.73,1006395.7,109,153,0,2.98
739,1,24,27.19,543.6,0,268,0,2.5
739,1,25,13.95,147151.2,11,287,0,2.909
739,1,26,20.95,2451854.0,303,5,0,2.925
739,1,27,28.46,0.0,0,0,0,0.0
739,1,28,27.22,0.0,0,0,0,0.0
739,1,29,21.5,0.0,0,0,0,0.0
739,1,30,21.16,0.0,0,0,0,0.0
739,1,31,18.93,0.0,0,0,0,0.0
739,2,0,6.96,0.0,0,236,0,0.0
739,2,1,7.77,1650473.2,209,5,0,2.966
739,2,2,20.56,61268.5,5,213,0,2.639
739,2,3,13.62,1636233.0,200,1,0,3.014
739,2,4,16.07,1750530.0,207,0,0,2.985
739,2,5,14.57,39.4,0,194,0,2.5
739,2,6,13.01,1487102.0,193,0,0,2.962
739,2,7,22.07,1587935.7,194,25,0,2.909
739,2,8,12.5,1551666.0,187,23,0,2.998
739,2,9,25.95,295402.7,33,171,0,2.799
739,2,10,28.65,1617695.3,202,6,0,2.95
739,2,11,13.51,111709.2,12,209,0,2.644
739,2,12,8.75,1568929.0,196,1,0,2.973
739,2,13,16.81,1587277.3,203,3,0,2.983
739,2,14,15.53,1646376.1,207,5,0,2.902
739,2,15,24.33,1499092.0,191,15,0,2.957
739,2,16,27.2,1507551.0,191,0,0,2.957
739,2,17,22.13,1655038.4,207,2,0,2.921
739,2,18,7.17,1531950.0,190,0,0,2.976
739,2,19,25.2,1715075.3,205,3,0,2.886
739,2,20,14.13,482.6,0,181,0,2.75
739,2,21,13.24,1595022.0,195,13,0,2.929
739,2,22,17.91,1527044.0,192,0,0,2.889
739,2,23,17.9,1590004.0,204,1,0,2.965
739,2,24,22.87,848891.1,97,126,0,3.025
739,2,25,14.85,0.0,0,202,0,0.0
739,2,26,13.33,1463296.6,175,30,0,3.005
739,2,27,21.36,1715845.7,218,1,0,2.988
739,2,28,11.89,1056637.0,120,68,0,2.971
739,2,29,27.14,1562724.4,193,4,0,2.942
739,2,30,26.39,0.0,0,0,0,0.0
739,2,31,12.54,0.0,0,0,0,0.0
749,0,0,6.65,42508.5,2,324,0,1.9
749,0,1,22.27,1017.7,0,326,0,1.367
749,0,2,20.19,2805942.1,342,3,0,1.945
749,0,3,15.08,2673535.0,332,0,0,1.919
749,0,4,12.66,16532.9,0,336,0,1.613
749,0,5,12.32,2758122.0,352,0,0,1.888
749,0,6,23.59,4592.5,0,316,0,1.179
749,0,7,29.41,2468956.0,304,0,0,1.941
749,0,8,26.89,973256.6,97,233,0,2.056
749,0,9,11.95,2727314.0,337,5,0,1.909
749,0,10,25.73,3875.9,0,335,0,1.5
749,0,11,9.19,2736249.0,350,3,0,1.878
749,0,12,11.11,2869429.0,352,1,0,1.935
749,0,13,15.51,345679.4,32,279,0,2.139
749,0,14,23.28,2688046.0,329,0,0,2.002
749,0,15,21.85,2691648.0,331,2,0,1.954
749,0,16,21.6,92.3,0,321,0,1.526
749,0,17,23.82,2437519.6,310,13,0,1.978
749,0,18,27.48,2623810.2,329,8,0,1.955
749,0,19,5.6,1845.8,0,346,0,1.643
749,0,20,13.77,2525706.0,318,0,0,1.898
749,0,21,17.56,2826997.7,359,3,0,1.901
749,0,22,22.78,10156.8,0,318,0,1.491
749,0,23,12.17,8420.4,0,299,0,1.446
749,0,24,22.8,0.0,0,0,0,0.0
749,0,25,12.77,0.0,0,0,0,0.0
749,0,26,10.24,0.0,0,0,0,0.0
749,0,27,18.02,0.0,0,0,0,0.0
749,0,28,17.56,0.0,0,0,0,0.0
749,0,29,14.3,0.0,0,0,0,0.0
749,0,30,23.94,0.0,0,0,0,0.0
749,0,31,26.59,0.0,0,0,0,0.0
749,1,0,15.71,13602.0,1,287,0,2.795
749,1,1,17.29,2431421.8,303,5,0,3.018
749,1,2,19.04,439718.9,45,243,0,3.098
749,1,3,16.81,2401142.0,304,1,0,3.008
749,1,4,25.54,0.0,0,293,0,0.0
749,1,5,18.36,2412298.0,294,1,0,3.011
749,1,6,8.63,2030098.8,246,35,0,3.078
749,1,7,5.33,2293892.6,279,5,0,3.033
749,1,8,8.28,2352148.0,296,0,0,3.034
749,1,9,16.95,3768.9,0,278,0,2.444
749,1,10,5.22,2398694.0,298,0,0,3.15
749,1,11,27.19,1964794.0,247,2,0,3.069
749,1,12,16.04,0.0,0,283,0,0.0
749,1,13,25.94,2219354.7,282,10,0,3.025
749,1,14,7.56,2090068.8,264,3,0,3.018
749,1,15,10.93,2214613.0,275,24,0,3.008
749,1,16,21.21,2376474.0,302,3,0,3.052
749,1,17,10.16,2088851.1,269,5,0,3.008
749,1,18,13.45,1860625.1,211,35,0,3.041
749,1,19,28.59,338534.5,32,257,0,3.058
749,1,20,28.46,2373532.7,295,4,0,3.09
749,1,21,7.19,2015024.0,235,43,0,3.051
749,1,22,21.02,2149241.0,270,4,0,3.043
749,1,23,22.73,1124091.3,121,141,0,3.097
749,1,24,27.19,543.6,0,268,0,2.5
749,1,25,13.95,146834.8,9,289,0,3.013
749,1,26,20.95,2446266.0,302,6,0,3.069
749,1,27,28.46,0.0,0,0,0,0.0
749,1,28,27.22,0.0,0,0,0,0.0
749,1,29,21.5,0.0,0,0,0,0.0
749,1,30,21.16,0.0,0,0,0,0.0
749,1,31,18.93,0.0,0,0,0,0.0
749,2,0,6.96,65.5,0,236,0,1.0
749,2,1,7.77,1681579.5,211,3,0,3.078
749,2,2,20.56,63758.1,3,215,0,2.796
749,2,3,13.62,1620732.5,198,3,0,3.088
749,2,4,16.07,1750530.0,207,0,0,3.055
749,2,5,14.57,49.4,0,194,0,2.0
749,2,6,13.01,1487102.0,193,0,0,3.142
749,2,7,22.07,1603893.8,197,22,0,3.058
749,2,8,12.5,1523762.8,180,30,0,3.099
749,2,9,25.95,353306.8,36,168,0,2.977
749,2,10,28.65,1633218.3,203,5,0,3.13
749,2,11,13.51,102711.3,9,212,0,2.877
749,2,12,8.75,1568929.0,196,1,0,3.141
749,2,13,16.81,1572944.2,199,6,0,3.123
749,2,14,15.53,1650988.4,209,3,0,3.019
749,2,15,24.33,1472273.7,189,17,0,3.106
749,2,16,27.2,1507551.0,191,0,0,3.056
749,2,17,22.13,1655551.5,207,2,0,3.112
749,2,18,7.17,1524916.0,189,0,0,3.09
749,2,19,25.2,1712991.7,204,4,0,3.045
749,2,20,14.13,0.0,0,181,0,0.0
749,2,21,13.24,1584046.5,191,16,0,3.111
749,2,22,17.91,1527044.0,192,0,0,3.096
749,2,23,17.9,1583398.3,203,2,0,3.082
749,2,24,22.87,991479.7,105,119,0,3.113
749,2,25,14.85,733.6,0,202,0,1.0
749,2,26,13.33,1455676.3,171,34,0,3.154
749,2,27,21.36,1722731.0,219,0,0,3.145
749,2,28,11.89,1166850.3,129,59,0,3.106
749,2,29,27.14,1568558.4,194,3,0,3.079
749,2,30,26.39,0.0,0,0,0,0.0
749,2,31,12.54,0.0,0,0,0,0.0
759,0,0,6.65,42370.3,2,324,0,1.97
759,0,1,22.27,1234.4,0,326,0,1.351
759,0,2,20.19,2796560.1,341,4,0,1.986
759,0,3,15.08,2673535.0,332,0,0,2.049
759,0,4,12.66,15142.9,0,336,0,1.729
759,0,5,12.32,2758122.0,352,0,0,1.961
759,0,6,23.59,3643.4,0,316,0,1.548
759,0,7,29.41,2468956.0,304,0,0,1.923
759,0,8,26.89,1059065.3,109,221,0,2.082
759,0,9,11.95,2739458.1,338,4,0,1.978
759,0,10,25.73,2281.5,0,335,0,1.667
759,0,11,9.19,2718008.8,347,7,0,1.91
759,0,12,11.11,2869429.0,352,1,0,1.991
759,0,13,15.51,331800.8,31,280,0,2.152
759,0,14,23.28,2698059.0,330,0,0,2.044
759,0,15,21.85,2691694.2,331,1,0,1.97
759,0,16,21.6,94.6,0,321,0,1.586
759,0,17,23.82,2458675.6,311,12,0,2.01
759,0,18,27.48,2636099.1,331,5,0,2.006
759,0,19,5.6,2306.0,0,346,0,1.688
759,0,20,13.77,2525706.0,318,0,0,2.014
759,0,21,17.56,2821809.8,358,4,0,1.939
759,0,22,22.78,12464.0,0,318,0,1.587
759,0,23,12.17,10676.2,0,299,0,1.478
759,0,24,22.8,0.0,0,0,0,0.0
759,0,25,12.77,0.0,0,0,0,0.0
759,0,26,10.24,0.0,0,0,0,0.0
759,0,27,18.02,0.0,0,0,0,0.0
759,0,28,17.56,0.0,0,0,0,0.0
759,0,29,14.3,0.0,0,0,0,0.0
759,0,30,23.94,0.0,0,0,0,0.0
759,0,31,26.59,0.0,0,0,0,0.0
759,1,0,15.71,11673.3,1,287,0,2.75
759,1,1,17.29,2458507.0,307,1,0,2.99
759,1,2,19.04,519750.4,53,235,0,3.099
759,1,3,16.81,2401142.0,304,1,0,2.976
759,1,4,25.54,0.0,0,293,0,0.0
759,1,5,18.36,2394455.4,291,4,0,2.994
759,1,6,8.63,2037693.6,241,40,0,3.072
759,1,7,5.33,2301919.0,281,3,0,3.012
759,1,8,8.28,2352148.0,296,0,0,2.975
759,1,9,16.95,5733.0,0,278,0,2.81
759,1,10,5.22,2398694.0,298,0,0,3.127
759,1,11,27.19,1955338.1,245,4,0,3.05
759,1,12,16.04,0.0,0,283,0,0.0
759,1,13,25.94,2203748.1,281,11,0,3.021
759,1,14,7.56,2090607.6,264,3,0,3.071
759,1,15,10.93,2190895.0,274,24,0,3.018
759,1,16,21.21,2361338.4,300,5,0,3.081
759,1,17,10.16,2089973.9,270,4,0,3.029
759,1,18,13.45,1812448.6,204,41,0,3.014
759,1,19,28.59,354978.6,36,253,0,3.073
759,1,20,28.46,2378237.8,296,3,0,3.049
759,1,21,7.19,1976186.0,230,48,0,3.065
759,1,22,21.02,2146547.9,269,5,0,3.085
759,1,23,22.73,1034956.1,117,145,0,3.104
759,1,24,27.19,751.3,0,268,0,2.333
759,1,25,13.95,182509.1,14,284,0,3.04
759,1,26,20.95,2446266.0,302,6,0,3.04
759,1,27,28.46,0.0,0,0,0,0.0
759,1,28,27.22,0.0,0,0,0,0.0
759,1,29,21.5,0.0,0,0,0,0.0
759,1,30,21.16,0.0,0,0,0,0.0
759,1,31,18.93,0.0,0,0,0,0.0
759,2,0,6.96,0.0,0,236,0,0.0
759,2,1,7.77,1641719.8,205,9,0,3.117
759,2,2,20.56,91918.4,4,214,0,2.814
759,2,3,13.62,1625021.0,198,3,0,3.122
759,2,4,16.07,1750530.0,207,0,0,3.126
759,2,5,14.57,0.0,0,194,0,0.0
759,2,6,13.01,1487102.0,193,0,0,3.159
759,2,7,22.07,1577866.0,192,27,0,3.082
759,2,8,12.5,1511593.8,176,34,0,3.161
759,2,9,25.95,356451.2,34,170,0,3.038
759,2,10,28.65,1620848.6,201,7,0,3.152
759,2,11,13.51,115344.6,12,209,0,2.843
759,2,12,8.75,1568929.0,196,1,0,3.184
759,2,13,16.81,1564978.2,199,7,0,3.147
759,2,14,15.53,1652502.4,209,3,0,3.035
759,2,15,24.33,1496922.4,192,14,0,3.096
759,2,16,27.2,1507551.0,191,0,0,3.114
759,2,17,22.13,1651769.0,207,2,0,3.068
759,2,18,7.17,1531950.0,190,0,0,3.21
759,2,19,25.2,1713036.2,204,4,0,3.037
759,2,20,14.13,291.5,0,181,0,3.0
759,2,21,13.24,1609248.6,197,11,0,3.133
759,2,22,17.91,1527044.0,192,0,0,3.085
759,2,23,17.9,1590004.0,204,1,0,3.066
759,2,24,22.87,970062.7,103,121,0,3.119
759,2,25,14.85,0.0,0,202,0,0.0
759,2,26,13.33,1455771.2,172,33,0,3.152
759,2,27,21.36,1715321.1,218,1,0,3.201
759,2,28,11.89,1175084.1,131,57,0,3.111
759,2,29,27.14,1557393.7,193,4,0,3.082
759,2,30,26.39,0.0,0,0,0,0.0
759,2,31,12.54,0.0,0,0,0,0.0
769,0,0,6.65,49651.5,3,323,0,1.956
769,0,1,22.27,1160.7,0,326,0,1.375
769,0,2,20.19,2796560.1,341,4,0,1.958
769,0,3,15.08,2673535.0,332,0,0,1.939
769,0,4,12.66,15956.2,0,336,0,1.773
769,0,5,12.32,2758122.0,352,0,0,1.909
769,0,6,23.59,2630.4,0,316,0,1.526
769,0,7,29.41,2468956.0,304,0,0,1.878
769,0,8,26.89,1003021.7,99,231,0,2.044
769,0,9,11.95,2734816.4,337,5,0,1.959
769,0,10,25.73,2803.0,0,335,0,1.25
769,0,11,9.19,2738193.8,350,3,0,1.862
769,0,12,11.11,2856046.6,350,3,0,1.952
769,0,13,15.51,341513.8,33,278,0,2.131
769,0,14,23.28,2698059.0,330,0,0,1.988
769,0,15,21.85,2675979.7,329,3,0,1.952
769,0,16,21.6,63.4,0,321,0,1.567
769,0,17,23.82,2448072.4,311,12,0,1.995
769,0,18,27.48,2632221.5,331,5,0,1.963
769,0,19,5.6,2180.9,0,346,0,1.667
769,0,20,13.77,2525706.0,318,0,0,1.955
769,0,21,17.56,2824767.1,359,3,0,1.917
769,0,22,22.78,12477.1,0,318,0,1.635
769,0,23,12.17,7747.3,0,299,0,1.645
769,0,24,22.8,0.0,0,0,0,0.0
769,0,25,12.77,0.0,0,0,0,0.0
769,0,26,10.24,0.0,0,0,0,0.0
769,0,27,18.02,0.0,0,0,0,0.0
769,0,28,17.56,0.0,0,0,0,0.0
769,0,29,14.3,0.0,0,0,0,0.0
769,0,30,23.94,0.0,0,0,0,0.0
769,0,31,26.59,0.0,0,0,0,0.0
769,1,0,15.71,21506.2,1,287,0,2.902
769,1,1,17.29,2443264.0,305,3,0,3.018
769,1,2,19.04,476386.8,44,244,0,3.162
769,1,3,16.81,2389384.0,303,2,0,3.057
769,1,4,25.54,0.0,0,293,0,0.0
769,1,5,18.36,2399732.5,292,3,0,3.125
769,1,6,8.63,2021979.6,243,38,0,3.137
769,1,7,5.33,2308177.3,281,3,0,3.101
769,1,8,8.28,2352148.0,296,0,0,3.063
769,1,9,16.95,8274.7,0,278,0,2.625
769,1,10,5.22,2398694.0,298,0,0,3.217
769,1,11,27.19,1956044.5,245,4,0,3.103
769,1,12,16.04,59.5,0,283,0,2.5
769,1,13,25.94,2224993.3,282,10,0,3.098
769,1,14,7.56,2090996.5,264,3,0,3.151
769,1,15,10.93,2193558.4,270,28,0,3.067
769,1,16,21.21,2376474.0,302,3,0,3.129
769,1,17,10.16,2095481.0,271,3,0,3.052
769,1,18,13.45,1810309.7,207,38,0,3.069
769,1,19,28.59,367002.4,38,251,0,3.114
769,1,20,28.46,2369041.7,295,4,0,3.121
769,1,21,7.19,2013863.3,235,43,0,3.119
769,1,22,21.02,2149241.0,270,4,0,3.109
769,1,23,22.73,1053115.6,114,148,0,3.157
769,1,24,27.19,490.5,0,268,0,2.25
769,1,25,13.95,230279.6,15,283,0,3.074
769,1,26,20.95,2446266.0,302,6,0,3.135
769,1,27,28.46,0.0,0,0,0,0.0
769,1,28,27.22,0.0,0,0,0,0.0
769,1,29,21.5,0.0,0,0,0,0.0
769,1,30,21.16,0.0,0,0,0,0.0
769,1,31,18.93,0.0,0,0,0,0.0
769,2,0,6.96,112.3,0,236,0,1.0
769,2,1,7.77,1652480.0,206,8,0,3.156
769,2,2,20.56,71168.0,5,213,0,2.85
769,2,3,13.62,1631300.8,199,2,0,3.101
769,2,4,16.07,1750530.0,207,0,0,3.133
769,2,5,14.57,88.8,0,194,0,2.5
769,2,6,13.01,1487102.0,193,0,0,3.191
769,2,7,22.07,1572759.7,190,29,0,3.087
769,2,8,12.5,1536841.9,184,26,0,3.135
769,2,9,25.95,377914.2,36,168,0,3.061
769,2,10,28.65,1626733.2,202,6,0,3.193
769,2,11,13.51,130508.4,12,209,0,2.909
769,2,12,8.75,1568929.0,196,1,0,3.172
769,2,13,16.81,1560407.2,199,7,0,3.166
769,2,14,15.53,1639426.7,206,6,0,3.072
769,2,15,24.33,1516810.6,192,14,0,3.129
769,2,16,27.2,1507551.0,191,0,0,3.123
769,2,17,22.13,1662425.0,208,1,0,3.068
769,2,18,7.17,1531950.0,190,0,0,3.133
769,2,19,25.2,1714750.6,203,5,0,3.069
769,2,20,14.13,449.5,0,181,0,2.5
769,2,21,13.24,1613198.2,196,12,0,3.113
769,2,22,17.91,1527044.0,192,0,0,3.122
769,2,23,17.9,1584235.3,203,2,0,3.055
769,2,24,22.87,946192.4,102,122,0,3.126
769,2,25,14.85,479.6,0,202,0,2.25
769,2,26,13.33,1487856.1,175,30,0,3.168
769,2,27,21.36,1713598.0,218,1,0,3.174
769,2,28,11.89,1181044.7,129,59,0,3.138
769,2,29,27.14,1565992.0,194,3,0,3.129
769,2,30,26.39,0.0,0,0,0,0.0
769,2,31,12.54,0.0,0,0,0,0.0
779,0,0,6.65,52694.6,3,323,0,1.924
779,0,1,22.27,1198.1,0,326,0,1.333
779,0,2,20.19,2814354.1,343,2,0,1.96
779,0,3,15.08,2673535.0,332,0,0,1.897
779,0,4,12.66,15669.7,0,336,0,1.902
779,0,5,12.32,2758122.0,352,0,0,1.977
779,0,6,23.59,2748.1,0,316,0,1.64
779,0,7,29.41,2468956.0,304,0,0,1.902
779,0,8,26.89,925588.8,98,232,0,2.056
779,0,9,11.95,2737867.7,338,4,0,1.904
779,0,10,25.73,2503.9,0,335,0,1.417
779,0,11,9.19,2750050.0,351,2,0,1.896
779,0,12,11.11,2869429.0,352,1,0,2.0
779,0,13,15.51,407318.6,36,275,0,2.119
779,0,14,23.28,2698059.0,330,0,0,1.975
779,0,15,21.85,2691648.0,331,2,0,1.92
779,0,16,21.6,126.1,0,321,0,1.514
779,0,17,23.82,2458977.0,311,12,0,2.022
779,0,18,27.48,2630860.7,331,5,0,1.989
779,0,19,5.6,2226.9,0,346,0,1.842
779,0,20,13.77,2525706.0,318,0,0,2.007
779,0,21,17.56,2827659.1,359,3,0,1.995
779,0,22,22.78,14144.8,0,318,0,1.807
779,0,23,12.17,11441.9,0,299,0,1.604
779,0,24,22.8,0.0,0,0,0,0.0
779,0,25,12.77,0.0,0,0,0,0.0
779,0,26,10.24,0.0,0,0,0,0.0
779,0,27,18.02,0.0,0,0,0,0.0
779,0,28,17.56,0.0,0,0,0,0.0
779,0,29,14.3,0.0,0,0,0,0.0
779,0,30,23.94,0.0,0,0,0,0.0
779,0,31,26.59,0.0,0,0,0,0.0
779,1,0,15.71,14768.8,1,287,0,2.898
779,1,1,17.29,2443264.0,305,3,0,2.989
779,1,2,19.04,423572.6,44,244,0,3.121
779,1,3,16.81,2401142.0,304,1,0,3.054
779,1,4,25.54,0.0,0,293,0,0.0
779,1,5,18.36,2405728.3,293,2,0,3.027
779,1,6,8.63,2014489.2,242,39,0,3.065
779,1,7,5.33,2274544.5,277,7,0,2.993
779,1,8,8.28,2352148.0,296,0,0,2.988
779,1,9,16.95,6896.8,0,278,0,2.593
779,1,10,5.22,2398694.0,298,0,0,3.116
779,1,11,27.19,1959648.8,246,3,0,3.037
779,1,12,16.04,0.0,0,283,0,0.0
779,1,13,25.94,2208005.3,281,11,0,3.047
779,1,14,7.56,2090549.5,264,3,0,3.037
779,1,15,10.93,2199371.1,274,25,0,3.023
779,1,16,21.21,2376474.0,302,3,0,3.094
779,1,17,10.16,2074381.8,267,7,0,3.029
779,1,18,13.45,1800641.5,205,40,0,3.05
779,1,19,28.59,369615.8,35,254,0,3.057
779,1,20,28.46,2373106.8,295,4,0,3.052
779,1,21,7.19,2000533.2,236,42,0,3.066
779,1,22,21.02,2144201.3,269,5,0,3.048
779,1,23,22.73,1095874.0,114,148,0,3.095
779,1,24,27.19,552.0,0,268,0,2.5
779,1,25,13.95,186488.9,11,287,0,3.074
779,1,26,20.95,2444555.0,302,6,0,3.063
779,1,27,28.46,0.0,0,0,0,0.0
779,1,28,27.22,0.0,0,0,0,0.0
779,1,29,21.5,0.0,0,0,0,0.0
779,1,30,21.16,0.0,0,0,0,0.0
779,1,31,18.93,0.0,0,0,0,0.0
779,2,0,6.96,0.0,0,236,0,0.0
779,2,1,7.77,1645932.5,207,7,0,3.094
779,2,2,20.56,97827.0,5,213,0,2.839
779,2,3,13.62,1605259.9,195,6,0,3.072
779,2,4,16.07,1750530.0,207,0,0,3.037
779,2,5,14.57,49.4,0,194,0,2.0
779,2,6,13.01,1487102.0,193,0,0,3.058
779,2,7,22.07,1574751.8,192,27,0,3.027
779,2,8,12.5,1513209.1,179,31,0,3.074
779,2,9,25.95,353035.6,34,170,0,2.957
779,2,10,28.65,1628649.1,202,6,0,3.126
779,2,11,13.51,152687.3,14,207,0,2.838
779,2,12,8.75,1568929.0,196,1,0,3.047
779,2,13,16.81,1566016.8,198,8,0,3.107
779,2,14,15.53,1638383.4,207,5,0,2.974
779,2,15,24.33,1492397.3,189,17,0,3.092
779,2,16,27.2,1507551.0,191,0,0,3.107
779,2,17,22.13,1657144.0,208,1,0,3.062
779,2,18,7.17,1524916.0,189,0,0,3.122
779,2,19,25.2,1709049.1,204,4,0,2.975
779,2,20,14.13,1156.2,0,181,0,2.667
779,2,21,13.24,1596924.9,195,12,0,3.063
779,2,22,17.91,1527044.0,192,0,0,3.052
779,2,23,17.9,1590004.0,204,1,0,3.014
779,2,24,22.87,915225.0,97,127,0,3.102
779,2,25,14.85,479.6,0,202,0,2.25
779,2,26,13.33,1460073.3,174,31,0,3.137
779,2,27,21.36,1715767.3,218,1,0,3.148
779,2,28,11.89,1152405.3,126,62,0,3.095
779,2,29,27.14,1575972.4,195,2,0,3.071
779,2,30,26.39,0.0,0,0,0,0.0
779,2,31,12.54,0.0,0,0,0,0.0
789,0,0,6.65,32473.1,2,324,0,1.927
789,0,1,22.27,1230.7,0,326,0,1.107
789,0,2,20.19,2813084.0,343,2,0,1.908
789,0,3,15.08,2673535.0,332,0,0,1.848
789,0,4,12.66,16950.4,0,336,0,1.564
789,0,5,12.32,2758122.0,352,0,0,1.858
789,0,6,23.59,4255.2,0,316,0,1.231
789,0,7,29.41,2468956.0,304,0,0,1.814
789,0,8,26.89,973745.2,99,231,0,1.996
789,0,9,11.95,2754713.9,340,2,0,1.858
789,0,10,25.73,3481.6,0,335,0,1.276
789,0,11,9.19,2739829.9,350,3,0,1.794
789,0,12,11.11,2869429.0,352,1,0,1.903
789,0,13,15.51,335353.1,31,280,0,1.986
789,0,14,23.28,2688046.0,329,0,0,1.887
789,0,15,21.85,2697109.0,332,1,0,1.854
789,0,16,21.6,139.9,0,321,0,1.391
789,0,17,23.82,2447722.2,312,11,0,1.941
789,0,18,27.48,2642101.2,331,6,0,1.904
789,0,19,5.6,1750.4,0,346,0,1.654
789,0,20,13.77,2525706.0,318,0,0,1.888
789,0,21,17.56,2803034.4,357,5,0,1.846
789,0,22,22.78,9226.9,0,318,0,1.565
789,0,23,12.17,13239.4,0,299,0,1.488
789,0,24,22.8,0.0,0,0,0,0.0
789,0,25,12.77,0.0,0,0,0,0.0
789,0,26,10.24,0.0,0,0,0,0.0
789,0,27,18.02,0.0,0,0,0,0.0
789,0,28,17.56,0.0,0,0,0,0.0
789,0,29,14.3,0.0,0,0,0,0.0
789,0,30,23.94,0.0,0,0,0,0.0
789,0,31,26.59,0.0,0,0,0,0.0
789,1,0,15.71,17019.4,0,288,0,2.604
789,1,1,17.29,2451671.0,306,2,0,2.878
789,1,2,19.04,411102.9,46,242,0,2.987
789,1,3,16.81,2401142.0,304,1,0,2.885
789,1,4,25.54,0.0,0,293,0,0.0
789,1,5,18.36,2392043.5,291,4,0,2.907
789,1,6,8.63,2024884.4,247,34,0,2.945
789,1,7,5.33,2295280.0,280,4,0,2.883
789,1,8,8.28,2352148.0,296,0,0,2.864
789,1,9,16.95,3879.8,0,278,0,2.625
789,1,10,5.22,2398694.0,298,0,0,2.98
789,1,11,27.19,1956249.0,246,3,0,2.92
789,1,12,16.04,0.0,0,283,0,0.0
789,1,13,25.94,2233077.0,284,8,0,2.881
789,1,14,7.56,2090029.9,264,3,0,2.904
789,1,15,10.93,2189174.5,274,24,0,2.885
789,1,16,21.21,2378668.8,302,3,0,2.925
789,1,17,10.16,2087438.9,269,5,0,2.923
789,1,18,13.45,1866525.9,212,33,0,2.911
789,1,19,28.59,289437.7,27,262,0,2.921
789,1,20,28.46,2378578.2,296,3,0,2.905
789,1,21,7.19,2030063.1,243,35,0,2.918
789,1,22,21.02,2145623.4,269,5,0,2.951
789,1,23,22.73,999968.2,115,147,0,2.994
789,1,24,27.19,0.0,0,268,0,0.0
789,1,25,13.95,163690.5,12,286,0,2.916
789,1,26,20.95,2444555.0,302,6,0,2.917
789,1,27,28.46,0.0,0,0,0,0.0
789,1,28,27.22,0.0,0,0,0,0.0
789,1,29,21.5,0.0,0,0,0,0.0
789,1,30,21.16,0.0,0,0,0,0.0
789,1,31,18.93,0.0,0,0,0,0.0
789,2,0,6.96,0.0,0,236,0,0.0
789,2,1,7.77,1653924.2,207,7,0,3.002
789,2,2,20.56,74964.1,5,213,0,2.612
789,2,3,13.62,1629888.0,198,3,0,2.999
789,2,4,16.07,1750530.0,207,0,0,3.007
789,2,5,14.57,49.4,0,194,0,2.0
789,2,6,13.01,1487102.0,193,0,0,2.99
789,2,7,22.07,1562993.0,190,29,0,2.934
789,2,8,12.5,1526524.3,184,26,0,3.022
789,2,9,25.95,274942.2,31,173,0,2.846
789,2,10,28.65,1625532.2,201,7,0,2.992
789,2,11,13.51,128921.3,13,208,0,2.676
789,2,12,8.75,1568929.0,196,1,0,3.006
789,2,13,16.81,1576335.6,200,6,0,3.006
789,2,14,15.53,1647121.0,208,4,0,2.94
789,2,15,24.33,1488158.4,191,15,0,2.986
789,2,16,27.2,1507551.0,191,0,0,2.987
789,2,17,22.13,1662277.8,208,1,0,2.91
789,2,18,7.17,1531950.0,190,0,0,2.995
789,2,19,25.2,1722008.0,207,1,0,2.885
789,2,20,14.13,0.0,0,181,0,0.0
789,2,21,13.24,1605975.9,196,12,0,2.963
789,2,22,17.91,1527044.0,192,0,0,2.947
789,2,23,17.9,1590004.0,204,1,0,2.977
789,2,24,22.87,872245.5,95,128,0,2.999
789,2,25,14.85,733.6,0,202,0,1.0
789,2,26,13.33,1498449.0,177,28,0,3.025
789,2,27,21.36,1716307.4,218,1,0,3.055
789,2,28,11.89,1167058.3,127,61,0,2.984
789,2,29,27.14,1573306.0,195,2,0,2.953
789,2,30,26.39,0.0,0,0,0,0.0
789,2,31,12.54,0.0,0,0,0,0.0
799,0,0,6.65,51667.9,2,324,0,1.68
799,0,1,22.27,1861.4,0,326,0,1.122
799,0,2,20.19,2813084.0,343,2,0,1.785
799,0,3,15.08,2673535.0,332,0,0,1.755
799,0,4,12.66,17041.0,0,336,0,1.453
799,0,5,12.32,2758122.0,352,0,0,1.707
799,0,6,23.59,3542.3,0,316,0,1.423
799,0,7,29.41,2468956.0,304,0,0,1.76
799,0,8,26.89,771439.8,89,240,0,1.887
799,0,9,11.95,2754699.6,340,2,0,1.722
799,0,10,25.73,2508.4,0,335,0,1.059
799,0,11,9.19,2736483.8,350,3,0,1.654
799,0,12,11.11,2877541.0,353,0,0,1.766
799,0,13,15.51,342701.5,36,275,0,1.871
799,0,14,23.28,2698059.0,330,0,0,1.794
799,0,15,21.85,2696352.0,332,2,0,1.743
799,0,16,21.6,143.8,0,321,0,1.271
799,0,17,23.82,2468298.2,316,7,0,1.812
799,0,18,27.48,2645796.9,332,4,0,1.758
799,0,19,5.6,2070.7,0,346,0,1.333
799,0,20,13.77,2525706.0,318,0,0,1.765
799,0,21,17.56,2827577.0,360,2,0,1.699
799,0,22,22.78,14538.0,0,318,0,1.446
799,0,23,12.17,15057.9,0,299,0,1.294
799,0,24,22.8,0.0,0,0,0,0.0
799,0,25,12.77,0.0,0,0,0,0.0
799,0,26,10.24,0.0,0,0,0,0.0
799,0,27,18.02,0.0,0,0,0,0.0
799,0,28,17.56,0.0,0,0,0,0.0
799,0,29,14.3,0.0,0,0,0,0.0
799,0,30,23.94,0.0,0,0,0,0.0
799,0,31,26.59,0.0,0,0,0,0.0
799,1,0,15.71,9329.3,1,287,0,2.571
799,1,1,17.29,2438276.4,304,4,0,2.752
799,1,2,19.04,370587.2,37,251,0,2.824
799,1,3,16.81,2401142.0,304,1,0,2.739
799,1,4,25.54,0.0,0,293,0,0.0
799,1,5,18.36,2399302.4,292,3,0,2.728
799,1,6,8.63,2046631.4,247,34,0,2.831
799,1,7,5.33,2295575.0,280,4,0,2.74
799,1,8,8.28,2352148.0,296,0,0,2.769
799,1,9,16.95,2070.2,0,278,0,2.0
799,1,10,5.22,2398694.0,298,0,0,2.94
799,1,11,27.19,1954914.4,245,4,0,2.814
799,1,12,16.04,0.0,0,283,0,0.0
799,1,13,25.94,2223506.9,282,10,0,2.768
799,1,14,7.56,2090663.7,264,3,0,2.831
799,1,15,10.93,2225095.1,276,22,0,2.77
799,1,16,21.21,2359969.5,300,5,0,2.773
799,1,17,10.16,2085345.2,269,5,0,2.785
799,1,18,13.45,1822372.0,213,33,0,2.822
799,1,19,28.59,272727.9,30,258,1,2.796
799,1,20,28.46,2377741.8,296,3,0,2.786
799,1,21,7.19,2031621.5,239,39,0,2.826
799,1,22,21.02,2142743.3,268,6,0,2.828
799,1,23,22.73,868234.2,101,160,0,2.859
799,1,24,27.19,0.0,0,268,0,0.0
799,1,25,13.95,122689.4,10,288,0,2.777
799,1,26,20.95,2463547.0,304,4,0,2.804
799,1,27,28.46,0.0,0,0,0,0.0
799,1,28,27.22,0.0,0,0,0,0.0
799,1,29,21.5,0.0,0,0,0,0.0
799,1,30,21.16,0.0,0,0,0,0.0
799,1,31,18.93,0.0,0,0,0,0.0
799,2,0,6.96,0.0,0,236,0,0.0
799,2,1,7.77,1666014.8,209,5,0,2.821
799,2,2,20.56,69008.0,3,215,0,2.548
799,2,3,13.62,1626742.7,199,2,0,2.867
799,2,4,16.07,1750530.0,207,0,0,2.881
799,2,5,14.57,59.1,0,194,0,3.0
799,2,6,13.01,1487102.0,193,0,0,2.887
799,2,7,22.07,1501558.8,186,33,0,2.799
799,2,8,12.5,1524803.1,186,24,0,2.86
799,2,9,25.95,271923.5,26,178,0,2.678
799,2,10,28.65,1628763.5,202,6,0,2.854
799,2,11,13.51,125530.3,13,208,0,2.58
799,2,12,8.75,1568929.0,196,1,0,2.954
799,2,13,16.81,1583696.7,202,4,0,2.89
799,2,14,15.53,1651909.2,209,3,0,2.791
799,2,15,24.33,1484304.7,191,15,0,2.844
799,2,16,27.2,1507551.0,191,0,0,2.851
799,2,17,22.13,1663173.8,208,1,0,2.8
799,2,18,7.17,1531950.0,190,0,0,2.854
799,2,19,25.2,1719167.9,206,2,0,2.811
799,2,20,14.13,0.0,0,181,0,0.0
799,2,21,13.24,1621557.0,197,11,0,2.841
799,2,22,17.91,1527044.0,192,0,0,2.88
799,2,23,17.9,1590004.0,204,1,0,2.882
799,2,24,22.87,793905.3,91,132,0,2.876
799,2,25,14.85,885.2,0,202,0,1.5
799,2,26,13.33,1460101.6,177,28,0,2.913
799,2,27,21.36,1715879.7,218,1,0,2.887
799,2,28,11.89,1102828.7,120,68,0,2.845
799,2,29,27.14,1568558.4,194,3,0,2.821
799,2,30,26.39,0.0,0,0,0,0.0
799,2,31,12.54,0.0,0,0,0,0.0
809,0,0,6.65,68526.8,2,324,0,1.455
809,0,1,22.27,1588.4,0,326,0,1.128
809,0,2,20.19,2814054.0,343,2,0,1.629
809,0,3,15.08,2673535.0,332,0,0,1.573
809,0,4,12.66,24027.0,0,336,0,1.304
809,0,5,12.32,2758122.0,352,0,0,1.541
809,0,6,23.59,6086.8,0,316,0,1.125
809,0,7,29.41,2468956.0,304,0,0,1.564
809,0,8,26.89,663946.1,75,255,0,1.753
809,0,9,11.95,2754685.0,340,2,0,1.587
809,0,10,25.73,5007.3,0,335,0,1.036
809,0,11,9.19,2736483.8,350,3,0,1.521
809,0,12,11.11,2877541.0,353,0,0,1.634
809,0,13,15.51,314472.3,33,278,0,1.731
809,0,14,23.28,2698059.0,330,0,0,1.661
809,0,15,21.85,2691648.0,331,2,0,1.62
809,0,16,21.6,199.5,0,321,0,1.196
809,0,17,23.82,2503928.4,320,3,0,1.681
809,0,18,27.48,2646679.7,333,3,0,1.658
809,0,19,5.6,2346.0,0,346,0,1.059
809,0,20,13.77,2536391.0,319,0,0,1.6
809,0,21,17.56,2842181.1,361,1,0,1.63
809,0,22,22.78,16875.5,0,318,0,1.234
809,0,23,12.17,17660.0,0,299,0,1.176
809,0,24,22.8,0.0,0,0,0,0.0
809,0,25,12.77,0.0,0,0,0,0.0
809,0,26,10.24,0.0,0,0,0,0.0
809,0,27,18.02,0.0,0,0,0,0.0
809,0,28,17.56,0.0,0,0,0,0.0
809,0,29,14.3,0.0,0,0,0,0.0
809,0,30,23.94,0.0,0,0,0,0.0
809,0,31,26.59,0.0,0,0,0,0.0
809,1,0,15.71,4172.9,0,288,0,2.357
809,1,1,17.29,2451671.0,306,2,0,2.688
809,1,2,19.04,332762.0,37,251,0,2.765
809,1,3,16.81,2389384.0,303,2,0,2.657
809,1,4,25.54,0.0,0,293,0,0.0
809,1,5,18.36,2393516.5,291,4,0,2.691
809,1,6,8.63,2082851.5,254,27,0,2.752
809,1,7,5.33,2306211.3,280,4,0,2.708
809,1,8,8.28,2352148.0,296,0,0,2.664
809,1,9,16.95,1448.2,0,278,0,1.667
809,1,10,5.22,2398694.0,298,0,0,2.823
809,1,11,27.19,1956249.0,246,3,0,2.721
809,1,12,16.04,0.0,0,283,0,0.0
809,1,13,25.94,2228578.0,285,7,0,2.685
809,1,14,7.56,2089918.2,264,3,0,2.769
809,1,15,10.93,2241280.9,282,16,0,2.726
809,1,16,21.21,2376474.0,302,3,0,2.71
809,1,17,10.16,2095481.0,271,3,0,2.743
809,1,18,13.45,1835009.1,212,33,0,2.746
809,1,19,28.59,232923.8,26,262,1,2.664
809,1,20,28.46,2373619.3,295,4,0,2.738
809,1,21,7.19,2048601.9,243,35,0,2.787
809,1,22,21.02,2151712.3,270,4,0,2.731
809,1,23,22.73,738907.9,86,176,0,2.725
809,1,24,27.19,0.0,0,268,0,0.0
809,1,25,13.95,96374.2,7,291,0,2.677
809,1,26,20.95,2471278.0,305,3,0,2.713
809,1,27,28.46,0.0,0,0,0,0.0
809,1,28,27.22,0.0,0,0,0,0.0
809,1,29,21.5,0.0,0,0,0,0.0
809,1,30,21.16,0.0,0,0,0,0.0
809,1,31,18.93,0.0,0,0,0,0.0
809,2,0,6.96,0.0,0,236,0,0.0
809,2,1,7.77,1664039.8,209,5,0,2.785
809,2,2,20.56,45474.6,2,216,0,2.25
809,2,3,13.62,1635821.2,199,2,0,2.814
809,2,4,16.07,1750530.0,207,0,0,2.778
809,2,5,14.57,0.0,0,194,0,0.0
809,2,6,13.01,1487102.0,193,0,0,2.844
809,2,7,22.07,1491881.9,185,34,0,2.727
809,2,8,12.5,1485662.0,181,29,0,2.835
809,2,9,25.95,245836.8,28,176,0,2.633
809,2,10,28.65,1648301.0,205,3,0,2.773
809,2,11,13.51,99372.5,9,212,0,2.352
809,2,12,8.75,1568929.0,196,1,0,2.795
809,2,13,16.81,1559576.0,200,6,0,2.815
809,2,14,15.53,1659412.1,209,3,0,2.746
809,2,15,24.33,1518196.3,195,11,0,2.816
809,2,16,27.2,1507551.0,191,0,0,2.77
809,2,17,22.13,1667800.0,209,0,0,2.732
809,2,18,7.17,1531950.0,190,0,0,2.831
809,2,19,25.2,1711776.9,205,3,0,2.737
809,2,20,14.13,0.0,0,181,0,0.0
809,2,21,13.24,1615326.6,199,9,0,2.763
809,2,22,17.91,1527044.0,192,0,0,2.832
809,2,23,17.9,1590004.0,204,1,0,2.767
809,2,24,22.87,747097.1,80,143,0,2.795
809,2,25,14.85,0.0,0,202,0,0.0
809,2,26,13.33,1457440.1,175,30,0,2.842
809,2,27,21.36,1716204.7,218,1,0,2.818
809,2,28,11.89,1116410.3,128,60,0,2.814
809,2,29,27.14,1573960.5,195,2,0,2.724
809,2,30,26.39,0.0,0,0,0,0.0
809,2,31,12.54,0.0,0,0,0,0.0
819,0,0,6.65,50621.6,2,324,0,1.469
819,0,1,22.27,1209.7,0,326,0,1.0
819,0,2,20.19,2805939.0,342,3,0,1.643
819,0,3,15.08,2673535.0,332,0,0,1.593
819,0,4,12.66,24069.1,1,335,0,1.214
819,0,5,12.32,2758122.0,352,0,0,1.526
819,0,6,23.59,4451.7,0,316,0,1.2
819,0,7,29.41,2468956.0,304,0,0,1.596
819,0,8,26.89,678022.2,83,246,0,1.752
819,0,9,11.95,2764409.6,341,1,0,1.565
819,0,10,25.73,7214.5,0,335,0,1.182
819,0,11,9.19,2743051.2,350,3,0,1.559
819,0,12,11.11,2877541.0,353,0,0,1.623
819,0,13,15.51,330585.6,33,278,0,1.729
819,0,14,23.28,2698059.0,330,0,0,1.66
819,0,15,21.85,2706807.0,333,1,0,1.653
819,0,16,21.6,142.9,0,321,0,1.094
819,0,17,23.82,2511562.0,322,1,0,1.69
819,0,18,27.48,2663579.3,336,1,0,1.591
819,0,19,5.6,3098.5,0,346,0,1.114
819,0,20,13.77,2536391.0,319,0,0,1.603
819,0,21,17.56,2838907.0,361,1,0,1.6
819,0,22,22.78,21487.3,0,318,0,1.239
819,0,23,12.17,16914.9,0,299,0,1.124
819,0,24,22.8,0.0,0,0,0,0.0
819,0,25,12.77,0.0,0,0,0,0.0
819,0,26,10.24,0.0,0,0,0,0.0
819,0,27,18.02,0.0,0,0,0,0.0
819,0,28,17.56,0.0,0,0,0,0.0
819,0,29,14.3,0.0,0,0,0,0.0
819,0,30,23.94,0.0,0,0,0,0.0
819,0,31,26.59,0.0,0,0,0,0.0
819,1,0,15.71,6816.1,0,288,0,2.25
819,1,1,17.29,2437547.4,304,4,0,2.659
819,1,2,19.04,372526.2,37,251,0,2.801
819,1,3,16.81,2401142.0,304,1,0,2.641
819,1,4,25.54,0.0,0,293,0,0.0
819,1,5,18.36,2393114.5,291,4,0,2.676
819,1,6,8.63,2039844.2,248,33,0,2.756
819,1,7,5.33,2309526.0,282,2,0,2.716
819,1,8,8.28,2352148.0,296,0,0,2.651
819,1,9,16.95,8790.3,0,278,0,2.406
819,1,10,5.22,2398694.0,298,0,0,2.799
819,1,11,27.19,1968360.9,247,2,0,2.766
819,1,12,16.04,0.0,0,283,0,0.0
819,1,13,25.94,2230953.1,284,8,0,2.654
819,1,14,7.56,2090593.6,264,3,0,2.778
819,1,15,10.93,2240232.6,281,17,0,2.706
819,1,16,21.21,2384085.0,303,2,0,2.71
819,1,17,10.16,2096343.0,270,4,0,2.699
819,1,18,13.45,1824841.0,210,36,0,2.743
819,1,19,28.59,287744.6,33,256,0,2.69
819,1,20,28.46,2388142.5,298,2,0,2.718
819,1,21,7.19,2048526.1,243,35,0,2.78
819,1,22,21.02,2149241.0,270,4,0,2.721
819,1,23,22.73,709111.3,82,179,0,2.783
819,1,24,27.19,482.7,0,268,0,2.0
819,1,25,13.95,98370.2,8,290,0,2.672
819,1,26,20.95,2451750.7,302,6,0,2.69
819,1,27,28.46,0.0,0,0,0,0.0
819,1,28,27.22,0.0,0,0,0,0.0
819,1,29,21.5,0.0,0,0,0,0.0
819,1,30,21.16,0.0,0,0,0,0.0
819,1,31,18.93,0.0,0,0,0,0.0
819,2,0,6.96,345.5,0,236,0,1.0
819,2,1,7.77,1664670.5,210,4,0,2.757
819,2,2,20.56,54489.0,4,214,0,2.374
819,2,3,13.62,1633488.4,199,2,0,2.818
819,2,4,16.07,1750530.0,207,0,0,2.734
819,2,5,14.57,0.0,0,194,0,0.0
819,2,6,13.01,1487102.0,193,0,0,2.811
819,2,7,22.07,1395429.1,177,42,0,2.736
819,2,8,12.5,1529204.2,185,25,0,2.874
819,2,9,25.95,285696.6,36,168,0,2.587
819,2,10,28.65,1622861.1,202,6,0,2.814
819,2,11,13.51,96773.2,11,210,0,2.366
819,2,12,8.75,1568929.0,196,1,0,2.849
819,2,13,16.81,1580674.2,201,5,0,2.846
819,2,14,15.53,1650564.0,209,3,0,2.733
819,2,15,24.33,1526825.2,195,11,0,2.777
819,2,16,27.2,1507551.0,191,0,0,2.696
819,2,17,22.13,1667800.0,209,0,0,2.75
819,2,18,7.17,1524916.0,189,0,0,2.778
819,2,19,25.2,1715168.3,205,3,0,2.731
819,2,20,14.13,291.5,0,181,0,3.0
819,2,21,13.24,1608764.0,196,12,0,2.778
819,2,22,17.91,1527044.0,192,0,0,2.764
819,2,23,17.9,1590004.0,204,1,0,2.727
819,2,24,22.87,777709.0,91,132,0,2.842
819,2,25,14.85,350.8,0,202,0,1.0
819,2,26,13.33,1437986.8,173,32,0,2.85
819,2,27,21.36,1722731.0,219,0,0,2.819
819,2,28,11.89,1035512.3,116,72,0,2.782
819,2,29,27.14,1564101.2,193,4,0,2.715
819,2,30,26.39,0.0,0,0,0,0.0
819,2,31,12.54,0.0,0,0,0,0.0
829,0,0,6.65,55230.9,4,322,0,1.565
829,0,1,22.27,1770.6,0,326,0,1.067
829,0,2,20.19,2805939.0,342,3,0,1.663
829,0,3,15.08,2673535.0,332,0,0,1.638
829,0,4,12.66,21765.9,0,336,0,1.333
829,0,5,12.32,2758122.0,352,0,0,1.59
829,0,6,23.59,3912.0,0,316,0,1.167
829,0,7,29.41,2468956.0,304,0,0,1.596
829,0,8,26.89,656285.9,76,253,0,1.766
829,0,9,11.95,2763121.0,341,1,0,1.578
829,0,10,25.73,4351.4,0,335,0,1.115
829,0,11,9.19,2743817.3,350,3,0,1.571
829,0,12,11.11,2877541.0,353,0,0,1.619
829,0,13,15.51,324384.7,30,281,0,1.799
829,0,14,23.28,2698059.0,330,0,0,1.677
829,0,15,21.85,2706807.0,333,1,0,1.66
829,0,16,21.6,152.0,0,321,0,1.167
829,0,17,23.82,2498855.1,319,4,0,1.696
829,0,18,27.48,2657146.0,335,2,0,1.648
829,0,19,5.6,1888.3,0,346,0,1.111
829,0,20,13.77,2536391.0,319,0,0,1.591
829,0,21,17.56,2833424.4,360,2,0,1.626
829,0,22,22.78,24725.8,0,318,0,1.347
829,0,23,12.17,19463.9,0,299,0,1.18
829,0,24,22.8,0.0,0,0,0,0.0
829,0,25,12.77,0.0,0,0,0,0.0
829,0,26,10.24,0.0,0,0,0,0.0
829,0,27,18.02,0.0,0,0,0,0.0
829,0,28,17.56,0.0,0,0,0,0.0
829,0,29,14.3,0.0,0,0,0,0.0
829,0,30,23.94,0.0,0,0,0,0.0
829,0,31,26.59,0.0,0,0,0,0.0
829,1,0,15.71,6136.8,1,287,0,2.421
829,1,1,17.29,2443264.0,305,3,0,2.745
829,1,2,19.04,390492.7,44,244,0,2.867
829,1,3,16.81,2401142.0,304,1,0,2.729
829,1,4,25.54,0.0,0,293,0,0.0
829,1,5,18.36,2399136.8,292,3,0,2.765
829,1,6,8.63,2036753.3,247,34,0,2.86
829,1,7,5.33,2292392.9,279,5,0,2.755
829,1,8,8.28,2352148.0,296,0,0,2.731
829,1,9,16.95,5845.0,0,278,0,2.45
829,1,10,5.22,2398694.0,298,0,0,2.881
829,1,11,27.19,1951643.0,245,4,0,2.815
829,1,12,16.04,0.0,0,283,0,0.0
829,1,13,25.94,2226370.1,282,10,0,2.759
829,1,14,7.56,2090864.4,264,3,0,2.803
829,1,15,10.93,2233898.1,279,19,0,2.744
829,1,16,21.21,2371064.8,301,4,0,2.803
829,1,17,10.16,2085345.2,269,5,0,2.775
829,1,18,13.45,1803768.4,206,40,0,2.794
829,1,19,28.59,247053.0,25,264,0,2.82
829,1,20,28.46,2382996.2,297,2,0,2.816
829,1,21,7.19,2017360.9,240,37,0,2.837
829,1,22,21.02,2151268.4,270,4,0,2.826
829,1,23,22.73,929834.2,108,154,0,2.848
829,1,24,27.19,449.2,0,268,0,2.5
829,1,25,13.95,125217.1,11,287,0,2.798
829,1,26,20.95,2446266.0,302,6,0,2.788
829,1,27,28.46,0.0,0,0,0,0.0
829,1,28,27.22,0.0,0,0,0,0.0
829,1,29,21.5,0.0,0,0,0,0.0
829,1,30,21.16,0.0,0,0,0,0.0
829,1,31,18.93,0.0,0,0,0,0.0
829,2,0,6.96,0.0,0,236,0,0.0
829,2,1,7.77,1669668.1,210,4,0,2.841
829,2,2,20.56,60679.7,3,215,0,2.426
829,2,3,13.62,1624869.8,198,3,0,2.884
829,2,4,16.07,1750530.0,207,0,0,2.765
829,2,5,14.57,0.0,0,194,0,0.0
829,2,6,13.01,1487102.0,193,0,0,2.945
829,2,7,22.07,1396611.2,175,44,0,2.783
829,2,8,12.5,1515598.3,181,29,0,2.872
829,2,9,25.95,287140.9,37,167,0,2.67
829,2,10,28.65,1608243.5,200,8,0,2.856
829,2,11,13.51,101877.7,13,208,0,2.505
829,2,12,8.75,1568929.0,196,1,0,2.79
829,2,13,16.81,1573964.1,201,5,0,2.869
829,2,14,15.53,1662060.0,211,1,0,2.802
829,2,15,24.33,1515188.5,193,13,0,2.858
829,2,16,27.2,1507551.0,191,0,0,2.824
829,2,17,22.13,1660535.1,208,1,0,2.775
829,2,18,7.17,1531950.0,190,0,0,2.853
829,2,19,25.2,1712272.3,204,4,0,2.794
829,2,20,14.13,0.0,0,181,0,0.0
829,2,21,13.24,1626930.8,197,11,0,2.812
829,2,22,17.91,1527044.0,192,0,0,2.821
829,2,23,17.9,1590004.0,204,1,0,2.781
829,2,24,22.87,817166.4,95,129,0,2.846
829,2,25,14.85,0.0,0,202,0,0.0
829,2,26,13.33,1487504.4,179,26,0,2.903
829,2,27,21.36,1722731.0,219,0,0,2.916
829,2,28,11.89,1065641.4,124,64,0,2.845
829,2,29,27.14,1555393.0,193,4,0,2.887
829,2,30,26.39,0.0,0,0,0,0.0
829,2,31,12.54,0.0,0,0,0,0.0
839,0,0,6.65,48839.9,3,323,0,1.541
839,0,1,22.27,2252.7,0,326,0,1.022
839,0,2,20.19,2805939.0,342,3,0,1.652
839,0,3,15.08,2673535.0,332,0,0,1.589
839,0,4,12.66,22748.9,0,336,0,1.291
839,0,5,12.32,2758122.0,352,0,0,1.555
839,0,6,23.59,4907.8,0,316,0,1.077
839,0,7,29.41,2468956.0,304,0,0,1.596
839,0,8,26.89,760552.4,87,242,0,1.736
839,0,9,11.95,2753318.0,340,2,0,1.598
839,0,10,25.73,5368.9,0,335,0,1.286
839,0,11,9.19,2736361.9,350,3,0,1.547
839,0,12,11.11,2877541.0,353,0,0,1.623
839,0,13,15.51,277170.1,33,278,0,1.788
839,0,14,23.28,2698059.0,330,0,0,1.686
839,0,15,21.85,2702103.0,332,1,0,1.644
839,0,16,21.6,229.6,0,321,0,1.111
839,0,17,23.82,2497761.8,319,4,0,1.712
839,0,18,27.48,2657936.3,335,2,0,1.624
839,0,19,5.6,2048.5,0,346,0,1.161
839,0,20,13.77,2536391.0,319,0,0,1.63
839,0,21,17.56,2842211.1,361,1,0,1.592
839,0,22,22.78,19028.9,0,318,0,1.274
839,0,23,12.17,15594.6,0,299,0,1.149
839,0,24,22.8,0.0,0,0,0,0.0
839,0,25,12.77,0.0,0,0,0,0.0
839,0,26,10.24,0.0,0,0,0,0.0
839,0,27,18.02,0.0,0,0,0,0.0
839,0,28,17.56,0.0,0,0,0,0.0
839,0,29,14.3,0.0,0,0,0,0.0
839,0,30,23.94,0.0,0,0,0,0.0
839,0,31,26.59,0.0,0,0,0,0.0
839,1,0,15.71,8529.2,0,288,0,2.333
839,1,1,17.29,2451671.0,306,2,0,2.706
839,1,2,19.04,290198.9,32,256,0,2.878
839,1,3,16.81,2401142.0,304,1,0,2.661
839,1,4,25.54,0.0,0,293,0,0.0
839,1,5,18.36,2412256.4,294,1,0,2.721
839,1,6,8.63,2010456.9,243,38,0,2.813
839,1,7,5.33,2314488.5,282,2,0,2.649
839,1,8,8.28,2352148.0,296,0,0,2.677
839,1,9,16.95,4347.3,0,278,0,2.526
839,1,10,5.22,2398694.0,298,0,0,2.823
839,1,11,27.19,1951643.0,245,4,0,2.78
839,1,12,16.04,0.0,0,283,0,0.0
839,1,13,25.94,2230993.5,284,8,0,2.677
839,1,14,7.56,2089161.1,264,3,0,2.799
839,1,15,10.93,2259087.3,284,15,0,2.707
839,1,16,21.21,2384085.0,303,2,0,2.738
839,1,17,10.16,2090329.0,270,4,0,2.738
839,1,18,13.45,1794628.0,207,38,0,2.774
839,1,19,28.59,248393.4,28,261,0,2.729
839,1,20,28.46,2377865.2,296,3,0,2.705
839,1,21,7.19,2054303.5,243,35,0,2.791
839,1,22,21.02,2149241.0,270,4,0,2.756
839,1,23,22.73,878928.5,102,160,0,2.783
839,1,24,27.19,0.0,0,268,0,0.0
839,1,25,13.95,109532.1,7,291,0,2.707
839,1,26,20.95,2451854.0,303,5,0,2.744
839,1,27,28.46,0.0,0,0,0,0.0
839,1,28,27.22,0.0,0,0,0,0.0
839,1,29,21.5,0.0,0,0,0,0.0
839,1,30,21.16,0.0,0,0,0,0.0
839,1,31,18.93,0.0,0,0,0,0.0
839,2,0,6.96,0.0,0,236,0,0.0
839,2,1,7.77,1665535.8,211,3,0,2.763
839,2,2,20.56,66876.7,6,212,0,2.291
839,2,3,13.62,1637954.0,200,1,0,2.78
839,2,4,16.07,1750530.0,207,0,0,2.788
839,2,5,14.57,0.0,0,194,0,0.0
839,2,6,13.01,1487102.0,193,0,0,2.816
839,2,7,22.07,1359239.6,171,48,0,2.773
839,2,8,12.5,1508757.4,183,27,0,2.854
839,2,9,25.95,281544.5,36,168,0,2.644
839,2,10,28.65,1609728.4,200,8,0,2.806
839,2,11,13.51,96357.9,10,211,0,2.256
839,2,12,8.75,1568929.0,196,1,0,2.862
839,2,13,16.81,1577998.6,200,6,0,2.847
839,2,14,15.53,1662060.0,211,1,0,2.749
839,2,15,24.33,1508786.7,196,10,0,2.792
839,2,16,27.2,1507551.0,191,0,0,2.749
839,2,17,22.13,1660121.0,208,1,0,2.772
839,2,18,7.17,1531950.0,190,0,0,2.748
839,2,19,25.2,1722008.0,207,1,0,2.75
839,2,20,14.13,0.0,0,181,0,0.0
839,2,21,13.24,1616564.2,198,10,0,2.775
839,2,22,17.91,1527044.0,192,0,0,2.74
839,2,23,17.9,1590004.0,204,1,0,2.768
839,2,24,22.87,791616.3,88,135,0,2.821
839,2,25,14.85,350.8,0,202,0,1.0
839,2,26,13.33,1495712.1,180,25,0,2.811
839,2,27,21.36,1715321.1,218,1,0,2.904
839,2,28,11.89,1070464.2,118,70,0,2.792
839,2,29,27.14,1587425.0,197,0,0,2.765
839,2,30,26.39,0.0,0,0,0,0.0
839,2,31,12.54,0.0,0,0,0,0.0
849,0,0,6.65,59599.7,5,321,0,1.739
849,0,1,22.27,2104.4,0,326,0,1.043
849,0,2,20.19,2805939.0,342,3,0,1.712
849,0,3,15.08,2673535.0,332,0,0,1.664
849,0,4,12.66,16254.9,1,335,0,1.348
849,0,5,12.32,2758122.0,352,0,0,1.66
849,0,6,23.59,3185.2,0,316,0,1.421
849,0,7,29.41,2468956.0,304,0,0,1.69
849,0,8,26.89,780542.2,90,239,0,1.814
849,0,9,11.95,2735527.6,338,4,0,1.674
849,0,10,25.73,3480.1,0,335,0,1.179
849,0,11,9.19,2748140.2,351,2,0,1.579
849,0,12,11.11,2877541.0,353,0,0,1.725
849,0,13,15.51,288968.1,30,281,0,1.805
849,0,14,23.28,2687640.3,329,1,0,1.759
849,0,15,21.85,2697109.0,332,1,0,1.688
849,0,16,21.6,182.4,0,321,0,1.293
849,0,17,23.82,2460228.3,315,8,0,1.742
849,0,18,27.48,2659903.0,335,2,0,1.731
849,0,19,5.6,2904.2,0,346,0,1.128
849,0,20,13.77,2536391.0,319,0,0,1.665
849,0,21,17.56,2838907.0,361,1,0,1.692
849,0,22,22.78,17341.1,0,318,0,1.298
849,0,23,12.17,13625.9,0,299,0,1.164
849,0,24,22.8,0.0,0,0,0,0.0
849,0,25,12.77,0.0,0,0,0,0.0
849,0,26,10.24,0.0,0,0,0,0.0
849,0,27,18.02,0.0,0,0,0,0.0
849,0,28,17.56,0.0,0,0,0,0.0
849,0,29,14.3,0.0,0,0,0,0.0
849,0,30,23.94,0.0,0,0,0,0.0
849,0,31,26.59,0.0,0,0,0,0.0
849,1,0,15.71,5193.3,0,288,0,2.2
849,1,1,17.29,2451671.0,306,2,0,2.702
849,1,2,19.04,317003.7,38,250,0,2.784
849,1,3,16.81,2401142.0,304,1,0,2.693
849,1,4,25.54,0.0,0,293,0,0.0
849,1,5,18.36,2404942.6,293,2,0,2.711
849,1,6,8.63,2020010.3,243,38,0,2.813
849,1,7,5.33,2294993.0,280,4,0,2.72
849,1,8,8.28,2352148.0,296,0,0,2.718
849,1,9,16.95,479.0,0,278,0,3.0
849,1,10,5.22,2398694.0,298,0,0,2.851
849,1,11,27.19,1955921.3,245,4,0,2.758
849,1,12,16.04,0.0,0,283,0,0.0
849,1,13,25.94,2213351.2,281,11,0,2.709
849,1,14,7.56,2090654.9,264,3,0,2.787
849,1,15,10.93,2236024.5,281,17,0,2.735
849,1,16,21.21,2376474.0,302,3,0,2.768
849,1,17,10.16,2089588.0,269,5,0,2.727
849,1,18,13.45,1809744.9,210,36,0,2.78
849,1,19,28.59,294870.6,30,258,1,2.724
849,1,20,28.46,2371653.0,296,3,0,2.776
849,1,21,7.19,1993814.8,238,40,0,2.787
849,1,22,21.02,2160215.4,271,3,0,2.764
849,1,23,22.73,854842.0,95,167,0,2.806
849,1,24,27.19,622.0,0,268,0,1.0
849,1,25,13.95,89498.0,9,289,0,2.682
849,1,26,20.95,2446266.0,302,6,0,2.715
849,1,27,28.46,0.0,0,0,0,0.0
849,1,28,27.22,0.0,0,0,0,0.0
849,1,29,21.5,0.0,0,0,0,0.0
849,1,30,21.16,0.0,0,0,0,0.0
849,1,31,18.93,0.0,0,0,0,0.0
849,2,0,6.96,112.3,0,236,0,1.0
849,2,1,7.77,1650245.6,209,5,0,2.788
849,2,2,20.56,78681.2,5,213,0,2.595
849,2,3,13.62,1645304.0,201,0,0,2.772
849,2,4,16.07,1750530.0,207,0,0,2.796
849,2,5,14.57,0.0,0,194,0,0.0
849,2,6,13.01,1487102.0,193,0,0,2.848
849,2,7,22.07,1364081.9,173,46,0,2.764
849,2,8,12.5,1459157.9,176,34,0,2.856
849,2,9,25.95,269415.1,29,175,0,2.681
849,2,10,28.65,1625128.9,203,5,0,2.78
849,2,11,13.51,116671.8,12,209,0,2.502
849,2,12,8.75,1568929.0,196,1,0,2.822
849,2,13,16.81,1584227.2,202,4,0,2.786
849,2,14,15.53,1638735.5,207,5,0,2.759
849,2,15,24.33,1518990.3,195,11,0,2.8
849,2,16,27.2,1507551.0,191,0,0,2.748
849,2,17,22.13,1667800.0,209,0,0,2.713
849,2,18,7.17,1531950.0,190,0,0,2.841
849,2,19,25.2,1718537.1,205,3,0,2.71
849,2,20,14.13,340.5,0,181,0,2.0
849,2,21,13.24,1619572.0,198,10,0,2.763
849,2,22,17.91,1527044.0,192,0,0,2.798
849,2,23,17.9,1590004.0,204,1,0,2.76
849,2,24,22.87,789647.0,88,135,0,2.795
849,2,25,14.85,0.0,0,202,0,0.0
849,2,26,13.33,1473048.7,179,26,0,2.779
849,2,27,21.36,1716307.4,218,1,0,2.833
849,2,28,11.89,998807.6,111,77,0,2.739
849,2,29,27.14,1573069.0,195,2,0,2.785
849,2,30,26.39,0.0,0,0,0,0.0
849,2,31,12.54,0.0,0,0,0,0.0
859,0,0,6.65,50924.6,3,323,0,1.541
859,0,1,22.27,2148.3,0,326,0,1.042
859,0,2,20.19,2814054.0,343,2,0,1.685
859,0,3,15.08,2673535.0,332,0,0,1.625
859,0,4,12.66,15167.6,0,336,0,1.341
859,0,5,12.32,2758122.0,352,0,0,1.659
859,0,6,23.59,4388.1,0,316,0,1.333
859,0,7,29.41,2468956.0,304,0,0,1.665
859,0,8,26.89,802112.5,88,241,0,1.812
859,0,9,11.95,2742844.8,338,4,0,1.642
859,0,10,25.73,2939.3,0,335,0,1.095
859,0,11,9.19,2748890.9,351,2,0,1.55
859,0,12,11.11,2877541.0,353,0,0,1.654
859,0,13,15.51,242433.3,26,285,0,1.773
859,0,14,23.28,2698059.0,330,0,0,1.7
859,0,15,21.85,2697109.0,332,1,0,1.685
859,0,16,21.6,155.5,0,321,0,1.341
859,0,17,23.82,2500046.2,319,4,0,1.723
859,0,18,27.48,2658201.0,335,2,0,1.689
859,0,19,5.6,3281.6,0,346,0,1.135
859,0,20,13.77,2536391.0,319,0,0,1.676
859,0,21,17.56,2842211.1,361,1,0,1.617
859,0,22,22.78,15238.5,0,318,0,1.29
859,0,23,12.17,14555.7,0,299,0,1.215
859,0,24,22.8,0.0,0,0,0,0.0
859,0,25,12.77,0.0,0,0,0,0.0
859,0,26,10.24,0.0,0,0,0,0.0
859,0,27,18.02,0.0,0,0,0,0.0
859,0,28,17.56,0.0,0,0,0,0.0
859,0,29,14.3,0.0,0,0,0,0.0
859,0,30,23.94,0.0,0,0,0,0.0
859,0,31,26.59,0.0,0,0,0,0.0
859,1,0,15.71,4613.1,0,288,0,2.0
859,1,1,17.29,2451671.0,306,2,0,2.713
859,1,2,19.04,297142.4,31,257,0,2.785
859,1,3,16.81,2401142.0,304,1,0,2.711
859,1,4,25.54,0.0,0,293,0,0.0
859,1,5,18.36,2392463.7,291,4,0,2.717
859,1,6,8.63,2010300.9,243,38,0,2.762
859,1,7,5.33,2300537.5,280,4,0,2.644
859,1,8,8.28,2352148.0,296,0,0,2.67
859,1,9,16.95,723.3,0,278,0,2.0
859,1,10,5.22,2398694.0,298,0,0,2.803
859,1,11,27.19,1964250.8,246,3,0,2.75
859,1,12,16.04,0.0,0,283,0,0.0
859,1,13,25.94,2250622.7,287,5,0,2.706
859,1,14,7.56,2095607.0,265,2,0,2.726
859,1,15,10.93,2240243.3,280,18,0,2.728
859,1,16,21.21,2376474.0,302,3,0,2.775
859,1,17,10.16,2101329.0,271,3,0,2.724
859,1,18,13.45,1840273.1,213,33,0,2.778
859,1,19,28.59,236538.0,28,261,0,2.705
859,1,20,28.46,2383945.8,297,3,0,2.719
859,1,21,7.19,2030587.8,242,36,0,2.776
859,1,22,21.02,2158188.0,271,3,0,2.702
859,1,23,22.73,874746.8,101,161,0,2.772
859,1,24,27.19,0.0,0,268,0,0.0
859,1,25,13.95,87566.6,7,291,0,2.61
859,1,26,20.95,2465069.7,304,4,0,2.767
859,1,27,28.46,0.0,0,0,0,0.0
859,1,28,27.22,0.0,0,0,0,0.0
859,1,29,21.5,0.0,0,0,0,0.0
859,1,30,21.16,0.0,0,0,0,0.0
859,1,31,18.93,0.0,0,0,0,0.0
859,2,0,6.96,61.3,0,236,0,2.0
859,2,1,7.77,1648680.5,209,5,0,2.765
859,2,2,20.56,78124.6,6,212,0,2.486
859,2,3,13.62,1636233.0,200,1,0,2.729
859,2,4,16.07,1750530.0,207,0,0,2.759
859,2,5,14.57,0.0,0,194,0,0.0
859,2,6,13.01,1487102.0,193,0,0,2.811
859,2,7,22.07,1474499.7,184,35,0,2.727
859,2,8,12.5,1529129.4,186,24,0,2.815
859,2,9,25.95,254681.5,28,176,0,2.615
859,2,10,28.65,1637323.5,202,6,0,2.758
859,2,11,13.51,106719.1,13,208,0,2.434
859,2,12,8.75,1568929.0,196,1,0,2.793
859,2,13,16.81,1574926.3,201,5,0,2.785
859,2,14,15.53,1662060.0,211,1,0,2.732
859,2,15,24.33,1513205.0,196,10,0,2.792
859,2,16,27.2,1507551.0,191,0,0,2.775
859,2,17,22.13,1667800.0,209,0,0,2.703
859,2,18,7.17,1524916.0,189,0,0,2.785
859,2,19,25.2,1721062.4,206,2,0,2.706
859,2,20,14.13,0.0,0,181,0,0.0
859,2,21,13.24,1616677.8,197,10,0,2.775
859,2,22,17.91,1527044.0,192,0,0,2.778
859,2,23,17.9,1590004.0,204,1,0,2.741
859,2,24,22.87,742797.5,91,133,0,2.802
859,2,25,14.85,0.0,0,202,0,0.0
859,2,26,13.33,1469467.7,176,29,0,2.791
859,2,27,21.36,1715879.7,218,1,0,2.789
859,2,28,11.89,1041172.2,115,73,0,2.761
859,2,29,27.14,1551318.0,192,5,0,2.746
859,2,30,26.39,0.0,0,0,0,0.0
859,2,31,12.54,0.0,0,0,0,0.0
