===== [wrap] attempt 1 2026-08-19 05:33:21 :: HEAD=3cc31ac :: --run_root /home/MYH/ML_DRL_Scheduler/Run4 --run_name QueuePostRZF_S40HL_CQI4_s4024 =====
2026-08-19 05:33:23.335087: I tensorflow/core/util/port.cc:113] oneDNN custom operations are on. You may see slightly different numerical results due to floating-point round-off errors from different computation orders. To turn them off, set the environment variable `TF_ENABLE_ONEDNN_OPTS=0`.
2026-08-19 05:33:23.398304: E external/local_xla/xla/stream_executor/cuda/cuda_dnn.cc:9261] Unable to register cuDNN factory: Attempting to register factory for plugin cuDNN when one has already been registered
2026-08-19 05:33:23.398370: E external/local_xla/xla/stream_executor/cuda/cuda_fft.cc:607] Unable to register cuFFT factory: Attempting to register factory for plugin cuFFT when one has already been registered
2026-08-19 05:33:23.400636: E external/local_xla/xla/stream_executor/cuda/cuda_blas.cc:1515] Unable to register cuBLAS factory: Attempting to register factory for plugin cuBLAS when one has already been registered
2026-08-19 05:33:23.410872: I tensorflow/core/platform/cpu_feature_guard.cc:182] This TensorFlow binary is optimized to use available CPU instructions in performance-critical operations.
To enable the following instructions: AVX2 AVX512F AVX512_VNNI FMA, in other operations, rebuild TensorFlow with the appropriate compiler flags.
2026-08-19 05:33:27.088656: I tensorflow/core/common_runtime/gpu/gpu_device.cc:1929] Created device /job:localhost/replica:0/task:0/device:GPU:0 with 22282 MB memory:  -> device: 0, name: NVIDIA GeForce RTX 4090, pci bus id: 0000:b1:00.0, compute capability: 8.9
2026-08-19 05:33:34.094406: I tensorflow/core/util/cuda_solvers.cc:179] Creating GpuSolver handles for stream 0x3f56a5c0
git: 3cc31ac59aeb  (clean py)
=== ML DRL Scheduler -- Config ===
  cell        : 1 BS (32 ant) x 32 UE (1 ant), DL
  resource    : 8 RBG x 4 layers = 32 positions
  RE per RBG  : 1344
  bandwidth   : RBG 2.88 MHz, total 23.04 MHz
  slot        : 0.500 ms
  channel     : TR38.901 UMI, UE speed 3.0 km/h
  codebook    : type2_sparse_56bit, L=4, atoms=512, payload=56 bit/(UE,RBG)
  feedback    : p_csi=0.6, cqi=nr4bit
  traffic     : p_arrival=0.22, size U[4000,12000] bits, deadline U[3,12] slots
  power/noise : P_total=8.0, P_r=1.0, target SNR 10.0 dB (calibration)
  retx        : max_retx=4 (5 attempts total)
  reward      : lambda_s/c/m=1.0/1.0/2.0, eta_D=1.0, B_norm=8000.0
  episode     : 1000 slots

run_dir: /home/MYH/ML_DRL_Scheduler/Run4/QueuePostRZF_S40HL_CQI4_s4024
num_updates: 866
device: cuda
actor-critic params: 98,755

[   0/866] rew= 4419.1  thr=64.99Mbps  comp=0.642  drop=0.000  SINR= 13.8dB  KL= 0.0006  ent=2.251  clip=0.000  ev=-0.00  t=537s
[   5/866] rew= 2501.7  thr=67.82Mbps  comp=0.536  drop=0.000  SINR=  8.1dB  KL= 0.0007  ent=2.603  clip=0.000  ev=-0.00  t=3277s
    [kl-stop] update 9: minibatch KL 0.0349 > 0.0300 (epoch 2/4) -- actor frozen, value-only for remaining passes
  --- eval at update 9 ---
    PPO           reward  2246.27  thrpt  79.12Mbps  comp 0.544  totfail 0.453  depth 3.96
    SUS+CQI       reward  3808.78  thrpt  81.90Mbps  comp 0.593  totfail 0.404  depth 3.84
    SUS+Deadline-PF  reward  1533.23  thrpt  74.46Mbps  comp 0.527  totfail 0.470  depth 3.86
    SUS+PF        reward  1522.06  thrpt  75.11Mbps  comp 0.529  totfail 0.468  depth 3.86
    SUS+Random    reward  1182.83  thrpt  73.79Mbps  comp 0.517  totfail 0.480  depth 3.89
    SUS+MW        reward  3495.73  thrpt  81.56Mbps  comp 0.582  totfail 0.415  depth 3.86
    SUS+EDF       reward -1329.77  thrpt  61.88Mbps  comp 0.442  totfail 0.554  depth 3.93
    SU+CQI        reward  2171.22  thrpt  74.37Mbps  comp 0.556  totfail 0.441  depth 1.00
    SU+Deadline-PF  reward -1082.41  thrpt  62.00Mbps  comp 0.452  totfail 0.543  depth 1.00
    SU+PF         reward -1217.21  thrpt  63.74Mbps  comp 0.456  totfail 0.540  depth 1.00
    SU+Random     reward -3984.34  thrpt  54.67Mbps  comp 0.374  totfail 0.621  depth 1.00
    SU+MW         reward  1716.76  thrpt  73.38Mbps  comp 0.538  totfail 0.459  depth 1.00
    SU+EDF        reward -7488.39  thrpt  35.99Mbps  comp 0.270  totfail 0.725  depth 1.00
  >>> new best eval reward 2246.27, saved best.pt
[  10/866] rew= 3564.3  thr=59.01Mbps  comp=0.613  drop=0.000  SINR= 14.7dB  KL= 0.0048  ent=2.555  clip=0.056  ev=-0.33  t=6213s
    [kl-stop] update 14: minibatch KL 0.0414 > 0.0300 (epoch 2/4) -- actor frozen, value-only for remaining passes
[  15/866] rew= 1792.5  thr=71.10Mbps  comp=0.518  drop=0.000  SINR= 12.2dB  KL= 0.0055  ent=2.561  clip=0.062  ev=-0.06  t=9005s
  --- eval at update 19 ---
    PPO           reward  2965.35  thrpt  79.80Mbps  comp 0.566  totfail 0.431  depth 3.95
  >>> new best eval reward 2965.35, saved best.pt
[  20/866] rew=-1261.1  thr=83.52Mbps  comp=0.431  drop=0.000  SINR= 10.4dB  KL= 0.0058  ent=2.790  clip=0.074  ev=-0.02  t=12154s
[  25/866] rew= 6757.2  thr=63.66Mbps  comp=0.822  drop=0.000  SINR= 20.1dB  KL= 0.0012  ent=1.709  clip=0.000  ev=-0.00  t=15043s
  --- eval at update 29 ---
    PPO           reward  3466.85  thrpt  79.81Mbps  comp 0.584  totfail 0.413  depth 3.95
  >>> new best eval reward 3466.85, saved best.pt
[  30/866] rew= 1086.8  thr=59.15Mbps  comp=0.495  drop=0.000  SINR=  5.9dB  KL= 0.0060  ent=2.458  clip=0.075  ev=+0.03  t=18106s
[  35/866] rew= 2536.0  thr=61.20Mbps  comp=0.560  drop=0.000  SINR=  8.7dB  KL= 0.0080  ent=2.168  clip=0.111  ev=-0.06  t=20858s
  --- eval at update 39 ---
    PPO           reward  3362.99  thrpt  79.12Mbps  comp 0.583  totfail 0.414  depth 3.91
    [kl-stop] update 40: minibatch KL 0.0309 > 0.0300 (epoch 4/4) -- actor frozen, value-only for remaining passes
[  40/866] rew=-4729.4  thr=68.08Mbps  comp=0.348  drop=0.000  SINR=  7.6dB  KL= 0.0120  ent=2.885  clip=0.173  ev=+0.06  t=23801s
[  45/866] rew= 1258.2  thr=98.80Mbps  comp=0.484  drop=0.000  SINR= 16.5dB  KL= 0.0086  ent=2.776  clip=0.135  ev=+0.01  t=26519s
    [kl-stop] update 46: minibatch KL 0.0314 > 0.0300 (epoch 3/4) -- actor frozen, value-only for remaining passes
  --- eval at update 49 ---
    PPO           reward  3620.99  thrpt  79.37Mbps  comp 0.594  totfail 0.403  depth 3.48
  >>> new best eval reward 3620.99, saved best.pt
[  50/866] rew= 4669.5  thr=50.84Mbps  comp=0.748  drop=0.000  SINR=  9.8dB  KL= 0.0061  ent=1.918  clip=0.076  ev=-0.02  t=29138s
[  55/866] rew= 2628.4  thr=63.45Mbps  comp=0.558  drop=0.000  SINR= 11.8dB  KL= 0.0068  ent=2.162  clip=0.093  ev=-0.10  t=31794s
    [kl-stop] update 56: minibatch KL 0.0441 > 0.0300 (epoch 1/4) -- actor frozen, value-only for remaining passes
    [kl-stop] update 59: minibatch KL 0.0329 > 0.0300 (epoch 4/4) -- actor frozen, value-only for remaining passes
  --- eval at update 59 ---
    PPO           reward  3618.54  thrpt  78.80Mbps  comp 0.596  totfail 0.401  depth 3.22
[  60/866] rew= 3370.6  thr=104.70Mbps  comp=0.534  drop=0.000  SINR= 12.9dB  KL= 0.0064  ent=2.739  clip=0.084  ev=-0.02  t=34298s
[  65/866] rew= 4402.9  thr=55.07Mbps  comp=0.693  drop=0.001  SINR=  8.7dB  KL= 0.0059  ent=1.826  clip=0.068  ev=+0.17  t=37078s
    [kl-stop] update 67: minibatch KL 0.0314 > 0.0300 (epoch 2/4) -- actor frozen, value-only for remaining passes
  --- eval at update 69 ---
    PPO           reward  3389.24  thrpt  78.98Mbps  comp 0.586  totfail 0.411  depth 3.84
[  70/866] rew= -622.2  thr=55.17Mbps  comp=0.443  drop=0.000  SINR= 11.4dB  KL= 0.0089  ent=2.423  clip=0.128  ev=+0.03  t=39999s
[  75/866] rew=  680.7  thr=96.36Mbps  comp=0.476  drop=0.000  SINR= 10.3dB  KL= 0.0088  ent=2.761  clip=0.127  ev=+0.09  t=42900s
    [kl-stop] update 78: minibatch KL 0.0360 > 0.0300 (epoch 2/4) -- actor frozen, value-only for remaining passes
  --- eval at update 79 ---
    PPO           reward  3347.82  thrpt  78.93Mbps  comp 0.584  totfail 0.413  depth 3.89
[  80/866] rew= 3677.2  thr=80.05Mbps  comp=0.571  drop=0.000  SINR= 12.8dB  KL= 0.0044  ent=2.255  clip=0.045  ev=+0.12  t=45850s
[  85/866] rew= 2834.8  thr=42.98Mbps  comp=0.638  drop=0.000  SINR=  6.4dB  KL= 0.0082  ent=1.832  clip=0.118  ev=+0.14  t=48710s
  --- eval at update 89 ---
    PPO           reward  3376.34  thrpt  79.03Mbps  comp 0.585  totfail 0.412  depth 3.85
[  90/866] rew= 3360.2  thr=65.31Mbps  comp=0.590  drop=0.000  SINR=  9.6dB  KL= 0.0056  ent=2.428  clip=0.072  ev=+0.20  t=51777s
    [kl-stop] update 93: minibatch KL 0.0317 > 0.0300 (epoch 4/4) -- actor frozen, value-only for remaining passes
[  95/866] rew= 4846.5  thr=58.09Mbps  comp=0.706  drop=0.000  SINR= 13.5dB  KL= 0.0078  ent=1.939  clip=0.116  ev=+0.15  t=54613s
    [kl-stop] update 97: minibatch KL 0.0314 > 0.0300 (epoch 2/4) -- actor frozen, value-only for remaining passes
  --- eval at update 99 ---
    PPO           reward  3480.36  thrpt  79.36Mbps  comp 0.589  totfail 0.409  depth 3.78
[ 100/866] rew= -883.0  thr=78.24Mbps  comp=0.439  drop=0.000  SINR= 12.8dB  KL= 0.0079  ent=2.619  clip=0.118  ev=+0.12  t=57385s
[ 105/866] rew= 3133.3  thr=60.09Mbps  comp=0.597  drop=0.001  SINR=  9.5dB  KL= 0.0069  ent=1.923  clip=0.095  ev=+0.16  t=60239s
  --- eval at update 109 ---
    PPO           reward  3601.61  thrpt  79.46Mbps  comp 0.593  totfail 0.404  depth 3.40
[ 110/866] rew= 1345.2  thr=76.44Mbps  comp=0.503  drop=0.000  SINR= 11.7dB  KL= 0.0076  ent=2.199  clip=0.106  ev=+0.07  t=63282s
[ 115/866] rew= 4597.9  thr=65.17Mbps  comp=0.657  drop=0.000  SINR=  9.2dB  KL= 0.0038  ent=1.930  clip=0.038  ev=+0.11  t=65982s
    [kl-stop] update 116: minibatch KL 0.0303 > 0.0300 (epoch 4/4) -- actor frozen, value-only for remaining passes
    [kl-stop] update 119: minibatch KL 0.0375 > 0.0300 (epoch 3/4) -- actor frozen, value-only for remaining passes
  --- eval at update 119 ---
    PPO           reward  3664.70  thrpt  79.56Mbps  comp 0.594  totfail 0.403  depth 3.29
  >>> new best eval reward 3664.70, saved best.pt
[ 120/866] rew= 2830.8  thr=47.80Mbps  comp=0.620  drop=0.001  SINR= 14.8dB  KL= 0.0104  ent=1.795  clip=0.157  ev=+0.08  t=68690s
[ 125/866] rew=-1836.8  thr=57.11Mbps  comp=0.411  drop=0.000  SINR= 11.2dB  KL= 0.0079  ent=2.175  clip=0.105  ev=+0.11  t=71523s
    [kl-stop] update 126: minibatch KL 0.0375 > 0.0300 (epoch 4/4) -- actor frozen, value-only for remaining passes
  --- eval at update 129 ---
    PPO           reward  3760.90  thrpt  79.72Mbps  comp 0.598  totfail 0.399  depth 3.21
  >>> new best eval reward 3760.90, saved best.pt
[ 130/866] rew= 5210.2  thr=51.57Mbps  comp=0.794  drop=0.000  SINR=  9.8dB  KL= 0.0027  ent=1.632  clip=0.022  ev=+0.07  t=74466s
[ 135/866] rew=-2177.0  thr=108.37Mbps  comp=0.421  drop=0.000  SINR= 12.0dB  KL= 0.0078  ent=2.980  clip=0.105  ev=+0.16  t=77162s
  --- eval at update 139 ---
    PPO           reward  3704.69  thrpt  79.60Mbps  comp 0.597  totfail 0.401  depth 3.32
    [kl-stop] update 140: minibatch KL 0.0319 > 0.0300 (epoch 1/4) -- actor frozen, value-only for remaining passes
[ 140/866] rew= 1210.3  thr=84.46Mbps  comp=0.489  drop=0.000  SINR= 15.9dB  KL= 0.0246  ent=2.468  clip=0.311  ev=+0.18  t=80030s
    [kl-stop] update 144: minibatch KL 0.0448 > 0.0300 (epoch 4/4) -- actor frozen, value-only for remaining passes
    [kl-stop] update 145: minibatch KL 0.0318 > 0.0300 (epoch 1/4) -- actor frozen, value-only for remaining passes
[ 145/866] rew= 3289.8  thr=41.16Mbps  comp=0.697  drop=0.002  SINR= 14.3dB  KL= 0.0287  ent=1.314  clip=0.378  ev=+0.07  t=82566s
    [kl-stop] update 147: minibatch KL 0.0393 > 0.0300 (epoch 1/4) -- actor frozen, value-only for remaining passes
    [kl-stop] update 148: minibatch KL 0.0327 > 0.0300 (epoch 4/4) -- actor frozen, value-only for remaining passes
  --- eval at update 149 ---
    PPO           reward  3821.94  thrpt  79.81Mbps  comp 0.600  totfail 0.397  depth 3.18
  >>> new best eval reward 3821.94, saved best.pt
[ 150/866] rew= 2540.9  thr=81.41Mbps  comp=0.531  drop=0.000  SINR= 12.1dB  KL= 0.0147  ent=2.280  clip=0.225  ev=+0.08  t=85250s
[ 155/866] rew= 3501.6  thr=86.76Mbps  comp=0.560  drop=0.000  SINR= 13.4dB  KL= 0.0124  ent=2.462  clip=0.191  ev=+0.21  t=87908s
  --- eval at update 159 ---
    PPO           reward  3754.18  thrpt  79.13Mbps  comp 0.599  totfail 0.398  depth 2.90
[ 160/866] rew= 2938.9  thr=39.03Mbps  comp=0.677  drop=0.003  SINR= 18.5dB  KL= 0.0077  ent=0.855  clip=0.105  ev=+0.03  t=90694s
    [kl-stop] update 161: minibatch KL 0.0307 > 0.0300 (epoch 4/4) -- actor frozen, value-only for remaining passes
[ 165/866] rew= 2386.4  thr=48.15Mbps  comp=0.590  drop=0.000  SINR= 15.6dB  KL= 0.0064  ent=1.644  clip=0.085  ev=+0.10  t=93276s
  --- eval at update 169 ---
    PPO           reward  3804.32  thrpt  79.12Mbps  comp 0.601  totfail 0.396  depth 2.58
    [kl-stop] update 170: minibatch KL 0.0307 > 0.0300 (epoch 4/4) -- actor frozen, value-only for remaining passes
[ 170/866] rew= 1634.9  thr=79.36Mbps  comp=0.511  drop=0.000  SINR=  8.9dB  KL= 0.0142  ent=2.499  clip=0.194  ev=+0.17  t=95988s
    [kl-stop] update 172: minibatch KL 0.0389 > 0.0300 (epoch 1/4) -- actor frozen, value-only for remaining passes
    [kl-stop] update 174: minibatch KL 0.0312 > 0.0300 (epoch 1/4) -- actor frozen, value-only for remaining passes
[ 175/866] rew= 2062.5  thr=42.17Mbps  comp=0.588  drop=0.002  SINR=  7.4dB  KL= 0.0085  ent=1.337  clip=0.117  ev=+0.02  t=98220s
  --- eval at update 179 ---
    PPO           reward  3819.12  thrpt  79.25Mbps  comp 0.601  totfail 0.396  depth 2.64
    [kl-stop] update 180: minibatch KL 0.0440 > 0.0300 (epoch 4/4) -- actor frozen, value-only for remaining passes
[ 180/866] rew= 3588.3  thr=78.95Mbps  comp=0.575  drop=0.000  SINR= 12.7dB  KL= 0.0175  ent=2.269  clip=0.240  ev=+0.14  t=100841s
    [kl-stop] update 181: minibatch KL 0.0416 > 0.0300 (epoch 4/4) -- actor frozen, value-only for remaining passes
    [kl-stop] update 183: minibatch KL 0.0320 > 0.0300 (epoch 3/4) -- actor frozen, value-only for remaining passes
[ 185/866] rew= 5047.7  thr=53.12Mbps  comp=0.761  drop=0.000  SINR= 14.2dB  KL= 0.0059  ent=1.633  clip=0.084  ev=+0.08  t=103316s
    [kl-stop] update 186: minibatch KL 0.0340 > 0.0300 (epoch 4/4) -- actor frozen, value-only for remaining passes
    [kl-stop] update 187: minibatch KL 0.0336 > 0.0300 (epoch 2/4) -- actor frozen, value-only for remaining passes
    [kl-stop] update 188: minibatch KL 0.0410 > 0.0300 (epoch 3/4) -- actor frozen, value-only for remaining passes
  --- eval at update 189 ---
    PPO           reward  3902.08  thrpt  79.82Mbps  comp 0.603  totfail 0.394  depth 2.84
  >>> new best eval reward 3902.08, saved best.pt
[ 190/866] rew= 1416.4  thr=78.63Mbps  comp=0.510  drop=0.000  SINR= 14.4dB  KL= 0.0117  ent=2.116  clip=0.171  ev=-0.40  t=105803s
    [kl-stop] update 192: minibatch KL 0.0316 > 0.0300 (epoch 4/4) -- actor frozen, value-only for remaining passes
    [kl-stop] update 193: minibatch KL 0.0393 > 0.0300 (epoch 4/4) -- actor frozen, value-only for remaining passes
[ 195/866] rew= 4792.9  thr=103.21Mbps  comp=0.580  drop=0.000  SINR= 14.8dB  KL= 0.0102  ent=2.238  clip=0.148  ev=-0.01  t=108393s
    [kl-stop] update 199: minibatch KL 0.0332 > 0.0300 (epoch 2/4) -- actor frozen, value-only for remaining passes
  --- eval at update 199 ---
    PPO           reward  3914.43  thrpt  79.93Mbps  comp 0.603  totfail 0.394  depth 2.87
  >>> new best eval reward 3914.43, saved best.pt
[ 200/866] rew= 6107.8  thr=61.31Mbps  comp=0.784  drop=0.000  SINR= 16.7dB  KL= 0.0117  ent=1.520  clip=0.167  ev=-0.10  t=111177s
    [kl-stop] update 201: minibatch KL 0.0399 > 0.0300 (epoch 4/4) -- actor frozen, value-only for remaining passes
    [kl-stop] update 203: minibatch KL 0.0598 > 0.0300 (epoch 1/4) -- actor frozen, value-only for remaining passes
    [kl-stop] update 204: minibatch KL 0.0311 > 0.0300 (epoch 1/4) -- actor frozen, value-only for remaining passes
[ 205/866] rew= 2816.6  thr=97.31Mbps  comp=0.528  drop=0.000  SINR= 11.8dB  KL= 0.0127  ent=2.515  clip=0.203  ev=+0.20  t=113533s
    [kl-stop] update 206: minibatch KL 0.0465 > 0.0300 (epoch 1/4) -- actor frozen, value-only for remaining passes
    [kl-stop] update 209: minibatch KL 0.0423 > 0.0300 (epoch 4/4) -- actor frozen, value-only for remaining passes
  --- eval at update 209 ---
    PPO           reward  3700.75  thrpt  79.78Mbps  comp 0.596  totfail 0.401  depth 3.46
[ 210/866] rew= 4644.8  thr=56.53Mbps  comp=0.703  drop=0.001  SINR= 10.1dB  KL= 0.0116  ent=1.478  clip=0.167  ev=-0.05  t=116326s
    [kl-stop] update 212: minibatch KL 0.0417 > 0.0300 (epoch 4/4) -- actor frozen, value-only for remaining passes
    [kl-stop] update 213: minibatch KL 0.0302 > 0.0300 (epoch 1/4) -- actor frozen, value-only for remaining passes
    [kl-stop] update 214: minibatch KL 0.0514 > 0.0300 (epoch 1/4) -- actor frozen, value-only for remaining passes
    [kl-stop] update 215: minibatch KL 0.0323 > 0.0300 (epoch 1/4) -- actor frozen, value-only for remaining passes
[ 215/866] rew= 4617.7  thr=72.95Mbps  comp=0.631  drop=0.000  SINR= 10.1dB  KL= 0.0297  ent=1.543  clip=0.377  ev=-0.03  t=118394s
    [kl-stop] update 216: minibatch KL 0.0506 > 0.0300 (epoch 1/4) -- actor frozen, value-only for remaining passes
  --- eval at update 219 ---
    PPO           reward  3496.85  thrpt  79.42Mbps  comp 0.589  totfail 0.408  depth 3.73
    [kl-stop] update 220: minibatch KL 0.0310 > 0.0300 (epoch 3/4) -- actor frozen, value-only for remaining passes
[ 220/866] rew= 4109.4  thr=85.98Mbps  comp=0.582  drop=0.000  SINR= 13.6dB  KL= 0.0163  ent=2.000  clip=0.226  ev=+0.02  t=121018s
    [kl-stop] update 221: minibatch KL 0.0670 > 0.0300 (epoch 2/4) -- actor frozen, value-only for remaining passes
    [kl-stop] update 222: minibatch KL 0.0309 > 0.0300 (epoch 4/4) -- actor frozen, value-only for remaining passes
    [kl-stop] update 224: minibatch KL 0.0340 > 0.0300 (epoch 3/4) -- actor frozen, value-only for remaining passes
    [kl-stop] update 225: minibatch KL 0.0300 > 0.0300 (epoch 1/4) -- actor frozen, value-only for remaining passes
[ 225/866] rew= 3601.1  thr=83.14Mbps  comp=0.573  drop=0.000  SINR= 14.5dB  KL= 0.0283  ent=1.568  clip=0.375  ev=+0.02  t=123278s
    [kl-stop] update 226: minibatch KL 0.0338 > 0.0300 (epoch 1/4) -- actor frozen, value-only for remaining passes
    [kl-stop] update 227: minibatch KL 0.0314 > 0.0300 (epoch 1/4) -- actor frozen, value-only for remaining passes
    [kl-stop] update 228: minibatch KL 0.0360 > 0.0300 (epoch 2/4) -- actor frozen, value-only for remaining passes
    [kl-stop] update 229: minibatch KL 0.0715 > 0.0300 (epoch 1/4) -- actor frozen, value-only for remaining passes
  --- eval at update 229 ---
    PPO           reward  3564.82  thrpt  79.56Mbps  comp 0.592  totfail 0.406  depth 3.63
    [kl-stop] update 230: minibatch KL 0.0302 > 0.0300 (epoch 1/4) -- actor frozen, value-only for remaining passes
[ 230/866] rew= 4069.4  thr=111.80Mbps  comp=0.554  drop=0.000  SINR= 16.6dB  KL= 0.0248  ent=1.895  clip=0.328  ev=+0.04  t=125278s
    [kl-stop] update 231: minibatch KL 0.0627 > 0.0300 (epoch 2/4) -- actor frozen, value-only for remaining passes
    [kl-stop] update 232: minibatch KL 0.0311 > 0.0300 (epoch 1/4) -- actor frozen, value-only for remaining passes
    [kl-stop] update 233: minibatch KL 0.0377 > 0.0300 (epoch 4/4) -- actor frozen, value-only for remaining passes
    [kl-stop] update 234: minibatch KL 0.0415 > 0.0300 (epoch 1/4) -- actor frozen, value-only for remaining passes
    [kl-stop] update 235: minibatch KL 0.0758 > 0.0300 (epoch 1/4) -- actor frozen, value-only for remaining passes
[ 235/866] rew= 3482.8  thr=121.74Mbps  comp=0.533  drop=0.000  SINR= 14.5dB  KL= 0.0664  ent=2.266  clip=0.547  ev=+0.09  t=127299s
    [kl-stop] update 236: minibatch KL 0.1222 > 0.0300 (epoch 1/4) -- actor frozen, value-only for remaining passes
    [kl-stop] update 237: minibatch KL 0.1129 > 0.0300 (epoch 1/4) -- actor frozen, value-only for remaining passes
    [kl-stop] update 238: minibatch KL 0.0432 > 0.0300 (epoch 1/4) -- actor frozen, value-only for remaining passes
    [kl-stop] update 239: minibatch KL 0.0704 > 0.0300 (epoch 1/4) -- actor frozen, value-only for remaining passes
  --- eval at update 239 ---
    PPO           reward  3842.20  thrpt  79.46Mbps  comp 0.601  totfail 0.396  depth 2.69
    [kl-stop] update 240: minibatch KL 0.0989 > 0.0300 (epoch 1/4) -- actor frozen, value-only for remaining passes
[ 240/866] rew= 2227.9  thr=77.12Mbps  comp=0.533  drop=0.000  SINR= 14.4dB  KL= 0.0835  ent=1.916  clip=0.584  ev=+0.13  t=129157s
    [kl-stop] update 241: minibatch KL 0.0492 > 0.0300 (epoch 1/4) -- actor frozen, value-only for remaining passes
    [kl-stop] update 244: minibatch KL 0.0328 > 0.0300 (epoch 3/4) -- actor frozen, value-only for remaining passes
    [kl-stop] update 245: minibatch KL 0.0338 > 0.0300 (epoch 4/4) -- actor frozen, value-only for remaining passes
[ 245/866] rew= 6238.8  thr=73.36Mbps  comp=0.712  drop=0.000  SINR= 12.2dB  KL= 0.0159  ent=1.663  clip=0.216  ev=+0.05  t=131474s
    [kl-stop] update 246: minibatch KL 0.0401 > 0.0300 (epoch 1/4) -- actor frozen, value-only for remaining passes
    [kl-stop] update 248: minibatch KL 0.0379 > 0.0300 (epoch 3/4) -- actor frozen, value-only for remaining passes
  --- eval at update 249 ---
    PPO           reward  3824.92  thrpt  79.38Mbps  comp 0.600  totfail 0.397  depth 2.58
    [kl-stop] update 250: minibatch KL 0.0324 > 0.0300 (epoch 4/4) -- actor frozen, value-only for remaining passes
[ 250/866] rew= 5924.3  thr=73.33Mbps  comp=0.695  drop=0.000  SINR= 15.2dB  KL= 0.0205  ent=1.865  clip=0.290  ev=-0.00  t=133989s
    [kl-stop] update 253: minibatch KL 0.0325 > 0.0300 (epoch 3/4) -- actor frozen, value-only for remaining passes
    [kl-stop] update 255: minibatch KL 0.0347 > 0.0300 (epoch 3/4) -- actor frozen, value-only for remaining passes
[ 255/866] rew= 2572.1  thr=92.08Mbps  comp=0.532  drop=0.000  SINR= 14.2dB  KL= 0.0197  ent=2.222  clip=0.262  ev=-0.30  t=136563s
    [kl-stop] update 257: minibatch KL 0.0378 > 0.0300 (epoch 2/4) -- actor frozen, value-only for remaining passes
    [kl-stop] update 258: minibatch KL 0.0329 > 0.0300 (epoch 4/4) -- actor frozen, value-only for remaining passes
  --- eval at update 259 ---
    PPO           reward  3912.96  thrpt  79.84Mbps  comp 0.603  totfail 0.395  depth 2.74
    [kl-stop] update 260: minibatch KL 0.0324 > 0.0300 (epoch 4/4) -- actor frozen, value-only for remaining passes
[ 260/866] rew= 4656.5  thr=63.68Mbps  comp=0.669  drop=0.000  SINR= 11.7dB  KL= 0.0144  ent=1.398  clip=0.202  ev=+0.08  t=138961s
    [kl-stop] update 263: minibatch KL 0.0305 > 0.0300 (epoch 3/4) -- actor frozen, value-only for remaining passes
    [kl-stop] update 264: minibatch KL 0.0497 > 0.0300 (epoch 3/4) -- actor frozen, value-only for remaining passes
    [kl-stop] update 265: minibatch KL 0.0309 > 0.0300 (epoch 2/4) -- actor frozen, value-only for remaining passes
[ 265/866] rew= 4456.5  thr=73.99Mbps  comp=0.622  drop=0.000  SINR= 17.6dB  KL= 0.0212  ent=1.982  clip=0.284  ev=+0.07  t=141244s
    [kl-stop] update 266: minibatch KL 0.0340 > 0.0300 (epoch 1/4) -- actor frozen, value-only for remaining passes
    [kl-stop] update 267: minibatch KL 0.0371 > 0.0300 (epoch 3/4) -- actor frozen, value-only for remaining passes
    [kl-stop] update 268: minibatch KL 0.0434 > 0.0300 (epoch 3/4) -- actor frozen, value-only for remaining passes
    [kl-stop] update 269: minibatch KL 0.0460 > 0.0300 (epoch 3/4) -- actor frozen, value-only for remaining passes
  --- eval at update 269 ---
    PPO           reward  3824.46  thrpt  79.37Mbps  comp 0.600  totfail 0.397  depth 2.60
    [kl-stop] update 270: minibatch KL 0.0356 > 0.0300 (epoch 4/4) -- actor frozen, value-only for remaining passes
[ 270/866] rew= 5361.5  thr=81.48Mbps  comp=0.638  drop=0.000  SINR= 19.0dB  KL= 0.0165  ent=2.008  clip=0.223  ev=+0.18  t=143656s
    [kl-stop] update 271: minibatch KL 0.0319 > 0.0300 (epoch 1/4) -- actor frozen, value-only for remaining passes
    [kl-stop] update 272: minibatch KL 0.0443 > 0.0300 (epoch 3/4) -- actor frozen, value-only for remaining passes
    [kl-stop] update 273: minibatch KL 0.0406 > 0.0300 (epoch 4/4) -- actor frozen, value-only for remaining passes
    [kl-stop] update 275: minibatch KL 0.0324 > 0.0300 (epoch 3/4) -- actor frozen, value-only for remaining passes
[ 275/866] rew= 3404.0  thr=80.07Mbps  comp=0.573  drop=0.000  SINR= 10.4dB  KL= 0.0158  ent=1.634  clip=0.212  ev=+0.12  t=145846s
    [kl-stop] update 276: minibatch KL 0.0377 > 0.0300 (epoch 2/4) -- actor frozen, value-only for remaining passes
    [kl-stop] update 277: minibatch KL 0.0656 > 0.0300 (epoch 2/4) -- actor frozen, value-only for remaining passes
    [kl-stop] update 278: minibatch KL 0.0301 > 0.0300 (epoch 2/4) -- actor frozen, value-only for remaining passes
    [kl-stop] update 279: minibatch KL 0.0593 > 0.0300 (epoch 2/4) -- actor frozen, value-only for remaining passes
  --- eval at update 279 ---
    PPO           reward  3855.82  thrpt  79.44Mbps  comp 0.602  totfail 0.396  depth 2.56
    [kl-stop] update 280: minibatch KL 0.0439 > 0.0300 (epoch 1/4) -- actor frozen, value-only for remaining passes
[ 280/866] rew= 3314.5  thr=83.03Mbps  comp=0.559  drop=0.000  SINR=  8.7dB  KL= 0.0409  ent=2.218  clip=0.440  ev=+0.29  t=147899s
    [kl-stop] update 281: minibatch KL 0.0489 > 0.0300 (epoch 2/4) -- actor frozen, value-only for remaining passes
    [kl-stop] update 282: minibatch KL 0.0486 > 0.0300 (epoch 1/4) -- actor frozen, value-only for remaining passes
    [kl-stop] update 283: minibatch KL 0.0352 > 0.0300 (epoch 1/4) -- actor frozen, value-only for remaining passes
    [kl-stop] update 284: minibatch KL 0.0418 > 0.0300 (epoch 1/4) -- actor frozen, value-only for remaining passes
    [kl-stop] update 285: minibatch KL 0.0517 > 0.0300 (epoch 1/4) -- actor frozen, value-only for remaining passes
[ 285/866] rew=-2055.8  thr=109.93Mbps  comp=0.431  drop=0.000  SINR= 15.2dB  KL= 0.0431  ent=2.530  clip=0.476  ev=+0.26  t=149603s
    [kl-stop] update 286: minibatch KL 0.0358 > 0.0300 (epoch 2/4) -- actor frozen, value-only for remaining passes
    [kl-stop] update 287: minibatch KL 0.0588 > 0.0300 (epoch 1/4) -- actor frozen, value-only for remaining passes
    [kl-stop] update 288: minibatch KL 0.0440 > 0.0300 (epoch 1/4) -- actor frozen, value-only for remaining passes
    [kl-stop] update 289: minibatch KL 0.0314 > 0.0300 (epoch 3/4) -- actor frozen, value-only for remaining passes
  --- eval at update 289 ---
    PPO           reward  2875.12  thrpt  75.44Mbps  comp 0.574  totfail 0.423  depth 1.77
    [kl-stop] update 290: minibatch KL 0.0454 > 0.0300 (epoch 1/4) -- actor frozen, value-only for remaining passes
[ 290/866] rew= 4780.6  thr=83.68Mbps  comp=0.614  drop=0.000  SINR= 14.9dB  KL= 0.0413  ent=1.814  clip=0.474  ev=-0.08  t=151325s
    [kl-stop] update 291: minibatch KL 0.0842 > 0.0300 (epoch 1/4) -- actor frozen, value-only for remaining passes
    [kl-stop] update 293: minibatch KL 0.0615 > 0.0300 (epoch 1/4) -- actor frozen, value-only for remaining passes
    [kl-stop] update 294: minibatch KL 0.0756 > 0.0300 (epoch 1/4) -- actor frozen, value-only for remaining passes
    [kl-stop] update 295: minibatch KL 0.0868 > 0.0300 (epoch 1/4) -- actor frozen, value-only for remaining passes
[ 295/866] rew= -252.4  thr=64.53Mbps  comp=0.463  drop=0.000  SINR= 12.4dB  KL= 0.0904  ent=1.841  clip=0.601  ev=+0.16  t=152745s
    [kl-stop] update 296: minibatch KL 0.0910 > 0.0300 (epoch 1/4) -- actor frozen, value-only for remaining passes
    [kl-stop] update 297: minibatch KL 0.0348 > 0.0300 (epoch 3/4) -- actor frozen, value-only for remaining passes
    [kl-stop] update 298: minibatch KL 0.0747 > 0.0300 (epoch 2/4) -- actor frozen, value-only for remaining passes
    [kl-stop] update 299: minibatch KL 0.0398 > 0.0300 (epoch 1/4) -- actor frozen, value-only for remaining passes
  --- eval at update 299 ---
    PPO           reward  3378.14  thrpt  77.50Mbps  comp 0.588  totfail 0.409  depth 2.10
    [kl-stop] update 300: minibatch KL 0.0526 > 0.0300 (epoch 2/4) -- actor frozen, value-only for remaining passes
[ 300/866] rew= 3734.5  thr=82.34Mbps  comp=0.578  drop=0.000  SINR= 11.8dB  KL= 0.0502  ent=2.030  clip=0.477  ev=+0.15  t=154636s
    [kl-stop] update 301: minibatch KL 0.0556 > 0.0300 (epoch 2/4) -- actor frozen, value-only for remaining passes
    [kl-stop] update 302: minibatch KL 0.0473 > 0.0300 (epoch 1/4) -- actor frozen, value-only for remaining passes
    [kl-stop] update 303: minibatch KL 0.0454 > 0.0300 (epoch 1/4) -- actor frozen, value-only for remaining passes
    [kl-stop] update 304: minibatch KL 0.0609 > 0.0300 (epoch 3/4) -- actor frozen, value-only for remaining passes
    [kl-stop] update 305: minibatch KL 0.0308 > 0.0300 (epoch 2/4) -- actor frozen, value-only for remaining passes
[ 305/866] rew= 3687.8  thr=80.98Mbps  comp=0.574  drop=0.000  SINR= 16.1dB  KL= 0.0211  ent=2.032  clip=0.305  ev=+0.22  t=156434s
    [kl-stop] update 306: minibatch KL 0.0302 > 0.0300 (epoch 1/4) -- actor frozen, value-only for remaining passes
    [kl-stop] update 307: minibatch KL 0.0302 > 0.0300 (epoch 4/4) -- actor frozen, value-only for remaining passes
    [kl-stop] update 308: minibatch KL 0.0396 > 0.0300 (epoch 3/4) -- actor frozen, value-only for remaining passes
    [kl-stop] update 309: minibatch KL 0.0529 > 0.0300 (epoch 1/4) -- actor frozen, value-only for remaining passes
  --- eval at update 309 ---
    PPO           reward  2961.57  thrpt  75.80Mbps  comp 0.577  totfail 0.420  depth 1.82
    [kl-stop] update 310: minibatch KL 0.1006 > 0.0300 (epoch 1/4) -- actor frozen, value-only for remaining passes
[ 310/866] rew= 4832.8  thr=60.21Mbps  comp=0.692  drop=0.000  SINR= 14.1dB  KL= 0.0908  ent=1.607  clip=0.619  ev=+0.14  t=158192s
    [kl-stop] update 311: minibatch KL 0.0341 > 0.0300 (epoch 4/4) -- actor frozen, value-only for remaining passes
    [kl-stop] update 312: minibatch KL 0.0556 > 0.0300 (epoch 1/4) -- actor frozen, value-only for remaining passes
    [kl-stop] update 313: minibatch KL 0.0412 > 0.0300 (epoch 1/4) -- actor frozen, value-only for remaining passes
    [kl-stop] update 314: minibatch KL 0.0387 > 0.0300 (epoch 3/4) -- actor frozen, value-only for remaining passes
    [kl-stop] update 315: minibatch KL 0.0384 > 0.0300 (epoch 3/4) -- actor frozen, value-only for remaining passes
[ 315/866] rew=  207.8  thr=117.20Mbps  comp=0.473  drop=0.000  SINR= 15.6dB  KL= 0.0217  ent=2.435  clip=0.271  ev=+0.22  t=160214s
    [kl-stop] update 316: minibatch KL 0.0335 > 0.0300 (epoch 2/4) -- actor frozen, value-only for remaining passes
    [kl-stop] update 317: minibatch KL 0.0340 > 0.0300 (epoch 3/4) -- actor frozen, value-only for remaining passes
    [kl-stop] update 318: minibatch KL 0.0316 > 0.0300 (epoch 2/4) -- actor frozen, value-only for remaining passes
    [kl-stop] update 319: minibatch KL 0.0538 > 0.0300 (epoch 3/4) -- actor frozen, value-only for remaining passes
  --- eval at update 319 ---
    PPO           reward  3418.88  thrpt  77.58Mbps  comp 0.590  totfail 0.407  depth 2.09
    [kl-stop] update 320: minibatch KL 0.0750 > 0.0300 (epoch 1/4) -- actor frozen, value-only for remaining passes
[ 320/866] rew= 3866.5  thr=76.22Mbps  comp=0.595  drop=0.000  SINR= 17.3dB  KL= 0.0711  ent=1.541  clip=0.551  ev=+0.16  t=162010s
    [kl-stop] update 321: minibatch KL 0.0358 > 0.0300 (epoch 2/4) -- actor frozen, value-only for remaining passes
    [kl-stop] update 322: minibatch KL 0.0423 > 0.0300 (epoch 3/4) -- actor frozen, value-only for remaining passes
    [kl-stop] update 323: minibatch KL 0.0303 > 0.0300 (epoch 1/4) -- actor frozen, value-only for remaining passes
    [kl-stop] update 325: minibatch KL 0.0619 > 0.0300 (epoch 2/4) -- actor frozen, value-only for remaining passes
[ 325/866] rew= 3653.0  thr=52.98Mbps  comp=0.650  drop=0.001  SINR= 18.1dB  KL= 0.0350  ent=1.377  clip=0.357  ev=+0.01  t=163994s
    [kl-stop] update 326: minibatch KL 0.0675 > 0.0300 (epoch 1/4) -- actor frozen, value-only for remaining passes
    [kl-stop] update 327: minibatch KL 0.0414 > 0.0300 (epoch 1/4) -- actor frozen, value-only for remaining passes
    [kl-stop] update 328: minibatch KL 0.1015 > 0.0300 (epoch 1/4) -- actor frozen, value-only for remaining passes
    [kl-stop] update 329: minibatch KL 0.0482 > 0.0300 (epoch 1/4) -- actor frozen, value-only for remaining passes
  --- eval at update 329 ---
    PPO           reward  3852.53  thrpt  79.54Mbps  comp 0.602  totfail 0.395  depth 2.75
    [kl-stop] update 330: minibatch KL 0.0415 > 0.0300 (epoch 2/4) -- actor frozen, value-only for remaining passes
[ 330/866] rew= 2691.0  thr=99.22Mbps  comp=0.527  drop=0.000  SINR= 14.3dB  KL= 0.0313  ent=2.144  clip=0.382  ev=+0.16  t=165828s
    [kl-stop] update 331: minibatch KL 0.0364 > 0.0300 (epoch 3/4) -- actor frozen, value-only for remaining passes
    [kl-stop] update 332: minibatch KL 0.0485 > 0.0300 (epoch 1/4) -- actor frozen, value-only for remaining passes
    [kl-stop] update 333: minibatch KL 0.0404 > 0.0300 (epoch 1/4) -- actor frozen, value-only for remaining passes
    [kl-stop] update 334: minibatch KL 0.0313 > 0.0300 (epoch 3/4) -- actor frozen, value-only for remaining passes
[ 335/866] rew= 2004.7  thr=110.37Mbps  comp=0.510  drop=0.000  SINR= 11.9dB  KL= 0.0119  ent=2.128  clip=0.180  ev=+0.16  t=167857s
    [kl-stop] update 336: minibatch KL 0.0407 > 0.0300 (epoch 3/4) -- actor frozen, value-only for remaining passes
    [kl-stop] update 338: minibatch KL 0.0410 > 0.0300 (epoch 2/4) -- actor frozen, value-only for remaining passes
    [kl-stop] update 339: minibatch KL 0.0376 > 0.0300 (epoch 3/4) -- actor frozen, value-only for remaining passes
  --- eval at update 339 ---
    PPO           reward  3832.17  thrpt  79.33Mbps  comp 0.601  totfail 0.396  depth 2.57
    [kl-stop] update 340: minibatch KL 0.0341 > 0.0300 (epoch 1/4) -- actor frozen, value-only for remaining passes
[ 340/866] rew= 7080.4  thr=71.21Mbps  comp=0.782  drop=0.000  SINR= 15.4dB  KL= 0.0311  ent=1.342  clip=0.389  ev=+0.05  t=170045s
    [kl-stop] update 342: minibatch KL 0.0422 > 0.0300 (epoch 4/4) -- actor frozen, value-only for remaining passes
    [kl-stop] update 343: minibatch KL 0.0420 > 0.0300 (epoch 1/4) -- actor frozen, value-only for remaining passes
    [kl-stop] update 344: minibatch KL 0.0359 > 0.0300 (epoch 1/4) -- actor frozen, value-only for remaining passes
    [kl-stop] update 345: minibatch KL 0.0696 > 0.0300 (epoch 1/4) -- actor frozen, value-only for remaining passes
[ 345/866] rew= 1208.0  thr=121.55Mbps  comp=0.490  drop=0.000  SINR= 15.3dB  KL= 0.0551  ent=2.184  clip=0.505  ev=+0.12  t=172209s
    [kl-stop] update 346: minibatch KL 0.0493 > 0.0300 (epoch 1/4) -- actor frozen, value-only for remaining passes
    [kl-stop] update 347: minibatch KL 0.0303 > 0.0300 (epoch 4/4) -- actor frozen, value-only for remaining passes
    [kl-stop] update 349: minibatch KL 0.0350 > 0.0300 (epoch 3/4) -- actor frozen, value-only for remaining passes
  --- eval at update 349 ---
    PPO           reward  3867.36  thrpt  79.92Mbps  comp 0.602  totfail 0.395  depth 3.07
    [kl-stop] update 350: minibatch KL 0.0306 > 0.0300 (epoch 4/4) -- actor frozen, value-only for remaining passes
[ 350/866] rew= 1336.2  thr=93.06Mbps  comp=0.505  drop=0.000  SINR= 15.2dB  KL= 0.0115  ent=1.567  clip=0.157  ev=-0.07  t=174780s
    [kl-stop] update 352: minibatch KL 0.0311 > 0.0300 (epoch 4/4) -- actor frozen, value-only for remaining passes
    [kl-stop] update 353: minibatch KL 0.0428 > 0.0300 (epoch 3/4) -- actor frozen, value-only for remaining passes
    [kl-stop] update 354: minibatch KL 0.0345 > 0.0300 (epoch 1/4) -- actor frozen, value-only for remaining passes
[ 355/866] rew= 2689.6  thr=87.28Mbps  comp=0.542  drop=0.000  SINR= 12.7dB  KL= 0.0143  ent=1.674  clip=0.202  ev=+0.11  t=177152s
    [kl-stop] update 356: minibatch KL 0.0316 > 0.0300 (epoch 3/4) -- actor frozen, value-only for remaining passes
    [kl-stop] update 357: minibatch KL 0.0308 > 0.0300 (epoch 1/4) -- actor frozen, value-only for remaining passes
    [kl-stop] update 358: minibatch KL 0.0316 > 0.0300 (epoch 4/4) -- actor frozen, value-only for remaining passes
    [kl-stop] update 359: minibatch KL 0.0325 > 0.0300 (epoch 2/4) -- actor frozen, value-only for remaining passes
  --- eval at update 359 ---
    PPO           reward  3911.36  thrpt  80.07Mbps  comp 0.603  totfail 0.394  depth 2.98
    [kl-stop] update 360: minibatch KL 0.0311 > 0.0300 (epoch 3/4) -- actor frozen, value-only for remaining passes
[ 360/866] rew= 4471.8  thr=75.01Mbps  comp=0.619  drop=0.000  SINR=  8.1dB  KL= 0.0216  ent=1.690  clip=0.292  ev=+0.00  t=179573s
    [kl-stop] update 361: minibatch KL 0.0321 > 0.0300 (epoch 2/4) -- actor frozen, value-only for remaining passes
    [kl-stop] update 363: minibatch KL 0.0332 > 0.0300 (epoch 3/4) -- actor frozen, value-only for remaining passes
    [kl-stop] update 364: minibatch KL 0.0315 > 0.0300 (epoch 1/4) -- actor frozen, value-only for remaining passes
    [kl-stop] update 365: minibatch KL 0.0374 > 0.0300 (epoch 2/4) -- actor frozen, value-only for remaining passes
[ 365/866] rew= 2874.1  thr=118.31Mbps  comp=0.527  drop=0.000  SINR= 16.4dB  KL= 0.0290  ent=1.707  clip=0.367  ev=+0.21  t=181593s
    [kl-stop] update 366: minibatch KL 0.0375 > 0.0300 (epoch 1/4) -- actor frozen, value-only for remaining passes
    [kl-stop] update 367: minibatch KL 0.0306 > 0.0300 (epoch 4/4) -- actor frozen, value-only for remaining passes
    [kl-stop] update 368: minibatch KL 0.0328 > 0.0300 (epoch 3/4) -- actor frozen, value-only for remaining passes
  --- eval at update 369 ---
    PPO           reward  3798.52  thrpt  79.81Mbps  comp 0.600  totfail 0.397  depth 3.19
    [kl-stop] update 370: minibatch KL 0.0426 > 0.0300 (epoch 3/4) -- actor frozen, value-only for remaining passes
[ 370/866] rew= 5918.9  thr=85.93Mbps  comp=0.652  drop=0.000  SINR=  8.7dB  KL= 0.0269  ent=1.602  clip=0.326  ev=+0.02  t=183983s
    [kl-stop] update 371: minibatch KL 0.0325 > 0.0300 (epoch 1/4) -- actor frozen, value-only for remaining passes
    [kl-stop] update 372: minibatch KL 0.0310 > 0.0300 (epoch 4/4) -- actor frozen, value-only for remaining passes
    [kl-stop] update 373: minibatch KL 0.0386 > 0.0300 (epoch 3/4) -- actor frozen, value-only for remaining passes
    [kl-stop] update 374: minibatch KL 0.0387 > 0.0300 (epoch 1/4) -- actor frozen, value-only for remaining passes
    [kl-stop] update 375: minibatch KL 0.0361 > 0.0300 (epoch 2/4) -- actor frozen, value-only for remaining passes
[ 375/866] rew= 3256.5  thr=99.60Mbps  comp=0.546  drop=0.000  SINR= 12.5dB  KL= 0.0282  ent=1.584  clip=0.364  ev=+0.03  t=186190s
    [kl-stop] update 376: minibatch KL 0.0340 > 0.0300 (epoch 1/4) -- actor frozen, value-only for remaining passes
    [kl-stop] update 377: minibatch KL 0.0340 > 0.0300 (epoch 4/4) -- actor frozen, value-only for remaining passes
    [kl-stop] update 378: minibatch KL 0.0395 > 0.0300 (epoch 2/4) -- actor frozen, value-only for remaining passes
    [kl-stop] update 379: minibatch KL 0.0308 > 0.0300 (epoch 2/4) -- actor frozen, value-only for remaining passes
  --- eval at update 379 ---
    PPO           reward  3866.70  thrpt  80.04Mbps  comp 0.602  totfail 0.396  depth 3.11
    [kl-stop] update 380: minibatch KL 0.0619 > 0.0300 (epoch 2/4) -- actor frozen, value-only for remaining passes
[ 380/866] rew= 2721.6  thr=84.93Mbps  comp=0.545  drop=0.000  SINR= 12.0dB  KL= 0.0369  ent=1.570  clip=0.379  ev=+0.04  t=188396s
    [kl-stop] update 381: minibatch KL 0.0328 > 0.0300 (epoch 1/4) -- actor frozen, value-only for remaining passes
    [kl-stop] update 382: minibatch KL 0.0651 > 0.0300 (epoch 3/4) -- actor frozen, value-only for remaining passes
    [kl-stop] update 383: minibatch KL 0.0489 > 0.0300 (epoch 1/4) -- actor frozen, value-only for remaining passes
    [kl-stop] update 384: minibatch KL 0.1553 > 0.0300 (epoch 1/4) -- actor frozen, value-only for remaining passes
    [kl-stop] update 385: minibatch KL 0.1161 > 0.0300 (epoch 1/4) -- actor frozen, value-only for remaining passes
[ 385/866] rew= 2058.5  thr=38.49Mbps  comp=0.600  drop=0.000  SINR=  8.1dB  KL= 0.1128  ent=1.220  clip=0.660  ev=+0.09  t=190061s
    [kl-stop] update 386: minibatch KL 0.0590 > 0.0300 (epoch 1/4) -- actor frozen, value-only for remaining passes
    [kl-stop] update 387: minibatch KL 0.0547 > 0.0300 (epoch 1/4) -- actor frozen, value-only for remaining passes
    [kl-stop] update 388: minibatch KL 0.0312 > 0.0300 (epoch 3/4) -- actor frozen, value-only for remaining passes
    [kl-stop] update 389: minibatch KL 0.0343 > 0.0300 (epoch 2/4) -- actor frozen, value-only for remaining passes
  --- eval at update 389 ---
    PPO           reward  3677.59  thrpt  79.84Mbps  comp 0.596  totfail 0.402  depth 3.52
    [kl-stop] update 390: minibatch KL 0.0451 > 0.0300 (epoch 2/4) -- actor frozen, value-only for remaining passes
[ 390/866] rew= 3611.5  thr=38.45Mbps  comp=0.756  drop=0.000  SINR= 10.4dB  KL= 0.0299  ent=0.594  clip=0.323  ev=+0.12  t=192051s
    [kl-stop] update 391: minibatch KL 0.0305 > 0.0300 (epoch 2/4) -- actor frozen, value-only for remaining passes
    [kl-stop] update 393: minibatch KL 0.0344 > 0.0300 (epoch 2/4) -- actor frozen, value-only for remaining passes
    [kl-stop] update 394: minibatch KL 0.0515 > 0.0300 (epoch 2/4) -- actor frozen, value-only for remaining passes
    [kl-stop] update 395: minibatch KL 0.0383 > 0.0300 (epoch 4/4) -- actor frozen, value-only for remaining passes
[ 395/866] rew= 6056.1  thr=101.18Mbps  comp=0.621  drop=0.000  SINR= 13.9dB  KL= 0.0188  ent=1.546  clip=0.259  ev=+0.14  t=194266s
    [kl-stop] update 396: minibatch KL 0.0308 > 0.0300 (epoch 3/4) -- actor frozen, value-only for remaining passes
    [kl-stop] update 397: minibatch KL 0.0306 > 0.0300 (epoch 4/4) -- actor frozen, value-only for remaining passes
    [kl-stop] update 398: minibatch KL 0.0355 > 0.0300 (epoch 1/4) -- actor frozen, value-only for remaining passes
    [kl-stop] update 399: minibatch KL 0.0374 > 0.0300 (epoch 2/4) -- actor frozen, value-only for remaining passes
  --- eval at update 399 ---
    PPO           reward  3617.20  thrpt  79.71Mbps  comp 0.594  totfail 0.403  depth 3.57
    [kl-stop] update 400: minibatch KL 0.0447 > 0.0300 (epoch 2/4) -- actor frozen, value-only for remaining passes
[ 400/866] rew= 1350.7  thr=76.85Mbps  comp=0.509  drop=0.000  SINR= 10.1dB  KL= 0.0284  ent=1.323  clip=0.340  ev=+0.17  t=196654s
    [kl-stop] update 401: minibatch KL 0.0306 > 0.0300 (epoch 2/4) -- actor frozen, value-only for remaining passes
    [kl-stop] update 402: minibatch KL 0.0356 > 0.0300 (epoch 1/4) -- actor frozen, value-only for remaining passes
    [kl-stop] update 403: minibatch KL 0.0844 > 0.0300 (epoch 1/4) -- actor frozen, value-only for remaining passes
    [kl-stop] update 404: minibatch KL 0.0589 > 0.0300 (epoch 1/4) -- actor frozen, value-only for remaining passes
    [kl-stop] update 405: minibatch KL 0.0410 > 0.0300 (epoch 1/4) -- actor frozen, value-only for remaining passes
[ 405/866] rew= 4890.2  thr=55.31Mbps  comp=0.731  drop=0.001  SINR= 18.7dB  KL= 0.0330  ent=0.927  clip=0.386  ev=+0.08  t=198342s
    [kl-stop] update 407: minibatch KL 0.0342 > 0.0300 (epoch 3/4) -- actor frozen, value-only for remaining passes
    [kl-stop] update 408: minibatch KL 0.0336 > 0.0300 (epoch 2/4) -- actor frozen, value-only for remaining passes
    [kl-stop] update 409: minibatch KL 0.0310 > 0.0300 (epoch 2/4) -- actor frozen, value-only for remaining passes
  --- eval at update 409 ---
    PPO           reward  3812.04  thrpt  79.82Mbps  comp 0.600  totfail 0.397  depth 3.20
    [kl-stop] update 410: minibatch KL 0.0637 > 0.0300 (epoch 2/4) -- actor frozen, value-only for remaining passes
[ 410/866] rew= 4460.9  thr=69.07Mbps  comp=0.638  drop=0.000  SINR=  8.5dB  KL= 0.0409  ent=1.498  clip=0.426  ev=+0.17  t=200537s
    [kl-stop] update 411: minibatch KL 0.0338 > 0.0300 (epoch 3/4) -- actor frozen, value-only for remaining passes
    [kl-stop] update 412: minibatch KL 0.0331 > 0.0300 (epoch 2/4) -- actor frozen, value-only for remaining passes
    [kl-stop] update 413: minibatch KL 0.0348 > 0.0300 (epoch 3/4) -- actor frozen, value-only for remaining passes
[ 415/866] rew= 2871.9  thr=41.00Mbps  comp=0.658  drop=0.001  SINR=  8.7dB  KL= 0.0113  ent=0.719  clip=0.154  ev=+0.19  t=202821s
    [kl-stop] update 417: minibatch KL 0.0317 > 0.0300 (epoch 2/4) -- actor frozen, value-only for remaining passes
    [kl-stop] update 419: minibatch KL 0.0334 > 0.0300 (epoch 1/4) -- actor frozen, value-only for remaining passes
  --- eval at update 419 ---
    PPO           reward  3791.14  thrpt  79.84Mbps  comp 0.600  totfail 0.398  depth 3.21
[ 420/866] rew= 3201.0  thr=57.05Mbps  comp=0.611  drop=0.000  SINR= 11.0dB  KL= 0.0130  ent=1.047  clip=0.194  ev=+0.12  t=205158s
    [kl-stop] update 424: minibatch KL 0.0548 > 0.0300 (epoch 1/4) -- actor frozen, value-only for remaining passes
    [kl-stop] update 425: minibatch KL 0.0411 > 0.0300 (epoch 1/4) -- actor frozen, value-only for remaining passes
[ 425/866] rew= 2403.2  thr=29.53Mbps  comp=0.702  drop=0.002  SINR=  6.2dB  KL= 0.0386  ent=0.456  clip=0.383  ev=+0.09  t=207221s
    [kl-stop] update 426: minibatch KL 0.0308 > 0.0300 (epoch 1/4) -- actor frozen, value-only for remaining passes
    [kl-stop] update 427: minibatch KL 0.0335 > 0.0300 (epoch 1/4) -- actor frozen, value-only for remaining passes
    [kl-stop] update 428: minibatch KL 0.0507 > 0.0300 (epoch 1/4) -- actor frozen, value-only for remaining passes
    [kl-stop] update 429: minibatch KL 0.0474 > 0.0300 (epoch 4/4) -- actor frozen, value-only for remaining passes
  --- eval at update 429 ---
    PPO           reward  3896.81  thrpt  79.85Mbps  comp 0.603  totfail 0.394  depth 2.72
    [kl-stop] update 430: minibatch KL 0.0395 > 0.0300 (epoch 1/4) -- actor frozen, value-only for remaining passes
[ 430/866] rew= 4023.3  thr=104.05Mbps  comp=0.562  drop=0.000  SINR= 13.8dB  KL= 0.0372  ent=1.678  clip=0.433  ev=+0.15  t=209100s
    [kl-stop] update 431: minibatch KL 0.0592 > 0.0300 (epoch 1/4) -- actor frozen, value-only for remaining passes
    [kl-stop] update 432: minibatch KL 0.0367 > 0.0300 (epoch 2/4) -- actor frozen, value-only for remaining passes
    [kl-stop] update 433: minibatch KL 0.0543 > 0.0300 (epoch 3/4) -- actor frozen, value-only for remaining passes
    [kl-stop] update 434: minibatch KL 0.0367 > 0.0300 (epoch 2/4) -- actor frozen, value-only for remaining passes
    [kl-stop] update 435: minibatch KL 0.0347 > 0.0300 (epoch 3/4) -- actor frozen, value-only for remaining passes
[ 435/866] rew= 1553.9  thr=78.95Mbps  comp=0.517  drop=0.000  SINR= 12.0dB  KL= 0.0204  ent=1.304  clip=0.268  ev=+0.07  t=210927s
    [kl-stop] update 436: minibatch KL 0.0406 > 0.0300 (epoch 1/4) -- actor frozen, value-only for remaining passes
    [kl-stop] update 437: minibatch KL 0.0341 > 0.0300 (epoch 1/4) -- actor frozen, value-only for remaining passes
    [kl-stop] update 438: minibatch KL 0.0422 > 0.0300 (epoch 3/4) -- actor frozen, value-only for remaining passes
    [kl-stop] update 439: minibatch KL 0.0385 > 0.0300 (epoch 1/4) -- actor frozen, value-only for remaining passes
  --- eval at update 439 ---
    PPO           reward  3918.02  thrpt  79.96Mbps  comp 0.604  totfail 0.394  depth 2.70
  >>> new best eval reward 3918.02, saved best.pt
    [kl-stop] update 440: minibatch KL 0.0361 > 0.0300 (epoch 3/4) -- actor frozen, value-only for remaining passes
[ 440/866] rew= 4497.7  thr=89.04Mbps  comp=0.596  drop=0.000  SINR= 12.3dB  KL= 0.0175  ent=1.236  clip=0.220  ev=-0.00  t=212920s
    [kl-stop] update 441: minibatch KL 0.0449 > 0.0300 (epoch 4/4) -- actor frozen, value-only for remaining passes
    [kl-stop] update 442: minibatch KL 0.0437 > 0.0300 (epoch 2/4) -- actor frozen, value-only for remaining passes
    [kl-stop] update 444: minibatch KL 0.0308 > 0.0300 (epoch 4/4) -- actor frozen, value-only for remaining passes
    [kl-stop] update 445: minibatch KL 0.0634 > 0.0300 (epoch 1/4) -- actor frozen, value-only for remaining passes
[ 445/866] rew= 4041.3  thr=78.48Mbps  comp=0.592  drop=0.000  SINR= 21.9dB  KL= 0.0644  ent=1.773  clip=0.528  ev=+0.26  t=214977s
    [kl-stop] update 446: minibatch KL 0.0923 > 0.0300 (epoch 1/4) -- actor frozen, value-only for remaining passes
    [kl-stop] update 448: minibatch KL 0.0444 > 0.0300 (epoch 3/4) -- actor frozen, value-only for remaining passes
    [kl-stop] update 449: minibatch KL 0.1160 > 0.0300 (epoch 1/4) -- actor frozen, value-only for remaining passes
  --- eval at update 449 ---
    PPO           reward  3771.46  thrpt  79.25Mbps  comp 0.600  totfail 0.398  depth 2.45
    [kl-stop] update 450: minibatch KL 0.0948 > 0.0300 (epoch 1/4) -- actor frozen, value-only for remaining passes
[ 450/866] rew= 4420.9  thr=68.29Mbps  comp=0.639  drop=0.000  SINR= 14.4dB  KL= 0.1156  ent=1.338  clip=0.631  ev=+0.19  t=216928s
    [kl-stop] update 451: minibatch KL 0.0869 > 0.0300 (epoch 1/4) -- actor frozen, value-only for remaining passes
    [kl-stop] update 452: minibatch KL 0.0561 > 0.0300 (epoch 1/4) -- actor frozen, value-only for remaining passes
    [kl-stop] update 453: minibatch KL 0.0505 > 0.0300 (epoch 1/4) -- actor frozen, value-only for remaining passes
    [kl-stop] update 454: minibatch KL 0.0973 > 0.0300 (epoch 1/4) -- actor frozen, value-only for remaining passes
    [kl-stop] update 455: minibatch KL 0.1395 > 0.0300 (epoch 1/4) -- actor frozen, value-only for remaining passes
[ 455/866] rew= 5518.6  thr=51.89Mbps  comp=0.812  drop=0.001  SINR= 15.5dB  KL= 0.1498  ent=0.927  clip=0.638  ev=-0.06  t=218357s
    [kl-stop] update 456: minibatch KL 0.0485 > 0.0300 (epoch 1/4) -- actor frozen, value-only for remaining passes
    [kl-stop] update 457: minibatch KL 0.0355 > 0.0300 (epoch 1/4) -- actor frozen, value-only for remaining passes
    [kl-stop] update 458: minibatch KL 0.0323 > 0.0300 (epoch 1/4) -- actor frozen, value-only for remaining passes
    [kl-stop] update 459: minibatch KL 0.0527 > 0.0300 (epoch 3/4) -- actor frozen, value-only for remaining passes
  --- eval at update 459 ---
    PPO           reward  2788.29  thrpt  75.39Mbps  comp 0.571  totfail 0.425  depth 1.62
    [kl-stop] update 460: minibatch KL 0.0349 > 0.0300 (epoch 1/4) -- actor frozen, value-only for remaining passes
[ 460/866] rew= 6113.2  thr=85.73Mbps  comp=0.657  drop=0.000  SINR= 13.4dB  KL= 0.0322  ent=1.905  clip=0.399  ev=+0.20  t=220059s
    [kl-stop] update 461: minibatch KL 0.1121 > 0.0300 (epoch 1/4) -- actor frozen, value-only for remaining passes
    [kl-stop] update 462: minibatch KL 0.2518 > 0.0300 (epoch 1/4) -- actor frozen, value-only for remaining passes
    [kl-stop] update 463: minibatch KL 0.0754 > 0.0300 (epoch 1/4) -- actor frozen, value-only for remaining passes
    [kl-stop] update 464: minibatch KL 0.0377 > 0.0300 (epoch 1/4) -- actor frozen, value-only for remaining passes
    [kl-stop] update 465: minibatch KL 0.1155 > 0.0300 (epoch 1/4) -- actor frozen, value-only for remaining passes
[ 465/866] rew= 3692.4  thr=87.16Mbps  comp=0.567  drop=0.000  SINR= 15.5dB  KL= 0.1177  ent=1.925  clip=0.652  ev=+0.20  t=221396s
    [kl-stop] update 466: minibatch KL 0.1604 > 0.0300 (epoch 1/4) -- actor frozen, value-only for remaining passes
    [kl-stop] update 467: minibatch KL 0.1820 > 0.0300 (epoch 1/4) -- actor frozen, value-only for remaining passes
    [kl-stop] update 468: minibatch KL 0.1516 > 0.0300 (epoch 1/4) -- actor frozen, value-only for remaining passes
    [kl-stop] update 469: minibatch KL 0.0967 > 0.0300 (epoch 1/4) -- actor frozen, value-only for remaining passes
  --- eval at update 469 ---
    PPO           reward  3932.71  thrpt  80.12Mbps  comp 0.604  totfail 0.394  depth 2.78
  >>> new best eval reward 3932.71, saved best.pt
[ 470/866] rew= 4041.4  thr=54.02Mbps  comp=0.675  drop=0.000  SINR= 15.1dB  KL= 0.0183  ent=1.127  clip=0.271  ev=+0.07  t=223146s
    [kl-stop] update 471: minibatch KL 0.0304 > 0.0300 (epoch 1/4) -- actor frozen, value-only for remaining passes
    [kl-stop] update 472: minibatch KL 0.0531 > 0.0300 (epoch 2/4) -- actor frozen, value-only for remaining passes
    [kl-stop] update 473: minibatch KL 0.0627 > 0.0300 (epoch 2/4) -- actor frozen, value-only for remaining passes
    [kl-stop] update 474: minibatch KL 0.0522 > 0.0300 (epoch 3/4) -- actor frozen, value-only for remaining passes
    [kl-stop] update 475: minibatch KL 0.0309 > 0.0300 (epoch 2/4) -- actor frozen, value-only for remaining passes
[ 475/866] rew= 7042.5  thr=98.86Mbps  comp=0.661  drop=0.000  SINR= 12.3dB  KL= 0.0233  ent=1.487  clip=0.303  ev=+0.00  t=224947s
    [kl-stop] update 476: minibatch KL 0.0836 > 0.0300 (epoch 4/4) -- actor frozen, value-only for remaining passes
    [kl-stop] update 477: minibatch KL 0.0380 > 0.0300 (epoch 1/4) -- actor frozen, value-only for remaining passes
    [kl-stop] update 478: minibatch KL 0.0311 > 0.0300 (epoch 1/4) -- actor frozen, value-only for remaining passes
    [kl-stop] update 479: minibatch KL 0.0405 > 0.0300 (epoch 2/4) -- actor frozen, value-only for remaining passes
  --- eval at update 479 ---
    PPO           reward  3923.34  thrpt  80.01Mbps  comp 0.604  totfail 0.394  depth 2.70
    [kl-stop] update 480: minibatch KL 0.0795 > 0.0300 (epoch 1/4) -- actor frozen, value-only for remaining passes
[ 480/866] rew= 4816.0  thr=83.94Mbps  comp=0.613  drop=0.000  SINR= 13.7dB  KL= 0.0708  ent=1.647  clip=0.543  ev=+0.23  t=226938s
    [kl-stop] update 482: minibatch KL 0.0307 > 0.0300 (epoch 3/4) -- actor frozen, value-only for remaining passes
    [kl-stop] update 483: minibatch KL 0.0825 > 0.0300 (epoch 2/4) -- actor frozen, value-only for remaining passes
    [kl-stop] update 484: minibatch KL 0.0469 > 0.0300 (epoch 1/4) -- actor frozen, value-only for remaining passes
    [kl-stop] update 485: minibatch KL 0.0601 > 0.0300 (epoch 3/4) -- actor frozen, value-only for remaining passes
[ 485/866] rew= 4242.0  thr=64.07Mbps  comp=0.643  drop=0.000  SINR= 13.8dB  KL= 0.0306  ent=1.339  clip=0.337  ev=+0.14  t=228976s
    [kl-stop] update 486: minibatch KL 0.0388 > 0.0300 (epoch 1/4) -- actor frozen, value-only for remaining passes
    [kl-stop] update 487: minibatch KL 0.0512 > 0.0300 (epoch 1/4) -- actor frozen, value-only for remaining passes
    [kl-stop] update 488: minibatch KL 0.0481 > 0.0300 (epoch 1/4) -- actor frozen, value-only for remaining passes
    [kl-stop] update 489: minibatch KL 0.0881 > 0.0300 (epoch 1/4) -- actor frozen, value-only for remaining passes
  --- eval at update 489 ---
    PPO           reward  3805.41  thrpt  80.09Mbps  comp 0.600  totfail 0.398  depth 3.26
    [kl-stop] update 490: minibatch KL 0.1340 > 0.0300 (epoch 1/4) -- actor frozen, value-only for remaining passes
[ 490/866] rew= 3249.5  thr=92.37Mbps  comp=0.551  drop=0.000  SINR= 17.0dB  KL= 0.1188  ent=1.375  clip=0.627  ev=+0.20  t=230751s
    [kl-stop] update 491: minibatch KL 0.0415 > 0.0300 (epoch 1/4) -- actor frozen, value-only for remaining passes
    [kl-stop] update 492: minibatch KL 0.0306 > 0.0300 (epoch 1/4) -- actor frozen, value-only for remaining passes
    [kl-stop] update 493: minibatch KL 0.0326 > 0.0300 (epoch 1/4) -- actor frozen, value-only for remaining passes
    [kl-stop] update 495: minibatch KL 0.0345 > 0.0300 (epoch 3/4) -- actor frozen, value-only for remaining passes
[ 495/866] rew=  506.7  thr=100.66Mbps  comp=0.484  drop=0.000  SINR=  9.8dB  KL= 0.0215  ent=1.406  clip=0.284  ev=+0.25  t=232750s
    [kl-stop] update 497: minibatch KL 0.0396 > 0.0300 (epoch 4/4) -- actor frozen, value-only for remaining passes
    [kl-stop] update 498: minibatch KL 0.0405 > 0.0300 (epoch 3/4) -- actor frozen, value-only for remaining passes
    [kl-stop] update 499: minibatch KL 0.0348 > 0.0300 (epoch 4/4) -- actor frozen, value-only for remaining passes
  --- eval at update 499 ---
    PPO           reward  3693.70  thrpt  79.89Mbps  comp 0.596  totfail 0.401  depth 3.42
    [kl-stop] update 500: minibatch KL 0.0317 > 0.0300 (epoch 4/4) -- actor frozen, value-only for remaining passes
[ 500/866] rew= 1032.1  thr=73.16Mbps  comp=0.502  drop=0.000  SINR=  9.3dB  KL= 0.0199  ent=1.240  clip=0.272  ev=+0.26  t=235442s
    [kl-stop] update 501: minibatch KL 0.0308 > 0.0300 (epoch 2/4) -- actor frozen, value-only for remaining passes
    [kl-stop] update 502: minibatch KL 0.0304 > 0.0300 (epoch 1/4) -- actor frozen, value-only for remaining passes
    [kl-stop] update 503: minibatch KL 0.0313 > 0.0300 (epoch 3/4) -- actor frozen, value-only for remaining passes
    [kl-stop] update 504: minibatch KL 0.0419 > 0.0300 (epoch 3/4) -- actor frozen, value-only for remaining passes
    [kl-stop] update 505: minibatch KL 0.0362 > 0.0300 (epoch 3/4) -- actor frozen, value-only for remaining passes
[ 505/866] rew= 5005.8  thr=61.61Mbps  comp=0.700  drop=0.000  SINR=  9.0dB  KL= 0.0177  ent=0.949  clip=0.223  ev=-0.23  t=237538s
    [kl-stop] update 506: minibatch KL 0.0330 > 0.0300 (epoch 4/4) -- actor frozen, value-only for remaining passes
    [kl-stop] update 507: minibatch KL 0.0328 > 0.0300 (epoch 2/4) -- actor frozen, value-only for remaining passes
    [kl-stop] update 508: minibatch KL 0.0403 > 0.0300 (epoch 2/4) -- actor frozen, value-only for remaining passes
    [kl-stop] update 509: minibatch KL 0.0310 > 0.0300 (epoch 2/4) -- actor frozen, value-only for remaining passes
  --- eval at update 509 ---
    PPO           reward  3704.17  thrpt  79.99Mbps  comp 0.596  totfail 0.401  depth 3.48
[ 510/866] rew= 5649.7  thr=73.45Mbps  comp=0.682  drop=0.000  SINR= 17.1dB  KL= 0.0178  ent=1.127  clip=0.263  ev=+0.17  t=240005s
    [kl-stop] update 511: minibatch KL 0.0346 > 0.0300 (epoch 3/4) -- actor frozen, value-only for remaining passes
    [kl-stop] update 512: minibatch KL 0.0432 > 0.0300 (epoch 1/4) -- actor frozen, value-only for remaining passes
    [kl-stop] update 514: minibatch KL 0.0315 > 0.0300 (epoch 4/4) -- actor frozen, value-only for remaining passes
    [kl-stop] update 515: minibatch KL 0.0452 > 0.0300 (epoch 1/4) -- actor frozen, value-only for remaining passes
[ 515/866] rew= 3569.0  thr=54.08Mbps  comp=0.645  drop=0.000  SINR= 12.0dB  KL= 0.0438  ent=0.955  clip=0.479  ev=+0.11  t=242214s
    [kl-stop] update 516: minibatch KL 0.0344 > 0.0300 (epoch 3/4) -- actor frozen, value-only for remaining passes
    [kl-stop] update 517: minibatch KL 0.0499 > 0.0300 (epoch 2/4) -- actor frozen, value-only for remaining passes
  --- eval at update 519 ---
    PPO           reward  3682.62  thrpt  79.84Mbps  comp 0.596  totfail 0.402  depth 3.45
    [kl-stop] update 520: minibatch KL 0.0323 > 0.0300 (epoch 1/4) -- actor frozen, value-only for remaining passes
[ 520/866] rew= 5114.1  thr=79.38Mbps  comp=0.638  drop=0.000  SINR= 13.3dB  KL= 0.0307  ent=1.216  clip=0.389  ev=+0.05  t=244647s
    [kl-stop] update 521: minibatch KL 0.0338 > 0.0300 (epoch 3/4) -- actor frozen, value-only for remaining passes
    [kl-stop] update 522: minibatch KL 0.0310 > 0.0300 (epoch 4/4) -- actor frozen, value-only for remaining passes
    [kl-stop] update 524: minibatch KL 0.0454 > 0.0300 (epoch 3/4) -- actor frozen, value-only for remaining passes
[ 525/866] rew= 4927.4  thr=82.55Mbps  comp=0.620  drop=0.000  SINR= 10.5dB  KL= 0.0164  ent=1.087  clip=0.242  ev=+0.20  t=247100s
    [kl-stop] update 526: minibatch KL 0.0309 > 0.0300 (epoch 3/4) -- actor frozen, value-only for remaining passes
    [kl-stop] update 528: minibatch KL 0.0352 > 0.0300 (epoch 3/4) -- actor frozen, value-only for remaining passes
    [kl-stop] update 529: minibatch KL 0.0365 > 0.0300 (epoch 3/4) -- actor frozen, value-only for remaining passes
  --- eval at update 529 ---
    PPO           reward  3713.13  thrpt  79.87Mbps  comp 0.597  totfail 0.400  depth 3.40
    [kl-stop] update 530: minibatch KL 0.0351 > 0.0300 (epoch 3/4) -- actor frozen, value-only for remaining passes
[ 530/866] rew= 4720.6  thr=51.24Mbps  comp=0.747  drop=0.000  SINR= 12.3dB  KL= 0.0209  ent=0.891  clip=0.271  ev=-0.14  t=249587s
    [kl-stop] update 531: minibatch KL 0.0476 > 0.0300 (epoch 2/4) -- actor frozen, value-only for remaining passes
    [kl-stop] update 532: minibatch KL 0.0619 > 0.0300 (epoch 1/4) -- actor frozen, value-only for remaining passes
    [kl-stop] update 533: minibatch KL 0.0413 > 0.0300 (epoch 2/4) -- actor frozen, value-only for remaining passes
    [kl-stop] update 534: minibatch KL 0.0338 > 0.0300 (epoch 1/4) -- actor frozen, value-only for remaining passes
    [kl-stop] update 535: minibatch KL 0.0333 > 0.0300 (epoch 2/4) -- actor frozen, value-only for remaining passes
[ 535/866] rew=  778.9  thr=43.07Mbps  comp=0.511  drop=0.001  SINR= 11.0dB  KL= 0.0192  ent=0.843  clip=0.250  ev=+0.19  t=251520s
    [kl-stop] update 536: minibatch KL 0.0305 > 0.0300 (epoch 2/4) -- actor frozen, value-only for remaining passes
    [kl-stop] update 537: minibatch KL 0.0378 > 0.0300 (epoch 1/4) -- actor frozen, value-only for remaining passes
    [kl-stop] update 538: minibatch KL 0.0312 > 0.0300 (epoch 2/4) -- actor frozen, value-only for remaining passes
    [kl-stop] update 539: minibatch KL 0.0382 > 0.0300 (epoch 3/4) -- actor frozen, value-only for remaining passes
  --- eval at update 539 ---
    PPO           reward  3691.92  thrpt  79.76Mbps  comp 0.596  totfail 0.401  depth 3.38
    [kl-stop] update 540: minibatch KL 0.0426 > 0.0300 (epoch 1/4) -- actor frozen, value-only for remaining passes
[ 540/866] rew= 3899.7  thr=78.90Mbps  comp=0.592  drop=0.000  SINR=  9.0dB  KL= 0.0369  ent=1.262  clip=0.436  ev=+0.04  t=253680s
    [kl-stop] update 541: minibatch KL 0.0308 > 0.0300 (epoch 2/4) -- actor frozen, value-only for remaining passes
    [kl-stop] update 542: minibatch KL 0.0412 > 0.0300 (epoch 2/4) -- actor frozen, value-only for remaining passes
    [kl-stop] update 544: minibatch KL 0.0312 > 0.0300 (epoch 3/4) -- actor frozen, value-only for remaining passes
    [kl-stop] update 545: minibatch KL 0.0342 > 0.0300 (epoch 3/4) -- actor frozen, value-only for remaining passes
[ 545/866] rew= 3597.4  thr=59.22Mbps  comp=0.627  drop=0.000  SINR= 13.6dB  KL= 0.0227  ent=0.775  clip=0.286  ev=+0.08  t=256010s
    [kl-stop] update 546: minibatch KL 0.0318 > 0.0300 (epoch 2/4) -- actor frozen, value-only for remaining passes
    [kl-stop] update 547: minibatch KL 0.0307 > 0.0300 (epoch 3/4) -- actor frozen, value-only for remaining passes
    [kl-stop] update 548: minibatch KL 0.0301 > 0.0300 (epoch 3/4) -- actor frozen, value-only for remaining passes
    [kl-stop] update 549: minibatch KL 0.0329 > 0.0300 (epoch 4/4) -- actor frozen, value-only for remaining passes
  --- eval at update 549 ---
    PPO           reward  3639.61  thrpt  79.63Mbps  comp 0.595  totfail 0.402  depth 3.42
    [kl-stop] update 550: minibatch KL 0.0332 > 0.0300 (epoch 3/4) -- actor frozen, value-only for remaining passes
[ 550/866] rew= 1914.0  thr=62.65Mbps  comp=0.542  drop=0.000  SINR=  8.5dB  KL= 0.0188  ent=0.946  clip=0.243  ev=+0.21  t=258477s
    [kl-stop] update 551: minibatch KL 0.0701 > 0.0300 (epoch 1/4) -- actor frozen, value-only for remaining passes
    [kl-stop] update 552: minibatch KL 0.0313 > 0.0300 (epoch 1/4) -- actor frozen, value-only for remaining passes
    [kl-stop] update 553: minibatch KL 0.0504 > 0.0300 (epoch 3/4) -- actor frozen, value-only for remaining passes
    [kl-stop] update 554: minibatch KL 0.0617 > 0.0300 (epoch 1/4) -- actor frozen, value-only for remaining passes
[ 555/866] rew= 3407.9  thr=74.32Mbps  comp=0.583  drop=0.000  SINR=  8.5dB  KL= 0.0164  ent=0.953  clip=0.235  ev=+0.09  t=260338s
    [kl-stop] update 556: minibatch KL 0.0337 > 0.0300 (epoch 2/4) -- actor frozen, value-only for remaining passes
    [kl-stop] update 557: minibatch KL 0.0380 > 0.0300 (epoch 2/4) -- actor frozen, value-only for remaining passes
    [kl-stop] update 558: minibatch KL 0.0313 > 0.0300 (epoch 3/4) -- actor frozen, value-only for remaining passes
    [kl-stop] update 559: minibatch KL 0.0305 > 0.0300 (epoch 2/4) -- actor frozen, value-only for remaining passes
  --- eval at update 559 ---
    PPO           reward  3766.89  thrpt  79.82Mbps  comp 0.599  totfail 0.398  depth 3.27
    [kl-stop] update 560: minibatch KL 0.0382 > 0.0300 (epoch 3/4) -- actor frozen, value-only for remaining passes
[ 560/866] rew= 4336.5  thr=80.92Mbps  comp=0.603  drop=0.000  SINR= 10.8dB  KL= 0.0301  ent=0.999  clip=0.359  ev=+0.12  t=262424s
    [kl-stop] update 561: minibatch KL 0.0369 > 0.0300 (epoch 2/4) -- actor frozen, value-only for remaining passes
    [kl-stop] update 562: minibatch KL 0.0304 > 0.0300 (epoch 2/4) -- actor frozen, value-only for remaining passes
    [kl-stop] update 563: minibatch KL 0.0333 > 0.0300 (epoch 2/4) -- actor frozen, value-only for remaining passes
    [kl-stop] update 564: minibatch KL 0.0401 > 0.0300 (epoch 1/4) -- actor frozen, value-only for remaining passes
    [kl-stop] update 565: minibatch KL 0.0322 > 0.0300 (epoch 2/4) -- actor frozen, value-only for remaining passes
[ 565/866] rew= 5785.5  thr=95.81Mbps  comp=0.622  drop=0.000  SINR= 11.9dB  KL= 0.0254  ent=1.265  clip=0.322  ev=+0.14  t=264421s
    [kl-stop] update 566: minibatch KL 0.0312 > 0.0300 (epoch 2/4) -- actor frozen, value-only for remaining passes
    [kl-stop] update 567: minibatch KL 0.0324 > 0.0300 (epoch 2/4) -- actor frozen, value-only for remaining passes
    [kl-stop] update 568: minibatch KL 0.0311 > 0.0300 (epoch 3/4) -- actor frozen, value-only for remaining passes
    [kl-stop] update 569: minibatch KL 0.0382 > 0.0300 (epoch 2/4) -- actor frozen, value-only for remaining passes
  --- eval at update 569 ---
    PPO           reward  3835.10  thrpt  79.94Mbps  comp 0.601  totfail 0.396  depth 3.18
    [kl-stop] update 570: minibatch KL 0.0350 > 0.0300 (epoch 4/4) -- actor frozen, value-only for remaining passes
[ 570/866] rew= 2505.5  thr=35.77Mbps  comp=0.658  drop=0.002  SINR=  7.0dB  KL= 0.0182  ent=0.858  clip=0.251  ev=+0.13  t=266600s
    [kl-stop] update 572: minibatch KL 0.0444 > 0.0300 (epoch 2/4) -- actor frozen, value-only for remaining passes
    [kl-stop] update 574: minibatch KL 0.0303 > 0.0300 (epoch 3/4) -- actor frozen, value-only for remaining passes
    [kl-stop] update 575: minibatch KL 0.0346 > 0.0300 (epoch 1/4) -- actor frozen, value-only for remaining passes
[ 575/866] rew=-1391.3  thr=105.15Mbps  comp=0.451  drop=0.000  SINR= 11.5dB  KL= 0.0325  ent=1.560  clip=0.427  ev=+0.35  t=268832s
    [kl-stop] update 577: minibatch KL 0.0307 > 0.0300 (epoch 1/4) -- actor frozen, value-only for remaining passes
    [kl-stop] update 579: minibatch KL 0.0351 > 0.0300 (epoch 1/4) -- actor frozen, value-only for remaining passes
  --- eval at update 579 ---
    PPO           reward  3831.69  thrpt  79.95Mbps  comp 0.601  totfail 0.396  depth 3.21
    [kl-stop] update 580: minibatch KL 0.0303 > 0.0300 (epoch 1/4) -- actor frozen, value-only for remaining passes
[ 580/866] rew= 2427.6  thr=80.34Mbps  comp=0.539  drop=0.000  SINR=  8.2dB  KL= 0.0250  ent=1.179  clip=0.340  ev=+0.23  t=271017s
    [kl-stop] update 581: minibatch KL 0.0399 > 0.0300 (epoch 2/4) -- actor frozen, value-only for remaining passes
    [kl-stop] update 583: minibatch KL 0.0316 > 0.0300 (epoch 2/4) -- actor frozen, value-only for remaining passes
    [kl-stop] update 584: minibatch KL 0.0309 > 0.0300 (epoch 2/4) -- actor frozen, value-only for remaining passes
    [kl-stop] update 585: minibatch KL 0.0389 > 0.0300 (epoch 4/4) -- actor frozen, value-only for remaining passes
[ 585/866] rew= 5993.3  thr=88.67Mbps  comp=0.649  drop=0.000  SINR= 12.7dB  KL= 0.0197  ent=1.093  clip=0.260  ev=+0.12  t=273273s
    [kl-stop] update 586: minibatch KL 0.0372 > 0.0300 (epoch 2/4) -- actor frozen, value-only for remaining passes
    [kl-stop] update 587: minibatch KL 0.0344 > 0.0300 (epoch 1/4) -- actor frozen, value-only for remaining passes
    [kl-stop] update 588: minibatch KL 0.0605 > 0.0300 (epoch 1/4) -- actor frozen, value-only for remaining passes
    [kl-stop] update 589: minibatch KL 0.0329 > 0.0300 (epoch 3/4) -- actor frozen, value-only for remaining passes
  --- eval at update 589 ---
    PPO           reward  3802.73  thrpt  79.72Mbps  comp 0.601  totfail 0.397  depth 3.15
    [kl-stop] update 590: minibatch KL 0.0807 > 0.0300 (epoch 1/4) -- actor frozen, value-only for remaining passes
[ 590/866] rew= 2398.6  thr=74.87Mbps  comp=0.545  drop=0.000  SINR= 18.5dB  KL= 0.0737  ent=1.016  clip=0.556  ev=+0.20  t=275227s
    [kl-stop] update 591: minibatch KL 0.2177 > 0.0300 (epoch 1/4) -- actor frozen, value-only for remaining passes
    [kl-stop] update 592: minibatch KL 0.0360 > 0.0300 (epoch 1/4) -- actor frozen, value-only for remaining passes
    [kl-stop] update 593: minibatch KL 0.0310 > 0.0300 (epoch 2/4) -- actor frozen, value-only for remaining passes
    [kl-stop] update 594: minibatch KL 0.0353 > 0.0300 (epoch 1/4) -- actor frozen, value-only for remaining passes
    [kl-stop] update 595: minibatch KL 0.0509 > 0.0300 (epoch 1/4) -- actor frozen, value-only for remaining passes
[ 595/866] rew= 4279.9  thr=90.58Mbps  comp=0.584  drop=0.000  SINR= 13.3dB  KL= 0.0484  ent=1.565  clip=0.475  ev=+0.24  t=276907s
    [kl-stop] update 596: minibatch KL 0.1230 > 0.0300 (epoch 1/4) -- actor frozen, value-only for remaining passes
    [kl-stop] update 597: minibatch KL 0.2647 > 0.0300 (epoch 1/4) -- actor frozen, value-only for remaining passes
    [kl-stop] update 598: minibatch KL 0.1310 > 0.0300 (epoch 1/4) -- actor frozen, value-only for remaining passes
    [kl-stop] update 599: minibatch KL 0.0958 > 0.0300 (epoch 2/4) -- actor frozen, value-only for remaining passes
  --- eval at update 599 ---
    PPO           reward  3526.45  thrpt  78.23Mbps  comp 0.594  totfail 0.403  depth 2.25
    [kl-stop] update 600: minibatch KL 0.2957 > 0.0300 (epoch 1/4) -- actor frozen, value-only for remaining passes
[ 600/866] rew= 3676.9  thr=78.65Mbps  comp=0.583  drop=0.000  SINR= 18.3dB  KL= 0.2472  ent=1.290  clip=0.749  ev=+0.18  t=278447s
    [kl-stop] update 601: minibatch KL 0.0677 > 0.0300 (epoch 1/4) -- actor frozen, value-only for remaining passes
    [kl-stop] update 602: minibatch KL 0.2242 > 0.0300 (epoch 1/4) -- actor frozen, value-only for remaining passes
    [kl-stop] update 603: minibatch KL 0.1917 > 0.0300 (epoch 1/4) -- actor frozen, value-only for remaining passes
    [kl-stop] update 604: minibatch KL 0.2589 > 0.0300 (epoch 1/4) -- actor frozen, value-only for remaining passes
    [kl-stop] update 605: minibatch KL 0.0839 > 0.0300 (epoch 1/4) -- actor frozen, value-only for remaining passes
[ 605/866] rew= 2916.3  thr=85.36Mbps  comp=0.548  drop=0.000  SINR= 12.1dB  KL= 0.0754  ent=1.503  clip=0.559  ev=+0.24  t=279859s
    [kl-stop] update 606: minibatch KL 0.1105 > 0.0300 (epoch 1/4) -- actor frozen, value-only for remaining passes
    [kl-stop] update 607: minibatch KL 0.0352 > 0.0300 (epoch 1/4) -- actor frozen, value-only for remaining passes
    [kl-stop] update 608: minibatch KL 0.1611 > 0.0300 (epoch 1/4) -- actor frozen, value-only for remaining passes
    [kl-stop] update 609: minibatch KL 0.0334 > 0.0300 (epoch 1/4) -- actor frozen, value-only for remaining passes
  --- eval at update 609 ---
    PPO           reward  2112.07  thrpt  72.66Mbps  comp 0.556  totfail 0.441  depth 1.10
    [kl-stop] update 610: minibatch KL 0.0315 > 0.0300 (epoch 2/4) -- actor frozen, value-only for remaining passes
[ 610/866] rew= 1185.6  thr=90.79Mbps  comp=0.498  drop=0.000  SINR= 17.9dB  KL= 0.0222  ent=1.705  clip=0.296  ev=+0.24  t=281199s
    [kl-stop] update 611: minibatch KL 0.0767 > 0.0300 (epoch 2/4) -- actor frozen, value-only for remaining passes
    [kl-stop] update 612: minibatch KL 0.1164 > 0.0300 (epoch 1/4) -- actor frozen, value-only for remaining passes
    [kl-stop] update 613: minibatch KL 0.0781 > 0.0300 (epoch 1/4) -- actor frozen, value-only for remaining passes
    [kl-stop] update 614: minibatch KL 0.0902 > 0.0300 (epoch 2/4) -- actor frozen, value-only for remaining passes
    [kl-stop] update 615: minibatch KL 0.0562 > 0.0300 (epoch 1/4) -- actor frozen, value-only for remaining passes
[ 615/866] rew= 1301.3  thr=61.09Mbps  comp=0.520  drop=0.000  SINR= 14.1dB  KL= 0.0487  ent=0.969  clip=0.469  ev=+0.13  t=282457s
    [kl-stop] update 616: minibatch KL 0.0403 > 0.0300 (epoch 2/4) -- actor frozen, value-only for remaining passes
    [kl-stop] update 617: minibatch KL 0.0300 > 0.0300 (epoch 1/4) -- actor frozen, value-only for remaining passes
    [kl-stop] update 618: minibatch KL 0.0442 > 0.0300 (epoch 1/4) -- actor frozen, value-only for remaining passes
    [kl-stop] update 619: minibatch KL 0.0351 > 0.0300 (epoch 4/4) -- actor frozen, value-only for remaining passes
  --- eval at update 619 ---
    PPO           reward  2400.68  thrpt  73.72Mbps  comp 0.564  totfail 0.433  depth 1.32
    [kl-stop] update 620: minibatch KL 0.1360 > 0.0300 (epoch 1/4) -- actor frozen, value-only for remaining passes
[ 620/866] rew= 2356.9  thr=100.50Mbps  comp=0.525  drop=0.000  SINR= 20.8dB  KL= 0.1254  ent=1.550  clip=0.646  ev=+0.19  t=283914s
    [kl-stop] update 621: minibatch KL 0.1801 > 0.0300 (epoch 1/4) -- actor frozen, value-only for remaining passes
    [kl-stop] update 622: minibatch KL 0.3014 > 0.0300 (epoch 1/4) -- actor frozen, value-only for remaining passes
    [kl-stop] update 623: minibatch KL 0.2486 > 0.0300 (epoch 1/4) -- actor frozen, value-only for remaining passes
    [kl-stop] update 624: minibatch KL 0.0651 > 0.0300 (epoch 1/4) -- actor frozen, value-only for remaining passes
[ 625/866] rew= 2283.2  thr=42.58Mbps  comp=0.605  drop=0.001  SINR= 15.1dB  KL= 0.0115  ent=0.426  clip=0.161  ev=+0.19  t=285220s
    [kl-stop] update 626: minibatch KL 0.0348 > 0.0300 (epoch 2/4) -- actor frozen, value-only for remaining passes
    [kl-stop] update 627: minibatch KL 0.0834 > 0.0300 (epoch 1/4) -- actor frozen, value-only for remaining passes
    [kl-stop] update 628: minibatch KL 0.0385 > 0.0300 (epoch 3/4) -- actor frozen, value-only for remaining passes
  --- eval at update 629 ---
    PPO           reward  2125.51  thrpt  72.72Mbps  comp 0.556  totfail 0.441  depth 1.07
    [kl-stop] update 630: minibatch KL 0.0402 > 0.0300 (epoch 1/4) -- actor frozen, value-only for remaining passes
[ 630/866] rew= 2916.9  thr=67.75Mbps  comp=0.568  drop=0.000  SINR= 13.5dB  KL= 0.0370  ent=1.395  clip=0.429  ev=+0.29  t=286687s
    [kl-stop] update 631: minibatch KL 0.1173 > 0.0300 (epoch 1/4) -- actor frozen, value-only for remaining passes
    [kl-stop] update 632: minibatch KL 0.0674 > 0.0300 (epoch 1/4) -- actor frozen, value-only for remaining passes
    [kl-stop] update 633: minibatch KL 0.1497 > 0.0300 (epoch 1/4) -- actor frozen, value-only for remaining passes
    [kl-stop] update 634: minibatch KL 0.1801 > 0.0300 (epoch 1/4) -- actor frozen, value-only for remaining passes
    [kl-stop] update 635: minibatch KL 0.3646 > 0.0300 (epoch 1/4) -- actor frozen, value-only for remaining passes
[ 635/866] rew= 1218.8  thr=64.00Mbps  comp=0.515  drop=0.000  SINR= 10.8dB  KL= 0.3130  ent=1.244  clip=0.767  ev=+0.20  t=287911s
    [kl-stop] update 636: minibatch KL 0.0564 > 0.0300 (epoch 1/4) -- actor frozen, value-only for remaining passes
    [kl-stop] update 637: minibatch KL 0.0505 > 0.0300 (epoch 1/4) -- actor frozen, value-only for remaining passes
    [kl-stop] update 638: minibatch KL 0.0367 > 0.0300 (epoch 1/4) -- actor frozen, value-only for remaining passes
    [kl-stop] update 639: minibatch KL 0.0388 > 0.0300 (epoch 1/4) -- actor frozen, value-only for remaining passes
  --- eval at update 639 ---
    PPO           reward  3365.90  thrpt  77.55Mbps  comp 0.590  totfail 0.408  depth 2.03
    [kl-stop] update 640: minibatch KL 0.0588 > 0.0300 (epoch 1/4) -- actor frozen, value-only for remaining passes
[ 640/866] rew= 4614.4  thr=66.42Mbps  comp=0.655  drop=0.000  SINR= 17.9dB  KL= 0.0596  ent=1.033  clip=0.482  ev=+0.16  t=289318s
    [kl-stop] update 641: minibatch KL 0.0933 > 0.0300 (epoch 1/4) -- actor frozen, value-only for remaining passes
    [kl-stop] update 642: minibatch KL 0.1052 > 0.0300 (epoch 1/4) -- actor frozen, value-only for remaining passes
    [kl-stop] update 643: minibatch KL 0.0940 > 0.0300 (epoch 1/4) -- actor frozen, value-only for remaining passes
    [kl-stop] update 644: minibatch KL 0.0474 > 0.0300 (epoch 1/4) -- actor frozen, value-only for remaining passes
    [kl-stop] update 645: minibatch KL 0.0816 > 0.0300 (epoch 1/4) -- actor frozen, value-only for remaining passes
[ 645/866] rew= 4759.1  thr=83.89Mbps  comp=0.612  drop=0.000  SINR= 10.2dB  KL= 0.0770  ent=1.358  clip=0.562  ev=+0.17  t=290877s
    [kl-stop] update 646: minibatch KL 0.1014 > 0.0300 (epoch 1/4) -- actor frozen, value-only for remaining passes
    [kl-stop] update 647: minibatch KL 0.1587 > 0.0300 (epoch 1/4) -- actor frozen, value-only for remaining passes
    [kl-stop] update 648: minibatch KL 0.1936 > 0.0300 (epoch 1/4) -- actor frozen, value-only for remaining passes
    [kl-stop] update 649: minibatch KL 0.1744 > 0.0300 (epoch 1/4) -- actor frozen, value-only for remaining passes
  --- eval at update 649 ---
    PPO           reward  3874.03  thrpt  79.99Mbps  comp 0.602  totfail 0.395  depth 2.99
    [kl-stop] update 650: minibatch KL 0.0673 > 0.0300 (epoch 1/4) -- actor frozen, value-only for remaining passes
[ 650/866] rew= 2100.4  thr=66.48Mbps  comp=0.545  drop=0.000  SINR=  7.9dB  KL= 0.0604  ent=0.938  clip=0.493  ev=+0.26  t=292517s
    [kl-stop] update 651: minibatch KL 0.0682 > 0.0300 (epoch 1/4) -- actor frozen, value-only for remaining passes
    [kl-stop] update 652: minibatch KL 0.0388 > 0.0300 (epoch 2/4) -- actor frozen, value-only for remaining passes
    [kl-stop] update 653: minibatch KL 0.0367 > 0.0300 (epoch 3/4) -- actor frozen, value-only for remaining passes
    [kl-stop] update 654: minibatch KL 0.0311 > 0.0300 (epoch 1/4) -- actor frozen, value-only for remaining passes
    [kl-stop] update 655: minibatch KL 0.0646 > 0.0300 (epoch 1/4) -- actor frozen, value-only for remaining passes
[ 655/866] rew= 2799.3  thr=51.04Mbps  comp=0.608  drop=0.001  SINR= 11.2dB  KL= 0.0624  ent=0.958  clip=0.551  ev=+0.14  t=294303s
    [kl-stop] update 656: minibatch KL 0.0454 > 0.0300 (epoch 1/4) -- actor frozen, value-only for remaining passes
    [kl-stop] update 657: minibatch KL 0.0720 > 0.0300 (epoch 1/4) -- actor frozen, value-only for remaining passes
    [kl-stop] update 658: minibatch KL 0.0638 > 0.0300 (epoch 1/4) -- actor frozen, value-only for remaining passes
    [kl-stop] update 659: minibatch KL 0.0648 > 0.0300 (epoch 1/4) -- actor frozen, value-only for remaining passes
  --- eval at update 659 ---
    PPO           reward  3913.47  thrpt  80.00Mbps  comp 0.603  totfail 0.394  depth 2.73
    [kl-stop] update 660: minibatch KL 0.1146 > 0.0300 (epoch 1/4) -- actor frozen, value-only for remaining passes
[ 660/866] rew= 1523.3  thr=59.18Mbps  comp=0.529  drop=0.000  SINR=  9.2dB  KL= 0.1156  ent=0.949  clip=0.617  ev=+0.14  t=295902s
    [kl-stop] update 661: minibatch KL 0.1991 > 0.0300 (epoch 1/4) -- actor frozen, value-only for remaining passes
    [kl-stop] update 662: minibatch KL 0.2779 > 0.0300 (epoch 1/4) -- actor frozen, value-only for remaining passes
    [kl-stop] update 663: minibatch KL 0.2591 > 0.0300 (epoch 1/4) -- actor frozen, value-only for remaining passes
    [kl-stop] update 664: minibatch KL 0.3851 > 0.0300 (epoch 1/4) -- actor frozen, value-only for remaining passes
    [kl-stop] update 665: minibatch KL 0.5227 > 0.0300 (epoch 1/4) -- actor frozen, value-only for remaining passes
[ 665/866] rew= 3380.1  thr=91.70Mbps  comp=0.557  drop=0.000  SINR= 16.2dB  KL= 0.5306  ent=1.337  clip=0.813  ev=+0.21  t=297329s
    [kl-stop] update 666: minibatch KL 0.3874 > 0.0300 (epoch 1/4) -- actor frozen, value-only for remaining passes
    [kl-stop] update 667: minibatch KL 0.3455 > 0.0300 (epoch 1/4) -- actor frozen, value-only for remaining passes
    [kl-stop] update 668: minibatch KL 0.0646 > 0.0300 (epoch 1/4) -- actor frozen, value-only for remaining passes
    [kl-stop] update 669: minibatch KL 0.0419 > 0.0300 (epoch 2/4) -- actor frozen, value-only for remaining passes
  --- eval at update 669 ---
    PPO           reward  2604.27  thrpt  74.58Mbps  comp 0.568  totfail 0.429  depth 1.42
    [kl-stop] update 670: minibatch KL 0.0390 > 0.0300 (epoch 3/4) -- actor frozen, value-only for remaining passes
[ 670/866] rew= 4585.5  thr=59.00Mbps  comp=0.684  drop=0.000  SINR= 18.7dB  KL= 0.0249  ent=1.011  clip=0.300  ev=+0.15  t=298778s
    [kl-stop] update 671: minibatch KL 0.0499 > 0.0300 (epoch 2/4) -- actor frozen, value-only for remaining passes
    [kl-stop] update 672: minibatch KL 0.0407 > 0.0300 (epoch 1/4) -- actor frozen, value-only for remaining passes
    [kl-stop] update 673: minibatch KL 0.0395 > 0.0300 (epoch 3/4) -- actor frozen, value-only for remaining passes
    [kl-stop] update 674: minibatch KL 0.0484 > 0.0300 (epoch 2/4) -- actor frozen, value-only for remaining passes
    [kl-stop] update 675: minibatch KL 0.1083 > 0.0300 (epoch 1/4) -- actor frozen, value-only for remaining passes
[ 675/866] rew= 3434.5  thr=76.28Mbps  comp=0.576  drop=0.000  SINR= 14.0dB  KL= 0.0966  ent=1.385  clip=0.625  ev=+0.15  t=300290s
    [kl-stop] update 676: minibatch KL 0.0515 > 0.0300 (epoch 1/4) -- actor frozen, value-only for remaining passes
    [kl-stop] update 677: minibatch KL 0.0311 > 0.0300 (epoch 3/4) -- actor frozen, value-only for remaining passes
    [kl-stop] update 678: minibatch KL 0.0482 > 0.0300 (epoch 1/4) -- actor frozen, value-only for remaining passes
    [kl-stop] update 679: minibatch KL 0.0443 > 0.0300 (epoch 1/4) -- actor frozen, value-only for remaining passes
  --- eval at update 679 ---
    PPO           reward  2827.86  thrpt  75.46Mbps  comp 0.574  totfail 0.423  depth 1.55
    [kl-stop] update 680: minibatch KL 0.0442 > 0.0300 (epoch 2/4) -- actor frozen, value-only for remaining passes
[ 680/866] rew= 3902.2  thr=51.83Mbps  comp=0.676  drop=0.001  SINR= 15.5dB  KL= 0.0343  ent=0.747  clip=0.345  ev=+0.04  t=301619s
    [kl-stop] update 681: minibatch KL 0.0326 > 0.0300 (epoch 3/4) -- actor frozen, value-only for remaining passes
    [kl-stop] update 683: minibatch KL 0.0683 > 0.0300 (epoch 1/4) -- actor frozen, value-only for remaining passes
    [kl-stop] update 684: minibatch KL 0.0415 > 0.0300 (epoch 1/4) -- actor frozen, value-only for remaining passes
    [kl-stop] update 685: minibatch KL 0.0491 > 0.0300 (epoch 3/4) -- actor frozen, value-only for remaining passes
[ 685/866] rew= 4890.2  thr=51.30Mbps  comp=0.758  drop=0.000  SINR= 19.9dB  KL= 0.0292  ent=0.888  clip=0.291  ev=+0.11  t=303260s
    [kl-stop] update 686: minibatch KL 0.0445 > 0.0300 (epoch 3/4) -- actor frozen, value-only for remaining passes
    [kl-stop] update 687: minibatch KL 0.0339 > 0.0300 (epoch 4/4) -- actor frozen, value-only for remaining passes
    [kl-stop] update 688: minibatch KL 0.0423 > 0.0300 (epoch 1/4) -- actor frozen, value-only for remaining passes
    [kl-stop] update 689: minibatch KL 0.0458 > 0.0300 (epoch 1/4) -- actor frozen, value-only for remaining passes
  --- eval at update 689 ---
    PPO           reward  2950.23  thrpt  75.95Mbps  comp 0.577  totfail 0.419  depth 1.66
[ 690/866] rew= 2705.2  thr=31.04Mbps  comp=0.724  drop=0.001  SINR= 16.4dB  KL= 0.0126  ent=0.411  clip=0.160  ev=-0.04  t=304891s
    [kl-stop] update 691: minibatch KL 0.0466 > 0.0300 (epoch 3/4) -- actor frozen, value-only for remaining passes
    [kl-stop] update 692: minibatch KL 0.0796 > 0.0300 (epoch 4/4) -- actor frozen, value-only for remaining passes
    [kl-stop] update 693: minibatch KL 0.0576 > 0.0300 (epoch 1/4) -- actor frozen, value-only for remaining passes
    [kl-stop] update 694: minibatch KL 0.0593 > 0.0300 (epoch 1/4) -- actor frozen, value-only for remaining passes
    [kl-stop] update 695: minibatch KL 0.0902 > 0.0300 (epoch 1/4) -- actor frozen, value-only for remaining passes
[ 695/866] rew= 3733.8  thr=50.92Mbps  comp=0.668  drop=0.000  SINR= 14.6dB  KL= 0.0737  ent=0.762  clip=0.548  ev=+0.15  t=306476s
    [kl-stop] update 696: minibatch KL 0.0350 > 0.0300 (epoch 1/4) -- actor frozen, value-only for remaining passes
    [kl-stop] update 697: minibatch KL 0.0302 > 0.0300 (epoch 1/4) -- actor frozen, value-only for remaining passes
    [kl-stop] update 698: minibatch KL 0.0662 > 0.0300 (epoch 1/4) -- actor frozen, value-only for remaining passes
    [kl-stop] update 699: minibatch KL 0.0474 > 0.0300 (epoch 3/4) -- actor frozen, value-only for remaining passes
  --- eval at update 699 ---
    PPO           reward  3629.95  thrpt  78.67Mbps  comp 0.596  totfail 0.401  depth 2.15
    [kl-stop] update 700: minibatch KL 0.0728 > 0.0300 (epoch 2/4) -- actor frozen, value-only for remaining passes
[ 700/866] rew= 3703.9  thr=74.18Mbps  comp=0.593  drop=0.000  SINR= 17.1dB  KL= 0.0450  ent=1.111  clip=0.402  ev=+0.16  t=308044s
    [kl-stop] update 701: minibatch KL 0.0523 > 0.0300 (epoch 1/4) -- actor frozen, value-only for remaining passes
    [kl-stop] update 702: minibatch KL 0.0436 > 0.0300 (epoch 1/4) -- actor frozen, value-only for remaining passes
    [kl-stop] update 703: minibatch KL 0.0402 > 0.0300 (epoch 1/4) -- actor frozen, value-only for remaining passes
    [kl-stop] update 704: minibatch KL 0.0381 > 0.0300 (epoch 3/4) -- actor frozen, value-only for remaining passes
    [kl-stop] update 705: minibatch KL 0.0499 > 0.0300 (epoch 2/4) -- actor frozen, value-only for remaining passes
[ 705/866] rew= 3385.4  thr=75.63Mbps  comp=0.579  drop=0.000  SINR= 11.7dB  KL= 0.0327  ent=1.130  clip=0.341  ev=+0.22  t=309706s
    [kl-stop] update 706: minibatch KL 0.0428 > 0.0300 (epoch 1/4) -- actor frozen, value-only for remaining passes
    [kl-stop] update 707: minibatch KL 0.0394 > 0.0300 (epoch 1/4) -- actor frozen, value-only for remaining passes
    [kl-stop] update 709: minibatch KL 0.0435 > 0.0300 (epoch 1/4) -- actor frozen, value-only for remaining passes
  --- eval at update 709 ---
    PPO           reward  3787.24  thrpt  79.42Mbps  comp 0.600  totfail 0.397  depth 2.35
    [kl-stop] update 710: minibatch KL 0.0550 > 0.0300 (epoch 1/4) -- actor frozen, value-only for remaining passes
[ 710/866] rew= 5077.4  thr=56.74Mbps  comp=0.734  drop=0.000  SINR= 17.1dB  KL= 0.0449  ent=0.859  clip=0.450  ev=+0.11  t=311446s
    [kl-stop] update 711: minibatch KL 0.0300 > 0.0300 (epoch 2/4) -- actor frozen, value-only for remaining passes
    [kl-stop] update 712: minibatch KL 0.0488 > 0.0300 (epoch 2/4) -- actor frozen, value-only for remaining passes
    [kl-stop] update 713: minibatch KL 0.0461 > 0.0300 (epoch 2/4) -- actor frozen, value-only for remaining passes
    [kl-stop] update 714: minibatch KL 0.0626 > 0.0300 (epoch 1/4) -- actor frozen, value-only for remaining passes
    [kl-stop] update 715: minibatch KL 0.0847 > 0.0300 (epoch 1/4) -- actor frozen, value-only for remaining passes
[ 715/866] rew= 5218.5  thr=87.57Mbps  comp=0.621  drop=0.000  SINR=  9.7dB  KL= 0.0847  ent=1.402  clip=0.577  ev=+0.19  t=313109s
    [kl-stop] update 716: minibatch KL 0.1301 > 0.0300 (epoch 1/4) -- actor frozen, value-only for remaining passes
    [kl-stop] update 717: minibatch KL 0.0658 > 0.0300 (epoch 1/4) -- actor frozen, value-only for remaining passes
    [kl-stop] update 718: minibatch KL 0.0963 > 0.0300 (epoch 1/4) -- actor frozen, value-only for remaining passes
    [kl-stop] update 719: minibatch KL 0.1357 > 0.0300 (epoch 1/4) -- actor frozen, value-only for remaining passes
  --- eval at update 719 ---
    PPO           reward  3992.90  thrpt  80.38Mbps  comp 0.606  totfail 0.392  depth 2.84
  >>> new best eval reward 3992.90, saved best.pt
    [kl-stop] update 720: minibatch KL 0.0543 > 0.0300 (epoch 1/4) -- actor frozen, value-only for remaining passes
[ 720/866] rew= 3140.1  thr=48.55Mbps  comp=0.640  drop=0.001  SINR= 10.4dB  KL= 0.0549  ent=0.638  clip=0.485  ev=+0.17  t=314741s
    [kl-stop] update 721: minibatch KL 0.0518 > 0.0300 (epoch 1/4) -- actor frozen, value-only for remaining passes
    [kl-stop] update 722: minibatch KL 0.0415 > 0.0300 (epoch 1/4) -- actor frozen, value-only for remaining passes
    [kl-stop] update 723: minibatch KL 0.0553 > 0.0300 (epoch 1/4) -- actor frozen, value-only for remaining passes
    [kl-stop] update 724: minibatch KL 0.0352 > 0.0300 (epoch 1/4) -- actor frozen, value-only for remaining passes
    [kl-stop] update 725: minibatch KL 0.0531 > 0.0300 (epoch 1/4) -- actor frozen, value-only for remaining passes
[ 725/866] rew= 5489.4  thr=56.67Mbps  comp=0.770  drop=0.000  SINR= 10.0dB  KL= 0.0454  ent=0.876  clip=0.476  ev=+0.10  t=316316s
    [kl-stop] update 726: minibatch KL 0.0372 > 0.0300 (epoch 1/4) -- actor frozen, value-only for remaining passes
    [kl-stop] update 727: minibatch KL 0.0357 > 0.0300 (epoch 1/4) -- actor frozen, value-only for remaining passes
    [kl-stop] update 728: minibatch KL 0.0349 > 0.0300 (epoch 1/4) -- actor frozen, value-only for remaining passes
    [kl-stop] update 729: minibatch KL 0.0452 > 0.0300 (epoch 2/4) -- actor frozen, value-only for remaining passes
  --- eval at update 729 ---
    PPO           reward  3867.61  thrpt  80.35Mbps  comp 0.601  totfail 0.396  depth 3.30
    [kl-stop] update 730: minibatch KL 0.0374 > 0.0300 (epoch 1/4) -- actor frozen, value-only for remaining passes
[ 730/866] rew= 1636.7  thr=84.33Mbps  comp=0.514  drop=0.000  SINR= 12.5dB  KL= 0.0314  ent=1.168  clip=0.391  ev=+0.31  t=318217s
    [kl-stop] update 731: minibatch KL 0.0317 > 0.0300 (epoch 3/4) -- actor frozen, value-only for remaining passes
    [kl-stop] update 732: minibatch KL 0.0407 > 0.0300 (epoch 1/4) -- actor frozen, value-only for remaining passes
    [kl-stop] update 733: minibatch KL 0.0420 > 0.0300 (epoch 4/4) -- actor frozen, value-only for remaining passes
    [kl-stop] update 734: minibatch KL 0.0510 > 0.0300 (epoch 2/4) -- actor frozen, value-only for remaining passes
    [kl-stop] update 735: minibatch KL 0.0853 > 0.0300 (epoch 1/4) -- actor frozen, value-only for remaining passes
[ 735/866] rew= 3217.0  thr=68.92Mbps  comp=0.583  drop=0.000  SINR= 13.6dB  KL= 0.0941  ent=1.140  clip=0.595  ev=+0.23  t=320070s
    [kl-stop] update 736: minibatch KL 0.0415 > 0.0300 (epoch 1/4) -- actor frozen, value-only for remaining passes
    [kl-stop] update 737: minibatch KL 0.0392 > 0.0300 (epoch 3/4) -- actor frozen, value-only for remaining passes
    [kl-stop] update 738: minibatch KL 0.0350 > 0.0300 (epoch 1/4) -- actor frozen, value-only for remaining passes
    [kl-stop] update 739: minibatch KL 0.0311 > 0.0300 (epoch 2/4) -- actor frozen, value-only for remaining passes
  --- eval at update 739 ---
    PPO           reward  3952.88  thrpt  80.52Mbps  comp 0.604  totfail 0.393  depth 3.14
    [kl-stop] update 740: minibatch KL 0.0304 > 0.0300 (epoch 2/4) -- actor frozen, value-only for remaining passes
[ 740/866] rew= 4830.4  thr=76.78Mbps  comp=0.634  drop=0.001  SINR= 16.2dB  KL= 0.0217  ent=1.016  clip=0.294  ev=+0.06  t=322048s
    [kl-stop] update 741: minibatch KL 0.0381 > 0.0300 (epoch 4/4) -- actor frozen, value-only for remaining passes
    [kl-stop] update 742: minibatch KL 0.0509 > 0.0300 (epoch 3/4) -- actor frozen, value-only for remaining passes
    [kl-stop] update 743: minibatch KL 0.0311 > 0.0300 (epoch 4/4) -- actor frozen, value-only for remaining passes
    [kl-stop] update 744: minibatch KL 0.0416 > 0.0300 (epoch 1/4) -- actor frozen, value-only for remaining passes
    [kl-stop] update 745: minibatch KL 0.0339 > 0.0300 (epoch 3/4) -- actor frozen, value-only for remaining passes
[ 745/866] rew= 3461.3  thr=60.94Mbps  comp=0.616  drop=0.001  SINR=  9.2dB  KL= 0.0193  ent=0.634  clip=0.251  ev=-0.25  t=324218s
    [kl-stop] update 746: minibatch KL 0.0377 > 0.0300 (epoch 2/4) -- actor frozen, value-only for remaining passes
    [kl-stop] update 747: minibatch KL 0.0342 > 0.0300 (epoch 2/4) -- actor frozen, value-only for remaining passes
    [kl-stop] update 748: minibatch KL 0.0436 > 0.0300 (epoch 2/4) -- actor frozen, value-only for remaining passes
    [kl-stop] update 749: minibatch KL 0.0385 > 0.0300 (epoch 1/4) -- actor frozen, value-only for remaining passes
  --- eval at update 749 ---
    PPO           reward  3983.24  thrpt  80.60Mbps  comp 0.605  totfail 0.392  depth 3.13
    [kl-stop] update 750: minibatch KL 0.0347 > 0.0300 (epoch 4/4) -- actor frozen, value-only for remaining passes
[ 750/866] rew= 2180.5  thr=118.40Mbps  comp=0.512  drop=0.000  SINR= 16.4dB  KL= 0.0150  ent=1.565  clip=0.221  ev=+0.05  t=326387s
    [kl-stop] update 751: minibatch KL 0.0466 > 0.0300 (epoch 3/4) -- actor frozen, value-only for remaining passes
    [kl-stop] update 752: minibatch KL 0.0475 > 0.0300 (epoch 2/4) -- actor frozen, value-only for remaining passes
    [kl-stop] update 753: minibatch KL 0.0312 > 0.0300 (epoch 2/4) -- actor frozen, value-only for remaining passes
    [kl-stop] update 754: minibatch KL 0.0497 > 0.0300 (epoch 3/4) -- actor frozen, value-only for remaining passes
    [kl-stop] update 755: minibatch KL 0.0481 > 0.0300 (epoch 1/4) -- actor frozen, value-only for remaining passes
[ 755/866] rew=  868.4  thr=86.65Mbps  comp=0.494  drop=0.000  SINR= 15.5dB  KL= 0.0421  ent=1.331  clip=0.463  ev=+0.26  t=328514s
    [kl-stop] update 756: minibatch KL 0.0302 > 0.0300 (epoch 1/4) -- actor frozen, value-only for remaining passes
    [kl-stop] update 757: minibatch KL 0.0303 > 0.0300 (epoch 2/4) -- actor frozen, value-only for remaining passes
    [kl-stop] update 758: minibatch KL 0.0526 > 0.0300 (epoch 3/4) -- actor frozen, value-only for remaining passes
  --- eval at update 759 ---
    PPO           reward  3997.58  thrpt  80.70Mbps  comp 0.605  totfail 0.392  depth 3.10
  >>> new best eval reward 3997.58, saved best.pt
    [kl-stop] update 760: minibatch KL 0.0310 > 0.0300 (epoch 2/4) -- actor frozen, value-only for remaining passes
[ 760/866] rew= 8611.9  thr=78.83Mbps  comp=0.836  drop=0.000  SINR= 12.3dB  KL= 0.0186  ent=0.846  clip=0.245  ev=-0.17  t=330810s
    [kl-stop] update 761: minibatch KL 0.0307 > 0.0300 (epoch 3/4) -- actor frozen, value-only for remaining passes
    [kl-stop] update 762: minibatch KL 0.0341 > 0.0300 (epoch 2/4) -- actor frozen, value-only for remaining passes
    [kl-stop] update 763: minibatch KL 0.0568 > 0.0300 (epoch 4/4) -- actor frozen, value-only for remaining passes
    [kl-stop] update 764: minibatch KL 0.0350 > 0.0300 (epoch 4/4) -- actor frozen, value-only for remaining passes
[ 765/866] rew= 4024.9  thr=47.08Mbps  comp=0.719  drop=0.000  SINR= 10.3dB  KL= 0.0168  ent=0.870  clip=0.239  ev=+0.05  t=333177s
    [kl-stop] update 766: minibatch KL 0.0364 > 0.0300 (epoch 4/4) -- actor frozen, value-only for remaining passes
    [kl-stop] update 767: minibatch KL 0.0432 > 0.0300 (epoch 1/4) -- actor frozen, value-only for remaining passes
    [kl-stop] update 769: minibatch KL 0.0323 > 0.0300 (epoch 3/4) -- actor frozen, value-only for remaining passes
  --- eval at update 769 ---
    PPO           reward  4076.88  thrpt  80.86Mbps  comp 0.608  totfail 0.390  depth 2.94
  >>> new best eval reward 4076.88, saved best.pt
    [kl-stop] update 770: minibatch KL 0.0330 > 0.0300 (epoch 2/4) -- actor frozen, value-only for remaining passes
[ 770/866] rew= 4868.8  thr=83.81Mbps  comp=0.614  drop=0.000  SINR= 13.2dB  KL= 0.0241  ent=1.304  clip=0.308  ev=+0.23  t=335557s
    [kl-stop] update 771: minibatch KL 0.0301 > 0.0300 (epoch 3/4) -- actor frozen, value-only for remaining passes
    [kl-stop] update 772: minibatch KL 0.0435 > 0.0300 (epoch 1/4) -- actor frozen, value-only for remaining passes
    [kl-stop] update 773: minibatch KL 0.0429 > 0.0300 (epoch 1/4) -- actor frozen, value-only for remaining passes
    [kl-stop] update 774: minibatch KL 0.0345 > 0.0300 (epoch 2/4) -- actor frozen, value-only for remaining passes
    [kl-stop] update 775: minibatch KL 0.0568 > 0.0300 (epoch 1/4) -- actor frozen, value-only for remaining passes
[ 775/866] rew= 3501.9  thr=55.55Mbps  comp=0.635  drop=0.001  SINR= 13.4dB  KL= 0.0477  ent=0.851  clip=0.459  ev=+0.08  t=337248s
    [kl-stop] update 776: minibatch KL 0.0819 > 0.0300 (epoch 1/4) -- actor frozen, value-only for remaining passes
    [kl-stop] update 777: minibatch KL 0.1150 > 0.0300 (epoch 1/4) -- actor frozen, value-only for remaining passes
    [kl-stop] update 778: minibatch KL 0.0308 > 0.0300 (epoch 1/4) -- actor frozen, value-only for remaining passes
  --- eval at update 779 ---
    PPO           reward  4061.72  thrpt  80.55Mbps  comp 0.607  totfail 0.390  depth 2.48
    [kl-stop] update 780: minibatch KL 0.0322 > 0.0300 (epoch 3/4) -- actor frozen, value-only for remaining passes
[ 780/866] rew= -286.0  thr=102.52Mbps  comp=0.473  drop=0.000  SINR= 11.2dB  KL= 0.0205  ent=1.479  clip=0.269  ev=+0.23  t=339339s
    [kl-stop] update 781: minibatch KL 0.0470 > 0.0300 (epoch 2/4) -- actor frozen, value-only for remaining passes
    [kl-stop] update 783: minibatch KL 0.0339 > 0.0300 (epoch 1/4) -- actor frozen, value-only for remaining passes
    [kl-stop] update 784: minibatch KL 0.0310 > 0.0300 (epoch 2/4) -- actor frozen, value-only for remaining passes
    [kl-stop] update 785: minibatch KL 0.0762 > 0.0300 (epoch 1/4) -- actor frozen, value-only for remaining passes
[ 785/866] rew= 2644.0  thr=80.74Mbps  comp=0.546  drop=0.000  SINR= 11.0dB  KL= 0.0679  ent=1.340  clip=0.571  ev=+0.20  t=341063s
    [kl-stop] update 786: minibatch KL 0.0308 > 0.0300 (epoch 1/4) -- actor frozen, value-only for remaining passes
    [kl-stop] update 787: minibatch KL 0.0319 > 0.0300 (epoch 4/4) -- actor frozen, value-only for remaining passes
    [kl-stop] update 789: minibatch KL 0.0507 > 0.0300 (epoch 2/4) -- actor frozen, value-only for remaining passes
  --- eval at update 789 ---
    PPO           reward  4029.36  thrpt  80.40Mbps  comp 0.607  totfail 0.390  depth 2.53
[ 790/866] rew= 2758.6  thr=49.80Mbps  comp=0.610  drop=0.000  SINR= 15.5dB  KL= 0.0145  ent=0.609  clip=0.196  ev=-0.04  t=343143s
    [kl-stop] update 791: minibatch KL 0.0322 > 0.0300 (epoch 1/4) -- actor frozen, value-only for remaining passes
    [kl-stop] update 792: minibatch KL 0.0719 > 0.0300 (epoch 2/4) -- actor frozen, value-only for remaining passes
    [kl-stop] update 794: minibatch KL 0.0321 > 0.0300 (epoch 4/4) -- actor frozen, value-only for remaining passes
    [kl-stop] update 795: minibatch KL 0.0836 > 0.0300 (epoch 2/4) -- actor frozen, value-only for remaining passes
[ 795/866] rew= 4685.7  thr=69.29Mbps  comp=0.651  drop=0.000  SINR= 11.8dB  KL= 0.0686  ent=0.986  clip=0.504  ev=+0.05  t=345117s
    [kl-stop] update 797: minibatch KL 0.0395 > 0.0300 (epoch 1/4) -- actor frozen, value-only for remaining passes
    [kl-stop] update 798: minibatch KL 0.0313 > 0.0300 (epoch 2/4) -- actor frozen, value-only for remaining passes
    [kl-stop] update 799: minibatch KL 0.0311 > 0.0300 (epoch 1/4) -- actor frozen, value-only for remaining passes
  --- eval at update 799 ---
    PPO           reward  4052.01  thrpt  80.64Mbps  comp 0.607  totfail 0.390  depth 2.81
    [kl-stop] update 800: minibatch KL 0.0344 > 0.0300 (epoch 1/4) -- actor frozen, value-only for remaining passes
[ 800/866] rew= 5543.8  thr=58.76Mbps  comp=0.755  drop=0.000  SINR= 12.6dB  KL= 0.0309  ent=1.048  clip=0.372  ev=+0.14  t=346972s
    [kl-stop] update 801: minibatch KL 0.0376 > 0.0300 (epoch 1/4) -- actor frozen, value-only for remaining passes
    [kl-stop] update 802: minibatch KL 0.0372 > 0.0300 (epoch 4/4) -- actor frozen, value-only for remaining passes
    [kl-stop] update 803: minibatch KL 0.0715 > 0.0300 (epoch 1/4) -- actor frozen, value-only for remaining passes
    [kl-stop] update 804: minibatch KL 0.0358 > 0.0300 (epoch 1/4) -- actor frozen, value-only for remaining passes
    [kl-stop] update 805: minibatch KL 0.0666 > 0.0300 (epoch 1/4) -- actor frozen, value-only for remaining passes
[ 805/866] rew= 2740.5  thr=59.87Mbps  comp=0.581  drop=0.000  SINR= 17.3dB  KL= 0.0681  ent=1.074  clip=0.572  ev=+0.28  t=348616s
    [kl-stop] update 806: minibatch KL 0.0344 > 0.0300 (epoch 3/4) -- actor frozen, value-only for remaining passes
    [kl-stop] update 807: minibatch KL 0.0325 > 0.0300 (epoch 1/4) -- actor frozen, value-only for remaining passes
    [kl-stop] update 808: minibatch KL 0.0564 > 0.0300 (epoch 3/4) -- actor frozen, value-only for remaining passes
    [kl-stop] update 809: minibatch KL 0.1270 > 0.0300 (epoch 1/4) -- actor frozen, value-only for remaining passes
  --- eval at update 809 ---
    PPO           reward  4124.75  thrpt  80.99Mbps  comp 0.609  totfail 0.389  depth 2.79
  >>> new best eval reward 4124.75, saved best.pt
    [kl-stop] update 810: minibatch KL 0.0512 > 0.0300 (epoch 1/4) -- actor frozen, value-only for remaining passes
[ 810/866] rew= 2686.6  thr=39.17Mbps  comp=0.652  drop=0.001  SINR= 13.7dB  KL= 0.0488  ent=0.751  clip=0.476  ev=+0.13  t=350306s
    [kl-stop] update 811: minibatch KL 0.0847 > 0.0300 (epoch 1/4) -- actor frozen, value-only for remaining passes
    [kl-stop] update 812: minibatch KL 0.0355 > 0.0300 (epoch 2/4) -- actor frozen, value-only for remaining passes
    [kl-stop] update 813: minibatch KL 0.0542 > 0.0300 (epoch 1/4) -- actor frozen, value-only for remaining passes
    [kl-stop] update 814: minibatch KL 0.0357 > 0.0300 (epoch 2/4) -- actor frozen, value-only for remaining passes
    [kl-stop] update 815: minibatch KL 0.0327 > 0.0300 (epoch 2/4) -- actor frozen, value-only for remaining passes
[ 815/866] rew= 5281.0  thr=49.98Mbps  comp=0.812  drop=0.000  SINR= 10.1dB  KL= 0.0271  ent=0.763  clip=0.325  ev=-0.10  t=351979s
    [kl-stop] update 816: minibatch KL 0.0310 > 0.0300 (epoch 2/4) -- actor frozen, value-only for remaining passes
    [kl-stop] update 817: minibatch KL 0.0322 > 0.0300 (epoch 4/4) -- actor frozen, value-only for remaining passes
    [kl-stop] update 818: minibatch KL 0.0407 > 0.0300 (epoch 2/4) -- actor frozen, value-only for remaining passes
  --- eval at update 819 ---
    PPO           reward  4118.75  thrpt  80.99Mbps  comp 0.609  totfail 0.389  depth 2.88
    [kl-stop] update 820: minibatch KL 0.0341 > 0.0300 (epoch 2/4) -- actor frozen, value-only for remaining passes
[ 820/866] rew= 4966.2  thr=92.16Mbps  comp=0.602  drop=0.000  SINR= 12.4dB  KL= 0.0261  ent=1.453  clip=0.342  ev=+0.18  t=354237s
    [kl-stop] update 821: minibatch KL 0.0350 > 0.0300 (epoch 3/4) -- actor frozen, value-only for remaining passes
    [kl-stop] update 822: minibatch KL 0.0317 > 0.0300 (epoch 2/4) -- actor frozen, value-only for remaining passes
    [kl-stop] update 823: minibatch KL 0.0605 > 0.0300 (epoch 2/4) -- actor frozen, value-only for remaining passes
    [kl-stop] update 824: minibatch KL 0.0312 > 0.0300 (epoch 3/4) -- actor frozen, value-only for remaining passes
[ 825/866] rew= 3408.4  thr=90.18Mbps  comp=0.562  drop=0.000  SINR= 13.6dB  KL= 0.0153  ent=0.905  clip=0.212  ev=+0.16  t=356394s
    [kl-stop] update 826: minibatch KL 0.0433 > 0.0300 (epoch 2/4) -- actor frozen, value-only for remaining passes
    [kl-stop] update 827: minibatch KL 0.0547 > 0.0300 (epoch 2/4) -- actor frozen, value-only for remaining passes
    [kl-stop] update 828: minibatch KL 0.0397 > 0.0300 (epoch 3/4) -- actor frozen, value-only for remaining passes
    [kl-stop] update 829: minibatch KL 0.0481 > 0.0300 (epoch 2/4) -- actor frozen, value-only for remaining passes
  --- eval at update 829 ---
    PPO           reward  4136.10  thrpt  81.11Mbps  comp 0.609  totfail 0.388  depth 2.86
  >>> new best eval reward 4136.10, saved best.pt
    [kl-stop] update 830: minibatch KL 0.0325 > 0.0300 (epoch 1/4) -- actor frozen, value-only for remaining passes
[ 830/866] rew= 1002.7  thr=25.26Mbps  comp=0.560  drop=0.001  SINR= 17.5dB  KL= 0.0278  ent=0.626  clip=0.363  ev=+0.15  t=358358s
    [kl-stop] update 831: minibatch KL 0.0630 > 0.0300 (epoch 2/4) -- actor frozen, value-only for remaining passes
    [kl-stop] update 832: minibatch KL 0.0352 > 0.0300 (epoch 2/4) -- actor frozen, value-only for remaining passes
    [kl-stop] update 833: minibatch KL 0.0502 > 0.0300 (epoch 1/4) -- actor frozen, value-only for remaining passes
    [kl-stop] update 834: minibatch KL 0.0323 > 0.0300 (epoch 2/4) -- actor frozen, value-only for remaining passes
    [kl-stop] update 835: minibatch KL 0.0300 > 0.0300 (epoch 3/4) -- actor frozen, value-only for remaining passes
[ 835/866] rew= 5459.9  thr=65.14Mbps  comp=0.709  drop=0.000  SINR=  9.8dB  KL= 0.0212  ent=0.895  clip=0.277  ev=-0.00  t=360162s
    [kl-stop] update 836: minibatch KL 0.0324 > 0.0300 (epoch 1/4) -- actor frozen, value-only for remaining passes
    [kl-stop] update 838: minibatch KL 0.0384 > 0.0300 (epoch 2/4) -- actor frozen, value-only for remaining passes
    [kl-stop] update 839: minibatch KL 0.0590 > 0.0300 (epoch 1/4) -- actor frozen, value-only for remaining passes
  --- eval at update 839 ---
    PPO           reward  4154.93  thrpt  81.07Mbps  comp 0.610  totfail 0.388  depth 2.57
  >>> new best eval reward 4154.93, saved best.pt
    [kl-stop] update 840: minibatch KL 0.0668 > 0.0300 (epoch 1/4) -- actor frozen, value-only for remaining passes
[ 840/866] rew= 4534.1  thr=91.30Mbps  comp=0.594  drop=0.000  SINR= 14.7dB  KL= 0.0632  ent=1.216  clip=0.548  ev=+0.17  t=362025s
    [kl-stop] update 841: minibatch KL 0.1219 > 0.0300 (epoch 1/4) -- actor frozen, value-only for remaining passes
    [kl-stop] update 842: minibatch KL 0.0781 > 0.0300 (epoch 1/4) -- actor frozen, value-only for remaining passes
    [kl-stop] update 843: minibatch KL 0.1050 > 0.0300 (epoch 1/4) -- actor frozen, value-only for remaining passes
    [kl-stop] update 844: minibatch KL 0.0350 > 0.0300 (epoch 1/4) -- actor frozen, value-only for remaining passes
    [kl-stop] update 845: minibatch KL 0.0421 > 0.0300 (epoch 2/4) -- actor frozen, value-only for remaining passes
[ 845/866] rew= 4925.3  thr=75.77Mbps  comp=0.640  drop=0.000  SINR= 15.6dB  KL= 0.0363  ent=1.168  clip=0.407  ev=+0.07  t=363527s
    [kl-stop] update 846: minibatch KL 0.0822 > 0.0300 (epoch 1/4) -- actor frozen, value-only for remaining passes
    [kl-stop] update 847: minibatch KL 0.0623 > 0.0300 (epoch 1/4) -- actor frozen, value-only for remaining passes
    [kl-stop] update 848: minibatch KL 0.1398 > 0.0300 (epoch 1/4) -- actor frozen, value-only for remaining passes
    [kl-stop] update 849: minibatch KL 0.1181 > 0.0300 (epoch 1/4) -- actor frozen, value-only for remaining passes
  --- eval at update 849 ---
    PPO           reward  4164.14  thrpt  81.16Mbps  comp 0.610  totfail 0.388  depth 2.63
  >>> new best eval reward 4164.14, saved best.pt
    [kl-stop] update 850: minibatch KL 0.1533 > 0.0300 (epoch 1/4) -- actor frozen, value-only for remaining passes
[ 850/866] rew= 4673.6  thr=111.66Mbps  comp=0.572  drop=0.000  SINR= 13.2dB  KL= 0.1437  ent=1.270  clip=0.676  ev=+0.08  t=365027s
    [kl-stop] update 851: minibatch KL 0.0769 > 0.0300 (epoch 1/4) -- actor frozen, value-only for remaining passes
    [kl-stop] update 852: minibatch KL 0.1081 > 0.0300 (epoch 1/4) -- actor frozen, value-only for remaining passes
    [kl-stop] update 853: minibatch KL 0.0382 > 0.0300 (epoch 1/4) -- actor frozen, value-only for remaining passes
    [kl-stop] update 854: minibatch KL 0.0304 > 0.0300 (epoch 1/4) -- actor frozen, value-only for remaining passes
    [kl-stop] update 855: minibatch KL 0.0315 > 0.0300 (epoch 3/4) -- actor frozen, value-only for remaining passes
[ 855/866] rew= 4136.6  thr=51.72Mbps  comp=0.696  drop=0.001  SINR= 11.4dB  KL= 0.0186  ent=0.760  clip=0.237  ev=+0.19  t=366678s
    [kl-stop] update 856: minibatch KL 0.0308 > 0.0300 (epoch 3/4) -- actor frozen, value-only for remaining passes
    [kl-stop] update 857: minibatch KL 0.0343 > 0.0300 (epoch 3/4) -- actor frozen, value-only for remaining passes
    [kl-stop] update 858: minibatch KL 0.0331 > 0.0300 (epoch 2/4) -- actor frozen, value-only for remaining passes
    [kl-stop] update 859: minibatch KL 0.0348 > 0.0300 (epoch 3/4) -- actor frozen, value-only for remaining passes
  --- eval at update 859 ---
    PPO           reward  4147.62  thrpt  81.24Mbps  comp 0.609  totfail 0.388  depth 2.98
    [kl-stop] update 860: minibatch KL 0.0368 > 0.0300 (epoch 1/4) -- actor frozen, value-only for remaining passes
[ 860/866] rew= 5378.9  thr=83.40Mbps  comp=0.638  drop=0.000  SINR= 11.3dB  KL= 0.0384  ent=1.127  clip=0.420  ev=+0.17  t=368952s
    [kl-stop] update 861: minibatch KL 0.0373 > 0.0300 (epoch 1/4) -- actor frozen, value-only for remaining passes
    [kl-stop] update 862: minibatch KL 0.0480 > 0.0300 (epoch 1/4) -- actor frozen, value-only for remaining passes
    [kl-stop] update 863: minibatch KL 0.0523 > 0.0300 (epoch 1/4) -- actor frozen, value-only for remaining passes
    [kl-stop] update 864: minibatch KL 0.0546 > 0.0300 (epoch 1/4) -- actor frozen, value-only for remaining passes
    [kl-stop] update 865: minibatch KL 0.0310 > 0.0300 (epoch 4/4) -- actor frozen, value-only for remaining passes
[ 865/866] rew= 7315.4  thr=68.65Mbps  comp=0.817  drop=0.000  SINR= 13.1dB  KL= 0.0167  ent=1.060  clip=0.226  ev=-0.17  t=370704s
latest.pt saved at update 865

Done. 866 updates in 370704s  (428.1s/update). Best eval reward: 4164.14
===== [wrap] DONE =====
