update,policy_loss,value_loss,entropy_sum,entropy_mean,approx_KL,clip_fraction,grad_norm,explained_variance
0,-0.08955792168399057,0.5960920438506889,24.300049673765898,1.7606229297816753,0.036316745332442224,0.0,1.9807138442993164,0.00020693095942869721
1,-0.07336841626693058,64.47955385569367,25.99942383170128,1.9294133263174444,0.019036852987483144,0.0,20.54633331298828,0.0018145755318790258
2,0.03192530400247051,47.378021533135325,32.46013177186251,2.4815361839719117,0.02119396859779954,0.0,19.776762008666992,0.0024443080101804737
3,0.06415175467373047,63.360433976049535,36.36336078494787,2.585356551222503,0.01694058219436556,0.0,21.463150024414062,0.0038664575910697385
4,-0.01939469548096895,73.04443813860416,23.65127930417657,1.5623091752640903,0.025796647183597088,0.0,22.819278717041016,0.003982310242333753
5,0.005194414688183565,57.58556565738259,27.052990188578075,1.8397438622978997,0.010181036312133074,0.084375,23.827484130859375,0.005394826500833894
6,0.007063163833942687,38.78982609592561,22.270064880226833,1.464628459022035,0.00903521349024448,0.08102101293103448,27.987434768676756,0.002898804050218029
7,-0.038731491999726586,10.478959555650363,28.830277716740966,2.214553435333073,0.016838208500606317,0.091796875,20.911211013793945,-0.012072749870393862
8,0.002475770071198674,28.227960481003855,35.4798624128196,2.6165837600784396,0.01620093034620493,0.2078244731800766,46.89118745591905,-0.007004447423941684
9,0.004772247098477739,100.30348709043587,28.408795026066745,1.865426337469875,0.01217792731204866,0.1285863415948276,139.79180908203125,-0.021830842924164706
10,0.002538010708255271,21.516986407401237,27.547399497480342,1.943747220933794,0.013186050921373454,0.1696000957854406,85.11895667182074,-0.05716890564299826
11,0.00022064111991881456,7.457026374270763,31.56423719599843,2.268692125162578,0.01034852571821579,0.10079279556650246,61.5372747693743,-0.14286635094877642
12,0.0011509800147623227,3.218919814325089,28.786337792102632,2.06699278203626,0.014559595418515902,0.07236664870689655,45.73179578781128,-0.9276179909225519
13,0.052461417716727965,5.29872259432387,22.229721650481224,1.537664714967832,0.02558490284718573,0.0,78.6635513305664,-0.6764149328155964
14,0.03263055371280643,9.222526583658691,32.205506443977356,2.3202376938425004,0.023061739862896502,0.0,120.94010925292969,-0.4046689287968743
15,-0.0841055938253703,6.485155215494615,29.01748390868306,2.145534119103104,0.016888007754459977,0.0,96.7415542602539,-0.7886816448970999
16,0.0011564652248846966,4.7345862119659685,23.364434404908838,1.8156402426331582,0.017193760902373113,0.1747485632183908,75.59004418055217,-1.0922620643959062
17,0.01814235778320083,1.5641198977969875,32.57536165286498,2.414770367020613,0.013000136989075399,0.1476831896551724,36.38200283050537,-1.0148419043515777
18,0.009189186127601808,1.6542407584584715,32.011311318491785,2.4608849159830184,0.01311153830624528,0.14871914184952978,26.373975190249357,-1.8120424665463535
19,-0.023415509538608603,2.222703419851846,28.443302370607853,2.1295747607946396,0.03671788005158305,0.0,53.702877044677734,-0.5656831017812205
20,0.05560386643810489,0.8084174368172938,20.59111042879522,1.4382587654981762,0.02507187833543867,0.0,15.96277904510498,-1.0241105023673107
21,-0.017121661538908484,1.3712621417483746,22.809385508298874,1.6434292264748365,0.034605895169079304,0.0,24.83556365966797,-1.2649377558596715
22,0.10353874517704753,1.2045563383268707,24.023251749575138,1.6789517898578197,0.03348016820382327,0.0,25.735469818115234,-0.9815156118329156
23,0.0015214296898892357,0.795548858429125,26.017934709108374,1.8354059117915007,0.015867521678266147,0.03434806034482758,11.977704184395927,-1.1481847953715039
24,0.013880930413506576,1.3020822712045685,24.778025716543198,1.6906325805466622,0.05412315478315577,0.0,18.687177658081055,-0.8638187646147844
25,-0.07314849073281948,4.680985002169109,32.88407149910927,2.3336251387372613,0.036737678572535515,0.0,94.95323181152344,-0.747785984605905
26,-0.07763080720542348,5.494817319085996,32.33409700170159,2.388792479876429,0.029959329462144524,0.0,110.42132568359375,-0.11869183195756428
27,0.0031257769696821924,13.248899584888022,30.81040357798338,2.213000665884465,0.028153863619081676,0.0,192.67913818359375,-0.7075863227001589
28,0.050126022475069476,1.9233713792802405,17.309061026200652,1.2675733055220917,0.020385490963235497,0.0,46.50907897949219,-0.503916845650781
29,-0.011109081093309214,10.877166653790482,22.971891310997307,1.9473868431523442,0.027779689175076783,0.138671875,170.77188873291016,-0.6311509527303367
30,0.04826741346854154,11.386840931927077,22.57425384844343,1.6680363282794133,0.02028187661399615,0.22005208333333334,178.11492411295572,-0.5155487927893792
31,-0.0036651484667441256,5.151571686691,27.0942403621853,2.0841242023224917,0.010494816048745194,0.11430702917771883,104.28622568570651,-0.9768743849996049
32,0.005508589595407898,13.051882727112513,19.379726910963655,1.4033362145419233,0.03514211353225013,0.201171875,201.27143096923828,-1.1459707368922225
33,0.013059091917291356,3.9609309042881318,30.60608126664841,2.2605496793253868,0.010728294308827227,0.07356022509578544,78.58019977145725,-1.0262153039786228
34,0.0031464039099072085,3.378340080135361,25.227392773139933,1.8678238455011462,0.009706896624391385,0.13697972790948276,76.4491540491581,-0.811216708304271
35,-0.0012223760504121886,2.722734987630658,16.219074706426532,1.0934572499117952,0.014818774547930048,0.1328663793103448,49.80661737918854,-0.8358782743275484
36,-0.03248830975019246,2.5710178865238262,19.34804409556091,1.527897018531803,0.025888252382477123,0.189453125,70.3172721862793,-1.2366118682612384
37,-0.00400157463717435,2.3906468558606147,24.897145062387224,1.9902142858202787,0.01543404253590424,0.1552703761755486,31.27512637051669,-1.7750485339467117
38,0.0013587451299852307,3.8487430149679196,25.967424124198292,2.0193565436167207,0.012427354276080355,0.15133351293103448,74.52319872379303,-0.9481353121901384
39,0.003008041116839289,4.884942622799928,16.565899204797677,1.3395253791745634,0.010136331693502143,0.09090209359605912,101.8706487928118,-1.8934611923027544
40,-0.0004349569365072379,2.5292618067832637,20.210017727826447,1.7029224667986171,0.003427878798965108,0.024851831896551727,67.05307018756866,-2.034673990617374
41,-0.000636241321417244,2.2934219479635916,20.220493636543637,1.5863117748923632,0.0038858025368897183,0.03467638739224138,47.95267301797867,-0.8769426571036214
42,-0.0020554086528069746,1.8674682105673672,25.30702894943333,2.0091751115160776,0.00933921580495923,0.12551353717672414,28.947624921798706,-1.5108505163033925
43,-0.0054339625345966,1.400052470354089,18.387551754923813,1.5001541262317915,0.01525112911296109,0.21148471174568967,14.997599691152573,-2.2614935837425487
44,0.0016556849211432634,3.550330480895148,24.517607190549885,1.9026292381665106,0.013073772257568594,0.14335570141065831,83.60962347550826,-0.3789311498026442
45,-0.0019355967432512318,1.828735074948036,21.44789907055835,1.6806598305431244,0.011163336471734762,0.14533102101293105,23.987280786037445,-0.8351624236250308
46,0.001967318603099219,2.1586833287358544,27.23458105765267,2.17484745819519,0.014153123075535906,0.20767106681034483,23.183197364211082,-1.4448843467318429
47,-0.0070452113868183985,1.3954951925246586,14.448352734364867,1.1258264699326588,0.010850442094720322,0.10897090517241378,17.41990490393205,-0.9187486241906664
48,0.009681672288631185,3.61898462137437,26.27745629288256,2.1512524934175112,0.016847642772863138,0.10416666666666667,96.26631673177083,-2.578474137466122
49,-0.003301787988086626,1.8871994365539435,14.52629822572334,1.076120675345825,0.009645416069643347,0.1329640355603448,49.761594980955124,-0.5720955866447823
50,-0.0013996486219666777,1.3647564412058746,25.192492864738973,2.001333335012595,0.010003329543717975,0.14153421336206895,18.708701252937317,-0.8420078164894813
51,0.0050000565022771115,2.079010734156668,24.502596440560442,1.9519869277057045,0.0065566628939544395,0.08118938577586207,56.606085777282715,-0.3518685829797945
52,0.005192112810298721,5.122154510133587,17.905048359183453,1.5201444484781201,0.005142902534410903,0.06464675377155173,102.59560352563858,-1.2521719637898863
53,-0.0007766902241996831,0.9569178264851547,19.579818782318334,1.5821272109912163,0.01110898598211673,0.15272258890086207,23.70237684249878,-0.4015368431164561
54,0.002844166164624673,1.5329041610691205,16.90589133621964,1.3060995758913059,0.012400807974274874,0.14501953125,43.60392642021179,-0.6512289529042934
55,-0.00317651487630683,17.170001109391613,20.50159573469889,1.7253646711790773,0.014871389025436907,0.12419181034482758,235.65854263305664,-0.5036874763726895
56,-0.0038137621920482398,1.5170784606054466,25.832244024395237,2.046240968452084,0.007172063923870407,0.09828764816810345,44.28826987743378,-0.6135958791945761
57,-0.0012704578047587666,4.173651203644344,23.177040052198773,1.9145130038673885,0.010946967334944178,0.14247710129310345,81.3282322883606,-0.46651512964666364
58,-0.0019292234778163237,1.8762321958296089,27.369446588230545,2.074700198457416,0.010666814318091352,0.14693898168103448,51.24729362130165,-0.42882056349494224
59,-0.00465741064394904,2.0099135807593713,21.789716488986823,1.7261808358859432,0.009852698096877029,0.14529734644396552,49.903154134750366,0.02572732095334951
60,0.0006982565287944557,2.4924983362268778,28.77421096878544,2.243103502504929,0.005976402659394682,0.08283943965517242,59.563064604997635,-0.135927058910017
61,0.012194497367954683,3.1431659356002033,19.952730200786526,1.4401723820948973,0.011408839438340744,0.07524245689655172,68.03027572631837,-0.08988127097049126
60,0.0006982565287944557,2.4924983362268778,28.77421096878544,2.243103502504929,0.005976402659394682,0.08283943965517242,59.563064604997635,-0.135927058910017
61,0.020341366178513946,2.8679566835561014,19.763150118548293,1.4230438936898158,0.0285828016424383,0.3440446524784483,59.80795508623123,-0.08988127097049126
62,0.0005644963814387593,2.6657445819584242,27.885408740591032,2.232683915794418,0.013046464531036125,0.18270979256465517,56.891776740550995,-0.6302428917202698
63,0.023508212365429493,5.846772267159318,25.48857289752602,2.024403148376913,0.027023046572014275,0.33683829471982757,83.83060097694397,-0.198253772524015
64,0.006122217256251495,4.402761642973992,22.84444356119814,1.851443030682276,0.013259040764813986,0.1950178475215517,67.1124097108841,0.026358501112058175
65,-0.00150130273415062,2.749411310798689,28.35102027136399,2.0984158538490663,0.0143974091067854,0.2149616109913793,48.26926854252815,0.09638127039361777
66,0.0010233878009535836,9.174102025896326,30.08714448422563,2.1623219640750904,0.007489272364182398,0.10333883351293104,109.83667123317719,-0.020591243576049578
67,-0.005429372184616747,0.882103101115423,27.265501111986694,2.043076667609496,0.010349156224351489,0.15525660021551724,23.64808115363121,-0.19439701132677678
68,0.005784315614837549,4.113714238036788,18.13641066597935,1.195743421250317,0.027757464113729556,0.31858667834051724,74.69252496957779,-0.18780158055563922
69,0.022784451673274964,1.367191344694651,22.78925499967139,1.7567739098143145,0.032623941119176186,0.3837385506465517,29.251487255096436,-0.43149920357632254
70,0.027361864542726697,1.4772472793129803,25.169253079325024,1.967231785330584,0.05597889763885178,0.533135775862069,30.00618690252304,-0.6981266210534571
71,0.04044263087404809,0.9949848064154698,25.463019256676738,1.9169545159504573,0.04593352143399835,0.4941742995689655,16.205647364258766,-0.10953918721439404
72,0.04588898070409285,1.0871693390727728,16.762624705376417,1.1078063036595645,0.058943044472533956,0.5318813981681034,11.155001938343048,-0.35941415000027677
73,0.08522355422528705,1.0125051944738739,27.81364879296322,1.9709142593432074,0.13261234311721637,0.6800158270474138,8.001006082631648,-0.4210525220046113
74,0.07246565723009404,1.6969295478980178,17.926808567531005,1.194415151568231,0.11491201071915165,0.643866177262931,35.03248605132103,-0.2270494495631088
75,0.08860152976458738,3.4689077479357113,17.708139943977585,1.0778342411199602,0.11470888580453024,0.6480754983836208,60.49777239561081,-0.223322375759909
76,0.07586100274106841,1.0351119994738918,15.498708746664965,0.9658501114275262,0.1099090430381756,0.609930630387931,19.01841862127185,-0.3315201569828634
77,0.08392466160405783,1.686779045994798,30.09041997954924,1.915256888154043,0.1328659609787102,0.6746699892241379,25.820892438292503,-0.924041615863366
78,0.05099822387520668,1.7524375637240233,27.159959007600513,1.6993152500905,0.05093827563416261,0.5183947332974138,30.202636271715164,-0.43898312530408656
79,0.019745898358570654,1.3950378913492476,20.419174419072704,1.301870113426738,0.029328577842659735,0.3680209455818966,28.583073288202286,-0.4082643355132103
80,0.011189397900691171,1.2938461646823094,28.83317144195838,1.7691650443292897,0.027993413935574012,0.31004175646551724,28.642871648073196,-0.4927522522183396
81,0.04035557433693404,13.91964120731994,24.081033265214124,1.6255985136971316,0.0413412813765623,0.43487338362068967,116.99732825160027,-0.3561616028813157
82,-0.004186363197365593,2.3701399504754317,19.149562242709337,1.185616143917224,0.012080476431382804,0.17092369342672414,45.60907155275345,0.04080825179961023
83,0.020280430169844023,8.814035914524693,31.685492038598348,1.9576472598117984,0.057381545722882,0.5496615705818966,89.61860281229019,-0.03389822292756328
84,0.06007796586119059,0.9304883152695267,26.75529248605418,1.7206897549822942,0.08560404855259172,0.6189890894396552,18.984094984829426,0.09888555174635771
85,0.016196124126349687,0.846312742227296,29.507039139480813,1.9099439055827478,0.025764626870835042,0.33977640086206895,12.07275596447289,-0.22990159755340045
86,0.018003989134777548,0.9431827215925312,21.756840131855732,1.421563571294898,0.02694063888790471,0.35349036907327586,19.791678190231323,0.04797783547839296
87,0.034246128112415924,1.3706447311138357,27.31863156485307,1.82843577837148,0.04997303688852016,0.522503030711207,22.829865157604218,0.03279655927074532
88,0.02323093238533539,7.679639333855956,25.30377876205402,1.7528414024102326,0.03881564617291462,0.46583714978448276,78.73721042275429,-0.2420769603040045
89,0.0695530808293872,0.7080575621083557,28.473362293246943,1.860095970708965,0.0935895563915406,0.6296976023706896,11.877557950094342,-0.09284081802089128
90,0.10606646002880271,0.5717242309155861,22.68321346493984,1.4503878126505978,0.175598971041648,0.6884933997844828,7.048425577580929,-0.018967198582908518
91,0.13041287117949132,1.9730326322477842,27.398566668829076,1.6726475047190466,0.21040983838598737,0.7206441945043103,32.297924160957336,-0.08355851488058819
92,0.07804915412111768,3.637298594825115,23.514648983921408,1.4499849184689209,0.09849088789871593,0.6401535560344828,49.81326147913933,-0.006714472499037782
93,0.0018277005987729035,1.2453798788315318,28.22761834621558,1.738940803828882,0.011572870489105519,0.16574622844827586,18.628378063440323,-0.1327715018708462
94,0.023855935416716434,1.2700452101406463,22.301813156504572,1.3777758656749561,0.0298744591097508,0.40813577586206895,27.251767225563526,0.06919667022652887
95,0.012695068193662389,0.6658428037936976,18.813006171844258,1.1885095785589235,0.026691436826287575,0.3249764278017241,6.733901683241129,-0.08935600481084949
96,0.015504490923119313,0.7921617774981626,25.44202226177179,1.586692878544423,0.03591946385884136,0.39642544450431033,10.985746439546347,-0.39765218651046474
97,0.028380307448494853,0.8673572460281431,28.078372757608907,1.7394628320787513,0.038528302898188926,0.42178239493534486,5.861052755266428,-0.28509360464542244
98,0.03936978731884624,1.8512661284474619,18.3075509559893,1.1670306358694156,0.03948995660727538,0.4264126481681035,31.332519203424454,0.015467465035929884
99,0.002836385050093978,1.541241049481572,22.50260825054559,1.4001554002300916,0.020425939525011927,0.29065362338362066,34.27533131837845,-0.29788861189684246
100,0.0005291331737252072,1.1628347967948423,27.417557009953427,1.7123802366474812,0.018303126195829023,0.21158573545258622,26.36081574112177,-0.25083298552063615
101,0.025504914634432677,0.9492514097230266,27.05047386934467,1.6919494989069164,0.040679979788145484,0.4676976697198276,17.698993489146233,-0.33050868810463063
102,0.0666801139007981,0.6860510485875969,30.768784464152276,1.892074494916697,0.1449917430031276,0.6847134294181034,5.46797033585608,-0.09933623251314083
103,0.06030229656637001,1.4103322786325287,30.583850968251774,1.9134325585629117,0.17155086167747807,0.7195834455818966,24.939455438405275,-0.1879041890000417
104,0.09812747686899055,9.202889007295184,29.826669645704456,1.9213192674957602,0.1694879604784264,0.7039500269396552,84.29205280542374,-0.17633260224954395
105,0.06862392701125991,14.772505524948102,31.129656683757965,1.8906770258758554,0.14803160162447404,0.6768504175646551,101.26110410690308,0.024605478928562685
106,0.08621811981506045,2.2230162637647246,25.718316379950608,1.6059597031888753,0.11318947391693404,0.631878030711207,39.0996789932251,-0.0837581341034832
107,0.0739197902866174,4.1585897353360215,33.09181576715943,2.0713584597597845,0.1371166671525661,0.6621514682112069,56.378458904102445,-0.041717667180263485
108,0.060799522206609474,0.9678136306823681,31.1777129707585,2.0740141725169643,0.08485074049719421,0.5916032462284482,3.8934096060693264,-0.015596267487829829
109,0.04406517262811482,3.2783439720068133,20.647655110858413,1.4049724825514391,0.045579991830264,0.4942248114224138,51.05110031366348,0.028406880725748818
110,0.03973337198375159,0.6365664982570045,18.452788476717803,1.174912949216001,0.061374012701231426,0.519598599137931,4.662871891632676,-0.023064440628882688
111,0.04504334920454571,3.1799883728973644,27.312583291838912,1.893586351214065,0.044198168513911035,0.4637324892241379,44.32036010641605,0.011986713165051177
112,0.011760611974420366,0.8019411609978657,26.5293680587382,1.9216342670717559,0.03278987595368907,0.36462823275862066,7.78667680779472,-0.07370697015184158
113,0.028488460358420887,2.1147734394671223,20.959469860054327,1.3918425634509386,0.03627460173547975,0.41428980334051724,37.56082731485367,-0.15595032373068785
114,0.01433784176638177,2.539604808861287,23.688482823833855,1.7047555326877548,0.021985078316055447,0.2640170393318966,46.10665421187878,0.11693956609175815
115,-0.0018426369652369905,1.1890875360068698,20.44564817586496,1.4218204437551447,0.01633892602619418,0.2069133890086207,27.80741223692894,0.18701808542219156
116,0.010424810994162557,0.9224854095201233,26.9261671172471,1.8774556012559231,0.026424621989306236,0.33599643049568967,13.489541079849005,-0.057529176903274415
117,0.049047536293280215,0.7942584826631773,23.56396937326544,1.5926566942106202,0.1009171449377077,0.6058307516163793,12.037785520777106,0.0006193380132083481
118,0.10083643066623585,0.7839840835147087,28.649964463559847,1.9065872932170067,0.15711881115190596,0.6860267376077587,4.016259681433439,-0.10918708702608337
119,0.0781068313990202,0.636972269539384,21.276233216185638,1.3362253917589912,0.09350605653764496,0.5925798087284482,4.5660420916974545,-0.021067887035195687
120,0.07313792686444301,1.3278087154518712,26.89594069858692,1.6762672152273872,0.08493743838071482,0.6058475889008621,21.652155376970768,-0.16800124325927812
121,0.020858864816203443,0.639670937530786,23.402488379674995,1.4522523103916118,0.03301406344438999,0.4121935614224138,11.457017164677382,0.19098018315298926
122,0.006467808427401153,1.7679766394183525,27.21612725554612,1.6464636788953393,0.02199132844844857,0.2913439520474138,34.394713297486305,0.004833745177802551
123,0.00396042844834577,0.9605665582864016,28.426449354577425,1.7466152771521593,0.020356457090358538,0.2770490975215517,25.13160315155983,0.01993487356782464
124,0.07311833866214101,0.5547841897869177,22.313305452618554,1.384454586684146,0.07953199174993768,0.5793120285560345,2.739786677993834,0.03509945618105659
125,0.027071934774153896,0.7998862463651477,18.036082950725767,1.1161845830712114,0.03622613864065678,0.36294450431034486,19.82078032195568,-0.0007165770303914076
126,0.05482093629881868,0.9484953781981442,25.913953618142465,1.5836847680063861,0.09450418977751818,0.5407462284482758,18.33469794690609,-0.12731575235968173
127,0.05893574893674774,0.7010743032895705,28.360169695288842,1.7701424387532512,0.12577340150716643,0.6793002424568966,9.75429992377758,-0.014708901280388265
128,0.12367337437147477,0.5291657228194948,19.029887804303897,1.1865335790077145,0.20433259060010986,0.7131684401939655,4.957420760765672,0.15429347446670205
129,0.1106004440048917,1.7544916806088098,25.869864633764493,1.7307022713377656,0.178894059115229,0.7050528690732758,36.53303146362305,-0.0011203237550629908
130,0.060678751333069096,2.17271463080069,22.96482267985843,1.6925067105601495,0.09137843579057893,0.614501953125,39.6610293854028,-0.015150555541491695
131,0.06657308289354581,3.3235141529350853,23.7221299324,1.7751258049493432,0.0791879485318375,0.5753805226293103,51.265687592327595,0.1588916613788831
132,0.07979306500260414,1.5523768601663315,20.98184187863231,1.479063411524764,0.10977798807251585,0.639227505387931,22.5727906152606,-0.14423494418407534
133,0.042399510680684066,1.140205637078001,16.382029590037337,1.146356200908109,0.052809841081837255,0.5041840651939655,18.474105343222618,0.04542672458367514
134,0.06338048011514373,2.2053973962260143,14.722232509548936,1.0989143076229335,0.046573669684535,0.46574454471982757,33.97815468907356,-0.057727583874150445
135,0.006907216545431391,3.072975528625814,23.28932206803965,1.813360652372498,0.026245864910692786,0.3246986126077586,44.18371465802193,-0.0014629404799098022
136,0.0037737736668797895,8.350536573936555,22.511772119837556,1.6800812587201202,0.013018035118373768,0.1754865975215517,96.59123414754868,-0.02404319197099758
137,0.004578949893528296,3.183314211313714,18.479034071956793,1.4763150211313993,0.01965783588369457,0.25412513469827586,54.48761856555939,-0.005677843636290314
138,-0.00547024065599593,1.0437380374225604,20.37094724823014,1.5734863214702586,0.02145529433368336,0.284912109375,11.409702144563198,0.026087888969900774
139,0.019426598290028227,10.623394299546572,14.305208734042967,1.1867902015361198,0.026977189453991114,0.3397090517241379,79.6870276518166,0.03554349404053836
140,0.011076592793611341,3.183346132165193,22.32594895964601,1.7198301547042352,0.024936321902275488,0.3270558324353448,39.04719714820385,0.1347490250310568
141,-0.0015055398259395867,0.691177281538301,18.795809250814713,1.5219785764227334,0.013551454094152272,0.19936186691810345,17.345187962055206,-0.06545369497335596
142,-0.0032511005000635126,1.6266335647894978,22.40970481957052,1.729964641038256,0.015182507401512904,0.2199286099137931,26.909938782453537,0.08994544105892266
143,-0.002207820713900626,1.6511901155471058,21.665995009550585,1.679386017363366,0.012717154361247405,0.1783826104525862,31.66446876525879,0.012921336461154675
144,0.01915019948433516,1.0188832428826589,20.01003293229813,1.5742758303792377,0.026075558006313854,0.3245975889008621,8.75513643026352,0.03841271948650937
145,0.03253126849254833,4.372625155019712,13.358453166211019,0.9891089382047712,0.04821726343050551,0.49072265625,49.35933322459459,-0.11512884846912441
146,-0.002192461738096771,3.1363077013948044,24.138864697804195,1.8162143668867368,0.011675194336366358,0.16742153825431033,41.70281934738159,-0.01730514404194894
147,0.003402469840144978,0.6944942521114463,23.025966541207364,1.7377583045654947,0.022909995255006303,0.2931034482758621,11.454461306333542,0.08536512913723115
148,0.02528746708477095,0.647124230207736,24.21692390436435,1.8757910722744218,0.03377676144912678,0.40764749461206895,5.466282211244106,-0.08438210955562031
149,0.00028175670397165026,3.107988048663147,18.54850225814052,1.5155631867874662,0.012232286464683871,0.1781047952586207,43.74867004156113,0.13948439733669127
150,-0.007468734909503895,0.6247626224013406,19.872148164750705,1.5502096434100732,0.013199525681306239,0.19004242995689657,8.695238322019577,0.0401211251164707
151,-0.004108094768171625,1.3285947741490292,23.506452864172452,1.822189108729523,0.0113820234538911,0.16343952047413793,18.944573178887367,0.06667125053363954
152,0.011822711645927856,9.329467038407214,22.964136309721027,1.6570829891339787,0.024838620180099528,0.3149077316810345,78.66739340126514,0.06912988733384651
153,-0.0018425976913182531,4.883808047444184,18.754175082015692,1.4728181118312178,0.010317109538501144,0.14320952316810345,71.43872618675232,-0.027632878557306118
154,0.008768259263981573,21.465291292053518,17.62502494720333,1.473295238199704,0.014400212802715471,0.19012661637931033,116.83932316303253,0.09258738169684644
155,0.012363597817101953,1.1545674154002108,14.981403333425988,1.0689902006803282,0.027097447931361065,0.3288910964439655,12.650347277522087,0.13362180300410353
156,0.005880173507336798,0.6696154887294077,19.7930493057015,1.4983917909741085,0.018948801466994437,0.2520625673491379,6.695169115439057,0.08386610321283439
157,0.001028720070647084,1.1760092262096553,20.283145321541113,1.626864837165942,0.01195702612438191,0.1723127693965517,15.239027619361877,-0.006980316143109455
158,0.01824503352429474,1.1684222286706567,12.994311579686524,0.8272304688031187,0.03613887142248508,0.39948141163793105,9.93509391695261,0.07738080360357191
159,0.0202268258916841,2.2534648615733905,17.867700478218595,1.3254579847401553,0.033962891778079714,0.42350821659482757,14.787465430796146,0.039964992948945066
160,0.02538965508227051,1.5559108173990137,19.938812639351518,1.4167929063769407,0.05473709302921258,0.5126111260775862,11.448758065700531,0.04858011108770277
161,0.03419336473598917,1.4841514961447373,30.900905275163403,2.3357354033736364,0.0448106827602244,0.502239358836207,11.763643767684698,0.0033681867589405723
162,0.014330964110926964,5.633105045362204,28.651975712201015,1.9570806334688378,0.020879860681377288,0.2551606276939655,31.615518018603325,-0.015123542238069998
163,0.003301189000510887,10.946605351754773,21.412184212597666,1.5922093657969403,0.010310999938218598,0.13790577855603448,63.044508039951324,0.044991016372117
164,0.0027886845408822813,26.539011091358617,22.031585423219628,1.7803430843702919,0.018130922943437953,0.2379865975215517,54.744128584861755,0.01285547548578081
165,0.012156063857547444,19.123257603530703,24.57999936797142,1.9788009386513672,0.018570346984578746,0.2389210668103448,19.65066969394684,0.00893836862566455
166,-0.0021696491029647913,1.5331605146288632,20.862077072375165,1.5788608255845311,0.013082616227620747,0.1863634832974138,5.875087887048721,-0.0018981158370305895
167,0.0062197460721296815,24.151281556767028,19.527757894095224,1.283287233958304,0.00989022370726914,0.14017039331896552,28.118696689605713,-0.002773300280096924
168,0.042765491628574244,1.7355249577452942,17.00457358932733,1.1024204555705466,0.040886242384721265,0.4513065732758621,2.2614521607756615,0.0011234852243361404
169,-0.005840035206345767,0.7230442350623518,29.557831035549594,2.224291444974871,0.00897036847790928,0.1256566540948276,3.8801251500844955,0.0025351109431674956
170,-0.005749099468991109,2.533191385167015,19.230530807132237,1.2960184034868847,0.008725291239709897,0.12051286368534483,7.8628900945186615,0.004878183523223667
171,-0.006277342576665965,1.5720959261365068,25.811662337437657,1.9603401471134114,0.007371782477250612,0.10061119342672414,7.288756504654884,0.03435522002552971
172,-0.0035745579728531287,1.437033537040968,23.510071147052603,1.7688666508128617,0.0162491337880432,0.22479458512931036,5.16967847943306,0.00436073844172169
173,-0.009457442046000167,0.6833791077605152,30.79042538638018,2.3778146622232805,0.01460728483753287,0.2112237338362069,2.7064152471721172,0.000926232764215329
174,-0.004258158393245649,0.5101348584838199,18.325697057820246,1.2802004216216025,0.011641103885957474,0.16429822198275862,3.188802821096033,-0.001397511480611735
175,0.030964732397629584,0.5322734298184404,20.12890245478825,1.4038483322304995,0.04041943695332959,0.45836139547413796,0.7049680696509313,0.0023570438509988856
176,-0.003253982145375584,32.8692776410867,25.847797733370278,1.7870619954588494,0.013660641931547333,0.2037058863146552,16.148713052272797,5.509951304094596e-05
177,-0.007773906038190932,0.7434384298095855,27.376029581441706,1.9804746172208225,0.010005873165310136,0.14607186153017243,3.765481285750866,0.016798292761124656
178,-0.007809353270998248,1.200071693824741,27.889857575229115,2.0100111673266934,0.017393696613625848,0.2557246767241379,4.96581158041954,0.025744549452347276
179,0.004061653033566625,40.89099965735632,26.749974046809726,1.804564721017257,0.021603496562577144,0.3015220905172414,44.20553755760193,0.010349606007417855
180,0.006728662434489973,1.210804306810208,18.528887599486865,1.1906962871382412,0.016524030216056293,0.24480569773706895,11.999648213386536,0.05178066704575568
181,0.0020017098478643316,5.052777792702686,27.636357987387875,1.9233299101771113,0.0153058485121964,0.20403421336206895,28.216559141874313,0.00551262677836184
182,0.009562607710974143,2.215069462800863,29.408448117455983,2.060983229501791,0.027644650479738506,0.35716089709051724,18.69110442698002,-0.08608194003735514
183,-0.005429934558773801,0.8955384379885757,23.58473676973793,1.6489931121242738,0.023199306628094777,0.3105047817887931,5.735710397362709,0.06553190918999507
184,0.0015579923889734813,1.0619137675111483,28.247165093796553,2.003019508961909,0.013877827100604291,0.21340416217672414,13.209114223718643,-0.08140113912188895
185,0.011063717709427873,2.3139721809104827,28.432535207059622,1.9478404463854908,0.030236935569675927,0.3466291756465517,23.212219059467316,-0.056196380887877595
186,0.014244892980657212,10.369347968755747,27.156661412469916,1.7248668217266796,0.031770745747178745,0.3594086745689655,78.7166451215744,-0.16450854842891105
187,7.872366457941683e-05,6.572661915265277,19.432254536137595,1.3248219323266248,0.01019944393694208,0.1324420797413793,76.14160221815109,-0.15673518399112507
188,0.004139636312563927,32.00507285616471,26.850525785213463,1.7666963088538916,0.013990134099630864,0.1742743130387931,164.6537265777588,0.011592264803597985
189,0.0028437866667224507,1.629383154874752,12.865283544530783,0.7628126256639964,0.013041107495092578,0.1915241109913793,31.85130488872528,-0.0023575228236158985
190,0.005807949819678345,6.369902133325232,26.122469916197083,1.6567934854156818,0.018594238514573404,0.22412109375,66.29935669898987,-0.017946054262422795
191,0.007311807646813358,2.4341301839687475,23.46321420291246,1.5159521796509767,0.022552500909961085,0.29767477101293105,34.98491734266281,-0.07267431916845224
192,0.011130034382733418,2.0423394631757166,15.298055949447283,0.9491770471760337,0.013868869410261737,0.18515119881465517,37.977101147174835,0.22216032557293985
193,0.006817612862106599,3.412400642731442,24.876323581472487,1.5328033193805384,0.024531169914427726,0.3210533405172414,41.9369882941246,-0.22637631456315788
194,0.0027275833393723544,4.805738558953641,20.74631139935508,1.4071731953635804,0.010123153815772544,0.14111328125,68.26625919342041,0.14154702612823045
195,0.00552168065035693,0.883483496606013,12.392828286275698,0.7345596882202605,0.022129418618690045,0.2513048895474138,10.187479391694069,-0.1963587636395958
196,0.023609434812248434,3.413764081686249,24.2857124198485,1.5931137227182326,0.0347548895234499,0.41741311961206895,42.34355388954282,-0.27103813766851403
197,0.029377877162209316,0.9903765770223769,20.398721163430057,1.293379443707667,0.028462582518715925,0.3746548356681034,13.160728007555008,-0.13691993174344175
198,0.020725141027485044,2.226258446330781,25.878286982529218,1.6104150521082217,0.030387807684872252,0.37746666217672414,30.067681223154068,-0.07453332575441385
199,0.05571807701828048,0.8822396084896822,23.189501420667007,1.5239574920465357,0.06829372777479123,0.5870824353448275,8.523379564285278,-0.10815672573043678
200,0.0723969980657273,2.394427818442927,15.424554605754533,0.9530614891937775,0.08995601234798006,0.6201508620689655,31.07282716035843,-0.06639708241172104
201,0.01093421013060618,0.9841357596064817,15.493004503898256,0.9807569177254005,0.030237196077560556,0.3350367052801724,13.185446875635535,-0.07606225014586121
202,0.01588279767484296,1.10137902143748,21.859620766567694,1.5040088116220431,0.036419732694098615,0.3438762796336207,16.924420341849327,-0.04566074716047619
203,0.03457363029547892,1.6061634819364994,23.101301830835993,1.475464346811099,0.06618612610992418,0.5517999057112069,18.570120722055435,0.01916813578777543
204,0.07354420994987217,1.0661780575568933,23.235427794813436,1.520534646781643,0.11457023435431092,0.6323999865301724,4.931994155049324,-0.10670469821381867
205,0.05216683329477542,17.910049822014397,22.142004824885777,1.5144529188616835,0.06896381927021891,0.5839507004310345,125.90662050247192,-0.10366449693884139
206,0.07136780222209355,2.0905196016027854,22.180342053063214,1.41675540884196,0.08460378926184635,0.5999629579741379,27.08299052529037,-0.24758073699214544
207,0.06132532645869611,1.2025961746205382,18.085202233568797,1.1009087760263858,0.07994720798122781,0.5951980064655172,15.430250987410545,-0.138361241109199
208,0.02476989429134687,1.6678914354692398,20.31900624993482,1.2539725675928035,0.027350469836353017,0.3768184267241379,24.618710160255432,-0.11327371951578691
209,0.005429614519031168,1.5841962526050068,16.17411142131936,1.0018613463963792,0.014179215875377975,0.1845198006465517,28.531594157218933,-0.3701248845460412
210,0.04448311427885786,2.9165362438385056,26.20335064922331,1.5764383364886303,0.05533610391611202,0.5381111934267242,29.386021211743355,0.012939028356462434
211,0.05463970376987175,1.0195247586966605,18.367698045634135,1.1195116299766532,0.056004994379753925,0.5324117726293103,11.797269031405449,-0.09041523744222024
212,0.06666239264423635,3.6197052298903607,27.087623657241206,1.7955959888992044,0.09570987634727096,0.6167918238146552,41.02508470416069,-0.08092120576495399
213,0.036313213460861374,2.042785939021922,21.288992524825456,1.4575887345550842,0.04914296981562451,0.4918002424568966,19.65602970868349,0.09953706959619746
214,0.013351368901435855,8.75249133870529,18.701175387226172,1.2953274072105754,0.03284037007035985,0.3826188712284483,56.54799818992615,-0.01310106899366903
215,0.022463089203008994,1.009966517735072,18.637858296029975,1.2375020631132365,0.02881010828498582,0.3353061018318966,12.30528712645173,0.0058029938159284145
216,0.05548033209653282,1.902399744570501,14.847527927453108,0.8956650981194327,0.07313159822033727,0.5685445851293103,15.195626080036163,0.10970051377654988
217,0.09506285035718849,1.0885170380438576,24.76596702275605,1.5357191329204742,0.1622320976423688,0.6829876077586208,6.688275411725044,0.06426575157457581
218,0.04119319889440402,2.4027610013216587,23.079732768679165,1.4151059844097573,0.053244737772760786,0.5295662715517242,20.666519463062286,0.05068165349823728
219,0.026055225805047964,1.2180749847760293,25.15341232624708,1.495160944283145,0.03301003235311986,0.40226798221982757,9.364743631333113,0.019447382408427583
220,0.03306344861989836,29.125125918236836,14.705416346490704,0.8716848291601466,0.028527379985587624,0.3710432381465517,115.75205564498901,-0.01789734708489532
221,0.01893758188983672,1.0975476980743113,18.9556437725972,1.1646250047874518,0.03514338223186345,0.37075700431034486,8.056076847016811,-0.05725425388197802
222,0.0010455424758656156,1.3520993156779966,23.969045858412724,1.473339838437447,0.01230946767740032,0.17428273168103448,21.981888949871063,-0.030614709089103354
223,0.01528543677988626,0.9272962097265369,18.4394381736909,1.1346692397831342,0.02106499451750504,0.2860486260775862,11.520061967894435,-0.054247064520328125
224,0.01116136444752144,3.9600027639127386,25.99943736303148,1.5641207449541605,0.02387136652872994,0.3100249191810345,38.713782131671906,-0.1451784079098435
225,0.011730386136862152,3.8120477849397796,17.900593586870194,1.1127517464743066,0.015434845135916538,0.19773706896551724,39.84184008836746,0.016607037313232653
226,0.018700263652237543,3.139101504796132,29.724604751986995,1.81968178690094,0.031211894719082672,0.4055259967672414,28.4108624458313,-0.05141149152990554
227,0.030644603985965187,7.378099056416187,25.477104553366722,1.4925920738816534,0.04300977599331386,0.45749427532327586,50.46612536907196,-0.10395906381064113
228,0.025382706607101874,6.419131437197363,23.992395859340142,1.510107139700518,0.03694721825778633,0.40800107758620685,52.134130239486694,0.08890734518855448
229,0.033902470196784606,3.9680104152428433,28.04930254431634,1.7279260074368534,0.033345245585098444,0.41033304148706895,37.920085072517395,0.05385782073945833
230,-0.00021956567141207233,1.0407506061816925,19.640175751029062,1.172547063153741,0.021228073838975778,0.24972218480603448,8.018893174827099,0.08443168462234552
231,0.008345736056914323,1.4127897549486101,16.97722875083002,1.0208741040879776,0.021249613191998674,0.25947939116379315,20.810576379299164,-0.008117534844120255
232,0.016363383401308683,0.9848322576161597,19.444858069603878,1.1781491169772225,0.022717693139666467,0.29612574084051724,5.091419475153089,-0.183847496580537
233,0.01431302276236579,4.224692308750511,27.621552287817707,1.7487634191658863,0.027958188651547096,0.35594019396551724,44.739684104919434,-0.19301342670260402
234,0.01331626415434808,0.9118883795757818,21.37366051083543,1.3093786308406914,0.021781719798033512,0.2795494342672414,15.634785190224648,0.09953703185544904
235,0.024418253229509315,0.8936615494429972,22.830610507071533,1.3860477488377565,0.026673895656131208,0.35791015625,5.735189884901047,-0.01299039279024683
236,0.0005430383270856355,1.0140440234024761,19.319480987394165,1.1979310413153144,0.009464972363212868,0.12462116109913793,15.777651488780975,0.13518445244180344
237,0.029007833003485778,10.977748380005417,18.77361060881281,1.1646503968177373,0.03531236876909227,0.4242743130387931,64.2462387084961,-0.030531621286329136
238,0.011918138485975564,6.588631821383352,25.26519553733845,1.5116188555468146,0.023375000807673445,0.28992120150862066,53.61531639099121,0.04826678290725128
239,0.009579688541795308,11.071066295374537,19.462776031055093,1.2373636475828693,0.014606860717949217,0.18936051993534483,77.42019629478455,0.12966152760027683
240,-3.3008573955019965e-05,1.5896388910713544,22.047749034586715,1.306970554945894,0.01072771440923479,0.16407933728448276,23.483377426862717,-0.008776933212985671
241,0.044404755772977124,0.8260096188259696,26.56614053851507,1.632072471624144,0.058753780825695844,0.5257189520474137,5.589142397046089,-0.01268468683038515
242,0.035132096388249934,9.782339496433146,20.24195581093302,1.2622794754153865,0.03238181265925082,0.4157378098060345,55.85767650604248,0.07925556564002112
243,0.012094975207383899,1.8764741493702586,25.350670070820968,1.554165884782159,0.03263375824851743,0.32077552532327586,25.125586688518524,0.03532762492791708
244,0.06329002875300793,1.4981365702400127,27.394185558804473,1.7163558164862354,0.0803472007349322,0.6019665948275862,16.3494114279747,0.011955073553622908
245,0.04121909558268214,2.4401293893899716,22.144634579749905,1.3950756746655377,0.03806754666383595,0.4295948949353448,24.67273473739624,0.09860634116802003
246,0.018387909066486074,4.807203969677447,23.19181744441599,1.4147563278379023,0.024356217154428157,0.3021366514008621,41.63575594127178,0.07161762588676246
247,0.01910511142489326,2.0002269833366726,18.98092944828938,1.1610472483925747,0.03789175836849107,0.3701256061422414,21.28303962945938,-0.06592548758719241
248,0.01803153121334019,0.999130863546521,21.153807939861196,1.3591900183533214,0.027803599035592173,0.37680158943965514,11.123202934861183,0.1655520950689623
249,0.02607940444860509,87.31718788927367,18.69549498457566,1.4313926269116628,0.041234678983465556,0.45053205818965514,224.0851287841797,0.0920762348889661
250,0.030602992955581068,0.7773711390606003,23.273174916683086,1.497538474023619,0.041523794635552266,0.43601831896551724,4.02764009963721,-0.0027265656082016143
251,0.01195841011681668,6.315306485265991,21.457977495023755,1.4620825011410612,0.02300472731540453,0.3187887257543104,61.541364312171936,0.007745138279031227
252,0.024361437470285657,8.765825898539664,20.99246043103129,1.5081844324143685,0.026490019467771696,0.30856849407327586,59.310747385025024,-0.010494235071598412
253,0.011983878716110091,2.604305298681504,21.654346441665407,1.4942378979607822,0.02952884394772841,0.34039938038793105,22.035214990377426,0.046211055788831
254,0.010828627241759956,15.083739624087746,21.80971864110726,1.3566825661777142,0.027253749566092476,0.3557213092672414,55.28005647659302,0.013413366948357597
255,0.01080001908809632,5.623071061152499,15.27537901633106,0.9865409641442339,0.01892086900524787,0.2499494881465517,33.445210099220276,0.11928027190060742
256,0.00019031504311426556,17.510752823320964,23.271052429364225,1.5184722267355215,0.014643172285637962,0.1921891837284483,58.325923204422,0.05653683037059931
257,0.015929409697889696,1.4481649328050978,17.612046698535842,1.1636350512402212,0.031135705387990535,0.3647040005387931,8.726868897560053,0.10498146774544359
258,0.005906058680460718,0.7689725071992832,23.647661072013356,1.626065547730581,0.03154047005277946,0.35130152209051724,5.104345232248306,0.01914167799066968
259,0.020380404794332993,0.8396588212528169,23.96529870563797,1.6031306890784842,0.03130526258083309,0.3915005387931034,4.041362751275301,0.09834174136966645
260,0.01163385989419799,8.688179906748687,16.64622988670077,1.1793118824342823,0.019169555046416993,0.24525188577586204,42.751343846321106,0.03199068769679514
261,0.014493039358542164,14.29221447475212,22.055680588815072,1.456223574694816,0.02882532156594419,0.38298087284482757,49.91304564476013,0.06394805770934853
262,0.0006151424152636364,0.9629997852765095,23.576269768876955,1.6684404042988998,0.024637560657695227,0.3106815732758621,3.4230800478253514,0.07463237278410761
263,0.013686140685314482,37.84430995506817,17.287014591595927,1.3347238482303259,0.01953021290206254,0.2598413927801724,74.78527474403381,0.0676656641343022
264,0.008286734451287206,25.04101924697766,20.264053479037727,1.3308706678964946,0.014696644354663821,0.20646720096982757,66.6234803199768,-0.020156395315417575
265,0.01546666339984979,1.3659355832718039,22.254368713061357,1.5975271557168713,0.02598907649471898,0.3319807381465517,8.647879287600517,-0.010249289147510554
266,0.031990835094292853,2.8128230084021033,18.811729618239795,1.3530193001206499,0.03420271221744017,0.420166015625,17.412397861480713,0.006855058725772856
267,0.010047390357201416,12.244049343869229,19.220266367202417,1.486493572354385,0.01628695348988223,0.20228313577586207,43.70254075527191,0.009139856539886693
268,0.01647345607397773,0.9736234766191846,24.196493182732755,1.7707826116921157,0.02605723203606462,0.3414180360991379,3.723648550454527,0.024260819528105992
269,0.007027940511338559,1.3010905287090089,18.08099037022852,1.3407170739037926,0.02140581254282332,0.2750959725215517,9.229032263159752,0.04395279499596472
270,0.010671844001561128,8.083073162815548,16.635346079948718,1.1258270053663653,0.022765102307763803,0.2706930226293104,21.129968643188477,0.02300223906055654
271,-0.0045619859270628095,1.3511078024505672,22.99463841767484,1.6861602508649631,0.019687918193461693,0.2735974542025862,5.843721555662341,0.011735431507969962
272,0.014374516380494948,6.2877866284460975,22.23126819193893,1.6262065394493503,0.024076078240890135,0.2965214170258621,25.43678045272827,-0.0005338553589500084
273,0.019934398929180475,18.321539728576553,18.39484366045157,1.26195848731443,0.02864360238339126,0.3626835264008621,50.33090281486511,0.01889935466545889
274,0.008915851200180631,13.331367289783948,17.348855335502243,1.2548393327035292,0.01762890868121758,0.24180024245689655,53.483814001083374,0.05964426321772631
275,-0.0019394874843886231,0.7686137992862342,16.21618687757843,1.1063166165071505,0.021395726782241678,0.2845837823275862,10.44987365603447,0.08861795329587063
276,0.010240223192499405,1.9312879788348294,23.066160530112846,1.6323086042875414,0.020861794194106238,0.29871026400862066,14.149725053459406,0.11599319192161828
277,0.0023187722273828254,2.8204943240989455,18.792553044486276,1.3894310766080362,0.014945012702935793,0.19945447198275862,25.932055413722992,-0.006283171631700002
278,0.01974335096217758,6.189084203647248,18.921290194453142,1.3622322609464455,0.024972157134847104,0.2692029229525862,30.917969822883606,0.0757974383871296
279,-0.0011797745758246555,6.481765708036317,18.32898261388643,1.2847971626093755,0.012385840625562385,0.17694302262931033,32.89123833179474,0.04601499523846375
280,0.005649971857341653,1.8404177913550746,24.319526535527107,1.7313400727239086,0.02030395065807609,0.24937702047413796,14.883893638849258,-0.0023976923351027857
281,0.009008465732321235,2.0690099504466213,19.509291032168626,1.323432156266163,0.020557642973816938,0.2694302262931034,16.687387242913246,0.11016372923468898
282,0.00856002007063141,15.3645192138808,17.027871040307218,1.1926050423548515,0.026110753690992514,0.3531957165948276,31.990116238594055,0.052351737499843565
283,0.01776913824691568,26.523464155228616,22.632047518264855,1.6878277732632403,0.01964456906516089,0.2521551724137931,33.37378180027008,0.048709616460367755
284,-0.011000666541320434,7.133071033087326,27.771411233156087,1.9567780818756075,0.013681526859852904,0.1829034213362069,16.18807590007782,0.04493737853669644
285,0.0002753191375359553,1.9162216841310131,23.278864134436247,1.6733827347403536,0.019415566818648144,0.2602454876077586,9.64289516210556,0.016214213197303318
286,0.01553580321765739,3.442338770627604,19.665734712493098,1.3381517539566066,0.02968899842982927,0.35740503771551724,9.264754831790924,0.03284363962762715
287,0.0077793833172504784,9.452369605200554,27.267780150909076,1.9148140073892388,0.025837067313189216,0.3488853717672414,14.255827724933624,0.018060713322455957
288,0.007600764878834589,1.2896432114172702,19.337930830677266,1.22716110457886,0.030826629627473925,0.33411065463362066,7.347213193774223,0.03180584945628817
289,0.02253832302399466,0.7314792204717653,22.940185020163913,1.5657339255382698,0.03500999027139563,0.41279970366379315,2.3294369149953127,0.04480475111169291
290,0.015432247295360777,0.701005795782434,17.615665562507086,1.0560576903447108,0.03228207146382593,0.40973531788793105,2.336336149746785,-0.000880015240833254
291,0.042763207540945876,3.0058314712409557,28.176534508804565,1.8096452333205701,0.04642584405343675,0.4906721443965517,12.221270948648453,0.015591391400084365
292,0.02057936497629414,6.6071030184618875,18.811860704159262,1.1054130247334955,0.04802410199898014,0.4746430495689655,24.438504815101624,0.02597714571863219
293,0.029048227594173644,1.7249891388001644,14.743028110979076,0.8683568704263649,0.027128010775476438,0.3541554418103448,12.246535748243332,0.0034194362593199523
294,0.015672712552384897,2.5995096208780692,19.100042404871886,1.185686839454414,0.0418368196661849,0.4858061691810345,18.7408579736948,0.06242863746685279
295,0.05701346116437549,11.267213512966784,27.536249805611142,1.6939131212636531,0.06923192842755113,0.5813156654094828,49.18592286109924,0.14518859770557868
296,-0.003561946474972361,1.2853944753886026,18.547761390491488,1.1442491314474268,0.012660773794150686,0.16114123114224138,14.964732773602009,0.09422375339209521
297,0.002699657697070475,1.0951104623883956,17.32984336004352,1.0658612909924003,0.01584468957248489,0.20794046336206895,12.627931777387857,0.12494855453760056
298,0.0034656161575098996,1.5709772417950703,23.918173160572568,1.4867395942655375,0.026701710563743132,0.3266685748922414,15.29911457747221,0.06219735965935702
299,0.0017052129539169526,2.7550302204073747,26.399353508757237,1.6248309153096012,0.01913186572070619,0.23795292295258622,23.392509698867798,0.0829759718609906
300,0.0017489607536780461,2.019253613825119,20.05626946180288,1.2457557683991236,0.013011995585813941,0.1698292699353448,23.656877994537354,0.01646554149919055
301,0.0034064784621995366,1.130413861892563,20.548103496914024,1.2766504625620216,0.014081130729554671,0.1868854391163793,11.292429804801941,0.09008712474271008
302,0.00476590273272961,1.589531990267426,16.687279125735774,1.0194570973306263,0.02553528062658031,0.3177279768318966,8.574231312610209,0.0022188387340434934
303,0.008407057857429491,1.2324296756554651,19.089559495224265,1.1628563114294406,0.025183860373388222,0.31882240032327586,6.26173847168684,-0.045664605666580815
304,0.013919529855108937,36.924187832535274,19.242278213636823,1.2318214320247503,0.02178213206106789,0.27060041756465514,90.78100824356079,0.1032169122637635
305,0.018119710711662282,6.282786912146339,20.400421695727534,1.2215335198872772,0.027342265796223415,0.3354576373922414,30.567546129226685,-0.004764766478553506
306,0.006550383105304463,0.8145480341571885,19.90496607466023,1.2159912553555654,0.023281221664892028,0.2950313173491379,3.5497826263308525,-0.0033315368993402927
307,0.009521925100463052,1.9470912283469048,23.363038707420166,1.3975544680534173,0.021921920701249195,0.2815446524784483,16.211281567811966,0.07545405604204758
308,0.040871628931725835,1.7835854851396276,23.237706918100795,1.3885351337145226,0.04654310967202162,0.47950902478448276,14.022596418857574,0.0886451841832736
309,0.01333448154852884,6.935726191615798,20.8260387535496,1.2343424575063118,0.022054451129876945,0.30540308459051724,43.47929382324219,0.06881886191230879
310,0.002460046445914431,1.4178914055802274,24.274282178656872,1.4237983516670347,0.02957054022433646,0.35930765086206895,13.602629452943802,-0.00933395956368166
311,0.00515116935654876,2.2156057265403546,21.447123155748503,1.2841336961608814,0.015589975802115453,0.19091796875,22.455614503473043,0.003369608651279443
312,0.0056281053834728485,1.7400426292509024,18.6202788317841,1.1290729453078177,0.018059553426453552,0.23550309806034483,13.53431636467576,0.1988343893897876
313,0.006252871351185765,1.4613156175706583,22.925029928298216,1.3841569876521103,0.02190467947542041,0.2789517106681034,8.782540872693062,0.025656781880137536
314,0.00412716137739109,0.8844372415839286,24.56921731553779,1.4934189066833792,0.018381287319212347,0.25935311153017243,4.369692247360945,0.03898858605704725
315,0.020158709803785195,2.5388838353020287,26.414081181439666,1.642249442002202,0.025915526907895052,0.32419349407327586,13.576354444026947,0.02915738847848126
316,0.020727687803292053,0.923015328809923,20.966727699703085,1.272785229210999,0.033708189291716956,0.43756734913793105,4.683464121073484,0.10402213366319679
317,-0.002350178455718468,0.90308488246832,13.81339632136261,0.8281037885364938,0.01276745193548589,0.17383654364224138,11.5389663875103,0.033149591733802164
318,0.008370872354122788,2.933496811381515,23.59646213128119,1.4037442033255376,0.02233132285342937,0.28210870150862066,18.819385290145874,0.012316925833877335
319,0.004175858268142512,1.087160568590305,21.83828817338458,1.3026833347765456,0.02605718978884397,0.3409213362068966,7.6804452538490295,0.00467787059733582
320,0.006520194838755785,1.351784513049411,22.861719323860093,1.3626278574174022,0.024990614230899093,0.2909061826508621,10.000427305698395,0.06691433752843456
321,0.02317632867490091,17.222443160248343,17.600812836835193,1.0951453668107018,0.03028649169096627,0.3918962149784483,39.27382504940033,0.11047450166908357
322,-0.0019754523809466405,4.119739332713991,23.554500136428096,1.3865457667155265,0.01500239886784051,0.19655004040948276,19.99120658636093,0.0350797000240447
323,0.016094314789288813,2.6349300729371667,23.35699774774498,1.3767459399487365,0.029298086373681396,0.3729121767241379,12.614831030368805,0.0824256329379397
324,0.025097473232180346,1.2561010332092124,25.48335244362885,1.519802446281417,0.0485899975921774,0.4970450565732759,8.028989197686315,0.059217397809200545
325,0.026515143686999674,1.553579348294106,20.841564688422107,1.2405187913602025,0.035772918873057086,0.40116514008620685,10.770066902041435,0.033912591113258395
326,0.002104085000129983,2.5707735168591976,20.93821575560864,1.2686429334380906,0.014477829465437842,0.2029734644396552,25.04562222957611,-0.0006700857513923797
327,-0.004690183731996627,2.621162858075764,22.525920236880633,1.3325992763069547,0.020036867550516035,0.29177330280172414,22.37882959842682,0.0024795475666274935
328,0.009635587854848759,61.10063037275701,18.792207694769,1.2074749181864999,0.015551157980145693,0.19883991109913793,117.33621454238892,0.04574433670051237
329,0.021682371927127027,10.150407366539373,22.993729730337407,1.4333788582172993,0.028157262777375732,0.33356344288793105,35.609238266944885,0.007465829054876139
330,-0.0024076603513932555,2.3681801179432482,24.453220245998416,1.487797263325774,0.01849028640246051,0.2652461610991379,17.608087241649628,0.044784861290988354
331,0.015320962016487714,3.4192851581514807,23.999701486274212,1.4221008093997531,0.028385263814737393,0.35529195851293105,18.863261103630066,-0.06418788590861646
332,0.015673018854282215,2.3079495216799746,16.469238636870706,0.9913500531494781,0.026090576926372736,0.36009058459051724,15.422989189624786,0.15688135649259916
333,0.01119295559495995,12.27938342605799,18.978735570591105,1.1219913086543816,0.04037056075936436,0.38806573275862066,51.45407700538635,0.038722339148624996
334,0.006076633292667177,1.6869233183447805,15.107290768383697,0.924018318077162,0.024752893720719368,0.327880859375,17.19121676683426,0.23174165037158578
335,0.008283860462701544,3.3858699538326906,20.502511672466866,1.2205206972942286,0.022067804159977923,0.26848733836206895,25.79263746738434,0.024097304845403178
336,0.0005675480712337222,7.219771299821745,17.612277143937938,1.07103398290803,0.013482334298996961,0.16274919181034483,47.720890045166016,0.13076086231603856
337,0.03168117226063022,3.085694401255602,20.31996488958549,1.2015719963907534,0.03572449995433623,0.39239291487068967,25.045235753059387,-0.029445603683694754
338,0.01990210079396226,10.887825020632715,14.828855759022629,0.9213157134042282,0.03193566768358919,0.38426050646551724,47.243839502334595,0.13917731198927563
339,-0.004143058704770922,1.0311160684812626,18.247854463266336,1.0873948546193724,0.016453601288958453,0.21190564385775865,8.859500532969832,0.09314776992521412
340,0.014675267089913782,4.69471595265351,18.475196116884913,1.0906957061424378,0.024343920455882247,0.3044938712284483,35.39256489276886,0.011689905359246189
341,0.01263973998976161,1.4215283281921107,18.699730275251003,1.1080422267164225,0.024391341403002274,0.34175478178879315,13.41307818889618,-0.02335733232565862
342,0.006089931896661588,4.478813471727868,17.380370382046937,1.0595700381261475,0.013052623467580095,0.16477808459051724,38.638988226652145,0.0913865157933017
343,0.009122103174019394,1.5068507289632431,17.4335688321233,1.0670693221984728,0.02614203188442906,0.32925309806034486,11.236774981021881,0.014881369580070913
344,0.039353204062084514,3.0025864809578184,15.299630493700409,0.9390313985230274,0.04924488399260084,0.4991244612068965,21.430735766887665,0.06304391657719788
345,-0.004856592235962718,0.959845900782988,17.408790337712635,1.050421941410981,0.010489620278380683,0.14565934806034483,8.354539662599564,0.10114720143875255
346,0.005424732774168535,2.976175149963551,17.489409609878404,1.0662815195258912,0.017622761810469394,0.2239611395474138,22.430334389209747,0.025795541028017843
347,0.004460456430266426,4.703975608653486,24.06041500471725,1.4664878527968037,0.01525367227014644,0.21609812769396552,29.96726620197296,0.0033228532251423637
348,0.01974748853636803,7.101726947676928,18.481983949972218,1.0784362223895532,0.032890896538948916,0.39332738415948276,36.97737765312195,0.11046482661266266
349,0.004616220564086321,9.15032466707833,15.155061993059494,0.9270094638500425,0.011964117795036271,0.13234105603448276,51.44492268562317,0.010022550009954556
350,0.01917773846843696,10.473134290502944,18.379492031121305,1.109133892208147,0.026456945956632463,0.34894430226293105,43.54746961593628,-0.002437225533957754
351,0.009086694427325931,0.9220951924243352,20.5087529985748,1.2701402669105124,0.019624778051993103,0.25178475215517243,7.780177054926753,0.09760111359499346
352,0.008484141376508053,0.940029074735216,17.18450993431756,1.0455285389225224,0.02287948014393272,0.2840702451508621,4.832057762891054,0.16550005694589542
353,0.03352636152976482,1.6482873558536906,22.830490025017284,1.398362227672398,0.043025022953676446,0.47947535021551724,10.611173689365387,0.06847887520218443
354,0.01627898897521618,6.931392324198715,20.468452420169967,1.244932767693736,0.03190689491923971,0.36061254040948276,33.57183349132538,0.04885091755891313
355,-0.002757508500823568,1.3996690083943673,15.636494318938588,0.9538794942511294,0.014423935740618114,0.21132475754310345,9.799777805805206,0.06088711290943438
356,0.015429845322680128,1.126809719707087,21.703782528968013,1.360879095225065,0.025546845438807864,0.32521214978448276,8.679681308567524,0.09420730344336536
357,0.017071997033366808,0.8962563526419545,21.01575716437194,1.3294862035384947,0.028893850950006364,0.3818022629310345,7.604016084223986,0.07358189099714763
358,0.010951465258470166,3.89142176243613,19.997983404908908,1.2011937252361253,0.027410207569683452,0.3359964304956896,31.472458362579346,-0.04272837733924861
359,0.0019592636932951133,55.43445966603204,16.63692823316147,1.0924931837036074,0.011643320517734913,0.11861025053879311,148.2556390762329,0.12464677566585902
360,0.019836706303480917,8.674464170109003,14.9922384827183,0.9387909098039895,0.02265928243487624,0.2766534213362069,43.39883899688721,0.07697362026249222
361,0.026298407550486586,3.4518641594277337,20.051167774283137,1.259974578883226,0.03267199124845853,0.35920662715517243,18.32003476470709,0.030421410520661718
362,0.005046371553578753,9.121790843977372,23.541292102485574,1.5060011780136344,0.029525209775752518,0.34504647090517243,25.28022688627243,0.07444418521614271
363,0.022747757493083925,1.1383984533604514,20.65983172072949,1.2789915663818427,0.0325687687557014,0.3568578259698276,5.702191602555104,0.007995331491046476
364,0.0030079102413997,99.54224653884171,23.724636079502645,1.67656700353937,0.02157659717140005,0.2581576643318966,57.46426558494568,0.007148306107847668
365,0.022737974046364195,26.373213832789247,22.766780480553784,1.3635012411375946,0.026041113944114024,0.32160055226293105,29.409584045410156,0.009245592891562793
366,0.0005038518741541948,1.696575428813432,29.069663963120043,1.9102128493762174,0.020757905945958617,0.27072669719827586,5.351565562188625,0.00535728579120176
367,0.0033999524478125634,4.1057511808975375,24.02620986845055,1.4821208292359471,0.019949816589611022,0.28123316271551724,9.416216909885406,0.023571727052678182
368,0.015875911175823803,2.916746983974609,25.302122806263124,1.5308652143495896,0.03028498738647864,0.35969490840517243,10.42833324894309,-0.0007972808411025323
369,0.0015738856104650855,1.8686268367095757,27.11323848296888,1.7127746337510903,0.013236510503137934,0.1846124057112069,12.62842284142971,0.12701741605250527
370,-0.006037294003996176,2.330479368901557,26.667984041859043,1.6845915693351154,0.013832921412640958,0.1925090921336207,9.325591951608658,-0.03529340087622779
371,0.015018190930171496,8.314196462021865,16.875910873183628,1.0452590186586945,0.01904295510431784,0.22063577586206895,13.7375368475914,0.033527223967439235
372,-0.0078038557850889905,2.3714698638988634,27.112833211880883,1.7373374229826932,0.011951354615528795,0.17193393049568967,4.840446174144745,0.01275379849596614
373,-0.0027791746517106582,1.6916224057964084,22.132574334459633,1.3634569136755026,0.01603555815256249,0.2200212149784483,4.690353706479073,0.045036074572117446
374,0.009906944329106316,13.77117692816126,20.25476162281321,1.199561068505914,0.023476530101545684,0.2946272225215517,33.41296100616455,0.06748671425663177
375,0.0034359202486881637,13.741196946302933,18.37498845261168,1.1250936881707307,0.01024980757637391,0.10972016433189655,45.1933274269104,0.08269443207421279
376,-0.008297604246357278,1.598963789401576,25.940997171496715,1.657122299159929,0.012533994369983576,0.15987843480603448,10.268826968967915,0.009290162206764818
377,-0.00037598609619028146,1.9030090380162656,25.369569363795094,1.6513326814707274,0.010097826017640884,0.14255286907327586,11.875930070877075,-0.029082805787495003
378,0.005437634513547326,3.6026065672616188,23.593814837934993,1.4591869925678675,0.016075875130652627,0.21157731681034483,12.763372823596,0.016828601907635243
379,-0.0020052987325913877,5.1687952503769585,28.756462600339077,1.790995475162696,0.012159598721060823,0.1690294989224138,12.762402713298798,0.03511475945604248
380,0.0068736563511508616,3.6604981349098926,22.571620842642634,1.3804932626898618,0.012772594066236393,0.16939991918103448,12.53342267870903,0.033299294717543004
381,0.007464923632450736,13.42231678996917,26.76199240464685,1.6093897185808224,0.021279855924588226,0.28172144396551724,20.20966339111328,0.043105452719649495
382,0.009033856329671349,3.374826796280102,18.081211248669646,1.064730352732395,0.02597166071465271,0.3186119342672414,9.704545304179192,0.025410782275454236
383,0.009408210199055134,2.780346164399414,23.778775823182137,1.4241937562393763,0.0259139753826934,0.3352471713362069,11.775609027594328,0.05676585214438701
384,-0.001641859345501864,1.2912766024268647,17.331714184719925,1.038642034032944,0.022821141777214886,0.30852640086206895,9.105343043804169,0.00769213787809131
385,0.012602437769270959,25.681100933414434,24.920117706566213,1.4412577490398564,0.022494003150345165,0.2892477101293104,81.34474039077759,0.013252206071345363
386,0.01660741187253821,1.9436088353361314,19.65634112364757,1.1573974142480312,0.027505447448016515,0.3351629849137931,16.803270280361176,0.2179450766591402
387,0.01610757361353582,1.4917552967338765,20.31315424595558,1.1950297232929032,0.025116068345659156,0.3315345501077586,12.77176140807569,0.16885774913906315
388,0.011654595108608086,7.515938733869235,15.567402034211133,0.9385723732418134,0.018345475801997337,0.23404667295258622,53.8765555024147,-0.3178084474615017
389,0.03593269346042454,4.345506457627968,19.568155289948756,1.2070223573735284,0.030766445090632952,0.3080717941810345,24.54110635071993,0.0006422216879540255
390,0.0140386750154116,11.528467780284178,15.233125993177087,0.9458510207717561,0.02594448069229939,0.2796252020474138,33.607645869255066,0.178742144598391
391,-0.0017603905070924866,9.365581068238937,24.61911199818333,1.482125944401246,0.011563785382945908,0.1510809536637931,28.125848412513733,0.10048468082548412
392,0.007147557744221543,28.50418141229652,19.263942402996253,1.1919360110886967,0.01346124778275884,0.18450296336206895,52.164071679115295,0.06439883030725024
393,0.011890489600456876,1.508690958176623,20.945282236873652,1.2718955628982354,0.020945062508589813,0.2684705010775862,4.764060463756323,0.1369357076568758
394,-2.0797634771925477e-05,12.194722061696641,25.627953782990765,1.516554244077897,0.016094579769836352,0.21644329202586207,21.8858243227005,-0.020197257844607686
395,-0.0037103319847856565,3.7322027445134482,16.208744062761102,0.9737050341487891,0.010339955924729142,0.14182886584051724,11.567232608795166,0.06677871064798646
396,0.005961409224316239,6.376218806938995,16.453209460258346,1.0130601661127503,0.01603594897585873,0.19095164331896552,10.462912619113922,-0.012767035081834521
397,0.0037032890480386887,1.1475564698445164,21.07930788023654,1.261211637326753,0.02254164714872002,0.28551825161637934,2.1556425392627716,0.037416469253964246
398,-0.002786036322406509,1.5419066079199706,20.72039988927306,1.2520945958888754,0.01701390792531411,0.24806371228448276,3.505560979247093,0.01703309237374029
399,-0.0067423219860661895,5.558994713904712,21.514388609223936,1.2690871558216117,0.014671540104308375,0.21251178609913796,6.543363630771637,0.0036372658317606055
400,-0.011961872425166772,0.7379716406601102,13.276592656844578,0.7940504724137225,0.01049604448881241,0.14174467941810345,1.7550521939992905,0.04231796299634849
401,-0.00844607703627311,1.3944648949368497,16.726220979455633,1.0115921295605246,0.01269628408170257,0.18238988415948276,4.031891778111458,0.061422762852581525
402,-0.0011575302975286605,4.286272798113908,20.684749487642968,1.2423424833441146,0.012550130633011075,0.18863651670258622,5.6026391685009,0.04142218547995913
403,-0.012542083208917289,11.65222829477435,16.951638365321962,1.0296403812040054,0.015299203491253893,0.21653589709051724,5.390744298696518,0.01941143474395224
404,-0.011711199268624739,6.150177365084139,16.5805248874902,0.973138757042636,0.011555788710368156,0.15990369073275862,3.239688202738762,0.0025461632570459303
405,-0.01777803642075806,14.81997567423015,25.222912917122372,1.486906137353046,0.014939180136746565,0.22040005387931033,4.908527344465256,0.00025582433893733825
406,-0.0015383584682769564,26.914280905994715,23.201952729189514,1.3357582728429658,0.022679516326049986,0.2799872036637931,12.675267696380615,0.0010316851036697994
407,-0.014014149948570972,1.3034364677278942,18.622581350500695,1.1187794217232672,0.013406626264221469,0.2041015625,3.8852105885744095,0.029526258696828678
408,-0.0071421099321932295,4.021096153568909,20.96023464839552,1.219981353759569,0.012926036720053727,0.17801219019396552,7.471766233444214,0.025155400790105253
409,-0.011317647287089116,1.1007211797462726,18.760176016122166,1.09447655251906,0.014428233260897004,0.20602943157327586,3.0015890952199697,0.008688808925161773
410,-0.0054346990598656345,4.120923784880948,14.312530606020651,0.8722346665158668,0.01710113730123026,0.23000572467672414,11.25615331530571,0.056769154149719614
411,-0.002601161985324516,8.284402676421315,21.154663584732997,1.2206565597403698,0.011420156036459456,0.15944066540948276,14.414727926254272,0.02527846229349895
412,0.0067277515772588,17.1139362597763,25.494001559985414,1.4708184041097914,0.024268132891628394,0.3036772629310345,30.281307220458984,0.011383646158211636
413,0.014531252514587848,3.606815528546724,22.247257587210886,1.293078908542721,0.026648670784699537,0.3108836206896552,15.899377763271332,0.05893750886679572
414,0.012601924159632216,1.2624054117025323,20.85362283242786,1.1932033354462654,0.029961577836416085,0.38157495959051724,9.831717222929,0.08568718542053111
415,0.0010035911101703016,5.198404886823785,19.44100579625028,1.1281594248420301,0.007455181896963542,0.08858937230603448,29.55768573284149,0.07211929329347522
416,0.01512971309309612,4.816734434041141,17.03884482870665,1.0361725455922766,0.022297615794553263,0.27517174030172414,17.25630420446396,0.09382994618303431
417,0.026702404878902984,11.843544810941559,17.240519931551937,1.0639600619324483,0.0301841507007966,0.32189520474137934,17.722652971744537,0.06229078480663042
418,0.009558283999850387,20.53403701496788,24.94247708117172,1.4229866938714684,0.021236507351518254,0.27662816540948276,18.671481609344482,-0.007478594573310904
419,-0.015506103303711575,0.5817554587228324,17.969048087083703,1.0444366841665809,0.016383057881692618,0.22087991648706898,2.7051171362400055,0.004392929035972659
420,0.007568851025314025,8.121332903669538,16.601500437342047,0.9992022880682709,0.018670377879030198,0.23934199892241378,7.747882783412933,0.035566663016426636
421,-0.013796590044167629,1.5873711702571927,22.08627885448393,1.286178182992193,0.015974479490351173,0.2198023302801724,3.0971377417445183,0.020610062381194894
422,-0.015617666321025254,1.0677293744571759,22.618807973308037,1.3409520501826875,0.014365424443455815,0.2085466056034483,1.9563452452421188,0.010586895893712978
423,-0.0012252174452968886,15.484535711894392,20.043850822368206,1.1489888244921467,0.0218007972873928,0.29815463362068967,13.2586088180542,0.02128718820560327
424,0.00020056141299029488,16.93835049471282,21.399749552200802,1.211363657141819,0.02568365488432705,0.3207586880387931,17.97305166721344,0.021238021550483044
425,0.005090011214617655,1.390210948614272,12.808574613041229,0.7533621025773002,0.021739495447099185,0.2563560748922414,4.578782349824905,0.0668745343771383
426,0.01730770016110851,2.987758325628115,13.598611330795393,0.800049683886253,0.023408479244921933,0.2735974542025862,13.32378533296287,0.11011222493850048
427,-0.011151967407357199,1.8605080957134792,19.841974220387154,1.1696379752099566,0.012963664621628564,0.1978717672413793,14.602843016386032,0.07722049765633165
428,0.012131622238348624,1.498172114086587,18.925703540918065,1.1213539980458807,0.021218641529638513,0.2829674030172414,8.846835300326347,-0.004236909323997784
429,-0.007922227575029448,0.8988747398312256,21.92558700556401,1.2699761792810649,0.0128687688988505,0.1864055765086207,5.9717961847782135,0.03854401180481015
430,0.016209896408767088,2.6444216804995584,22.921228222958423,1.3132730773083088,0.020086357395108466,0.27438880657327586,13.352308709174395,-0.07202068205228196
431,-0.0031657780626571166,3.4693806290388576,18.100863057211775,1.0847410194126432,0.01234058344060282,0.15499562230603448,23.889496207237244,0.057723595411098505
432,-0.006956952653493333,1.716123730298928,18.15795456322215,1.0548772435770308,0.010723059794992,0.1582788927801724,11.55302181839943,-0.009440832473279315
433,0.023016955232271853,11.295122943464305,16.414962962002832,0.9770475662510543,0.02921523055305568,0.3545763739224138,38.57853388786316,0.118528051583498
434,-0.011622612674413262,0.6809972835508058,20.85406511645475,1.2154384784838026,0.015011051330506673,0.2127727640086207,4.674378626048565,0.03867289469268742
435,-0.0011222186304476536,10.646320999398771,12.709416992280428,0.781603468943715,0.01854657626947677,0.2221174568965517,36.847482681274414,0.022425939859839872
436,-0.0030271444096148696,6.35531454813894,16.579591210728815,0.9558380407713762,0.009999790536249779,0.12095063308189655,29.83748495578766,0.09358273156117503
437,0.0169077694937071,18.26085207020855,13.163173840156905,0.7497070715848919,0.024517603667908554,0.291259765625,60.90397810935974,0.053337462283668535
438,0.019153973586320452,3.0204262878266754,21.169988208201488,1.204964810488585,0.03151061327009992,0.34574521821120685,18.79824145603925,0.0433712422713749
439,0.006728364580185748,1.6852870671838744,17.34532885998889,0.9966330411583024,0.026231075066757984,0.32440396012931033,10.607421591877937,0.08639514398014037
440,-0.006139981207207587,0.7684727049357836,11.504991674909652,0.666893825649195,0.01121411420498244,0.1713446255387931,4.9919809475541115,0.043374023685269436
441,0.0112825106339393,3.1217785141606735,19.2535401625069,1.1077659673399718,0.019593497592973894,0.24888873922413796,29.607174292206764,-0.09147633134548272
442,0.002454482822921316,8.200933824047297,13.073815157065964,0.7793474358123635,0.008418903193850039,0.10958546605603448,69.98595404624939,0.08530728538346888
443,0.02372319953476862,3.9341850628261312,18.046863596252134,1.0572403335365756,0.023881700298355506,0.2699858566810345,27.4230754673481,0.22930024559468598
444,-0.00036711998721580905,13.155026126022651,22.09362018203909,1.2902959711656,0.010846082538121443,0.15268891433189655,63.90264296531677,-0.002230162442196315
445,-0.007013783613963407,2.997315187013947,16.33294873857662,0.9578564707568651,0.006577787531945244,0.07629815463362069,27.82682728767395,-0.01643218302929017
446,0.004604756691384378,10.135875465191402,25.388123132204157,1.5144914451586122,0.01569433156139988,0.21310109105603448,52.634220123291016,0.02082316310841925
447,0.01136534445255824,1.6413314764385079,18.978617157626513,1.101517703039682,0.024555199070289684,0.32073343211206895,11.319403618574142,-0.25089764799149505
448,-0.000734664484272415,1.2708182805714712,21.20137438694706,1.2257770966193517,0.012682155137961924,0.17913186961206898,9.236873731017113,-0.1354625986151694
449,-0.0020222527754531123,0.970310647454742,19.00087776144059,1.1326866293537274,0.018068246992760547,0.24627896012931033,5.719795778393745,0.047431965663823794
450,0.01746169104742763,22.721556716217577,17.876702359199108,1.0687695990456068,0.02558782999203059,0.37193561422413796,85.71700263023376,-0.03529743354936565
451,0.001335690220177467,9.886016584139798,18.92632188851913,1.0744690072448253,0.01639052109586091,0.22344760237068964,62.15528607368469,0.07139936712678452
452,0.014047458943356642,4.012931263525467,15.782538101221595,0.8964432688680345,0.028470666213503013,0.3267443426724138,27.820178762078285,0.12473373657730957
453,0.026238298970047362,3.003221607570903,22.370047640910467,1.3112879360093663,0.03772501084614337,0.3885961072198276,28.43800614774227,-0.20226051209503204
454,-0.004923517573452085,2.214168129245003,16.479356762852746,0.9631350985678026,0.009068573103487042,0.13375538793103448,34.821134850382805,-0.2589598907909161
455,0.0013266127746138171,2.010174473482079,11.086277288783156,0.6549452096473471,0.022154368229354893,0.2878502155172414,25.120186381042004,-0.1580395809973989
456,0.02145969071229545,2.272460594504181,16.304492361943943,0.9508243495290336,0.022404470623236004,0.2646568561422414,20.95794638246298,0.07779840042534403
457,0.013399180013826457,1.5937907209944917,15.353907254442234,0.9173724163654634,0.02305247727229565,0.28117423221982757,13.329187201336026,0.024238704395133315
458,0.010727170749369217,34.644380623651976,17.089209022293474,1.0394029608036488,0.02631738967666651,0.28343042834051724,81.51135039329529,0.050259559792237174
459,0.01334754791837597,1.0860128072799113,14.862219166381944,0.8741171629893681,0.029944226584559835,0.3708159348060345,2.8243473013862967,0.05937899062139984
460,-0.002080538794380725,8.327269252167529,22.53670462937062,1.3186871973297896,0.008622861297194974,0.12292059536637931,35.204360365867615,0.013333495136331974
461,-0.00486145787812659,14.658961999061486,12.387531554260178,0.759229286710565,0.010610854194212527,0.14926252693965517,49.31189155578613,0.12766742642668072
462,-0.002227366353366733,0.6074025189163682,14.120413769295457,0.8185849006830064,0.018883352372383873,0.24174131196120688,3.7435977831482887,0.020552461042824266
463,0.005533955914907356,13.232460795168787,16.132342508532396,0.9695282533839105,0.0129162473709459,0.17632846174568967,33.30491375923157,0.031566147349322726
464,-0.01392347529324054,0.7078514112782547,14.571635317338373,0.8488580236256078,0.011975187456520306,0.17030913254310345,2.709208220243454,0.04776462032268447
465,-0.0042763831610531464,2.155198674009025,18.54962613418345,1.0767785550119227,0.01913832233072628,0.25099339978448276,9.596902996301651,0.05760440028115188
466,0.012297368337380807,2.1522027581580923,16.415989286403256,0.9498971957203233,0.024676694295615968,0.30166520743534486,9.531380165368319,0.07834263014309273
467,0.011337183934094192,3.2936479144496804,17.659899811453087,1.0016287705449063,0.02285626365683756,0.2940042429956896,18.56875777244568,0.11000142845294336
468,0.011875010886517292,1.683249542801732,16.889239635045545,0.978900657722612,0.02533251463620249,0.3005455280172414,11.769311875104904,-0.05904125434545482
469,0.003728395860752369,7.250938270262027,13.686719055715065,0.8243024366983546,0.019007668917514948,0.2462873787715517,46.39095664024353,-0.13473881084252914
470,-0.005019349409840318,3.1342630840699504,19.665161969505476,1.1389156780597063,0.010984367279512488,0.15213328394396552,24.62866434454918,-0.03440478031957239
471,0.00722601057720375,2.0625469748093326,13.445940053534036,0.7604282127364874,0.02081970418331711,0.2673255657327586,19.812452852725983,0.14888585574347724
472,0.009702126864406642,9.646961394491607,16.97931582294003,1.0074988335666069,0.028482528584547633,0.3706896551724138,59.82507276535034,-0.1692403240103626
473,-0.005844632604034304,1.1227308254071482,12.001134572531964,0.6932843821579401,0.01216745718506743,0.15640995420258622,9.244275584816933,0.06045276552203582
474,0.015084883941619668,1.2380413411905218,18.556957393414983,1.051474954502643,0.02444700711855368,0.2976831896551724,8.609040081501007,0.0767181213927487
475,0.017987121336365566,4.5997803970899565,19.37798545911009,1.1094066330885557,0.02586278624974135,0.3280744881465517,41.858136892318726,-0.13430495945020415
476,0.01073916480655843,1.488652423665841,17.917597612454394,1.0143679488658028,0.02217930645239339,0.27955785290948276,19.10719883441925,0.054289057455916834
477,0.0038344030631053596,10.814376711639696,15.169768360587929,0.8855385065692425,0.017522843978126888,0.22477774784482757,75.19953751564026,0.2014768906085016
478,-0.0020748200367432306,6.3770762782372525,16.01927817492858,0.896623836596675,0.009635355430936184,0.12999225484913793,52.989189982414246,-0.05919987929167281
479,-5.5624515191837753e-05,7.200936485355937,15.715053740656003,0.9216914761719668,0.011043664724826974,0.1542463631465517,68.29153108596802,0.06367873657157563
480,0.023297892342541142,3.132285673399148,14.848514151590845,0.8660314843514714,0.03474119093102515,0.4053828798491379,25.678766906261444,0.07846120118578248
481,-0.0025217204780397908,10.291501504844998,19.453843436396582,1.1016665346762928,0.013478890020733476,0.20256936961206895,65.41168713569641,0.036625586795743015
482,-0.004169871236810449,12.445988865282093,15.364973522851178,0.9000527581600433,0.012342943878671764,0.17147090517241378,77.48379039764404,0.15879445820174964
483,-0.001003849456119624,7.421642972116343,18.12153283030132,1.0390102444010876,0.0083664010839882,0.10843211206896552,51.87559151649475,0.11899515475735256
484,0.02296910295153362,1.248715556121022,15.037531807809941,0.8491830095319591,0.028910700747379954,0.3479761584051724,9.25532278418541,0.10381261262629993
485,0.024199325043829673,5.451839941166981,12.074378446667808,0.711382523469089,0.05529852973845194,0.5069958917025862,37.07949233055115,0.10317709693280674
486,0.0043002298855984505,3.8524041037123697,8.759226630291057,0.5292951057547193,0.012332836102296855,0.15228481950431033,29.138577580451965,0.16032048346804562
487,0.025122105941473048,1.0897110330318998,12.275235209687802,0.7472688914786604,0.03532861161561571,0.4298474542025862,3.2525567151606083,0.06012866058738797
488,0.0025001507037627794,11.56867750139833,12.300167907253071,0.6949405352936209,0.013614747033741503,0.18714641702586207,51.05454957485199,0.012690272859354534
489,-0.0052710886469282455,7.3134116380620355,12.937645938301635,0.7676385022890011,0.00837824341604197,0.11960365032327587,46.328328132629395,0.15497952432463225
490,-0.0022982864205697093,10.595403120712202,17.48591240269638,1.01033005476573,0.00950356637848268,0.12621228448275862,55.79660964012146,-0.022833987166491543
491,-0.003649381301003053,7.324844031562611,11.882277733235869,0.7010320801501652,0.00634010723573236,0.08123147898706896,49.893874406814575,0.13276890753959014
492,-0.0012353128056920753,20.637771474089863,17.71452373383037,0.9903450086547247,0.008293030828695166,0.09932314116379311,87.91212368011475,-0.0386386911166281
493,0.00030009482240835224,23.01158180772441,15.261344686110409,0.9213107139354366,0.006687429745115565,0.08824420797413793,95.77185821533203,0.09546512764565296
494,-0.0007185152345684769,1.254781501389994,14.498528148541387,0.8355442259464702,0.02444419982503891,0.3029364224137931,8.036875553429127,0.14665947429212123
495,0.004042489385467669,2.0303068458594726,12.037802437902428,0.6792222808493033,0.01652646448728147,0.2297784213362069,17.287865042686462,0.09840844260987203
496,0.011783536783076639,2.0447881667181704,12.260906317658673,0.7035272684438025,0.02619210308192374,0.3065901131465517,16.90207356400788,-0.031222046726521402
497,0.04375536859142792,2.7053749772506532,10.775285867032803,0.6347585539280834,0.0582062401491416,0.5253653690732758,22.720008730888367,0.06914136423632244
498,0.014004220768808872,2.447334190961607,15.265921000557839,0.8209122421058368,0.021865101531900643,0.27092874461206895,19.84007102251053,0.054344850533512346
499,-0.0024631442448698384,7.658030065415515,12.07945374819723,0.703688620950837,0.008093357371700253,0.1051404229525862,56.71587944030762,-0.019141074345514708
500,0.015678910484174642,1.664852499343429,13.133869136888373,0.7610540229402902,0.023503856978064064,0.2998046875,13.799475008621812,0.18646866070870471
501,0.008794680209759997,7.986816956225424,13.122451166144636,0.7911942978826119,0.02119184817149352,0.2383317618534483,30.21159952878952,0.12631893689787732
502,-0.0030834134404848354,2.1063034600190256,10.904383024685025,0.601222218359061,0.012979330468405006,0.1699639682112069,12.645731985569,0.05706778757655662
503,-0.006668797670078835,1.7251223046534165,9.34770629611225,0.5497278325236603,0.009066884387846523,0.12490739493534483,10.966179579496384,0.1498689903852798
504,0.01389580309672777,0.9071106871848996,12.944695296017738,0.7423639944008089,0.030172623090791228,0.3935546875,2.712843105196953,0.04688654569838224
505,0.003996222949844008,4.54066619276778,17.013627954321144,0.9408444710793917,0.02069249975591384,0.25929418103448276,19.040420591831207,0.02238065597139982
506,0.0016285633881395747,1.4377894010420813,15.698058764711183,0.8810568192305348,0.016575100611150667,0.19852000269396552,8.099498942494392,0.03752300655753782
507,0.007104471728885347,7.990851817468787,14.413535909737252,0.8411806746113017,0.020617466748356898,0.2704067887931034,33.232461810112,0.0885013580782763
508,0.004875089852883571,8.036638853342042,14.770173053494013,0.848214285815504,0.018343842195714263,0.23052768049568967,26.985863149166107,0.025052061549782456
509,0.006148707073728882,0.9714957437164771,17.824036515915992,0.9701440778068178,0.025326857330771325,0.2994595231681034,3.4266645833849907,0.05598219515183389
510,-0.0011814331017019654,7.983258159298813,15.944520740639337,0.8561614354746717,0.019071215925766313,0.2713833512931035,23.854618906974792,0.007862102273056948
511,-0.005423569352534867,1.1754524936814688,9.155474754285525,0.5121825162506262,0.01857040733939984,0.22950060614224138,4.864152371883392,0.019073328454915273
512,0.008784209096084059,7.7401434312122674,14.484301657167038,0.7891713311898989,0.017247694026897582,0.22149447737068967,35.801554918289185,0.01830960877419907
513,0.0010062853502839485,0.8357553597357117,13.864579972727746,0.7675662865268382,0.024247694681529035,0.3037025188577586,5.166302219033241,-0.040904998344905685
514,-0.002041529822741264,2.537932899374006,11.996744664846558,0.6731959396299223,0.008888867683708668,0.12006667564655173,21.962092995643616,0.1289643380605301
515,-0.00015948767771162883,2.6986102739011444,12.485932786162172,0.6928940542835837,0.011849153045251772,0.1637257543103448,21.41752791404724,0.021624614217742755
516,0.011387268750021232,3.6819061182179995,11.016153718477339,0.609014184031335,0.03152210616902047,0.30690160290948276,22.456951200962067,0.07455544583310025
517,0.010742127034998718,3.4647313786603604,7.6078408776141035,0.45719290128215173,0.026464421935590256,0.28535829741379315,33.95198333263397,0.0003597798652653639
518,-0.006200141265928738,1.3062357631146235,10.344011981296152,0.6015151706501612,0.013969346308871974,0.18384630926724138,15.34231162071228,0.2337145973577034
519,0.012226495147942764,1.0048758065664887,11.309751100496968,0.6528764018546318,0.020616935757249755,0.27076879040948276,9.673992730677128,0.21985078240420253
520,0.009994609905566469,1.48529428545804,12.18667159159417,0.7086491043893806,0.018605808543035326,0.20251885775862066,15.77038437128067,0.03441273440570414
521,0.021901128335080712,1.7103583429431386,14.414250684350103,0.8226303986794564,0.03508861892498379,0.36520911907327586,16.03352004289627,-0.07601227844207248
522,0.029142396748305786,15.674723214276112,12.202039415169313,0.7244476349208934,0.033891926176850044,0.3988836880387931,47.59533381462097,0.019063896814174086
523,-0.0025307899654841287,1.586511149100274,13.513588367626653,0.798589883422492,0.01260753757027299,0.18143015894396552,13.99920654296875,0.05611906386164678
524,0.007012312325447683,1.3278643954335871,11.275855412010248,0.6541200387535762,0.020662645437525873,0.263916015625,11.034993380308151,0.008157392515681261
525,0.009198772188998682,9.980629431098492,11.916647580129112,0.7105878562554075,0.03153698494334721,0.34898639547413796,31.51565170288086,0.10270462260638369
526,0.018476920945856973,18.287363671747855,14.8279679374115,0.8311479708575242,0.03427456195214322,0.40997945851293105,41.59649586677551,0.06501659456046238
527,-0.010583397873166835,1.3837667124506692,15.300533239970562,0.8883373271879651,0.013676974399804122,0.20049838362068967,12.328913629055023,0.11522346114865678
528,0.0016177881988102766,1.65345833117027,15.772729522026754,0.8843774075690378,0.016815415144484522,0.2307549838362069,13.596711665391922,0.0008673141277952823
529,0.003946089135863853,2.0086984650533086,9.178349074300435,0.5245609069052393,0.017429967157458405,0.23104121767241378,18.306746367365122,0.019123316245607702
530,-0.0006404505799913066,1.3883554871469008,12.249830416963707,0.6972299671698269,0.014620239577197934,0.20968312230603448,12.396065011620522,0.2621129281641623
531,0.008983340980401815,2.493578134071633,12.52214588395095,0.7229597655926321,0.01743802622087091,0.2062567349137931,26.79358759522438,0.13693939419699586
532,0.037144727602785796,13.75380464163905,10.237133651046516,0.6082085513315743,0.03876377631240757,0.43393049568965514,78.22655463218689,0.07765569128261707
533,0.014280744459850227,1.7191920965300989,11.997348115920964,0.6828499662274382,0.026891787154830846,0.3313325026939655,16.192993346601725,-0.15541936188743333
534,0.014003168709498644,0.737601923341326,13.314598551832926,0.7523529161877252,0.028416719000609915,0.34167059536637934,2.8084246600046754,0.08964112201936825
535,0.023113338950180612,33.84136520833633,8.265729262308891,0.5079462527063352,0.039194892791971955,0.43694436961206895,94.12725305557251,0.09891072878314644
536,0.01511754828897571,3.644691271231067,11.9813502673702,0.6782182732861437,0.036098420470431124,0.3996666217672414,32.03809177875519,-0.06679070650859464
537,0.030513299175168117,10.087585857431712,15.832635603287128,0.8719555570235664,0.039901979713939564,0.4624107623922414,60.39535617828369,0.052030636033085664
538,0.0020664988028853723,1.599730381976576,12.144970200068702,0.6834532671244484,0.014766085864564581,0.20156755118534483,17.80140382051468,-0.0010642442801371832
539,0.001526215476123366,1.4809918417707773,11.248348373154997,0.6195738054291346,0.023890964004686824,0.2735974542025862,13.292361501604319,0.004298981979052541
540,0.032270811240519885,1.46129188549943,13.10043932760038,0.7147911524152732,0.055131727719432595,0.4864291487068966,12.513080093078315,0.031291407906609
541,0.02803060041316226,12.156345165325693,11.654282957480032,0.6517917377026732,0.03537051300749038,0.4130859375,62.94257688522339,-0.0021550902982996334
542,0.026706192907804724,38.61782976515653,10.924417944344018,0.6602854415714632,0.03580759687786761,0.4152916217672414,97.55765962600708,0.0935892977222258
543,0.037058550494444176,1.138290707449137,8.870390635872951,0.51388921510863,0.058038526124587875,0.4923306169181034,6.274327792227268,-0.029362717205581257
544,0.07698087604427918,2.5762358650054096,12.01050114448399,0.6641405665324218,0.08586205602716354,0.6033640894396551,18.142004072666168,0.03364591251995919
545,0.021547414681192784,2.16713100107141,6.943386209885297,0.409102074466036,0.027393999112597343,0.27357219827586204,12.678985336562619,0.04239972453468255
546,0.02403427249652364,0.7669158182004956,7.86019342172648,0.4383582225173556,0.02904368379476464,0.3095787311422414,6.745675809681416,0.12215738788821251
547,0.005017755583330282,4.03616497936543,12.314607129374053,0.7042597818718008,0.03195345866220907,0.3653438173491379,35.9921053647995,0.04469774602350318
548,0.02987690923508965,1.0881339049987007,13.354396241496254,0.7705164352650925,0.055852503790760996,0.5216695851293103,7.527534432709217,-0.10235240143787738
549,0.028006167230861884,1.5215088058380886,8.171172316015522,0.4882657343933433,0.04155264692310774,0.39815126616379315,16.209502153098583,0.09382093948107262
550,0.0018076346110332707,1.289856649267612,13.58277255112249,0.7715905703095407,0.02414382708581076,0.2751380657327586,3.6631031334400177,0.09700953469433338
551,0.051332627979724266,1.0741104040160865,14.1680276512353,0.8156926692365608,0.07297660864398871,0.5694117052801724,2.556469648145139,-0.1150016626819752
552,0.05964385469531541,1.5935980998210741,16.14894253198571,0.9109625026354353,0.07076605222241127,0.5657075026939655,6.561861524824053,-0.13492408715218462
553,0.006575713381801346,2.3144698788715625,9.156759252113385,0.5375861263530859,0.01945156193662491,0.2537968076508621,24.13081443309784,0.1380996186767992
554,0.022367171702731233,2.794532728236848,11.541171715030817,0.6418579937183901,0.02897390858009297,0.3159684806034483,28.969645857810974,0.17525575662959036
555,-0.004057107067118414,6.824685049487044,9.278450370730095,0.5454590131594159,0.014071503300862067,0.18127862338362066,53.40603768825531,0.007982852924658945
556,0.013040159664884816,1.0376985697884606,12.60499201358019,0.7042707732134973,0.027208461385553478,0.28758081896551724,8.139188140630722,0.022072135913173696
557,0.023850203494569948,8.19244469459547,13.897954938897124,0.8048343135476521,0.03399502263998548,0.3982775457974138,34.98301184177399,0.11603616298228625
558,-0.0013712539106571619,2.8906554523411514,14.01850361172471,0.7952652045747401,0.015553229151731195,0.214111328125,22.493830978870392,0.0855717614409428
559,0.005872857574543339,1.0841399336966293,11.125659155606188,0.6247895113749486,0.025079136561544146,0.2849878771551724,6.925939824432135,0.08473351591671707
560,0.014123473693357796,8.896104821907075,13.809547955459305,0.7709595449517204,0.032500485982444816,0.40607320851293105,41.97084665298462,0.09194370470596591
561,0.02585607244711486,8.266765317592382,15.654918817329573,0.8660874713913754,0.02834944926119,0.3739476697198276,42.741217374801636,0.0053302551427797384
562,0.006971191339280051,1.7038567235177378,10.53134107546367,0.5903152651999022,0.02326131064835173,0.2914113011853448,16.56193208694458,-0.08053674720526627
563,0.03390880119466509,1.209079031331874,10.375896412504392,0.6142615663878226,0.045675670262677034,0.4622592268318966,4.462279377505183,-0.021708425052830993
564,0.009068285546665469,1.458756394760842,12.691129291747247,0.7026423496070744,0.030166354979255943,0.3749915813577586,9.747511267662048,0.01988933532932524
565,0.008473883340042614,96.21390814884485,13.422530433793295,0.8295982424080711,0.019311543737471924,0.24753333782327586,138.80838012695312,-0.029084618292050335
566,0.012562932473183106,79.38129758487553,13.522696636364282,0.8425254622555352,0.021434913370818508,0.2555142106681034,94.29741048812866,0.04074085288295193
567,0.006376014366486711,14.690310783989531,14.018732790975704,0.8438569095202999,0.019133193420139864,0.24920022898706895,34.042397022247314,0.1021670099700388
568,-0.004756238588587903,12.389812653404089,16.04979205556246,0.8907929210424832,0.007861263670653491,0.10639480064655171,29.55378520488739,-0.02613447755991838
569,0.004585791624988596,0.5614377639557324,12.080567892921394,0.6848468194402871,0.020626730785869737,0.26491783405172414,1.7079313211143017,0.028211328856270756
570,0.015030791152408428,9.546335897133675,12.744179445369056,0.7555148958846734,0.031075452208510955,0.38268622036637934,21.349820613861084,0.07238350681048211
571,0.0019267936205120228,3.583911384796546,16.769789871233836,0.9221194802483861,0.013639899981328576,0.1864392510775862,14.439747929573059,0.08052529846275414
572,-0.0039431214465302095,6.074404310747818,15.026362680667482,0.8237631089283115,0.024226490452590572,0.30446019665948276,15.718454539775848,0.01845803277674063
573,-0.013371778287978094,1.2598129512428047,10.708528886610393,0.6102132307711019,0.011573077448200162,0.16705111799568967,6.957407563924789,0.06309694748085792
574,0.015493736215732716,74.37132184849906,18.444866588527884,0.9923565949432267,0.03884296061808308,0.4422817887931034,60.13469409942627,0.002473257436690024
575,-0.012629530340762647,3.3003584370255217,12.631106152263438,0.7483358905963793,0.01293974923740687,0.1833075161637931,11.096734523773193,0.050875125874644156
576,-0.00811917960809022,12.64548657034712,13.777566060666718,0.7524891880286682,0.01736996761761036,0.2252155172413793,20.754543781280518,0.04879691921322127
577,0.010188004878713741,10.195279632808077,17.722292368107574,0.9849434543728672,0.028130168610318675,0.3363921066810345,20.083073496818542,0.010375004373272323
578,0.0023241607143890614,4.730647674839457,14.839124792865638,0.8265129452095075,0.02562373368157845,0.3316860856681035,13.398490846157074,0.021776583172803843
579,-0.016961229840437055,0.8400448056351388,13.77390456888905,0.7861388542982679,0.020599012325341205,0.2700784617456896,2.15944672934711,-0.012820343751919872
580,0.015157983196194255,16.28460559154437,13.285102364777764,0.8009630859054722,0.02574327466196525,0.33478414601293105,22.62101924419403,0.017022201581120333
581,-0.004331943848552703,1.1318569605686153,10.564974669502558,0.5930391982403997,0.01294215301634816,0.16539264547413793,6.3587711453437805,0.03365406487226652
582,-0.008289906835666825,1.197105640252583,7.81786429275887,0.45486017835099213,0.009063104223530209,0.12295426993534483,5.7603181302547455,0.05287877153478582
583,-0.012125402437110834,4.256827309709379,8.736031674850704,0.5377480770375298,0.012671205779670031,0.16575464709051724,9.572096943855286,0.0580604193322285
584,-0.004188562796798578,6.7909961375674195,13.116198929667007,0.7419710817743306,0.010569920808032702,0.15279835668103448,14.459540069103241,0.002698899054071502
585,-0.003351927302623121,1.2876633354390252,12.703577987113086,0.7104377603413766,0.019602873444643495,0.24685142780172414,5.108647532761097,0.027926715578552197
586,0.02829966678844138,6.434802390173264,14.917345670999254,0.8219146375930246,0.03252068022993626,0.3687365301724138,14.4226393699646,0.04021187248950575
587,-0.001673453516779208,16.587896452171947,10.227206460920822,0.6144934482593993,0.013979581046442036,0.19679418103448276,26.533972024917603,0.047352611772249475
588,-0.008838679187576304,18.636582712392855,17.917483295872003,0.9758539723803425,0.020019967264018085,0.26446322737068967,26.648475885391235,0.051724475519321245
589,-0.004675786463014353,15.57642168640353,11.167877060451527,0.6757743248208186,0.010387309962393846,0.13974946120689655,22.119344830513,0.05125513534761139
590,-0.01014785467818009,1.574027112863449,13.633498974375282,0.761288600167659,0.01744555524607582,0.22018958782327586,5.833476677536964,0.093239810135202
591,-0.01128419043668365,3.9618920809210145,17.651074355504285,0.9876291739891367,0.020981773315348805,0.26613011853448276,10.716935008764267,0.04616404032093413
592,-0.002828420928744694,16.006521551178594,11.74373141843384,0.7074337815811932,0.015227490081401656,0.19767813846982757,23.30391800403595,0.07258977366369768
593,0.019158639888191515,50.40264151575521,12.178918490334864,0.7488123903987861,0.025748425327915825,0.31964742726293105,28.44080376625061,0.026382922012300525
594,0.01731449941318359,1.076482593951293,11.861878062090597,0.6850426649644165,0.03472586516175491,0.3768941945043104,1.343458908784669,0.03391354852753803
595,-0.01044028388936949,3.07679159654861,13.525591839183171,0.7498245493403248,0.009836762972930766,0.1406755118534483,6.61049011349678,0.05027096944831866
596,-0.006628706471389023,7.40256406784568,14.078761455366099,0.8189246593171666,0.013407234984634702,0.1854711072198276,10.321632087230682,0.056295976157967775
597,-0.005639299578686666,3.515919306305752,10.629805084661147,0.6438494805118133,0.012516098950762736,0.18220467403017243,5.572910666465759,0.056679739866227985
598,-0.01517951851339279,0.7223100304711093,13.95231941788947,0.7686232023421827,0.01375103826134803,0.1889143318965517,1.8937882632017136,0.03271318438577753
599,-0.007695318615007857,1.2741080910477967,14.350885560886596,0.7958919284534078,0.014832478117223845,0.18382105334051724,3.6342493891716003,0.0006862374007334804
600,-0.015950000298102823,0.9332879785822645,15.985931218324776,0.9065016971731454,0.01262828292162559,0.1890153556034483,3.2667389512062073,0.02195298341957963
601,-0.018545366006541754,12.58786433706554,16.9265004535294,0.9327755771489044,0.014570378538337536,0.2021484375,9.104229807853699,0.015041221944534056
602,-0.008286226871265085,14.586192114124954,13.680695276496659,0.7555312339621918,0.0150110564136412,0.2082014412715517,10.776610493659973,0.02762036465450446
603,-0.013418077541308254,6.938261427223103,9.839840088971963,0.5846321171370776,0.00933462441050857,0.12632172683189655,7.833617210388184,0.02661244038098809
604,-0.00853811432904121,8.196809613712201,13.018294139193163,0.7687848359084205,0.012687625734793857,0.18478919719827586,6.946366727352142,0.03437105396795592
605,-0.0038889882312490003,21.547222194821234,16.166926201693876,0.8722743911486508,0.014125920109579275,0.2052717537715517,12.554759740829468,0.030135733353993333
606,-0.00966946342653097,17.180907479763047,17.9061943505979,0.9678764878724528,0.011531605154169514,0.15673828125,12.116772711277008,0.014316695551421788
607,-0.011124535249046889,0.9797377516468206,15.516794179369503,0.8716509080908947,0.015732178335320927,0.22477774784482757,4.352621108293533,0.03605994891702191
608,-0.009390738821229332,3.4004237913960025,7.892097642955346,0.4833474450566616,0.010641372771903568,0.13857085129310345,4.00584514439106,0.03317482504426117
609,-0.0146835741412568,5.3207202728579315,10.897071770156767,0.6449867395408388,0.01446169383366239,0.18316439924568967,4.984437346458435,0.03959873142236103
610,-0.016807657637440243,1.4803142208696163,12.91295794311084,0.741569285859943,0.010697784878771174,0.1504748114224138,2.9583574533462524,0.01017975599151566
611,-0.00230541869578795,11.892845141385997,16.2637041965921,0.8931093269330349,0.01841552851466735,0.22609105603448276,8.860006392002106,-0.02797780269558281
612,-0.010094549633743637,1.1083944971854878,9.699084737933248,0.5817346143930677,0.01393226031359518,0.19032024515086207,3.2610750943422318,-0.0046512074049522845
613,-0.008676265563091898,2.099250590043535,15.78874860917507,0.8793650344505921,0.012991385739136102,0.18438510237068967,4.879865542054176,-0.009157735295133085
614,-0.01622428938873295,2.4257571065629957,16.648879328084274,0.9344913305913938,0.01432363569544797,0.2030829067887931,3.986887753009796,-0.009089238417028023
615,-0.001964857711315106,23.179298223332964,16.064596804204108,0.8780498996272619,0.019727173863743543,0.26127256196120685,10.98258325457573,-0.003258469332066305
616,0.0058560443428485424,12.176376929410923,14.443010193227533,0.832540845033534,0.023582234969392723,0.29631936961206895,5.734575986862183,-0.010906057819088488
617,-0.0030279766931747033,11.49973597745196,17.987252597404034,1.0006941315840432,0.019727522455625524,0.24730603448275862,5.592912405729294,0.005281133645490654
618,-0.012806876931730828,6.101829873184471,19.745529222739698,1.0926244315497602,0.01566897212916078,0.22072838092672414,7.602834731340408,0.02131153735623592
619,-0.012727629082210746,1.2718548939709402,14.93485048796845,0.8353060136472903,0.015561778207735064,0.23050242456896552,5.547219499945641,0.06325166327912535
620,-0.004368647252075052,1.453519438419379,17.271289949835246,0.9793458386155744,0.019725560772650204,0.25302229256465514,5.057159823831171,0.023655189785936392
621,-0.014584817102104353,1.142830165559002,14.56737138428685,0.8244597301020584,0.015191888919397226,0.21341258081896552,3.839215114712715,0.045872135407560743
622,0.016137328875581686,48.44955882752477,11.66396186307498,0.7276846889931063,0.03584103685929661,0.36813880657327586,23.97521710395813,0.043967100182130125
623,0.024707696873493085,12.955098697141192,16.315520273300756,0.975525287107428,0.029570946339437545,0.36866918103448276,9.821991473436356,0.046823229335698824
624,0.004557494003471408,18.719939968812234,16.321344468586048,0.9173822874235439,0.021485942735282527,0.2692534348060345,10.021428227424622,0.04565660552430273
625,-0.014784329336660832,1.153263234931003,14.890864631638797,0.857921606387114,0.015848970838525364,0.2262004983836207,2.250112622976303,0.048063894128029805
626,-0.01568487387054847,0.8147871570026136,15.633279605114287,0.9022428106763982,0.011529501534071108,0.16447501346982757,2.3517303317785263,0.016574484827082125
627,-0.011508647048133064,1.496515772695789,17.763060848798666,0.9780990564252314,0.009609055908593542,0.1433610587284483,4.905212193727493,0.054254026206042916
628,-0.00837098090757628,4.311876303963952,11.912094508345913,0.6773708788284771,0.0120550056669564,0.16736260775862066,9.170126736164093,0.10800854251389636
629,-0.00937894829854713,1.529108418867153,17.907837077328967,1.0005913290979467,0.011445227173680905,0.16769093480603448,8.12247610092163,0.032783967407271075
630,-0.010313067968417241,1.5561490568625032,16.729971490830486,0.9485812327748763,0.009340601768254318,0.13234105603448276,7.805312424898148,0.03993382027190706
631,-0.006578793289498685,2.206109764661339,14.192014382586107,0.8236369320223056,0.011113265291928185,0.1524700296336207,9.737326443195343,0.08439278135634565
632,-0.01311493731533312,1.0165816885781536,12.691234848089717,0.7230201349939934,0.010744032872025855,0.14913624730603448,4.291515275835991,0.10872657880196113
633,-0.007451372316484728,1.049274614804924,15.133089631623267,0.8375990925497748,0.009630708833544211,0.1359442349137931,4.349794566631317,0.058582652934375146
634,-0.008883907945551515,0.9847532159654303,13.614791857620606,0.7713683375843865,0.015878285474047578,0.21656115301724138,3.2660820465534925,0.12614218036330538
635,-0.005550917455022288,0.8702156021580081,12.813175513198328,0.7377332869104505,0.011669212822794336,0.1642224542025862,4.452794104814529,0.015040999120752185
636,0.021562245139620996,25.608174816428203,9.997302076494037,0.6035551939871923,0.037716966635971086,0.38439520474137934,23.734240770339966,0.019133944067223574
637,0.005253823332507497,17.196127868779264,19.466554813745333,1.0765423660336166,0.019385175739318646,0.25169214709051724,26.99320411682129,0.10010799076332622
638,0.02528986483644992,4.418120149414614,17.551957868890646,0.9769762735884107,0.031050961740878975,0.3760523302801724,11.850423157215118,0.01065127002434807
639,0.014573253522398931,7.039950017256315,19.556046740926703,1.0759060141451835,0.02875745967973891,0.37744140625,20.035564601421356,0.0838095750144785
640,0.005061763927814949,4.4014405945945905,10.392647904288706,0.6092027682899588,0.017119225632431435,0.1998248922413793,17.61920177936554,0.070249948112869
641,0.01940516802125887,11.764873332962853,13.227098347934302,0.7727458302235454,0.031036155730895375,0.36807145743534486,24.276742219924927,-0.007822630640572648
642,0.030136600906469715,22.39505644693744,11.452651521911571,0.6992046087149808,0.03564353986188633,0.3805310479525862,22.637670874595642,0.05113419285730192
643,-0.008510597652863255,1.6995968746970969,14.71608589602241,0.8358276690629156,0.011047147851937113,0.15438948006465517,7.281637609004974,0.005403332149766182
644,-0.015488495012073684,0.9167666029619244,15.351790839737955,0.9133169640644437,0.012709897897178146,0.1954387796336207,2.7635707780718803,0.0883566462668911
645,-0.007224160461119262,2.4981426157258255,11.986867645171326,0.7258664653212502,0.01304521180808761,0.18611934267241378,7.0129702389240265,0.05162188316757821
646,-0.00633432236004302,3.0110212050877196,12.691472340395256,0.7417812372849107,0.013889115809559309,0.1910358297413793,7.634890049695969,0.04984316165138947
647,-0.014672986886758967,0.8043426605019379,11.41824653307538,0.6715354721880054,0.012036295943634569,0.1552734375,1.874521586112678,0.09537240866033247
648,0.01622944250507689,13.806003968545062,10.45665386368938,0.6314014664731703,0.034682911237127724,0.3474878771551724,12.132443845272064,0.07000439430442151
649,0.033709642596205874,53.11325113895598,9.699619835766498,0.6168364128930863,0.03139619128216572,0.3260708512931034,16.389322876930237,0.03604487499438247
650,-0.004998458624073535,1.1419852249622475,12.48363360468547,0.7379016049229088,0.022958531883165864,0.28649481411637934,2.18240649998188,0.047665365994497555
651,-0.009313261597689308,5.128615389789957,13.071029858876438,0.7971182126571437,0.010731563762890112,0.1571844692887931,6.500600606203079,0.02569457281618226
652,0.012820770076517411,48.38351628077076,9.989074927851043,0.6435055363743168,0.03245400920121906,0.2979525862068966,9.39084216952324,0.02932238798523057
653,0.0008852703852226264,3.4882911599666437,16.001869695546137,0.9178324431724894,0.023971170686277687,0.27625774515086204,3.7045156434178352,0.0229709784765042
654,-0.01291744012577469,1.3243163146247678,9.837931401369257,0.590375044786297,0.008395658068334812,0.12164096174568967,2.386320747435093,0.044202904745894944
655,-0.0077260614592047664,4.062898164113461,12.020107100427186,0.7317975182009706,0.01376488078099571,0.18386314655172414,5.137098655104637,0.027894715012354965
656,-0.007034533761828868,1.963261570827301,17.44515232788399,1.0041174063961331,0.020928972295599847,0.27546639278017243,5.2449095249176025,-0.01931776668743157
657,-0.011489795048340778,0.7833046874394671,13.17608790691934,0.775734209194368,0.007812851026818831,0.11146282327586207,2.2108112648129463,0.010460031022817784
658,-0.011795576308961327,1.3048853922215726,15.329813213163892,0.8726628965019261,0.013648593972902745,0.18186792834051724,3.4808461517095566,0.011840697163641112
659,-0.007926783814105774,0.8114519602775623,15.694377556613823,0.9044134405984519,0.014862336693803282,0.20679552801724138,2.9117118567228317,0.0493674309064408
660,0.014333203247753874,12.605141829344074,20.840952344375246,1.1313917549880992,0.03190127398004827,0.3866598195043104,6.652165979146957,0.042776674391306835
661,0.02118711404005435,2.458372508074974,16.495055581463085,0.9444820250566157,0.03371872439085313,0.3932516163793104,2.7612189278006554,0.021783473801568087
662,0.02679661690760376,23.63764699908154,18.57823182176397,1.0185027853500475,0.04704524631158384,0.44422649515086204,13.902127504348755,0.04325526793456358
663,-0.015066813980364056,0.5576945335835393,16.30793535415934,0.9371611897761889,0.012970039917051729,0.20134024784482757,2.745538040995598,0.031204058702356652
664,-0.013292193804091837,1.9198388256390642,14.651385938696531,0.8323422382600256,0.00955521439278402,0.13393217941810345,5.27544242143631,0.06358177936715925
665,0.017023503225481094,35.11038234978533,11.295730311399454,0.6997208908483274,0.03086488003163109,0.3640052532327586,16.222711086273193,0.02193506574826032
666,0.020942209700574553,31.280322312597427,10.22366627721429,0.6239701069143535,0.029869478069203665,0.3200767780172414,13.175620079040527,0.04583112540208867
667,-0.010173506302263918,1.014731177685598,13.719742701198214,0.8035813252299077,0.010885195838737077,0.14480064655172414,2.842864453792572,0.05011844722228509
668,-0.018759523119009483,0.855536873731368,17.55536103054102,0.9675701257312601,0.011391700681746568,0.16095602101293102,2.4382802173495293,0.0808634809615334
669,0.0030322456549483905,9.985632680216789,14.308662017542419,0.8062635789298431,0.01771983107856017,0.23053609913793105,9.871840864419937,0.05931684600288323
670,-0.008299619425213615,0.9960921659326357,11.948942251590779,0.6852916230428523,0.013630337424572269,0.17525929418103448,3.2701081335544586,0.0686153267656826
671,-0.007454758136249789,5.224546056824475,16.147007204858177,0.8833635670714008,0.013699845115579905,0.17448477909482757,11.238482534885406,0.05997158930026847
672,-0.014862139221057388,1.3616734818871838,12.505509026284361,0.7189667714972467,0.009700171747305109,0.13788894127155174,6.2602227330207825,0.07597483435671959
673,-0.006966134596680213,2.8989427219801787,16.840236113906503,0.9370557672905149,0.00994312631694905,0.1352118130387931,10.107554256916046,0.07313187904633078
674,-0.012447427421593287,1.354027618513608,12.817994913947366,0.7383419982874455,0.01938175996675172,0.2449909078663793,3.8341583015862852,0.05841306350837627
675,-0.005012617798723207,2.615031222590484,13.302453152189063,0.7600864914259954,0.011387373542298709,0.16359105603448276,11.511389553546906,0.08863278866313817
676,-0.005725099656437014,1.1521702614238833,13.878739846693673,0.7982393106940435,0.014620614997793695,0.19888200431034483,4.0966914519667625,0.061082483551322286
677,-0.0111977485378855,1.090516756852578,12.585395563504225,0.7436745888972555,0.010687763797187503,0.15557650862068967,2.8531643897295,0.030709010917535418
678,-0.0065797362979320775,0.902038169346862,11.85614254360854,0.6803523956792749,0.009152041743649973,0.1266584725215517,2.2507753521203995,0.07986397292353364
679,-0.005613858823504211,1.398338232156966,17.130118589858313,0.9525982052143482,0.01817867240054605,0.24899818157327586,6.286526143550873,0.018827537484724433
680,0.01473856728196371,31.15711517584814,9.315284735997858,0.5743986377158856,0.03656761959503236,0.36412311422413796,23.387877345085144,0.05499779173739616
681,0.00826298794111065,2.4711024427094586,13.522671763954788,0.7707295476656923,0.02159136223806478,0.26960701778017243,7.125308007001877,0.003674729664599252
682,-0.012359894082661955,3.219436702060966,10.375572529569737,0.6253196306513238,0.007407160252553475,0.09770676185344829,8.710238069295883,0.09529540326340757
683,0.008621648709489572,1.5226763539703352,13.832874648054212,0.7884156419125341,0.028885571680489348,0.3124073949353448,4.819565162062645,0.01608548463759396
684,-0.0064718234851539064,1.463098212614435,12.018564124971002,0.6856312666055475,0.012312027844018303,0.17432482489224138,6.011409640312195,0.008456382287087671
685,-0.015691612858288722,0.990853722337918,13.290933641615116,0.7706081354513901,0.00931946940670906,0.1382677801724138,2.5989049896597862,-0.09211695849406154
686,-0.009434490202694249,1.083378412555111,11.407402265322414,0.6687688895998658,0.013724308791630582,0.20033001077586207,4.884977042675018,0.028050630708193358
687,0.0035217154591538832,31.548177876885568,9.189788433900786,0.563887763803058,0.016730054043803427,0.2148774245689655,19.998177349567413,0.08227032894216946
688,0.012273749427770288,10.43879874732362,11.824255608388519,0.7162421681745839,0.022046280841911133,0.2896265490301724,9.79542464017868,0.0463709708290172
689,0.014053055231321051,37.33666232734899,10.289880364107626,0.6535958270183544,0.017095028806391476,0.20382374730603448,12.424030840396881,0.06311652250637467
690,0.0027440954083964427,3.1059661024777294,14.662970451810718,0.8564634652876552,0.022607983092492415,0.2837503367456896,3.595712788403034,0.06630867074346869
691,0.015002438258947284,27.220011702105445,12.995481973509946,0.7925421548460345,0.02340591256607099,0.2522982893318966,7.677749752998352,0.03128951829880211
692,0.021168997437643673,3.2238514217064456,14.132572759669435,0.8219524023147171,0.02795835685512806,0.3404667295258621,3.506458342075348,0.010963330401603466
693,0.016629482440624222,4.926205602323512,10.37476884971116,0.6382668138975187,0.02506163033530325,0.2725619612068966,9.988475620746613,0.011957824317097798
694,0.01313565870345702,12.26739927613213,18.123294694064153,1.0072733019182563,0.03188575016222252,0.3367035964439655,27.020071983337402,-0.03524083568231462
695,0.026076886870695575,9.927503505760097,10.896175295949497,0.6348151621168654,0.05172369105551705,0.41212621228448276,18.889998257160187,0.051787831925852346
696,0.009917256034787096,1.1355761715345891,14.54081211353909,0.8470386834890413,0.029282222137132115,0.3597538389008621,1.007581278681755,0.03523915134637434
697,-0.008368402299205283,1.8233221377248614,13.93475565655711,0.8181973216995739,0.014262403617161407,0.19820851293103448,6.790722757577896,0.017621527115759705
698,0.012906909351510558,7.380327168963372,17.717599170097824,0.9842514931387368,0.037303189277987134,0.3587183459051724,16.755542397499084,0.029869079058384762
699,0.018453907741107497,2.0295828059718195,15.024666973100654,0.8548956185936575,0.04394482031458555,0.4447316136853448,5.3482837826013565,0.01879462873143578
700,0.003252362737006526,25.148454547923457,11.462425928641158,0.6951668592913032,0.020669749067345602,0.26438745959051724,22.940434217453003,-0.002503058299180738
701,-0.005438895977358345,1.3924635534160794,10.587363569582772,0.6255979817789671,0.01631155302863496,0.21401030441810345,4.761664733290672,0.010927403484963127
702,0.017344794350298835,6.692631196963657,13.791513384430235,0.8069330804014342,0.026756452472031456,0.3053104795258621,18.953071653842926,0.01737618676012942
703,0.01802790853162837,1.417624948295162,11.733306625285909,0.701948850255325,0.024474239380024614,0.2885826373922414,7.49078032001853,-0.006134583964474638
704,0.02322540283311049,2.44572333896458,9.425816765363662,0.5811997157574735,0.033398518416231975,0.32658438846982757,15.865888386964798,0.011448913654226511
705,0.03637879336380542,1.6819704875172066,15.330322050080024,0.9057922894403576,0.03725702843000582,0.37896518049568967,11.738784100860357,-0.07571522942875264
706,0.01337585574072497,6.46258192068406,16.79266151075115,0.9594234370073034,0.018963917463130704,0.24957906788793102,49.47121739387512,0.06460916860648491
707,0.015353383827402922,1.0646541411417885,14.482607474440211,0.8481300879362168,0.028910160880608098,0.3260371767241379,9.288388311862946,-0.035250897397183456
708,0.003486445160002157,0.9789315765610493,13.824759049501655,0.804267334157038,0.02753679356352097,0.3212469692887931,4.816759414039552,0.01355500358571804
709,0.017065428977173662,5.31488529872448,15.506816937206795,0.8864977043480833,0.03378761827454958,0.3507711476293104,23.069123208522797,0.060180935520143586
710,0.0033790186388779177,1.6952747270587865,13.911142748272738,0.7991073349288038,0.02045898967455663,0.26560816271551724,9.277596950531006,0.032281761129203
711,0.02509427591573791,10.230853641930828,11.285579506851782,0.6961482214998075,0.028089345542208197,0.3110014816810345,34.89613211154938,0.006913999714592722
712,-0.0068426726110911214,1.3260359766760268,11.903645600501353,0.7027097973165429,0.014687060136503564,0.20538961476293105,8.03241690993309,-0.0018232105739286464
713,-0.003750072537701596,0.9820458707016024,9.403930673762606,0.576989578542076,0.01166678194034642,0.16280812230603448,6.516613662242889,-0.05397690729746052
714,-0.009989306263153806,1.0039018070159886,12.116054818648363,0.7262331787981033,0.012154391882459408,0.1566877693965517,5.49984946846962,0.009118019571145997
715,0.011577694210405432,11.316935723265708,12.89418627762894,0.7557864836733266,0.0262939949542011,0.30632913523706895,40.21717309951782,0.05603532012871559
716,0.016872914411784002,9.23692702112153,12.777322499605361,0.7420112464646207,0.03610485459924756,0.3856580010775862,24.509978413581848,0.04608097510097142
717,0.01974878430948185,1.5182883285495248,12.602546714928707,0.7382155725237429,0.02880905486230843,0.3576239224137931,4.943809563294053,-0.02848290613480997
718,0.020032597286205663,1.2162701198521932,14.892794017675975,0.8371096340588651,0.0351446515966833,0.4094743399784483,2.5788016282022,0.01571709834088575
719,0.012140010258419886,2.066120467459079,16.20920734565127,0.9252173048629755,0.029293647270794185,0.381103515625,4.440829128026962,0.014320428716489308
720,0.005183176121124451,5.902308159278357,9.365897323841887,0.5733795158969237,0.02221850059316333,0.2334489493534483,13.741355001926422,0.04693168724318708
721,0.012631536192764907,6.931505193051182,13.164220401047778,0.7436822314695495,0.02685383548167261,0.2933560075431034,15.068651974201202,0.01668493213156197
722,0.030300341419325798,7.631398592909862,16.939394093835162,0.9378598183260505,0.0365859053493076,0.40768958782327586,10.383631885051727,0.06217979798910611
723,-0.015134274454539834,0.8848290456478282,14.147035487231012,0.7910889039036381,0.01865290263030429,0.2619123787715517,3.198338121175766,0.027131469529450447
724,0.032656757013421904,15.365261255876774,9.047546206124213,0.5457669399920633,0.03506346613282623,0.3519918507543104,16.690538704395294,0.06092374441868709
725,0.0003969730898591519,3.0803514052256316,14.732959491416516,0.8238998188009709,0.01801196146397129,0.22024851831896552,7.935073971748352,0.022957016734463376
726,0.0015003039941818537,1.3245755526942586,13.434357292350013,0.7380255806828842,0.021600002152463903,0.26814217403017243,1.2586175723699853,0.04748796222705998
727,-0.003576326096459399,1.6712950142465588,9.804452307066672,0.5858983010231018,0.014298455833340995,0.19859577047413793,4.013144366443157,0.030119617492450623
728,-0.009925071517287411,0.9824724019849853,8.139936305975926,0.48588925588131227,0.00854846429890664,0.11358432112068967,1.9723169803619385,0.062419111220810564
729,-0.014195087953699361,0.9691278052950163,12.561112048712577,0.7013527120960071,0.010688110441621795,0.1454657192887931,3.002746060490608,0.07255812421608665
730,0.014802695751242762,7.539757788742267,9.548841096499457,0.5633791633445698,0.032335501461508605,0.33642578125,4.738623008131981,0.055371762934423474
731,0.0050963117283562825,9.165037550448314,15.616773765209004,0.8442832861408784,0.023872214473346406,0.25867120150862066,6.1379101276397705,0.030241330509605424
732,0.029234603343587115,11.083549652132866,14.25736218921495,0.7774648598386757,0.035141365995012414,0.39343682650862066,6.53511044383049,0.02585307936119885
733,-0.008733383080460766,0.9040978255101777,10.383144840218755,0.6011234341488583,0.01076339334219389,0.14935513200431033,2.214096263051033,0.0893808470327283
734,0.0001728777613431813,9.3027972228254,11.387871370266456,0.6752950865485563,0.016609609024930375,0.22151131465517243,9.395025491714478,0.08490944173434911
735,-0.010736872367066679,0.9405070904145476,11.578030903263675,0.6563491512880036,0.010615595407655526,0.14356310614224138,1.6915318593382835,0.04598868052983884
736,0.016083179348985878,20.481076834704282,7.896095533753898,0.48949606056333417,0.030268776266392048,0.31483196390086204,10.97405743598938,-0.04671096226036542
737,-0.013050126843520728,1.5537411568582478,13.967696792546436,0.8022112312779616,0.01579140488596248,0.22495453933189657,2.999013602733612,0.015477113360120143
738,0.027016105879759042,5.207588363632501,14.668454699539419,0.807207332169316,0.03990858143791637,0.3830145474137931,5.816051617264748,0.06452926306710816
739,0.006671424509573264,3.964107320906773,16.04939145062536,0.8806435413674174,0.028683406968474594,0.3669517780172414,4.568190187215805,0.06373019854411022
740,0.008799643238698803,1.0284498844500527,15.364305543584813,0.8592935585276854,0.03253037490227645,0.3896821120689655,2.0285302214324474,0.04358957133463315
741,0.010788672342035635,77.4107509473723,8.617668917506997,0.5536532303676409,0.019185576987340407,0.2241631869612069,30.869912683963776,0.015615120147642991
742,0.006253591329821433,3.101910813959022,15.626695951232126,0.8326540608744334,0.02550081540740111,0.26989325161637934,6.78266079723835,0.02042114637694159
743,0.017172102770057884,27.250807823280375,12.466146716189666,0.7251612231316514,0.026603857669748508,0.29162176724137934,23.249731361865997,-0.45152094364177553
744,0.02966291541275331,12.276226529737665,8.097891155427124,0.4937393074979056,0.03909983713900397,0.3804721174568966,12.183353781700134,-0.15582313551851978
745,-0.0050181748486422826,1.4876603196495244,12.274358225225647,0.7038318919472533,0.010578336156523337,0.13205482219827586,4.728509962558746,-0.3803758458144364
746,0.006901116228599175,1.0833506400373565,8.557078216141612,0.5001600011932295,0.023369829878682705,0.19548087284482757,1.5974911493249238,0.038316113934211304
747,-0.00022998763135178538,1.3666770726827735,9.920814721621042,0.5705457227141888,0.0249061347366133,0.2684199892241379,4.1395300179719925,0.01585822831678607
748,0.014685060075512684,4.635144337863668,7.94500407583586,0.4826654138805366,0.023846309926237406,0.23096544989224138,11.218956410884857,0.03448219842933509
749,0.005039926564474571,3.431736270964036,10.759900716929256,0.6253407315678738,0.01643763584935845,0.19781283674568967,8.155018538236618,0.05248855363612881
750,0.006868831270267117,14.672297661584583,8.13657348775626,0.5120676441654033,0.015323112790015173,0.15529869342672414,21.94774866104126,0.01192620357640295
751,0.031962678291031235,0.8095165663443262,15.169888504445634,0.8293570926079752,0.029198977315210303,0.3548205145474138,1.161993918940425,-0.23604721695676645
752,0.021779294674191447,25.450868199688053,9.330086219785855,0.5847539529758847,0.02592378796293031,0.3192264951508621,26.811131954193115,-0.01626257123786412
753,0.026072095283607214,1.2314009893920166,12.476670158186984,0.7228313435694746,0.03424984377262921,0.36902276400862066,2.163023590343073,0.024146292276793657
754,-0.015487752702427107,1.1661894631357304,14.414017942790263,0.8136877097848778,0.014293455857741406,0.19575868803879312,3.4278489351272583,0.03025679984135321
755,0.02816673598807358,4.447778415248827,12.254188130878651,0.7019243403310298,0.03125682656185557,0.32618871228448276,8.395910143852234,0.04624456875119343
756,0.015137667654549847,4.178773589911376,16.459100260868958,0.8957092903347702,0.030125775280637375,0.37687735721982757,5.497469827532768,-0.015231040098898863
757,0.02515774486478947,2.0758779226245228,9.166737912251723,0.531830302337453,0.036203920227276754,0.3318712957974138,3.1987426429986954,0.08807977286429014
758,0.03760930055974619,5.396805841748156,16.362074219746162,0.8879390305005002,0.053140028731110664,0.4598683324353448,6.998004794120789,0.04951297173832425
759,-0.008196280423313863,1.080377678263795,8.49425571358777,0.49875976338090455,0.020948822879290674,0.24204438308189652,2.1538894716650248,-0.12300324376454141
760,-0.001415766373521237,1.2340818143275412,12.344215920929603,0.7078928582258381,0.025835240006487986,0.28342200969827586,2.401249688118696,-0.2027600121438713
761,0.016499506914728887,8.052572766374169,15.567681199485628,0.843504896549787,0.028649164791518,0.3459893588362069,11.92795330286026,0.03932334373909652
762,0.01980076331445432,22.6595085596648,14.425582158042054,0.7765019784852358,0.031035826436609258,0.3778791756465517,23.732221722602844,-0.009252005589365675
763,0.031096490126720486,14.727190861095881,13.577920584086378,0.754938290384322,0.03645986406351359,0.4042463631465517,23.685255646705627,-0.04759905146834753
764,-0.006840869329208562,1.200054138313058,12.600554345145516,0.7172235932037061,0.017626542070125838,0.23886213631465517,7.266145646572113,-0.12153271907748087
765,0.01359242644705338,9.590977623325482,14.629449206293994,0.8007855907009547,0.03221936142001831,0.3158674568965517,20.873314142227173,-0.09288013180128507
766,0.018863048346289664,14.351055477438734,9.064796491416676,0.538392605126601,0.03526662018502348,0.3103532462284483,24.400153398513794,-0.1850927637631521
767,0.023814984142107233,1.2795836925234891,9.042425723854805,0.523427161106344,0.03882628157514083,0.38116244612068967,3.0499770622700453,-0.07371999166092214
768,0.016257302108843515,1.2008281469067583,9.513828512764906,0.566432861563138,0.025577118181711832,0.3172986260775862,3.2462169528007507,-0.06743929502843704
769,0.025558005765763045,6.854612347998766,10.936699080568987,0.6569180283085785,0.032634878734323386,0.33831997575431033,9.594992518424988,0.03809823777338339
770,-0.0005101650715087559,0.9740553469546018,11.877566850876159,0.6771092169592835,0.023471891460789707,0.2799787850215517,2.4238528991118073,0.04052619328441909
771,-0.010242147561056798,1.1582507840648777,11.591195461911287,0.6837667476931277,0.014312932412802433,0.1893352640086207,2.792629048228264,0.04966760435284434
772,-0.006395083731155378,1.6688634848800263,10.097591436084699,0.6026781938046418,0.010634971187692858,0.14060816271551724,4.236377954483032,-0.08083715146172255
773,-0.004794741194603666,3.368976280602004,15.54708367275026,0.849588022865646,0.01685895308162736,0.21755455280172412,5.499978557229042,0.04279635048528663
774,0.015802386570335367,12.103161593550295,14.516980436560296,0.8011229236656399,0.027188462654082507,0.3007307381465517,12.393997073173523,0.03427916524080599
775,-0.004242176858569783,1.2391803929073193,13.202305681258842,0.7297107679280151,0.02826504642645636,0.3222066945043104,3.0708696581423283,0.039509259986643896
776,0.015393580251059864,8.557620011310929,13.789635140240064,0.7566275622925003,0.023197850217221802,0.27150121228448276,14.24944019317627,-0.015399363335339755
777,0.020771452479978386,24.691464077793704,10.195068566330331,0.6092027998663603,0.03561129443952613,0.3325279498922414,22.283933222293854,-0.10471485012335258
778,0.02642397130585417,2.3356435206609105,11.754087414976876,0.6649247082282743,0.038401182104907686,0.41589776400862066,4.825666815042496,-0.02274639633130815
779,0.029249830751698503,23.339298864460076,9.369732562001946,0.5768720020566653,0.04041512955681638,0.3897410425646552,11.989791601896286,-0.0065932698077944
780,0.007451723634169372,3.0354766384795573,13.686751624181916,0.7722851139847551,0.021746578187017362,0.2528960129310345,6.478260800242424,0.03037801904003634
781,0.027883035067479658,3.0738799926367646,11.18790290480608,0.6608675269981804,0.03514749158584264,0.36126077586206895,5.409996896982193,-0.03787153788513309
782,-0.00889123858211531,1.228178592126326,8.889824239641994,0.5263266830838959,0.011218813758173853,0.14674535290948276,3.2448817789554596,-0.002587406314442431
783,0.024853475224063986,4.536356633809676,13.227213268589775,0.7322850759902112,0.031810597214769525,0.32435344827586204,7.519283831119537,0.014062922573970904
784,0.016822029495072315,15.434032777546111,9.042069531761408,0.5386682817031747,0.03566418309994082,0.2770490975215517,10.767690747976303,-0.10492270124419467
785,0.028429235377770493,1.7924540036610663,9.304294401767727,0.5612980755643642,0.038954154824123496,0.36608465786637934,2.7692288756370544,0.08662406634123498
786,0.01609690002625247,1.0694197781677484,8.171283717106643,0.49905630103775966,0.03353779414389684,0.3246060075431034,2.908167712390423,0.019859895745549916
787,0.0027213890264810186,9.717166084195267,11.473352507162229,0.6893790199584178,0.018289657257465196,0.23630286907327586,18.43621975183487,0.06965359902127022
788,0.02810022856613453,3.1258924575997016,11.157408698859367,0.6638899521138479,0.036947165227471046,0.3732825969827586,5.380372017621994,0.05932787210941459
789,0.011216675562910084,0.8105190702669882,9.55048974248147,0.5780849865265014,0.031263692644454846,0.3393891433189655,1.0640472895465791,0.09269027484298964
790,0.02091662715471604,26.969547881839176,19.11129158569885,1.0203570248945495,0.06156765204625493,0.5101276266163793,17.373706221580505,-0.01825899382033702
791,0.003946903588445727,2.039673130987321,12.20039814614173,0.7061375285912022,0.019260525773931697,0.22923962823275862,4.911840535700321,-0.05065937980827795
792,-0.00612478355960933,1.2767475348400183,9.790245472773677,0.5916777127078039,0.015438729836173951,0.19786334859913793,4.150009945034981,0.03805121509901521
793,-0.011477345714648233,1.0900944163682333,13.48592840740357,0.7594062456169169,0.014282828711970822,0.1984442349137931,4.307977735996246,-0.005426226724728256
794,0.016590491118019544,23.678123532428987,8.399588953981132,0.5252080289648551,0.027876154810154073,0.2876313308189655,24.18553900718689,-0.027634678079689
795,-0.0026665301100312544,1.514622135612315,13.234433535466389,0.7401732802657002,0.016957475019996216,0.2085381869612069,3.718832805752754,0.045772579472240005
796,0.007914716574529145,55.46662535644959,8.163585977249474,0.5119942584000267,0.019433956040553188,0.1898908943965517,40.04647982120514,-0.017094129167352756
797,0.031070138851865867,7.35609909457376,10.014069331239844,0.604332200259172,0.04588258514207876,0.42205179148706895,11.795801103115082,-0.023795200974581432
798,0.00876429475338149,3.7799974628029362,13.029053219557932,0.7403559521549925,0.030205248806882523,0.28662109375,12.567486494779587,-0.00894721543190724
799,0.027812374841846184,11.623904146044339,11.539127430181153,0.6657494242759827,0.055822676034071705,0.46780711206896547,13.997284412384033,0.010113949798297162
800,0.03464537203157353,17.773605968511642,14.158910314721087,0.7871967607780821,0.048737281400776586,0.4453040813577586,11.785002648830414,0.05287867288721215
801,0.007572104543638049,2.43501759332523,9.11447676658783,0.546382262988557,0.017651735786910587,0.19333411907327586,6.712923988699913,-0.0453405170652561
802,0.022068197694842633,1.4292978206197835,13.490770643992462,0.7684850653787525,0.029172887745642518,0.36041891163793105,1.554529471322894,-0.021784374335614753
803,-0.005199614635722386,1.3516634488186219,14.477553351829432,0.8186281348553792,0.022012098347627684,0.2667951912715517,3.3129742443561554,-0.06016658401677577
804,0.018166019232536173,4.12020997630411,10.128957140578583,0.6150235024920377,0.02615801831165425,0.28615806842672414,12.300238013267517,0.018625931828185505
805,-0.01440043576368286,1.353933293691516,13.194012704592375,0.7563394651599459,0.012849737658739443,0.17299467941810345,4.2332891672849655,0.038273018997905583
806,0.0255925778173658,31.263621977963282,11.542960903689604,0.7125188380982606,0.03187369546177596,0.2779919854525862,44.459015130996704,0.010721441331285608
807,0.026512753529906005,1.77125807675701,12.203780637670645,0.7237071222891622,0.038142542334440054,0.38971578663793105,4.761168256402016,0.06261820922878192
808,0.01830512099434145,6.4617976906467565,13.175287626234109,0.7706051929508876,0.02925880275193024,0.30801286368534486,22.71588283777237,0.0633928138532629
809,0.011264417607760353,4.623911686085442,12.669428371659738,0.7488399164443575,0.025937271738226186,0.2743635506465517,21.150692462921143,0.00822539321193172
810,0.006194113135817185,1.741363114224949,14.253933367371591,0.8220665911882453,0.03496335286838766,0.3194790544181034,8.630774334073067,0.01968328800023056
811,0.03119659994182739,1.4448085520381606,14.222725872355834,0.8103272920986988,0.04474931591790539,0.43419989224137934,5.077516116201878,-0.07510427061298719
812,0.014688128509608737,12.585888640412154,8.632613388893239,0.5247397050486675,0.02026288535746752,0.18946996228448276,34.04699957370758,0.057571658272559945
813,0.012360907002199257,15.099202833177973,15.017992395429935,0.8597536300828856,0.0231563760813703,0.2375067349137931,32.03409504890442,0.07531372416015436
814,0.012932543213996587,2.588743279076372,12.582134454885441,0.7178440152589435,0.030547868675935674,0.3588277882543104,7.742866575717926,0.0016999521305822718
815,0.022708581754568413,4.318751632335616,13.034690665781643,0.7629481721192735,0.03978723100013228,0.41648706896551724,8.012700468301773,-0.030750418726831708
816,0.02463057838603249,4.6993663936918235,13.256544199543363,0.7619275697389043,0.048086232385559986,0.4710482893318966,6.217516615986824,0.01758563079340736
817,0.026063635178781235,1.3556829666200825,12.275277283566538,0.7178260956964644,0.030246722247252833,0.38152444773706895,2.154042862355709,0.04301874082993751
818,-0.017166867061629787,0.8219745517527598,10.817856773390869,0.6344235288615264,0.011792362918264378,0.17530138739224138,3.7340024784207344,0.040112921490257136
819,-0.003291445052788088,1.8214809080920076,10.477674345735757,0.598205206825414,0.011898249953634966,0.1641803609913793,5.504996329545975,0.017123134703654896
820,0.008638504203090713,8.549576793230854,13.203319670212984,0.7305698550532317,0.02489496711596389,0.31317349137931033,8.597300976514816,0.1292624861545354
821,0.04861898240416304,5.325195510420929,14.434476642279307,0.7975916110240335,0.057924997613962005,0.4812348464439655,6.52487775683403,-0.16855483347024514
822,0.012334555891699054,1.2946234958650074,12.487205860348507,0.7051642691694724,0.02891134684589282,0.3679115032327586,2.2377727506682277,-0.221274597053136
823,0.01617961626562129,1.019932700441248,15.617538002022574,0.8641498254261839,0.033245550827093115,0.4014008620689655,1.366488255560398,-0.045995722923038995
824,0.0026126584558008705,8.561585138767363,13.956188561075672,0.798733429192186,0.020234931943534696,0.24916655441810345,14.453079402446747,-0.10156233839893236
825,0.03256298345955783,28.008682970749668,12.11841231421969,0.7177380764112278,0.04600181828246949,0.42653892780172414,15.79090702533722,-0.014156139028610015
826,0.01196156760411684,13.60390970295552,13.470171396323511,0.7424087134021302,0.025071969271611406,0.26531351023706895,14.355611383914948,0.02788631578398104
827,0.009389132522663848,2.579178022437639,11.360358011292632,0.6655274855880196,0.026648382303266833,0.3149498248922414,4.9762904047966,0.016014019714011618
828,-0.0012273175599395057,3.9602280898467517,11.563308860118108,0.6541654865165489,0.017079906462985774,0.20290611530172414,8.007837504148483,-0.02018509267534485
829,-0.014886577771662735,1.9725727281075427,13.56143293357133,0.7378870380607309,0.013278383752863035,0.1784247036637931,6.426840275526047,0.04195631482987705
830,0.009925974056094564,4.620972986549523,14.08909688187474,0.770056219767741,0.022464091692356684,0.28289163523706895,9.123941838741302,-0.10314869278504202
831,-0.015493757807076907,1.228585356809366,14.296548337043376,0.78133598625397,0.013528313217805055,0.17489729256465517,3.1314945966005325,-0.021249088930870963
832,0.020924007959892826,6.673961292083166,9.284779980067155,0.5473010746022267,0.033231255400911826,0.3403236126077586,7.775028586387634,-0.031034061407474667
833,0.008203326076527701,6.224664330478179,11.669886502198441,0.6470138402699628,0.018114762120666424,0.20803306842672414,10.370823591947556,0.013794599195077528
834,0.002892276829291529,6.188646323760292,9.520232971424964,0.5625744469554523,0.01976641106777042,0.2199286099137931,9.773869216442108,-0.0017063077270855764
835,0.019140048694534048,2.6253479858520885,11.466217701197884,0.6545875822088545,0.03967626257935049,0.39586981411637934,4.136563919484615,-0.05357754282804894
836,0.0037889169368701585,3.375743753530279,12.764111408951756,0.7480139317681435,0.017522946445437965,0.21289904364224138,6.685085862874985,0.12480770481852754
837,0.02007546735645825,5.751870027110565,10.785170002541392,0.6356073881662301,0.02751769528499451,0.27081930226293105,8.26366175711155,0.05911565628306514
838,0.0044077628193607225,5.874399209148539,14.24320201560903,0.8020089882549404,0.020419818821367168,0.2489813442887931,9.535173386335373,0.0965720799965053
839,0.03087331869965255,3.2946617173683723,14.32807770991449,0.7830742224717235,0.047693736153225225,0.44371295797413796,5.4687710255384445,-0.0014123715971108286
840,0.013414674372337105,5.87476222653258,8.555998357425842,0.5109065696504268,0.014355443975640307,0.17164769665948276,11.185340464115143,-0.18364811122990865
841,0.01976234420252291,7.298552346640921,12.769903729328533,0.7113714170950045,0.02970993149285968,0.2903842268318966,12.735309690237045,-0.1477149685434036
842,0.011416909529708422,1.6352329900976799,12.800543557659818,0.7193455615355372,0.028612014427851357,0.3485823006465517,1.4616577569395304,-0.04472212994899727
843,0.012377397259331834,5.12164449623052,8.885073087538455,0.5197290381597826,0.029988933360888544,0.31629680765086204,9.636385440826416,-0.033271268984171876
844,0.014489717054188238,7.909085185119273,11.910737332631031,0.6705941550095178,0.023825566013391804,0.22785897090517243,13.980850517749786,0.09154829931785946
845,0.0017783576058799464,1.324279284432703,8.179979836499744,0.4751420320108709,0.018631433367145605,0.2056421740301724,4.117119178175926,-0.37226500254884654
846,0.014300770160915513,1.0434014440306083,6.530641621015218,0.39059613170790947,0.024599372999169835,0.27785728717672414,1.546576916705817,-0.01827955369616907
847,0.030258182625738858,7.158687375851706,13.067552415059943,0.7230200901551519,0.036173458156177916,0.35687466325431033,11.859791964292526,-0.10686649298803008
848,0.014242786828180575,18.394749818437,14.793871123153027,0.8004962945510513,0.03101408414734359,0.3798743938577586,18.66000461578369,-0.0013784772440186277
849,0.028406543450630345,1.7111041112388916,11.583990112192685,0.6381331824746541,0.028912265408821282,0.33836206896551724,1.6185567062348127,-0.16596556722447176
850,0.030460578245944264,2.432535446313782,12.210213225139185,0.6659073238829322,0.03868258537238881,0.3974188442887931,6.130377799272537,-0.187592719141217
851,0.008077166935763592,1.7468041770722322,13.01025964152409,0.7269645204843105,0.02181238601970735,0.28435647898706895,8.214642643928528,-0.27654044114054654
852,0.0277494931252665,27.703036216490577,10.126459736664527,0.5989683615405048,0.033841492099499784,0.3810614224137931,19.615123391151428,-0.4918596825812329
853,0.010516015890690634,8.680185280492427,15.338890902328721,0.8301007669650626,0.02609323141449091,0.26841998922413796,18.516423165798187,-0.21984755998198224
854,-0.007289426276041754,1.7356695341386805,10.282163128999446,0.6056245881981308,0.011408218152515975,0.14609711745689657,5.682665228843689,-0.1759316760057339
855,0.015473922728716616,3.1149221722148326,16.44145488319517,0.8818333228560293,0.024593722900919664,0.3138048895474138,7.034830629825592,-0.12540260068374254
856,0.035719913462158054,3.201529762021801,10.913711138948265,0.6061716098014398,0.034961693374435554,0.3890759698275862,5.839588329195976,-0.16678835963745953
857,0.018323286821102697,4.628505362599828,10.539212328463126,0.6074355280767938,0.03359088317163947,0.3861210264008621,9.742061972618103,-0.08453488119011321
858,0.021843077500502024,1.428090006806916,12.385249608269579,0.671522102485173,0.027304882989044238,0.34414567618534486,1.862547881435603,-0.26997771285068284
859,0.025496012269383465,15.794755667691678,16.42362598067246,0.9085861396148363,0.043602588071923395,0.44589338631465514,32.42328655719757,-0.36529322407713805
860,0.01739953027679554,13.398645259546884,7.958042394454016,0.4577699541351915,0.017446029804228477,0.18841763200431033,24.613984644412994,-0.4852046693919867
861,0.03747061206758942,2.5331817872721807,8.926356210725096,0.5137296970958138,0.042768951357645385,0.39071760506465514,7.694906175136566,-0.3713457802448261
862,0.025515049916227075,2.290247590219836,11.28212993648425,0.628487468648206,0.044726588433118664,0.4263200431034483,6.54906453192234,-0.20663460224735108
863,-0.005466492702159724,1.0436989166029513,13.42829392676579,0.7601198504143495,0.022059924065302015,0.27194740032327586,1.6326474826782942,0.02414598797723555
864,0.02320540226061251,24.85772061445108,9.878333940286117,0.6024167094791634,0.03403480482289712,0.3238735856681034,23.605592787265778,-0.3735252706098693
865,0.01370959165511563,30.007062807716004,14.025895312187615,0.7469441398811638,0.02668985360826904,0.2703983701508621,32.547186613082886,-0.022417979639030472
866,-0.0062465461087197515,1.3054856386072884,10.247144835975005,0.5830968734634835,0.020252364711080283,0.24667463631465517,3.475626014173031,-0.4028612423241418
867,0.012983711438231429,12.58139728407324,15.137493780344435,0.8145269049107748,0.03129522150391432,0.35217706088362066,19.609569549560547,-0.0177010709714851
868,-0.008958370608155275,1.3303997108765513,10.548795617535468,0.5940086411041241,0.013538773317844154,0.1870874865301724,3.7675765305757523,-0.12174422962626541
869,0.02531474655406273,5.120414010537006,9.994553632476364,0.5512134745697259,0.0386845994207447,0.37151468211206895,8.474299848079681,-0.1402798621724375
870,0.002955068703574794,15.067680777545743,10.671561935431814,0.6043510553575069,0.021534929874178488,0.2530307112068966,20.672706961631775,-0.3581203078772597
871,0.047686090928946524,18.908229488837854,10.676324949292708,0.632559563647223,0.05129292271910878,0.4676134832974138,17.8672137260437,0.0004556342969397331
872,0.027264520794782816,5.296055833134822,11.932652289762386,0.6642861958488506,0.03686907953394031,0.3850602774784483,6.75518473982811,-0.12391421593783525
873,0.01189587436936657,8.009220426745813,15.865933283101688,0.8559315141911643,0.019548242423454588,0.2631583378232759,15.137704908847809,-0.044562656710813275
874,-0.005582937836079744,1.015269289379222,13.678592222271053,0.7465476712150748,0.015007195703470519,0.21412816540948276,3.8653923124074936,-0.05756026779477175
875,0.007627082941505921,8.990295664632535,14.457134581576423,0.780479458893563,0.01895025909721755,0.2217638739224138,18.47168391942978,0.05024212501073555
876,0.009026488378961955,11.774929978091404,9.067092615706596,0.5415415048505408,0.017779238810456673,0.2157782192887931,15.687708586454391,-0.06639531545468125
877,-0.01290402059975083,1.4244722142890685,10.59814898337033,0.593125692856057,0.007145863532937726,0.10027444773706896,4.2937231957912445,0.06513376009985972
878,-0.00355866707596836,1.8295218763556444,9.36582351513488,0.5378735691402998,0.019183398666490544,0.2578209186422414,6.722338965628296,0.03896028203751434
879,0.017809933792714925,1.9345882284252633,15.966389680241138,0.8498736338951858,0.03021362328079955,0.33505354256465514,7.9849419221282005,0.1509770719903537
880,0.023712286759051734,11.821395622234196,10.845346910660236,0.6131093171623371,0.025205405732839577,0.25863752693965514,32.54911768436432,-0.30241251315081774
881,0.01492300363772853,1.2295094404415574,11.254193449252917,0.6198879352964939,0.025482200255972767,0.33075161637931033,1.3937213504686952,-0.2152458510443951
882,-0.012312644933485155,1.4602648567811563,15.519112968278431,0.8351658452500426,0.01181744425236408,0.17613483297413796,6.169417783617973,-0.10674311843808937
883,0.030824007846929596,7.044548141335609,12.069363972647839,0.675539617644345,0.04187656954334294,0.3713463092672413,24.038683652877808,-0.1414788420734272
884,0.005390228810973216,2.78050931676323,13.710199773311615,0.7441691574113692,0.018262482991397926,0.21941507273706895,13.590239703655243,-0.08818483292067114
885,0.014079026954370022,8.520917946054846,8.786432037852576,0.5245748261285339,0.017977976214626386,0.2146501212284483,23.246211647987366,-0.045496476362601346
886,0.021311727195592947,1.277831676771941,12.317635754722469,0.6792153340163701,0.025191348391045126,0.3207165948275862,2.96368364430964,-0.009363286867694942
887,0.00914751998940954,7.636338746006471,11.289085581475177,0.6330803936400806,0.027387044939477447,0.3024986530172414,18.84842747449875,-0.02303463387585669
888,0.03361174556058741,2.427702749802359,12.470142935752941,0.6801830164904773,0.029329304769785736,0.37537042025862066,9.446041658520699,0.04546346293330583
889,0.028049571339138386,3.6114257592771346,12.158597838384468,0.6572900975024195,0.044783997984205626,0.4173962823275862,13.954869866371155,-0.1021606431367823
890,0.011157092402902143,4.646948871944835,6.669535104684953,0.38641185458948646,0.020776746322396854,0.19613752693965517,19.69947040081024,0.08103110478213682
891,-0.012614189830191568,1.349196970499751,12.369023376034075,0.6770598211701797,0.012134848224753835,0.17561287715517243,5.88130347430706,-0.0910350827601234
892,0.028089520818102287,5.173022681857387,13.897559237764778,0.7462268335914595,0.04173877783990786,0.39675377155172414,25.824344098567963,0.034308368957224444
893,0.019109797950424588,13.991483979006098,9.97848814396576,0.5751600029769587,0.025592687345688946,0.26648370150862066,42.61114323139191,-0.5007206976033354
894,0.015168737808896868,14.635998107316187,11.861864292863675,0.6422971770702259,0.02490435910094048,0.2729408001077586,55.00259280204773,-0.5015903410951439
895,0.02151350776881649,1.8715023181589816,10.040163929577453,0.5618995242691576,0.028239054916725608,0.34715113146551724,3.9855688624083996,-0.535340477638002
896,-0.0028554078524380124,2.4909093751157587,8.54421445130334,0.4971268225967118,0.00932055016515921,0.13373013200431033,13.509572349488735,7.065584499543753e-05
897,0.018080156805658706,3.3118941459724067,10.591895865101833,0.6099470728154772,0.035163519800146883,0.37750875538793105,17.554236352443695,-0.3993488305034387
898,-0.007777299743112124,1.5198626671087738,11.550007489925363,0.6358761370236858,0.013546698387252601,0.16747205010775862,7.3103082329034805,-0.2937244165829147
899,0.01343499022456054,9.490653265078283,9.485793700655481,0.5552274761740308,0.03200110489605918,0.3067500673491379,34.94063448905945,-0.2941734804454228
900,-0.007880651832239696,1.362910651140321,11.368695355162973,0.631027737092844,0.01358998182845896,0.1825666756465517,5.0649514347314835,-0.15483900888187008
901,-0.010865466466131677,1.330266638158276,11.067361511000039,0.6134940540531684,0.014815743026074728,0.20757004310344826,5.257206110283732,-0.03562900676960856
902,-0.007741526981699909,1.2840460873480994,12.176310163880459,0.6721432149078564,0.015989221415205476,0.19884832974137934,4.8785729464143515,-0.022649962512012456
903,0.010615736060746417,5.6025407517236605,6.441045971203932,0.36486557304362444,0.02361122746289515,0.2207957300646552,13.768378019332886,-0.05145918924298187
904,0.03148889127865083,5.636781742309402,6.880453362712709,0.4131519544066421,0.03064111790018646,0.3346578663793104,11.72793498635292,-0.0026353806172085825
905,0.015152340405363857,17.204408929863003,13.230747236107508,0.7051874695970237,0.024025811276103547,0.25505960398706895,33.166868448257446,0.046784919475766906
906,0.004940937014741957,2.815749357322872,8.570434522356162,0.49735410605872576,0.02104393477014222,0.23768352640086204,9.741656482219696,-0.08979874594835091
907,0.011113432828709385,1.7614797061718164,7.216874596690419,0.4185344122875151,0.02755176153983359,0.27551690463362066,4.987791121006012,-0.10794237155637143
908,-0.002966188244767347,0.8691400560211009,10.314578133428485,0.5958514670438207,0.020380786739506534,0.25702114762931033,2.4097720896825194,-0.07845840739601506
909,0.014679261689375105,4.669927179409269,10.952613408934196,0.6097508222108068,0.02553728384900124,0.2896349676724138,8.369957864284515,0.08836129591001751
910,0.00565694636920539,1.4818897251338197,12.633500258478936,0.7104455655747282,0.02614209631077568,0.3221309267241379,3.7057133354246616,-0.018168349298430586
911,0.023075620228674397,15.30358181101048,14.035067018665421,0.7507674989886661,0.036284182196611475,0.4094995959051724,11.779271960258484,0.058846063341343346
912,0.013149827903468012,9.642017755401685,7.504020960524438,0.44116748507822034,0.02641985800131618,0.23317113415948276,10.741425454616547,0.1260867259085946
913,0.02124527845999006,3.7511751318129143,8.125847663746441,0.49756810785151295,0.027351267068046706,0.3164399245689655,6.045085102319717,0.007659048034168947
914,0.006846858972655349,2.1739709970031913,8.765061991401973,0.5073369316339134,0.01584980927478243,0.18670022898706895,8.156898275017738,0.0015391489135303527
915,0.003150157892478013,2.097307075144718,7.002557796991008,0.4315876201826129,0.017574336224340875,0.1989325161637931,6.704448983073235,0.04898874746763626
916,0.02132677019962502,10.399899264844441,14.966236193413476,0.8133463604688838,0.030187198324460165,0.3296319369612069,13.807717621326447,-0.042630018199025344
917,0.03668878398393802,20.34517893858764,13.794135159465629,0.7553520700826555,0.051682405536572835,0.4779263200431034,14.63040566444397,-0.28675760921671656
918,0.03107541549318794,11.42189326976597,14.727822365630658,0.792785583654818,0.03286331733397674,0.3850602774784483,13.783204317092896,0.021725281867955526
919,0.028598170611827275,6.44949195883037,15.512168958425875,0.8366055605754432,0.047442833482787605,0.490234375,10.691130220890045,-0.0810960065778843
920,0.023390984773551157,21.332824811374387,14.62780047424242,0.7723694674757005,0.05022805909287979,0.48225350215517243,27.448413372039795,-0.13314027828731967
921,0.008188721030460876,5.702906355568993,10.396631817056413,0.6169327583013691,0.02047044834963062,0.2658186287715517,17.473133444786072,-0.02495519195686291
922,0.023875439707831778,40.46176380412513,8.9571892972589,0.5448631359318699,0.032904387258268206,0.376953125,20.445238411426544,-0.18866795789539847
923,-0.007505415123410072,1.4748433123029643,12.236129327157336,0.6838715978128362,0.011795100118966917,0.1647444100215517,3.659155808389187,-0.11975601202650465
924,-0.01626365547343889,1.2348504686790651,13.840626884870039,0.7547579967965781,0.01415728573318057,0.20248518318965517,3.7270838618278503,-0.09964410511661481
925,0.023430837942341975,44.04860368973358,8.492728699754386,0.5046938600012725,0.037729186263308734,0.34113180226293105,24.904758393764496,-0.4007617825968579
926,0.012759868674906775,5.414399427471077,14.142247999048841,0.7493183504228564,0.025952596509184866,0.26815901131465514,12.604996025562286,0.049917547796023864
927,0.01639383663135065,6.9720662364042045,11.99022103870962,0.6663419105490652,0.02486893277241977,0.25116177262931033,13.760974198579788,-0.19719415425425968
928,-0.004504776338761915,0.8761049622092514,10.882757513336777,0.5977373483230998,0.01440608935545556,0.18650660021551724,4.4636717438697815,-0.5757618903359683
929,0.011322025874020796,2.2362634918794835,8.006231167939028,0.46907266595208685,0.018755062678635647,0.23280913254310343,4.550863966345787,-0.031893494219567886
930,0.010968522647625252,2.644235191176137,6.988493203886248,0.4182710157462586,0.022379221265541205,0.2345854660560345,5.110268816351891,0.00659694991749149
931,-0.009270001091604644,1.3881241577244978,12.682909178120035,0.6951451746251129,0.01257608608773745,0.16455919989224138,3.9951499700546265,-0.21417104477911608
932,0.024591492045781954,12.076684938245748,8.80555005615792,0.5168235986173323,0.033099930014627875,0.3091830549568966,15.863894820213318,-0.06147370234286487
933,0.010424264111712734,1.5332962967286083,10.839716140520036,0.6456118280032663,0.02859992855419164,0.3376801589439655,1.5271148569881916,0.06501230575273587
934,0.015625637145434284,20.777415103152503,13.732379253118715,0.7688449239691997,0.023996541926643314,0.2800545528017241,19.660679876804352,0.011858604404641815
935,0.02042770257644367,9.257862875846731,12.10105284790665,0.6844076413579951,0.04682012154230976,0.43195211476293105,10.290297895669937,-0.14882510669506632
936,0.04002776049484988,6.900861377281309,11.951572285308744,0.6755478940900377,0.03522871273990263,0.3881415005387931,10.055542081594467,-0.0715780786410769
937,0.011642794645558459,1.4351860952423885,8.248323854395807,0.4766660270621005,0.029613777542353684,0.33537345096982757,1.908119821920991,-0.5154161620162838
938,0.01365758685561337,1.146480521825134,8.117504468904247,0.45988558370146193,0.028116850094381238,0.3286722117456896,1.156649556942284,-0.15609577140769493
939,0.006377298314162247,41.665645227239644,6.612112063282281,0.41870952105800197,0.016983844202984294,0.1996228448275862,35.500484108924866,-0.09445297275741238
940,-0.014249720879956742,1.0148438046611712,9.687374917288503,0.5430288408902957,0.009771397795953691,0.13404162176724138,3.626193791627884,-0.17546205054768937
941,-0.01589488274902988,1.0319655395386453,13.945101820934035,0.7567243741482501,0.012740320987710408,0.18016736260775862,3.840893030166626,0.02776941859805715
942,0.006328284719025868,9.938827430657385,9.270790439135203,0.5430872422060428,0.018310665384543144,0.2294164197198276,14.938600540161133,-0.037797396224855895
943,0.0030997105117115823,8.046305176007237,12.010890906116654,0.6886288942909671,0.017793226298667364,0.2179333917025862,17.273362636566162,0.08711211458984691
944,0.0045438070625548645,17.515236644396907,7.220842919413277,0.4433423013377815,0.023772285026944735,0.2657933728448276,16.051249980926514,-0.06722541684661976
945,0.026721261204487284,6.869495845334331,9.747305825155967,0.5735253004005589,0.04011336936021288,0.3746800915948276,9.211176574230194,0.04974426810554411
946,0.02882265527057297,2.9512620151492373,6.774777183113248,0.412407044511383,0.027013569286878168,0.2744645743534483,3.6848837584257126,-0.10276321320937232
947,0.02008553684685788,1.1935156708592376,10.342265954087608,0.591240446384949,0.03975037400934901,0.4332906788793104,1.6880774199962616,-0.1375953929474949
948,-0.0061415462165179,0.480010189418234,9.225771777911804,0.5435991402012381,0.011430686311667097,0.15909550107758622,3.4220195040106773,-0.10881806567624563
949,-0.004002023619898213,1.0969911772827003,13.134317812688472,0.7359896288667345,0.021576126268412515,0.2702973464439655,1.1859479723498225,-0.06511552246223351
950,-0.010324403724941224,1.051180687951451,9.663011438550992,0.5682796261134454,0.01181316929909497,0.15948275862068967,4.560707986354828,0.06594354006255798
951,0.028505535300329274,25.56127527311716,9.22972483976728,0.5651424612023502,0.040477613178468194,0.4130354256465517,20.505768060684204,0.07146102795556974
952,0.004272003020892317,1.6922080523990122,11.624725073060134,0.6782232027741476,0.021812114026598182,0.25074925915948276,5.266627371311188,-0.08201493151524275
953,0.01272989422323483,7.413497968236741,15.381359977338558,0.8371444187244472,0.03200341615567971,0.3901788119612069,6.83632980287075,-0.02604156683086689
954,0.017000658299498785,4.835801981525458,14.007019216072312,0.7737788433581139,0.030518452922667073,0.3913995150862069,5.094482719898224,-0.014889319382127564
955,0.021486431285960204,4.441149169490952,14.633420172837916,0.7844437911420566,0.041270681910677454,0.41436557112068967,5.991079896688461,0.0318648606040558
956,0.0060969197901680015,3.110832898981606,11.598188080302046,0.6281872802530164,0.025652064131934132,0.2826811691810345,8.433242678642273,-0.03855884432332157
957,0.009569260207511292,1.3929353555476203,10.406477428545195,0.5771002179682345,0.024456783322138704,0.2640759698275862,2.196750208735466,-0.09699912565793234
958,0.03121005759402351,7.619013606572354,8.508306095579334,0.5038985505509179,0.05183635382992838,0.43004950161637934,6.244903922080994,0.05204628848481252
959,0.02331324706823313,1.488245951964434,10.187159578921072,0.585436488519102,0.03189404194149417,0.3387661637931034,1.6910328026860952,-0.27161206861568044
960,-0.0012654375259946622,1.307690719337264,12.236685560887743,0.6885007134605358,0.028546292091677656,0.3218531115301724,4.3949224427342415,-0.06665352081156994
961,-0.0064396365803363964,0.8266342172016306,12.109405226485627,0.6939326627868687,0.02014766749248495,0.23592403017241376,1.8634225716814399,0.07708563643632305
962,0.023325254762578178,24.835419719551894,7.0929758375729355,0.45273006454069753,0.03285477025728424,0.2777310075431034,23.5371196269989,0.04294816110300692
963,0.017766118998358824,0.9032360304544833,9.149496688809574,0.5424533577284066,0.03345689010561258,0.34326171875,2.7725856963079423,-0.022342286136466605
964,0.018681144628882762,1.1696953175355485,7.912360846731362,0.49222015114041984,0.029225022415128726,0.2755253232758621,4.652313228696585,0.018047624273678453
965,0.014194058792967004,2.7437791840579075,12.489041063651555,0.7194438887103201,0.030944011635287535,0.3024565598060345,11.40631015598774,0.09001217448232735
966,-1.4463701473168764e-05,1.3308380991163693,9.452985567750272,0.5697165135196225,0.01813269484460009,0.2471629175646552,5.032424941658974,-0.021362917584208496
967,0.0067559884555051,2.8001303332324614,11.665233424736252,0.6891746714053593,0.02490093913365854,0.2866800242456896,7.647257059812546,0.06659728343947635
968,-0.011856478555665032,1.1973073114340533,11.152193880326854,0.6705839961626946,0.009448189017912854,0.1288136449353448,4.779750153422356,0.07993161858188347
969,0.03341318737372195,10.435258034885912,15.312154712207647,0.8646229947739028,0.04358445273076007,0.43275188577586204,11.095179229974747,-0.12326935441435327
970,0.01034633914254798,10.05929495342417,10.341547726524055,0.6367993942432553,0.01936511944047103,0.19687836745689657,20.091820061206818,0.00435162423299329
971,0.033368601656097154,6.868871542582836,9.69583127223224,0.5905231192871347,0.03657682882049844,0.3640473464439655,16.452964186668396,0.012170024479632224
972,0.0189362730161015,10.199843481512382,8.027782409990824,0.5040530124989063,0.04202430974089958,0.3435563712284483,27.794959902763367,0.013144268608577536
973,0.010348197366817916,1.8540800072968806,11.893069407742086,0.7077021053137914,0.024418200837379993,0.2928845635775862,13.950630068778992,-0.1412653415364622
974,0.013633821271694473,13.070193965341453,8.213145149432139,0.5227084700568883,0.019018340646590363,0.22191540948275862,42.48430585861206,0.008487008655731598
975,0.02768973657887633,1.3992178229774663,13.479425396111889,0.7921670485294929,0.02985835186575122,0.3266685748922414,5.16523765027523,-0.15438354716765001
976,0.05155650741005796,14.254750812759124,8.922881446192683,0.5590557055761721,0.05132410299120238,0.3936641298491379,52.911380767822266,-0.159495528119054
977,0.017535426950976887,7.107301903209552,8.098472734985487,0.5131214768885473,0.02386321596538343,0.26197972790948276,40.23910242319107,-0.42446644785285526
978,0.02923470398499668,4.292646967766952,9.20453733813363,0.5803386426446979,0.032735804874893554,0.3092251481681034,31.10313956439495,-0.13893166627669662
979,0.029283886765907045,2.951267561151627,8.856266856287878,0.5651609208140018,0.035599499993560164,0.3446844692887931,27.718266621232033,-0.5740149786210125
980,0.04092477351049842,2.187090758037942,9.5391668242017,0.6087218905385867,0.04322801439173355,0.391357421875,13.341440580785275,-0.9594207066534794
981,0.04060741339577001,8.482581797572402,12.26258079239954,0.7584849611177622,0.03361859852106888,0.36907327586206895,68.34257245063782,-0.6451842941709145
982,-0.007339142298674223,2.1398847520403925,8.418230227828989,0.5368123013514409,0.013237668043514311,0.142822265625,24.595439910888672,-0.17353599223752036
983,0.007346989612597491,2.3732941290771663,10.248854870360509,0.6485236161167669,0.01955223390006785,0.19562398976293102,35.50661999266595,-0.4586605509927304
984,0.02920029613387904,1.7138869148035263,12.441510064983017,0.7814697512606879,0.0405472527169783,0.39728414601293105,15.940368711948395,-0.4952808743274768
985,0.012886258085134092,3.377385447667981,13.232573854899563,0.8299979037205801,0.021510554730725585,0.21599710398706895,37.66128518432379,-0.5472861446036585
986,-0.011329016660362146,1.3739461431248396,13.193779171295946,0.8151372622538977,0.012606203897779904,0.17403859105603448,10.807801932096481,-0.4587228789504747
987,0.01745931942665862,5.876866725110306,14.43761375758813,0.8749119142273136,0.02741495295300285,0.32213934536637934,47.66150635480881,-0.11872256675872261
988,0.02382818209790606,2.0035901656699644,9.409483345558641,0.5960431059053196,0.029198462165870045,0.29957738415948276,11.917131394147873,-0.007115921197300423
989,0.03578151049611012,7.182273967431021,11.527466868904444,0.7075887722026453,0.04899085730502176,0.4297380118534483,47.00320661067963,-0.2140601081721718
990,0.02591516585786735,2.352303471268181,11.164941399320076,0.6890827147839571,0.05586778553509342,0.41857489224137934,15.08507601171732,-0.2384321733540209
991,0.02325591492148333,1.8092654817595801,12.261764307381938,0.7325981883772454,0.04662273348154047,0.43568157327586204,8.600744841620326,-0.12725144151177248
992,0.002418218055707973,0.9086185377690529,7.466408811890155,0.46970044589210735,0.024798457717585327,0.3034331223060345,4.744872184470296,0.03298646892782775
993,0.015687446038586572,5.386060335623287,11.016532647586025,0.6637429125119776,0.03415085049709887,0.30436759159482757,23.27107983827591,0.09262185498932696
994,-0.0026875598059083634,1.0225851229054888,9.690703135612019,0.5961748087697899,0.01949307797296005,0.25641500538793105,6.797716289758682,0.01721165321231677
995,0.027164838024498223,30.676047192501354,7.391925269264149,0.47830223753019174,0.030640816187926623,0.2987944504310345,69.49386429786682,0.04854009555381633
996,0.005313337964066939,1.5206393831173965,10.18263399660194,0.6237540548363227,0.022681363165812117,0.28209186422413796,9.656053140759468,0.01759498269554083
997,0.007673368588648701,24.155386830131725,6.7917909622102055,0.44128586619363286,0.014354426252950738,0.1361883755387931,88.4494981765747,-0.022634237968914617
998,0.029156841547140364,1.3968286347669596,10.792065212928593,0.6619215974430424,0.03980122579704239,0.35988011853448276,4.462412055581808,-0.12267770165902592
999,0.007643749231323814,2.738043985940573,10.431032577959083,0.6437762833467849,0.0266067226392775,0.24879613415948276,22.391831889748573,-0.06930909875788371
1000,0.026746282000422346,2.4506455888280243,9.813591771389776,0.6048742830349385,0.04904146830048031,0.37484846443965514,11.155563158914447,-0.11175057441848191
1001,0.022548731041536423,1.6762221116293199,11.097360527439943,0.672705971048658,0.039449437154338546,0.39271282327586204,6.5153633411973715,0.18967263994203198
1002,0.008677843938602926,0.8185502560294547,7.4088256500123455,0.4652117729294395,0.02392613987592932,0.2266045932112069,2.2949708281084895,0.09700604757962716
1003,0.010359218906914741,2.9328730412050072,8.156841552438983,0.513578048591218,0.017453911089527034,0.18474710398706895,16.976028323173523,0.13646832507500295
1004,0.00043318134143434904,1.6478538361569601,13.20907053069597,0.7915098072832012,0.03195882936516086,0.33469154094827586,8.785581678152084,0.11564515962219357
1005,-0.006990625051193629,1.3884967172820855,9.183903025372901,0.5588223786228277,0.014103017623460017,0.19028657058189655,7.095427438616753,-0.026896974032500687
1006,0.012809882859382414,1.973447893077511,9.301502372094046,0.5778943426288103,0.028589936929949607,0.27424568965517243,12.31872484087944,0.04054047224600277
1007,0.012625099008098342,3.9855743220991338,10.342321676479107,0.63219812802997,0.024557531971869797,0.2652377424568966,20.791232645511627,-0.03650490919160809
1008,0.026931369807798956,2.0138437928049644,14.261574274356526,0.8460939830301555,0.03874284836964417,0.396484375,8.874591119587421,0.005526156367811952
1009,-0.00011626722741100212,1.5189394985708624,9.283716876025146,0.5763921699925614,0.015766670148877893,0.17498989762931033,11.430316239595413,0.04547521750229355
1010,-0.014085035403342836,1.1343242012175223,11.167222436831597,0.6816151939362091,0.012623729677529652,0.17419854525862066,5.937189161777496,0.07152373989992167
1011,0.015003933637021403,5.732360702209075,14.835836419289738,0.8862266413411346,0.03402981423503912,0.36516702586206895,16.99604868888855,0.0012252335280645843
1012,0.021642397530987192,6.721622201461568,8.975949247954775,0.5474720832914092,0.03637191594065496,0.32930360991379315,14.866426408290863,0.08432900783675801
1013,0.02776630762112267,9.807374579416528,16.41933398476224,0.928547097036589,0.0561700548729779,0.5041588092672413,9.75555744767189,0.05902007953883415
1014,0.014337609660225618,10.301924438412026,17.812239972428934,0.9964348452277622,0.03749862192891104,0.42450161637931033,11.117010831832886,0.04294510855512679
1015,-0.0006605548636767272,1.973945404153501,10.311291909793688,0.6165880323870028,0.02024218780169231,0.262939453125,6.655003756284714,0.07980606878087626
1016,0.010994938349200381,7.090433873960089,15.460143256310278,0.8807607706827372,0.026203986244769925,0.2796252020474138,15.022571325302124,0.0025688082363780618
1017,-0.009463505899437199,1.1563762807302171,14.944516102857648,0.8556586569360787,0.020078787828016833,0.27182112068965514,5.107828199863434,-0.19092043617835786
1018,0.018920447289845838,18.00093739199623,9.790111090421902,0.6124487329778213,0.030211530602236022,0.28517308728448276,22.076423168182373,-0.10188666085384601
1019,-0.011425031558363328,1.3506705876120528,14.31398144322608,0.8206912610285457,0.013806597081290011,0.194091796875,4.272847831249237,-0.16651864827173246
1020,0.006085077605741982,26.136493688676836,16.386369569592404,0.9203073479812733,0.026649215511058394,0.33969221443965514,29.630621552467346,0.04983354332596279
1021,0.02008141409574144,4.494014833900992,16.70099912673347,0.9407467074132251,0.0423402856199416,0.4336274245689655,10.799465715885162,0.03113199990784765
1022,0.0034323513014192578,5.362116534214377,12.026063365247582,0.7120995772042205,0.01664734990995855,0.19839372306034483,15.506089329719543,-0.11001043327339066
1023,0.010560995556480865,7.158802179572263,11.562239371191968,0.69506475267704,0.02365124485895022,0.24062163254310348,14.054038792848587,-0.17663101088782596
1024,0.01563547982745402,2.227971301440767,11.710213708600977,0.706133125576563,0.026619850555515114,0.2764092807112069,4.377487253397703,-0.1270683261670822
1025,0.012689013257386495,1.2832046125281062,12.502334868113895,0.7551802904555847,0.026842773923096405,0.2750033674568966,2.747738940641284,0.07488738269878159
1026,0.017781710408289186,10.120003502467991,10.019764464637586,0.6321931321213798,0.026623741097864695,0.2888099407327586,17.08971458673477,0.03455224652880784
1027,0.004545826503979613,29.723390902120666,19.525074593710777,1.0929538801699827,0.027312491532688124,0.28591392780172414,32.966065526008606,-0.017435969762000347
1028,0.021143011982444636,7.075922116377537,14.19902395021074,0.83475825474733,0.026972727901513033,0.3205061287715517,10.524287909269333,-0.008800897289963139
1029,0.025472447536106436,8.502235419836815,16.348527215935036,0.9317498622002514,0.04211388106429287,0.40562702047413796,9.436181455850601,-0.03582688910543075
1030,-0.0018887927881733359,12.700287220667162,8.445708584068504,0.5326442048649211,0.0073122374903097555,0.08395070043103448,16.807395935058594,0.04799969715665975
1031,0.015014769196537651,6.105521244945173,18.46326879568093,1.0236667065865137,0.02645726136726243,0.32474912446120685,11.603934675455093,-0.07501948983813622
1032,0.010835499000649932,1.6301688129416507,11.091433622696044,0.6543403320164826,0.02892388720296179,0.31373754040948276,4.706225838512182,-0.09011648942880313
1033,0.0034795705869754565,2.8967186007233026,13.523421499852075,0.8033959854764017,0.022098475504929504,0.27097083782327586,8.270143806934357,-0.2531374468435441
1034,0.003010533603081119,1.3763419626134143,14.136531507455873,0.8434160322270553,0.023845287194678252,0.2719137257543104,3.3646124992519617,-0.033147692599488465
1035,-0.00024198219536182217,4.339450688113653,16.206457987843194,0.9193648207357659,0.022744974281020656,0.2626868938577586,7.3907564878463745,0.024266269807983742
1036,-0.005166866272529973,4.194966728900139,12.9138496350497,0.7715232885620308,0.010434665704639788,0.14488483297413793,9.281732082366943,-0.018995727641682114
1037,-0.004802444102942371,1.554513078302992,11.079026707081194,0.6762273448908311,0.012856715728362203,0.16663018588362066,6.118255093693733,0.04620631688047161
1038,0.003952160033183473,1.4848779879700076,14.006402901576527,0.8284556414242804,0.0271852608169991,0.31614527209051724,4.5006116181612015,-0.07041100228494046
1039,0.0002503683962049737,5.925280099893963,14.055613408495415,0.8336759611142796,0.012374110923325323,0.1669921875,15.516228020191193,0.07664535886808921
1040,0.004616402098799528,2.0620401882895636,13.153989803276811,0.7969195244235192,0.021335707287201737,0.24039432920258622,8.814221009612083,0.04937679391530703
1041,0.007614927164624908,15.799508989871494,9.540009261658897,0.5934303347120444,0.02845490081306017,0.3291352370689655,41.1836051940918,0.0434933187525981
1042,0.03252559001108839,3.633149703846099,8.337648485700905,0.5286539991636879,0.03126647449469852,0.3163052262931034,19.77621404081583,0.03227863687724253
1043,0.03119173633771031,3.0568423262389857,7.638887472691593,0.4836756301099677,0.032823023764649406,0.25457132273706895,23.75043535977602,0.020283210372939897
1044,-0.005807829565212649,1.7407571719090578,12.802626058820572,0.7703179300966941,0.014073945398257789,0.1937718884698276,20.293107122182846,-0.1072548040296124
1045,0.009623421564716912,1.6149565411827755,11.842704458336812,0.730291394274461,0.023817179673516937,0.2541840651939655,14.08960011601448,-0.07452182924134321
1046,0.009153509402211582,11.905173500393786,11.228279408074489,0.6811381712256568,0.02889262676110555,0.35558661099137934,52.993021965026855,-0.0504294730250594
1047,0.01984256596079189,6.444043971844137,11.56521118130808,0.6919799384155214,0.030429852586480434,0.36399683459051724,30.86801451444626,0.13686446700100763
1048,0.03352416711195003,2.8611595502878586,14.963231258792803,0.8699444386714684,0.05091797382142274,0.4833647629310345,13.2015440762043,-0.036442996623915924
1049,-0.005687984677824456,1.3095179265960923,12.006029262076982,0.7253946610560825,0.023997707738027233,0.28136786099137934,7.537797376513481,0.037080602637975635
1050,0.013517382635251155,9.21538215423227,16.74970512404829,0.9573039129190247,0.02652723038597193,0.3441877693965517,25.192245841026306,-0.04277173034053883
1051,-0.010545684152269775,1.062296052388865,16.644968304152854,0.964800145786912,0.013421596032426823,0.1854626885775862,6.406075574457645,-0.015031656154871342
1052,0.01924004350018514,4.333178992660114,15.302444070453177,0.8537919346355043,0.027525800152818254,0.29314554148706895,17.041344583034515,0.04373115820361395
1053,0.021139935486905084,9.564251208602688,15.816109839409332,0.8873570528411274,0.026710366955928197,0.31281990840517243,20.477452099323273,0.045943689513407215
1054,-0.002293690839277096,28.388843144467376,12.320807220201523,0.7545130891012377,0.011282398697623083,0.13622205010775862,41.1164972782135,0.03607748418509826
1055,0.006711476113917436,7.5543434496456365,11.299860621774409,0.691345007667882,0.02502045996190081,0.2787244073275862,24.181761264801025,0.07651054608788677
1056,0.007529362143944829,1.5165226846854822,15.29215012148127,0.8744836983818898,0.024818589628607855,0.3011011584051724,12.382014751434326,0.015870808186925767
1057,0.01526125947218598,2.808261400596667,18.855647388074935,1.0410306921892634,0.025959590847347058,0.31747541756465514,11.0653767734766,-0.023915777878739553
1058,-0.007830433271341666,0.9771675156926674,16.404880162286332,0.9173362452751588,0.021877344777749386,0.2746497844827586,3.3493275959044695,0.0035906480760113935
1059,0.027023906538010498,5.451070258095891,11.458980582652469,0.6832783620030286,0.03777961460657715,0.4192652209051724,19.749089539051056,0.10904932166580661
1060,0.018248323356925424,5.570464584304263,13.54550797685756,0.8166162459508933,0.026823332222506747,0.30853481950431033,27.176505506038666,0.03284467231831467
1061,0.013103376410453942,1.0646332411334107,18.319781888073614,1.0378560842396711,0.034600201334075695,0.3709843076508621,7.888605013489723,-0.007117521524863335
1062,0.01674120696256311,2.8286973943063423,16.154330945720268,0.9184966650231969,0.03662532397143438,0.4460785964439655,15.69823095202446,-0.011730335220287547
1063,0.00431232647373061,1.0382864484022272,13.872252907378172,0.8037835235845705,0.02662824760171071,0.30730569773706895,3.778220674023032,0.035119021160631814
1064,-0.0009419021586830117,1.5167406508396857,13.545271919249428,0.7794375410334835,0.01972760149372585,0.23995655980603448,11.765306577086449,0.07206884770656008
1065,0.012322565243207777,0.8133482471191952,20.69581881140214,1.1567041697903888,0.025917078846822702,0.3765827047413793,1.5061046443879604,0.11840517658081362
1066,0.004325654557172537,3.6164396597594446,11.113249585483572,0.6627651828650163,0.01651817941192662,0.20221578663793102,21.513025522232056,0.06957604313418775
1067,0.007455178781910867,0.6124106250226676,13.433539984346336,0.7680129903294763,0.022695766768171373,0.2762240705818966,6.32566699385643,0.059551673725306675
1068,0.0006369655304585479,3.984706600302251,18.444464311692144,1.0120645452123678,0.020555805683498282,0.24570649245689657,22.404837429523468,0.0847869980912136
1069,-0.004919363993296648,0.9177409237831635,11.180650822713908,0.6612505931251659,0.013678376055081728,0.18859442349137934,5.5983525067567825,0.10593044721726586
1070,0.021393337038401128,1.9553735388746563,15.568056925922503,0.8764023557099603,0.03744392209547845,0.41106546336206895,5.892815552651882,0.06582702542507635
1071,0.002766466300907519,4.875326880654626,11.100528828754564,0.6792386237616954,0.015759881566015696,0.18708748653017243,22.662302613258362,0.027993110980129132
1072,0.01346153798755684,1.0535816253807553,15.507416531166609,0.9045991117206447,0.02390236484267195,0.31390591325431033,3.5324753229506314,0.08310748261573186
1073,0.01557160666635386,17.022253903317193,11.621624845005812,0.7229405451121395,0.02375056238539902,0.28362405711206895,61.086714029312134,0.09109716157675529
1074,0.0013780132547881957,1.3797751066061343,13.239185232058938,0.7998960935784171,0.022504843485688167,0.26995218211206895,15.24150949716568,-0.009458741577315743
1075,0.007891874277527761,14.635798061724977,21.80192649601718,1.213054069146265,0.03475876475869003,0.3747474407327586,60.60433053970337,0.000698263486717976
1076,0.014930244298695022,0.7231583148503506,10.173808269160496,0.6132075593003766,0.03636596856637786,0.3831155711206896,5.63958141207695,0.06087179995837644
1077,0.04033436236608168,1.8495071009536466,13.707419630168166,0.8203250814944552,0.04595984951422373,0.4915981950431034,15.367716334760189,0.06534738751825064
1078,0.026680220545227597,1.0649933665454547,11.873861379267101,0.7266370583485444,0.03504273815558227,0.3669854525862069,5.522514835931361,0.04998378968199935
1079,0.04489193294754423,17.377131175717473,16.459972550024695,0.9180387193545325,0.06279198430488107,0.5066675646551724,57.93740653991699,0.027885636449404783
1080,0.004015863031391611,2.3279467672928553,14.61665206664274,0.8250173439106407,0.024870922422419898,0.3292110048491379,13.786960139870644,0.05951739421654445
1081,0.011723760454564289,2.9198287085370613,12.584023301666281,0.7345046232115018,0.02521839160808354,0.2857455549568965,13.770424038171768,0.0728878115575724
1082,-0.016783703933842372,1.867860534286416,11.4184471292638,0.683401169035968,0.014779796916439502,0.17969591864224138,9.751927703619003,0.07023345731125419
1083,-0.0051353294672670975,1.0408036546387769,11.076366324728887,0.6481979122556116,0.014724339040248165,0.1934772359913793,4.608771805651486,0.0871197149833629
1084,0.0044552634896756,15.884605227848967,20.041091608120418,1.1156462632949617,0.022931869361039796,0.31218009159482757,23.028959155082703,-0.02994247485029189
1085,0.0023515377630523187,1.688004690380886,15.241817613290863,0.8550089290872385,0.024334817654091928,0.32292227909482757,4.500294574070722,0.07348418837034765
1086,-0.001055196041120561,8.973708849833159,10.99930054726328,0.6605620832082861,0.019406605052891195,0.24306303879310343,19.126375794410706,0.006667660434875211
1087,-0.01110407812381441,1.9048824905970878,8.756107755214607,0.5194827551190899,0.01722924112643874,0.20628199084051724,6.95584924519062,0.06984860050990471
1088,0.0049455460312534845,4.729548909929785,14.044949550735604,0.7805743270975404,0.02042719442046103,0.23443393049568967,10.159256517887115,0.07935316758606514
1089,-0.010181254714709955,9.244606199933106,9.358395389239815,0.5641236824235891,0.013692393093214347,0.19127155172413793,19.358603596687317,0.07615103686306512
1090,-0.013317526879948239,1.4252452365568242,13.128838391091417,0.7611769613810385,0.0200967877307417,0.2383570177801724,2.4992064838297665,0.06003574085503194
1091,0.0037901455987805793,12.178354142349596,11.00676976865888,0.6780238599977597,0.0176476841714185,0.20635775862068967,24.640873432159424,-0.0038534732772546043
1092,0.006114642876868543,15.924687356422282,14.802572798003958,0.8343060694793982,0.01671125467240425,0.2052717537715517,28.137210488319397,0.03796617616148057
1093,-0.012538240743615335,0.9321003018084377,12.891527496804162,0.7375317037935771,0.013273331842983366,0.19090955010775862,3.43161703646183,-0.011011633970265722
1094,-0.011904184739442034,0.8422111998329349,16.114789324399116,0.9218031662821886,0.01560751425081278,0.21462486530172414,3.7264130860567093,-0.15252879340191106
1095,0.011063117080456288,12.230827431034974,16.48207944563132,0.9190284917060816,0.028996698641753152,0.33318460398706895,16.20989900827408,0.010384496633276896
1096,0.010071724893235955,1.3197568061870466,14.370765509633829,0.8200087803079754,0.023582133360017403,0.29881128771551724,3.8006945666857064,-0.024910593135238246
1097,0.006748956757313598,54.38113861645553,10.444150626906275,0.6557402876183162,0.018471091849717375,0.2292985587284483,37.373807191848755,0.019279929904591597
1098,0.0039968601559753,1.3277278319925978,13.615886014486776,0.7861077899721969,0.022386427634548203,0.25958883351293105,3.9929584562778473,0.09850145302209246
1099,0.004232450012795716,45.054034818031084,11.755857926235405,0.7323287587812579,0.01563008812508056,0.1835432381465517,36.87630891799927,0.04277826022038478
1100,0.0008722199616377387,10.427165293891495,16.48210225870897,0.8936996547187125,0.018479526050966873,0.2051959859913793,16.03235363960266,0.0727986008735716
1101,-0.005667556139757897,2.431673236712757,10.565231003550661,0.6283280324897877,0.012774552034082669,0.16543473868534483,9.079586237668991,-0.04858180707970705
1102,-0.00825653404550243,1.481836179710968,13.800898163495102,0.7906178505145363,0.012760253091732137,0.17943494073275862,8.017310112714767,-0.03599719584135852
1103,-0.00042097132846026335,2.122226861634927,14.310896364793358,0.8022089992338242,0.013051787773919982,0.17917396282327586,7.482367649674416,-0.09778472086621237
1104,0.0033086295275862095,1.5999055120716177,10.887291050120659,0.6407515191700002,0.015590509691311785,0.20970837823275862,7.395672842860222,0.03161665888896659
1105,-0.005937745816946803,1.4765696721342438,18.269701595261594,1.008407431374884,0.01722103831030083,0.22812836745689657,4.617432255297899,-0.03484246177865735
1106,0.010533739590192878,2.9685951321267403,13.372544759382688,0.7583497117498311,0.02837296818199383,0.2792211072198276,7.793706677854061,-0.09029186104050546
1107,0.015190834293718546,7.822868071714216,17.30867291758929,0.9576042801385609,0.04083523490621231,0.39577720905172414,25.837063908576965,-0.1983987025448879
1108,0.021082165697862365,1.906535401847794,10.548247308451993,0.5885693484175637,0.028258622407332137,0.3156654094827586,8.369942005723715,-0.1906068068372746
1109,0.021918218742061145,6.862813750448925,16.303836093059388,0.8773405231334217,0.04314599335590048,0.3880236395474138,31.99646919965744,-0.24183216394171358
1110,0.0032467136582391533,7.132367838472497,11.552358184373087,0.6801191084147109,0.01024236214339155,0.11758317618534483,41.90817856788635,-0.45930459294821224
1111,0.014178234064629657,3.9655091916321217,11.417907948759265,0.6811016117371137,0.022661635508672496,0.25808189655172414,16.542755365371704,-0.36993643337777504
1112,0.020581097172624237,8.275742778213127,9.413411080794095,0.5756897234674272,0.026199972072108408,0.2514227505387931,20.364465475082397,-0.09493989660454649
1113,0.009003144704322574,34.310463113785694,14.635354924621863,0.783555679455809,0.021048912012388586,0.23307852909482757,51.25714612007141,-0.24504765972320697
1114,0.022475670885102834,15.480979030790976,15.717928400712793,0.8378039999902127,0.03254656141294179,0.3561506600215517,36.73770046234131,-0.0541005701647701
1115,0.0121106932865131,1.9987797106251495,11.124643914800956,0.6290384317986097,0.02679712264868832,0.2855182516163793,5.441032689064741,-0.09125825749002181
1116,-0.013291114966911021,2.092480248034638,12.137215577551679,0.7141880803572913,0.010184076252887185,0.14071760506465517,7.394320964813232,-0.12061421557078922
1117,0.008484610107867618,8.100793510495725,10.929001175884785,0.659122492680863,0.018512416091057117,0.2242557920258621,25.171809911727905,-0.18446996379914715
1118,0.011467223003673498,9.63321571739601,10.86843982327063,0.6467428182548811,0.02288451513269483,0.24977269665948276,18.460728228092194,-0.14903837386379992
1119,0.0034943808341927566,1.3967370558020025,13.222923388901359,0.7559665216645828,0.021665014460550396,0.25241615032327586,4.4152966812253,-0.05748549077428744
1120,-0.014587719210722078,3.235687624064827,12.806498045727997,0.743937955514286,0.01441980856706605,0.19647427262931033,7.454029366374016,0.0105753494071672
1121,-0.011562816593430296,1.7665622268257126,11.752877820648479,0.6892858834556858,0.013264679377557357,0.20095299030172414,5.25266894698143,0.032894891672062276
1122,-0.006321871208154858,3.066464200561568,11.311128219074755,0.6648881107189639,0.012133949301014895,0.1613348599137931,8.257203042507172,0.10305960581562001
1123,0.018073551895168474,3.0329951642513517,13.197320185846586,0.747184114422045,0.03691085151186943,0.42546976023706895,4.705475628376007,0.07263761577156325
1124,0.017856615932057084,3.331773261236674,11.849661850522008,0.6803504324579362,0.026614374168024493,0.31495824353448276,7.370304122567177,0.06383440675462304
1125,-0.006139253209692563,16.795867222769722,12.99761448953911,0.7623252992614591,0.008820459031869239,0.11982253502155173,19.463874578475952,0.03633664085178212
1126,0.01125811407178437,66.0934520466236,8.888746457983306,0.563434937801754,0.03093460854770142,0.3496514682112069,32.04091238975525,0.009507763011366244
1127,0.006696745275202285,63.42556326866809,8.641483389256635,0.5558457687978355,0.01848736336777902,0.2090264682112069,42.364373445510864,0.04255219996064297
1128,-0.006185569937417376,2.3331229086531624,12.046725234012762,0.6943437144170808,0.012340341795512862,0.16953461745689655,9.87754362821579,0.07884399919169871
1129,0.03362942227728001,15.45166981365338,9.632935248673613,0.5826580575975295,0.0408734623085585,0.42029229525862066,20.35428035259247,0.049038724933939015
1130,0.0048023362322693625,4.206147771699181,13.467498151045532,0.7327906712258669,0.018832941403851347,0.26751919450431033,9.21420718729496,0.05829708815825985
1131,0.006682710334130521,2.5864832553231363,12.838317928012813,0.7015718248253036,0.022516084561708526,0.29461880387931033,6.646459884941578,-0.01032249076362901
1132,0.009643014608587526,7.726613381758807,13.204252334110889,0.7242447115997241,0.024181677620649208,0.30497373383620685,15.117473065853119,0.024646866276496926
1133,-0.008269292826256238,5.242882181015511,10.518643195409698,0.6133331773342998,0.009897625446369759,0.13445413523706895,15.671301364898682,0.026041193661668793
1134,0.010284029004904384,13.14340946097774,16.941562428998218,0.9065123163698069,0.01990531013344198,0.24630421605603448,28.58260977268219,-0.040483190517976775
1135,0.00989232716872179,6.67365015040845,16.12190983126719,0.8714948279290372,0.027624846579846204,0.35209287446120685,19.947810471057892,-0.06972343590335428
1136,0.013814762581249144,3.57650750375782,11.960018863497053,0.6547604245831187,0.024970289503785197,0.29258991109913796,10.854671701788902,-0.09155445770942428
1137,0.013270318657505685,3.29245782589175,15.675380236631788,0.851000159344102,0.02194716859305807,0.2625521955818966,11.60033930838108,-0.08868676687675658
1138,-0.004946865242030946,2.769451993488285,13.030707394132182,0.7313449948718511,0.010900435725363485,0.14101225754310343,14.691408082842827,-0.14895959720103136
1139,-0.0012229219432845382,3.36238946120676,11.361617800074123,0.6551473661967411,0.011156074232813212,0.15007071659482757,16.479165375232697,-0.2725732770745506
1140,-0.007767543999617608,2.473961966629224,10.657297370004958,0.611655360724775,0.01387548633697563,0.18197737068965517,10.625610023736954,-0.3702942276703971
1141,0.0013883929728333915,4.683716658393596,15.588697791087505,0.8332014533857703,0.01574742145071625,0.21623282596982757,16.580835938453674,-0.15808018469431806
1142,-0.004343477868824971,5.679789574562769,14.955731231699183,0.8137576036736799,0.01867404177755816,0.22495453933189657,19.175506472587585,-0.10011073995066844
1143,0.005795547075140524,33.68457372777028,6.9985990855817235,0.42586833433703974,0.014869518288268692,0.16697535021551724,40.8898640871048,-0.06013621161597049
1144,0.007858882784725355,1.3416364695533516,11.204215262251793,0.6531895279735307,0.02207309179056179,0.24904027478448276,4.231637913733721,-0.43016119090471094
1145,-0.004781146700464405,5.433857045055427,8.104557365330429,0.4718242757337521,0.011278485190783175,0.14000202047413793,11.749857783317566,-0.060642544730225456
1146,0.0011730259874274587,34.33971610859891,8.567439969847829,0.525500453090366,0.01515933703357687,0.1864813442887931,28.304500460624695,0.007389944835029527
