update,ep_idx,ue,speed_kmh,acked_bits,n_comp,deadline_miss,retx_drop,mean_mu_depth
9,0,0,6.65,227358.9,0,109,11,4.0
9,0,1,22.27,9067.0,0,95,28,4.0
9,0,2,20.19,2428806.0,305,0,0,4.0
9,0,3,15.08,2862738.0,369,0,0,4.0
9,0,4,12.66,91186.6,0,86,37,4.0
9,0,5,12.32,3163010.0,383,0,0,4.0
9,0,6,23.59,62811.2,0,106,16,4.0
9,0,7,29.41,2838599.0,352,0,0,4.0
9,0,8,26.89,592425.1,27,81,18,4.0
9,0,9,11.95,2319554.0,282,1,0,4.0
9,0,10,25.73,60210.4,0,92,39,4.0
9,0,11,9.19,2356003.0,304,0,0,4.0
9,0,12,11.11,2631400.4,330,0,0,4.0
9,0,13,15.51,406393.9,7,95,25,4.0
9,0,14,23.28,3235208.0,413,0,0,4.0
9,0,15,21.85,2205154.5,273,8,0,4.0
9,0,16,21.6,1169.1,0,85,43,4.0
9,0,17,23.82,1855777.8,217,14,0,4.0
9,0,18,27.48,2002627.6,240,9,0,4.0
9,0,19,5.6,44886.7,0,91,32,4.0
9,0,20,13.77,2635778.0,332,0,0,4.0
9,0,21,17.56,2346153.0,291,0,0,4.0
9,0,22,22.78,112381.6,0,89,37,4.0
9,0,23,12.17,88451.6,0,109,14,4.0
9,0,24,22.8,0.0,0,0,0,0.0
9,0,25,12.77,0.0,0,0,0,0.0
9,0,26,10.24,0.0,0,0,0,0.0
9,0,27,18.02,0.0,0,0,0,0.0
9,0,28,17.56,0.0,0,0,0,0.0
9,0,29,14.3,0.0,0,0,0,0.0
9,0,30,23.94,0.0,0,0,0,0.0
9,0,31,26.59,0.0,0,0,0,0.0
9,1,0,15.71,258479.7,3,91,31,4.0
9,1,1,17.29,2413602.0,302,0,0,4.0
9,1,2,19.04,820201.4,69,68,2,3.997
9,1,3,16.81,2722059.0,348,0,0,4.0
9,1,4,25.54,20000.4,0,73,63,3.997
9,1,5,18.36,2444353.0,305,0,0,4.0
9,1,6,8.63,1626076.2,186,23,0,4.0
9,1,7,5.33,2222642.0,276,0,0,3.998
9,1,8,8.28,2431923.4,308,0,0,4.0
9,1,9,16.95,248808.0,3,88,34,3.997
9,1,10,5.22,2766925.0,353,0,0,4.0
9,1,11,27.19,2040562.2,242,14,0,4.0
9,1,12,16.04,19173.5,0,88,47,4.0
9,1,13,25.94,1996728.6,251,6,0,4.0
9,1,14,7.56,2321183.6,284,8,0,4.0
9,1,15,10.93,1582641.0,181,25,0,4.0
9,1,16,21.21,2534259.1,318,1,0,4.0
9,1,17,10.16,2237315.1,280,2,0,4.0
9,1,18,13.45,1338597.9,144,37,1,3.999
9,1,19,28.59,814376.2,49,87,12,3.999
9,1,20,28.46,2297449.5,281,4,0,4.0
9,1,21,7.19,1524579.8,182,24,0,3.999
9,1,22,21.02,2296702.4,285,3,0,3.999
9,1,23,22.73,1209862.0,119,50,5,3.999
9,1,24,27.19,60875.4,0,70,59,4.0
9,1,25,13.95,497540.4,25,87,13,3.999
9,1,26,20.95,2266441.1,291,2,0,4.0
9,1,27,28.46,0.0,0,0,0,0.0
9,1,28,27.22,0.0,0,0,0,0.0
9,1,29,21.5,0.0,0,0,0,0.0
9,1,30,21.16,0.0,0,0,0,0.0
9,1,31,18.93,0.0,0,0,0,0.0
9,2,0,6.96,9145.0,0,91,38,3.999
9,2,1,7.77,1690277.2,208,15,0,3.998
9,2,2,20.56,520766.7,24,84,18,3.999
9,2,3,13.62,2240209.6,281,4,0,4.0
9,2,4,16.07,2373836.0,301,0,0,4.0
9,2,5,14.57,5882.1,0,74,64,3.999
9,2,6,13.01,2972228.0,373,0,0,4.0
9,2,7,22.07,1272897.7,131,44,0,4.0
9,2,8,12.5,1155727.7,116,51,1,4.0
9,2,9,25.95,478810.8,18,93,17,3.999
9,2,10,28.65,1715830.5,190,27,0,4.0
9,2,11,13.51,505403.5,24,84,16,4.0
9,2,12,8.75,2820811.0,350,0,0,3.998
9,2,13,16.81,1472039.2,164,35,0,3.999
9,2,14,15.53,1977360.1,230,12,0,4.0
9,2,15,24.33,1243708.4,128,49,0,4.0
9,2,16,27.2,2385095.0,289,0,0,4.0
9,2,17,22.13,2379171.0,299,0,0,4.0
9,2,18,7.17,2472278.0,307,0,0,4.0
9,2,19,25.2,1721219.1,198,18,0,4.0
9,2,20,14.13,40597.6,0,75,60,4.0
9,2,21,13.24,1583133.7,176,33,0,4.0
9,2,22,17.91,2401280.6,316,1,0,3.998
9,2,23,17.9,2488410.9,308,0,0,4.0
9,2,24,22.87,916078.3,64,74,5,4.0
9,2,25,14.85,46394.8,0,70,50,3.999
9,2,26,13.33,1368564.8,138,43,3,3.999
9,2,27,21.36,2384631.0,297,0,0,4.0
9,2,28,11.89,1025496.7,87,62,6,4.0
9,2,29,27.14,2300534.7,289,2,0,4.0
9,2,30,26.39,0.0,0,0,0,0.0
9,2,31,12.54,0.0,0,0,0,0.0
19,0,0,6.65,202005.5,2,100,16,3.998
19,0,1,22.27,10755.7,0,91,36,4.0
19,0,2,20.19,2388181.0,303,0,0,3.997
19,0,3,15.08,2875309.0,358,0,0,4.0
19,0,4,12.66,89501.0,0,81,39,4.0
19,0,5,12.32,2961316.0,368,0,0,4.0
19,0,6,23.59,69984.7,0,93,22,3.998
19,0,7,29.41,3013368.0,383,0,0,4.0
19,0,8,26.89,676043.7,42,72,21,4.0
19,0,9,11.95,2264277.0,291,0,0,4.0
19,0,10,25.73,56429.9,0,82,45,3.998
19,0,11,9.19,2308698.0,300,0,0,3.998
19,0,12,11.11,2616556.0,320,0,0,4.0
19,0,13,15.51,460906.1,13,86,24,3.999
19,0,14,23.28,3276362.0,412,0,0,4.0
19,0,15,21.85,2169690.2,275,0,0,4.0
19,0,16,21.6,1277.1,0,81,47,4.0
19,0,17,23.82,1801731.4,225,7,0,3.999
19,0,18,27.48,2029692.0,258,0,0,4.0
19,0,19,5.6,39806.7,0,92,32,3.997
19,0,20,13.77,2926118.0,367,0,0,4.0
19,0,21,17.56,2105563.0,270,0,0,3.999
19,0,22,22.78,76070.2,0,98,32,3.998
19,0,23,12.17,118887.5,0,107,7,3.999
19,0,24,22.8,0.0,0,0,0,0.0
19,0,25,12.77,0.0,0,0,0,0.0
19,0,26,10.24,0.0,0,0,0,0.0
19,0,27,18.02,0.0,0,0,0,0.0
19,0,28,17.56,0.0,0,0,0,0.0
19,0,29,14.3,0.0,0,0,0,0.0
19,0,30,23.94,0.0,0,0,0,0.0
19,0,31,26.59,0.0,0,0,0,0.0
19,1,0,15.71,236292.1,3,85,50,3.993
19,1,1,17.29,2329230.6,293,1,0,4.0
19,1,2,19.04,824448.2,68,70,2,3.997
19,1,3,16.81,2737134.0,347,0,0,3.998
19,1,4,25.54,20693.0,0,72,53,3.999
19,1,5,18.36,2308536.3,281,2,1,4.0
19,1,6,8.63,1662545.9,208,10,0,3.999
19,1,7,5.33,2347958.5,293,0,1,3.996
19,1,8,8.28,2456712.0,304,0,0,3.998
19,1,9,16.95,233916.6,4,85,32,3.996
19,1,10,5.22,2503875.0,310,0,0,4.0
19,1,11,27.19,2100662.0,262,0,0,3.999
19,1,12,16.04,19499.0,0,78,47,3.99
19,1,13,25.94,2029456.3,256,0,0,3.999
19,1,14,7.56,2313307.0,287,0,0,3.997
19,1,15,10.93,1742542.4,212,5,0,3.998
19,1,16,21.21,2656642.0,320,0,0,4.0
19,1,17,10.16,2222482.0,277,0,0,3.993
19,1,18,13.45,1368662.9,163,24,2,3.999
19,1,19,28.59,743414.8,50,76,15,3.999
19,1,20,28.46,2365687.0,294,0,0,4.0
19,1,21,7.19,1773682.4,207,9,0,3.999
19,1,22,21.02,2372461.6,287,1,0,3.996
19,1,23,22.73,1071399.7,116,43,1,3.997
19,1,24,27.19,47328.0,0,79,60,3.994
19,1,25,13.95,539653.5,30,80,20,3.996
19,1,26,20.95,2240308.3,281,1,0,3.998
19,1,27,28.46,0.0,0,0,0,0.0
19,1,28,27.22,0.0,0,0,0,0.0
19,1,29,21.5,0.0,0,0,0,0.0
19,1,30,21.16,0.0,0,0,0,0.0
19,1,31,18.93,0.0,0,0,0,0.0
19,2,0,6.96,7945.8,0,81,41,3.996
19,2,1,7.77,1822694.6,226,7,0,4.0
19,2,2,20.56,433427.3,13,88,24,3.998
19,2,3,13.62,2373889.4,298,0,0,3.999
19,2,4,16.07,2418184.0,303,0,0,4.0
19,2,5,14.57,5204.0,0,73,60,3.997
19,2,6,13.01,2764998.0,346,0,0,4.0
19,2,7,22.07,1497539.9,172,27,0,4.0
19,2,8,12.5,1216045.1,134,42,0,3.996
19,2,9,25.95,505194.2,26,81,20,3.996
19,2,10,28.65,1845318.7,231,7,0,3.996
19,2,11,13.51,429972.9,16,90,21,3.999
19,2,12,8.75,2783345.0,342,0,0,3.998
19,2,13,16.81,1609312.3,193,15,0,3.996
19,2,14,15.53,2022751.5,253,2,0,3.998
19,2,15,24.33,1404793.3,169,21,0,3.999
19,2,16,27.2,2302307.8,289,1,0,4.0
19,2,17,22.13,2385229.0,304,0,0,4.0
19,2,18,7.17,2388210.0,295,0,0,3.994
19,2,19,25.2,1828733.9,224,6,1,3.997
19,2,20,14.13,52805.9,0,77,58,3.998
19,2,21,13.24,1636798.4,203,16,0,3.998
19,2,22,17.91,2536551.0,318,0,0,3.997
19,2,23,17.9,2454526.9,305,0,0,3.997
19,2,24,22.87,807252.8,64,70,4,3.997
19,2,25,14.85,39908.5,0,93,40,3.994
19,2,26,13.33,1382164.6,158,28,3,3.999
19,2,27,21.36,2564618.0,323,0,0,3.994
19,2,28,11.89,1188221.6,118,45,5,3.999
19,2,29,27.14,2466648.0,307,0,0,3.999
19,2,30,26.39,0.0,0,0,0,0.0
19,2,31,12.54,0.0,0,0,0,0.0
29,0,0,6.65,220079.5,1,100,17,3.989
29,0,1,22.27,11478.2,0,102,29,3.988
29,0,2,20.19,2502693.0,319,0,0,3.992
29,0,3,15.08,3130837.0,387,0,0,3.991
29,0,4,12.66,100901.9,0,83,46,3.988
29,0,5,12.32,3160720.0,396,0,0,3.992
29,0,6,23.59,64457.4,0,100,19,3.991
29,0,7,29.41,2936423.0,363,0,0,3.995
29,0,8,26.89,673392.7,42,73,19,3.991
29,0,9,11.95,2227790.0,287,0,0,3.999
29,0,10,25.73,51656.8,0,91,38,3.988
29,0,11,9.19,2516998.0,315,0,0,3.99
29,0,12,11.11,2406430.0,297,0,0,3.995
29,0,13,15.51,500504.7,19,85,25,3.992
29,0,14,23.28,3060093.0,388,0,0,4.0
29,0,15,21.85,2166473.0,276,0,0,3.996
29,0,16,21.6,1247.7,0,85,42,3.991
29,0,17,23.82,1793004.3,227,4,0,3.997
29,0,18,27.48,2108298.6,262,1,0,3.995
29,0,19,5.6,33167.8,0,96,30,3.986
29,0,20,13.77,3091065.0,376,0,0,4.0
29,0,21,17.56,2224922.0,287,0,0,3.995
29,0,22,22.78,89617.5,0,91,26,3.989
29,0,23,12.17,88136.9,0,102,17,3.989
29,0,24,22.8,0.0,0,0,0,0.0
29,0,25,12.77,0.0,0,0,0,0.0
29,0,26,10.24,0.0,0,0,0,0.0
29,0,27,18.02,0.0,0,0,0,0.0
29,0,28,17.56,0.0,0,0,0,0.0
29,0,29,14.3,0.0,0,0,0,0.0
29,0,30,23.94,0.0,0,0,0,0.0
29,0,31,26.59,0.0,0,0,0,0.0
29,1,0,15.71,234562.5,2,83,49,3.994
29,1,1,17.29,2326458.0,292,0,0,3.998
29,1,2,19.04,787839.9,69,69,1,3.995
29,1,3,16.81,2698654.0,332,0,0,3.998
29,1,4,25.54,25085.0,0,75,60,3.991
29,1,5,18.36,2182305.5,269,1,1,3.998
29,1,6,8.63,1707303.7,208,5,1,3.998
29,1,7,5.33,2253214.9,290,0,1,3.997
29,1,8,8.28,2431724.7,301,0,0,3.998
29,1,9,16.95,226530.4,4,94,31,3.994
29,1,10,5.22,2673925.0,332,0,0,3.998
29,1,11,27.19,2153306.9,274,0,0,3.999
29,1,12,16.04,17569.1,0,82,45,3.989
29,1,13,25.94,2172296.4,267,1,0,3.998
29,1,14,7.56,2227401.0,276,0,0,3.999
29,1,15,10.93,1805524.0,225,4,0,3.998
29,1,16,21.21,2577097.0,322,0,0,4.0
29,1,17,10.16,2382208.0,296,1,0,3.999
29,1,18,13.45,1545440.4,179,16,3,3.997
29,1,19,28.59,762449.6,58,67,15,3.995
29,1,20,28.46,2376846.0,297,0,0,3.996
29,1,21,7.19,1535395.8,189,7,0,3.997
29,1,22,21.02,2364452.0,293,0,0,3.998
29,1,23,22.73,1202864.5,133,31,2,3.997
29,1,24,27.19,52210.9,0,90,48,3.989
29,1,25,13.95,592182.8,34,82,10,3.993
29,1,26,20.95,2409438.0,301,0,0,3.996
29,1,27,28.46,0.0,0,0,0,0.0
29,1,28,27.22,0.0,0,0,0,0.0
29,1,29,21.5,0.0,0,0,0,0.0
29,1,30,21.16,0.0,0,0,0,0.0
29,1,31,18.93,0.0,0,0,0,0.0
29,2,0,6.96,9524.9,0,80,36,3.982
29,2,1,7.77,1935495.7,236,2,0,3.997
29,2,2,20.56,509478.4,27,74,26,3.992
29,2,3,13.62,2274951.2,285,1,0,4.0
29,2,4,16.07,2427083.0,297,0,0,3.996
29,2,5,14.57,4228.0,0,72,49,3.983
29,2,6,13.01,2882271.0,364,0,0,3.998
29,2,7,22.07,1741878.6,215,10,0,3.997
29,2,8,12.5,1399125.3,164,29,2,3.996
29,2,9,25.95,444578.4,17,89,17,3.992
29,2,10,28.65,2015010.4,250,1,0,3.999
29,2,11,13.51,439252.4,25,81,19,3.992
29,2,12,8.75,2712521.0,339,0,0,4.0
29,2,13,16.81,1647551.3,206,12,0,3.998
29,2,14,15.53,1991991.0,244,1,0,4.0
29,2,15,24.33,1532844.7,187,12,0,3.996
29,2,16,27.2,2374215.0,292,0,0,3.994
29,2,17,22.13,2565249.0,317,0,0,3.998
29,2,18,7.17,2437462.0,311,0,0,3.997
29,2,19,25.2,1836483.6,233,2,0,3.999
29,2,20,14.13,54555.8,0,71,64,3.994
29,2,21,13.24,1631811.5,200,7,1,3.998
29,2,22,17.91,2643125.0,331,0,0,3.999
29,2,23,17.9,2262875.0,284,0,0,3.999
29,2,24,22.87,845954.1,73,69,4,3.993
29,2,25,14.85,27271.9,0,96,31,3.999
29,2,26,13.33,1536544.7,185,15,3,3.994
29,2,27,21.36,2490624.7,313,0,0,3.997
29,2,28,11.89,1214401.3,124,44,8,3.996
29,2,29,27.14,2454193.0,297,0,0,3.997
29,2,30,26.39,0.0,0,0,0,0.0
29,2,31,12.54,0.0,0,0,0,0.0
39,0,0,6.65,199017.5,3,101,20,4.0
39,0,1,22.27,11477.0,0,85,36,4.0
39,0,2,20.19,2495737.0,306,0,0,4.0
39,0,3,15.08,2902048.0,362,0,0,4.0
39,0,4,12.66,106994.1,0,87,47,4.0
39,0,5,12.32,3032536.0,379,0,0,4.0
39,0,6,23.59,66120.4,0,99,17,4.0
39,0,7,29.41,3055503.0,380,0,0,4.0
39,0,8,26.89,633915.4,51,57,24,4.0
39,0,9,11.95,2289093.0,291,0,0,4.0
39,0,10,25.73,57711.1,0,84,43,4.0
39,0,11,9.19,2398620.0,300,0,0,4.0
39,0,12,11.11,2608536.0,320,0,0,4.0
39,0,13,15.51,532220.4,22,77,22,4.0
39,0,14,23.28,3341679.0,423,0,0,4.0
39,0,15,21.85,2130091.0,273,0,0,4.0
39,0,16,21.6,1385.7,0,79,45,4.0
39,0,17,23.82,1755390.4,222,1,0,4.0
39,0,18,27.48,2082251.0,257,0,0,4.0
39,0,19,5.6,39193.7,0,87,27,4.0
39,0,20,13.77,2834437.0,357,0,0,4.0
39,0,21,17.56,2072954.0,268,1,0,4.0
39,0,22,22.78,89268.2,0,89,25,4.0
39,0,23,12.17,107549.1,0,95,18,4.0
39,0,24,22.8,0.0,0,0,0,0.0
39,0,25,12.77,0.0,0,0,0,0.0
39,0,26,10.24,0.0,0,0,0,0.0
39,0,27,18.02,0.0,0,0,0,0.0
39,0,28,17.56,0.0,0,0,0,0.0
39,0,29,14.3,0.0,0,0,0,0.0
39,0,30,23.94,0.0,0,0,0,0.0
39,0,31,26.59,0.0,0,0,0,0.0
39,1,0,15.71,237354.3,5,80,50,3.999
39,1,1,17.29,2453239.0,302,0,0,4.0
39,1,2,19.04,799440.5,68,66,3,4.0
39,1,3,16.81,2671714.0,336,0,0,4.0
39,1,4,25.54,22058.5,0,67,63,3.996
39,1,5,18.36,2445270.6,298,2,0,4.0
39,1,6,8.63,1804512.4,214,10,0,4.0
39,1,7,5.33,2226754.4,276,3,0,4.0
39,1,8,8.28,2400004.0,297,0,0,4.0
39,1,9,16.95,276091.0,7,86,27,3.998
39,1,10,5.22,2585841.0,314,0,0,4.0
39,1,11,27.19,2324303.0,292,0,0,4.0
39,1,12,16.04,14956.8,0,83,41,3.992
39,1,13,25.94,2060138.0,259,0,0,4.0
39,1,14,7.56,2244965.0,279,0,0,4.0
39,1,15,10.93,1802991.8,219,6,1,3.999
39,1,16,21.21,2779008.0,344,0,0,4.0
39,1,17,10.16,2197931.0,274,0,0,3.996
39,1,18,13.45,1541769.3,184,17,2,3.998
39,1,19,28.59,713503.1,56,74,10,4.0
39,1,20,28.46,2325540.0,287,0,0,3.999
39,1,21,7.19,1589086.4,197,13,0,4.0
39,1,22,21.02,2451784.0,304,0,0,3.999
39,1,23,22.73,1148859.6,133,29,3,4.0
39,1,24,27.19,47767.7,0,83,38,3.994
39,1,25,13.95,642343.7,48,58,30,3.999
39,1,26,20.95,2360563.8,292,1,0,3.999
39,1,27,28.46,0.0,0,0,0,0.0
39,1,28,27.22,0.0,0,0,0,0.0
39,1,29,21.5,0.0,0,0,0,0.0
39,1,30,21.16,0.0,0,0,0,0.0
39,1,31,18.93,0.0,0,0,0,0.0
39,2,0,6.96,7659.7,0,88,38,3.999
39,2,1,7.77,2036136.0,252,1,0,4.0
39,2,2,20.56,433160.7,23,76,22,4.0
39,2,3,13.62,2258878.0,283,0,0,4.0
39,2,4,16.07,2546154.0,319,0,0,4.0
39,2,5,14.57,5130.9,0,70,57,4.0
39,2,6,13.01,2831204.0,346,0,0,4.0
39,2,7,22.07,1444538.9,187,8,0,4.0
39,2,8,12.5,1302294.5,152,29,1,4.0
39,2,9,25.95,461886.4,25,78,16,3.999
39,2,10,28.65,1984334.6,249,1,0,4.0
39,2,11,13.51,469367.4,25,83,17,4.0
39,2,12,8.75,2854924.0,372,0,0,4.0
39,2,13,16.81,1780069.4,223,3,0,3.999
39,2,14,15.53,1914864.1,235,3,0,4.0
39,2,15,24.33,1509285.2,185,15,1,4.0
39,2,16,27.2,2319223.0,291,0,0,4.0
39,2,17,22.13,2585701.0,319,0,0,4.0
39,2,18,7.17,2638606.0,322,0,0,4.0
39,2,19,25.2,1879320.6,232,5,0,4.0
39,2,20,14.13,44915.1,0,76,62,3.998
39,2,21,13.24,1706805.3,213,9,0,4.0
39,2,22,17.91,2488770.0,307,0,0,4.0
39,2,23,17.9,2458920.0,300,0,0,4.0
39,2,24,22.87,896758.0,88,54,4,4.0
39,2,25,14.85,31921.0,0,94,37,3.998
39,2,26,13.33,1411967.5,162,17,6,4.0
39,2,27,21.36,2536205.0,312,0,0,4.0
39,2,28,11.89,1268214.1,149,22,3,3.999
39,2,29,27.14,2521981.0,308,0,0,4.0
39,2,30,26.39,0.0,0,0,0,0.0
39,2,31,12.54,0.0,0,0,0,0.0
49,0,0,6.65,196851.9,1,104,12,4.0
49,0,1,22.27,11178.2,0,88,32,4.0
49,0,2,20.19,2398148.0,305,0,0,4.0
49,0,3,15.08,3137937.0,391,0,0,4.0
49,0,4,12.66,123434.8,2,76,49,4.0
49,0,5,12.32,2783261.0,353,0,0,4.0
49,0,6,23.59,63733.0,0,99,16,4.0
49,0,7,29.41,2884431.0,359,0,0,4.0
49,0,8,26.89,658177.8,50,73,16,4.0
49,0,9,11.95,2340175.0,292,0,0,4.0
49,0,10,25.73,50807.7,0,86,40,4.0
49,0,11,9.19,2328311.0,293,0,0,4.0
49,0,12,11.11,2541200.0,319,0,0,4.0
49,0,13,15.51,476533.9,28,72,23,4.0
49,0,14,23.28,3254889.0,405,0,0,4.0
49,0,15,21.85,2320940.6,288,1,0,4.0
49,0,16,21.6,950.6,0,88,46,4.0
49,0,17,23.82,1732438.6,215,8,0,4.0
49,0,18,27.48,1989560.0,250,0,0,4.0
49,0,19,5.6,39138.9,0,93,28,4.0
49,0,20,13.77,2947218.0,358,0,0,4.0
49,0,21,17.56,2342877.6,290,1,0,4.0
49,0,22,22.78,84602.1,0,89,29,4.0
49,0,23,12.17,99503.9,0,101,13,4.0
49,0,24,22.8,0.0,0,0,0,0.0
49,0,25,12.77,0.0,0,0,0,0.0
49,0,26,10.24,0.0,0,0,0,0.0
49,0,27,18.02,0.0,0,0,0,0.0
49,0,28,17.56,0.0,0,0,0,0.0
49,0,29,14.3,0.0,0,0,0,0.0
49,0,30,23.94,0.0,0,0,0,0.0
49,0,31,26.59,0.0,0,0,0,0.0
49,1,0,15.71,274302.3,8,73,46,4.0
49,1,1,17.29,2438320.5,304,0,0,3.999
49,1,2,19.04,727882.3,71,64,2,3.999
49,1,3,16.81,2703628.0,332,0,0,4.0
49,1,4,25.54,26393.0,0,76,59,3.997
49,1,5,18.36,2329779.3,295,2,0,3.999
49,1,6,8.63,1726601.7,215,4,0,4.0
49,1,7,5.33,2142701.1,270,3,0,4.0
49,1,8,8.28,2527709.0,309,0,0,3.999
49,1,9,16.95,247529.7,7,83,35,4.0
49,1,10,5.22,2770347.0,353,0,0,4.0
49,1,11,27.19,2281909.1,282,1,0,4.0
49,1,12,16.04,15397.1,0,75,52,4.0
49,1,13,25.94,1988158.0,254,1,0,3.999
49,1,14,7.56,2502976.0,312,0,0,4.0
49,1,15,10.93,1703664.2,206,9,0,4.0
49,1,16,21.21,2398701.0,301,0,0,3.998
49,1,17,10.16,2218120.0,280,0,0,4.0
49,1,18,13.45,1429726.3,168,21,4,4.0
49,1,19,28.59,663408.7,57,67,8,3.999
49,1,20,28.46,2388297.4,290,0,0,4.0
49,1,21,7.19,1639646.3,196,10,1,3.999
49,1,22,21.02,2367914.0,290,0,0,4.0
49,1,23,22.73,1149773.4,126,41,2,4.0
49,1,24,27.19,34847.7,0,80,51,3.995
49,1,25,13.95,581825.3,45,64,24,4.0
49,1,26,20.95,2375272.0,300,0,0,4.0
49,1,27,28.46,0.0,0,0,0,0.0
49,1,28,27.22,0.0,0,0,0,0.0
49,1,29,21.5,0.0,0,0,0,0.0
49,1,30,21.16,0.0,0,0,0,0.0
49,1,31,18.93,0.0,0,0,0,0.0
49,2,0,6.96,5799.2,0,79,50,3.999
49,2,1,7.77,1933783.0,238,3,0,4.0
49,2,2,20.56,424829.3,25,76,22,4.0
49,2,3,13.62,2144874.0,272,0,0,4.0
49,2,4,16.07,2325864.0,291,0,0,4.0
49,2,5,14.57,4111.3,0,78,56,3.997
49,2,6,13.01,2754982.0,349,0,0,4.0
49,2,7,22.07,1514837.9,189,7,0,4.0
49,2,8,12.5,1339225.4,164,22,1,3.999
49,2,9,25.95,420127.0,24,89,14,3.999
49,2,10,28.65,1828115.2,223,6,0,4.0
49,2,11,13.51,415136.1,20,84,18,3.999
49,2,12,8.75,2733830.0,341,0,0,4.0
49,2,13,16.81,1614928.3,200,6,0,3.999
49,2,14,15.53,2082485.0,258,0,0,4.0
49,2,15,24.33,1546513.7,189,9,0,3.999
49,2,16,27.2,2543782.0,321,0,0,4.0
49,2,17,22.13,2452419.0,306,0,0,4.0
49,2,18,7.17,2458985.0,313,0,0,3.997
49,2,19,25.2,1775812.0,224,7,0,3.999
49,2,20,14.13,54065.8,0,65,67,3.996
49,2,21,13.24,1736313.6,212,5,1,4.0
49,2,22,17.91,2429701.0,305,0,0,4.0
49,2,23,17.9,2252994.0,280,0,0,4.0
49,2,24,22.87,771171.0,76,62,2,3.999
49,2,25,14.85,32787.3,0,83,44,3.999
49,2,26,13.33,1542026.7,194,9,1,4.0
49,2,27,21.36,2389537.0,300,0,0,4.0
49,2,28,11.89,1282401.6,133,40,5,4.0
49,2,29,27.14,2362901.0,295,0,0,3.999
49,2,30,26.39,0.0,0,0,0,0.0
49,2,31,12.54,0.0,0,0,0,0.0
59,0,0,6.65,191537.8,0,99,14,4.0
59,0,1,22.27,9439.3,0,99,28,4.0
59,0,2,20.19,2481111.0,307,0,0,4.0
59,0,3,15.08,2936142.0,371,0,0,4.0
59,0,4,12.66,95404.9,0,86,43,4.0
59,0,5,12.32,2974747.0,370,0,0,4.0
59,0,6,23.59,64548.5,0,93,21,4.0
59,0,7,29.41,3027970.0,384,0,0,4.0
59,0,8,26.89,648419.1,50,58,19,4.0
59,0,9,11.95,2491695.0,302,1,0,4.0
59,0,10,25.73,53619.7,0,78,48,4.0
59,0,11,9.19,2508050.9,326,0,0,4.0
59,0,12,11.11,2667684.0,331,0,0,4.0
59,0,13,15.51,469915.9,22,79,26,4.0
59,0,14,23.28,2964760.0,379,0,0,4.0
59,0,15,21.85,2235870.0,286,0,0,4.0
59,0,16,21.6,1377.8,0,84,46,4.0
59,0,17,23.82,1840949.3,226,4,0,4.0
59,0,18,27.48,2117981.0,268,0,0,4.0
59,0,19,5.6,34365.7,0,95,32,4.0
59,0,20,13.77,2799918.0,355,0,0,4.0
59,0,21,17.56,2339380.0,288,0,0,4.0
59,0,22,22.78,77588.2,0,92,28,4.0
59,0,23,12.17,94070.2,0,105,10,4.0
59,0,24,22.8,0.0,0,0,0,0.0
59,0,25,12.77,0.0,0,0,0,0.0
59,0,26,10.24,0.0,0,0,0,0.0
59,0,27,18.02,0.0,0,0,0,0.0
59,0,28,17.56,0.0,0,0,0,0.0
59,0,29,14.3,0.0,0,0,0,0.0
59,0,30,23.94,0.0,0,0,0,0.0
59,0,31,26.59,0.0,0,0,0,0.0
59,1,0,15.71,274124.4,10,75,46,3.999
59,1,1,17.29,2330795.0,290,0,0,4.0
59,1,2,19.04,639863.3,67,62,1,3.997
59,1,3,16.81,2510538.0,317,0,0,3.998
59,1,4,25.54,21425.7,0,70,62,3.997
59,1,5,18.36,2431636.1,305,0,1,4.0
59,1,6,8.63,1787281.3,219,9,0,4.0
59,1,7,5.33,2209157.0,278,1,1,4.0
59,1,8,8.28,2352795.0,296,0,0,3.998
59,1,9,16.95,268431.4,13,70,41,3.997
59,1,10,5.22,2645591.0,334,0,0,4.0
59,1,11,27.19,2103983.0,270,0,0,4.0
59,1,12,16.04,17705.7,0,84,42,4.0
59,1,13,25.94,2143740.0,268,0,0,4.0
59,1,14,7.56,2358748.0,303,0,0,4.0
59,1,15,10.93,1774686.0,218,5,0,3.998
59,1,16,21.21,2489775.0,314,0,0,4.0
59,1,17,10.16,2272781.4,286,1,0,4.0
59,1,18,13.45,1456975.4,170,18,3,3.999
59,1,19,28.59,665916.4,56,68,15,3.999
59,1,20,28.46,2540884.0,304,0,0,3.996
59,1,21,7.19,1542016.6,189,5,0,3.999
59,1,22,21.02,2346310.0,292,0,0,3.999
59,1,23,22.73,1146785.0,130,28,8,4.0
59,1,24,27.19,44410.0,0,80,52,3.995
59,1,25,13.95,578603.9,37,68,28,3.999
59,1,26,20.95,2285454.0,282,0,0,4.0
59,1,27,28.46,0.0,0,0,0,0.0
59,1,28,27.22,0.0,0,0,0,0.0
59,1,29,21.5,0.0,0,0,0,0.0
59,1,30,21.16,0.0,0,0,0,0.0
59,1,31,18.93,0.0,0,0,0,0.0
59,2,0,6.96,9412.1,0,88,45,3.999
59,2,1,7.77,1862956.9,228,8,0,4.0
59,2,2,20.56,440124.6,26,79,25,4.0
59,2,3,13.62,2310147.4,287,0,0,4.0
59,2,4,16.07,2366212.7,305,0,0,4.0
59,2,5,14.57,4954.3,0,80,49,3.999
59,2,6,13.01,2766639.0,345,0,0,4.0
59,2,7,22.07,1579495.0,199,6,0,3.999
59,2,8,12.5,1300846.1,149,28,0,4.0
59,2,9,25.95,439008.9,27,83,17,4.0
59,2,10,28.65,1912305.5,242,1,0,4.0
59,2,11,13.51,397822.3,27,78,21,4.0
59,2,12,8.75,2787714.0,345,0,0,4.0
59,2,13,16.81,1415214.1,170,18,0,4.0
59,2,14,15.53,1958972.7,245,0,0,4.0
59,2,15,24.33,1559743.7,186,18,0,4.0
59,2,16,27.2,2481754.0,314,0,0,4.0
59,2,17,22.13,2555416.0,317,0,0,4.0
59,2,18,7.17,2575988.0,318,0,0,4.0
59,2,19,25.2,1927197.5,242,4,1,4.0
59,2,20,14.13,48925.6,0,67,65,4.0
59,2,21,13.24,1707313.3,210,9,1,3.999
59,2,22,17.91,2393238.0,301,0,0,4.0
59,2,23,17.9,2364137.0,298,0,0,4.0
59,2,24,22.87,772907.3,75,62,1,4.0
59,2,25,14.85,40166.5,0,81,44,3.998
59,2,26,13.33,1495661.4,178,17,0,4.0
59,2,27,21.36,2405021.0,305,0,0,4.0
59,2,28,11.89,1180104.6,136,31,4,4.0
59,2,29,27.14,2396487.0,302,0,0,4.0
59,2,30,26.39,0.0,0,0,0,0.0
59,2,31,12.54,0.0,0,0,0,0.0
69,0,0,6.65,216815.9,2,98,16,4.0
69,0,1,22.27,8138.1,0,86,33,4.0
69,0,2,20.19,2409633.0,307,0,0,4.0
69,0,3,15.08,2911501.0,372,0,0,4.0
69,0,4,12.66,100787.7,1,88,38,4.0
69,0,5,12.32,2872212.0,363,0,0,4.0
69,0,6,23.59,56536.8,0,85,28,4.0
69,0,7,29.41,3050918.0,375,0,0,4.0
69,0,8,26.89,674667.4,48,69,13,4.0
69,0,9,11.95,2294264.0,289,0,0,4.0
69,0,10,25.73,59009.6,0,78,53,4.0
69,0,11,9.19,2319536.0,293,0,0,4.0
69,0,12,11.11,2500359.0,313,0,0,4.0
69,0,13,15.51,554710.7,28,81,19,4.0
69,0,14,23.28,3189459.0,401,0,0,4.0
69,0,15,21.85,2138597.0,271,0,0,4.0
69,0,16,21.6,1044.8,0,94,32,4.0
69,0,17,23.82,1917296.4,232,3,0,4.0
69,0,18,27.48,2184723.0,273,0,0,4.0
69,0,19,5.6,31801.6,0,92,28,4.0
69,0,20,13.77,2919325.0,359,0,0,4.0
69,0,21,17.56,2383797.0,294,0,0,4.0
69,0,22,22.78,72631.5,0,96,28,4.0
69,0,23,12.17,91708.4,1,103,11,4.0
69,0,24,22.8,0.0,0,0,0,0.0
69,0,25,12.77,0.0,0,0,0,0.0
69,0,26,10.24,0.0,0,0,0,0.0
69,0,27,18.02,0.0,0,0,0,0.0
69,0,28,17.56,0.0,0,0,0,0.0
69,0,29,14.3,0.0,0,0,0,0.0
69,0,30,23.94,0.0,0,0,0,0.0
69,0,31,26.59,0.0,0,0,0,0.0
69,1,0,15.71,220324.1,6,74,47,3.999
69,1,1,17.29,2349630.0,295,0,0,4.0
69,1,2,19.04,676739.6,69,72,1,3.998
69,1,3,16.81,2851409.0,346,0,0,4.0
69,1,4,25.54,22454.5,0,67,61,3.999
69,1,5,18.36,2384695.3,302,1,0,3.999
69,1,6,8.63,1791519.4,218,10,0,4.0
69,1,7,5.33,2388914.8,298,3,1,3.999
69,1,8,8.28,2440330.0,308,0,0,4.0
69,1,9,16.95,265163.5,12,79,37,4.0
69,1,10,5.22,2843948.0,355,0,0,4.0
69,1,11,27.19,2235177.0,279,0,0,3.998
69,1,12,16.04,15907.6,0,80,51,3.996
69,1,13,25.94,2282909.0,284,0,0,3.999
69,1,14,7.56,2247279.0,282,0,0,3.999
69,1,15,10.93,1602553.1,202,4,0,4.0
69,1,16,21.21,2508394.0,319,0,0,4.0
69,1,17,10.16,2319849.0,286,0,0,3.999
69,1,18,13.45,1471089.9,175,18,0,4.0
69,1,19,28.59,721392.0,62,60,13,3.999
69,1,20,28.46,2336546.0,284,0,0,4.0
69,1,21,7.19,1489054.0,184,9,0,4.0
69,1,22,21.02,2303138.4,284,0,0,4.0
69,1,23,22.73,1130536.1,123,36,5,3.999
69,1,24,27.19,46411.1,0,79,46,3.997
69,1,25,13.95,546593.1,37,71,22,3.999
69,1,26,20.95,2387432.8,303,1,0,4.0
69,1,27,28.46,0.0,0,0,0,0.0
69,1,28,27.22,0.0,0,0,0,0.0
69,1,29,21.5,0.0,0,0,0,0.0
69,1,30,21.16,0.0,0,0,0,0.0
69,1,31,18.93,0.0,0,0,0,0.0
69,2,0,6.96,6497.4,0,90,30,4.0
69,2,1,7.77,1924168.0,242,1,0,4.0
69,2,2,20.56,396584.7,18,86,21,4.0
69,2,3,13.62,2230091.0,278,0,0,4.0
69,2,4,16.07,2527177.0,318,0,0,4.0
69,2,5,14.57,3891.9,0,82,51,3.997
69,2,6,13.01,2715710.0,333,0,0,4.0
69,2,7,22.07,1554158.9,191,13,0,3.999
69,2,8,12.5,1338951.3,148,31,1,4.0
69,2,9,25.95,475848.0,22,85,15,4.0
69,2,10,28.65,1856368.4,232,1,0,4.0
69,2,11,13.51,500189.1,34,80,16,3.999
69,2,12,8.75,2700182.0,341,0,0,4.0
69,2,13,16.81,1561504.9,194,9,0,4.0
69,2,14,15.53,1941842.0,247,0,0,4.0
69,2,15,24.33,1562345.2,191,17,0,3.998
69,2,16,27.2,2408030.0,301,0,0,4.0
69,2,17,22.13,2491705.0,316,0,0,4.0
69,2,18,7.17,2560579.0,319,0,0,3.997
69,2,19,25.2,1841869.5,236,3,1,4.0
69,2,20,14.13,61714.2,0,70,58,4.0
69,2,21,13.24,1682381.7,211,10,0,4.0
69,2,22,17.91,2542757.4,322,0,0,4.0
69,2,23,17.9,2435505.0,295,0,0,4.0
69,2,24,22.87,748872.4,68,60,4,4.0
69,2,25,14.85,25709.3,0,79,40,4.0
69,2,26,13.33,1471093.8,176,13,5,4.0
69,2,27,21.36,2649513.0,327,0,0,4.0
69,2,28,11.89,1347106.9,152,30,5,4.0
69,2,29,27.14,2536148.0,319,0,0,4.0
69,2,30,26.39,0.0,0,0,0,0.0
69,2,31,12.54,0.0,0,0,0,0.0
79,0,0,6.65,195870.3,1,106,18,4.0
79,0,1,22.27,10276.7,0,103,22,4.0
79,0,2,20.19,2530001.2,313,0,0,4.0
79,0,3,15.08,3054030.0,386,0,0,4.0
79,0,4,12.66,98120.1,0,86,41,4.0
79,0,5,12.32,2819436.0,351,0,0,4.0
79,0,6,23.59,58116.1,0,99,13,4.0
79,0,7,29.41,2963620.0,378,0,0,4.0
79,0,8,26.89,691205.8,58,69,23,4.0
79,0,9,11.95,2384626.0,289,0,0,4.0
79,0,10,25.73,48662.4,0,89,46,4.0
79,0,11,9.19,2327627.0,291,0,0,4.0
79,0,12,11.11,2494165.0,310,0,0,4.0
79,0,13,15.51,541586.0,33,71,22,4.0
79,0,14,23.28,3084780.0,377,0,0,4.0
79,0,15,21.85,2158324.0,272,0,0,4.0
79,0,16,21.6,1034.8,0,77,42,4.0
79,0,17,23.82,1807440.5,225,1,0,4.0
79,0,18,27.48,1910126.3,242,0,0,4.0
79,0,19,5.6,35404.4,0,92,25,4.0
79,0,20,13.77,2994104.0,375,0,0,4.0
79,0,21,17.56,2131456.0,288,0,0,4.0
79,0,22,22.78,88215.9,0,86,27,4.0
79,0,23,12.17,92628.3,0,109,11,4.0
79,0,24,22.8,0.0,0,0,0,0.0
79,0,25,12.77,0.0,0,0,0,0.0
79,0,26,10.24,0.0,0,0,0,0.0
79,0,27,18.02,0.0,0,0,0,0.0
79,0,28,17.56,0.0,0,0,0,0.0
79,0,29,14.3,0.0,0,0,0,0.0
79,0,30,23.94,0.0,0,0,0,0.0
79,0,31,26.59,0.0,0,0,0,0.0
79,1,0,15.71,251631.5,7,73,57,3.998
79,1,1,17.29,2384524.0,301,0,0,4.0
79,1,2,19.04,702144.4,70,64,3,3.999
79,1,3,16.81,2748258.0,345,0,0,3.998
79,1,4,25.54,19866.8,0,79,49,3.999
79,1,5,18.36,2360113.0,297,0,0,4.0
79,1,6,8.63,1631679.6,206,7,0,3.999
79,1,7,5.33,2333873.0,288,1,0,4.0
79,1,8,8.28,2291626.0,288,0,0,4.0
79,1,9,16.95,291010.5,13,82,34,3.999
79,1,10,5.22,2727101.0,337,0,0,4.0
79,1,11,27.19,2289230.0,278,0,0,4.0
79,1,12,16.04,12172.2,0,90,39,3.999
79,1,13,25.94,2207339.1,272,1,0,4.0
79,1,14,7.56,2351772.0,291,0,0,4.0
79,1,15,10.93,1887564.9,238,5,0,4.0
79,1,16,21.21,2509190.0,317,0,0,4.0
79,1,17,10.16,2218992.0,273,0,0,4.0
79,1,18,13.45,1404336.4,168,19,0,3.999
79,1,19,28.59,718870.4,62,65,16,4.0
79,1,20,28.46,2472610.0,303,0,0,4.0
79,1,21,7.19,1628957.3,198,14,1,4.0
79,1,22,21.02,2250610.0,295,0,0,4.0
79,1,23,22.73,1177805.5,133,33,3,4.0
79,1,24,27.19,49713.6,0,92,34,3.999
79,1,25,13.95,583766.0,41,73,18,3.999
79,1,26,20.95,2170873.7,276,0,0,4.0
79,1,27,28.46,0.0,0,0,0,0.0
79,1,28,27.22,0.0,0,0,0,0.0
79,1,29,21.5,0.0,0,0,0,0.0
79,1,30,21.16,0.0,0,0,0,0.0
79,1,31,18.93,0.0,0,0,0,0.0
79,2,0,6.96,8995.3,0,85,34,3.99
79,2,1,7.77,1939742.1,246,3,0,4.0
79,2,2,20.56,394125.3,23,76,27,3.999
79,2,3,13.62,2100530.0,264,0,0,4.0
79,2,4,16.07,2390981.3,299,0,0,4.0
79,2,5,14.57,4210.4,0,81,55,3.996
79,2,6,13.01,2819506.0,352,0,0,3.998
79,2,7,22.07,1522395.1,183,16,0,4.0
79,2,8,12.5,1437708.4,163,31,0,4.0
79,2,9,25.95,444372.7,26,80,14,4.0
79,2,10,28.65,1874083.0,239,0,0,4.0
79,2,11,13.51,445556.9,37,75,13,3.999
79,2,12,8.75,2881599.0,357,0,0,4.0
79,2,13,16.81,1652619.4,209,7,0,4.0
79,2,14,15.53,1964525.5,248,1,0,3.999
79,2,15,24.33,1558563.1,199,10,0,3.999
79,2,16,27.2,2605922.0,322,0,0,4.0
79,2,17,22.13,2552008.0,320,0,0,3.998
79,2,18,7.17,2464927.0,299,0,0,4.0
79,2,19,25.2,1849275.2,224,7,0,4.0
79,2,20,14.13,58746.4,0,67,65,3.999
79,2,21,13.24,1667205.5,206,11,0,4.0
79,2,22,17.91,2346706.0,287,0,0,4.0
79,2,23,17.9,2373635.5,289,0,0,4.0
79,2,24,22.87,935506.5,87,55,6,3.999
79,2,25,14.85,43740.6,0,79,36,3.995
79,2,26,13.33,1450184.0,171,18,2,3.999
79,2,27,21.36,2396185.9,304,0,0,4.0
79,2,28,11.89,1117434.9,118,33,10,4.0
79,2,29,27.14,2436644.0,297,0,0,4.0
79,2,30,26.39,0.0,0,0,0,0.0
79,2,31,12.54,0.0,0,0,0,0.0
89,0,0,6.65,227257.6,4,104,11,4.0
89,0,1,22.27,11092.4,0,95,30,4.0
89,0,2,20.19,2500322.0,313,0,0,4.0
89,0,3,15.08,2847959.0,345,0,0,4.0
89,0,4,12.66,98809.3,0,90,40,4.0
89,0,5,12.32,3014051.0,382,0,0,4.0
89,0,6,23.59,65602.5,1,95,17,4.0
89,0,7,29.41,2840553.0,358,0,0,4.0
89,0,8,26.89,626770.4,55,64,21,4.0
89,0,9,11.95,2271113.0,287,0,0,4.0
89,0,10,25.73,50523.8,0,96,28,4.0
89,0,11,9.19,2375950.0,294,0,0,4.0
89,0,12,11.11,2541016.0,315,0,0,4.0
89,0,13,15.51,516081.3,30,78,22,4.0
89,0,14,23.28,3246188.0,403,0,0,4.0
89,0,15,21.85,2160541.0,267,0,0,4.0
89,0,16,21.6,986.9,0,83,45,4.0
89,0,17,23.82,1744146.9,216,2,0,4.0
89,0,18,27.48,2102927.7,260,1,0,4.0
89,0,19,5.6,32465.7,0,94,23,4.0
89,0,20,13.77,2907642.0,361,0,0,4.0
89,0,21,17.56,2301281.0,289,0,0,4.0
89,0,22,22.78,99149.3,0,86,36,4.0
89,0,23,12.17,85628.5,0,105,14,4.0
89,0,24,22.8,0.0,0,0,0,0.0
89,0,25,12.77,0.0,0,0,0,0.0
89,0,26,10.24,0.0,0,0,0,0.0
89,0,27,18.02,0.0,0,0,0,0.0
89,0,28,17.56,0.0,0,0,0,0.0
89,0,29,14.3,0.0,0,0,0,0.0
89,0,30,23.94,0.0,0,0,0,0.0
89,0,31,26.59,0.0,0,0,0,0.0
89,1,0,15.71,234358.9,8,87,39,3.999
89,1,1,17.29,2604551.8,322,0,0,3.999
89,1,2,19.04,728175.8,75,61,3,4.0
89,1,3,16.81,2600114.0,331,0,0,4.0
89,1,4,25.54,23394.7,0,68,59,3.998
89,1,5,18.36,2462027.1,305,3,0,4.0
89,1,6,8.63,1676579.1,213,5,0,3.999
89,1,7,5.33,2306755.9,289,1,1,4.0
89,1,8,8.28,2480395.0,312,0,0,4.0
89,1,9,16.95,254443.4,9,87,34,3.998
89,1,10,5.22,2656505.0,333,0,0,4.0
89,1,11,27.19,2357776.0,291,0,0,4.0
89,1,12,16.04,11427.5,0,83,53,3.999
89,1,13,25.94,2017872.0,266,0,0,4.0
89,1,14,7.56,2373948.0,296,0,0,4.0
89,1,15,10.93,1734746.2,214,5,0,3.998
89,1,16,21.21,2748170.0,347,0,0,4.0
89,1,17,10.16,2250240.6,279,1,0,4.0
89,1,18,13.45,1578869.4,182,16,2,3.999
89,1,19,28.59,734630.0,70,56,12,3.999
89,1,20,28.46,2417493.0,298,0,0,4.0
89,1,21,7.19,1593983.6,200,9,0,4.0
89,1,22,21.02,2197879.0,282,0,0,3.999
89,1,23,22.73,1084701.1,121,35,8,3.999
89,1,24,27.19,55511.8,0,84,41,3.999
89,1,25,13.95,553691.7,41,70,14,4.0
89,1,26,20.95,2412209.0,295,0,0,4.0
89,1,27,28.46,0.0,0,0,0,0.0
89,1,28,27.22,0.0,0,0,0,0.0
89,1,29,21.5,0.0,0,0,0,0.0
89,1,30,21.16,0.0,0,0,0,0.0
89,1,31,18.93,0.0,0,0,0,0.0
89,2,0,6.96,10091.9,0,79,37,4.0
89,2,1,7.77,1865444.0,238,1,0,4.0
89,2,2,20.56,438337.8,27,76,29,4.0
89,2,3,13.62,2276758.0,288,0,0,4.0
89,2,4,16.07,2478807.0,308,0,0,4.0
89,2,5,14.57,4092.5,0,76,51,4.0
89,2,6,13.01,2794473.0,353,0,0,4.0
89,2,7,22.07,1520267.3,190,11,0,4.0
89,2,8,12.5,1306649.5,151,36,1,4.0
89,2,9,25.95,509214.6,44,70,11,4.0
89,2,10,28.65,1834972.0,234,0,0,4.0
89,2,11,13.51,448703.1,34,74,19,4.0
89,2,12,8.75,2759975.0,353,0,0,4.0
89,2,13,16.81,1605234.1,200,7,0,4.0
89,2,14,15.53,1910612.0,235,0,0,4.0
89,2,15,24.33,1569871.6,193,11,1,4.0
89,2,16,27.2,2395180.0,302,0,0,4.0
89,2,17,22.13,2592869.0,314,0,0,4.0
89,2,18,7.17,2489011.6,314,0,0,4.0
89,2,19,25.2,1915698.6,238,2,0,4.0
89,2,20,14.13,41759.2,1,78,46,4.0
89,2,21,13.24,1681142.2,208,4,0,4.0
89,2,22,17.91,2444964.0,301,0,0,4.0
89,2,23,17.9,2268081.0,287,0,0,4.0
89,2,24,22.87,886611.6,85,58,3,4.0
89,2,25,14.85,29220.5,0,76,42,4.0
89,2,26,13.33,1463853.8,174,8,1,4.0
89,2,27,21.36,2355589.0,292,1,0,4.0
89,2,28,11.89,1271019.8,136,25,12,4.0
89,2,29,27.14,2463159.0,311,0,0,4.0
89,2,30,26.39,0.0,0,0,0,0.0
89,2,31,12.54,0.0,0,0,0,0.0
99,0,0,6.65,202912.9,3,100,17,4.0
99,0,1,22.27,8943.7,0,84,28,4.0
99,0,2,20.19,2387219.0,304,0,0,4.0
99,0,3,15.08,3033544.0,372,0,0,4.0
99,0,4,12.66,106488.3,0,67,55,4.0
99,0,5,12.32,3069611.0,389,0,0,4.0
99,0,6,23.59,62753.4,0,96,16,4.0
99,0,7,29.41,2887686.0,359,0,0,4.0
99,0,8,26.89,736843.0,63,64,20,4.0
99,0,9,11.95,2280354.0,286,0,0,4.0
99,0,10,25.73,57159.4,0,86,34,4.0
99,0,11,9.19,2387681.0,300,0,0,4.0
99,0,12,11.11,2523600.0,315,0,0,4.0
99,0,13,15.51,523409.5,37,69,28,4.0
99,0,14,23.28,3058730.0,382,0,0,4.0
99,0,15,21.85,2169566.9,278,0,0,4.0
99,0,16,21.6,1022.1,0,97,30,4.0
99,0,17,23.82,1785284.8,231,3,0,4.0
99,0,18,27.48,2027075.2,253,3,0,4.0
99,0,19,5.6,38996.3,0,91,26,4.0
99,0,20,13.77,2667095.0,340,0,0,4.0
99,0,21,17.56,2249177.0,288,0,0,4.0
99,0,22,22.78,78036.5,0,90,33,4.0
99,0,23,12.17,112940.5,1,98,8,4.0
99,0,24,22.8,0.0,0,0,0,0.0
99,0,25,12.77,0.0,0,0,0,0.0
99,0,26,10.24,0.0,0,0,0,0.0
99,0,27,18.02,0.0,0,0,0,0.0
99,0,28,17.56,0.0,0,0,0,0.0
99,0,29,14.3,0.0,0,0,0,0.0
99,0,30,23.94,0.0,0,0,0,0.0
99,0,31,26.59,0.0,0,0,0,0.0
99,1,0,15.71,243754.4,9,77,45,3.999
99,1,1,17.29,2397236.0,304,0,0,4.0
99,1,2,19.04,778673.4,87,59,2,3.998
99,1,3,16.81,2670560.0,329,0,0,4.0
99,1,4,25.54,25292.7,0,73,55,3.997
99,1,5,18.36,2440019.6,298,1,1,4.0
99,1,6,8.63,1716124.6,217,3,0,4.0
99,1,7,5.33,2236906.7,282,2,0,4.0
99,1,8,8.28,2569404.9,321,0,0,4.0
99,1,9,16.95,287091.6,11,83,33,3.999
99,1,10,5.22,2691452.0,335,0,0,4.0
99,1,11,27.19,2217333.0,285,0,0,4.0
99,1,12,16.04,10888.8,0,82,39,3.996
99,1,13,25.94,2255847.2,267,2,0,4.0
99,1,14,7.56,2398638.0,300,0,0,3.999
99,1,15,10.93,1764751.2,221,4,0,4.0
99,1,16,21.21,2569557.0,325,0,0,4.0
99,1,17,10.16,2221482.9,281,1,0,4.0
99,1,18,13.45,1410666.6,173,16,0,4.0
99,1,19,28.59,765030.5,73,55,9,3.999
99,1,20,28.46,2511447.0,312,0,0,4.0
99,1,21,7.19,1577727.8,191,10,0,3.999
99,1,22,21.02,2327303.0,285,0,0,4.0
99,1,23,22.73,1133573.8,130,31,7,3.999
99,1,24,27.19,50905.3,0,78,49,3.994
99,1,25,13.95,590291.8,51,62,22,3.999
99,1,26,20.95,2315823.0,293,0,0,4.0
99,1,27,28.46,0.0,0,0,0,0.0
99,1,28,27.22,0.0,0,0,0,0.0
99,1,29,21.5,0.0,0,0,0,0.0
99,1,30,21.16,0.0,0,0,0,0.0
99,1,31,18.93,0.0,0,0,0,0.0
99,2,0,6.96,6224.5,0,90,26,4.0
99,2,1,7.77,1840344.3,228,3,0,4.0
99,2,2,20.56,442535.3,30,65,31,4.0
99,2,3,13.62,2314832.0,286,0,0,3.999
99,2,4,16.07,2479329.0,307,0,0,3.999
99,2,5,14.57,4031.3,0,72,55,3.993
99,2,6,13.01,2634645.0,333,0,0,4.0
99,2,7,22.07,1427393.2,179,16,0,4.0
99,2,8,12.5,1393665.5,167,19,1,4.0
99,2,9,25.95,525659.2,49,70,15,4.0
99,2,10,28.65,1941991.6,243,3,0,4.0
99,2,11,13.51,475240.1,31,72,20,4.0
99,2,12,8.75,3166825.0,394,0,0,3.998
99,2,13,16.81,1656083.3,208,6,0,3.999
99,2,14,15.53,1887913.0,245,0,0,4.0
99,2,15,24.33,1509087.5,183,14,0,4.0
99,2,16,27.2,2448052.0,294,0,0,3.999
99,2,17,22.13,2743038.0,346,0,0,4.0
99,2,18,7.17,2494881.0,312,0,0,4.0
99,2,19,25.2,1789978.0,233,0,0,4.0
99,2,20,14.13,45295.5,0,84,52,3.999
99,2,21,13.24,1807322.1,217,5,0,3.998
99,2,22,17.91,2430832.0,306,0,0,4.0
99,2,23,17.9,2377246.0,295,0,0,4.0
99,2,24,22.87,865092.0,91,46,2,3.999
99,2,25,14.85,38335.1,0,93,28,4.0
99,2,26,13.33,1484811.1,176,20,1,3.999
99,2,27,21.36,2512425.7,316,0,0,3.998
99,2,28,11.89,1324411.4,151,25,6,3.999
99,2,29,27.14,2343314.4,290,0,0,4.0
99,2,30,26.39,0.0,0,0,0,0.0
99,2,31,12.54,0.0,0,0,0,0.0
109,0,0,6.65,232009.3,5,102,18,4.0
109,0,1,22.27,7891.2,0,86,32,4.0
109,0,2,20.19,2557542.0,317,0,0,4.0
109,0,3,15.08,2996329.0,377,0,0,4.0
109,0,4,12.66,91689.9,0,87,38,4.0
109,0,5,12.32,3177682.0,402,0,0,4.0
109,0,6,23.59,62477.6,0,87,24,4.0
109,0,7,29.41,2893538.0,373,0,0,4.0
109,0,8,26.89,753729.7,67,64,10,4.0
109,0,9,11.95,2230450.0,279,0,0,4.0
109,0,10,25.73,63907.4,0,76,47,4.0
109,0,11,9.19,2440321.0,309,0,0,4.0
109,0,12,11.11,2677530.0,325,0,0,4.0
109,0,13,15.51,523553.4,35,76,17,4.0
109,0,14,23.28,2965408.0,369,0,0,4.0
109,0,15,21.85,2220118.3,279,1,0,4.0
109,0,16,21.6,923.4,0,85,37,4.0
109,0,17,23.82,1833721.3,229,4,0,4.0
109,0,18,27.48,2013617.0,257,0,0,4.0
109,0,19,5.6,31081.0,0,100,21,4.0
109,0,20,13.77,3003609.0,373,0,0,4.0
109,0,21,17.56,2176402.0,273,0,0,4.0
109,0,22,22.78,82803.3,0,90,29,4.0
109,0,23,12.17,101694.4,1,103,13,4.0
109,0,24,22.8,0.0,0,0,0,0.0
109,0,25,12.77,0.0,0,0,0,0.0
109,0,26,10.24,0.0,0,0,0,0.0
109,0,27,18.02,0.0,0,0,0,0.0
109,0,28,17.56,0.0,0,0,0,0.0
109,0,29,14.3,0.0,0,0,0,0.0
109,0,30,23.94,0.0,0,0,0,0.0
109,0,31,26.59,0.0,0,0,0,0.0
109,1,0,15.71,278697.4,9,73,41,3.998
109,1,1,17.29,2436077.0,305,0,0,3.999
109,1,2,19.04,714533.5,81,52,9,4.0
109,1,3,16.81,2839952.0,357,0,0,4.0
109,1,4,25.54,21195.5,0,81,47,3.997
109,1,5,18.36,2356382.3,295,2,0,4.0
109,1,6,8.63,1757580.6,218,7,0,4.0
109,1,7,5.33,2256236.6,283,2,0,4.0
109,1,8,8.28,2583256.0,330,0,0,4.0
109,1,9,16.95,296621.1,9,71,40,4.0
109,1,10,5.22,2565497.0,320,0,0,4.0
109,1,11,27.19,2444794.3,315,0,0,4.0
109,1,12,16.04,12644.2,0,84,37,3.992
109,1,13,25.94,2149737.8,266,1,0,4.0
109,1,14,7.56,2368102.0,293,0,0,3.999
109,1,15,10.93,1702770.2,212,4,0,3.999
109,1,16,21.21,2575225.0,324,0,0,4.0
109,1,17,10.16,2328390.0,282,0,0,3.999
109,1,18,13.45,1527638.8,177,20,3,4.0
109,1,19,28.59,741154.7,57,62,15,4.0
109,1,20,28.46,2262933.0,291,0,0,4.0
109,1,21,7.19,1542074.9,191,11,0,4.0
109,1,22,21.02,2156695.0,272,0,0,4.0
109,1,23,22.73,1169265.2,130,34,6,4.0
109,1,24,27.19,49501.7,0,88,35,3.994
109,1,25,13.95,565254.9,45,72,15,4.0
109,1,26,20.95,2515822.0,313,0,0,4.0
109,1,27,28.46,0.0,0,0,0,0.0
109,1,28,27.22,0.0,0,0,0,0.0
109,1,29,21.5,0.0,0,0,0,0.0
109,1,30,21.16,0.0,0,0,0,0.0
109,1,31,18.93,0.0,0,0,0,0.0
109,2,0,6.96,6837.8,0,90,32,3.997
109,2,1,7.77,1701748.7,212,3,0,4.0
109,2,2,20.56,482412.8,38,63,29,4.0
109,2,3,13.62,2079659.4,260,0,0,4.0
109,2,4,16.07,2342890.0,290,0,0,4.0
109,2,5,14.57,3288.7,0,75,53,4.0
109,2,6,13.01,2771958.0,343,0,0,4.0
109,2,7,22.07,1765217.8,224,5,0,4.0
109,2,8,12.5,1391842.9,164,19,0,4.0
109,2,9,25.95,528422.2,44,81,8,3.998
109,2,10,28.65,1918037.5,231,2,0,4.0
109,2,11,13.51,496080.8,37,85,11,3.999
109,2,12,8.75,2881712.0,359,0,0,4.0
109,2,13,16.81,1569645.5,198,1,0,4.0
109,2,14,15.53,1993418.0,251,0,0,4.0
109,2,15,24.33,1704352.3,200,12,1,4.0
109,2,16,27.2,2330509.0,292,0,0,4.0
109,2,17,22.13,2753137.0,335,0,0,4.0
109,2,18,7.17,2382714.0,301,0,0,4.0
109,2,19,25.2,1851039.0,239,4,0,4.0
109,2,20,14.13,65329.2,0,79,47,3.999
109,2,21,13.24,1704853.4,219,5,0,4.0
109,2,22,17.91,2380996.0,305,0,0,4.0
109,2,23,17.9,2369565.0,291,0,0,4.0
109,2,24,22.87,870158.7,80,63,7,4.0
109,2,25,14.85,30951.1,0,93,32,4.0
109,2,26,13.33,1415936.0,171,20,2,4.0
109,2,27,21.36,2542264.0,317,0,0,4.0
109,2,28,11.89,1134440.6,130,21,6,4.0
109,2,29,27.14,2332240.0,298,0,0,4.0
109,2,30,26.39,0.0,0,0,0,0.0
109,2,31,12.54,0.0,0,0,0,0.0
119,0,0,6.65,197040.0,2,104,14,4.0
119,0,1,22.27,9723.0,0,100,18,4.0
119,0,2,20.19,2588606.0,321,0,0,4.0
119,0,3,15.08,3072603.0,378,0,0,4.0
119,0,4,12.66,109022.9,0,86,39,4.0
119,0,5,12.32,2630837.0,331,0,0,4.0
119,0,6,23.59,54016.3,0,89,21,4.0
119,0,7,29.41,2702246.0,354,0,0,4.0
119,0,8,26.89,700546.6,55,63,20,4.0
119,0,9,11.95,2358196.0,290,0,0,4.0
119,0,10,25.73,56970.2,0,84,37,4.0
119,0,11,9.19,2402136.0,306,0,0,4.0
119,0,12,11.11,2541361.0,312,0,0,4.0
119,0,13,15.51,549000.9,30,79,23,4.0
119,0,14,23.28,2999487.0,379,0,0,4.0
119,0,15,21.85,2270645.0,285,0,0,4.0
119,0,16,21.6,1006.3,0,86,35,4.0
119,0,17,23.82,1817954.6,219,2,0,4.0
119,0,18,27.48,1989829.0,244,1,0,4.0
119,0,19,5.6,34919.2,0,85,23,4.0
119,0,20,13.77,2775206.0,346,0,0,4.0
119,0,21,17.56,2467997.0,309,0,0,4.0
119,0,22,22.78,83469.2,0,92,23,4.0
119,0,23,12.17,105902.5,0,100,16,4.0
119,0,24,22.8,0.0,0,0,0,0.0
119,0,25,12.77,0.0,0,0,0,0.0
119,0,26,10.24,0.0,0,0,0,0.0
119,0,27,18.02,0.0,0,0,0,0.0
119,0,28,17.56,0.0,0,0,0,0.0
119,0,29,14.3,0.0,0,0,0,0.0
119,0,30,23.94,0.0,0,0,0,0.0
119,0,31,26.59,0.0,0,0,0,0.0
119,1,0,15.71,271963.2,13,74,36,4.0
119,1,1,17.29,2446662.0,304,0,0,4.0
119,1,2,19.04,720829.6,66,71,0,3.999
119,1,3,16.81,2886271.0,350,0,0,4.0
119,1,4,25.54,29228.3,0,75,52,3.995
119,1,5,18.36,2192824.5,287,1,0,4.0
119,1,6,8.63,1748936.7,222,5,0,4.0
119,1,7,5.33,2365463.2,295,1,0,4.0
119,1,8,8.28,2355044.0,290,0,0,4.0
119,1,9,16.95,311135.6,16,75,39,3.997
119,1,10,5.22,2730945.0,343,0,0,4.0
119,1,11,27.19,2244464.0,281,0,0,4.0
119,1,12,16.04,13731.0,0,88,35,3.995
119,1,13,25.94,2182503.0,274,0,0,3.999
119,1,14,7.56,2258752.0,288,0,0,4.0
119,1,15,10.93,1731480.2,216,5,0,3.999
119,1,16,21.21,2575926.1,320,0,0,4.0
119,1,17,10.16,2495634.4,309,1,0,4.0
119,1,18,13.45,1514148.1,177,20,1,3.999
119,1,19,28.59,719195.0,72,57,15,4.0
119,1,20,28.46,2183984.0,274,0,0,4.0
119,1,21,7.19,1554838.2,196,7,0,4.0
119,1,22,21.02,2228639.5,283,0,0,4.0
119,1,23,22.73,1096345.2,128,33,2,3.999
119,1,24,27.19,45626.0,0,93,30,3.993
119,1,25,13.95,660354.0,49,62,24,4.0
119,1,26,20.95,2303694.0,291,0,0,3.997
119,1,27,28.46,0.0,0,0,0,0.0
119,1,28,27.22,0.0,0,0,0,0.0
119,1,29,21.5,0.0,0,0,0,0.0
119,1,30,21.16,0.0,0,0,0,0.0
119,1,31,18.93,0.0,0,0,0,0.0
119,2,0,6.96,5379.6,0,89,32,3.999
119,2,1,7.77,1999068.0,243,1,0,4.0
119,2,2,20.56,416933.2,24,69,30,4.0
119,2,3,13.62,2303713.0,290,0,0,4.0
119,2,4,16.07,2495639.0,304,0,0,4.0
119,2,5,14.57,4566.7,0,81,44,4.0
119,2,6,13.01,2753795.0,345,0,0,4.0
119,2,7,22.07,1680230.5,211,7,0,4.0
119,2,8,12.5,1339924.1,156,29,1,4.0
119,2,9,25.95,511176.7,40,68,15,4.0
119,2,10,28.65,1909478.3,236,1,0,4.0
119,2,11,13.51,461315.6,35,87,11,3.999
119,2,12,8.75,2935110.0,361,0,0,4.0
119,2,13,16.81,1829004.1,223,3,0,3.999
119,2,14,15.53,2020664.0,256,0,0,4.0
119,2,15,24.33,1592410.4,195,9,0,4.0
119,2,16,27.2,2414328.0,301,0,0,4.0
119,2,17,22.13,2547277.0,313,0,0,4.0
119,2,18,7.17,2536914.0,323,0,0,4.0
119,2,19,25.2,1917355.9,243,6,0,4.0
119,2,20,14.13,65323.3,1,81,37,3.998
119,2,21,13.24,1798589.8,217,5,0,4.0
119,2,22,17.91,2612404.0,320,0,0,4.0
119,2,23,17.9,2369227.0,290,0,0,4.0
119,2,24,22.87,772569.3,80,54,3,3.999
119,2,25,14.85,44179.5,0,91,29,3.997
119,2,26,13.33,1442320.1,168,16,3,4.0
119,2,27,21.36,2275986.0,288,0,0,4.0
119,2,28,11.89,1165744.5,133,26,5,4.0
119,2,29,27.14,2464563.0,315,0,0,4.0
119,2,30,26.39,0.0,0,0,0,0.0
119,2,31,12.54,0.0,0,0,0,0.0
129,0,0,6.65,229534.2,4,100,16,4.0
129,0,1,22.27,7677.1,0,93,23,4.0
129,0,2,20.19,2535510.0,321,0,0,4.0
129,0,3,15.08,2980537.0,370,0,0,4.0
129,0,4,12.66,91227.4,0,80,38,4.0
129,0,5,12.32,2864563.0,360,0,0,4.0
129,0,6,23.59,71130.3,0,91,13,4.0
129,0,7,29.41,2935182.0,366,0,0,4.0
129,0,8,26.89,696221.7,54,61,20,4.0
129,0,9,11.95,2322218.0,296,0,0,4.0
129,0,10,25.73,54440.2,0,86,42,4.0
129,0,11,9.19,2404308.0,307,0,0,4.0
129,0,12,11.11,2533448.0,317,0,0,4.0
129,0,13,15.51,539669.1,36,67,23,4.0
129,0,14,23.28,3175316.0,387,0,0,4.0
129,0,15,21.85,2327325.0,287,0,0,4.0
129,0,16,21.6,1275.1,0,83,42,4.0
129,0,17,23.82,1901051.2,241,3,0,4.0
129,0,18,27.48,1941420.0,247,0,0,4.0
129,0,19,5.6,35563.1,0,100,21,4.0
129,0,20,13.77,2908134.0,365,0,0,4.0
129,0,21,17.56,2289201.0,284,0,0,4.0
129,0,22,22.78,80101.0,0,101,18,4.0
129,0,23,12.17,97456.2,0,101,14,4.0
129,0,24,22.8,0.0,0,0,0,0.0
129,0,25,12.77,0.0,0,0,0,0.0
129,0,26,10.24,0.0,0,0,0,0.0
129,0,27,18.02,0.0,0,0,0,0.0
129,0,28,17.56,0.0,0,0,0,0.0
129,0,29,14.3,0.0,0,0,0,0.0
129,0,30,23.94,0.0,0,0,0,0.0
129,0,31,26.59,0.0,0,0,0,0.0
129,1,0,15.71,221755.5,6,91,37,3.997
129,1,1,17.29,2461161.0,310,0,0,4.0
129,1,2,19.04,858831.0,92,56,2,3.998
129,1,3,16.81,2822046.0,366,0,0,4.0
129,1,4,25.54,22920.4,0,86,52,3.998
129,1,5,18.36,2352309.3,292,2,0,4.0
129,1,6,8.63,1623356.0,195,10,0,3.999
129,1,7,5.33,2325264.7,288,5,0,4.0
129,1,8,8.28,2390890.0,301,0,0,4.0
129,1,9,16.95,298908.9,15,70,37,3.999
129,1,10,5.22,2841926.0,355,0,0,4.0
129,1,11,27.19,2235867.8,284,0,0,4.0
129,1,12,16.04,13045.8,0,86,40,3.996
129,1,13,25.94,2238809.4,275,1,0,3.999
129,1,14,7.56,2211638.0,277,0,0,4.0
129,1,15,10.93,1743945.3,219,5,0,3.999
129,1,16,21.21,2601041.0,317,0,0,3.998
129,1,17,10.16,2301652.8,280,2,0,4.0
129,1,18,13.45,1422468.9,174,19,1,4.0
129,1,19,28.59,763050.6,79,54,6,3.998
129,1,20,28.46,2474337.0,300,0,0,3.999
129,1,21,7.19,1581547.0,194,9,0,4.0
129,1,22,21.02,2333108.0,297,0,0,4.0
129,1,23,22.73,1207337.8,138,27,1,4.0
129,1,24,27.19,53960.9,0,89,42,3.995
129,1,25,13.95,579516.9,48,57,18,4.0
129,1,26,20.95,2383655.0,303,0,0,3.999
129,1,27,28.46,0.0,0,0,0,0.0
129,1,28,27.22,0.0,0,0,0,0.0
129,1,29,21.5,0.0,0,0,0,0.0
129,1,30,21.16,0.0,0,0,0,0.0
129,1,31,18.93,0.0,0,0,0,0.0
129,2,0,6.96,7239.9,0,91,36,4.0
129,2,1,7.77,2088373.9,256,2,0,4.0
129,2,2,20.56,448668.7,29,74,25,4.0
129,2,3,13.62,2375151.0,289,0,0,4.0
129,2,4,16.07,2405788.0,307,0,0,4.0
129,2,5,14.57,4018.0,0,86,34,4.0
129,2,6,13.01,2666365.0,336,0,0,4.0
129,2,7,22.07,1684475.4,211,3,0,4.0
129,2,8,12.5,1486781.0,175,14,1,4.0
129,2,9,25.95,489027.6,32,84,8,3.999
129,2,10,28.65,1918078.6,238,1,0,3.999
129,2,11,13.51,458850.3,25,86,18,3.998
129,2,12,8.75,2722459.0,339,0,0,4.0
129,2,13,16.81,1685140.0,211,6,0,4.0
129,2,14,15.53,1917720.0,242,0,0,4.0
129,2,15,24.33,1621031.7,194,11,0,3.999
129,2,16,27.2,2343594.0,293,0,0,3.999
129,2,17,22.13,2416850.0,300,0,0,4.0
129,2,18,7.17,2512596.0,316,0,0,4.0
129,2,19,25.2,1906366.7,230,6,0,4.0
129,2,20,14.13,59929.9,0,73,57,4.0
129,2,21,13.24,1698806.8,209,5,0,4.0
129,2,22,17.91,2521546.9,310,0,0,4.0
129,2,23,17.9,2291134.9,286,0,0,4.0
129,2,24,22.87,847232.7,80,64,3,3.999
129,2,25,14.85,40023.3,0,93,30,4.0
129,2,26,13.33,1479512.5,176,16,4,4.0
129,2,27,21.36,2413304.0,301,0,0,4.0
129,2,28,11.89,1206387.9,139,27,5,4.0
129,2,29,27.14,2512416.0,308,0,0,4.0
129,2,30,26.39,0.0,0,0,0,0.0
129,2,31,12.54,0.0,0,0,0,0.0
139,0,0,6.65,248714.8,7,84,22,4.0
139,0,1,22.27,8373.1,0,110,17,4.0
139,0,2,20.19,2391198.0,296,0,0,4.0
139,0,3,15.08,2842992.0,361,0,0,4.0
139,0,4,12.66,95895.3,0,88,35,4.0
139,0,5,12.32,2869507.0,366,0,0,4.0
139,0,6,23.59,61446.7,0,90,25,4.0
139,0,7,29.41,2905405.0,362,0,0,4.0
139,0,8,26.89,625748.2,57,65,13,4.0
139,0,9,11.95,2305242.0,287,0,0,4.0
139,0,10,25.73,58849.3,0,96,31,4.0
139,0,11,9.19,2471172.3,307,0,0,4.0
139,0,12,11.11,2532731.0,322,0,0,4.0
139,0,13,15.51,489381.2,31,79,17,4.0
139,0,14,23.28,3468226.0,425,0,0,4.0
139,0,15,21.85,2240668.0,284,0,0,4.0
139,0,16,21.6,1131.2,0,77,52,4.0
139,0,17,23.82,1932385.3,240,3,0,4.0
139,0,18,27.48,2054655.0,253,0,0,4.0
139,0,19,5.6,30472.5,0,85,25,4.0
139,0,20,13.77,2931364.0,361,0,0,4.0
139,0,21,17.56,2389977.0,302,0,0,4.0
139,0,22,22.78,79127.1,0,94,26,4.0
139,0,23,12.17,88656.4,0,96,17,4.0
139,0,24,22.8,0.0,0,0,0,0.0
139,0,25,12.77,0.0,0,0,0,0.0
139,0,26,10.24,0.0,0,0,0,0.0
139,0,27,18.02,0.0,0,0,0,0.0
139,0,28,17.56,0.0,0,0,0,0.0
139,0,29,14.3,0.0,0,0,0,0.0
139,0,30,23.94,0.0,0,0,0,0.0
139,0,31,26.59,0.0,0,0,0,0.0
139,1,0,15.71,218907.6,9,79,31,3.999
139,1,1,17.29,2375061.0,302,0,0,4.0
139,1,2,19.04,749752.2,72,62,1,3.999
139,1,3,16.81,2730739.0,338,0,0,4.0
139,1,4,25.54,21063.5,0,73,49,3.993
139,1,5,18.36,2318788.6,286,2,0,3.999
139,1,6,8.63,1604084.1,201,8,0,4.0
139,1,7,5.33,2369945.0,300,1,0,4.0
139,1,8,8.28,2582227.0,318,0,0,3.999
139,1,9,16.95,266550.9,10,77,37,3.997
139,1,10,5.22,2730834.0,335,0,0,3.998
139,1,11,27.19,2358062.0,293,0,0,4.0
139,1,12,16.04,14577.8,0,91,30,3.995
139,1,13,25.94,2215442.4,282,1,0,3.999
139,1,14,7.56,2362732.0,300,0,0,3.999
139,1,15,10.93,1660306.5,209,3,0,3.999
139,1,16,21.21,2520776.0,321,0,0,4.0
139,1,17,10.16,2328771.0,287,0,0,3.999
139,1,18,13.45,1519926.4,174,21,3,4.0
139,1,19,28.59,741883.6,67,63,14,3.998
139,1,20,28.46,2346932.0,296,0,0,3.997
139,1,21,7.19,1682441.3,206,7,1,3.997
139,1,22,21.02,2211486.0,280,0,0,3.996
139,1,23,22.73,1190296.2,138,26,3,3.999
139,1,24,27.19,48647.6,0,77,49,3.99
139,1,25,13.95,658693.2,50,66,17,3.999
139,1,26,20.95,2544821.0,312,0,0,3.999
139,1,27,28.46,0.0,0,0,0,0.0
139,1,28,27.22,0.0,0,0,0,0.0
139,1,29,21.5,0.0,0,0,0,0.0
139,1,30,21.16,0.0,0,0,0,0.0
139,1,31,18.93,0.0,0,0,0,0.0
139,2,0,6.96,9341.3,0,93,25,3.988
139,2,1,7.77,1924778.5,242,2,0,4.0
139,2,2,20.56,398597.1,22,84,22,3.999
139,2,3,13.62,2213887.0,280,0,0,4.0
139,2,4,16.07,2405898.0,301,0,0,4.0
139,2,5,14.57,4848.7,0,81,37,3.999
139,2,6,13.01,2846712.0,351,0,0,4.0
139,2,7,22.07,1584032.9,202,4,0,4.0
139,2,8,12.5,1395706.0,167,23,1,3.999
139,2,9,25.95,450242.1,37,82,10,3.999
139,2,10,28.65,1880887.5,232,1,0,4.0
139,2,11,13.51,413622.8,29,81,15,3.999
139,2,12,8.75,2907248.0,354,0,0,4.0
139,2,13,16.81,1726957.8,213,3,0,3.999
139,2,14,15.53,2090129.0,260,0,0,3.997
139,2,15,24.33,1563145.9,190,11,0,3.999
139,2,16,27.2,2516523.0,305,0,0,3.997
139,2,17,22.13,2525022.0,318,0,0,3.998
139,2,18,7.17,2508679.0,316,0,0,4.0
139,2,19,25.2,1790213.0,223,6,0,4.0
139,2,20,14.13,55754.3,0,82,57,3.999
139,2,21,13.24,1711328.4,205,8,0,4.0
139,2,22,17.91,2432013.0,305,0,0,4.0
139,2,23,17.9,2241252.0,282,0,0,4.0
139,2,24,22.87,914751.3,97,46,3,3.999
139,2,25,14.85,29952.3,0,98,29,3.999
139,2,26,13.33,1490877.1,183,10,1,3.999
139,2,27,21.36,2358391.8,303,0,0,4.0
139,2,28,11.89,1241065.0,146,26,6,4.0
139,2,29,27.14,2455374.0,301,0,0,4.0
139,2,30,26.39,0.0,0,0,0,0.0
139,2,31,12.54,0.0,0,0,0,0.0
149,0,0,6.65,246865.3,5,96,15,4.0
149,0,1,22.27,9299.1,0,93,18,4.0
149,0,2,20.19,2399895.0,299,0,0,4.0
149,0,3,15.08,2982006.0,381,0,0,4.0
149,0,4,12.66,99778.5,1,85,37,4.0
149,0,5,12.32,2705204.0,343,0,0,4.0
149,0,6,23.59,61342.3,0,95,22,4.0
149,0,7,29.41,3076919.0,384,0,0,4.0
149,0,8,26.89,683990.5,61,58,12,4.0
149,0,9,11.95,2397609.0,303,0,0,4.0
149,0,10,25.73,53419.1,0,95,34,4.0
149,0,11,9.19,2518991.0,310,0,0,4.0
149,0,12,11.11,2450942.0,306,0,0,4.0
149,0,13,15.51,441696.2,29,78,18,4.0
149,0,14,23.28,3126563.0,386,0,0,4.0
149,0,15,21.85,2228102.0,275,0,0,4.0
149,0,16,21.6,1237.5,0,82,41,4.0
149,0,17,23.82,1814679.8,225,5,0,4.0
149,0,18,27.48,2044477.4,256,2,0,4.0
149,0,19,5.6,31509.8,0,96,26,4.0
149,0,20,13.77,3028446.0,379,0,0,4.0
149,0,21,17.56,2198571.0,281,0,0,4.0
149,0,22,22.78,85511.5,0,99,22,4.0
149,0,23,12.17,83209.1,0,108,13,4.0
149,0,24,22.8,0.0,0,0,0,0.0
149,0,25,12.77,0.0,0,0,0,0.0
149,0,26,10.24,0.0,0,0,0,0.0
149,0,27,18.02,0.0,0,0,0,0.0
149,0,28,17.56,0.0,0,0,0,0.0
149,0,29,14.3,0.0,0,0,0,0.0
149,0,30,23.94,0.0,0,0,0,0.0
149,0,31,26.59,0.0,0,0,0,0.0
149,1,0,15.71,225007.6,7,78,41,4.0
149,1,1,17.29,2283087.0,291,0,0,4.0
149,1,2,19.04,798005.6,77,54,1,4.0
149,1,3,16.81,2757496.0,343,0,0,4.0
149,1,4,25.54,26756.2,0,74,53,3.998
149,1,5,18.36,2328246.0,288,0,0,4.0
149,1,6,8.63,1665102.4,204,8,0,3.999
149,1,7,5.33,2332111.5,287,1,0,4.0
149,1,8,8.28,2477426.0,315,0,0,4.0
149,1,9,16.95,279262.8,10,80,36,3.998
149,1,10,5.22,2804960.0,361,0,0,3.998
149,1,11,27.19,2213110.0,276,1,0,4.0
149,1,12,16.04,14428.4,0,83,37,3.999
149,1,13,25.94,2054379.0,263,0,0,4.0
149,1,14,7.56,2334148.4,287,1,0,4.0
149,1,15,10.93,1725019.2,218,4,0,3.999
149,1,16,21.21,2554845.0,318,0,0,4.0
149,1,17,10.16,2223393.0,271,0,0,4.0
149,1,18,13.45,1506077.4,177,15,0,4.0
149,1,19,28.59,767377.5,66,70,8,3.999
149,1,20,28.46,2305601.4,283,0,0,4.0
149,1,21,7.19,1649931.8,200,8,0,3.999
149,1,22,21.02,2291140.0,287,0,0,4.0
149,1,23,22.73,1187441.2,122,45,4,4.0
149,1,24,27.19,55719.7,0,84,37,3.996
149,1,25,13.95,619878.5,59,60,14,4.0
149,1,26,20.95,2472081.0,316,0,0,4.0
149,1,27,28.46,0.0,0,0,0,0.0
149,1,28,27.22,0.0,0,0,0,0.0
149,1,29,21.5,0.0,0,0,0,0.0
149,1,30,21.16,0.0,0,0,0,0.0
149,1,31,18.93,0.0,0,0,0,0.0
149,2,0,6.96,7627.4,0,102,27,4.0
149,2,1,7.77,1884260.0,239,2,1,4.0
149,2,2,20.56,435796.2,24,76,20,4.0
149,2,3,13.62,2051719.5,258,0,0,4.0
149,2,4,16.07,2491634.0,315,0,0,4.0
149,2,5,14.57,5234.0,0,70,50,3.997
149,2,6,13.01,2643155.0,330,0,0,4.0
149,2,7,22.07,1588441.3,202,9,0,4.0
149,2,8,12.5,1342573.9,163,19,0,4.0
149,2,9,25.95,436663.4,28,85,16,3.998
149,2,10,28.65,1916714.7,244,3,0,3.999
149,2,11,13.51,430096.5,36,73,14,3.999
149,2,12,8.75,2707636.0,343,0,0,4.0
149,2,13,16.81,1698755.0,215,2,0,4.0
149,2,14,15.53,2002546.1,252,0,0,3.999
149,2,15,24.33,1584986.3,193,10,0,4.0
149,2,16,27.2,2367363.0,293,0,0,4.0
149,2,17,22.13,2419853.0,310,0,0,4.0
149,2,18,7.17,2489266.0,310,0,0,4.0
149,2,19,25.2,1774006.7,218,6,0,3.999
149,2,20,14.13,56217.3,0,70,56,3.998
149,2,21,13.24,1823596.7,224,8,0,4.0
149,2,22,17.91,2657173.0,321,0,0,3.999
149,2,23,17.9,2265420.0,293,0,0,4.0
149,2,24,22.87,864529.3,88,62,2,4.0
149,2,25,14.85,37209.2,0,91,35,4.0
149,2,26,13.33,1468309.5,176,16,5,4.0
149,2,27,21.36,2588763.0,311,0,0,4.0
149,2,28,11.89,1285866.1,146,32,4,4.0
149,2,29,27.14,2514940.0,305,0,0,4.0
149,2,30,26.39,0.0,0,0,0,0.0
149,2,31,12.54,0.0,0,0,0,0.0
159,0,0,6.65,229052.9,4,103,14,4.0
159,0,1,22.27,10900.6,0,89,30,4.0
159,0,2,20.19,2542331.0,309,0,0,4.0
159,0,3,15.08,2933291.0,364,0,0,4.0
159,0,4,12.66,100141.6,1,94,34,4.0
159,0,5,12.32,3067239.0,394,0,0,4.0
159,0,6,23.59,54630.0,0,96,19,4.0
159,0,7,29.41,2887582.0,362,0,0,4.0
159,0,8,26.89,576110.8,45,73,16,4.0
159,0,9,11.95,2372999.0,299,0,0,4.0
159,0,10,25.73,59800.7,0,81,39,4.0
159,0,11,9.19,2579237.0,308,0,0,4.0
159,0,12,11.11,2647938.0,325,0,0,4.0
159,0,13,15.51,478939.5,29,78,16,4.0
159,0,14,23.28,3268543.0,413,0,0,4.0
159,0,15,21.85,2281382.0,285,0,0,4.0
159,0,16,21.6,1091.9,0,82,39,4.0
159,0,17,23.82,1674315.3,220,5,0,4.0
159,0,18,27.48,2060100.1,251,3,0,4.0
159,0,19,5.6,33781.4,0,98,21,4.0
159,0,20,13.77,3006197.0,373,0,0,4.0
159,0,21,17.56,2332518.0,288,0,0,4.0
159,0,22,22.78,75061.7,0,96,22,4.0
159,0,23,12.17,96498.0,1,104,11,4.0
159,0,24,22.8,0.0,0,0,0,0.0
159,0,25,12.77,0.0,0,0,0,0.0
159,0,26,10.24,0.0,0,0,0,0.0
159,0,27,18.02,0.0,0,0,0,0.0
159,0,28,17.56,0.0,0,0,0,0.0
159,0,29,14.3,0.0,0,0,0,0.0
159,0,30,23.94,0.0,0,0,0,0.0
159,0,31,26.59,0.0,0,0,0,0.0
159,1,0,15.71,239237.7,9,76,46,3.998
159,1,1,17.29,2357178.0,289,0,0,3.997
159,1,2,19.04,674389.0,67,67,3,4.0
159,1,3,16.81,2779408.0,344,0,0,4.0
159,1,4,25.54,22784.7,0,75,55,3.997
159,1,5,18.36,2384652.3,301,1,0,3.997
159,1,6,8.63,1844311.1,220,8,0,4.0
159,1,7,5.33,2507109.4,315,1,0,4.0
159,1,8,8.28,2522252.0,322,0,0,3.998
159,1,9,16.95,279932.5,10,81,37,4.0
159,1,10,5.22,2755224.0,353,0,0,4.0
159,1,11,27.19,2299779.0,284,0,0,4.0
159,1,12,16.04,13765.6,0,85,42,3.995
159,1,13,25.94,2084189.4,261,1,0,4.0
159,1,14,7.56,2364689.0,292,0,0,3.999
159,1,15,10.93,1719009.0,214,4,0,3.997
159,1,16,21.21,2695231.0,335,0,0,3.997
159,1,17,10.16,2227139.0,277,0,0,4.0
159,1,18,13.45,1472975.0,175,15,1,3.996
159,1,19,28.59,745943.0,67,60,12,3.998
159,1,20,28.46,2352701.0,286,0,0,4.0
159,1,21,7.19,1578130.6,201,9,0,3.996
159,1,22,21.02,2303051.0,280,0,0,3.996
159,1,23,22.73,1153095.4,136,28,0,3.999
159,1,24,27.19,60691.5,0,82,39,3.998
159,1,25,13.95,635070.7,58,63,18,3.999
159,1,26,20.95,2312906.0,298,0,0,3.997
159,1,27,28.46,0.0,0,0,0,0.0
159,1,28,27.22,0.0,0,0,0,0.0
159,1,29,21.5,0.0,0,0,0,0.0
159,1,30,21.16,0.0,0,0,0,0.0
159,1,31,18.93,0.0,0,0,0,0.0
159,2,0,6.96,8573.0,0,80,42,4.0
159,2,1,7.77,1816341.6,231,0,0,4.0
159,2,2,20.56,355204.2,17,81,28,4.0
159,2,3,13.62,2330287.0,285,0,0,4.0
159,2,4,16.07,2389751.0,300,0,0,4.0
159,2,5,14.57,5592.6,0,67,62,3.999
159,2,6,13.01,2774539.0,352,0,0,4.0
159,2,7,22.07,1649305.3,197,6,0,3.999
159,2,8,12.5,1457968.6,160,22,1,4.0
159,2,9,25.95,457042.4,34,73,19,3.999
159,2,10,28.65,1923308.6,243,2,0,4.0
159,2,11,13.51,447942.4,32,87,11,3.999
159,2,12,8.75,2834541.0,364,0,0,4.0
159,2,13,16.81,1665880.2,207,2,0,4.0
159,2,14,15.53,2001754.0,242,0,0,4.0
159,2,15,24.33,1613917.6,195,9,0,4.0
159,2,16,27.2,2379694.0,297,0,0,4.0
159,2,17,22.13,2508089.0,316,0,0,4.0
159,2,18,7.17,2525228.0,318,0,0,4.0
159,2,19,25.2,1858362.4,230,2,0,4.0
159,2,20,14.13,58040.9,0,83,43,4.0
159,2,21,13.24,1660800.3,209,2,0,4.0
159,2,22,17.91,2357661.0,295,0,0,4.0
159,2,23,17.9,2385864.0,297,0,0,3.999
159,2,24,22.87,820155.7,84,64,1,4.0
159,2,25,14.85,41133.5,0,90,27,4.0
159,2,26,13.33,1435686.9,176,13,4,4.0
159,2,27,21.36,2434449.0,304,0,0,4.0
159,2,28,11.89,1275579.2,135,31,6,4.0
159,2,29,27.14,2528988.0,324,0,0,4.0
159,2,30,26.39,0.0,0,0,0,0.0
159,2,31,12.54,0.0,0,0,0,0.0
169,0,0,6.65,249555.8,10,97,7,4.0
169,0,1,22.27,10196.8,0,94,22,4.0
169,0,2,20.19,2521420.0,322,0,0,4.0
169,0,3,15.08,3115000.0,387,0,0,4.0
169,0,4,12.66,102508.9,0,82,41,4.0
169,0,5,12.32,2941754.0,361,0,0,4.0
169,0,6,23.59,75226.6,0,98,18,4.0
169,0,7,29.41,2990674.0,371,0,0,4.0
169,0,8,26.89,613544.2,48,66,22,4.0
169,0,9,11.95,2270404.0,284,0,0,4.0
169,0,10,25.73,54358.3,0,82,42,4.0
169,0,11,9.19,2392076.0,297,0,0,4.0
169,0,12,11.11,2573340.0,319,0,0,4.0
169,0,13,15.51,482687.4,33,75,13,4.0
169,0,14,23.28,3107078.0,384,0,0,4.0
169,0,15,21.85,2232775.0,275,0,0,4.0
169,0,16,21.6,1203.2,0,78,48,4.0
169,0,17,23.82,1898303.3,239,1,0,4.0
169,0,18,27.48,1937741.0,247,1,0,4.0
169,0,19,5.6,36402.5,0,97,22,4.0
169,0,20,13.77,2837752.0,358,0,0,4.0
169,0,21,17.56,2362681.0,301,0,0,4.0
169,0,22,22.78,82577.8,0,92,21,4.0
169,0,23,12.17,85032.8,0,106,12,4.0
169,0,24,22.8,0.0,0,0,0,0.0
169,0,25,12.77,0.0,0,0,0,0.0
169,0,26,10.24,0.0,0,0,0,0.0
169,0,27,18.02,0.0,0,0,0,0.0
169,0,28,17.56,0.0,0,0,0,0.0
169,0,29,14.3,0.0,0,0,0,0.0
169,0,30,23.94,0.0,0,0,0,0.0
169,0,31,26.59,0.0,0,0,0,0.0
169,1,0,15.71,218211.7,5,84,39,3.997
169,1,1,17.29,2320108.0,295,0,0,4.0
169,1,2,19.04,768033.1,80,57,0,3.999
169,1,3,16.81,2807015.0,355,0,0,4.0
169,1,4,25.54,27952.5,0,70,62,3.995
169,1,5,18.36,2168082.3,272,4,0,4.0
169,1,6,8.63,1693965.1,208,7,0,4.0
169,1,7,5.33,2436321.0,309,0,0,4.0
169,1,8,8.28,2503120.0,318,0,0,4.0
169,1,9,16.95,280468.5,9,76,42,3.997
169,1,10,5.22,2846630.0,343,0,0,3.998
169,1,11,27.19,2268924.8,284,0,0,4.0
169,1,12,16.04,16548.4,0,82,37,3.997
169,1,13,25.94,2163604.0,258,0,0,4.0
169,1,14,7.56,2452321.0,307,0,0,4.0
169,1,15,10.93,1746051.1,224,5,0,3.999
169,1,16,21.21,2595396.7,326,0,0,4.0
169,1,17,10.16,2310138.0,289,0,0,3.999
169,1,18,13.45,1432614.1,163,18,3,3.998
169,1,19,28.59,750354.4,72,65,8,3.997
169,1,20,28.46,2421999.5,311,0,0,4.0
169,1,21,7.19,1659108.0,206,8,0,4.0
169,1,22,21.02,2295473.1,287,0,0,3.999
169,1,23,22.73,1079902.5,124,38,2,4.0
169,1,24,27.19,63545.0,0,75,42,3.998
169,1,25,13.95,592818.4,47,72,10,4.0
169,1,26,20.95,2401384.0,296,0,0,4.0
169,1,27,28.46,0.0,0,0,0,0.0
169,1,28,27.22,0.0,0,0,0,0.0
169,1,29,21.5,0.0,0,0,0,0.0
169,1,30,21.16,0.0,0,0,0,0.0
169,1,31,18.93,0.0,0,0,0,0.0
169,2,0,6.96,11415.7,0,95,34,4.0
169,2,1,7.77,1878178.7,240,4,0,4.0
169,2,2,20.56,417946.3,32,76,16,4.0
169,2,3,13.62,2267584.4,278,0,0,4.0
169,2,4,16.07,2409410.0,302,0,0,4.0
169,2,5,14.57,7778.2,0,72,60,3.999
169,2,6,13.01,2862806.0,360,0,0,4.0
169,2,7,22.07,1477890.0,184,9,0,3.998
169,2,8,12.5,1374012.3,160,23,1,3.999
169,2,9,25.95,514573.8,36,73,16,3.999
169,2,10,28.65,1948401.4,242,4,0,4.0
169,2,11,13.51,469507.2,30,76,15,3.999
169,2,12,8.75,2821076.0,348,0,0,4.0
169,2,13,16.81,1676024.7,208,3,0,3.997
169,2,14,15.53,1906926.0,245,0,0,4.0
169,2,15,24.33,1490356.3,191,7,0,4.0
169,2,16,27.2,2404049.0,296,0,0,4.0
169,2,17,22.13,2463226.0,309,0,0,4.0
169,2,18,7.17,2458667.0,310,0,0,3.998
169,2,19,25.2,1821184.4,226,5,0,3.999
169,2,20,14.13,56003.0,0,85,45,4.0
169,2,21,13.24,1776995.5,217,2,0,3.999
169,2,22,17.91,2556286.0,316,0,0,4.0
169,2,23,17.9,2348728.0,289,0,0,4.0
169,2,24,22.87,843226.8,92,55,3,3.999
169,2,25,14.85,35619.1,0,92,37,4.0
169,2,26,13.33,1456749.8,185,12,0,3.999
169,2,27,21.36,2410667.0,299,0,0,3.998
169,2,28,11.89,1180430.7,130,32,4,4.0
169,2,29,27.14,2440027.0,302,0,0,4.0
169,2,30,26.39,0.0,0,0,0,0.0
169,2,31,12.54,0.0,0,0,0,0.0
179,0,0,6.65,228485.9,7,102,12,4.0
179,0,1,22.27,12666.4,0,92,22,4.0
179,0,2,20.19,2563736.0,325,0,0,4.0
179,0,3,15.08,2987986.0,377,0,0,4.0
179,0,4,12.66,100360.6,0,92,34,4.0
179,0,5,12.32,2909717.0,364,0,0,4.0
179,0,6,23.59,64534.9,0,94,16,4.0
179,0,7,29.41,2859722.0,349,0,0,4.0
179,0,8,26.89,690213.2,66,58,9,4.0
179,0,9,11.95,2385166.0,299,0,0,4.0
179,0,10,25.73,53938.8,0,86,37,4.0
179,0,11,9.19,2430856.0,299,0,0,4.0
179,0,12,11.11,2611668.0,329,0,0,4.0
179,0,13,15.51,463854.4,33,81,12,4.0
179,0,14,23.28,3022620.0,377,0,0,4.0
179,0,15,21.85,2208952.0,281,0,0,4.0
179,0,16,21.6,1206.5,0,87,41,4.0
179,0,17,23.82,1718926.1,209,6,1,4.0
179,0,18,27.48,2063625.0,257,0,0,4.0
179,0,19,5.6,32832.0,0,96,23,4.0
179,0,20,13.77,2989551.0,374,0,0,4.0
179,0,21,17.56,2298941.0,282,0,0,4.0
179,0,22,22.78,86797.4,0,98,20,4.0
179,0,23,12.17,100370.9,0,96,10,4.0
179,0,24,22.8,0.0,0,0,0,0.0
179,0,25,12.77,0.0,0,0,0,0.0
179,0,26,10.24,0.0,0,0,0,0.0
179,0,27,18.02,0.0,0,0,0,0.0
179,0,28,17.56,0.0,0,0,0,0.0
179,0,29,14.3,0.0,0,0,0,0.0
179,0,30,23.94,0.0,0,0,0,0.0
179,0,31,26.59,0.0,0,0,0,0.0
179,1,0,15.71,250232.8,4,82,40,3.999
179,1,1,17.29,2689404.0,345,0,0,4.0
179,1,2,19.04,693444.5,76,63,0,3.999
179,1,3,16.81,2557310.0,324,0,0,4.0
179,1,4,25.54,27422.1,0,75,50,3.998
179,1,5,18.36,2460803.1,306,2,1,4.0
179,1,6,8.63,1668281.3,207,8,0,4.0
179,1,7,5.33,2368784.8,290,3,0,4.0
179,1,8,8.28,2528789.0,324,0,0,4.0
179,1,9,16.95,303975.0,21,79,29,3.999
179,1,10,5.22,2791741.0,339,0,0,4.0
179,1,11,27.19,2173826.0,271,0,0,4.0
179,1,12,16.04,21078.9,0,73,46,3.998
179,1,13,25.94,2217380.2,275,2,0,4.0
179,1,14,7.56,2347733.0,288,0,0,4.0
179,1,15,10.93,1767581.7,226,4,0,4.0
179,1,16,21.21,2549583.0,320,0,0,4.0
179,1,17,10.16,2266008.0,281,0,0,4.0
179,1,18,13.45,1528386.1,180,13,1,4.0
179,1,19,28.59,707268.1,65,58,10,3.999
179,1,20,28.46,2326970.0,297,0,0,4.0
179,1,21,7.19,1657055.5,204,6,0,4.0
179,1,22,21.02,2290246.0,289,0,0,4.0
179,1,23,22.73,1123002.1,125,42,4,3.999
179,1,24,27.19,65859.9,0,88,44,3.997
179,1,25,13.95,571172.2,49,69,7,3.999
179,1,26,20.95,2316263.2,287,0,0,4.0
179,1,27,28.46,0.0,0,0,0,0.0
179,1,28,27.22,0.0,0,0,0,0.0
179,1,29,21.5,0.0,0,0,0,0.0
179,1,30,21.16,0.0,0,0,0,0.0
179,1,31,18.93,0.0,0,0,0,0.0
179,2,0,6.96,7102.3,0,83,36,4.0
179,2,1,7.77,1966241.0,246,1,0,4.0
179,2,2,20.56,373254.8,25,65,27,4.0
179,2,3,13.62,2268750.0,282,0,0,4.0
179,2,4,16.07,2287580.0,282,0,0,4.0
179,2,5,14.57,5746.8,0,77,49,3.998
179,2,6,13.01,2843892.0,354,0,0,4.0
179,2,7,22.07,1659833.6,198,9,0,4.0
179,2,8,12.5,1356907.5,167,16,1,4.0
179,2,9,25.95,529173.0,42,76,12,4.0
179,2,10,28.65,1822455.2,228,3,0,3.998
179,2,11,13.51,449438.9,29,79,14,4.0
179,2,12,8.75,2647570.0,331,0,0,4.0
179,2,13,16.81,1786342.0,220,3,0,4.0
179,2,14,15.53,2047960.0,262,0,0,4.0
179,2,15,24.33,1532841.5,188,14,0,4.0
179,2,16,27.2,2490234.5,310,0,0,4.0
179,2,17,22.13,2411966.0,303,0,0,4.0
179,2,18,7.17,2485348.8,316,0,0,4.0
179,2,19,25.2,1788464.8,225,4,0,4.0
179,2,20,14.13,62354.5,0,79,55,4.0
179,2,21,13.24,1743472.9,209,7,0,4.0
179,2,22,17.91,2483969.0,312,0,0,4.0
179,2,23,17.9,2423405.0,303,0,0,4.0
179,2,24,22.87,789731.0,89,53,2,4.0
179,2,25,14.85,42844.5,0,85,38,4.0
179,2,26,13.33,1461648.6,179,20,0,4.0
179,2,27,21.36,2375204.0,295,0,0,4.0
179,2,28,11.89,1194392.0,129,29,5,3.999
179,2,29,27.14,2353726.0,303,0,0,4.0
179,2,30,26.39,0.0,0,0,0,0.0
179,2,31,12.54,0.0,0,0,0,0.0
189,0,0,6.65,235172.0,7,92,14,4.0
189,0,1,22.27,11474.6,0,90,26,4.0
189,0,2,20.19,2543376.0,320,0,0,4.0
189,0,3,15.08,3045151.0,382,0,0,4.0
189,0,4,12.66,90005.4,0,83,45,4.0
189,0,5,12.32,2768461.0,339,0,0,4.0
189,0,6,23.59,69992.4,0,95,20,4.0
189,0,7,29.41,3043304.0,382,0,0,4.0
189,0,8,26.89,587150.1,38,79,19,4.0
189,0,9,11.95,2411896.0,292,0,0,4.0
189,0,10,25.73,50565.2,0,83,41,4.0
189,0,11,9.19,2564981.2,304,0,0,4.0
189,0,12,11.11,2400900.0,307,0,0,4.0
189,0,13,15.51,512097.1,38,68,19,4.0
189,0,14,23.28,3174308.0,400,0,0,4.0
189,0,15,21.85,2154901.0,270,0,0,4.0
189,0,16,21.6,1169.2,0,83,48,4.0
189,0,17,23.82,1715284.1,217,8,0,4.0
189,0,18,27.48,2054208.7,255,1,0,4.0
189,0,19,5.6,36251.6,0,93,25,4.0
189,0,20,13.77,2989585.0,372,0,0,4.0
189,0,21,17.56,2173674.0,275,0,0,4.0
189,0,22,22.78,81369.1,0,89,28,4.0
189,0,23,12.17,98272.6,0,119,9,4.0
189,0,24,22.8,0.0,0,0,0,0.0
189,0,25,12.77,0.0,0,0,0,0.0
189,0,26,10.24,0.0,0,0,0,0.0
189,0,27,18.02,0.0,0,0,0,0.0
189,0,28,17.56,0.0,0,0,0,0.0
189,0,29,14.3,0.0,0,0,0,0.0
189,0,30,23.94,0.0,0,0,0,0.0
189,0,31,26.59,0.0,0,0,0,0.0
189,1,0,15.71,252814.5,7,77,41,3.996
189,1,1,17.29,2495059.0,318,0,0,3.999
189,1,2,19.04,729489.0,81,56,1,3.997
189,1,3,16.81,2582464.0,324,0,0,4.0
189,1,4,25.54,23129.1,0,78,52,3.999
189,1,5,18.36,2358667.8,292,2,0,4.0
189,1,6,8.63,1629926.8,211,2,0,4.0
189,1,7,5.33,2167686.8,269,1,0,4.0
189,1,8,8.28,2544325.0,311,0,0,3.999
189,1,9,16.95,283695.6,7,86,34,3.999
189,1,10,5.22,2760867.0,343,0,0,3.998
189,1,11,27.19,2243977.7,278,1,0,3.999
189,1,12,16.04,16778.5,0,84,43,3.998
189,1,13,25.94,2135620.6,271,0,0,3.998
189,1,14,7.56,2452057.5,298,1,0,4.0
189,1,15,10.93,1665957.2,217,7,0,3.998
189,1,16,21.21,2337466.0,299,0,0,4.0
189,1,17,10.16,2357215.0,290,0,0,3.999
189,1,18,13.45,1572799.2,191,8,1,3.999
189,1,19,28.59,722364.2,63,68,9,3.998
189,1,20,28.46,2271455.0,288,0,0,4.0
189,1,21,7.19,1550808.9,189,14,0,3.998
189,1,22,21.02,2254542.0,282,0,0,3.999
189,1,23,22.73,1224331.8,137,28,1,3.998
189,1,24,27.19,53311.3,0,89,42,3.996
189,1,25,13.95,630360.2,52,65,11,4.0
189,1,26,20.95,2465196.0,306,0,0,3.999
189,1,27,28.46,0.0,0,0,0,0.0
189,1,28,27.22,0.0,0,0,0,0.0
189,1,29,21.5,0.0,0,0,0,0.0
189,1,30,21.16,0.0,0,0,0,0.0
189,1,31,18.93,0.0,0,0,0,0.0
189,2,0,6.96,7505.2,0,84,41,3.999
189,2,1,7.77,1893334.9,235,6,0,4.0
189,2,2,20.56,394725.0,23,79,26,3.999
189,2,3,13.62,2276768.0,283,0,0,4.0
189,2,4,16.07,2403067.0,299,0,0,4.0
189,2,5,14.57,5774.8,0,75,57,4.0
189,2,6,13.01,2899949.0,361,0,0,4.0
189,2,7,22.07,1572901.6,195,12,0,4.0
189,2,8,12.5,1412595.0,172,15,2,4.0
189,2,9,25.95,457038.6,28,101,4,4.0
189,2,10,28.65,1830046.1,234,4,0,4.0
189,2,11,13.51,476126.7,38,71,19,3.999
189,2,12,8.75,2879124.0,365,0,0,4.0
189,2,13,16.81,1671582.5,208,7,0,4.0
189,2,14,15.53,2015447.0,258,0,0,4.0
189,2,15,24.33,1656677.1,196,13,0,4.0
189,2,16,27.2,2407739.0,298,0,0,4.0
189,2,17,22.13,2485208.0,312,0,0,4.0
189,2,18,7.17,2573493.0,323,0,0,4.0
189,2,19,25.2,1872097.2,234,4,1,4.0
189,2,20,14.13,58686.3,0,69,58,4.0
189,2,21,13.24,1661055.9,205,11,0,4.0
189,2,22,17.91,2369581.0,300,0,0,4.0
189,2,23,17.9,2337646.0,292,0,0,4.0
189,2,24,22.87,776668.6,73,57,3,4.0
189,2,25,14.85,40578.0,0,84,43,4.0
189,2,26,13.33,1411891.5,166,26,1,4.0
189,2,27,21.36,2590727.0,325,0,0,4.0
189,2,28,11.89,1221975.7,134,30,4,4.0
189,2,29,27.14,2505314.0,306,0,0,4.0
189,2,30,26.39,0.0,0,0,0,0.0
189,2,31,12.54,0.0,0,0,0,0.0
199,0,0,6.65,208779.7,1,103,13,4.0
199,0,1,22.27,10514.1,0,99,18,4.0
199,0,2,20.19,2595425.0,325,0,0,4.0
199,0,3,15.08,2786671.0,344,0,0,4.0
199,0,4,12.66,94145.8,1,89,36,4.0
199,0,5,12.32,3048268.0,386,0,0,4.0
199,0,6,23.59,61483.3,0,98,27,4.0
199,0,7,29.41,3026285.0,378,0,0,4.0
199,0,8,26.89,665394.3,56,72,16,4.0
199,0,9,11.95,2261477.0,277,0,0,4.0
199,0,10,25.73,50537.6,0,84,39,4.0
199,0,11,9.19,2478724.0,307,0,0,4.0
199,0,12,11.11,2381645.0,298,0,0,4.0
199,0,13,15.51,500616.6,28,71,19,4.0
199,0,14,23.28,3177745.0,402,0,0,4.0
199,0,15,21.85,2273205.2,279,0,0,4.0
199,0,16,21.6,1202.1,0,75,48,4.0
199,0,17,23.82,1811462.2,226,6,0,4.0
199,0,18,27.48,1948704.0,238,0,0,4.0
199,0,19,5.6,37519.5,0,97,20,4.0
199,0,20,13.77,2734479.0,350,0,0,4.0
199,0,21,17.56,2274451.0,284,0,0,4.0
199,0,22,22.78,76370.8,0,96,21,4.0
199,0,23,12.17,102682.7,0,101,9,4.0
199,0,24,22.8,0.0,0,0,0,0.0
199,0,25,12.77,0.0,0,0,0,0.0
199,0,26,10.24,0.0,0,0,0,0.0
199,0,27,18.02,0.0,0,0,0,0.0
199,0,28,17.56,0.0,0,0,0,0.0
199,0,29,14.3,0.0,0,0,0,0.0
199,0,30,23.94,0.0,0,0,0,0.0
199,0,31,26.59,0.0,0,0,0,0.0
199,1,0,15.71,231308.4,7,84,34,3.997
199,1,1,17.29,2301544.0,291,0,0,4.0
199,1,2,19.04,800136.4,81,63,0,3.998
199,1,3,16.81,2649656.0,332,0,0,3.998
199,1,4,25.54,22495.1,0,83,50,3.996
199,1,5,18.36,2227504.1,281,4,0,3.999
199,1,6,8.63,1742591.6,218,7,0,3.999
199,1,7,5.33,2177230.0,270,3,1,3.999
199,1,8,8.28,2641195.7,326,0,0,3.999
199,1,9,16.95,293390.4,13,77,39,4.0
199,1,10,5.22,2743939.0,346,0,0,4.0
199,1,11,27.19,2189191.0,283,0,0,4.0
199,1,12,16.04,21618.1,0,85,42,3.998
199,1,13,25.94,1953581.0,241,1,0,3.996
199,1,14,7.56,2414554.0,293,0,0,3.999
199,1,15,10.93,1789310.9,217,8,0,3.999
199,1,16,21.21,2541149.0,323,0,0,3.998
199,1,17,10.16,2358926.3,295,1,0,3.999
199,1,18,13.45,1561421.1,186,14,1,3.998
199,1,19,28.59,723731.9,69,63,15,3.995
199,1,20,28.46,2328727.9,288,0,0,4.0
199,1,21,7.19,1633493.8,206,8,0,3.999
199,1,22,21.02,2328490.0,287,0,0,3.998
199,1,23,22.73,1073023.2,124,39,2,3.998
199,1,24,27.19,61021.7,0,90,37,3.999
199,1,25,13.95,547645.4,48,64,9,4.0
199,1,26,20.95,2596234.0,322,0,0,3.997
199,1,27,28.46,0.0,0,0,0,0.0
199,1,28,27.22,0.0,0,0,0,0.0
199,1,29,21.5,0.0,0,0,0,0.0
199,1,30,21.16,0.0,0,0,0,0.0
199,1,31,18.93,0.0,0,0,0,0.0
199,2,0,6.96,10800.1,0,87,29,4.0
199,2,1,7.77,1939362.3,246,4,0,4.0
199,2,2,20.56,407732.1,18,82,28,4.0
199,2,3,13.62,2227512.0,277,0,0,4.0
199,2,4,16.07,2412005.0,303,0,0,4.0
199,2,5,14.57,5841.9,0,66,59,4.0
199,2,6,13.01,2783902.0,350,0,0,4.0
199,2,7,22.07,1479230.0,186,10,0,3.999
199,2,8,12.5,1452594.7,173,19,1,4.0
199,2,9,25.95,459987.9,31,92,8,4.0
199,2,10,28.65,1878992.5,230,6,0,4.0
199,2,11,13.51,476392.0,39,72,12,4.0
199,2,12,8.75,2693229.0,334,0,0,4.0
199,2,13,16.81,1702976.1,210,4,0,4.0
199,2,14,15.53,1930981.0,234,0,0,4.0
199,2,15,24.33,1637261.5,197,10,0,4.0
199,2,16,27.2,2478291.0,314,0,0,4.0
199,2,17,22.13,2779296.0,337,0,0,4.0
199,2,18,7.17,2362817.0,301,0,0,3.998
199,2,19,25.2,1797118.7,227,4,0,4.0
199,2,20,14.13,55607.8,0,76,56,3.999
199,2,21,13.24,1699390.2,209,6,0,4.0
199,2,22,17.91,2412662.0,319,0,0,4.0
199,2,23,17.9,2358529.0,296,1,0,4.0
199,2,24,22.87,927280.3,92,51,4,3.999
199,2,25,14.85,40145.7,0,84,35,3.998
199,2,26,13.33,1450459.1,170,18,3,4.0
199,2,27,21.36,2594426.0,318,0,0,4.0
199,2,28,11.89,1161058.3,135,28,3,4.0
199,2,29,27.14,2494629.0,310,0,0,4.0
199,2,30,26.39,0.0,0,0,0,0.0
199,2,31,12.54,0.0,0,0,0,0.0
209,0,0,6.65,231161.6,7,97,12,4.0
209,0,1,22.27,11238.7,0,95,19,4.0
209,0,2,20.19,2286791.0,289,0,0,4.0
209,0,3,15.08,2970831.0,374,0,0,4.0
209,0,4,12.66,109824.9,0,79,41,4.0
209,0,5,12.32,2912399.0,366,0,0,4.0
209,0,6,23.59,59702.0,0,95,18,4.0
209,0,7,29.41,2830942.0,346,0,0,4.0
209,0,8,26.89,660561.1,56,63,18,4.0
209,0,9,11.95,2298206.8,284,0,0,4.0
209,0,10,25.73,58162.5,0,90,36,4.0
209,0,11,9.19,2529370.0,316,0,0,4.0
209,0,12,11.11,2465868.0,307,0,0,4.0
209,0,13,15.51,451041.1,28,87,10,4.0
209,0,14,23.28,3196510.0,393,0,0,4.0
209,0,15,21.85,2139439.4,269,1,0,4.0
209,0,16,21.6,1332.2,0,90,41,4.0
209,0,17,23.82,1792755.3,217,2,0,4.0
209,0,18,27.48,1975018.5,242,1,0,4.0
209,0,19,5.6,40549.7,0,97,19,4.0
209,0,20,13.77,2949291.0,369,0,0,4.0
209,0,21,17.56,2316426.0,286,0,0,4.0
209,0,22,22.78,85766.1,0,94,24,4.0
209,0,23,12.17,80748.5,0,106,13,4.0
209,0,24,22.8,0.0,0,0,0,0.0
209,0,25,12.77,0.0,0,0,0,0.0
209,0,26,10.24,0.0,0,0,0,0.0
209,0,27,18.02,0.0,0,0,0,0.0
209,0,28,17.56,0.0,0,0,0,0.0
209,0,29,14.3,0.0,0,0,0,0.0
209,0,30,23.94,0.0,0,0,0,0.0
209,0,31,26.59,0.0,0,0,0,0.0
209,1,0,15.71,267778.4,12,69,38,3.999
209,1,1,17.29,2376843.0,300,0,0,4.0
209,1,2,19.04,794027.8,85,65,4,3.999
209,1,3,16.81,2682327.0,342,0,0,4.0
209,1,4,25.54,28569.3,0,76,51,3.999
209,1,5,18.36,2299429.9,289,1,1,4.0
209,1,6,8.63,1696179.9,212,8,0,3.998
209,1,7,5.33,2392742.1,300,0,2,4.0
209,1,8,8.28,2361083.7,297,0,0,4.0
209,1,9,16.95,278022.1,11,81,39,3.999
209,1,10,5.22,2683846.0,341,0,0,3.998
209,1,11,27.19,2226182.0,281,0,0,3.999
209,1,12,16.04,21089.1,0,88,32,3.999
209,1,13,25.94,2030625.2,259,0,0,3.999
209,1,14,7.56,2263735.0,289,0,0,4.0
209,1,15,10.93,1706260.9,212,5,0,3.999
209,1,16,21.21,2595532.0,328,0,0,4.0
209,1,17,10.16,2278112.0,289,0,0,4.0
209,1,18,13.45,1502178.3,179,11,0,4.0
209,1,19,28.59,738529.1,79,64,4,3.999
209,1,20,28.46,2100600.0,262,0,0,4.0
209,1,21,7.19,1645341.1,202,5,0,4.0
209,1,22,21.02,2269754.0,284,0,0,4.0
209,1,23,22.73,1151653.9,128,34,1,4.0
209,1,24,27.19,66338.0,0,89,36,3.999
209,1,25,13.95,610953.9,51,65,15,3.999
209,1,26,20.95,2448937.0,309,0,0,4.0
209,1,27,28.46,0.0,0,0,0,0.0
209,1,28,27.22,0.0,0,0,0,0.0
209,1,29,21.5,0.0,0,0,0,0.0
209,1,30,21.16,0.0,0,0,0,0.0
209,1,31,18.93,0.0,0,0,0,0.0
209,2,0,6.96,9671.9,0,98,34,3.994
209,2,1,7.77,1941449.1,242,4,0,3.999
209,2,2,20.56,369021.1,23,74,23,4.0
209,2,3,13.62,2331917.0,296,0,0,4.0
209,2,4,16.07,2324604.0,283,0,0,4.0
209,2,5,14.57,4892.2,0,76,46,4.0
209,2,6,13.01,2621180.0,316,0,0,4.0
209,2,7,22.07,1523644.4,187,15,0,3.999
209,2,8,12.5,1477109.7,178,20,2,3.999
209,2,9,25.95,528393.5,42,73,17,3.999
209,2,10,28.65,1811695.4,228,3,0,4.0
209,2,11,13.51,455245.4,36,71,20,3.999
209,2,12,8.75,2820282.0,351,0,0,4.0
209,2,13,16.81,1703554.7,211,9,0,4.0
209,2,14,15.53,2002329.1,248,2,0,4.0
209,2,15,24.33,1647460.5,203,6,0,4.0
209,2,16,27.2,2416246.4,298,0,0,4.0
209,2,17,22.13,2509575.0,317,0,0,4.0
209,2,18,7.17,2539369.0,309,0,0,4.0
209,2,19,25.2,1895691.1,237,4,0,4.0
209,2,20,14.13,61889.0,0,82,45,3.997
209,2,21,13.24,1730031.9,216,4,0,4.0
209,2,22,17.91,2519158.0,313,0,0,4.0
209,2,23,17.9,2444603.0,304,0,0,4.0
209,2,24,22.87,807832.2,82,66,3,3.999
209,2,25,14.85,32664.4,0,91,29,4.0
209,2,26,13.33,1484733.4,175,18,3,4.0
209,2,27,21.36,2540978.0,319,0,0,4.0
209,2,28,11.89,1236077.4,139,31,5,3.999
209,2,29,27.14,2449308.0,310,0,0,4.0
209,2,30,26.39,0.0,0,0,0,0.0
209,2,31,12.54,0.0,0,0,0,0.0
219,0,0,6.65,266546.9,4,102,9,4.0
219,0,1,22.27,11621.0,0,101,22,4.0
219,0,2,20.19,2299427.0,292,0,0,4.0
219,0,3,15.08,2919051.0,363,0,0,4.0
219,0,4,12.66,100923.9,0,76,43,4.0
219,0,5,12.32,2945541.0,375,0,0,4.0
219,0,6,23.59,58487.6,0,90,25,4.0
219,0,7,29.41,2735570.0,351,0,0,4.0
219,0,8,26.89,688062.5,63,63,15,4.0
219,0,9,11.95,2256226.0,281,0,0,4.0
219,0,10,25.73,56572.9,0,81,36,4.0
219,0,11,9.19,2399772.0,297,0,0,4.0
219,0,12,11.11,2605397.0,323,0,0,4.0
219,0,13,15.51,480326.3,32,68,22,4.0
219,0,14,23.28,3358226.0,411,0,0,4.0
219,0,15,21.85,2312388.0,295,0,0,4.0
219,0,16,21.6,1032.1,0,88,38,4.0
219,0,17,23.82,1724726.5,216,3,0,4.0
219,0,18,27.48,2027134.0,252,0,0,4.0
219,0,19,5.6,36289.1,0,100,14,4.0
219,0,20,13.77,2900464.0,366,0,0,4.0
219,0,21,17.56,2369137.0,299,0,0,4.0
219,0,22,22.78,82021.0,0,97,17,4.0
219,0,23,12.17,81450.4,0,108,9,4.0
219,0,24,22.8,0.0,0,0,0,0.0
219,0,25,12.77,0.0,0,0,0,0.0
219,0,26,10.24,0.0,0,0,0,0.0
219,0,27,18.02,0.0,0,0,0,0.0
219,0,28,17.56,0.0,0,0,0,0.0
219,0,29,14.3,0.0,0,0,0,0.0
219,0,30,23.94,0.0,0,0,0,0.0
219,0,31,26.59,0.0,0,0,0,0.0
219,1,0,15.71,292772.4,11,66,40,3.999
219,1,1,17.29,2317722.8,294,0,0,4.0
219,1,2,19.04,834242.3,89,53,0,4.0
219,1,3,16.81,2790329.0,344,0,0,4.0
219,1,4,25.54,17837.7,0,82,44,4.0
219,1,5,18.36,2439208.4,306,0,0,3.999
219,1,6,8.63,1770434.5,224,5,0,4.0
219,1,7,5.33,2345103.6,291,1,0,4.0
219,1,8,8.28,2585395.0,330,0,0,4.0
219,1,9,16.95,283755.0,12,78,37,4.0
219,1,10,5.22,2591779.0,327,0,0,4.0
219,1,11,27.19,2286702.0,286,0,0,4.0
219,1,12,16.04,14006.5,0,91,38,3.999
219,1,13,25.94,2132399.0,265,0,0,4.0
219,1,14,7.56,2260228.0,290,0,0,4.0
219,1,15,10.93,1745712.0,221,2,0,4.0
219,1,16,21.21,2604118.0,319,0,0,4.0
219,1,17,10.16,2374063.0,304,0,0,4.0
219,1,18,13.45,1509842.2,176,15,3,4.0
219,1,19,28.59,822882.0,90,42,11,4.0
219,1,20,28.46,2357818.0,295,0,0,4.0
219,1,21,7.19,1569817.5,196,9,0,3.999
219,1,22,21.02,2340038.0,290,0,0,4.0
219,1,23,22.73,1082281.7,126,26,2,3.999
219,1,24,27.19,58218.7,0,84,44,3.997
219,1,25,13.95,601891.9,60,59,17,3.998
219,1,26,20.95,2353624.0,299,0,0,4.0
219,1,27,28.46,0.0,0,0,0,0.0
219,1,28,27.22,0.0,0,0,0,0.0
219,1,29,21.5,0.0,0,0,0,0.0
219,1,30,21.16,0.0,0,0,0,0.0
219,1,31,18.93,0.0,0,0,0,0.0
219,2,0,6.96,7412.2,0,91,29,3.996
219,2,1,7.77,1951670.2,242,1,0,4.0
219,2,2,20.56,406164.7,28,78,20,3.998
219,2,3,13.62,2330748.0,286,0,0,4.0
219,2,4,16.07,2378380.0,298,0,0,4.0
219,2,5,14.57,5694.7,0,79,42,4.0
219,2,6,13.01,2525821.0,320,0,0,4.0
219,2,7,22.07,1644924.9,203,7,0,4.0
219,2,8,12.5,1436330.1,171,26,0,4.0
219,2,9,25.95,546521.7,47,69,16,3.999
219,2,10,28.65,1844623.0,233,2,0,4.0
219,2,11,13.51,513795.8,40,75,17,4.0
219,2,12,8.75,2857091.0,355,0,0,4.0
219,2,13,16.81,1728578.9,213,7,0,4.0
219,2,14,15.53,1957838.9,242,1,0,4.0
219,2,15,24.33,1582037.7,198,6,0,4.0
219,2,16,27.2,2573659.0,320,0,0,4.0
219,2,17,22.13,2504145.0,318,0,0,4.0
219,2,18,7.17,2512509.0,305,0,0,4.0
219,2,19,25.2,1828701.0,237,1,0,4.0
219,2,20,14.13,53378.3,0,85,37,3.999
219,2,21,13.24,1626428.5,211,6,1,4.0
219,2,22,17.91,2504920.0,317,0,0,4.0
219,2,23,17.9,2465923.0,308,0,0,4.0
219,2,24,22.87,860833.8,90,56,2,4.0
219,2,25,14.85,41074.4,0,106,20,3.997
219,2,26,13.33,1573923.8,188,14,2,4.0
219,2,27,21.36,2574273.0,313,0,0,4.0
219,2,28,11.89,1223944.4,141,29,1,4.0
219,2,29,27.14,2407496.6,303,0,0,4.0
219,2,30,26.39,0.0,0,0,0,0.0
219,2,31,12.54,0.0,0,0,0,0.0
229,0,0,6.65,253580.5,11,96,12,4.0
229,0,1,22.27,8458.7,0,89,28,4.0
229,0,2,20.19,2457574.0,308,0,0,4.0
229,0,3,15.08,3111695.0,388,0,0,4.0
229,0,4,12.66,88447.1,0,93,36,4.0
229,0,5,12.32,3210258.0,391,0,0,4.0
229,0,6,23.59,63500.4,0,96,22,4.0
229,0,7,29.41,3050346.0,373,0,0,4.0
229,0,8,26.89,667509.7,58,61,17,4.0
229,0,9,11.95,2407156.0,301,0,0,4.0
229,0,10,25.73,48454.7,0,88,32,3.999
229,0,11,9.19,2465620.0,310,0,0,4.0
229,0,12,11.11,2526178.0,309,0,0,4.0
229,0,13,15.51,514960.5,38,75,16,4.0
229,0,14,23.28,3156334.0,384,0,0,4.0
229,0,15,21.85,2261820.0,284,0,0,4.0
229,0,16,21.6,1205.2,0,80,37,4.0
229,0,17,23.82,1925990.3,239,1,0,4.0
229,0,18,27.48,2003830.4,243,2,0,4.0
229,0,19,5.6,32660.3,0,102,15,4.0
229,0,20,13.77,2781965.0,347,0,0,4.0
229,0,21,17.56,2161901.0,272,0,0,4.0
229,0,22,22.78,95569.4,1,94,25,4.0
229,0,23,12.17,87249.2,0,112,9,4.0
229,0,24,22.8,0.0,0,0,0,0.0
229,0,25,12.77,0.0,0,0,0,0.0
229,0,26,10.24,0.0,0,0,0,0.0
229,0,27,18.02,0.0,0,0,0,0.0
229,0,28,17.56,0.0,0,0,0,0.0
229,0,29,14.3,0.0,0,0,0,0.0
229,0,30,23.94,0.0,0,0,0,0.0
229,0,31,26.59,0.0,0,0,0,0.0
229,1,0,15.71,219976.4,9,78,42,4.0
229,1,1,17.29,2340840.0,288,0,0,4.0
229,1,2,19.04,761707.7,82,50,4,4.0
229,1,3,16.81,2644030.0,321,0,0,4.0
229,1,4,25.54,27293.2,0,69,58,3.998
229,1,5,18.36,2446536.0,301,0,0,4.0
229,1,6,8.63,1699927.6,212,6,0,4.0
229,1,7,5.33,2452519.0,299,0,0,4.0
229,1,8,8.28,2461548.0,305,0,0,4.0
229,1,9,16.95,279955.0,11,77,32,3.999
229,1,10,5.22,2734161.0,343,0,0,4.0
229,1,11,27.19,2210770.0,278,0,0,4.0
229,1,12,16.04,15972.0,0,84,44,3.997
229,1,13,25.94,1999688.0,257,0,0,4.0
229,1,14,7.56,2370243.0,306,0,0,3.999
229,1,15,10.93,1691770.1,214,4,0,4.0
229,1,16,21.21,2399478.0,309,0,0,4.0
229,1,17,10.16,2290983.0,285,0,0,4.0
229,1,18,13.45,1452510.3,176,21,0,3.999
229,1,19,28.59,801378.8,74,63,11,3.999
229,1,20,28.46,2350526.0,289,0,0,3.999
229,1,21,7.19,1623965.7,204,7,0,4.0
229,1,22,21.02,2271791.0,285,0,0,3.999
229,1,23,22.73,1043507.7,121,41,0,4.0
229,1,24,27.19,59451.4,0,75,51,3.997
229,1,25,13.95,664627.2,48,69,16,4.0
229,1,26,20.95,2547703.9,322,0,0,4.0
229,1,27,28.46,0.0,0,0,0,0.0
229,1,28,27.22,0.0,0,0,0,0.0
229,1,29,21.5,0.0,0,0,0,0.0
229,1,30,21.16,0.0,0,0,0,0.0
229,1,31,18.93,0.0,0,0,0,0.0
229,2,0,6.96,8892.3,0,85,30,3.999
229,2,1,7.77,1865404.6,244,3,0,4.0
229,2,2,20.56,414026.6,28,75,14,3.999
229,2,3,13.62,2361680.4,283,0,0,3.999
229,2,4,16.07,2449525.0,300,0,0,4.0
229,2,5,14.57,6639.5,0,80,49,3.999
229,2,6,13.01,2610522.0,334,0,0,4.0
229,2,7,22.07,1595214.3,195,14,0,4.0
229,2,8,12.5,1361489.5,158,24,0,4.0
229,2,9,25.95,541949.8,55,75,8,3.999
229,2,10,28.65,1865249.3,233,5,0,4.0
229,2,11,13.51,481240.1,41,77,13,3.999
229,2,12,8.75,3071885.0,375,0,0,4.0
229,2,13,16.81,1751464.5,220,6,0,4.0
229,2,14,15.53,2022627.0,256,0,0,4.0
229,2,15,24.33,1494212.1,193,9,1,4.0
229,2,16,27.2,2628444.0,323,0,0,4.0
229,2,17,22.13,2642419.8,331,0,0,4.0
229,2,18,7.17,2459478.0,311,0,0,4.0
229,2,19,25.2,1820589.0,228,0,0,4.0
229,2,20,14.13,48897.3,0,95,34,3.999
229,2,21,13.24,1804146.5,219,5,0,3.999
229,2,22,17.91,2517557.0,310,0,0,4.0
229,2,23,17.9,2324426.0,292,0,0,4.0
229,2,24,22.87,927202.3,95,54,3,4.0
229,2,25,14.85,42071.1,0,88,33,4.0
229,2,26,13.33,1505283.1,178,14,0,4.0
229,2,27,21.36,2438465.0,299,0,0,4.0
229,2,28,11.89,1255223.1,145,20,10,3.999
229,2,29,27.14,2344741.4,293,0,0,4.0
229,2,30,26.39,0.0,0,0,0,0.0
229,2,31,12.54,0.0,0,0,0,0.0
239,0,0,6.65,246894.4,5,91,17,4.0
239,0,1,22.27,9065.0,0,99,17,4.0
239,0,2,20.19,2477644.5,305,1,0,4.0
239,0,3,15.08,3120390.0,387,0,0,4.0
239,0,4,12.66,87472.0,0,97,30,4.0
239,0,5,12.32,2844758.0,359,0,0,4.0
239,0,6,23.59,69213.3,0,99,23,4.0
239,0,7,29.41,2960028.0,376,0,0,4.0
239,0,8,26.89,648658.4,60,57,18,4.0
239,0,9,11.95,2371446.0,294,0,0,4.0
239,0,10,25.73,54489.0,0,89,32,4.0
239,0,11,9.19,2357898.0,279,0,0,4.0
239,0,12,11.11,2452635.0,312,0,0,4.0
239,0,13,15.51,422677.2,23,84,17,4.0
239,0,14,23.28,3012693.0,375,0,0,4.0
239,0,15,21.85,2327576.0,284,0,0,4.0
239,0,16,21.6,1194.7,0,87,36,4.0
239,0,17,23.82,1878223.8,233,3,0,4.0
239,0,18,27.48,2045336.2,256,1,0,4.0
239,0,19,5.6,35614.5,0,110,11,4.0
239,0,20,13.77,2808975.0,361,0,0,4.0
239,0,21,17.56,2144809.5,270,0,0,4.0
239,0,22,22.78,96655.5,0,92,21,4.0
239,0,23,12.17,86839.8,0,107,9,4.0
239,0,24,22.8,0.0,0,0,0,0.0
239,0,25,12.77,0.0,0,0,0,0.0
239,0,26,10.24,0.0,0,0,0,0.0
239,0,27,18.02,0.0,0,0,0,0.0
239,0,28,17.56,0.0,0,0,0,0.0
239,0,29,14.3,0.0,0,0,0,0.0
239,0,30,23.94,0.0,0,0,0,0.0
239,0,31,26.59,0.0,0,0,0,0.0
239,1,0,15.71,255050.4,12,85,28,3.997
239,1,1,17.29,2584329.0,328,0,0,3.997
239,1,2,19.04,811523.5,87,58,0,4.0
239,1,3,16.81,2628488.0,332,0,0,4.0
239,1,4,25.54,24826.5,0,73,49,3.997
239,1,5,18.36,2421944.0,302,0,0,4.0
239,1,6,8.63,1692491.1,207,7,0,3.999
239,1,7,5.33,2360559.0,295,0,0,4.0
239,1,8,8.28,2415111.0,298,0,0,4.0
239,1,9,16.95,258331.0,10,81,37,4.0
239,1,10,5.22,2965512.0,367,0,0,4.0
239,1,11,27.19,2167714.9,273,0,0,3.999
239,1,12,16.04,18845.6,0,90,33,3.995
239,1,13,25.94,2115983.0,265,0,0,4.0
239,1,14,7.56,2170462.0,273,0,0,4.0
239,1,15,10.93,1814888.7,225,4,0,4.0
239,1,16,21.21,2749676.0,346,0,0,3.998
239,1,17,10.16,2277740.7,290,1,0,4.0
239,1,18,13.45,1488350.9,178,12,0,4.0
239,1,19,28.59,733954.7,76,59,12,3.999
239,1,20,28.46,2384234.0,306,0,0,4.0
239,1,21,7.19,1571121.1,197,10,0,3.999
239,1,22,21.02,2235880.0,279,0,0,4.0
239,1,23,22.73,1198268.8,136,28,4,4.0
239,1,24,27.19,68135.3,0,67,47,3.997
239,1,25,13.95,630651.3,54,60,9,3.998
239,1,26,20.95,2371819.0,299,0,0,4.0
239,1,27,28.46,0.0,0,0,0,0.0
239,1,28,27.22,0.0,0,0,0,0.0
239,1,29,21.5,0.0,0,0,0,0.0
239,1,30,21.16,0.0,0,0,0,0.0
239,1,31,18.93,0.0,0,0,0,0.0
239,2,0,6.96,9336.3,0,93,33,3.997
239,2,1,7.77,1808110.4,231,3,0,4.0
239,2,2,20.56,383780.6,30,78,18,4.0
239,2,3,13.62,2334796.0,285,0,0,4.0
239,2,4,16.07,2388661.0,294,0,0,4.0
239,2,5,14.57,6935.2,0,82,41,4.0
239,2,6,13.01,2621186.0,328,0,0,4.0
239,2,7,22.07,1543094.1,193,13,0,4.0
239,2,8,12.5,1354653.1,161,24,0,4.0
239,2,9,25.95,550072.9,46,70,14,3.999
239,2,10,28.65,1947375.5,235,11,0,4.0
239,2,11,13.51,534454.4,43,71,13,3.999
239,2,12,8.75,2815137.0,364,0,0,4.0
239,2,13,16.81,1654935.6,207,8,0,4.0
239,2,14,15.53,2231319.7,271,0,0,4.0
239,2,15,24.33,1565745.7,199,5,0,4.0
239,2,16,27.2,2386857.0,289,0,0,4.0
239,2,17,22.13,2522554.0,311,0,0,4.0
239,2,18,7.17,2478099.0,304,0,0,4.0
239,2,19,25.2,1848957.3,238,2,0,4.0
239,2,20,14.13,59121.4,0,87,33,3.997
239,2,21,13.24,1751374.0,212,3,0,4.0
239,2,22,17.91,2508776.0,315,0,0,4.0
239,2,23,17.9,2446121.0,305,0,0,4.0
239,2,24,22.87,906762.4,99,46,2,4.0
239,2,25,14.85,32603.7,0,95,28,3.997
239,2,26,13.33,1558884.0,188,16,1,4.0
239,2,27,21.36,2442150.0,303,0,0,4.0
239,2,28,11.89,1176873.3,138,32,3,4.0
239,2,29,27.14,2411356.0,293,0,0,4.0
239,2,30,26.39,0.0,0,0,0,0.0
239,2,31,12.54,0.0,0,0,0,0.0
249,0,0,6.65,224481.2,6,92,15,4.0
249,0,1,22.27,10605.4,0,97,20,4.0
249,0,2,20.19,2387510.0,297,0,0,4.0
249,0,3,15.08,2820797.0,360,0,0,4.0
249,0,4,12.66,98591.0,1,92,33,4.0
249,0,5,12.32,2943704.0,373,0,0,4.0
249,0,6,23.59,63069.5,0,107,18,4.0
249,0,7,29.41,2908351.0,361,0,0,4.0
249,0,8,26.89,578944.6,52,66,13,4.0
249,0,9,11.95,2280529.0,291,0,0,4.0
249,0,10,25.73,51517.1,0,96,33,4.0
249,0,11,9.19,2605019.0,314,0,0,4.0
249,0,12,11.11,2533628.0,319,0,0,4.0
249,0,13,15.51,517062.3,37,82,6,4.0
249,0,14,23.28,3091983.0,386,0,0,4.0
249,0,15,21.85,2248084.0,278,0,0,4.0
249,0,16,21.6,1279.1,0,84,42,4.0
249,0,17,23.82,1813630.1,233,3,0,4.0
249,0,18,27.48,2112298.4,272,1,0,4.0
249,0,19,5.6,39493.1,0,93,21,4.0
249,0,20,13.77,3158095.0,379,0,0,4.0
249,0,21,17.56,2194634.9,275,0,0,4.0
249,0,22,22.78,96085.9,0,91,24,4.0
249,0,23,12.17,99910.4,0,106,10,4.0
249,0,24,22.8,0.0,0,0,0,0.0
249,0,25,12.77,0.0,0,0,0,0.0
249,0,26,10.24,0.0,0,0,0,0.0
249,0,27,18.02,0.0,0,0,0,0.0
249,0,28,17.56,0.0,0,0,0,0.0
249,0,29,14.3,0.0,0,0,0,0.0
249,0,30,23.94,0.0,0,0,0,0.0
249,0,31,26.59,0.0,0,0,0,0.0
249,1,0,15.71,265528.2,7,85,35,3.997
249,1,1,17.29,2611381.0,327,0,0,4.0
249,1,2,19.04,717698.1,73,61,2,4.0
249,1,3,16.81,2863710.0,346,0,0,4.0
249,1,4,25.54,23437.0,0,88,38,4.0
249,1,5,18.36,2297723.2,296,0,0,3.998
249,1,6,8.63,1785084.7,221,8,0,4.0
249,1,7,5.33,2359384.0,298,0,0,4.0
249,1,8,8.28,2445258.0,308,0,0,3.998
249,1,9,16.95,260315.0,12,84,25,3.999
249,1,10,5.22,2709104.0,341,0,0,4.0
249,1,11,27.19,2225741.0,281,0,0,4.0
249,1,12,16.04,19339.4,0,98,35,3.997
249,1,13,25.94,2101951.0,270,0,0,3.998
249,1,14,7.56,2330298.0,288,0,0,4.0
249,1,15,10.93,1794781.4,219,4,0,3.999
249,1,16,21.21,2641426.0,331,0,0,4.0
249,1,17,10.16,2286079.0,290,0,0,4.0
249,1,18,13.45,1492567.6,180,15,0,4.0
249,1,19,28.59,784605.5,74,59,12,3.999
249,1,20,28.46,2228697.0,279,0,0,3.999
249,1,21,7.19,1619465.6,202,11,0,4.0
249,1,22,21.02,2254693.0,281,0,0,3.999
249,1,23,22.73,1095240.6,119,42,4,3.999
249,1,24,27.19,61027.2,0,84,42,3.998
249,1,25,13.95,603741.5,54,68,12,3.998
249,1,26,20.95,2509325.0,313,0,0,4.0
249,1,27,28.46,0.0,0,0,0,0.0
249,1,28,27.22,0.0,0,0,0,0.0
249,1,29,21.5,0.0,0,0,0,0.0
249,1,30,21.16,0.0,0,0,0,0.0
249,1,31,18.93,0.0,0,0,0,0.0
249,2,0,6.96,11437.8,0,87,37,4.0
249,2,1,7.77,1908650.4,232,3,0,4.0
249,2,2,20.56,390934.5,23,75,26,4.0
249,2,3,13.62,2262487.0,285,0,0,4.0
249,2,4,16.07,2518038.0,312,0,0,4.0
249,2,5,14.57,5751.4,0,84,41,4.0
249,2,6,13.01,2909385.0,365,0,0,4.0
249,2,7,22.07,1559056.3,193,6,0,4.0
249,2,8,12.5,1431456.9,170,21,0,4.0
249,2,9,25.95,522321.1,48,60,15,4.0
249,2,10,28.65,1752783.9,216,7,0,4.0
249,2,11,13.51,435319.7,36,79,13,4.0
249,2,12,8.75,2896913.0,358,0,0,4.0
249,2,13,16.81,1727965.3,208,9,0,4.0
249,2,14,15.53,2009863.8,250,1,0,4.0
249,2,15,24.33,1506508.7,186,7,0,4.0
249,2,16,27.2,2477121.0,304,0,0,4.0
249,2,17,22.13,2568099.0,315,0,0,4.0
249,2,18,7.17,2397543.0,300,0,0,4.0
249,2,19,25.2,1894808.8,239,2,0,4.0
249,2,20,14.13,66282.5,1,87,34,4.0
249,2,21,13.24,1665440.1,205,7,0,4.0
249,2,22,17.91,2534326.0,316,0,0,4.0
249,2,23,17.9,2353012.0,290,0,0,4.0
249,2,24,22.87,893139.1,99,49,0,4.0
249,2,25,14.85,45083.6,0,96,25,4.0
249,2,26,13.33,1448205.4,179,17,0,4.0
249,2,27,21.36,2422161.0,305,0,0,4.0
249,2,28,11.89,1200278.8,133,29,4,4.0
249,2,29,27.14,2467552.0,309,0,0,4.0
249,2,30,26.39,0.0,0,0,0,0.0
249,2,31,12.54,0.0,0,0,0,0.0
259,0,0,6.65,265122.2,9,103,7,4.0
259,0,1,22.27,10808.3,0,94,22,4.0
259,0,2,20.19,2526128.0,319,0,0,4.0
259,0,3,15.08,3115223.0,385,0,0,4.0
259,0,4,12.66,88652.2,0,91,29,4.0
259,0,5,12.32,2814295.0,358,0,0,4.0
259,0,6,23.59,61214.6,0,101,19,4.0
259,0,7,29.41,3023927.0,378,0,0,4.0
259,0,8,26.89,679789.4,54,71,16,4.0
259,0,9,11.95,2329697.0,297,0,0,4.0
259,0,10,25.73,52933.1,0,93,27,4.0
259,0,11,9.19,2405147.2,294,0,0,4.0
259,0,12,11.11,2684842.0,329,0,0,4.0
259,0,13,15.51,525962.5,35,78,10,4.0
259,0,14,23.28,2996750.0,379,0,0,4.0
259,0,15,21.85,2238782.0,283,0,0,4.0
259,0,16,21.6,1063.4,0,85,48,4.0
259,0,17,23.82,1872736.8,239,2,0,4.0
259,0,18,27.48,2009581.0,252,1,0,4.0
259,0,19,5.6,39664.5,0,100,13,4.0
259,0,20,13.77,2918044.0,368,0,0,4.0
259,0,21,17.56,2349506.0,294,0,0,4.0
259,0,22,22.78,90662.5,0,97,23,4.0
259,0,23,12.17,91888.4,0,103,11,4.0
259,0,24,22.8,0.0,0,0,0,0.0
259,0,25,12.77,0.0,0,0,0,0.0
259,0,26,10.24,0.0,0,0,0,0.0
259,0,27,18.02,0.0,0,0,0,0.0
259,0,28,17.56,0.0,0,0,0,0.0
259,0,29,14.3,0.0,0,0,0,0.0
259,0,30,23.94,0.0,0,0,0,0.0
259,0,31,26.59,0.0,0,0,0,0.0
259,1,0,15.71,275009.1,10,73,29,3.999
259,1,1,17.29,2406247.7,303,0,0,3.998
259,1,2,19.04,790320.3,86,60,1,4.0
259,1,3,16.81,2794725.0,349,0,0,4.0
259,1,4,25.54,22928.8,0,80,43,3.998
259,1,5,18.36,2542432.0,312,0,0,4.0
259,1,6,8.63,1665631.5,206,4,0,4.0
259,1,7,5.33,2414636.0,294,0,0,4.0
259,1,8,8.28,2471994.0,312,0,0,4.0
259,1,9,16.95,304118.5,15,80,29,3.997
259,1,10,5.22,2500871.0,310,0,0,4.0
259,1,11,27.19,2332640.0,290,2,0,3.999
259,1,12,16.04,20612.0,0,90,43,3.998
259,1,13,25.94,2166292.0,265,0,0,4.0
259,1,14,7.56,2446099.0,306,0,0,3.999
259,1,15,10.93,1729032.0,211,4,0,3.999
259,1,16,21.21,2525632.0,325,0,0,4.0
259,1,17,10.16,2424842.0,294,0,0,4.0
259,1,18,13.45,1394216.7,175,12,1,3.999
259,1,19,28.59,782655.8,77,63,6,4.0
259,1,20,28.46,2266446.0,289,0,0,4.0
259,1,21,7.19,1473723.8,192,8,0,4.0
259,1,22,21.02,2428145.3,299,0,0,4.0
259,1,23,22.73,1076697.7,133,28,4,3.999
259,1,24,27.19,57474.6,0,83,42,3.998
259,1,25,13.95,610675.2,43,75,15,3.999
259,1,26,20.95,2595399.9,319,0,0,4.0
259,1,27,28.46,0.0,0,0,0,0.0
259,1,28,27.22,0.0,0,0,0,0.0
259,1,29,21.5,0.0,0,0,0,0.0
259,1,30,21.16,0.0,0,0,0,0.0
259,1,31,18.93,0.0,0,0,0,0.0
259,2,0,6.96,8827.0,0,90,22,4.0
259,2,1,7.77,1846292.1,230,4,0,4.0
259,2,2,20.56,416413.7,32,73,16,4.0
259,2,3,13.62,2202414.3,272,0,0,4.0
259,2,4,16.07,2329103.0,298,0,0,4.0
259,2,5,14.57,6153.1,0,85,43,3.998
259,2,6,13.01,2794937.4,347,0,0,4.0
259,2,7,22.07,1544095.2,196,10,0,4.0
259,2,8,12.5,1473656.1,175,15,1,3.999
259,2,9,25.95,668433.1,55,68,11,4.0
259,2,10,28.65,1945448.7,239,3,0,4.0
259,2,11,13.51,432921.6,38,76,12,4.0
259,2,12,8.75,2888358.0,351,0,0,4.0
259,2,13,16.81,1632729.5,204,6,0,4.0
259,2,14,15.53,1919415.5,239,1,0,4.0
259,2,15,24.33,1613906.3,198,7,0,4.0
259,2,16,27.2,2545744.0,311,0,0,3.999
259,2,17,22.13,2588575.0,329,0,0,4.0
259,2,18,7.17,2477839.0,320,0,0,4.0
259,2,19,25.2,2007782.6,245,5,0,4.0
259,2,20,14.13,55925.2,0,85,34,4.0
259,2,21,13.24,1741243.5,217,4,0,3.999
259,2,22,17.91,2526115.5,320,0,0,4.0
259,2,23,17.9,2455158.0,304,0,0,4.0
259,2,24,22.87,918900.0,105,42,3,4.0
259,2,25,14.85,37040.5,0,98,26,3.999
259,2,26,13.33,1477593.8,180,12,3,4.0
259,2,27,21.36,2598295.0,323,0,0,4.0
259,2,28,11.89,1228542.9,127,32,6,4.0
259,2,29,27.14,2410150.0,302,0,0,4.0
259,2,30,26.39,0.0,0,0,0,0.0
259,2,31,12.54,0.0,0,0,0,0.0
269,0,0,6.65,252868.8,10,101,5,4.0
269,0,1,22.27,10626.9,0,90,26,4.0
269,0,2,20.19,2392481.0,304,0,0,4.0
269,0,3,15.08,2793080.0,352,0,0,4.0
269,0,4,12.66,88958.4,2,88,28,4.0
269,0,5,12.32,3037795.0,381,0,0,4.0
269,0,6,23.59,58830.4,0,98,17,3.996
269,0,7,29.41,2913382.0,369,0,0,4.0
269,0,8,26.89,688847.4,56,69,14,3.999
269,0,9,11.95,2284998.0,280,0,0,3.997
269,0,10,25.73,43899.3,0,85,30,4.0
269,0,11,9.19,2482437.0,301,0,0,4.0
269,0,12,11.11,2550609.0,325,0,0,4.0
269,0,13,15.51,522709.8,40,71,17,4.0
269,0,14,23.28,3100922.0,392,0,0,4.0
269,0,15,21.85,2194057.0,273,0,0,3.999
269,0,16,21.6,1210.9,0,78,44,3.996
269,0,17,23.82,1888373.8,233,5,0,4.0
269,0,18,27.48,2043735.1,253,1,0,4.0
269,0,19,5.6,34126.1,0,97,16,4.0
269,0,20,13.77,3015223.0,368,0,0,4.0
269,0,21,17.56,2278220.0,287,0,0,4.0
269,0,22,22.78,95422.4,0,95,24,4.0
269,0,23,12.17,105454.3,0,106,8,4.0
269,0,24,22.8,0.0,0,0,0,0.0
269,0,25,12.77,0.0,0,0,0,0.0
269,0,26,10.24,0.0,0,0,0,0.0
269,0,27,18.02,0.0,0,0,0,0.0
269,0,28,17.56,0.0,0,0,0,0.0
269,0,29,14.3,0.0,0,0,0,0.0
269,0,30,23.94,0.0,0,0,0,0.0
269,0,31,26.59,0.0,0,0,0,0.0
269,1,0,15.71,287594.4,12,85,25,3.998
269,1,1,17.29,2575845.0,324,0,0,4.0
269,1,2,19.04,791290.9,87,56,1,4.0
269,1,3,16.81,2725944.0,346,0,0,4.0
269,1,4,25.54,17302.8,0,92,32,3.999
269,1,5,18.36,2508228.0,308,0,0,4.0
269,1,6,8.63,1730763.6,216,4,0,4.0
269,1,7,5.33,2436738.9,299,1,0,4.0
269,1,8,8.28,2431169.0,315,0,0,4.0
269,1,9,16.95,270164.6,8,88,22,4.0
269,1,10,5.22,2816403.0,346,0,0,4.0
269,1,11,27.19,2224803.2,280,0,0,4.0
269,1,12,16.04,17615.9,0,82,37,3.997
269,1,13,25.94,2174535.0,276,0,0,4.0
269,1,14,7.56,2328849.0,283,0,0,4.0
269,1,15,10.93,1798743.8,219,3,0,4.0
269,1,16,21.21,2483575.0,309,0,0,4.0
269,1,17,10.16,2327876.0,285,0,0,4.0
269,1,18,13.45,1447964.4,179,15,0,4.0
269,1,19,28.59,870315.4,84,47,12,4.0
269,1,20,28.46,2342216.0,285,0,0,4.0
269,1,21,7.19,1622868.8,200,7,0,4.0
269,1,22,21.02,2347592.3,293,0,0,4.0
269,1,23,22.73,1255386.7,148,33,3,4.0
269,1,24,27.19,60857.5,0,75,44,3.999
269,1,25,13.95,633684.2,52,78,6,4.0
269,1,26,20.95,2396227.0,306,0,0,3.997
269,1,27,28.46,0.0,0,0,0,0.0
269,1,28,27.22,0.0,0,0,0,0.0
269,1,29,21.5,0.0,0,0,0,0.0
269,1,30,21.16,0.0,0,0,0,0.0
269,1,31,18.93,0.0,0,0,0,0.0
269,2,0,6.96,8673.8,0,92,29,4.0
269,2,1,7.77,2008371.7,248,5,0,4.0
269,2,2,20.56,405850.7,33,74,16,4.0
269,2,3,13.62,2300776.4,291,0,0,4.0
269,2,4,16.07,2449035.0,305,0,0,4.0
269,2,5,14.57,4041.8,0,87,31,3.999
269,2,6,13.01,2703424.4,333,0,0,4.0
269,2,7,22.07,1627384.9,209,4,0,4.0
269,2,8,12.5,1419486.6,175,14,1,4.0
269,2,9,25.95,689051.3,61,64,12,4.0
269,2,10,28.65,1914933.9,235,1,0,4.0
269,2,11,13.51,489489.7,37,69,13,4.0
269,2,12,8.75,2877815.0,352,0,0,4.0
269,2,13,16.81,1746909.3,221,2,0,4.0
269,2,14,15.53,1923754.5,243,2,0,4.0
269,2,15,24.33,1661797.1,203,2,0,4.0
269,2,16,27.2,2485410.0,306,0,0,4.0
269,2,17,22.13,2511284.6,315,0,0,4.0
269,2,18,7.17,2343460.0,289,0,0,4.0
269,2,19,25.2,1794652.4,232,2,0,4.0
269,2,20,14.13,57506.4,1,86,26,4.0
269,2,21,13.24,1661359.6,210,8,0,4.0
269,2,22,17.91,2526447.0,318,0,0,4.0
269,2,23,17.9,2496026.0,314,0,0,4.0
269,2,24,22.87,985009.7,102,55,0,4.0
269,2,25,14.85,39017.7,0,82,29,3.999
269,2,26,13.33,1533852.3,185,22,1,4.0
269,2,27,21.36,2566000.0,317,0,0,4.0
269,2,28,11.89,1206613.9,132,37,5,4.0
269,2,29,27.14,2469534.0,311,0,0,3.999
269,2,30,26.39,0.0,0,0,0,0.0
269,2,31,12.54,0.0,0,0,0,0.0
279,0,0,6.65,236414.9,10,99,14,4.0
279,0,1,22.27,8464.4,0,96,22,4.0
279,0,2,20.19,2405353.0,301,0,0,4.0
279,0,3,15.08,2912973.0,364,0,0,4.0
279,0,4,12.66,111027.0,0,98,26,3.998
279,0,5,12.32,2813347.0,352,0,0,4.0
279,0,6,23.59,69637.5,0,99,14,4.0
279,0,7,29.41,2980120.0,369,0,0,4.0
279,0,8,26.89,656569.0,61,59,16,4.0
279,0,9,11.95,2297444.0,294,0,0,4.0
279,0,10,25.73,53678.5,0,78,35,4.0
279,0,11,9.19,2341446.0,287,0,0,4.0
279,0,12,11.11,2434465.0,315,0,0,4.0
279,0,13,15.51,523663.3,31,77,19,4.0
279,0,14,23.28,3005193.0,371,0,0,4.0
279,0,15,21.85,2275949.0,285,0,0,3.999
279,0,16,21.6,1151.6,0,81,49,3.998
279,0,17,23.82,1862037.6,229,4,0,4.0
279,0,18,27.48,2072302.0,266,0,0,4.0
279,0,19,5.6,37539.2,0,105,10,4.0
279,0,20,13.77,2829248.0,357,0,0,4.0
279,0,21,17.56,2308159.0,290,0,0,4.0
279,0,22,22.78,83092.3,0,94,26,4.0
279,0,23,12.17,85425.5,0,103,7,4.0
279,0,24,22.8,0.0,0,0,0,0.0
279,0,25,12.77,0.0,0,0,0,0.0
279,0,26,10.24,0.0,0,0,0,0.0
279,0,27,18.02,0.0,0,0,0,0.0
279,0,28,17.56,0.0,0,0,0,0.0
279,0,29,14.3,0.0,0,0,0,0.0
279,0,30,23.94,0.0,0,0,0,0.0
279,0,31,26.59,0.0,0,0,0,0.0
279,1,0,15.71,264735.2,10,91,25,3.999
279,1,1,17.29,2354541.0,298,0,0,4.0
279,1,2,19.04,783338.6,76,57,2,4.0
279,1,3,16.81,2787761.0,346,0,0,4.0
279,1,4,25.54,21009.1,0,87,35,3.998
279,1,5,18.36,2391285.0,296,0,0,4.0
279,1,6,8.63,1744167.5,215,3,0,4.0
279,1,7,5.33,2377125.0,297,0,0,4.0
279,1,8,8.28,2409880.0,298,0,0,4.0
279,1,9,16.95,289050.6,12,81,29,4.0
279,1,10,5.22,2846557.0,351,0,0,4.0
279,1,11,27.19,2187758.3,283,0,0,4.0
279,1,12,16.04,20384.5,0,86,35,4.0
279,1,13,25.94,2208613.6,277,1,0,4.0
279,1,14,7.56,2338792.0,297,0,0,4.0
279,1,15,10.93,1729661.0,215,8,0,4.0
279,1,16,21.21,2549400.0,319,0,0,4.0
279,1,17,10.16,2311948.0,290,0,0,4.0
279,1,18,13.45,1524923.5,190,10,2,3.998
279,1,19,28.59,779985.1,85,48,7,4.0
279,1,20,28.46,2356269.6,296,0,0,4.0
279,1,21,7.19,1645188.3,202,4,0,4.0
279,1,22,21.02,2280032.0,288,0,0,4.0
279,1,23,22.73,1128022.5,135,30,2,3.998
279,1,24,27.19,59413.1,0,82,41,3.996
279,1,25,13.95,648900.2,62,53,13,4.0
279,1,26,20.95,2402055.0,306,0,0,4.0
279,1,27,28.46,0.0,0,0,0,0.0
279,1,28,27.22,0.0,0,0,0,0.0
279,1,29,21.5,0.0,0,0,0,0.0
279,1,30,21.16,0.0,0,0,0,0.0
279,1,31,18.93,0.0,0,0,0,0.0
279,2,0,6.96,9421.2,0,92,31,3.998
279,2,1,7.77,1966480.7,247,2,0,4.0
279,2,2,20.56,381354.1,24,75,17,4.0
279,2,3,13.62,2266927.0,280,0,0,4.0
279,2,4,16.07,2452501.0,303,0,0,4.0
279,2,5,14.57,6392.4,0,85,34,4.0
279,2,6,13.01,2862952.0,358,0,0,4.0
279,2,7,22.07,1570159.9,190,6,0,4.0
279,2,8,12.5,1411315.0,173,21,0,4.0
279,2,9,25.95,635786.0,56,57,12,4.0
279,2,10,28.65,2071069.0,255,0,0,4.0
279,2,11,13.51,452300.1,41,65,15,3.998
279,2,12,8.75,2811193.0,357,0,0,4.0
279,2,13,16.81,1625188.4,204,3,0,4.0
279,2,14,15.53,1963658.5,255,2,0,3.999
279,2,15,24.33,1622070.6,201,5,0,4.0
279,2,16,27.2,2553560.0,317,0,0,4.0
279,2,17,22.13,2563366.0,322,0,0,4.0
279,2,18,7.17,2471849.0,306,0,0,4.0
279,2,19,25.2,1864947.4,228,2,0,4.0
279,2,20,14.13,53224.1,0,91,24,3.998
279,2,21,13.24,1700667.3,206,1,0,4.0
279,2,22,17.91,2689834.0,330,0,0,4.0
279,2,23,17.9,2465078.0,310,0,0,4.0
279,2,24,22.87,929935.2,103,52,3,4.0
279,2,25,14.85,38229.5,0,93,28,3.999
279,2,26,13.33,1493619.0,181,18,1,4.0
279,2,27,21.36,2521584.0,305,0,0,4.0
279,2,28,11.89,1274061.3,147,23,2,4.0
279,2,29,27.14,2424859.6,303,0,0,4.0
279,2,30,26.39,0.0,0,0,0,0.0
279,2,31,12.54,0.0,0,0,0,0.0
289,0,0,6.65,245663.0,12,89,8,4.0
289,0,1,22.27,9630.9,0,99,18,4.0
289,0,2,20.19,2487077.0,308,0,0,4.0
289,0,3,15.08,3003096.0,377,0,0,4.0
289,0,4,12.66,96304.4,0,100,26,4.0
289,0,5,12.32,3052934.0,379,0,0,4.0
289,0,6,23.59,63569.1,0,99,18,4.0
289,0,7,29.41,3080531.0,384,0,0,4.0
289,0,8,26.89,703353.0,60,54,19,4.0
289,0,9,11.95,2330724.0,291,0,0,4.0
289,0,10,25.73,46729.1,0,86,27,4.0
289,0,11,9.19,2362730.0,296,0,0,4.0
289,0,12,11.11,2572323.0,320,0,0,4.0
289,0,13,15.51,563199.5,48,69,8,4.0
289,0,14,23.28,3181128.0,402,0,0,4.0
289,0,15,21.85,2256528.7,281,1,0,4.0
289,0,16,21.6,1137.6,0,87,37,4.0
289,0,17,23.82,1718958.6,218,1,0,4.0
289,0,18,27.48,2148247.2,263,2,0,4.0
289,0,19,5.6,36517.9,0,105,12,4.0
289,0,20,13.77,2855799.0,366,0,0,4.0
289,0,21,17.56,2251338.0,281,0,0,4.0
289,0,22,22.78,94019.5,0,103,14,4.0
289,0,23,12.17,101053.2,0,102,6,4.0
289,0,24,22.8,0.0,0,0,0,0.0
289,0,25,12.77,0.0,0,0,0,0.0
289,0,26,10.24,0.0,0,0,0,0.0
289,0,27,18.02,0.0,0,0,0,0.0
289,0,28,17.56,0.0,0,0,0,0.0
289,0,29,14.3,0.0,0,0,0,0.0
289,0,30,23.94,0.0,0,0,0,0.0
289,0,31,26.59,0.0,0,0,0,0.0
289,1,0,15.71,221157.7,7,91,28,3.997
289,1,1,17.29,2431286.8,311,0,0,4.0
289,1,2,19.04,846079.2,93,46,2,4.0
289,1,3,16.81,2813030.1,354,0,0,3.998
289,1,4,25.54,24915.7,0,91,33,3.998
289,1,5,18.36,2356626.1,301,0,0,3.998
289,1,6,8.63,1831413.3,223,4,0,3.998
289,1,7,5.33,2596250.0,324,0,0,3.999
289,1,8,8.28,2332971.0,294,0,0,4.0
289,1,9,16.95,301212.8,22,80,26,4.0
289,1,10,5.22,2654802.0,324,0,0,4.0
289,1,11,27.19,2306097.0,283,0,0,4.0
289,1,12,16.04,19408.0,0,80,35,3.997
289,1,13,25.94,2000332.0,256,0,0,4.0
289,1,14,7.56,2470924.0,307,0,0,4.0
289,1,15,10.93,1750032.8,211,7,0,4.0
289,1,16,21.21,2604878.0,321,0,0,4.0
289,1,17,10.16,2355249.0,289,0,0,4.0
289,1,18,13.45,1513727.0,182,16,1,3.998
289,1,19,28.59,789496.5,79,53,8,4.0
289,1,20,28.46,2257796.0,284,0,0,4.0
289,1,21,7.19,1580211.6,201,2,0,3.999
289,1,22,21.02,2333819.0,288,0,0,4.0
289,1,23,22.73,1181396.7,138,31,3,3.999
289,1,24,27.19,56532.8,0,76,41,3.998
289,1,25,13.95,705131.8,68,71,6,4.0
289,1,26,20.95,2397136.2,301,0,0,3.999
289,1,27,28.46,0.0,0,0,0,0.0
289,1,28,27.22,0.0,0,0,0,0.0
289,1,29,21.5,0.0,0,0,0,0.0
289,1,30,21.16,0.0,0,0,0,0.0
289,1,31,18.93,0.0,0,0,0,0.0
289,2,0,6.96,9937.9,0,93,17,4.0
289,2,1,7.77,1950804.4,245,2,0,4.0
289,2,2,20.56,450299.8,34,79,15,3.999
289,2,3,13.62,2389626.1,288,0,0,4.0
289,2,4,16.07,2401250.0,292,0,0,4.0
289,2,5,14.57,4528.9,0,97,30,4.0
289,2,6,13.01,2738976.0,349,0,0,4.0
289,2,7,22.07,1624986.0,201,6,0,4.0
289,2,8,12.5,1473811.1,180,15,3,4.0
289,2,9,25.95,688915.0,64,64,12,4.0
289,2,10,28.65,1978737.9,243,3,0,4.0
289,2,11,13.51,494882.0,50,71,6,4.0
289,2,12,8.75,2885771.0,374,0,0,4.0
289,2,13,16.81,1629816.8,206,8,0,4.0
289,2,14,15.53,1953877.0,239,0,0,3.999
289,2,15,24.33,1629399.0,200,8,0,4.0
289,2,16,27.2,2320442.5,291,0,0,4.0
289,2,17,22.13,2497020.0,314,0,0,4.0
289,2,18,7.17,2418113.0,308,0,0,4.0
289,2,19,25.2,1902484.9,234,3,0,4.0
289,2,20,14.13,42826.6,0,97,26,3.999
289,2,21,13.24,1861617.3,221,5,0,4.0
289,2,22,17.91,2422484.0,312,0,0,4.0
289,2,23,17.9,2445992.0,312,0,0,4.0
289,2,24,22.87,961884.9,103,51,2,4.0
289,2,25,14.85,45773.6,0,94,26,4.0
289,2,26,13.33,1475563.6,173,22,0,4.0
289,2,27,21.36,2751624.9,336,0,0,4.0
289,2,28,11.89,1261829.9,152,21,4,4.0
289,2,29,27.14,2403594.0,303,0,0,4.0
289,2,30,26.39,0.0,0,0,0,0.0
289,2,31,12.54,0.0,0,0,0,0.0
299,0,0,6.65,242612.9,9,90,7,3.999
299,0,1,22.27,10839.6,0,92,23,4.0
299,0,2,20.19,2688908.0,336,0,0,4.0
299,0,3,15.08,2941423.0,375,0,0,4.0
299,0,4,12.66,98465.8,0,93,29,4.0
299,0,5,12.32,2957212.0,366,0,0,4.0
299,0,6,23.59,59669.7,0,105,13,4.0
299,0,7,29.41,3040868.0,380,0,0,4.0
299,0,8,26.89,729218.2,67,55,21,4.0
299,0,9,11.95,2169069.0,276,0,0,4.0
299,0,10,25.73,57523.7,0,93,27,3.999
299,0,11,9.19,2326535.0,290,0,0,4.0
299,0,12,11.11,2541898.0,318,0,0,4.0
299,0,13,15.51,546540.9,35,78,12,4.0
299,0,14,23.28,3152605.0,405,0,0,4.0
299,0,15,21.85,2196053.0,287,0,0,4.0
299,0,16,21.6,1184.4,0,75,52,4.0
299,0,17,23.82,1842544.3,227,1,0,4.0
299,0,18,27.48,1958132.0,246,0,0,4.0
299,0,19,5.6,34205.0,0,103,15,4.0
299,0,20,13.77,2854519.0,356,0,0,4.0
299,0,21,17.56,2353724.0,295,0,0,4.0
299,0,22,22.78,90040.6,0,100,16,3.999
299,0,23,12.17,93303.9,0,108,8,4.0
299,0,24,22.8,0.0,0,0,0,0.0
299,0,25,12.77,0.0,0,0,0,0.0
299,0,26,10.24,0.0,0,0,0,0.0
299,0,27,18.02,0.0,0,0,0,0.0
299,0,28,17.56,0.0,0,0,0,0.0
299,0,29,14.3,0.0,0,0,0,0.0
299,0,30,23.94,0.0,0,0,0,0.0
299,0,31,26.59,0.0,0,0,0,0.0
299,1,0,15.71,264059.0,14,82,31,3.998
299,1,1,17.29,2512499.0,314,0,0,3.999
299,1,2,19.04,841872.3,90,53,2,3.997
299,1,3,16.81,2732002.0,340,0,0,4.0
299,1,4,25.54,22972.0,0,80,38,3.998
299,1,5,18.36,2449855.0,308,0,0,3.996
299,1,6,8.63,1797084.5,226,5,0,3.999
299,1,7,5.33,2388607.0,302,0,0,4.0
299,1,8,8.28,2381074.0,297,0,0,4.0
299,1,9,16.95,276286.3,14,81,23,3.997
299,1,10,5.22,2856244.0,350,0,0,4.0
299,1,11,27.19,2221735.0,281,0,0,4.0
299,1,12,16.04,19952.9,0,90,30,3.991
299,1,13,25.94,2211050.0,275,0,0,3.999
299,1,14,7.56,2463208.0,301,0,0,4.0
299,1,15,10.93,1700345.4,213,8,0,3.998
299,1,16,21.21,2532558.0,313,0,0,4.0
299,1,17,10.16,2309538.0,294,0,0,4.0
299,1,18,13.45,1483121.2,173,16,0,4.0
299,1,19,28.59,788821.4,80,60,8,4.0
299,1,20,28.46,2282113.0,288,0,0,4.0
299,1,21,7.19,1600525.2,198,5,0,4.0
299,1,22,21.02,2311561.0,282,0,0,3.999
299,1,23,22.73,1185549.7,140,24,3,3.998
299,1,24,27.19,55977.7,0,79,45,4.0
299,1,25,13.95,719318.8,63,70,12,3.998
299,1,26,20.95,2443040.0,311,0,0,4.0
299,1,27,28.46,0.0,0,0,0,0.0
299,1,28,27.22,0.0,0,0,0,0.0
299,1,29,21.5,0.0,0,0,0,0.0
299,1,30,21.16,0.0,0,0,0,0.0
299,1,31,18.93,0.0,0,0,0,0.0
299,2,0,6.96,9854.7,0,91,26,3.999
299,2,1,7.77,2047744.0,252,0,0,4.0
299,2,2,20.56,404850.5,32,70,18,4.0
299,2,3,13.62,2342512.0,294,0,0,4.0
299,2,4,16.07,2411567.0,309,0,0,4.0
299,2,5,14.57,6301.1,0,85,33,3.996
299,2,6,13.01,2705507.0,330,0,0,4.0
299,2,7,22.07,1582566.0,203,8,0,4.0
299,2,8,12.5,1460270.6,169,25,0,3.999
299,2,9,25.95,652587.4,68,53,10,3.999
299,2,10,28.65,1754598.3,230,4,0,4.0
299,2,11,13.51,516469.3,44,78,6,3.998
299,2,12,8.75,2792261.0,347,0,0,4.0
299,2,13,16.81,1703050.8,216,4,0,4.0
299,2,14,15.53,2097632.0,260,0,0,3.999
299,2,15,24.33,1682036.2,204,6,0,3.999
299,2,16,27.2,2615883.0,316,0,0,4.0
299,2,17,22.13,2498056.0,309,0,0,3.998
299,2,18,7.17,2503858.0,311,0,0,4.0
299,2,19,25.2,1898585.0,232,1,0,4.0
299,2,20,14.13,50291.2,0,94,26,3.997
299,2,21,13.24,1715137.4,216,3,0,4.0
299,2,22,17.91,2467930.0,314,0,0,4.0
299,2,23,17.9,2400545.0,303,0,0,3.999
299,2,24,22.87,905818.0,102,51,0,4.0
299,2,25,14.85,38855.6,0,103,24,3.999
299,2,26,13.33,1512396.4,174,19,2,3.999
299,2,27,21.36,2432486.7,302,0,0,4.0
299,2,28,11.89,1338820.3,161,17,5,4.0
299,2,29,27.14,2365565.6,291,0,0,4.0
299,2,30,26.39,0.0,0,0,0,0.0
299,2,31,12.54,0.0,0,0,0,0.0
309,0,0,6.65,264441.1,9,102,9,4.0
309,0,1,22.27,10012.4,0,103,19,4.0
309,0,2,20.19,2450098.0,306,0,0,4.0
309,0,3,15.08,3054911.0,380,0,0,4.0
309,0,4,12.66,99246.7,0,94,19,4.0
309,0,5,12.32,3033054.0,376,0,0,4.0
309,0,6,23.59,68647.3,0,94,19,4.0
309,0,7,29.41,3007827.0,372,0,0,4.0
309,0,8,26.89,680112.4,63,67,13,4.0
309,0,9,11.95,2249580.0,286,0,0,4.0
309,0,10,25.73,49725.4,0,93,31,4.0
309,0,11,9.19,2546937.9,314,0,0,4.0
309,0,12,11.11,2634333.0,328,0,0,4.0
309,0,13,15.51,504447.3,34,81,8,4.0
309,0,14,23.28,3232243.0,402,0,0,4.0
309,0,15,21.85,2249983.0,275,0,0,4.0
309,0,16,21.6,1250.3,0,78,40,4.0
309,0,17,23.82,1910761.9,233,2,0,4.0
309,0,18,27.48,2034374.5,256,1,0,4.0
309,0,19,5.6,31764.3,0,108,11,4.0
309,0,20,13.77,3118775.0,387,0,0,4.0
309,0,21,17.56,2193116.0,277,0,0,4.0
309,0,22,22.78,84858.9,0,95,18,4.0
309,0,23,12.17,99438.1,0,101,8,4.0
309,0,24,22.8,0.0,0,0,0,0.0
309,0,25,12.77,0.0,0,0,0,0.0
309,0,26,10.24,0.0,0,0,0,0.0
309,0,27,18.02,0.0,0,0,0,0.0
309,0,28,17.56,0.0,0,0,0,0.0
309,0,29,14.3,0.0,0,0,0,0.0
309,0,30,23.94,0.0,0,0,0,0.0
309,0,31,26.59,0.0,0,0,0,0.0
309,1,0,15.71,231664.2,5,90,22,3.999
309,1,1,17.29,2438691.0,308,0,0,4.0
309,1,2,19.04,877186.9,98,46,2,4.0
309,1,3,16.81,2851189.0,353,0,0,4.0
309,1,4,25.54,19540.2,0,78,46,3.993
309,1,5,18.36,2485803.4,315,0,0,3.999
309,1,6,8.63,1724646.5,217,5,0,4.0
309,1,7,5.33,2480515.3,303,1,0,4.0
309,1,8,8.28,2489235.9,328,0,0,4.0
309,1,9,16.95,278363.6,14,81,24,3.998
309,1,10,5.22,2863710.0,360,0,0,4.0
309,1,11,27.19,2326255.0,279,0,0,4.0
309,1,12,16.04,17368.3,0,92,34,3.992
309,1,13,25.94,2139838.0,266,0,0,4.0
309,1,14,7.56,2408029.0,300,0,0,4.0
309,1,15,10.93,1866944.5,229,5,0,3.999
309,1,16,21.21,2535474.0,313,0,0,4.0
309,1,17,10.16,2378884.0,297,0,0,3.999
309,1,18,13.45,1530718.0,180,15,1,4.0
309,1,19,28.59,746047.3,65,66,11,4.0
309,1,20,28.46,2202217.0,280,0,0,4.0
309,1,21,7.19,1547848.0,194,10,0,3.999
309,1,22,21.02,2165765.0,273,0,0,3.999
309,1,23,22.73,1161927.6,135,29,1,3.999
309,1,24,27.19,66907.1,0,80,40,3.994
309,1,25,13.95,646326.5,56,73,12,3.999
309,1,26,20.95,2427821.0,301,0,0,3.996
309,1,27,28.46,0.0,0,0,0,0.0
309,1,28,27.22,0.0,0,0,0,0.0
309,1,29,21.5,0.0,0,0,0,0.0
309,1,30,21.16,0.0,0,0,0,0.0
309,1,31,18.93,0.0,0,0,0,0.0
309,2,0,6.96,9074.1,0,96,31,4.0
309,2,1,7.77,2017884.0,255,0,0,3.999
309,2,2,20.56,471371.9,35,69,17,3.999
309,2,3,13.62,2283973.0,282,0,0,3.999
309,2,4,16.07,2528060.0,314,0,0,4.0
309,2,5,14.57,5247.7,0,83,38,4.0
309,2,6,13.01,2869600.0,355,0,0,4.0
309,2,7,22.07,1488351.6,187,13,0,4.0
309,2,8,12.5,1302061.7,160,19,1,3.999
309,2,9,25.95,689958.5,67,69,9,3.998
309,2,10,28.65,1986078.0,251,3,0,3.999
309,2,11,13.51,540692.3,45,78,6,3.996
309,2,12,8.75,2647176.0,326,0,0,4.0
309,2,13,16.81,1810981.9,221,3,0,3.998
309,2,14,15.53,2059130.4,257,1,0,4.0
309,2,15,24.33,1513489.7,183,10,0,3.999
309,2,16,27.2,2504431.0,310,0,0,4.0
309,2,17,22.13,2559984.0,321,0,0,4.0
309,2,18,7.17,2440834.0,305,0,0,3.998
309,2,19,25.2,1819505.2,236,0,0,4.0
309,2,20,14.13,59887.4,1,90,27,3.998
309,2,21,13.24,1629016.5,202,9,0,4.0
309,2,22,17.91,2480124.0,317,0,0,4.0
309,2,23,17.9,2372153.0,294,0,0,4.0
309,2,24,22.87,911367.4,95,52,1,3.999
309,2,25,14.85,47776.2,0,88,22,3.997
309,2,26,13.33,1477028.3,178,16,0,3.999
309,2,27,21.36,2507917.0,307,0,0,3.997
309,2,28,11.89,1355868.0,150,29,2,4.0
309,2,29,27.14,2484506.0,308,0,0,3.999
309,2,30,26.39,0.0,0,0,0,0.0
309,2,31,12.54,0.0,0,0,0,0.0
319,0,0,6.65,257765.3,13,92,8,4.0
319,0,1,22.27,10441.0,0,93,26,4.0
319,0,2,20.19,2543516.0,320,0,0,4.0
319,0,3,15.08,3011560.0,373,0,0,4.0
319,0,4,12.66,93998.6,0,89,24,4.0
319,0,5,12.32,2899033.0,363,0,0,4.0
319,0,6,23.59,66029.1,0,104,8,4.0
319,0,7,29.41,2983268.0,365,0,0,4.0
319,0,8,26.89,764454.8,69,46,16,4.0
319,0,9,11.95,2303640.0,283,0,0,4.0
319,0,10,25.73,49329.4,0,98,22,4.0
319,0,11,9.19,2489943.0,304,0,0,4.0
319,0,12,11.11,2499666.0,310,0,0,4.0
319,0,13,15.51,566174.1,36,86,12,4.0
319,0,14,23.28,3051171.0,382,0,0,4.0
319,0,15,21.85,2108709.0,262,0,0,4.0
319,0,16,21.6,1108.7,0,92,26,4.0
319,0,17,23.82,1737228.8,219,2,1,4.0
319,0,18,27.48,2024540.5,260,1,0,4.0
319,0,19,5.6,31220.0,0,101,15,4.0
319,0,20,13.77,2850846.0,368,0,0,4.0
319,0,21,17.56,2242272.8,280,0,0,4.0
319,0,22,22.78,108000.3,0,100,17,4.0
319,0,23,12.17,102733.5,2,101,11,4.0
319,0,24,22.8,0.0,0,0,0,0.0
319,0,25,12.77,0.0,0,0,0,0.0
319,0,26,10.24,0.0,0,0,0,0.0
319,0,27,18.02,0.0,0,0,0,0.0
319,0,28,17.56,0.0,0,0,0,0.0
319,0,29,14.3,0.0,0,0,0,0.0
319,0,30,23.94,0.0,0,0,0,0.0
319,0,31,26.59,0.0,0,0,0,0.0
319,1,0,15.71,256135.3,9,89,22,4.0
319,1,1,17.29,2413329.0,307,0,0,4.0
319,1,2,19.04,820136.3,94,46,1,4.0
319,1,3,16.81,2546002.0,322,0,0,4.0
319,1,4,25.54,20773.6,0,76,47,3.998
319,1,5,18.36,2338421.9,301,1,0,4.0
319,1,6,8.63,1702396.2,215,3,0,3.999
319,1,7,5.33,2352118.0,292,0,0,3.999
319,1,8,8.28,2579622.0,325,0,0,4.0
319,1,9,16.95,280949.9,18,79,22,4.0
319,1,10,5.22,2703498.0,347,0,0,4.0
319,1,11,27.19,2205498.0,275,0,0,4.0
319,1,12,16.04,19411.7,0,96,26,3.999
319,1,13,25.94,1972121.5,254,0,0,3.999
319,1,14,7.56,2452560.0,310,0,0,4.0
319,1,15,10.93,1851251.3,232,4,0,4.0
319,1,16,21.21,2676169.4,340,0,0,4.0
319,1,17,10.16,2381212.0,292,0,0,4.0
319,1,18,13.45,1534094.6,185,15,0,4.0
319,1,19,28.59,901944.5,91,51,10,4.0
319,1,20,28.46,2331099.0,287,0,0,3.999
319,1,21,7.19,1682560.2,211,7,0,4.0
319,1,22,21.02,2405979.0,308,0,0,4.0
319,1,23,22.73,1221668.2,138,29,2,4.0
319,1,24,27.19,51308.6,0,84,43,4.0
319,1,25,13.95,651396.3,49,66,11,3.999
319,1,26,20.95,2479476.0,315,0,0,4.0
319,1,27,28.46,0.0,0,0,0,0.0
319,1,28,27.22,0.0,0,0,0,0.0
319,1,29,21.5,0.0,0,0,0,0.0
319,1,30,21.16,0.0,0,0,0,0.0
319,1,31,18.93,0.0,0,0,0,0.0
319,2,0,6.96,9747.5,0,97,19,4.0
319,2,1,7.77,1988435.8,255,0,0,4.0
319,2,2,20.56,489779.6,45,73,10,4.0
319,2,3,13.62,2358472.0,290,0,0,4.0
319,2,4,16.07,2456689.0,301,0,0,4.0
319,2,5,14.57,5238.5,0,87,29,3.998
319,2,6,13.01,2834128.0,364,0,0,4.0
319,2,7,22.07,1518830.7,192,13,0,4.0
319,2,8,12.5,1425460.5,177,13,0,4.0
319,2,9,25.95,655065.0,64,59,15,3.999
319,2,10,28.65,2028602.0,247,2,0,4.0
319,2,11,13.51,505547.3,45,69,13,3.999
319,2,12,8.75,3065183.0,375,0,0,4.0
319,2,13,16.81,1802072.1,226,2,0,4.0
319,2,14,15.53,2042593.0,258,0,0,4.0
319,2,15,24.33,1695416.1,206,11,0,4.0
319,2,16,27.2,2378243.9,296,0,0,4.0
319,2,17,22.13,2404473.1,306,0,0,4.0
319,2,18,7.17,2507874.0,317,0,0,4.0
319,2,19,25.2,1745095.6,218,5,0,4.0
319,2,20,14.13,49627.8,1,99,22,4.0
319,2,21,13.24,1685946.1,211,3,0,4.0
319,2,22,17.91,2363697.0,298,0,0,4.0
319,2,23,17.9,2390743.0,295,0,0,4.0
319,2,24,22.87,985589.7,107,53,0,4.0
319,2,25,14.85,46715.7,0,88,27,3.997
319,2,26,13.33,1523186.0,180,18,0,4.0
319,2,27,21.36,2529992.0,311,0,0,4.0
319,2,28,11.89,1208147.6,155,19,3,3.999
319,2,29,27.14,2409002.0,291,0,0,4.0
319,2,30,26.39,0.0,0,0,0,0.0
319,2,31,12.54,0.0,0,0,0,0.0
329,0,0,6.65,240639.6,5,109,7,3.998
329,0,1,22.27,9727.2,0,97,21,4.0
329,0,2,20.19,2454770.0,303,0,0,4.0
329,0,3,15.08,2896453.0,369,0,0,4.0
329,0,4,12.66,103455.5,1,98,17,4.0
329,0,5,12.32,2802888.0,354,0,0,4.0
329,0,6,23.59,67069.3,0,106,13,4.0
329,0,7,29.41,2988055.0,368,0,0,4.0
329,0,8,26.89,799961.0,79,56,15,4.0
329,0,9,11.95,2344034.0,300,0,0,4.0
329,0,10,25.73,48556.3,0,87,30,4.0
329,0,11,9.19,2397923.0,303,0,0,4.0
329,0,12,11.11,2572902.0,321,0,0,4.0
329,0,13,15.51,567959.1,38,89,8,4.0
329,0,14,23.28,2932219.0,365,0,0,4.0
329,0,15,21.85,2306402.0,293,0,0,4.0
329,0,16,21.6,1298.5,0,84,37,4.0
329,0,17,23.82,1827297.2,229,1,0,4.0
329,0,18,27.48,2004915.0,247,1,0,4.0
329,0,19,5.6,32664.1,0,103,8,3.997
329,0,20,13.77,2769045.0,340,0,0,4.0
329,0,21,17.56,2426888.0,298,0,0,4.0
329,0,22,22.78,100506.2,0,101,13,3.998
329,0,23,12.17,94479.8,0,114,5,4.0
329,0,24,22.8,0.0,0,0,0,0.0
329,0,25,12.77,0.0,0,0,0,0.0
329,0,26,10.24,0.0,0,0,0,0.0
329,0,27,18.02,0.0,0,0,0,0.0
329,0,28,17.56,0.0,0,0,0,0.0
329,0,29,14.3,0.0,0,0,0,0.0
329,0,30,23.94,0.0,0,0,0,0.0
329,0,31,26.59,0.0,0,0,0,0.0
329,1,0,15.71,265608.2,12,84,19,3.996
329,1,1,17.29,2489569.0,316,0,0,3.998
329,1,2,19.04,882466.5,96,48,2,4.0
329,1,3,16.81,2660578.0,328,0,0,3.998
329,1,4,25.54,18329.8,0,82,40,3.998
329,1,5,18.36,2343641.0,301,0,0,4.0
329,1,6,8.63,1752682.3,209,7,0,3.998
329,1,7,5.33,2341693.0,291,0,0,3.999
329,1,8,8.28,2442607.4,303,0,0,3.998
329,1,9,16.95,292741.0,17,70,31,3.999
329,1,10,5.22,2645743.0,333,0,0,4.0
329,1,11,27.19,2410574.8,298,1,0,3.998
329,1,12,16.04,21208.1,0,97,32,3.989
329,1,13,25.94,2169003.2,269,1,0,4.0
329,1,14,7.56,2352620.6,294,1,0,4.0
329,1,15,10.93,1792135.8,227,1,0,4.0
329,1,16,21.21,2541879.0,321,0,0,3.998
329,1,17,10.16,2342607.0,290,0,0,3.999
329,1,18,13.45,1668402.8,199,14,0,3.999
329,1,19,28.59,834505.5,86,49,9,3.998
329,1,20,28.46,2263929.0,280,0,0,3.999
329,1,21,7.19,1593364.0,195,6,0,4.0
329,1,22,21.02,2253616.0,280,0,0,4.0
329,1,23,22.73,1232163.9,140,32,1,3.999
329,1,24,27.19,54486.2,0,99,29,3.996
329,1,25,13.95,585532.8,50,70,7,3.999
329,1,26,20.95,2423861.0,314,0,0,4.0
329,1,27,28.46,0.0,0,0,0,0.0
329,1,28,27.22,0.0,0,0,0,0.0
329,1,29,21.5,0.0,0,0,0,0.0
329,1,30,21.16,0.0,0,0,0,0.0
329,1,31,18.93,0.0,0,0,0,0.0
329,2,0,6.96,10832.7,0,99,17,4.0
329,2,1,7.77,2011733.6,253,2,0,4.0
329,2,2,20.56,430659.3,32,82,11,4.0
329,2,3,13.62,2298054.0,290,0,0,4.0
329,2,4,16.07,2306948.0,296,0,0,4.0
329,2,5,14.57,5574.0,0,100,27,4.0
329,2,6,13.01,2668207.0,327,0,0,4.0
329,2,7,22.07,1657787.4,206,9,0,4.0
329,2,8,12.5,1453778.0,177,17,1,4.0
329,2,9,25.95,654901.4,59,67,11,3.999
329,2,10,28.65,1995649.0,247,0,0,4.0
329,2,11,13.51,539663.0,45,71,8,4.0
329,2,12,8.75,2849270.0,344,0,0,4.0
329,2,13,16.81,1781490.3,220,2,0,4.0
329,2,14,15.53,2039439.0,257,0,0,4.0
329,2,15,24.33,1608602.2,199,10,0,4.0
329,2,16,27.2,2501094.5,309,0,0,4.0
329,2,17,22.13,2513193.0,309,0,0,4.0
329,2,18,7.17,2626379.0,326,0,0,4.0
329,2,19,25.2,1927675.5,239,2,0,4.0
329,2,20,14.13,50722.1,0,87,32,4.0
329,2,21,13.24,1734407.3,220,2,0,3.998
329,2,22,17.91,2637871.0,336,0,0,4.0
329,2,23,17.9,2446169.0,306,0,0,4.0
329,2,24,22.87,1059493.1,124,34,0,4.0
329,2,25,14.85,49073.0,0,97,21,4.0
329,2,26,13.33,1543315.3,191,13,1,3.999
329,2,27,21.36,2567424.8,319,0,0,4.0
329,2,28,11.89,1242465.1,146,28,2,3.999
329,2,29,27.14,2428600.0,303,0,0,4.0
329,2,30,26.39,0.0,0,0,0,0.0
329,2,31,12.54,0.0,0,0,0,0.0
339,0,0,6.65,278263.6,15,98,5,4.0
339,0,1,22.27,11109.4,0,94,23,4.0
339,0,2,20.19,2420739.0,311,0,0,4.0
339,0,3,15.08,3044336.0,377,0,0,4.0
339,0,4,12.66,98227.8,0,97,23,4.0
339,0,5,12.32,3170132.0,381,0,0,4.0
339,0,6,23.59,70731.1,0,96,13,4.0
339,0,7,29.41,2958925.0,378,0,0,4.0
339,0,8,26.89,776141.8,71,53,17,4.0
339,0,9,11.95,2239626.0,276,0,0,4.0
339,0,10,25.73,44576.4,0,95,28,4.0
339,0,11,9.19,2396719.0,301,0,0,4.0
339,0,12,11.11,2581533.0,322,0,0,4.0
339,0,13,15.51,542446.6,31,83,13,4.0
339,0,14,23.28,3097305.0,392,0,0,4.0
339,0,15,21.85,2320179.0,285,0,0,4.0
339,0,16,21.6,1234.2,0,82,39,3.999
339,0,17,23.82,1836010.2,233,1,0,4.0
339,0,18,27.48,1917367.0,237,0,0,4.0
339,0,19,5.6,29070.4,0,104,8,3.999
339,0,20,13.77,3014540.0,377,0,0,4.0
339,0,21,17.56,2444721.0,307,0,0,4.0
339,0,22,22.78,91073.8,1,106,13,4.0
339,0,23,12.17,102616.7,0,102,8,4.0
339,0,24,22.8,0.0,0,0,0,0.0
339,0,25,12.77,0.0,0,0,0,0.0
339,0,26,10.24,0.0,0,0,0,0.0
339,0,27,18.02,0.0,0,0,0,0.0
339,0,28,17.56,0.0,0,0,0,0.0
339,0,29,14.3,0.0,0,0,0,0.0
339,0,30,23.94,0.0,0,0,0,0.0
339,0,31,26.59,0.0,0,0,0,0.0
339,1,0,15.71,286762.8,14,87,24,3.999
339,1,1,17.29,2449674.0,306,0,0,3.998
339,1,2,19.04,939633.7,108,53,1,4.0
339,1,3,16.81,2549572.0,325,0,0,3.998
339,1,4,25.54,24390.6,0,74,45,3.994
339,1,5,18.36,2347089.0,290,0,0,3.998
339,1,6,8.63,1816454.4,222,4,0,4.0
339,1,7,5.33,2447847.0,312,0,0,4.0
339,1,8,8.28,2631450.4,323,0,0,3.999
339,1,9,16.95,297431.9,17,90,23,4.0
339,1,10,5.22,2659550.0,330,0,0,4.0
339,1,11,27.19,2237840.0,279,0,0,4.0
339,1,12,16.04,18724.8,0,90,27,3.999
339,1,13,25.94,2089610.6,267,1,0,3.997
339,1,14,7.56,2230530.0,283,0,0,4.0
339,1,15,10.93,1689765.6,212,1,0,3.999
339,1,16,21.21,2553128.0,316,0,0,4.0
339,1,17,10.16,2258716.0,281,0,0,3.999
339,1,18,13.45,1565363.6,186,13,0,3.999
339,1,19,28.59,907962.1,95,47,7,3.999
339,1,20,28.46,2323824.0,289,0,0,4.0
339,1,21,7.19,1667215.7,208,6,0,3.996
339,1,22,21.02,2327379.0,286,0,0,4.0
339,1,23,22.73,1219666.5,138,28,4,4.0
339,1,24,27.19,65159.9,0,98,31,3.998
339,1,25,13.95,637366.2,56,57,11,3.996
339,1,26,20.95,2423866.0,302,0,0,4.0
339,1,27,28.46,0.0,0,0,0,0.0
339,1,28,27.22,0.0,0,0,0,0.0
339,1,29,21.5,0.0,0,0,0,0.0
339,1,30,21.16,0.0,0,0,0,0.0
339,1,31,18.93,0.0,0,0,0,0.0
339,2,0,6.96,9184.2,0,98,19,4.0
339,2,1,7.77,1944418.8,244,4,0,4.0
339,2,2,20.56,445138.1,37,76,7,4.0
339,2,3,13.62,2345193.0,297,0,0,4.0
339,2,4,16.07,2464858.0,308,0,0,4.0
339,2,5,14.57,5645.6,0,93,26,3.999
339,2,6,13.01,2738940.0,340,0,0,4.0
339,2,7,22.07,1593785.7,200,7,0,4.0
339,2,8,12.5,1446141.7,168,21,0,4.0
339,2,9,25.95,663660.9,67,59,9,3.999
339,2,10,28.65,1970012.0,239,1,0,4.0
339,2,11,13.51,478398.3,43,71,5,4.0
339,2,12,8.75,2955786.0,366,0,0,4.0
339,2,13,16.81,1795981.3,223,2,0,4.0
339,2,14,15.53,2068039.6,256,2,0,4.0
339,2,15,24.33,1622392.0,198,9,0,4.0
339,2,16,27.2,2353896.0,293,0,0,4.0
339,2,17,22.13,2382608.0,300,0,0,4.0
339,2,18,7.17,2406502.0,308,0,0,4.0
339,2,19,25.2,1932530.0,241,1,0,4.0
339,2,20,14.13,70008.0,0,89,23,4.0
339,2,21,13.24,1785090.1,218,6,0,4.0
339,2,22,17.91,2594542.0,318,0,0,4.0
339,2,23,17.9,2454690.0,294,0,0,4.0
339,2,24,22.87,1004391.4,117,42,2,4.0
339,2,25,14.85,51582.1,0,94,35,3.999
339,2,26,13.33,1496989.1,190,8,0,4.0
339,2,27,21.36,2445585.0,314,0,0,4.0
339,2,28,11.89,1206011.8,136,38,1,4.0
339,2,29,27.14,2439164.0,308,0,0,4.0
339,2,30,26.39,0.0,0,0,0,0.0
339,2,31,12.54,0.0,0,0,0,0.0
349,0,0,6.65,284729.1,9,97,9,4.0
349,0,1,22.27,10342.5,0,100,18,4.0
349,0,2,20.19,2563649.0,317,0,0,4.0
349,0,3,15.08,2921420.0,367,0,0,4.0
349,0,4,12.66,100824.1,0,100,22,4.0
349,0,5,12.32,2844128.0,363,0,0,4.0
349,0,6,23.59,63346.4,0,99,10,4.0
349,0,7,29.41,3114256.0,385,0,0,4.0
349,0,8,26.89,767003.2,73,46,19,4.0
349,0,9,11.95,2260579.0,288,0,0,4.0
349,0,10,25.73,53495.2,0,87,27,4.0
349,0,11,9.19,2283000.0,295,0,0,4.0
349,0,12,11.11,2750157.0,341,0,0,4.0
349,0,13,15.51,575635.2,44,73,11,4.0
349,0,14,23.28,2935615.0,373,0,0,4.0
349,0,15,21.85,2272852.0,281,0,0,4.0
349,0,16,21.6,1022.4,0,86,41,4.0
349,0,17,23.82,1879304.9,231,2,0,4.0
349,0,18,27.48,2118516.0,262,0,0,4.0
349,0,19,5.6,32270.8,0,102,10,4.0
349,0,20,13.77,2802669.0,355,0,0,4.0
349,0,21,17.56,2351776.0,295,0,0,4.0
349,0,22,22.78,95888.5,0,104,13,4.0
349,0,23,12.17,99038.2,0,103,9,4.0
349,0,24,22.8,0.0,0,0,0,0.0
349,0,25,12.77,0.0,0,0,0,0.0
349,0,26,10.24,0.0,0,0,0,0.0
349,0,27,18.02,0.0,0,0,0,0.0
349,0,28,17.56,0.0,0,0,0,0.0
349,0,29,14.3,0.0,0,0,0,0.0
349,0,30,23.94,0.0,0,0,0,0.0
349,0,31,26.59,0.0,0,0,0,0.0
349,1,0,15.71,266194.5,5,100,19,3.999
349,1,1,17.29,2645724.0,331,0,0,4.0
349,1,2,19.04,924040.1,100,50,0,4.0
349,1,3,16.81,2828294.0,347,0,0,4.0
349,1,4,25.54,19014.0,0,82,39,4.0
349,1,5,18.36,2438762.0,303,0,0,4.0
349,1,6,8.63,1768374.7,221,3,0,4.0
349,1,7,5.33,2465394.0,301,0,0,4.0
349,1,8,8.28,2357036.0,307,0,0,4.0
349,1,9,16.95,302555.8,14,82,30,4.0
349,1,10,5.22,2708556.0,340,0,0,4.0
349,1,11,27.19,2266473.9,285,0,0,4.0
349,1,12,16.04,21006.7,0,85,30,3.995
349,1,13,25.94,2066602.0,260,0,0,4.0
349,1,14,7.56,2410406.0,300,0,0,4.0
349,1,15,10.93,1735041.2,221,3,0,4.0
349,1,16,21.21,2628601.0,324,0,0,4.0
349,1,17,10.16,2370034.0,292,0,0,4.0
349,1,18,13.45,1481745.9,184,17,0,4.0
349,1,19,28.59,882506.3,96,52,3,4.0
349,1,20,28.46,2271745.0,285,0,0,4.0
349,1,21,7.19,1680402.7,203,6,0,3.999
349,1,22,21.02,2264498.1,284,0,0,4.0
349,1,23,22.73,1275894.2,152,24,3,4.0
349,1,24,27.19,62286.5,0,92,27,3.994
349,1,25,13.95,652147.5,63,62,10,4.0
349,1,26,20.95,2419891.0,299,0,0,4.0
349,1,27,28.46,0.0,0,0,0,0.0
349,1,28,27.22,0.0,0,0,0,0.0
349,1,29,21.5,0.0,0,0,0,0.0
349,1,30,21.16,0.0,0,0,0,0.0
349,1,31,18.93,0.0,0,0,0,0.0
349,2,0,6.96,8947.1,0,86,25,4.0
349,2,1,7.77,1933081.0,238,0,0,4.0
349,2,2,20.56,473585.7,39,68,13,4.0
349,2,3,13.62,2315849.0,290,0,0,4.0
349,2,4,16.07,2483941.0,311,0,0,3.999
349,2,5,14.57,3396.9,0,89,28,4.0
349,2,6,13.01,2781501.0,341,0,0,4.0
349,2,7,22.07,1627219.6,204,9,0,4.0
349,2,8,12.5,1450599.5,171,19,0,3.999
349,2,9,25.95,739197.1,72,61,13,4.0
349,2,10,28.65,1924814.1,242,3,0,4.0
349,2,11,13.51,493395.7,42,77,7,4.0
349,2,12,8.75,2852198.0,353,0,0,4.0
349,2,13,16.81,1701397.9,213,5,0,4.0
349,2,14,15.53,2001297.0,251,0,0,4.0
349,2,15,24.33,1590243.9,199,10,0,3.999
349,2,16,27.2,2298814.0,290,0,0,4.0
349,2,17,22.13,2600735.0,320,0,0,4.0
349,2,18,7.17,2602657.0,329,0,0,4.0
349,2,19,25.2,1784966.6,227,2,0,4.0
349,2,20,14.13,63769.9,1,90,26,3.996
349,2,21,13.24,1800593.5,227,3,0,4.0
349,2,22,17.91,2445937.0,304,0,0,4.0
349,2,23,17.9,2390503.0,302,0,0,4.0
349,2,24,22.87,1067135.2,122,38,0,3.999
349,2,25,14.85,48728.6,0,110,14,3.998
349,2,26,13.33,1655802.8,198,9,0,3.999
349,2,27,21.36,2546787.0,314,0,0,4.0
349,2,28,11.89,1275025.3,147,29,2,3.999
349,2,29,27.14,2381814.0,299,0,0,4.0
349,2,30,26.39,0.0,0,0,0,0.0
349,2,31,12.54,0.0,0,0,0,0.0
359,0,0,6.65,264205.5,10,95,4,4.0
359,0,1,22.27,9422.2,0,97,20,4.0
359,0,2,20.19,2517909.0,312,0,0,4.0
359,0,3,15.08,2931976.0,368,0,0,4.0
359,0,4,12.66,104024.9,0,93,27,4.0
359,0,5,12.32,3102872.0,388,0,0,4.0
359,0,6,23.59,65891.2,0,98,10,3.998
359,0,7,29.41,2762147.0,338,0,0,4.0
359,0,8,26.89,773849.3,72,56,17,4.0
359,0,9,11.95,2474804.0,305,0,0,4.0
359,0,10,25.73,48767.7,0,84,30,4.0
359,0,11,9.19,2418771.0,306,0,0,4.0
359,0,12,11.11,2572802.0,330,0,0,4.0
359,0,13,15.51,529309.0,43,75,17,4.0
359,0,14,23.28,3006520.0,379,0,0,4.0
359,0,15,21.85,2312770.0,293,0,0,4.0
359,0,16,21.6,1152.5,0,86,40,4.0
359,0,17,23.82,1763273.4,221,4,0,4.0
359,0,18,27.48,2035902.9,253,2,0,4.0
359,0,19,5.6,33928.4,0,104,11,4.0
359,0,20,13.77,2877536.0,367,0,0,4.0
359,0,21,17.56,2222412.0,283,0,0,4.0
359,0,22,22.78,90054.5,0,98,24,3.999
359,0,23,12.17,100828.5,0,103,10,3.999
359,0,24,22.8,0.0,0,0,0,0.0
359,0,25,12.77,0.0,0,0,0,0.0
359,0,26,10.24,0.0,0,0,0,0.0
359,0,27,18.02,0.0,0,0,0,0.0
359,0,28,17.56,0.0,0,0,0,0.0
359,0,29,14.3,0.0,0,0,0,0.0
359,0,30,23.94,0.0,0,0,0,0.0
359,0,31,26.59,0.0,0,0,0,0.0
359,1,0,15.71,259392.8,8,98,16,3.997
359,1,1,17.29,2356024.0,296,0,0,4.0
359,1,2,19.04,979562.7,105,47,1,4.0
359,1,3,16.81,2871218.0,367,0,0,4.0
359,1,4,25.54,20248.3,0,90,35,3.998
359,1,5,18.36,2458132.4,306,0,0,3.999
359,1,6,8.63,1669688.6,208,7,0,4.0
359,1,7,5.33,2336658.0,302,0,0,4.0
359,1,8,8.28,2486879.4,307,0,0,4.0
359,1,9,16.95,302957.5,17,84,23,3.997
359,1,10,5.22,2817605.0,346,0,0,4.0
359,1,11,27.19,2311496.0,296,0,0,4.0
359,1,12,16.04,20953.8,0,85,35,3.996
359,1,13,25.94,2172837.0,272,0,0,4.0
359,1,14,7.56,2462214.0,304,0,0,4.0
359,1,15,10.93,1771254.2,222,5,0,4.0
359,1,16,21.21,2703633.0,339,0,0,4.0
359,1,17,10.16,2224974.0,279,0,0,3.999
359,1,18,13.45,1521084.6,182,13,0,4.0
359,1,19,28.59,876082.1,84,48,9,4.0
359,1,20,28.46,2317126.0,292,0,0,4.0
359,1,21,7.19,1708445.7,213,4,0,4.0
359,1,22,21.02,2396010.0,299,0,0,3.999
359,1,23,22.73,1220867.0,143,27,3,4.0
359,1,24,27.19,60642.0,0,99,26,4.0
359,1,25,13.95,624457.2,62,63,9,3.999
359,1,26,20.95,2443280.0,306,0,0,4.0
359,1,27,28.46,0.0,0,0,0,0.0
359,1,28,27.22,0.0,0,0,0,0.0
359,1,29,21.5,0.0,0,0,0,0.0
359,1,30,21.16,0.0,0,0,0,0.0
359,1,31,18.93,0.0,0,0,0,0.0
359,2,0,6.96,6740.0,0,101,18,3.998
359,2,1,7.77,2049534.0,258,1,0,4.0
359,2,2,20.56,459615.3,36,84,8,4.0
359,2,3,13.62,2298184.4,286,0,0,3.999
359,2,4,16.07,2361824.0,286,0,0,4.0
359,2,5,14.57,4173.9,0,97,16,3.998
359,2,6,13.01,2769688.0,340,0,0,4.0
359,2,7,22.07,1525648.8,196,6,0,4.0
359,2,8,12.5,1413046.6,170,15,0,4.0
359,2,9,25.95,721524.2,66,63,10,4.0
359,2,10,28.65,1947659.1,249,2,0,4.0
359,2,11,13.51,459677.8,41,78,8,4.0
359,2,12,8.75,2735586.0,343,0,0,4.0
359,2,13,16.81,1813859.0,223,3,0,4.0
359,2,14,15.53,2066159.0,247,2,0,4.0
359,2,15,24.33,1797765.6,221,5,0,3.999
359,2,16,27.2,2402174.0,293,0,0,4.0
359,2,17,22.13,2599814.0,325,0,0,4.0
359,2,18,7.17,2571611.0,319,0,0,4.0
359,2,19,25.2,2020328.7,248,4,0,4.0
359,2,20,14.13,64395.6,1,82,34,3.999
359,2,21,13.24,1753705.5,218,3,0,4.0
359,2,22,17.91,2751411.0,337,0,0,4.0
359,2,23,17.9,2366546.1,301,0,0,4.0
359,2,24,22.87,1032929.5,116,41,2,4.0
359,2,25,14.85,38004.4,0,107,18,3.999
359,2,26,13.33,1544664.3,190,19,0,4.0
359,2,27,21.36,2420095.0,306,0,0,4.0
359,2,28,11.89,1300132.2,145,21,2,4.0
359,2,29,27.14,2482727.0,309,0,0,4.0
359,2,30,26.39,0.0,0,0,0,0.0
359,2,31,12.54,0.0,0,0,0,0.0
369,0,0,6.65,257874.2,19,98,3,4.0
369,0,1,22.27,12033.2,0,104,17,4.0
369,0,2,20.19,2323307.0,296,0,0,4.0
369,0,3,15.08,2870734.0,361,0,0,4.0
369,0,4,12.66,94158.7,0,87,28,4.0
369,0,5,12.32,2888863.0,360,0,0,4.0
369,0,6,23.59,74087.5,0,90,13,4.0
369,0,7,29.41,2754487.0,341,0,0,4.0
369,0,8,26.89,774608.7,77,49,17,4.0
369,0,9,11.95,2457971.0,307,0,0,4.0
369,0,10,25.73,42076.4,0,104,17,4.0
369,0,11,9.19,2386032.9,299,0,0,4.0
369,0,12,11.11,2503946.0,309,0,0,4.0
369,0,13,15.51,584086.0,54,61,6,4.0
369,0,14,23.28,3293765.0,406,0,0,4.0
369,0,15,21.85,2216239.0,282,0,0,4.0
369,0,16,21.6,1160.9,0,98,30,4.0
369,0,17,23.82,1896733.0,238,2,0,4.0
369,0,18,27.48,2082423.0,255,0,0,4.0
369,0,19,5.6,34359.0,0,113,4,4.0
369,0,20,13.77,2963344.0,378,0,0,4.0
369,0,21,17.56,2362170.0,288,0,0,4.0
369,0,22,22.78,110213.8,0,96,16,4.0
369,0,23,12.17,93087.0,0,111,3,4.0
369,0,24,22.8,0.0,0,0,0,0.0
369,0,25,12.77,0.0,0,0,0,0.0
369,0,26,10.24,0.0,0,0,0,0.0
369,0,27,18.02,0.0,0,0,0,0.0
369,0,28,17.56,0.0,0,0,0,0.0
369,0,29,14.3,0.0,0,0,0,0.0
369,0,30,23.94,0.0,0,0,0,0.0
369,0,31,26.59,0.0,0,0,0,0.0
369,1,0,15.71,293527.3,17,87,17,4.0
369,1,1,17.29,2512935.0,316,0,0,4.0
369,1,2,19.04,919368.0,101,51,1,4.0
369,1,3,16.81,2738572.0,343,0,0,4.0
369,1,4,25.54,21162.9,0,96,29,3.996
369,1,5,18.36,2535059.0,312,0,0,4.0
369,1,6,8.63,1674891.0,212,7,0,3.999
369,1,7,5.33,2477054.0,309,0,0,4.0
369,1,8,8.28,2432689.0,313,0,0,4.0
369,1,9,16.95,298403.0,17,86,15,3.999
369,1,10,5.22,2733292.0,347,0,0,4.0
369,1,11,27.19,2290033.0,294,0,0,4.0
369,1,12,16.04,22773.7,0,89,21,3.999
369,1,13,25.94,2111449.0,270,0,0,3.999
369,1,14,7.56,2454311.0,311,0,0,4.0
369,1,15,10.93,1814963.4,222,6,0,4.0
369,1,16,21.21,2603370.0,318,0,0,4.0
369,1,17,10.16,2413804.0,297,0,0,4.0
369,1,18,13.45,1412325.2,177,10,0,4.0
369,1,19,28.59,874147.0,91,53,8,3.999
369,1,20,28.46,2329414.4,290,0,0,4.0
369,1,21,7.19,1664162.9,209,4,0,4.0
369,1,22,21.02,2269739.0,288,0,0,4.0
369,1,23,22.73,1305877.4,163,20,0,4.0
369,1,24,27.19,75739.1,2,91,27,3.998
369,1,25,13.95,620261.3,61,64,7,4.0
369,1,26,20.95,2517507.0,312,0,0,4.0
369,1,27,28.46,0.0,0,0,0,0.0
369,1,28,27.22,0.0,0,0,0,0.0
369,1,29,21.5,0.0,0,0,0,0.0
369,1,30,21.16,0.0,0,0,0,0.0
369,1,31,18.93,0.0,0,0,0,0.0
369,2,0,6.96,10303.2,0,98,15,3.999
369,2,1,7.77,2108140.0,260,0,0,4.0
369,2,2,20.56,486079.5,46,74,9,3.999
369,2,3,13.62,2308195.0,288,0,0,4.0
369,2,4,16.07,2342644.0,292,0,0,4.0
369,2,5,14.57,5646.1,0,89,28,3.996
369,2,6,13.01,2867318.0,353,0,0,4.0
369,2,7,22.07,1719458.5,213,4,0,4.0
369,2,8,12.5,1351294.9,178,17,0,4.0
369,2,9,25.95,717397.4,58,67,10,4.0
369,2,10,28.65,2090255.0,258,1,0,4.0
369,2,11,13.51,549693.7,55,66,7,4.0
369,2,12,8.75,2895484.0,358,0,0,4.0
369,2,13,16.81,1756874.9,221,2,0,3.999
369,2,14,15.53,2168840.0,266,1,0,4.0
369,2,15,24.33,1599937.6,199,5,0,4.0
369,2,16,27.2,2345587.0,292,0,0,4.0
369,2,17,22.13,2701541.0,335,0,0,4.0
369,2,18,7.17,2536120.0,316,0,0,4.0
369,2,19,25.2,1807750.8,229,3,0,3.999
369,2,20,14.13,62583.9,1,89,23,3.999
369,2,21,13.24,1727982.1,218,5,0,4.0
369,2,22,17.91,2642448.0,332,0,0,4.0
369,2,23,17.9,2249713.0,278,0,0,4.0
369,2,24,22.87,993985.8,114,41,0,4.0
369,2,25,14.85,51249.4,0,89,22,4.0
369,2,26,13.33,1444143.2,182,16,0,3.999
369,2,27,21.36,2527399.0,323,0,0,4.0
369,2,28,11.89,1274598.2,151,32,2,4.0
369,2,29,27.14,2471480.8,311,0,0,4.0
369,2,30,26.39,0.0,0,0,0,0.0
369,2,31,12.54,0.0,0,0,0,0.0
379,0,0,6.65,274525.7,15,94,5,4.0
379,0,1,22.27,11175.8,0,106,17,4.0
379,0,2,20.19,2487272.0,303,0,0,4.0
379,0,3,15.08,3056784.0,378,0,0,4.0
379,0,4,12.66,101778.7,0,89,21,3.998
379,0,5,12.32,3134177.0,395,0,0,4.0
379,0,6,23.59,83014.8,0,100,9,3.998
379,0,7,29.41,2938465.0,368,0,0,4.0
379,0,8,26.89,803692.6,70,60,8,4.0
379,0,9,11.95,2368200.0,292,0,0,4.0
379,0,10,25.73,47377.7,0,96,25,3.998
379,0,11,9.19,2343311.0,291,0,0,4.0
379,0,12,11.11,2504672.0,308,0,0,4.0
379,0,13,15.51,591354.8,38,81,8,4.0
379,0,14,23.28,3278868.0,418,0,0,4.0
379,0,15,21.85,2277472.9,282,0,0,4.0
379,0,16,21.6,1220.8,0,88,33,4.0
379,0,17,23.82,1782809.8,221,3,0,4.0
379,0,18,27.48,2140708.7,267,0,0,4.0
379,0,19,5.6,38122.2,0,101,6,4.0
379,0,20,13.77,2685418.0,338,0,0,4.0
379,0,21,17.56,2241739.0,283,0,0,4.0
379,0,22,22.78,91560.5,1,104,18,4.0
379,0,23,12.17,99771.5,1,107,6,4.0
379,0,24,22.8,0.0,0,0,0,0.0
379,0,25,12.77,0.0,0,0,0,0.0
379,0,26,10.24,0.0,0,0,0,0.0
379,0,27,18.02,0.0,0,0,0,0.0
379,0,28,17.56,0.0,0,0,0,0.0
379,0,29,14.3,0.0,0,0,0,0.0
379,0,30,23.94,0.0,0,0,0,0.0
379,0,31,26.59,0.0,0,0,0,0.0
379,1,0,15.71,273993.5,16,85,21,4.0
379,1,1,17.29,2495572.0,316,0,0,4.0
379,1,2,19.04,887754.5,107,48,0,4.0
379,1,3,16.81,2878438.0,365,0,0,3.998
379,1,4,25.54,19570.1,0,85,26,3.997
379,1,5,18.36,2485370.0,311,0,0,3.999
379,1,6,8.63,1781866.3,220,2,0,4.0
379,1,7,5.33,2504781.0,310,0,0,3.999
379,1,8,8.28,2414978.0,300,0,0,4.0
379,1,9,16.95,304388.6,20,90,16,3.998
379,1,10,5.22,2661426.5,341,0,0,3.998
379,1,11,27.19,2269974.0,286,0,0,4.0
379,1,12,16.04,24981.5,0,90,26,3.997
379,1,13,25.94,2161543.0,272,0,0,4.0
379,1,14,7.56,2416108.0,300,0,0,4.0
379,1,15,10.93,1937411.0,238,0,0,4.0
379,1,16,21.21,2611490.5,330,0,0,4.0
379,1,17,10.16,2290138.0,280,0,0,4.0
379,1,18,13.45,1550785.6,191,13,0,4.0
379,1,19,28.59,925370.8,102,39,14,4.0
379,1,20,28.46,2384577.0,295,0,0,4.0
379,1,21,7.19,1563885.5,197,8,0,4.0
379,1,22,21.02,2273405.1,289,0,0,4.0
379,1,23,22.73,1180301.0,134,33,0,3.999
379,1,24,27.19,71374.7,0,95,26,3.999
379,1,25,13.95,694476.7,59,68,10,4.0
379,1,26,20.95,2341041.0,295,0,0,4.0
379,1,27,28.46,0.0,0,0,0,0.0
379,1,28,27.22,0.0,0,0,0,0.0
379,1,29,21.5,0.0,0,0,0,0.0
379,1,30,21.16,0.0,0,0,0,0.0
379,1,31,18.93,0.0,0,0,0,0.0
379,2,0,6.96,9747.6,0,110,11,3.997
379,2,1,7.77,2037893.0,252,0,0,4.0
379,2,2,20.56,571112.1,61,64,12,4.0
379,2,3,13.62,2360228.0,292,0,0,4.0
379,2,4,16.07,2462375.0,285,0,0,3.999
379,2,5,14.57,3781.5,0,90,22,3.998
379,2,6,13.01,2718407.0,346,0,0,4.0
379,2,7,22.07,1729094.4,209,8,0,4.0
379,2,8,12.5,1434119.4,170,16,0,4.0
379,2,9,25.95,707944.5,76,45,8,3.999
379,2,10,28.65,2018695.9,252,1,0,4.0
379,2,11,13.51,512034.6,51,70,3,4.0
379,2,12,8.75,2870063.0,348,0,0,4.0
379,2,13,16.81,1838052.9,228,7,0,4.0
379,2,14,15.53,2109011.0,271,0,0,4.0
379,2,15,24.33,1644997.6,212,8,0,4.0
379,2,16,27.2,2427654.0,298,0,0,4.0
379,2,17,22.13,2422713.0,295,0,0,4.0
379,2,18,7.17,2529563.0,319,0,0,4.0
379,2,19,25.2,1848231.0,228,6,0,3.999
379,2,20,14.13,43801.7,0,107,12,3.997
379,2,21,13.24,1660528.8,212,6,0,3.999
379,2,22,17.91,2582266.0,316,0,0,4.0
379,2,23,17.9,2481272.0,304,0,0,4.0
379,2,24,22.87,1099976.1,134,32,0,4.0
379,2,25,14.85,49640.6,0,95,18,3.999
379,2,26,13.33,1571936.2,190,14,0,4.0
379,2,27,21.36,2549957.0,319,0,0,4.0
379,2,28,11.89,1202640.7,146,25,0,3.999
379,2,29,27.14,2453178.0,312,0,0,4.0
379,2,30,26.39,0.0,0,0,0,0.0
379,2,31,12.54,0.0,0,0,0,0.0
389,0,0,6.65,291529.9,18,90,4,4.0
389,0,1,22.27,10464.5,0,108,12,4.0
389,0,2,20.19,2526052.0,315,0,0,4.0
389,0,3,15.08,3059494.0,370,0,0,4.0
389,0,4,12.66,95916.1,0,102,17,4.0
389,0,5,12.32,2796694.0,353,0,0,4.0
389,0,6,23.59,67465.7,0,102,13,4.0
389,0,7,29.41,3031420.0,381,0,0,4.0
389,0,8,26.89,841877.7,84,48,17,4.0
389,0,9,11.95,2207076.0,273,0,0,4.0
389,0,10,25.73,37965.2,0,104,17,4.0
389,0,11,9.19,2406041.0,306,0,0,4.0
389,0,12,11.11,2583517.0,328,0,0,4.0
389,0,13,15.51,652259.5,59,73,6,4.0
389,0,14,23.28,3205631.0,402,0,0,4.0
389,0,15,21.85,2342626.0,285,0,0,4.0
389,0,16,21.6,1224.5,0,91,32,4.0
389,0,17,23.82,1881741.5,234,2,0,4.0
389,0,18,27.48,2150132.9,260,2,0,4.0
389,0,19,5.6,32905.5,0,103,9,4.0
389,0,20,13.77,2821208.0,363,0,0,4.0
389,0,21,17.56,2449419.0,301,0,0,4.0
389,0,22,22.78,83048.6,0,102,16,4.0
389,0,23,12.17,90516.9,0,114,5,4.0
389,0,24,22.8,0.0,0,0,0,0.0
389,0,25,12.77,0.0,0,0,0,0.0
389,0,26,10.24,0.0,0,0,0,0.0
389,0,27,18.02,0.0,0,0,0,0.0
389,0,28,17.56,0.0,0,0,0,0.0
389,0,29,14.3,0.0,0,0,0,0.0
389,0,30,23.94,0.0,0,0,0,0.0
389,0,31,26.59,0.0,0,0,0,0.0
389,1,0,15.71,244245.3,10,92,17,3.995
389,1,1,17.29,2522833.9,308,0,0,4.0
389,1,2,19.04,995964.3,119,41,0,4.0
389,1,3,16.81,2609507.0,325,0,0,4.0
389,1,4,25.54,15242.0,0,89,30,3.995
389,1,5,18.36,2471723.0,314,0,0,3.996
389,1,6,8.63,1758303.8,221,1,0,3.999
389,1,7,5.33,2494967.0,318,0,0,3.999
389,1,8,8.28,2483986.4,315,0,0,3.997
389,1,9,16.95,277089.6,18,79,24,4.0
389,1,10,5.22,2732619.0,346,0,0,4.0
389,1,11,27.19,2361035.0,299,0,0,3.998
389,1,12,16.04,23660.1,0,94,24,3.989
389,1,13,25.94,2205904.1,278,0,0,3.999
389,1,14,7.56,2416193.0,303,0,0,3.999
389,1,15,10.93,1812434.5,214,6,0,4.0
389,1,16,21.21,2579287.0,322,0,0,4.0
389,1,17,10.16,2438220.0,302,0,0,4.0
389,1,18,13.45,1563251.5,193,8,0,3.999
389,1,19,28.59,868245.2,93,55,7,3.997
389,1,20,28.46,2366036.0,299,0,0,4.0
389,1,21,7.19,1697311.2,204,4,0,3.999
389,1,22,21.02,2251981.0,285,0,0,3.999
389,1,23,22.73,1300357.0,152,24,2,4.0
389,1,24,27.19,68344.8,0,90,26,3.994
389,1,25,13.95,689540.8,63,67,6,3.998
389,1,26,20.95,2475919.2,311,0,0,3.999
389,1,27,28.46,0.0,0,0,0,0.0
389,1,28,27.22,0.0,0,0,0,0.0
389,1,29,21.5,0.0,0,0,0,0.0
389,1,30,21.16,0.0,0,0,0,0.0
389,1,31,18.93,0.0,0,0,0,0.0
389,2,0,6.96,5984.7,0,97,17,3.998
389,2,1,7.77,2016804.4,256,0,0,4.0
389,2,2,20.56,463378.8,34,83,9,3.999
389,2,3,13.62,2353677.0,299,0,0,4.0
389,2,4,16.07,2519823.0,315,0,0,4.0
389,2,5,14.57,4466.8,0,91,22,4.0
389,2,6,13.01,2835513.0,350,0,0,4.0
389,2,7,22.07,1742712.0,222,0,0,4.0
389,2,8,12.5,1338514.7,162,22,0,4.0
389,2,9,25.95,828534.1,94,47,11,4.0
389,2,10,28.65,1980418.0,249,2,0,4.0
389,2,11,13.51,529306.0,51,75,5,4.0
389,2,12,8.75,2676644.0,337,0,0,4.0
389,2,13,16.81,1729993.0,212,3,0,4.0
389,2,14,15.53,2016861.0,254,1,0,4.0
389,2,15,24.33,1781900.9,221,4,0,4.0
389,2,16,27.2,2424921.0,302,0,0,4.0
389,2,17,22.13,2715175.0,330,0,0,4.0
389,2,18,7.17,2513366.0,314,0,0,3.999
389,2,19,25.2,1871283.4,238,3,0,4.0
389,2,20,14.13,65713.0,0,104,16,4.0
389,2,21,13.24,1646048.9,211,3,0,4.0
389,2,22,17.91,2424363.0,300,0,0,4.0
389,2,23,17.9,2407559.0,296,0,0,4.0
389,2,24,22.87,1058946.6,121,37,0,4.0
389,2,25,14.85,38660.0,0,93,17,4.0
389,2,26,13.33,1512073.7,185,13,0,4.0
389,2,27,21.36,2572066.0,314,0,0,4.0
389,2,28,11.89,1260348.4,141,35,2,4.0
389,2,29,27.14,2382838.0,299,0,0,4.0
389,2,30,26.39,0.0,0,0,0,0.0
389,2,31,12.54,0.0,0,0,0,0.0
399,0,0,6.65,317969.3,13,98,9,4.0
399,0,1,22.27,12258.0,0,95,19,3.998
399,0,2,20.19,2344279.0,291,0,0,4.0
399,0,3,15.08,3103018.0,382,0,0,4.0
399,0,4,12.66,93608.6,0,98,21,3.999
399,0,5,12.32,2942486.0,359,0,0,4.0
399,0,6,23.59,71685.0,0,101,8,4.0
399,0,7,29.41,3054352.0,376,0,0,4.0
399,0,8,26.89,830741.6,70,60,18,4.0
399,0,9,11.95,2304083.8,293,0,0,4.0
399,0,10,25.73,41105.1,0,101,14,4.0
399,0,11,9.19,2412505.0,294,0,0,4.0
399,0,12,11.11,2663443.0,329,0,0,4.0
399,0,13,15.51,589438.3,51,67,8,4.0
399,0,14,23.28,3065928.0,391,0,0,4.0
399,0,15,21.85,2252101.0,289,1,0,4.0
399,0,16,21.6,1192.3,0,93,31,4.0
399,0,17,23.82,1756002.7,222,4,0,4.0
399,0,18,27.48,1969431.0,253,0,0,4.0
399,0,19,5.6,28566.9,0,106,9,4.0
399,0,20,13.77,2735105.0,342,0,0,4.0
399,0,21,17.56,2275987.0,291,0,0,4.0
399,0,22,22.78,93589.0,0,104,12,3.998
399,0,23,12.17,96438.4,1,101,6,4.0
399,0,24,22.8,0.0,0,0,0,0.0
399,0,25,12.77,0.0,0,0,0,0.0
399,0,26,10.24,0.0,0,0,0,0.0
399,0,27,18.02,0.0,0,0,0,0.0
399,0,28,17.56,0.0,0,0,0,0.0
399,0,29,14.3,0.0,0,0,0,0.0
399,0,30,23.94,0.0,0,0,0,0.0
399,0,31,26.59,0.0,0,0,0,0.0
399,1,0,15.71,276204.0,14,84,24,3.998
399,1,1,17.29,2510345.0,308,0,0,4.0
399,1,2,19.04,907307.9,104,53,0,3.999
399,1,3,16.81,2782221.0,349,0,0,4.0
399,1,4,25.54,21326.8,0,93,27,3.992
399,1,5,18.36,2450297.0,308,0,0,4.0
399,1,6,8.63,1812369.2,226,6,0,3.999
399,1,7,5.33,2517457.0,315,0,0,4.0
399,1,8,8.28,2283435.0,282,0,0,3.998
399,1,9,16.95,296544.3,21,83,16,3.999
399,1,10,5.22,2725136.0,334,0,0,4.0
399,1,11,27.19,2338139.0,286,0,0,4.0
399,1,12,16.04,20898.2,0,90,29,3.997
399,1,13,25.94,2156457.2,275,0,0,3.999
399,1,14,7.56,2356515.0,305,0,0,4.0
399,1,15,10.93,1808523.5,221,8,0,4.0
399,1,16,21.21,2624201.0,322,0,0,4.0
399,1,17,10.16,2394766.0,298,0,0,3.997
399,1,18,13.45,1584744.2,186,13,1,4.0
399,1,19,28.59,904294.9,93,47,9,3.998
399,1,20,28.46,2417808.0,300,0,0,4.0
399,1,21,7.19,1684455.5,211,3,0,4.0
399,1,22,21.02,2188360.0,275,0,0,4.0
399,1,23,22.73,1103053.9,119,35,4,3.999
399,1,24,27.19,69202.6,0,88,34,3.992
399,1,25,13.95,627599.6,52,73,8,3.998
399,1,26,20.95,2390895.9,301,0,0,3.999
399,1,27,28.46,0.0,0,0,0,0.0
399,1,28,27.22,0.0,0,0,0,0.0
399,1,29,21.5,0.0,0,0,0,0.0
399,1,30,21.16,0.0,0,0,0,0.0
399,1,31,18.93,0.0,0,0,0,0.0
399,2,0,6.96,7860.6,0,108,14,4.0
399,2,1,7.77,2077579.5,266,1,0,4.0
399,2,2,20.56,459545.9,48,66,9,4.0
399,2,3,13.62,2175457.0,271,0,0,4.0
399,2,4,16.07,2445051.0,295,0,0,4.0
399,2,5,14.57,4500.3,0,96,20,4.0
399,2,6,13.01,2780963.0,355,0,0,4.0
399,2,7,22.07,1700233.7,213,6,0,4.0
399,2,8,12.5,1389049.5,166,21,1,4.0
399,2,9,25.95,794610.9,75,59,13,4.0
399,2,10,28.65,2058962.2,258,1,0,4.0
399,2,11,13.51,530916.9,54,67,6,3.999
399,2,12,8.75,2780095.0,356,0,0,4.0
399,2,13,16.81,1754041.5,219,2,0,4.0
399,2,14,15.53,2061044.8,255,1,0,4.0
399,2,15,24.33,1619866.3,200,6,0,4.0
399,2,16,27.2,2509934.0,310,0,0,4.0
399,2,17,22.13,2551659.0,316,0,0,4.0
399,2,18,7.17,2506290.0,318,0,0,4.0
399,2,19,25.2,1927886.8,239,2,0,4.0
399,2,20,14.13,72327.9,2,100,13,3.999
399,2,21,13.24,1688969.8,208,3,0,4.0
399,2,22,17.91,2389071.0,300,0,0,4.0
399,2,23,17.9,2495133.0,308,0,0,4.0
399,2,24,22.87,1045135.5,118,38,0,3.999
399,2,25,14.85,46348.0,0,101,19,4.0
399,2,26,13.33,1500667.3,186,11,0,4.0
399,2,27,21.36,2549490.0,313,0,0,4.0
399,2,28,11.89,1188852.9,135,27,3,4.0
399,2,29,27.14,2456194.0,301,0,0,4.0
399,2,30,26.39,0.0,0,0,0,0.0
399,2,31,12.54,0.0,0,0,0,0.0
409,0,0,6.65,312682.8,18,99,4,4.0
409,0,1,22.27,14602.5,0,100,18,4.0
409,0,2,20.19,2550512.0,306,0,0,4.0
409,0,3,15.08,2744176.0,347,0,0,4.0
409,0,4,12.66,91883.0,0,97,16,4.0
409,0,5,12.32,2867734.0,357,0,0,4.0
409,0,6,23.59,76382.4,0,96,16,3.998
409,0,7,29.41,2942608.0,358,0,0,4.0
409,0,8,26.89,790594.1,86,40,14,3.998
409,0,9,11.95,2268958.0,284,0,0,3.999
409,0,10,25.73,39899.3,0,103,13,4.0
409,0,11,9.19,2304956.0,285,0,0,4.0
409,0,12,11.11,2515525.0,321,0,0,4.0
409,0,13,15.51,577182.7,47,78,8,3.999
409,0,14,23.28,3494698.0,437,0,0,4.0
409,0,15,21.85,2300457.3,286,1,0,4.0
409,0,16,21.6,1188.4,0,89,34,4.0
409,0,17,23.82,1914128.0,238,0,0,4.0
409,0,18,27.48,2123607.0,264,0,0,3.999
409,0,19,5.6,38597.9,0,101,4,4.0
409,0,20,13.77,2897018.0,363,0,0,4.0
409,0,21,17.56,2280296.0,288,0,0,4.0
409,0,22,22.78,103568.5,1,95,13,4.0
409,0,23,12.17,107923.9,0,108,8,4.0
409,0,24,22.8,0.0,0,0,0,0.0
409,0,25,12.77,0.0,0,0,0,0.0
409,0,26,10.24,0.0,0,0,0,0.0
409,0,27,18.02,0.0,0,0,0,0.0
409,0,28,17.56,0.0,0,0,0,0.0
409,0,29,14.3,0.0,0,0,0,0.0
409,0,30,23.94,0.0,0,0,0,0.0
409,0,31,26.59,0.0,0,0,0,0.0
409,1,0,15.71,265215.5,10,91,22,3.997
409,1,1,17.29,2363233.6,292,0,0,3.997
409,1,2,19.04,911668.2,105,51,0,3.999
409,1,3,16.81,2802712.0,350,0,0,4.0
409,1,4,25.54,15629.0,0,92,27,3.99
409,1,5,18.36,2392140.0,290,0,0,3.997
409,1,6,8.63,1775320.2,220,4,0,3.998
409,1,7,5.33,2378613.0,297,0,0,4.0
409,1,8,8.28,2642483.0,328,0,0,3.999
409,1,9,16.95,313066.4,19,88,15,3.993
409,1,10,5.22,2696888.0,338,0,0,3.998
409,1,11,27.19,2304186.0,289,1,0,3.997
409,1,12,16.04,18609.1,0,91,31,3.985
409,1,13,25.94,2237427.9,277,1,0,3.997
409,1,14,7.56,2233531.0,280,0,0,3.996
409,1,15,10.93,1730663.6,211,3,0,3.997
409,1,16,21.21,2536296.0,320,0,0,3.995
409,1,17,10.16,2298037.0,286,0,0,3.997
409,1,18,13.45,1515622.8,190,8,0,3.997
409,1,19,28.59,935604.4,96,45,7,3.994
409,1,20,28.46,2523280.0,304,0,0,4.0
409,1,21,7.19,1596104.1,203,11,0,3.998
409,1,22,21.02,2393382.0,298,0,0,3.998
409,1,23,22.73,1249527.8,154,19,2,3.998
409,1,24,27.19,75747.5,0,88,41,3.991
409,1,25,13.95,623319.2,56,68,7,3.998
409,1,26,20.95,2345301.0,293,0,0,4.0
409,1,27,28.46,0.0,0,0,0,0.0
409,1,28,27.22,0.0,0,0,0,0.0
409,1,29,21.5,0.0,0,0,0,0.0
409,1,30,21.16,0.0,0,0,0,0.0
409,1,31,18.93,0.0,0,0,0,0.0
409,2,0,6.96,7836.4,0,103,12,3.998
409,2,1,7.77,1951429.0,242,1,0,3.999
409,2,2,20.56,460354.9,40,73,12,3.999
409,2,3,13.62,2320029.0,297,0,0,4.0
409,2,4,16.07,2576997.1,318,0,0,4.0
409,2,5,14.57,5221.1,0,92,18,3.997
409,2,6,13.01,2720165.0,339,0,0,4.0
409,2,7,22.07,1667772.6,212,4,0,3.999
409,2,8,12.5,1373356.0,163,27,0,3.999
409,2,9,25.95,697748.3,64,67,16,3.998
409,2,10,28.65,2095586.9,255,0,0,3.999
409,2,11,13.51,600824.7,54,68,11,3.998
409,2,12,8.75,2708014.0,347,0,0,4.0
409,2,13,16.81,1793753.9,222,6,0,3.998
409,2,14,15.53,2035908.6,253,1,0,4.0
409,2,15,24.33,1653631.0,203,4,0,4.0
409,2,16,27.2,2452623.0,314,0,0,4.0
409,2,17,22.13,2549295.0,319,0,0,3.998
409,2,18,7.17,2517557.0,318,0,0,4.0
409,2,19,25.2,1907452.5,238,1,0,4.0
409,2,20,14.13,62741.2,0,98,17,3.996
409,2,21,13.24,1739738.4,217,5,0,3.999
409,2,22,17.91,2400345.0,296,0,0,4.0
409,2,23,17.9,2473088.0,307,0,0,4.0
409,2,24,22.87,1029800.3,118,45,0,4.0
409,2,25,14.85,48585.8,0,89,20,3.999
409,2,26,13.33,1504700.2,178,22,0,4.0
409,2,27,21.36,2277220.9,285,0,0,4.0
409,2,28,11.89,1228686.2,148,25,2,3.999
409,2,29,27.14,2542410.0,323,0,0,3.999
409,2,30,26.39,0.0,0,0,0,0.0
409,2,31,12.54,0.0,0,0,0,0.0
419,0,0,6.65,277357.0,11,104,4,3.982
419,0,1,22.27,11510.9,0,93,24,3.988
419,0,2,20.19,2484676.0,314,0,0,3.987
419,0,3,15.08,2927805.0,361,0,0,3.998
419,0,4,12.66,94410.0,0,91,21,3.976
419,0,5,12.32,2860468.0,366,0,0,3.99
419,0,6,23.59,83094.9,0,112,6,3.983
419,0,7,29.41,2763637.0,348,0,0,3.998
419,0,8,26.89,752914.0,67,55,16,3.993
419,0,9,11.95,2249351.0,281,0,0,3.994
419,0,10,25.73,53033.2,0,104,19,3.98
419,0,11,9.19,2423971.0,310,0,0,3.99
419,0,12,11.11,2629499.0,332,0,0,3.993
419,0,13,15.51,595300.2,57,58,11,3.99
419,0,14,23.28,3276368.0,400,0,0,3.995
419,0,15,21.85,2277797.0,290,0,0,3.992
419,0,16,21.6,1080.2,0,89,37,3.978
419,0,17,23.82,1880595.2,230,3,0,3.996
419,0,18,27.48,2150847.0,271,0,0,3.992
419,0,19,5.6,37088.2,0,109,8,3.978
419,0,20,13.77,2921457.0,369,0,0,3.991
419,0,21,17.56,2399332.0,307,0,0,3.986
419,0,22,22.78,113097.3,0,99,16,3.986
419,0,23,12.17,96998.0,0,112,4,3.984
419,0,24,22.8,0.0,0,0,0,0.0
419,0,25,12.77,0.0,0,0,0,0.0
419,0,26,10.24,0.0,0,0,0,0.0
419,0,27,18.02,0.0,0,0,0,0.0
419,0,28,17.56,0.0,0,0,0,0.0
419,0,29,14.3,0.0,0,0,0,0.0
419,0,30,23.94,0.0,0,0,0,0.0
419,0,31,26.59,0.0,0,0,0,0.0
419,1,0,15.71,280197.2,15,90,15,3.981
419,1,1,17.29,2560341.6,318,0,0,3.994
419,1,2,19.04,970470.8,109,37,1,3.989
419,1,3,16.81,2720135.0,332,0,0,3.99
419,1,4,25.54,16242.2,0,83,29,3.968
419,1,5,18.36,2425658.0,305,1,0,3.984
419,1,6,8.63,1851457.5,225,2,0,3.99
419,1,7,5.33,2452422.1,302,0,0,3.991
419,1,8,8.28,2559873.4,323,0,0,3.99
419,1,9,16.95,312391.7,14,84,23,3.971
419,1,10,5.22,2890473.0,360,0,0,3.995
419,1,11,27.19,2248162.0,273,0,0,3.99
419,1,12,16.04,16809.6,0,96,23,3.981
419,1,13,25.94,2175502.0,272,0,0,3.992
419,1,14,7.56,2530836.0,309,0,0,3.989
419,1,15,10.93,1697561.0,221,3,0,3.985
419,1,16,21.21,2621968.0,329,0,0,3.992
419,1,17,10.16,2339548.0,298,0,0,3.993
419,1,18,13.45,1550116.5,191,10,0,3.985
419,1,19,28.59,908563.1,92,47,8,3.987
419,1,20,28.46,2354340.0,297,0,0,3.992
419,1,21,7.19,1682036.5,212,6,0,3.994
419,1,22,21.02,2210493.0,288,0,0,3.995
419,1,23,22.73,1277383.8,146,33,1,3.982
419,1,24,27.19,78642.2,0,97,25,3.973
419,1,25,13.95,662148.2,67,69,7,3.986
419,1,26,20.95,2421065.0,300,0,0,3.996
419,1,27,28.46,0.0,0,0,0,0.0
419,1,28,27.22,0.0,0,0,0,0.0
419,1,29,21.5,0.0,0,0,0,0.0
419,1,30,21.16,0.0,0,0,0,0.0
419,1,31,18.93,0.0,0,0,0,0.0
419,2,0,6.96,9433.2,0,102,13,3.993
419,2,1,7.77,2009305.2,254,1,0,3.999
419,2,2,20.56,522202.0,50,74,6,3.994
419,2,3,13.62,2260289.0,276,0,0,3.997
419,2,4,16.07,2414301.0,300,0,0,3.994
419,2,5,14.57,4483.7,0,96,17,3.991
419,2,6,13.01,2777721.0,356,0,0,4.0
419,2,7,22.07,1677749.0,205,5,0,3.997
419,2,8,12.5,1464593.7,182,13,0,3.997
419,2,9,25.95,679374.4,62,61,15,3.995
419,2,10,28.65,1985895.2,253,1,0,3.995
419,2,11,13.51,577091.3,52,67,7,3.992
419,2,12,8.75,2923986.0,354,0,0,3.996
419,2,13,16.81,1748867.2,219,2,0,3.997
419,2,14,15.53,2096515.9,262,0,0,3.999
419,2,15,24.33,1746424.4,214,9,0,3.999
419,2,16,27.2,2398177.0,302,0,0,3.999
419,2,17,22.13,2629839.0,323,0,0,3.997
419,2,18,7.17,2579172.0,315,0,0,3.997
419,2,19,25.2,1858563.7,234,4,0,3.994
419,2,20,14.13,69929.3,0,103,16,3.986
419,2,21,13.24,1608310.2,193,6,0,3.994
419,2,22,17.91,2585598.0,323,0,0,4.0
419,2,23,17.9,2342854.0,290,0,0,3.999
419,2,24,22.87,1056047.4,122,38,0,3.999
419,2,25,14.85,38318.6,0,100,18,3.988
419,2,26,13.33,1586506.7,194,8,0,3.993
419,2,27,21.36,2649639.0,331,0,0,3.999
419,2,28,11.89,1294368.6,149,23,4,3.995
419,2,29,27.14,2365886.0,297,0,0,4.0
419,2,30,26.39,0.0,0,0,0,0.0
419,2,31,12.54,0.0,0,0,0,0.0
429,0,0,6.65,304482.5,16,96,2,3.985
429,0,1,22.27,10604.9,0,98,14,3.985
429,0,2,20.19,2553011.0,316,0,0,3.998
429,0,3,15.08,2893232.0,357,0,0,4.0
429,0,4,12.66,106962.6,1,94,22,3.985
429,0,5,12.32,2702406.0,349,0,0,3.995
429,0,6,23.59,76913.4,0,104,16,3.981
429,0,7,29.41,3197924.0,388,0,0,3.998
429,0,8,26.89,772850.8,75,54,16,3.991
429,0,9,11.95,2306325.0,297,0,0,3.993
429,0,10,25.73,42442.4,0,93,22,3.981
429,0,11,9.19,2313586.0,291,0,0,3.991
429,0,12,11.11,2609634.0,326,0,0,3.993
429,0,13,15.51,637691.6,57,62,7,3.989
429,0,14,23.28,3147215.0,387,0,0,3.998
429,0,15,21.85,2094140.0,272,0,0,3.995
429,0,16,21.6,1149.8,0,89,24,3.985
429,0,17,23.82,1863469.0,239,2,0,3.994
429,0,18,27.48,2060677.3,253,1,0,3.985
429,0,19,5.6,31742.7,0,109,5,3.987
429,0,20,13.77,3064534.0,384,0,0,4.0
429,0,21,17.56,2371774.8,299,0,0,3.995
429,0,22,22.78,98137.8,0,102,11,3.981
429,0,23,12.17,94147.8,1,102,5,3.985
429,0,24,22.8,0.0,0,0,0,0.0
429,0,25,12.77,0.0,0,0,0,0.0
429,0,26,10.24,0.0,0,0,0,0.0
429,0,27,18.02,0.0,0,0,0,0.0
429,0,28,17.56,0.0,0,0,0,0.0
429,0,29,14.3,0.0,0,0,0,0.0
429,0,30,23.94,0.0,0,0,0,0.0
429,0,31,26.59,0.0,0,0,0,0.0
429,1,0,15.71,298809.3,19,79,15,3.985
429,1,1,17.29,2527783.6,313,0,0,3.993
429,1,2,19.04,981707.7,106,43,1,3.995
429,1,3,16.81,2799268.0,352,0,0,3.992
429,1,4,25.54,17165.1,0,88,29,3.976
429,1,5,18.36,2473693.0,309,0,0,3.985
429,1,6,8.63,1665751.3,211,2,0,3.99
429,1,7,5.33,2369595.0,294,1,0,3.996
429,1,8,8.28,2472260.0,310,0,0,3.992
429,1,9,16.95,311055.9,12,89,23,3.98
429,1,10,5.22,2812382.0,354,0,0,3.998
429,1,11,27.19,2387782.0,295,0,0,3.993
429,1,12,16.04,13817.7,0,108,18,3.964
429,1,13,25.94,2080837.2,262,1,0,3.99
429,1,14,7.56,2328448.0,297,0,0,3.992
429,1,15,10.93,1825125.8,228,4,0,3.993
429,1,16,21.21,2445432.5,314,0,0,3.997
429,1,17,10.16,2366228.3,292,0,0,3.995
429,1,18,13.45,1474545.9,183,11,0,3.988
429,1,19,28.59,937916.6,99,50,6,3.985
429,1,20,28.46,2369747.0,290,0,0,3.993
429,1,21,7.19,1696482.1,211,5,0,3.992
429,1,22,21.02,2268414.0,278,0,0,3.986
429,1,23,22.73,1346406.7,157,21,0,3.982
429,1,24,27.19,71155.3,0,90,33,3.982
429,1,25,13.95,612021.5,57,70,4,3.987
429,1,26,20.95,2444835.0,303,0,0,3.994
429,1,27,28.46,0.0,0,0,0,0.0
429,1,28,27.22,0.0,0,0,0,0.0
429,1,29,21.5,0.0,0,0,0,0.0
429,1,30,21.16,0.0,0,0,0,0.0
429,1,31,18.93,0.0,0,0,0,0.0
429,2,0,6.96,8488.2,0,103,12,3.981
429,2,1,7.77,2020771.7,253,1,0,3.999
429,2,2,20.56,479909.2,45,85,6,3.995
429,2,3,13.62,2361917.0,293,0,0,3.996
429,2,4,16.07,2498247.5,305,0,0,3.993
429,2,5,14.57,4268.5,0,99,10,3.993
429,2,6,13.01,2746854.0,341,0,0,4.0
429,2,7,22.07,1595404.5,198,6,0,3.996
429,2,8,12.5,1416715.6,176,12,0,3.997
429,2,9,25.95,755723.8,78,51,15,3.996
429,2,10,28.65,1928998.0,246,0,0,3.999
429,2,11,13.51,576725.0,52,74,5,3.994
429,2,12,8.75,2583508.0,327,0,0,4.0
429,2,13,16.81,1757153.5,217,3,0,3.998
429,2,14,15.53,2083576.0,268,0,0,3.998
429,2,15,24.33,1656038.9,210,7,0,3.994
429,2,16,27.2,2414778.0,312,0,0,3.996
429,2,17,22.13,2657412.0,334,0,0,3.992
429,2,18,7.17,2533895.0,317,0,0,3.999
429,2,19,25.2,1798817.7,225,6,0,3.998
429,2,20,14.13,65325.1,0,97,13,3.993
429,2,21,13.24,1850418.6,215,2,0,3.996
429,2,22,17.91,2572167.0,321,0,0,4.0
429,2,23,17.9,2527411.0,312,0,0,3.996
429,2,24,22.87,1075126.1,126,32,0,3.996
429,2,25,14.85,44211.5,0,106,14,3.983
429,2,26,13.33,1540531.9,185,12,0,3.998
429,2,27,21.36,2586131.0,324,0,0,3.994
429,2,28,11.89,1293915.1,152,29,1,3.996
429,2,29,27.14,2381693.0,294,0,0,3.999
429,2,30,26.39,0.0,0,0,0,0.0
429,2,31,12.54,0.0,0,0,0,0.0
439,0,0,6.65,274794.1,7,102,5,3.945
439,0,1,22.27,10806.6,0,102,16,3.926
439,0,2,20.19,2431785.0,304,0,0,3.966
439,0,3,15.08,2960722.0,390,0,0,3.983
439,0,4,12.66,113905.8,1,98,14,3.924
439,0,5,12.32,3024658.0,374,0,0,3.952
439,0,6,23.59,75356.7,0,104,12,3.928
439,0,7,29.41,2931830.0,365,0,0,3.961
439,0,8,26.89,868804.4,72,44,20,3.948
439,0,9,11.95,2423839.0,304,0,0,3.96
439,0,10,25.73,37751.1,0,99,22,3.938
439,0,11,9.19,2407846.0,300,0,0,3.948
439,0,12,11.11,2512634.0,317,0,0,3.973
439,0,13,15.51,626399.0,42,82,7,3.952
439,0,14,23.28,3149983.0,399,0,0,3.981
439,0,15,21.85,2239797.0,281,0,0,3.957
439,0,16,21.6,1006.1,0,99,21,3.924
439,0,17,23.82,1959131.7,238,1,0,3.964
439,0,18,27.48,2129605.3,267,1,0,3.951
439,0,19,5.6,40228.0,0,113,1,3.928
439,0,20,13.77,3273587.0,399,0,0,3.98
439,0,21,17.56,2239517.0,286,0,0,3.951
439,0,22,22.78,89347.5,0,106,8,3.92
439,0,23,12.17,98446.4,0,114,4,3.93
439,0,24,22.8,0.0,0,0,0,0.0
439,0,25,12.77,0.0,0,0,0,0.0
439,0,26,10.24,0.0,0,0,0,0.0
439,0,27,18.02,0.0,0,0,0,0.0
439,0,28,17.56,0.0,0,0,0,0.0
439,0,29,14.3,0.0,0,0,0,0.0
439,0,30,23.94,0.0,0,0,0,0.0
439,0,31,26.59,0.0,0,0,0,0.0
439,1,0,15.71,340579.1,20,82,10,3.953
439,1,1,17.29,2546789.0,308,0,0,3.985
439,1,2,19.04,951336.0,110,48,2,3.973
439,1,3,16.81,2759236.0,341,0,0,3.981
439,1,4,25.54,13755.7,0,105,17,3.931
439,1,5,18.36,2427002.0,304,0,0,3.963
439,1,6,8.63,1747098.3,219,4,0,3.963
439,1,7,5.33,2524418.0,320,0,0,3.971
439,1,8,8.28,2365384.0,305,0,0,3.961
439,1,9,16.95,355772.6,25,79,13,3.937
439,1,10,5.22,2513394.0,313,0,0,3.975
439,1,11,27.19,2194158.5,278,1,0,3.988
439,1,12,16.04,16165.3,0,102,19,3.934
439,1,13,25.94,2252504.1,272,0,0,3.969
439,1,14,7.56,2323908.0,288,0,0,3.981
439,1,15,10.93,1794837.3,227,2,0,3.973
439,1,16,21.21,2573227.0,322,0,0,3.989
439,1,17,10.16,2368309.0,292,0,0,3.976
439,1,18,13.45,1561370.3,192,10,0,3.967
439,1,19,28.59,973784.5,106,54,2,3.964
439,1,20,28.46,2239690.0,286,0,0,3.981
439,1,21,7.19,1698240.5,206,4,0,3.973
439,1,22,21.02,2323324.1,292,0,0,3.964
439,1,23,22.73,1280967.4,150,23,1,3.966
439,1,24,27.19,73751.7,0,89,30,3.957
439,1,25,13.95,645565.9,60,60,8,3.95
439,1,26,20.95,2284149.0,291,0,0,3.975
439,1,27,28.46,0.0,0,0,0,0.0
439,1,28,27.22,0.0,0,0,0,0.0
439,1,29,21.5,0.0,0,0,0,0.0
439,1,30,21.16,0.0,0,0,0,0.0
439,1,31,18.93,0.0,0,0,0,0.0
439,2,0,6.96,6932.9,0,100,11,3.965
439,2,1,7.77,1961315.6,245,1,0,3.988
439,2,2,20.56,432089.1,45,73,13,3.974
439,2,3,13.62,2288255.0,285,0,0,3.985
439,2,4,16.07,2573232.8,320,0,0,3.979
439,2,5,14.57,5001.3,0,101,15,3.962
439,2,6,13.01,2831823.0,348,0,0,4.0
439,2,7,22.07,1696579.7,207,6,0,3.986
439,2,8,12.5,1427579.5,177,8,0,3.984
439,2,9,25.95,715906.6,78,60,9,3.986
439,2,10,28.65,1999185.8,244,1,0,3.984
439,2,11,13.51,561222.1,56,68,2,3.967
439,2,12,8.75,2804523.0,361,0,0,3.992
439,2,13,16.81,1753042.7,217,4,0,3.988
439,2,14,15.53,2059730.0,262,0,0,3.99
439,2,15,24.33,1657214.8,203,6,0,3.982
439,2,16,27.2,2419764.0,300,0,0,3.993
439,2,17,22.13,2557004.0,321,0,0,3.985
439,2,18,7.17,2499350.0,304,0,0,3.98
439,2,19,25.2,1926652.0,242,0,0,3.987
439,2,20,14.13,56219.4,0,100,10,3.968
439,2,21,13.24,1807447.0,228,1,0,3.991
439,2,22,17.91,2725491.0,341,0,0,3.991
439,2,23,17.9,2521544.0,313,0,0,3.984
439,2,24,22.87,1104625.6,125,35,0,3.984
439,2,25,14.85,53534.5,1,94,14,3.966
439,2,26,13.33,1601527.4,198,7,0,3.988
439,2,27,21.36,2459379.1,309,1,0,3.982
439,2,28,11.89,1390206.8,159,22,3,3.985
439,2,29,27.14,2347551.0,286,0,0,3.989
439,2,30,26.39,0.0,0,0,0,0.0
439,2,31,12.54,0.0,0,0,0,0.0
449,0,0,6.65,317714.3,19,85,5,3.981
449,0,1,22.27,10643.4,0,101,14,3.98
449,0,2,20.19,2515966.0,313,0,0,3.99
449,0,3,15.08,3031909.0,384,0,0,3.995
449,0,4,12.66,95786.0,0,100,16,3.978
449,0,5,12.32,3003198.0,374,0,0,3.993
449,0,6,23.59,77156.7,0,109,5,3.976
449,0,7,29.41,3109446.0,384,0,0,3.998
449,0,8,26.89,803769.8,82,43,15,3.994
449,0,9,11.95,2333756.0,288,0,0,3.996
449,0,10,25.73,52901.2,1,97,22,3.988
449,0,11,9.19,2391328.5,291,0,0,3.985
449,0,12,11.11,2384545.0,301,0,0,3.998
449,0,13,15.51,589010.7,55,71,5,3.99
449,0,14,23.28,3094945.0,390,0,0,3.998
449,0,15,21.85,2167677.0,281,0,0,3.995
449,0,16,21.6,1062.7,0,94,28,3.978
449,0,17,23.82,1873001.6,230,1,0,3.996
449,0,18,27.48,2129049.0,271,0,0,3.989
449,0,19,5.6,42647.9,0,105,2,3.984
449,0,20,13.77,2844996.0,348,0,0,3.996
449,0,21,17.56,2403949.0,301,0,0,3.989
449,0,22,22.78,87555.1,1,105,14,3.979
449,0,23,12.17,94710.8,1,110,3,3.987
449,0,24,22.8,0.0,0,0,0,0.0
449,0,25,12.77,0.0,0,0,0,0.0
449,0,26,10.24,0.0,0,0,0,0.0
449,0,27,18.02,0.0,0,0,0,0.0
449,0,28,17.56,0.0,0,0,0,0.0
449,0,29,14.3,0.0,0,0,0,0.0
449,0,30,23.94,0.0,0,0,0,0.0
449,0,31,26.59,0.0,0,0,0,0.0
449,1,0,15.71,300382.3,14,89,17,3.987
449,1,1,17.29,2383855.0,297,0,0,3.989
449,1,2,19.04,976531.7,105,52,0,3.989
449,1,3,16.81,2756318.0,345,0,0,3.996
449,1,4,25.54,15647.6,0,89,20,3.964
449,1,5,18.36,2530177.0,312,0,0,3.989
449,1,6,8.63,1673019.7,208,5,0,3.991
449,1,7,5.33,2525814.0,314,0,0,3.992
449,1,8,8.28,2533537.2,317,0,0,3.988
449,1,9,16.95,337108.3,23,83,12,3.981
449,1,10,5.22,2760149.0,345,0,0,3.998
449,1,11,27.19,2266224.0,283,0,0,3.995
449,1,12,16.04,17209.5,0,113,17,3.975
449,1,13,25.94,2075845.0,266,0,0,3.996
449,1,14,7.56,2306267.9,292,0,0,3.99
449,1,15,10.93,1737836.0,210,5,0,3.996
449,1,16,21.21,2547473.0,318,0,0,3.995
449,1,17,10.16,2161520.6,272,0,0,3.994
449,1,18,13.45,1462437.0,180,19,0,3.992
449,1,19,28.59,974280.6,105,47,6,3.99
449,1,20,28.46,2247575.0,287,0,0,3.999
449,1,21,7.19,1549013.5,197,9,0,3.991
449,1,22,21.02,2226557.0,285,0,0,3.995
449,1,23,22.73,1201941.1,146,26,0,3.993
449,1,24,27.19,69521.7,0,91,32,3.983
449,1,25,13.95,735320.6,81,42,10,3.988
449,1,26,20.95,2415867.0,310,0,0,4.0
449,1,27,28.46,0.0,0,0,0,0.0
449,1,28,27.22,0.0,0,0,0,0.0
449,1,29,21.5,0.0,0,0,0,0.0
449,1,30,21.16,0.0,0,0,0,0.0
449,1,31,18.93,0.0,0,0,0,0.0
449,2,0,6.96,10772.0,0,101,10,3.991
449,2,1,7.77,2034306.5,251,0,0,3.999
449,2,2,20.56,484607.9,38,88,8,3.991
449,2,3,13.62,2363606.0,291,0,0,3.997
449,2,4,16.07,2542456.0,316,0,0,3.996
449,2,5,14.57,3722.3,0,99,14,3.988
449,2,6,13.01,2818691.0,348,0,0,3.996
449,2,7,22.07,1647340.0,203,7,0,3.996
449,2,8,12.5,1383567.3,166,25,0,3.996
449,2,9,25.95,745777.7,72,68,8,3.989
449,2,10,28.65,2009157.0,245,0,0,3.999
449,2,11,13.51,586931.0,54,72,6,3.995
449,2,12,8.75,3008354.0,373,0,0,3.996
449,2,13,16.81,1702536.0,211,1,0,3.996
449,2,14,15.53,2105772.7,263,0,0,3.998
449,2,15,24.33,1622418.8,199,9,0,3.998
449,2,16,27.2,2277715.0,290,0,0,4.0
449,2,17,22.13,2544256.0,327,0,0,3.998
449,2,18,7.17,2538954.0,317,0,0,3.999
449,2,19,25.2,1875584.0,236,0,0,3.999
449,2,20,14.13,60769.4,1,103,9,3.99
449,2,21,13.24,1739133.8,214,5,0,3.998
449,2,22,17.91,2522980.4,319,0,0,3.997
449,2,23,17.9,2542290.0,318,0,0,3.999
449,2,24,22.87,1029241.8,114,48,0,3.998
449,2,25,14.85,42504.7,0,99,17,3.989
449,2,26,13.33,1501959.2,186,9,0,3.997
449,2,27,21.36,2450688.0,304,0,0,3.99
449,2,28,11.89,1294855.9,153,28,1,3.996
449,2,29,27.14,2468361.0,306,0,0,3.997
449,2,30,26.39,0.0,0,0,0,0.0
449,2,31,12.54,0.0,0,0,0,0.0
459,0,0,6.65,294401.8,14,101,3,4.0
459,0,1,22.27,10160.4,0,93,24,4.0
459,0,2,20.19,2514861.0,314,0,0,4.0
459,0,3,15.08,2995382.0,389,0,0,4.0
459,0,4,12.66,101793.9,0,110,18,3.999
459,0,5,12.32,2946394.0,358,0,0,4.0
459,0,6,23.59,71126.3,0,111,8,3.999
459,0,7,29.41,2894547.0,369,0,0,4.0
459,0,8,26.89,778206.0,75,51,17,4.0
459,0,9,11.95,2324899.0,283,0,0,4.0
459,0,10,25.73,41751.3,0,99,23,3.999
459,0,11,9.19,2339713.0,297,0,0,3.999
459,0,12,11.11,2490666.0,316,0,0,4.0
459,0,13,15.51,607865.7,45,70,11,4.0
459,0,14,23.28,3232906.0,407,0,0,4.0
459,0,15,21.85,2222526.0,269,0,0,4.0
459,0,16,21.6,1154.8,0,91,26,3.999
459,0,17,23.82,1920365.0,241,0,0,3.999
459,0,18,27.48,2033223.0,253,0,0,4.0
459,0,19,5.6,33873.2,0,106,8,3.999
459,0,20,13.77,2980378.0,369,0,0,4.0
459,0,21,17.56,2317718.0,292,0,0,4.0
459,0,22,22.78,109448.5,1,102,16,3.998
459,0,23,12.17,93687.3,0,107,11,4.0
459,0,24,22.8,0.0,0,0,0,0.0
459,0,25,12.77,0.0,0,0,0,0.0
459,0,26,10.24,0.0,0,0,0,0.0
459,0,27,18.02,0.0,0,0,0,0.0
459,0,28,17.56,0.0,0,0,0,0.0
459,0,29,14.3,0.0,0,0,0,0.0
459,0,30,23.94,0.0,0,0,0,0.0
459,0,31,26.59,0.0,0,0,0,0.0
459,1,0,15.71,295302.8,10,83,20,3.997
459,1,1,17.29,2466312.0,310,0,0,3.994
459,1,2,19.04,917617.5,106,46,0,3.999
459,1,3,16.81,2758021.0,344,0,0,4.0
459,1,4,25.54,15891.7,0,90,31,3.99
459,1,5,18.36,2431559.0,298,0,0,3.999
459,1,6,8.63,1854278.6,228,5,0,3.999
459,1,7,5.33,2441956.2,305,0,1,3.999
459,1,8,8.28,2472301.0,300,0,0,3.997
459,1,9,16.95,341481.9,23,82,16,3.994
459,1,10,5.22,2642496.0,339,0,0,4.0
459,1,11,27.19,2242738.0,278,0,0,4.0
459,1,12,16.04,23042.2,0,100,18,3.994
459,1,13,25.94,2049129.0,259,0,0,4.0
459,1,14,7.56,2299570.0,292,0,0,4.0
459,1,15,10.93,1874057.0,223,0,0,3.999
459,1,16,21.21,2684845.0,340,0,0,4.0
459,1,17,10.16,2236970.0,277,0,0,3.999
459,1,18,13.45,1478322.6,176,20,1,4.0
459,1,19,28.59,912198.7,103,42,4,3.998
459,1,20,28.46,2420326.9,299,0,0,4.0
459,1,21,7.19,1750434.6,215,12,0,3.999
459,1,22,21.02,2357149.1,296,0,0,3.997
459,1,23,22.73,1278072.4,142,24,0,3.997
459,1,24,27.19,53971.1,0,90,37,3.994
459,1,25,13.95,682854.2,73,56,7,3.993
459,1,26,20.95,2386220.0,304,0,0,3.999
459,1,27,28.46,0.0,0,0,0,0.0
459,1,28,27.22,0.0,0,0,0,0.0
459,1,29,21.5,0.0,0,0,0,0.0
459,1,30,21.16,0.0,0,0,0,0.0
459,1,31,18.93,0.0,0,0,0,0.0
459,2,0,6.96,11789.4,0,104,11,3.999
459,2,1,7.77,2007227.0,259,0,0,4.0
459,2,2,20.56,513405.1,53,57,7,3.999
459,2,3,13.62,2277219.0,285,0,0,4.0
459,2,4,16.07,2392057.4,298,1,0,3.999
459,2,5,14.57,4533.3,0,99,18,3.999
459,2,6,13.01,2818581.0,346,0,0,4.0
459,2,7,22.07,1626325.3,200,7,0,4.0
459,2,8,12.5,1462435.6,177,27,0,3.999
459,2,9,25.95,775438.9,70,62,13,3.999
459,2,10,28.65,2059531.0,254,0,0,3.998
459,2,11,13.51,500396.3,46,87,6,3.998
459,2,12,8.75,2944428.0,356,0,0,4.0
459,2,13,16.81,1904205.3,229,3,0,3.999
459,2,14,15.53,1998174.7,258,0,0,4.0
459,2,15,24.33,1648490.3,194,10,0,4.0
459,2,16,27.2,2476288.0,307,0,0,4.0
459,2,17,22.13,2535024.1,316,0,0,3.998
459,2,18,7.17,2411874.0,304,0,0,4.0
459,2,19,25.2,1945720.9,243,2,0,4.0
459,2,20,14.13,56501.1,0,103,12,3.996
459,2,21,13.24,1798909.9,220,4,0,4.0
459,2,22,17.91,2398047.0,301,0,0,4.0
459,2,23,17.9,2338813.0,294,0,0,3.997
459,2,24,22.87,1002344.3,107,43,1,3.999
459,2,25,14.85,38559.9,0,93,19,3.995
459,2,26,13.33,1555494.6,185,15,0,3.998
459,2,27,21.36,2513394.0,310,0,0,3.997
459,2,28,11.89,1224463.7,143,22,3,4.0
459,2,29,27.14,2451201.0,307,0,0,4.0
459,2,30,26.39,0.0,0,0,0,0.0
459,2,31,12.54,0.0,0,0,0,0.0
469,0,0,6.65,259156.9,10,97,3,3.999
469,0,1,22.27,11814.9,0,98,20,3.999
469,0,2,20.19,2530654.0,312,0,0,3.998
469,0,3,15.08,3134623.0,386,0,0,4.0
469,0,4,12.66,109805.7,0,97,16,3.999
469,0,5,12.32,2761952.0,346,0,0,4.0
469,0,6,23.59,67305.7,0,107,13,3.999
469,0,7,29.41,3008979.0,382,0,0,4.0
469,0,8,26.89,804140.3,77,47,23,4.0
469,0,9,11.95,2300477.0,296,0,0,4.0
469,0,10,25.73,50563.3,0,98,23,3.999
469,0,11,9.19,2337446.0,296,0,0,4.0
469,0,12,11.11,2431451.0,303,0,0,4.0
469,0,13,15.51,623287.4,50,66,11,4.0
469,0,14,23.28,3098502.0,386,0,0,4.0
469,0,15,21.85,2237427.2,276,0,0,4.0
469,0,16,21.6,1057.0,0,80,40,3.999
469,0,17,23.82,1934822.0,238,1,0,3.999
469,0,18,27.48,2086190.0,260,0,0,4.0
469,0,19,5.6,33114.1,0,118,3,4.0
469,0,20,13.77,2833156.0,352,0,0,4.0
469,0,21,17.56,2352399.0,292,0,0,3.999
469,0,22,22.78,102129.0,0,103,12,3.998
469,0,23,12.17,100604.8,0,113,6,4.0
469,0,24,22.8,0.0,0,0,0,0.0
469,0,25,12.77,0.0,0,0,0,0.0
469,0,26,10.24,0.0,0,0,0,0.0
469,0,27,18.02,0.0,0,0,0,0.0
469,0,28,17.56,0.0,0,0,0,0.0
469,0,29,14.3,0.0,0,0,0,0.0
469,0,30,23.94,0.0,0,0,0,0.0
469,0,31,26.59,0.0,0,0,0,0.0
469,1,0,15.71,342226.4,24,84,16,3.997
469,1,1,17.29,2349934.6,294,0,0,3.998
469,1,2,19.04,959382.4,101,50,2,3.999
469,1,3,16.81,2743692.0,348,0,0,4.0
469,1,4,25.54,18170.2,0,83,33,3.997
469,1,5,18.36,2297316.0,289,0,0,4.0
469,1,6,8.63,1738941.2,216,2,0,3.999
469,1,7,5.33,2466114.3,308,0,0,3.999
469,1,8,8.28,2624003.0,322,0,0,4.0
469,1,9,16.95,282006.0,15,95,16,3.996
469,1,10,5.22,2647984.0,330,0,0,4.0
469,1,11,27.19,2200766.0,275,0,0,4.0
469,1,12,16.04,18865.8,0,95,27,3.993
469,1,13,25.94,2091936.0,266,0,0,3.997
469,1,14,7.56,2429507.6,297,0,0,4.0
469,1,15,10.93,1838660.1,233,2,0,3.999
469,1,16,21.21,2623019.0,327,0,0,4.0
469,1,17,10.16,2216066.0,275,0,0,3.999
469,1,18,13.45,1547719.3,189,10,0,3.999
469,1,19,28.59,954804.8,101,46,4,3.998
469,1,20,28.46,2352798.0,293,0,0,4.0
469,1,21,7.19,1739094.0,216,3,0,3.999
469,1,22,21.02,2252179.0,280,0,0,3.997
469,1,23,22.73,1237127.4,136,32,0,3.999
469,1,24,27.19,64047.8,0,90,31,3.991
469,1,25,13.95,695046.2,58,73,5,3.998
469,1,26,20.95,2571602.0,321,0,0,4.0
469,1,27,28.46,0.0,0,0,0,0.0
469,1,28,27.22,0.0,0,0,0,0.0
469,1,29,21.5,0.0,0,0,0,0.0
469,1,30,21.16,0.0,0,0,0,0.0
469,1,31,18.93,0.0,0,0,0,0.0
469,2,0,6.96,10140.6,0,100,9,3.997
469,2,1,7.77,2144325.2,259,2,0,4.0
469,2,2,20.56,588393.4,54,69,6,4.0
469,2,3,13.62,2234859.9,282,0,0,3.999
469,2,4,16.07,2448058.8,317,0,0,3.997
469,2,5,14.57,4285.9,0,95,19,3.994
469,2,6,13.01,2882105.0,354,0,0,4.0
469,2,7,22.07,1649560.3,201,4,0,3.999
469,2,8,12.5,1384104.7,168,16,0,3.999
469,2,9,25.95,730807.3,66,61,15,4.0
469,2,10,28.65,1971237.2,243,1,0,3.999
469,2,11,13.51,521485.9,45,72,3,3.999
469,2,12,8.75,2771798.0,345,0,0,4.0
469,2,13,16.81,1726185.7,216,5,0,4.0
469,2,14,15.53,2072111.1,252,2,0,4.0
469,2,15,24.33,1670683.2,203,5,0,4.0
469,2,16,27.2,2377462.0,302,0,0,3.999
469,2,17,22.13,2509956.0,318,0,0,4.0
469,2,18,7.17,2471274.0,306,0,0,4.0
469,2,19,25.2,1874679.2,231,2,0,3.999
469,2,20,14.13,61134.8,0,103,16,3.999
469,2,21,13.24,1642574.6,202,6,0,3.999
469,2,22,17.91,2365779.0,307,0,0,4.0
469,2,23,17.9,2486322.0,308,0,0,3.999
469,2,24,22.87,1071372.4,120,38,0,3.999
469,2,25,14.85,48141.0,0,94,21,3.997
469,2,26,13.33,1574236.8,194,10,0,3.999
469,2,27,21.36,2563904.0,320,0,0,4.0
469,2,28,11.89,1287749.7,156,17,2,3.998
469,2,29,27.14,2316374.0,289,0,0,4.0
469,2,30,26.39,0.0,0,0,0,0.0
469,2,31,12.54,0.0,0,0,0,0.0
479,0,0,6.65,246069.1,9,102,4,3.998
479,0,1,22.27,12283.8,0,101,22,3.998
479,0,2,20.19,2489189.0,306,0,0,4.0
479,0,3,15.08,3257556.0,405,0,0,4.0
479,0,4,12.66,80120.4,0,103,17,3.999
479,0,5,12.32,3056750.0,381,0,0,4.0
479,0,6,23.59,83046.2,1,99,9,3.998
479,0,7,29.41,2886009.0,366,0,0,4.0
479,0,8,26.89,768521.4,80,47,13,4.0
479,0,9,11.95,2369528.3,288,1,0,4.0
479,0,10,25.73,58163.2,0,95,19,3.998
479,0,11,9.19,2391022.0,297,0,0,4.0
479,0,12,11.11,2585948.0,322,0,0,4.0
479,0,13,15.51,615904.3,51,67,9,3.999
479,0,14,23.28,3124328.0,382,0,0,4.0
479,0,15,21.85,2093348.0,264,0,0,4.0
479,0,16,21.6,1227.0,0,93,27,3.999
479,0,17,23.82,1852593.6,225,3,0,4.0
479,0,18,27.48,2148331.4,268,0,0,3.999
479,0,19,5.6,41765.1,0,103,9,3.996
479,0,20,13.77,2746611.0,353,0,0,4.0
479,0,21,17.56,2252183.9,288,0,0,3.999
479,0,22,22.78,87219.4,0,105,8,3.997
479,0,23,12.17,105512.7,1,112,4,3.997
479,0,24,22.8,0.0,0,0,0,0.0
479,0,25,12.77,0.0,0,0,0,0.0
479,0,26,10.24,0.0,0,0,0,0.0
479,0,27,18.02,0.0,0,0,0,0.0
479,0,28,17.56,0.0,0,0,0,0.0
479,0,29,14.3,0.0,0,0,0,0.0
479,0,30,23.94,0.0,0,0,0,0.0
479,0,31,26.59,0.0,0,0,0,0.0
479,1,0,15.71,266298.6,14,83,22,3.996
479,1,1,17.29,2655951.0,325,0,0,3.999
479,1,2,19.04,1013255.8,114,43,2,3.997
479,1,3,16.81,2630605.0,327,0,0,4.0
479,1,4,25.54,18479.2,0,98,22,3.995
479,1,5,18.36,2484985.0,312,0,0,3.994
479,1,6,8.63,1695931.8,211,2,0,3.998
479,1,7,5.33,2277392.0,293,0,0,3.998
479,1,8,8.28,2349173.0,298,0,0,3.998
479,1,9,16.95,254178.1,12,88,16,3.995
479,1,10,5.22,2910299.0,370,0,0,4.0
479,1,11,27.19,2288797.0,285,0,0,3.999
479,1,12,16.04,17056.1,0,91,28,3.988
479,1,13,25.94,2217438.0,281,0,0,3.999
479,1,14,7.56,2443725.0,306,0,0,3.999
479,1,15,10.93,1825902.2,224,2,0,3.998
479,1,16,21.21,2593235.0,329,0,0,4.0
479,1,17,10.16,2420162.0,303,0,0,4.0
479,1,18,13.45,1516823.4,178,16,0,3.998
479,1,19,28.59,919115.8,91,56,5,3.995
479,1,20,28.46,2351232.0,290,0,0,4.0
479,1,21,7.19,1598935.5,203,9,0,3.999
479,1,22,21.02,2409181.0,299,0,0,4.0
479,1,23,22.73,1241444.4,148,22,1,3.999
479,1,24,27.19,59939.2,0,95,28,3.993
479,1,25,13.95,655496.1,59,71,5,3.997
479,1,26,20.95,2392055.0,297,0,0,4.0
479,1,27,28.46,0.0,0,0,0,0.0
479,1,28,27.22,0.0,0,0,0,0.0
479,1,29,21.5,0.0,0,0,0,0.0
479,1,30,21.16,0.0,0,0,0,0.0
479,1,31,18.93,0.0,0,0,0,0.0
479,2,0,6.96,8370.5,0,106,7,3.994
479,2,1,7.77,1943686.0,248,0,0,3.999
479,2,2,20.56,547763.5,40,79,5,3.997
479,2,3,13.62,2378728.0,299,0,0,4.0
479,2,4,16.07,2382539.0,297,0,0,3.998
479,2,5,14.57,4552.1,0,102,15,3.995
479,2,6,13.01,2785271.0,350,0,0,4.0
479,2,7,22.07,1614728.2,197,6,0,3.999
479,2,8,12.5,1508176.3,187,16,0,4.0
479,2,9,25.95,684746.4,63,62,15,3.999
479,2,10,28.65,2044091.0,256,0,0,3.999
479,2,11,13.51,512943.7,45,79,6,3.998
479,2,12,8.75,2938835.0,366,0,0,3.998
479,2,13,16.81,1807755.0,223,0,0,3.998
479,2,14,15.53,2175924.0,276,0,0,4.0
479,2,15,24.33,1744333.7,214,7,0,3.999
479,2,16,27.2,2532266.0,321,0,0,4.0
479,2,17,22.13,2682567.0,321,0,0,4.0
479,2,18,7.17,2524934.5,305,0,0,4.0
479,2,19,25.2,1838811.0,239,3,0,3.999
479,2,20,14.13,50921.6,0,104,12,3.995
479,2,21,13.24,1800457.9,216,1,0,4.0
479,2,22,17.91,2507888.0,307,0,0,4.0
479,2,23,17.9,2522910.3,298,0,0,4.0
479,2,24,22.87,1045550.6,116,35,1,3.999
479,2,25,14.85,38298.8,0,98,21,3.994
479,2,26,13.33,1553821.3,187,8,0,4.0
479,2,27,21.36,2508463.0,318,0,0,4.0
479,2,28,11.89,1225828.2,138,32,0,4.0
479,2,29,27.14,2477956.0,310,0,0,3.997
479,2,30,26.39,0.0,0,0,0,0.0
479,2,31,12.54,0.0,0,0,0,0.0
489,0,0,6.65,251042.8,5,108,0,3.999
489,0,1,22.27,11000.0,0,89,22,3.996
489,0,2,20.19,2540749.0,316,0,0,4.0
489,0,3,15.08,3053735.0,379,0,0,4.0
489,0,4,12.66,102691.1,0,99,19,3.998
489,0,5,12.32,2836869.0,361,0,0,4.0
489,0,6,23.59,71489.3,0,107,13,3.995
489,0,7,29.41,2941423.0,372,0,0,4.0
489,0,8,26.89,788410.5,79,49,14,3.999
489,0,9,11.95,2242493.0,279,0,0,4.0
489,0,10,25.73,53976.8,0,92,21,3.997
489,0,11,9.19,2264012.4,286,0,0,4.0
489,0,12,11.11,2574597.0,332,0,0,4.0
489,0,13,15.51,583101.8,45,75,2,3.999
489,0,14,23.28,3075405.0,390,0,0,4.0
489,0,15,21.85,2278599.0,292,0,0,4.0
489,0,16,21.6,1101.9,0,92,35,3.999
489,0,17,23.82,1837870.0,224,3,0,3.998
489,0,18,27.48,2088095.0,254,0,0,4.0
489,0,19,5.6,37794.8,0,110,9,4.0
489,0,20,13.77,2896846.0,366,0,0,4.0
489,0,21,17.56,2338608.0,294,0,0,3.999
489,0,22,22.78,98224.8,0,107,11,3.997
489,0,23,12.17,87628.7,0,110,5,3.999
489,0,24,22.8,0.0,0,0,0,0.0
489,0,25,12.77,0.0,0,0,0,0.0
489,0,26,10.24,0.0,0,0,0,0.0
489,0,27,18.02,0.0,0,0,0,0.0
489,0,28,17.56,0.0,0,0,0,0.0
489,0,29,14.3,0.0,0,0,0,0.0
489,0,30,23.94,0.0,0,0,0,0.0
489,0,31,26.59,0.0,0,0,0,0.0
489,1,0,15.71,270043.9,9,93,18,3.993
489,1,1,17.29,2487273.5,313,0,0,3.995
489,1,2,19.04,984819.0,103,44,1,3.997
489,1,3,16.81,2812183.0,353,0,0,4.0
489,1,4,25.54,17991.0,0,92,24,3.99
489,1,5,18.36,2558871.0,318,0,0,3.997
489,1,6,8.63,1799259.3,224,3,0,3.998
489,1,7,5.33,2392835.0,299,0,0,3.997
489,1,8,8.28,2558928.0,313,0,0,4.0
489,1,9,16.95,311838.3,14,91,18,3.995
489,1,10,5.22,2608692.0,326,0,0,3.998
489,1,11,27.19,2107173.9,267,1,0,4.0
489,1,12,16.04,19262.6,0,97,22,3.99
489,1,13,25.94,2160781.0,272,0,0,3.999
489,1,14,7.56,2386982.0,297,0,0,4.0
489,1,15,10.93,1792153.7,223,5,0,3.998
489,1,16,21.21,2512436.0,314,0,0,4.0
489,1,17,10.16,2262979.0,283,0,0,3.997
489,1,18,13.45,1583827.0,190,16,0,3.999
489,1,19,28.59,975015.1,103,52,1,3.998
489,1,20,28.46,2437970.0,304,0,0,4.0
489,1,21,7.19,1652334.1,205,4,0,3.999
489,1,22,21.02,2363697.0,287,0,0,3.999
489,1,23,22.73,1227529.6,138,37,1,3.998
489,1,24,27.19,70521.1,0,90,31,3.993
489,1,25,13.95,664160.0,58,67,8,3.996
489,1,26,20.95,2447701.0,307,0,0,3.999
489,1,27,28.46,0.0,0,0,0,0.0
489,1,28,27.22,0.0,0,0,0,0.0
489,1,29,21.5,0.0,0,0,0,0.0
489,1,30,21.16,0.0,0,0,0,0.0
489,1,31,18.93,0.0,0,0,0,0.0
489,2,0,6.96,10751.6,0,103,8,3.994
489,2,1,7.77,1991789.0,246,0,0,3.999
489,2,2,20.56,511724.6,45,63,9,3.998
489,2,3,13.62,2334259.0,297,0,0,3.999
489,2,4,16.07,2505546.0,317,0,0,3.999
489,2,5,14.57,3831.9,0,91,22,3.993
489,2,6,13.01,2960825.0,362,0,0,3.998
489,2,7,22.07,1622411.0,201,10,0,3.997
489,2,8,12.5,1503120.3,179,16,0,3.999
489,2,9,25.95,664964.6,64,62,10,4.0
489,2,10,28.65,1967008.6,247,1,0,3.999
489,2,11,13.51,538178.5,47,79,3,3.997
489,2,12,8.75,2844930.0,362,0,0,4.0
489,2,13,16.81,1783331.8,212,7,0,4.0
489,2,14,15.53,2203463.0,272,0,0,4.0
489,2,15,24.33,1616327.4,201,6,0,3.999
489,2,16,27.2,2356096.0,297,0,0,4.0
489,2,17,22.13,2678592.0,325,0,0,3.998
489,2,18,7.17,2401200.5,300,0,0,4.0
489,2,19,25.2,1893870.8,231,1,0,3.997
489,2,20,14.13,56762.2,0,104,12,3.996
489,2,21,13.24,1697919.1,210,6,0,4.0
489,2,22,17.91,2598655.0,319,0,0,4.0
489,2,23,17.9,2396543.0,295,0,0,3.997
489,2,24,22.87,1051957.8,115,39,1,3.998
489,2,25,14.85,41810.6,0,100,11,3.997
489,2,26,13.33,1530258.8,185,12,0,3.999
489,2,27,21.36,2485640.0,317,0,0,3.997
489,2,28,11.89,1326024.8,154,27,2,3.999
489,2,29,27.14,2290505.0,288,0,0,4.0
489,2,30,26.39,0.0,0,0,0,0.0
489,2,31,12.54,0.0,0,0,0,0.0
499,0,0,6.65,275678.3,8,107,4,4.0
499,0,1,22.27,11562.3,0,93,20,4.0
499,0,2,20.19,2382231.0,300,0,0,4.0
499,0,3,15.08,3105470.0,387,0,0,4.0
499,0,4,12.66,79204.7,0,105,13,4.0
499,0,5,12.32,2995160.0,378,0,0,4.0
499,0,6,23.59,69914.8,0,97,12,4.0
499,0,7,29.41,3018502.0,373,0,0,4.0
499,0,8,26.89,800900.6,76,48,14,4.0
499,0,9,11.95,2280181.5,283,0,0,4.0
499,0,10,25.73,45981.8,0,95,22,4.0
499,0,11,9.19,2451818.0,302,0,0,4.0
499,0,12,11.11,2636306.0,326,0,0,4.0
499,0,13,15.51,538764.9,49,73,4,4.0
499,0,14,23.28,2964806.0,374,0,0,4.0
499,0,15,21.85,2422335.0,293,0,0,4.0
499,0,16,21.6,1069.0,0,80,38,3.999
499,0,17,23.82,1964482.0,246,1,0,4.0
499,0,18,27.48,2057870.1,257,0,0,4.0
499,0,19,5.6,33713.9,0,112,5,4.0
499,0,20,13.77,2930969.0,364,0,0,4.0
499,0,21,17.56,2235175.0,276,0,0,4.0
499,0,22,22.78,100895.6,0,90,20,3.999
499,0,23,12.17,100964.3,0,107,5,3.999
499,0,24,22.8,0.0,0,0,0,0.0
499,0,25,12.77,0.0,0,0,0,0.0
499,0,26,10.24,0.0,0,0,0,0.0
499,0,27,18.02,0.0,0,0,0,0.0
499,0,28,17.56,0.0,0,0,0,0.0
499,0,29,14.3,0.0,0,0,0,0.0
499,0,30,23.94,0.0,0,0,0,0.0
499,0,31,26.59,0.0,0,0,0,0.0
499,1,0,15.71,264305.7,8,89,13,3.996
499,1,1,17.29,2494913.0,308,0,0,4.0
499,1,2,19.04,908338.2,103,37,0,3.999
499,1,3,16.81,2837797.0,357,0,0,4.0
499,1,4,25.54,14342.7,0,86,27,3.994
499,1,5,18.36,2378603.1,297,0,0,3.997
499,1,6,8.63,1726224.1,219,2,0,3.997
499,1,7,5.33,2473807.0,305,0,0,3.999
499,1,8,8.28,2519113.0,316,0,0,3.998
499,1,9,16.95,323571.4,14,86,22,3.992
499,1,10,5.22,2886916.0,360,0,0,4.0
499,1,11,27.19,2420876.0,303,0,0,4.0
499,1,12,16.04,17395.4,0,94,22,3.981
499,1,13,25.94,2160792.0,276,0,0,4.0
499,1,14,7.56,2382561.0,295,0,0,3.997
499,1,15,10.93,1880874.6,232,4,0,3.996
499,1,16,21.21,2497275.0,313,0,0,4.0
499,1,17,10.16,2170365.3,273,0,0,4.0
499,1,18,13.45,1522171.7,181,10,0,3.999
499,1,19,28.59,990494.2,102,48,5,3.997
499,1,20,28.46,2200052.0,274,0,0,3.999
499,1,21,7.19,1827003.8,214,10,0,4.0
499,1,22,21.02,2290038.1,290,0,0,3.996
499,1,23,22.73,1276655.6,148,23,0,3.996
499,1,24,27.19,65225.0,0,89,32,3.997
499,1,25,13.95,596634.2,51,67,4,3.999
499,1,26,20.95,2442007.0,305,0,0,3.999
499,1,27,28.46,0.0,0,0,0,0.0
499,1,28,27.22,0.0,0,0,0,0.0
499,1,29,21.5,0.0,0,0,0,0.0
499,1,30,21.16,0.0,0,0,0,0.0
499,1,31,18.93,0.0,0,0,0,0.0
499,2,0,6.96,11037.6,0,100,12,3.996
499,2,1,7.77,2168073.0,264,1,0,4.0
499,2,2,20.56,516282.7,41,75,9,3.999
499,2,3,13.62,2228190.0,288,0,0,4.0
499,2,4,16.07,2288975.0,285,0,0,4.0
499,2,5,14.57,3736.9,0,95,17,4.0
499,2,6,13.01,2828156.0,353,0,0,4.0
499,2,7,22.07,1565039.6,196,6,0,4.0
499,2,8,12.5,1407983.9,171,19,0,4.0
499,2,9,25.95,749900.9,73,48,15,4.0
499,2,10,28.65,2056459.0,265,0,0,4.0
499,2,11,13.51,587669.3,53,72,5,4.0
499,2,12,8.75,2781826.0,344,0,0,4.0
499,2,13,16.81,1749790.6,218,1,0,4.0
499,2,14,15.53,2125410.0,269,0,0,3.999
499,2,15,24.33,1643892.4,206,4,0,4.0
499,2,16,27.2,2503701.0,309,0,0,4.0
499,2,17,22.13,2621249.0,329,0,0,4.0
499,2,18,7.17,2506579.0,306,0,0,4.0
499,2,19,25.2,1870112.4,237,1,0,4.0
499,2,20,14.13,43800.5,0,105,8,3.999
499,2,21,13.24,1819987.2,216,5,0,3.999
499,2,22,17.91,2599628.0,324,0,0,4.0
499,2,23,17.9,2528208.0,318,0,0,4.0
499,2,24,22.87,990984.4,116,33,1,4.0
499,2,25,14.85,37899.4,0,92,19,4.0
499,2,26,13.33,1627293.9,197,11,0,4.0
499,2,27,21.36,2472236.0,305,0,0,4.0
499,2,28,11.89,1242912.0,137,24,1,3.999
499,2,29,27.14,2606035.0,319,0,0,4.0
499,2,30,26.39,0.0,0,0,0,0.0
499,2,31,12.54,0.0,0,0,0,0.0
509,0,0,6.65,269976.2,6,106,4,4.0
509,0,1,22.27,12463.2,0,93,24,4.0
509,0,2,20.19,2594720.0,325,0,0,4.0
509,0,3,15.08,3234921.0,396,0,0,4.0
509,0,4,12.66,90778.0,1,105,8,3.998
509,0,5,12.32,3033672.0,381,0,0,4.0
509,0,6,23.59,72033.1,0,101,7,3.999
509,0,7,29.41,2939267.0,366,0,0,4.0
509,0,8,26.89,806309.1,68,61,16,3.999
509,0,9,11.95,2327320.0,288,0,0,4.0
509,0,10,25.73,48550.6,0,100,21,3.999
509,0,11,9.19,2437459.0,303,0,0,4.0
509,0,12,11.11,2399830.0,301,0,0,4.0
509,0,13,15.51,528682.5,36,77,6,4.0
509,0,14,23.28,3123590.0,386,0,0,4.0
509,0,15,21.85,2170772.9,271,0,0,4.0
509,0,16,21.6,1117.6,0,90,28,3.999
509,0,17,23.82,1920016.5,240,1,0,4.0
509,0,18,27.48,2068784.8,255,0,0,4.0
509,0,19,5.6,35030.2,0,101,7,3.999
509,0,20,13.77,2705366.0,342,0,0,4.0
509,0,21,17.56,2353826.0,296,0,0,4.0
509,0,22,22.78,94738.0,0,108,14,3.999
509,0,23,12.17,90917.0,0,104,7,3.999
509,0,24,22.8,0.0,0,0,0,0.0
509,0,25,12.77,0.0,0,0,0,0.0
509,0,26,10.24,0.0,0,0,0,0.0
509,0,27,18.02,0.0,0,0,0,0.0
509,0,28,17.56,0.0,0,0,0,0.0
509,0,29,14.3,0.0,0,0,0,0.0
509,0,30,23.94,0.0,0,0,0,0.0
509,0,31,26.59,0.0,0,0,0,0.0
509,1,0,15.71,261811.9,14,81,20,3.997
509,1,1,17.29,2651737.0,335,0,0,3.999
509,1,2,19.04,981667.4,106,41,0,4.0
509,1,3,16.81,2756116.0,344,0,0,4.0
509,1,4,25.54,18043.4,0,85,29,3.996
509,1,5,18.36,2394361.6,303,0,0,4.0
509,1,6,8.63,1768207.0,221,1,0,3.999
509,1,7,5.33,2330194.0,285,0,0,3.997
509,1,8,8.28,2386471.0,297,0,0,4.0
509,1,9,16.95,321909.5,15,93,19,3.996
509,1,10,5.22,2682820.0,343,0,0,4.0
509,1,11,27.19,2260831.0,279,0,0,4.0
509,1,12,16.04,20917.6,0,86,26,3.993
509,1,13,25.94,2014050.0,252,0,0,4.0
509,1,14,7.56,2253539.0,285,0,0,4.0
509,1,15,10.93,1814793.9,226,2,0,4.0
509,1,16,21.21,2551772.0,318,0,0,4.0
509,1,17,10.16,2255502.8,290,1,0,3.999
509,1,18,13.45,1560980.9,190,12,0,3.998
509,1,19,28.59,869996.1,92,52,8,3.999
509,1,20,28.46,2433184.0,298,0,0,3.999
509,1,21,7.19,1628277.5,203,3,0,3.999
509,1,22,21.02,2175816.3,271,0,0,3.999
509,1,23,22.73,1193737.6,141,27,2,3.999
509,1,24,27.19,76263.5,0,95,25,3.995
509,1,25,13.95,640941.2,56,71,6,3.998
509,1,26,20.95,2402697.0,300,0,0,3.999
509,1,27,28.46,0.0,0,0,0,0.0
509,1,28,27.22,0.0,0,0,0,0.0
509,1,29,21.5,0.0,0,0,0,0.0
509,1,30,21.16,0.0,0,0,0,0.0
509,1,31,18.93,0.0,0,0,0,0.0
509,2,0,6.96,11246.6,0,108,7,3.995
509,2,1,7.77,1909420.1,238,1,0,3.999
509,2,2,20.56,475458.1,37,81,6,3.998
509,2,3,13.62,2311577.0,293,0,0,3.999
509,2,4,16.07,2444652.0,308,1,0,4.0
509,2,5,14.57,4512.5,0,103,16,3.998
509,2,6,13.01,2686016.0,339,0,0,4.0
509,2,7,22.07,1731560.5,207,7,0,4.0
509,2,8,12.5,1455617.9,174,17,1,3.999
509,2,9,25.95,790697.9,81,41,16,4.0
509,2,10,28.65,1980773.4,251,1,0,4.0
509,2,11,13.51,536771.4,50,75,5,4.0
509,2,12,8.75,2971346.0,374,0,0,4.0
509,2,13,16.81,1596930.3,201,3,0,3.999
509,2,14,15.53,1983970.9,256,0,0,3.999
509,2,15,24.33,1801492.6,219,8,0,4.0
509,2,16,27.2,2477509.0,307,0,0,3.997
509,2,17,22.13,2576604.0,327,0,0,4.0
509,2,18,7.17,2506501.0,312,0,0,4.0
509,2,19,25.2,1796968.0,222,0,0,3.999
509,2,20,14.13,49806.2,0,103,11,3.995
509,2,21,13.24,1724002.4,214,6,0,3.998
509,2,22,17.91,2529025.0,317,0,0,4.0
509,2,23,17.9,2439259.0,301,0,0,4.0
509,2,24,22.87,1075194.0,118,33,0,3.999
509,2,25,14.85,41358.8,0,107,10,3.993
509,2,26,13.33,1499672.9,186,15,0,4.0
509,2,27,21.36,2374544.0,297,0,0,4.0
509,2,28,11.89,1243579.5,144,24,2,3.998
509,2,29,27.14,2463793.6,302,0,0,4.0
509,2,30,26.39,0.0,0,0,0,0.0
509,2,31,12.54,0.0,0,0,0,0.0
519,0,0,6.65,236513.2,7,104,4,4.0
519,0,1,22.27,11432.5,0,102,17,4.0
519,0,2,20.19,2483220.0,310,0,0,4.0
519,0,3,15.08,2895680.0,360,0,0,4.0
519,0,4,12.66,77444.9,0,105,8,3.999
519,0,5,12.32,3058290.0,383,0,0,4.0
519,0,6,23.59,66279.8,0,108,7,3.999
519,0,7,29.41,3012687.0,371,0,0,4.0
519,0,8,26.89,806060.3,69,53,21,4.0
519,0,9,11.95,2409259.0,310,0,0,4.0
519,0,10,25.73,43149.2,0,97,20,3.999
519,0,11,9.19,2284726.0,288,0,0,4.0
519,0,12,11.11,2558836.0,325,0,0,3.998
519,0,13,15.51,606168.6,50,80,4,4.0
519,0,14,23.28,2729516.0,354,0,0,4.0
519,0,15,21.85,2240130.0,276,0,0,3.999
519,0,16,21.6,1263.9,0,73,38,3.999
519,0,17,23.82,1867871.1,236,4,0,4.0
519,0,18,27.48,2032458.5,258,1,0,4.0
519,0,19,5.6,36534.0,0,105,7,3.998
519,0,20,13.77,2900511.0,367,0,0,4.0
519,0,21,17.56,2251427.0,277,0,0,4.0
519,0,22,22.78,95466.2,0,102,14,4.0
519,0,23,12.17,103006.3,0,106,7,4.0
519,0,24,22.8,0.0,0,0,0,0.0
519,0,25,12.77,0.0,0,0,0,0.0
519,0,26,10.24,0.0,0,0,0,0.0
519,0,27,18.02,0.0,0,0,0,0.0
519,0,28,17.56,0.0,0,0,0,0.0
519,0,29,14.3,0.0,0,0,0,0.0
519,0,30,23.94,0.0,0,0,0,0.0
519,0,31,26.59,0.0,0,0,0,0.0
519,1,0,15.71,261443.6,14,94,12,3.998
519,1,1,17.29,2503293.0,309,0,0,4.0
519,1,2,19.04,867915.6,95,55,0,3.999
519,1,3,16.81,2773329.0,345,0,0,3.996
519,1,4,25.54,15652.6,0,95,28,3.994
519,1,5,18.36,2465678.0,312,0,0,4.0
519,1,6,8.63,1757751.3,224,6,0,3.998
519,1,7,5.33,2384251.0,298,0,0,3.999
519,1,8,8.28,2479248.0,313,0,0,3.998
519,1,9,16.95,287845.7,11,92,14,3.995
519,1,10,5.22,2762761.0,343,0,0,4.0
519,1,11,27.19,2262326.0,280,0,0,4.0
519,1,12,16.04,19103.6,0,89,27,3.997
519,1,13,25.94,2099781.0,266,0,0,3.998
519,1,14,7.56,2280366.0,290,0,0,4.0
519,1,15,10.93,1831455.5,226,1,0,3.999
519,1,16,21.21,2519617.4,309,0,0,4.0
519,1,17,10.16,2260003.0,283,0,0,4.0
519,1,18,13.45,1590489.0,191,15,0,3.999
519,1,19,28.59,1015939.1,106,43,2,3.999
519,1,20,28.46,2306016.0,294,0,0,4.0
519,1,21,7.19,1672156.7,213,5,0,3.998
519,1,22,21.02,2223276.0,275,0,0,3.999
519,1,23,22.73,1327372.8,161,25,1,3.999
519,1,24,27.19,68975.7,0,89,31,3.995
519,1,25,13.95,650057.5,67,50,8,3.998
519,1,26,20.95,2395652.0,299,0,0,4.0
519,1,27,28.46,0.0,0,0,0,0.0
519,1,28,27.22,0.0,0,0,0,0.0
519,1,29,21.5,0.0,0,0,0,0.0
519,1,30,21.16,0.0,0,0,0,0.0
519,1,31,18.93,0.0,0,0,0,0.0
519,2,0,6.96,8396.2,0,103,11,3.999
519,2,1,7.77,2022425.0,247,0,0,4.0
519,2,2,20.56,458839.2,35,77,5,4.0
519,2,3,13.62,2363706.0,296,0,0,4.0
519,2,4,16.07,2343087.0,287,0,0,4.0
519,2,5,14.57,4847.8,0,102,15,3.999
519,2,6,13.01,2738714.0,338,0,0,4.0
519,2,7,22.07,1673655.2,206,4,0,3.999
519,2,8,12.5,1393774.6,169,13,0,4.0
519,2,9,25.95,750245.8,66,61,14,4.0
519,2,10,28.65,2000883.1,247,2,0,3.999
519,2,11,13.51,569838.8,53,67,0,3.999
519,2,12,8.75,2857995.0,357,0,0,4.0
519,2,13,16.81,1653820.4,211,4,0,4.0
519,2,14,15.53,2116227.0,260,0,0,3.999
519,2,15,24.33,1667995.1,203,7,0,4.0
519,2,16,27.2,2464767.0,306,0,0,4.0
519,2,17,22.13,2557932.0,314,0,0,4.0
519,2,18,7.17,2459832.0,314,0,0,4.0
519,2,19,25.2,1975860.1,250,4,0,4.0
519,2,20,14.13,40269.2,0,105,9,3.997
519,2,21,13.24,1780574.4,219,8,0,4.0
519,2,22,17.91,2319043.0,288,0,0,4.0
519,2,23,17.9,2415107.0,304,0,0,4.0
519,2,24,22.87,1190433.4,133,35,0,4.0
519,2,25,14.85,45322.4,0,105,13,3.999
519,2,26,13.33,1517786.2,187,13,0,3.999
519,2,27,21.36,2420893.0,297,0,0,4.0
519,2,28,11.89,1231772.8,143,30,2,4.0
519,2,29,27.14,2475848.0,309,0,0,4.0
519,2,30,26.39,0.0,0,0,0,0.0
519,2,31,12.54,0.0,0,0,0,0.0
529,0,0,6.65,265695.6,7,105,3,3.999
529,0,1,22.27,10682.2,0,98,12,3.999
529,0,2,20.19,2442751.0,315,0,0,4.0
529,0,3,15.08,2931136.0,369,0,0,4.0
529,0,4,12.66,80259.3,0,104,14,3.998
529,0,5,12.32,2967597.0,366,0,0,4.0
529,0,6,23.59,71767.5,0,101,10,3.998
529,0,7,29.41,3105744.0,390,0,0,4.0
529,0,8,26.89,788966.9,80,56,11,4.0
529,0,9,11.95,2229378.0,279,0,0,3.999
529,0,10,25.73,49994.8,0,100,14,3.998
529,0,11,9.19,2468196.0,311,0,0,4.0
529,0,12,11.11,2495001.0,311,0,0,3.998
529,0,13,15.51,552690.0,48,71,5,4.0
529,0,14,23.28,2931964.0,379,0,0,4.0
529,0,15,21.85,2326900.0,294,0,0,4.0
529,0,16,21.6,1307.9,0,86,34,3.998
529,0,17,23.82,1820191.0,231,3,0,4.0
529,0,18,27.48,2123445.0,265,0,0,3.999
529,0,19,5.6,34747.3,0,104,6,3.999
529,0,20,13.77,2771412.0,342,0,0,4.0
529,0,21,17.56,2266687.6,293,0,0,4.0
529,0,22,22.78,107759.3,0,101,14,3.998
529,0,23,12.17,93874.1,0,111,2,4.0
529,0,24,22.8,0.0,0,0,0,0.0
529,0,25,12.77,0.0,0,0,0,0.0
529,0,26,10.24,0.0,0,0,0,0.0
529,0,27,18.02,0.0,0,0,0,0.0
529,0,28,17.56,0.0,0,0,0,0.0
529,0,29,14.3,0.0,0,0,0,0.0
529,0,30,23.94,0.0,0,0,0,0.0
529,0,31,26.59,0.0,0,0,0,0.0
529,1,0,15.71,281795.9,7,91,16,3.992
529,1,1,17.29,2377273.0,301,0,0,3.998
529,1,2,19.04,954453.4,100,53,1,3.997
529,1,3,16.81,2672044.0,332,0,0,4.0
529,1,4,25.54,11866.4,0,86,29,3.998
529,1,5,18.36,2381239.0,300,0,0,4.0
529,1,6,8.63,1907343.6,233,1,0,3.999
529,1,7,5.33,2496966.0,308,0,0,3.999
529,1,8,8.28,2569370.0,319,0,0,3.997
529,1,9,16.95,324212.4,17,90,19,3.996
529,1,10,5.22,2773639.0,351,0,0,4.0
529,1,11,27.19,2237317.0,279,0,0,3.999
529,1,12,16.04,20622.7,0,84,37,3.988
529,1,13,25.94,2056444.0,262,0,0,3.998
529,1,14,7.56,2256153.0,286,0,0,4.0
529,1,15,10.93,1707992.2,220,2,0,3.997
529,1,16,21.21,2543831.0,320,0,0,4.0
529,1,17,10.16,2296002.0,292,0,0,3.997
529,1,18,13.45,1538808.6,186,12,0,3.997
529,1,19,28.59,978885.1,105,41,7,3.998
529,1,20,28.46,2268756.0,290,0,0,3.999
529,1,21,7.19,1576068.5,194,10,0,3.999
529,1,22,21.02,2374022.0,299,0,0,3.996
529,1,23,22.73,1252697.1,144,30,0,3.999
529,1,24,27.19,64131.1,0,87,34,3.996
529,1,25,13.95,605263.7,48,76,7,3.996
529,1,26,20.95,2373113.0,298,0,0,4.0
529,1,27,28.46,0.0,0,0,0,0.0
529,1,28,27.22,0.0,0,0,0,0.0
529,1,29,21.5,0.0,0,0,0,0.0
529,1,30,21.16,0.0,0,0,0,0.0
529,1,31,18.93,0.0,0,0,0,0.0
529,2,0,6.96,11336.9,0,104,7,3.999
529,2,1,7.77,2058398.1,254,0,0,4.0
529,2,2,20.56,479898.6,41,72,3,3.999
529,2,3,13.62,2580578.0,318,0,0,3.999
529,2,4,16.07,2353622.0,292,0,0,4.0
529,2,5,14.57,4667.8,0,109,12,4.0
529,2,6,13.01,2847773.0,352,0,0,4.0
529,2,7,22.07,1595297.8,198,7,0,3.999
529,2,8,12.5,1410081.9,163,25,0,3.999
529,2,9,25.95,766525.0,66,55,11,4.0
529,2,10,28.65,2051050.0,253,0,0,4.0
529,2,11,13.51,581476.7,54,75,3,3.999
529,2,12,8.75,2840512.0,354,0,0,4.0
529,2,13,16.81,1731903.8,214,2,0,3.999
529,2,14,15.53,2078883.0,257,1,0,4.0
529,2,15,24.33,1711447.1,209,6,0,3.999
529,2,16,27.2,2588748.5,317,0,0,4.0
529,2,17,22.13,2562150.0,320,0,0,4.0
529,2,18,7.17,2476756.0,310,0,0,4.0
529,2,19,25.2,1810214.2,232,1,0,4.0
529,2,20,14.13,59134.7,0,101,13,4.0
529,2,21,13.24,1796603.2,215,4,0,4.0
529,2,22,17.91,2442424.7,303,0,0,4.0
529,2,23,17.9,2469886.0,307,0,0,3.999
529,2,24,22.87,979864.1,105,44,0,4.0
529,2,25,14.85,44020.3,0,97,13,3.999
529,2,26,13.33,1627145.3,196,10,1,3.999
529,2,27,21.36,2505917.0,313,0,0,4.0
529,2,28,11.89,1237067.1,140,23,2,4.0
529,2,29,27.14,2408949.0,290,0,0,4.0
529,2,30,26.39,0.0,0,0,0,0.0
529,2,31,12.54,0.0,0,0,0,0.0
539,0,0,6.65,247609.2,4,114,4,3.998
539,0,1,22.27,11906.8,0,97,11,3.998
539,0,2,20.19,2513685.0,316,0,0,4.0
539,0,3,15.08,3130851.0,392,0,0,4.0
539,0,4,12.66,84770.5,1,95,13,3.999
539,0,5,12.32,2736054.0,335,0,0,4.0
539,0,6,23.59,67847.9,0,109,9,3.998
539,0,7,29.41,3085809.0,384,0,0,4.0
539,0,8,26.89,745046.1,68,52,12,4.0
539,0,9,11.95,2392978.0,303,0,0,4.0
539,0,10,25.73,54955.0,0,101,19,3.999
539,0,11,9.19,2275934.0,290,0,0,4.0
539,0,12,11.11,2511307.0,314,0,0,4.0
539,0,13,15.51,542784.2,45,74,6,4.0
539,0,14,23.28,3065994.0,377,0,0,4.0
539,0,15,21.85,2439553.0,301,0,0,4.0
539,0,16,21.6,1166.2,0,84,38,4.0
539,0,17,23.82,1883043.9,234,1,0,4.0
539,0,18,27.48,2037037.0,261,0,0,3.999
539,0,19,5.6,35387.8,0,99,7,3.999
539,0,20,13.77,2918669.0,378,0,0,4.0
539,0,21,17.56,2283495.0,287,0,0,4.0
539,0,22,22.78,104430.3,1,99,15,3.999
539,0,23,12.17,100413.9,0,102,5,3.998
539,0,24,22.8,0.0,0,0,0,0.0
539,0,25,12.77,0.0,0,0,0,0.0
539,0,26,10.24,0.0,0,0,0,0.0
539,0,27,18.02,0.0,0,0,0,0.0
539,0,28,17.56,0.0,0,0,0,0.0
539,0,29,14.3,0.0,0,0,0,0.0
539,0,30,23.94,0.0,0,0,0,0.0
539,0,31,26.59,0.0,0,0,0,0.0
539,1,0,15.71,268645.2,14,87,20,3.997
539,1,1,17.29,2667231.0,340,0,0,3.999
539,1,2,19.04,982993.7,103,47,1,3.998
539,1,3,16.81,2824225.0,353,0,0,4.0
539,1,4,25.54,17753.0,0,92,26,3.997
539,1,5,18.36,2402864.0,297,0,0,3.997
539,1,6,8.63,1758635.1,220,2,0,3.998
539,1,7,5.33,2335865.0,296,0,0,4.0
539,1,8,8.28,2546807.4,310,0,0,4.0
539,1,9,16.95,262521.9,10,101,13,3.997
539,1,10,5.22,2617128.0,335,0,0,3.996
539,1,11,27.19,2197517.0,273,0,0,4.0
539,1,12,16.04,18840.7,0,90,28,3.999
539,1,13,25.94,2058743.0,258,0,0,3.997
539,1,14,7.56,2392984.0,299,0,0,4.0
539,1,15,10.93,1854807.0,229,0,0,3.997
539,1,16,21.21,2697233.0,327,0,0,3.998
539,1,17,10.16,2394275.5,294,1,0,3.999
539,1,18,13.45,1477431.4,187,8,0,3.997
539,1,19,28.59,940899.5,96,39,12,3.996
539,1,20,28.46,2481868.0,301,0,0,3.999
539,1,21,7.19,1619835.3,201,7,0,3.996
539,1,22,21.02,2266208.0,286,0,0,3.997
539,1,23,22.73,1274209.1,145,32,0,3.998
539,1,24,27.19,69066.1,0,95,21,3.998
539,1,25,13.95,623808.0,48,77,7,3.997
539,1,26,20.95,2563263.0,315,0,0,3.999
539,1,27,28.46,0.0,0,0,0,0.0
539,1,28,27.22,0.0,0,0,0,0.0
539,1,29,21.5,0.0,0,0,0,0.0
539,1,30,21.16,0.0,0,0,0,0.0
539,1,31,18.93,0.0,0,0,0,0.0
539,2,0,6.96,9861.8,0,104,10,4.0
539,2,1,7.77,2024105.4,246,2,0,4.0
539,2,2,20.56,476492.7,37,77,7,3.999
539,2,3,13.62,2295227.4,286,0,0,4.0
539,2,4,16.07,2260257.0,290,0,0,4.0
539,2,5,14.57,5553.0,0,93,13,3.997
539,2,6,13.01,2779320.0,343,0,0,4.0
539,2,7,22.07,1644131.0,205,3,0,3.999
539,2,8,12.5,1389726.3,164,17,0,4.0
539,2,9,25.95,785951.4,77,49,15,4.0
539,2,10,28.65,1954402.1,251,2,0,4.0
539,2,11,13.51,557186.7,56,63,8,3.998
539,2,12,8.75,2891567.0,363,0,0,4.0
539,2,13,16.81,1662484.5,203,6,0,4.0
539,2,14,15.53,2137436.0,264,0,0,4.0
539,2,15,24.33,1591615.0,203,3,0,4.0
539,2,16,27.2,2391083.0,289,0,0,4.0
539,2,17,22.13,2516636.0,309,0,0,4.0
539,2,18,7.17,2399348.0,308,0,0,4.0
539,2,19,25.2,1927977.1,246,2,0,3.999
539,2,20,14.13,50704.9,0,105,12,3.999
539,2,21,13.24,1701902.5,204,6,0,3.999
539,2,22,17.91,2572539.0,322,0,0,4.0
539,2,23,17.9,2446455.0,307,0,0,3.999
539,2,24,22.87,1068459.3,123,37,1,4.0
539,2,25,14.85,43268.4,0,109,11,3.997
539,2,26,13.33,1549848.7,195,9,0,3.999
539,2,27,21.36,2557378.0,325,0,0,4.0
539,2,28,11.89,1247842.7,143,30,2,4.0
539,2,29,27.14,2404868.0,294,0,0,4.0
539,2,30,26.39,0.0,0,0,0,0.0
539,2,31,12.54,0.0,0,0,0,0.0
549,0,0,6.65,292341.9,12,89,3,4.0
549,0,1,22.27,11022.1,0,105,16,4.0
549,0,2,20.19,2673281.0,329,0,0,4.0
549,0,3,15.08,3019030.0,369,0,0,4.0
549,0,4,12.66,76979.2,0,104,14,3.999
549,0,5,12.32,2858184.0,358,0,0,4.0
549,0,6,23.59,68813.9,0,107,10,3.999
549,0,7,29.41,2848706.0,360,0,0,4.0
549,0,8,26.89,783406.1,68,61,15,4.0
549,0,9,11.95,2305320.0,293,0,0,4.0
549,0,10,25.73,55773.1,0,95,20,4.0
549,0,11,9.19,2385890.0,291,0,0,4.0
549,0,12,11.11,2436343.0,299,0,0,4.0
549,0,13,15.51,565855.8,47,79,3,4.0
549,0,14,23.28,3173874.0,388,0,0,4.0
549,0,15,21.85,2329808.0,290,0,0,4.0
549,0,16,21.6,1294.8,0,82,31,3.999
549,0,17,23.82,1917748.8,244,2,0,4.0
549,0,18,27.48,2000582.0,260,0,0,3.999
549,0,19,5.6,37433.5,0,107,9,3.999
549,0,20,13.77,2847559.0,352,0,0,4.0
549,0,21,17.56,2303566.8,287,0,0,4.0
549,0,22,22.78,100691.3,0,109,14,4.0
549,0,23,12.17,96166.2,0,107,4,4.0
549,0,24,22.8,0.0,0,0,0,0.0
549,0,25,12.77,0.0,0,0,0,0.0
549,0,26,10.24,0.0,0,0,0,0.0
549,0,27,18.02,0.0,0,0,0,0.0
549,0,28,17.56,0.0,0,0,0,0.0
549,0,29,14.3,0.0,0,0,0,0.0
549,0,30,23.94,0.0,0,0,0,0.0
549,0,31,26.59,0.0,0,0,0,0.0
549,1,0,15.71,286670.6,14,83,18,3.995
549,1,1,17.29,2515463.0,306,0,0,3.999
549,1,2,19.04,943869.8,98,51,1,4.0
549,1,3,16.81,2896373.0,359,0,0,3.998
549,1,4,25.54,18577.3,0,93,26,3.99
549,1,5,18.36,2386789.0,302,0,0,4.0
549,1,6,8.63,1803796.5,218,3,0,3.999
549,1,7,5.33,2449462.0,308,0,0,4.0
549,1,8,8.28,2562565.0,323,0,0,3.999
549,1,9,16.95,293042.3,14,87,15,3.996
549,1,10,5.22,2728229.0,341,0,0,3.998
549,1,11,27.19,2371850.0,296,0,0,3.998
549,1,12,16.04,22205.6,0,95,21,3.995
549,1,13,25.94,2144668.0,268,0,0,3.998
549,1,14,7.56,2363834.0,296,0,0,3.999
549,1,15,10.93,1879294.1,228,1,0,4.0
549,1,16,21.21,2551120.0,317,0,0,4.0
549,1,17,10.16,2196656.5,276,0,0,4.0
549,1,18,13.45,1498895.8,179,12,0,3.997
549,1,19,28.59,875382.1,94,42,9,3.997
549,1,20,28.46,2377702.0,304,0,0,4.0
549,1,21,7.19,1740428.3,210,3,0,3.999
549,1,22,21.02,2446603.0,300,0,0,3.999
549,1,23,22.73,1175432.9,139,26,0,3.997
549,1,24,27.19,66557.6,0,86,29,3.998
549,1,25,13.95,626089.6,48,72,9,3.998
549,1,26,20.95,2419013.9,310,0,0,3.997
549,1,27,28.46,0.0,0,0,0,0.0
549,1,28,27.22,0.0,0,0,0,0.0
549,1,29,21.5,0.0,0,0,0,0.0
549,1,30,21.16,0.0,0,0,0,0.0
549,1,31,18.93,0.0,0,0,0,0.0
549,2,0,6.96,11184.2,0,107,5,3.996
549,2,1,7.77,1864939.8,231,1,0,4.0
549,2,2,20.56,483115.0,42,70,9,3.997
549,2,3,13.62,2244414.0,284,0,0,4.0
549,2,4,16.07,2410616.7,306,0,0,4.0
549,2,5,14.57,4798.8,0,99,11,4.0
549,2,6,13.01,2901410.0,361,0,0,4.0
549,2,7,22.07,1701619.2,208,2,0,4.0
549,2,8,12.5,1468704.6,173,22,0,3.999
549,2,9,25.95,701397.5,64,65,9,4.0
549,2,10,28.65,1877272.1,241,3,0,4.0
549,2,11,13.51,544335.9,49,77,4,3.998
549,2,12,8.75,2842890.0,353,0,0,4.0
549,2,13,16.81,1779191.7,217,1,0,3.998
549,2,14,15.53,2044899.0,253,0,0,4.0
549,2,15,24.33,1688307.7,210,1,0,4.0
549,2,16,27.2,2524071.0,313,0,0,3.999
549,2,17,22.13,2565783.0,327,0,0,4.0
549,2,18,7.17,2448693.0,306,0,0,4.0
549,2,19,25.2,1907751.8,240,1,0,4.0
549,2,20,14.13,54446.7,0,96,19,4.0
549,2,21,13.24,1699852.5,209,6,0,4.0
549,2,22,17.91,2615860.0,322,0,0,3.999
549,2,23,17.9,2427799.0,303,0,0,4.0
549,2,24,22.87,1040166.0,118,34,0,3.999
549,2,25,14.85,48193.1,0,102,20,3.999
549,2,26,13.33,1522636.0,179,13,0,3.999
549,2,27,21.36,2524427.0,306,0,0,3.998
549,2,28,11.89,1210881.9,137,32,1,3.999
549,2,29,27.14,2472078.0,312,0,0,4.0
549,2,30,26.39,0.0,0,0,0,0.0
549,2,31,12.54,0.0,0,0,0,0.0
559,0,0,6.65,244481.7,7,96,6,4.0
559,0,1,22.27,12389.5,0,97,13,3.996
559,0,2,20.19,2575013.0,319,0,0,4.0
559,0,3,15.08,3058575.0,383,0,0,3.995
559,0,4,12.66,89395.3,1,91,17,3.995
559,0,5,12.32,3022701.0,370,0,0,4.0
559,0,6,23.59,76929.2,0,102,7,3.999
559,0,7,29.41,2890771.0,366,0,0,4.0
559,0,8,26.89,790220.8,77,53,12,3.999
559,0,9,11.95,2226560.0,276,0,0,4.0
559,0,10,25.73,55896.4,1,100,12,3.997
559,0,11,9.19,2319384.0,299,0,0,4.0
559,0,12,11.11,2427639.0,303,0,0,3.998
559,0,13,15.51,570020.2,39,82,5,3.999
559,0,14,23.28,2915480.0,362,0,0,4.0
559,0,15,21.85,2099432.0,267,0,0,4.0
559,0,16,21.6,1267.1,0,85,38,3.998
559,0,17,23.82,1898864.3,238,1,0,4.0
559,0,18,27.48,1962580.0,250,0,0,4.0
559,0,19,5.6,37011.1,0,110,9,4.0
559,0,20,13.77,2861704.0,361,0,0,4.0
559,0,21,17.56,2228577.0,286,0,0,3.999
559,0,22,22.78,100019.8,0,118,7,3.998
559,0,23,12.17,80808.3,0,104,5,4.0
559,0,24,22.8,0.0,0,0,0,0.0
559,0,25,12.77,0.0,0,0,0,0.0
559,0,26,10.24,0.0,0,0,0,0.0
559,0,27,18.02,0.0,0,0,0,0.0
559,0,28,17.56,0.0,0,0,0,0.0
559,0,29,14.3,0.0,0,0,0,0.0
559,0,30,23.94,0.0,0,0,0,0.0
559,0,31,26.59,0.0,0,0,0,0.0
559,1,0,15.71,290131.3,15,89,12,3.995
559,1,1,17.29,2432916.0,309,0,0,3.995
559,1,2,19.04,866509.5,106,43,1,3.998
559,1,3,16.81,2638998.0,327,0,0,3.996
559,1,4,25.54,20405.4,0,94,27,3.995
559,1,5,18.36,2526954.0,320,0,0,3.997
559,1,6,8.63,1751349.9,221,3,0,3.998
559,1,7,5.33,2422606.0,301,0,0,3.999
559,1,8,8.28,2597510.0,320,0,0,3.994
559,1,9,16.95,304223.9,17,89,18,3.997
559,1,10,5.22,2681500.0,333,0,0,3.998
559,1,11,27.19,2341353.0,294,0,0,4.0
559,1,12,16.04,22961.0,0,94,18,3.986
559,1,13,25.94,2174354.0,276,0,0,3.994
559,1,14,7.56,2274418.0,280,0,0,3.999
559,1,15,10.93,1674513.1,212,2,0,3.995
559,1,16,21.21,2565368.0,321,0,0,3.997
559,1,17,10.16,2153000.3,267,0,0,3.997
559,1,18,13.45,1634419.4,191,12,1,3.999
559,1,19,28.59,880405.0,94,51,7,3.997
559,1,20,28.46,2332991.0,289,0,0,3.999
559,1,21,7.19,1770624.8,215,5,0,3.997
559,1,22,21.02,2298179.5,276,1,0,4.0
559,1,23,22.73,1201924.2,148,18,1,3.999
559,1,24,27.19,66858.9,1,86,34,3.996
559,1,25,13.95,618386.0,59,75,5,3.995
559,1,26,20.95,2490787.0,310,0,0,3.997
559,1,27,28.46,0.0,0,0,0,0.0
559,1,28,27.22,0.0,0,0,0,0.0
559,1,29,21.5,0.0,0,0,0,0.0
559,1,30,21.16,0.0,0,0,0,0.0
559,1,31,18.93,0.0,0,0,0,0.0
559,2,0,6.96,8164.4,0,104,9,3.999
559,2,1,7.77,1908229.3,232,4,0,3.999
559,2,2,20.56,514661.2,40,72,7,3.999
559,2,3,13.62,2390462.0,297,0,0,4.0
559,2,4,16.07,2349736.0,294,0,0,4.0
559,2,5,14.57,4785.3,0,106,11,4.0
559,2,6,13.01,2560383.0,335,0,0,4.0
559,2,7,22.07,1624408.4,203,7,0,4.0
559,2,8,12.5,1356858.3,156,19,1,4.0
559,2,9,25.95,709124.9,56,69,13,4.0
559,2,10,28.65,1940322.3,242,2,0,4.0
559,2,11,13.51,568339.9,51,68,5,4.0
559,2,12,8.75,2896969.0,361,0,0,4.0
559,2,13,16.81,1759051.4,218,6,0,4.0
559,2,14,15.53,2157180.0,280,0,0,4.0
559,2,15,24.33,1790588.0,223,5,0,4.0
559,2,16,27.2,2399014.0,299,0,0,4.0
559,2,17,22.13,2393966.0,303,0,0,4.0
559,2,18,7.17,2444602.0,313,0,0,4.0
559,2,19,25.2,1967740.7,243,4,0,4.0
559,2,20,14.13,68653.9,2,86,25,4.0
559,2,21,13.24,1714092.5,211,4,0,4.0
559,2,22,17.91,2575590.0,324,0,0,4.0
559,2,23,17.9,2506361.9,317,0,0,4.0
559,2,24,22.87,1042761.1,114,47,0,3.999
559,2,25,14.85,41557.9,0,94,14,3.999
559,2,26,13.33,1552014.7,186,10,0,3.999
559,2,27,21.36,2421542.0,305,0,0,4.0
559,2,28,11.89,1181053.5,149,22,0,4.0
559,2,29,27.14,2354136.4,293,0,0,4.0
559,2,30,26.39,0.0,0,0,0,0.0
559,2,31,12.54,0.0,0,0,0,0.0
569,0,0,6.65,283788.8,9,103,2,4.0
569,0,1,22.27,13249.6,0,106,17,4.0
569,0,2,20.19,2633455.0,321,1,0,4.0
569,0,3,15.08,2947598.0,373,0,0,4.0
569,0,4,12.66,84040.8,0,106,10,3.999
569,0,5,12.32,2788868.0,353,0,0,4.0
569,0,6,23.59,67963.1,0,107,13,3.999
569,0,7,29.41,2940662.0,359,0,0,4.0
569,0,8,26.89,761493.2,70,46,18,4.0
569,0,9,11.95,2294924.0,289,0,0,4.0
569,0,10,25.73,47183.0,0,90,27,4.0
569,0,11,9.19,2347804.0,296,0,0,4.0
569,0,12,11.11,2649933.0,322,0,0,4.0
569,0,13,15.51,550336.8,43,78,3,4.0
569,0,14,23.28,3209434.0,404,0,0,4.0
569,0,15,21.85,2010285.5,258,0,0,4.0
569,0,16,21.6,1222.8,0,87,37,3.999
569,0,17,23.82,1856653.0,238,2,0,4.0
569,0,18,27.48,2070737.0,265,0,0,4.0
569,0,19,5.6,38591.3,0,115,4,4.0
569,0,20,13.77,2889804.0,355,0,0,4.0
569,0,21,17.56,2340525.0,297,0,0,4.0
569,0,22,22.78,108300.8,0,99,9,4.0
569,0,23,12.17,90216.8,0,105,4,4.0
569,0,24,22.8,0.0,0,0,0,0.0
569,0,25,12.77,0.0,0,0,0,0.0
569,0,26,10.24,0.0,0,0,0,0.0
569,0,27,18.02,0.0,0,0,0,0.0
569,0,28,17.56,0.0,0,0,0,0.0
569,0,29,14.3,0.0,0,0,0,0.0
569,0,30,23.94,0.0,0,0,0,0.0
569,0,31,26.59,0.0,0,0,0,0.0
569,1,0,15.71,251054.5,7,103,11,3.996
569,1,1,17.29,2484735.0,307,0,0,3.998
569,1,2,19.04,900675.1,102,44,0,3.999
569,1,3,16.81,2751938.0,338,0,0,4.0
569,1,4,25.54,20601.5,0,89,31,3.993
569,1,5,18.36,2428631.0,306,0,0,4.0
569,1,6,8.63,1748516.4,210,2,0,4.0
569,1,7,5.33,2499579.0,315,0,0,3.999
569,1,8,8.28,2379354.4,290,0,0,4.0
569,1,9,16.95,271295.7,10,85,18,3.998
569,1,10,5.22,2532572.0,318,0,0,4.0
569,1,11,27.19,2207013.0,280,0,0,3.999
569,1,12,16.04,22485.9,0,86,28,3.994
569,1,13,25.94,2196607.2,275,1,0,3.999
569,1,14,7.56,2414389.0,295,0,0,4.0
569,1,15,10.93,1884251.0,235,0,0,3.999
569,1,16,21.21,2469182.0,309,0,0,3.998
569,1,17,10.16,2389571.0,301,0,0,4.0
569,1,18,13.45,1615956.3,197,10,0,3.999
569,1,19,28.59,981663.3,101,39,5,3.999
569,1,20,28.46,2357652.3,291,0,0,4.0
569,1,21,7.19,1724995.1,207,9,0,3.998
569,1,22,21.02,2408917.0,303,0,0,3.998
569,1,23,22.73,1253388.1,150,26,1,4.0
569,1,24,27.19,62170.7,0,80,37,3.998
569,1,25,13.95,652978.5,64,61,4,3.997
569,1,26,20.95,2322735.5,302,0,0,3.999
569,1,27,28.46,0.0,0,0,0,0.0
569,1,28,27.22,0.0,0,0,0,0.0
569,1,29,21.5,0.0,0,0,0,0.0
569,1,30,21.16,0.0,0,0,0,0.0
569,1,31,18.93,0.0,0,0,0,0.0
569,2,0,6.96,8341.6,0,98,17,4.0
569,2,1,7.77,2201815.3,266,1,0,4.0
569,2,2,20.56,439112.2,33,85,6,4.0
569,2,3,13.62,2260198.0,297,0,0,4.0
569,2,4,16.07,2402125.0,300,0,0,4.0
569,2,5,14.57,4803.3,0,105,12,4.0
569,2,6,13.01,2895285.0,359,0,0,4.0
569,2,7,22.07,1541472.2,193,6,0,4.0
569,2,8,12.5,1516029.0,186,12,0,4.0
569,2,9,25.95,693763.1,59,60,13,4.0
569,2,10,28.65,1901934.0,242,0,0,4.0
569,2,11,13.51,593814.1,47,75,6,3.999
569,2,12,8.75,2957885.0,364,0,0,4.0
569,2,13,16.81,1756633.4,222,5,0,3.999
569,2,14,15.53,2083226.5,261,1,0,4.0
569,2,15,24.33,1621903.7,194,8,0,4.0
569,2,16,27.2,2401018.0,303,0,0,4.0
569,2,17,22.13,2612368.0,328,0,0,4.0
569,2,18,7.17,2555055.0,320,0,0,4.0
569,2,19,25.2,1858633.6,232,4,0,4.0
569,2,20,14.13,65600.3,0,96,22,3.997
569,2,21,13.24,1725753.6,215,2,0,4.0
569,2,22,17.91,2687733.0,328,0,0,4.0
569,2,23,17.9,2495002.0,309,0,0,3.999
569,2,24,22.87,1067196.6,122,30,0,4.0
569,2,25,14.85,40725.0,1,99,14,4.0
569,2,26,13.33,1461186.3,180,11,0,4.0
569,2,27,21.36,2504383.0,319,0,0,4.0
569,2,28,11.89,1209126.1,148,13,3,4.0
569,2,29,27.14,2559038.4,321,0,0,4.0
569,2,30,26.39,0.0,0,0,0,0.0
569,2,31,12.54,0.0,0,0,0,0.0
579,0,0,6.65,252999.7,9,100,4,4.0
579,0,1,22.27,13133.7,0,99,19,4.0
579,0,2,20.19,2365752.0,296,0,0,4.0
579,0,3,15.08,2822855.0,358,0,0,4.0
579,0,4,12.66,86448.6,0,108,6,3.999
579,0,5,12.32,2903477.0,368,0,0,3.998
579,0,6,23.59,72925.3,0,101,8,3.997
579,0,7,29.41,3195716.0,393,0,0,4.0
579,0,8,26.89,739026.9,61,53,12,4.0
579,0,9,11.95,2405297.8,301,0,0,4.0
579,0,10,25.73,46493.7,0,107,13,3.999
579,0,11,9.19,2488483.2,308,0,0,4.0
579,0,12,11.11,2485421.0,318,0,0,4.0
579,0,13,15.51,550719.0,36,74,9,3.999
579,0,14,23.28,2988063.0,370,0,0,4.0
579,0,15,21.85,2211498.0,279,0,0,4.0
579,0,16,21.6,1337.0,0,78,39,3.999
579,0,17,23.82,1887163.0,234,0,0,4.0
579,0,18,27.48,2221118.0,273,0,0,4.0
579,0,19,5.6,35066.9,0,108,5,3.999
579,0,20,13.77,2582879.0,334,0,0,4.0
579,0,21,17.56,2314296.0,296,0,0,4.0
579,0,22,22.78,113537.0,0,98,15,3.996
579,0,23,12.17,92919.8,0,105,5,3.998
579,0,24,22.8,0.0,0,0,0,0.0
579,0,25,12.77,0.0,0,0,0,0.0
579,0,26,10.24,0.0,0,0,0,0.0
579,0,27,18.02,0.0,0,0,0,0.0
579,0,28,17.56,0.0,0,0,0,0.0
579,0,29,14.3,0.0,0,0,0,0.0
579,0,30,23.94,0.0,0,0,0,0.0
579,0,31,26.59,0.0,0,0,0,0.0
579,1,0,15.71,265517.0,12,92,13,4.0
579,1,1,17.29,2399682.0,297,0,0,4.0
579,1,2,19.04,962314.2,106,44,0,4.0
579,1,3,16.81,2736273.0,345,0,0,3.996
579,1,4,25.54,21994.6,0,88,33,3.998
579,1,5,18.36,2464348.0,314,0,0,3.999
579,1,6,8.63,1753599.1,209,5,0,3.999
579,1,7,5.33,2356059.0,307,0,0,4.0
579,1,8,8.28,2552540.5,320,0,0,4.0
579,1,9,16.95,287590.2,11,90,16,3.997
579,1,10,5.22,2833314.0,350,0,0,4.0
579,1,11,27.19,2227622.0,285,0,0,3.999
579,1,12,16.04,18368.8,0,95,24,3.993
579,1,13,25.94,2300540.0,279,0,0,3.998
579,1,14,7.56,2263419.0,290,0,0,4.0
579,1,15,10.93,1795726.1,224,4,0,3.998
579,1,16,21.21,2413993.0,298,0,0,4.0
579,1,17,10.16,2265471.0,279,0,0,3.999
579,1,18,13.45,1581799.5,199,8,2,4.0
579,1,19,28.59,885826.5,86,52,7,3.999
579,1,20,28.46,2332447.0,293,0,0,4.0
579,1,21,7.19,1670297.9,208,5,0,3.999
579,1,22,21.02,2387311.0,290,0,0,4.0
579,1,23,22.73,1253848.4,145,32,0,3.999
579,1,24,27.19,54781.1,0,84,37,3.995
579,1,25,13.95,626359.6,49,73,10,3.996
579,1,26,20.95,2308922.0,292,0,0,4.0
579,1,27,28.46,0.0,0,0,0,0.0
579,1,28,27.22,0.0,0,0,0,0.0
579,1,29,21.5,0.0,0,0,0,0.0
579,1,30,21.16,0.0,0,0,0,0.0
579,1,31,18.93,0.0,0,0,0,0.0
579,2,0,6.96,12455.3,0,94,13,4.0
579,2,1,7.77,1915845.2,236,1,0,4.0
579,2,2,20.56,448823.4,37,79,6,4.0
579,2,3,13.62,2336115.0,292,0,0,4.0
579,2,4,16.07,2411937.0,304,0,0,4.0
579,2,5,14.57,4203.1,0,117,7,4.0
579,2,6,13.01,2838814.0,352,0,0,4.0
579,2,7,22.07,1453269.5,181,9,0,4.0
579,2,8,12.5,1466409.3,180,17,1,4.0
579,2,9,25.95,731854.5,70,58,10,4.0
579,2,10,28.65,1977823.1,242,2,0,4.0
579,2,11,13.51,551650.8,49,69,5,4.0
579,2,12,8.75,2843409.0,355,0,0,4.0
579,2,13,16.81,1632175.7,208,3,0,4.0
579,2,14,15.53,2102062.0,262,0,0,4.0
579,2,15,24.33,1743158.2,213,3,0,4.0
579,2,16,27.2,2379916.6,300,0,0,4.0
579,2,17,22.13,2555258.0,307,0,0,4.0
579,2,18,7.17,2362469.0,301,0,0,4.0
579,2,19,25.2,1940235.0,235,0,0,4.0
579,2,20,14.13,76605.3,1,100,9,4.0
579,2,21,13.24,1874026.8,231,0,0,4.0
579,2,22,17.91,2487128.0,299,0,0,4.0
579,2,23,17.9,2546923.0,322,0,0,4.0
579,2,24,22.87,1065245.1,123,35,0,4.0
579,2,25,14.85,35149.3,0,102,16,4.0
579,2,26,13.33,1597641.9,193,11,0,4.0
579,2,27,21.36,2582246.0,320,0,0,4.0
579,2,28,11.89,1278811.7,141,25,6,4.0
579,2,29,27.14,2506360.0,310,0,0,4.0
579,2,30,26.39,0.0,0,0,0,0.0
579,2,31,12.54,0.0,0,0,0,0.0
589,0,0,6.65,280683.4,14,95,2,4.0
589,0,1,22.27,10772.5,0,90,20,4.0
589,0,2,20.19,2531195.0,318,0,0,4.0
589,0,3,15.08,3058213.0,386,0,0,4.0
589,0,4,12.66,90864.5,0,99,10,4.0
589,0,5,12.32,2977217.0,367,0,0,4.0
589,0,6,23.59,71830.6,0,99,15,4.0
589,0,7,29.41,2948339.0,377,0,0,4.0
589,0,8,26.89,716739.8,62,61,9,4.0
589,0,9,11.95,2319141.0,303,0,0,4.0
589,0,10,25.73,48924.9,0,98,16,4.0
589,0,11,9.19,2416092.0,309,0,0,4.0
589,0,12,11.11,2546120.0,321,0,0,4.0
589,0,13,15.51,552097.8,46,72,5,4.0
589,0,14,23.28,3065013.0,383,0,0,4.0
589,0,15,21.85,2236351.0,282,0,0,4.0
589,0,16,21.6,1210.5,0,85,38,4.0
589,0,17,23.82,1806432.0,231,0,0,4.0
589,0,18,27.48,2059970.8,260,1,0,4.0
589,0,19,5.6,38812.0,0,106,5,4.0
589,0,20,13.77,2888011.0,357,0,0,4.0
589,0,21,17.56,2232955.0,289,0,0,4.0
589,0,22,22.78,94493.1,0,99,15,4.0
589,0,23,12.17,96956.1,0,107,5,4.0
589,0,24,22.8,0.0,0,0,0,0.0
589,0,25,12.77,0.0,0,0,0,0.0
589,0,26,10.24,0.0,0,0,0,0.0
589,0,27,18.02,0.0,0,0,0,0.0
589,0,28,17.56,0.0,0,0,0,0.0
589,0,29,14.3,0.0,0,0,0,0.0
589,0,30,23.94,0.0,0,0,0,0.0
589,0,31,26.59,0.0,0,0,0,0.0
589,1,0,15.71,248378.3,6,90,22,3.996
589,1,1,17.29,2608255.0,318,0,0,4.0
589,1,2,19.04,1003792.0,107,50,1,4.0
589,1,3,16.81,2626913.0,331,0,0,4.0
589,1,4,25.54,20055.9,0,82,34,3.995
589,1,5,18.36,2542567.0,315,0,0,4.0
589,1,6,8.63,1707081.9,213,4,0,4.0
589,1,7,5.33,2390179.0,309,0,0,4.0
589,1,8,8.28,2496891.0,316,0,0,4.0
589,1,9,16.95,314066.9,20,86,12,3.999
589,1,10,5.22,2836410.0,355,0,0,4.0
589,1,11,27.19,2270014.3,283,0,0,4.0
589,1,12,16.04,18006.6,0,96,25,3.996
589,1,13,25.94,2190470.0,273,1,0,4.0
589,1,14,7.56,2233137.0,284,0,0,4.0
589,1,15,10.93,1749055.9,215,8,0,3.999
589,1,16,21.21,2611591.0,330,0,0,4.0
589,1,17,10.16,2348694.0,291,0,0,3.999
589,1,18,13.45,1504240.6,187,10,0,3.999
589,1,19,28.59,954599.0,94,45,12,3.999
589,1,20,28.46,2255703.0,280,0,0,4.0
589,1,21,7.19,1693691.0,207,5,0,4.0
589,1,22,21.02,2073109.0,258,0,0,4.0
589,1,23,22.73,1108412.9,132,32,1,3.999
589,1,24,27.19,70884.5,0,80,33,3.999
589,1,25,13.95,621148.2,52,68,8,4.0
589,1,26,20.95,2334305.0,306,0,0,4.0
589,1,27,28.46,0.0,0,0,0,0.0
589,1,28,27.22,0.0,0,0,0,0.0
589,1,29,21.5,0.0,0,0,0,0.0
589,1,30,21.16,0.0,0,0,0,0.0
589,1,31,18.93,0.0,0,0,0,0.0
589,2,0,6.96,13544.3,0,98,11,3.999
589,2,1,7.77,1987676.6,241,3,0,4.0
589,2,2,20.56,477620.3,38,84,7,3.999
589,2,3,13.62,2288308.1,292,0,0,4.0
589,2,4,16.07,2472996.0,310,0,0,4.0
589,2,5,14.57,3668.4,0,102,14,4.0
589,2,6,13.01,2739570.4,336,0,0,4.0
589,2,7,22.07,1510878.4,191,2,0,4.0
589,2,8,12.5,1480940.4,182,16,0,4.0
589,2,9,25.95,696572.3,66,57,11,4.0
589,2,10,28.65,1990845.7,249,0,0,4.0
589,2,11,13.51,546197.4,54,68,7,4.0
589,2,12,8.75,2822008.0,359,0,0,4.0
589,2,13,16.81,1751202.1,216,4,0,4.0
589,2,14,15.53,2056378.0,253,0,0,4.0
589,2,15,24.33,1712175.9,215,2,0,4.0
589,2,16,27.2,2383508.0,300,0,0,4.0
589,2,17,22.13,2640537.0,332,0,0,4.0
589,2,18,7.17,2528036.0,316,0,0,4.0
589,2,19,25.2,1977926.7,249,1,0,4.0
589,2,20,14.13,71948.6,1,101,14,4.0
589,2,21,13.24,1735722.0,222,3,0,4.0
589,2,22,17.91,2427815.8,311,0,0,4.0
589,2,23,17.9,2367636.0,297,0,0,4.0
589,2,24,22.87,995857.3,114,40,0,4.0
589,2,25,14.85,45974.7,0,100,18,3.999
589,2,26,13.33,1511036.3,183,10,0,4.0
589,2,27,21.36,2535246.0,318,0,0,4.0
589,2,28,11.89,1217435.5,140,29,0,4.0
589,2,29,27.14,2285668.0,285,0,0,4.0
589,2,30,26.39,0.0,0,0,0,0.0
589,2,31,12.54,0.0,0,0,0,0.0
599,0,0,6.65,267156.8,11,95,6,4.0
599,0,1,22.27,12301.3,0,95,23,4.0
599,0,2,20.19,2466540.0,315,0,0,4.0
599,0,3,15.08,2990161.0,378,0,0,4.0
599,0,4,12.66,82464.0,0,95,15,3.999
599,0,5,12.32,3169258.0,396,0,0,3.998
599,0,6,23.59,72578.9,0,95,12,3.999
599,0,7,29.41,2812284.0,353,0,0,4.0
599,0,8,26.89,796802.3,77,49,15,4.0
599,0,9,11.95,2321242.8,293,0,0,4.0
599,0,10,25.73,43159.0,0,95,19,4.0
599,0,11,9.19,2519531.0,314,0,0,4.0
599,0,12,11.11,2788469.0,348,0,0,4.0
599,0,13,15.51,507134.2,38,79,4,4.0
599,0,14,23.28,3068248.0,379,0,0,4.0
599,0,15,21.85,2088785.0,267,0,0,4.0
599,0,16,21.6,1387.4,0,85,42,4.0
599,0,17,23.82,1937176.1,241,4,0,4.0
599,0,18,27.48,2077278.0,260,0,0,3.999
599,0,19,5.6,34376.4,0,112,3,3.999
599,0,20,13.77,2977227.0,371,0,0,4.0
599,0,21,17.56,2295522.0,282,0,0,4.0
599,0,22,22.78,94392.5,0,95,15,3.999
599,0,23,12.17,86762.6,0,107,2,3.999
599,0,24,22.8,0.0,0,0,0,0.0
599,0,25,12.77,0.0,0,0,0,0.0
599,0,26,10.24,0.0,0,0,0,0.0
599,0,27,18.02,0.0,0,0,0,0.0
599,0,28,17.56,0.0,0,0,0,0.0
599,0,29,14.3,0.0,0,0,0,0.0
599,0,30,23.94,0.0,0,0,0,0.0
599,0,31,26.59,0.0,0,0,0,0.0
599,1,0,15.71,244547.3,8,92,19,3.997
599,1,1,17.29,2452000.0,310,0,0,3.995
599,1,2,19.04,1004947.0,110,44,0,3.998
599,1,3,16.81,2855377.0,356,0,0,3.998
599,1,4,25.54,22053.8,0,91,29,3.996
599,1,5,18.36,2456194.0,310,0,0,4.0
599,1,6,8.63,1601684.3,202,3,0,4.0
599,1,7,5.33,2381631.0,294,0,0,3.999
599,1,8,8.28,2440368.0,304,0,0,4.0
599,1,9,16.95,264663.1,13,88,19,3.995
599,1,10,5.22,2732365.0,342,0,0,4.0
599,1,11,27.19,2293842.0,286,0,0,3.999
599,1,12,16.04,18278.2,0,89,35,3.997
599,1,13,25.94,2124353.4,271,0,0,4.0
599,1,14,7.56,2354011.0,295,0,0,4.0
599,1,15,10.93,1618801.2,202,3,0,4.0
599,1,16,21.21,2648783.0,323,0,0,4.0
599,1,17,10.16,2316698.0,285,0,0,3.999
599,1,18,13.45,1573536.4,191,14,0,3.999
599,1,19,28.59,929817.7,106,29,9,3.999
599,1,20,28.46,2286444.0,283,0,0,3.999
599,1,21,7.19,1722615.8,208,4,0,3.998
599,1,22,21.02,2256516.0,282,0,0,3.999
599,1,23,22.73,1166242.7,130,30,1,3.998
599,1,24,27.19,81759.9,0,82,36,3.998
599,1,25,13.95,546504.2,45,72,6,3.995
599,1,26,20.95,2475519.0,305,0,0,4.0
599,1,27,28.46,0.0,0,0,0,0.0
599,1,28,27.22,0.0,0,0,0,0.0
599,1,29,21.5,0.0,0,0,0,0.0
599,1,30,21.16,0.0,0,0,0,0.0
599,1,31,18.93,0.0,0,0,0,0.0
599,2,0,6.96,9640.5,0,103,9,3.999
599,2,1,7.77,1976243.6,240,2,0,4.0
599,2,2,20.56,493716.8,46,71,11,3.999
599,2,3,13.62,2371580.0,291,0,0,4.0
599,2,4,16.07,2396926.0,295,0,0,4.0
599,2,5,14.57,4316.0,0,101,14,3.998
599,2,6,13.01,2956945.0,370,0,0,4.0
599,2,7,22.07,1441989.6,182,10,0,4.0
599,2,8,12.5,1538858.4,182,19,0,3.999
599,2,9,25.95,672110.6,59,63,12,4.0
599,2,10,28.65,1903193.5,229,1,0,3.999
599,2,11,13.51,585350.5,52,68,6,4.0
599,2,12,8.75,2740070.0,340,0,0,4.0
599,2,13,16.81,1738301.0,216,6,0,4.0
599,2,14,15.53,2074211.0,258,0,0,4.0
599,2,15,24.33,1708214.5,205,5,0,4.0
599,2,16,27.2,2304664.0,285,0,0,4.0
599,2,17,22.13,2575101.0,327,0,0,4.0
599,2,18,7.17,2339561.0,292,0,0,4.0
599,2,19,25.2,1948185.5,242,3,0,3.999
599,2,20,14.13,57590.5,0,104,17,4.0
599,2,21,13.24,1773625.6,215,4,0,3.998
599,2,22,17.91,2422413.0,301,0,0,4.0
599,2,23,17.9,2450501.0,305,0,0,3.999
599,2,24,22.87,1064887.5,121,34,0,3.999
599,2,25,14.85,45678.5,0,100,17,3.998
599,2,26,13.33,1597025.9,192,7,0,4.0
599,2,27,21.36,2464204.0,308,0,0,4.0
599,2,28,11.89,1169382.5,134,28,2,4.0
599,2,29,27.14,2397061.0,305,0,0,4.0
599,2,30,26.39,0.0,0,0,0,0.0
599,2,31,12.54,0.0,0,0,0,0.0
609,0,0,6.65,295433.9,8,104,6,4.0
609,0,1,22.27,11501.2,0,90,21,4.0
609,0,2,20.19,2453964.0,307,0,0,4.0
609,0,3,15.08,2943164.0,374,0,0,4.0
609,0,4,12.66,78468.4,0,103,12,4.0
609,0,5,12.32,3036880.0,377,0,0,4.0
609,0,6,23.59,68957.8,0,108,10,4.0
609,0,7,29.41,3183042.0,392,0,0,4.0
609,0,8,26.89,781927.7,68,54,21,4.0
609,0,9,11.95,2588791.0,321,0,0,4.0
609,0,10,25.73,45761.9,0,95,15,4.0
609,0,11,9.19,2503763.0,306,0,0,4.0
609,0,12,11.11,2651863.0,326,0,0,4.0
609,0,13,15.51,487831.3,40,84,6,4.0
609,0,14,23.28,3341101.0,410,0,0,4.0
609,0,15,21.85,2212856.0,281,0,0,4.0
609,0,16,21.6,1371.6,0,77,42,4.0
609,0,17,23.82,1859370.0,229,1,0,4.0
609,0,18,27.48,2080936.2,263,1,0,4.0
609,0,19,5.6,34595.4,0,103,6,4.0
609,0,20,13.77,2951034.0,372,0,0,4.0
609,0,21,17.56,2121079.0,268,0,0,4.0
609,0,22,22.78,102858.6,0,100,10,4.0
609,0,23,12.17,82479.1,0,103,10,4.0
609,0,24,22.8,0.0,0,0,0,0.0
609,0,25,12.77,0.0,0,0,0,0.0
609,0,26,10.24,0.0,0,0,0,0.0
609,0,27,18.02,0.0,0,0,0,0.0
609,0,28,17.56,0.0,0,0,0,0.0
609,0,29,14.3,0.0,0,0,0,0.0
609,0,30,23.94,0.0,0,0,0,0.0
609,0,31,26.59,0.0,0,0,0,0.0
609,1,0,15.71,254345.5,13,90,11,3.998
609,1,1,17.29,2480975.0,308,0,0,4.0
609,1,2,19.04,946077.0,103,41,0,4.0
609,1,3,16.81,2778943.0,350,0,0,4.0
609,1,4,25.54,21191.8,0,80,37,3.994
609,1,5,18.36,2426731.0,301,0,0,4.0
609,1,6,8.63,1809488.1,228,3,0,4.0
609,1,7,5.33,2217863.0,274,0,0,3.998
609,1,8,8.28,2373572.0,303,0,0,3.998
609,1,9,16.95,304884.4,17,85,16,3.997
609,1,10,5.22,2687248.0,325,0,0,4.0
609,1,11,27.19,2220211.0,277,0,0,4.0
609,1,12,16.04,23438.8,0,83,25,3.997
609,1,13,25.94,2055768.3,260,1,0,3.999
609,1,14,7.56,2386823.0,292,0,0,3.997
609,1,15,10.93,1856705.8,222,4,0,3.999
609,1,16,21.21,2465276.0,314,0,0,4.0
609,1,17,10.16,2261485.0,285,0,0,4.0
609,1,18,13.45,1466942.2,176,16,1,4.0
609,1,19,28.59,913027.7,102,41,5,4.0
609,1,20,28.46,2469607.0,308,0,0,3.999
609,1,21,7.19,1537781.6,200,4,0,3.999
609,1,22,21.02,2307561.0,287,0,0,4.0
609,1,23,22.73,1349808.7,154,27,2,4.0
609,1,24,27.19,71886.2,0,89,32,3.998
609,1,25,13.95,602951.7,55,61,11,3.999
609,1,26,20.95,2455007.0,311,0,0,4.0
609,1,27,28.46,0.0,0,0,0,0.0
609,1,28,27.22,0.0,0,0,0,0.0
609,1,29,21.5,0.0,0,0,0,0.0
609,1,30,21.16,0.0,0,0,0,0.0
609,1,31,18.93,0.0,0,0,0,0.0
609,2,0,6.96,10512.9,0,104,10,4.0
609,2,1,7.77,1890344.9,242,1,0,3.999
609,2,2,20.56,479800.9,51,69,6,4.0
609,2,3,13.62,2368943.0,287,0,0,4.0
609,2,4,16.07,2368635.0,300,0,0,4.0
609,2,5,14.57,3567.3,0,98,16,4.0
609,2,6,13.01,2768698.0,354,0,0,4.0
609,2,7,22.07,1563791.8,195,6,0,4.0
609,2,8,12.5,1391342.6,162,16,0,4.0
609,2,9,25.95,759177.0,74,54,11,4.0
609,2,10,28.65,2026793.3,250,2,0,4.0
609,2,11,13.51,591044.3,53,69,1,3.999
609,2,12,8.75,2673168.0,336,0,0,4.0
609,2,13,16.81,1655128.7,211,1,0,4.0
609,2,14,15.53,2016563.0,254,0,0,4.0
609,2,15,24.33,1665621.8,212,2,0,4.0
609,2,16,27.2,2425551.0,300,0,0,4.0
609,2,17,22.13,2449070.0,306,0,0,4.0
609,2,18,7.17,2502845.0,305,0,0,4.0
609,2,19,25.2,1940664.3,245,1,0,3.999
609,2,20,14.13,67484.0,1,99,22,3.998
609,2,21,13.24,1759047.8,215,2,0,4.0
609,2,22,17.91,2549848.0,312,0,0,4.0
609,2,23,17.9,2348947.2,291,0,0,4.0
609,2,24,22.87,1072541.1,124,34,1,3.999
609,2,25,14.85,45792.2,0,96,20,3.998
609,2,26,13.33,1602465.5,193,14,0,4.0
609,2,27,21.36,2596597.0,317,0,0,4.0
609,2,28,11.89,1136493.8,128,35,2,3.999
609,2,29,27.14,2289593.0,290,0,0,4.0
609,2,30,26.39,0.0,0,0,0,0.0
609,2,31,12.54,0.0,0,0,0,0.0
619,0,0,6.65,252574.3,7,103,1,4.0
619,0,1,22.27,13945.8,0,88,18,4.0
619,0,2,20.19,2564231.0,317,0,0,4.0
619,0,3,15.08,2924830.0,370,0,0,4.0
619,0,4,12.66,76229.0,0,104,15,4.0
619,0,5,12.32,3084734.0,381,0,0,4.0
619,0,6,23.59,67839.6,0,104,12,4.0
619,0,7,29.41,3036314.0,380,0,0,4.0
619,0,8,26.89,809948.2,77,48,14,4.0
619,0,9,11.95,2347115.0,291,0,0,4.0
619,0,10,25.73,47515.7,0,103,18,4.0
619,0,11,9.19,2503170.0,309,0,0,4.0
619,0,12,11.11,2565965.0,324,0,0,4.0
619,0,13,15.51,526338.6,47,68,4,4.0
619,0,14,23.28,3074252.0,398,0,0,4.0
619,0,15,21.85,2147402.0,272,0,0,4.0
619,0,16,21.6,1268.7,0,88,36,4.0
619,0,17,23.82,1973204.9,239,3,0,4.0
619,0,18,27.48,2052095.5,263,1,0,4.0
619,0,19,5.6,33521.8,0,108,5,4.0
619,0,20,13.77,2843604.0,345,0,0,4.0
619,0,21,17.56,2136181.0,273,0,0,4.0
619,0,22,22.78,99982.2,1,105,9,4.0
619,0,23,12.17,93828.4,0,109,4,4.0
619,0,24,22.8,0.0,0,0,0,0.0
619,0,25,12.77,0.0,0,0,0,0.0
619,0,26,10.24,0.0,0,0,0,0.0
619,0,27,18.02,0.0,0,0,0,0.0
619,0,28,17.56,0.0,0,0,0,0.0
619,0,29,14.3,0.0,0,0,0,0.0
619,0,30,23.94,0.0,0,0,0,0.0
619,0,31,26.59,0.0,0,0,0,0.0
619,1,0,15.71,234556.8,14,87,11,3.999
619,1,1,17.29,2467252.0,307,0,0,3.998
619,1,2,19.04,918892.3,99,47,0,3.999
619,1,3,16.81,2809494.0,345,0,0,3.998
619,1,4,25.54,20780.8,0,84,30,3.999
619,1,5,18.36,2452495.0,309,0,0,4.0
619,1,6,8.63,1846945.9,224,3,0,3.999
619,1,7,5.33,2403808.0,296,0,0,4.0
619,1,8,8.28,2439616.0,309,0,0,4.0
619,1,9,16.95,278825.7,13,87,14,3.999
619,1,10,5.22,2703322.0,342,0,0,4.0
619,1,11,27.19,2419130.0,305,0,0,4.0
619,1,12,16.04,21907.0,0,96,24,3.999
619,1,13,25.94,2269140.0,286,0,0,4.0
619,1,14,7.56,2359715.0,296,0,0,4.0
619,1,15,10.93,1798538.1,226,2,0,4.0
619,1,16,21.21,2765950.0,344,0,0,3.999
619,1,17,10.16,2455245.0,304,0,0,4.0
619,1,18,13.45,1523409.3,180,14,0,4.0
619,1,19,28.59,905454.2,97,45,8,4.0
619,1,20,28.46,2508619.0,313,0,0,3.999
619,1,21,7.19,1646376.5,205,6,0,3.999
619,1,22,21.02,2257472.0,282,0,0,4.0
619,1,23,22.73,1193522.2,142,26,2,4.0
619,1,24,27.19,73994.4,0,87,36,3.998
619,1,25,13.95,562942.1,52,69,4,3.999
619,1,26,20.95,2472851.0,315,0,0,4.0
619,1,27,28.46,0.0,0,0,0,0.0
619,1,28,27.22,0.0,0,0,0,0.0
619,1,29,21.5,0.0,0,0,0,0.0
619,1,30,21.16,0.0,0,0,0,0.0
619,1,31,18.93,0.0,0,0,0,0.0
619,2,0,6.96,8400.4,0,97,13,3.999
619,2,1,7.77,1934739.6,243,1,0,4.0
619,2,2,20.56,508992.1,44,67,10,4.0
619,2,3,13.62,2156385.5,272,1,0,4.0
619,2,4,16.07,2389799.0,297,0,0,4.0
619,2,5,14.57,3205.9,0,98,15,4.0
619,2,6,13.01,2730820.0,349,0,0,4.0
619,2,7,22.07,1585035.6,197,7,0,4.0
619,2,8,12.5,1483666.1,176,15,0,4.0
619,2,9,25.95,710122.0,67,59,13,4.0
619,2,10,28.65,1911775.7,230,1,0,4.0
619,2,11,13.51,584041.8,57,73,3,4.0
619,2,12,8.75,2864815.0,356,0,0,4.0
619,2,13,16.81,1770199.2,218,4,0,4.0
619,2,14,15.53,2039476.0,255,0,0,4.0
619,2,15,24.33,1660553.9,203,10,0,3.999
619,2,16,27.2,2454042.4,299,0,0,4.0
619,2,17,22.13,2496333.0,304,0,0,4.0
619,2,18,7.17,2588941.0,319,0,0,4.0
619,2,19,25.2,1884743.7,240,2,0,4.0
619,2,20,14.13,54036.4,1,102,12,3.999
619,2,21,13.24,1699281.2,215,3,0,4.0
619,2,22,17.91,2381811.0,300,0,0,4.0
619,2,23,17.9,2528010.0,317,0,0,4.0
619,2,24,22.87,1049938.5,119,40,1,3.999
619,2,25,14.85,39734.7,0,93,21,3.999
619,2,26,13.33,1487447.6,187,8,1,4.0
619,2,27,21.36,2426999.0,306,0,0,4.0
619,2,28,11.89,1313991.2,147,30,0,4.0
619,2,29,27.14,2434051.0,306,0,0,4.0
619,2,30,26.39,0.0,0,0,0,0.0
619,2,31,12.54,0.0,0,0,0,0.0
629,0,0,6.65,278009.5,11,99,3,4.0
629,0,1,22.27,12781.8,0,111,10,4.0
629,0,2,20.19,2363927.0,293,0,0,4.0
629,0,3,15.08,2984361.0,372,0,0,4.0
629,0,4,12.66,75802.3,1,103,15,4.0
629,0,5,12.32,2950144.0,366,0,0,4.0
629,0,6,23.59,74775.2,0,99,9,4.0
629,0,7,29.41,3048544.0,379,0,0,4.0
629,0,8,26.89,799401.4,78,59,15,4.0
629,0,9,11.95,2292006.0,285,0,0,4.0
629,0,10,25.73,52685.0,0,100,14,4.0
629,0,11,9.19,2326496.0,286,0,0,4.0
629,0,12,11.11,2536308.0,310,0,0,4.0
629,0,13,15.51,532992.6,37,75,6,4.0
629,0,14,23.28,3125615.0,386,0,0,4.0
629,0,15,21.85,2163962.0,272,0,0,4.0
629,0,16,21.6,902.5,0,91,36,4.0
629,0,17,23.82,1796776.1,221,4,0,4.0
629,0,18,27.48,2050434.0,264,0,0,4.0
629,0,19,5.6,29890.4,0,106,6,4.0
629,0,20,13.77,2881748.0,358,0,0,4.0
629,0,21,17.56,2189497.0,279,0,0,4.0
629,0,22,22.78,100650.9,1,91,17,4.0
629,0,23,12.17,95762.1,0,118,3,4.0
629,0,24,22.8,0.0,0,0,0,0.0
629,0,25,12.77,0.0,0,0,0,0.0
629,0,26,10.24,0.0,0,0,0,0.0
629,0,27,18.02,0.0,0,0,0,0.0
629,0,28,17.56,0.0,0,0,0,0.0
629,0,29,14.3,0.0,0,0,0,0.0
629,0,30,23.94,0.0,0,0,0,0.0
629,0,31,26.59,0.0,0,0,0,0.0
629,1,0,15.71,243477.4,10,97,12,3.999
629,1,1,17.29,2473729.0,311,0,0,4.0
629,1,2,19.04,915133.3,104,47,0,4.0
629,1,3,16.81,2675062.0,337,0,0,4.0
629,1,4,25.54,19009.8,0,84,34,3.998
629,1,5,18.36,2534097.0,316,0,0,4.0
629,1,6,8.63,1728307.8,215,2,0,4.0
629,1,7,5.33,2376634.0,295,0,0,4.0
629,1,8,8.28,2377814.0,297,0,0,4.0
629,1,9,16.95,267291.2,16,84,18,4.0
629,1,10,5.22,2723896.0,344,0,0,4.0
629,1,11,27.19,2183816.0,275,0,0,4.0
629,1,12,16.04,22476.5,0,103,22,3.999
629,1,13,25.94,2237909.6,281,1,0,4.0
629,1,14,7.56,2246300.0,284,0,0,4.0
629,1,15,10.93,1889948.0,238,0,0,3.999
629,1,16,21.21,2374330.0,297,0,0,4.0
629,1,17,10.16,2502041.3,305,0,0,4.0
629,1,18,13.45,1540084.2,180,13,0,4.0
629,1,19,28.59,944152.0,108,51,2,4.0
629,1,20,28.46,2310720.4,286,1,0,4.0
629,1,21,7.19,1591171.6,202,2,0,3.999
629,1,22,21.02,2347082.0,290,0,0,4.0
629,1,23,22.73,1281174.7,148,25,1,4.0
629,1,24,27.19,67670.8,0,82,39,3.996
629,1,25,13.95,625253.5,54,70,6,3.999
629,1,26,20.95,2382546.0,294,0,0,4.0
629,1,27,28.46,0.0,0,0,0,0.0
629,1,28,27.22,0.0,0,0,0,0.0
629,1,29,21.5,0.0,0,0,0,0.0
629,1,30,21.16,0.0,0,0,0,0.0
629,1,31,18.93,0.0,0,0,0,0.0
629,2,0,6.96,10786.1,0,106,12,4.0
629,2,1,7.77,2038378.0,249,1,0,4.0
629,2,2,20.56,435578.4,44,80,6,4.0
629,2,3,13.62,2207686.0,278,0,0,4.0
629,2,4,16.07,2559447.0,317,0,0,4.0
629,2,5,14.57,4015.6,0,100,13,4.0
629,2,6,13.01,2861714.0,353,0,0,4.0
629,2,7,22.07,1639702.4,199,9,0,4.0
629,2,8,12.5,1455419.1,179,12,0,4.0
629,2,9,25.95,748626.4,73,52,10,4.0
629,2,10,28.65,1949674.4,234,1,0,4.0
629,2,11,13.51,556563.9,53,80,1,4.0
629,2,12,8.75,2942477.0,369,0,0,4.0
629,2,13,16.81,1839582.3,234,3,0,4.0
629,2,14,15.53,2116408.9,263,1,0,4.0
629,2,15,24.33,1644268.3,201,3,0,4.0
629,2,16,27.2,2200843.0,273,0,0,4.0
629,2,17,22.13,2617284.0,322,0,0,4.0
629,2,18,7.17,2510523.0,311,0,0,4.0
629,2,19,25.2,1910381.1,244,3,0,4.0
629,2,20,14.13,56092.7,0,107,13,4.0
629,2,21,13.24,1641121.3,202,5,0,4.0
629,2,22,17.91,2602914.0,318,0,0,4.0
629,2,23,17.9,2389930.0,299,0,0,4.0
629,2,24,22.87,1128061.9,121,35,1,4.0
629,2,25,14.85,34479.0,0,91,19,4.0
629,2,26,13.33,1583991.8,188,9,1,4.0
629,2,27,21.36,2541642.0,309,0,0,4.0
629,2,28,11.89,1254657.1,150,26,2,4.0
629,2,29,27.14,2417571.0,305,0,0,4.0
629,2,30,26.39,0.0,0,0,0,0.0
629,2,31,12.54,0.0,0,0,0,0.0
639,0,0,6.65,285661.4,14,103,2,4.0
639,0,1,22.27,13099.0,0,97,20,4.0
639,0,2,20.19,2339035.0,300,0,0,4.0
639,0,3,15.08,3006376.0,370,0,0,4.0
639,0,4,12.66,70890.3,0,108,11,4.0
639,0,5,12.32,2886670.0,359,0,0,4.0
639,0,6,23.59,70145.8,0,96,7,4.0
639,0,7,29.41,3097848.0,379,0,0,4.0
639,0,8,26.89,781191.1,70,49,16,4.0
639,0,9,11.95,2364623.0,288,0,0,4.0
639,0,10,25.73,60228.8,1,99,14,4.0
639,0,11,9.19,2299092.0,287,0,0,4.0
639,0,12,11.11,2494172.0,318,0,0,4.0
639,0,13,15.51,558063.7,53,71,5,4.0
639,0,14,23.28,3111392.0,388,0,0,4.0
639,0,15,21.85,2297213.0,287,0,0,4.0
639,0,16,21.6,1524.3,0,95,28,4.0
639,0,17,23.82,1782753.6,220,0,0,4.0
639,0,18,27.48,1976067.0,253,0,0,4.0
639,0,19,5.6,32250.6,0,111,3,4.0
639,0,20,13.77,2982769.0,373,0,0,4.0
639,0,21,17.56,2297283.0,284,0,0,4.0
639,0,22,22.78,102371.8,1,96,17,4.0
639,0,23,12.17,95623.9,0,111,3,4.0
639,0,24,22.8,0.0,0,0,0,0.0
639,0,25,12.77,0.0,0,0,0,0.0
639,0,26,10.24,0.0,0,0,0,0.0
639,0,27,18.02,0.0,0,0,0,0.0
639,0,28,17.56,0.0,0,0,0,0.0
639,0,29,14.3,0.0,0,0,0,0.0
639,0,30,23.94,0.0,0,0,0,0.0
639,0,31,26.59,0.0,0,0,0,0.0
639,1,0,15.71,254826.0,7,98,11,4.0
639,1,1,17.29,2312224.0,291,0,0,4.0
639,1,2,19.04,991890.0,104,52,0,4.0
639,1,3,16.81,2923197.0,354,0,0,4.0
639,1,4,25.54,22452.8,0,90,29,3.997
639,1,5,18.36,2524275.8,302,1,0,3.999
639,1,6,8.63,1687377.5,212,5,0,4.0
639,1,7,5.33,2658204.0,318,0,0,4.0
639,1,8,8.28,2439788.0,304,0,0,3.998
639,1,9,16.95,298230.3,15,92,18,3.999
639,1,10,5.22,2694549.0,340,0,0,4.0
639,1,11,27.19,2303355.0,285,0,0,4.0
639,1,12,16.04,21078.7,0,92,24,3.997
639,1,13,25.94,2153625.0,269,0,0,4.0
639,1,14,7.56,2318252.0,289,0,0,4.0
639,1,15,10.93,1767328.9,218,2,0,3.998
639,1,16,21.21,2504442.0,315,0,0,4.0
639,1,17,10.16,2354821.7,290,0,0,4.0
639,1,18,13.45,1512795.2,185,17,0,4.0
639,1,19,28.59,989529.0,110,41,5,3.999
639,1,20,28.46,2294794.0,287,0,0,4.0
639,1,21,7.19,1684687.2,205,5,0,3.999
639,1,22,21.02,2310345.0,296,0,0,3.997
639,1,23,22.73,1161972.0,133,32,2,3.999
639,1,24,27.19,68070.4,0,90,29,3.998
639,1,25,13.95,578592.8,58,61,4,3.999
639,1,26,20.95,2383467.0,299,0,0,4.0
639,1,27,28.46,0.0,0,0,0,0.0
639,1,28,27.22,0.0,0,0,0,0.0
639,1,29,21.5,0.0,0,0,0,0.0
639,1,30,21.16,0.0,0,0,0,0.0
639,1,31,18.93,0.0,0,0,0,0.0
639,2,0,6.96,9220.7,0,110,7,4.0
639,2,1,7.77,2076841.4,260,0,0,3.998
639,2,2,20.56,475673.1,35,90,3,3.999
639,2,3,13.62,2263902.0,286,0,0,3.999
639,2,4,16.07,2367943.5,293,0,0,3.997
639,2,5,14.57,4107.1,0,105,11,4.0
639,2,6,13.01,2846630.0,353,0,0,4.0
639,2,7,22.07,1554017.1,194,4,0,4.0
639,2,8,12.5,1341505.5,168,18,0,3.999
639,2,9,25.95,698103.9,64,57,13,4.0
639,2,10,28.65,2040345.5,253,2,0,3.998
639,2,11,13.51,547219.2,54,68,2,4.0
639,2,12,8.75,2825326.0,357,0,0,4.0
639,2,13,16.81,1804496.2,216,4,0,3.999
639,2,14,15.53,2021588.4,253,1,0,4.0
639,2,15,24.33,1748162.6,209,5,0,4.0
639,2,16,27.2,2568153.0,315,0,0,4.0
639,2,17,22.13,2607335.0,320,0,0,4.0
639,2,18,7.17,2537213.8,322,0,0,4.0
639,2,19,25.2,1865145.0,234,3,0,4.0
639,2,20,14.13,64600.9,0,97,18,3.994
639,2,21,13.24,1792587.8,224,1,0,4.0
639,2,22,17.91,2670147.0,326,0,0,4.0
639,2,23,17.9,2409964.0,294,0,0,4.0
639,2,24,22.87,1064663.2,118,47,0,3.999
639,2,25,14.85,51853.7,1,95,19,4.0
639,2,26,13.33,1607120.7,196,12,1,3.999
639,2,27,21.36,2619243.0,327,0,0,4.0
639,2,28,11.89,1226552.0,144,26,2,3.999
639,2,29,27.14,2385926.0,302,0,0,4.0
639,2,30,26.39,0.0,0,0,0,0.0
639,2,31,12.54,0.0,0,0,0,0.0
649,0,0,6.65,271631.0,12,97,7,4.0
649,0,1,22.27,10814.8,0,101,19,4.0
649,0,2,20.19,2405229.0,295,0,0,4.0
649,0,3,15.08,3094197.0,393,0,0,4.0
649,0,4,12.66,78641.3,0,104,13,4.0
649,0,5,12.32,2819304.0,350,0,0,4.0
649,0,6,23.59,74055.5,0,109,6,4.0
649,0,7,29.41,3064438.0,380,0,0,4.0
649,0,8,26.89,823577.2,89,46,12,4.0
649,0,9,11.95,2211692.0,283,0,0,4.0
649,0,10,25.73,51188.7,0,95,16,4.0
649,0,11,9.19,2456460.2,298,0,0,4.0
649,0,12,11.11,2488442.0,314,0,0,4.0
649,0,13,15.51,568695.8,48,73,3,4.0
649,0,14,23.28,3035325.0,383,0,0,4.0
649,0,15,21.85,2173463.0,273,0,0,4.0
649,0,16,21.6,1307.2,0,84,27,4.0
649,0,17,23.82,1971847.0,245,0,0,4.0
649,0,18,27.48,1977486.0,256,0,0,4.0
649,0,19,5.6,28828.2,0,108,7,4.0
649,0,20,13.77,2966807.0,367,0,0,4.0
649,0,21,17.56,2331700.0,289,0,0,4.0
649,0,22,22.78,97498.1,0,101,16,4.0
649,0,23,12.17,91984.8,0,101,7,4.0
649,0,24,22.8,0.0,0,0,0,0.0
649,0,25,12.77,0.0,0,0,0,0.0
649,0,26,10.24,0.0,0,0,0,0.0
649,0,27,18.02,0.0,0,0,0,0.0
649,0,28,17.56,0.0,0,0,0,0.0
649,0,29,14.3,0.0,0,0,0,0.0
649,0,30,23.94,0.0,0,0,0,0.0
649,0,31,26.59,0.0,0,0,0,0.0
649,1,0,15.71,182357.7,7,98,16,3.999
649,1,1,17.29,2549000.0,314,0,0,3.999
649,1,2,19.04,894947.5,98,44,0,3.998
649,1,3,16.81,2875433.0,364,0,0,3.996
649,1,4,25.54,19606.1,0,81,31,3.998
649,1,5,18.36,2519554.0,308,0,0,4.0
649,1,6,8.63,1614745.8,198,6,0,3.999
649,1,7,5.33,2484318.0,306,0,0,4.0
649,1,8,8.28,2408153.0,289,0,0,4.0
649,1,9,16.95,300563.4,15,95,20,3.997
649,1,10,5.22,2543474.0,313,0,0,4.0
649,1,11,27.19,2322162.3,291,0,0,4.0
649,1,12,16.04,22514.8,0,94,24,3.99
649,1,13,25.94,2189768.3,274,0,0,4.0
649,1,14,7.56,2271289.0,288,0,0,4.0
649,1,15,10.93,1781176.2,215,8,0,4.0
649,1,16,21.21,2634081.0,324,0,0,3.998
649,1,17,10.16,2323851.0,291,0,0,4.0
649,1,18,13.45,1583832.1,195,9,0,3.999
649,1,19,28.59,957725.3,101,42,7,4.0
649,1,20,28.46,2397653.0,298,0,0,3.997
649,1,21,7.19,1721520.2,215,4,0,3.999
649,1,22,21.02,2354514.0,291,0,0,4.0
649,1,23,22.73,1176270.5,136,23,1,3.999
649,1,24,27.19,69008.4,0,85,35,3.997
649,1,25,13.95,570918.6,47,72,5,4.0
649,1,26,20.95,2322284.0,292,0,0,3.997
649,1,27,28.46,0.0,0,0,0,0.0
649,1,28,27.22,0.0,0,0,0,0.0
649,1,29,21.5,0.0,0,0,0,0.0
649,1,30,21.16,0.0,0,0,0,0.0
649,1,31,18.93,0.0,0,0,0,0.0
649,2,0,6.96,13336.5,0,100,12,4.0
649,2,1,7.77,2019940.6,252,1,0,3.999
649,2,2,20.56,576785.6,48,72,7,3.999
649,2,3,13.62,2243970.0,276,0,0,4.0
649,2,4,16.07,2368508.0,298,0,0,4.0
649,2,5,14.57,5844.2,0,105,12,3.997
649,2,6,13.01,2988724.0,373,0,0,4.0
649,2,7,22.07,1589996.1,193,11,0,4.0
649,2,8,12.5,1477949.0,177,12,0,4.0
649,2,9,25.95,630084.9,66,54,10,3.999
649,2,10,28.65,2015035.0,252,0,0,4.0
649,2,11,13.51,555362.8,54,66,4,4.0
649,2,12,8.75,2863614.0,353,0,0,4.0
649,2,13,16.81,1704326.0,214,1,0,4.0
649,2,14,15.53,2189936.0,274,0,0,4.0
649,2,15,24.33,1697812.7,203,6,0,4.0
649,2,16,27.2,2345260.6,309,0,0,4.0
649,2,17,22.13,2537172.0,314,0,0,4.0
649,2,18,7.17,2663178.0,324,0,0,4.0
649,2,19,25.2,1902192.6,237,4,0,4.0
649,2,20,14.13,49384.7,0,96,12,4.0
649,2,21,13.24,1667227.1,213,3,0,4.0
649,2,22,17.91,2477270.0,308,0,0,4.0
649,2,23,17.9,2259147.0,294,0,0,4.0
649,2,24,22.87,1144447.4,125,42,2,4.0
649,2,25,14.85,36359.3,0,106,11,4.0
649,2,26,13.33,1487045.0,184,15,1,4.0
649,2,27,21.36,2395928.0,295,0,0,4.0
649,2,28,11.89,1186530.5,135,29,1,3.999
649,2,29,27.14,2485915.0,306,0,0,4.0
649,2,30,26.39,0.0,0,0,0,0.0
649,2,31,12.54,0.0,0,0,0,0.0
659,0,0,6.65,299881.6,16,89,4,3.999
659,0,1,22.27,10510.9,0,102,17,4.0
659,0,2,20.19,2410628.0,303,0,0,4.0
659,0,3,15.08,2814299.0,356,0,0,4.0
659,0,4,12.66,61446.7,0,102,17,3.999
659,0,5,12.32,2769755.0,350,0,0,4.0
659,0,6,23.59,72622.9,0,102,10,4.0
659,0,7,29.41,2821316.0,341,0,0,4.0
659,0,8,26.89,863071.0,77,56,14,4.0
659,0,9,11.95,2232817.0,279,0,0,4.0
659,0,10,25.73,42208.4,0,101,15,4.0
659,0,11,9.19,2587300.2,318,0,0,4.0
659,0,12,11.11,2533629.0,320,0,0,4.0
659,0,13,15.51,586801.2,49,75,6,4.0
659,0,14,23.28,3126057.0,396,0,0,4.0
659,0,15,21.85,2247020.0,279,0,0,4.0
659,0,16,21.6,1270.7,0,80,39,4.0
659,0,17,23.82,1832978.3,230,1,1,4.0
659,0,18,27.48,2054861.0,262,0,0,4.0
659,0,19,5.6,32469.1,0,112,3,3.999
659,0,20,13.77,2920058.0,365,0,0,4.0
659,0,21,17.56,2353757.0,293,0,0,4.0
659,0,22,22.78,94265.1,0,98,11,4.0
659,0,23,12.17,89545.0,0,114,3,4.0
659,0,24,22.8,0.0,0,0,0,0.0
659,0,25,12.77,0.0,0,0,0,0.0
659,0,26,10.24,0.0,0,0,0,0.0
659,0,27,18.02,0.0,0,0,0,0.0
659,0,28,17.56,0.0,0,0,0,0.0
659,0,29,14.3,0.0,0,0,0,0.0
659,0,30,23.94,0.0,0,0,0,0.0
659,0,31,26.59,0.0,0,0,0,0.0
659,1,0,15.71,233378.4,5,93,15,3.999
659,1,1,17.29,2509809.6,313,0,0,3.999
659,1,2,19.04,907408.6,101,47,1,3.999
659,1,3,16.81,2769812.0,343,0,0,4.0
659,1,4,25.54,23812.3,0,94,37,3.995
659,1,5,18.36,2320706.3,286,1,0,4.0
659,1,6,8.63,1843554.1,234,3,0,4.0
659,1,7,5.33,2390782.0,301,0,0,4.0
659,1,8,8.28,2416722.0,304,0,0,3.998
659,1,9,16.95,322580.7,12,87,17,3.997
659,1,10,5.22,2781723.0,349,0,0,3.998
659,1,11,27.19,2161023.0,269,0,0,4.0
659,1,12,16.04,18680.0,0,101,19,3.996
659,1,13,25.94,2119583.0,265,0,0,4.0
659,1,14,7.56,2327441.0,290,0,0,3.999
659,1,15,10.93,1910764.5,230,2,0,3.998
659,1,16,21.21,2539165.4,317,0,0,3.998
659,1,17,10.16,2368498.0,293,0,0,3.999
659,1,18,13.45,1568937.2,192,17,0,3.999
659,1,19,28.59,896916.8,94,45,5,4.0
659,1,20,28.46,2375585.0,293,0,0,4.0
659,1,21,7.19,1619519.6,207,2,0,3.997
659,1,22,21.02,2405290.0,289,0,0,4.0
659,1,23,22.73,1325659.6,151,21,3,3.999
659,1,24,27.19,61622.0,0,89,26,3.997
659,1,25,13.95,555253.9,49,80,4,3.999
659,1,26,20.95,2529220.0,312,0,0,3.999
659,1,27,28.46,0.0,0,0,0,0.0
659,1,28,27.22,0.0,0,0,0,0.0
659,1,29,21.5,0.0,0,0,0,0.0
659,1,30,21.16,0.0,0,0,0,0.0
659,1,31,18.93,0.0,0,0,0,0.0
659,2,0,6.96,11188.5,0,102,16,4.0
659,2,1,7.77,1976852.0,246,0,0,4.0
659,2,2,20.56,532415.6,44,69,12,3.997
659,2,3,13.62,2348307.0,295,0,0,4.0
659,2,4,16.07,2250418.0,286,0,0,4.0
659,2,5,14.57,4842.7,0,109,15,4.0
659,2,6,13.01,2643645.0,316,0,0,4.0
659,2,7,22.07,1536923.7,193,6,0,4.0
659,2,8,12.5,1455462.2,179,17,0,4.0
659,2,9,25.95,713528.4,71,51,10,4.0
659,2,10,28.65,2038846.0,251,1,0,4.0
659,2,11,13.51,592658.2,51,72,2,3.999
659,2,12,8.75,2705570.0,337,0,0,4.0
659,2,13,16.81,1763033.6,221,3,0,3.999
659,2,14,15.53,2165692.0,270,0,0,4.0
659,2,15,24.33,1740645.1,211,5,0,4.0
659,2,16,27.2,2489173.0,313,0,0,4.0
659,2,17,22.13,2454470.0,310,0,0,4.0
659,2,18,7.17,2441323.0,303,0,0,4.0
659,2,19,25.2,1802143.6,233,1,0,4.0
659,2,20,14.13,60254.1,0,103,11,3.995
659,2,21,13.24,1647788.2,210,1,0,4.0
659,2,22,17.91,2561298.0,315,0,0,4.0
659,2,23,17.9,2345505.1,293,1,0,4.0
659,2,24,22.87,1043382.0,112,40,1,4.0
659,2,25,14.85,38213.4,0,109,10,3.995
659,2,26,13.33,1623226.9,198,10,0,3.999
659,2,27,21.36,2388457.0,295,0,0,4.0
659,2,28,11.89,1143757.9,134,21,0,4.0
659,2,29,27.14,2542907.0,323,0,0,3.999
659,2,30,26.39,0.0,0,0,0,0.0
659,2,31,12.54,0.0,0,0,0,0.0
669,0,0,6.65,263910.1,9,93,5,4.0
669,0,1,22.27,12552.9,0,88,19,3.999
669,0,2,20.19,2589044.0,330,0,0,4.0
669,0,3,15.08,3024425.0,374,0,0,4.0
669,0,4,12.66,67058.1,0,97,13,4.0
669,0,5,12.32,3011982.0,387,0,0,4.0
669,0,6,23.59,74816.4,0,105,9,4.0
669,0,7,29.41,3089685.0,383,0,0,4.0
669,0,8,26.89,813446.0,79,53,11,4.0
669,0,9,11.95,2249524.0,280,1,0,3.999
669,0,10,25.73,51901.1,0,97,18,3.999
669,0,11,9.19,2229000.0,287,0,0,4.0
669,0,12,11.11,2685582.0,326,0,0,4.0
669,0,13,15.51,562709.0,35,86,2,4.0
669,0,14,23.28,3212222.0,400,0,0,4.0
669,0,15,21.85,2246345.0,291,0,0,4.0
669,0,16,21.6,1217.5,0,97,32,4.0
669,0,17,23.82,1820987.0,225,0,0,4.0
669,0,18,27.48,1988882.0,255,0,0,4.0
669,0,19,5.6,30360.0,0,106,3,4.0
669,0,20,13.77,3019836.0,385,0,0,4.0
669,0,21,17.56,2321182.0,284,0,0,4.0
669,0,22,22.78,117027.8,0,92,18,4.0
669,0,23,12.17,94905.6,0,110,3,4.0
669,0,24,22.8,0.0,0,0,0,0.0
669,0,25,12.77,0.0,0,0,0,0.0
669,0,26,10.24,0.0,0,0,0,0.0
669,0,27,18.02,0.0,0,0,0,0.0
669,0,28,17.56,0.0,0,0,0,0.0
669,0,29,14.3,0.0,0,0,0,0.0
669,0,30,23.94,0.0,0,0,0,0.0
669,0,31,26.59,0.0,0,0,0,0.0
669,1,0,15.71,213378.1,8,100,9,3.996
669,1,1,17.29,2417943.0,315,0,0,4.0
669,1,2,19.04,893350.2,94,55,0,3.998
669,1,3,16.81,2872762.0,358,0,0,3.998
669,1,4,25.54,21881.3,0,79,43,3.995
669,1,5,18.36,2408329.0,305,0,0,3.998
669,1,6,8.63,1796931.1,221,2,0,3.999
669,1,7,5.33,2406546.0,304,0,0,3.997
669,1,8,8.28,2385940.0,307,0,0,3.998
669,1,9,16.95,310250.4,16,84,20,3.996
669,1,10,5.22,2774139.0,342,0,0,4.0
669,1,11,27.19,2235238.5,276,0,0,4.0
669,1,12,16.04,20440.8,0,86,28,3.998
669,1,13,25.94,2194139.0,278,0,0,4.0
669,1,14,7.56,2275857.0,290,0,0,3.997
669,1,15,10.93,1841766.0,226,0,0,3.998
669,1,16,21.21,2668428.0,334,0,0,4.0
669,1,17,10.16,2230144.0,280,0,0,4.0
669,1,18,13.45,1504501.2,178,11,0,3.998
669,1,19,28.59,929877.4,99,49,6,3.997
669,1,20,28.46,2408117.0,307,0,0,4.0
669,1,21,7.19,1686952.3,200,8,0,3.999
669,1,22,21.02,2398904.0,296,0,0,3.997
669,1,23,22.73,1207542.9,140,24,2,4.0
669,1,24,27.19,81248.3,1,84,36,3.996
669,1,25,13.95,505784.1,44,80,4,3.999
669,1,26,20.95,2262693.0,278,0,0,4.0
669,1,27,28.46,0.0,0,0,0,0.0
669,1,28,27.22,0.0,0,0,0,0.0
669,1,29,21.5,0.0,0,0,0,0.0
669,1,30,21.16,0.0,0,0,0,0.0
669,1,31,18.93,0.0,0,0,0,0.0
669,2,0,6.96,11563.7,0,96,18,3.999
669,2,1,7.77,2000734.0,258,1,0,3.998
669,2,2,20.56,514402.7,45,80,5,4.0
669,2,3,13.62,2392139.0,300,0,0,4.0
669,2,4,16.07,2386918.0,301,0,0,4.0
669,2,5,14.57,4705.3,0,95,17,3.997
669,2,6,13.01,2984214.0,361,0,0,4.0
669,2,7,22.07,1642327.7,204,7,0,4.0
669,2,8,12.5,1395924.4,171,14,1,3.999
669,2,9,25.95,670017.5,59,65,11,3.999
669,2,10,28.65,1877679.0,238,0,0,4.0
669,2,11,13.51,569352.7,51,71,4,3.999
669,2,12,8.75,3002451.0,379,0,0,4.0
669,2,13,16.81,1689939.4,216,1,0,4.0
669,2,14,15.53,2040465.3,257,1,0,4.0
669,2,15,24.33,1694088.1,207,3,0,4.0
669,2,16,27.2,2450041.0,304,0,0,4.0
669,2,17,22.13,2409777.0,306,0,0,4.0
669,2,18,7.17,2433951.6,305,0,0,4.0
669,2,19,25.2,1898331.6,237,2,0,3.999
669,2,20,14.13,61072.2,0,97,12,3.998
669,2,21,13.24,1689334.0,215,0,0,4.0
669,2,22,17.91,2446282.0,312,0,0,4.0
669,2,23,17.9,2423661.0,305,0,0,3.999
669,2,24,22.87,1073790.7,120,42,1,3.999
669,2,25,14.85,39100.1,0,98,21,3.999
669,2,26,13.33,1529050.3,182,15,0,4.0
669,2,27,21.36,2487845.0,309,0,0,4.0
669,2,28,11.89,1196626.7,143,23,3,4.0
669,2,29,27.14,2366796.0,292,0,0,4.0
669,2,30,26.39,0.0,0,0,0,0.0
669,2,31,12.54,0.0,0,0,0,0.0
679,0,0,6.65,250353.9,6,101,2,4.0
679,0,1,22.27,10659.9,0,92,19,4.0
679,0,2,20.19,2622557.0,335,0,0,4.0
679,0,3,15.08,3037371.0,381,0,0,4.0
679,0,4,12.66,75710.3,0,98,16,3.999
679,0,5,12.32,2878194.0,354,0,0,4.0
679,0,6,23.59,77945.7,0,103,12,3.996
679,0,7,29.41,3090018.0,382,0,0,4.0
679,0,8,26.89,739667.0,73,53,18,4.0
679,0,9,11.95,2357646.0,299,0,0,4.0
679,0,10,25.73,46208.0,0,98,15,4.0
679,0,11,9.19,2387666.0,309,0,0,4.0
679,0,12,11.11,2490865.0,314,0,0,4.0
679,0,13,15.51,553001.9,38,82,6,3.999
679,0,14,23.28,3175410.0,386,0,0,4.0
679,0,15,21.85,2225656.0,276,0,0,3.998
679,0,16,21.6,1395.5,0,85,31,3.996
679,0,17,23.82,1881713.0,235,0,0,4.0
679,0,18,27.48,2105032.4,262,1,0,4.0
679,0,19,5.6,33928.0,0,99,5,4.0
679,0,20,13.77,2998052.0,373,0,0,4.0
679,0,21,17.56,2253706.0,282,0,0,3.999
679,0,22,22.78,111487.8,1,103,13,3.999
679,0,23,12.17,91578.4,0,108,4,4.0
679,0,24,22.8,0.0,0,0,0,0.0
679,0,25,12.77,0.0,0,0,0,0.0
679,0,26,10.24,0.0,0,0,0,0.0
679,0,27,18.02,0.0,0,0,0,0.0
679,0,28,17.56,0.0,0,0,0,0.0
679,0,29,14.3,0.0,0,0,0,0.0
679,0,30,23.94,0.0,0,0,0,0.0
679,0,31,26.59,0.0,0,0,0,0.0
679,1,0,15.71,211587.4,9,92,10,3.997
679,1,1,17.29,2504989.0,319,0,0,4.0
679,1,2,19.04,955099.0,110,37,1,3.997
679,1,3,16.81,2701016.0,332,0,0,4.0
679,1,4,25.54,31853.2,0,71,39,3.994
679,1,5,18.36,2428229.0,310,0,0,3.997
679,1,6,8.63,1791130.8,217,3,0,3.996
679,1,7,5.33,2477153.0,309,0,0,4.0
679,1,8,8.28,2444156.0,304,0,0,3.998
679,1,9,16.95,336450.6,17,79,16,3.994
679,1,10,5.22,2800086.0,348,0,0,3.998
679,1,11,27.19,2267696.0,286,0,0,3.995
679,1,12,16.04,22009.9,0,96,29,3.991
679,1,13,25.94,2158501.0,272,0,0,3.997
679,1,14,7.56,2154267.0,272,0,0,3.997
679,1,15,10.93,1857335.8,237,1,0,3.999
679,1,16,21.21,2470308.0,316,0,0,4.0
679,1,17,10.16,2211504.0,269,0,0,4.0
679,1,18,13.45,1572731.5,192,16,1,3.995
679,1,19,28.59,915228.7,90,53,4,4.0
679,1,20,28.46,2322636.0,289,0,0,3.997
679,1,21,7.19,1641732.7,198,6,0,3.999
679,1,22,21.02,2341737.0,288,0,0,4.0
679,1,23,22.73,1251557.1,146,21,2,3.998
679,1,24,27.19,65967.7,0,86,30,3.991
679,1,25,13.95,576919.8,47,66,4,3.995
679,1,26,20.95,2452648.9,307,0,0,3.999
679,1,27,28.46,0.0,0,0,0,0.0
679,1,28,27.22,0.0,0,0,0,0.0
679,1,29,21.5,0.0,0,0,0,0.0
679,1,30,21.16,0.0,0,0,0,0.0
679,1,31,18.93,0.0,0,0,0,0.0
679,2,0,6.96,9374.5,0,102,14,3.996
679,2,1,7.77,1934758.0,239,0,0,3.999
679,2,2,20.56,548867.6,46,77,7,3.999
679,2,3,13.62,2305205.0,290,0,0,3.999
679,2,4,16.07,2505979.0,308,0,0,4.0
679,2,5,14.57,3319.5,0,87,23,3.998
679,2,6,13.01,2663869.0,333,0,0,4.0
679,2,7,22.07,1611644.4,195,9,0,3.998
679,2,8,12.5,1450198.2,175,16,0,3.998
679,2,9,25.95,642776.7,60,56,12,3.999
679,2,10,28.65,2072549.0,261,1,0,3.999
679,2,11,13.51,533939.3,47,75,3,3.999
679,2,12,8.75,2829610.0,357,0,0,4.0
679,2,13,16.81,1738156.3,215,4,0,4.0
679,2,14,15.53,2142314.0,269,0,0,3.998
679,2,15,24.33,1708509.6,214,1,0,4.0
679,2,16,27.2,2311663.0,289,0,0,4.0
679,2,17,22.13,2644458.0,323,0,0,4.0
679,2,18,7.17,2593252.0,326,0,0,4.0
679,2,19,25.2,1875712.5,233,1,0,4.0
679,2,20,14.13,62127.3,1,102,13,3.997
679,2,21,13.24,1702551.5,210,3,0,3.998
679,2,22,17.91,2386693.0,307,0,0,4.0
679,2,23,17.9,2354737.0,299,0,0,4.0
679,2,24,22.87,1032362.7,110,44,1,3.997
679,2,25,14.85,34769.1,0,103,10,3.987
679,2,26,13.33,1545880.4,192,6,0,3.999
679,2,27,21.36,2567573.8,327,0,0,3.998
679,2,28,11.89,1184344.1,133,37,0,3.999
679,2,29,27.14,2429494.0,301,0,0,4.0
679,2,30,26.39,0.0,0,0,0,0.0
679,2,31,12.54,0.0,0,0,0,0.0
689,0,0,6.65,276414.2,15,93,2,4.0
689,0,1,22.27,11884.2,0,95,19,3.999
689,0,2,20.19,2324614.0,295,0,0,4.0
689,0,3,15.08,3043574.0,373,0,0,4.0
689,0,4,12.66,75684.8,0,101,14,3.999
689,0,5,12.32,3071312.0,392,0,0,4.0
689,0,6,23.59,76426.1,0,102,4,4.0
689,0,7,29.41,3099256.0,382,0,0,4.0
689,0,8,26.89,757644.7,64,56,15,4.0
689,0,9,11.95,2273855.0,282,0,0,4.0
689,0,10,25.73,53968.8,0,99,13,4.0
689,0,11,9.19,2326062.0,296,0,0,4.0
689,0,12,11.11,2541967.0,318,0,0,4.0
689,0,13,15.51,528974.3,32,88,3,4.0
689,0,14,23.28,3116533.0,388,0,0,4.0
689,0,15,21.85,2362538.0,292,0,0,4.0
689,0,16,21.6,1395.7,0,94,31,3.999
689,0,17,23.82,1732765.7,229,2,0,4.0
689,0,18,27.48,2115061.8,256,1,0,4.0
689,0,19,5.6,35108.9,0,114,3,3.999
689,0,20,13.77,2822757.0,352,0,0,4.0
689,0,21,17.56,2245972.0,283,0,0,4.0
689,0,22,22.78,100298.8,0,102,14,4.0
689,0,23,12.17,89773.0,0,108,4,4.0
689,0,24,22.8,0.0,0,0,0,0.0
689,0,25,12.77,0.0,0,0,0,0.0
689,0,26,10.24,0.0,0,0,0,0.0
689,0,27,18.02,0.0,0,0,0,0.0
689,0,28,17.56,0.0,0,0,0,0.0
689,0,29,14.3,0.0,0,0,0,0.0
689,0,30,23.94,0.0,0,0,0,0.0
689,0,31,26.59,0.0,0,0,0,0.0
689,1,0,15.71,214957.4,8,99,10,3.997
689,1,1,17.29,2436458.0,303,0,0,4.0
689,1,2,19.04,904546.3,103,43,0,4.0
689,1,3,16.81,2607978.0,326,0,0,4.0
689,1,4,25.54,30660.7,1,84,36,3.996
689,1,5,18.36,2428348.0,308,0,0,4.0
689,1,6,8.63,1741942.8,215,5,0,4.0
689,1,7,5.33,2389838.0,307,0,0,4.0
689,1,8,8.28,2604519.0,327,0,0,4.0
689,1,9,16.95,294620.4,15,89,17,3.998
689,1,10,5.22,2590183.0,328,0,0,4.0
689,1,11,27.19,2230162.0,283,0,0,4.0
689,1,12,16.04,19357.6,0,94,29,3.997
689,1,13,25.94,2207439.0,280,0,0,4.0
689,1,14,7.56,2315061.0,288,0,0,4.0
689,1,15,10.93,1823950.0,230,1,0,4.0
689,1,16,21.21,2676538.0,330,0,0,4.0
689,1,17,10.16,2350352.0,298,0,0,4.0
689,1,18,13.45,1556770.2,188,8,0,4.0
689,1,19,28.59,957832.3,105,45,7,4.0
689,1,20,28.46,2442753.0,294,0,0,4.0
689,1,21,7.19,1772635.3,222,6,0,3.999
689,1,22,21.02,2321190.0,291,0,0,4.0
689,1,23,22.73,1285818.5,142,34,3,4.0
689,1,24,27.19,71828.3,0,90,28,3.999
689,1,25,13.95,563488.8,52,74,2,4.0
689,1,26,20.95,2440111.3,305,0,0,4.0
689,1,27,28.46,0.0,0,0,0,0.0
689,1,28,27.22,0.0,0,0,0,0.0
689,1,29,21.5,0.0,0,0,0,0.0
689,1,30,21.16,0.0,0,0,0,0.0
689,1,31,18.93,0.0,0,0,0,0.0
689,2,0,6.96,8194.2,0,97,15,3.999
689,2,1,7.77,2082628.0,265,0,0,3.999
689,2,2,20.56,613342.8,55,67,5,4.0
689,2,3,13.62,2449338.0,304,0,0,4.0
689,2,4,16.07,2364532.0,300,0,0,4.0
689,2,5,14.57,4753.1,0,104,11,4.0
689,2,6,13.01,2778754.0,343,0,0,4.0
689,2,7,22.07,1530717.9,192,3,0,4.0
689,2,8,12.5,1483296.2,172,17,0,4.0
689,2,9,25.95,647909.1,56,67,8,3.999
689,2,10,28.65,1963509.0,248,0,0,3.998
689,2,11,13.51,523847.3,47,77,1,3.999
689,2,12,8.75,2883108.0,365,0,0,4.0
689,2,13,16.81,1733521.2,212,2,0,4.0
689,2,14,15.53,2045041.0,255,0,0,3.999
689,2,15,24.33,1706407.9,205,8,0,4.0
689,2,16,27.2,2522014.0,311,0,0,4.0
689,2,17,22.13,2472799.0,316,0,0,4.0
689,2,18,7.17,2571596.0,325,0,0,4.0
689,2,19,25.2,1975169.0,244,0,0,4.0
689,2,20,14.13,54829.3,0,106,15,4.0
689,2,21,13.24,1695408.8,213,3,0,4.0
689,2,22,17.91,2456438.0,309,0,0,4.0
689,2,23,17.9,2410512.9,300,0,0,4.0
689,2,24,22.87,962879.9,107,37,0,4.0
689,2,25,14.85,41337.7,0,104,15,3.999
689,2,26,13.33,1494310.6,183,9,0,4.0
689,2,27,21.36,2473040.0,308,0,0,4.0
689,2,28,11.89,1225917.9,148,28,1,4.0
689,2,29,27.14,2553982.0,315,0,0,4.0
689,2,30,26.39,0.0,0,0,0,0.0
689,2,31,12.54,0.0,0,0,0,0.0
699,0,0,6.65,256459.5,9,101,3,4.0
699,0,1,22.27,10894.4,0,95,17,4.0
699,0,2,20.19,2444089.0,302,0,0,4.0
699,0,3,15.08,3069607.0,397,0,0,4.0
699,0,4,12.66,87959.5,0,103,16,4.0
699,0,5,12.32,3049933.0,375,0,0,4.0
699,0,6,23.59,72434.7,0,109,11,4.0
699,0,7,29.41,2940474.0,368,0,0,4.0
699,0,8,26.89,752848.8,68,58,13,4.0
699,0,9,11.95,2196653.0,277,0,0,4.0
699,0,10,25.73,46596.0,0,108,19,4.0
699,0,11,9.19,2347682.2,284,0,0,4.0
699,0,12,11.11,2500034.0,318,0,0,4.0
699,0,13,15.51,529319.0,37,78,2,4.0
699,0,14,23.28,2958325.0,375,0,0,4.0
699,0,15,21.85,2185303.0,269,0,0,4.0
699,0,16,21.6,1144.7,0,84,34,4.0
699,0,17,23.82,1796248.1,227,2,0,4.0
699,0,18,27.48,2134375.0,265,0,0,4.0
699,0,19,5.6,31757.3,0,112,1,4.0
699,0,20,13.77,2960702.0,377,0,0,4.0
699,0,21,17.56,2173729.1,278,0,0,4.0
699,0,22,22.78,113563.4,0,102,13,4.0
699,0,23,12.17,82956.1,0,110,3,4.0
699,0,24,22.8,0.0,0,0,0,0.0
699,0,25,12.77,0.0,0,0,0,0.0
699,0,26,10.24,0.0,0,0,0,0.0
699,0,27,18.02,0.0,0,0,0,0.0
699,0,28,17.56,0.0,0,0,0,0.0
699,0,29,14.3,0.0,0,0,0,0.0
699,0,30,23.94,0.0,0,0,0,0.0
699,0,31,26.59,0.0,0,0,0,0.0
699,1,0,15.71,236524.9,8,100,8,3.999
699,1,1,17.29,2405259.0,306,0,0,4.0
699,1,2,19.04,908215.3,99,39,0,4.0
699,1,3,16.81,2792616.0,348,0,0,3.998
699,1,4,25.54,19786.2,0,83,39,3.999
699,1,5,18.36,2521333.0,312,0,0,4.0
699,1,6,8.63,1713665.3,214,5,0,4.0
699,1,7,5.33,2416140.0,310,0,0,4.0
699,1,8,8.28,2485947.0,305,0,0,4.0
699,1,9,16.95,323901.2,14,84,19,3.999
699,1,10,5.22,2694417.0,336,0,0,4.0
699,1,11,27.19,2288203.0,281,0,0,4.0
699,1,12,16.04,22363.4,0,93,30,3.996
699,1,13,25.94,2231994.0,275,1,0,4.0
699,1,14,7.56,2404314.6,300,0,0,4.0
699,1,15,10.93,1748970.8,219,4,0,3.999
699,1,16,21.21,2560313.0,310,0,0,4.0
699,1,17,10.16,2304906.0,289,0,0,4.0
699,1,18,13.45,1533015.9,188,11,0,3.999
699,1,19,28.59,919710.7,91,51,10,4.0
699,1,20,28.46,2403611.0,304,0,0,3.999
699,1,21,7.19,1584268.1,197,6,0,4.0
699,1,22,21.02,2355603.0,295,0,0,4.0
699,1,23,22.73,1300347.0,149,20,1,4.0
699,1,24,27.19,60546.1,0,82,32,4.0
699,1,25,13.95,559256.7,47,71,4,3.999
699,1,26,20.95,2366370.0,299,0,0,4.0
699,1,27,28.46,0.0,0,0,0,0.0
699,1,28,27.22,0.0,0,0,0,0.0
699,1,29,21.5,0.0,0,0,0,0.0
699,1,30,21.16,0.0,0,0,0,0.0
699,1,31,18.93,0.0,0,0,0,0.0
699,2,0,6.96,10913.1,0,103,12,4.0
699,2,1,7.77,2160158.4,269,1,0,4.0
699,2,2,20.56,510175.1,45,75,6,4.0
699,2,3,13.62,2297662.0,281,0,0,4.0
699,2,4,16.07,2401752.0,301,0,0,4.0
699,2,5,14.57,6027.9,0,93,17,4.0
699,2,6,13.01,2749179.0,337,0,0,4.0
699,2,7,22.07,1542602.1,195,8,0,4.0
699,2,8,12.5,1384648.8,171,12,1,4.0
699,2,9,25.95,653051.7,61,63,8,4.0
699,2,10,28.65,2001418.0,244,0,0,4.0
699,2,11,13.51,523145.1,42,80,3,4.0
699,2,12,8.75,2763590.0,347,0,0,4.0
699,2,13,16.81,1690792.0,214,0,0,4.0
699,2,14,15.53,2192215.0,272,0,0,4.0
699,2,15,24.33,1705614.0,207,8,0,4.0
699,2,16,27.2,2413707.0,305,0,0,4.0
699,2,17,22.13,2659762.0,329,0,0,4.0
699,2,18,7.17,2636788.0,318,0,0,4.0
699,2,19,25.2,1882715.0,240,0,0,4.0
699,2,20,14.13,68276.8,0,102,11,4.0
699,2,21,13.24,1746437.4,214,4,0,4.0
699,2,22,17.91,2402981.0,298,0,0,4.0
699,2,23,17.9,2530194.0,309,0,0,4.0
699,2,24,22.87,1051478.9,117,37,0,4.0
699,2,25,14.85,44847.1,0,103,12,4.0
699,2,26,13.33,1583634.0,193,6,0,4.0
699,2,27,21.36,2584326.0,323,0,0,4.0
699,2,28,11.89,1253522.9,151,22,1,4.0
699,2,29,27.14,2322925.0,297,0,0,4.0
699,2,30,26.39,0.0,0,0,0,0.0
699,2,31,12.54,0.0,0,0,0,0.0
709,0,0,6.65,309275.6,13,95,2,4.0
709,0,1,22.27,10862.9,0,102,11,4.0
709,0,2,20.19,2613147.0,330,0,0,4.0
709,0,3,15.08,3069842.0,377,0,0,4.0
709,0,4,12.66,67205.7,0,104,15,4.0
709,0,5,12.32,2873217.0,361,0,0,4.0
709,0,6,23.59,75992.0,0,98,11,4.0
709,0,7,29.41,2973369.0,375,0,0,4.0
709,0,8,26.89,780469.2,62,56,14,4.0
709,0,9,11.95,2449544.0,310,0,0,4.0
709,0,10,25.73,49780.9,0,89,23,4.0
709,0,11,9.19,2333581.0,293,0,0,4.0
709,0,12,11.11,2603516.0,329,0,0,4.0
709,0,13,15.51,462457.1,35,79,4,4.0
709,0,14,23.28,2911790.0,359,0,0,3.997
709,0,15,21.85,2268324.9,280,0,0,4.0
709,0,16,21.6,1195.5,0,92,37,3.999
709,0,17,23.82,1828383.0,232,0,0,4.0
709,0,18,27.48,1995763.4,244,1,0,4.0
709,0,19,5.6,29806.7,0,109,2,4.0
709,0,20,13.77,3012177.0,376,0,0,4.0
709,0,21,17.56,2411401.0,300,0,0,4.0
709,0,22,22.78,107205.3,0,109,18,4.0
709,0,23,12.17,97775.4,0,106,6,4.0
709,0,24,22.8,0.0,0,0,0,0.0
709,0,25,12.77,0.0,0,0,0,0.0
709,0,26,10.24,0.0,0,0,0,0.0
709,0,27,18.02,0.0,0,0,0,0.0
709,0,28,17.56,0.0,0,0,0,0.0
709,0,29,14.3,0.0,0,0,0,0.0
709,0,30,23.94,0.0,0,0,0,0.0
709,0,31,26.59,0.0,0,0,0,0.0
709,1,0,15.71,195498.8,8,107,5,3.997
709,1,1,17.29,2451275.0,305,0,0,4.0
709,1,2,19.04,900601.7,100,39,1,4.0
709,1,3,16.81,2864486.0,359,0,0,4.0
709,1,4,25.54,25175.8,0,81,34,3.999
709,1,5,18.36,2427585.0,299,0,0,4.0
709,1,6,8.63,1807698.0,224,5,0,3.999
709,1,7,5.33,2447095.0,298,0,0,3.999
709,1,8,8.28,2487055.2,311,0,0,4.0
709,1,9,16.95,323693.6,16,86,20,3.997
709,1,10,5.22,2777142.0,346,0,0,4.0
709,1,11,27.19,2133420.0,271,0,0,4.0
709,1,12,16.04,19051.0,0,89,26,3.993
709,1,13,25.94,2196850.2,274,1,0,4.0
709,1,14,7.56,2270814.0,285,0,0,3.999
709,1,15,10.93,1839283.3,235,1,0,4.0
709,1,16,21.21,2524764.0,307,0,0,4.0
709,1,17,10.16,2275772.0,282,0,0,4.0
709,1,18,13.45,1594796.1,199,8,0,3.999
709,1,19,28.59,923108.9,88,55,9,4.0
709,1,20,28.46,2222382.0,275,0,0,4.0
709,1,21,7.19,1676356.1,214,3,0,4.0
709,1,22,21.02,2306839.0,286,0,0,4.0
709,1,23,22.73,1285693.2,147,24,3,3.999
709,1,24,27.19,67118.1,0,98,32,3.997
709,1,25,13.95,552940.3,43,81,3,3.999
709,1,26,20.95,2288577.0,289,0,0,4.0
709,1,27,28.46,0.0,0,0,0,0.0
709,1,28,27.22,0.0,0,0,0,0.0
709,1,29,21.5,0.0,0,0,0,0.0
709,1,30,21.16,0.0,0,0,0,0.0
709,1,31,18.93,0.0,0,0,0,0.0
709,2,0,6.96,14662.4,0,99,14,3.999
709,2,1,7.77,1996074.1,246,2,0,4.0
709,2,2,20.56,516063.2,41,79,5,3.998
709,2,3,13.62,2300676.0,290,0,0,3.999
709,2,4,16.07,2427647.0,300,0,0,4.0
709,2,5,14.57,4899.6,0,92,17,4.0
709,2,6,13.01,2842790.0,351,0,0,4.0
709,2,7,22.07,1665963.4,210,3,0,4.0
709,2,8,12.5,1511980.1,187,13,0,4.0
709,2,9,25.95,600717.5,50,70,11,4.0
709,2,10,28.65,1963093.0,243,0,0,4.0
709,2,11,13.51,550990.5,51,66,5,3.999
709,2,12,8.75,2823018.0,355,0,0,4.0
709,2,13,16.81,1772310.5,220,4,0,4.0
709,2,14,15.53,2079722.0,262,0,0,4.0
709,2,15,24.33,1677424.6,209,6,0,4.0
709,2,16,27.2,2401051.0,293,0,0,4.0
709,2,17,22.13,2524428.0,318,0,0,4.0
709,2,18,7.17,2438297.7,307,0,0,4.0
709,2,19,25.2,1998829.8,244,1,0,3.999
709,2,20,14.13,52388.2,0,96,16,4.0
709,2,21,13.24,1774014.6,212,2,0,4.0
709,2,22,17.91,2461348.0,308,0,0,4.0
709,2,23,17.9,2466528.0,310,0,0,4.0
709,2,24,22.87,926698.8,102,42,0,4.0
709,2,25,14.85,40704.7,0,94,21,3.998
709,2,26,13.33,1555842.4,190,9,0,4.0
709,2,27,21.36,2562398.2,318,1,0,3.998
709,2,28,11.89,1167546.8,132,32,1,4.0
709,2,29,27.14,2498548.0,310,0,0,4.0
709,2,30,26.39,0.0,0,0,0,0.0
709,2,31,12.54,0.0,0,0,0,0.0
719,0,0,6.65,273331.7,9,106,6,4.0
719,0,1,22.27,9770.9,0,107,12,3.999
719,0,2,20.19,2443396.0,307,0,0,4.0
719,0,3,15.08,3027706.0,380,0,0,4.0
719,0,4,12.66,77231.0,0,105,18,3.999
719,0,5,12.32,3128568.0,385,0,0,4.0
719,0,6,23.59,73306.5,0,103,7,3.999
719,0,7,29.41,2848328.0,365,0,0,4.0
719,0,8,26.89,730338.4,72,54,14,4.0
719,0,9,11.95,2290560.0,293,0,0,4.0
719,0,10,25.73,51011.9,0,94,20,4.0
719,0,11,9.19,2256866.0,285,0,0,4.0
719,0,12,11.11,2454826.0,307,0,0,4.0
719,0,13,15.51,493580.2,37,81,9,4.0
719,0,14,23.28,2986989.0,374,0,0,4.0
719,0,15,21.85,2210094.2,276,0,0,4.0
719,0,16,21.6,1202.2,0,91,32,4.0
719,0,17,23.82,1842371.0,227,0,0,4.0
719,0,18,27.48,2158370.6,270,1,0,4.0
719,0,19,5.6,32221.1,0,112,4,3.999
719,0,20,13.77,2736486.0,342,0,0,4.0
719,0,21,17.56,2197566.8,286,0,0,4.0
719,0,22,22.78,118640.8,0,104,11,3.999
719,0,23,12.17,100151.0,0,103,6,4.0
719,0,24,22.8,0.0,0,0,0,0.0
719,0,25,12.77,0.0,0,0,0,0.0
719,0,26,10.24,0.0,0,0,0,0.0
719,0,27,18.02,0.0,0,0,0,0.0
719,0,28,17.56,0.0,0,0,0,0.0
719,0,29,14.3,0.0,0,0,0,0.0
719,0,30,23.94,0.0,0,0,0,0.0
719,0,31,26.59,0.0,0,0,0,0.0
719,1,0,15.71,200375.9,5,100,12,3.998
719,1,1,17.29,2353615.0,293,0,0,3.998
719,1,2,19.04,919752.4,108,41,1,4.0
719,1,3,16.81,2986325.0,371,0,0,4.0
719,1,4,25.54,28633.2,0,80,40,3.998
719,1,5,18.36,2526939.6,316,0,0,3.997
719,1,6,8.63,1677817.3,206,4,0,3.999
719,1,7,5.33,2380823.0,297,0,0,4.0
719,1,8,8.28,2377876.0,294,0,0,3.998
719,1,9,16.95,322714.0,21,84,13,3.999
719,1,10,5.22,2530002.0,314,0,0,4.0
719,1,11,27.19,2460345.0,302,0,0,4.0
719,1,12,16.04,21795.0,0,92,30,3.999
719,1,13,25.94,2169108.0,276,0,0,4.0
719,1,14,7.56,2302922.0,287,0,0,4.0
719,1,15,10.93,1871154.3,237,2,0,4.0
719,1,16,21.21,2455938.0,302,0,0,4.0
719,1,17,10.16,2304015.0,288,0,0,4.0
719,1,18,13.45,1552928.3,185,11,1,3.999
719,1,19,28.59,903020.5,98,43,5,4.0
719,1,20,28.46,2410156.0,303,0,0,4.0
719,1,21,7.19,1544286.6,193,5,0,3.999
719,1,22,21.02,2374149.0,296,0,0,4.0
719,1,23,22.73,1244471.6,149,27,2,3.999
719,1,24,27.19,72199.8,1,86,28,3.999
719,1,25,13.95,538047.6,43,77,11,3.999
719,1,26,20.95,2427954.9,300,0,0,3.999
719,1,27,28.46,0.0,0,0,0,0.0
719,1,28,27.22,0.0,0,0,0,0.0
719,1,29,21.5,0.0,0,0,0,0.0
719,1,30,21.16,0.0,0,0,0,0.0
719,1,31,18.93,0.0,0,0,0,0.0
719,2,0,6.96,12490.6,0,104,13,4.0
719,2,1,7.77,1936951.0,238,0,0,3.999
719,2,2,20.56,523812.8,49,73,8,3.999
719,2,3,13.62,2377995.0,297,0,0,4.0
719,2,4,16.07,2624849.0,322,0,0,4.0
719,2,5,14.57,5409.8,0,100,17,4.0
719,2,6,13.01,2903618.0,361,0,0,4.0
719,2,7,22.07,1647302.6,206,6,0,4.0
719,2,8,12.5,1507927.3,183,7,0,3.998
719,2,9,25.95,641533.7,59,66,10,3.999
719,2,10,28.65,2024777.9,250,3,0,3.999
719,2,11,13.51,612258.6,62,71,1,3.999
719,2,12,8.75,2966090.0,374,0,0,4.0
719,2,13,16.81,1695566.0,217,0,0,4.0
719,2,14,15.53,2052286.0,259,0,0,3.999
719,2,15,24.33,1652911.5,199,7,0,4.0
719,2,16,27.2,2327117.0,291,0,0,3.998
719,2,17,22.13,2486481.0,317,0,0,4.0
719,2,18,7.17,2658461.0,338,0,0,4.0
719,2,19,25.2,1879726.5,240,2,0,3.999
719,2,20,14.13,60716.9,0,111,12,4.0
719,2,21,13.24,1764173.8,220,1,0,4.0
719,2,22,17.91,2617633.0,320,0,0,4.0
719,2,23,17.9,2302434.0,294,0,0,4.0
719,2,24,22.87,914633.3,97,43,1,4.0
719,2,25,14.85,46637.1,0,107,14,3.991
719,2,26,13.33,1548706.8,196,4,0,4.0
719,2,27,21.36,2365397.0,294,0,0,4.0
719,2,28,11.89,1125713.1,128,33,2,4.0
719,2,29,27.14,2447879.0,303,0,0,3.997
719,2,30,26.39,0.0,0,0,0,0.0
719,2,31,12.54,0.0,0,0,0,0.0
729,0,0,6.65,266249.2,10,104,1,4.0
729,0,1,22.27,11849.2,0,93,23,3.999
729,0,2,20.19,2424237.0,316,0,0,4.0
729,0,3,15.08,3037285.0,384,0,0,4.0
729,0,4,12.66,75025.9,0,97,18,3.999
729,0,5,12.32,2994915.0,381,0,0,4.0
729,0,6,23.59,71489.8,0,103,14,3.999
729,0,7,29.41,2952739.0,377,0,0,4.0
729,0,8,26.89,789469.9,75,54,12,4.0
729,0,9,11.95,2329144.0,288,0,0,4.0
729,0,10,25.73,47426.4,0,97,16,3.999
729,0,11,9.19,2456047.0,311,0,0,4.0
729,0,12,11.11,2594292.0,326,0,0,4.0
729,0,13,15.51,462787.8,27,86,6,4.0
729,0,14,23.28,3079686.0,380,0,0,4.0
729,0,15,21.85,2043465.0,254,0,0,4.0
729,0,16,21.6,1170.8,0,84,40,4.0
729,0,17,23.82,1982623.1,238,2,0,4.0
729,0,18,27.48,2017771.1,250,2,0,4.0
729,0,19,5.6,30748.9,0,111,7,3.999
729,0,20,13.77,2729988.0,341,0,0,4.0
729,0,21,17.56,2376434.0,294,0,0,4.0
729,0,22,22.78,109108.2,1,92,18,4.0
729,0,23,12.17,83948.9,0,105,4,4.0
729,0,24,22.8,0.0,0,0,0,0.0
729,0,25,12.77,0.0,0,0,0,0.0
729,0,26,10.24,0.0,0,0,0,0.0
729,0,27,18.02,0.0,0,0,0,0.0
729,0,28,17.56,0.0,0,0,0,0.0
729,0,29,14.3,0.0,0,0,0,0.0
729,0,30,23.94,0.0,0,0,0,0.0
729,0,31,26.59,0.0,0,0,0,0.0
729,1,0,15.71,218797.8,4,96,14,4.0
729,1,1,17.29,2560535.0,311,0,0,4.0
729,1,2,19.04,948094.1,108,33,1,4.0
729,1,3,16.81,2730595.0,340,0,0,4.0
729,1,4,25.54,20617.8,0,82,46,3.997
729,1,5,18.36,2513723.0,307,0,0,4.0
729,1,6,8.63,1699823.0,208,3,0,4.0
729,1,7,5.33,2468054.0,315,0,0,4.0
729,1,8,8.28,2443334.0,303,0,0,4.0
729,1,9,16.95,300627.4,17,90,21,4.0
729,1,10,5.22,2820102.0,348,0,0,4.0
729,1,11,27.19,2319353.0,285,0,0,4.0
729,1,12,16.04,23443.0,0,94,26,3.997
729,1,13,25.94,2068142.5,263,0,0,4.0
729,1,14,7.56,2431422.0,299,0,0,3.999
729,1,15,10.93,1764088.1,220,2,0,4.0
729,1,16,21.21,2473300.0,314,0,0,3.998
729,1,17,10.16,2433755.0,306,0,0,4.0
729,1,18,13.45,1489235.6,177,18,0,4.0
729,1,19,28.59,922261.7,96,45,6,4.0
729,1,20,28.46,2283784.0,286,0,0,3.999
729,1,21,7.19,1718915.7,210,4,0,3.999
729,1,22,21.02,2300595.0,288,0,0,4.0
729,1,23,22.73,1237184.0,149,16,3,4.0
729,1,24,27.19,59100.3,0,89,35,3.996
729,1,25,13.95,536900.1,43,69,5,3.999
729,1,26,20.95,2320728.0,284,0,0,4.0
729,1,27,28.46,0.0,0,0,0,0.0
729,1,28,27.22,0.0,0,0,0,0.0
729,1,29,21.5,0.0,0,0,0,0.0
729,1,30,21.16,0.0,0,0,0,0.0
729,1,31,18.93,0.0,0,0,0,0.0
729,2,0,6.96,13616.1,0,99,11,3.998
729,2,1,7.77,2096397.4,266,0,0,4.0
729,2,2,20.56,451428.3,36,77,9,4.0
729,2,3,13.62,2432032.0,298,0,0,4.0
729,2,4,16.07,2240811.0,288,0,0,4.0
729,2,5,14.57,4065.0,0,99,18,3.997
729,2,6,13.01,2754407.0,336,0,0,3.998
729,2,7,22.07,1589887.5,200,4,0,4.0
729,2,8,12.5,1483187.4,180,19,0,4.0
729,2,9,25.95,687698.1,64,60,11,4.0
729,2,10,28.65,1937672.6,245,1,0,3.999
729,2,11,13.51,493875.0,49,67,5,3.999
729,2,12,8.75,2888742.0,361,0,0,4.0
729,2,13,16.81,1801865.8,225,2,0,4.0
729,2,14,15.53,2096996.0,251,0,0,4.0
729,2,15,24.33,1559320.1,197,10,0,4.0
729,2,16,27.2,2614956.0,326,0,0,3.999
729,2,17,22.13,2737708.0,342,0,0,4.0
729,2,18,7.17,2652026.0,330,0,0,4.0
729,2,19,25.2,1983613.1,250,0,0,4.0
729,2,20,14.13,65429.8,1,100,12,3.999
729,2,21,13.24,1757550.9,207,6,0,4.0
729,2,22,17.91,2480601.0,302,0,0,4.0
729,2,23,17.9,2373918.0,302,0,0,4.0
729,2,24,22.87,978303.8,104,38,0,3.998
729,2,25,14.85,43593.3,0,101,19,4.0
729,2,26,13.33,1590747.3,190,12,1,4.0
729,2,27,21.36,2520089.0,318,0,0,4.0
729,2,28,11.89,1192406.9,135,24,0,4.0
729,2,29,27.14,2377128.0,299,0,0,4.0
729,2,30,26.39,0.0,0,0,0,0.0
729,2,31,12.54,0.0,0,0,0,0.0
739,0,0,6.65,264898.3,13,100,6,4.0
739,0,1,22.27,12309.4,0,93,17,4.0
739,0,2,20.19,2529814.2,309,0,0,4.0
739,0,3,15.08,3084493.0,384,0,0,4.0
739,0,4,12.66,81079.1,1,93,18,3.999
739,0,5,12.32,3270981.0,402,0,0,4.0
739,0,6,23.59,71196.0,0,105,9,3.999
739,0,7,29.41,2951837.0,381,0,0,4.0
739,0,8,26.89,834056.1,80,48,18,4.0
739,0,9,11.95,2202635.0,275,0,0,4.0
739,0,10,25.73,51383.8,0,112,17,3.999
739,0,11,9.19,2420061.0,303,0,0,4.0
739,0,12,11.11,2433494.0,305,0,0,4.0
739,0,13,15.51,554857.6,35,85,4,4.0
739,0,14,23.28,3134728.0,391,0,0,4.0
739,0,15,21.85,2157622.0,276,0,0,4.0
739,0,16,21.6,1373.9,0,87,32,4.0
739,0,17,23.82,1755766.0,229,0,0,4.0
739,0,18,27.48,2111747.0,256,0,0,4.0
739,0,19,5.6,29175.5,0,107,4,3.999
739,0,20,13.77,2965278.0,366,0,0,4.0
739,0,21,17.56,2457288.0,307,0,0,4.0
739,0,22,22.78,109579.9,1,99,16,4.0
739,0,23,12.17,83641.9,0,109,5,4.0
739,0,24,22.8,0.0,0,0,0,0.0
739,0,25,12.77,0.0,0,0,0,0.0
739,0,26,10.24,0.0,0,0,0,0.0
739,0,27,18.02,0.0,0,0,0,0.0
739,0,28,17.56,0.0,0,0,0,0.0
739,0,29,14.3,0.0,0,0,0,0.0
739,0,30,23.94,0.0,0,0,0,0.0
739,0,31,26.59,0.0,0,0,0,0.0
739,1,0,15.71,225722.9,6,93,8,3.995
739,1,1,17.29,2547649.0,316,0,0,4.0
739,1,2,19.04,915213.0,103,45,0,3.996
739,1,3,16.81,2830655.0,347,0,0,4.0
739,1,4,25.54,25273.6,0,79,46,3.992
739,1,5,18.36,2549853.0,321,0,0,4.0
739,1,6,8.63,1793236.9,221,3,0,3.998
739,1,7,5.33,2370171.0,303,0,0,4.0
739,1,8,8.28,2630596.0,323,0,0,3.999
739,1,9,16.95,308906.1,17,83,15,4.0
739,1,10,5.22,2510581.0,313,0,0,4.0
739,1,11,27.19,2340687.3,292,0,0,3.998
739,1,12,16.04,24290.4,0,100,24,3.985
739,1,13,25.94,2176292.0,279,0,0,4.0
739,1,14,7.56,2342956.0,296,0,0,3.997
739,1,15,10.93,1847407.1,234,7,0,4.0
739,1,16,21.21,2491097.0,318,0,0,4.0
739,1,17,10.16,2331634.0,291,0,0,3.999
739,1,18,13.45,1447260.7,174,16,1,3.999
739,1,19,28.59,878596.7,88,49,6,3.998
739,1,20,28.46,2364151.0,294,0,0,3.999
739,1,21,7.19,1748702.8,221,5,0,3.998
739,1,22,21.02,2203337.3,280,0,0,3.999
739,1,23,22.73,1149043.0,138,30,0,3.997
739,1,24,27.19,66410.3,0,85,40,3.997
739,1,25,13.95,544381.2,49,71,8,4.0
739,1,26,20.95,2472289.0,306,0,0,4.0
739,1,27,28.46,0.0,0,0,0,0.0
739,1,28,27.22,0.0,0,0,0,0.0
739,1,29,21.5,0.0,0,0,0,0.0
739,1,30,21.16,0.0,0,0,0,0.0
739,1,31,18.93,0.0,0,0,0,0.0
739,2,0,6.96,10070.2,0,104,15,4.0
739,2,1,7.77,2113900.0,264,0,0,4.0
739,2,2,20.56,570705.7,53,67,7,4.0
739,2,3,13.62,2388083.0,301,0,0,4.0
739,2,4,16.07,2341386.0,288,0,0,4.0
739,2,5,14.57,3927.2,0,95,14,4.0
739,2,6,13.01,2971407.0,373,0,0,4.0
739,2,7,22.07,1683610.4,206,4,0,4.0
739,2,8,12.5,1468707.0,182,14,0,4.0
739,2,9,25.95,683473.0,76,51,9,4.0
739,2,10,28.65,2012068.0,257,0,0,4.0
739,2,11,13.51,572770.3,59,65,7,4.0
739,2,12,8.75,2830376.0,349,0,0,4.0
739,2,13,16.81,1754291.0,219,0,0,4.0
739,2,14,15.53,2077427.0,258,0,0,4.0
739,2,15,24.33,1658087.5,209,4,0,4.0
739,2,16,27.2,2517595.9,320,0,0,4.0
739,2,17,22.13,2499346.1,309,0,0,4.0
739,2,18,7.17,2468495.0,307,0,0,4.0
739,2,19,25.2,1900285.0,241,2,0,4.0
739,2,20,14.13,59169.4,0,107,5,4.0
739,2,21,13.24,1690226.0,209,0,0,4.0
739,2,22,17.91,2689220.4,331,0,0,4.0
739,2,23,17.9,2459459.0,304,0,0,4.0
739,2,24,22.87,1003915.4,117,33,0,4.0
739,2,25,14.85,42764.8,0,111,8,4.0
739,2,26,13.33,1540462.1,190,5,1,4.0
739,2,27,21.36,2563526.0,317,0,0,4.0
739,2,28,11.89,1232870.6,130,33,1,4.0
739,2,29,27.14,2365368.0,289,0,0,4.0
739,2,30,26.39,0.0,0,0,0,0.0
739,2,31,12.54,0.0,0,0,0,0.0
749,0,0,6.65,268116.6,4,108,2,4.0
749,0,1,22.27,10594.1,0,98,21,4.0
749,0,2,20.19,2491102.3,307,0,0,4.0
749,0,3,15.08,2950070.0,371,0,0,4.0
749,0,4,12.66,81368.1,0,102,13,4.0
749,0,5,12.32,2943246.0,372,0,0,4.0
749,0,6,23.59,74053.2,0,106,6,4.0
749,0,7,29.41,2950444.0,365,0,0,4.0
749,0,8,26.89,751433.3,69,51,15,4.0
749,0,9,11.95,2191708.5,275,0,0,4.0
749,0,10,25.73,60021.4,0,94,16,4.0
749,0,11,9.19,2354113.0,294,0,0,4.0
749,0,12,11.11,2679334.0,338,0,0,4.0
749,0,13,15.51,495282.8,39,77,5,4.0
749,0,14,23.28,2864540.0,361,0,0,4.0
749,0,15,21.85,2258558.9,285,1,0,4.0
749,0,16,21.6,1381.3,0,88,37,4.0
749,0,17,23.82,1806494.2,228,3,0,4.0
749,0,18,27.48,2149199.0,268,0,0,4.0
749,0,19,5.6,30047.5,0,113,2,4.0
749,0,20,13.77,2774403.0,351,0,0,4.0
749,0,21,17.56,2246143.0,281,0,0,4.0
749,0,22,22.78,114394.1,0,109,14,4.0
749,0,23,12.17,92161.4,0,109,3,4.0
749,0,24,22.8,0.0,0,0,0,0.0
749,0,25,12.77,0.0,0,0,0,0.0
749,0,26,10.24,0.0,0,0,0,0.0
749,0,27,18.02,0.0,0,0,0,0.0
749,0,28,17.56,0.0,0,0,0,0.0
749,0,29,14.3,0.0,0,0,0,0.0
749,0,30,23.94,0.0,0,0,0,0.0
749,0,31,26.59,0.0,0,0,0,0.0
749,1,0,15.71,218026.6,8,101,10,3.997
749,1,1,17.29,2584310.0,323,0,0,3.997
749,1,2,19.04,936629.7,103,36,1,3.999
749,1,3,16.81,2764250.0,350,0,0,3.998
749,1,4,25.54,22260.7,0,80,42,3.997
749,1,5,18.36,2347305.0,290,0,0,3.998
749,1,6,8.63,1792026.4,214,5,1,4.0
749,1,7,5.33,2442857.3,302,0,0,4.0
749,1,8,8.28,2476003.0,309,0,0,4.0
749,1,9,16.95,285785.1,16,80,25,3.999
749,1,10,5.22,2738078.0,348,0,0,4.0
749,1,11,27.19,2257528.8,284,0,0,4.0
749,1,12,16.04,18032.3,0,86,33,3.993
749,1,13,25.94,2061011.0,263,0,0,3.999
749,1,14,7.56,2445656.7,303,1,0,3.997
749,1,15,10.93,1844929.1,225,4,0,4.0
749,1,16,21.21,2547586.0,319,0,0,3.998
749,1,17,10.16,2381583.0,297,0,0,4.0
749,1,18,13.45,1549884.7,190,11,0,4.0
749,1,19,28.59,866765.1,95,38,15,4.0
749,1,20,28.46,2362955.0,293,0,0,4.0
749,1,21,7.19,1582460.4,205,4,0,3.999
749,1,22,21.02,2341294.3,297,0,0,3.999
749,1,23,22.73,1234434.4,149,19,1,3.999
749,1,24,27.19,76345.5,0,89,31,3.996
749,1,25,13.95,578673.7,41,86,7,3.998
749,1,26,20.95,2518420.0,312,0,0,4.0
749,1,27,28.46,0.0,0,0,0,0.0
749,1,28,27.22,0.0,0,0,0,0.0
749,1,29,21.5,0.0,0,0,0,0.0
749,1,30,21.16,0.0,0,0,0,0.0
749,1,31,18.93,0.0,0,0,0,0.0
749,2,0,6.96,12682.5,0,96,22,3.996
749,2,1,7.77,1930876.0,242,0,0,4.0
749,2,2,20.56,542172.7,43,77,6,4.0
749,2,3,13.62,2262844.0,282,0,0,4.0
749,2,4,16.07,2559647.3,317,0,0,4.0
749,2,5,14.57,4083.0,0,89,18,4.0
749,2,6,13.01,2611559.0,322,0,0,4.0
749,2,7,22.07,1632923.0,201,4,0,4.0
749,2,8,12.5,1523377.6,188,10,1,4.0
749,2,9,25.95,663606.8,61,59,8,4.0
749,2,10,28.65,1861700.0,236,0,0,4.0
749,2,11,13.51,506241.9,45,71,6,4.0
749,2,12,8.75,2952734.0,368,0,0,4.0
749,2,13,16.81,1779177.0,219,1,0,3.999
749,2,14,15.53,2234079.0,271,0,0,3.999
749,2,15,24.33,1581289.2,203,6,0,3.999
749,2,16,27.2,2566996.0,320,0,0,4.0
749,2,17,22.13,2558422.0,317,0,0,4.0
749,2,18,7.17,2438953.0,309,0,0,4.0
749,2,19,25.2,1896872.0,243,0,0,3.999
749,2,20,14.13,62528.8,0,93,15,4.0
749,2,21,13.24,1665332.0,205,1,0,3.999
749,2,22,17.91,2497294.0,312,0,0,4.0
749,2,23,17.9,2429383.0,307,1,0,3.999
749,2,24,22.87,1025033.1,106,49,1,4.0
749,2,25,14.85,34560.1,0,107,9,4.0
749,2,26,13.33,1592584.5,183,18,0,4.0
749,2,27,21.36,2608733.0,326,0,0,4.0
749,2,28,11.89,1174858.5,129,33,3,3.999
749,2,29,27.14,2381836.0,303,0,0,4.0
749,2,30,26.39,0.0,0,0,0,0.0
749,2,31,12.54,0.0,0,0,0,0.0
759,0,0,6.65,288184.6,11,93,5,4.0
759,0,1,22.27,12061.9,0,101,14,4.0
759,0,2,20.19,2538044.0,310,0,0,4.0
759,0,3,15.08,3050534.0,373,0,0,4.0
759,0,4,12.66,73711.1,0,93,21,4.0
759,0,5,12.32,2762649.0,347,0,0,4.0
759,0,6,23.59,75183.2,0,103,17,4.0
759,0,7,29.41,3184527.0,396,0,0,4.0
759,0,8,26.89,775534.0,85,36,14,4.0
759,0,9,11.95,2406261.4,305,0,0,4.0
759,0,10,25.73,54812.9,0,102,18,4.0
759,0,11,9.19,2378750.0,302,0,0,4.0
759,0,12,11.11,2597139.0,323,0,0,4.0
759,0,13,15.51,507468.3,32,87,3,4.0
759,0,14,23.28,3188169.0,399,0,0,4.0
759,0,15,21.85,2190734.0,278,0,0,4.0
759,0,16,21.6,1289.3,0,93,34,4.0
759,0,17,23.82,1764679.2,225,3,0,4.0
759,0,18,27.48,1959632.4,245,0,0,4.0
759,0,19,5.6,29375.8,0,104,5,4.0
759,0,20,13.77,3062877.0,376,0,0,4.0
759,0,21,17.56,2249219.0,283,0,0,4.0
759,0,22,22.78,97785.1,0,109,14,4.0
759,0,23,12.17,94917.9,0,112,5,4.0
759,0,24,22.8,0.0,0,0,0,0.0
759,0,25,12.77,0.0,0,0,0,0.0
759,0,26,10.24,0.0,0,0,0,0.0
759,0,27,18.02,0.0,0,0,0,0.0
759,0,28,17.56,0.0,0,0,0,0.0
759,0,29,14.3,0.0,0,0,0,0.0
759,0,30,23.94,0.0,0,0,0,0.0
759,0,31,26.59,0.0,0,0,0,0.0
759,1,0,15.71,211507.5,3,97,14,4.0
759,1,1,17.29,2364360.0,299,0,0,4.0
759,1,2,19.04,904351.6,98,40,1,4.0
759,1,3,16.81,2722869.0,343,0,0,4.0
759,1,4,25.54,23632.7,0,85,37,3.992
759,1,5,18.36,2500730.0,311,0,0,4.0
759,1,6,8.63,1779676.7,217,5,0,4.0
759,1,7,5.33,2401299.0,296,0,0,4.0
759,1,8,8.28,2648895.0,337,0,0,4.0
759,1,9,16.95,309396.3,12,89,16,3.998
759,1,10,5.22,2756263.0,336,0,0,3.998
759,1,11,27.19,2248022.0,286,0,0,4.0
759,1,12,16.04,20740.1,0,84,36,3.992
759,1,13,25.94,1923097.7,243,2,0,4.0
759,1,14,7.56,2392272.6,298,0,0,4.0
759,1,15,10.93,1853898.0,240,0,0,4.0
759,1,16,21.21,2458260.0,315,0,0,3.997
759,1,17,10.16,2377625.6,288,0,0,4.0
759,1,18,13.45,1577097.3,195,10,0,4.0
759,1,19,28.59,912752.6,95,41,12,3.997
759,1,20,28.46,2400510.0,302,0,0,3.999
759,1,21,7.19,1599748.8,201,6,0,3.999
759,1,22,21.02,2337117.0,297,0,0,3.999
759,1,23,22.73,1259965.4,144,32,1,3.998
759,1,24,27.19,72723.1,0,86,38,3.995
759,1,25,13.95,532312.2,42,72,8,3.998
759,1,26,20.95,2449895.0,307,0,0,4.0
759,1,27,28.46,0.0,0,0,0,0.0
759,1,28,27.22,0.0,0,0,0,0.0
759,1,29,21.5,0.0,0,0,0,0.0
759,1,30,21.16,0.0,0,0,0,0.0
759,1,31,18.93,0.0,0,0,0,0.0
759,2,0,6.96,13099.3,0,95,14,4.0
759,2,1,7.77,1946906.6,238,1,0,4.0
759,2,2,20.56,494556.5,45,75,6,4.0
759,2,3,13.62,2298861.0,298,0,0,4.0
759,2,4,16.07,2319023.0,294,0,0,4.0
759,2,5,14.57,5625.2,0,108,11,4.0
759,2,6,13.01,2627327.0,327,0,0,4.0
759,2,7,22.07,1645370.6,201,4,0,4.0
759,2,8,12.5,1533694.1,186,11,0,4.0
759,2,9,25.95,689786.6,58,61,14,4.0
759,2,10,28.65,1965910.5,250,4,0,4.0
759,2,11,13.51,538830.1,46,73,7,4.0
759,2,12,8.75,2786767.0,360,0,0,4.0
759,2,13,16.81,1640353.0,213,1,0,3.999
759,2,14,15.53,2106474.0,264,0,0,4.0
759,2,15,24.33,1783097.4,212,3,0,4.0
759,2,16,27.2,2242488.0,287,0,0,4.0
759,2,17,22.13,2462807.0,316,0,0,4.0
759,2,18,7.17,2400604.5,301,0,0,4.0
759,2,19,25.2,1929896.1,241,4,0,4.0
759,2,20,14.13,59649.1,0,105,13,3.999
759,2,21,13.24,1839828.2,226,4,0,4.0
759,2,22,17.91,2609498.0,309,0,0,4.0
759,2,23,17.9,2455190.2,302,0,0,4.0
759,2,24,22.87,1002497.7,101,50,0,4.0
759,2,25,14.85,34382.4,0,98,13,4.0
759,2,26,13.33,1603144.2,193,12,0,3.999
759,2,27,21.36,2499034.0,321,0,0,4.0
759,2,28,11.89,1184455.1,131,29,4,4.0
759,2,29,27.14,2444895.0,302,0,0,4.0
759,2,30,26.39,0.0,0,0,0,0.0
759,2,31,12.54,0.0,0,0,0,0.0
769,0,0,6.65,264158.2,5,96,9,4.0
769,0,1,22.27,11972.1,0,101,16,4.0
769,0,2,20.19,2583470.0,320,0,0,4.0
769,0,3,15.08,3089321.0,386,0,0,4.0
769,0,4,12.66,73024.7,0,106,15,4.0
769,0,5,12.32,3161931.0,407,0,0,4.0
769,0,6,23.59,74019.6,0,98,13,4.0
769,0,7,29.41,2947052.0,374,0,0,4.0
769,0,8,26.89,851849.4,76,46,19,4.0
769,0,9,11.95,2252081.0,288,0,0,4.0
769,0,10,25.73,54356.0,0,93,29,4.0
769,0,11,9.19,2447742.0,309,0,0,4.0
769,0,12,11.11,2440369.0,306,0,0,4.0
769,0,13,15.51,517095.8,28,87,4,4.0
769,0,14,23.28,2882362.0,372,0,0,4.0
769,0,15,21.85,2366441.0,290,0,0,4.0
769,0,16,21.6,1112.7,0,91,28,4.0
769,0,17,23.82,1989029.2,240,1,0,4.0
769,0,18,27.48,2062253.0,255,0,0,4.0
769,0,19,5.6,31849.0,0,101,6,3.999
769,0,20,13.77,2904082.0,366,0,0,4.0
769,0,21,17.56,2187261.0,278,0,0,4.0
769,0,22,22.78,94687.0,0,99,11,4.0
769,0,23,12.17,84401.9,0,101,7,3.999
769,0,24,22.8,0.0,0,0,0,0.0
769,0,25,12.77,0.0,0,0,0,0.0
769,0,26,10.24,0.0,0,0,0,0.0
769,0,27,18.02,0.0,0,0,0,0.0
769,0,28,17.56,0.0,0,0,0,0.0
769,0,29,14.3,0.0,0,0,0,0.0
769,0,30,23.94,0.0,0,0,0,0.0
769,0,31,26.59,0.0,0,0,0,0.0
769,1,0,15.71,228437.6,6,95,14,3.995
769,1,1,17.29,2519983.0,312,0,0,4.0
769,1,2,19.04,841990.8,91,45,1,4.0
769,1,3,16.81,2744062.0,344,0,0,4.0
769,1,4,25.54,15944.1,0,83,40,3.993
769,1,5,18.36,2485673.0,317,0,0,4.0
769,1,6,8.63,1733825.2,220,4,0,4.0
769,1,7,5.33,2469291.0,306,0,0,3.999
769,1,8,8.28,2519791.0,314,0,0,4.0
769,1,9,16.95,277692.8,9,94,16,3.999
769,1,10,5.22,2645459.0,331,0,0,4.0
769,1,11,27.19,2367989.0,286,0,0,4.0
769,1,12,16.04,22101.5,0,97,31,3.988
769,1,13,25.94,2038882.7,255,1,0,4.0
769,1,14,7.56,2310576.0,288,0,0,3.997
769,1,15,10.93,1884921.2,233,2,0,3.999
769,1,16,21.21,2493408.0,309,0,0,4.0
769,1,17,10.16,2396718.0,298,0,0,4.0
769,1,18,13.45,1561016.7,190,10,1,3.998
769,1,19,28.59,964458.8,107,28,11,4.0
769,1,20,28.46,2404625.0,297,0,0,3.997
769,1,21,7.19,1559783.2,195,6,0,4.0
769,1,22,21.02,2351000.0,300,0,0,3.999
769,1,23,22.73,1258371.9,143,24,2,3.999
769,1,24,27.19,66384.8,0,90,37,3.995
769,1,25,13.95,511509.4,40,77,5,3.999
769,1,26,20.95,2444472.0,298,0,0,4.0
769,1,27,28.46,0.0,0,0,0,0.0
769,1,28,27.22,0.0,0,0,0,0.0
769,1,29,21.5,0.0,0,0,0,0.0
769,1,30,21.16,0.0,0,0,0,0.0
769,1,31,18.93,0.0,0,0,0,0.0
769,2,0,6.96,10332.2,0,98,10,3.998
769,2,1,7.77,2055672.0,255,1,0,4.0
769,2,2,20.56,533930.5,44,67,10,4.0
769,2,3,13.62,2309642.0,288,0,0,4.0
769,2,4,16.07,2475513.0,305,0,0,4.0
769,2,5,14.57,5944.8,0,100,13,3.999
769,2,6,13.01,2694612.0,339,0,0,4.0
769,2,7,22.07,1592410.9,201,8,0,4.0
769,2,8,12.5,1531573.6,182,15,0,3.999
769,2,9,25.95,654143.0,62,56,8,4.0
769,2,10,28.65,1960911.8,238,2,0,4.0
769,2,11,13.51,523373.0,46,67,7,3.999
769,2,12,8.75,2733196.0,343,0,0,4.0
769,2,13,16.81,1735366.3,219,5,0,4.0
769,2,14,15.53,2242432.0,273,0,0,3.999
769,2,15,24.33,1670762.2,206,8,0,4.0
769,2,16,27.2,2348575.0,303,0,0,4.0
769,2,17,22.13,2520373.0,320,0,0,4.0
769,2,18,7.17,2541012.0,317,0,0,4.0
769,2,19,25.2,1932428.0,245,0,0,4.0
769,2,20,14.13,48297.9,0,98,13,3.997
769,2,21,13.24,1768868.8,220,1,0,4.0
769,2,22,17.91,2658620.0,322,0,0,4.0
769,2,23,17.9,2364307.9,299,0,0,4.0
769,2,24,22.87,1105674.3,119,35,0,4.0
769,2,25,14.85,35868.1,0,95,22,3.998
769,2,26,13.33,1534968.4,192,8,0,4.0
769,2,27,21.36,2389000.0,297,0,0,4.0
769,2,28,11.89,1142858.9,124,37,3,3.999
769,2,29,27.14,2462831.0,307,0,0,4.0
769,2,30,26.39,0.0,0,0,0,0.0
769,2,31,12.54,0.0,0,0,0,0.0
779,0,0,6.65,282565.5,6,112,2,4.0
779,0,1,22.27,12970.2,0,96,23,4.0
779,0,2,20.19,2553111.0,317,0,0,4.0
779,0,3,15.08,3088557.0,386,0,0,4.0
779,0,4,12.66,71759.9,0,94,16,4.0
779,0,5,12.32,3097336.0,396,0,0,4.0
779,0,6,23.59,76007.0,0,96,13,4.0
779,0,7,29.41,2903865.0,361,0,0,4.0
779,0,8,26.89,770427.1,66,57,16,4.0
779,0,9,11.95,2378174.0,297,0,0,4.0
779,0,10,25.73,55620.5,0,98,23,4.0
779,0,11,9.19,2455914.0,298,0,0,4.0
779,0,12,11.11,2657538.0,334,0,0,4.0
779,0,13,15.51,491372.9,34,82,3,4.0
779,0,14,23.28,2963960.0,372,0,0,4.0
779,0,15,21.85,2232142.0,279,0,0,4.0
779,0,16,21.6,1261.4,0,83,36,4.0
779,0,17,23.82,1775054.1,222,1,0,4.0
779,0,18,27.48,2237432.7,276,1,0,4.0
779,0,19,5.6,29295.4,0,107,7,4.0
779,0,20,13.77,2740165.0,341,0,0,4.0
779,0,21,17.56,2136823.0,272,0,0,4.0
779,0,22,22.78,115667.9,0,105,17,4.0
779,0,23,12.17,85047.9,0,102,7,4.0
779,0,24,22.8,0.0,0,0,0,0.0
779,0,25,12.77,0.0,0,0,0,0.0
779,0,26,10.24,0.0,0,0,0,0.0
779,0,27,18.02,0.0,0,0,0,0.0
779,0,28,17.56,0.0,0,0,0,0.0
779,0,29,14.3,0.0,0,0,0,0.0
779,0,30,23.94,0.0,0,0,0,0.0
779,0,31,26.59,0.0,0,0,0,0.0
779,1,0,15.71,207212.6,4,100,14,3.996
779,1,1,17.29,2584728.0,329,0,0,4.0
779,1,2,19.04,915621.8,93,56,1,3.999
779,1,3,16.81,2603645.0,326,0,0,3.998
779,1,4,25.54,23495.6,0,76,50,3.999
779,1,5,18.36,2349904.0,295,0,0,4.0
779,1,6,8.63,1737100.4,208,11,0,3.998
779,1,7,5.33,2305232.0,287,0,0,3.998
779,1,8,8.28,2444417.0,310,0,0,3.997
779,1,9,16.95,273573.8,8,91,22,3.995
779,1,10,5.22,2795646.0,352,0,0,4.0
779,1,11,27.19,2259120.0,277,0,0,3.999
779,1,12,16.04,26723.4,0,93,26,3.999
779,1,13,25.94,2073204.0,257,0,0,3.999
779,1,14,7.56,2384606.0,297,0,0,3.999
779,1,15,10.93,1829214.0,231,0,0,3.999
779,1,16,21.21,2500122.0,316,0,0,4.0
779,1,17,10.16,2312038.0,278,0,0,3.999
779,1,18,13.45,1529060.5,187,10,0,3.999
779,1,19,28.59,948518.1,96,43,8,3.999
779,1,20,28.46,2378732.0,301,0,0,4.0
779,1,21,7.19,1691322.7,213,2,0,4.0
779,1,22,21.02,2528457.4,308,0,0,3.999
779,1,23,22.73,1223343.2,144,20,0,3.997
779,1,24,27.19,70192.5,0,77,36,3.997
779,1,25,13.95,526576.9,38,85,6,3.998
779,1,26,20.95,2479605.0,307,0,0,3.999
779,1,27,28.46,0.0,0,0,0,0.0
779,1,28,27.22,0.0,0,0,0,0.0
779,1,29,21.5,0.0,0,0,0,0.0
779,1,30,21.16,0.0,0,0,0,0.0
779,1,31,18.93,0.0,0,0,0,0.0
779,2,0,6.96,13208.4,0,103,13,4.0
779,2,1,7.77,2159744.0,270,0,0,4.0
779,2,2,20.56,466142.1,36,83,6,4.0
779,2,3,13.62,2455630.0,305,0,0,4.0
779,2,4,16.07,2423597.3,293,0,0,4.0
779,2,5,14.57,4531.5,0,88,22,3.999
779,2,6,13.01,2689365.0,330,0,0,4.0
779,2,7,22.07,1568232.0,204,3,0,4.0
779,2,8,12.5,1435325.6,179,11,0,3.999
779,2,9,25.95,701276.0,64,66,13,4.0
779,2,10,28.65,1948620.6,238,4,0,3.999
779,2,11,13.51,556818.2,47,68,10,4.0
779,2,12,8.75,2896340.0,365,0,0,4.0
779,2,13,16.81,1718728.0,222,2,0,4.0
779,2,14,15.53,2084811.0,254,0,0,4.0
779,2,15,24.33,1663003.0,216,0,0,4.0
779,2,16,27.2,2537164.0,309,0,0,4.0
779,2,17,22.13,2652505.0,324,0,0,4.0
779,2,18,7.17,2515297.8,314,0,0,4.0
779,2,19,25.2,1948708.2,245,0,0,4.0
779,2,20,14.13,50984.3,0,106,7,3.999
779,2,21,13.24,1825356.4,218,2,0,4.0
779,2,22,17.91,2595829.0,325,0,0,4.0
779,2,23,17.9,2343382.0,290,0,0,4.0
779,2,24,22.87,1060799.6,116,40,0,3.999
779,2,25,14.85,40388.3,0,104,11,4.0
779,2,26,13.33,1544277.6,189,13,0,4.0
779,2,27,21.36,2341206.1,296,1,0,4.0
779,2,28,11.89,1200655.7,137,29,2,4.0
779,2,29,27.14,2523529.0,310,0,0,4.0
779,2,30,26.39,0.0,0,0,0,0.0
779,2,31,12.54,0.0,0,0,0,0.0
789,0,0,6.65,258141.4,5,102,10,4.0
789,0,1,22.27,13022.5,0,93,24,4.0
789,0,2,20.19,2485679.0,314,0,0,4.0
789,0,3,15.08,2782572.0,355,0,0,4.0
789,0,4,12.66,73396.6,0,99,17,4.0
789,0,5,12.32,2956553.0,361,0,0,4.0
789,0,6,23.59,80003.5,0,102,12,4.0
789,0,7,29.41,2992528.0,369,0,0,4.0
789,0,8,26.89,748759.0,62,56,16,4.0
789,0,9,11.95,2408289.0,307,0,0,4.0
789,0,10,25.73,52792.1,0,103,22,4.0
789,0,11,9.19,2295036.0,290,0,0,4.0
789,0,12,11.11,2559068.0,322,0,0,4.0
789,0,13,15.51,537291.5,33,84,2,4.0
789,0,14,23.28,2939519.0,372,0,0,4.0
789,0,15,21.85,2270888.5,283,0,0,4.0
789,0,16,21.6,1194.1,0,85,41,4.0
789,0,17,23.82,1842301.1,229,0,0,4.0
789,0,18,27.48,2148628.0,266,0,0,4.0
789,0,19,5.6,34792.3,0,107,2,4.0
789,0,20,13.77,2943551.0,364,0,0,4.0
789,0,21,17.56,2352328.0,289,0,0,4.0
789,0,22,22.78,100766.0,0,109,8,4.0
789,0,23,12.17,85216.3,0,107,4,4.0
789,0,24,22.8,0.0,0,0,0,0.0
789,0,25,12.77,0.0,0,0,0,0.0
789,0,26,10.24,0.0,0,0,0,0.0
789,0,27,18.02,0.0,0,0,0,0.0
789,0,28,17.56,0.0,0,0,0,0.0
789,0,29,14.3,0.0,0,0,0,0.0
789,0,30,23.94,0.0,0,0,0,0.0
789,0,31,26.59,0.0,0,0,0,0.0
789,1,0,15.71,247263.1,8,97,13,4.0
789,1,1,17.29,2510018.0,316,0,0,4.0
789,1,2,19.04,957252.8,104,43,1,4.0
789,1,3,16.81,2866841.0,354,0,0,4.0
789,1,4,25.54,23075.8,0,95,37,4.0
789,1,5,18.36,2348900.0,297,0,0,4.0
789,1,6,8.63,1821807.4,221,4,0,3.999
789,1,7,5.33,2471696.0,299,0,0,4.0
789,1,8,8.28,2573185.4,327,0,0,4.0
789,1,9,16.95,282684.9,9,96,15,4.0
789,1,10,5.22,2735130.0,340,0,0,4.0
789,1,11,27.19,2150877.0,272,0,0,4.0
789,1,12,16.04,19741.5,0,81,38,3.999
789,1,13,25.94,2157492.4,268,0,0,4.0
789,1,14,7.56,2190585.7,273,1,0,4.0
789,1,15,10.93,1776309.0,228,1,0,3.999
789,1,16,21.21,2472872.0,301,0,0,4.0
789,1,17,10.16,2435466.0,299,0,0,4.0
789,1,18,13.45,1639478.1,196,12,0,4.0
789,1,19,28.59,909748.1,93,40,12,4.0
789,1,20,28.46,2451816.0,310,0,0,4.0
789,1,21,7.19,1696576.2,207,5,0,4.0
789,1,22,21.02,2402256.0,304,0,0,4.0
789,1,23,22.73,1276146.7,140,26,2,4.0
789,1,24,27.19,61425.7,0,88,31,3.999
789,1,25,13.95,476371.4,27,88,11,3.999
789,1,26,20.95,2503109.0,310,0,0,4.0
789,1,27,28.46,0.0,0,0,0,0.0
789,1,28,27.22,0.0,0,0,0,0.0
789,1,29,21.5,0.0,0,0,0,0.0
789,1,30,21.16,0.0,0,0,0,0.0
789,1,31,18.93,0.0,0,0,0,0.0
789,2,0,6.96,11147.8,0,96,12,4.0
789,2,1,7.77,1945976.0,249,0,0,4.0
789,2,2,20.56,451220.9,39,72,7,4.0
789,2,3,13.62,2230425.0,280,0,0,4.0
789,2,4,16.07,2586399.0,326,0,0,4.0
789,2,5,14.57,6027.2,0,102,15,4.0
789,2,6,13.01,2702012.0,337,0,0,4.0
789,2,7,22.07,1541590.6,189,7,0,4.0
789,2,8,12.5,1577615.4,184,19,0,4.0
789,2,9,25.95,757120.1,71,53,9,4.0
789,2,10,28.65,1917211.4,241,1,0,4.0
789,2,11,13.51,540738.3,52,65,9,4.0
789,2,12,8.75,2817373.0,350,0,0,4.0
789,2,13,16.81,1754645.0,220,1,0,4.0
789,2,14,15.53,2047641.0,256,0,0,4.0
789,2,15,24.33,1518540.8,193,3,0,4.0
789,2,16,27.2,2586145.0,317,0,0,4.0
789,2,17,22.13,2557582.0,318,0,0,4.0
789,2,18,7.17,2602831.4,319,0,0,4.0
789,2,19,25.2,1930988.1,240,1,0,4.0
789,2,20,14.13,60841.5,0,103,11,4.0
789,2,21,13.24,1701284.0,206,7,0,4.0
789,2,22,17.91,2548660.4,313,0,0,4.0
789,2,23,17.9,2330726.0,291,0,0,4.0
789,2,24,22.87,1048342.2,111,34,2,4.0
789,2,25,14.85,35712.5,0,91,21,4.0
789,2,26,13.33,1614390.2,205,5,0,4.0
789,2,27,21.36,2520811.0,316,0,0,4.0
789,2,28,11.89,1190196.1,131,21,5,4.0
789,2,29,27.14,2370383.0,301,0,0,4.0
789,2,30,26.39,0.0,0,0,0,0.0
789,2,31,12.54,0.0,0,0,0,0.0
799,0,0,6.65,267773.0,7,100,5,3.999
799,0,1,22.27,12919.6,0,89,20,3.999
799,0,2,20.19,2537844.0,309,0,0,4.0
799,0,3,15.08,3022298.0,374,0,0,4.0
799,0,4,12.66,66428.4,0,95,23,4.0
799,0,5,12.32,2946339.0,370,0,0,4.0
799,0,6,23.59,76019.8,0,102,12,4.0
799,0,7,29.41,3126992.0,394,0,0,4.0
799,0,8,26.89,766695.0,70,50,14,4.0
799,0,9,11.95,2235832.8,280,0,0,4.0
799,0,10,25.73,51607.1,0,90,22,4.0
799,0,11,9.19,2519014.0,320,0,0,4.0
799,0,12,11.11,2474801.0,317,0,0,4.0
799,0,13,15.51,533208.3,32,78,6,4.0
799,0,14,23.28,3150632.0,389,0,0,4.0
799,0,15,21.85,2145719.1,271,0,0,4.0
799,0,16,21.6,1261.6,0,76,38,4.0
799,0,17,23.82,1820397.0,228,0,0,4.0
799,0,18,27.48,2025911.6,253,2,0,4.0
799,0,19,5.6,35250.1,0,103,3,4.0
799,0,20,13.77,3074336.0,385,0,0,4.0
799,0,21,17.56,2258972.0,290,0,0,4.0
799,0,22,22.78,100808.8,0,103,10,4.0
799,0,23,12.17,95698.9,0,109,2,3.999
799,0,24,22.8,0.0,0,0,0,0.0
799,0,25,12.77,0.0,0,0,0,0.0
799,0,26,10.24,0.0,0,0,0,0.0
799,0,27,18.02,0.0,0,0,0,0.0
799,0,28,17.56,0.0,0,0,0,0.0
799,0,29,14.3,0.0,0,0,0,0.0
799,0,30,23.94,0.0,0,0,0,0.0
799,0,31,26.59,0.0,0,0,0,0.0
799,1,0,15.71,219004.1,4,101,11,4.0
799,1,1,17.29,2462505.0,317,0,0,3.998
799,1,2,19.04,940031.1,103,40,2,3.997
799,1,3,16.81,2816060.0,349,0,0,3.998
799,1,4,25.54,22982.7,0,83,44,3.999
799,1,5,18.36,2454781.0,313,0,0,3.999
799,1,6,8.63,1685179.0,209,3,0,3.998
799,1,7,5.33,2397506.0,293,0,0,4.0
799,1,8,8.28,2449461.0,305,0,0,3.998
799,1,9,16.95,296542.1,12,93,16,4.0
799,1,10,5.22,2664088.0,336,0,0,4.0
799,1,11,27.19,2236631.0,284,0,0,3.999
799,1,12,16.04,21206.4,0,91,25,3.998
799,1,13,25.94,2044310.1,262,0,0,4.0
799,1,14,7.56,2191613.0,284,0,0,4.0
799,1,15,10.93,1823889.0,230,0,0,3.996
799,1,16,21.21,2495574.0,306,0,0,4.0
799,1,17,10.16,2308461.3,291,0,0,4.0
799,1,18,13.45,1540150.8,183,13,0,3.999
799,1,19,28.59,911073.1,93,45,9,3.999
799,1,20,28.46,2350580.0,290,0,0,4.0
799,1,21,7.19,1735232.0,208,7,0,4.0
799,1,22,21.02,2248381.0,288,0,0,4.0
799,1,23,22.73,1358354.4,155,28,0,3.999
799,1,24,27.19,78935.7,0,86,33,3.997
799,1,25,13.95,480592.0,33,81,10,3.996
799,1,26,20.95,2234657.0,289,0,0,4.0
799,1,27,28.46,0.0,0,0,0,0.0
799,1,28,27.22,0.0,0,0,0,0.0
799,1,29,21.5,0.0,0,0,0,0.0
799,1,30,21.16,0.0,0,0,0,0.0
799,1,31,18.93,0.0,0,0,0,0.0
799,2,0,6.96,13411.5,0,102,13,3.999
799,2,1,7.77,1950269.0,249,0,0,4.0
799,2,2,20.56,529037.5,38,77,8,4.0
799,2,3,13.62,2248589.0,287,0,0,4.0
799,2,4,16.07,2420760.0,303,0,0,4.0
799,2,5,14.57,4977.0,0,103,12,4.0
799,2,6,13.01,2796835.0,347,0,0,4.0
799,2,7,22.07,1532693.8,189,2,0,4.0
799,2,8,12.5,1551925.6,192,13,0,4.0
799,2,9,25.95,662986.3,66,56,11,4.0
799,2,10,28.65,1782257.6,218,3,0,4.0
799,2,11,13.51,548864.0,47,72,6,3.999
799,2,12,8.75,2876624.0,355,0,0,4.0
799,2,13,16.81,1794771.0,225,1,0,4.0
799,2,14,15.53,2077000.0,259,0,0,4.0
799,2,15,24.33,1687289.8,208,3,0,4.0
799,2,16,27.2,2567723.0,311,0,0,4.0
799,2,17,22.13,2565276.0,327,0,0,4.0
799,2,18,7.17,2520288.0,310,0,0,4.0
799,2,19,25.2,1976306.0,253,1,0,4.0
799,2,20,14.13,57896.5,0,104,10,4.0
799,2,21,13.24,1742560.3,214,2,0,4.0
799,2,22,17.91,2425436.0,304,0,0,4.0
799,2,23,17.9,2525828.0,314,0,0,4.0
799,2,24,22.87,1131419.6,128,35,2,4.0
799,2,25,14.85,28893.8,0,100,18,4.0
799,2,26,13.33,1537531.5,187,10,0,4.0
799,2,27,21.36,2400042.2,299,1,0,4.0
799,2,28,11.89,1188835.2,137,30,1,4.0
799,2,29,27.14,2380355.0,296,0,0,4.0
799,2,30,26.39,0.0,0,0,0,0.0
799,2,31,12.54,0.0,0,0,0,0.0
809,0,0,6.65,269667.7,6,104,3,4.0
809,0,1,22.27,13791.9,0,98,11,4.0
809,0,2,20.19,2703037.0,331,0,0,4.0
809,0,3,15.08,3135888.0,395,0,0,4.0
809,0,4,12.66,63282.3,0,100,17,4.0
809,0,5,12.32,2949068.0,369,0,0,4.0
809,0,6,23.59,77855.7,0,102,11,4.0
809,0,7,29.41,3041397.0,380,0,0,4.0
809,0,8,26.89,769423.3,78,48,20,4.0
809,0,9,11.95,2183857.0,274,0,0,4.0
809,0,10,25.73,55303.1,0,96,20,4.0
809,0,11,9.19,2500530.0,308,0,0,4.0
809,0,12,11.11,2518700.0,318,0,0,4.0
809,0,13,15.51,498701.3,28,93,4,4.0
809,0,14,23.28,3155408.0,395,0,0,4.0
809,0,15,21.85,2181617.5,275,0,0,4.0
809,0,16,21.6,1229.0,0,80,32,4.0
809,0,17,23.82,1840111.0,233,4,0,4.0
809,0,18,27.48,2176168.0,261,1,0,4.0
809,0,19,5.6,33874.5,0,115,2,4.0
809,0,20,13.77,2980879.0,367,0,0,4.0
809,0,21,17.56,2179936.0,274,0,0,4.0
809,0,22,22.78,96246.6,0,99,11,4.0
809,0,23,12.17,95229.7,0,104,5,4.0
809,0,24,22.8,0.0,0,0,0,0.0
809,0,25,12.77,0.0,0,0,0,0.0
809,0,26,10.24,0.0,0,0,0,0.0
809,0,27,18.02,0.0,0,0,0,0.0
809,0,28,17.56,0.0,0,0,0,0.0
809,0,29,14.3,0.0,0,0,0,0.0
809,0,30,23.94,0.0,0,0,0,0.0
809,0,31,26.59,0.0,0,0,0,0.0
809,1,0,15.71,237629.5,1,100,12,3.998
809,1,1,17.29,2361385.0,301,0,0,3.998
809,1,2,19.04,1013503.7,103,40,1,4.0
809,1,3,16.81,2810886.0,356,0,0,4.0
809,1,4,25.54,25291.6,0,81,39,3.997
809,1,5,18.36,2403007.0,296,0,0,4.0
809,1,6,8.63,1709485.7,213,3,0,3.999
809,1,7,5.33,2511577.0,316,0,0,4.0
809,1,8,8.28,2613642.0,323,0,0,3.999
809,1,9,16.95,256943.7,4,100,12,3.997
809,1,10,5.22,2760881.0,352,0,0,3.996
809,1,11,27.19,2255989.0,285,0,0,4.0
809,1,12,16.04,20017.8,0,95,22,3.996
809,1,13,25.94,2174315.0,270,0,0,3.999
809,1,14,7.56,2331022.0,284,0,0,4.0
809,1,15,10.93,1725642.5,217,6,0,3.998
809,1,16,21.21,2716784.0,338,0,0,3.998
809,1,17,10.16,2442325.0,304,0,0,3.999
809,1,18,13.45,1495545.0,194,6,0,4.0
809,1,19,28.59,953022.3,100,40,9,3.997
809,1,20,28.46,2288200.9,296,0,0,3.999
809,1,21,7.19,1666083.8,203,2,0,3.999
809,1,22,21.02,2484178.8,308,0,0,4.0
809,1,23,22.73,1181841.8,152,21,0,4.0
809,1,24,27.19,74093.2,0,79,36,3.998
809,1,25,13.95,564533.4,37,84,8,3.998
809,1,26,20.95,2299260.0,294,0,0,4.0
809,1,27,28.46,0.0,0,0,0,0.0
809,1,28,27.22,0.0,0,0,0,0.0
809,1,29,21.5,0.0,0,0,0,0.0
809,1,30,21.16,0.0,0,0,0,0.0
809,1,31,18.93,0.0,0,0,0,0.0
809,2,0,6.96,13794.2,0,107,11,4.0
809,2,1,7.77,2131233.3,262,1,0,4.0
809,2,2,20.56,491993.4,35,76,9,4.0
809,2,3,13.62,2267900.4,284,0,0,4.0
809,2,4,16.07,2336001.0,291,0,0,4.0
809,2,5,14.57,5257.2,0,103,16,3.999
809,2,6,13.01,2854642.0,350,0,0,4.0
809,2,7,22.07,1616977.0,198,1,0,4.0
809,2,8,12.5,1487014.2,174,14,0,4.0
809,2,9,25.95,666781.8,59,69,10,4.0
809,2,10,28.65,1995950.7,249,2,0,4.0
809,2,11,13.51,526512.9,44,72,5,4.0
809,2,12,8.75,2769818.0,347,0,0,4.0
809,2,13,16.81,1888311.5,229,1,0,4.0
809,2,14,15.53,2046491.0,263,0,0,4.0
809,2,15,24.33,1621052.2,202,3,0,3.999
809,2,16,27.2,2340489.0,293,0,0,4.0
809,2,17,22.13,2542006.0,322,0,0,4.0
809,2,18,7.17,2514998.4,317,0,0,4.0
809,2,19,25.2,1877211.0,237,1,0,4.0
809,2,20,14.13,69251.4,0,106,16,3.997
809,2,21,13.24,1624056.2,210,2,0,3.999
809,2,22,17.91,2584432.0,319,0,0,4.0
809,2,23,17.9,2279702.0,294,0,0,4.0
809,2,24,22.87,1021396.7,113,35,0,4.0
809,2,25,14.85,47962.9,0,106,10,3.999
809,2,26,13.33,1602078.5,192,13,0,4.0
809,2,27,21.36,2588544.0,319,0,0,4.0
809,2,28,11.89,1188251.2,137,25,1,3.999
809,2,29,27.14,2506226.0,319,0,0,4.0
809,2,30,26.39,0.0,0,0,0,0.0
809,2,31,12.54,0.0,0,0,0,0.0
819,0,0,6.65,281205.4,4,108,4,4.0
819,0,1,22.27,12484.1,0,106,14,4.0
819,0,2,20.19,2487171.2,309,0,0,4.0
819,0,3,15.08,3169272.0,399,0,0,4.0
819,0,4,12.66,74772.8,0,99,16,4.0
819,0,5,12.32,3173847.0,403,0,0,4.0
819,0,6,23.59,79862.1,0,104,9,3.999
819,0,7,29.41,3028249.0,374,0,0,4.0
819,0,8,26.89,790638.5,72,52,17,4.0
819,0,9,11.95,2429320.0,298,0,0,4.0
819,0,10,25.73,44668.0,0,94,26,4.0
819,0,11,9.19,2242538.0,275,0,0,4.0
819,0,12,11.11,2608100.4,324,0,0,4.0
819,0,13,15.51,479714.6,30,89,5,4.0
819,0,14,23.28,3173532.0,397,0,0,4.0
819,0,15,21.85,2151307.0,276,0,0,4.0
819,0,16,21.6,1195.1,0,91,36,3.999
819,0,17,23.82,1873153.6,234,2,0,4.0
819,0,18,27.48,1995059.0,246,0,0,4.0
819,0,19,5.6,32195.4,0,110,2,4.0
819,0,20,13.77,2953265.0,371,0,0,4.0
819,0,21,17.56,2236512.0,285,0,0,4.0
819,0,22,22.78,109054.5,0,102,12,3.999
819,0,23,12.17,91510.5,0,107,4,4.0
819,0,24,22.8,0.0,0,0,0,0.0
819,0,25,12.77,0.0,0,0,0,0.0
819,0,26,10.24,0.0,0,0,0,0.0
819,0,27,18.02,0.0,0,0,0,0.0
819,0,28,17.56,0.0,0,0,0,0.0
819,0,29,14.3,0.0,0,0,0,0.0
819,0,30,23.94,0.0,0,0,0,0.0
819,0,31,26.59,0.0,0,0,0,0.0
819,1,0,15.71,224708.7,10,88,18,3.996
819,1,1,17.29,2435515.0,311,0,0,4.0
819,1,2,19.04,936420.4,100,50,0,4.0
819,1,3,16.81,2737740.0,339,0,0,4.0
819,1,4,25.54,28129.7,0,83,39,3.996
819,1,5,18.36,2325344.0,292,0,0,4.0
819,1,6,8.63,1764295.2,220,4,0,4.0
819,1,7,5.33,2604602.0,320,0,0,4.0
819,1,8,8.28,2662893.0,327,0,0,4.0
819,1,9,16.95,253663.4,8,90,17,3.999
819,1,10,5.22,2555334.0,316,0,0,4.0
819,1,11,27.19,2299492.0,280,0,0,4.0
819,1,12,16.04,18110.1,0,95,29,3.998
819,1,13,25.94,2248648.7,276,1,0,4.0
819,1,14,7.56,2359818.0,287,0,0,4.0
819,1,15,10.93,1807744.8,231,3,0,3.999
819,1,16,21.21,2732382.0,340,0,0,4.0
819,1,17,10.16,2314534.3,294,0,0,4.0
819,1,18,13.45,1478670.9,171,7,1,4.0
819,1,19,28.59,956124.2,100,40,7,3.999
819,1,20,28.46,2337432.0,295,0,0,4.0
819,1,21,7.19,1709413.9,206,9,0,4.0
819,1,22,21.02,2258879.0,286,0,0,4.0
819,1,23,22.73,1261652.4,145,25,1,4.0
819,1,24,27.19,83228.7,0,85,30,3.999
819,1,25,13.95,585557.9,39,79,11,3.999
819,1,26,20.95,2325142.0,299,0,0,4.0
819,1,27,28.46,0.0,0,0,0,0.0
819,1,28,27.22,0.0,0,0,0,0.0
819,1,29,21.5,0.0,0,0,0,0.0
819,1,30,21.16,0.0,0,0,0,0.0
819,1,31,18.93,0.0,0,0,0,0.0
819,2,0,6.96,12649.1,0,106,10,4.0
819,2,1,7.77,2035451.0,250,0,0,4.0
819,2,2,20.56,496453.5,45,73,8,3.999
819,2,3,13.62,2331347.4,285,1,0,4.0
819,2,4,16.07,2419281.0,305,0,0,4.0
819,2,5,14.57,4650.6,0,103,17,4.0
819,2,6,13.01,2743073.0,338,0,0,4.0
819,2,7,22.07,1502565.9,191,9,0,4.0
819,2,8,12.5,1615804.7,192,10,0,4.0
819,2,9,25.95,762659.3,71,55,12,4.0
819,2,10,28.65,1808255.6,230,4,0,4.0
819,2,11,13.51,586830.1,55,68,5,4.0
819,2,12,8.75,2889172.0,357,0,0,4.0
819,2,13,16.81,1679661.8,215,2,0,4.0
819,2,14,15.53,1944970.6,245,1,0,4.0
819,2,15,24.33,1539259.8,199,6,0,4.0
819,2,16,27.2,2533094.0,315,0,0,4.0
819,2,17,22.13,2536562.0,316,0,0,4.0
819,2,18,7.17,2479421.0,312,0,0,4.0
819,2,19,25.2,1907765.7,241,1,0,4.0
819,2,20,14.13,57233.1,0,101,14,3.999
819,2,21,13.24,1756523.6,217,1,0,4.0
819,2,22,17.91,2567288.0,322,0,0,4.0
819,2,23,17.9,2214331.0,286,0,0,4.0
819,2,24,22.87,1049185.4,121,40,0,4.0
819,2,25,14.85,45489.7,0,97,16,3.999
819,2,26,13.33,1598844.6,193,3,2,4.0
819,2,27,21.36,2398491.1,298,1,0,4.0
819,2,28,11.89,1266578.6,148,22,1,4.0
819,2,29,27.14,2424027.0,301,0,0,4.0
819,2,30,26.39,0.0,0,0,0,0.0
819,2,31,12.54,0.0,0,0,0,0.0
829,0,0,6.65,258506.1,6,105,2,4.0
829,0,1,22.27,12193.7,0,98,16,4.0
829,0,2,20.19,2605176.0,319,0,0,4.0
829,0,3,15.08,2777049.0,351,0,0,4.0
829,0,4,12.66,73298.2,0,101,21,4.0
829,0,5,12.32,2824045.0,356,0,0,4.0
829,0,6,23.59,72931.3,0,106,9,4.0
829,0,7,29.41,3001856.0,372,0,0,4.0
829,0,8,26.89,832400.0,71,60,7,4.0
829,0,9,11.95,2246381.0,281,0,0,4.0
829,0,10,25.73,54562.3,0,97,21,4.0
829,0,11,9.19,2455441.0,311,0,0,4.0
829,0,12,11.11,2587983.0,333,0,0,4.0
829,0,13,15.51,507292.7,28,88,2,4.0
829,0,14,23.28,2956260.0,371,0,0,4.0
829,0,15,21.85,2090071.0,263,0,0,4.0
829,0,16,21.6,1016.8,0,82,41,4.0
829,0,17,23.82,1932689.1,238,3,0,4.0
829,0,18,27.48,2019049.0,252,1,0,4.0
829,0,19,5.6,35078.8,0,113,5,4.0
829,0,20,13.77,2853632.0,354,0,0,4.0
829,0,21,17.56,2394376.0,294,0,0,4.0
829,0,22,22.78,108059.9,0,98,17,4.0
829,0,23,12.17,92504.1,0,105,6,4.0
829,0,24,22.8,0.0,0,0,0,0.0
829,0,25,12.77,0.0,0,0,0,0.0
829,0,26,10.24,0.0,0,0,0,0.0
829,0,27,18.02,0.0,0,0,0,0.0
829,0,28,17.56,0.0,0,0,0,0.0
829,0,29,14.3,0.0,0,0,0,0.0
829,0,30,23.94,0.0,0,0,0,0.0
829,0,31,26.59,0.0,0,0,0,0.0
829,1,0,15.71,250537.3,7,100,11,3.998
829,1,1,17.29,2449441.0,307,0,0,4.0
829,1,2,19.04,950900.3,107,36,0,3.999
829,1,3,16.81,2636089.0,335,0,0,4.0
829,1,4,25.54,22683.0,0,86,34,3.998
829,1,5,18.36,2319953.0,298,0,0,4.0
829,1,6,8.63,1766738.0,221,1,0,3.998
829,1,7,5.33,2462981.0,298,0,0,3.999
829,1,8,8.28,2617554.0,316,0,0,4.0
829,1,9,16.95,276203.1,15,87,14,3.999
829,1,10,5.22,2735131.0,344,0,0,3.998
829,1,11,27.19,2243174.0,288,0,0,3.998
829,1,12,16.04,22298.7,0,83,30,3.987
829,1,13,25.94,2062774.6,256,2,0,3.999
829,1,14,7.56,2532128.0,310,0,0,4.0
829,1,15,10.93,1762047.0,220,2,0,3.998
829,1,16,21.21,2569524.0,323,0,0,3.998
829,1,17,10.16,2241146.0,281,0,0,3.997
829,1,18,13.45,1440600.8,184,11,1,3.999
829,1,19,28.59,1030624.7,105,39,5,4.0
829,1,20,28.46,2177535.0,277,0,0,3.999
829,1,21,7.19,1600538.8,196,8,0,3.999
829,1,22,21.02,2303231.0,286,0,0,3.997
829,1,23,22.73,1312404.1,148,34,2,4.0
829,1,24,27.19,66989.4,0,80,39,3.999
829,1,25,13.95,519409.3,40,81,4,3.999
829,1,26,20.95,2258458.0,289,0,0,4.0
829,1,27,28.46,0.0,0,0,0,0.0
829,1,28,27.22,0.0,0,0,0,0.0
829,1,29,21.5,0.0,0,0,0,0.0
829,1,30,21.16,0.0,0,0,0,0.0
829,1,31,18.93,0.0,0,0,0,0.0
829,2,0,6.96,14004.2,0,108,9,3.999
829,2,1,7.77,2123733.0,267,0,0,4.0
829,2,2,20.56,485842.7,44,82,1,4.0
829,2,3,13.62,2215347.0,281,1,0,4.0
829,2,4,16.07,2364614.0,292,0,0,4.0
829,2,5,14.57,5478.3,0,98,19,3.999
829,2,6,13.01,2702607.0,341,0,0,4.0
829,2,7,22.07,1657378.3,202,6,0,4.0
829,2,8,12.5,1517984.8,186,13,0,4.0
829,2,9,25.95,712191.5,64,54,10,4.0
829,2,10,28.65,1985324.0,248,1,0,4.0
829,2,11,13.51,578657.1,54,67,3,4.0
829,2,12,8.75,2987335.0,375,0,0,4.0
829,2,13,16.81,1755580.5,221,2,0,4.0
829,2,14,15.53,1968576.0,250,0,0,4.0
829,2,15,24.33,1620844.1,200,5,0,4.0
829,2,16,27.2,2520878.0,322,0,0,4.0
829,2,17,22.13,2603902.0,325,0,0,4.0
829,2,18,7.17,2351801.0,298,0,0,4.0
829,2,19,25.2,1937677.0,241,3,0,4.0
829,2,20,14.13,70275.0,1,103,16,3.998
829,2,21,13.24,1728035.1,213,7,0,4.0
829,2,22,17.91,2574497.0,317,0,0,4.0
829,2,23,17.9,2295594.0,293,1,0,4.0
829,2,24,22.87,995982.3,96,54,0,4.0
829,2,25,14.85,34263.5,0,111,10,3.997
829,2,26,13.33,1510404.4,181,11,0,4.0
829,2,27,21.36,2398003.0,304,0,0,4.0
829,2,28,11.89,1239331.1,139,24,2,4.0
829,2,29,27.14,2458029.0,303,0,0,4.0
829,2,30,26.39,0.0,0,0,0,0.0
829,2,31,12.54,0.0,0,0,0,0.0
839,0,0,6.65,234656.2,2,108,4,4.0
839,0,1,22.27,12355.3,0,91,19,4.0
839,0,2,20.19,2520784.0,316,0,0,4.0
839,0,3,15.08,3068535.0,393,0,0,4.0
839,0,4,12.66,81802.1,0,101,14,4.0
839,0,5,12.32,3103520.0,386,0,0,4.0
839,0,6,23.59,74484.3,0,110,9,4.0
839,0,7,29.41,2877753.0,363,0,0,4.0
839,0,8,26.89,817786.0,70,60,14,4.0
839,0,9,11.95,2312240.0,287,0,0,4.0
839,0,10,25.73,40671.4,0,90,21,4.0
839,0,11,9.19,2372052.4,299,0,0,4.0
839,0,12,11.11,2453596.0,304,0,0,4.0
839,0,13,15.51,501193.4,30,88,6,4.0
839,0,14,23.28,3176640.0,397,0,0,4.0
839,0,15,21.85,2252606.0,277,0,0,4.0
839,0,16,21.6,1324.1,0,89,32,4.0
839,0,17,23.82,1883759.0,239,0,0,4.0
839,0,18,27.48,2091969.5,256,1,0,4.0
839,0,19,5.6,34218.7,0,107,3,4.0
839,0,20,13.77,2894810.0,352,0,0,4.0
839,0,21,17.56,2341945.1,286,0,0,4.0
839,0,22,22.78,93560.0,0,98,13,4.0
839,0,23,12.17,96882.5,0,113,3,4.0
839,0,24,22.8,0.0,0,0,0,0.0
839,0,25,12.77,0.0,0,0,0,0.0
839,0,26,10.24,0.0,0,0,0,0.0
839,0,27,18.02,0.0,0,0,0,0.0
839,0,28,17.56,0.0,0,0,0,0.0
839,0,29,14.3,0.0,0,0,0,0.0
839,0,30,23.94,0.0,0,0,0,0.0
839,0,31,26.59,0.0,0,0,0,0.0
839,1,0,15.71,223315.2,3,98,16,3.998
839,1,1,17.29,2537895.0,315,0,0,3.999
839,1,2,19.04,879269.2,100,54,1,4.0
839,1,3,16.81,2456553.0,318,0,0,4.0
839,1,4,25.54,22055.0,0,88,37,3.998
839,1,5,18.36,2585396.6,311,0,0,4.0
839,1,6,8.63,1834533.1,228,5,0,3.999
839,1,7,5.33,2392101.0,302,0,0,4.0
839,1,8,8.28,2622560.4,323,0,0,3.999
839,1,9,16.95,274307.4,12,91,18,3.995
839,1,10,5.22,2481769.0,315,0,0,3.998
839,1,11,27.19,2244717.0,274,0,0,4.0
839,1,12,16.04,22413.9,0,89,30,3.998
839,1,13,25.94,2188959.0,276,0,0,3.997
839,1,14,7.56,2469351.0,311,0,0,4.0
839,1,15,10.93,1847510.8,231,2,0,3.998
839,1,16,21.21,2631030.0,332,0,0,4.0
839,1,17,10.16,2371870.9,298,0,0,4.0
839,1,18,13.45,1523827.7,185,4,1,3.999
839,1,19,28.59,945530.5,91,52,9,3.999
839,1,20,28.46,2356303.9,297,0,0,4.0
839,1,21,7.19,1604770.9,204,3,0,3.999
839,1,22,21.02,2289859.0,286,0,0,3.999
839,1,23,22.73,1220398.1,139,31,3,4.0
839,1,24,27.19,71178.2,0,91,28,3.996
839,1,25,13.95,539492.5,36,88,5,3.999
839,1,26,20.95,2452718.0,306,0,0,3.999
839,1,27,28.46,0.0,0,0,0,0.0
839,1,28,27.22,0.0,0,0,0,0.0
839,1,29,21.5,0.0,0,0,0,0.0
839,1,30,21.16,0.0,0,0,0,0.0
839,1,31,18.93,0.0,0,0,0,0.0
839,2,0,6.96,7363.8,0,109,7,3.998
839,2,1,7.77,1962332.0,246,0,0,4.0
839,2,2,20.56,530937.7,44,66,9,4.0
839,2,3,13.62,2298786.0,291,0,0,4.0
839,2,4,16.07,2433686.0,309,0,0,4.0
839,2,5,14.57,5426.5,0,99,23,4.0
839,2,6,13.01,2844939.0,345,0,0,4.0
839,2,7,22.07,1589942.2,199,7,0,4.0
839,2,8,12.5,1462807.6,182,11,0,3.999
839,2,9,25.95,732181.4,70,52,11,4.0
839,2,10,28.65,2073046.7,255,3,0,4.0
839,2,11,13.51,650697.8,56,64,6,4.0
839,2,12,8.75,2771533.0,344,0,0,4.0
839,2,13,16.81,1795954.0,227,0,0,4.0
839,2,14,15.53,2011690.0,250,0,0,4.0
839,2,15,24.33,1665973.7,204,9,0,4.0
839,2,16,27.2,2469752.0,311,0,0,4.0
839,2,17,22.13,2532368.0,328,0,0,4.0
839,2,18,7.17,2457431.0,306,0,0,4.0
839,2,19,25.2,1923982.3,240,2,0,4.0
839,2,20,14.13,61094.8,0,97,11,3.999
839,2,21,13.24,1695508.9,211,4,0,4.0
839,2,22,17.91,2516960.0,320,0,0,4.0
839,2,23,17.9,2389539.0,291,0,0,4.0
839,2,24,22.87,985176.7,108,35,0,4.0
839,2,25,14.85,41696.3,0,93,14,3.997
839,2,26,13.33,1485893.5,189,16,0,4.0
839,2,27,21.36,2539162.9,315,0,0,4.0
839,2,28,11.89,1153084.6,132,27,3,4.0
839,2,29,27.14,2440731.0,307,0,0,4.0
839,2,30,26.39,0.0,0,0,0,0.0
839,2,31,12.54,0.0,0,0,0,0.0
849,0,0,6.65,306403.0,7,103,3,4.0
849,0,1,22.27,12329.8,0,97,13,4.0
849,0,2,20.19,2619839.0,328,0,0,4.0
849,0,3,15.08,3067359.0,377,0,0,4.0
849,0,4,12.66,71522.9,0,91,18,4.0
849,0,5,12.32,2860849.0,369,0,0,4.0
849,0,6,23.59,62714.4,0,105,11,4.0
849,0,7,29.41,2885192.0,361,0,0,4.0
849,0,8,26.89,817989.8,76,45,17,4.0
849,0,9,11.95,2263467.0,288,0,0,4.0
849,0,10,25.73,50675.6,0,90,28,4.0
849,0,11,9.19,2493443.5,300,0,0,4.0
849,0,12,11.11,2608886.0,321,0,0,4.0
849,0,13,15.51,515186.4,33,91,4,4.0
849,0,14,23.28,2980493.0,381,0,0,4.0
849,0,15,21.85,2287553.0,288,0,0,4.0
849,0,16,21.6,1147.1,0,86,36,3.999
849,0,17,23.82,1829703.9,226,2,0,4.0
849,0,18,27.48,2046997.9,258,2,0,3.999
849,0,19,5.6,32986.3,0,100,4,4.0
849,0,20,13.77,2983335.0,384,0,0,4.0
849,0,21,17.56,2235713.1,272,1,0,4.0
849,0,22,22.78,102854.5,0,97,15,4.0
849,0,23,12.17,78363.1,0,123,6,4.0
849,0,24,22.8,0.0,0,0,0,0.0
849,0,25,12.77,0.0,0,0,0,0.0
849,0,26,10.24,0.0,0,0,0,0.0
849,0,27,18.02,0.0,0,0,0,0.0
849,0,28,17.56,0.0,0,0,0,0.0
849,0,29,14.3,0.0,0,0,0,0.0
849,0,30,23.94,0.0,0,0,0,0.0
849,0,31,26.59,0.0,0,0,0,0.0
849,1,0,15.71,239013.1,8,90,15,3.999
849,1,1,17.29,2697160.0,329,0,0,3.999
849,1,2,19.04,945104.7,107,43,0,4.0
849,1,3,16.81,2852100.0,352,0,0,4.0
849,1,4,25.54,22297.9,0,90,35,3.998
849,1,5,18.36,2397376.0,303,0,0,4.0
849,1,6,8.63,1680710.4,219,3,0,4.0
849,1,7,5.33,2357954.0,296,0,0,4.0
849,1,8,8.28,2590110.0,313,0,0,4.0
849,1,9,16.95,282076.6,10,87,25,3.997
849,1,10,5.22,2977553.0,368,0,0,4.0
849,1,11,27.19,2145793.3,269,0,0,3.999
849,1,12,16.04,21146.8,0,86,35,3.991
849,1,13,25.94,2258252.1,275,1,0,4.0
849,1,14,7.56,2194864.0,272,0,0,4.0
849,1,15,10.93,1845111.8,229,2,0,4.0
849,1,16,21.21,2486730.0,317,0,0,4.0
849,1,17,10.16,2314331.0,288,0,0,3.997
849,1,18,13.45,1595444.3,197,8,0,4.0
849,1,19,28.59,921458.9,93,50,4,4.0
849,1,20,28.46,2336643.0,300,0,0,4.0
849,1,21,7.19,1687808.9,207,4,0,3.999
849,1,22,21.02,2198169.0,281,0,0,4.0
849,1,23,22.73,1282983.0,150,26,3,4.0
849,1,24,27.19,76534.5,0,89,28,3.997
849,1,25,13.95,466753.7,35,77,7,3.999
849,1,26,20.95,2492079.0,311,0,0,4.0
849,1,27,28.46,0.0,0,0,0,0.0
849,1,28,27.22,0.0,0,0,0,0.0
849,1,29,21.5,0.0,0,0,0,0.0
849,1,30,21.16,0.0,0,0,0,0.0
849,1,31,18.93,0.0,0,0,0,0.0
849,2,0,6.96,10180.7,0,98,14,4.0
849,2,1,7.77,2072125.0,261,0,0,4.0
849,2,2,20.56,522854.7,41,67,9,3.999
849,2,3,13.62,2229233.0,281,0,0,4.0
849,2,4,16.07,2387968.0,297,0,0,4.0
849,2,5,14.57,3945.3,0,108,10,3.998
849,2,6,13.01,2767905.0,344,0,0,4.0
849,2,7,22.07,1591990.7,199,7,0,4.0
849,2,8,12.5,1659586.2,196,13,0,4.0
849,2,9,25.95,738786.0,70,61,11,4.0
849,2,10,28.65,2084623.9,249,4,0,4.0
849,2,11,13.51,513671.8,40,80,2,4.0
849,2,12,8.75,2919298.0,359,0,0,4.0
849,2,13,16.81,1709713.0,215,2,0,4.0
849,2,14,15.53,2058966.0,259,0,0,4.0
849,2,15,24.33,1583066.5,195,7,0,4.0
849,2,16,27.2,2418881.0,303,0,0,4.0
849,2,17,22.13,2676141.0,340,0,0,4.0
849,2,18,7.17,2781715.0,338,0,0,4.0
849,2,19,25.2,1886020.0,241,0,0,4.0
849,2,20,14.13,65306.2,0,102,13,3.997
849,2,21,13.24,1706420.3,213,3,0,4.0
849,2,22,17.91,2624727.0,329,0,0,4.0
849,2,23,17.9,2454920.4,306,0,0,4.0
849,2,24,22.87,1033737.4,117,30,0,3.999
849,2,25,14.85,37566.4,0,100,15,3.996
849,2,26,13.33,1566102.0,191,8,0,3.999
849,2,27,21.36,2463186.0,306,0,0,4.0
849,2,28,11.89,1209707.3,139,23,2,4.0
849,2,29,27.14,2415743.0,307,0,0,4.0
849,2,30,26.39,0.0,0,0,0,0.0
849,2,31,12.54,0.0,0,0,0,0.0
859,0,0,6.65,268736.0,4,108,1,4.0
859,0,1,22.27,13196.3,0,99,15,3.999
859,0,2,20.19,2580641.0,319,0,0,4.0
859,0,3,15.08,3137356.0,394,0,0,4.0
859,0,4,12.66,68814.3,0,103,14,3.999
859,0,5,12.32,2940947.0,372,0,0,4.0
859,0,6,23.59,68969.7,0,100,7,3.999
859,0,7,29.41,2945324.0,381,0,0,4.0
859,0,8,26.89,760428.1,67,55,18,4.0
859,0,9,11.95,2354169.8,295,0,0,4.0
859,0,10,25.73,50094.9,0,97,19,4.0
859,0,11,9.19,2418733.0,297,0,0,4.0
859,0,12,11.11,2676934.0,332,0,0,4.0
859,0,13,15.51,517974.3,24,87,3,4.0
859,0,14,23.28,3216251.0,398,0,0,4.0
859,0,15,21.85,2246693.5,275,0,0,4.0
859,0,16,21.6,1378.9,0,88,28,4.0
859,0,17,23.82,1921321.7,237,1,0,4.0
859,0,18,27.48,2106255.3,261,1,0,4.0
859,0,19,5.6,35522.5,0,106,4,4.0
859,0,20,13.77,2917923.0,369,0,0,4.0
859,0,21,17.56,2326259.5,297,0,0,4.0
859,0,22,22.78,109925.0,0,99,16,4.0
859,0,23,12.17,90577.7,0,108,4,4.0
859,0,24,22.8,0.0,0,0,0,0.0
859,0,25,12.77,0.0,0,0,0,0.0
859,0,26,10.24,0.0,0,0,0,0.0
859,0,27,18.02,0.0,0,0,0,0.0
859,0,28,17.56,0.0,0,0,0,0.0
859,0,29,14.3,0.0,0,0,0,0.0
859,0,30,23.94,0.0,0,0,0,0.0
859,0,31,26.59,0.0,0,0,0,0.0
859,1,0,15.71,203959.1,10,91,8,3.998
859,1,1,17.29,2584149.0,320,0,0,4.0
859,1,2,19.04,930844.1,104,41,0,4.0
859,1,3,16.81,2571171.0,320,0,0,4.0
859,1,4,25.54,24839.5,0,90,31,3.999
859,1,5,18.36,2346907.0,292,0,0,4.0
859,1,6,8.63,1700516.6,212,4,0,4.0
859,1,7,5.33,2476058.0,312,0,0,4.0
859,1,8,8.28,2658187.0,330,0,0,4.0
859,1,9,16.95,280517.5,10,92,14,4.0
859,1,10,5.22,2760516.0,347,0,0,4.0
859,1,11,27.19,2418515.0,296,0,0,4.0
859,1,12,16.04,19723.6,0,98,25,3.999
859,1,13,25.94,2146005.3,273,0,0,4.0
859,1,14,7.56,2288554.0,286,0,0,4.0
859,1,15,10.93,1842919.8,226,6,0,3.999
859,1,16,21.21,2698197.0,331,0,0,4.0
859,1,17,10.16,2315179.0,283,0,0,4.0
859,1,18,13.45,1598909.7,190,13,0,4.0
859,1,19,28.59,989763.5,99,38,9,4.0
859,1,20,28.46,2351909.0,297,0,0,4.0
859,1,21,7.19,1696223.1,212,2,0,4.0
859,1,22,21.02,2336484.1,290,0,0,4.0
859,1,23,22.73,1330767.6,161,16,0,4.0
859,1,24,27.19,71651.6,0,86,38,3.999
859,1,25,13.95,571948.5,44,76,8,4.0
859,1,26,20.95,2334360.0,293,0,0,4.0
859,1,27,28.46,0.0,0,0,0,0.0
859,1,28,27.22,0.0,0,0,0,0.0
859,1,29,21.5,0.0,0,0,0,0.0
859,1,30,21.16,0.0,0,0,0,0.0
859,1,31,18.93,0.0,0,0,0,0.0
859,2,0,6.96,12454.2,0,108,15,3.999
859,2,1,7.77,2052364.0,262,0,0,4.0
859,2,2,20.56,473368.6,40,71,6,3.999
859,2,3,13.62,2271453.4,286,0,0,4.0
859,2,4,16.07,2377108.0,292,0,0,3.998
859,2,5,14.57,3584.4,0,91,15,3.998
859,2,6,13.01,2899722.0,355,0,0,4.0
859,2,7,22.07,1575536.1,205,3,0,4.0
859,2,8,12.5,1499237.1,185,13,0,4.0
859,2,9,25.95,754376.5,78,50,7,3.999
859,2,10,28.65,1933969.4,233,1,0,4.0
859,2,11,13.51,622057.6,50,71,6,4.0
859,2,12,8.75,2915923.0,372,0,0,4.0
859,2,13,16.81,1688855.4,219,2,0,4.0
859,2,14,15.53,2116872.0,259,0,0,4.0
859,2,15,24.33,1764927.5,215,4,0,4.0
859,2,16,27.2,2475515.0,310,0,0,4.0
859,2,17,22.13,2520866.1,325,0,0,4.0
859,2,18,7.17,2410267.0,299,0,0,4.0
859,2,19,25.2,1936768.8,242,4,0,4.0
859,2,20,14.13,67098.0,0,99,12,3.997
859,2,21,13.24,1674150.3,209,2,0,3.999
859,2,22,17.91,2498661.0,314,0,0,4.0
859,2,23,17.9,2407308.0,285,0,0,4.0
859,2,24,22.87,1074663.7,121,31,0,4.0
859,2,25,14.85,30620.0,0,97,14,3.999
859,2,26,13.33,1437707.8,180,11,0,4.0
859,2,27,21.36,2399818.0,294,0,0,3.998
859,2,28,11.89,1146491.5,122,37,3,4.0
859,2,29,27.14,2582056.0,315,0,0,4.0
859,2,30,26.39,0.0,0,0,0,0.0
859,2,31,12.54,0.0,0,0,0,0.0
869,0,0,6.65,257740.8,8,99,5,4.0
869,0,1,22.27,12141.5,0,108,19,4.0
869,0,2,20.19,2591088.0,324,0,0,4.0
869,0,3,15.08,3153147.0,389,0,0,4.0
869,0,4,12.66,79866.2,0,106,16,4.0
869,0,5,12.32,2745422.0,347,0,0,4.0
869,0,6,23.59,73834.2,0,102,10,4.0
869,0,7,29.41,2852743.0,364,0,0,4.0
869,0,8,26.89,766775.1,70,52,11,4.0
869,0,9,11.95,2203636.8,275,0,0,4.0
869,0,10,25.73,50282.4,0,105,19,4.0
869,0,11,9.19,2329880.0,294,0,0,4.0
869,0,12,11.11,2469114.0,322,0,0,4.0
869,0,13,15.51,502673.7,25,88,3,4.0
869,0,14,23.28,2994227.0,377,0,0,4.0
869,0,15,21.85,2375873.0,294,0,0,4.0
869,0,16,21.6,1407.1,0,85,36,4.0
869,0,17,23.82,1878837.4,236,1,0,4.0
869,0,18,27.48,2164117.0,265,0,0,4.0
869,0,19,5.6,33866.6,0,110,2,4.0
869,0,20,13.77,2834176.0,349,0,0,4.0
869,0,21,17.56,2353469.0,294,0,0,4.0
869,0,22,22.78,114329.1,0,98,11,4.0
869,0,23,12.17,88013.8,0,104,1,4.0
869,0,24,22.8,0.0,0,0,0,0.0
869,0,25,12.77,0.0,0,0,0,0.0
869,0,26,10.24,0.0,0,0,0,0.0
869,0,27,18.02,0.0,0,0,0,0.0
869,0,28,17.56,0.0,0,0,0,0.0
869,0,29,14.3,0.0,0,0,0,0.0
869,0,30,23.94,0.0,0,0,0,0.0
869,0,31,26.59,0.0,0,0,0,0.0
869,1,0,15.71,244377.7,7,94,11,3.999
869,1,1,17.29,2402339.0,297,0,0,4.0
869,1,2,19.04,959230.0,103,45,0,3.999
869,1,3,16.81,2809888.0,343,0,0,4.0
869,1,4,25.54,23288.3,0,82,41,4.0
869,1,5,18.36,2559784.0,315,0,0,3.999
869,1,6,8.63,1787449.8,221,3,0,3.999
869,1,7,5.33,2347196.0,285,0,0,4.0
869,1,8,8.28,2321675.0,293,0,0,4.0
869,1,9,16.95,284399.8,11,93,17,3.999
869,1,10,5.22,2884580.0,360,0,0,4.0
869,1,11,27.19,2358324.0,296,0,0,3.999
869,1,12,16.04,21403.0,0,89,32,3.999
869,1,13,25.94,2065971.0,260,0,0,4.0
869,1,14,7.56,2371303.0,300,0,0,4.0
869,1,15,10.93,1888118.9,237,2,0,3.998
869,1,16,21.21,2599974.0,323,0,0,4.0
869,1,17,10.16,2402451.0,304,0,0,4.0
869,1,18,13.45,1515730.1,183,14,0,3.999
869,1,19,28.59,897730.7,91,44,6,3.998
869,1,20,28.46,2466869.0,315,0,0,4.0
869,1,21,7.19,1565059.4,194,4,0,3.999
869,1,22,21.02,2326484.0,289,0,0,4.0
869,1,23,22.73,1280649.6,150,27,1,3.999
869,1,24,27.19,80231.2,0,88,27,3.999
869,1,25,13.95,500762.5,35,71,7,3.999
869,1,26,20.95,2668993.0,322,0,0,3.999
869,1,27,28.46,0.0,0,0,0,0.0
869,1,28,27.22,0.0,0,0,0,0.0
869,1,29,21.5,0.0,0,0,0,0.0
869,1,30,21.16,0.0,0,0,0,0.0
869,1,31,18.93,0.0,0,0,0,0.0
869,2,0,6.96,11455.6,0,107,5,4.0
869,2,1,7.77,2067710.0,258,0,0,4.0
869,2,2,20.56,551637.4,44,73,3,4.0
869,2,3,13.62,2409290.0,302,0,0,4.0
869,2,4,16.07,2313432.0,285,0,0,4.0
869,2,5,14.57,5857.3,0,107,15,4.0
869,2,6,13.01,2843299.0,355,0,0,4.0
869,2,7,22.07,1533172.2,193,7,0,4.0
869,2,8,12.5,1496452.6,182,17,0,4.0
869,2,9,25.95,723142.2,67,51,10,4.0
869,2,10,28.65,2097587.4,262,1,0,4.0
869,2,11,13.51,575959.4,50,70,4,4.0
869,2,12,8.75,2677995.0,335,0,0,4.0
869,2,13,16.81,1790613.1,226,0,0,4.0
869,2,14,15.53,2080490.0,258,0,0,4.0
869,2,15,24.33,1672493.5,199,5,0,4.0
869,2,16,27.2,2389941.0,301,0,0,4.0
869,2,17,22.13,2682755.0,328,0,0,4.0
869,2,18,7.17,2529492.0,315,0,0,4.0
869,2,19,25.2,1990882.2,242,1,0,4.0
869,2,20,14.13,71389.6,0,89,16,4.0
869,2,21,13.24,1936576.5,239,2,0,4.0
869,2,22,17.91,2524914.0,311,0,0,4.0
869,2,23,17.9,2368634.0,297,0,0,4.0
869,2,24,22.87,995262.8,112,42,1,4.0
869,2,25,14.85,37465.9,0,108,13,4.0
869,2,26,13.33,1501162.8,190,10,0,4.0
869,2,27,21.36,2426968.0,304,0,0,4.0
869,2,28,11.89,1198040.4,126,31,2,4.0
869,2,29,27.14,2371503.0,301,0,0,4.0
869,2,30,26.39,0.0,0,0,0,0.0
869,2,31,12.54,0.0,0,0,0,0.0
879,0,0,6.65,272708.3,5,97,3,4.0
879,0,1,22.27,12544.6,0,94,23,4.0
879,0,2,20.19,2494134.0,314,0,0,4.0
879,0,3,15.08,2948987.0,367,0,0,4.0
879,0,4,12.66,76344.5,0,101,21,4.0
879,0,5,12.32,2877468.0,355,0,0,4.0
879,0,6,23.59,80994.2,0,108,5,4.0
879,0,7,29.41,3041956.0,379,0,0,4.0
879,0,8,26.89,760343.2,63,58,15,4.0
879,0,9,11.95,2242624.0,285,0,0,4.0
879,0,10,25.73,44043.9,0,96,24,4.0
879,0,11,9.19,2394213.0,298,0,0,4.0
879,0,12,11.11,2536799.0,316,0,0,4.0
879,0,13,15.51,526179.7,33,80,3,4.0
879,0,14,23.28,3021260.0,376,0,0,4.0
879,0,15,21.85,2288361.1,286,0,0,4.0
879,0,16,21.6,1262.8,0,84,32,4.0
879,0,17,23.82,1738150.3,220,1,0,4.0
879,0,18,27.48,2060665.0,256,0,0,4.0
879,0,19,5.6,31277.0,0,109,3,4.0
879,0,20,13.77,2797516.0,346,0,0,4.0
879,0,21,17.56,2455965.0,313,0,0,4.0
879,0,22,22.78,105461.1,0,104,10,4.0
879,0,23,12.17,91591.0,0,108,4,4.0
879,0,24,22.8,0.0,0,0,0,0.0
879,0,25,12.77,0.0,0,0,0,0.0
879,0,26,10.24,0.0,0,0,0,0.0
879,0,27,18.02,0.0,0,0,0,0.0
879,0,28,17.56,0.0,0,0,0,0.0
879,0,29,14.3,0.0,0,0,0,0.0
879,0,30,23.94,0.0,0,0,0,0.0
879,0,31,26.59,0.0,0,0,0,0.0
879,1,0,15.71,230594.0,6,96,17,3.998
879,1,1,17.29,2530487.0,321,0,0,4.0
879,1,2,19.04,1016085.2,103,49,0,4.0
879,1,3,16.81,2633317.0,327,0,0,4.0
879,1,4,25.54,24490.2,0,84,36,3.999
879,1,5,18.36,2334106.0,293,0,0,4.0
879,1,6,8.63,1774349.4,227,2,0,3.999
879,1,7,5.33,2477712.2,310,0,0,4.0
879,1,8,8.28,2378045.0,306,0,0,4.0
879,1,9,16.95,315358.1,14,88,15,4.0
879,1,10,5.22,2785005.0,353,0,0,4.0
879,1,11,27.19,2362547.0,287,0,0,4.0
879,1,12,16.04,20532.0,0,97,17,4.0
879,1,13,25.94,2058217.0,262,0,0,4.0
879,1,14,7.56,2197929.0,274,0,0,4.0
879,1,15,10.93,1768206.5,220,3,0,4.0
879,1,16,21.21,2624659.0,327,0,0,4.0
879,1,17,10.16,2257152.0,283,0,0,4.0
879,1,18,13.45,1451250.6,180,9,0,4.0
879,1,19,28.59,906181.5,92,45,6,4.0
879,1,20,28.46,2339432.0,289,0,0,3.999
879,1,21,7.19,1697972.9,205,7,0,4.0
879,1,22,21.02,2454171.0,304,0,0,4.0
879,1,23,22.73,1336739.7,156,22,2,3.999
879,1,24,27.19,77248.4,0,102,24,3.999
879,1,25,13.95,523609.7,43,79,4,4.0
879,1,26,20.95,2467371.0,309,0,0,4.0
879,1,27,28.46,0.0,0,0,0,0.0
879,1,28,27.22,0.0,0,0,0,0.0
879,1,29,21.5,0.0,0,0,0,0.0
879,1,30,21.16,0.0,0,0,0,0.0
879,1,31,18.93,0.0,0,0,0,0.0
879,2,0,6.96,11793.7,0,95,13,3.999
879,2,1,7.77,2067317.0,256,0,0,3.999
879,2,2,20.56,521888.4,42,77,6,3.999
879,2,3,13.62,2382179.0,306,0,0,4.0
879,2,4,16.07,2441324.3,304,0,0,4.0
879,2,5,14.57,5907.8,0,99,14,4.0
879,2,6,13.01,2810410.0,357,0,0,4.0
879,2,7,22.07,1556951.4,202,9,0,4.0
879,2,8,12.5,1385745.0,184,5,0,4.0
879,2,9,25.95,722853.8,61,57,15,4.0
879,2,10,28.65,1876820.3,238,1,0,4.0
879,2,11,13.51,520157.7,42,79,3,3.999
879,2,12,8.75,2696335.0,332,0,0,4.0
879,2,13,16.81,1780914.8,218,1,0,4.0
879,2,14,15.53,2112821.9,263,0,0,4.0
879,2,15,24.33,1566028.5,190,3,0,4.0
879,2,16,27.2,2371692.0,300,0,0,4.0
879,2,17,22.13,2465611.0,308,0,0,4.0
879,2,18,7.17,2501050.0,301,0,0,4.0
879,2,19,25.2,1808771.3,239,1,0,4.0
879,2,20,14.13,69391.8,0,93,14,4.0
879,2,21,13.24,1774872.1,218,5,0,4.0
879,2,22,17.91,2712490.0,339,0,0,4.0
879,2,23,17.9,2393203.0,291,0,0,4.0
879,2,24,22.87,1029344.8,122,34,0,4.0
879,2,25,14.85,38176.4,0,105,11,3.996
879,2,26,13.33,1533059.3,187,9,1,4.0
879,2,27,21.36,2427410.5,303,0,0,3.998
879,2,28,11.89,1162608.7,133,32,1,4.0
879,2,29,27.14,2528398.0,312,0,0,4.0
879,2,30,26.39,0.0,0,0,0,0.0
879,2,31,12.54,0.0,0,0,0,0.0
889,0,0,6.65,289157.1,10,102,3,4.0
889,0,1,22.27,11998.1,0,87,22,4.0
889,0,2,20.19,2484016.0,308,0,0,4.0
889,0,3,15.08,2977254.0,363,0,0,4.0
889,0,4,12.66,76191.6,0,102,15,4.0
889,0,5,12.32,3085457.0,381,0,0,4.0
889,0,6,23.59,73819.4,0,102,12,4.0
889,0,7,29.41,3163364.0,392,0,0,4.0
889,0,8,26.89,794891.1,70,48,14,4.0
889,0,9,11.95,2241835.0,276,0,0,4.0
889,0,10,25.73,46545.9,0,90,19,4.0
889,0,11,9.19,2308315.0,288,0,0,4.0
889,0,12,11.11,2563477.0,315,0,0,4.0
889,0,13,15.51,528955.0,40,75,4,4.0
889,0,14,23.28,3050764.0,395,0,0,4.0
889,0,15,21.85,2114527.0,271,0,0,4.0
889,0,16,21.6,1143.2,0,91,31,4.0
889,0,17,23.82,1912062.1,230,2,0,4.0
889,0,18,27.48,1993830.0,252,1,0,4.0
889,0,19,5.6,32540.2,0,112,5,4.0
889,0,20,13.77,2748742.0,352,0,0,4.0
889,0,21,17.56,2407012.0,297,0,0,4.0
889,0,22,22.78,100850.7,0,100,15,4.0
889,0,23,12.17,101402.1,0,111,2,4.0
889,0,24,22.8,0.0,0,0,0,0.0
889,0,25,12.77,0.0,0,0,0,0.0
889,0,26,10.24,0.0,0,0,0,0.0
889,0,27,18.02,0.0,0,0,0,0.0
889,0,28,17.56,0.0,0,0,0,0.0
889,0,29,14.3,0.0,0,0,0,0.0
889,0,30,23.94,0.0,0,0,0,0.0
889,0,31,26.59,0.0,0,0,0,0.0
889,1,0,15.71,214821.2,5,98,11,3.998
889,1,1,17.29,2391881.0,301,0,0,4.0
889,1,2,19.04,966694.1,98,47,1,4.0
889,1,3,16.81,2597529.0,330,0,0,4.0
889,1,4,25.54,29926.9,0,94,30,3.998
889,1,5,18.36,2441379.0,303,0,0,4.0
889,1,6,8.63,1669113.1,206,3,0,4.0
889,1,7,5.33,2380648.0,308,0,0,4.0
889,1,8,8.28,2526141.0,316,0,0,4.0
889,1,9,16.95,295799.5,14,94,17,4.0
889,1,10,5.22,2688382.0,340,0,0,4.0
889,1,11,27.19,2306368.5,290,0,0,4.0
889,1,12,16.04,24260.8,0,89,28,3.999
889,1,13,25.94,2184483.0,276,0,0,3.999
889,1,14,7.56,2276533.0,291,0,0,4.0
889,1,15,10.93,1786531.9,225,2,0,3.999
889,1,16,21.21,2502621.0,315,0,0,4.0
889,1,17,10.16,2384664.0,293,0,0,4.0
889,1,18,13.45,1465849.0,186,9,0,4.0
889,1,19,28.59,894078.3,100,45,3,4.0
889,1,20,28.46,2162929.0,282,0,0,4.0
889,1,21,7.19,1697378.5,205,6,0,3.999
889,1,22,21.02,2254442.0,287,0,0,4.0
889,1,23,22.73,1260046.2,144,26,0,4.0
889,1,24,27.19,77073.9,0,91,28,4.0
889,1,25,13.95,578651.8,45,76,6,4.0
889,1,26,20.95,2277581.0,289,0,0,4.0
889,1,27,28.46,0.0,0,0,0,0.0
889,1,28,27.22,0.0,0,0,0,0.0
889,1,29,21.5,0.0,0,0,0,0.0
889,1,30,21.16,0.0,0,0,0,0.0
889,1,31,18.93,0.0,0,0,0,0.0
889,2,0,6.96,10437.3,0,102,16,3.998
889,2,1,7.77,2151395.0,267,0,0,3.997
889,2,2,20.56,547992.3,47,75,4,4.0
889,2,3,13.62,2428621.0,309,0,0,3.999
889,2,4,16.07,2438161.3,306,0,0,4.0
889,2,5,14.57,4868.4,0,95,12,3.995
889,2,6,13.01,2839962.0,355,0,0,4.0
889,2,7,22.07,1550163.6,194,5,0,3.995
889,2,8,12.5,1417551.5,178,12,0,4.0
889,2,9,25.95,757449.9,71,53,10,3.997
889,2,10,28.65,1904796.4,237,3,0,4.0
889,2,11,13.51,517903.7,41,80,4,3.999
889,2,12,8.75,2790694.0,347,0,0,3.998
889,2,13,16.81,1860409.2,229,0,0,3.998
889,2,14,15.53,2095232.0,264,0,0,4.0
889,2,15,24.33,1605433.0,202,4,0,3.999
889,2,16,27.2,2507314.0,322,0,0,3.999
889,2,17,22.13,2447723.0,312,0,0,4.0
889,2,18,7.17,2462241.0,313,0,0,4.0
889,2,19,25.2,1962274.0,250,1,0,3.996
889,2,20,14.13,55602.9,0,89,17,3.999
889,2,21,13.24,1750255.2,217,0,0,3.999
889,2,22,17.91,2594556.0,320,0,0,4.0
889,2,23,17.9,2464239.2,303,0,0,3.996
889,2,24,22.87,850934.6,96,36,0,3.994
889,2,25,14.85,44467.3,0,106,13,4.0
889,2,26,13.33,1513565.9,179,11,1,3.999
889,2,27,21.36,2557591.7,315,1,0,4.0
889,2,28,11.89,1283777.2,142,28,2,3.999
889,2,29,27.14,2374725.0,293,0,0,3.999
889,2,30,26.39,0.0,0,0,0,0.0
889,2,31,12.54,0.0,0,0,0,0.0
899,0,0,6.65,248815.7,5,110,5,4.0
899,0,1,22.27,14449.4,0,95,19,4.0
899,0,2,20.19,2602922.0,317,0,0,4.0
899,0,3,15.08,3055055.0,380,0,0,4.0
899,0,4,12.66,81113.3,0,101,16,4.0
899,0,5,12.32,3084022.0,388,0,0,4.0
899,0,6,23.59,78262.2,0,100,11,4.0
899,0,7,29.41,2685101.0,340,0,0,4.0
899,0,8,26.89,745863.9,64,50,16,4.0
899,0,9,11.95,2392584.0,293,0,0,4.0
899,0,10,25.73,54580.3,0,95,22,4.0
899,0,11,9.19,2333722.0,307,0,0,4.0
899,0,12,11.11,2707106.0,336,0,0,4.0
899,0,13,15.51,492373.8,31,87,1,4.0
899,0,14,23.28,3323592.0,413,0,0,4.0
899,0,15,21.85,2277583.0,284,0,0,4.0
899,0,16,21.6,1459.6,0,96,27,4.0
899,0,17,23.82,1768459.5,217,4,0,4.0
899,0,18,27.48,2026813.4,258,1,0,4.0
899,0,19,5.6,37394.0,0,109,1,4.0
899,0,20,13.77,2801299.0,348,0,0,4.0
899,0,21,17.56,2341609.0,296,0,0,4.0
899,0,22,22.78,96104.6,0,105,9,4.0
899,0,23,12.17,87188.8,0,109,5,4.0
899,0,24,22.8,0.0,0,0,0,0.0
899,0,25,12.77,0.0,0,0,0,0.0
899,0,26,10.24,0.0,0,0,0,0.0
899,0,27,18.02,0.0,0,0,0,0.0
899,0,28,17.56,0.0,0,0,0,0.0
899,0,29,14.3,0.0,0,0,0,0.0
899,0,30,23.94,0.0,0,0,0,0.0
899,0,31,26.59,0.0,0,0,0,0.0
899,1,0,15.71,265170.2,13,91,8,3.999
899,1,1,17.29,2456701.0,310,0,0,4.0
899,1,2,19.04,983789.8,112,38,0,4.0
899,1,3,16.81,2706033.0,337,0,0,4.0
899,1,4,25.54,28421.0,0,73,43,3.999
899,1,5,18.36,2319239.0,291,0,0,3.998
899,1,6,8.63,1612071.7,204,5,0,3.999
899,1,7,5.33,2559010.0,319,0,0,4.0
899,1,8,8.28,2518427.0,306,0,0,4.0
899,1,9,16.95,282795.4,11,92,17,4.0
899,1,10,5.22,2748096.0,335,0,0,4.0
899,1,11,27.19,2265283.0,291,0,0,4.0
899,1,12,16.04,22606.6,0,87,26,3.995
899,1,13,25.94,2233046.7,277,1,0,3.999
899,1,14,7.56,2248034.0,273,0,0,4.0
899,1,15,10.93,1706684.3,215,2,0,3.999
899,1,16,21.21,2532415.0,313,0,0,3.998
899,1,17,10.16,2455596.0,305,0,0,4.0
899,1,18,13.45,1514972.2,183,13,1,4.0
899,1,19,28.59,888025.7,93,53,3,3.999
899,1,20,28.46,2359768.0,293,0,0,3.997
899,1,21,7.19,1646211.6,206,7,0,3.999
899,1,22,21.02,2351155.0,293,0,0,4.0
899,1,23,22.73,1124248.9,138,24,1,4.0
899,1,24,27.19,80243.6,0,93,25,3.995
899,1,25,13.95,564623.5,50,72,6,4.0
899,1,26,20.95,2349404.0,289,0,0,4.0
899,1,27,28.46,0.0,0,0,0,0.0
899,1,28,27.22,0.0,0,0,0,0.0
899,1,29,21.5,0.0,0,0,0,0.0
899,1,30,21.16,0.0,0,0,0,0.0
899,1,31,18.93,0.0,0,0,0,0.0
899,2,0,6.96,16314.5,0,107,9,3.998
899,2,1,7.77,2118875.0,256,1,0,4.0
899,2,2,20.56,590581.7,57,67,1,4.0
899,2,3,13.62,2306988.4,295,0,0,3.999
899,2,4,16.07,2333547.0,287,0,0,4.0
899,2,5,14.57,4787.2,0,105,12,3.997
899,2,6,13.01,3018654.0,364,0,0,4.0
899,2,7,22.07,1506389.0,186,11,0,4.0
899,2,8,12.5,1341764.2,171,18,0,4.0
899,2,9,25.95,675625.0,67,56,10,3.999
899,2,10,28.65,2006279.5,253,2,0,4.0
899,2,11,13.51,562527.0,49,72,2,4.0
899,2,12,8.75,2830054.0,344,0,0,4.0
899,2,13,16.81,1662285.8,213,2,0,4.0
899,2,14,15.53,2114436.0,272,0,0,4.0
899,2,15,24.33,1538800.4,195,9,0,4.0
899,2,16,27.2,2326692.0,296,0,0,4.0
899,2,17,22.13,2496592.1,313,0,0,3.998
899,2,18,7.17,2623780.0,321,0,0,4.0
899,2,19,25.2,1851312.0,230,4,0,4.0
899,2,20,14.13,78073.6,0,102,15,3.998
899,2,21,13.24,1806491.7,222,2,0,3.999
899,2,22,17.91,2382352.0,302,0,0,4.0
899,2,23,17.9,2333660.3,279,3,0,4.0
899,2,24,22.87,974342.0,108,38,0,4.0
899,2,25,14.85,43452.4,0,102,10,3.999
899,2,26,13.33,1494248.5,187,8,0,4.0
899,2,27,21.36,2604109.0,325,0,0,4.0
899,2,28,11.89,1087173.9,119,38,1,4.0
899,2,29,27.14,2397864.0,301,0,0,4.0
899,2,30,26.39,0.0,0,0,0,0.0
899,2,31,12.54,0.0,0,0,0,0.0
909,0,0,6.65,303454.3,16,97,4,4.0
909,0,1,22.27,14848.0,0,101,13,4.0
909,0,2,20.19,2501265.0,312,0,0,4.0
909,0,3,15.08,3001427.0,379,0,0,4.0
909,0,4,12.66,69311.8,0,100,13,4.0
909,0,5,12.32,2741381.0,355,0,0,4.0
909,0,6,23.59,79941.6,0,102,7,4.0
909,0,7,29.41,2952714.0,371,0,0,4.0
909,0,8,26.89,756380.5,68,61,9,4.0
909,0,9,11.95,2265825.0,290,0,0,4.0
909,0,10,25.73,58487.9,0,94,13,4.0
909,0,11,9.19,2338823.4,291,0,0,4.0
909,0,12,11.11,2526558.4,318,0,0,4.0
909,0,13,15.51,480140.4,25,89,2,4.0
909,0,14,23.28,3298066.0,408,0,0,4.0
909,0,15,21.85,2243994.0,279,0,0,4.0
909,0,16,21.6,1305.9,0,86,37,4.0
909,0,17,23.82,1866054.6,231,1,0,4.0
909,0,18,27.48,2006667.6,252,1,0,4.0
909,0,19,5.6,37276.7,0,115,3,4.0
909,0,20,13.77,2742295.0,342,0,0,4.0
909,0,21,17.56,2255649.9,282,0,0,4.0
909,0,22,22.78,107975.1,0,106,10,4.0
909,0,23,12.17,109439.0,0,112,6,4.0
909,0,24,22.8,0.0,0,0,0,0.0
909,0,25,12.77,0.0,0,0,0,0.0
909,0,26,10.24,0.0,0,0,0,0.0
909,0,27,18.02,0.0,0,0,0,0.0
909,0,28,17.56,0.0,0,0,0,0.0
909,0,29,14.3,0.0,0,0,0,0.0
909,0,30,23.94,0.0,0,0,0,0.0
909,0,31,26.59,0.0,0,0,0,0.0
909,1,0,15.71,252187.8,9,89,17,3.999
909,1,1,17.29,2462868.0,313,0,0,4.0
909,1,2,19.04,911207.3,100,51,1,3.999
909,1,3,16.81,2507464.0,314,0,0,4.0
909,1,4,25.54,21468.8,0,75,49,3.996
909,1,5,18.36,2457184.0,297,0,0,4.0
909,1,6,8.63,1798504.9,223,2,0,4.0
909,1,7,5.33,2454193.0,300,0,0,4.0
909,1,8,8.28,2493618.0,324,0,0,4.0
909,1,9,16.95,294240.2,13,87,14,3.999
909,1,10,5.22,2890790.0,358,0,0,4.0
909,1,11,27.19,2321881.0,291,0,0,3.998
909,1,12,16.04,22546.4,0,75,34,3.995
909,1,13,25.94,2173464.0,272,0,0,3.999
909,1,14,7.56,2223220.6,272,0,0,4.0
909,1,15,10.93,1844702.7,231,1,0,3.999
909,1,16,21.21,2502823.0,306,0,0,4.0
909,1,17,10.16,2335810.0,296,0,0,4.0
909,1,18,13.45,1446832.9,180,16,0,3.997
909,1,19,28.59,877379.8,91,45,5,4.0
909,1,20,28.46,2277347.0,286,0,0,3.999
909,1,21,7.19,1721901.5,208,8,0,3.999
909,1,22,21.02,2360467.0,290,0,0,3.999
909,1,23,22.73,1220112.8,148,24,1,3.998
909,1,24,27.19,83854.1,0,93,28,3.995
909,1,25,13.95,527639.9,49,65,8,4.0
909,1,26,20.95,2335506.0,296,0,0,4.0
909,1,27,28.46,0.0,0,0,0,0.0
909,1,28,27.22,0.0,0,0,0,0.0
909,1,29,21.5,0.0,0,0,0,0.0
909,1,30,21.16,0.0,0,0,0,0.0
909,1,31,18.93,0.0,0,0,0,0.0
909,2,0,6.96,13648.1,0,103,11,3.993
909,2,1,7.77,2051644.0,254,0,0,4.0
909,2,2,20.56,614209.5,54,68,6,3.999
909,2,3,13.62,2099008.0,268,0,0,4.0
909,2,4,16.07,2454386.0,305,0,0,4.0
909,2,5,14.57,4868.3,0,111,11,4.0
909,2,6,13.01,2753615.0,341,0,0,4.0
909,2,7,22.07,1477928.8,193,2,0,3.999
909,2,8,12.5,1499031.2,182,15,0,3.999
909,2,9,25.95,802318.7,82,55,8,3.998
909,2,10,28.65,1888518.2,239,3,0,4.0
909,2,11,13.51,524591.8,55,66,2,4.0
909,2,12,8.75,2878113.0,364,0,0,3.998
909,2,13,16.81,1687875.9,212,3,0,4.0
909,2,14,15.53,2057511.0,260,0,0,4.0
909,2,15,24.33,1749274.4,216,8,0,4.0
909,2,16,27.2,2445901.0,311,0,0,4.0
909,2,17,22.13,2448322.0,307,0,0,3.998
909,2,18,7.17,2510662.0,309,0,0,4.0
909,2,19,25.2,1925047.8,241,3,0,3.999
909,2,20,14.13,75925.6,0,101,3,4.0
909,2,21,13.24,1692683.5,209,4,0,4.0
909,2,22,17.91,2608231.5,311,0,0,4.0
909,2,23,17.9,2309600.9,287,2,0,4.0
909,2,24,22.87,1062347.0,120,39,0,4.0
909,2,25,14.85,45297.2,0,99,6,4.0
909,2,26,13.33,1493708.8,184,14,0,4.0
909,2,27,21.36,2343069.0,291,0,0,4.0
909,2,28,11.89,1119239.2,131,31,1,4.0
909,2,29,27.14,2305282.0,290,0,0,3.998
909,2,30,26.39,0.0,0,0,0,0.0
909,2,31,12.54,0.0,0,0,0,0.0
919,0,0,6.65,272827.4,6,105,4,4.0
919,0,1,22.27,13262.9,0,94,17,4.0
919,0,2,20.19,2603864.0,321,0,0,4.0
919,0,3,15.08,3087111.0,393,0,0,4.0
919,0,4,12.66,77079.8,0,97,13,4.0
919,0,5,12.32,3047348.0,378,0,0,4.0
919,0,6,23.59,78932.2,0,94,12,4.0
919,0,7,29.41,3024037.0,378,0,0,4.0
919,0,8,26.89,781382.3,76,47,13,4.0
919,0,9,11.95,2285688.0,290,0,0,4.0
919,0,10,25.73,51700.9,0,93,19,4.0
919,0,11,9.19,2529929.0,319,0,0,4.0
919,0,12,11.11,2416894.0,303,0,0,4.0
919,0,13,15.51,497294.6,27,93,4,4.0
919,0,14,23.28,3306578.0,408,0,0,4.0
919,0,15,21.85,2160832.0,271,0,0,4.0
919,0,16,21.6,1257.9,0,97,36,4.0
919,0,17,23.82,1882065.0,235,0,0,4.0
919,0,18,27.48,2087550.0,268,0,0,4.0
919,0,19,5.6,34689.4,0,103,3,4.0
919,0,20,13.77,2752880.0,337,0,0,4.0
919,0,21,17.56,2278104.0,280,0,0,4.0
919,0,22,22.78,98498.4,1,104,6,4.0
919,0,23,12.17,99492.8,0,107,7,4.0
919,0,24,22.8,0.0,0,0,0,0.0
919,0,25,12.77,0.0,0,0,0,0.0
919,0,26,10.24,0.0,0,0,0,0.0
919,0,27,18.02,0.0,0,0,0,0.0
919,0,28,17.56,0.0,0,0,0,0.0
919,0,29,14.3,0.0,0,0,0,0.0
919,0,30,23.94,0.0,0,0,0,0.0
919,0,31,26.59,0.0,0,0,0,0.0
919,1,0,15.71,261211.9,15,89,12,3.999
919,1,1,17.29,2494275.0,311,0,0,4.0
919,1,2,19.04,1036160.1,118,37,0,4.0
919,1,3,16.81,2793389.0,354,0,0,4.0
919,1,4,25.54,21079.9,0,82,37,4.0
919,1,5,18.36,2369510.0,292,0,0,4.0
919,1,6,8.63,1720276.4,215,8,0,4.0
919,1,7,5.33,2449633.0,307,0,0,4.0
919,1,8,8.28,2477160.0,314,0,0,4.0
919,1,9,16.95,302207.6,12,91,14,4.0
919,1,10,5.22,2601553.0,329,0,0,4.0
919,1,11,27.19,2242423.0,280,0,0,4.0
919,1,12,16.04,19549.8,0,81,31,4.0
919,1,13,25.94,2091340.0,260,0,0,4.0
919,1,14,7.56,2267156.0,289,1,0,4.0
919,1,15,10.93,1756095.9,221,0,0,4.0
919,1,16,21.21,2591725.0,332,0,0,4.0
919,1,17,10.16,2378568.0,302,0,0,4.0
919,1,18,13.45,1412299.4,172,16,0,3.999
919,1,19,28.59,847818.0,93,40,6,4.0
919,1,20,28.46,2285617.0,278,0,0,4.0
919,1,21,7.19,1589739.5,200,9,0,4.0
919,1,22,21.02,2319399.0,287,0,0,4.0
919,1,23,22.73,1297975.8,159,13,0,3.999
919,1,24,27.19,85182.0,0,95,30,4.0
919,1,25,13.95,606513.9,56,66,8,4.0
919,1,26,20.95,2316100.0,285,0,0,4.0
919,1,27,28.46,0.0,0,0,0,0.0
919,1,28,27.22,0.0,0,0,0,0.0
919,1,29,21.5,0.0,0,0,0,0.0
919,1,30,21.16,0.0,0,0,0,0.0
919,1,31,18.93,0.0,0,0,0,0.0
919,2,0,6.96,12715.9,0,96,14,3.998
919,2,1,7.77,2079276.0,263,0,0,3.999
919,2,2,20.56,561485.9,47,78,7,3.998
919,2,3,13.62,2383707.0,300,0,0,4.0
919,2,4,16.07,2378469.0,296,0,0,4.0
919,2,5,14.57,4590.5,0,100,13,4.0
919,2,6,13.01,2683864.0,336,0,0,4.0
919,2,7,22.07,1588649.2,198,8,0,4.0
919,2,8,12.5,1387180.8,171,14,0,4.0
919,2,9,25.95,760931.6,76,52,11,3.999
919,2,10,28.65,1889209.4,239,2,0,3.999
919,2,11,13.51,466803.0,41,78,3,4.0
919,2,12,8.75,2891903.0,364,0,0,4.0
919,2,13,16.81,1753660.0,220,3,0,4.0
919,2,14,15.53,1961618.3,245,1,0,4.0
919,2,15,24.33,1548711.0,198,5,0,3.999
919,2,16,27.2,2395384.9,305,0,0,4.0
919,2,17,22.13,2540063.0,311,0,0,4.0
919,2,18,7.17,2452532.0,307,0,0,3.998
919,2,19,25.2,1889379.8,239,3,0,4.0
919,2,20,14.13,78474.9,0,102,18,3.999
919,2,21,13.24,1654998.3,206,5,0,3.999
919,2,22,17.91,2485094.0,306,0,0,4.0
919,2,23,17.9,2438067.0,301,0,0,4.0
919,2,24,22.87,1037306.6,126,38,0,4.0
919,2,25,14.85,45186.7,0,91,16,4.0
919,2,26,13.33,1565148.3,192,9,1,3.999
919,2,27,21.36,2546977.0,332,0,0,4.0
919,2,28,11.89,1132655.1,134,32,0,4.0
919,2,29,27.14,2555501.0,322,0,0,4.0
919,2,30,26.39,0.0,0,0,0,0.0
919,2,31,12.54,0.0,0,0,0,0.0
929,0,0,6.65,251646.0,7,105,2,4.0
929,0,1,22.27,10665.8,0,95,16,4.0
929,0,2,20.19,2483318.0,305,0,0,4.0
929,0,3,15.08,3065030.0,385,0,0,4.0
929,0,4,12.66,67294.0,0,107,13,4.0
929,0,5,12.32,2979086.0,375,0,0,4.0
929,0,6,23.59,74583.7,0,109,9,4.0
929,0,7,29.41,2948085.0,368,0,0,4.0
929,0,8,26.89,743847.5,68,58,16,4.0
929,0,9,11.95,2331535.0,289,0,0,4.0
929,0,10,25.73,51469.8,0,93,28,4.0
929,0,11,9.19,2415101.0,300,0,0,4.0
929,0,12,11.11,2651529.0,328,0,0,4.0
929,0,13,15.51,512770.6,47,66,2,4.0
929,0,14,23.28,3488508.0,431,0,0,4.0
929,0,15,21.85,2180684.0,275,0,0,4.0
929,0,16,21.6,1089.2,0,82,43,4.0
929,0,17,23.82,1845092.1,233,2,0,4.0
929,0,18,27.48,1968770.7,246,1,0,4.0
929,0,19,5.6,34283.0,0,104,6,4.0
929,0,20,13.77,2904436.0,363,0,0,4.0
929,0,21,17.56,2293324.0,289,0,0,4.0
929,0,22,22.78,109835.5,0,94,15,4.0
929,0,23,12.17,97050.3,0,112,0,4.0
929,0,24,22.8,0.0,0,0,0,0.0
929,0,25,12.77,0.0,0,0,0,0.0
929,0,26,10.24,0.0,0,0,0,0.0
929,0,27,18.02,0.0,0,0,0,0.0
929,0,28,17.56,0.0,0,0,0,0.0
929,0,29,14.3,0.0,0,0,0,0.0
929,0,30,23.94,0.0,0,0,0,0.0
929,0,31,26.59,0.0,0,0,0,0.0
929,1,0,15.71,242769.5,8,99,14,3.998
929,1,1,17.29,2574243.0,317,0,0,3.997
929,1,2,19.04,973281.2,106,40,1,3.999
929,1,3,16.81,2715958.0,340,0,0,3.998
929,1,4,25.54,23014.0,0,78,40,3.998
929,1,5,18.36,2286171.0,291,0,0,4.0
929,1,6,8.63,1751761.9,215,3,0,3.997
929,1,7,5.33,2389023.0,294,0,0,3.999
929,1,8,8.28,2506794.0,311,0,0,4.0
929,1,9,16.95,280163.7,19,88,12,3.999
929,1,10,5.22,2714544.0,345,0,0,4.0
929,1,11,27.19,2297398.0,285,0,0,3.999
929,1,12,16.04,23470.8,0,101,19,3.988
929,1,13,25.94,2249823.0,279,0,0,4.0
929,1,14,7.56,2092992.0,263,0,0,4.0
929,1,15,10.93,1760795.6,222,0,0,4.0
929,1,16,21.21,2637677.0,327,0,0,3.997
929,1,17,10.16,2486306.0,304,0,0,4.0
929,1,18,13.45,1651380.5,195,15,0,3.999
929,1,19,28.59,1005457.1,107,49,3,4.0
929,1,20,28.46,2328428.0,289,0,0,3.996
929,1,21,7.19,1671704.7,205,2,0,4.0
929,1,22,21.02,2280563.0,290,0,0,4.0
929,1,23,22.73,1227293.4,151,21,1,4.0
929,1,24,27.19,69901.2,0,97,25,3.999
929,1,25,13.95,519578.2,45,70,3,3.999
929,1,26,20.95,2400795.0,301,0,0,3.999
929,1,27,28.46,0.0,0,0,0,0.0
929,1,28,27.22,0.0,0,0,0,0.0
929,1,29,21.5,0.0,0,0,0,0.0
929,1,30,21.16,0.0,0,0,0,0.0
929,1,31,18.93,0.0,0,0,0,0.0
929,2,0,6.96,12763.4,0,108,10,3.999
929,2,1,7.77,2120699.4,261,1,0,4.0
929,2,2,20.56,571128.6,56,61,5,3.999
929,2,3,13.62,2348535.0,292,0,0,4.0
929,2,4,16.07,2380006.0,298,0,0,4.0
929,2,5,14.57,5730.0,0,102,10,3.998
929,2,6,13.01,2996517.0,370,0,0,4.0
929,2,7,22.07,1514396.6,190,8,0,3.999
929,2,8,12.5,1450300.3,177,14,0,4.0
929,2,9,25.95,752470.6,70,57,15,4.0
929,2,10,28.65,1834078.4,227,4,0,4.0
929,2,11,13.51,589234.5,55,64,2,4.0
929,2,12,8.75,2856093.0,368,0,0,4.0
929,2,13,16.81,1720430.0,212,1,0,4.0
929,2,14,15.53,2106934.1,264,4,0,4.0
929,2,15,24.33,1671960.1,206,4,0,4.0
929,2,16,27.2,2480699.0,303,0,0,4.0
929,2,17,22.13,2475814.0,298,0,0,4.0
929,2,18,7.17,2328786.0,295,0,0,4.0
929,2,19,25.2,1894315.2,235,1,0,4.0
929,2,20,14.13,65555.3,0,105,12,4.0
929,2,21,13.24,1664648.9,207,3,0,4.0
929,2,22,17.91,2476711.0,309,0,0,4.0
929,2,23,17.9,2385377.0,296,0,0,4.0
929,2,24,22.87,922206.7,108,44,0,4.0
929,2,25,14.85,44462.4,0,99,12,3.999
929,2,26,13.33,1514374.1,192,11,0,4.0
929,2,27,21.36,2413553.0,297,1,0,4.0
929,2,28,11.89,1149464.2,143,23,1,4.0
929,2,29,27.14,2408646.0,302,0,0,4.0
929,2,30,26.39,0.0,0,0,0,0.0
929,2,31,12.54,0.0,0,0,0,0.0
939,0,0,6.65,292461.4,18,94,3,4.0
939,0,1,22.27,14282.6,0,93,23,4.0
939,0,2,20.19,2457110.0,305,0,0,4.0
939,0,3,15.08,3078928.0,394,0,0,4.0
939,0,4,12.66,73563.9,0,102,12,4.0
939,0,5,12.32,2876296.0,360,0,0,4.0
939,0,6,23.59,78371.2,0,99,10,4.0
939,0,7,29.41,3121129.0,390,0,0,4.0
939,0,8,26.89,790951.1,67,46,22,4.0
939,0,9,11.95,2397087.0,292,0,0,4.0
939,0,10,25.73,45068.3,0,92,18,3.999
939,0,11,9.19,2334759.0,299,0,0,4.0
939,0,12,11.11,2511424.0,322,0,0,4.0
939,0,13,15.51,495630.6,29,82,3,4.0
939,0,14,23.28,2975977.0,384,0,0,4.0
939,0,15,21.85,2270158.5,281,0,0,4.0
939,0,16,21.6,1063.7,0,91,24,4.0
939,0,17,23.82,1961329.8,237,2,0,4.0
939,0,18,27.48,2133129.0,264,1,0,4.0
939,0,19,5.6,35249.8,0,109,5,4.0
939,0,20,13.77,2885989.0,361,0,0,4.0
939,0,21,17.56,2386767.0,297,0,0,4.0
939,0,22,22.78,88696.6,0,113,12,4.0
939,0,23,12.17,93252.8,0,111,3,4.0
939,0,24,22.8,0.0,0,0,0,0.0
939,0,25,12.77,0.0,0,0,0,0.0
939,0,26,10.24,0.0,0,0,0,0.0
939,0,27,18.02,0.0,0,0,0,0.0
939,0,28,17.56,0.0,0,0,0,0.0
939,0,29,14.3,0.0,0,0,0,0.0
939,0,30,23.94,0.0,0,0,0,0.0
939,0,31,26.59,0.0,0,0,0,0.0
939,1,0,15.71,275916.9,10,96,12,4.0
939,1,1,17.29,2339049.0,297,0,0,4.0
939,1,2,19.04,856322.6,99,51,0,4.0
939,1,3,16.81,2651051.0,330,0,0,4.0
939,1,4,25.54,23960.1,0,87,40,3.997
939,1,5,18.36,2336301.0,297,0,0,4.0
939,1,6,8.63,1820381.4,219,5,0,3.999
939,1,7,5.33,2379815.3,298,0,0,4.0
939,1,8,8.28,2581450.0,319,0,0,3.999
939,1,9,16.95,293237.0,12,83,13,4.0
939,1,10,5.22,2623841.0,332,0,0,4.0
939,1,11,27.19,2297585.0,288,0,0,4.0
939,1,12,16.04,26149.6,0,95,29,3.996
939,1,13,25.94,2123082.9,268,1,0,4.0
939,1,14,7.56,2328669.0,282,0,0,4.0
939,1,15,10.93,1807876.9,223,2,0,4.0
939,1,16,21.21,2428485.0,300,0,0,4.0
939,1,17,10.16,2356443.0,294,0,0,4.0
939,1,18,13.45,1513244.5,181,17,0,3.999
939,1,19,28.59,912011.4,97,48,7,4.0
939,1,20,28.46,2391907.4,300,0,0,3.999
939,1,21,7.19,1647437.6,203,6,0,3.999
939,1,22,21.02,2296467.0,294,0,0,4.0
939,1,23,22.73,1239285.0,146,29,1,4.0
939,1,24,27.19,76282.0,0,89,35,3.999
939,1,25,13.95,506411.4,41,69,6,4.0
939,1,26,20.95,2509105.0,303,0,0,4.0
939,1,27,28.46,0.0,0,0,0,0.0
939,1,28,27.22,0.0,0,0,0,0.0
939,1,29,21.5,0.0,0,0,0,0.0
939,1,30,21.16,0.0,0,0,0,0.0
939,1,31,18.93,0.0,0,0,0,0.0
939,2,0,6.96,12119.2,0,97,10,3.999
939,2,1,7.77,1992870.4,252,2,0,4.0
939,2,2,20.56,568516.3,43,79,4,4.0
939,2,3,13.62,2276546.0,283,0,0,4.0
939,2,4,16.07,2327003.0,296,0,0,4.0
939,2,5,14.57,3378.2,0,106,10,4.0
939,2,6,13.01,2884057.0,362,0,0,4.0
939,2,7,22.07,1594290.5,198,6,0,4.0
939,2,8,12.5,1404793.8,171,15,0,4.0
939,2,9,25.95,759670.8,70,55,12,4.0
939,2,10,28.65,1840965.4,227,9,0,4.0
939,2,11,13.51,627426.3,59,72,4,4.0
939,2,12,8.75,2608891.0,331,0,0,4.0
939,2,13,16.81,1703481.8,214,3,0,4.0
939,2,14,15.53,2148974.8,267,1,0,4.0
939,2,15,24.33,1600083.1,202,4,0,4.0
939,2,16,27.2,2551813.0,308,0,0,4.0
939,2,17,22.13,2647890.0,328,0,0,4.0
939,2,18,7.17,2607715.8,315,0,0,4.0
939,2,19,25.2,1878594.1,242,0,0,4.0
939,2,20,14.13,75804.9,1,90,16,4.0
939,2,21,13.24,1571075.9,206,7,0,4.0
939,2,22,17.91,2378413.0,299,0,0,4.0
939,2,23,17.9,2412187.9,295,0,0,4.0
939,2,24,22.87,1068527.9,116,36,0,4.0
939,2,25,14.85,31486.7,0,100,18,3.999
939,2,26,13.33,1451176.2,179,6,0,3.999
939,2,27,21.36,2540523.4,312,1,0,4.0
939,2,28,11.89,1116672.0,133,31,1,3.999
939,2,29,27.14,2421578.0,309,0,0,4.0
939,2,30,26.39,0.0,0,0,0,0.0
939,2,31,12.54,0.0,0,0,0,0.0
949,0,0,6.65,274841.1,7,103,5,4.0
949,0,1,22.27,12356.7,0,97,21,4.0
949,0,2,20.19,2538957.0,316,0,0,4.0
949,0,3,15.08,2810854.0,355,0,0,4.0
949,0,4,12.66,67171.5,0,107,10,4.0
949,0,5,12.32,2923242.0,362,0,0,4.0
949,0,6,23.59,79314.3,0,110,6,4.0
949,0,7,29.41,2941285.0,368,0,0,4.0
949,0,8,26.89,874491.0,78,50,19,4.0
949,0,9,11.95,2160999.0,273,0,0,4.0
949,0,10,25.73,46905.6,0,104,18,4.0
949,0,11,9.19,2392574.0,294,0,0,4.0
949,0,12,11.11,2608156.0,329,0,0,4.0
949,0,13,15.51,574084.9,48,71,1,4.0
949,0,14,23.28,3099383.0,389,0,0,4.0
949,0,15,21.85,2295178.0,284,0,0,4.0
949,0,16,21.6,1278.6,0,82,29,4.0
949,0,17,23.82,1835640.2,225,0,0,4.0
949,0,18,27.48,1998941.8,255,2,0,4.0
949,0,19,5.6,32714.4,0,104,2,4.0
949,0,20,13.77,2733112.0,337,0,0,4.0
949,0,21,17.56,2297248.0,289,0,0,4.0
949,0,22,22.78,100611.3,0,91,17,4.0
949,0,23,12.17,96051.1,0,108,4,4.0
949,0,24,22.8,0.0,0,0,0,0.0
949,0,25,12.77,0.0,0,0,0,0.0
949,0,26,10.24,0.0,0,0,0,0.0
949,0,27,18.02,0.0,0,0,0,0.0
949,0,28,17.56,0.0,0,0,0,0.0
949,0,29,14.3,0.0,0,0,0,0.0
949,0,30,23.94,0.0,0,0,0,0.0
949,0,31,26.59,0.0,0,0,0,0.0
949,1,0,15.71,236838.0,7,91,12,3.997
949,1,1,17.29,2508780.0,314,0,0,4.0
949,1,2,19.04,972109.8,101,45,0,3.999
949,1,3,16.81,2627562.0,323,0,0,3.998
949,1,4,25.54,18100.6,0,89,42,3.995
949,1,5,18.36,2468877.2,303,0,0,4.0
949,1,6,8.63,1835615.2,225,6,0,3.999
949,1,7,5.33,2444187.0,301,0,0,4.0
949,1,8,8.28,2499010.9,310,1,0,4.0
949,1,9,16.95,276791.3,8,100,15,3.999
949,1,10,5.22,2762033.0,338,0,0,3.998
949,1,11,27.19,2112987.0,272,0,0,4.0
949,1,12,16.04,17455.3,0,96,25,3.996
949,1,13,25.94,2242516.4,275,2,0,3.998
949,1,14,7.56,2281971.0,292,0,0,4.0
949,1,15,10.93,1835053.2,230,2,0,4.0
949,1,16,21.21,2468694.0,304,0,0,4.0
949,1,17,10.16,2296969.0,291,0,0,4.0
949,1,18,13.45,1571961.1,187,13,0,4.0
949,1,19,28.59,967299.5,101,46,5,4.0
949,1,20,28.46,2462202.0,311,0,0,3.999
949,1,21,7.19,1650233.6,208,2,0,3.999
949,1,22,21.02,2161293.0,271,0,0,3.997
949,1,23,22.73,1280324.8,155,20,0,4.0
949,1,24,27.19,92813.2,0,96,26,3.997
949,1,25,13.95,542318.3,36,84,4,3.998
949,1,26,20.95,2424352.0,308,0,0,4.0
949,1,27,28.46,0.0,0,0,0,0.0
949,1,28,27.22,0.0,0,0,0,0.0
949,1,29,21.5,0.0,0,0,0,0.0
949,1,30,21.16,0.0,0,0,0,0.0
949,1,31,18.93,0.0,0,0,0,0.0
949,2,0,6.96,10351.1,0,105,10,4.0
949,2,1,7.77,2019487.8,256,1,0,4.0
949,2,2,20.56,544603.3,43,75,7,4.0
949,2,3,13.62,2392040.0,291,0,0,4.0
949,2,4,16.07,2325703.0,303,0,0,4.0
949,2,5,14.57,3130.1,0,101,10,3.998
949,2,6,13.01,2861133.0,347,0,0,4.0
949,2,7,22.07,1583554.1,198,7,0,4.0
949,2,8,12.5,1541034.5,188,8,0,4.0
949,2,9,25.95,704110.4,65,59,14,4.0
949,2,10,28.65,1769746.9,216,5,0,4.0
949,2,11,13.51,558941.7,40,76,6,4.0
949,2,12,8.75,2689080.0,338,0,0,4.0
949,2,13,16.81,1749700.0,220,0,0,4.0
949,2,14,15.53,2199765.2,272,1,0,4.0
949,2,15,24.33,1687063.8,207,5,0,4.0
949,2,16,27.2,2434536.0,305,0,0,4.0
949,2,17,22.13,2614360.0,319,0,0,4.0
949,2,18,7.17,2522398.0,308,0,0,4.0
949,2,19,25.2,1841687.3,232,2,0,4.0
949,2,20,14.13,76641.8,0,104,11,3.999
949,2,21,13.24,1740837.5,220,1,0,4.0
949,2,22,17.91,2451681.0,300,0,0,4.0
949,2,23,17.9,2294142.0,282,0,0,4.0
949,2,24,22.87,1010212.0,116,40,0,3.999
949,2,25,14.85,42319.0,0,98,13,3.998
949,2,26,13.33,1427647.7,178,8,0,4.0
949,2,27,21.36,2394467.0,297,0,0,4.0
949,2,28,11.89,1154117.8,126,35,3,4.0
949,2,29,27.14,2379430.0,295,0,0,4.0
949,2,30,26.39,0.0,0,0,0,0.0
949,2,31,12.54,0.0,0,0,0,0.0
959,0,0,6.65,290603.3,7,103,4,4.0
959,0,1,22.27,13722.9,0,100,19,4.0
959,0,2,20.19,2637540.0,325,0,0,4.0
959,0,3,15.08,3065015.0,389,0,0,4.0
959,0,4,12.66,69332.6,0,98,12,4.0
959,0,5,12.32,2905359.0,358,0,0,4.0
959,0,6,23.59,87585.4,0,112,8,4.0
959,0,7,29.41,2911071.0,368,0,0,4.0
959,0,8,26.89,770422.2,77,50,14,4.0
959,0,9,11.95,2343132.0,290,0,0,4.0
959,0,10,25.73,43907.9,0,88,21,4.0
959,0,11,9.19,2343268.0,290,0,0,4.0
959,0,12,11.11,2601207.0,331,0,0,4.0
959,0,13,15.51,467331.4,34,83,1,4.0
959,0,14,23.28,3136631.0,399,0,0,4.0
959,0,15,21.85,2380942.2,288,1,0,4.0
959,0,16,21.6,1160.0,0,85,33,4.0
959,0,17,23.82,1970426.9,244,1,0,4.0
959,0,18,27.48,1925043.2,241,3,0,4.0
959,0,19,5.6,30390.3,0,105,5,4.0
959,0,20,13.77,2879927.0,357,0,0,4.0
959,0,21,17.56,2234795.0,288,0,0,4.0
959,0,22,22.78,106693.4,0,99,13,4.0
959,0,23,12.17,96588.6,0,112,5,4.0
959,0,24,22.8,0.0,0,0,0,0.0
959,0,25,12.77,0.0,0,0,0,0.0
959,0,26,10.24,0.0,0,0,0,0.0
959,0,27,18.02,0.0,0,0,0,0.0
959,0,28,17.56,0.0,0,0,0,0.0
959,0,29,14.3,0.0,0,0,0,0.0
959,0,30,23.94,0.0,0,0,0,0.0
959,0,31,26.59,0.0,0,0,0,0.0
959,1,0,15.71,279209.9,10,100,17,3.998
959,1,1,17.29,2379768.0,306,0,0,4.0
959,1,2,19.04,993427.0,114,40,0,4.0
959,1,3,16.81,2688623.0,328,0,0,4.0
959,1,4,25.54,23993.8,0,87,41,3.998
959,1,5,18.36,2491822.2,311,0,0,3.999
959,1,6,8.63,1628091.7,210,0,0,3.999
959,1,7,5.33,2267080.0,283,0,0,4.0
959,1,8,8.28,2510314.0,310,0,0,4.0
959,1,9,16.95,288660.4,9,98,9,3.999
959,1,10,5.22,2718276.0,330,0,0,4.0
959,1,11,27.19,2333648.0,292,0,0,4.0
959,1,12,16.04,22302.5,0,102,17,3.998
959,1,13,25.94,2146756.0,270,0,0,4.0
959,1,14,7.56,2252520.0,289,0,0,4.0
959,1,15,10.93,1884618.4,233,0,0,4.0
959,1,16,21.21,2352074.0,290,0,0,4.0
959,1,17,10.16,2308611.5,279,0,0,3.999
959,1,18,13.45,1560758.3,189,9,1,4.0
959,1,19,28.59,938023.1,94,45,5,3.999
959,1,20,28.46,2249770.0,288,0,0,4.0
959,1,21,7.19,1739479.7,208,4,0,4.0
959,1,22,21.02,2330093.0,297,0,0,4.0
959,1,23,22.73,1320283.5,156,22,2,4.0
959,1,24,27.19,62362.1,0,78,43,4.0
959,1,25,13.95,517032.8,44,76,3,4.0
959,1,26,20.95,2453356.0,309,0,0,4.0
959,1,27,28.46,0.0,0,0,0,0.0
959,1,28,27.22,0.0,0,0,0,0.0
959,1,29,21.5,0.0,0,0,0,0.0
959,1,30,21.16,0.0,0,0,0,0.0
959,1,31,18.93,0.0,0,0,0,0.0
959,2,0,6.96,10440.5,0,103,9,3.999
959,2,1,7.77,1979929.0,243,0,0,4.0
959,2,2,20.56,570810.7,46,68,7,4.0
959,2,3,13.62,2364356.0,296,0,0,4.0
959,2,4,16.07,2432328.0,301,0,0,4.0
959,2,5,14.57,3799.1,0,104,7,4.0
959,2,6,13.01,2772989.0,352,0,0,4.0
959,2,7,22.07,1584035.2,199,3,0,4.0
959,2,8,12.5,1487205.2,173,22,0,4.0
959,2,9,25.95,727043.1,72,57,8,3.999
959,2,10,28.65,1797757.0,226,3,0,4.0
959,2,11,13.51,590473.4,59,75,3,4.0
959,2,12,8.75,2723852.0,340,0,0,4.0
959,2,13,16.81,1766966.7,222,3,0,4.0
959,2,14,15.53,1984973.0,255,0,0,4.0
959,2,15,24.33,1698474.9,200,11,0,4.0
959,2,16,27.2,2446208.0,310,0,0,4.0
959,2,17,22.13,2589081.0,327,0,0,4.0
959,2,18,7.17,2426483.0,296,0,0,3.998
959,2,19,25.2,1859126.9,230,2,0,4.0
959,2,20,14.13,91903.6,1,98,14,4.0
959,2,21,13.24,1852326.1,226,3,0,4.0
959,2,22,17.91,2271970.0,288,0,0,4.0
959,2,23,17.9,2298621.0,290,0,0,4.0
959,2,24,22.87,966953.9,102,45,0,4.0
959,2,25,14.85,49062.7,0,101,11,3.998
959,2,26,13.33,1500800.8,190,6,0,4.0
959,2,27,21.36,2563562.0,315,0,0,4.0
959,2,28,11.89,1101150.0,121,33,1,4.0
959,2,29,27.14,2383599.0,298,0,0,4.0
959,2,30,26.39,0.0,0,0,0,0.0
959,2,31,12.54,0.0,0,0,0,0.0
969,0,0,6.65,292768.8,6,101,6,4.0
969,0,1,22.27,12547.3,0,91,17,4.0
969,0,2,20.19,2451366.0,303,0,0,4.0
969,0,3,15.08,3191306.0,399,0,0,4.0
969,0,4,12.66,57947.8,0,103,8,4.0
969,0,5,12.32,2832828.0,359,0,0,4.0
969,0,6,23.59,79786.5,0,102,9,4.0
969,0,7,29.41,3076786.0,371,0,0,4.0
969,0,8,26.89,885893.2,82,46,17,4.0
969,0,9,11.95,2438117.0,298,0,0,4.0
969,0,10,25.73,42363.2,0,102,17,4.0
969,0,11,9.19,2365404.0,294,0,0,4.0
969,0,12,11.11,2713268.0,343,0,0,4.0
969,0,13,15.51,548621.1,38,80,2,4.0
969,0,14,23.28,2995469.0,383,0,0,4.0
969,0,15,21.85,2230497.0,274,0,0,4.0
969,0,16,21.6,1173.5,0,94,29,4.0
969,0,17,23.82,1805461.8,232,3,0,4.0
969,0,18,27.48,2128979.4,263,2,0,4.0
969,0,19,5.6,33749.7,0,104,5,4.0
969,0,20,13.77,3085956.0,388,0,0,4.0
969,0,21,17.56,2176582.0,277,0,0,4.0
969,0,22,22.78,107307.1,0,94,15,4.0
969,0,23,12.17,88650.7,0,110,1,4.0
969,0,24,22.8,0.0,0,0,0,0.0
969,0,25,12.77,0.0,0,0,0,0.0
969,0,26,10.24,0.0,0,0,0,0.0
969,0,27,18.02,0.0,0,0,0,0.0
969,0,28,17.56,0.0,0,0,0,0.0
969,0,29,14.3,0.0,0,0,0,0.0
969,0,30,23.94,0.0,0,0,0,0.0
969,0,31,26.59,0.0,0,0,0,0.0
969,1,0,15.71,228388.7,6,94,14,3.995
969,1,1,17.29,2407628.0,303,1,0,4.0
969,1,2,19.04,946120.2,106,40,0,4.0
969,1,3,16.81,2778288.0,346,0,0,3.996
969,1,4,25.54,26858.4,0,86,40,3.997
969,1,5,18.36,2473040.0,310,0,0,4.0
969,1,6,8.63,1651851.6,208,3,0,4.0
969,1,7,5.33,2419206.0,305,0,0,4.0
969,1,8,8.28,2450582.0,302,0,0,4.0
969,1,9,16.95,299578.7,12,92,17,3.999
969,1,10,5.22,2716001.0,339,0,0,4.0
969,1,11,27.19,2143938.3,272,2,0,4.0
969,1,12,16.04,20464.5,0,84,33,3.997
969,1,13,25.94,2092888.0,269,0,0,3.999
969,1,14,7.56,2294081.0,284,0,0,4.0
969,1,15,10.93,1665312.4,216,3,0,4.0
969,1,16,21.21,2483199.0,309,0,0,4.0
969,1,17,10.16,2396194.0,298,0,0,4.0
969,1,18,13.45,1530076.8,184,8,0,4.0
969,1,19,28.59,980373.4,97,41,8,4.0
969,1,20,28.46,2350301.0,289,0,0,4.0
969,1,21,7.19,1670565.8,207,3,0,4.0
969,1,22,21.02,2308490.0,295,0,0,4.0
969,1,23,22.73,1364696.3,152,23,1,4.0
969,1,24,27.19,75589.7,0,95,28,3.999
969,1,25,13.95,535004.9,38,84,5,4.0
969,1,26,20.95,2493266.7,301,0,0,4.0
969,1,27,28.46,0.0,0,0,0,0.0
969,1,28,27.22,0.0,0,0,0,0.0
969,1,29,21.5,0.0,0,0,0,0.0
969,1,30,21.16,0.0,0,0,0,0.0
969,1,31,18.93,0.0,0,0,0,0.0
969,2,0,6.96,9602.4,0,107,6,4.0
969,2,1,7.77,2169242.9,265,1,0,3.998
969,2,2,20.56,588948.9,50,70,9,4.0
969,2,3,13.62,2252694.0,280,0,0,4.0
969,2,4,16.07,2363481.0,292,0,0,3.997
969,2,5,14.57,2200.1,0,112,8,4.0
969,2,6,13.01,2788215.0,343,0,0,3.998
969,2,7,22.07,1619264.0,206,2,0,3.999
969,2,8,12.5,1461975.0,173,8,0,4.0
969,2,9,25.95,703496.8,62,67,8,3.999
969,2,10,28.65,2035385.4,251,3,0,4.0
969,2,11,13.51,557746.6,53,77,2,4.0
969,2,12,8.75,2835778.0,363,0,0,4.0
969,2,13,16.81,1705358.9,214,1,0,4.0
969,2,14,15.53,2049379.9,260,1,0,4.0
969,2,15,24.33,1706233.0,215,7,0,3.997
969,2,16,27.2,2445196.9,300,0,0,3.999
969,2,17,22.13,2512983.0,317,0,0,3.997
969,2,18,7.17,2511743.0,305,0,0,4.0
969,2,19,25.2,1963532.2,243,3,0,3.999
969,2,20,14.13,55103.3,0,103,12,4.0
969,2,21,13.24,1759205.0,216,1,0,3.998
969,2,22,17.91,2544837.0,321,0,0,4.0
969,2,23,17.9,2328366.0,295,0,0,4.0
969,2,24,22.87,1043139.4,119,30,0,3.999
969,2,25,14.85,31107.4,0,106,14,3.997
969,2,26,13.33,1608833.2,192,19,0,3.999
969,2,27,21.36,2533993.0,313,0,0,3.998
969,2,28,11.89,1144092.9,132,31,1,3.998
969,2,29,27.14,2503075.0,310,0,0,4.0
969,2,30,26.39,0.0,0,0,0,0.0
969,2,31,12.54,0.0,0,0,0,0.0
979,0,0,6.65,334168.8,8,95,10,4.0
979,0,1,22.27,14032.2,0,106,17,4.0
979,0,2,20.19,2511251.0,326,0,0,4.0
979,0,3,15.08,3169058.0,391,0,0,4.0
979,0,4,12.66,50376.3,0,101,14,4.0
979,0,5,12.32,2977255.0,377,0,0,4.0
979,0,6,23.59,72894.0,0,103,13,4.0
979,0,7,29.41,2731790.0,337,0,0,4.0
979,0,8,26.89,826719.6,77,46,22,4.0
979,0,9,11.95,2304940.0,285,0,0,4.0
979,0,10,25.73,36811.9,0,95,20,4.0
979,0,11,9.19,2323762.0,294,0,0,4.0
979,0,12,11.11,2638410.0,329,0,0,4.0
979,0,13,15.51,505545.9,19,91,8,4.0
979,0,14,23.28,3081800.0,376,0,0,4.0
979,0,15,21.85,2237301.1,285,0,0,4.0
979,0,16,21.6,1388.0,0,86,30,4.0
979,0,17,23.82,1926042.9,237,2,0,4.0
979,0,18,27.48,2019077.0,256,1,0,4.0
979,0,19,5.6,34643.6,0,106,4,4.0
979,0,20,13.77,2888277.0,365,0,0,4.0
979,0,21,17.56,2322919.0,282,0,0,4.0
979,0,22,22.78,111161.1,0,94,16,4.0
979,0,23,12.17,102079.7,0,103,6,4.0
979,0,24,22.8,0.0,0,0,0,0.0
979,0,25,12.77,0.0,0,0,0,0.0
979,0,26,10.24,0.0,0,0,0,0.0
979,0,27,18.02,0.0,0,0,0,0.0
979,0,28,17.56,0.0,0,0,0,0.0
979,0,29,14.3,0.0,0,0,0,0.0
979,0,30,23.94,0.0,0,0,0,0.0
979,0,31,26.59,0.0,0,0,0,0.0
979,1,0,15.71,193186.9,1,107,5,3.999
979,1,1,17.29,2248999.0,278,0,0,4.0
979,1,2,19.04,1042066.4,119,32,0,4.0
979,1,3,16.81,2744614.0,344,0,0,4.0
979,1,4,25.54,24821.6,0,82,46,3.998
979,1,5,18.36,2501562.0,310,0,0,4.0
979,1,6,8.63,1808976.3,223,5,0,4.0
979,1,7,5.33,2470682.0,308,0,0,4.0
979,1,8,8.28,2394663.0,296,0,0,4.0
979,1,9,16.95,295065.4,12,88,14,3.997
979,1,10,5.22,2786935.0,343,0,0,4.0
979,1,11,27.19,2249150.0,279,0,0,4.0
979,1,12,16.04,19158.5,0,88,28,3.996
979,1,13,25.94,2034367.0,262,0,0,4.0
979,1,14,7.56,2244605.0,282,0,0,4.0
979,1,15,10.93,1933874.5,239,3,0,4.0
979,1,16,21.21,2563841.0,316,0,0,4.0
979,1,17,10.16,2277789.0,287,0,0,4.0
979,1,18,13.45,1606632.6,193,14,0,4.0
979,1,19,28.59,1061583.6,116,31,11,4.0
979,1,20,28.46,2300466.0,279,0,0,4.0
979,1,21,7.19,1623310.3,204,4,0,4.0
979,1,22,21.02,2403471.0,307,0,0,4.0
979,1,23,22.73,1344351.6,154,25,3,3.999
979,1,24,27.19,63913.1,0,88,36,3.997
979,1,25,13.95,381287.3,24,87,6,3.998
979,1,26,20.95,2285438.0,292,0,0,4.0
979,1,27,28.46,0.0,0,0,0,0.0
979,1,28,27.22,0.0,0,0,0,0.0
979,1,29,21.5,0.0,0,0,0,0.0
979,1,30,21.16,0.0,0,0,0,0.0
979,1,31,18.93,0.0,0,0,0,0.0
979,2,0,6.96,8809.1,0,94,12,3.999
979,2,1,7.77,2147441.0,261,0,0,4.0
979,2,2,20.56,502519.9,33,78,15,4.0
979,2,3,13.62,2362751.4,285,0,0,4.0
979,2,4,16.07,2382552.0,295,0,0,4.0
979,2,5,14.57,1874.3,0,103,9,4.0
979,2,6,13.01,2672567.0,342,0,0,4.0
979,2,7,22.07,1511478.2,194,5,0,3.999
979,2,8,12.5,1588208.6,197,9,0,4.0
979,2,9,25.95,725171.5,61,55,17,4.0
979,2,10,28.65,1990023.7,250,3,0,4.0
979,2,11,13.51,578083.8,53,75,3,4.0
979,2,12,8.75,2793112.0,353,0,0,4.0
979,2,13,16.81,1744324.4,221,0,0,4.0
979,2,14,15.53,2139305.0,261,0,0,4.0
979,2,15,24.33,1617706.7,201,6,0,4.0
979,2,16,27.2,2508866.0,312,0,0,4.0
979,2,17,22.13,2470474.0,312,0,0,4.0
979,2,18,7.17,2587414.0,329,0,0,4.0
979,2,19,25.2,1921907.7,237,1,0,4.0
979,2,20,14.13,52173.6,0,103,11,4.0
979,2,21,13.24,1688258.5,219,4,0,4.0
979,2,22,17.91,2430371.0,308,0,0,4.0
979,2,23,17.9,2307832.0,284,0,0,4.0
979,2,24,22.87,1106374.6,125,32,1,4.0
979,2,25,14.85,39273.3,0,101,17,3.998
979,2,26,13.33,1587708.8,190,10,0,3.999
979,2,27,21.36,2531217.0,310,0,0,4.0
979,2,28,11.89,984675.8,109,48,0,3.999
979,2,29,27.14,2312145.0,287,0,0,4.0
979,2,30,26.39,0.0,0,0,0,0.0
979,2,31,12.54,0.0,0,0,0,0.0
989,0,0,6.65,298032.7,10,100,5,4.0
989,0,1,22.27,11592.6,0,96,24,4.0
989,0,2,20.19,2364673.0,302,0,0,4.0
989,0,3,15.08,2915798.0,366,0,0,4.0
989,0,4,12.66,55612.5,0,100,11,4.0
989,0,5,12.32,2890895.0,366,0,0,4.0
989,0,6,23.59,83829.2,0,101,16,4.0
989,0,7,29.41,2955747.0,375,0,0,4.0
989,0,8,26.89,843082.4,78,54,10,4.0
989,0,9,11.95,2306710.0,285,0,0,4.0
989,0,10,25.73,37450.8,0,110,11,4.0
989,0,11,9.19,2558361.0,313,0,0,4.0
989,0,12,11.11,2456150.0,304,0,0,4.0
989,0,13,15.51,566829.7,32,87,1,4.0
989,0,14,23.28,3309783.0,413,0,0,4.0
989,0,15,21.85,2288276.0,275,0,0,4.0
989,0,16,21.6,1203.4,0,71,38,4.0
989,0,17,23.82,1827199.7,223,2,0,4.0
989,0,18,27.48,2067236.7,258,2,0,4.0
989,0,19,5.6,30202.6,0,113,3,4.0
989,0,20,13.77,2755269.0,345,0,0,4.0
989,0,21,17.56,2372224.0,295,0,0,4.0
989,0,22,22.78,91897.7,0,106,12,4.0
989,0,23,12.17,94706.9,0,110,5,4.0
989,0,24,22.8,0.0,0,0,0,0.0
989,0,25,12.77,0.0,0,0,0,0.0
989,0,26,10.24,0.0,0,0,0,0.0
989,0,27,18.02,0.0,0,0,0,0.0
989,0,28,17.56,0.0,0,0,0,0.0
989,0,29,14.3,0.0,0,0,0,0.0
989,0,30,23.94,0.0,0,0,0,0.0
989,0,31,26.59,0.0,0,0,0,0.0
989,1,0,15.71,179578.3,2,101,11,4.0
989,1,1,17.29,2416015.0,304,0,0,4.0
989,1,2,19.04,1011373.3,115,37,0,4.0
989,1,3,16.81,2791420.0,348,0,0,4.0
989,1,4,25.54,23632.8,0,90,35,3.999
989,1,5,18.36,2379991.0,299,0,0,4.0
989,1,6,8.63,1820276.5,221,1,0,4.0
989,1,7,5.33,2237163.1,283,0,0,4.0
989,1,8,8.28,2555761.7,320,0,0,4.0
989,1,9,16.95,263162.6,7,88,16,4.0
989,1,10,5.22,2766950.0,351,0,0,4.0
989,1,11,27.19,2182473.0,279,0,0,4.0
989,1,12,16.04,17426.0,0,101,25,3.999
989,1,13,25.94,2158813.0,279,0,0,4.0
989,1,14,7.56,2311412.0,283,0,0,4.0
989,1,15,10.93,1804160.5,231,2,0,4.0
989,1,16,21.21,2551574.0,319,0,0,4.0
989,1,17,10.16,2330212.0,291,0,0,4.0
989,1,18,13.45,1585303.1,199,10,0,4.0
989,1,19,28.59,964828.7,92,51,9,4.0
989,1,20,28.46,2432065.0,301,0,0,4.0
989,1,21,7.19,1550419.2,190,4,0,4.0
989,1,22,21.02,2327772.0,290,0,0,4.0
989,1,23,22.73,1333911.7,154,24,2,4.0
989,1,24,27.19,80795.9,0,91,31,3.999
989,1,25,13.95,532612.2,38,81,6,4.0
989,1,26,20.95,2358249.0,292,0,0,4.0
989,1,27,28.46,0.0,0,0,0,0.0
989,1,28,27.22,0.0,0,0,0,0.0
989,1,29,21.5,0.0,0,0,0,0.0
989,1,30,21.16,0.0,0,0,0,0.0
989,1,31,18.93,0.0,0,0,0,0.0
989,2,0,6.96,8516.6,0,103,13,4.0
989,2,1,7.77,1956367.0,242,0,0,3.998
989,2,2,20.56,543285.2,44,71,12,3.999
989,2,3,13.62,2152772.0,278,0,0,4.0
989,2,4,16.07,2384477.0,296,0,0,4.0
989,2,5,14.57,2396.4,0,104,7,3.997
989,2,6,13.01,2810258.0,353,0,0,4.0
989,2,7,22.07,1500535.9,192,5,0,3.998
989,2,8,12.5,1539820.7,178,15,0,3.999
989,2,9,25.95,734619.0,76,46,9,3.997
989,2,10,28.65,1766380.7,222,2,0,4.0
989,2,11,13.51,600536.2,48,76,4,3.999
989,2,12,8.75,2775620.0,349,0,0,3.998
989,2,13,16.81,1586689.4,203,4,0,3.999
989,2,14,15.53,2051263.0,260,0,0,4.0
989,2,15,24.33,1634210.9,208,6,0,3.999
989,2,16,27.2,2531969.0,308,0,0,3.997
989,2,17,22.13,2792023.0,343,0,0,4.0
989,2,18,7.17,2403797.0,299,0,0,3.998
989,2,19,25.2,1943991.5,240,1,0,3.997
989,2,20,14.13,54363.5,0,103,8,3.994
989,2,21,13.24,1804221.7,216,6,0,3.999
989,2,22,17.91,2417201.0,301,0,0,4.0
989,2,23,17.9,2482334.0,303,0,0,4.0
989,2,24,22.87,1110225.7,124,37,1,4.0
989,2,25,14.85,35090.0,0,106,12,4.0
989,2,26,13.33,1623621.6,196,7,0,4.0
989,2,27,21.36,2792345.0,345,0,0,4.0
989,2,28,11.89,1129746.4,122,40,0,4.0
989,2,29,27.14,2508339.0,306,0,0,4.0
989,2,30,26.39,0.0,0,0,0,0.0
989,2,31,12.54,0.0,0,0,0,0.0
999,0,0,6.65,303255.2,10,100,9,4.0
999,0,1,22.27,12099.0,0,102,18,4.0
999,0,2,20.19,2521400.0,312,0,0,4.0
999,0,3,15.08,2997674.0,374,0,0,4.0
999,0,4,12.66,45986.4,0,108,8,4.0
999,0,5,12.32,3012915.0,378,1,0,4.0
999,0,6,23.59,78599.0,0,104,13,4.0
999,0,7,29.41,2978810.0,367,0,0,4.0
999,0,8,26.89,898461.9,93,44,8,4.0
999,0,9,11.95,2230666.0,279,0,0,4.0
999,0,10,25.73,35483.0,0,108,12,4.0
999,0,11,9.19,2270192.0,283,0,0,4.0
999,0,12,11.11,2676579.0,328,0,0,4.0
999,0,13,15.51,583817.6,36,84,9,4.0
999,0,14,23.28,3177932.0,400,0,0,4.0
999,0,15,21.85,2220612.0,276,0,0,4.0
999,0,16,21.6,1146.2,0,102,25,4.0
999,0,17,23.82,1824621.3,230,3,0,4.0
999,0,18,27.48,2106860.0,258,0,0,4.0
999,0,19,5.6,29837.6,0,107,7,4.0
999,0,20,13.77,2799937.0,353,0,0,4.0
999,0,21,17.56,2262432.0,284,0,0,4.0
999,0,22,22.78,103475.3,0,102,14,4.0
999,0,23,12.17,89560.6,0,103,6,4.0
999,0,24,22.8,0.0,0,0,0,0.0
999,0,25,12.77,0.0,0,0,0,0.0
999,0,26,10.24,0.0,0,0,0,0.0
999,0,27,18.02,0.0,0,0,0,0.0
999,0,28,17.56,0.0,0,0,0,0.0
999,0,29,14.3,0.0,0,0,0,0.0
999,0,30,23.94,0.0,0,0,0,0.0
999,0,31,26.59,0.0,0,0,0,0.0
999,1,0,15.71,201132.1,4,88,15,3.999
999,1,1,17.29,2499228.0,311,0,0,3.995
999,1,2,19.04,973862.5,105,44,1,3.998
999,1,3,16.81,2708729.0,344,0,0,3.994
999,1,4,25.54,25782.2,0,88,30,3.994
999,1,5,18.36,2576279.0,324,0,0,3.999
999,1,6,8.63,1782525.7,223,2,0,3.998
999,1,7,5.33,2494500.0,319,0,0,3.997
999,1,8,8.28,2479735.0,312,0,0,4.0
999,1,9,16.95,313075.4,10,89,13,3.999
999,1,10,5.22,2598780.0,323,0,0,3.998
999,1,11,27.19,2211202.0,272,0,0,3.999
999,1,12,16.04,24155.1,0,88,26,3.991
999,1,13,25.94,1994305.0,252,0,0,4.0
999,1,14,7.56,2278755.0,283,0,0,3.996
999,1,15,10.93,1878749.1,228,2,0,3.998
999,1,16,21.21,2432314.1,308,0,0,4.0
999,1,17,10.16,2329642.7,288,0,0,3.999
999,1,18,13.45,1615513.7,195,9,0,3.998
999,1,19,28.59,906748.2,91,38,14,3.999
999,1,20,28.46,2272168.0,287,0,0,3.997
999,1,21,7.19,1743416.6,209,7,0,3.999
999,1,22,21.02,2347333.8,290,0,0,3.995
999,1,23,22.73,1246190.9,147,26,1,3.997
999,1,24,27.19,71963.7,0,78,37,3.998
999,1,25,13.95,451268.2,35,85,6,3.995
999,1,26,20.95,2510654.0,314,0,0,3.997
999,1,27,28.46,0.0,0,0,0,0.0
999,1,28,27.22,0.0,0,0,0,0.0
999,1,29,21.5,0.0,0,0,0,0.0
999,1,30,21.16,0.0,0,0,0,0.0
999,1,31,18.93,0.0,0,0,0,0.0
999,2,0,6.96,5690.0,0,106,11,4.0
999,2,1,7.77,2112796.0,258,1,0,4.0
999,2,2,20.56,595187.0,51,68,15,4.0
999,2,3,13.62,2425775.9,298,0,0,4.0
999,2,4,16.07,2405266.0,298,0,0,4.0
999,2,5,14.57,2017.3,0,104,5,4.0
999,2,6,13.01,2781753.0,338,0,0,4.0
999,2,7,22.07,1610399.1,196,3,0,4.0
999,2,8,12.5,1488393.2,186,12,0,4.0
999,2,9,25.95,676006.6,60,62,11,4.0
999,2,10,28.65,1988817.5,252,1,0,4.0
999,2,11,13.51,600406.7,59,60,10,4.0
999,2,12,8.75,2655186.0,335,0,0,4.0
999,2,13,16.81,1754148.1,221,0,0,4.0
999,2,14,15.53,2011632.0,254,0,0,4.0
999,2,15,24.33,1615151.9,201,7,0,4.0
999,2,16,27.2,2355321.0,293,0,0,4.0
999,2,17,22.13,2548004.0,321,0,0,4.0
999,2,18,7.17,2383787.5,301,0,0,4.0
999,2,19,25.2,1902211.7,231,3,0,4.0
999,2,20,14.13,41113.8,0,100,11,4.0
999,2,21,13.24,1801486.1,224,4,0,4.0
999,2,22,17.91,2691883.0,337,0,0,4.0
999,2,23,17.9,2534700.0,319,0,0,4.0
999,2,24,22.87,1027711.3,115,35,0,4.0
999,2,25,14.85,41534.3,0,102,15,4.0
999,2,26,13.33,1588827.3,194,12,0,4.0
999,2,27,21.36,2412992.0,305,0,0,4.0
999,2,28,11.89,1129195.4,124,37,2,4.0
999,2,29,27.14,2481913.0,304,0,0,4.0
999,2,30,26.39,0.0,0,0,0,0.0
999,2,31,12.54,0.0,0,0,0,0.0
1009,0,0,6.65,283279.7,10,100,6,4.0
1009,0,1,22.27,11710.2,0,87,27,3.999
1009,0,2,20.19,2544731.8,317,0,0,4.0
1009,0,3,15.08,2858922.0,355,0,0,4.0
1009,0,4,12.66,55153.6,0,108,13,4.0
1009,0,5,12.32,2897456.0,364,0,0,4.0
1009,0,6,23.59,72445.3,0,102,11,4.0
1009,0,7,29.41,2992380.0,370,0,0,4.0
1009,0,8,26.89,870516.7,79,41,23,4.0
1009,0,9,11.95,2194498.0,272,0,0,4.0
1009,0,10,25.73,36529.7,0,99,17,3.999
1009,0,11,9.19,2356203.2,299,0,0,4.0
1009,0,12,11.11,2699744.0,341,0,0,4.0
1009,0,13,15.51,513625.2,27,85,8,4.0
1009,0,14,23.28,3206489.0,409,0,0,4.0
1009,0,15,21.85,2316446.0,290,0,0,4.0
1009,0,16,21.6,1256.6,0,89,33,4.0
1009,0,17,23.82,1833814.4,233,1,0,4.0
1009,0,18,27.48,2011263.0,256,0,0,4.0
1009,0,19,5.6,30837.2,0,112,5,4.0
1009,0,20,13.77,2732145.0,342,0,0,4.0
1009,0,21,17.56,2268770.0,286,0,0,4.0
1009,0,22,22.78,102562.7,0,101,13,4.0
1009,0,23,12.17,91929.0,0,108,5,4.0
1009,0,24,22.8,0.0,0,0,0,0.0
1009,0,25,12.77,0.0,0,0,0,0.0
1009,0,26,10.24,0.0,0,0,0,0.0
1009,0,27,18.02,0.0,0,0,0,0.0
1009,0,28,17.56,0.0,0,0,0,0.0
1009,0,29,14.3,0.0,0,0,0,0.0
1009,0,30,23.94,0.0,0,0,0,0.0
1009,0,31,26.59,0.0,0,0,0,0.0
1009,1,0,15.71,182123.6,3,102,12,3.999
1009,1,1,17.29,2515251.0,314,0,0,4.0
1009,1,2,19.04,1086695.9,120,30,1,4.0
1009,1,3,16.81,2801105.0,352,0,0,4.0
1009,1,4,25.54,15331.2,0,77,40,4.0
1009,1,5,18.36,2428548.0,303,0,0,4.0
1009,1,6,8.63,1688512.7,204,8,0,4.0
1009,1,7,5.33,2299336.0,286,0,0,4.0
1009,1,8,8.28,2331142.0,294,0,0,4.0
1009,1,9,16.95,281001.5,7,94,18,4.0
1009,1,10,5.22,2649475.0,331,0,0,4.0
1009,1,11,27.19,2109352.0,260,0,0,4.0
1009,1,12,16.04,18972.0,0,92,28,4.0
1009,1,13,25.94,2200321.0,278,0,0,4.0
1009,1,14,7.56,2386888.6,291,1,0,4.0
1009,1,15,10.93,1800623.6,227,2,0,4.0
1009,1,16,21.21,2622181.0,329,0,0,4.0
1009,1,17,10.16,2379917.9,293,0,0,4.0
1009,1,18,13.45,1522641.8,185,7,0,4.0
1009,1,19,28.59,941090.0,104,38,8,4.0
1009,1,20,28.46,2437056.4,303,0,0,4.0
1009,1,21,7.19,1714899.5,208,6,0,4.0
1009,1,22,21.02,2315708.0,299,0,0,4.0
1009,1,23,22.73,1306136.9,144,24,3,4.0
1009,1,24,27.19,58183.6,0,80,33,4.0
1009,1,25,13.95,531399.1,32,77,9,3.999
1009,1,26,20.95,2464962.0,304,0,0,4.0
1009,1,27,28.46,0.0,0,0,0,0.0
1009,1,28,27.22,0.0,0,0,0,0.0
1009,1,29,21.5,0.0,0,0,0,0.0
1009,1,30,21.16,0.0,0,0,0,0.0
1009,1,31,18.93,0.0,0,0,0,0.0
1009,2,0,6.96,6957.0,0,108,7,4.0
1009,2,1,7.77,1892603.0,241,0,0,4.0
1009,2,2,20.56,479817.6,33,73,10,4.0
1009,2,3,13.62,2329946.0,293,0,0,4.0
1009,2,4,16.07,2393060.0,296,0,0,4.0
1009,2,5,14.57,3037.1,0,104,16,3.994
1009,2,6,13.01,2694890.0,334,0,0,4.0
1009,2,7,22.07,1687007.5,207,1,0,4.0
1009,2,8,12.5,1413601.8,178,11,0,4.0
1009,2,9,25.95,697123.7,65,56,12,4.0
1009,2,10,28.65,1956052.1,246,2,0,4.0
1009,2,11,13.51,575107.6,59,68,7,3.999
1009,2,12,8.75,2724341.0,345,0,0,4.0
1009,2,13,16.81,1774174.7,221,2,0,4.0
1009,2,14,15.53,2003016.0,256,0,0,4.0
1009,2,15,24.33,1533410.1,191,7,0,3.999
1009,2,16,27.2,2398899.0,303,0,0,4.0
1009,2,17,22.13,2419665.0,303,0,0,4.0
1009,2,18,7.17,2429549.0,298,0,0,4.0
1009,2,19,25.2,1891880.9,234,2,0,4.0
1009,2,20,14.13,64366.3,0,103,9,3.998
1009,2,21,13.24,1643530.6,204,4,0,3.999
1009,2,22,17.91,2528343.0,319,0,0,4.0
1009,2,23,17.9,2415019.3,317,0,0,4.0
1009,2,24,22.87,1163818.3,125,35,1,4.0
1009,2,25,14.85,26708.9,0,91,18,4.0
1009,2,26,13.33,1604523.8,195,9,0,3.999
1009,2,27,21.36,2447064.0,305,0,0,4.0
1009,2,28,11.89,1179867.8,131,28,3,3.999
1009,2,29,27.14,2403363.6,293,0,0,4.0
1009,2,30,26.39,0.0,0,0,0,0.0
1009,2,31,12.54,0.0,0,0,0,0.0
1019,0,0,6.65,309810.4,12,99,6,4.0
1019,0,1,22.27,12118.7,0,101,17,4.0
1019,0,2,20.19,2464306.0,308,0,0,4.0
1019,0,3,15.08,3024840.0,383,0,0,4.0
1019,0,4,12.66,58531.7,0,116,8,4.0
1019,0,5,12.32,2809518.0,344,0,0,4.0
1019,0,6,23.59,75182.8,0,104,13,4.0
1019,0,7,29.41,2810126.0,354,0,0,4.0
1019,0,8,26.89,865502.0,84,46,11,4.0
1019,0,9,11.95,2218763.0,281,0,0,4.0
1019,0,10,25.73,34716.2,0,95,18,4.0
1019,0,11,9.19,2288493.0,288,0,0,4.0
1019,0,12,11.11,2579673.0,312,0,0,4.0
1019,0,13,15.51,543799.3,28,87,3,4.0
1019,0,14,23.28,3346640.0,410,0,0,4.0
1019,0,15,21.85,2237960.0,275,0,0,4.0
1019,0,16,21.6,1139.6,0,89,39,4.0
1019,0,17,23.82,1869744.9,227,3,0,4.0
1019,0,18,27.48,2046929.0,261,0,0,4.0
1019,0,19,5.6,33081.2,0,110,3,4.0
1019,0,20,13.77,2796224.0,347,0,0,4.0
1019,0,21,17.56,2281608.7,284,1,0,4.0
1019,0,22,22.78,107977.2,0,96,15,4.0
1019,0,23,12.17,85651.5,0,108,2,4.0
1019,0,24,22.8,0.0,0,0,0,0.0
1019,0,25,12.77,0.0,0,0,0,0.0
1019,0,26,10.24,0.0,0,0,0,0.0
1019,0,27,18.02,0.0,0,0,0,0.0
1019,0,28,17.56,0.0,0,0,0,0.0
1019,0,29,14.3,0.0,0,0,0,0.0
1019,0,30,23.94,0.0,0,0,0,0.0
1019,0,31,26.59,0.0,0,0,0,0.0
1019,1,0,15.71,207595.1,4,96,14,3.999
1019,1,1,17.29,2308529.0,290,0,0,3.998
1019,1,2,19.04,964598.8,110,39,0,4.0
1019,1,3,16.81,2744563.0,347,0,0,4.0
1019,1,4,25.54,21099.7,0,90,33,3.997
1019,1,5,18.36,2549277.0,316,0,0,3.999
1019,1,6,8.63,1726413.5,211,4,0,4.0
1019,1,7,5.33,2366808.0,295,0,0,4.0
1019,1,8,8.28,2425785.0,302,0,0,4.0
1019,1,9,16.95,292431.5,13,91,14,3.999
1019,1,10,5.22,2771963.0,356,0,0,4.0
1019,1,11,27.19,2287195.0,288,0,0,3.999
1019,1,12,16.04,19988.6,0,97,19,3.997
1019,1,13,25.94,2264301.0,283,0,0,4.0
1019,1,14,7.56,2294183.0,281,0,0,4.0
1019,1,15,10.93,1698141.8,225,1,0,4.0
1019,1,16,21.21,2542818.0,319,0,0,4.0
1019,1,17,10.16,2348263.5,297,0,0,4.0
1019,1,18,13.45,1527126.7,190,5,0,4.0
1019,1,19,28.59,983253.6,100,36,15,4.0
1019,1,20,28.46,2280512.0,283,0,0,4.0
1019,1,21,7.19,1691738.1,209,1,0,4.0
1019,1,22,21.02,2461488.1,300,0,0,4.0
1019,1,23,22.73,1319695.3,161,24,1,4.0
1019,1,24,27.19,69802.7,0,90,29,3.997
1019,1,25,13.95,499771.6,37,77,7,3.999
1019,1,26,20.95,2371284.0,289,0,0,4.0
1019,1,27,28.46,0.0,0,0,0,0.0
1019,1,28,27.22,0.0,0,0,0,0.0
1019,1,29,21.5,0.0,0,0,0,0.0
1019,1,30,21.16,0.0,0,0,0,0.0
1019,1,31,18.93,0.0,0,0,0,0.0
1019,2,0,6.96,6735.1,0,103,12,3.998
1019,2,1,7.77,1929217.8,244,1,0,4.0
1019,2,2,20.56,526952.0,39,69,12,3.999
1019,2,3,13.62,2319219.0,295,0,0,4.0
1019,2,4,16.07,2521693.0,309,0,0,4.0
1019,2,5,14.57,1762.4,0,100,11,3.994
1019,2,6,13.01,2643470.0,328,0,0,4.0
1019,2,7,22.07,1535562.5,192,7,0,4.0
1019,2,8,12.5,1598363.3,198,9,0,4.0
1019,2,9,25.95,729709.5,69,63,15,4.0
1019,2,10,28.65,1910033.9,245,4,0,4.0
1019,2,11,13.51,576385.1,51,71,6,3.999
1019,2,12,8.75,2911556.0,355,0,0,4.0
1019,2,13,16.81,1755290.6,221,1,0,3.999
1019,2,14,15.53,2093337.0,260,0,0,4.0
1019,2,15,24.33,1728464.4,210,6,0,4.0
1019,2,16,27.2,2553497.0,318,0,0,4.0
1019,2,17,22.13,2474480.0,310,0,0,4.0
1019,2,18,7.17,2531996.0,313,0,0,4.0
1019,2,19,25.2,1975187.1,248,1,0,4.0
1019,2,20,14.13,40246.6,0,103,11,4.0
1019,2,21,13.24,1804280.7,211,5,0,4.0
1019,2,22,17.91,2590365.6,326,0,0,4.0
1019,2,23,17.9,2281258.0,292,0,0,4.0
1019,2,24,22.87,1087767.5,113,46,0,4.0
1019,2,25,14.85,32828.5,0,96,13,4.0
1019,2,26,13.33,1578474.7,196,9,0,4.0
1019,2,27,21.36,2425144.0,304,0,0,3.998
1019,2,28,11.89,1145791.4,133,29,1,4.0
1019,2,29,27.14,2360873.0,300,0,0,4.0
1019,2,30,26.39,0.0,0,0,0,0.0
1019,2,31,12.54,0.0,0,0,0,0.0
1029,0,0,6.65,290420.3,10,95,4,4.0
1029,0,1,22.27,11539.3,0,96,18,4.0
1029,0,2,20.19,2553273.0,313,0,0,4.0
1029,0,3,15.08,2878773.0,364,0,0,4.0
1029,0,4,12.66,63367.4,0,100,14,4.0
1029,0,5,12.32,3113060.0,385,0,0,4.0
1029,0,6,23.59,65515.5,0,97,12,4.0
1029,0,7,29.41,2994182.0,364,0,0,4.0
1029,0,8,26.89,864908.3,72,50,28,4.0
1029,0,9,11.95,2268063.0,283,0,0,4.0
1029,0,10,25.73,32703.4,0,95,16,4.0
1029,0,11,9.19,2375139.0,298,0,0,4.0
1029,0,12,11.11,2645446.0,332,0,0,4.0
1029,0,13,15.51,584817.3,48,71,4,4.0
1029,0,14,23.28,2937633.0,368,0,0,4.0
1029,0,15,21.85,2172814.0,269,0,0,4.0
1029,0,16,21.6,1165.8,0,95,30,4.0
1029,0,17,23.82,1872053.4,242,2,0,4.0
1029,0,18,27.48,1984854.0,250,0,0,4.0
1029,0,19,5.6,33631.1,0,104,7,4.0
1029,0,20,13.77,2799418.0,337,0,0,4.0
1029,0,21,17.56,2465785.0,301,0,0,4.0
1029,0,22,22.78,93911.7,0,101,19,4.0
1029,0,23,12.17,92511.1,0,107,4,4.0
1029,0,24,22.8,0.0,0,0,0,0.0
1029,0,25,12.77,0.0,0,0,0,0.0
1029,0,26,10.24,0.0,0,0,0,0.0
1029,0,27,18.02,0.0,0,0,0,0.0
1029,0,28,17.56,0.0,0,0,0,0.0
1029,0,29,14.3,0.0,0,0,0,0.0
1029,0,30,23.94,0.0,0,0,0,0.0
1029,0,31,26.59,0.0,0,0,0,0.0
1029,1,0,15.71,249489.4,6,98,13,3.999
1029,1,1,17.29,2484255.0,317,0,0,4.0
1029,1,2,19.04,1047424.2,121,38,1,4.0
1029,1,3,16.81,2711294.0,337,0,0,4.0
1029,1,4,25.54,19034.2,0,87,32,4.0
1029,1,5,18.36,2336542.0,296,0,0,4.0
1029,1,6,8.63,1651761.0,210,1,0,4.0
1029,1,7,5.33,2291627.0,287,0,0,4.0
1029,1,8,8.28,2478280.0,309,0,0,4.0
1029,1,9,16.95,291114.7,9,92,22,4.0
1029,1,10,5.22,2758024.0,350,0,0,4.0
1029,1,11,27.19,2181868.0,276,0,0,4.0
1029,1,12,16.04,19773.9,0,93,29,4.0
1029,1,13,25.94,2259469.0,280,0,0,4.0
1029,1,14,7.56,2284166.0,288,0,0,4.0
1029,1,15,10.93,1800280.4,222,3,0,4.0
1029,1,16,21.21,2751587.0,345,0,0,4.0
1029,1,17,10.16,2293738.0,276,0,0,4.0
1029,1,18,13.45,1583213.9,194,13,0,4.0
1029,1,19,28.59,960559.7,106,37,5,4.0
1029,1,20,28.46,2340691.0,297,0,0,4.0
1029,1,21,7.19,1706154.8,211,3,0,4.0
1029,1,22,21.02,2295850.0,286,0,0,4.0
1029,1,23,22.73,1384047.8,163,17,1,4.0
1029,1,24,27.19,62964.7,0,93,27,3.999
1029,1,25,13.95,503364.8,44,69,7,4.0
1029,1,26,20.95,2450114.0,308,0,0,4.0
1029,1,27,28.46,0.0,0,0,0,0.0
1029,1,28,27.22,0.0,0,0,0,0.0
1029,1,29,21.5,0.0,0,0,0,0.0
1029,1,30,21.16,0.0,0,0,0,0.0
1029,1,31,18.93,0.0,0,0,0,0.0
1029,2,0,6.96,6414.9,0,105,11,4.0
1029,2,1,7.77,2036985.1,256,1,0,4.0
1029,2,2,20.56,571160.9,44,71,8,4.0
1029,2,3,13.62,2307771.0,292,0,0,4.0
1029,2,4,16.07,2289071.0,286,0,0,4.0
1029,2,5,14.57,3128.7,0,102,8,4.0
1029,2,6,13.01,2804849.0,351,0,0,4.0
1029,2,7,22.07,1512004.6,192,4,0,4.0
1029,2,8,12.5,1485631.3,181,10,0,4.0
1029,2,9,25.95,785834.2,71,56,17,4.0
1029,2,10,28.65,1913157.5,239,2,0,4.0
1029,2,11,13.51,630126.7,63,57,2,4.0
1029,2,12,8.75,2745722.0,354,0,0,4.0
1029,2,13,16.81,1706270.4,213,2,0,4.0
1029,2,14,15.53,2046833.9,266,1,0,4.0
1029,2,15,24.33,1610118.1,197,9,0,4.0
1029,2,16,27.2,2440352.0,300,0,0,4.0
1029,2,17,22.13,2603876.0,320,0,0,4.0
1029,2,18,7.17,2386496.0,295,0,0,4.0
1029,2,19,25.2,1814489.5,232,1,0,4.0
1029,2,20,14.13,59445.6,0,100,14,4.0
1029,2,21,13.24,1724483.1,216,2,0,4.0
1029,2,22,17.91,2493124.0,313,0,0,4.0
1029,2,23,17.9,2253265.2,284,0,0,4.0
1029,2,24,22.87,1039536.3,122,27,0,4.0
1029,2,25,14.85,33979.6,0,95,16,4.0
1029,2,26,13.33,1535460.0,184,6,0,4.0
1029,2,27,21.36,2462307.0,306,0,0,4.0
1029,2,28,11.89,1264535.7,138,30,2,4.0
1029,2,29,27.14,2499419.0,315,0,0,4.0
1029,2,30,26.39,0.0,0,0,0,0.0
1029,2,31,12.54,0.0,0,0,0,0.0
1039,0,0,6.65,294705.3,4,105,5,4.0
1039,0,1,22.27,11643.9,0,88,23,4.0
1039,0,2,20.19,2435313.0,306,0,0,4.0
1039,0,3,15.08,3054040.0,380,0,0,4.0
1039,0,4,12.66,49342.2,0,104,11,4.0
1039,0,5,12.32,2891533.0,365,0,0,4.0
1039,0,6,23.59,66999.0,0,112,6,4.0
1039,0,7,29.41,3225071.0,399,0,0,4.0
1039,0,8,26.89,883810.0,90,42,19,4.0
1039,0,9,11.95,2221166.0,286,0,0,4.0
1039,0,10,25.73,31109.7,0,95,21,4.0
1039,0,11,9.19,2432427.0,310,0,0,4.0
1039,0,12,11.11,2498554.4,313,0,0,4.0
1039,0,13,15.51,569025.6,33,89,2,4.0
1039,0,14,23.28,3187440.0,402,0,0,4.0
1039,0,15,21.85,2212377.0,280,0,0,4.0
1039,0,16,21.6,998.5,0,87,33,4.0
1039,0,17,23.82,1958715.1,234,1,0,4.0
1039,0,18,27.48,2031158.0,252,0,0,4.0
1039,0,19,5.6,25752.6,0,108,8,4.0
1039,0,20,13.77,2848992.0,345,0,0,4.0
1039,0,21,17.56,2375370.8,298,0,0,4.0
1039,0,22,22.78,108624.7,0,102,11,4.0
1039,0,23,12.17,85584.3,0,100,5,4.0
1039,0,24,22.8,0.0,0,0,0,0.0
1039,0,25,12.77,0.0,0,0,0,0.0
1039,0,26,10.24,0.0,0,0,0,0.0
1039,0,27,18.02,0.0,0,0,0,0.0
1039,0,28,17.56,0.0,0,0,0,0.0
1039,0,29,14.3,0.0,0,0,0,0.0
1039,0,30,23.94,0.0,0,0,0,0.0
1039,0,31,26.59,0.0,0,0,0,0.0
1039,1,0,15.71,241394.9,8,91,12,3.999
1039,1,1,17.29,2475235.0,302,0,0,3.998
1039,1,2,19.04,1014060.8,111,37,1,3.999
1039,1,3,16.81,2833808.0,356,0,0,3.996
1039,1,4,25.54,20903.3,0,79,39,3.982
1039,1,5,18.36,2425234.0,294,0,0,4.0
1039,1,6,8.63,1659735.1,203,8,0,3.999
1039,1,7,5.33,2421845.0,298,0,0,4.0
1039,1,8,8.28,2440510.0,306,0,0,3.998
1039,1,9,16.95,262848.7,11,83,19,3.998
1039,1,10,5.22,2799059.0,356,0,0,3.996
1039,1,11,27.19,2137337.0,272,0,0,3.999
1039,1,12,16.04,22308.2,0,98,23,3.999
1039,1,13,25.94,2113828.0,261,0,0,3.994
1039,1,14,7.56,2067373.2,257,2,0,4.0
1039,1,15,10.93,1757064.9,221,1,0,3.998
1039,1,16,21.21,2726721.0,347,0,0,4.0
1039,1,17,10.16,2321046.0,289,0,0,3.995
1039,1,18,13.45,1571961.9,193,10,0,3.996
1039,1,19,28.59,917909.0,99,41,10,3.999
1039,1,20,28.46,2353774.0,294,0,0,3.999
1039,1,21,7.19,1617462.0,201,6,0,3.999
1039,1,22,21.02,2191038.0,276,0,0,4.0
1039,1,23,22.73,1202526.6,144,24,3,3.999
1039,1,24,27.19,66474.5,0,90,30,3.998
1039,1,25,13.95,536043.6,44,69,6,3.998
1039,1,26,20.95,2579771.1,327,0,0,4.0
1039,1,27,28.46,0.0,0,0,0,0.0
1039,1,28,27.22,0.0,0,0,0,0.0
1039,1,29,21.5,0.0,0,0,0,0.0
1039,1,30,21.16,0.0,0,0,0,0.0
1039,1,31,18.93,0.0,0,0,0,0.0
1039,2,0,6.96,6262.3,0,105,8,3.998
1039,2,1,7.77,1915207.6,242,0,0,4.0
1039,2,2,20.56,578790.4,47,79,7,4.0
1039,2,3,13.62,2255191.4,279,0,0,4.0
1039,2,4,16.07,2488967.0,313,0,0,4.0
1039,2,5,14.57,2935.7,0,105,6,3.997
1039,2,6,13.01,2982420.0,370,0,0,4.0
1039,2,7,22.07,1585256.6,193,4,0,3.999
1039,2,8,12.5,1460347.9,182,7,0,4.0
1039,2,9,25.95,763604.5,70,47,17,4.0
1039,2,10,28.65,2068002.9,253,2,0,4.0
1039,2,11,13.51,570274.2,52,69,4,4.0
1039,2,12,8.75,2684979.0,339,0,0,4.0
1039,2,13,16.81,1774650.3,223,3,0,4.0
1039,2,14,15.53,2036495.0,261,0,0,4.0
1039,2,15,24.33,1622226.2,197,5,0,3.999
1039,2,16,27.2,2564333.0,316,0,0,4.0
1039,2,17,22.13,2387537.6,299,0,0,4.0
1039,2,18,7.17,2568710.0,320,0,0,4.0
1039,2,19,25.2,1905121.0,230,3,0,4.0
1039,2,20,14.13,63012.0,0,100,15,3.999
1039,2,21,13.24,1746202.4,217,2,0,4.0
1039,2,22,17.91,2599625.0,319,0,0,4.0
1039,2,23,17.9,2403168.0,294,0,0,4.0
1039,2,24,22.87,1036933.7,119,32,0,4.0
1039,2,25,14.85,37209.3,0,109,5,3.997
1039,2,26,13.33,1532453.9,186,8,0,4.0
1039,2,27,21.36,2405976.0,305,0,0,4.0
1039,2,28,11.89,1149572.1,135,24,0,3.999
1039,2,29,27.14,2448095.8,308,0,0,4.0
1039,2,30,26.39,0.0,0,0,0,0.0
1039,2,31,12.54,0.0,0,0,0,0.0
1049,0,0,6.65,285768.4,9,98,9,4.0
1049,0,1,22.27,10237.8,0,99,20,4.0
1049,0,2,20.19,2390641.6,299,0,0,4.0
1049,0,3,15.08,3027607.0,375,0,0,4.0
1049,0,4,12.66,66376.0,0,106,10,4.0
1049,0,5,12.32,3122644.0,389,0,0,4.0
1049,0,6,23.59,82293.9,0,105,10,4.0
1049,0,7,29.41,2844606.0,362,0,0,4.0
1049,0,8,26.89,836571.8,72,51,14,4.0
1049,0,9,11.95,2405405.0,298,0,0,4.0
1049,0,10,25.73,38460.6,0,94,21,4.0
1049,0,11,9.19,2360626.0,294,0,0,4.0
1049,0,12,11.11,2504745.0,321,0,0,4.0
1049,0,13,15.51,561580.4,37,76,6,4.0
1049,0,14,23.28,3063704.0,387,0,0,4.0
1049,0,15,21.85,2262449.0,281,0,0,4.0
1049,0,16,21.6,1168.6,0,88,28,4.0
1049,0,17,23.82,1839614.7,224,2,0,4.0
1049,0,18,27.48,2126333.0,268,1,0,4.0
1049,0,19,5.6,29833.7,0,104,4,4.0
1049,0,20,13.77,2986696.0,366,0,0,4.0
1049,0,21,17.56,2319566.9,290,0,0,4.0
1049,0,22,22.78,98014.2,0,101,10,4.0
1049,0,23,12.17,98433.1,0,114,3,4.0
1049,0,24,22.8,0.0,0,0,0,0.0
1049,0,25,12.77,0.0,0,0,0,0.0
1049,0,26,10.24,0.0,0,0,0,0.0
1049,0,27,18.02,0.0,0,0,0,0.0
1049,0,28,17.56,0.0,0,0,0,0.0
1049,0,29,14.3,0.0,0,0,0,0.0
1049,0,30,23.94,0.0,0,0,0,0.0
1049,0,31,26.59,0.0,0,0,0,0.0
1049,1,0,15.71,216529.4,6,88,18,3.998
1049,1,1,17.29,2546651.0,314,0,0,3.997
1049,1,2,19.04,1069036.0,121,32,0,4.0
1049,1,3,16.81,2695468.0,339,0,0,4.0
1049,1,4,25.54,13798.5,0,90,27,3.999
1049,1,5,18.36,2546639.0,319,0,0,3.997
1049,1,6,8.63,1859751.1,235,3,0,3.999
1049,1,7,5.33,2381966.1,295,0,0,3.999
1049,1,8,8.28,2446136.0,303,0,0,3.997
1049,1,9,16.95,251424.6,9,97,12,3.995
1049,1,10,5.22,2570229.0,323,0,0,3.996
1049,1,11,27.19,2074846.0,268,0,0,3.999
1049,1,12,16.04,24436.3,0,97,20,4.0
1049,1,13,25.94,2162091.0,269,0,0,3.998
1049,1,14,7.56,2274958.0,282,0,0,3.997
1049,1,15,10.93,1822297.5,226,4,0,4.0
1049,1,16,21.21,2455450.0,316,0,0,3.998
1049,1,17,10.16,2382252.0,292,0,0,3.997
1049,1,18,13.45,1654853.4,198,10,1,3.998
1049,1,19,28.59,1001067.7,101,46,7,3.999
1049,1,20,28.46,2353903.0,293,0,0,3.995
1049,1,21,7.19,1628038.0,207,1,0,3.998
1049,1,22,21.02,2355795.0,291,0,0,3.999
1049,1,23,22.73,1261908.2,151,19,2,3.998
1049,1,24,27.19,66302.1,0,84,29,3.983
1049,1,25,13.95,553755.0,43,68,9,3.999
1049,1,26,20.95,2373904.5,296,0,0,4.0
1049,1,27,28.46,0.0,0,0,0,0.0
1049,1,28,27.22,0.0,0,0,0,0.0
1049,1,29,21.5,0.0,0,0,0,0.0
1049,1,30,21.16,0.0,0,0,0,0.0
1049,1,31,18.93,0.0,0,0,0,0.0
1049,2,0,6.96,7592.7,0,103,13,4.0
1049,2,1,7.77,2097867.0,266,0,0,4.0
1049,2,2,20.56,531372.2,43,73,7,3.999
1049,2,3,13.62,2577410.0,320,0,0,4.0
1049,2,4,16.07,2428154.0,301,0,0,4.0
1049,2,5,14.57,3282.9,0,89,18,3.998
1049,2,6,13.01,2922983.0,363,0,0,4.0
1049,2,7,22.07,1587997.3,197,3,0,4.0
1049,2,8,12.5,1394647.1,165,15,0,4.0
1049,2,9,25.95,712029.9,71,50,14,4.0
1049,2,10,28.65,1814437.3,228,2,0,4.0
1049,2,11,13.51,600776.4,54,63,5,3.999
1049,2,12,8.75,2715560.0,340,0,0,4.0
1049,2,13,16.81,1937068.7,238,2,0,4.0
1049,2,14,15.53,2075384.0,264,0,0,4.0
1049,2,15,24.33,1618856.4,195,6,0,4.0
1049,2,16,27.2,2476863.0,302,0,0,4.0
1049,2,17,22.13,2474414.0,304,0,0,4.0
1049,2,18,7.17,2361869.0,297,0,0,3.998
1049,2,19,25.2,1842095.0,234,0,0,4.0
1049,2,20,14.13,48180.0,0,106,13,3.997
1049,2,21,13.24,1694072.5,204,5,0,4.0
1049,2,22,17.91,2501041.0,311,0,0,4.0
1049,2,23,17.9,2559510.0,315,0,0,4.0
1049,2,24,22.87,1044140.5,122,30,1,4.0
1049,2,25,14.85,40647.5,0,94,17,3.999
1049,2,26,13.33,1530777.2,186,13,0,4.0
1049,2,27,21.36,2394963.0,297,0,0,4.0
1049,2,28,11.89,1069469.0,127,23,0,4.0
1049,2,29,27.14,2307160.0,296,0,0,4.0
1049,2,30,26.39,0.0,0,0,0,0.0
1049,2,31,12.54,0.0,0,0,0,0.0
1059,0,0,6.65,344726.3,8,95,12,4.0
1059,0,1,22.27,10343.2,0,100,17,3.999
1059,0,2,20.19,2440471.0,302,0,0,4.0
1059,0,3,15.08,3257320.0,400,0,0,4.0
1059,0,4,12.66,62950.1,0,101,14,4.0
1059,0,5,12.32,2971387.0,373,0,0,4.0
1059,0,6,23.59,82387.2,0,104,12,4.0
1059,0,7,29.41,3049909.0,377,0,0,4.0
1059,0,8,26.89,845806.7,80,49,20,4.0
1059,0,9,11.95,2193197.0,284,0,0,4.0
1059,0,10,25.73,37872.5,0,100,16,4.0
1059,0,11,9.19,2233167.0,287,0,0,4.0
1059,0,12,11.11,2554781.0,330,0,0,4.0
1059,0,13,15.51,525487.1,34,79,11,4.0
1059,0,14,23.28,3203552.0,392,0,0,4.0
1059,0,15,21.85,2247447.0,283,0,0,4.0
1059,0,16,21.6,1095.3,0,95,27,3.999
1059,0,17,23.82,1940618.0,236,0,0,4.0
1059,0,18,27.48,2012847.0,265,0,0,4.0
1059,0,19,5.6,27157.4,0,103,6,4.0
1059,0,20,13.77,2791999.0,354,0,0,4.0
1059,0,21,17.56,2408347.0,303,0,0,4.0
1059,0,22,22.78,95340.8,0,99,10,3.999
1059,0,23,12.17,79673.9,0,106,2,4.0
1059,0,24,22.8,0.0,0,0,0,0.0
1059,0,25,12.77,0.0,0,0,0,0.0
1059,0,26,10.24,0.0,0,0,0,0.0
1059,0,27,18.02,0.0,0,0,0,0.0
1059,0,28,17.56,0.0,0,0,0,0.0
1059,0,29,14.3,0.0,0,0,0,0.0
1059,0,30,23.94,0.0,0,0,0,0.0
1059,0,31,26.59,0.0,0,0,0,0.0
1059,1,0,15.71,198526.1,1,97,15,3.997
1059,1,1,17.29,2459180.0,310,0,0,4.0
1059,1,2,19.04,1064951.4,120,35,0,4.0
1059,1,3,16.81,2864549.0,366,0,0,4.0
1059,1,4,25.54,21985.4,0,88,35,3.998
1059,1,5,18.36,2391641.0,303,0,0,4.0
1059,1,6,8.63,1779273.0,221,3,0,3.999
1059,1,7,5.33,2473293.0,314,0,0,4.0
1059,1,8,8.28,2427729.0,306,0,0,4.0
1059,1,9,16.95,258312.1,10,93,16,3.999
1059,1,10,5.22,2657890.0,327,0,0,4.0
1059,1,11,27.19,2182763.0,273,0,0,4.0
1059,1,12,16.04,15731.3,0,94,20,3.997
1059,1,13,25.94,2117883.0,270,0,0,4.0
1059,1,14,7.56,2349187.0,292,0,0,4.0
1059,1,15,10.93,1768468.9,222,4,0,4.0
1059,1,16,21.21,2391698.0,306,0,0,4.0
1059,1,17,10.16,2289660.0,285,0,0,4.0
1059,1,18,13.45,1653821.0,195,13,0,4.0
1059,1,19,28.59,1003647.3,109,32,11,3.999
1059,1,20,28.46,2342033.0,299,0,0,4.0
1059,1,21,7.19,1785482.8,221,3,0,4.0
1059,1,22,21.02,2387987.0,298,0,0,3.999
1059,1,23,22.73,1351382.2,167,12,1,4.0
1059,1,24,27.19,60085.7,0,89,32,3.997
1059,1,25,13.95,549913.5,41,73,10,3.998
1059,1,26,20.95,2481452.0,312,0,0,4.0
1059,1,27,28.46,0.0,0,0,0,0.0
1059,1,28,27.22,0.0,0,0,0,0.0
1059,1,29,21.5,0.0,0,0,0,0.0
1059,1,30,21.16,0.0,0,0,0,0.0
1059,1,31,18.93,0.0,0,0,0,0.0
1059,2,0,6.96,6004.4,0,103,10,4.0
1059,2,1,7.77,1967241.2,247,1,0,4.0
1059,2,2,20.56,531421.4,39,73,10,4.0
1059,2,3,13.62,2352859.4,287,0,0,4.0
1059,2,4,16.07,2468548.9,305,0,0,4.0
1059,2,5,14.57,3206.1,0,106,12,4.0
1059,2,6,13.01,2816557.0,359,0,0,4.0
1059,2,7,22.07,1567203.9,197,3,0,4.0
1059,2,8,12.5,1510641.9,182,11,0,4.0
1059,2,9,25.95,773180.7,76,44,14,4.0
1059,2,10,28.65,1888754.3,235,2,0,4.0
1059,2,11,13.51,597473.2,53,62,9,4.0
1059,2,12,8.75,2796209.0,353,0,0,4.0
1059,2,13,16.81,1791466.5,218,1,0,4.0
1059,2,14,15.53,2023892.0,249,0,0,4.0
1059,2,15,24.33,1684876.0,214,6,0,4.0
1059,2,16,27.2,2395425.0,302,0,0,4.0
1059,2,17,22.13,2437911.0,304,0,0,4.0
1059,2,18,7.17,2514061.0,312,0,0,4.0
1059,2,19,25.2,1813533.6,227,2,0,4.0
1059,2,20,14.13,56085.8,0,103,12,4.0
1059,2,21,13.24,1659363.0,211,2,0,4.0
1059,2,22,17.91,2368876.0,302,0,0,4.0
1059,2,23,17.9,2459193.0,299,0,0,4.0
1059,2,24,22.87,1023001.3,112,39,1,4.0
1059,2,25,14.85,41896.8,0,92,15,4.0
1059,2,26,13.33,1473317.3,176,14,1,4.0
1059,2,27,21.36,2457382.0,312,0,0,4.0
1059,2,28,11.89,1208449.2,143,28,4,4.0
1059,2,29,27.14,2543006.0,313,0,0,4.0
1059,2,30,26.39,0.0,0,0,0,0.0
1059,2,31,12.54,0.0,0,0,0,0.0
1069,0,0,6.65,308084.3,9,107,4,4.0
1069,0,1,22.27,10844.7,0,88,22,4.0
1069,0,2,20.19,2454922.0,307,0,0,4.0
1069,0,3,15.08,2829254.0,360,0,0,4.0
1069,0,4,12.66,57912.4,0,101,9,4.0
1069,0,5,12.32,2928568.0,369,0,0,4.0
1069,0,6,23.59,83261.4,0,99,12,4.0
1069,0,7,29.41,2989165.0,375,0,0,4.0
1069,0,8,26.89,873744.5,89,33,22,4.0
1069,0,9,11.95,2371751.0,297,0,0,4.0
1069,0,10,25.73,27861.4,0,99,14,4.0
1069,0,11,9.19,2356154.0,294,0,0,4.0
1069,0,12,11.11,2525959.0,318,0,0,4.0
1069,0,13,15.51,596912.3,40,76,6,4.0
1069,0,14,23.28,3184959.0,395,0,0,4.0
1069,0,15,21.85,2209549.0,277,0,0,4.0
1069,0,16,21.6,1086.0,0,92,32,4.0
1069,0,17,23.82,1717780.0,218,6,0,4.0
1069,0,18,27.48,2126903.7,256,1,0,4.0
1069,0,19,5.6,30501.7,0,112,3,4.0
1069,0,20,13.77,3027109.0,386,0,0,4.0
1069,0,21,17.56,2349794.0,290,0,0,4.0
1069,0,22,22.78,106606.0,0,100,14,4.0
1069,0,23,12.17,84170.5,0,112,3,4.0
1069,0,24,22.8,0.0,0,0,0,0.0
1069,0,25,12.77,0.0,0,0,0,0.0
1069,0,26,10.24,0.0,0,0,0,0.0
1069,0,27,18.02,0.0,0,0,0,0.0
1069,0,28,17.56,0.0,0,0,0,0.0
1069,0,29,14.3,0.0,0,0,0,0.0
1069,0,30,23.94,0.0,0,0,0,0.0
1069,0,31,26.59,0.0,0,0,0,0.0
1069,1,0,15.71,174565.1,3,99,13,3.999
1069,1,1,17.29,2644084.5,329,0,0,4.0
1069,1,2,19.04,912068.7,104,38,3,4.0
1069,1,3,16.81,2745455.0,344,0,0,4.0
1069,1,4,25.54,14567.7,0,85,30,3.995
1069,1,5,18.36,2563058.0,321,0,0,4.0
1069,1,6,8.63,1809033.2,219,6,0,4.0
1069,1,7,5.33,2417947.3,303,1,0,4.0
1069,1,8,8.28,2488984.0,315,0,0,4.0
1069,1,9,16.95,262540.7,7,98,18,3.997
1069,1,10,5.22,2683473.0,338,0,0,4.0
1069,1,11,27.19,2407477.0,301,0,0,3.999
1069,1,12,16.04,19218.7,0,90,25,3.998
1069,1,13,25.94,2125362.0,270,0,0,3.999
1069,1,14,7.56,2234651.0,277,0,0,4.0
1069,1,15,10.93,1925651.1,233,4,0,4.0
1069,1,16,21.21,2526852.0,313,0,0,4.0
1069,1,17,10.16,2271849.0,287,0,0,4.0
1069,1,18,13.45,1560866.9,183,12,0,4.0
1069,1,19,28.59,978947.2,103,38,12,4.0
1069,1,20,28.46,2383188.0,300,0,0,4.0
1069,1,21,7.19,1622187.9,203,4,0,4.0
1069,1,22,21.02,2352722.0,299,0,0,4.0
1069,1,23,22.73,1303621.0,150,28,1,4.0
1069,1,24,27.19,79944.0,0,90,34,3.996
1069,1,25,13.95,534761.8,44,74,8,3.998
1069,1,26,20.95,2273379.0,295,0,0,4.0
1069,1,27,28.46,0.0,0,0,0,0.0
1069,1,28,27.22,0.0,0,0,0,0.0
1069,1,29,21.5,0.0,0,0,0,0.0
1069,1,30,21.16,0.0,0,0,0,0.0
1069,1,31,18.93,0.0,0,0,0,0.0
1069,2,0,6.96,7062.7,0,106,12,4.0
1069,2,1,7.77,2133036.0,268,0,0,4.0
1069,2,2,20.56,513406.7,39,80,10,4.0
1069,2,3,13.62,2441237.5,297,1,0,4.0
1069,2,4,16.07,2306086.0,289,0,0,4.0
1069,2,5,14.57,2563.5,0,97,11,3.995
1069,2,6,13.01,2841663.0,355,0,0,4.0
1069,2,7,22.07,1629241.6,203,4,0,4.0
1069,2,8,12.5,1542442.0,195,8,0,4.0
1069,2,9,25.95,702246.1,64,61,13,4.0
1069,2,10,28.65,1891643.2,232,5,0,4.0
1069,2,11,13.51,636229.4,59,61,8,4.0
1069,2,12,8.75,2857692.0,352,0,0,4.0
1069,2,13,16.81,1701882.6,219,2,0,4.0
1069,2,14,15.53,1892606.0,242,0,0,4.0
1069,2,15,24.33,1710478.1,207,3,0,3.999
1069,2,16,27.2,2337440.0,294,0,0,4.0
1069,2,17,22.13,2467947.0,313,0,0,4.0
1069,2,18,7.17,2568341.0,313,0,0,4.0
1069,2,19,25.2,1768584.3,222,4,0,3.999
1069,2,20,14.13,36979.9,0,90,16,4.0
1069,2,21,13.24,1812986.7,224,2,0,4.0
1069,2,22,17.91,2512708.0,310,0,0,4.0
1069,2,23,17.9,2428857.0,294,0,0,4.0
1069,2,24,22.87,1020967.2,119,40,1,3.999
1069,2,25,14.85,34970.5,0,104,16,4.0
1069,2,26,13.33,1523415.1,184,15,0,4.0
1069,2,27,21.36,2606442.0,327,0,0,4.0
1069,2,28,11.89,1232767.8,143,28,3,4.0
1069,2,29,27.14,2448881.0,304,0,0,4.0
1069,2,30,26.39,0.0,0,0,0,0.0
1069,2,31,12.54,0.0,0,0,0,0.0
1079,0,0,6.65,295113.5,11,99,3,4.0
1079,0,1,22.27,12265.2,0,97,16,4.0
1079,0,2,20.19,2689887.9,340,0,0,4.0
1079,0,3,15.08,3123841.0,394,0,0,4.0
1079,0,4,12.66,59447.1,0,105,9,4.0
1079,0,5,12.32,2983950.0,374,0,0,4.0
1079,0,6,23.59,80373.6,0,107,10,4.0
1079,0,7,29.41,2887439.0,352,0,0,4.0
1079,0,8,26.89,906531.6,87,43,18,4.0
1079,0,9,11.95,2503405.0,310,0,0,4.0
1079,0,10,25.73,38336.2,0,96,14,4.0
1079,0,11,9.19,2453778.0,304,0,0,4.0
1079,0,12,11.11,2369593.0,297,0,0,4.0
1079,0,13,15.51,623305.6,53,65,7,4.0
1079,0,14,23.28,2849069.0,360,0,0,4.0
1079,0,15,21.85,2075036.0,263,0,0,4.0
1079,0,16,21.6,919.6,0,92,29,4.0
1079,0,17,23.82,1932615.0,243,0,0,4.0
1079,0,18,27.48,2181902.0,272,0,0,4.0
1079,0,19,5.6,27480.4,0,108,4,4.0
1079,0,20,13.77,2912293.0,367,0,0,4.0
1079,0,21,17.56,2097263.0,261,0,0,4.0
1079,0,22,22.78,105583.4,1,98,16,4.0
1079,0,23,12.17,83375.5,0,109,5,4.0
1079,0,24,22.8,0.0,0,0,0,0.0
1079,0,25,12.77,0.0,0,0,0,0.0
1079,0,26,10.24,0.0,0,0,0,0.0
1079,0,27,18.02,0.0,0,0,0,0.0
1079,0,28,17.56,0.0,0,0,0,0.0
1079,0,29,14.3,0.0,0,0,0,0.0
1079,0,30,23.94,0.0,0,0,0,0.0
1079,0,31,26.59,0.0,0,0,0,0.0
1079,1,0,15.71,208403.6,2,101,12,4.0
1079,1,1,17.29,2560288.0,319,0,0,4.0
1079,1,2,19.04,1085552.7,117,37,1,4.0
1079,1,3,16.81,2650508.0,332,0,0,4.0
1079,1,4,25.54,16004.3,0,93,36,4.0
1079,1,5,18.36,2356695.0,298,0,0,4.0
1079,1,6,8.63,1650264.2,219,5,0,4.0
1079,1,7,5.33,2285715.0,289,0,0,4.0
1079,1,8,8.28,2560824.1,319,1,0,4.0
1079,1,9,16.95,298094.9,11,87,14,4.0
1079,1,10,5.22,2796817.0,341,0,0,4.0
1079,1,11,27.19,2401880.8,302,1,0,4.0
1079,1,12,16.04,17792.8,0,88,19,4.0
1079,1,13,25.94,2256928.0,286,0,0,4.0
1079,1,14,7.56,2155424.0,278,0,0,4.0
1079,1,15,10.93,1815389.8,216,2,0,3.999
1079,1,16,21.21,2529939.0,321,0,0,4.0
1079,1,17,10.16,2095318.3,263,0,0,4.0
1079,1,18,13.45,1645542.7,193,13,1,4.0
1079,1,19,28.59,983390.3,104,41,9,4.0
1079,1,20,28.46,2304002.9,291,0,0,3.999
1079,1,21,7.19,1781570.9,215,7,0,3.998
1079,1,22,21.02,2466545.0,305,0,0,4.0
1079,1,23,22.73,1325644.3,153,19,3,4.0
1079,1,24,27.19,66297.6,0,88,26,3.997
1079,1,25,13.95,496013.5,38,76,8,4.0
1079,1,26,20.95,2446466.0,310,0,0,4.0
1079,1,27,28.46,0.0,0,0,0,0.0
1079,1,28,27.22,0.0,0,0,0,0.0
1079,1,29,21.5,0.0,0,0,0,0.0
1079,1,30,21.16,0.0,0,0,0,0.0
1079,1,31,18.93,0.0,0,0,0,0.0
1079,2,0,6.96,5301.5,0,101,10,4.0
1079,2,1,7.77,2156235.0,262,0,0,4.0
1079,2,2,20.56,476415.8,37,78,4,4.0
1079,2,3,13.62,2432096.0,302,0,0,4.0
1079,2,4,16.07,2329791.1,294,2,0,4.0
1079,2,5,14.57,2609.6,0,100,14,4.0
1079,2,6,13.01,2940823.0,361,0,0,4.0
1079,2,7,22.07,1595077.4,200,3,0,4.0
1079,2,8,12.5,1415222.1,168,14,0,4.0
1079,2,9,25.95,795511.8,71,54,17,4.0
1079,2,10,28.65,1762331.7,215,6,0,4.0
1079,2,11,13.51,601674.3,58,59,5,4.0
1079,2,12,8.75,2757269.0,344,0,0,4.0
1079,2,13,16.81,1745694.0,221,0,0,4.0
1079,2,14,15.53,2096520.0,265,0,0,4.0
1079,2,15,24.33,1639821.6,199,8,0,4.0
1079,2,16,27.2,2584336.0,323,0,0,4.0
1079,2,17,22.13,2492401.0,301,0,0,4.0
1079,2,18,7.17,2360702.8,292,0,0,4.0
1079,2,19,25.2,1916018.3,246,1,0,4.0
1079,2,20,14.13,49108.1,0,98,13,4.0
1079,2,21,13.24,1756335.0,227,2,0,4.0
1079,2,22,17.91,2366799.0,298,0,0,4.0
1079,2,23,17.9,2386208.0,293,0,0,4.0
1079,2,24,22.87,1065951.2,119,44,0,4.0
1079,2,25,14.85,31202.1,0,102,10,4.0
1079,2,26,13.33,1522949.1,181,20,0,4.0
1079,2,27,21.36,2466431.8,307,1,0,4.0
1079,2,28,11.89,1242071.3,147,24,1,4.0
1079,2,29,27.14,2468693.6,316,0,0,4.0
1079,2,30,26.39,0.0,0,0,0,0.0
1079,2,31,12.54,0.0,0,0,0,0.0
1089,0,0,6.65,301458.3,8,104,8,4.0
1089,0,1,22.27,11410.4,0,93,18,3.997
1089,0,2,20.19,2611886.0,325,0,0,4.0
1089,0,3,15.08,2884986.0,360,0,0,4.0
1089,0,4,12.66,61238.2,0,105,8,3.997
1089,0,5,12.32,2939659.0,365,0,0,4.0
1089,0,6,23.59,71431.6,0,106,7,4.0
1089,0,7,29.41,3373541.0,420,0,0,4.0
1089,0,8,26.89,896387.8,83,38,27,4.0
1089,0,9,11.95,2318738.0,290,0,0,4.0
1089,0,10,25.73,34720.4,0,93,18,4.0
1089,0,11,9.19,2345661.0,294,0,0,4.0
1089,0,12,11.11,2691808.0,334,0,0,4.0
1089,0,13,15.51,569057.1,41,68,10,4.0
1089,0,14,23.28,3227170.0,395,0,0,4.0
1089,0,15,21.85,2277832.0,282,0,0,4.0
1089,0,16,21.6,1082.7,0,92,27,4.0
1089,0,17,23.82,1784821.6,218,2,0,4.0
1089,0,18,27.48,1989576.0,249,0,0,4.0
1089,0,19,5.6,30674.8,0,110,3,4.0
1089,0,20,13.77,2799526.0,358,0,0,4.0
1089,0,21,17.56,2208836.0,274,0,0,4.0
1089,0,22,22.78,112702.3,0,101,12,4.0
1089,0,23,12.17,78098.1,0,115,3,3.998
1089,0,24,22.8,0.0,0,0,0,0.0
1089,0,25,12.77,0.0,0,0,0,0.0
1089,0,26,10.24,0.0,0,0,0,0.0
1089,0,27,18.02,0.0,0,0,0,0.0
1089,0,28,17.56,0.0,0,0,0,0.0
1089,0,29,14.3,0.0,0,0,0,0.0
1089,0,30,23.94,0.0,0,0,0,0.0
1089,0,31,26.59,0.0,0,0,0,0.0
1089,1,0,15.71,194869.0,2,95,15,4.0
1089,1,1,17.29,2555538.0,317,0,0,4.0
1089,1,2,19.04,968658.6,108,43,1,4.0
1089,1,3,16.81,2771086.0,349,0,0,4.0
1089,1,4,25.54,19450.2,0,83,32,3.999
1089,1,5,18.36,2488798.0,302,0,0,4.0
1089,1,6,8.63,1735857.2,207,5,0,4.0
1089,1,7,5.33,2321011.5,290,2,0,4.0
1089,1,8,8.28,2437170.2,310,0,0,4.0
1089,1,9,16.95,271886.9,8,99,12,4.0
1089,1,10,5.22,2763006.0,352,0,0,4.0
1089,1,11,27.19,2268800.0,282,0,0,4.0
1089,1,12,16.04,15961.5,0,97,19,3.999
1089,1,13,25.94,2137825.0,263,0,0,4.0
1089,1,14,7.56,2379246.0,295,0,0,4.0
1089,1,15,10.93,1768639.0,219,2,0,4.0
1089,1,16,21.21,2610617.0,322,0,0,4.0
1089,1,17,10.16,2313019.0,297,0,0,4.0
1089,1,18,13.45,1562941.8,198,9,0,4.0
1089,1,19,28.59,998119.9,96,41,10,4.0
1089,1,20,28.46,2394901.0,305,0,0,4.0
1089,1,21,7.19,1567905.3,195,12,0,4.0
1089,1,22,21.02,2280332.0,288,0,0,4.0
1089,1,23,22.73,1332081.7,157,21,1,4.0
1089,1,24,27.19,63263.5,0,76,40,4.0
1089,1,25,13.95,627784.2,40,79,13,4.0
1089,1,26,20.95,2499704.0,311,0,0,4.0
1089,1,27,28.46,0.0,0,0,0,0.0
1089,1,28,27.22,0.0,0,0,0,0.0
1089,1,29,21.5,0.0,0,0,0,0.0
1089,1,30,21.16,0.0,0,0,0,0.0
1089,1,31,18.93,0.0,0,0,0,0.0
1089,2,0,6.96,7697.5,0,102,9,3.992
1089,2,1,7.77,2012410.0,248,1,0,4.0
1089,2,2,20.56,406239.5,25,86,12,3.998
1089,2,3,13.62,2253716.0,276,0,0,4.0
1089,2,4,16.07,2502482.0,305,0,0,4.0
1089,2,5,14.57,2305.9,0,104,10,3.995
1089,2,6,13.01,2746933.0,338,0,0,4.0
1089,2,7,22.07,1586625.8,193,6,0,4.0
1089,2,8,12.5,1522059.7,180,10,0,4.0
1089,2,9,25.95,717635.3,63,60,13,4.0
1089,2,10,28.65,2077406.5,244,2,0,4.0
1089,2,11,13.51,561639.7,47,72,7,4.0
1089,2,12,8.75,2969218.0,367,0,0,3.998
1089,2,13,16.81,1757210.6,221,5,0,3.999
1089,2,14,15.53,1902288.0,237,0,0,4.0
1089,2,15,24.33,1742706.3,213,3,0,4.0
1089,2,16,27.2,2439467.0,312,0,0,4.0
1089,2,17,22.13,2689881.0,332,0,0,4.0
1089,2,18,7.17,2468450.0,296,0,0,4.0
1089,2,19,25.2,1898935.7,238,1,0,4.0
1089,2,20,14.13,46132.9,0,103,15,3.997
1089,2,21,13.24,1849039.0,225,0,0,4.0
1089,2,22,17.91,2509607.0,316,0,0,4.0
1089,2,23,17.9,2310232.0,290,0,0,4.0
1089,2,24,22.87,1098111.5,117,38,1,4.0
1089,2,25,14.85,35275.4,0,103,8,3.998
1089,2,26,13.33,1632261.4,203,4,0,4.0
1089,2,27,21.36,2390925.9,309,0,0,3.998
1089,2,28,11.89,1300394.1,147,24,1,3.999
1089,2,29,27.14,2396871.0,299,0,0,4.0
1089,2,30,26.39,0.0,0,0,0,0.0
1089,2,31,12.54,0.0,0,0,0,0.0
1099,0,0,6.65,314719.4,9,103,6,4.0
1099,0,1,22.27,12074.0,0,97,16,4.0
1099,0,2,20.19,2495780.0,311,0,0,4.0
1099,0,3,15.08,2974338.0,369,0,0,4.0
1099,0,4,12.66,55385.5,0,97,10,4.0
1099,0,5,12.32,3320534.0,407,0,0,4.0
1099,0,6,23.59,77178.2,0,105,7,4.0
1099,0,7,29.41,2989609.0,373,0,0,4.0
1099,0,8,26.89,908524.9,89,49,17,4.0
1099,0,9,11.95,2338748.8,294,0,0,4.0
1099,0,10,25.73,35060.5,0,102,12,4.0
1099,0,11,9.19,2367278.0,298,0,0,4.0
1099,0,12,11.11,2533056.0,318,0,0,4.0
1099,0,13,15.51,637798.4,39,75,12,4.0
1099,0,14,23.28,3327740.0,413,0,0,4.0
1099,0,15,21.85,2188310.0,279,0,0,4.0
1099,0,16,21.6,1208.7,0,94,24,4.0
1099,0,17,23.82,1742929.3,222,1,0,4.0
1099,0,18,27.48,1967471.0,248,0,0,4.0
1099,0,19,5.6,29340.2,0,110,2,4.0
1099,0,20,13.77,2803762.0,342,0,0,4.0
1099,0,21,17.56,2211788.0,279,0,0,4.0
1099,0,22,22.78,101819.0,0,108,11,4.0
1099,0,23,12.17,73506.0,0,107,6,4.0
1099,0,24,22.8,0.0,0,0,0,0.0
1099,0,25,12.77,0.0,0,0,0,0.0
1099,0,26,10.24,0.0,0,0,0,0.0
1099,0,27,18.02,0.0,0,0,0,0.0
1099,0,28,17.56,0.0,0,0,0,0.0
1099,0,29,14.3,0.0,0,0,0,0.0
1099,0,30,23.94,0.0,0,0,0,0.0
1099,0,31,26.59,0.0,0,0,0,0.0
1099,1,0,15.71,180830.0,0,95,15,3.998
1099,1,1,17.29,2724297.0,332,0,0,3.999
1099,1,2,19.04,1042567.3,117,29,0,3.999
1099,1,3,16.81,2703250.0,337,0,0,4.0
1099,1,4,25.54,18386.3,0,92,26,3.998
1099,1,5,18.36,2401654.0,310,0,0,4.0
1099,1,6,8.63,1708059.6,218,3,0,4.0
1099,1,7,5.33,2320797.0,286,0,0,4.0
1099,1,8,8.28,2249292.0,282,0,0,3.998
1099,1,9,16.95,289747.6,8,97,10,3.997
1099,1,10,5.22,2778512.9,340,0,0,3.998
1099,1,11,27.19,2336664.0,292,1,0,4.0
1099,1,12,16.04,16846.2,0,102,21,3.992
1099,1,13,25.94,2016966.0,260,0,0,4.0
1099,1,14,7.56,2374393.0,298,0,0,3.999
1099,1,15,10.93,1723472.2,212,1,0,4.0
1099,1,16,21.21,2530786.0,317,0,0,4.0
1099,1,17,10.16,2220655.0,276,0,0,3.997
1099,1,18,13.45,1530417.4,190,11,0,3.999
1099,1,19,28.59,1008397.2,103,50,9,4.0
1099,1,20,28.46,2361889.0,295,0,0,3.999
1099,1,21,7.19,1629952.4,201,4,0,4.0
1099,1,22,21.02,2368831.0,294,0,0,3.999
1099,1,23,22.73,1320725.0,155,20,3,4.0
1099,1,24,27.19,63783.6,0,89,34,3.994
1099,1,25,13.95,576177.0,46,61,14,3.999
1099,1,26,20.95,2469972.0,310,0,0,4.0
1099,1,27,28.46,0.0,0,0,0,0.0
1099,1,28,27.22,0.0,0,0,0,0.0
1099,1,29,21.5,0.0,0,0,0,0.0
1099,1,30,21.16,0.0,0,0,0,0.0
1099,1,31,18.93,0.0,0,0,0,0.0
1099,2,0,6.96,7700.6,0,105,7,4.0
1099,2,1,7.77,2024115.0,251,1,0,4.0
1099,2,2,20.56,558520.4,47,73,11,4.0
1099,2,3,13.62,2315373.3,289,0,0,4.0
1099,2,4,16.07,2515198.0,302,0,0,4.0
1099,2,5,14.57,2295.8,0,100,11,4.0
1099,2,6,13.01,2647446.0,329,0,0,4.0
1099,2,7,22.07,1707026.4,207,3,0,4.0
1099,2,8,12.5,1537134.4,191,10,0,3.999
1099,2,9,25.95,700483.8,61,69,8,4.0
1099,2,10,28.65,1983810.1,246,3,0,4.0
1099,2,11,13.51,490319.5,43,63,10,4.0
1099,2,12,8.75,2840111.0,352,0,0,4.0
1099,2,13,16.81,1917155.2,229,0,0,4.0
1099,2,14,15.53,1912424.0,247,0,0,4.0
1099,2,15,24.33,1670301.9,199,9,0,4.0
1099,2,16,27.2,2392493.0,292,0,0,4.0
1099,2,17,22.13,2529641.0,315,0,0,4.0
1099,2,18,7.17,2390211.0,297,0,0,4.0
1099,2,19,25.2,1925355.7,237,3,0,4.0
1099,2,20,14.13,39733.3,0,104,11,3.999
1099,2,21,13.24,1699408.0,213,0,0,4.0
1099,2,22,17.91,2441695.0,316,0,0,4.0
1099,2,23,17.9,2519883.0,322,0,0,4.0
1099,2,24,22.87,1000611.2,111,38,2,4.0
1099,2,25,14.85,37765.0,0,102,11,3.999
1099,2,26,13.33,1566874.9,194,8,0,4.0
1099,2,27,21.36,2510391.0,316,0,0,4.0
1099,2,28,11.89,1212186.8,139,25,2,3.999
1099,2,29,27.14,2471027.0,306,0,0,4.0
1099,2,30,26.39,0.0,0,0,0,0.0
1099,2,31,12.54,0.0,0,0,0,0.0
1109,0,0,6.65,280416.4,9,102,6,4.0
1109,0,1,22.27,11960.6,0,99,17,4.0
1109,0,2,20.19,2353994.0,299,0,0,4.0
1109,0,3,15.08,2823286.0,364,0,0,4.0
1109,0,4,12.66,59736.8,0,94,13,4.0
1109,0,5,12.32,3228510.0,404,0,0,4.0
1109,0,6,23.59,75269.2,0,102,10,4.0
1109,0,7,29.41,3015627.0,376,0,0,4.0
1109,0,8,26.89,847989.8,76,41,28,4.0
1109,0,9,11.95,2174402.0,275,0,0,4.0
1109,0,10,25.73,37455.8,0,102,17,4.0
1109,0,11,9.19,2398490.0,309,0,0,4.0
1109,0,12,11.11,2579352.0,326,0,0,4.0
1109,0,13,15.51,559090.0,39,80,4,4.0
1109,0,14,23.28,3107079.0,399,0,0,4.0
1109,0,15,21.85,2277844.0,288,0,0,4.0
1109,0,16,21.6,1011.0,0,88,24,4.0
1109,0,17,23.82,1801260.4,215,4,0,4.0
1109,0,18,27.48,2087576.0,260,0,0,4.0
1109,0,19,5.6,30254.2,0,98,3,4.0
1109,0,20,13.77,3001995.0,374,0,0,4.0
1109,0,21,17.56,2202718.0,275,0,0,4.0
1109,0,22,22.78,98331.1,0,100,15,4.0
1109,0,23,12.17,89675.5,0,106,4,4.0
1109,0,24,22.8,0.0,0,0,0,0.0
1109,0,25,12.77,0.0,0,0,0,0.0
1109,0,26,10.24,0.0,0,0,0,0.0
1109,0,27,18.02,0.0,0,0,0,0.0
1109,0,28,17.56,0.0,0,0,0,0.0
1109,0,29,14.3,0.0,0,0,0,0.0
1109,0,30,23.94,0.0,0,0,0,0.0
1109,0,31,26.59,0.0,0,0,0,0.0
1109,1,0,15.71,143681.1,1,106,14,4.0
1109,1,1,17.29,2488904.0,313,0,0,4.0
1109,1,2,19.04,916143.8,104,45,1,4.0
1109,1,3,16.81,2805280.0,348,0,0,4.0
1109,1,4,25.54,20328.2,0,87,33,4.0
1109,1,5,18.36,2341067.0,293,0,0,4.0
1109,1,6,8.63,1671229.6,209,2,0,4.0
1109,1,7,5.33,2345986.0,291,0,0,4.0
1109,1,8,8.28,2504634.9,310,0,0,4.0
1109,1,9,16.95,224813.3,6,93,20,4.0
1109,1,10,5.22,2810100.4,354,0,0,4.0
1109,1,11,27.19,2346838.0,290,0,0,4.0
1109,1,12,16.04,16778.5,0,92,25,4.0
1109,1,13,25.94,2195631.0,271,0,0,4.0
1109,1,14,7.56,2126880.0,267,0,0,4.0
1109,1,15,10.93,1801892.0,229,0,0,4.0
1109,1,16,21.21,2476982.0,312,0,0,4.0
1109,1,17,10.16,2343410.0,293,0,0,4.0
1109,1,18,13.45,1593599.1,194,9,1,4.0
1109,1,19,28.59,1010054.4,108,41,10,4.0
1109,1,20,28.46,2279872.0,278,0,0,4.0
1109,1,21,7.19,1688882.4,208,6,0,4.0
1109,1,22,21.02,2432430.0,306,0,0,4.0
1109,1,23,22.73,1320630.7,150,21,2,4.0
1109,1,24,27.19,67947.3,0,89,32,4.0
1109,1,25,13.95,626136.2,40,78,10,4.0
1109,1,26,20.95,2474122.0,308,0,0,4.0
1109,1,27,28.46,0.0,0,0,0,0.0
1109,1,28,27.22,0.0,0,0,0,0.0
1109,1,29,21.5,0.0,0,0,0,0.0
1109,1,30,21.16,0.0,0,0,0,0.0
1109,1,31,18.93,0.0,0,0,0,0.0
1109,2,0,6.96,6469.1,0,99,9,3.993
1109,2,1,7.77,2091811.0,258,0,0,4.0
1109,2,2,20.56,540696.7,37,78,14,4.0
1109,2,3,13.62,2383405.0,288,0,0,3.999
1109,2,4,16.07,2411147.5,305,0,0,3.999
1109,2,5,14.57,2591.1,0,96,15,3.996
1109,2,6,13.01,2714620.0,332,0,0,4.0
1109,2,7,22.07,1618113.1,202,2,0,4.0
1109,2,8,12.5,1523811.2,182,13,0,4.0
1109,2,9,25.95,708254.2,68,60,11,4.0
1109,2,10,28.65,1900162.1,232,3,0,4.0
1109,2,11,13.51,543022.8,51,76,4,3.999
1109,2,12,8.75,2646642.0,338,0,0,4.0
1109,2,13,16.81,1708548.0,219,0,0,3.999
1109,2,14,15.53,1896020.2,241,1,0,4.0
1109,2,15,24.33,1728455.3,211,5,0,4.0
1109,2,16,27.2,2567286.5,324,0,0,4.0
1109,2,17,22.13,2413041.0,310,0,0,4.0
1109,2,18,7.17,2552832.0,318,0,0,3.999
1109,2,19,25.2,1913374.6,240,2,0,3.999
1109,2,20,14.13,35393.1,0,103,9,3.997
1109,2,21,13.24,1803510.5,219,1,0,3.999
1109,2,22,17.91,2516214.0,317,0,0,4.0
1109,2,23,17.9,2430527.0,303,0,0,4.0
1109,2,24,22.87,1062079.0,123,36,1,4.0
1109,2,25,14.85,31163.0,0,90,16,4.0
1109,2,26,13.33,1524694.0,180,13,0,4.0
1109,2,27,21.36,2447420.9,308,0,0,4.0
1109,2,28,11.89,1146476.3,135,23,1,3.999
1109,2,29,27.14,2404378.0,301,0,0,4.0
1109,2,30,26.39,0.0,0,0,0,0.0
1109,2,31,12.54,0.0,0,0,0,0.0
1119,0,0,6.65,293333.9,11,100,10,4.0
1119,0,1,22.27,9733.9,0,93,22,4.0
1119,0,2,20.19,2355130.0,302,0,0,4.0
1119,0,3,15.08,2923267.0,369,0,0,4.0
1119,0,4,12.66,58981.1,0,106,9,4.0
1119,0,5,12.32,2906651.0,369,0,0,4.0
1119,0,6,23.59,78151.1,0,100,12,4.0
1119,0,7,29.41,2957919.0,373,0,0,4.0
1119,0,8,26.89,897075.5,73,49,21,4.0
1119,0,9,11.95,2350809.0,293,0,0,4.0
1119,0,10,25.73,32479.9,0,108,14,4.0
1119,0,11,9.19,2311762.0,295,0,0,4.0
1119,0,12,11.11,2362152.0,301,0,0,4.0
1119,0,13,15.51,552091.2,37,75,10,4.0
1119,0,14,23.28,3168196.0,388,0,0,4.0
1119,0,15,21.85,2235308.0,282,0,0,4.0
1119,0,16,21.6,979.4,0,87,33,4.0
1119,0,17,23.82,1857313.3,225,2,0,4.0
1119,0,18,27.48,2255021.0,272,0,0,4.0
1119,0,19,5.6,31277.0,0,113,3,4.0
1119,0,20,13.77,2909954.0,362,0,0,4.0
1119,0,21,17.56,2307414.0,293,0,0,4.0
1119,0,22,22.78,95372.1,0,103,17,4.0
1119,0,23,12.17,88142.5,0,110,4,4.0
1119,0,24,22.8,0.0,0,0,0,0.0
1119,0,25,12.77,0.0,0,0,0,0.0
1119,0,26,10.24,0.0,0,0,0,0.0
1119,0,27,18.02,0.0,0,0,0,0.0
1119,0,28,17.56,0.0,0,0,0,0.0
1119,0,29,14.3,0.0,0,0,0,0.0
1119,0,30,23.94,0.0,0,0,0,0.0
1119,0,31,26.59,0.0,0,0,0,0.0
1119,1,0,15.71,187855.6,5,103,13,3.997
1119,1,1,17.29,2415265.0,307,0,0,4.0
1119,1,2,19.04,1037001.3,114,31,1,4.0
1119,1,3,16.81,2903816.0,369,0,0,4.0
1119,1,4,25.54,24338.9,0,88,29,3.997
1119,1,5,18.36,2367713.0,295,0,0,4.0
1119,1,6,8.63,1681448.1,210,5,0,4.0
1119,1,7,5.33,2254805.0,282,0,0,3.998
1119,1,8,8.28,2410879.2,307,0,0,4.0
1119,1,9,16.95,239023.1,6,94,20,3.999
1119,1,10,5.22,2782113.0,339,0,0,4.0
1119,1,11,27.19,2352630.0,291,0,0,4.0
1119,1,12,16.04,18362.3,0,86,29,4.0
1119,1,13,25.94,2201646.0,276,0,0,4.0
1119,1,14,7.56,2351919.0,290,0,0,4.0
1119,1,15,10.93,1891487.0,234,0,0,3.999
1119,1,16,21.21,2577359.0,320,0,0,3.998
1119,1,17,10.16,2363788.0,295,0,0,4.0
1119,1,18,13.45,1520399.2,191,8,0,4.0
1119,1,19,28.59,995823.6,100,46,9,4.0
1119,1,20,28.46,2277919.0,277,0,0,4.0
1119,1,21,7.19,1700599.1,211,3,0,3.999
1119,1,22,21.02,2273415.0,284,0,0,4.0
1119,1,23,22.73,1247402.9,152,28,1,4.0
1119,1,24,27.19,74738.6,0,85,34,3.997
1119,1,25,13.95,531438.7,41,79,8,3.999
1119,1,26,20.95,2426484.0,307,0,0,4.0
1119,1,27,28.46,0.0,0,0,0,0.0
1119,1,28,27.22,0.0,0,0,0,0.0
1119,1,29,21.5,0.0,0,0,0,0.0
1119,1,30,21.16,0.0,0,0,0,0.0
1119,1,31,18.93,0.0,0,0,0,0.0
1119,2,0,6.96,7967.5,0,100,13,3.999
1119,2,1,7.77,2040675.0,251,0,0,4.0
1119,2,2,20.56,546771.3,39,81,8,4.0
1119,2,3,13.62,2379213.0,297,0,0,4.0
1119,2,4,16.07,2403423.0,306,0,0,4.0
1119,2,5,14.57,3072.6,0,100,13,4.0
1119,2,6,13.01,2689526.0,325,0,0,4.0
1119,2,7,22.07,1587468.4,197,3,0,4.0
1119,2,8,12.5,1542691.4,186,5,0,4.0
1119,2,9,25.95,753034.6,70,56,9,4.0
1119,2,10,28.65,1971624.7,248,4,0,3.999
1119,2,11,13.51,555249.9,54,65,11,3.999
1119,2,12,8.75,2822271.0,355,0,0,4.0
1119,2,13,16.81,1767047.4,220,1,0,4.0
1119,2,14,15.53,2078245.9,263,0,0,4.0
1119,2,15,24.33,1662172.7,202,9,0,4.0
1119,2,16,27.2,2487240.0,307,0,0,4.0
1119,2,17,22.13,2587589.0,321,0,0,4.0
1119,2,18,7.17,2512759.0,315,0,0,4.0
1119,2,19,25.2,1919063.3,237,1,0,4.0
1119,2,20,14.13,46413.1,0,99,14,4.0
1119,2,21,13.24,1819676.0,230,0,0,4.0
1119,2,22,17.91,2459384.0,306,0,0,4.0
1119,2,23,17.9,2440996.0,313,0,0,4.0
1119,2,24,22.87,1062855.4,117,36,1,4.0
1119,2,25,14.85,31609.1,0,98,10,4.0
1119,2,26,13.33,1501803.7,181,16,0,4.0
1119,2,27,21.36,2579990.0,334,0,0,4.0
1119,2,28,11.89,1163409.7,143,17,3,4.0
1119,2,29,27.14,2297679.5,287,0,0,4.0
1119,2,30,26.39,0.0,0,0,0,0.0
1119,2,31,12.54,0.0,0,0,0,0.0
1129,0,0,6.65,301651.6,8,91,9,4.0
1129,0,1,22.27,12262.2,0,99,20,4.0
1129,0,2,20.19,2384828.8,305,0,0,4.0
1129,0,3,15.08,3070503.0,377,0,0,4.0
1129,0,4,12.66,48797.9,0,112,10,4.0
1129,0,5,12.32,3045107.0,391,0,0,4.0
1129,0,6,23.59,76145.7,0,102,8,4.0
1129,0,7,29.41,2836027.0,351,0,0,4.0
1129,0,8,26.89,878833.7,83,43,16,4.0
1129,0,9,11.95,2336996.0,292,0,0,4.0
1129,0,10,25.73,37502.4,0,97,17,4.0
1129,0,11,9.19,2465914.4,305,0,0,4.0
1129,0,12,11.11,2521318.9,318,0,0,4.0
1129,0,13,15.51,621997.9,47,71,10,4.0
1129,0,14,23.28,3084438.0,390,0,0,4.0
1129,0,15,21.85,2249311.0,282,0,0,4.0
1129,0,16,21.6,1179.1,0,84,28,4.0
1129,0,17,23.82,1875478.8,232,1,0,4.0
1129,0,18,27.48,1961323.0,247,0,0,4.0
1129,0,19,5.6,28258.9,0,111,5,4.0
1129,0,20,13.77,2931004.0,354,0,0,4.0
1129,0,21,17.56,2287118.0,285,0,0,4.0
1129,0,22,22.78,105560.2,0,101,15,4.0
1129,0,23,12.17,82642.2,0,106,2,4.0
1129,0,24,22.8,0.0,0,0,0,0.0
1129,0,25,12.77,0.0,0,0,0,0.0
1129,0,26,10.24,0.0,0,0,0,0.0
1129,0,27,18.02,0.0,0,0,0,0.0
1129,0,28,17.56,0.0,0,0,0,0.0
1129,0,29,14.3,0.0,0,0,0,0.0
1129,0,30,23.94,0.0,0,0,0,0.0
1129,0,31,26.59,0.0,0,0,0,0.0
1129,1,0,15.71,145792.8,1,104,8,3.996
1129,1,1,17.29,2594741.0,321,0,0,3.997
1129,1,2,19.04,1052499.0,119,40,0,4.0
1129,1,3,16.81,2822295.0,358,0,0,3.998
1129,1,4,25.54,20316.0,0,77,40,3.992
1129,1,5,18.36,2455183.1,305,0,0,3.997
1129,1,6,8.63,1754062.5,219,1,0,4.0
1129,1,7,5.33,2395469.5,302,1,0,4.0
1129,1,8,8.28,2426070.0,310,0,0,4.0
1129,1,9,16.95,294683.5,13,78,25,3.998
1129,1,10,5.22,2667644.0,335,0,0,4.0
1129,1,11,27.19,2404532.0,295,0,0,4.0
1129,1,12,16.04,25220.6,0,89,25,3.994
1129,1,13,25.94,2081797.1,270,1,0,3.999
1129,1,14,7.56,2335403.0,297,0,0,4.0
1129,1,15,10.93,1739494.4,218,2,0,4.0
1129,1,16,21.21,2501524.0,320,0,0,3.998
1129,1,17,10.16,2272941.0,282,0,0,4.0
1129,1,18,13.45,1527564.9,191,9,0,4.0
1129,1,19,28.59,979477.4,100,41,10,4.0
1129,1,20,28.46,2322454.0,289,0,0,4.0
1129,1,21,7.19,1689337.9,211,5,0,4.0
1129,1,22,21.02,2411953.1,298,0,0,3.999
1129,1,23,22.73,1331795.3,155,27,1,3.997
1129,1,24,27.19,77524.1,0,89,27,3.999
1129,1,25,13.95,499537.3,28,87,10,4.0
1129,1,26,20.95,2375058.0,299,0,0,4.0
1129,1,27,28.46,0.0,0,0,0,0.0
1129,1,28,27.22,0.0,0,0,0,0.0
1129,1,29,21.5,0.0,0,0,0,0.0
1129,1,30,21.16,0.0,0,0,0,0.0
1129,1,31,18.93,0.0,0,0,0,0.0
1129,2,0,6.96,10107.8,0,104,10,3.997
1129,2,1,7.77,2000847.0,258,0,0,3.998
1129,2,2,20.56,485904.8,36,74,12,3.998
1129,2,3,13.62,2309658.0,281,0,0,4.0
1129,2,4,16.07,2473140.0,308,0,0,4.0
1129,2,5,14.57,3662.9,0,105,11,3.998
1129,2,6,13.01,2716220.0,341,0,0,4.0
1129,2,7,22.07,1571351.5,197,6,0,4.0
1129,2,8,12.5,1485699.5,183,10,0,4.0
1129,2,9,25.95,562184.4,48,73,8,3.999
1129,2,10,28.65,1825814.3,238,3,0,4.0
1129,2,11,13.51,601830.2,52,62,10,4.0
1129,2,12,8.75,3020871.0,367,0,0,4.0
1129,2,13,16.81,1780567.7,223,1,0,4.0
1129,2,14,15.53,2107289.0,263,0,0,4.0
1129,2,15,24.33,1585683.0,194,5,1,3.997
1129,2,16,27.2,2414440.0,300,0,0,4.0
1129,2,17,22.13,2601529.0,323,0,0,4.0
1129,2,18,7.17,2576280.0,319,0,0,4.0
1129,2,19,25.2,1870010.2,235,1,0,4.0
1129,2,20,14.13,45350.2,0,103,7,3.993
1129,2,21,13.24,1822881.2,221,4,0,4.0
1129,2,22,17.91,2313183.0,293,0,0,4.0
1129,2,23,17.9,2385317.0,296,0,0,4.0
1129,2,24,22.87,1167894.8,126,32,1,4.0
1129,2,25,14.85,30359.2,0,95,13,3.996
1129,2,26,13.33,1507395.5,196,6,0,4.0
1129,2,27,21.36,2326074.0,292,0,0,4.0
1129,2,28,11.89,1270141.9,136,26,7,3.999
1129,2,29,27.14,2572901.4,319,0,0,4.0
1129,2,30,26.39,0.0,0,0,0,0.0
1129,2,31,12.54,0.0,0,0,0,0.0
1139,0,0,6.65,282950.4,7,101,8,4.0
1139,0,1,22.27,11310.6,0,96,21,4.0
1139,0,2,20.19,2441123.0,307,0,0,4.0
1139,0,3,15.08,2939665.0,370,0,0,4.0
1139,0,4,12.66,53601.1,0,107,12,4.0
1139,0,5,12.32,2943128.0,374,0,0,4.0
1139,0,6,23.59,69832.0,0,106,6,4.0
1139,0,7,29.41,2932889.0,365,0,0,4.0
1139,0,8,26.89,884837.3,73,52,18,4.0
1139,0,9,11.95,2119701.0,275,0,0,4.0
1139,0,10,25.73,34575.7,0,88,18,4.0
1139,0,11,9.19,2367989.0,293,0,0,4.0
1139,0,12,11.11,2349685.0,306,0,0,4.0
1139,0,13,15.51,639811.2,44,75,5,4.0
1139,0,14,23.28,3188846.0,389,0,0,4.0
1139,0,15,21.85,2278190.0,284,0,0,4.0
1139,0,16,21.6,1130.4,0,84,35,4.0
1139,0,17,23.82,1873689.0,230,2,0,4.0
1139,0,18,27.48,2059572.8,251,1,0,4.0
1139,0,19,5.6,30742.8,0,98,9,4.0
1139,0,20,13.77,2693576.0,338,0,0,4.0
1139,0,21,17.56,2316229.0,293,0,0,4.0
1139,0,22,22.78,97112.2,0,102,17,4.0
1139,0,23,12.17,92371.1,0,114,2,4.0
1139,0,24,22.8,0.0,0,0,0,0.0
1139,0,25,12.77,0.0,0,0,0,0.0
1139,0,26,10.24,0.0,0,0,0,0.0
1139,0,27,18.02,0.0,0,0,0,0.0
1139,0,28,17.56,0.0,0,0,0,0.0
1139,0,29,14.3,0.0,0,0,0,0.0
1139,0,30,23.94,0.0,0,0,0,0.0
1139,0,31,26.59,0.0,0,0,0,0.0
1139,1,0,15.71,171588.1,0,99,11,4.0
1139,1,1,17.29,2368694.0,297,0,0,4.0
1139,1,2,19.04,1054297.3,113,47,0,4.0
1139,1,3,16.81,2729897.0,340,0,0,4.0
1139,1,4,25.54,15141.0,0,95,32,3.999
1139,1,5,18.36,2355764.0,295,0,0,4.0
1139,1,6,8.63,1746858.8,221,4,0,4.0
1139,1,7,5.33,2224221.0,278,0,0,4.0
1139,1,8,8.28,2558383.2,321,0,0,4.0
1139,1,9,16.95,300076.7,11,94,14,4.0
1139,1,10,5.22,2729875.0,335,0,0,4.0
1139,1,11,27.19,2176612.0,279,0,0,3.999
1139,1,12,16.04,17633.3,0,106,17,3.999
1139,1,13,25.94,2142215.3,265,0,0,4.0
1139,1,14,7.56,2394511.0,308,1,0,4.0
1139,1,15,10.93,1899606.9,236,5,0,4.0
1139,1,16,21.21,2616674.0,329,0,0,4.0
1139,1,17,10.16,2235784.0,276,0,0,4.0
1139,1,18,13.45,1560619.9,194,4,1,4.0
1139,1,19,28.59,954386.1,103,40,9,4.0
1139,1,20,28.46,2429953.0,300,0,0,4.0
1139,1,21,7.19,1678659.1,214,1,0,4.0
1139,1,22,21.02,2278979.0,282,0,0,4.0
1139,1,23,22.73,1367201.3,161,18,2,4.0
1139,1,24,27.19,70562.0,0,86,31,3.999
1139,1,25,13.95,582854.9,40,75,10,4.0
1139,1,26,20.95,2491155.0,307,0,0,4.0
1139,1,27,28.46,0.0,0,0,0,0.0
1139,1,28,27.22,0.0,0,0,0,0.0
1139,1,29,21.5,0.0,0,0,0,0.0
1139,1,30,21.16,0.0,0,0,0,0.0
1139,1,31,18.93,0.0,0,0,0,0.0
1139,2,0,6.96,5578.9,0,104,7,3.993
1139,2,1,7.77,1966022.1,248,0,0,4.0
1139,2,2,20.56,559898.4,48,75,8,4.0
1139,2,3,13.62,2347024.0,292,0,0,4.0
1139,2,4,16.07,2264104.0,283,0,0,4.0
1139,2,5,14.57,1869.6,0,97,12,3.989
1139,2,6,13.01,2609067.0,327,0,0,4.0
1139,2,7,22.07,1592971.2,194,5,0,4.0
1139,2,8,12.5,1511278.4,178,15,0,4.0
1139,2,9,25.95,681971.1,56,73,8,4.0
1139,2,10,28.65,1877419.8,231,2,0,3.999
1139,2,11,13.51,622255.8,56,67,6,4.0
1139,2,12,8.75,2821203.0,353,0,0,4.0
1139,2,13,16.81,1629589.2,206,4,0,4.0
1139,2,14,15.53,2126497.0,266,0,0,4.0
1139,2,15,24.33,1693028.9,218,1,0,4.0
1139,2,16,27.2,2166245.0,276,0,0,4.0
1139,2,17,22.13,2534788.0,314,0,0,4.0
1139,2,18,7.17,2383000.0,298,0,0,4.0
1139,2,19,25.2,1948266.0,235,0,0,4.0
1139,2,20,14.13,34741.8,0,108,8,4.0
1139,2,21,13.24,1654811.5,215,2,0,4.0
1139,2,22,17.91,2553527.0,319,0,0,4.0
1139,2,23,17.9,2528596.2,310,0,0,4.0
1139,2,24,22.87,1069395.3,106,48,1,4.0
1139,2,25,14.85,32889.1,0,108,11,3.999
1139,2,26,13.33,1522724.6,191,9,0,4.0
1139,2,27,21.36,2387616.0,299,0,0,4.0
1139,2,28,11.89,1268411.1,143,30,2,4.0
1139,2,29,27.14,2339218.0,296,0,0,4.0
1139,2,30,26.39,0.0,0,0,0,0.0
1139,2,31,12.54,0.0,0,0,0,0.0
1149,0,0,6.65,273647.7,6,99,4,4.0
1149,0,1,22.27,12624.6,0,102,18,4.0
1149,0,2,20.19,2468237.8,308,0,0,4.0
1149,0,3,15.08,3116090.0,391,0,0,4.0
1149,0,4,12.66,50766.7,0,96,7,4.0
1149,0,5,12.32,3004221.0,383,0,0,4.0
1149,0,6,23.59,71569.2,0,102,12,4.0
1149,0,7,29.41,3017142.0,376,0,0,4.0
1149,0,8,26.89,872544.1,87,43,13,4.0
1149,0,9,11.95,2357972.0,297,0,0,4.0
1149,0,10,25.73,33102.6,0,93,20,4.0
1149,0,11,9.19,2343545.0,290,0,0,4.0
1149,0,12,11.11,2523099.0,310,0,0,4.0
1149,0,13,15.51,584990.7,37,78,4,4.0
1149,0,14,23.28,3007981.0,388,0,0,4.0
1149,0,15,21.85,2233867.9,275,1,0,4.0
1149,0,16,21.6,1082.3,0,96,30,4.0
1149,0,17,23.82,1785618.3,220,2,0,4.0
1149,0,18,27.48,2113320.2,258,1,0,4.0
1149,0,19,5.6,34311.1,0,114,6,4.0
1149,0,20,13.77,2793341.0,352,0,0,4.0
1149,0,21,17.56,2268492.0,286,0,0,4.0
1149,0,22,22.78,95794.4,0,102,15,4.0
1149,0,23,12.17,91761.7,0,105,6,4.0
1149,0,24,22.8,0.0,0,0,0,0.0
1149,0,25,12.77,0.0,0,0,0,0.0
1149,0,26,10.24,0.0,0,0,0,0.0
1149,0,27,18.02,0.0,0,0,0,0.0
1149,0,28,17.56,0.0,0,0,0,0.0
1149,0,29,14.3,0.0,0,0,0,0.0
1149,0,30,23.94,0.0,0,0,0,0.0
1149,0,31,26.59,0.0,0,0,0,0.0
1149,1,0,15.71,156584.2,1,94,14,3.997
1149,1,1,17.29,2247064.5,289,0,0,4.0
1149,1,2,19.04,966495.2,107,45,1,3.999
1149,1,3,16.81,2910227.0,363,0,0,4.0
1149,1,4,25.54,17102.6,0,87,40,3.997
1149,1,5,18.36,2443656.0,307,0,0,4.0
1149,1,6,8.63,1804177.9,225,3,0,4.0
1149,1,7,5.33,2302010.0,286,0,0,4.0
1149,1,8,8.28,2295104.0,292,0,0,4.0
1149,1,9,16.95,286414.7,10,99,11,3.999
1149,1,10,5.22,2850103.0,351,0,0,4.0
1149,1,11,27.19,2152373.0,262,0,0,3.999
1149,1,12,16.04,20778.0,0,79,25,4.0
1149,1,13,25.94,2027758.0,253,0,0,3.999
1149,1,14,7.56,2192308.0,271,0,0,4.0
1149,1,15,10.93,1874679.7,231,3,0,4.0
1149,1,16,21.21,2592795.0,335,0,0,4.0
1149,1,17,10.16,2185290.0,277,0,0,4.0
1149,1,18,13.45,1494422.7,186,12,1,3.998
1149,1,19,28.59,1076099.9,100,52,5,4.0
1149,1,20,28.46,2242683.0,282,0,0,3.999
1149,1,21,7.19,1639555.0,201,6,0,4.0
1149,1,22,21.02,2241664.0,286,0,0,3.997
1149,1,23,22.73,1363309.1,153,30,0,4.0
1149,1,24,27.19,72008.8,0,82,39,3.994
1149,1,25,13.95,513777.3,35,72,8,3.998
1149,1,26,20.95,2468899.2,310,0,0,3.996
1149,1,27,28.46,0.0,0,0,0,0.0
1149,1,28,27.22,0.0,0,0,0,0.0
1149,1,29,21.5,0.0,0,0,0,0.0
1149,1,30,21.16,0.0,0,0,0,0.0
1149,1,31,18.93,0.0,0,0,0,0.0
1149,2,0,6.96,6113.7,0,100,6,4.0
1149,2,1,7.77,2253314.0,274,0,0,4.0
1149,2,2,20.56,605454.1,45,74,8,4.0
1149,2,3,13.62,2202240.0,279,0,0,4.0
1149,2,4,16.07,2479280.0,308,0,0,4.0
1149,2,5,14.57,2425.8,0,102,11,3.997
1149,2,6,13.01,2868603.0,359,0,0,4.0
1149,2,7,22.07,1557004.0,193,3,0,4.0
1149,2,8,12.5,1449141.5,174,13,0,4.0
1149,2,9,25.95,700808.9,61,56,12,4.0
1149,2,10,28.65,1773647.9,221,1,0,4.0
1149,2,11,13.51,621899.5,57,71,5,4.0
1149,2,12,8.75,2674709.0,340,0,0,4.0
1149,2,13,16.81,1691168.9,211,3,0,4.0
1149,2,14,15.53,2028209.0,252,0,0,4.0
1149,2,15,24.33,1699979.9,210,5,0,4.0
1149,2,16,27.2,2384610.0,302,0,0,4.0
1149,2,17,22.13,2554848.0,319,0,0,4.0
1149,2,18,7.17,2401912.0,296,0,0,4.0
1149,2,19,25.2,2061411.0,247,0,0,4.0
1149,2,20,14.13,47266.8,0,101,10,4.0
1149,2,21,13.24,1712856.8,216,5,0,4.0
1149,2,22,17.91,2394567.0,291,0,0,4.0
1149,2,23,17.9,2184381.3,280,0,0,4.0
1149,2,24,22.87,1019339.3,114,35,0,4.0
1149,2,25,14.85,33860.8,0,98,14,3.999
1149,2,26,13.33,1525279.5,189,10,0,4.0
1149,2,27,21.36,2317308.0,293,0,0,4.0
1149,2,28,11.89,1248832.1,147,23,0,4.0
1149,2,29,27.14,2431202.0,314,0,0,4.0
1149,2,30,26.39,0.0,0,0,0,0.0
1149,2,31,12.54,0.0,0,0,0,0.0
1159,0,0,6.65,315614.8,9,98,9,4.0
1159,0,1,22.27,10616.3,0,90,17,4.0
1159,0,2,20.19,2486695.0,310,0,0,4.0
1159,0,3,15.08,2881904.0,362,0,0,4.0
1159,0,4,12.66,49739.3,0,100,10,4.0
1159,0,5,12.32,3010613.0,372,0,0,4.0
1159,0,6,23.59,71348.4,0,110,9,4.0
1159,0,7,29.41,3062170.0,382,0,0,4.0
1159,0,8,26.89,907972.5,90,38,20,4.0
1159,0,9,11.95,2272464.0,286,0,0,4.0
1159,0,10,25.73,34548.6,0,102,15,4.0
1159,0,11,9.19,2341316.0,293,0,0,4.0
1159,0,12,11.11,2559318.0,326,0,0,4.0
1159,0,13,15.51,550984.5,33,81,4,4.0
1159,0,14,23.28,3097137.0,385,0,0,4.0
1159,0,15,21.85,2211562.0,279,0,0,4.0
1159,0,16,21.6,1221.9,0,105,25,4.0
1159,0,17,23.82,1905002.1,235,2,0,4.0
1159,0,18,27.48,2096558.2,260,2,0,4.0
1159,0,19,5.6,29795.2,0,102,8,4.0
1159,0,20,13.77,3018789.0,368,0,0,4.0
1159,0,21,17.56,2235351.0,277,0,0,4.0
1159,0,22,22.78,98976.6,0,102,10,4.0
1159,0,23,12.17,94636.5,0,109,2,4.0
1159,0,24,22.8,0.0,0,0,0,0.0
1159,0,25,12.77,0.0,0,0,0,0.0
1159,0,26,10.24,0.0,0,0,0,0.0
1159,0,27,18.02,0.0,0,0,0,0.0
1159,0,28,17.56,0.0,0,0,0,0.0
1159,0,29,14.3,0.0,0,0,0,0.0
1159,0,30,23.94,0.0,0,0,0,0.0
1159,0,31,26.59,0.0,0,0,0,0.0
1159,1,0,15.71,187042.0,1,96,15,3.997
1159,1,1,17.29,2571577.0,319,0,0,3.999
1159,1,2,19.04,1012008.1,113,44,3,4.0
1159,1,3,16.81,2725403.0,337,0,0,4.0
1159,1,4,25.54,20979.5,0,92,30,3.998
1159,1,5,18.36,2391133.0,308,0,0,4.0
1159,1,6,8.63,1852731.4,226,3,0,4.0
1159,1,7,5.33,2495943.0,302,0,0,4.0
1159,1,8,8.28,2401031.0,302,0,0,4.0
1159,1,9,16.95,291113.1,13,84,14,3.996
1159,1,10,5.22,2700775.0,329,0,0,4.0
1159,1,11,27.19,2185007.0,283,0,0,4.0
1159,1,12,16.04,21608.3,0,91,24,3.998
1159,1,13,25.94,2135254.1,267,1,0,4.0
1159,1,14,7.56,2145747.0,271,1,0,4.0
1159,1,15,10.93,1694780.6,216,2,0,4.0
1159,1,16,21.21,2541821.0,331,0,0,4.0
1159,1,17,10.16,2314625.0,293,0,0,4.0
1159,1,18,13.45,1524694.5,191,14,0,3.999
1159,1,19,28.59,986380.6,103,33,8,4.0
1159,1,20,28.46,2164403.0,279,0,0,3.999
1159,1,21,7.19,1637065.3,209,3,0,3.999
1159,1,22,21.02,2486570.1,314,0,0,4.0
1159,1,23,22.73,1325231.7,159,24,0,4.0
1159,1,24,27.19,69223.9,0,81,36,4.0
1159,1,25,13.95,503187.7,40,78,5,4.0
1159,1,26,20.95,2503526.0,309,0,0,4.0
1159,1,27,28.46,0.0,0,0,0,0.0
1159,1,28,27.22,0.0,0,0,0,0.0
1159,1,29,21.5,0.0,0,0,0,0.0
1159,1,30,21.16,0.0,0,0,0,0.0
1159,1,31,18.93,0.0,0,0,0,0.0
1159,2,0,6.96,7908.8,0,107,6,4.0
1159,2,1,7.77,2122029.1,262,1,0,4.0
1159,2,2,20.56,510662.2,45,72,11,4.0
1159,2,3,13.62,2317545.0,284,0,0,4.0
1159,2,4,16.07,2492210.9,316,0,0,4.0
1159,2,5,14.57,2572.4,0,102,13,4.0
1159,2,6,13.01,2867054.0,366,0,0,4.0
1159,2,7,22.07,1460839.4,183,7,0,4.0
1159,2,8,12.5,1512671.9,185,7,0,4.0
1159,2,9,25.95,733614.9,74,46,14,4.0
1159,2,10,28.65,1821143.7,226,2,0,4.0
1159,2,11,13.51,607946.0,58,69,6,4.0
1159,2,12,8.75,2763749.0,340,0,0,4.0
1159,2,13,16.81,1783360.5,220,4,0,4.0
1159,2,14,15.53,2097981.4,265,1,0,4.0
1159,2,15,24.33,1665415.0,209,3,0,4.0
1159,2,16,27.2,2409552.0,293,0,0,4.0
1159,2,17,22.13,2483409.0,305,0,0,4.0
1159,2,18,7.17,2388430.0,301,0,0,4.0
1159,2,19,25.2,1897248.6,236,1,0,4.0
1159,2,20,14.13,44444.5,0,100,12,3.999
1159,2,21,13.24,1711080.2,210,5,0,4.0
1159,2,22,17.91,2516408.0,316,0,0,4.0
1159,2,23,17.9,2364930.0,295,0,0,4.0
1159,2,24,22.87,973723.3,108,37,0,4.0
1159,2,25,14.85,33894.3,0,94,15,3.999
1159,2,26,13.33,1511532.4,180,12,0,4.0
1159,2,27,21.36,2529284.0,313,0,0,4.0
1159,2,28,11.89,1195226.3,142,29,0,4.0
1159,2,29,27.14,2430692.0,302,0,0,4.0
1159,2,30,26.39,0.0,0,0,0,0.0
1159,2,31,12.54,0.0,0,0,0,0.0
1169,0,0,6.65,321683.0,13,93,8,4.0
1169,0,1,22.27,9569.7,0,93,19,4.0
1169,0,2,20.19,2502058.0,316,0,0,4.0
1169,0,3,15.08,3177319.0,388,0,0,4.0
1169,0,4,12.66,41921.1,0,101,12,4.0
1169,0,5,12.32,2870011.0,355,0,0,4.0
1169,0,6,23.59,85545.3,0,107,5,4.0
1169,0,7,29.41,2895008.0,372,0,0,4.0
1169,0,8,26.89,898886.5,81,42,21,4.0
1169,0,9,11.95,2429926.0,309,0,0,4.0
1169,0,10,25.73,32937.1,0,102,17,4.0
1169,0,11,9.19,2303286.7,295,0,0,4.0
1169,0,12,11.11,2532208.0,316,0,0,4.0
1169,0,13,15.51,583813.8,51,69,6,4.0
1169,0,14,23.28,3237296.0,402,0,0,4.0
1169,0,15,21.85,2278462.1,279,0,0,4.0
1169,0,16,21.6,1115.8,0,88,27,4.0
1169,0,17,23.82,1890873.3,236,3,0,4.0
1169,0,18,27.48,2033897.5,250,3,0,4.0
1169,0,19,5.6,26362.0,0,102,4,4.0
1169,0,20,13.77,2944627.0,368,0,0,4.0
1169,0,21,17.56,2473047.0,298,0,0,4.0
1169,0,22,22.78,96047.5,0,100,13,4.0
1169,0,23,12.17,77697.4,0,105,2,4.0
1169,0,24,22.8,0.0,0,0,0,0.0
1169,0,25,12.77,0.0,0,0,0,0.0
1169,0,26,10.24,0.0,0,0,0,0.0
1169,0,27,18.02,0.0,0,0,0,0.0
1169,0,28,17.56,0.0,0,0,0,0.0
1169,0,29,14.3,0.0,0,0,0,0.0
1169,0,30,23.94,0.0,0,0,0,0.0
1169,0,31,26.59,0.0,0,0,0,0.0
1169,1,0,15.71,166021.8,2,108,9,3.998
1169,1,1,17.29,2343072.0,295,0,0,4.0
1169,1,2,19.04,1102994.3,116,33,2,3.999
1169,1,3,16.81,2706422.0,342,0,0,4.0
1169,1,4,25.54,14467.3,0,90,28,3.999
1169,1,5,18.36,2476987.0,311,0,0,4.0
1169,1,6,8.63,1783476.4,222,2,0,4.0
1169,1,7,5.33,2405634.0,305,0,0,4.0
1169,1,8,8.28,2457630.0,314,0,0,4.0
1169,1,9,16.95,255026.1,7,96,16,3.998
1169,1,10,5.22,2711504.3,335,0,0,4.0
1169,1,11,27.19,2388531.0,287,0,0,4.0
1169,1,12,16.04,17122.9,0,95,24,3.999
1169,1,13,25.94,2022797.0,254,0,0,4.0
1169,1,14,7.56,2366557.0,295,1,0,4.0
1169,1,15,10.93,1803378.7,229,2,0,4.0
1169,1,16,21.21,2473417.0,310,0,0,4.0
1169,1,17,10.16,2242888.9,288,0,0,4.0
1169,1,18,13.45,1669674.6,199,11,0,4.0
1169,1,19,28.59,1067092.1,110,35,10,3.999
1169,1,20,28.46,2369856.0,292,0,0,4.0
1169,1,21,7.19,1656284.5,200,11,0,4.0
1169,1,22,21.02,2387646.0,290,0,0,4.0
1169,1,23,22.73,1347269.2,154,22,3,4.0
1169,1,24,27.19,56172.4,0,95,27,3.999
1169,1,25,13.95,511399.9,30,90,7,4.0
1169,1,26,20.95,2524940.0,313,0,0,4.0
1169,1,27,28.46,0.0,0,0,0,0.0
1169,1,28,27.22,0.0,0,0,0,0.0
1169,1,29,21.5,0.0,0,0,0,0.0
1169,1,30,21.16,0.0,0,0,0,0.0
1169,1,31,18.93,0.0,0,0,0,0.0
1169,2,0,6.96,5527.1,0,102,10,3.998
1169,2,1,7.77,2073105.0,252,0,0,4.0
1169,2,2,20.56,541600.4,40,76,12,4.0
1169,2,3,13.62,2299695.0,285,0,0,4.0
1169,2,4,16.07,2441009.0,298,0,0,4.0
1169,2,5,14.57,2423.7,0,105,11,3.997
1169,2,6,13.01,2697476.0,339,0,0,4.0
1169,2,7,22.07,1516598.2,188,9,0,4.0
1169,2,8,12.5,1506523.1,175,19,0,4.0
1169,2,9,25.95,748180.2,67,55,19,4.0
1169,2,10,28.65,1928408.9,244,0,0,4.0
1169,2,11,13.51,568082.7,51,73,3,4.0
1169,2,12,8.75,2921523.0,360,0,0,4.0
1169,2,13,16.81,1752184.9,218,1,0,4.0
1169,2,14,15.53,2087846.0,263,0,0,4.0
1169,2,15,24.33,1683122.4,205,3,0,4.0
1169,2,16,27.2,2284732.0,287,0,0,4.0
1169,2,17,22.13,2490385.0,308,0,0,4.0
1169,2,18,7.17,2523831.3,307,0,0,4.0
1169,2,19,25.2,1886125.2,241,2,0,4.0
1169,2,20,14.13,46000.0,0,98,13,4.0
1169,2,21,13.24,1659543.6,211,0,0,4.0
1169,2,22,17.91,2635708.0,329,0,0,4.0
1169,2,23,17.9,2406180.0,306,0,0,4.0
1169,2,24,22.87,1148587.3,132,27,0,4.0
1169,2,25,14.85,24770.7,0,101,7,4.0
1169,2,26,13.33,1431444.8,181,7,0,4.0
1169,2,27,21.36,2441545.0,307,0,0,4.0
1169,2,28,11.89,1190922.7,132,24,1,4.0
1169,2,29,27.14,2381577.0,304,0,0,4.0
1169,2,30,26.39,0.0,0,0,0,0.0
1169,2,31,12.54,0.0,0,0,0,0.0
1179,0,0,6.65,329525.9,12,100,7,4.0
1179,0,1,22.27,11243.7,0,98,18,4.0
1179,0,2,20.19,2503611.0,308,0,0,4.0
1179,0,3,15.08,2884439.0,355,0,0,4.0
1179,0,4,12.66,49707.4,0,108,10,4.0
1179,0,5,12.32,3011230.0,377,0,0,4.0
1179,0,6,23.59,65585.7,0,97,14,4.0
1179,0,7,29.41,3046228.0,382,0,0,4.0
1179,0,8,26.89,903767.4,93,30,19,4.0
1179,0,9,11.95,2210812.0,275,0,0,4.0
1179,0,10,25.73,37634.9,0,93,18,4.0
1179,0,11,9.19,2417451.0,302,0,0,4.0
1179,0,12,11.11,2536533.0,323,0,0,4.0
1179,0,13,15.51,645602.1,44,64,5,4.0
1179,0,14,23.28,3067132.0,381,0,0,4.0
1179,0,15,21.85,2123316.0,267,1,0,4.0
1179,0,16,21.6,1240.4,0,90,26,4.0
1179,0,17,23.82,1809705.3,228,3,0,4.0
1179,0,18,27.48,2019332.7,253,1,0,4.0
1179,0,19,5.6,30424.0,0,104,2,4.0
1179,0,20,13.77,2872506.0,372,0,0,4.0
1179,0,21,17.56,2333620.0,290,0,0,4.0
1179,0,22,22.78,102141.5,0,103,10,4.0
1179,0,23,12.17,73637.2,0,114,0,4.0
1179,0,24,22.8,0.0,0,0,0,0.0
1179,0,25,12.77,0.0,0,0,0,0.0
1179,0,26,10.24,0.0,0,0,0,0.0
1179,0,27,18.02,0.0,0,0,0,0.0
1179,0,28,17.56,0.0,0,0,0,0.0
1179,0,29,14.3,0.0,0,0,0,0.0
1179,0,30,23.94,0.0,0,0,0,0.0
1179,0,31,26.59,0.0,0,0,0,0.0
1179,1,0,15.71,132250.6,2,97,12,3.999
1179,1,1,17.29,2519960.0,315,0,0,3.999
1179,1,2,19.04,1071111.8,117,39,2,3.999
1179,1,3,16.81,2795535.0,345,0,0,3.998
1179,1,4,25.54,21169.3,0,87,33,3.997
1179,1,5,18.36,2277232.0,286,0,0,3.997
1179,1,6,8.63,1815555.4,228,2,0,3.999
1179,1,7,5.33,2457193.0,306,0,0,4.0
1179,1,8,8.28,2496339.0,307,0,0,3.998
1179,1,9,16.95,256126.4,10,93,14,3.998
1179,1,10,5.22,2703464.0,341,0,0,3.998
1179,1,11,27.19,2345514.0,287,0,0,3.999
1179,1,12,16.04,20532.2,0,94,28,3.997
1179,1,13,25.94,2128032.0,264,1,0,4.0
1179,1,14,7.56,2447314.0,304,0,0,4.0
1179,1,15,10.93,1864112.7,236,1,0,3.999
1179,1,16,21.21,2600939.0,321,0,0,4.0
1179,1,17,10.16,2231801.0,276,0,0,4.0
1179,1,18,13.45,1676007.7,200,8,0,4.0
1179,1,19,28.59,977690.7,100,35,9,4.0
1179,1,20,28.46,2248161.0,282,0,0,4.0
1179,1,21,7.19,1620465.4,196,8,0,4.0
1179,1,22,21.02,2409715.8,304,0,0,3.998
1179,1,23,22.73,1340141.0,154,26,0,4.0
1179,1,24,27.19,78005.6,0,86,30,3.998
1179,1,25,13.95,467741.7,32,85,4,3.999
1179,1,26,20.95,2313147.0,287,0,0,4.0
1179,1,27,28.46,0.0,0,0,0,0.0
1179,1,28,27.22,0.0,0,0,0,0.0
1179,1,29,21.5,0.0,0,0,0,0.0
1179,1,30,21.16,0.0,0,0,0,0.0
1179,1,31,18.93,0.0,0,0,0,0.0
1179,2,0,6.96,9266.8,0,99,10,4.0
1179,2,1,7.77,2129637.0,259,0,0,4.0
1179,2,2,20.56,555746.5,50,66,7,4.0
1179,2,3,13.62,2375704.1,302,0,0,4.0
1179,2,4,16.07,2245424.0,282,0,0,4.0
1179,2,5,14.57,3017.6,0,104,6,4.0
1179,2,6,13.01,2895975.0,361,0,0,4.0
1179,2,7,22.07,1509624.7,184,8,0,4.0
1179,2,8,12.5,1457252.7,183,8,0,4.0
1179,2,9,25.95,765797.1,71,51,14,4.0
1179,2,10,28.65,1898688.8,232,5,0,4.0
1179,2,11,13.51,615111.4,61,63,4,4.0
1179,2,12,8.75,3018573.0,378,0,0,4.0
1179,2,13,16.81,1712710.6,214,1,0,4.0
1179,2,14,15.53,1975992.0,248,0,0,4.0
1179,2,15,24.33,1539830.5,195,5,0,4.0
1179,2,16,27.2,2480387.0,306,0,0,4.0
1179,2,17,22.13,2450273.0,316,0,0,4.0
1179,2,18,7.17,2249603.0,290,0,0,4.0
1179,2,19,25.2,1755703.6,214,1,0,4.0
1179,2,20,14.13,44561.7,0,110,11,4.0
1179,2,21,13.24,1728467.2,210,5,0,4.0
1179,2,22,17.91,2482009.0,316,0,0,4.0
1179,2,23,17.9,2364962.0,295,0,0,4.0
1179,2,24,22.87,1091181.9,123,36,0,4.0
1179,2,25,14.85,35936.8,0,90,22,4.0
1179,2,26,13.33,1572713.1,191,13,0,4.0
1179,2,27,21.36,2380016.0,293,0,0,4.0
1179,2,28,11.89,1204606.9,129,32,2,4.0
1179,2,29,27.14,2457895.0,309,0,0,4.0
1179,2,30,26.39,0.0,0,0,0,0.0
1179,2,31,12.54,0.0,0,0,0,0.0
1189,0,0,6.65,335219.3,8,92,8,4.0
1189,0,1,22.27,9807.4,0,102,15,4.0
1189,0,2,20.19,2583697.0,321,0,0,4.0
1189,0,3,15.08,2891864.0,361,0,0,4.0
1189,0,4,12.66,57220.2,0,99,13,3.993
1189,0,5,12.32,3211756.0,401,0,0,4.0
1189,0,6,23.59,75648.8,0,101,13,4.0
1189,0,7,29.41,2804446.0,354,0,0,4.0
1189,0,8,26.89,866406.7,79,46,23,4.0
1189,0,9,11.95,2231205.0,281,0,0,4.0
1189,0,10,25.73,42624.3,0,92,23,3.993
1189,0,11,9.19,2246519.0,279,0,0,4.0
1189,0,12,11.11,2584587.8,316,0,0,4.0
1189,0,13,15.51,578482.8,45,70,4,4.0
1189,0,14,23.28,3234915.0,396,0,0,4.0
1189,0,15,21.85,2299408.7,285,1,0,3.999
1189,0,16,21.6,991.2,0,87,35,3.999
1189,0,17,23.82,1861212.2,231,2,0,4.0
1189,0,18,27.48,2078977.0,262,0,0,4.0
1189,0,19,5.6,30996.0,0,113,3,4.0
1189,0,20,13.77,2663428.0,326,0,0,4.0
1189,0,21,17.56,2147839.0,271,0,0,3.999
1189,0,22,22.78,105741.9,0,101,11,4.0
1189,0,23,12.17,82964.6,0,106,3,3.999
1189,0,24,22.8,0.0,0,0,0,0.0
1189,0,25,12.77,0.0,0,0,0,0.0
1189,0,26,10.24,0.0,0,0,0,0.0
1189,0,27,18.02,0.0,0,0,0,0.0
1189,0,28,17.56,0.0,0,0,0,0.0
1189,0,29,14.3,0.0,0,0,0,0.0
1189,0,30,23.94,0.0,0,0,0,0.0
1189,0,31,26.59,0.0,0,0,0,0.0
1189,1,0,15.71,188298.9,4,99,15,3.995
1189,1,1,17.29,2410805.6,293,0,0,4.0
1189,1,2,19.04,1016389.8,108,42,2,4.0
1189,1,3,16.81,2724620.0,339,0,0,4.0
1189,1,4,25.54,19638.8,0,83,34,3.999
1189,1,5,18.36,2419919.0,302,1,0,4.0
1189,1,6,8.63,1757679.0,215,4,0,3.998
1189,1,7,5.33,2334994.0,288,0,0,3.999
1189,1,8,8.28,2473794.0,310,0,0,4.0
1189,1,9,16.95,303323.6,8,101,10,3.997
1189,1,10,5.22,2805419.0,355,0,0,4.0
1189,1,11,27.19,2210951.0,281,0,0,4.0
1189,1,12,16.04,19364.3,0,88,28,3.997
1189,1,13,25.94,2073153.0,264,0,0,4.0
1189,1,14,7.56,2249982.0,276,0,0,3.999
1189,1,15,10.93,1764251.9,226,1,0,4.0
1189,1,16,21.21,2652224.0,331,0,0,3.998
1189,1,17,10.16,2330671.0,290,0,0,4.0
1189,1,18,13.45,1600401.1,194,6,0,3.999
1189,1,19,28.59,932587.2,98,46,8,4.0
1189,1,20,28.46,2351324.0,284,1,0,4.0
1189,1,21,7.19,1636808.4,204,9,0,3.999
1189,1,22,21.02,2409640.0,311,0,0,3.999
1189,1,23,22.73,1359419.5,163,14,1,4.0
1189,1,24,27.19,61429.2,0,101,23,3.998
1189,1,25,13.95,480087.5,35,93,5,4.0
1189,1,26,20.95,2471718.0,308,0,0,3.999
1189,1,27,28.46,0.0,0,0,0,0.0
1189,1,28,27.22,0.0,0,0,0,0.0
1189,1,29,21.5,0.0,0,0,0,0.0
1189,1,30,21.16,0.0,0,0,0,0.0
1189,1,31,18.93,0.0,0,0,0,0.0
1189,2,0,6.96,6764.4,0,107,10,4.0
1189,2,1,7.77,1959843.8,247,2,0,3.999
1189,2,2,20.56,593445.3,51,60,8,4.0
1189,2,3,13.62,2177901.4,271,0,0,3.999
1189,2,4,16.07,2506657.0,307,0,0,3.999
1189,2,5,14.57,2832.8,0,115,4,3.988
1189,2,6,13.01,2837866.0,350,0,0,4.0
1189,2,7,22.07,1592917.1,198,4,0,4.0
1189,2,8,12.5,1480008.2,184,8,0,3.999
1189,2,9,25.95,763048.7,78,47,16,4.0
1189,2,10,28.65,1931702.6,243,4,0,4.0
1189,2,11,13.51,590766.2,58,68,3,3.999
1189,2,12,8.75,3013606.0,373,0,0,4.0
1189,2,13,16.81,1649803.8,200,3,0,4.0
1189,2,14,15.53,2089076.0,251,0,0,3.999
1189,2,15,24.33,1714279.9,217,2,0,4.0
1189,2,16,27.2,2395803.0,297,0,0,4.0
1189,2,17,22.13,2418539.0,304,0,0,3.998
1189,2,18,7.17,2361382.0,290,0,0,4.0
1189,2,19,25.2,1765552.5,230,4,0,4.0
1189,2,20,14.13,42846.9,0,112,7,4.0
1189,2,21,13.24,1756878.8,218,4,0,3.999
1189,2,22,17.91,2581817.0,326,0,0,4.0
1189,2,23,17.9,2486237.0,304,1,0,4.0
1189,2,24,22.87,998470.8,122,27,0,4.0
1189,2,25,14.85,32888.7,0,97,12,4.0
1189,2,26,13.33,1611303.7,191,5,0,3.999
1189,2,27,21.36,2502236.0,307,0,0,4.0
1189,2,28,11.89,1074103.4,126,33,2,4.0
1189,2,29,27.14,2528548.0,309,0,0,3.999
1189,2,30,26.39,0.0,0,0,0,0.0
1189,2,31,12.54,0.0,0,0,0,0.0
1199,0,0,6.65,281341.6,7,103,5,4.0
1199,0,1,22.27,9095.9,0,94,16,3.999
1199,0,2,20.19,2538825.0,312,0,0,4.0
1199,0,3,15.08,2889750.0,361,0,0,4.0
1199,0,4,12.66,57054.3,0,108,8,3.999
1199,0,5,12.32,3089016.0,375,0,0,3.998
1199,0,6,23.59,79066.6,0,105,11,4.0
1199,0,7,29.41,3009378.0,380,0,0,3.998
1199,0,8,26.89,878089.6,86,48,13,3.999
1199,0,9,11.95,2321061.0,290,0,0,4.0
1199,0,10,25.73,40721.5,0,95,20,3.995
1199,0,11,9.19,2428274.0,303,0,0,4.0
1199,0,12,11.11,2618792.0,321,0,0,3.998
1199,0,13,15.51,562287.9,39,65,8,4.0
1199,0,14,23.28,3413332.0,425,0,0,4.0
1199,0,15,21.85,2261449.2,285,0,0,3.999
1199,0,16,21.6,974.0,0,84,33,4.0
1199,0,17,23.82,1889650.1,238,3,0,4.0
1199,0,18,27.48,2129453.1,256,2,0,4.0
1199,0,19,5.6,30591.4,0,111,4,3.999
1199,0,20,13.77,2856648.0,356,0,0,4.0
1199,0,21,17.56,2352626.0,297,0,0,4.0
1199,0,22,22.78,102880.0,0,101,14,4.0
1199,0,23,12.17,81687.2,0,110,2,3.996
1199,0,24,22.8,0.0,0,0,0,0.0
1199,0,25,12.77,0.0,0,0,0,0.0
1199,0,26,10.24,0.0,0,0,0,0.0
1199,0,27,18.02,0.0,0,0,0,0.0
1199,0,28,17.56,0.0,0,0,0,0.0
1199,0,29,14.3,0.0,0,0,0,0.0
1199,0,30,23.94,0.0,0,0,0,0.0
1199,0,31,26.59,0.0,0,0,0,0.0
1199,1,0,15.71,110214.5,0,101,11,3.996
1199,1,1,17.29,2461923.0,310,0,0,4.0
1199,1,2,19.04,1023548.2,116,40,1,4.0
1199,1,3,16.81,2764340.1,349,0,0,4.0
1199,1,4,25.54,20237.8,0,92,32,3.995
1199,1,5,18.36,2645490.2,333,0,0,3.999
1199,1,6,8.63,1739766.7,213,3,0,3.999
1199,1,7,5.33,2402450.0,300,0,0,4.0
1199,1,8,8.28,2442975.0,310,0,0,4.0
1199,1,9,16.95,295285.9,8,84,25,3.999
1199,1,10,5.22,2786052.0,351,0,0,4.0
1199,1,11,27.19,2083441.0,274,0,0,4.0
1199,1,12,16.04,22327.9,0,87,30,3.999
1199,1,13,25.94,2150463.9,266,1,0,3.999
1199,1,14,7.56,2350915.0,300,0,0,4.0
1199,1,15,10.93,1820769.0,224,3,0,4.0
1199,1,16,21.21,2457010.0,311,0,0,4.0
1199,1,17,10.16,2171412.3,276,0,0,4.0
1199,1,18,13.45,1555214.3,187,14,1,4.0
1199,1,19,28.59,997621.1,108,37,13,4.0
1199,1,20,28.46,2408232.0,298,0,0,4.0
1199,1,21,7.19,1559686.6,192,6,0,4.0
1199,1,22,21.02,2428755.0,295,0,0,4.0
1199,1,23,22.73,1266277.4,152,23,2,4.0
1199,1,24,27.19,51918.1,0,89,31,3.998
1199,1,25,13.95,527302.9,36,77,12,4.0
1199,1,26,20.95,2363738.0,290,0,0,4.0
1199,1,27,28.46,0.0,0,0,0,0.0
1199,1,28,27.22,0.0,0,0,0,0.0
1199,1,29,21.5,0.0,0,0,0,0.0
1199,1,30,21.16,0.0,0,0,0,0.0
1199,1,31,18.93,0.0,0,0,0,0.0
1199,2,0,6.96,10156.1,0,102,7,4.0
1199,2,1,7.77,2036736.0,251,0,0,4.0
1199,2,2,20.56,538819.6,40,82,6,4.0
1199,2,3,13.62,2236471.0,273,0,0,4.0
1199,2,4,16.07,2365990.0,301,0,0,4.0
1199,2,5,14.57,3327.4,0,97,11,4.0
1199,2,6,13.01,2679828.0,332,0,0,4.0
1199,2,7,22.07,1533163.9,197,2,0,4.0
1199,2,8,12.5,1556184.7,188,14,0,4.0
1199,2,9,25.95,665336.0,58,60,18,4.0
1199,2,10,28.65,1777470.3,227,3,0,4.0
1199,2,11,13.51,557091.7,50,75,3,4.0
1199,2,12,8.75,2960364.0,366,0,0,4.0
1199,2,13,16.81,1662884.3,209,5,0,4.0
1199,2,14,15.53,2035533.0,258,0,0,4.0
1199,2,15,24.33,1646689.6,196,5,0,4.0
1199,2,16,27.2,2377541.9,295,0,0,4.0
1199,2,17,22.13,2457520.0,313,0,0,4.0
1199,2,18,7.17,2363154.0,295,0,0,4.0
1199,2,19,25.2,1785945.9,232,2,0,4.0
1199,2,20,14.13,59022.7,0,100,13,4.0
1199,2,21,13.24,1915778.7,228,2,0,4.0
1199,2,22,17.91,2545847.4,314,0,0,4.0
1199,2,23,17.9,2300010.0,296,1,0,4.0
1199,2,24,22.87,1098055.2,113,51,0,4.0
1199,2,25,14.85,23944.5,0,104,11,4.0
1199,2,26,13.33,1521589.3,185,9,1,4.0
1199,2,27,21.36,2525100.7,309,0,0,4.0
1199,2,28,11.89,1105304.2,132,28,0,4.0
1199,2,29,27.14,2501433.0,313,0,0,4.0
1199,2,30,26.39,0.0,0,0,0,0.0
1199,2,31,12.54,0.0,0,0,0,0.0
1209,0,0,6.65,346792.9,12,94,10,4.0
1209,0,1,22.27,11642.0,0,101,13,4.0
1209,0,2,20.19,2386899.0,300,0,0,4.0
1209,0,3,15.08,3193052.0,405,0,0,4.0
1209,0,4,12.66,47535.6,0,102,11,4.0
1209,0,5,12.32,3132769.0,396,0,0,4.0
1209,0,6,23.59,70210.6,0,101,12,4.0
1209,0,7,29.41,2930158.0,368,0,0,4.0
1209,0,8,26.89,924669.7,85,52,12,4.0
1209,0,9,11.95,2301897.0,291,0,0,4.0
1209,0,10,25.73,37280.7,0,103,12,4.0
1209,0,11,9.19,2475502.0,302,0,0,4.0
1209,0,12,11.11,2428305.0,309,0,0,4.0
1209,0,13,15.51,536515.8,33,81,6,4.0
1209,0,14,23.28,2887344.0,372,0,0,4.0
1209,0,15,21.85,2115771.0,271,0,0,4.0
1209,0,16,21.6,980.0,0,86,32,4.0
1209,0,17,23.82,1827178.0,229,0,0,4.0
1209,0,18,27.48,2075058.1,256,0,0,4.0
1209,0,19,5.6,31351.5,0,110,5,4.0
1209,0,20,13.77,3116763.0,384,0,0,4.0
1209,0,21,17.56,2428469.0,299,0,0,4.0
1209,0,22,22.78,99509.2,0,102,12,4.0
1209,0,23,12.17,67029.2,0,104,5,4.0
1209,0,24,22.8,0.0,0,0,0,0.0
1209,0,25,12.77,0.0,0,0,0,0.0
1209,0,26,10.24,0.0,0,0,0,0.0
1209,0,27,18.02,0.0,0,0,0,0.0
1209,0,28,17.56,0.0,0,0,0,0.0
1209,0,29,14.3,0.0,0,0,0,0.0
1209,0,30,23.94,0.0,0,0,0,0.0
1209,0,31,26.59,0.0,0,0,0,0.0
1209,1,0,15.71,197916.7,2,91,18,3.999
1209,1,1,17.29,2424987.0,296,0,0,4.0
1209,1,2,19.04,1000651.5,105,47,1,4.0
1209,1,3,16.81,2784954.0,346,0,0,4.0
1209,1,4,25.54,17756.8,0,89,31,3.998
1209,1,5,18.36,2403821.0,306,0,0,4.0
1209,1,6,8.63,1780259.6,217,5,0,4.0
1209,1,7,5.33,2553849.0,322,0,0,4.0
1209,1,8,8.28,2396893.0,295,0,0,4.0
1209,1,9,16.95,285908.9,13,82,22,3.999
1209,1,10,5.22,2879250.0,356,0,0,4.0
1209,1,11,27.19,2277147.0,286,0,0,4.0
1209,1,12,16.04,17912.2,0,88,32,3.997
1209,1,13,25.94,2243077.0,269,0,0,4.0
1209,1,14,7.56,2234563.0,283,0,0,4.0
1209,1,15,10.93,1857717.9,226,2,0,4.0
1209,1,16,21.21,2502436.0,318,0,0,4.0
1209,1,17,10.16,2345558.0,283,0,0,4.0
1209,1,18,13.45,1611807.5,190,7,1,4.0
1209,1,19,28.59,970878.0,104,34,17,4.0
1209,1,20,28.46,2245782.0,282,0,0,4.0
1209,1,21,7.19,1648596.7,197,7,0,4.0
1209,1,22,21.02,2289624.0,291,0,0,3.999
1209,1,23,22.73,1168670.8,137,25,4,4.0
1209,1,24,27.19,61788.2,0,85,38,3.999
1209,1,25,13.95,486143.9,30,81,4,3.999
1209,1,26,20.95,2363657.0,301,0,0,4.0
1209,1,27,28.46,0.0,0,0,0,0.0
1209,1,28,27.22,0.0,0,0,0,0.0
1209,1,29,21.5,0.0,0,0,0,0.0
1209,1,30,21.16,0.0,0,0,0,0.0
1209,1,31,18.93,0.0,0,0,0,0.0
1209,2,0,6.96,6586.5,0,99,12,4.0
1209,2,1,7.77,2102964.9,266,0,0,4.0
1209,2,2,20.56,542740.5,48,71,10,4.0
1209,2,3,13.62,2326329.0,296,0,0,4.0
1209,2,4,16.07,2503841.0,308,0,0,4.0
1209,2,5,14.57,2931.0,0,103,10,4.0
1209,2,6,13.01,2633946.0,334,0,0,4.0
1209,2,7,22.07,1715503.5,209,1,0,4.0
1209,2,8,12.5,1501642.5,183,11,0,4.0
1209,2,9,25.95,735704.6,68,55,11,4.0
1209,2,10,28.65,2096038.3,255,3,0,4.0
1209,2,11,13.51,592906.5,53,73,4,4.0
1209,2,12,8.75,3021768.0,378,0,0,4.0
1209,2,13,16.81,1721012.7,218,2,0,4.0
1209,2,14,15.53,1879046.4,243,1,0,4.0
1209,2,15,24.33,1611018.0,209,3,0,4.0
1209,2,16,27.2,2429208.0,302,0,0,4.0
1209,2,17,22.13,2634116.0,320,0,0,4.0
1209,2,18,7.17,2437821.0,308,0,0,4.0
1209,2,19,25.2,1863884.0,234,1,0,4.0
1209,2,20,14.13,43823.8,0,103,10,4.0
1209,2,21,13.24,1812686.2,224,4,0,4.0
1209,2,22,17.91,2393529.0,302,0,0,4.0
1209,2,23,17.9,2302271.0,283,0,0,4.0
1209,2,24,22.87,1039393.3,116,39,2,4.0
1209,2,25,14.85,28935.5,0,99,12,4.0
1209,2,26,13.33,1498140.6,187,9,0,4.0
1209,2,27,21.36,2532435.0,317,0,0,4.0
1209,2,28,11.89,1025498.5,121,26,2,4.0
1209,2,29,27.14,2290064.0,296,0,0,4.0
1209,2,30,26.39,0.0,0,0,0,0.0
1209,2,31,12.54,0.0,0,0,0,0.0
1219,0,0,6.65,287150.5,8,91,9,4.0
1219,0,1,22.27,13290.3,0,95,19,4.0
1219,0,2,20.19,2399381.0,302,0,0,4.0
1219,0,3,15.08,3014172.0,371,0,0,4.0
1219,0,4,12.66,54087.3,0,112,13,4.0
1219,0,5,12.32,2924818.0,363,0,0,4.0
1219,0,6,23.59,77493.1,0,104,12,4.0
1219,0,7,29.41,2874908.0,363,0,0,4.0
1219,0,8,26.89,889051.9,81,45,17,4.0
1219,0,9,11.95,2184786.0,273,0,0,4.0
1219,0,10,25.73,38581.3,0,94,22,4.0
1219,0,11,9.19,2281654.0,282,0,0,4.0
1219,0,12,11.11,2541918.0,320,0,0,4.0
1219,0,13,15.51,500516.9,39,69,7,4.0
1219,0,14,23.28,3037506.0,387,0,0,4.0
1219,0,15,21.85,2268145.0,280,0,0,4.0
1219,0,16,21.6,1202.4,0,90,28,4.0
1219,0,17,23.82,1915101.0,237,0,0,4.0
1219,0,18,27.48,2206851.6,274,1,0,4.0
1219,0,19,5.6,26428.3,0,114,5,4.0
1219,0,20,13.77,2883185.0,363,0,0,4.0
1219,0,21,17.56,2328273.5,287,0,0,4.0
1219,0,22,22.78,99463.4,1,95,18,4.0
1219,0,23,12.17,71766.5,0,108,4,4.0
1219,0,24,22.8,0.0,0,0,0,0.0
1219,0,25,12.77,0.0,0,0,0,0.0
1219,0,26,10.24,0.0,0,0,0,0.0
1219,0,27,18.02,0.0,0,0,0,0.0
1219,0,28,17.56,0.0,0,0,0,0.0
1219,0,29,14.3,0.0,0,0,0,0.0
1219,0,30,23.94,0.0,0,0,0,0.0
1219,0,31,26.59,0.0,0,0,0,0.0
1219,1,0,15.71,153491.9,1,95,21,4.0
1219,1,1,17.29,2615385.0,319,0,0,4.0
1219,1,2,19.04,981882.6,105,39,2,4.0
1219,1,3,16.81,2935697.0,360,0,0,4.0
1219,1,4,25.54,24147.0,0,82,34,3.998
1219,1,5,18.36,2396962.1,283,0,0,4.0
1219,1,6,8.63,1696945.2,212,5,0,4.0
1219,1,7,5.33,2552696.0,315,0,0,4.0
1219,1,8,8.28,2517542.0,315,0,0,4.0
1219,1,9,16.95,274619.8,9,97,14,3.998
1219,1,10,5.22,2823046.0,352,0,0,4.0
1219,1,11,27.19,2182695.0,276,0,0,4.0
1219,1,12,16.04,24997.4,0,87,28,3.998
1219,1,13,25.94,1940337.0,252,0,0,4.0
1219,1,14,7.56,2253735.0,281,0,0,4.0
1219,1,15,10.93,1815753.5,222,3,0,4.0
1219,1,16,21.21,2635262.0,330,0,0,4.0
1219,1,17,10.16,2251938.7,286,0,0,4.0
1219,1,18,13.45,1511432.6,180,10,0,3.998
1219,1,19,28.59,950582.0,100,41,15,4.0
1219,1,20,28.46,2360180.0,286,0,0,4.0
1219,1,21,7.19,1779363.1,221,1,0,4.0
1219,1,22,21.02,2280715.0,285,0,0,4.0
1219,1,23,22.73,1202785.7,140,26,2,4.0
1219,1,24,27.19,54551.2,0,82,41,3.998
1219,1,25,13.95,477964.4,34,82,5,3.999
1219,1,26,20.95,2496828.0,322,0,0,4.0
1219,1,27,28.46,0.0,0,0,0,0.0
1219,1,28,27.22,0.0,0,0,0,0.0
1219,1,29,21.5,0.0,0,0,0,0.0
1219,1,30,21.16,0.0,0,0,0,0.0
1219,1,31,18.93,0.0,0,0,0,0.0
1219,2,0,6.96,6623.8,0,104,9,4.0
1219,2,1,7.77,2063859.5,255,1,0,4.0
1219,2,2,20.56,518642.0,34,77,6,4.0
1219,2,3,13.62,2255275.0,281,0,0,4.0
1219,2,4,16.07,2397415.0,306,0,0,4.0
1219,2,5,14.57,2804.6,0,101,9,3.993
1219,2,6,13.01,2888449.0,355,0,0,4.0
1219,2,7,22.07,1649720.3,206,3,0,4.0
1219,2,8,12.5,1480378.5,176,18,0,4.0
1219,2,9,25.95,738299.3,65,60,12,4.0
1219,2,10,28.65,1970190.6,245,3,0,4.0
1219,2,11,13.51,563380.8,48,75,8,4.0
1219,2,12,8.75,2981335.0,375,0,0,4.0
1219,2,13,16.81,1740488.8,217,2,0,3.999
1219,2,14,15.53,1994907.0,247,1,0,4.0
1219,2,15,24.33,1743947.3,213,6,0,3.999
1219,2,16,27.2,2372224.0,292,0,0,4.0
1219,2,17,22.13,2495510.0,323,0,0,4.0
1219,2,18,7.17,2333250.0,298,0,0,3.998
1219,2,19,25.2,1957607.2,244,0,0,4.0
1219,2,20,14.13,57966.7,0,98,21,3.998
1219,2,21,13.24,1727017.5,213,2,0,4.0
1219,2,22,17.91,2844411.0,346,0,0,4.0
1219,2,23,17.9,2422778.0,297,0,0,4.0
1219,2,24,22.87,1048670.7,116,40,1,4.0
1219,2,25,14.85,30586.1,0,102,15,3.999
1219,2,26,13.33,1555147.7,192,5,0,4.0
1219,2,27,21.36,2528823.0,313,0,0,4.0
1219,2,28,11.89,1018953.3,114,30,1,4.0
1219,2,29,27.14,2243716.0,285,0,0,4.0
1219,2,30,26.39,0.0,0,0,0,0.0
1219,2,31,12.54,0.0,0,0,0,0.0
1229,0,0,6.65,309565.6,11,99,9,4.0
1229,0,1,22.27,9794.5,0,93,18,4.0
1229,0,2,20.19,2485057.0,308,0,0,4.0
1229,0,3,15.08,3330753.0,414,0,0,4.0
1229,0,4,12.66,43015.5,0,103,6,4.0
1229,0,5,12.32,2955025.0,368,0,0,4.0
1229,0,6,23.59,90272.0,0,100,15,4.0
1229,0,7,29.41,2865767.0,354,0,0,4.0
1229,0,8,26.89,815089.5,70,49,27,4.0
1229,0,9,11.95,2251371.0,279,0,0,4.0
1229,0,10,25.73,36859.4,0,101,20,4.0
1229,0,11,9.19,2523813.0,314,0,0,4.0
1229,0,12,11.11,2562462.0,321,0,0,4.0
1229,0,13,15.51,556697.3,32,80,6,4.0
1229,0,14,23.28,3202564.0,404,0,0,4.0
1229,0,15,21.85,2271427.0,285,0,0,4.0
1229,0,16,21.6,959.0,0,85,33,4.0
1229,0,17,23.82,1861749.3,235,1,0,4.0
1229,0,18,27.48,2014015.9,252,1,0,4.0
1229,0,19,5.6,26540.2,0,104,6,4.0
1229,0,20,13.77,2806470.0,352,0,0,4.0
1229,0,21,17.56,2232966.0,277,0,0,4.0
1229,0,22,22.78,116323.8,0,97,17,4.0
1229,0,23,12.17,61072.2,0,110,1,4.0
1229,0,24,22.8,0.0,0,0,0,0.0
1229,0,25,12.77,0.0,0,0,0,0.0
1229,0,26,10.24,0.0,0,0,0,0.0
1229,0,27,18.02,0.0,0,0,0,0.0
1229,0,28,17.56,0.0,0,0,0,0.0
1229,0,29,14.3,0.0,0,0,0,0.0
1229,0,30,23.94,0.0,0,0,0,0.0
1229,0,31,26.59,0.0,0,0,0,0.0
1229,1,0,15.71,144057.1,3,101,6,3.998
1229,1,1,17.29,2566297.0,312,0,0,3.999
1229,1,2,19.04,957566.9,108,37,0,4.0
1229,1,3,16.81,2780466.0,340,0,0,4.0
1229,1,4,25.54,21008.3,0,87,32,4.0
1229,1,5,18.36,2402476.0,307,0,0,4.0
1229,1,6,8.63,1720709.8,217,4,0,4.0
1229,1,7,5.33,2414408.0,308,0,0,4.0
1229,1,8,8.28,2548926.0,314,0,0,4.0
1229,1,9,16.95,250581.6,6,94,18,3.998
1229,1,10,5.22,2764747.0,344,0,0,4.0
1229,1,11,27.19,2205494.0,284,0,0,4.0
1229,1,12,16.04,24075.1,0,86,29,3.997
1229,1,13,25.94,2228871.0,273,0,0,4.0
1229,1,14,7.56,2322181.0,292,0,0,4.0
1229,1,15,10.93,1738027.9,226,3,0,4.0
1229,1,16,21.21,2499151.0,310,0,0,3.998
1229,1,17,10.16,2457448.0,300,0,0,3.997
1229,1,18,13.45,1636748.0,197,9,0,3.999
1229,1,19,28.59,968062.9,99,35,16,4.0
1229,1,20,28.46,2400064.0,305,0,0,3.999
1229,1,21,7.19,1628597.7,206,7,0,3.999
1229,1,22,21.02,2374874.0,289,0,0,4.0
1229,1,23,22.73,1375448.8,152,27,2,3.999
1229,1,24,27.19,71944.1,0,85,31,4.0
1229,1,25,13.95,484338.5,32,79,9,3.999
1229,1,26,20.95,2340262.0,296,0,0,4.0
1229,1,27,28.46,0.0,0,0,0,0.0
1229,1,28,27.22,0.0,0,0,0,0.0
1229,1,29,21.5,0.0,0,0,0,0.0
1229,1,30,21.16,0.0,0,0,0,0.0
1229,1,31,18.93,0.0,0,0,0,0.0
1229,2,0,6.96,6464.9,0,113,8,3.995
1229,2,1,7.77,2054248.0,259,1,0,4.0
1229,2,2,20.56,552462.9,31,72,14,4.0
1229,2,3,13.62,2285759.0,282,0,0,4.0
1229,2,4,16.07,2483800.0,303,0,0,4.0
1229,2,5,14.57,2898.0,0,102,11,3.992
1229,2,6,13.01,2821200.0,354,0,0,4.0
1229,2,7,22.07,1605051.6,199,3,0,3.999
1229,2,8,12.5,1446635.5,170,19,0,4.0
1229,2,9,25.95,724436.5,67,60,15,4.0
1229,2,10,28.65,1992654.0,246,1,0,4.0
1229,2,11,13.51,549328.6,43,73,9,3.998
1229,2,12,8.75,2890404.0,361,0,0,4.0
1229,2,13,16.81,1741927.0,223,0,0,4.0
1229,2,14,15.53,1964364.0,249,0,0,4.0
1229,2,15,24.33,1588962.1,200,5,0,4.0
1229,2,16,27.2,2322508.0,284,0,0,4.0
1229,2,17,22.13,2504585.0,320,0,0,4.0
1229,2,18,7.17,2496324.8,310,0,0,4.0
1229,2,19,25.2,1929802.8,245,3,0,3.999
1229,2,20,14.13,34465.5,0,108,17,3.999
1229,2,21,13.24,1796231.5,224,2,0,3.999
1229,2,22,17.91,2441955.0,301,0,0,4.0
1229,2,23,17.9,2393010.9,298,0,0,4.0
1229,2,24,22.87,1123789.0,118,36,3,4.0
1229,2,25,14.85,27462.9,0,96,14,3.998
1229,2,26,13.33,1512234.9,193,10,0,4.0
1229,2,27,21.36,2379539.0,298,0,0,4.0
1229,2,28,11.89,1108823.9,127,26,3,4.0
1229,2,29,27.14,2413883.0,309,0,0,3.999
1229,2,30,26.39,0.0,0,0,0,0.0
1229,2,31,12.54,0.0,0,0,0,0.0
1239,0,0,6.65,311668.7,9,87,14,4.0
1239,0,1,22.27,10236.2,0,105,16,4.0
1239,0,2,20.19,2480909.0,309,0,0,4.0
1239,0,3,15.08,3088575.0,388,0,0,4.0
1239,0,4,12.66,45652.8,0,105,9,4.0
1239,0,5,12.32,2799810.0,350,0,0,4.0
1239,0,6,23.59,82473.1,0,103,11,4.0
1239,0,7,29.41,3032427.0,380,0,0,4.0
1239,0,8,26.89,846878.5,81,42,24,4.0
1239,0,9,11.95,2300985.0,290,0,0,4.0
1239,0,10,25.73,26246.5,0,104,15,4.0
1239,0,11,9.19,2388792.0,294,0,0,4.0
1239,0,12,11.11,2466067.9,309,0,0,4.0
1239,0,13,15.51,521756.2,39,75,7,4.0
1239,0,14,23.28,3288449.0,417,0,0,4.0
1239,0,15,21.85,2282749.0,284,0,0,4.0
1239,0,16,21.6,1030.0,0,76,41,4.0
1239,0,17,23.82,1860401.7,231,2,0,4.0
1239,0,18,27.48,2106894.6,265,1,0,4.0
1239,0,19,5.6,27455.0,0,111,6,4.0
1239,0,20,13.77,2659244.0,340,0,0,4.0
1239,0,21,17.56,2221061.0,278,0,0,4.0
1239,0,22,22.78,99071.7,0,97,11,4.0
1239,0,23,12.17,82458.5,0,112,1,4.0
1239,0,24,22.8,0.0,0,0,0,0.0
1239,0,25,12.77,0.0,0,0,0,0.0
1239,0,26,10.24,0.0,0,0,0,0.0
1239,0,27,18.02,0.0,0,0,0,0.0
1239,0,28,17.56,0.0,0,0,0,0.0
1239,0,29,14.3,0.0,0,0,0,0.0
1239,0,30,23.94,0.0,0,0,0,0.0
1239,0,31,26.59,0.0,0,0,0,0.0
1239,1,0,15.71,143531.0,3,96,8,3.999
1239,1,1,17.29,2374704.0,293,0,0,4.0
1239,1,2,19.04,977158.2,105,47,0,4.0
1239,1,3,16.81,2742042.0,331,0,0,4.0
1239,1,4,25.54,16844.3,0,86,31,4.0
1239,1,5,18.36,2448588.0,310,0,0,4.0
1239,1,6,8.63,1760686.5,214,4,0,4.0
1239,1,7,5.33,2569805.0,320,0,0,4.0
1239,1,8,8.28,2413271.0,302,0,0,4.0
1239,1,9,16.95,242749.2,7,84,21,4.0
1239,1,10,5.22,2586827.0,331,0,0,4.0
1239,1,11,27.19,2322108.0,293,0,0,4.0
1239,1,12,16.04,21059.7,0,87,29,4.0
1239,1,13,25.94,2139450.0,270,0,0,4.0
1239,1,14,7.56,2351583.8,293,1,0,4.0
1239,1,15,10.93,1855735.8,227,3,0,4.0
1239,1,16,21.21,2552109.0,321,0,0,4.0
1239,1,17,10.16,2354674.7,297,0,0,4.0
1239,1,18,13.45,1584163.1,192,12,0,4.0
1239,1,19,28.59,996588.6,107,38,14,4.0
1239,1,20,28.46,2372891.0,300,0,0,4.0
1239,1,21,7.19,1729822.9,215,2,0,4.0
1239,1,22,21.02,2235414.0,279,0,0,4.0
1239,1,23,22.73,1202558.0,145,18,2,4.0
1239,1,24,27.19,62925.7,0,89,32,3.999
1239,1,25,13.95,524784.3,31,80,10,4.0
1239,1,26,20.95,2550247.0,308,0,0,4.0
1239,1,27,28.46,0.0,0,0,0,0.0
1239,1,28,27.22,0.0,0,0,0,0.0
1239,1,29,21.5,0.0,0,0,0,0.0
1239,1,30,21.16,0.0,0,0,0,0.0
1239,1,31,18.93,0.0,0,0,0,0.0
1239,2,0,6.96,8091.0,0,105,5,3.997
1239,2,1,7.77,1971030.8,249,2,0,4.0
1239,2,2,20.56,515551.6,40,69,15,4.0
1239,2,3,13.62,2262850.0,290,0,0,4.0
1239,2,4,16.07,2338632.0,293,0,0,4.0
1239,2,5,14.57,2607.5,0,98,11,4.0
1239,2,6,13.01,2689619.0,338,0,0,4.0
1239,2,7,22.07,1628845.0,203,3,0,4.0
1239,2,8,12.5,1471653.8,176,16,0,3.999
1239,2,9,25.95,763051.3,68,51,16,4.0
1239,2,10,28.65,1976280.7,244,2,0,4.0
1239,2,11,13.51,554413.0,48,74,7,3.999
1239,2,12,8.75,2736022.0,329,0,0,4.0
1239,2,13,16.81,1727005.6,217,2,0,4.0
1239,2,14,15.53,2025455.0,260,0,0,4.0
1239,2,15,24.33,1579456.8,200,5,0,4.0
1239,2,16,27.2,2414638.0,307,0,0,4.0
1239,2,17,22.13,2566592.0,315,0,0,4.0
1239,2,18,7.17,2554168.0,316,0,0,4.0
1239,2,19,25.2,1890808.4,240,1,0,4.0
1239,2,20,14.13,51633.4,0,104,14,3.999
1239,2,21,13.24,1837554.4,227,3,0,4.0
1239,2,22,17.91,2634508.0,329,0,0,4.0
1239,2,23,17.9,2583791.0,320,0,0,4.0
1239,2,24,22.87,1047192.8,111,44,3,4.0
1239,2,25,14.85,33438.1,0,104,16,4.0
1239,2,26,13.33,1582625.5,186,14,0,4.0
1239,2,27,21.36,2510761.0,300,0,0,4.0
1239,2,28,11.89,1041205.3,124,27,1,4.0
1239,2,29,27.14,2480620.0,313,0,0,4.0
1239,2,30,26.39,0.0,0,0,0,0.0
1239,2,31,12.54,0.0,0,0,0,0.0
1249,0,0,6.65,332108.8,12,82,18,4.0
1249,0,1,22.27,11899.9,0,104,16,4.0
1249,0,2,20.19,2456434.0,310,0,0,4.0
1249,0,3,15.08,3096486.0,386,0,0,4.0
1249,0,4,12.66,37685.7,0,107,8,4.0
1249,0,5,12.32,2852581.0,358,0,0,4.0
1249,0,6,23.59,74090.6,0,94,12,4.0
1249,0,7,29.41,2933901.0,371,0,0,4.0
1249,0,8,26.89,927109.4,81,40,27,4.0
1249,0,9,11.95,2346961.0,286,0,0,4.0
1249,0,10,25.73,31101.2,0,86,22,4.0
1249,0,11,9.19,2414867.0,303,0,0,4.0
1249,0,12,11.11,2535007.0,316,0,0,4.0
1249,0,13,15.51,554088.1,33,75,11,4.0
1249,0,14,23.28,3380006.0,416,0,0,4.0
1249,0,15,21.85,2236738.0,282,0,0,4.0
1249,0,16,21.6,1009.8,0,88,32,4.0
1249,0,17,23.82,1780322.0,223,0,0,4.0
1249,0,18,27.48,1998570.0,259,1,0,4.0
1249,0,19,5.6,25670.3,0,104,3,4.0
1249,0,20,13.77,2819013.0,354,0,0,4.0
1249,0,21,17.56,2330295.8,283,1,0,4.0
1249,0,22,22.78,111933.9,0,94,18,4.0
1249,0,23,12.17,69528.3,0,110,5,4.0
1249,0,24,22.8,0.0,0,0,0,0.0
1249,0,25,12.77,0.0,0,0,0,0.0
1249,0,26,10.24,0.0,0,0,0,0.0
1249,0,27,18.02,0.0,0,0,0,0.0
1249,0,28,17.56,0.0,0,0,0,0.0
1249,0,29,14.3,0.0,0,0,0,0.0
1249,0,30,23.94,0.0,0,0,0,0.0
1249,0,31,26.59,0.0,0,0,0,0.0
1249,1,0,15.71,172696.0,2,101,22,3.996
1249,1,1,17.29,2524632.0,314,0,0,4.0
1249,1,2,19.04,941579.1,110,40,1,4.0
1249,1,3,16.81,2961716.0,362,0,0,4.0
1249,1,4,25.54,24176.6,0,86,31,3.998
1249,1,5,18.36,2371633.0,298,1,0,4.0
1249,1,6,8.63,1703256.4,218,5,0,4.0
1249,1,7,5.33,2309598.0,294,0,0,4.0
1249,1,8,8.28,2407557.7,299,0,0,4.0
1249,1,9,16.95,286315.5,11,91,17,3.998
1249,1,10,5.22,2665243.0,334,0,0,4.0
1249,1,11,27.19,2268755.0,286,0,0,4.0
1249,1,12,16.04,19839.6,0,89,29,3.998
1249,1,13,25.94,2091447.0,271,0,0,4.0
1249,1,14,7.56,2324085.0,282,0,0,4.0
1249,1,15,10.93,2023382.5,246,2,0,3.999
1249,1,16,21.21,2472407.0,302,0,0,4.0
1249,1,17,10.16,2396580.0,301,0,0,4.0
1249,1,18,13.45,1508880.5,193,8,0,3.999
1249,1,19,28.59,983767.6,104,41,13,4.0
1249,1,20,28.46,2512663.0,311,0,0,4.0
1249,1,21,7.19,1651700.1,200,8,0,3.999
1249,1,22,21.02,2332097.1,287,0,0,4.0
1249,1,23,22.73,1228173.1,145,22,3,4.0
1249,1,24,27.19,66266.9,0,89,33,3.999
1249,1,25,13.95,453219.9,33,85,6,3.998
1249,1,26,20.95,2270254.0,285,0,0,3.998
1249,1,27,28.46,0.0,0,0,0,0.0
1249,1,28,27.22,0.0,0,0,0,0.0
1249,1,29,21.5,0.0,0,0,0,0.0
1249,1,30,21.16,0.0,0,0,0,0.0
1249,1,31,18.93,0.0,0,0,0,0.0
1249,2,0,6.96,4432.3,0,102,12,3.997
1249,2,1,7.77,2063181.0,255,0,0,3.999
1249,2,2,20.56,497589.0,38,70,12,4.0
1249,2,3,13.62,2430138.0,300,0,0,4.0
1249,2,4,16.07,2424277.0,314,0,0,4.0
1249,2,5,14.57,1535.0,0,102,8,4.0
1249,2,6,13.01,2737865.0,346,0,0,4.0
1249,2,7,22.07,1667994.9,201,6,0,4.0
1249,2,8,12.5,1511167.3,178,12,0,4.0
1249,2,9,25.95,611921.5,45,70,10,4.0
1249,2,10,28.65,1826320.5,224,5,0,4.0
1249,2,11,13.51,546814.8,45,76,9,4.0
1249,2,12,8.75,2828032.0,361,0,0,4.0
1249,2,13,16.81,1772462.3,220,2,0,3.999
1249,2,14,15.53,1967762.0,249,0,0,4.0
1249,2,15,24.33,1665772.2,201,6,0,4.0
1249,2,16,27.2,2284228.0,286,0,0,3.998
1249,2,17,22.13,2561108.0,323,0,0,4.0
1249,2,18,7.17,2623105.5,326,0,0,4.0
1249,2,19,25.2,1901544.4,236,2,0,4.0
1249,2,20,14.13,41070.5,0,91,18,3.998
1249,2,21,13.24,1760553.8,213,3,0,4.0
1249,2,22,17.91,2489456.0,311,0,0,4.0
1249,2,23,17.9,2444874.0,291,0,0,4.0
1249,2,24,22.87,1079847.6,113,37,2,4.0
1249,2,25,14.85,25882.1,0,99,16,3.997
1249,2,26,13.33,1613627.6,196,9,0,4.0
1249,2,27,21.36,2587772.0,331,0,0,3.998
1249,2,28,11.89,1167279.9,133,24,4,4.0
1249,2,29,27.14,2379184.0,292,0,0,3.999
1249,2,30,26.39,0.0,0,0,0,0.0
1249,2,31,12.54,0.0,0,0,0,0.0
1259,0,0,6.65,297698.2,11,94,9,4.0
1259,0,1,22.27,12457.2,0,101,16,4.0
1259,0,2,20.19,2620606.0,320,0,0,4.0
1259,0,3,15.08,2979742.0,374,0,0,4.0
1259,0,4,12.66,49986.4,0,99,8,4.0
1259,0,5,12.32,2801553.0,362,0,0,4.0
1259,0,6,23.59,78569.2,0,86,20,4.0
1259,0,7,29.41,3136968.0,392,0,0,4.0
1259,0,8,26.89,901933.0,84,41,18,4.0
1259,0,9,11.95,2301699.0,294,0,0,4.0
1259,0,10,25.73,31938.1,0,94,23,4.0
1259,0,11,9.19,2394801.0,304,0,0,4.0
1259,0,12,11.11,2565655.0,322,0,0,4.0
1259,0,13,15.51,596771.5,37,77,9,4.0
1259,0,14,23.28,3326157.0,418,0,0,4.0
1259,0,15,21.85,2204258.0,277,0,0,4.0
1259,0,16,21.6,1097.8,0,74,40,4.0
1259,0,17,23.82,1827788.9,230,3,0,4.0
1259,0,18,27.48,1960607.0,248,0,0,4.0
1259,0,19,5.6,26807.3,0,107,3,4.0
1259,0,20,13.77,3040756.0,380,0,0,4.0
1259,0,21,17.56,2201105.0,270,0,0,4.0
1259,0,22,22.78,96535.3,0,99,14,4.0
1259,0,23,12.17,63730.1,0,116,6,4.0
1259,0,24,22.8,0.0,0,0,0,0.0
1259,0,25,12.77,0.0,0,0,0,0.0
1259,0,26,10.24,0.0,0,0,0,0.0
1259,0,27,18.02,0.0,0,0,0,0.0
1259,0,28,17.56,0.0,0,0,0,0.0
1259,0,29,14.3,0.0,0,0,0,0.0
1259,0,30,23.94,0.0,0,0,0,0.0
1259,0,31,26.59,0.0,0,0,0,0.0
1259,1,0,15.71,173681.1,2,96,14,3.999
1259,1,1,17.29,2556954.0,312,0,0,4.0
1259,1,2,19.04,990635.4,111,40,1,3.998
1259,1,3,16.81,2767421.0,350,0,0,3.998
1259,1,4,25.54,21370.5,0,75,38,3.998
1259,1,5,18.36,2353192.0,295,0,0,4.0
1259,1,6,8.63,1721249.2,217,8,0,4.0
1259,1,7,5.33,2361290.0,304,0,0,4.0
1259,1,8,8.28,2484403.0,311,0,0,4.0
1259,1,9,16.95,255702.0,10,93,21,3.998
1259,1,10,5.22,2668873.0,337,0,0,3.998
1259,1,11,27.19,2290805.0,285,0,0,4.0
1259,1,12,16.04,20793.0,0,83,40,3.999
1259,1,13,25.94,2073026.0,261,0,0,4.0
1259,1,14,7.56,2357208.0,292,0,0,4.0
1259,1,15,10.93,1777688.3,219,4,0,4.0
1259,1,16,21.21,2720702.0,337,0,0,3.997
1259,1,17,10.16,2347027.0,285,0,0,3.999
1259,1,18,13.45,1528666.8,188,11,0,3.999
1259,1,19,28.59,988269.4,107,33,12,4.0
1259,1,20,28.46,2394687.0,297,0,0,3.997
1259,1,21,7.19,1606831.1,202,4,0,4.0
1259,1,22,21.02,2228964.0,282,0,0,4.0
1259,1,23,22.73,1318666.4,153,28,1,4.0
1259,1,24,27.19,61560.6,0,84,37,3.999
1259,1,25,13.95,478220.5,33,83,9,3.997
1259,1,26,20.95,2329227.7,292,0,0,4.0
1259,1,27,28.46,0.0,0,0,0,0.0
1259,1,28,27.22,0.0,0,0,0,0.0
1259,1,29,21.5,0.0,0,0,0,0.0
1259,1,30,21.16,0.0,0,0,0,0.0
1259,1,31,18.93,0.0,0,0,0,0.0
1259,2,0,6.96,6814.9,0,95,20,4.0
1259,2,1,7.77,1995262.0,248,0,0,4.0
1259,2,2,20.56,537264.2,39,67,17,3.998
1259,2,3,13.62,2231945.0,279,0,0,4.0
1259,2,4,16.07,2285512.3,287,0,0,3.997
1259,2,5,14.57,1934.9,0,104,14,4.0
1259,2,6,13.01,2866251.0,355,0,0,4.0
1259,2,7,22.07,1634438.2,201,4,0,3.999
1259,2,8,12.5,1458850.5,183,5,0,3.999
1259,2,9,25.95,715345.6,67,46,11,3.998
1259,2,10,28.65,1916027.6,240,3,0,4.0
1259,2,11,13.51,646027.6,59,68,6,3.998
1259,2,12,8.75,2841969.0,351,0,0,4.0
1259,2,13,16.81,1843380.9,229,2,0,3.998
1259,2,14,15.53,2172837.2,268,0,0,4.0
1259,2,15,24.33,1594764.6,197,9,0,3.999
1259,2,16,27.2,2366582.5,300,0,0,4.0
1259,2,17,22.13,2480409.0,314,0,0,3.997
1259,2,18,7.17,2434659.0,307,0,0,3.997
1259,2,19,25.2,1827584.0,228,3,0,4.0
1259,2,20,14.13,49915.9,0,94,15,4.0
1259,2,21,13.24,1705850.5,214,3,0,3.999
1259,2,22,17.91,2731817.0,337,0,0,3.999
1259,2,23,17.9,2381196.0,291,0,0,4.0
1259,2,24,22.87,996368.3,115,38,1,4.0
1259,2,25,14.85,32289.7,0,100,11,3.998
1259,2,26,13.33,1442844.4,183,8,0,3.999
1259,2,27,21.36,2465891.0,309,0,0,3.998
1259,2,28,11.89,1099878.0,128,29,2,4.0
1259,2,29,27.14,2458083.0,312,0,0,3.999
1259,2,30,26.39,0.0,0,0,0,0.0
1259,2,31,12.54,0.0,0,0,0,0.0
1269,0,0,6.65,321964.0,15,97,7,4.0
1269,0,1,22.27,11312.6,0,97,19,4.0
1269,0,2,20.19,2459375.0,311,0,0,4.0
1269,0,3,15.08,2911987.0,370,0,0,4.0
1269,0,4,12.66,61449.4,0,105,8,4.0
1269,0,5,12.32,3033170.0,391,0,0,4.0
1269,0,6,23.59,74234.0,0,94,12,4.0
1269,0,7,29.41,2915717.0,364,0,0,4.0
1269,0,8,26.89,861777.8,84,27,27,4.0
1269,0,9,11.95,2149277.0,274,0,0,4.0
1269,0,10,25.73,33260.9,0,98,21,4.0
1269,0,11,9.19,2402544.0,299,0,0,4.0
1269,0,12,11.11,2543961.0,323,0,0,4.0
1269,0,13,15.51,575622.3,35,76,11,4.0
1269,0,14,23.28,3170068.0,401,0,0,4.0
1269,0,15,21.85,2295632.0,285,1,0,4.0
1269,0,16,21.6,1321.1,0,85,39,4.0
1269,0,17,23.82,1880132.2,230,2,0,4.0
1269,0,18,27.48,2116065.0,261,0,0,4.0
1269,0,19,5.6,24656.4,0,117,2,4.0
1269,0,20,13.77,3002868.0,373,0,0,4.0
1269,0,21,17.56,2295104.0,288,0,0,4.0
1269,0,22,22.78,105015.0,0,102,15,4.0
1269,0,23,12.17,65527.0,0,112,6,4.0
1269,0,24,22.8,0.0,0,0,0,0.0
1269,0,25,12.77,0.0,0,0,0,0.0
1269,0,26,10.24,0.0,0,0,0,0.0
1269,0,27,18.02,0.0,0,0,0,0.0
1269,0,28,17.56,0.0,0,0,0,0.0
1269,0,29,14.3,0.0,0,0,0,0.0
1269,0,30,23.94,0.0,0,0,0,0.0
1269,0,31,26.59,0.0,0,0,0,0.0
1269,1,0,15.71,174176.0,1,92,15,3.996
1269,1,1,17.29,2297508.0,295,0,0,4.0
1269,1,2,19.04,938612.7,109,39,0,4.0
1269,1,3,16.81,2647442.0,323,0,0,3.998
1269,1,4,25.54,22115.9,0,80,37,3.996
1269,1,5,18.36,2441922.0,311,0,0,3.999
1269,1,6,8.63,1788173.9,219,1,0,3.999
1269,1,7,5.33,2437009.0,310,0,0,4.0
1269,1,8,8.28,2452975.0,309,0,0,4.0
1269,1,9,16.95,276407.9,10,94,15,4.0
1269,1,10,5.22,2613854.0,321,0,0,4.0
1269,1,11,27.19,2291301.0,293,0,0,4.0
1269,1,12,16.04,20918.8,0,90,30,3.996
1269,1,13,25.94,1997122.0,250,0,0,3.998
1269,1,14,7.56,2294734.0,290,0,0,4.0
1269,1,15,10.93,1792465.9,211,2,0,4.0
1269,1,16,21.21,2664415.0,326,0,0,4.0
1269,1,17,10.16,2464698.0,294,0,0,4.0
1269,1,18,13.45,1599017.3,189,11,1,4.0
1269,1,19,28.59,961120.2,112,35,5,4.0
1269,1,20,28.46,2492141.0,310,0,0,4.0
1269,1,21,7.19,1646045.1,198,10,0,3.999
1269,1,22,21.02,2342137.0,281,0,0,3.999
1269,1,23,22.73,1241741.0,144,22,3,4.0
1269,1,24,27.19,78002.1,0,93,34,3.998
1269,1,25,13.95,442653.9,31,82,6,3.997
1269,1,26,20.95,2388419.0,304,0,0,4.0
1269,1,27,28.46,0.0,0,0,0,0.0
1269,1,28,27.22,0.0,0,0,0,0.0
1269,1,29,21.5,0.0,0,0,0,0.0
1269,1,30,21.16,0.0,0,0,0,0.0
1269,1,31,18.93,0.0,0,0,0,0.0
1269,2,0,6.96,9269.2,0,98,14,4.0
1269,2,1,7.77,2138513.0,269,0,0,4.0
1269,2,2,20.56,449666.3,31,81,9,3.998
1269,2,3,13.62,2253650.0,277,0,0,4.0
1269,2,4,16.07,2293078.0,288,0,0,3.998
1269,2,5,14.57,3040.7,0,105,11,3.984
1269,2,6,13.01,2620165.0,333,0,0,4.0
1269,2,7,22.07,1635340.0,201,4,0,4.0
1269,2,8,12.5,1567166.0,186,15,0,4.0
1269,2,9,25.95,818870.7,82,46,16,3.999
1269,2,10,28.65,1948608.0,243,4,0,4.0
1269,2,11,13.51,546357.0,48,65,13,3.999
1269,2,12,8.75,2746022.0,351,0,0,4.0
1269,2,13,16.81,1714253.2,217,0,0,4.0
1269,2,14,15.53,2111309.5,261,1,0,4.0
1269,2,15,24.33,1635544.7,201,4,0,4.0
1269,2,16,27.2,2361617.0,299,0,0,4.0
1269,2,17,22.13,2379160.0,288,0,0,4.0
1269,2,18,7.17,2409915.0,306,0,0,4.0
1269,2,19,25.2,1957820.2,242,2,0,4.0
1269,2,20,14.13,47491.0,0,101,15,4.0
1269,2,21,13.24,1741937.0,222,3,0,4.0
1269,2,22,17.91,2521661.0,311,0,0,4.0
1269,2,23,17.9,2491896.0,311,0,0,4.0
1269,2,24,22.87,1007607.8,112,42,1,3.998
1269,2,25,14.85,34409.8,0,97,10,4.0
1269,2,26,13.33,1460213.5,175,11,0,4.0
1269,2,27,21.36,2454304.0,306,0,0,4.0
1269,2,28,11.89,1111959.2,117,33,3,3.999
1269,2,29,27.14,2406472.0,301,0,0,4.0
1269,2,30,26.39,0.0,0,0,0,0.0
1269,2,31,12.54,0.0,0,0,0,0.0
1279,0,0,6.65,316985.9,9,93,11,4.0
1279,0,1,22.27,10909.4,0,93,22,4.0
1279,0,2,20.19,2451789.0,299,0,0,4.0
1279,0,3,15.08,3146014.0,394,0,0,4.0
1279,0,4,12.66,56366.7,0,110,8,4.0
1279,0,5,12.32,2996313.0,373,0,0,4.0
1279,0,6,23.59,72887.1,0,106,15,4.0
1279,0,7,29.41,2944432.0,369,0,0,4.0
1279,0,8,26.89,852824.7,84,51,21,4.0
1279,0,9,11.95,2269198.0,292,0,0,4.0
1279,0,10,25.73,33301.7,0,93,22,4.0
1279,0,11,9.19,2360396.0,304,0,0,4.0
1279,0,12,11.11,2530362.0,321,0,0,4.0
1279,0,13,15.51,554849.9,42,63,11,4.0
1279,0,14,23.28,3104840.0,394,0,0,4.0
1279,0,15,21.85,2147522.0,271,0,0,4.0
1279,0,16,21.6,988.3,0,77,38,4.0
1279,0,17,23.82,1895055.6,239,1,0,4.0
1279,0,18,27.48,2123998.4,257,0,0,4.0
1279,0,19,5.6,20826.2,0,106,5,4.0
1279,0,20,13.77,3017496.0,382,0,0,4.0
1279,0,21,17.56,2415400.0,301,0,0,4.0
1279,0,22,22.78,99683.4,0,93,17,4.0
1279,0,23,12.17,76674.8,0,109,5,4.0
1279,0,24,22.8,0.0,0,0,0,0.0
1279,0,25,12.77,0.0,0,0,0,0.0
1279,0,26,10.24,0.0,0,0,0,0.0
1279,0,27,18.02,0.0,0,0,0,0.0
1279,0,28,17.56,0.0,0,0,0,0.0
1279,0,29,14.3,0.0,0,0,0,0.0
1279,0,30,23.94,0.0,0,0,0,0.0
1279,0,31,26.59,0.0,0,0,0,0.0
1279,1,0,15.71,125055.4,1,96,14,3.996
1279,1,1,17.29,2395581.0,297,0,0,4.0
1279,1,2,19.04,988362.9,109,40,1,4.0
1279,1,3,16.81,2777306.0,346,0,0,4.0
1279,1,4,25.54,24370.1,0,80,39,3.995
1279,1,5,18.36,2299172.0,291,0,0,3.998
1279,1,6,8.63,1767267.3,217,4,0,4.0
1279,1,7,5.33,2306971.0,287,0,0,3.998
1279,1,8,8.28,2431341.0,300,0,0,4.0
1279,1,9,16.95,307313.7,8,85,22,3.998
1279,1,10,5.22,2709227.0,337,0,0,3.998
1279,1,11,27.19,2379221.2,287,1,0,4.0
1279,1,12,16.04,21774.8,0,85,28,3.997
1279,1,13,25.94,1996618.0,259,0,0,4.0
1279,1,14,7.56,2328842.0,293,0,0,4.0
1279,1,15,10.93,1812569.3,227,1,0,4.0
1279,1,16,21.21,2594195.0,329,0,0,4.0
1279,1,17,10.16,2143552.7,269,0,0,4.0
1279,1,18,13.45,1556963.0,190,6,1,4.0
1279,1,19,28.59,970534.9,107,39,7,3.998
1279,1,20,28.46,2451564.0,303,0,0,3.997
1279,1,21,7.19,1702112.4,212,9,0,3.999
1279,1,22,21.02,2262066.0,282,0,0,3.999
1279,1,23,22.73,1258640.8,147,26,4,4.0
1279,1,24,27.19,54810.7,0,88,31,3.996
1279,1,25,13.95,531502.1,32,84,5,3.999
1279,1,26,20.95,2387829.0,304,0,0,4.0
1279,1,27,28.46,0.0,0,0,0,0.0
1279,1,28,27.22,0.0,0,0,0,0.0
1279,1,29,21.5,0.0,0,0,0,0.0
1279,1,30,21.16,0.0,0,0,0,0.0
1279,1,31,18.93,0.0,0,0,0,0.0
1279,2,0,6.96,6936.7,0,98,15,3.998
1279,2,1,7.77,2022688.0,257,0,0,4.0
1279,2,2,20.56,518277.9,36,63,17,4.0
1279,2,3,13.62,2352326.0,294,0,0,4.0
1279,2,4,16.07,2376242.5,288,0,0,4.0
1279,2,5,14.57,2693.0,0,98,12,3.998
1279,2,6,13.01,2698925.0,348,0,0,4.0
1279,2,7,22.07,1525656.8,192,4,0,4.0
1279,2,8,12.5,1381478.0,169,18,0,4.0
1279,2,9,25.95,631703.4,55,65,13,4.0
1279,2,10,28.65,1926888.7,243,2,0,4.0
1279,2,11,13.51,662250.3,66,62,7,4.0
1279,2,12,8.75,2906625.0,363,0,0,4.0
1279,2,13,16.81,1676008.7,209,1,0,4.0
1279,2,14,15.53,1979548.0,249,0,0,4.0
1279,2,15,24.33,1591495.0,199,7,0,4.0
1279,2,16,27.2,2473474.8,309,0,0,4.0
1279,2,17,22.13,2557789.0,306,0,0,4.0
1279,2,18,7.17,2495074.0,315,0,0,4.0
1279,2,19,25.2,1950378.0,244,0,0,4.0
1279,2,20,14.13,59453.3,0,95,21,3.998
1279,2,21,13.24,1584974.3,200,4,0,4.0
1279,2,22,17.91,2512720.0,315,0,0,4.0
1279,2,23,17.9,2285830.9,284,0,0,4.0
1279,2,24,22.87,1101921.5,124,33,0,4.0
1279,2,25,14.85,17027.3,0,104,14,3.998
1279,2,26,13.33,1517359.2,187,8,0,4.0
1279,2,27,21.36,2347076.0,288,0,0,4.0
1279,2,28,11.89,1112917.2,126,29,2,4.0
1279,2,29,27.14,2533363.0,314,0,0,4.0
1279,2,30,26.39,0.0,0,0,0,0.0
1279,2,31,12.54,0.0,0,0,0,0.0
1289,0,0,6.65,336428.2,14,95,5,4.0
1289,0,1,22.27,10847.3,0,99,21,4.0
1289,0,2,20.19,2456080.0,299,0,0,4.0
1289,0,3,15.08,3304178.0,411,0,0,4.0
1289,0,4,12.66,52557.3,0,113,8,4.0
1289,0,5,12.32,2992581.0,383,0,0,4.0
1289,0,6,23.59,77220.2,0,108,6,4.0
1289,0,7,29.41,3149461.0,388,0,0,4.0
1289,0,8,26.89,926366.9,91,44,14,4.0
1289,0,9,11.95,2415241.0,313,0,0,4.0
1289,0,10,25.73,28169.1,0,102,16,4.0
1289,0,11,9.19,2434781.0,313,0,0,4.0
1289,0,12,11.11,2318956.0,298,0,0,4.0
1289,0,13,15.51,593175.2,43,70,12,4.0
1289,0,14,23.28,3075778.0,388,0,0,4.0
1289,0,15,21.85,2245495.0,275,0,0,4.0
1289,0,16,21.6,1061.3,0,82,40,4.0
1289,0,17,23.82,1804517.3,227,1,0,4.0
1289,0,18,27.48,2078287.7,263,0,0,4.0
1289,0,19,5.6,23247.1,0,108,7,4.0
1289,0,20,13.77,2676589.0,336,0,0,4.0
1289,0,21,17.56,2308896.1,284,0,0,4.0
1289,0,22,22.78,98268.7,0,89,20,4.0
1289,0,23,12.17,68288.2,0,114,3,4.0
1289,0,24,22.8,0.0,0,0,0,0.0
1289,0,25,12.77,0.0,0,0,0,0.0
1289,0,26,10.24,0.0,0,0,0,0.0
1289,0,27,18.02,0.0,0,0,0,0.0
1289,0,28,17.56,0.0,0,0,0,0.0
1289,0,29,14.3,0.0,0,0,0,0.0
1289,0,30,23.94,0.0,0,0,0,0.0
1289,0,31,26.59,0.0,0,0,0,0.0
1289,1,0,15.71,165937.2,3,103,15,3.997
1289,1,1,17.29,2475810.0,313,0,0,3.998
1289,1,2,19.04,1072479.9,122,34,3,3.999
1289,1,3,16.81,2757460.0,348,0,0,4.0
1289,1,4,25.54,15140.2,0,85,35,4.0
1289,1,5,18.36,2570921.6,322,1,0,4.0
1289,1,6,8.63,1712713.6,214,2,0,4.0
1289,1,7,5.33,2439656.0,306,0,0,3.999
1289,1,8,8.28,2396833.0,292,0,0,4.0
1289,1,9,16.95,269803.3,8,93,17,3.997
1289,1,10,5.22,2655836.3,337,0,0,4.0
1289,1,11,27.19,2221798.0,278,0,0,4.0
1289,1,12,16.04,20095.5,0,87,27,3.997
1289,1,13,25.94,2078063.0,258,0,0,3.999
1289,1,14,7.56,2287012.0,288,0,0,4.0
1289,1,15,10.93,1618103.7,202,5,0,4.0
1289,1,16,21.21,2729799.0,338,0,0,4.0
1289,1,17,10.16,2439988.0,302,0,0,4.0
1289,1,18,13.45,1487725.4,188,14,0,3.999
1289,1,19,28.59,1029015.1,108,35,8,4.0
1289,1,20,28.46,2376459.0,299,0,0,3.999
1289,1,21,7.19,1579014.5,203,9,0,3.999
1289,1,22,21.02,2319411.0,285,0,0,4.0
1289,1,23,22.73,1255861.6,145,26,4,4.0
1289,1,24,27.19,64107.7,0,84,38,3.998
1289,1,25,13.95,496038.7,36,82,4,4.0
1289,1,26,20.95,2343873.0,297,0,0,4.0
1289,1,27,28.46,0.0,0,0,0,0.0
1289,1,28,27.22,0.0,0,0,0,0.0
1289,1,29,21.5,0.0,0,0,0,0.0
1289,1,30,21.16,0.0,0,0,0,0.0
1289,1,31,18.93,0.0,0,0,0,0.0
1289,2,0,6.96,7482.6,0,97,18,3.999
1289,2,1,7.77,2088569.0,264,0,0,3.999
1289,2,2,20.56,536920.3,43,59,20,4.0
1289,2,3,13.62,2340633.0,290,0,0,3.999
1289,2,4,16.07,2437587.1,300,0,0,3.999
1289,2,5,14.57,2358.2,0,99,10,3.995
1289,2,6,13.01,2807159.0,356,0,0,3.996
1289,2,7,22.07,1581006.3,200,2,0,4.0
1289,2,8,12.5,1512718.1,181,15,0,4.0
1289,2,9,25.95,684885.8,58,61,17,4.0
1289,2,10,28.65,1904130.3,242,1,0,3.999
1289,2,11,13.51,559171.3,44,71,9,4.0
1289,2,12,8.75,2805092.0,352,0,0,4.0
1289,2,13,16.81,1800072.0,226,0,0,3.999
1289,2,14,15.53,2067547.2,260,1,0,4.0
1289,2,15,24.33,1684176.5,201,6,0,3.996
1289,2,16,27.2,2368179.0,296,0,0,4.0
1289,2,17,22.13,2622221.0,330,0,0,4.0
1289,2,18,7.17,2491349.0,311,0,0,4.0
1289,2,19,25.2,1811433.5,222,2,0,4.0
1289,2,20,14.13,31350.9,0,101,8,3.987
1289,2,21,13.24,1756326.8,219,2,0,3.999
1289,2,22,17.91,2622830.0,329,0,0,4.0
1289,2,23,17.9,2357345.0,294,0,0,4.0
1289,2,24,22.87,1028703.9,112,36,0,4.0
1289,2,25,14.85,21173.8,0,92,19,3.994
1289,2,26,13.33,1603430.7,204,6,0,4.0
1289,2,27,21.36,2509153.0,309,0,0,3.995
1289,2,28,11.89,1068965.5,123,28,2,4.0
1289,2,29,27.14,2506235.0,311,0,0,4.0
1289,2,30,26.39,0.0,0,0,0,0.0
1289,2,31,12.54,0.0,0,0,0,0.0
1299,0,0,6.65,321214.6,9,88,7,4.0
1299,0,1,22.27,10694.0,0,101,21,4.0
1299,0,2,20.19,2508398.0,317,0,0,4.0
1299,0,3,15.08,3044767.0,387,0,0,4.0
1299,0,4,12.66,52350.6,0,110,10,4.0
1299,0,5,12.32,2989674.0,380,0,0,4.0
1299,0,6,23.59,73466.8,0,101,13,4.0
1299,0,7,29.41,2842272.0,356,0,0,4.0
1299,0,8,26.89,891155.2,89,34,23,4.0
1299,0,9,11.95,2366507.0,311,0,0,4.0
1299,0,10,25.73,31012.3,0,99,16,4.0
1299,0,11,9.19,2164741.0,275,0,0,4.0
1299,0,12,11.11,2582379.0,323,0,0,4.0
1299,0,13,15.51,635457.5,40,78,7,4.0
1299,0,14,23.28,2849782.0,353,0,0,4.0
1299,0,15,21.85,2280304.0,279,0,0,4.0
1299,0,16,21.6,1061.3,0,80,38,4.0
1299,0,17,23.82,1863443.3,229,2,0,4.0
1299,0,18,27.48,2006202.0,258,0,0,4.0
1299,0,19,5.6,26412.8,0,107,5,4.0
1299,0,20,13.77,2951964.0,365,0,0,4.0
1299,0,21,17.56,2415548.0,292,0,0,4.0
1299,0,22,22.78,108453.4,0,98,13,4.0
1299,0,23,12.17,75370.9,0,110,4,4.0
1299,0,24,22.8,0.0,0,0,0,0.0
1299,0,25,12.77,0.0,0,0,0,0.0
1299,0,26,10.24,0.0,0,0,0,0.0
1299,0,27,18.02,0.0,0,0,0,0.0
1299,0,28,17.56,0.0,0,0,0,0.0
1299,0,29,14.3,0.0,0,0,0,0.0
1299,0,30,23.94,0.0,0,0,0,0.0
1299,0,31,26.59,0.0,0,0,0,0.0
1299,1,0,15.71,126547.0,0,103,15,3.998
1299,1,1,17.29,2391082.0,309,0,0,4.0
1299,1,2,19.04,985993.1,113,34,2,4.0
1299,1,3,16.81,2893692.0,349,0,0,3.996
1299,1,4,25.54,23175.8,0,87,48,3.992
1299,1,5,18.36,2431840.0,305,0,0,4.0
1299,1,6,8.63,1798876.2,221,3,0,3.996
1299,1,7,5.33,2509062.0,316,0,0,4.0
1299,1,8,8.28,2473954.0,309,0,0,3.998
1299,1,9,16.95,245177.1,5,85,23,3.997
1299,1,10,5.22,2756189.0,339,0,0,4.0
1299,1,11,27.19,2351525.0,290,0,0,4.0
1299,1,12,16.04,17732.2,0,92,30,3.996
1299,1,13,25.94,2237539.0,274,0,0,4.0
1299,1,14,7.56,2457744.0,309,0,0,4.0
1299,1,15,10.93,1848893.7,227,3,0,4.0
1299,1,16,21.21,2522034.0,325,0,0,3.998
1299,1,17,10.16,2427586.0,304,0,0,4.0
1299,1,18,13.45,1445440.0,165,21,1,3.999
1299,1,19,28.59,989187.3,106,34,13,3.998
1299,1,20,28.46,2302349.0,290,0,0,4.0
1299,1,21,7.19,1673709.8,208,4,0,3.999
1299,1,22,21.02,2242645.0,285,0,0,4.0
1299,1,23,22.73,1122606.6,139,16,2,3.999
1299,1,24,27.19,60088.4,0,92,35,3.995
1299,1,25,13.95,512794.4,33,94,5,3.998
1299,1,26,20.95,2414343.0,299,0,0,3.999
1299,1,27,28.46,0.0,0,0,0,0.0
1299,1,28,27.22,0.0,0,0,0,0.0
1299,1,29,21.5,0.0,0,0,0,0.0
1299,1,30,21.16,0.0,0,0,0,0.0
1299,1,31,18.93,0.0,0,0,0,0.0
1299,2,0,6.96,8054.6,0,97,11,4.0
1299,2,1,7.77,1885257.0,238,2,0,4.0
1299,2,2,20.56,503167.9,35,80,14,4.0
1299,2,3,13.62,2332061.0,294,0,0,4.0
1299,2,4,16.07,2488677.0,307,0,0,4.0
1299,2,5,14.57,3353.5,0,100,13,3.996
1299,2,6,13.01,2759595.0,344,0,0,4.0
1299,2,7,22.07,1665820.6,208,4,0,4.0
1299,2,8,12.5,1515574.7,180,10,1,4.0
1299,2,9,25.95,642727.1,58,57,16,4.0
1299,2,10,28.65,2025939.6,250,1,0,4.0
1299,2,11,13.51,612432.8,52,71,13,4.0
1299,2,12,8.75,2977964.0,373,0,0,4.0
1299,2,13,16.81,1673098.0,210,1,0,4.0
1299,2,14,15.53,1908680.0,243,0,0,3.999
1299,2,15,24.33,1614383.3,200,8,0,4.0
1299,2,16,27.2,2294952.0,296,0,0,4.0
1299,2,17,22.13,2367004.0,301,0,0,4.0
1299,2,18,7.17,2345024.0,290,0,0,3.998
1299,2,19,25.2,1866819.0,229,0,0,4.0
1299,2,20,14.13,37641.8,0,109,7,3.998
1299,2,21,13.24,1712124.0,219,0,0,3.999
1299,2,22,17.91,2440955.0,307,0,0,4.0
1299,2,23,17.9,2411804.0,295,0,0,4.0
1299,2,24,22.87,1076300.3,115,47,0,4.0
1299,2,25,14.85,28890.2,0,95,17,3.996
1299,2,26,13.33,1485245.9,184,9,0,3.999
1299,2,27,21.36,2298576.0,288,1,0,4.0
1299,2,28,11.89,1172704.2,132,28,5,3.999
1299,2,29,27.14,2453064.0,305,0,0,4.0
1299,2,30,26.39,0.0,0,0,0,0.0
1299,2,31,12.54,0.0,0,0,0,0.0
1309,0,0,6.65,298412.3,5,98,10,4.0
1309,0,1,22.27,9795.1,0,93,17,4.0
1309,0,2,20.19,2321411.2,299,0,0,4.0
1309,0,3,15.08,3177234.0,395,0,0,4.0
1309,0,4,12.66,49358.8,0,91,16,4.0
1309,0,5,12.32,2876716.0,360,0,0,4.0
1309,0,6,23.59,71263.5,0,104,7,4.0
1309,0,7,29.41,2772142.0,351,0,0,4.0
1309,0,8,26.89,881614.2,87,42,21,4.0
1309,0,9,11.95,2429655.0,303,0,0,4.0
1309,0,10,25.73,29578.7,0,101,18,4.0
1309,0,11,9.19,2379348.0,291,0,0,4.0
1309,0,12,11.11,2631320.0,328,0,0,4.0
1309,0,13,15.51,623945.3,47,63,14,4.0
1309,0,14,23.28,3135941.0,395,0,0,4.0
1309,0,15,21.85,2284263.0,289,0,0,4.0
1309,0,16,21.6,1167.8,0,89,33,4.0
1309,0,17,23.82,1778724.7,228,2,0,4.0
1309,0,18,27.48,2042593.0,257,0,0,4.0
1309,0,19,5.6,25833.9,0,104,6,4.0
1309,0,20,13.77,2943178.0,365,0,0,4.0
1309,0,21,17.56,2304243.6,282,0,0,4.0
1309,0,22,22.78,103008.7,0,100,25,4.0
1309,0,23,12.17,72631.8,0,106,5,4.0
1309,0,24,22.8,0.0,0,0,0,0.0
1309,0,25,12.77,0.0,0,0,0,0.0
1309,0,26,10.24,0.0,0,0,0,0.0
1309,0,27,18.02,0.0,0,0,0,0.0
1309,0,28,17.56,0.0,0,0,0,0.0
1309,0,29,14.3,0.0,0,0,0,0.0
1309,0,30,23.94,0.0,0,0,0,0.0
1309,0,31,26.59,0.0,0,0,0,0.0
1309,1,0,15.71,160832.2,2,96,15,3.997
1309,1,1,17.29,2718890.0,335,0,0,4.0
1309,1,2,19.04,956480.3,104,38,1,3.998
1309,1,3,16.81,2577764.0,321,0,0,4.0
1309,1,4,25.54,19458.7,0,96,33,3.999
1309,1,5,18.36,2533026.0,316,0,0,4.0
1309,1,6,8.63,1694700.9,205,3,0,4.0
1309,1,7,5.33,2512460.0,314,0,0,4.0
1309,1,8,8.28,2518499.0,322,0,0,4.0
1309,1,9,16.95,282335.9,5,92,13,4.0
1309,1,10,5.22,2885799.0,356,0,0,4.0
1309,1,11,27.19,2193572.0,274,0,0,4.0
1309,1,12,16.04,16952.2,0,81,34,4.0
1309,1,13,25.94,2253754.0,278,0,0,4.0
1309,1,14,7.56,2291462.0,286,0,0,3.999
1309,1,15,10.93,1773961.8,225,2,0,4.0
1309,1,16,21.21,2496083.0,307,0,0,4.0
1309,1,17,10.16,2285792.3,287,0,0,4.0
1309,1,18,13.45,1542441.5,191,11,0,4.0
1309,1,19,28.59,922253.6,91,47,11,4.0
1309,1,20,28.46,2350352.0,288,0,0,4.0
1309,1,21,7.19,1657001.3,202,8,0,4.0
1309,1,22,21.02,2310464.0,294,0,0,4.0
1309,1,23,22.73,1178492.3,147,23,1,4.0
1309,1,24,27.19,56095.6,0,87,42,3.999
1309,1,25,13.95,457445.1,30,93,10,4.0
1309,1,26,20.95,2506617.0,313,0,0,4.0
1309,1,27,28.46,0.0,0,0,0,0.0
1309,1,28,27.22,0.0,0,0,0,0.0
1309,1,29,21.5,0.0,0,0,0,0.0
1309,1,30,21.16,0.0,0,0,0,0.0
1309,1,31,18.93,0.0,0,0,0,0.0
1309,2,0,6.96,8323.6,0,93,18,4.0
1309,2,1,7.77,2036729.0,251,0,0,4.0
1309,2,2,20.56,467408.2,24,80,14,3.999
1309,2,3,13.62,2362830.0,301,0,0,3.999
1309,2,4,16.07,2327190.0,290,0,0,4.0
1309,2,5,14.57,3165.9,0,95,13,4.0
1309,2,6,13.01,2843398.0,351,0,0,4.0
1309,2,7,22.07,1614588.3,201,2,0,4.0
1309,2,8,12.5,1412052.7,174,13,0,3.999
1309,2,9,25.95,708707.3,59,57,16,4.0
1309,2,10,28.65,1952604.0,247,0,0,4.0
1309,2,11,13.51,533862.8,50,68,10,4.0
1309,2,12,8.75,3061359.0,381,0,0,4.0
1309,2,13,16.81,1671179.4,210,2,0,4.0
1309,2,14,15.53,1989924.0,249,0,0,4.0
1309,2,15,24.33,1563347.9,196,5,0,4.0
1309,2,16,27.2,2417027.0,300,0,0,4.0
1309,2,17,22.13,2574167.0,329,0,0,4.0
1309,2,18,7.17,2571171.0,328,0,0,3.997
1309,2,19,25.2,1900626.5,234,1,0,4.0
1309,2,20,14.13,42300.9,0,105,11,3.999
1309,2,21,13.24,1685623.2,210,3,0,4.0
1309,2,22,17.91,2414584.0,298,0,0,4.0
1309,2,23,17.9,2446270.0,315,0,0,4.0
1309,2,24,22.87,1091154.2,117,35,2,4.0
1309,2,25,14.85,30918.5,0,90,19,3.999
1309,2,26,13.33,1500096.5,180,13,0,4.0
1309,2,27,21.36,2491341.0,313,0,0,4.0
1309,2,28,11.89,1215724.9,143,23,6,3.999
1309,2,29,27.14,2536341.0,312,0,0,4.0
1309,2,30,26.39,0.0,0,0,0,0.0
1309,2,31,12.54,0.0,0,0,0,0.0
1319,0,0,6.65,317964.7,8,93,18,4.0
1319,0,1,22.27,10453.9,0,100,19,4.0
1319,0,2,20.19,2617886.0,326,0,0,4.0
1319,0,3,15.08,2932050.0,369,0,0,4.0
1319,0,4,12.66,45360.0,0,99,12,4.0
1319,0,5,12.32,3021267.0,376,0,0,4.0
1319,0,6,23.59,74291.7,0,99,20,4.0
1319,0,7,29.41,2724551.0,344,0,0,4.0
1319,0,8,26.89,855879.1,83,44,15,4.0
1319,0,9,11.95,2419752.0,300,0,0,4.0
1319,0,10,25.73,29957.9,0,102,12,4.0
1319,0,11,9.19,2221795.0,285,0,0,4.0
1319,0,12,11.11,2670414.0,329,0,0,4.0
1319,0,13,15.51,572355.2,41,76,9,4.0
1319,0,14,23.28,3218848.0,404,0,0,4.0
1319,0,15,21.85,2238812.0,283,0,0,4.0
1319,0,16,21.6,1165.8,0,93,31,4.0
1319,0,17,23.82,1838395.7,225,2,0,4.0
1319,0,18,27.48,2066844.5,256,1,0,4.0
1319,0,19,5.6,24024.5,0,104,9,4.0
1319,0,20,13.77,2934559.0,367,0,0,4.0
1319,0,21,17.56,2377019.0,300,0,0,4.0
1319,0,22,22.78,100410.7,1,96,19,4.0
1319,0,23,12.17,72497.4,0,115,3,4.0
1319,0,24,22.8,0.0,0,0,0,0.0
1319,0,25,12.77,0.0,0,0,0,0.0
1319,0,26,10.24,0.0,0,0,0,0.0
1319,0,27,18.02,0.0,0,0,0,0.0
1319,0,28,17.56,0.0,0,0,0,0.0
1319,0,29,14.3,0.0,0,0,0,0.0
1319,0,30,23.94,0.0,0,0,0,0.0
1319,0,31,26.59,0.0,0,0,0,0.0
1319,1,0,15.71,140848.3,0,101,16,3.996
1319,1,1,17.29,2438856.8,312,0,0,4.0
1319,1,2,19.04,992811.3,113,41,1,4.0
1319,1,3,16.81,2945813.0,367,0,0,4.0
1319,1,4,25.54,19456.3,0,86,41,3.992
1319,1,5,18.36,2424598.0,304,0,0,4.0
1319,1,6,8.63,1805529.9,219,3,0,3.997
1319,1,7,5.33,2307138.0,284,0,0,3.999
1319,1,8,8.28,2423068.0,306,0,0,4.0
1319,1,9,16.95,265441.4,10,94,16,3.997
1319,1,10,5.22,2806616.0,345,0,0,4.0
1319,1,11,27.19,2348854.0,287,0,0,4.0
1319,1,12,16.04,19558.0,0,97,29,3.999
1319,1,13,25.94,2103072.3,264,0,0,4.0
1319,1,14,7.56,2308711.0,295,0,0,4.0
1319,1,15,10.93,1857075.2,223,3,0,3.999
1319,1,16,21.21,2537357.0,311,0,0,4.0
1319,1,17,10.16,2285948.0,292,0,0,4.0
1319,1,18,13.45,1451493.0,179,10,0,3.999
1319,1,19,28.59,901478.8,98,44,11,4.0
1319,1,20,28.46,2278872.0,300,0,0,3.999
1319,1,21,7.19,1599233.2,199,8,0,4.0
1319,1,22,21.02,2311023.0,284,0,0,4.0
1319,1,23,22.73,1269828.4,152,16,2,3.999
1319,1,24,27.19,71347.6,0,78,41,3.995
1319,1,25,13.95,466048.8,29,84,5,3.999
1319,1,26,20.95,2318472.0,282,0,0,4.0
1319,1,27,28.46,0.0,0,0,0,0.0
1319,1,28,27.22,0.0,0,0,0,0.0
1319,1,29,21.5,0.0,0,0,0,0.0
1319,1,30,21.16,0.0,0,0,0,0.0
1319,1,31,18.93,0.0,0,0,0,0.0
1319,2,0,6.96,11218.4,0,102,15,3.997
1319,2,1,7.77,2062164.5,253,1,0,3.999
1319,2,2,20.56,540413.2,37,76,15,4.0
1319,2,3,13.62,2624866.0,323,0,0,4.0
1319,2,4,16.07,2325015.0,295,0,0,4.0
1319,2,5,14.57,1878.2,0,105,7,3.992
1319,2,6,13.01,2657657.0,336,0,0,4.0
1319,2,7,22.07,1736277.8,205,2,0,4.0
1319,2,8,12.5,1489357.0,179,17,0,3.999
1319,2,9,25.95,582750.9,48,61,13,4.0
1319,2,10,28.65,1842664.8,235,2,0,4.0
1319,2,11,13.51,606703.6,52,64,9,4.0
1319,2,12,8.75,2769673.0,338,0,0,4.0
1319,2,13,16.81,1766931.0,231,0,0,4.0
1319,2,14,15.53,2001571.5,258,1,0,4.0
1319,2,15,24.33,1577539.3,198,6,0,3.999
1319,2,16,27.2,2472939.0,299,0,0,4.0
1319,2,17,22.13,2459433.0,317,0,0,4.0
1319,2,18,7.17,2529037.0,311,0,0,4.0
1319,2,19,25.2,1911494.2,244,1,0,4.0
1319,2,20,14.13,56932.6,0,101,13,3.997
1319,2,21,13.24,1723676.3,219,0,0,4.0
1319,2,22,17.91,2639146.0,330,0,0,4.0
1319,2,23,17.9,2453879.0,307,0,0,4.0
1319,2,24,22.87,866642.2,100,43,1,3.999
1319,2,25,14.85,25791.4,0,94,21,3.996
1319,2,26,13.33,1478650.1,185,7,1,3.999
1319,2,27,21.36,2621124.0,321,0,0,4.0
1319,2,28,11.89,1013310.2,114,37,0,4.0
1319,2,29,27.14,2539718.8,311,0,0,4.0
1319,2,30,26.39,0.0,0,0,0,0.0
1319,2,31,12.54,0.0,0,0,0,0.0
1329,0,0,6.65,327186.1,7,94,8,4.0
1329,0,1,22.27,11560.0,0,107,20,4.0
1329,0,2,20.19,2446714.0,312,0,0,4.0
1329,0,3,15.08,3279189.0,407,0,0,4.0
1329,0,4,12.66,53604.8,0,102,14,4.0
1329,0,5,12.32,2729917.0,347,0,0,4.0
1329,0,6,23.59,74752.6,0,112,8,4.0
1329,0,7,29.41,2820495.0,355,0,0,4.0
1329,0,8,26.89,859069.7,86,39,21,4.0
1329,0,9,11.95,2339207.0,292,0,0,4.0
1329,0,10,25.73,31971.7,0,100,14,4.0
1329,0,11,9.19,2289203.0,289,0,0,4.0
1329,0,12,11.11,2631588.0,329,0,0,4.0
1329,0,13,15.51,495685.2,35,71,12,4.0
1329,0,14,23.28,2799774.0,355,0,0,4.0
1329,0,15,21.85,2344336.9,293,0,0,4.0
1329,0,16,21.6,1264.0,0,77,42,4.0
1329,0,17,23.82,1831210.2,222,4,0,4.0
1329,0,18,27.48,2096071.6,265,1,0,4.0
1329,0,19,5.6,27664.1,0,111,3,4.0
1329,0,20,13.77,3039564.0,376,0,0,4.0
1329,0,21,17.56,2280305.0,281,0,0,4.0
1329,0,22,22.78,104024.2,0,92,25,4.0
1329,0,23,12.17,73578.3,0,102,9,4.0
1329,0,24,22.8,0.0,0,0,0,0.0
1329,0,25,12.77,0.0,0,0,0,0.0
1329,0,26,10.24,0.0,0,0,0,0.0
1329,0,27,18.02,0.0,0,0,0,0.0
1329,0,28,17.56,0.0,0,0,0,0.0
1329,0,29,14.3,0.0,0,0,0,0.0
1329,0,30,23.94,0.0,0,0,0,0.0
1329,0,31,26.59,0.0,0,0,0,0.0
1329,1,0,15.71,153181.2,1,93,9,3.999
1329,1,1,17.29,2306088.0,293,0,0,3.998
1329,1,2,19.04,1049399.8,117,37,2,3.999
1329,1,3,16.81,2636201.0,325,0,0,4.0
1329,1,4,25.54,19373.6,0,86,34,4.0
1329,1,5,18.36,2384523.0,306,0,0,4.0
1329,1,6,8.63,1711128.2,218,2,0,4.0
1329,1,7,5.33,2294107.1,279,2,0,4.0
1329,1,8,8.28,2467603.0,312,0,0,4.0
1329,1,9,16.95,312394.1,8,90,22,4.0
1329,1,10,5.22,2729916.3,339,0,0,4.0
1329,1,11,27.19,2330608.0,294,0,0,3.997
1329,1,12,16.04,19671.7,0,99,27,3.999
1329,1,13,25.94,2091752.0,266,0,0,3.998
1329,1,14,7.56,2350405.0,299,0,0,4.0
1329,1,15,10.93,1784763.5,226,3,0,3.999
1329,1,16,21.21,2527484.0,312,0,0,4.0
1329,1,17,10.16,2162328.0,273,0,0,4.0
1329,1,18,13.45,1625385.7,195,10,0,3.996
1329,1,19,28.59,917253.8,95,37,13,3.998
1329,1,20,28.46,2389622.0,293,0,0,3.997
1329,1,21,7.19,1581683.6,196,5,0,3.999
1329,1,22,21.02,2280765.0,293,0,0,3.999
1329,1,23,22.73,1288519.2,148,28,1,3.997
1329,1,24,27.19,55515.7,0,86,46,3.995
1329,1,25,13.95,450405.4,29,80,8,3.998
1329,1,26,20.95,2314671.0,293,0,0,4.0
1329,1,27,28.46,0.0,0,0,0,0.0
1329,1,28,27.22,0.0,0,0,0,0.0
1329,1,29,21.5,0.0,0,0,0,0.0
1329,1,30,21.16,0.0,0,0,0,0.0
1329,1,31,18.93,0.0,0,0,0,0.0
1329,2,0,6.96,8358.1,0,101,14,4.0
1329,2,1,7.77,2052089.0,256,1,0,4.0
1329,2,2,20.56,544050.9,37,76,9,4.0
1329,2,3,13.62,2087302.0,269,0,0,4.0
1329,2,4,16.07,2301424.0,285,0,0,4.0
1329,2,5,14.57,1983.2,0,104,9,4.0
1329,2,6,13.01,2925735.0,358,0,0,4.0
1329,2,7,22.07,1597363.9,203,4,0,4.0
1329,2,8,12.5,1513710.1,184,10,0,4.0
1329,2,9,25.95,591357.3,61,60,15,4.0
1329,2,10,28.65,2001633.6,248,3,0,4.0
1329,2,11,13.51,581084.7,45,73,9,4.0
1329,2,12,8.75,2588770.0,326,0,0,4.0
1329,2,13,16.81,1715694.1,215,3,0,4.0
1329,2,14,15.53,2095420.0,264,0,0,4.0
1329,2,15,24.33,1640074.3,199,8,0,4.0
1329,2,16,27.2,2468264.0,309,0,0,4.0
1329,2,17,22.13,2622417.8,323,0,0,4.0
1329,2,18,7.17,2433465.5,304,0,0,4.0
1329,2,19,25.2,1988965.8,238,2,0,4.0
1329,2,20,14.13,50429.5,0,101,12,4.0
1329,2,21,13.24,1780791.8,220,2,0,4.0
1329,2,22,17.91,2521596.0,317,0,0,4.0
1329,2,23,17.9,2454782.0,301,0,0,4.0
1329,2,24,22.87,993202.9,112,32,1,4.0
1329,2,25,14.85,32098.7,0,103,15,4.0
1329,2,26,13.33,1484923.2,181,14,1,4.0
1329,2,27,21.36,2401360.0,304,0,0,4.0
1329,2,28,11.89,1112474.0,121,32,0,4.0
1329,2,29,27.14,2331992.0,299,0,0,4.0
1329,2,30,26.39,0.0,0,0,0,0.0
1329,2,31,12.54,0.0,0,0,0,0.0
1339,0,0,6.65,318495.9,8,96,10,4.0
1339,0,1,22.27,11061.1,0,99,20,4.0
1339,0,2,20.19,2425686.0,305,1,0,4.0
1339,0,3,15.08,3080636.0,386,0,0,4.0
1339,0,4,12.66,50071.7,0,101,12,4.0
1339,0,5,12.32,2978048.0,371,0,0,4.0
1339,0,6,23.59,73791.4,0,95,17,4.0
1339,0,7,29.41,2891300.0,366,0,0,4.0
1339,0,8,26.89,868275.3,77,36,21,4.0
1339,0,9,11.95,2492501.0,304,0,0,4.0
1339,0,10,25.73,34020.8,0,106,17,4.0
1339,0,11,9.19,2335231.0,295,0,0,4.0
1339,0,12,11.11,2706975.0,339,0,0,4.0
1339,0,13,15.51,603415.5,45,64,12,4.0
1339,0,14,23.28,3378555.0,410,0,0,4.0
1339,0,15,21.85,2273478.0,281,0,0,4.0
1339,0,16,21.6,1236.6,0,98,29,4.0
1339,0,17,23.82,1837687.8,233,1,0,4.0
1339,0,18,27.48,2073181.0,258,0,0,4.0
1339,0,19,5.6,26402.1,0,109,5,4.0
1339,0,20,13.77,2971748.0,373,0,0,4.0
1339,0,21,17.56,2093941.4,263,1,0,4.0
1339,0,22,22.78,105836.3,0,93,22,4.0
1339,0,23,12.17,71599.0,0,106,6,4.0
1339,0,24,22.8,0.0,0,0,0,0.0
1339,0,25,12.77,0.0,0,0,0,0.0
1339,0,26,10.24,0.0,0,0,0,0.0
1339,0,27,18.02,0.0,0,0,0,0.0
1339,0,28,17.56,0.0,0,0,0,0.0
1339,0,29,14.3,0.0,0,0,0,0.0
1339,0,30,23.94,0.0,0,0,0,0.0
1339,0,31,26.59,0.0,0,0,0,0.0
1339,1,0,15.71,163824.3,3,97,15,4.0
1339,1,1,17.29,2487178.6,305,0,0,4.0
1339,1,2,19.04,1045261.0,109,43,2,4.0
1339,1,3,16.81,2753045.0,344,0,0,4.0
1339,1,4,25.54,19871.2,0,79,38,4.0
1339,1,5,18.36,2439709.0,310,0,0,4.0
1339,1,6,8.63,1719056.1,213,4,0,4.0
1339,1,7,5.33,2398452.1,287,2,0,4.0
1339,1,8,8.28,2450426.0,305,0,0,4.0
1339,1,9,16.95,284382.7,12,82,19,4.0
1339,1,10,5.22,2727320.0,343,0,0,4.0
1339,1,11,27.19,2327431.0,289,0,0,4.0
1339,1,12,16.04,20892.7,0,89,31,3.999
1339,1,13,25.94,2231090.1,275,0,0,4.0
1339,1,14,7.56,2358760.0,289,0,0,4.0
1339,1,15,10.93,1816064.4,234,1,0,3.999
1339,1,16,21.21,2609980.0,318,0,0,4.0
1339,1,17,10.16,2387130.0,304,0,0,4.0
1339,1,18,13.45,1562168.8,188,12,0,4.0
1339,1,19,28.59,955109.6,99,30,20,4.0
1339,1,20,28.46,2292971.0,288,0,0,4.0
1339,1,21,7.19,1568007.0,194,9,0,4.0
1339,1,22,21.02,2346469.0,298,0,0,4.0
1339,1,23,22.73,1288926.9,151,19,2,4.0
1339,1,24,27.19,54515.3,0,91,33,3.999
1339,1,25,13.95,465993.0,25,89,5,3.999
1339,1,26,20.95,2463663.9,311,0,0,4.0
1339,1,27,28.46,0.0,0,0,0,0.0
1339,1,28,27.22,0.0,0,0,0,0.0
1339,1,29,21.5,0.0,0,0,0,0.0
1339,1,30,21.16,0.0,0,0,0,0.0
1339,1,31,18.93,0.0,0,0,0,0.0
1339,2,0,6.96,11663.9,0,108,8,4.0
1339,2,1,7.77,1996126.0,253,1,0,4.0
1339,2,2,20.56,454024.7,28,85,12,4.0
1339,2,3,13.62,2375868.0,296,0,0,4.0
1339,2,4,16.07,2584886.9,326,0,0,4.0
1339,2,5,14.57,2416.3,0,104,11,4.0
1339,2,6,13.01,2719144.0,340,0,0,4.0
1339,2,7,22.07,1691141.0,202,7,0,4.0
1339,2,8,12.5,1582451.9,190,7,0,4.0
1339,2,9,25.95,726001.7,61,57,16,3.998
1339,2,10,28.65,1919838.9,238,3,0,3.999
1339,2,11,13.51,566475.9,51,69,6,4.0
1339,2,12,8.75,2721955.0,339,0,0,4.0
1339,2,13,16.81,1763989.0,227,0,0,4.0
1339,2,14,15.53,2052033.0,254,0,0,4.0
1339,2,15,24.33,1656028.1,204,4,0,4.0
1339,2,16,27.2,2421032.0,308,0,0,4.0
1339,2,17,22.13,2726331.0,336,0,0,4.0
1339,2,18,7.17,2298374.6,281,0,0,3.998
1339,2,19,25.2,1901588.4,235,3,0,4.0
1339,2,20,14.13,49503.3,0,97,16,4.0
1339,2,21,13.24,1579952.7,196,8,0,4.0
1339,2,22,17.91,2537735.6,317,0,0,4.0
1339,2,23,17.9,2445733.0,307,0,0,4.0
1339,2,24,22.87,1054317.7,110,37,3,4.0
1339,2,25,14.85,28593.9,0,98,18,3.994
1339,2,26,13.33,1568709.0,186,12,0,4.0
1339,2,27,21.36,2423763.6,308,0,0,4.0
1339,2,28,11.89,1101156.1,122,32,3,4.0
1339,2,29,27.14,2234472.6,273,0,0,4.0
1339,2,30,26.39,0.0,0,0,0,0.0
1339,2,31,12.54,0.0,0,0,0,0.0
1349,0,0,6.65,289222.1,6,100,15,4.0
1349,0,1,22.27,11388.1,0,101,18,4.0
1349,0,2,20.19,2589181.0,321,0,0,4.0
1349,0,3,15.08,3067358.0,386,0,0,4.0
1349,0,4,12.66,49836.8,0,101,10,4.0
1349,0,5,12.32,2857627.0,360,0,0,4.0
1349,0,6,23.59,72712.4,0,94,16,4.0
1349,0,7,29.41,2923811.0,370,0,0,4.0
1349,0,8,26.89,933587.9,85,43,20,4.0
1349,0,9,11.95,2268044.0,290,0,0,4.0
1349,0,10,25.73,35341.4,0,93,20,4.0
1349,0,11,9.19,2432277.0,299,0,0,4.0
1349,0,12,11.11,2550854.0,317,0,0,4.0
1349,0,13,15.51,610489.4,45,66,6,4.0
1349,0,14,23.28,3307366.0,409,0,0,4.0
1349,0,15,21.85,2200472.0,270,0,0,4.0
1349,0,16,21.6,1159.9,0,85,38,4.0
1349,0,17,23.82,1820136.4,234,2,0,4.0
1349,0,18,27.48,2077923.4,261,0,0,4.0
1349,0,19,5.6,25915.8,0,102,8,4.0
1349,0,20,13.77,2943699.0,374,0,0,4.0
1349,0,21,17.56,2184852.3,273,1,0,4.0
1349,0,22,22.78,90937.0,0,105,16,4.0
1349,0,23,12.17,78070.5,0,104,5,4.0
1349,0,24,22.8,0.0,0,0,0,0.0
1349,0,25,12.77,0.0,0,0,0,0.0
1349,0,26,10.24,0.0,0,0,0,0.0
1349,0,27,18.02,0.0,0,0,0,0.0
1349,0,28,17.56,0.0,0,0,0,0.0
1349,0,29,14.3,0.0,0,0,0,0.0
1349,0,30,23.94,0.0,0,0,0,0.0
1349,0,31,26.59,0.0,0,0,0,0.0
1349,1,0,15.71,170703.5,2,102,14,4.0
1349,1,1,17.29,2620134.0,338,0,0,4.0
1349,1,2,19.04,957901.5,108,47,1,4.0
1349,1,3,16.81,2821912.0,352,0,0,4.0
1349,1,4,25.54,17855.1,0,83,37,3.997
1349,1,5,18.36,2401202.2,297,0,0,3.999
1349,1,6,8.63,1745485.4,212,6,0,4.0
1349,1,7,5.33,2366956.5,296,1,0,4.0
1349,1,8,8.28,2487655.0,306,0,0,4.0
1349,1,9,16.95,305152.8,12,89,19,3.999
1349,1,10,5.22,2821937.0,354,0,0,4.0
1349,1,11,27.19,2241359.0,277,0,0,4.0
1349,1,12,16.04,22614.3,0,86,35,3.997
1349,1,13,25.94,2134533.0,270,0,0,3.999
1349,1,14,7.56,2411325.0,305,0,0,4.0
1349,1,15,10.93,1832439.1,233,2,0,3.998
1349,1,16,21.21,2475667.0,304,0,0,4.0
1349,1,17,10.16,2316148.0,292,0,0,4.0
1349,1,18,13.45,1462598.1,173,12,1,4.0
1349,1,19,28.59,918854.2,95,36,19,4.0
1349,1,20,28.46,2341213.3,288,0,0,4.0
1349,1,21,7.19,1560653.7,193,6,0,4.0
1349,1,22,21.02,2364326.0,292,0,0,4.0
1349,1,23,22.73,1325926.4,151,24,3,4.0
1349,1,24,27.19,69768.3,0,88,29,3.998
1349,1,25,13.95,362043.4,24,76,9,4.0
1349,1,26,20.95,2478970.0,312,0,0,4.0
1349,1,27,28.46,0.0,0,0,0,0.0
1349,1,28,27.22,0.0,0,0,0,0.0
1349,1,29,21.5,0.0,0,0,0,0.0
1349,1,30,21.16,0.0,0,0,0,0.0
1349,1,31,18.93,0.0,0,0,0,0.0
1349,2,0,6.96,9067.5,0,104,18,4.0
1349,2,1,7.77,1957189.0,253,0,0,3.999
1349,2,2,20.56,411708.2,29,80,16,3.997
1349,2,3,13.62,2326345.0,291,0,0,4.0
1349,2,4,16.07,2240317.0,282,0,0,4.0
1349,2,5,14.57,2562.7,0,101,12,3.996
1349,2,6,13.01,2755953.0,346,0,0,3.998
1349,2,7,22.07,1587476.4,198,8,0,3.998
1349,2,8,12.5,1446942.7,169,12,0,4.0
1349,2,9,25.95,715337.9,57,60,14,3.999
1349,2,10,28.65,2050769.0,254,0,0,4.0
1349,2,11,13.51,642339.2,53,62,14,4.0
1349,2,12,8.75,2623729.0,325,0,0,4.0
1349,2,13,16.81,1825191.3,227,2,0,4.0
1349,2,14,15.53,2077189.8,257,2,0,4.0
1349,2,15,24.33,1636702.9,196,7,0,4.0
1349,2,16,27.2,2473235.0,307,0,0,3.997
1349,2,17,22.13,2586568.0,328,0,0,4.0
1349,2,18,7.17,2441103.0,308,0,0,4.0
1349,2,19,25.2,2065358.9,255,2,0,4.0
1349,2,20,14.13,26730.7,0,108,15,3.997
1349,2,21,13.24,1795969.1,215,4,0,4.0
1349,2,22,17.91,2473598.0,311,0,0,4.0
1349,2,23,17.9,2378391.0,294,1,0,3.999
1349,2,24,22.87,1031605.0,110,39,3,4.0
1349,2,25,14.85,26779.4,0,100,18,4.0
1349,2,26,13.33,1538044.3,187,6,0,4.0
1349,2,27,21.36,2470751.0,320,0,0,3.998
1349,2,28,11.89,966822.7,102,44,2,3.999
1349,2,29,27.14,2662809.6,329,0,0,3.997
1349,2,30,26.39,0.0,0,0,0,0.0
1349,2,31,12.54,0.0,0,0,0,0.0
1359,0,0,6.65,377259.1,12,98,4,4.0
1359,0,1,22.27,10559.1,0,93,23,4.0
1359,0,2,20.19,2375299.0,305,0,0,4.0
1359,0,3,15.08,2831806.0,342,0,0,4.0
1359,0,4,12.66,42055.2,0,98,15,4.0
1359,0,5,12.32,3093168.0,385,0,0,4.0
1359,0,6,23.59,69436.1,0,96,17,4.0
1359,0,7,29.41,2934252.0,373,0,0,4.0
1359,0,8,26.89,891577.1,76,41,25,4.0
1359,0,9,11.95,2289712.0,286,0,0,4.0
1359,0,10,25.73,33764.4,0,106,14,4.0
1359,0,11,9.19,2280312.0,280,0,0,4.0
1359,0,12,11.11,2607791.0,335,0,0,4.0
1359,0,13,15.51,561458.2,43,64,11,4.0
1359,0,14,23.28,3095275.0,390,0,0,4.0
1359,0,15,21.85,2310047.1,282,0,0,4.0
1359,0,16,21.6,1242.7,0,85,34,4.0
1359,0,17,23.82,2001867.4,235,2,0,4.0
1359,0,18,27.48,2056941.1,256,1,0,4.0
1359,0,19,5.6,24825.5,0,111,3,4.0
1359,0,20,13.77,2924504.0,358,0,0,4.0
1359,0,21,17.56,2218224.8,279,0,0,4.0
1359,0,22,22.78,100623.8,0,92,15,4.0
1359,0,23,12.17,76089.2,0,112,7,4.0
1359,0,24,22.8,0.0,0,0,0,0.0
1359,0,25,12.77,0.0,0,0,0,0.0
1359,0,26,10.24,0.0,0,0,0,0.0
1359,0,27,18.02,0.0,0,0,0,0.0
1359,0,28,17.56,0.0,0,0,0,0.0
1359,0,29,14.3,0.0,0,0,0,0.0
1359,0,30,23.94,0.0,0,0,0,0.0
1359,0,31,26.59,0.0,0,0,0,0.0
1359,1,0,15.71,129842.3,2,94,17,3.999
1359,1,1,17.29,2419275.1,310,0,0,3.998
1359,1,2,19.04,1052407.3,115,40,1,4.0
1359,1,3,16.81,2939548.0,362,0,0,4.0
1359,1,4,25.54,21081.7,0,86,38,3.997
1359,1,5,18.36,2377396.0,294,0,0,3.999
1359,1,6,8.63,1783507.1,217,1,0,3.998
1359,1,7,5.33,2403695.0,298,0,0,4.0
1359,1,8,8.28,2452404.0,314,0,0,3.998
1359,1,9,16.95,303549.0,11,78,28,3.998
1359,1,10,5.22,2692976.0,342,0,0,4.0
1359,1,11,27.19,2306099.0,291,0,0,4.0
1359,1,12,16.04,18478.3,0,88,29,3.993
1359,1,13,25.94,2124530.0,258,0,0,3.998
1359,1,14,7.56,2166388.0,278,0,0,4.0
1359,1,15,10.93,1741763.5,221,4,0,4.0
1359,1,16,21.21,2421973.0,307,0,0,3.998
1359,1,17,10.16,2307903.0,289,0,0,4.0
1359,1,18,13.45,1599505.1,197,12,1,3.998
1359,1,19,28.59,1000308.5,104,37,10,3.998
1359,1,20,28.46,2304098.0,279,0,0,3.999
1359,1,21,7.19,1623434.9,205,3,0,4.0
1359,1,22,21.02,2181803.0,277,0,0,4.0
1359,1,23,22.73,1222753.5,145,26,1,3.997
1359,1,24,27.19,65023.7,0,76,43,3.988
1359,1,25,13.95,396950.3,24,97,6,3.998
1359,1,26,20.95,2421751.0,296,0,0,4.0
1359,1,27,28.46,0.0,0,0,0,0.0
1359,1,28,27.22,0.0,0,0,0,0.0
1359,1,29,21.5,0.0,0,0,0,0.0
1359,1,30,21.16,0.0,0,0,0,0.0
1359,1,31,18.93,0.0,0,0,0,0.0
1359,2,0,6.96,10889.9,0,101,11,3.998
1359,2,1,7.77,1979498.0,251,0,0,4.0
1359,2,2,20.56,430750.7,26,91,8,4.0
1359,2,3,13.62,2236885.0,274,0,0,4.0
1359,2,4,16.07,2502360.0,315,0,0,4.0
1359,2,5,14.57,3310.4,0,102,10,3.996
1359,2,6,13.01,2857335.0,355,0,0,4.0
1359,2,7,22.07,1712853.8,209,3,0,4.0
1359,2,8,12.5,1520302.0,181,15,0,4.0
1359,2,9,25.95,629185.1,49,66,18,4.0
1359,2,10,28.65,1831710.9,234,2,0,4.0
1359,2,11,13.51,596710.9,43,70,9,4.0
1359,2,12,8.75,2842751.0,364,0,0,4.0
1359,2,13,16.81,1716686.9,215,2,0,4.0
1359,2,14,15.53,2047025.0,257,0,0,4.0
1359,2,15,24.33,1592476.1,201,2,0,4.0
1359,2,16,27.2,2381887.0,303,0,0,4.0
1359,2,17,22.13,2440755.0,313,0,0,3.998
1359,2,18,7.17,2348138.4,296,0,0,4.0
1359,2,19,25.2,1797643.3,229,2,0,4.0
1359,2,20,14.13,41347.2,0,106,10,3.995
1359,2,21,13.24,1703583.5,220,1,0,4.0
1359,2,22,17.91,2346259.0,302,0,0,4.0
1359,2,23,17.9,2229857.0,283,0,0,4.0
1359,2,24,22.87,1124183.1,123,37,0,4.0
1359,2,25,14.85,38897.5,0,95,17,4.0
1359,2,26,13.33,1540774.6,188,13,0,4.0
1359,2,27,21.36,2628551.5,321,0,0,4.0
1359,2,28,11.89,1185473.0,128,37,3,4.0
1359,2,29,27.14,2441009.0,299,0,0,3.999
1359,2,30,26.39,0.0,0,0,0,0.0
1359,2,31,12.54,0.0,0,0,0,0.0
1369,0,0,6.65,300265.3,12,95,12,4.0
1369,0,1,22.27,9734.6,0,95,20,4.0
1369,0,2,20.19,2566962.0,325,0,0,4.0
1369,0,3,15.08,2966113.0,381,0,0,4.0
1369,0,4,12.66,39908.1,0,99,12,3.999
1369,0,5,12.32,3036669.0,385,0,0,4.0
1369,0,6,23.59,71356.6,0,100,11,4.0
1369,0,7,29.41,2874312.0,358,0,0,4.0
1369,0,8,26.89,903250.7,88,37,25,4.0
1369,0,9,11.95,2376390.0,298,0,0,4.0
1369,0,10,25.73,36586.8,0,92,17,4.0
1369,0,11,9.19,2355429.0,295,0,0,4.0
1369,0,12,11.11,2620265.0,336,0,0,4.0
1369,0,13,15.51,599038.5,35,87,9,4.0
1369,0,14,23.28,3405135.0,416,0,0,4.0
1369,0,15,21.85,2161498.9,272,0,0,4.0
1369,0,16,21.6,1073.6,0,87,34,4.0
1369,0,17,23.82,1955016.2,241,2,0,4.0
1369,0,18,27.48,2000609.0,257,0,0,4.0
1369,0,19,5.6,29880.7,0,111,6,4.0
1369,0,20,13.77,2902902.0,358,0,0,4.0
1369,0,21,17.56,2278163.0,278,0,0,4.0
1369,0,22,22.78,99994.5,0,98,22,4.0
1369,0,23,12.17,71429.0,0,101,6,4.0
1369,0,24,22.8,0.0,0,0,0,0.0
1369,0,25,12.77,0.0,0,0,0,0.0
1369,0,26,10.24,0.0,0,0,0,0.0
1369,0,27,18.02,0.0,0,0,0,0.0
1369,0,28,17.56,0.0,0,0,0,0.0
1369,0,29,14.3,0.0,0,0,0,0.0
1369,0,30,23.94,0.0,0,0,0,0.0
1369,0,31,26.59,0.0,0,0,0,0.0
1369,1,0,15.71,124324.2,2,110,10,3.999
1369,1,1,17.29,2485387.0,316,0,0,3.997
1369,1,2,19.04,1047584.6,109,35,2,3.999
1369,1,3,16.81,2810446.0,346,0,0,4.0
1369,1,4,25.54,21387.6,0,85,41,3.998
1369,1,5,18.36,2250670.0,286,0,0,3.998
1369,1,6,8.63,1884415.2,227,3,0,4.0
1369,1,7,5.33,2488122.0,315,0,0,3.999
1369,1,8,8.28,2455007.9,302,0,0,4.0
1369,1,9,16.95,273187.4,8,93,23,3.994
1369,1,10,5.22,2559021.0,307,0,0,4.0
1369,1,11,27.19,2194016.0,269,2,0,4.0
1369,1,12,16.04,15775.1,0,85,31,3.999
1369,1,13,25.94,2290991.0,277,0,0,3.999
1369,1,14,7.56,2205380.0,276,0,0,3.999
1369,1,15,10.93,1754787.1,218,1,0,3.998
1369,1,16,21.21,2550443.0,327,0,0,4.0
1369,1,17,10.16,2466520.0,299,0,0,3.999
1369,1,18,13.45,1607076.0,193,10,1,3.999
1369,1,19,28.59,960141.7,102,45,10,3.998
1369,1,20,28.46,2419153.6,308,0,0,4.0
1369,1,21,7.19,1719783.7,213,5,0,3.997
1369,1,22,21.02,2369072.0,295,0,0,3.999
1369,1,23,22.73,1265352.3,146,22,3,3.996
1369,1,24,27.19,63052.0,0,94,27,3.997
1369,1,25,13.95,507495.2,40,71,9,4.0
1369,1,26,20.95,2413797.0,308,0,0,3.999
1369,1,27,28.46,0.0,0,0,0,0.0
1369,1,28,27.22,0.0,0,0,0,0.0
1369,1,29,21.5,0.0,0,0,0,0.0
1369,1,30,21.16,0.0,0,0,0,0.0
1369,1,31,18.93,0.0,0,0,0,0.0
1369,2,0,6.96,7752.2,0,98,18,3.999
1369,2,1,7.77,1991111.8,249,3,0,4.0
1369,2,2,20.56,565424.1,36,68,22,4.0
1369,2,3,13.62,2529246.0,303,0,0,4.0
1369,2,4,16.07,2421132.0,300,0,0,4.0
1369,2,5,14.57,3183.9,0,94,12,3.998
1369,2,6,13.01,2610818.0,319,0,0,4.0
1369,2,7,22.07,1601675.5,195,7,0,4.0
1369,2,8,12.5,1401019.8,181,8,0,4.0
1369,2,9,25.95,730037.5,64,54,13,4.0
1369,2,10,28.65,2011688.8,248,1,0,4.0
1369,2,11,13.51,499796.7,40,79,10,4.0
1369,2,12,8.75,2818334.0,358,0,0,4.0
1369,2,13,16.81,1777138.0,222,1,0,4.0
1369,2,14,15.53,2015878.0,247,0,0,4.0
1369,2,15,24.33,1649490.3,204,4,0,3.999
1369,2,16,27.2,2596033.0,310,0,0,4.0
1369,2,17,22.13,2524217.0,313,0,0,4.0
1369,2,18,7.17,2445834.0,305,0,0,3.998
1369,2,19,25.2,1909605.4,241,4,0,4.0
1369,2,20,14.13,39406.5,0,97,19,4.0
1369,2,21,13.24,1704372.0,216,1,0,4.0
1369,2,22,17.91,2623877.0,326,0,0,4.0
1369,2,23,17.9,2268167.0,285,0,0,4.0
1369,2,24,22.87,1037013.7,119,36,1,4.0
1369,2,25,14.85,31436.6,0,92,19,3.999
1369,2,26,13.33,1500059.7,187,8,0,4.0
1369,2,27,21.36,2497820.9,316,0,0,4.0
1369,2,28,11.89,1162883.7,122,38,1,4.0
1369,2,29,27.14,2438926.0,302,0,0,4.0
1369,2,30,26.39,0.0,0,0,0,0.0
1369,2,31,12.54,0.0,0,0,0,0.0
1379,0,0,6.65,299531.2,6,105,10,4.0
1379,0,1,22.27,9978.0,0,96,18,4.0
1379,0,2,20.19,2442544.8,314,0,0,4.0
1379,0,3,15.08,3087326.0,383,0,0,4.0
1379,0,4,12.66,46855.4,0,107,10,4.0
1379,0,5,12.32,3072927.0,383,0,0,4.0
1379,0,6,23.59,77187.2,0,106,15,4.0
1379,0,7,29.41,2894871.0,373,0,0,4.0
1379,0,8,26.89,842454.9,74,47,22,4.0
1379,0,9,11.95,2189489.0,277,0,0,4.0
1379,0,10,25.73,46570.9,0,99,17,4.0
1379,0,11,9.19,2209812.0,280,0,0,4.0
1379,0,12,11.11,2473037.0,314,0,0,4.0
1379,0,13,15.51,571812.4,40,78,14,4.0
1379,0,14,23.28,3135937.0,392,0,0,4.0
1379,0,15,21.85,2272355.0,285,0,0,4.0
1379,0,16,21.6,955.5,0,77,38,4.0
1379,0,17,23.82,1865603.1,236,2,0,4.0
1379,0,18,27.48,2043751.4,263,0,0,4.0
1379,0,19,5.6,24451.3,0,96,6,4.0
1379,0,20,13.77,2791061.0,351,0,0,4.0
1379,0,21,17.56,2164175.0,272,0,0,4.0
1379,0,22,22.78,104644.9,0,97,19,4.0
1379,0,23,12.17,78652.9,0,106,5,4.0
1379,0,24,22.8,0.0,0,0,0,0.0
1379,0,25,12.77,0.0,0,0,0,0.0
1379,0,26,10.24,0.0,0,0,0,0.0
1379,0,27,18.02,0.0,0,0,0,0.0
1379,0,28,17.56,0.0,0,0,0,0.0
1379,0,29,14.3,0.0,0,0,0,0.0
1379,0,30,23.94,0.0,0,0,0,0.0
1379,0,31,26.59,0.0,0,0,0,0.0
1379,1,0,15.71,125912.4,0,101,8,4.0
1379,1,1,17.29,2597604.0,322,0,0,4.0
1379,1,2,19.04,1039171.4,113,38,1,4.0
1379,1,3,16.81,2790737.0,348,0,0,4.0
1379,1,4,25.54,24927.0,0,87,32,3.997
1379,1,5,18.36,2485939.0,315,0,0,4.0
1379,1,6,8.63,1714321.4,213,3,0,4.0
1379,1,7,5.33,2258151.0,281,0,0,3.998
1379,1,8,8.28,2404026.7,302,0,0,4.0
1379,1,9,16.95,293237.5,7,88,24,3.997
1379,1,10,5.22,2797269.0,345,0,0,4.0
1379,1,11,27.19,2213457.0,277,0,0,4.0
1379,1,12,16.04,21181.8,0,89,30,3.999
1379,1,13,25.94,2058957.7,257,1,0,4.0
1379,1,14,7.56,2296196.0,283,1,0,4.0
1379,1,15,10.93,1836165.0,230,0,0,3.999
1379,1,16,21.21,2437378.0,311,0,0,4.0
1379,1,17,10.16,2342656.0,294,0,0,4.0
1379,1,18,13.45,1501842.1,177,10,0,4.0
1379,1,19,28.59,1013686.3,102,41,14,4.0
1379,1,20,28.46,2391754.0,299,0,0,3.999
1379,1,21,7.19,1675483.3,206,6,0,4.0
1379,1,22,21.02,2280803.1,282,0,0,3.997
1379,1,23,22.73,1154327.2,133,26,4,4.0
1379,1,24,27.19,49725.1,0,71,52,3.998
1379,1,25,13.95,512859.1,33,75,13,4.0
1379,1,26,20.95,2432552.0,313,0,0,3.999
1379,1,27,28.46,0.0,0,0,0,0.0
1379,1,28,27.22,0.0,0,0,0,0.0
1379,1,29,21.5,0.0,0,0,0,0.0
1379,1,30,21.16,0.0,0,0,0,0.0
1379,1,31,18.93,0.0,0,0,0,0.0
1379,2,0,6.96,11082.8,0,98,17,4.0
1379,2,1,7.77,2033594.4,256,1,0,4.0
1379,2,2,20.56,532253.5,44,74,11,4.0
1379,2,3,13.62,2240986.0,285,0,0,4.0
1379,2,4,16.07,2453469.0,305,0,0,4.0
1379,2,5,14.57,2591.4,0,101,9,4.0
1379,2,6,13.01,2867256.0,355,0,0,4.0
1379,2,7,22.07,1612460.8,196,8,0,4.0
1379,2,8,12.5,1532035.0,192,10,0,4.0
1379,2,9,25.95,683843.4,60,54,10,4.0
1379,2,10,28.65,2087885.6,258,3,0,4.0
1379,2,11,13.51,628700.5,58,59,11,4.0
1379,2,12,8.75,2707553.0,348,0,0,4.0
1379,2,13,16.81,1811057.9,224,2,0,4.0
1379,2,14,15.53,2132226.1,266,0,0,4.0
1379,2,15,24.33,1566274.6,194,4,0,4.0
1379,2,16,27.2,2333210.0,291,0,0,4.0
1379,2,17,22.13,2590076.0,326,0,0,4.0
1379,2,18,7.17,2432404.3,300,0,0,4.0
1379,2,19,25.2,1772178.5,227,2,0,4.0
1379,2,20,14.13,45992.9,0,101,11,4.0
1379,2,21,13.24,1686451.1,210,1,0,4.0
1379,2,22,17.91,2480682.0,313,0,0,4.0
1379,2,23,17.9,2286065.0,293,1,0,4.0
1379,2,24,22.87,1118569.7,132,26,1,4.0
1379,2,25,14.85,20637.0,0,98,15,4.0
1379,2,26,13.33,1576053.9,195,5,0,4.0
1379,2,27,21.36,2411676.0,306,1,0,4.0
1379,2,28,11.89,1095918.0,122,35,3,4.0
1379,2,29,27.14,2466709.0,308,0,0,4.0
1379,2,30,26.39,0.0,0,0,0,0.0
1379,2,31,12.54,0.0,0,0,0,0.0
1389,0,0,6.65,301570.8,13,92,14,4.0
1389,0,1,22.27,11322.2,0,93,18,4.0
1389,0,2,20.19,2673510.0,334,0,0,4.0
1389,0,3,15.08,3199041.0,407,0,0,4.0
1389,0,4,12.66,49973.2,0,104,11,4.0
1389,0,5,12.32,2782318.0,350,0,0,4.0
1389,0,6,23.59,65158.5,0,96,16,4.0
1389,0,7,29.41,3079996.0,389,0,0,4.0
1389,0,8,26.89,920207.3,82,44,24,4.0
1389,0,9,11.95,2479915.0,310,0,0,4.0
1389,0,10,25.73,36635.7,0,96,21,4.0
1389,0,11,9.19,2308154.0,284,0,0,4.0
1389,0,12,11.11,2457379.0,311,0,0,4.0
1389,0,13,15.51,576916.5,38,72,12,4.0
1389,0,14,23.28,3422479.0,422,0,0,4.0
1389,0,15,21.85,2219870.0,279,0,0,4.0
1389,0,16,21.6,1252.7,0,81,39,4.0
1389,0,17,23.82,1820406.9,229,2,0,4.0
1389,0,18,27.48,2227961.4,274,0,0,4.0
1389,0,19,5.6,22364.6,0,104,8,4.0
1389,0,20,13.77,2782732.0,357,0,0,4.0
1389,0,21,17.56,2120042.5,265,1,0,4.0
1389,0,22,22.78,120312.7,0,92,20,4.0
1389,0,23,12.17,77389.9,0,105,6,4.0
1389,0,24,22.8,0.0,0,0,0,0.0
1389,0,25,12.77,0.0,0,0,0,0.0
1389,0,26,10.24,0.0,0,0,0,0.0
1389,0,27,18.02,0.0,0,0,0,0.0
1389,0,28,17.56,0.0,0,0,0,0.0
1389,0,29,14.3,0.0,0,0,0,0.0
1389,0,30,23.94,0.0,0,0,0,0.0
1389,0,31,26.59,0.0,0,0,0,0.0
1389,1,0,15.71,128623.1,0,100,14,4.0
1389,1,1,17.29,2511477.0,316,0,0,4.0
1389,1,2,19.04,998764.8,113,29,2,4.0
1389,1,3,16.81,2707681.0,346,0,0,4.0
1389,1,4,25.54,21154.1,0,78,40,3.999
1389,1,5,18.36,2481201.0,313,0,0,4.0
1389,1,6,8.63,1752029.6,217,5,0,4.0
1389,1,7,5.33,2326202.0,291,0,0,4.0
1389,1,8,8.28,2430752.0,299,0,0,4.0
1389,1,9,16.95,317576.3,13,84,22,4.0
1389,1,10,5.22,2527835.0,318,0,0,4.0
1389,1,11,27.19,2327519.0,285,0,0,4.0
1389,1,12,16.04,17309.7,0,91,27,3.996
1389,1,13,25.94,2146875.7,271,2,0,4.0
1389,1,14,7.56,2351247.0,297,0,0,4.0
1389,1,15,10.93,1741513.0,226,0,0,4.0
1389,1,16,21.21,2643505.0,333,1,0,4.0
1389,1,17,10.16,2436308.0,303,0,0,4.0
1389,1,18,13.45,1529206.9,191,6,0,4.0
1389,1,19,28.59,1088775.1,111,34,12,4.0
1389,1,20,28.46,2131834.9,267,2,0,4.0
1389,1,21,7.19,1733357.0,208,5,0,4.0
1389,1,22,21.02,2325029.0,290,0,0,4.0
1389,1,23,22.73,1273906.2,143,30,5,4.0
1389,1,24,27.19,67204.3,0,88,34,3.998
1389,1,25,13.95,458050.7,24,91,11,4.0
1389,1,26,20.95,2409292.0,297,0,0,4.0
1389,1,27,28.46,0.0,0,0,0,0.0
1389,1,28,27.22,0.0,0,0,0,0.0
1389,1,29,21.5,0.0,0,0,0,0.0
1389,1,30,21.16,0.0,0,0,0,0.0
1389,1,31,18.93,0.0,0,0,0,0.0
1389,2,0,6.96,7479.9,0,106,14,3.996
1389,2,1,7.77,1971984.8,250,3,0,4.0
1389,2,2,20.56,503754.3,39,62,14,3.999
1389,2,3,13.62,2437029.0,305,0,0,4.0
1389,2,4,16.07,2267752.0,290,0,0,3.998
1389,2,5,14.57,2416.2,0,106,9,3.995
1389,2,6,13.01,2781229.0,350,0,0,4.0
1389,2,7,22.07,1691952.5,206,5,0,4.0
1389,2,8,12.5,1508697.8,183,13,0,4.0
1389,2,9,25.95,660303.5,62,61,12,3.999
1389,2,10,28.65,2128407.2,261,3,0,3.999
1389,2,11,13.51,555649.8,45,76,10,3.999
1389,2,12,8.75,2735696.0,339,0,0,3.998
1389,2,13,16.81,1835485.0,226,0,0,4.0
1389,2,14,15.53,1950517.0,250,0,0,4.0
1389,2,15,24.33,1610266.8,205,4,0,4.0
1389,2,16,27.2,2457693.5,314,0,0,4.0
1389,2,17,22.13,2684190.0,333,0,0,4.0
1389,2,18,7.17,2445103.0,317,0,0,4.0
1389,2,19,25.2,1926754.5,244,1,0,4.0
1389,2,20,14.13,44721.2,0,99,10,3.995
1389,2,21,13.24,1813303.0,226,0,0,4.0
1389,2,22,17.91,2507620.0,319,0,0,4.0
1389,2,23,17.9,2269855.7,283,2,0,3.998
1389,2,24,22.87,1090533.5,123,38,0,4.0
1389,2,25,14.85,31616.1,0,98,12,3.999
1389,2,26,13.33,1561565.4,190,7,1,4.0
1389,2,27,21.36,2417995.0,303,0,0,4.0
1389,2,28,11.89,1128365.1,127,35,2,4.0
1389,2,29,27.14,2249881.0,283,0,0,4.0
1389,2,30,26.39,0.0,0,0,0,0.0
1389,2,31,12.54,0.0,0,0,0,0.0
1399,0,0,6.65,308256.4,13,94,13,4.0
1399,0,1,22.27,9963.0,0,101,16,4.0
1399,0,2,20.19,2540348.0,313,0,0,4.0
1399,0,3,15.08,2872587.0,358,0,0,4.0
1399,0,4,12.66,47603.6,0,111,14,4.0
1399,0,5,12.32,3128273.0,387,0,0,4.0
1399,0,6,23.59,76606.2,0,107,14,4.0
1399,0,7,29.41,3005559.0,377,0,0,4.0
1399,0,8,26.89,940422.0,87,43,23,4.0
1399,0,9,11.95,2327290.0,295,0,0,4.0
1399,0,10,25.73,33482.5,0,97,18,4.0
1399,0,11,9.19,2494015.0,309,0,0,4.0
1399,0,12,11.11,2281491.0,288,0,0,4.0
1399,0,13,15.51,566193.0,34,78,10,4.0
1399,0,14,23.28,2860064.0,358,0,0,4.0
1399,0,15,21.85,2370845.0,299,0,0,4.0
1399,0,16,21.6,971.2,0,89,33,4.0
1399,0,17,23.82,1781869.0,227,1,0,4.0
1399,0,18,27.48,2086675.7,256,1,0,4.0
1399,0,19,5.6,24671.4,0,105,6,4.0
1399,0,20,13.77,3000049.0,373,0,0,4.0
1399,0,21,17.56,2321032.4,292,2,0,4.0
1399,0,22,22.78,114430.6,0,90,20,4.0
1399,0,23,12.17,79049.8,0,109,2,4.0
1399,0,24,22.8,0.0,0,0,0,0.0
1399,0,25,12.77,0.0,0,0,0,0.0
1399,0,26,10.24,0.0,0,0,0,0.0
1399,0,27,18.02,0.0,0,0,0,0.0
1399,0,28,17.56,0.0,0,0,0,0.0
1399,0,29,14.3,0.0,0,0,0,0.0
1399,0,30,23.94,0.0,0,0,0,0.0
1399,0,31,26.59,0.0,0,0,0,0.0
1399,1,0,15.71,151131.3,3,104,13,3.994
1399,1,1,17.29,2491893.0,318,0,0,4.0
1399,1,2,19.04,975300.1,106,43,1,3.998
1399,1,3,16.81,2524470.0,325,0,0,3.998
1399,1,4,25.54,21469.3,0,78,39,3.999
1399,1,5,18.36,2434722.0,299,0,0,4.0
1399,1,6,8.63,1702483.9,211,3,0,3.999
1399,1,7,5.33,2422146.6,289,1,0,4.0
1399,1,8,8.28,2469754.0,305,0,0,4.0
1399,1,9,16.95,316254.3,13,89,20,4.0
1399,1,10,5.22,2909138.0,367,0,0,4.0
1399,1,11,27.19,2171118.0,281,0,0,4.0
1399,1,12,16.04,18408.9,0,87,34,3.999
1399,1,13,25.94,2125977.3,264,2,0,3.998
1399,1,14,7.56,2200257.9,278,0,0,3.999
1399,1,15,10.93,1755179.3,227,0,0,3.999
1399,1,16,21.21,2559175.0,324,1,0,4.0
1399,1,17,10.16,2348117.6,287,1,0,3.999
1399,1,18,13.45,1578657.4,193,14,0,4.0
1399,1,19,28.59,952200.6,100,40,9,4.0
1399,1,20,28.46,2440384.0,309,0,0,4.0
1399,1,21,7.19,1741169.3,209,4,0,4.0
1399,1,22,21.02,2374571.0,289,0,0,3.998
1399,1,23,22.73,1324329.0,151,26,1,4.0
1399,1,24,27.19,74405.0,0,87,31,4.0
1399,1,25,13.95,431948.6,27,85,12,4.0
1399,1,26,20.95,2390468.0,305,1,0,4.0
1399,1,27,28.46,0.0,0,0,0,0.0
1399,1,28,27.22,0.0,0,0,0,0.0
1399,1,29,21.5,0.0,0,0,0,0.0
1399,1,30,21.16,0.0,0,0,0,0.0
1399,1,31,18.93,0.0,0,0,0,0.0
1399,2,0,6.96,6263.4,0,100,17,4.0
1399,2,1,7.77,2030291.0,253,0,0,4.0
1399,2,2,20.56,512211.9,32,72,22,4.0
1399,2,3,13.62,2329047.0,287,0,0,4.0
1399,2,4,16.07,2482113.0,308,0,0,4.0
1399,2,5,14.57,3058.6,0,99,11,3.993
1399,2,6,13.01,2660153.0,327,0,0,4.0
1399,2,7,22.07,1562813.0,200,2,0,3.999
1399,2,8,12.5,1459513.6,180,17,0,4.0
1399,2,9,25.95,620282.1,52,62,12,3.998
1399,2,10,28.65,2010395.4,254,2,0,3.999
1399,2,11,13.51,560580.3,48,74,9,3.999
1399,2,12,8.75,2912381.0,370,0,0,4.0
1399,2,13,16.81,1697688.4,208,3,0,3.999
1399,2,14,15.53,2034327.0,251,0,0,4.0
1399,2,15,24.33,1670515.8,205,5,0,3.999
1399,2,16,27.2,2412696.0,289,0,0,4.0
1399,2,17,22.13,2513948.0,314,0,0,4.0
1399,2,18,7.17,2475136.0,309,0,0,3.997
1399,2,19,25.2,1892412.9,237,1,0,4.0
1399,2,20,14.13,42239.0,0,100,19,3.999
1399,2,21,13.24,1685227.8,211,6,0,4.0
1399,2,22,17.91,2731555.8,339,0,0,3.999
1399,2,23,17.9,2467520.0,306,0,0,4.0
1399,2,24,22.87,1070408.8,117,40,3,3.999
1399,2,25,14.85,37037.1,0,104,14,3.999
1399,2,26,13.33,1427145.4,176,6,1,3.999
1399,2,27,21.36,2545606.0,319,0,0,3.998
1399,2,28,11.89,1104217.7,126,35,2,4.0
1399,2,29,27.14,2269509.0,285,0,0,4.0
1399,2,30,26.39,0.0,0,0,0,0.0
1399,2,31,12.54,0.0,0,0,0,0.0
1409,0,0,6.65,293628.4,9,102,13,4.0
1409,0,1,22.27,11038.0,0,101,16,4.0
1409,0,2,20.19,2586903.0,328,0,0,4.0
1409,0,3,15.08,3241409.0,392,0,0,4.0
1409,0,4,12.66,46857.5,0,104,9,4.0
1409,0,5,12.32,2936399.0,372,0,0,4.0
1409,0,6,23.59,65802.9,0,103,11,4.0
1409,0,7,29.41,3002277.0,379,0,0,4.0
1409,0,8,26.89,883308.1,80,47,24,4.0
1409,0,9,11.95,2222666.4,287,1,0,4.0
1409,0,10,25.73,33974.8,0,82,31,4.0
1409,0,11,9.19,2335580.0,286,0,0,4.0
1409,0,12,11.11,2410354.0,304,0,0,4.0
1409,0,13,15.51,605610.2,44,68,13,4.0
1409,0,14,23.28,3038791.0,369,0,0,4.0
1409,0,15,21.85,2336076.0,285,0,0,4.0
1409,0,16,21.6,1150.6,0,91,30,4.0
1409,0,17,23.82,1731134.0,223,0,0,4.0
1409,0,18,27.48,2114474.5,262,2,0,4.0
1409,0,19,5.6,26134.0,0,105,4,4.0
1409,0,20,13.77,2930155.0,365,0,0,4.0
1409,0,21,17.56,2331809.5,287,1,0,4.0
1409,0,22,22.78,111166.2,0,99,17,4.0
1409,0,23,12.17,73830.7,0,109,8,4.0
1409,0,24,22.8,0.0,0,0,0,0.0
1409,0,25,12.77,0.0,0,0,0,0.0
1409,0,26,10.24,0.0,0,0,0,0.0
1409,0,27,18.02,0.0,0,0,0,0.0
1409,0,28,17.56,0.0,0,0,0,0.0
1409,0,29,14.3,0.0,0,0,0,0.0
1409,0,30,23.94,0.0,0,0,0,0.0
1409,0,31,26.59,0.0,0,0,0,0.0
1409,1,0,15.71,121976.8,0,104,9,3.998
1409,1,1,17.29,2517205.0,311,0,0,4.0
1409,1,2,19.04,1007652.7,109,40,4,4.0
1409,1,3,16.81,2804909.0,349,0,0,4.0
1409,1,4,25.54,21102.2,0,88,37,3.998
1409,1,5,18.36,2512622.0,314,0,0,4.0
1409,1,6,8.63,1678838.4,216,4,0,4.0
1409,1,7,5.33,2476780.0,311,0,0,4.0
1409,1,8,8.28,2480897.0,309,0,0,3.998
1409,1,9,16.95,274851.0,12,87,22,4.0
1409,1,10,5.22,2746520.4,348,0,0,4.0
1409,1,11,27.19,2307273.0,289,0,0,4.0
1409,1,12,16.04,20029.1,0,81,36,3.994
1409,1,13,25.94,2107566.0,263,1,0,4.0
1409,1,14,7.56,2431617.0,297,0,0,4.0
1409,1,15,10.93,1786890.9,217,3,0,3.999
1409,1,16,21.21,2514996.0,316,1,0,4.0
1409,1,17,10.16,2332081.0,291,0,0,4.0
1409,1,18,13.45,1422765.1,180,6,0,4.0
1409,1,19,28.59,953911.8,98,39,14,3.998
1409,1,20,28.46,2236952.3,278,1,0,4.0
1409,1,21,7.19,1568616.2,193,7,0,3.999
1409,1,22,21.02,2341944.1,289,0,0,4.0
1409,1,23,22.73,1341781.1,160,20,3,4.0
1409,1,24,27.19,57564.3,0,99,25,3.999
1409,1,25,13.95,509325.6,28,84,10,3.998
1409,1,26,20.95,2501200.0,314,0,0,3.999
1409,1,27,28.46,0.0,0,0,0,0.0
1409,1,28,27.22,0.0,0,0,0,0.0
1409,1,29,21.5,0.0,0,0,0,0.0
1409,1,30,21.16,0.0,0,0,0,0.0
1409,1,31,18.93,0.0,0,0,0,0.0
1409,2,0,6.96,9926.8,0,95,24,4.0
1409,2,1,7.77,2037612.9,249,3,0,4.0
1409,2,2,20.56,444823.6,25,88,14,3.999
1409,2,3,13.62,2321528.0,296,0,0,4.0
1409,2,4,16.07,2495611.0,320,0,0,3.999
1409,2,5,14.57,3236.5,0,103,8,4.0
1409,2,6,13.01,2803899.0,335,0,0,4.0
1409,2,7,22.07,1816749.3,217,2,0,4.0
1409,2,8,12.5,1506922.0,188,7,0,4.0
1409,2,9,25.95,700233.4,57,70,12,4.0
1409,2,10,28.65,1818479.0,229,1,0,4.0
1409,2,11,13.51,579292.3,50,65,11,3.999
1409,2,12,8.75,2790327.0,351,0,0,4.0
1409,2,13,16.81,1704841.3,208,1,0,3.999
1409,2,14,15.53,1995939.0,248,0,0,4.0
1409,2,15,24.33,1581816.6,194,11,0,3.999
1409,2,16,27.2,2367194.7,301,1,0,4.0
1409,2,17,22.13,2701947.0,328,1,0,4.0
1409,2,18,7.17,2493499.0,315,0,0,4.0
1409,2,19,25.2,2014843.0,251,0,0,3.999
1409,2,20,14.13,48506.9,0,105,9,3.999
1409,2,21,13.24,1749271.9,214,5,0,4.0
1409,2,22,17.91,2659431.0,333,0,0,4.0
1409,2,23,17.9,2272437.0,291,1,0,4.0
1409,2,24,22.87,1053712.1,121,29,3,4.0
1409,2,25,14.85,30953.6,0,101,10,4.0
1409,2,26,13.33,1610182.3,202,7,0,3.999
1409,2,27,21.36,2361194.0,296,0,0,4.0
1409,2,28,11.89,1009914.4,117,29,2,4.0
1409,2,29,27.14,2410676.6,297,0,0,3.999
1409,2,30,26.39,0.0,0,0,0,0.0
1409,2,31,12.54,0.0,0,0,0,0.0
1419,0,0,6.65,317985.0,9,102,10,4.0
1419,0,1,22.27,10194.6,0,99,18,4.0
1419,0,2,20.19,2582456.0,328,0,0,4.0
1419,0,3,15.08,2971841.0,385,0,0,4.0
1419,0,4,12.66,46249.4,0,101,8,4.0
1419,0,5,12.32,2959180.0,361,0,0,4.0
1419,0,6,23.59,68087.8,0,98,12,4.0
1419,0,7,29.41,2804994.0,347,0,0,4.0
1419,0,8,26.89,934153.0,86,51,14,4.0
1419,0,9,11.95,2457305.0,303,0,0,4.0
1419,0,10,25.73,36656.5,0,93,18,4.0
1419,0,11,9.19,2397775.9,297,0,0,4.0
1419,0,12,11.11,2505402.0,316,0,0,4.0
1419,0,13,15.51,591926.6,42,67,11,4.0
1419,0,14,23.28,3250983.0,406,0,0,4.0
1419,0,15,21.85,2333567.0,289,0,0,4.0
1419,0,16,21.6,1154.2,0,91,31,4.0
1419,0,17,23.82,1816416.0,231,4,0,4.0
1419,0,18,27.48,2063293.0,260,0,0,4.0
1419,0,19,5.6,24274.0,0,107,10,4.0
1419,0,20,13.77,2787110.0,348,0,0,4.0
1419,0,21,17.56,2294624.0,294,0,0,4.0
1419,0,22,22.78,98967.1,0,98,23,4.0
1419,0,23,12.17,65091.8,0,110,0,4.0
1419,0,24,22.8,0.0,0,0,0,0.0
1419,0,25,12.77,0.0,0,0,0,0.0
1419,0,26,10.24,0.0,0,0,0,0.0
1419,0,27,18.02,0.0,0,0,0,0.0
1419,0,28,17.56,0.0,0,0,0,0.0
1419,0,29,14.3,0.0,0,0,0,0.0
1419,0,30,23.94,0.0,0,0,0,0.0
1419,0,31,26.59,0.0,0,0,0,0.0
1419,1,0,15.71,114153.1,0,97,13,4.0
1419,1,1,17.29,2529101.0,318,0,0,4.0
1419,1,2,19.04,1049865.3,117,40,3,4.0
1419,1,3,16.81,2620825.0,332,0,0,3.998
1419,1,4,25.54,17373.4,0,87,36,3.999
1419,1,5,18.36,2507553.0,314,0,0,4.0
1419,1,6,8.63,1741849.0,213,7,0,4.0
1419,1,7,5.33,2402035.0,300,2,0,4.0
1419,1,8,8.28,2528397.0,318,0,0,4.0
1419,1,9,16.95,317139.8,14,84,18,3.999
1419,1,10,5.22,2583715.0,320,0,0,4.0
1419,1,11,27.19,2423221.0,301,0,0,4.0
1419,1,12,16.04,19624.2,0,95,25,3.999
1419,1,13,25.94,2092630.0,262,0,0,4.0
1419,1,14,7.56,2451820.0,304,0,0,4.0
1419,1,15,10.93,1772251.6,222,5,0,4.0
1419,1,16,21.21,2604981.0,324,0,0,4.0
1419,1,17,10.16,2325728.0,286,0,0,4.0
1419,1,18,13.45,1491412.1,185,4,0,4.0
1419,1,19,28.59,1034033.1,115,31,11,4.0
1419,1,20,28.46,2413357.0,300,0,0,4.0
1419,1,21,7.19,1585188.8,194,7,0,3.999
1419,1,22,21.02,2295289.6,286,0,0,4.0
1419,1,23,22.73,1289329.3,153,25,1,4.0
1419,1,24,27.19,57015.0,0,87,31,3.998
1419,1,25,13.95,556426.8,43,70,10,3.999
1419,1,26,20.95,2504338.0,309,0,0,4.0
1419,1,27,28.46,0.0,0,0,0,0.0
1419,1,28,27.22,0.0,0,0,0,0.0
1419,1,29,21.5,0.0,0,0,0,0.0
1419,1,30,21.16,0.0,0,0,0,0.0
1419,1,31,18.93,0.0,0,0,0,0.0
1419,2,0,6.96,8882.3,0,100,20,3.999
1419,2,1,7.77,2027780.3,249,2,0,4.0
1419,2,2,20.56,511302.3,36,71,11,4.0
1419,2,3,13.62,2265896.0,284,0,0,4.0
1419,2,4,16.07,2632582.0,323,0,0,3.999
1419,2,5,14.57,2779.0,0,96,10,3.998
1419,2,6,13.01,2901452.0,352,0,0,4.0
1419,2,7,22.07,1580441.9,199,4,0,4.0
1419,2,8,12.5,1459757.6,180,15,1,3.999
1419,2,9,25.95,622087.3,48,62,13,4.0
1419,2,10,28.65,2037744.6,254,2,0,4.0
1419,2,11,13.51,529071.7,47,78,4,4.0
1419,2,12,8.75,2860500.0,354,0,0,4.0
1419,2,13,16.81,1826064.8,226,4,0,4.0
1419,2,14,15.53,1990219.0,252,0,0,4.0
1419,2,15,24.33,1648939.8,197,6,0,4.0
1419,2,16,27.2,2314704.0,284,0,0,4.0
1419,2,17,22.13,2483828.0,303,0,0,4.0
1419,2,18,7.17,2393777.0,306,0,0,4.0
1419,2,19,25.2,1994161.4,247,1,0,4.0
1419,2,20,14.13,39047.4,0,103,14,3.997
1419,2,21,13.24,1621080.2,205,2,0,4.0
1419,2,22,17.91,2506762.0,314,0,0,4.0
1419,2,23,17.9,2391711.0,303,1,0,4.0
1419,2,24,22.87,1195096.3,128,38,1,3.999
1419,2,25,14.85,29594.3,0,100,11,3.995
1419,2,26,13.33,1613721.5,198,5,0,3.999
1419,2,27,21.36,2568496.0,317,0,0,4.0
1419,2,28,11.89,1119276.1,126,27,2,4.0
1419,2,29,27.14,2394044.0,304,0,0,4.0
1419,2,30,26.39,0.0,0,0,0,0.0
1419,2,31,12.54,0.0,0,0,0,0.0
1429,0,0,6.65,299098.8,7,96,11,4.0
1429,0,1,22.27,10891.5,0,98,16,4.0
1429,0,2,20.19,2482858.0,314,0,0,4.0
1429,0,3,15.08,3018162.0,376,0,0,4.0
1429,0,4,12.66,39574.1,0,97,11,3.999
1429,0,5,12.32,3059655.0,384,0,0,4.0
1429,0,6,23.59,69628.2,0,95,19,4.0
1429,0,7,29.41,2779330.0,353,0,0,4.0
1429,0,8,26.89,860974.0,77,43,22,4.0
1429,0,9,11.95,2387481.0,295,0,0,4.0
1429,0,10,25.73,36862.5,0,91,18,3.999
1429,0,11,9.19,2224886.0,279,0,0,4.0
1429,0,12,11.11,2519131.0,319,0,0,4.0
1429,0,13,15.51,647312.9,46,77,5,4.0
1429,0,14,23.28,3263563.0,404,0,0,4.0
1429,0,15,21.85,2168763.9,274,0,0,4.0
1429,0,16,21.6,964.7,0,74,40,4.0
1429,0,17,23.82,1751334.3,217,5,0,4.0
1429,0,18,27.48,2156519.0,268,0,0,4.0
1429,0,19,5.6,30436.0,0,107,1,3.999
1429,0,20,13.77,3132884.0,393,0,0,4.0
1429,0,21,17.56,2213228.0,282,0,0,4.0
1429,0,22,22.78,92910.3,0,102,18,4.0
1429,0,23,12.17,85284.8,0,112,0,4.0
1429,0,24,22.8,0.0,0,0,0,0.0
1429,0,25,12.77,0.0,0,0,0,0.0
1429,0,26,10.24,0.0,0,0,0,0.0
1429,0,27,18.02,0.0,0,0,0,0.0
1429,0,28,17.56,0.0,0,0,0,0.0
1429,0,29,14.3,0.0,0,0,0,0.0
1429,0,30,23.94,0.0,0,0,0,0.0
1429,0,31,26.59,0.0,0,0,0,0.0
1429,1,0,15.71,153456.2,2,99,10,3.997
1429,1,1,17.29,2619640.0,330,0,0,4.0
1429,1,2,19.04,958316.7,100,46,1,4.0
1429,1,3,16.81,2716339.0,333,0,0,4.0
1429,1,4,25.54,17090.4,0,84,36,3.998
1429,1,5,18.36,2248267.0,280,0,0,4.0
1429,1,6,8.63,1805204.6,215,2,0,3.999
1429,1,7,5.33,2506815.0,311,0,0,4.0
1429,1,8,8.28,2500838.0,310,0,0,4.0
1429,1,9,16.95,306387.3,10,100,16,4.0
1429,1,10,5.22,2609677.0,334,0,0,4.0
1429,1,11,27.19,2285707.0,285,0,0,4.0
1429,1,12,16.04,17375.8,0,94,28,3.996
1429,1,13,25.94,2047065.0,258,1,0,4.0
1429,1,14,7.56,2432335.6,300,0,0,4.0
1429,1,15,10.93,1810987.2,226,1,0,4.0
1429,1,16,21.21,2496002.0,321,0,0,4.0
1429,1,17,10.16,2282325.0,285,0,0,4.0
1429,1,18,13.45,1484651.5,184,12,1,4.0
1429,1,19,28.59,971380.5,102,50,5,4.0
1429,1,20,28.46,2223170.0,281,0,0,4.0
1429,1,21,7.19,1626402.6,198,5,0,3.999
1429,1,22,21.02,2412255.0,305,0,0,4.0
1429,1,23,22.73,1116303.4,138,18,3,4.0
1429,1,24,27.19,70126.2,0,83,33,3.999
1429,1,25,13.95,587523.0,35,84,10,3.999
1429,1,26,20.95,2502321.0,320,0,0,4.0
1429,1,27,28.46,0.0,0,0,0,0.0
1429,1,28,27.22,0.0,0,0,0,0.0
1429,1,29,21.5,0.0,0,0,0,0.0
1429,1,30,21.16,0.0,0,0,0,0.0
1429,1,31,18.93,0.0,0,0,0,0.0
1429,2,0,6.96,9165.6,0,100,13,3.99
1429,2,1,7.77,2096114.3,257,2,0,3.998
1429,2,2,20.56,525684.6,41,64,16,4.0
1429,2,3,13.62,2320377.0,286,0,0,3.999
1429,2,4,16.07,2340205.0,290,0,0,4.0
1429,2,5,14.57,1892.9,0,94,15,3.996
1429,2,6,13.01,2786200.0,350,0,0,4.0
1429,2,7,22.07,1637971.3,205,4,0,4.0
1429,2,8,12.5,1531457.9,183,13,0,4.0
1429,2,9,25.95,688931.5,55,62,11,4.0
1429,2,10,28.65,2049293.4,257,3,0,4.0
1429,2,11,13.51,586156.6,51,67,7,3.997
1429,2,12,8.75,2871217.0,358,0,0,4.0
1429,2,13,16.81,1761531.6,216,4,0,3.998
1429,2,14,15.53,2044419.2,258,0,0,4.0
1429,2,15,24.33,1615121.0,201,2,0,3.999
1429,2,16,27.2,2346241.0,293,0,0,4.0
1429,2,17,22.13,2420322.0,297,0,0,4.0
1429,2,18,7.17,2478796.0,319,0,0,3.998
1429,2,19,25.2,1954800.0,242,0,0,4.0
1429,2,20,14.13,37363.9,0,105,15,4.0
1429,2,21,13.24,1666615.6,213,5,0,4.0
1429,2,22,17.91,2610272.0,328,0,0,3.998
1429,2,23,17.9,2354568.9,292,1,0,3.999
1429,2,24,22.87,1097712.1,117,32,3,4.0
1429,2,25,14.85,23346.3,0,90,21,4.0
1429,2,26,13.33,1584315.6,191,7,2,4.0
1429,2,27,21.36,2453714.0,296,0,0,4.0
1429,2,28,11.89,1062749.1,125,27,2,4.0
1429,2,29,27.14,2558314.0,315,0,0,4.0
1429,2,30,26.39,0.0,0,0,0,0.0
1429,2,31,12.54,0.0,0,0,0,0.0
1439,0,0,6.65,295471.3,13,95,4,4.0
1439,0,1,22.27,11510.0,0,97,14,4.0
1439,0,2,20.19,2538128.0,327,0,0,4.0
1439,0,3,15.08,2927051.0,369,0,0,4.0
1439,0,4,12.66,40785.0,0,109,7,4.0
1439,0,5,12.32,3009970.0,368,0,0,4.0
1439,0,6,23.59,61744.4,0,99,13,3.999
1439,0,7,29.41,2978582.0,368,0,0,4.0
1439,0,8,26.89,887258.7,79,42,27,4.0
1439,0,9,11.95,2203526.0,279,0,0,4.0
1439,0,10,25.73,39505.5,0,105,12,3.999
1439,0,11,9.19,2517544.0,312,0,0,4.0
1439,0,12,11.11,2383139.0,299,0,0,4.0
1439,0,13,15.51,653215.3,59,64,5,4.0
1439,0,14,23.28,3311515.0,399,0,0,4.0
1439,0,15,21.85,2266380.0,279,0,0,3.999
1439,0,16,21.6,916.2,0,85,39,4.0
1439,0,17,23.82,1721574.6,225,4,0,4.0
1439,0,18,27.48,2052654.7,251,1,0,4.0
1439,0,19,5.6,25088.9,0,113,2,4.0
1439,0,20,13.77,3126296.0,390,0,0,4.0
1439,0,21,17.56,2315324.0,287,0,0,4.0
1439,0,22,22.78,107979.8,0,92,16,4.0
1439,0,23,12.17,83860.4,0,112,5,4.0
1439,0,24,22.8,0.0,0,0,0,0.0
1439,0,25,12.77,0.0,0,0,0,0.0
1439,0,26,10.24,0.0,0,0,0,0.0
1439,0,27,18.02,0.0,0,0,0,0.0
1439,0,28,17.56,0.0,0,0,0,0.0
1439,0,29,14.3,0.0,0,0,0,0.0
1439,0,30,23.94,0.0,0,0,0,0.0
1439,0,31,26.59,0.0,0,0,0,0.0
1439,1,0,15.71,119758.2,5,108,7,3.998
1439,1,1,17.29,2532104.8,319,0,0,3.999
1439,1,2,19.04,956289.1,112,38,0,3.998
1439,1,3,16.81,2681260.0,337,0,0,4.0
1439,1,4,25.54,21884.4,0,79,35,3.998
1439,1,5,18.36,2366730.0,295,0,0,3.997
1439,1,6,8.63,1749671.4,215,7,0,4.0
1439,1,7,5.33,2439829.0,302,0,0,4.0
1439,1,8,8.28,2506421.4,305,0,0,4.0
1439,1,9,16.95,281681.2,11,81,22,3.999
1439,1,10,5.22,2596729.0,335,0,0,3.996
1439,1,11,27.19,2332824.0,294,0,0,4.0
1439,1,12,16.04,14935.7,0,93,26,3.994
1439,1,13,25.94,2121898.0,266,0,0,4.0
1439,1,14,7.56,2485585.0,308,0,0,4.0
1439,1,15,10.93,1963907.0,240,0,0,3.999
1439,1,16,21.21,2431611.0,297,0,0,4.0
1439,1,17,10.16,2333123.0,294,0,0,4.0
1439,1,18,13.45,1537636.8,186,12,1,3.999
1439,1,19,28.59,997647.8,103,33,15,4.0
1439,1,20,28.46,2493969.0,307,0,0,4.0
1439,1,21,7.19,1657927.7,206,5,0,4.0
1439,1,22,21.02,2320146.0,291,0,0,4.0
1439,1,23,22.73,1287155.5,155,26,1,3.999
1439,1,24,27.19,58944.1,0,88,33,3.998
1439,1,25,13.95,560473.2,46,71,10,3.996
1439,1,26,20.95,2490577.0,315,0,0,4.0
1439,1,27,28.46,0.0,0,0,0,0.0
1439,1,28,27.22,0.0,0,0,0,0.0
1439,1,29,21.5,0.0,0,0,0,0.0
1439,1,30,21.16,0.0,0,0,0,0.0
1439,1,31,18.93,0.0,0,0,0,0.0
1439,2,0,6.96,8218.7,0,93,17,4.0
1439,2,1,7.77,2030932.4,250,2,0,4.0
1439,2,2,20.56,464613.5,29,80,7,4.0
1439,2,3,13.62,2278370.0,293,0,0,4.0
1439,2,4,16.07,2377302.0,302,0,0,4.0
1439,2,5,14.57,2470.8,0,111,10,4.0
1439,2,6,13.01,2813140.0,347,0,0,4.0
1439,2,7,22.07,1775090.4,218,2,0,4.0
1439,2,8,12.5,1508249.3,179,8,0,4.0
1439,2,9,25.95,736066.7,63,62,14,4.0
1439,2,10,28.65,1989698.0,248,0,0,4.0
1439,2,11,13.51,462844.9,38,74,8,4.0
1439,2,12,8.75,2723998.0,338,0,0,4.0
1439,2,13,16.81,1724721.6,218,1,0,4.0
1439,2,14,15.53,2033108.0,250,0,0,4.0
1439,2,15,24.33,1554170.2,185,10,0,4.0
1439,2,16,27.2,2322004.0,303,0,0,4.0
1439,2,17,22.13,2521624.0,310,0,0,4.0
1439,2,18,7.17,2633254.0,326,0,0,4.0
1439,2,19,25.2,1895640.1,241,1,0,4.0
1439,2,20,14.13,32701.2,0,93,10,4.0
1439,2,21,13.24,1736913.8,214,3,0,4.0
1439,2,22,17.91,2639822.0,330,0,0,4.0
1439,2,23,17.9,2452314.0,305,0,0,4.0
1439,2,24,22.87,1152827.8,138,19,1,4.0
1439,2,25,14.85,40823.3,0,92,20,4.0
1439,2,26,13.33,1452856.7,185,9,0,4.0
1439,2,27,21.36,2568274.8,316,0,0,4.0
1439,2,28,11.89,1230434.9,138,28,4,4.0
1439,2,29,27.14,2547781.4,311,0,0,4.0
1439,2,30,26.39,0.0,0,0,0,0.0
1439,2,31,12.54,0.0,0,0,0,0.0
1449,0,0,6.65,327918.8,10,95,10,4.0
1449,0,1,22.27,10141.9,0,94,18,4.0
1449,0,2,20.19,2467877.0,308,0,0,4.0
1449,0,3,15.08,3189857.0,393,0,0,4.0
1449,0,4,12.66,49463.9,0,107,6,4.0
1449,0,5,12.32,2895948.0,359,0,0,4.0
1449,0,6,23.59,75483.2,0,101,17,4.0
1449,0,7,29.41,3139840.0,402,0,0,4.0
1449,0,8,26.89,865414.5,85,45,15,4.0
1449,0,9,11.95,2252817.8,284,0,0,4.0
1449,0,10,25.73,43778.1,0,103,13,4.0
1449,0,11,9.19,2381640.0,301,0,0,4.0
1449,0,12,11.11,2673803.0,331,0,0,4.0
1449,0,13,15.51,602078.1,45,68,8,4.0
1449,0,14,23.28,3203252.0,397,0,0,4.0
1449,0,15,21.85,2221416.0,272,0,0,4.0
1449,0,16,21.6,991.2,0,84,31,4.0
1449,0,17,23.82,1905619.8,240,0,0,4.0
1449,0,18,27.48,2004346.0,256,0,0,4.0
1449,0,19,5.6,26228.3,0,107,5,4.0
1449,0,20,13.77,3024093.0,370,0,0,4.0
1449,0,21,17.56,2381153.0,293,1,0,4.0
1449,0,22,22.78,103336.1,0,89,14,4.0
1449,0,23,12.17,73253.4,0,120,3,4.0
1449,0,24,22.8,0.0,0,0,0,0.0
1449,0,25,12.77,0.0,0,0,0,0.0
1449,0,26,10.24,0.0,0,0,0,0.0
1449,0,27,18.02,0.0,0,0,0,0.0
1449,0,28,17.56,0.0,0,0,0,0.0
1449,0,29,14.3,0.0,0,0,0,0.0
1449,0,30,23.94,0.0,0,0,0,0.0
1449,0,31,26.59,0.0,0,0,0,0.0
1449,1,0,15.71,131667.5,1,109,6,3.997
1449,1,1,17.29,2398226.0,302,0,0,4.0
1449,1,2,19.04,1056611.2,111,41,0,4.0
1449,1,3,16.81,2700676.0,337,0,0,3.998
1449,1,4,25.54,16347.4,0,80,32,3.997
1449,1,5,18.36,2322432.0,294,0,0,4.0
1449,1,6,8.63,1695721.2,202,6,0,4.0
1449,1,7,5.33,2369184.0,297,0,0,4.0
1449,1,8,8.28,2456809.0,306,0,0,4.0
1449,1,9,16.95,306354.6,10,90,19,4.0
1449,1,10,5.22,2770412.0,346,0,0,3.998
1449,1,11,27.19,2334363.9,292,0,0,4.0
1449,1,12,16.04,17543.2,0,90,25,3.995
1449,1,13,25.94,2062420.6,266,1,0,3.999
1449,1,14,7.56,2402526.0,301,0,0,4.0
1449,1,15,10.93,1776652.5,225,1,0,3.999
1449,1,16,21.21,2710631.0,332,0,0,4.0
1449,1,17,10.16,2320610.0,290,0,0,4.0
1449,1,18,13.45,1526374.9,186,7,0,4.0
1449,1,19,28.59,973851.7,100,45,10,3.999
1449,1,20,28.46,2242201.0,291,0,0,4.0
1449,1,21,7.19,1742561.4,213,2,0,3.999
1449,1,22,21.02,2151406.0,268,0,0,3.999
1449,1,23,22.73,1315749.8,156,23,2,4.0
1449,1,24,27.19,65399.0,0,96,24,3.996
1449,1,25,13.95,523233.8,46,72,5,3.999
1449,1,26,20.95,2449043.9,299,0,0,4.0
1449,1,27,28.46,0.0,0,0,0,0.0
1449,1,28,27.22,0.0,0,0,0,0.0
1449,1,29,21.5,0.0,0,0,0,0.0
1449,1,30,21.16,0.0,0,0,0,0.0
1449,1,31,18.93,0.0,0,0,0,0.0
1449,2,0,6.96,6598.1,0,95,19,3.997
1449,2,1,7.77,2171453.0,268,0,0,3.999
1449,2,2,20.56,492625.2,23,95,10,4.0
1449,2,3,13.62,2296661.0,282,0,0,4.0
1449,2,4,16.07,2277838.0,289,0,0,3.998
1449,2,5,14.57,2515.7,0,96,12,4.0
1449,2,6,13.01,2748816.0,340,0,0,4.0
1449,2,7,22.07,1605573.8,201,1,0,4.0
1449,2,8,12.5,1509573.9,179,14,0,4.0
1449,2,9,25.95,690296.5,61,68,16,4.0
1449,2,10,28.65,2005425.0,246,0,0,4.0
1449,2,11,13.51,578181.4,47,73,4,4.0
1449,2,12,8.75,2902731.0,356,0,0,4.0
1449,2,13,16.81,1826748.6,229,1,0,3.999
1449,2,14,15.53,1992599.0,255,0,0,4.0
1449,2,15,24.33,1640849.1,201,7,0,4.0
1449,2,16,27.2,2426463.0,300,0,0,3.999
1449,2,17,22.13,2602131.0,315,0,0,4.0
1449,2,18,7.17,2535531.0,316,0,0,4.0
1449,2,19,25.2,1774419.4,225,2,0,4.0
1449,2,20,14.13,31384.8,0,102,11,4.0
1449,2,21,13.24,1763446.8,216,3,0,4.0
1449,2,22,17.91,2525437.0,325,0,0,4.0
1449,2,23,17.9,2401770.9,304,0,0,4.0
1449,2,24,22.87,1018009.2,109,39,1,4.0
1449,2,25,14.85,28450.6,0,99,11,4.0
1449,2,26,13.33,1609404.9,193,5,0,4.0
1449,2,27,21.36,2586159.0,319,0,0,4.0
1449,2,28,11.89,1105693.2,125,28,4,4.0
1449,2,29,27.14,2461471.0,301,0,0,4.0
1449,2,30,26.39,0.0,0,0,0,0.0
1449,2,31,12.54,0.0,0,0,0,0.0
1459,0,0,6.65,259963.0,9,109,4,3.999
1459,0,1,22.27,10948.6,0,93,19,4.0
1459,0,2,20.19,2375450.0,295,0,0,4.0
1459,0,3,15.08,2837254.0,353,0,0,4.0
1459,0,4,12.66,54296.5,0,109,8,3.998
1459,0,5,12.32,3129344.0,396,0,0,4.0
1459,0,6,23.59,62480.9,0,102,15,4.0
1459,0,7,29.41,2984464.0,369,0,0,4.0
1459,0,8,26.89,877533.1,75,51,23,4.0
1459,0,9,11.95,2195845.0,277,0,0,4.0
1459,0,10,25.73,36455.5,0,110,14,3.998
1459,0,11,9.19,2431146.0,296,0,0,4.0
1459,0,12,11.11,2530824.0,307,0,0,4.0
1459,0,13,15.51,665918.7,50,64,11,4.0
1459,0,14,23.28,3073328.0,391,0,0,4.0
1459,0,15,21.85,2192026.0,283,0,0,4.0
1459,0,16,21.6,1105.3,0,94,27,4.0
1459,0,17,23.82,1747581.0,217,3,0,4.0
1459,0,18,27.48,2146475.0,269,1,0,4.0
1459,0,19,5.6,26869.0,0,110,2,4.0
1459,0,20,13.77,2595423.0,327,0,0,4.0
1459,0,21,17.56,2241949.0,288,0,0,4.0
1459,0,22,22.78,109779.4,0,95,20,4.0
1459,0,23,12.17,83240.9,0,112,2,4.0
1459,0,24,22.8,0.0,0,0,0,0.0
1459,0,25,12.77,0.0,0,0,0,0.0
1459,0,26,10.24,0.0,0,0,0,0.0
1459,0,27,18.02,0.0,0,0,0,0.0
1459,0,28,17.56,0.0,0,0,0,0.0
1459,0,29,14.3,0.0,0,0,0,0.0
1459,0,30,23.94,0.0,0,0,0,0.0
1459,0,31,26.59,0.0,0,0,0,0.0
1459,1,0,15.71,172736.7,4,103,12,3.995
1459,1,1,17.29,2301314.0,295,0,0,3.998
1459,1,2,19.04,984185.0,101,47,0,3.999
1459,1,3,16.81,2584515.0,320,0,0,4.0
1459,1,4,25.54,19518.7,0,93,26,3.996
1459,1,5,18.36,2339968.7,288,1,0,3.998
1459,1,6,8.63,1837325.3,225,2,0,4.0
1459,1,7,5.33,2322148.9,296,1,0,3.997
1459,1,8,8.28,2527271.0,323,0,0,3.998
1459,1,9,16.95,330728.1,15,83,23,3.994
1459,1,10,5.22,2588613.0,329,0,0,4.0
1459,1,11,27.19,2326047.0,290,0,0,3.999
1459,1,12,16.04,18446.0,0,94,18,3.995
1459,1,13,25.94,2098232.0,261,0,0,3.999
1459,1,14,7.56,2345193.0,291,0,0,4.0
1459,1,15,10.93,1961640.7,238,3,0,3.997
1459,1,16,21.21,2461444.0,311,0,0,3.997
1459,1,17,10.16,2139506.5,275,0,0,3.999
1459,1,18,13.45,1550733.5,181,11,1,3.998
1459,1,19,28.59,959310.7,99,36,10,4.0
1459,1,20,28.46,2336301.0,292,0,0,3.999
1459,1,21,7.19,1681381.9,208,5,0,3.998
1459,1,22,21.02,2398191.0,305,0,0,3.999
1459,1,23,22.73,1262306.5,153,18,4,3.999
1459,1,24,27.19,67411.1,0,94,30,3.992
1459,1,25,13.95,482797.8,32,84,6,3.996
1459,1,26,20.95,2445306.9,297,0,0,3.999
1459,1,27,28.46,0.0,0,0,0,0.0
1459,1,28,27.22,0.0,0,0,0,0.0
1459,1,29,21.5,0.0,0,0,0,0.0
1459,1,30,21.16,0.0,0,0,0,0.0
1459,1,31,18.93,0.0,0,0,0,0.0
1459,2,0,6.96,7516.5,0,96,15,4.0
1459,2,1,7.77,1870837.0,228,3,0,4.0
1459,2,2,20.56,438699.8,24,87,13,4.0
1459,2,3,13.62,2213145.9,269,0,0,4.0
1459,2,4,16.07,2321197.0,290,0,0,4.0
1459,2,5,14.57,2957.2,0,105,10,4.0
1459,2,6,13.01,2905151.0,376,0,0,4.0
1459,2,7,22.07,1727720.9,217,2,0,3.999
1459,2,8,12.5,1591106.1,194,7,0,3.999
1459,2,9,25.95,674071.0,59,67,11,4.0
1459,2,10,28.65,1958577.0,244,0,0,4.0
1459,2,11,13.51,520061.1,42,83,6,4.0
1459,2,12,8.75,2936374.0,364,0,0,4.0
1459,2,13,16.81,1646780.2,208,0,0,4.0
1459,2,14,15.53,2159273.0,257,0,0,4.0
1459,2,15,24.33,1602637.4,194,6,0,3.999
1459,2,16,27.2,2446425.0,301,0,0,4.0
1459,2,17,22.13,2645700.0,337,0,0,4.0
1459,2,18,7.17,2421551.0,300,0,0,4.0
1459,2,19,25.2,1903748.8,239,2,0,4.0
1459,2,20,14.13,42485.5,0,99,12,3.996
1459,2,21,13.24,1819766.7,226,2,0,4.0
1459,2,22,17.91,2405594.0,301,0,0,4.0
1459,2,23,17.9,2428748.4,301,1,0,4.0
1459,2,24,22.87,1068915.8,112,36,0,4.0
1459,2,25,14.85,43338.3,0,102,12,3.996
1459,2,26,13.33,1570740.7,189,12,0,4.0
1459,2,27,21.36,2601558.0,324,0,0,4.0
1459,2,28,11.89,1195572.6,139,23,3,4.0
1459,2,29,27.14,2412611.0,297,0,0,4.0
1459,2,30,26.39,0.0,0,0,0,0.0
1459,2,31,12.54,0.0,0,0,0,0.0
1469,0,0,6.65,289388.4,12,94,6,4.0
1469,0,1,22.27,10927.3,0,90,19,4.0
1469,0,2,20.19,2663948.0,324,0,0,4.0
1469,0,3,15.08,3036659.0,386,0,0,4.0
1469,0,4,12.66,53736.9,0,102,10,4.0
1469,0,5,12.32,2963156.0,372,0,0,4.0
1469,0,6,23.59,64214.1,0,103,12,4.0
1469,0,7,29.41,3261138.0,408,0,0,4.0
1469,0,8,26.89,893765.7,89,25,27,4.0
1469,0,9,11.95,2339237.0,297,0,0,4.0
1469,0,10,25.73,37379.4,0,106,18,4.0
1469,0,11,9.19,2456071.0,297,0,0,4.0
1469,0,12,11.11,2545933.0,317,0,0,4.0
1469,0,13,15.51,643436.1,49,78,6,4.0
1469,0,14,23.28,3059150.0,379,0,0,4.0
1469,0,15,21.85,2101203.0,270,0,0,4.0
1469,0,16,21.6,1335.9,0,84,36,4.0
1469,0,17,23.82,1964098.3,244,0,0,4.0
1469,0,18,27.48,2159418.0,270,0,0,4.0
1469,0,19,5.6,25668.4,0,107,0,4.0
1469,0,20,13.77,2870318.0,367,0,0,4.0
1469,0,21,17.56,2135887.0,268,0,0,4.0
1469,0,22,22.78,109904.0,0,98,16,4.0
1469,0,23,12.17,75418.8,0,115,4,4.0
1469,0,24,22.8,0.0,0,0,0,0.0
1469,0,25,12.77,0.0,0,0,0,0.0
1469,0,26,10.24,0.0,0,0,0,0.0
1469,0,27,18.02,0.0,0,0,0,0.0
1469,0,28,17.56,0.0,0,0,0,0.0
1469,0,29,14.3,0.0,0,0,0,0.0
1469,0,30,23.94,0.0,0,0,0,0.0
1469,0,31,26.59,0.0,0,0,0,0.0
1469,1,0,15.71,155083.3,0,101,10,3.993
1469,1,1,17.29,2412225.0,304,0,0,3.997
1469,1,2,19.04,1001851.2,115,43,3,4.0
1469,1,3,16.81,2816712.0,343,0,0,3.998
1469,1,4,25.54,17164.3,0,85,35,3.992
1469,1,5,18.36,2292863.4,293,0,0,4.0
1469,1,6,8.63,1683323.5,207,1,0,4.0
1469,1,7,5.33,2212077.7,270,1,0,3.997
1469,1,8,8.28,2531690.0,316,0,0,4.0
1469,1,9,16.95,359772.1,20,79,24,3.999
1469,1,10,5.22,2600444.0,327,0,0,3.998
1469,1,11,27.19,2296379.0,285,0,0,3.999
1469,1,12,16.04,21381.2,0,92,27,3.999
1469,1,13,25.94,2137515.0,265,0,0,3.999
1469,1,14,7.56,2306279.0,286,0,0,3.999
1469,1,15,10.93,1757994.5,225,2,0,3.997
1469,1,16,21.21,2716856.0,337,0,0,3.999
1469,1,17,10.16,2256947.0,285,0,0,4.0
1469,1,18,13.45,1550980.1,181,10,3,4.0
1469,1,19,28.59,902357.0,101,41,11,4.0
1469,1,20,28.46,2257090.0,283,0,0,3.999
1469,1,21,7.19,1764120.2,214,4,0,3.998
1469,1,22,21.02,2352721.8,289,0,0,4.0
1469,1,23,22.73,1252333.2,144,19,4,4.0
1469,1,24,27.19,54971.5,0,94,30,3.988
1469,1,25,13.95,547808.1,38,81,7,3.999
1469,1,26,20.95,2407590.0,305,0,0,3.997
1469,1,27,28.46,0.0,0,0,0,0.0
1469,1,28,27.22,0.0,0,0,0,0.0
1469,1,29,21.5,0.0,0,0,0,0.0
1469,1,30,21.16,0.0,0,0,0,0.0
1469,1,31,18.93,0.0,0,0,0,0.0
1469,2,0,6.96,10360.7,0,106,12,3.999
1469,2,1,7.77,2008337.0,257,0,0,4.0
1469,2,2,20.56,489332.7,33,87,8,3.999
1469,2,3,13.62,2208293.9,277,0,0,4.0
1469,2,4,16.07,2275885.0,286,0,0,4.0
1469,2,5,14.57,2568.6,0,89,16,4.0
1469,2,6,13.01,2872482.0,355,0,0,4.0
1469,2,7,22.07,1580764.5,193,4,0,4.0
1469,2,8,12.5,1481542.0,188,6,0,4.0
1469,2,9,25.95,640868.6,47,71,15,4.0
1469,2,10,28.65,2079855.0,256,0,0,4.0
1469,2,11,13.51,576119.1,44,75,5,4.0
1469,2,12,8.75,2848660.0,360,0,0,4.0
1469,2,13,16.81,1814789.0,230,2,0,4.0
1469,2,14,15.53,2001356.0,250,0,0,4.0
1469,2,15,24.33,1541218.7,197,3,0,4.0
1469,2,16,27.2,2398993.9,303,1,0,4.0
1469,2,17,22.13,2517858.0,310,0,0,4.0
1469,2,18,7.17,2508448.0,312,0,0,4.0
1469,2,19,25.2,1907230.0,239,0,0,4.0
1469,2,20,14.13,37086.0,0,100,9,4.0
1469,2,21,13.24,1812259.1,225,3,0,4.0
1469,2,22,17.91,2546121.0,312,0,0,4.0
1469,2,23,17.9,2342032.9,294,1,0,4.0
1469,2,24,22.87,1211695.6,135,26,2,4.0
1469,2,25,14.85,31102.6,0,107,8,4.0
1469,2,26,13.33,1633655.9,204,5,0,4.0
1469,2,27,21.36,2464132.0,318,0,0,4.0
1469,2,28,11.89,1196964.0,138,29,1,4.0
1469,2,29,27.14,2411317.0,298,0,0,3.999
1469,2,30,26.39,0.0,0,0,0,0.0
1469,2,31,12.54,0.0,0,0,0,0.0
1479,0,0,6.65,297807.6,8,98,7,4.0
1479,0,1,22.27,10930.5,0,94,16,4.0
1479,0,2,20.19,2525240.2,300,0,0,4.0
1479,0,3,15.08,3151136.0,404,0,0,4.0
1479,0,4,12.66,42146.9,0,107,8,4.0
1479,0,5,12.32,2852023.0,359,0,0,4.0
1479,0,6,23.59,69167.9,0,101,13,4.0
1479,0,7,29.41,2832390.0,358,0,0,4.0
1479,0,8,26.89,828083.9,79,46,18,4.0
1479,0,9,11.95,2370129.0,301,0,0,4.0
1479,0,10,25.73,36122.1,0,108,15,4.0
1479,0,11,9.19,2270363.0,288,0,0,4.0
1479,0,12,11.11,2600132.0,326,0,0,4.0
1479,0,13,15.51,699229.1,56,59,6,4.0
1479,0,14,23.28,3195806.0,396,0,0,4.0
1479,0,15,21.85,2186951.0,269,0,0,4.0
1479,0,16,21.6,1372.1,0,85,38,4.0
1479,0,17,23.82,1918851.3,238,2,0,4.0
1479,0,18,27.48,2001487.9,253,0,0,4.0
1479,0,19,5.6,28838.8,0,106,5,4.0
1479,0,20,13.77,3019245.0,379,0,0,4.0
1479,0,21,17.56,2236377.3,285,1,0,4.0
1479,0,22,22.78,100871.2,1,97,21,4.0
1479,0,23,12.17,68601.5,0,115,3,4.0
1479,0,24,22.8,0.0,0,0,0,0.0
1479,0,25,12.77,0.0,0,0,0,0.0
1479,0,26,10.24,0.0,0,0,0,0.0
1479,0,27,18.02,0.0,0,0,0,0.0
1479,0,28,17.56,0.0,0,0,0,0.0
1479,0,29,14.3,0.0,0,0,0,0.0
1479,0,30,23.94,0.0,0,0,0,0.0
1479,0,31,26.59,0.0,0,0,0,0.0
1479,1,0,15.71,150188.0,2,105,9,3.999
1479,1,1,17.29,2524853.0,318,0,0,4.0
1479,1,2,19.04,1085802.3,120,43,0,4.0
1479,1,3,16.81,2662728.0,331,0,0,4.0
1479,1,4,25.54,22063.3,0,93,31,3.998
1479,1,5,18.36,2255943.0,283,0,0,3.998
1479,1,6,8.63,1786408.0,222,5,0,3.999
1479,1,7,5.33,2213156.0,265,0,0,3.998
1479,1,8,8.28,2646835.0,322,0,0,4.0
1479,1,9,16.95,287041.3,14,71,26,3.998
1479,1,10,5.22,2809274.0,351,0,0,3.998
1479,1,11,27.19,2201474.9,279,1,0,4.0
1479,1,12,16.04,20326.3,0,89,28,3.998
1479,1,13,25.94,2200120.0,266,0,0,3.998
1479,1,14,7.56,2416278.0,294,0,0,3.999
1479,1,15,10.93,1766356.4,224,4,0,4.0
1479,1,16,21.21,2549845.0,318,0,0,4.0
1479,1,17,10.16,2329104.0,300,0,0,4.0
1479,1,18,13.45,1631831.0,194,9,0,3.999
1479,1,19,28.59,954113.3,107,48,8,3.999
1479,1,20,28.46,2390168.0,301,0,0,3.999
1479,1,21,7.19,1691517.1,205,4,0,3.999
1479,1,22,21.02,2294226.0,288,0,0,4.0
1479,1,23,22.73,1284520.1,152,15,1,4.0
1479,1,24,27.19,68980.1,0,81,39,3.996
1479,1,25,13.95,484561.4,35,77,8,3.998
1479,1,26,20.95,2337078.0,294,0,0,4.0
1479,1,27,28.46,0.0,0,0,0,0.0
1479,1,28,27.22,0.0,0,0,0,0.0
1479,1,29,21.5,0.0,0,0,0,0.0
1479,1,30,21.16,0.0,0,0,0,0.0
1479,1,31,18.93,0.0,0,0,0,0.0
1479,2,0,6.96,9800.4,0,108,11,4.0
1479,2,1,7.77,1850829.0,230,0,0,4.0
1479,2,2,20.56,602232.0,54,68,4,4.0
1479,2,3,13.62,2034552.0,263,0,0,4.0
1479,2,4,16.07,2162332.0,274,0,0,4.0
1479,2,5,14.57,4297.3,0,98,13,4.0
1479,2,6,13.01,2631536.0,331,0,0,4.0
1479,2,7,22.07,1595981.0,205,1,0,4.0
1479,2,8,12.5,1511083.4,187,6,0,4.0
1479,2,9,25.95,738916.8,61,56,18,4.0
1479,2,10,28.65,1916699.0,233,0,0,4.0
1479,2,11,13.51,584206.1,50,71,5,4.0
1479,2,12,8.75,2702361.0,340,0,0,4.0
1479,2,13,16.81,1785150.5,221,3,0,4.0
1479,2,14,15.53,2051901.1,265,0,0,4.0
1479,2,15,24.33,1570500.8,191,9,0,4.0
1479,2,16,27.2,2558999.0,320,0,0,4.0
1479,2,17,22.13,2435487.0,311,0,0,4.0
1479,2,18,7.17,2364124.0,299,0,0,4.0
1479,2,19,25.2,1913761.0,239,1,0,4.0
1479,2,20,14.13,51529.3,0,99,10,4.0
1479,2,21,13.24,1760021.1,218,3,0,4.0
1479,2,22,17.91,2518270.0,308,0,0,4.0
1479,2,23,17.9,2336089.0,291,1,0,4.0
1479,2,24,22.87,1032987.6,122,35,0,4.0
1479,2,25,14.85,30608.4,0,102,13,4.0
1479,2,26,13.33,1558043.5,190,8,0,4.0
1479,2,27,21.36,2484111.0,313,0,0,4.0
1479,2,28,11.89,1189965.3,137,29,0,4.0
1479,2,29,27.14,2425626.6,300,0,0,4.0
1479,2,30,26.39,0.0,0,0,0,0.0
1479,2,31,12.54,0.0,0,0,0,0.0
1489,0,0,6.65,271686.9,6,105,5,4.0
1489,0,1,22.27,10706.4,0,93,17,4.0
1489,0,2,20.19,2503407.0,307,0,0,4.0
1489,0,3,15.08,3023301.0,374,0,0,4.0
1489,0,4,12.66,43708.9,0,100,7,4.0
1489,0,5,12.32,2905531.0,368,0,0,4.0
1489,0,6,23.59,66180.9,0,101,12,4.0
1489,0,7,29.41,2949199.0,368,0,0,4.0
1489,0,8,26.89,862259.6,84,47,18,4.0
1489,0,9,11.95,2326283.0,289,0,0,4.0
1489,0,10,25.73,36063.3,0,95,15,4.0
1489,0,11,9.19,2448374.0,303,0,0,4.0
1489,0,12,11.11,2499928.0,314,0,0,4.0
1489,0,13,15.51,645396.9,46,71,8,4.0
1489,0,14,23.28,3051472.0,386,0,0,4.0
1489,0,15,21.85,2162304.0,279,0,0,4.0
1489,0,16,21.6,1170.8,0,76,38,4.0
1489,0,17,23.82,1714496.6,212,2,0,4.0
1489,0,18,27.48,2130384.0,262,1,0,4.0
1489,0,19,5.6,24729.4,0,121,0,4.0
1489,0,20,13.77,2825259.0,352,0,0,4.0
1489,0,21,17.56,2262144.0,282,0,0,4.0
1489,0,22,22.78,116546.1,0,96,24,4.0
1489,0,23,12.17,79369.6,0,104,5,4.0
1489,0,24,22.8,0.0,0,0,0,0.0
1489,0,25,12.77,0.0,0,0,0,0.0
1489,0,26,10.24,0.0,0,0,0,0.0
1489,0,27,18.02,0.0,0,0,0,0.0
1489,0,28,17.56,0.0,0,0,0,0.0
1489,0,29,14.3,0.0,0,0,0,0.0
1489,0,30,23.94,0.0,0,0,0,0.0
1489,0,31,26.59,0.0,0,0,0,0.0
1489,1,0,15.71,179891.8,4,98,7,3.998
1489,1,1,17.29,2272295.8,293,1,0,4.0
1489,1,2,19.04,1010287.9,112,36,1,3.999
1489,1,3,16.81,2866216.0,350,0,0,4.0
1489,1,4,25.54,17444.1,0,88,30,3.999
1489,1,5,18.36,2485640.0,316,0,0,4.0
1489,1,6,8.63,1766256.9,217,3,0,4.0
1489,1,7,5.33,2237399.1,276,1,0,3.998
1489,1,8,8.28,2428100.0,305,0,0,4.0
1489,1,9,16.95,332069.5,11,82,25,3.998
1489,1,10,5.22,2741419.0,340,0,0,4.0
1489,1,11,27.19,2322054.2,293,0,0,4.0
1489,1,12,16.04,24886.8,0,86,25,3.998
1489,1,13,25.94,2157729.0,278,0,0,4.0
1489,1,14,7.56,2252227.0,285,0,0,4.0
1489,1,15,10.93,1772752.8,217,3,0,4.0
1489,1,16,21.21,2554021.0,312,0,0,4.0
1489,1,17,10.16,2292881.0,283,0,0,3.997
1489,1,18,13.45,1577779.4,196,8,0,3.999
1489,1,19,28.59,921609.3,88,44,15,4.0
1489,1,20,28.46,2384418.0,298,0,0,4.0
1489,1,21,7.19,1726496.0,213,1,0,3.999
1489,1,22,21.02,2376168.0,291,0,0,3.999
1489,1,23,22.73,1275089.1,153,20,1,4.0
1489,1,24,27.19,77117.2,0,84,31,3.999
1489,1,25,13.95,511016.0,39,68,8,4.0
1489,1,26,20.95,2532870.5,315,0,0,4.0
1489,1,27,28.46,0.0,0,0,0,0.0
1489,1,28,27.22,0.0,0,0,0,0.0
1489,1,29,21.5,0.0,0,0,0,0.0
1489,1,30,21.16,0.0,0,0,0,0.0
1489,1,31,18.93,0.0,0,0,0,0.0
1489,2,0,6.96,8468.5,0,93,17,4.0
1489,2,1,7.77,1946046.7,238,1,0,4.0
1489,2,2,20.56,602685.1,42,69,12,3.999
1489,2,3,13.62,2033858.0,255,2,0,4.0
1489,2,4,16.07,2282091.0,301,0,0,4.0
1489,2,5,14.57,2449.8,0,92,12,4.0
1489,2,6,13.01,2923044.0,372,0,0,4.0
1489,2,7,22.07,1749893.6,217,4,0,4.0
1489,2,8,12.5,1479050.7,177,11,0,4.0
1489,2,9,25.95,745505.9,66,51,15,4.0
1489,2,10,28.65,1993087.3,256,1,0,4.0
1489,2,11,13.51,571006.3,52,67,6,4.0
1489,2,12,8.75,2787297.0,356,0,0,4.0
1489,2,13,16.81,1743738.1,219,1,0,3.999
1489,2,14,15.53,2082768.9,254,1,0,4.0
1489,2,15,24.33,1699394.1,209,3,0,3.999
1489,2,16,27.2,2385281.0,298,0,0,4.0
1489,2,17,22.13,2379455.3,300,1,0,4.0
1489,2,18,7.17,2409917.0,298,0,0,4.0
1489,2,19,25.2,1935337.0,241,0,0,3.999
1489,2,20,14.13,33419.2,0,110,8,3.995
1489,2,21,13.24,1754956.0,224,1,0,4.0
1489,2,22,17.91,2498517.5,299,0,0,4.0
1489,2,23,17.9,2401149.9,296,0,0,4.0
1489,2,24,22.87,1076869.8,115,44,0,4.0
1489,2,25,14.85,33295.6,0,98,11,4.0
1489,2,26,13.33,1591347.7,193,7,0,4.0
1489,2,27,21.36,2625185.0,329,0,0,4.0
1489,2,28,11.89,1190832.8,127,26,2,4.0
1489,2,29,27.14,2306466.0,293,0,0,4.0
1489,2,30,26.39,0.0,0,0,0,0.0
1489,2,31,12.54,0.0,0,0,0,0.0
1499,0,0,6.65,306216.8,10,101,7,4.0
1499,0,1,22.27,12008.6,0,92,21,4.0
1499,0,2,20.19,2524069.0,321,0,0,4.0
1499,0,3,15.08,3184186.0,397,0,0,4.0
1499,0,4,12.66,48117.2,0,103,6,4.0
1499,0,5,12.32,3110249.0,395,0,0,4.0
1499,0,6,23.59,61564.5,0,103,8,4.0
1499,0,7,29.41,3093127.0,386,0,0,4.0
1499,0,8,26.89,878394.4,76,44,26,4.0
1499,0,9,11.95,2300516.0,286,0,0,4.0
1499,0,10,25.73,35576.0,0,99,23,4.0
1499,0,11,9.19,2365705.0,303,0,0,4.0
1499,0,12,11.11,2518415.0,310,0,0,4.0
1499,0,13,15.51,609059.0,43,70,8,4.0
1499,0,14,23.28,2764020.0,351,0,0,4.0
1499,0,15,21.85,2178345.0,275,0,0,4.0
1499,0,16,21.6,940.7,0,90,30,4.0
1499,0,17,23.82,1870599.2,236,3,0,4.0
1499,0,18,27.48,2254851.0,271,0,0,4.0
1499,0,19,5.6,25581.7,0,105,3,4.0
1499,0,20,13.77,3034688.0,373,0,0,4.0
1499,0,21,17.56,2397938.0,292,0,0,4.0
1499,0,22,22.78,100837.1,0,99,13,4.0
1499,0,23,12.17,69573.3,0,108,1,4.0
1499,0,24,22.8,0.0,0,0,0,0.0
1499,0,25,12.77,0.0,0,0,0,0.0
1499,0,26,10.24,0.0,0,0,0,0.0
1499,0,27,18.02,0.0,0,0,0,0.0
1499,0,28,17.56,0.0,0,0,0,0.0
1499,0,29,14.3,0.0,0,0,0,0.0
1499,0,30,23.94,0.0,0,0,0,0.0
1499,0,31,26.59,0.0,0,0,0,0.0
1499,1,0,15.71,153740.5,4,100,12,3.996
1499,1,1,17.29,2389925.0,291,0,0,4.0
1499,1,2,19.04,1027247.5,125,35,0,4.0
1499,1,3,16.81,2684205.0,337,0,0,3.998
1499,1,4,25.54,18645.8,0,96,28,3.998
1499,1,5,18.36,2347144.7,295,0,0,3.998
1499,1,6,8.63,1681072.3,211,5,0,3.999
1499,1,7,5.33,2360473.2,287,2,0,3.999
1499,1,8,8.28,2489579.0,309,0,0,3.998
1499,1,9,16.95,288841.9,17,81,23,3.998
1499,1,10,5.22,2774634.0,347,0,0,4.0
1499,1,11,27.19,2151210.0,270,0,0,3.999
1499,1,12,16.04,21976.6,0,95,25,4.0
1499,1,13,25.94,2102866.0,269,0,0,3.999
1499,1,14,7.56,2399979.0,298,0,0,4.0
1499,1,15,10.93,1757315.5,219,2,0,4.0
1499,1,16,21.21,2551925.0,327,0,0,4.0
1499,1,17,10.16,2290109.0,285,0,0,3.999
1499,1,18,13.45,1640187.9,193,11,0,3.999
1499,1,19,28.59,944587.6,107,33,10,4.0
1499,1,20,28.46,2351979.0,295,0,0,4.0
1499,1,21,7.19,1749316.9,214,4,0,4.0
1499,1,22,21.02,2281527.0,282,0,0,4.0
1499,1,23,22.73,1271743.0,152,23,1,4.0
1499,1,24,27.19,67169.3,0,85,34,3.999
1499,1,25,13.95,536857.4,39,74,13,3.999
1499,1,26,20.95,2311995.9,283,0,0,4.0
1499,1,27,28.46,0.0,0,0,0,0.0
1499,1,28,27.22,0.0,0,0,0,0.0
1499,1,29,21.5,0.0,0,0,0,0.0
1499,1,30,21.16,0.0,0,0,0,0.0
1499,1,31,18.93,0.0,0,0,0,0.0
1499,2,0,6.96,10803.1,0,104,7,3.996
1499,2,1,7.77,1909303.1,239,0,0,4.0
1499,2,2,20.56,530537.6,41,68,9,4.0
1499,2,3,13.62,2185371.0,276,0,0,4.0
1499,2,4,16.07,2450548.0,301,0,0,3.999
1499,2,5,14.57,4331.9,0,103,10,3.995
1499,2,6,13.01,2910779.0,358,0,0,4.0
1499,2,7,22.07,1619633.6,210,4,0,4.0
1499,2,8,12.5,1418561.4,173,12,0,3.999
1499,2,9,25.95,720964.0,66,57,13,4.0
1499,2,10,28.65,1927685.0,248,0,0,4.0
1499,2,11,13.51,495703.5,38,77,3,4.0
1499,2,12,8.75,2860436.0,363,0,0,4.0
1499,2,13,16.81,1895762.2,235,2,0,4.0
1499,2,14,15.53,2081290.0,260,0,0,4.0
1499,2,15,24.33,1681534.4,209,7,0,4.0
1499,2,16,27.2,2234899.0,285,0,0,4.0
1499,2,17,22.13,2478870.0,309,0,0,3.998
1499,2,18,7.17,2475626.0,312,0,0,4.0
1499,2,19,25.2,1858895.0,234,3,0,3.999
1499,2,20,14.13,55287.1,0,104,9,4.0
1499,2,21,13.24,1710309.9,212,4,0,4.0
1499,2,22,17.91,2439579.0,309,0,0,4.0
1499,2,23,17.9,2364022.0,293,0,0,4.0
1499,2,24,22.87,1135422.5,125,32,1,4.0
1499,2,25,14.85,32409.9,0,101,9,3.999
1499,2,26,13.33,1450529.8,179,6,0,4.0
1499,2,27,21.36,2412643.0,301,0,0,4.0
1499,2,28,11.89,1141504.0,135,23,3,4.0
1499,2,29,27.14,2477668.0,316,0,0,4.0
1499,2,30,26.39,0.0,0,0,0,0.0
1499,2,31,12.54,0.0,0,0,0,0.0
