update,policy_loss,value_loss,entropy_sum,entropy_mean,approx_KL,clip_fraction,grad_norm,explained_variance
0,-0.00572158808738584,0.9966190318016983,18.247748327767177,1.3876306024030782,0.0021778608457554646,0.013419315732758622,0.1879999078810215,7.551295699304017e-05
1,-0.0012692425091833277,14.353213675627496,21.939079600987466,1.75925989538669,0.000250457892403135,0.0,2.5543359518051147,0.0011745702096892519
2,-0.0006469230928783437,47.695308221510366,19.102667396924264,1.4037110863535356,0.00016713447985239327,0.0,5.342756420373917,0.0013089735322330265
3,-0.0009468544668401323,22.55126331468969,20.999241168026668,1.647077265226283,0.00011822841921018373,0.0,8.642137080430984,-0.0010041547234427295
4,-0.003165462268669497,23.35939151584264,18.701682627620578,1.3988404408512372,0.005982426950077783,0.07414298221982758,27.31397783756256,-0.0017902059989196584
5,0.0013694168801930478,3.5183523348431605,21.918336276013147,1.770803726362546,0.0032202934335459604,0.026232489224137928,25.906042121350765,-0.22387813424750758
6,0.002076741940889068,4.016736385023027,19.89980642510586,1.6315187133539062,0.001877002019118036,0.01768756734913793,30.782328754663467,-0.4070500267465964
7,-0.002232389231766224,1.0360637853661416,20.22710668940121,1.6632649934191281,0.00517823770923283,0.06224744073275862,11.049053102731705,-0.85170194388797
8,0.0021677871244857125,1.8272651228708034,19.084281360668307,1.5110651491142626,0.006581255132412731,0.08912816540948276,21.348562985658646,-0.9521745156471018
9,0.002318422447969912,3.4373483453952316,17.745409240817214,1.343367423356728,0.006343377536817069,0.07841123383620689,38.63077688217163,-0.6077059563421883
10,6.496407633190242e-05,6.63838025066118,18.067597661801646,1.3160806274494274,0.0031945882741450174,0.017308728448275863,71.21327620744705,-0.7690914459212952
11,-0.0053467079595811845,2.5418815170241778,17.221771280548197,1.315063078323623,0.00662385490582453,0.09613247575431035,21.952473402023315,-1.7663910273998633
12,-0.0005471442749310506,2.3720295052436082,18.84520791760537,1.430117618707676,0.004856622807484859,0.0684435614224138,24.149698615074158,-2.171915395463906
13,-9.812813538960172e-05,1.6353054684148716,19.3311040035734,1.5199258859108244,0.001904453380246133,0.018015894396551723,16.091852724552155,-1.3185581758163392
14,0.001375231745268381,1.3765439110945437,21.46391723812397,1.692691236230342,0.0018906535150218303,0.01586072198275862,10.54163509607315,-0.9850677844704543
15,0.0005199130479564338,1.6567351358328724,20.449068552183675,1.5876230722754152,0.001592769250394134,0.007256869612068966,19.104957416653633,-0.5472245423717534
16,-0.00020883885901422893,1.7559402025999975,21.531972410984274,1.7497815892784274,0.0013147151907544647,0.0041756465517241385,31.94971714913845,-0.7496466639806727
17,0.0012421299693551977,0.9044475343895789,20.943590792351614,1.7012006363659347,0.0009816696798099719,0.009740369073275863,12.911705434322357,-0.9918661503865782
18,-0.0018339200374525872,0.9004278296227095,19.62275905642008,1.600336097220924,0.003270806428566896,0.0351983432112069,12.112505793571472,-0.6409117515669032
19,-0.00041484595613859414,1.6359546241695304,17.35328026768623,1.2884694546431499,0.0019197948568034917,0.005691002155172414,33.064644515514374,-0.2727541814227552
20,-0.002496174828929618,0.7630645853071455,19.06127639850481,1.4998224704804357,0.0030641580790337496,0.02722588900862069,10.422815170139074,-0.32001698305846693
21,0.0005643452348363994,0.6408685602737074,18.61084979869915,1.4863068227380702,0.001506800343310621,0.002247777478448276,14.902608424425125,-0.11132022596345448
22,0.000492361270880229,1.166131235670772,19.25864793327617,1.5965133024838623,0.002253669299534522,0.011339911099137932,21.67024902999401,-0.06615736878463396
23,0.00017440810124524572,1.154989137127021,18.780962034405093,1.450376567351135,0.0026302026039800317,0.01976697198275862,25.86334016919136,-0.38630741016031633
24,0.00016349280622405572,1.8602254782309173,16.884451626846165,1.2653609980587073,0.0013140991459608656,0.002862338362068966,28.163847237825394,-0.13370389954795936
25,0.0010901161092533576,0.5705209859347332,17.45805868703585,1.398781869379773,0.0030864832951920107,0.03953394396551724,5.322604775428772,-0.12465598678468037
26,0.004924633050434366,0.651455445249904,16.83915026670629,1.3257714260330902,0.00981390268836925,0.136962890625,4.702078953385353,-0.10779247445352813
27,0.002982021643316705,1.3545580041675076,16.35135118212904,1.3066629571804413,0.006756699907218089,0.08878300107758622,20.354370802640915,0.030992722455749577
28,-0.0006913367971116005,1.195536656621275,14.394920022090384,1.071312989683065,0.005843996914336458,0.08030542834051724,18.30634269118309,-0.08624831363419672
29,0.003015055687367275,1.7191441755950285,18.21403194877825,1.5320789103633583,0.009359506954657764,0.1348077182112069,37.69126868247986,-0.029200542294828935
30,-0.002107231916797833,1.886956826009084,19.38513384382682,1.6090546830410262,0.0026095797887858777,0.016786772629310345,42.55319118499756,-0.092988244392469
31,9.132315440261865e-05,0.7251428437662208,19.381666566004398,1.5654503703508766,0.002284883286659445,0.02062567349137931,8.71322900056839,-0.043260753031114874
32,-0.0008132060645270804,0.6277654485443159,21.137907679847057,1.729813358572097,0.0007504221053938542,0.0015911233836206897,15.082646667957306,-0.1714971957476492
33,-0.0013702075362216647,1.1894789706899402,19.238788694644082,1.5046991688891311,0.0010267592568135146,0.004352438038793103,26.887327879667282,-0.032552584184780686
34,-0.001777386667926338,0.7307569975707999,19.679290282383466,1.5960122052467716,0.0027600758310592057,0.02345433728448276,13.59360434114933,0.06733712880325404
35,0.003382158901747947,2.133791309611145,17.620405687659513,1.3099347246642192,0.00431986640464386,0.04989729256465517,35.591906666755676,-0.0007649133938587571
36,0.0006038500431408272,1.254616538543467,19.760352098953042,1.6089025158206791,0.0013570224345412813,0.002247777478448276,23.09313514828682,-0.027657789565183943
37,0.001738851381559154,0.7606538174733074,18.65314055156818,1.5039517519890695,0.005126894940421435,0.06980738146551724,7.682238459587097,-0.005934067103205765
38,0.001208295563750461,0.6550842467116206,16.548636876390887,1.275552647804755,0.004772183636869785,0.05810546875,8.809344101697206,0.043597927882256915
39,0.0008502491799382709,2.675687331997887,13.867619958792508,0.9558432996365872,0.001495727769938169,0.012493265086206897,49.00484377890825,-0.022506530987632223
40,0.000346311436446505,1.1403786437213932,18.17661700039602,1.3574463761483613,0.0007064661050239449,0.0008081896551724138,32.50977396965027,-0.08716794889549484
41,0.001183562456003308,0.7883479442447467,18.71779522552167,1.484440387398128,0.002767868063027232,0.024851831896551723,17.015000887215137,-0.013897796529924067
42,-0.00022222645827500373,0.9957787978756977,18.001690314481525,1.4879318134338473,0.0033265790020934596,0.028513941271551727,21.42099715769291,0.04858646788658649
43,-0.00023442025254160823,0.9776747091553691,17.916282375965864,1.3482769144888906,0.002357695544748728,0.02083613954741379,11.074060127139091,-0.027056516537951047
44,-0.00023606426669105403,1.5522398004552116,19.810957888732382,1.6016458344840494,0.005082173176623624,0.06859509698275862,32.196308970451355,0.09471078969241231
45,-0.00018939311035798614,1.5907459013722156,16.112390204929397,1.129158242228594,0.004231393581119783,0.041529162176724144,30.101871579885483,-0.06320316291483974
46,0.0006460449518489644,1.6938660814735018,21.433195054454828,1.7558261336681458,0.00024337010861551065,0.00026939655172413793,33.22401527315378,-0.008225521301923555
47,0.0030202622352330987,0.7372634224786405,16.835161041660065,1.3232026409226942,0.0077034072470770956,0.11288557381465517,12.611101858317852,0.07316499163531709
48,0.0030939702264359326,1.5304690931792504,21.197693071574985,1.7546500219975534,0.0026508483690498717,0.025239089439655173,33.446615532040596,0.0016358351572653973
49,0.0032784799774630297,2.245962470276346,19.555385215378543,1.6110419447243753,0.005455116660571015,0.06970635775862069,40.129638969898224,0.01003899311145906
50,0.003912719613420622,1.282300605722024,18.822777111861043,1.5253067027358689,0.006949681858431773,0.08660257273706896,23.280938982963562,-0.008874773058864305
51,0.0008438640644783391,0.8527142740319866,16.225087049489957,1.2320352833288906,0.0022580117134754704,0.01307415140086207,18.110578507184982,0.0719168067079734
52,-0.0036607466055643134,3.0927641032667452,14.971950502822313,1.0529359591531329,0.0028210209074414107,0.01707300646551724,48.48456799983978,0.015893271342407922
53,-0.0017946117619413691,13.050102411816031,16.42569856070773,1.083914605035747,0.0002646868108121421,0.0,121.29744631052017,0.01881933510001388
54,0.00012314060205849886,1.2362089900836977,20.699971163171696,1.5782573430615543,0.0005892333800398649,0.0016163793103448276,36.721919775009155,-0.2806099480434803
55,-0.0015880191358970202,1.551202331792462,20.83789720087501,1.6002029597036418,0.0032251172223337126,0.027638402478448277,34.19747057557106,-0.04061365795818905
56,-0.0008760402451986832,0.8912050563818341,19.150886771280184,1.3571014912486135,0.00461654744666985,0.05747407058189655,16.08451545238495,-0.06993897078460143
57,0.008615388747747157,1.3955180520046424,19.744646514175813,1.51824340660121,0.014838040859291957,0.2001448006465517,33.31136530637741,0.003179815479727899
58,0.002710736534259365,0.9365523343709978,15.699967596310609,1.126150221949376,0.006665946766212261,0.08787378771551724,7.4317550882697105,0.076994155046885
59,0.003995925246108688,0.8355316798579311,17.79078113208354,1.2818190275754424,0.0069953403064322755,0.08950700431034483,7.413333922624588,-0.020334099791167848
60,-0.0009120050342948287,3.126847847235867,15.693147196629635,1.041139641118395,0.005135537287248459,0.06652411099137931,62.213926911354065,0.0502481150706835
61,0.0008243207434575619,0.8329036524091031,18.937276033931493,1.4010115547359954,0.0025340407255812197,0.021290746228448277,10.110175788402557,0.04311068288735098
62,0.003532044799809034,1.9640186621055749,20.446814427778513,1.6416058511421052,0.004492917361544798,0.05311321390086207,46.33291935920715,0.09462391845910412
63,0.00035604361747575315,0.909957389607532,17.50847413999145,1.2571083120175022,0.0021452404601812556,0.008645945581896552,17.911202669143677,0.008314360235638696
64,0.004509927599468123,2.078812586705061,19.322900333263156,1.5248137741027992,0.007824927569439248,0.11131128771551724,45.13490128517151,0.1152584958018874
65,-0.005197695168208411,0.9464613254972616,14.919480726991454,1.0724526131860581,0.00495563421482702,0.0595703125,8.842356748878956,-0.0049662545373769795
66,0.0017326842878172353,0.8438541798345149,15.6469261727907,1.1029323057122506,0.006860991373381193,0.09497912176724138,7.2499832808971405,0.011899937360038693
67,-0.002389199994860095,1.6022013174277863,15.359021561689964,1.049199694959968,0.006566341868541524,0.08592066271551725,35.54447269439697,-0.031637381935951225
68,0.0011860638630628467,4.571496800979679,18.71245616608187,1.5060669465270495,0.003599933828307508,0.03469322467672414,76.33348262310028,0.038665499589841446
69,-0.004254915687188691,2.093425386703863,18.59006980090635,1.4834916693502675,0.003246876121607031,0.028151939655172414,37.19153727591038,-0.026847194571850252
70,-0.0012856404017694864,1.1842959223725638,16.88276680864761,1.2231373964110264,0.0025016976307660086,0.023656384698275863,22.049126029014587,-0.019755961557840873
71,0.0016634531122400433,1.0912546865172756,15.951316260791922,1.1340731979746501,0.004451697223603019,0.05663220635775862,17.231073066592216,0.13353674189538278
72,0.01527563158980319,3.287315370638342,21.109416471129876,1.6616486258009964,0.022780707168467106,0.28138469827586204,55.036686301231384,-0.18409876508725054
73,-0.0007424929211491196,1.0892107560271849,17.246376045631315,1.253022393560592,0.0026281437413076514,0.01661839978448276,20.12645199894905,-0.09927717888650389
74,-0.0034668911710288484,0.7817739747444368,18.85594496053467,1.4473649974172766,0.0035472564822753316,0.03196558459051724,13.525971978902817,0.0861505457723647
75,-0.00411549722676145,3.7556757671348797,20.643387959562524,1.7087740739712147,0.002464326019780229,0.01954808728448276,49.20030975341797,-0.05501949432396258
76,-0.004475823676169308,1.3283958008917267,19.190585516300857,1.5226770442178381,0.0026951233102691136,0.026552397629310345,18.855724051594734,-0.038610409694448844
77,0.01259534680281682,2.056125537612857,16.69444161996141,1.2243507208240143,0.02082587853309915,0.2728061018318966,28.502635806798935,0.018774570459115902
78,0.005680255770573303,0.9381975975633274,19.237916618804366,1.4591088770218354,0.016413784413528226,0.17920763739224138,4.351511910557747,-0.038375036355808634
79,-0.0005994812767055619,0.7220046840311227,19.391768795203273,1.518796565762449,0.0037640258990998925,0.03407024515086207,4.840173713862896,0.048197483612831826
80,-0.004311987282220237,0.5503174268964952,21.060344578650106,1.6379349858062002,0.0030282501895020813,0.026678677262931036,8.098807990550995,0.04323642994285448
81,-0.004676631401919403,0.5124875581091681,19.306641935142046,1.4900510020304174,0.003011601777337812,0.028614964978448273,4.464502040296793,0.005624595383991515
82,-0.002701687643254586,1.4637603070311194,20.6574831558271,1.6415746419573631,0.004461178499884132,0.04517443426724138,19.06886664032936,-0.011638203283526716
83,0.0009757449978961032,2.093105214054491,16.72257521280824,1.2158180032483554,0.009545447807136828,0.12576609644396552,25.75485709309578,-0.013685260132572319
84,0.003958090289036813,1.0934805518507138,16.887889695979037,1.3018518675764175,0.007333116162797146,0.09720164331896552,11.864008247852325,-0.04367375539353069
85,-0.002151345191301381,1.4455666220706345,15.877351472565728,1.149224876750254,0.004496285057845445,0.0465466729525862,20.462339602410793,0.025123563693040585
86,0.0007326893903609741,1.7392719123498848,19.436445700757382,1.5513027067469825,0.002084392195683904,0.00964776400862069,21.754329793155193,0.04115269330285054
87,0.001997956858511723,1.3518581996884174,16.590361597519752,1.2160175486734606,0.001993573301347326,0.01268689385775862,17.536980785429478,-0.0026584161812113205
88,0.0011014858684520422,0.6358266790766787,17.640422301896315,1.3367070591665307,0.007743480584206831,0.10516567887931035,2.9758943766355515,0.0873876365025531
89,0.004699998512438917,2.7444656959062375,18.328687567879037,1.2354269075860178,0.013488011140123426,0.19570817618534483,38.44528469443321,0.07907694665655718
90,-0.0020668447159396496,1.597648405105323,20.023899598718533,1.5383424569791433,0.004006509702745022,0.04817988954741379,22.98868563771248,0.1818605485265563
91,0.024474697534844443,1.726142040482354,21.4012559107846,1.620617494023965,0.02987339343511347,0.34680596713362066,26.65493294596672,-0.05413385280721905
92,0.00748769939039366,0.7795227456436498,21.086487124240474,1.59959228040228,0.01563516458855733,0.21047447467672414,13.672876425087452,-0.0718591747405628
93,0.04167134775466385,1.729103338700053,19.822812954391402,1.5248659413724641,0.05590298816078475,0.45900963092672414,24.24780383706093,0.029668713183509055
94,0.00017502724082972022,1.0148562760148327,17.485454396520346,1.3032972897244377,0.0028472680594483065,0.020288927801724137,13.364276975393295,-0.02389173302598291
95,0.005079096929523137,2.3068842554671054,15.191447907255899,1.0938756936501988,0.008366842448093189,0.11470400053879311,25.761292077600956,0.021288346953156845
96,-0.0031924209848834895,0.8502518811789088,15.698918472729616,1.18417864330419,0.003124321949897045,0.02977673760775862,7.941913306713104,0.03448990278582342
97,0.005345300949831403,6.078858729661073,14.272174883520448,0.9356857581939855,0.009155177050129639,0.1326188712284483,57.4605558514595,0.011851533911163226
98,0.0018563726328325017,0.9962696285921147,16.974740802609976,1.2237217185139688,0.005351955451950399,0.07305697737068965,10.940566897392273,0.03137918817003815
99,-0.0005308660016386719,0.980109951027645,19.407620248188074,1.4265885632779953,0.0035735024385162278,0.03468480603448276,12.468706607818604,-0.038287011427414974
100,-0.0003166634630688272,2.64100487698576,20.759519991547204,1.6265670121020182,0.0018345264136863488,0.008965853987068964,35.48660708218813,-0.005778093654285055
101,0.004199268090577993,2.3877426104139423,16.07880007249207,1.0915441069558978,0.009836024723662032,0.13899178340517243,34.24661023914814,-0.0423181157458461
102,-0.0007648988480909709,1.1809072278620798,20.11155821263774,1.5206759590974201,0.004898674580356877,0.06303879310344827,18.30683532357216,0.10260902960768159
103,-0.00039686815953657653,0.8105193056521215,16.81585661181578,1.240705619681429,0.004318414742713152,0.046563510237068964,5.087258327752352,-0.02642399057145095
104,0.004295766315041858,0.6823302846844992,17.369277600370594,1.265560135264642,0.008096372283160173,0.11083142510775862,8.48604029417038,0.06840777013822186
105,-0.0024681830221723053,0.9905741659887537,18.056375906659202,1.3351367877945324,0.005002249145161778,0.056800579202586216,2.71332323923707,0.06966615529509868
106,0.009629941461369149,1.8517903219458154,16.208409714873817,1.1508719521495143,0.015501080367890796,0.20144127155172414,19.435091018676758,0.10496839570100769
107,0.010482397772934431,1.205224614986646,19.419324440030575,1.434831692348686,0.015837873890694906,0.21257071659482757,16.777170807123184,0.015035051959193857
108,0.006354397138789258,0.833491650063747,20.399328893414854,1.5032395252309754,0.01167354785239099,0.16538422683189655,13.004327788949013,0.06130123647796737
109,-0.006733086273647101,1.5206393041977921,22.164177611482266,1.6094410468042417,0.005686434655217454,0.07479963631465517,19.669867902994156,0.07177674526153788
110,-0.0005258655489368317,1.7028863010047766,22.185738599092442,1.6208780784391226,0.00024436825559201556,0.0,23.051305204629898,0.024239244228853374
111,-0.004002152172119218,1.0210871028993622,19.825321999406604,1.3797282509459081,0.00491876982439486,0.06049636314655173,9.987193524837494,0.006337311490530406
112,-0.0017678585704380837,3.0970436335056624,19.858063473204624,1.313346770210046,0.005200501016525808,0.05774346713362069,37.44577744603157,0.029622754047356925
113,-0.0019078165933308355,1.353448349470272,19.91259054113922,1.35023321789093,0.0031505558712022572,0.02283977640086207,17.834351256489754,-0.03916481452159104
114,-6.157984067801329e-05,0.8255056037204189,19.5666884252649,1.343514117184582,0.00481079840442519,0.05729727909482758,6.099107995629311,0.08370591488606838
115,-0.005749933543286104,1.0068617992921691,19.79081698216735,1.3848922466689868,0.0076110687007493304,0.10163826778017242,9.106082797050476,0.11148748835334277
116,-0.0031854639965084963,0.6618262340913534,20.17972968710217,1.4149414172884307,0.0082991129888326,0.1109156115301724,6.807349160313606,-0.06566959983248033
117,-0.0005552621400951308,1.0812850175470006,21.342984889284708,1.5086285417597411,0.003921999252834839,0.03966022359913793,15.023133873939514,0.03414037322713215
118,-0.003348608820709217,1.2501838775928216,21.324706873073694,1.5082702873538625,0.0021214427673338174,0.011701912715517241,20.330960497260094,0.05179814858478382
119,0.0007355691766808212,1.1283347928786414,22.357523449600258,1.5670669352909719,0.0036910053674765898,0.0390625,15.512297704815865,0.04988861254425547
120,-1.6561497393898644e-05,0.6171300371568708,20.193316190369057,1.3956553196315733,0.007211100923274804,0.09655340786637931,4.751209776848555,0.10888275813306036
121,-0.0026580927503693117,1.0928900564095523,18.749705910451855,1.2775249986149495,0.004459658745527749,0.05050343480603449,9.479039534926414,-0.061244771222985994
122,0.01312802356412821,0.727423875503729,20.187847061630677,1.3667085862153758,0.024305749065864926,0.2906031115301724,3.8337226286530495,-0.014848121319703145
123,0.0051911565222518405,5.936811531348022,18.8630509840599,1.216680269987811,0.010623683222139992,0.14656014278017243,52.96792617440224,0.05688856775670592
124,0.009835254577917214,0.5961615342528057,21.251866617982664,1.4259646061335185,0.018971883613317163,0.24137931034482757,4.60988486930728,0.02577237710095004
125,0.0008450444115428112,0.9564236102419401,20.33658313621759,1.3788918105738364,0.008408300451892187,0.08459051724137931,16.715241730213165,0.057254090536972835
126,-0.007041858243807467,0.5634428143899044,20.35890021862398,1.3575480144947882,0.00713880520398279,0.09630926724137932,3.1372513249516487,-0.044635636196583395
127,0.002440107130894682,1.321940364416493,19.084301534442005,1.2947581527656313,0.008147654247546472,0.10042598329741378,7.685895957052708,0.012907446712202786
128,-0.001020286264415242,1.1647699090200376,20.44378265740093,1.376026290654534,0.003547885228883764,0.0353162042025862,17.798121631145477,-0.004457805094032263
129,0.0007779398982029496,1.0451036187860694,19.191720221906195,1.2904112489835322,0.007006762778850127,0.09261348329741378,7.291669771075249,-0.011472084113202774
130,0.0006811705491008191,0.5833393391973605,20.780688761319997,1.3668354061843149,0.009113730747575856,0.12226394127155171,3.5822985991835594,0.05526659985191429
131,-0.0017706338820509138,0.9183898413878799,20.38083541097023,1.3503877600357148,0.004552552361113566,0.05055394665948276,9.839122474193573,-0.0027120986297941574
132,0.0025751134395340294,1.1328081016279237,20.66562041038535,1.3787363248893283,0.008290035860885963,0.10780071390086207,16.094120286405087,0.0012308057091190427
133,0.003921298671637738,4.378196894455922,21.69160534017358,1.477041082915846,0.0072552656367469315,0.10615907866379311,42.77179965376854,0.005010922482741376
134,-0.0004166431727460379,2.3905442669656374,20.601737671549802,1.3136023767173324,0.005658311131590946,0.07156687769396551,27.013822346925735,0.004691737572267041
135,-0.0017464316794531514,1.7412239528218212,18.763052673948174,1.2254622530331132,0.005311663579677456,0.06318191002155171,25.262522384524345,0.1257606507580078
136,0.003206395742028752,6.2782801483244555,17.104054201853206,1.0990034030894784,0.0053436889883696805,0.06318191002155173,63.0099151134491,-0.0505690263920906
137,0.0005183069203181295,2.1525497114183265,15.467430442143362,1.0053250324914063,0.0016677628039454657,0.009504647090517241,35.28891348838806,0.07978550344303104
138,-0.0019052637115166008,0.8795969580316648,17.412539100838455,1.1652535220506754,0.004804727828114069,0.05456122036637931,8.784355148673058,0.08594514024137057
139,0.010244524496003798,0.8362340578714875,19.569785162128092,1.258857086187069,0.020241835556025135,0.25710533405172414,6.260103464126587,-0.038863167645045715
140,-0.0027447430400723617,0.9547281538125891,18.755599679592954,1.2258315754078122,0.008482386742202678,0.10634428879310345,5.729795381426811,0.021425536575627513
141,0.0016030782266472574,2.462699326859244,19.28748745972427,1.2864518298032133,0.0037168210592112855,0.03467638739224138,41.11753824353218,0.002877312094366813
142,0.0015252134366290134,5.661098480557467,21.2937941625634,1.402931000327326,0.007874429838607441,0.1084405307112069,61.274274215102196,0.057513669119139466
143,0.0031493285972473955,6.99815666900413,15.255965987353129,0.983288424006787,0.008023818275903288,0.11991514008620689,62.58186012506485,-0.030442124906388646
144,0.002493436895887831,0.8198888603711434,19.191108026923132,1.263226729526274,0.005714000853035471,0.07447972790948276,7.934451714158058,-0.0061553021986746614
145,-0.004640443292522645,0.6553787490977273,18.173957132997295,1.1866615419710107,0.007642765928878738,0.11445144127155171,5.149573422968388,0.000273083524207407
146,-0.0016269292693133586,0.948763957922991,18.874184618150046,1.2322948814358698,0.008506661319878386,0.11280138739224137,9.82042470574379,0.061167267578748796
147,0.004377104159928046,0.7125224274444274,18.469094524460097,1.214920933825381,0.010352952547816978,0.14236765894396552,10.60175210237503,0.07256036332977511
148,0.0070061302982063305,2.218866879545047,16.242769280742607,1.061081373217066,0.011377401239236673,0.14439655172413793,26.26510038971901,0.016750160830364624
149,-0.0033746975234378936,1.030034558063817,17.29890802481306,1.1352817150513586,0.004257332311304896,0.04942584859913793,11.419184193015099,-0.0014822152638733765
150,0.0016356447889493125,1.581854975910061,16.969041145877846,1.0967819898716131,0.0073439614031391605,0.09527377424568967,25.134110629558563,0.02706314594644932
151,-0.0017728328595698535,0.5401651172621338,17.776044136585654,1.1414929997278924,0.008327231961723962,0.09575363685344829,5.02543368935585,0.025383284982902765
152,-0.0015618876614949132,1.1468348300990912,17.89683014489429,1.182549104741062,0.004299450170947239,0.04244679418103448,14.488199599087238,0.03151725714528997
153,0.002254083924067972,1.154208814913779,18.61173756396125,1.216188297991125,0.0063456451853512435,0.0858617322198276,16.098690003156662,0.013754990350525076
154,-0.00218458919196325,1.1115090037544593,18.12489052767392,1.1644986146918734,0.009870786569833933,0.12605233028017243,7.954529657959938,0.06287559585012126
155,0.006195744142608081,1.7738356703554834,17.390166483259488,1.1138652848009047,0.009937708244753343,0.1190985317887931,29.89343422651291,-0.07450039488675575
156,0.002013383522826989,1.0899900086074048,17.589345956776704,1.154573834890157,0.004682002987527962,0.05172413793103448,15.068022310733795,-0.021148810042235455
157,0.004586510041140603,1.5561755098825372,18.268818605647034,1.1917511418861726,0.007851693257870121,0.10812904094827586,25.2957102060318,0.07450509960347851
158,0.0006117773556733961,1.0813785615000255,17.363010573721237,1.115648889561522,0.0062650988929190445,0.08517982219827586,17.153107404708862,0.06274575856251552
159,-0.0009319171747576589,1.6219023371171057,15.41731162244431,0.9985817684392746,0.0072661780748227295,0.09505488954741378,24.559322223067284,0.12852142306877423
160,-0.001273685231504667,1.3665719607706206,18.975602426453783,1.2265025694874128,0.0031421459420455686,0.03161200161637931,22.189151853322983,0.013249229649902716
161,-0.0024311708520248143,1.5240556879265732,17.483324839661282,1.1496006360722621,0.0045717520434068164,0.05551252693965517,17.1544930934906,0.07201703830631434
162,-0.0049229311919764185,0.7765996699450213,17.351856621558348,1.1190642016116383,0.006258096510307574,0.07898370150862069,6.2085010930895805,0.08514990289259716
163,-0.005517687369133689,0.9987441343336676,17.576696412431595,1.1361467144704498,0.00875420820927408,0.1312297952586207,12.975128389894962,0.01716205362635126
164,-0.001423081910117782,2.2863822564289,17.45833909786748,1.100366646716354,0.007577435126285278,0.09967672413793102,29.894177079200745,0.04177544077390971
165,0.008414318841396831,1.9298170231112328,19.16801475950342,1.234313912482917,0.01625382191584855,0.21731041217672414,27.930837154388428,0.07816959034544047
166,0.013937508798227524,1.0849946083904054,16.7378601692075,1.0883629672690436,0.019361664646190734,0.2326239224137931,10.536535903811455,0.12270957391180892
167,-0.002403319941551813,0.9105879241514182,15.189245386426498,1.0033208188039586,0.006412512488795669,0.07714001885775862,4.33646509796381,0.06888471884210534
168,-0.0013246973943796276,1.874689628937606,15.675003774155028,1.0536955198511915,0.0016323740720540158,0.007425242456896552,19.27346408367157,0.03786309143959332
169,0.008211921403478793,2.3818713490789247,17.604440986391577,1.1641063615406264,0.013875167663329569,0.1893352640086207,30.36539363861084,0.05706904263870771
170,-0.002645625631334402,1.263838438736805,15.835680044996792,1.0334265443583217,0.003631717981549847,0.031670932112068964,12.28563068434596,0.027385908259470737
171,-0.00020039427316194316,1.4116822927300987,16.055948131306526,1.0428086425358585,0.0038209976026274523,0.04812095905172414,16.80927926301956,0.08011745692315952
172,-0.002379749108999217,0.5514208978650962,17.18087021832491,1.1200732991497904,0.006437558847868912,0.08435479525862069,6.071197055280209,0.04979920321454312
173,0.005468412146161105,2.149942639377017,16.68864080204191,1.0816097911347557,0.014396902526766944,0.1881398168103448,28.535030215978622,0.08208738095819701
174,-0.0037560510771417195,1.1381334275912516,15.374717945587252,1.0175279040712009,0.004938813265120001,0.05600080818965518,10.968985185027122,0.06493463226876839
175,0.0051892290029572595,4.308380255867297,16.04698197934917,1.024869957234904,0.008069159060110466,0.10772494612068965,50.313628137111664,0.007086471288200724
176,-0.003286308360534623,1.5939118780796406,15.492404357218565,1.0189859824783274,0.005570587026184136,0.06452889278017242,15.780086696147919,0.03238846218763347
177,0.005771895198593362,0.957711014298277,15.786896926610568,1.0322660566905049,0.017580789230625418,0.2392073006465517,7.499484896659851,0.02650481156496809
178,0.010848636092403248,0.7311097577182378,15.848460239240826,1.0240396480476193,0.02414553172275191,0.2585112473060345,9.203507401049137,-0.029066322825939128
179,-0.002782528045756783,1.9533410993598477,15.467258659619958,0.9895618202404437,0.004099864385227255,0.04456829202586207,28.213147401809692,0.023842900052104876
180,-0.0025060355565924334,0.9051986776958758,16.32478323993514,1.052395554295768,0.009016663280159138,0.1253620016163793,7.750255070626736,-0.028438446583850086
181,0.0011382789572857684,1.2403361809415698,15.345535205635002,0.9991509611595417,0.006933220680241056,0.08478414601293104,10.02100257575512,0.026953249648294486
182,0.0014590700162141826,1.3444179892418693,14.988665694772298,0.9856074672011189,0.009103612581635263,0.12143049568965517,24.085645109415054,0.056976518981172064
183,0.004468900518477489,1.5080020602853383,14.539323075254977,0.9571493344124535,0.014718647010309286,0.1744763604525862,24.257521152496338,0.0606639161792949
184,-0.0010120600533345247,1.4047444414570012,16.24507733008118,1.0444553151381992,0.006884523863093284,0.09306808997844827,23.340937942266464,0.008649142271437427
185,-0.0045388968911236685,2.4826402619549257,14.830076380279557,0.9593530603040187,0.0073018463294358986,0.09994612068965517,29.80874153971672,-0.008592094184808108
186,0.0031479004560019796,0.7391635395318166,15.544013522762068,0.9981004485814302,0.008263015633113763,0.0988011853448276,7.064553543925285,0.026047227455495925
187,0.014994713878890748,2.637241465546259,14.575680016695044,0.9397605205942517,0.024102928791699955,0.28171302532327586,31.4624764919281,0.020992798490892972
188,-0.0018841428878935288,0.8958619543497324,15.249714152539221,1.0033094304609254,0.00814224547277012,0.10064486799568967,7.513940125703812,0.048032350865274354
189,0.007407099815207007,0.8619746623472324,14.075356428747282,0.9244909384288365,0.02167019570722538,0.21734408674568967,6.8925034031271935,0.05790759953424174
190,0.010659079523049224,6.244021451264787,13.337688238360489,0.8629273210744,0.012582863751770769,0.18302970096982757,70.06934607028961,0.04942323270318305
191,-0.002749391028228745,0.8997969912911201,14.82387953171063,0.9681073755820041,0.004099711130477552,0.04540173760775862,9.640262007713318,0.048655972540304404
192,-0.00036226030708176333,1.294230880560481,13.20942358517064,0.8836280228551286,0.00962124112466599,0.12720568426724138,20.300291389226913,0.0748939418803598
193,0.0009240041629352854,1.2319678410339554,13.002402886846664,0.867067627463006,0.00801792223852505,0.10280004040948276,17.887917160987854,0.0697631328239895
194,-0.0011126799174393477,1.1205739323716866,12.1944580429338,0.817055506577915,0.009727048580253753,0.12759294181034483,9.162080317735672,0.03352378710252646
195,-0.0006767038080338671,1.4679215764872222,14.11225611398634,0.9099766364131914,0.005008085717142013,0.05911570581896551,22.349719688296318,0.06207348787604183
196,-0.0016435505712158209,0.6195527996964337,13.655355572412473,0.9024604272854049,0.004966234664356433,0.050604458512931036,7.804457224905491,0.060749109678680746
197,0.0021148291809406153,1.5456892072338324,12.515850169271038,0.8403139334256186,0.006490453416862975,0.0782091864224138,25.937497228384018,0.17082403000687407
198,0.0033185471719983477,0.7569810762141271,12.554031400890128,0.8444483201611579,0.00808194768564888,0.10849104256465518,11.086363583803177,0.05334121373685363
199,-0.003335653699152851,1.2613592183762585,13.683466864795452,0.9020422696672727,0.005728774719594593,0.07330111799568965,9.788094460964203,0.05558913592926362
200,-0.00467216606164139,1.0716002252055241,12.372824163200207,0.8238321560401628,0.00793950971625424,0.09748787715517242,10.244380205869675,0.056743543480446634
201,0.006504512216611857,0.8955196821761524,11.918652980022356,0.8102013462079851,0.011071135988458991,0.15029801993534483,13.672393128275871,0.12660595661641005
202,-0.004486211451482461,1.1779311802374912,12.787270875374691,0.8633614351862795,0.006702584519596963,0.09058459051724138,15.359542086720467,0.09592034968280083
203,0.0021131447333651706,1.0424175150854822,13.402176323692025,0.886221148934996,0.012308245432936458,0.1643571524784483,10.056535974144936,0.0919512846414996
204,-0.0025852411726249424,2.281462510906457,14.135541125276458,0.9217087762549925,0.0043087591400072945,0.050267712823275856,30.387572437524796,0.07051937403974895
205,0.0004979926253532701,1.4036582757130773,14.428346434939282,0.9311303049938127,0.007753022840037813,0.10699252424568965,22.646379113197327,0.07770764603625602
206,0.00043617100671499136,1.6320549039448358,13.340981926593392,0.8666763816149012,0.009821848912718544,0.13829303609913793,29.5778951048851,0.07872396925241787
207,-0.004659109784972476,0.7749510640871106,12.255236695807604,0.8054413537808206,0.008305351915247419,0.10852471713362069,11.696917995810509,-0.0006426569406634552
208,-0.005353125588288875,0.7725303439891308,11.851499351106808,0.7870162392926683,0.006790622804366084,0.08931337553879311,5.602870509028435,0.02534472125149656
209,-0.004055715085075524,0.7181031398469895,12.876776917259498,0.839297166011953,0.006685928012051716,0.08850518588362068,8.851697318255901,0.03719957179160194
210,0.003968424074329846,0.7873316595747584,13.223443392025665,0.8694494080736431,0.019121730155567437,0.2150373787715517,6.845122031867504,0.014580906560404117
211,-0.0015734442144689784,2.003356253939742,13.524467799547107,0.8863742963445976,0.004235432488775555,0.04833142510775862,25.381969168782234,0.07560011105468334
212,-0.002809387564692033,1.2575300892826222,12.051114721501705,0.7746357491396966,0.008556099618074547,0.12170831088362069,16.97594118118286,0.04742230184198071
213,0.00113584266604211,2.7578333787693916,12.072623975886081,0.7925827038884092,0.006959714399146896,0.07856276939655171,37.781428039073944,0.06827348836074187
214,-0.003166501907347295,0.8578183809434348,13.032186390215868,0.8346646820840573,0.0037485642382746624,0.03504680765086207,12.770641818642616,-0.008651937033239632
215,-0.004167580021824801,1.0214331866263198,11.521012286439834,0.7605724906625883,0.007098751752547004,0.0943982354525862,9.308800294995308,0.05097042143351438
216,-0.005491455247574547,0.920223333444778,11.12586732806361,0.748962028342405,0.009420189116318742,0.11035998114224138,5.253875359892845,0.06500861165739147
217,0.007537490480472518,1.0878199344977908,10.46518817943007,0.7111642107802567,0.016910101331224472,0.19745925377155174,10.21427808701992,0.07014973291060433
218,0.004974851702334309,0.7390508482328149,11.588822567433015,0.7746780963711428,0.014306424334665342,0.19851158405172414,8.258070141077042,0.04834862654649774
219,0.0009023933427904493,0.7753834321772155,14.183738800149074,0.9211557797888386,0.013655882491830511,0.18096713362068967,5.037772938609123,0.09310487173833881
220,0.00025598691897341964,2.6706387946912713,10.434178112217241,0.7204024999616727,0.009495066525514944,0.12179249730603449,28.388441801071167,0.09928386042079995
221,-0.0008796186105914313,3.0529085457051788,11.59574632383562,0.7704219249837856,0.00944023970554679,0.1298828125,26.245482087135315,0.06972138078818424
222,0.0017653217301687677,2.2723910695699985,12.987043700359084,0.853615437415007,0.011404723348999234,0.15299198545258622,21.69244508445263,0.02455104109752615
223,-0.008544322270094442,0.6984854935775731,13.28982825522865,0.8593191237125901,0.006088130558180575,0.07169315732758622,5.13740761578083,0.02951375846091875
224,-0.0004680135459007662,0.7716417100675041,11.28434730217659,0.7484930654198974,0.012951437910518946,0.1816827182112069,6.743044748902321,0.09298728571323966
225,-0.007070800802695475,0.8366908447271112,11.996751255042657,0.7833053424620975,0.008157540029185777,0.11721275592672414,3.174509309232235,0.05246865557645608
226,0.0016254563842671857,0.9546518442497769,11.943081095920082,0.7690355254282684,0.011369917410775088,0.14893419989224138,11.197796285152435,0.06356458086852812
227,-0.0037658020028302486,1.3866261536670783,13.845588819158177,0.8666228354615104,0.006188521571638031,0.07919416756465517,17.815880700945854,0.03697856972755176
228,-0.005687437348556572,1.0325431435878025,10.687624195186173,0.6952414843755581,0.009129043929439423,0.12878838900862066,7.021250382065773,0.0985368219212912
229,-0.006642814016703958,0.952907474081151,10.21574061387896,0.6790015208933036,0.009944230022264147,0.12746666217672414,3.264727123081684,0.09666234000495388
230,-0.0026585219320544463,1.1367987965274464,10.288546673238983,0.6745453859341446,0.004733798063986388,0.054754849137931036,11.917402639985085,0.0728655840714375
231,-0.00419218306135127,1.0417763341648534,9.787596885700747,0.6534790189828308,0.007703743687357175,0.10302734375,11.568588882684708,0.07931240251706984
232,-0.004889945034966142,1.0191220990982022,10.32335326967787,0.7025477668064547,0.006427618765757932,0.07825127963362069,9.843858242034912,0.08987628338780007
233,-0.00545003922802372,0.6988577528847187,11.535812732097211,0.7533558675027523,0.011382435672266152,0.1536065463362069,3.9730741158127785,0.09325161397917325
234,-0.004531590733644316,0.7171630951096946,11.9426965489542,0.7924878647133702,0.013810792266981323,0.17653892780172414,4.284883543848991,0.024458952269855616
235,0.0013583420465559768,1.7924682733924437,11.5469399724248,0.7678915211503847,0.006268521422090748,0.08122306034482758,20.551619186997414,0.04241136474126417
236,0.002897351534729437,3.6104594227442406,10.610974659739817,0.7055739323458793,0.004242801787391916,0.04375168372844827,25.083735190331936,0.07274745730093346
237,-0.004029061850599583,3.947940361200156,11.282699003576798,0.7426009456630709,0.011385667013106789,0.1581526131465517,23.85984244942665,0.041943257866163264
238,-0.007941569999169243,1.2510338704673245,11.976977230860767,0.7894844578038335,0.0061834782320837455,0.0734105603448276,8.7024444937706,0.032118904789803504
239,-0.004492513755888562,0.653401973859287,12.2764335642639,0.8068571974092328,0.006343084376441828,0.08153455010775862,3.217444732785225,0.09908234254690063
240,0.0056208164714760265,2.453040935333112,9.347963467698467,0.6290363852926459,0.019993098607991325,0.2552363954741379,21.302552610635757,0.04633376144316104
241,-0.0005111792930732346,1.4377429139296933,9.205309496874367,0.630292216740129,0.006490650010728759,0.07933728448275862,13.812004908919334,0.07087321652652345
242,-0.008974260907608361,0.9157181684004081,9.211501741995594,0.6165755699504221,0.006455770049922586,0.08899346713362069,9.090675324201584,0.09736298741527871
243,-0.003381070177782713,2.6526303322820945,11.926698536460052,0.7743557375223065,0.00601278523290289,0.07799030172413793,28.15849408507347,0.07578001814265223
244,0.0007188843219312034,1.0675756966461305,10.155331351713514,0.6803849104527562,0.009729826685135525,0.11493972252155171,8.662554264068604,0.07490971071669306
245,0.0024952387092533742,0.9885365736760383,9.173899827602295,0.6214192542481434,0.01136746724082984,0.15061792834051724,9.111344143748283,0.09001128614093545
246,0.023359844876550736,1.1570002116371851,12.072842708589036,0.7892642427613408,0.03469888833005198,0.3156233162715517,15.996157348155975,0.06800045440067959
247,0.01452149740744959,1.9559212937172359,9.111723484134238,0.6117878612788226,0.022337970779486127,0.25933627424568967,22.932842701673508,0.10649401896660138
248,-0.0019365401986949013,1.471353722663884,10.364664195102424,0.7012518674255889,0.004693639688474801,0.055722992995689655,15.411808371543884,0.060722983933537145
249,-0.0009597190562838738,1.1306388311070912,8.752528333703282,0.5994588306414792,0.0029593266994323067,0.025803138469827586,13.229510113596916,0.04454958225333494
250,-0.003814007830244307,0.8863114043804277,10.701721335011573,0.7117084731670228,0.005605508242673562,0.06433526400862069,11.000122793018818,0.03170799664055235
251,-0.0017237613878658773,1.048189322306976,9.680671513718874,0.6454203411618624,0.0094644655794676,0.12002458243534482,10.964660331606865,0.09756039351448698
252,0.0060752349559054205,2.6930473223515934,8.008100629976854,0.5504754577417896,0.011311011406460552,0.13343547952586207,17.699085399508476,0.048987013079329844
253,-0.002371268759641852,1.1050109461289068,11.485029450694004,0.7511389602649583,0.008764874149196187,0.11567214439655173,6.499545618891716,0.028809580292629255
254,-0.007415540330670761,0.6030573338627961,12.338444314356131,0.8123577644881403,0.014010806453809671,0.19537143049568964,3.030497945845127,0.06505529447178615
255,-0.0018670790065351932,1.456350525047629,9.59863967629133,0.6551588801303414,0.006427162809092711,0.07763671875,6.897588178515434,0.036863030430270505
256,-0.0030895296436655962,0.9992663926396156,9.313659438431857,0.6295080303926028,0.00894656307154319,0.11209422144396552,4.952877447009087,0.05812594613421995
257,0.000869794973940562,0.7377083231420425,10.189367720581277,0.6863021946676249,0.019307708175017917,0.24164028825431036,5.048408046364784,0.06166971273096067
258,0.006433693159861238,0.7324621239285153,10.481723264606412,0.6946553475911436,0.025461156887919563,0.2471208243534483,3.9151448905467987,0.049493837021710396
259,-0.005780191467001254,0.6405334275060889,9.350628985690177,0.620784223022101,0.007768653441824678,0.09339641702586207,2.6347736939787865,0.09600721069113549
260,-0.006166809338767194,1.0457353122533468,10.563663688722139,0.6986518023778475,0.010714074427659367,0.14833647629310345,8.899610295891762,0.08356390661734847
261,-0.00033904011092215913,2.289007258250389,11.662438928258528,0.7544401378801985,0.0038387917723819807,0.03588025323275862,16.791673600673676,0.02551396731594957
262,0.0007458294231496593,0.6997594399112059,10.531584499435949,0.7053415449396072,0.01562937509754255,0.2073174838362069,4.8633382469415665,0.07813535288170115
263,-0.004416521554740245,1.0529830112025549,9.205291129462019,0.6214461828695393,0.010318095925021194,0.14065025592672414,5.742995262145996,0.08218670744876866
264,-0.0069926686063885475,1.0943254708445243,8.591385952254722,0.579755012966855,0.01003507845849401,0.1345719962284483,3.247511636465788,0.08443046389293274
265,-0.0019680735224326404,1.3001875238098983,8.668409680941043,0.5939139428363132,0.009216294378535984,0.10714405980603448,10.745272397994995,0.06748367595350602
266,0.017146824594325656,3.606490337884287,8.016954209313301,0.5432042559223191,0.022804232277849223,0.23997339709051724,23.86503503471613,0.06284344956161858
267,-0.0031827164900644685,1.1116351854574567,9.446430532753483,0.6363235073922311,0.00774182279088438,0.09975249191810345,6.459036938846111,0.05916061410020734
268,-0.0029854073850337304,1.2962025566388036,9.298736327665996,0.6184444372016076,0.005719435355597947,0.06821625808189655,7.793244875967503,0.0830172310572087
269,0.004051508406264807,3.1698900038606483,9.377542149618892,0.6363826257758484,0.010502212582776274,0.12729828933189655,14.469248287379742,0.04948968999131986
270,-0.002482832485653305,1.0120144729248497,8.79515892030583,0.5911563956478545,0.006538320274056128,0.08148403825431035,4.929242253303528,0.06650102434677474
271,0.004744851176132341,2.58294705551433,8.20285376030169,0.5523412654285244,0.008678832056265774,0.10035863415948276,15.11768800765276,0.08681645466136156
272,-0.007363809748540985,0.69268982504041,8.312282074104337,0.5552830600976575,0.0071010298543742155,0.09588833512931035,3.6337616965174675,0.09872818378062542
273,-0.006091455171117403,0.5705065044708364,8.880921831408692,0.5840165432520483,0.008706899476739385,0.10947602370689655,3.118765003979206,0.0736129233290288
274,-0.015180781834835745,0.8618202241299528,9.233188953802616,0.6106849238764473,0.007802320017774413,0.1155206088362069,3.2984191738069057,0.05182268081017005
275,-0.005370808260123356,2.406831823531334,9.2966617582404,0.6262763012045667,0.0064513341748007125,0.0813830145474138,10.82637831568718,0.046435484329517274
276,-0.003045214581354313,0.7621295182899485,9.426127213414192,0.6316896596512505,0.0065578163244183465,0.08624057112068965,4.113955043256283,0.08656046389009708
277,-0.004796896142401128,0.9097551414265039,8.564252452903773,0.5806414268921924,0.007987237267461124,0.10809536637931035,4.0509153008461,0.05561675898230234
278,-0.014942719473242112,0.680879506579841,7.578095889260895,0.5191820838867741,0.009274647995911876,0.13649144665948276,2.530131984502077,0.09211149274526975
279,-0.007576602607886293,0.7258483967525137,9.373291904808804,0.6272452050905384,0.011944120833128371,0.16379310344827586,2.888083890080452,0.07709129976988482
280,-0.0026403584618255784,1.186402769681307,7.921132475514555,0.5389494106325243,0.006448456490912137,0.08485149515086207,6.434624165296555,0.0574563268758147
281,-0.002962633663308745,1.470233794164621,8.328226645376256,0.5634993733584169,0.009504552100130742,0.12637223868534483,10.193294167518616,0.057334698021056285
282,-0.010970901936379254,0.7303730023349707,7.607085053478308,0.5129642909363108,0.0068839231775953144,0.09022258890086207,2.86945066973567,0.1151958302421272
283,-0.006459452377106296,1.324213959800514,7.672395337438475,0.514409856594737,0.006729865580664723,0.08291520743534483,10.146097525954247,0.1438194520745878
284,-0.0006326412707592342,0.9201449467845626,8.242866736837986,0.5611049797271648,0.009813418324860133,0.1319958917025862,6.112375304102898,0.062324413380268395
285,-0.01225620793658483,0.8042968389632298,8.999254227489942,0.6056892937468068,0.009914508414520493,0.1390422952586207,5.345440611243248,0.030066707331197207
286,-0.005729794663932255,0.9781304563855246,9.308069040022835,0.6334690634446752,0.007894177227642322,0.11191742995689656,4.265354484319687,0.08294106516509225
287,-0.003162244532440918,1.1002602082741282,7.932566600032416,0.5367458118203103,0.00988790979368034,0.14478380926724138,6.142373390495777,0.06969059048699233
288,0.0017467808428383758,6.774721150085112,7.091425279780353,0.48125933555149525,0.008801535461629853,0.11289399245689656,34.375895619392395,0.09462742275992797
289,-0.009250777772497812,1.2142549939557874,7.173962461409873,0.4848016550500249,0.00604051314715842,0.07794820851293104,6.718613401055336,0.05420381567538601
290,-0.00014992755693541467,0.9627383569751742,8.907825378284606,0.5886479158294793,0.010673334294928094,0.1256819100215517,7.8465044647455215,0.02142599723679839
291,-0.0050238840073496965,1.5143604233413046,6.562750779810624,0.4539288202625765,0.0060717917254680355,0.0723498114224138,9.444520652294159,0.05506573892040345
292,-0.007173652405358239,1.2378651012026842,7.309483215545007,0.49428336202549084,0.0058492645305171925,0.07156687769396552,6.179374009370804,0.08057555838256047
293,-0.0012168474762731796,1.6945143996536443,8.103379419914463,0.5421445725716756,0.008520086220383307,0.10987169989224138,7.724574722349644,0.06522917522137395
294,-0.008417331825929044,0.6878827303833246,7.589085675652063,0.5150085437969742,0.006588739982017332,0.085205078125,4.248320549726486,0.05447993649782157
295,-0.003079783987235016,1.0332357791747249,8.988784285545739,0.6042949467141782,0.009194505205006611,0.12267645474137931,7.3140572011470795,0.03907424347205479
296,-0.004902012854370143,0.898228179082758,8.96816385666948,0.6090611623670877,0.011209964994561923,0.1627997036637931,4.492844492197037,0.10224653886934854
297,-0.008417970777647246,0.8779568207793744,7.882105467575143,0.5264310347517283,0.007214285851534504,0.09550949622844827,5.043542452156544,0.06660488882040627
298,-0.003598639147157725,1.8039597771072018,10.607957839799727,0.7000858552255522,0.010771183381840618,0.1455078125,14.520106591284275,0.043993587353283514
299,0.0025301666614566407,1.4117393104840006,7.58921683468888,0.5172322306203443,0.008373605661698345,0.11219524515086207,11.630254961550236,0.07358375714298215
300,-0.0022579271045966125,1.168170861951417,8.793145057329795,0.5951397969179981,0.012636123894982778,0.16256398168103448,4.4547343999147415,0.05552329473006967
301,0.001681660025472466,3.26455738191155,7.498859837513762,0.5082169323913746,0.008782475385393403,0.11574791217672414,16.738911628723145,0.09181350073235461
302,-0.009654707477096737,1.8936624343146389,8.713703799745918,0.5850250708013564,0.005812639220776277,0.07510270743534482,7.476126343011856,0.052236913997757095
303,-0.0014378898747920705,2.2916889970808367,7.717624702895559,0.5207036936175553,0.004691108738840959,0.057373046875,10.852960228919983,0.07680329437518374
304,0.00019406376959464362,3.1146677495032002,10.319933828527454,0.6753022052528743,0.012622166305061848,0.18132913523706898,12.00667555630207,0.04451201079055811
305,-0.0009559665656607205,2.372457277930125,9.09194316090775,0.6150819007210697,0.008686695881147772,0.13275356950431033,14.03497302532196,0.04496700919769703
306,-0.011680537508655529,0.7584350515726709,7.897655091013113,0.5313121019343239,0.013248150016618731,0.16779195851293105,4.201870419085026,0.08666027576446667
307,-0.008340716152531758,0.9269973350751758,7.661155220712756,0.5148319931673102,0.0052784305193324995,0.05984812769396552,2.3613226115703583,0.04344771350484078
308,-0.004461926533849692,0.9823600511151367,10.111314574372955,0.6560640892592596,0.009134433243036318,0.1258587015086207,5.342755079269409,0.04577911527154244
309,-0.0067356732047850025,0.892474126432739,6.937378640378782,0.4663571026653954,0.004664366352291585,0.05564722521551724,3.6511364430189133,0.09850535735884802
310,-0.00485265947444324,0.9470086620393816,10.535859223006277,0.6713706028159393,0.0071269991462157055,0.09440665409482758,7.435052081942558,0.10999901602310769
311,-0.0043490151360055344,0.8941481591010111,8.164213248608826,0.5361826764972899,0.007036500605895056,0.09162850215517242,6.692055746912956,0.061533256536405956
312,-0.0028269328317319722,1.2656871018478948,9.625665157992726,0.6318595568329077,0.00604119122996555,0.07316641971982758,10.258876755833626,0.12583626236547318
313,-0.0014043273420436082,2.072468853187487,8.44832815706744,0.5569609786530707,0.006495135730927296,0.07005994073275862,13.204260304570198,0.06058874202072673
314,-0.01361852243493924,0.5924427211266465,9.333032094248509,0.6063008731064123,0.01076510738619555,0.14496060075431033,2.3937605395913124,0.054397357670962765
315,-0.016211935024628647,0.7621840885720024,8.43847898597797,0.5655436220259649,0.014342103209416783,0.19290476831896552,2.893981970846653,0.057046345722755576
316,-0.009926787746706097,1.026607802860433,9.097333388414096,0.595862810614437,0.006905120835340469,0.08988584321120689,3.8026153594255447,0.06009990759822326
317,-0.008209408337649918,1.5542172600122104,7.5328540788232825,0.5088949209712782,0.006209732619403252,0.07729155441810345,7.3430322632193565,0.054124769527139405
318,0.002255642873348443,1.6662729342216696,6.518526644561367,0.44218725291667116,0.007520561531017503,0.09286604256465517,8.896820932626724,0.08422831376085449
319,-0.011249218109033312,0.8732455233752887,7.623315805683699,0.5056682561915232,0.007185964652935268,0.09963463092672413,3.114343501627445,0.07879786148495826
320,-0.009140798979921061,0.8808605966475263,7.971858868205377,0.5362084870292572,0.007644138628855782,0.10154566271551724,3.749603219330311,0.06975592912828821
321,-0.0004283601174843799,3.043741827541896,7.96640488670051,0.5354068534850756,0.014961119163390008,0.1776838631465517,10.479088187217712,0.04429917091705404
322,-0.0028620977567735233,2.051120655564782,7.9281643066692755,0.5191068928822052,0.00937323263170928,0.12108533135775862,10.218495681881905,0.03990944828742238
323,-0.007647190784731375,0.9480189039754641,6.542217745676492,0.4378928259651228,0.01090976819802469,0.1446575296336207,2.839147873222828,0.08762312629674263
324,-0.006793465505907158,1.2283994250451569,9.144730113984632,0.5985859630393955,0.012879865230733513,0.17962856950431033,6.137880280613899,0.03482906432819055
325,-0.007434176787324397,0.8025180020980531,7.259533161748048,0.4933949040893414,0.00899583225239847,0.1054266567887931,4.270104117691517,0.0667544531705806
326,-0.01235271120592708,0.8572410517778933,8.543361137464796,0.5625836941177458,0.011873944000900995,0.1614948141163793,2.293687492609024,0.04840001834562546
327,-0.009298665885893832,1.2831502545214657,9.125506361301914,0.5931061049138626,0.008023087558003367,0.10434065193965517,6.48531237244606,0.08163559618158811
328,-0.008505176361821975,1.0762757534086322,6.603461859423862,0.44436803486640764,0.008375828670225396,0.11687601023706898,3.3085035234689713,0.08194919630678288
329,-0.011500215186732998,0.64531789537408,8.648939905964653,0.5531333568056841,0.0075257228273930485,0.09545056573275862,2.0784440860152245,0.10154395967308982
330,0.006500513339677261,1.2126233241866584,8.828138794879939,0.5683713922091933,0.015808070501250392,0.21087015086206895,8.583788722753525,0.0570958905190847
331,-0.01341866677027046,0.6672066207182523,8.83835595364257,0.5780424052794655,0.00881028358908852,0.1297649515086207,2.784259334206581,0.06130476489862824
332,-0.0015940322855503208,1.8619006322165477,7.947593625687346,0.5202512194428843,0.009853031596415755,0.1383014547413793,13.067876756191254,0.046687929094081704
333,0.005630123992893095,3.1179324035095783,6.933321762485415,0.4587595379996636,0.01044363763327871,0.1282664331896552,19.70171307772398,0.12990432892246484
334,0.002069962770693566,1.4736791199678407,8.393029239683388,0.5355848693124697,0.007967998403634331,0.11305394665948276,10.31198139488697,0.0639805875595385
335,-0.0030189590152424495,1.3072581312864915,6.08703372051542,0.41447065949012474,0.006868950368039679,0.08678778286637931,9.77484992146492,0.08687699067006749
336,-0.007373494058908808,1.2716551335100845,7.508963962964932,0.5005692107596242,0.009523176662633918,0.12256701239224138,6.132491186261177,0.09535971886603989
337,-0.014345204284047954,0.7746574752551574,8.299726528238008,0.5489522631818671,0.010853074025111835,0.14617288523706898,3.6994845122098923,0.06879992893881914
338,-0.0014930634449349745,3.507688810013458,8.780303245443282,0.5699317435108398,0.011632151304842535,0.15656148976293105,16.609571501612663,0.05904802520407959
339,-0.008991124976813973,0.5455126306196582,9.595459065141014,0.5991490418529052,0.008083395872494419,0.11288557381465518,5.940192520618439,0.06356310668450527
340,-0.008641129859307543,0.9106256892679157,7.863413572023875,0.5144460175414961,0.005750183441579856,0.06956324084051724,4.71507865190506,0.11351679568926276
341,-0.009176316043532105,0.9528992129080534,6.293056563603701,0.4219190088369942,0.005709215080373567,0.07111227101293104,4.007923699915409,0.0660234837601783
342,0.0002491822673100089,1.2744800355565873,7.861815063818509,0.5212066856511228,0.01761381879498066,0.226318359375,7.855053678154945,0.07063886255302343
343,-0.0010653626536740665,2.2553114048335297,7.8473221126751636,0.5251226943535836,0.013489343334593536,0.17887931034482757,13.458746314048767,0.0726564533992351
344,-0.010102993458912517,0.99611047571406,7.675926140097325,0.5067258479392844,0.009865477820657644,0.12643958782327586,6.261080004274845,0.09737050058420316
345,-0.0015292215904662886,1.0895658224683806,8.737522401052487,0.5731442627951537,0.00952942939555465,0.13089304956896552,9.910819225013256,0.06739675798016853
346,-0.002190121403194898,4.155212837153219,8.700891716203348,0.5660898887895103,0.004771032826503305,0.06264311691810345,27.794470131397247,0.02653844328703059
347,-0.0010288009015756092,0.8901498492195242,7.703413063805344,0.5136144303320838,0.01169948469559413,0.15039904364224138,6.37095258384943,0.0795691357297138
348,0.0012684668395871578,1.547528352572551,6.380844421094135,0.43849572173759704,0.017829639715210795,0.2147258890086207,12.582920670509338,0.11510779638064428
349,-0.0009854694696665265,4.6928240110110035,5.432601107503709,0.3701115709969474,0.004531496713752858,0.04636146282327586,31.80558168888092,0.05883632104747838
350,-0.0008264360149471753,1.4246469503808086,6.066256803742426,0.40440620910110986,0.007126523101885988,0.09072770743534483,9.673057317733765,0.06235224290600605
351,0.0013354655600167093,0.8374064752842463,8.741738943218856,0.5560089473330746,0.015507078160163505,0.1959270608836207,5.482853397727013,0.11921387678457374
352,-0.006982563405987342,0.8099338317203892,6.780749282996614,0.4405991529649861,0.013168212672914298,0.15072737068965517,3.7048247009515762,0.11495207516271455
353,-0.0011882768404095976,1.0718951002786294,9.121581670256624,0.5978951323968118,0.014300982375249894,0.20093615301724138,9.691480576992035,0.05662137118395816
354,-0.0017173500050669888,1.1164256954947724,6.6357593482004225,0.4489508715750758,0.010563093108995135,0.14569302262931036,6.069605812430382,0.09261690965427816
355,-0.010638079168301794,1.3702205425077667,6.387131125208569,0.429955737866388,0.012477326830839016,0.16383519665948276,3.6599418818950653,0.08876890941620985
356,0.0018849382182726175,2.4884511578718955,8.134463969237444,0.5327247415153433,0.01490647776982173,0.19928609913793102,18.328730016946793,0.06746080604037907
357,-0.002025241621933953,3.260082143546837,6.387260840356687,0.43436250379015506,0.011881487825529145,0.14284752155172414,21.942532151937485,0.08072384652662679
358,-0.011273258188058943,0.9627988007954852,7.720462523942215,0.502431914419613,0.00897148073473263,0.11719591864224137,5.998758241534233,0.07260134243482252
359,-0.006248567074522796,1.9583914491534415,7.155842346251152,0.48138842924575737,0.009044882073042038,0.10590651939655171,9.92178376764059,0.074058979613837
360,-0.010608060547932336,0.8591676648627123,6.927684514523396,0.4645034763058181,0.006814054373284433,0.08638368803879311,2.8857288286089897,0.06157973237349457
361,0.0016582141477981278,2.686231882319298,8.448240349198198,0.5543859150558124,0.013567707497337511,0.17762493265086207,10.124846905469894,0.05063329668753791
362,-0.011814765686103332,1.1056018427591694,6.020142671479146,0.4063237647068224,0.008588255936297957,0.11199319773706896,3.502052739262581,0.09509590576197025
363,0.016313824155468896,5.694338642159519,7.1070404982739745,0.46202835255523717,0.02519926121824718,0.27955785290948276,23.060590028762817,0.07699217439331396
364,-0.001980554751400205,3.5922045448866844,6.224777067499135,0.4155200339289814,0.005902214623598286,0.0746649380387931,24.868997007608414,0.09917999558685586
365,0.007732588895892728,4.913059478638212,6.351634079064438,0.4192302763996755,0.01905805427266951,0.17685041756465517,18.963608607649803,0.07888697795565136
366,-0.0008013222171849403,0.9220742148462413,8.259827494248949,0.5300663154202053,0.016972001588297203,0.19878939924568964,4.394515372812748,0.0675751203366386
367,-0.017235702863488724,0.8465691483705291,7.232644043644541,0.47337602665052614,0.011803824191607921,0.14889210668103448,3.5007158890366554,0.07582818107912148
368,-0.016067465386861837,0.6926983586924504,8.586331259551272,0.5553143164552004,0.011919370638146387,0.16314486799568967,2.8511411994695663,0.05853627444127085
369,0.0027307469738075433,3.7687227499004345,6.975674222539588,0.456635858020616,0.019531771959009347,0.2132189520474138,9.942974597215652,0.06637829074983614
370,-0.00926860221132915,1.5372514290442894,8.288332637656351,0.5399216270302061,0.01361645732610888,0.1665544181034483,2.59721103310585,0.06484275333777956
371,-0.006358930944790538,1.8484583214292893,7.251127129215908,0.4884622696899896,0.009027446111852848,0.1136011584051724,2.9614739194512367,0.03484386757033553
372,-0.0036168558009220843,12.439989302496599,9.277070323285693,0.5971988475130274,0.017692650847336688,0.2008014547413793,7.10414582490921,0.017092601669924545
373,-0.00717369776542349,1.6578142754518914,6.436406775882178,0.4323292976714623,0.01357405495469595,0.18017578125,2.373733952641487,0.03519532903488476
374,-0.012812595255280125,0.9803885386368962,6.952833435925703,0.46218468156309334,0.00824998830222316,0.10997272359913793,2.837165504693985,0.06414361993740336
375,-0.00943332967984175,1.1306736002823552,7.529047342416467,0.49908789871374365,0.00924298594051426,0.11940160290948276,3.8144576996564865,0.04338917836478273
376,-0.010741735000868197,0.9765697404890421,7.825295453328149,0.5116741258985587,0.013731421362598636,0.1760759024784483,2.61982524394989,0.07904776048596407
377,2.7502730796217807e-05,2.002933860908102,7.472296642575421,0.48761087316783513,0.011614909328962877,0.14532260237068967,9.828570425510406,0.06462215309710795
378,-0.012071429442077541,1.2647158113242263,7.166662025561452,0.4714973770033531,0.0076579034337492915,0.10146147629310345,5.612651005387306,0.041432486943756563
379,0.00016520131392320364,1.7677772279199893,5.904091280748052,0.40457348860531805,0.00983873023204947,0.1300343480603448,7.121701970696449,0.05720681115756032
380,-0.010935730316824557,0.9366201385935637,7.6327245582260925,0.501732001142992,0.010509925940980259,0.14328529094827586,3.6907893419265747,0.04283985800465928
381,-0.003443386711879516,1.5671428522794155,6.801765985400536,0.45301043888735126,0.006932177270034022,0.08039803340517242,7.437967926263809,0.03904679835688907
382,-0.008990795834240974,1.0289413858810796,7.520123600219959,0.5023166481947058,0.010528546789107075,0.1441945043103448,4.248887807130814,0.048829091798918034
383,-0.011694923949676195,1.3208648215849514,8.495503113762895,0.5511469816466349,0.013105357640722952,0.18351798221982757,6.786851078271866,0.02818746527382332
384,-0.0005292228404870066,1.5241645433098907,6.356595234695148,0.419137014076247,0.011136528962855788,0.13149077316810343,4.217253848910332,0.09078163043823972
385,0.007899748139156428,6.346612281857311,10.582683611549939,0.6605147450722224,0.03385527544265517,0.2745655980603448,26.33857175707817,0.07991535354695667
386,0.02393321148681362,1.70731960054823,5.8574381338553865,0.3873454403726163,0.05994666314610844,0.3959119073275862,12.311833903193474,0.03303309095916962
387,0.010809986104248501,1.6900899951886301,10.276554497227924,0.6512200672808915,0.03187688701692768,0.3124663254310345,11.279848366975784,0.06353430004083949
388,0.0036129955502035268,1.3273144428751051,7.0370130289515584,0.4569989911753259,0.012225802232368833,0.1703596443965517,11.244204230606556,-0.03491840630734755
389,-0.010100049571133633,1.2554149881232082,6.452859064383967,0.4285670860990963,0.010965418556036733,0.14942248114224138,4.628755174577236,0.09763293695697628
390,0.006060359365404048,2.5906532163400895,4.953841484018932,0.3350092178169187,0.02150232882596701,0.18987405711206898,13.593368768692017,0.08009803153155037
391,-0.007094824499784502,1.0245945195645654,6.119427546036855,0.4106920041868793,0.01178085384438826,0.1490520608836207,5.009458877146244,0.08187502310908323
392,0.0033105222681949296,2.4635688398518227,7.018660896458735,0.4620505817298055,0.01201383751497909,0.15699925915948276,8.528568804264069,0.06372912870822245
393,-0.014050074263062423,1.8816190710195126,7.572652592724933,0.5061139825784737,0.01097500856134314,0.1492877828663793,5.928131401538849,0.04462175810738456
394,-0.014939686488378363,1.5050515288726798,6.498987386427651,0.43714354598159844,0.008454841121670926,0.11228785021551724,3.7753892093896866,0.04316707805504982
395,-0.014109768056257587,0.9253232023511733,6.918189944321057,0.44785423009394937,0.00650478572813505,0.08736025053879311,3.23532485216856,0.08954810593900986
396,0.007005726865740966,2.6337736329208385,6.5333907035493555,0.43546449370252704,0.03149385637077322,0.31403219288793105,8.423778235912323,0.05139795788349233
397,-0.012361531030129153,0.6469845361662412,7.8047015007404426,0.5001902620085965,0.01037545948528187,0.13575902478448276,2.034100092947483,0.07383541267561733
398,-0.01824092480300045,0.9959857113186206,8.402260025781038,0.5483194277902181,0.008577023154242037,0.12047077047413794,2.8937716633081436,0.057562307011508995
399,0.0010386367721435304,2.5766308225241064,6.511337553715466,0.43846146640787304,0.016728375318554502,0.19174299568965517,4.627362936735153,0.05739836285951927
400,-0.016103417306848555,1.166601272651154,7.618610063653062,0.5097588774196051,0.008355001526571617,0.1151586072198276,1.5528353303670883,0.03138753109231518
401,-0.00607118044273087,2.163827309609082,7.260088082053887,0.48813804126407456,0.013854866947252142,0.18228886045258622,3.5951454788446426,0.04779908676083289
402,-0.014638422287445423,1.1054366036032608,6.890903905025833,0.45335577043099634,0.006624109573624145,0.08892611799568965,2.0079029724001884,0.0336136203580103
403,-0.015420907795379631,0.8072333713784705,6.908764349474824,0.45385974426018694,0.007643681453844003,0.10248855064655173,1.6903343461453915,0.036282232932336234
404,0.012352612498250044,5.589598758373482,6.183692337264927,0.41701510166443895,0.035866938285647035,0.2833462419181034,7.192058473825455,0.049813965787106285
405,-0.010140800032808064,0.8115882785725639,7.973326985188359,0.5200463330100884,0.012036567345384011,0.15062634698275862,2.33022503554821,0.03969004107445162
406,-0.0018064772443094944,4.178860027554741,7.517647640071086,0.4978489593734374,0.015747163771297423,0.19583445581896552,5.714582532644272,0.02899269375665192
407,0.010385267586150545,6.98440541477817,10.655254416523192,0.672494334058203,0.029370483977078855,0.31671773976293105,10.57165014743805,0.026154450502579918
408,-0.006232459718069902,1.1801765043751296,7.221462193313747,0.4786424383521456,0.0186243117196086,0.23415611530172414,4.6074367463588715,0.05137466508944388
409,-0.01635573081320519,0.9188778877519415,7.772309499313388,0.5065599259014758,0.006676496428428499,0.08605536099137931,2.380449190735817,0.0781289584175664
410,0.013026803356683166,3.7698896269871986,5.513815362727498,0.373400142118671,0.02028383968366864,0.17960331357758622,10.920556157827377,0.057958889591179674
411,0.003052102133507078,2.268345188427041,6.718870561696882,0.44273310950145595,0.017111916792004946,0.21486058728448276,5.299230009317398,0.084405591316559
412,0.004287641413713145,3.0935893665494145,6.373861283435213,0.42519054538586026,0.013790849833357838,0.1604509024784483,4.712056815624237,0.04707638545077841
413,-0.013140613752919559,1.3727410512620464,8.667064599842606,0.5689981635891384,0.008649221954893337,0.12239863954741378,2.858734369277954,0.035945944538757324
414,-0.005194349591835356,3.0610568836808376,9.139797272693801,0.5895879338967469,0.015147430164406301,0.20607152478448276,5.169612690806389,0.03673161062331565
415,-0.010939622468185917,1.2831718333948874,8.188291999548209,0.5385703893131712,0.010266536358389642,0.14137425915948276,4.0166516453027725,0.037532241562564184
416,0.0010529120413539563,2.996540811594163,5.534623448776858,0.37837996751044684,0.02018683577751227,0.1861866918103448,7.921669751405716,0.051357900818496116
417,-0.0006866639574917405,4.840538125914277,9.60329269490843,0.6225293032103796,0.02333645041678743,0.2926151670258621,10.057637512683868,0.015903342480317773
418,0.006441513222566577,3.091559557826679,9.583996638951248,0.614473118729039,0.02796411105040973,0.3231243265086207,9.330862075090408,0.013946064573975736
419,-0.019496787930028528,0.7953542592632727,7.0103666558540585,0.46925361666153315,0.011778985948067516,0.15390961745689655,3.572388954460621,0.04238028984653608
420,-0.012428866719902966,1.4401706343750384,7.49819861806614,0.4935936919274385,0.012485511005848068,0.18145541487068967,5.563848450779915,0.05331970848083745
421,-0.007881754539596386,1.1983034188130073,7.4989802006974315,0.4891391201004055,0.016212365716487043,0.19399919181034483,4.82220122218132,0.08516886987547556
422,-0.00822741518347498,0.7239388214167942,7.1768901444284605,0.47698191852709737,0.00923471616725096,0.12281115301724138,3.6040297597646713,0.049265365888526036
423,-0.0026251813138923673,1.666717263700615,8.056166083966673,0.5101377342798514,0.014796214352764795,0.18834186422413793,7.5191745311021805,0.1253960365243001
424,0.023447834129989565,3.216724258196475,6.154176808326406,0.4052209823597376,0.05163569415269414,0.30983129040948276,15.458279728889465,0.055132051674762095
425,0.009483210261198995,2.247266334567192,6.046092460356483,0.40609985956479216,0.02400161314177114,0.23479593211206895,9.199598371982574,0.11184628854285039
426,-0.006835674159956711,1.4219792802949778,6.263619883891046,0.4123478809283443,0.022267945214919344,0.23786031788793105,3.999560132622719,0.0738948555747645
427,-0.013910828342156404,0.9130788382329584,7.571819518046109,0.5011325237729297,0.01247436156292428,0.16017308728448276,2.47296055406332,0.0858706626741561
428,-0.0033291603498531892,1.7715831821933627,6.73603362530763,0.4436033494069087,0.011013171355569222,0.1343278556034483,6.086219400167465,0.08932095974443699
429,0.0013385616010411195,2.264618537935317,6.171863314142182,0.41997532419062394,0.026009866953245364,0.25309806034482757,5.440581291913986,0.041699547501380385
430,-0.00929451334343804,2.9271401218529416,8.519653928709259,0.5585425646188704,0.014531557050915956,0.18994982489224138,5.916917949914932,0.048731412009986985
431,-0.01655433649385025,0.9156745311035143,7.3500834944068885,0.48802128436730935,0.010209671114039495,0.14211509967672414,2.30596724152565,0.04593753841006387
432,-0.018568878657986294,0.8653290495970275,7.566576099863219,0.501886497935159,0.01308635395400478,0.17124360183189655,2.090436577796936,0.039537641059808504
433,0.0018233492372794324,3.826672596500444,6.137986839576053,0.4130221114360054,0.014421118938430325,0.17428273168103448,6.843384206295013,0.057224672481848815
434,-0.009177832144395135,0.825655764200617,8.113945585366436,0.5213135272922421,0.006590614342838244,0.08008654364224138,1.9943243563175201,0.06450996688678734
435,-0.008703667981334633,0.7530908627822361,7.703430982033626,0.5077755879255132,0.009293132175587054,0.12100956357758619,2.4828800186514854,0.0507454756812018
436,-0.011048486600457154,1.7010545842698126,6.677266772061683,0.4510519651076751,0.009824962801538842,0.12696996228448276,3.093058228492737,0.04769952407495426
437,-0.007734333499608533,1.253044469513383,8.155926061016638,0.5282168287542468,0.010422575417359095,0.1332250134698276,2.45419879257679,0.04317232085623324
438,-0.014537436122540822,3.7181511348747716,8.249637284135478,0.5422469270260677,0.010317139150645055,0.14199723868534483,3.4773434549570084,0.002311913651048214
439,-0.012159107301021446,1.5113914287402244,7.1703697507021795,0.48437527417940895,0.007428076989338573,0.10093110183189655,2.3415685892105103,0.012109324001906674
440,-0.007017352153771519,2.520215679739979,6.455637858242975,0.4378756131447266,0.016257324494478687,0.1945379849137931,3.09222549200058,0.04414791095268711
441,-0.015565538595451706,0.6853762646901895,8.530986219608607,0.5583401368757661,0.008025945667433351,0.10633587015086207,1.9073020741343498,0.025148084795400205
442,-0.01354457704414652,2.128632313485503,8.660916727246988,0.571919972968756,0.008134618983729462,0.11445144127155171,2.8671699166297913,0.02602087126568997
443,-0.005088083794514963,2.8354151479618985,5.958260982358078,0.404067378843122,0.007655211099988484,0.0960230334051724,3.142867848277092,0.03795265712347351
444,-0.0035386154327562546,6.3523297978358855,8.081823707294022,0.5352878635048439,0.009805869985374839,0.1344709725215517,4.8524655401706696,0.024683717093896385
445,-0.013904530696083446,0.8589941687164895,6.936475404352426,0.4622401473992764,0.010249671968079478,0.14249393857758622,1.9977809935808182,0.0419026908894804
446,-0.007388591340759964,0.8202354233778194,6.50566465566414,0.4412381785956031,0.008328663584412926,0.11207738415948276,2.2364951223134995,0.057037152672093194
447,-0.008004516756402373,1.438115254110368,7.591468635554112,0.4998372289757189,0.013040461341131897,0.1531266837284483,3.38967464864254,0.0322601541575942
448,-0.0063007482087967005,1.3383433901917217,6.2354597881530545,0.41771651616322947,0.010545387016840135,0.1375016837284483,3.061179466545582,0.05924890497255608
449,-0.011067277225169156,0.9875782779429629,7.860354330881945,0.5159103241289342,0.005489985167514533,0.06676825161637931,3.169693037867546,0.011226951477285807
450,0.017704227201461607,4.304313764586268,7.381612088924157,0.48366520853417977,0.03475015385604287,0.30975552262931033,8.586323022842407,0.06033324045634858
451,-0.01591269643241209,0.9046895641831944,7.474373196783839,0.49122527693485796,0.01454406959707959,0.20050680226293105,2.855192355811596,0.044607314708519974
452,0.006863313225164214,3.247018569424717,6.136373188536301,0.40673813010901005,0.023448434324407193,0.2447551858836207,6.068887457251549,0.06223495892071851
453,0.0021961985602095713,2.87464330130151,6.646820975822955,0.44925214698500426,0.02092679040865262,0.2159381734913793,4.812864974141121,0.053809325934517926
454,-0.009227856068267313,0.589495963502991,8.0987593851269,0.5223341077536792,0.007712998579994871,0.09784987877155173,2.1552667915821075,0.04363490138781834
455,-0.016125828257954788,0.8556449478590321,8.06311184506244,0.5099325248567044,0.01046400736422897,0.14254445043103448,2.1178273260593414,0.028038801566431126
456,-0.017050861529052802,1.0902071676401675,6.4476612163751525,0.4290112602774931,0.00487073537492663,0.05992389547413793,1.7440157383680344,0.03855363593376826
457,-0.015393494425461344,1.9050556382674881,7.3367711539048575,0.4870001508493417,0.007382194173009464,0.09979458512931035,2.600284583866596,0.029284555543551916
458,-0.01230366579914488,0.9673909626172563,6.262646426008171,0.4222745222249269,0.006329212230349216,0.08526400862068965,2.2766781598329544,0.05241049125302022
459,-0.013217662876633037,1.1504126966650787,9.211444517327593,0.5933386484827898,0.012301561267467433,0.1707721578663793,3.745348647236824,0.03518892964585063
460,-0.010865911612848651,1.1498484019240647,8.026614036273243,0.5243782046003663,0.009918170862184869,0.13796470905172414,2.6932626590132713,0.04927356368247071
461,-0.013950216029921934,1.1088393231254643,7.39103584972427,0.48500733243543376,0.0066920138258489,0.09190631734913793,2.353647567331791,0.059682059445534064
462,-0.010409857729992677,1.5835967647075975,6.503680125878951,0.4237717420622583,0.008755085761142003,0.12061388739224138,3.867277577519417,0.07614040728225413
463,-0.0162771113411797,0.9304533912303121,7.78046297002659,0.5068997522125599,0.010328727741705672,0.14429552801724138,2.269275151193142,0.045285311809725726
464,-0.0117201201454191,1.1539714673316506,7.506363351480543,0.48643777689343204,0.008514010393088845,0.11594995959051724,3.0268029272556305,0.04830583654625331
465,-0.014432702994167223,1.293421680082411,7.812201193528318,0.49866965569501565,0.010776607477023862,0.12466325431034482,3.9140535444021225,0.057321554055427826
466,-0.008035333493859593,2.2539871276118264,8.34783134663855,0.5369353909475116,0.012894725346368745,0.159912109375,4.744058430194855,0.040818535270640055
467,-0.01511739142717149,1.0980375626455903,9.240871798007117,0.5875617053468823,0.011715839292546975,0.16189049030172414,3.229844942688942,0.05513694965304494
468,-0.013792511548284748,0.7423026818120619,9.621121707371167,0.6003590645777235,0.008371125068026295,0.11258250269396552,2.414405830204487,0.015623606953771407
469,-0.016590135697052526,1.459526825976953,7.548081364649235,0.48785058977869245,0.006940407361478971,0.0939520474137931,2.741259425878525,0.05068240840535354
470,-0.012405009002009137,1.6936794058829907,7.750525713316667,0.5087721178325755,0.014758061238134015,0.18132913523706898,3.594804674386978,0.0308032710223759
471,-0.001273924567716145,5.414007924504072,7.997978673966662,0.5186777414415987,0.0171624626281896,0.20599575700431033,5.932305037975311,0.032271978922271516
472,-0.006231834694782708,1.6141925329021851,7.816593387963213,0.5043240722124807,0.013318521062595618,0.1728936557112069,3.4316481351852417,0.02772610645414464
473,-0.012121397421816362,1.2222305862852307,7.302597389253386,0.4753467075119072,0.008015769292326476,0.10604963631465517,3.1677044332027435,0.0729159178470834
474,0.011674351431456044,3.6946134067238248,8.288184482017423,0.5373919981747945,0.022909893305166344,0.27570211476293105,9.734814643859863,0.04624455182283671
475,-0.013779541923131076,0.8057092493365097,7.688780934386661,0.48497737448972905,0.011914081159406563,0.1476208917025862,2.9791065976023674,0.02523875288651478
476,-0.00975143855690223,0.9035375671425794,7.057447488904566,0.45984991172801903,0.013592957709298734,0.17803744612068967,3.1110126227140427,0.0833306783354647
477,-0.018604412927610108,1.63590479653783,9.825231639409484,0.6184461766174694,0.011160048525198363,0.158935546875,3.547284074127674,0.02603486102497332
478,-0.014030213883081654,1.0558617400242398,6.580698639661744,0.4216210988115171,0.0066006218868128125,0.09060142780172414,2.175687476992607,0.03722457552898828
479,-0.014018945949372804,1.545602168754253,7.1896288804401305,0.47616959541367043,0.019146575742556234,0.21044921875,5.826557278633118,0.0788530771244994
480,0.00953778373859834,1.4985244774030198,5.136327187280303,0.34610453027084204,0.029982994204836924,0.25597723599137934,7.593320570886135,0.06956764781727776
481,0.004014921738185594,0.9871300045268334,6.035418211785547,0.389203325868556,0.018862583198667914,0.17608432112068967,3.659213788807392,0.05429167501411547
482,0.03299340186903521,4.066702386718597,5.405754587786792,0.36031293759691807,0.056742350638254224,0.31705448545258624,11.584900796413422,0.07724657099700327
483,0.026096208444460086,3.347384549048585,4.976228405347715,0.3389724907063847,0.042630092014186285,0.26935445851293105,6.896280616521835,0.08497262424211849
484,-0.0006501665972374173,2.611937050477379,5.777858833859588,0.3886066890902149,0.008120935093004312,0.10985486260775862,5.044735074043274,0.06972196889731985
485,0.00451743683682131,1.8110569012177349,7.046436976325869,0.4672137882192162,0.022883064125443494,0.24325666756465517,4.822073608636856,0.07624519786145267
486,-0.01271281465780109,0.9733242397276305,6.3286995267763295,0.41875143462261255,0.008833486199301691,0.12546302532327586,2.6743724048137665,0.0766337017771137
487,0.008849702727574613,2.199013234170953,5.530590009021548,0.3723997281291178,0.026007036840194907,0.25408304148706895,5.743641287088394,0.11352848172403007
488,-0.013296133702554919,0.8396594657328944,6.9722707114769005,0.46699912034761115,0.0072991414837251176,0.10321255387931036,2.1889289543032646,0.04884393686806321
489,-0.005363668565583315,1.8737778848754316,5.8656024100095365,0.385473299014832,0.012096126310443024,0.14768824084051724,4.4154385179281235,0.0867560727574963
490,-0.003209091986235535,1.7212857477775827,5.763751234657509,0.38946249182622683,0.01758746622124755,0.19083378232758622,2.72366164624691,0.05456719234845542
491,-0.012655712853715587,0.8811875189882465,5.836226432359173,0.3902985496388439,0.005517791096532039,0.06915072737068965,1.5937878489494324,0.0450050538881559
492,-0.008302167834013462,2.358447865672222,6.468289520821568,0.4339581149665405,0.01541883232356009,0.1880303744612069,2.802694633603096,0.03265394014651035
493,-0.0072529804609150145,1.7292482217685143,7.190522968040581,0.47611249907343534,0.014479039498335875,0.18520171066810345,3.4690435975790024,0.03310976307946767
494,-0.012864708530215771,1.1913169132739987,6.827134555141898,0.44900657218822704,0.011111945765088452,0.1389581088362069,2.726129397749901,0.06531892944454376
495,0.006815380799330459,4.135910609259256,5.335222686995056,0.35884099525647517,0.03539640292158232,0.21696524784482757,7.6381900906562805,0.061569863554316484
496,0.020649341446232546,3.019422932109387,5.150892768305154,0.3486524035490988,0.032769812532713896,0.2659785829741379,4.69017468392849,0.07602506371901618
497,-0.005849568286264615,1.323341490734277,6.1132134396411235,0.40808204159271433,0.009592256149924903,0.12356041217672414,2.51194878667593,0.05596264513818716
498,-0.011336465101074847,0.7779004986598022,7.4904799820245085,0.49919164986232345,0.007916877378914344,0.11203529094827587,2.246926411986351,0.013374497811912134
499,-0.011430334034426339,1.0791659469537285,7.628819768013461,0.4937219559535527,0.010769097833339214,0.13232421875,2.67347165197134,0.010313932070836862
500,-0.010517304461550456,0.9913688520199792,6.771565195898614,0.45142964534776137,0.008982043506813201,0.11066305226293104,2.318603351712227,0.01919777605957329
501,-0.005608395233665454,5.434989607528771,5.3758679832743805,0.36459402659167983,0.00972844415606107,0.13062365301724138,5.154273480176926,0.016654084372566436
502,-0.009102706610335567,1.5860343559766998,6.698912441928957,0.4419369730690834,0.015253498651214488,0.17981377963362072,3.4416788071393967,0.015134383346237845
503,-0.013592797916676749,1.468667751697489,5.918133321017727,0.39130114992248904,0.007596206221995968,0.10332199622844829,2.07875657081604,0.018634181010057205
504,-0.01142571042512892,0.9487186227177866,6.4572010418903965,0.4363513176387077,0.0069439168759470645,0.08739392510775862,2.0424044132232666,0.014058520388521067
505,-0.012429854499161813,1.0189358842893568,6.5634974799372845,0.4397570324818248,0.01015436188741848,0.1300006734913793,1.8492736518383026,0.008804741726716081
506,-0.015187233946458743,2.8362288874768353,7.976133917928533,0.5248397517424532,0.012637712668445851,0.15958378232758622,3.494246318936348,0.015178901022663283
507,-0.014056600085971847,1.0633151037255644,5.743112303006988,0.395880329440529,0.007346719500454692,0.10455953663793105,1.7073536962270737,0.040498286080056345
508,-0.008914612611426006,0.9832364577240779,6.134896260798996,0.4150878178635876,0.006038649553249406,0.07430293642241378,2.200836881995201,0.05731364904377412
509,-0.008654957479699268,1.4861347001954037,8.455969959489925,0.5370124383706407,0.013235237354036082,0.1787951239224138,4.33928769826889,0.08846048432031584
510,-0.00934080583781765,1.30778783403807,7.909443523057517,0.5141776978784085,0.011469504922356936,0.1534886853448276,4.413812234997749,0.04896385289419891
511,-0.01406851402963697,0.8529436969873168,8.006558271542664,0.5239762025116249,0.010716191105906358,0.14651804956896552,4.323214545845985,0.025966773460490145
512,-0.01170512548420949,0.9405974956913045,7.201179156437664,0.45973358488009614,0.010651493388650124,0.14940564385775862,4.227775312960148,0.07635810743118188
513,0.011991683810842396,3.1832360181219057,8.120481411441467,0.5262789506538145,0.03233795431126431,0.30526838631465514,12.939169988036156,0.017986908155123493
514,-0.017316945114823387,1.3641871506001784,6.783568937008536,0.4459331560601954,0.008684387527770517,0.11439251077586207,3.476011835038662,-0.008444698749064505
515,-0.01452050961274826,1.18933581598589,7.231066937201831,0.4681408866290753,0.01126443782464023,0.1514850484913793,4.171459689736366,0.025100003491951073
516,0.0132233940981567,3.3906202134802994,5.747697812973488,0.37770244121021934,0.018121439448428832,0.20535594019396552,16.826412335038185,-0.020507340236656013
517,-0.0038659195645325516,1.3684515969451918,8.874650658827312,0.5615844631554234,0.015079835685763352,0.21326104525862066,7.63272950053215,0.07304866602614069
518,-0.014249749258906692,1.2480843837590767,7.69047607707874,0.5056897132321309,0.010533044276034444,0.14064183728448276,5.752452932298183,0.06696223539453339
519,-0.007164308324339111,1.283135800915925,7.144762170865855,0.46965722228720425,0.008767522254982334,0.11302869073275862,5.224352851510048,0.08296795583052341
520,0.00821991664039858,3.0720069291846412,8.328917634971793,0.5352960034024088,0.027446584512196344,0.2812163254310345,13.84177017211914,0.04512636429346961
521,0.014992846289205459,3.300738975783341,4.733991399514268,0.32330439781444825,0.02632133112544172,0.21192248114224138,18.563696146011353,0.10287666329452883
522,-0.009953665571225461,1.0340748129899169,6.438415520980675,0.4181573881534951,0.007914671082571972,0.11356748383620689,4.705189190804958,0.06936508582163592
523,-0.011228366400399049,0.9207864803231922,7.45958354006118,0.4778880134967086,0.015418671747566209,0.1942180765086207,3.9465690925717354,0.0644494694331228
524,-0.004553818787563802,1.5300898439911017,5.8180574251138495,0.38856961327062356,0.0073237360674879865,0.10501414331896552,4.953280903398991,0.06440510844769454
525,-0.01520130587026113,0.9868222156478181,5.903611427887638,0.39570961156824497,0.008948579009201835,0.12152310075431035,2.2651244699954987,0.05372721589558793
526,0.00038896358287892263,3.069184019499623,4.928092195380454,0.3323806037675585,0.0163175842924453,0.18114392510775862,9.511380434036255,0.0967205833407554
527,-0.014604379658205602,1.0407566962647092,5.594378290106071,0.37659162991433826,0.006184989590988623,0.08252794989224138,2.8703792989254,0.08461270729074433
528,-0.0016937395724880844,2.3142200354672005,5.877098434628413,0.3906140251125211,0.008609933656081356,0.1136853448275862,7.763905107975006,0.07045810942932873
529,-0.009664580357857229,0.8999848045996462,7.517716872965609,0.4792608854815101,0.012468893214865037,0.17418170797413793,3.455625869333744,0.051905764797674836
530,-0.0077001346947538655,1.596758795313429,6.909961199809663,0.4521416573487809,0.007193333221509638,0.09287446120689655,4.46406739205122,0.04143296170668043
531,-0.007685693019499828,1.1477481716196902,6.338550373108523,0.42753763951360657,0.010236520544034303,0.14187937769396552,2.266438737511635,0.04929280740975428
532,-0.014392039337594078,2.56485950732899,5.578225610328634,0.37740060011069076,0.006675980804645625,0.08301623114224138,2.937620148062706,0.044843698353967176
533,-0.004593659065808123,3.587418549475321,8.231338838578235,0.5387544581450767,0.01608545437031729,0.2021484375,4.042232766747475,0.00459339814192683
534,-0.01608517685987024,3.19447852752894,6.935843748661658,0.4651477516828444,0.010283332483532862,0.14553306842672414,2.9455846399068832,0.0010801199855436927
535,-0.012663585433839268,2.271072643853436,6.945244722239169,0.4657274589778573,0.008545983757734386,0.11437567349137931,2.99068982899189,0.0015567561102463046
536,-0.015216630842624862,1.6011879096939483,5.829791518996554,0.3995870913096073,0.008852485201588996,0.11563005118534483,2.296395719051361,0.0012024313743693726
537,-0.012658194508043445,1.3395359959801887,7.106114887702931,0.46313477424923644,0.007380626708348653,0.10279162176724138,2.4105711430311203,0.00028518057874749037
538,-0.014841128496564496,1.984987969899695,6.372389696883931,0.4195798555971625,0.006883219709348411,0.09076138200431035,2.3996205627918243,0.0003622242809665499
539,-0.017922652497880165,1.1814797219761215,5.848544335572836,0.3891545118102809,0.007403431745905405,0.09610721982758622,1.7510776072740555,0.0005679403883889211
540,-0.017804208785839125,2.738641656989505,7.199487280008929,0.4670037922244201,0.010592678239469211,0.12964709051724138,2.6792007088661194,0.0006751346898599131
541,-0.015703584841819294,2.370217063915241,6.5301887967951435,0.44174269537448113,0.008951259900225618,0.11947737068965518,2.7618520334362984,0.0005758785803484656
542,-0.015914545837589382,3.090936087213538,8.46539926684161,0.5565194914129583,0.0073787566398095805,0.09162008351293104,3.027505725622177,0.0016704396556738166
543,-0.01660967216501725,1.8450872075458378,5.400691946373815,0.3667159325238478,0.0053719269998164865,0.06701239224137931,1.7341685891151428,0.02882360066687628
544,-0.011215906615663192,0.9084510191351678,6.097611444179321,0.4066756089680674,0.006207053056704322,0.08304990571120689,1.4239336550235748,0.015494173719259874
545,-0.0080218988981387,13.963159203658286,8.113562438233814,0.5080380393888426,0.012023108074119732,0.14991076239224138,6.413255199790001,0.0065852593242637925
546,0.00670935314231013,12.427328264201439,5.8892447274209125,0.3880014946116246,0.022308275399390023,0.1476545662715517,8.613403305411339,0.06593826961337346
547,-0.01008811788945938,1.264047435856871,6.5180697146043425,0.43421820311396164,0.006506756986098104,0.085693359375,2.1937055438756943,0.009808691272651493
548,-0.012570313992042581,5.3108104272727665,6.391638314055886,0.42475127497825804,0.005219582859604872,0.06622945851293104,2.9748250991106033,0.0018380500743059303
549,-0.019157228656957882,2.257552100002666,5.688786292435468,0.38435142435198566,0.0087359801878408,0.11421571928879311,2.242838576436043,0.0025209933684449126
550,-0.0156428895213148,1.2315236034131591,5.2878231603086725,0.35709178267662256,0.006183976409500184,0.08616480334051724,1.7002846226096153,0.0017396917803773615
551,-0.011959344197672134,1.338259083165105,5.614862874041137,0.38213200447497564,0.006860317358022539,0.08931337553879311,2.150853581726551,0.0014137885205057765
552,-0.015989222165950962,0.7350301339638396,5.97579668224453,0.39153988033580517,0.007502409790033888,0.09701643318965518,1.9486973285675049,-0.00020032542219250438
553,-0.013015169472705545,1.3608958103464848,6.053719748189969,0.40042509848095065,0.006007923798898477,0.07440396012931035,2.1031904965639114,0.001006555703450429
554,-0.01229340991300901,0.8747041114140921,6.5138867677536645,0.425075639808491,0.006997639061253345,0.09421302532327586,2.1976680532097816,0.0015676437956566591
555,-0.015600431662366139,1.9798651899341642,5.849618525661519,0.3867995881438162,0.006407924875177209,0.07748518318965517,2.334496393799782,0.0010222098708849714
556,-0.014576527649974089,1.3296407692734995,6.377131344408554,0.420115062074901,0.008397459568500224,0.11591628502155173,2.5571602806448936,-0.0005291166198422292
557,-0.017174143293983896,0.5594635135205435,7.229778517889646,0.4714696533980262,0.009678654295169446,0.13322501346982757,2.615554429590702,0.0009490013019096688
558,0.0037617584793957605,0.8394800068157259,7.880890103288362,0.5120262227572032,0.015376599083608977,0.20315025592672414,4.878182649612427,0.0005075983787374838
559,-0.013837378523573855,0.9831201266834497,6.078854328855383,0.4068692439412126,0.007558471369238446,0.09970198006465517,2.3330885022878647,0.0014495596740932148
560,-0.012864368064400417,5.067289040999118,6.2012813955025825,0.4012841665524806,0.009296972102235707,0.11559637661637931,3.4600638896226883,0.0007035275116809014
561,-0.01529579761298574,3.121890293297225,6.405707951257101,0.4093191534637713,0.005974267207628553,0.08602168642241378,2.6770325005054474,0.0003984684307117847
562,-0.013134496360435306,2.5028924240406196,6.097189605206609,0.3849587365261953,0.006339861453936096,0.07613820043103448,2.7633429169654846,0.0005665488997391721
563,-0.017172149968157902,1.2041003431103414,7.165298371074265,0.45452714460209176,0.008174603999001537,0.11256566540948276,2.3877711594104767,0.0007415512180695139
564,-0.012583523380088038,8.381843958579921,9.072073086116397,0.5550989396180995,0.011272468474345487,0.1571339574353448,4.705679163336754,0.0006557839567912227
565,-0.018928005055312294,1.4142376164138726,5.927814405170372,0.39493686424056845,0.008171058891344602,0.10168877963362069,2.2324967682361603,0.0011088953729100348
566,-0.014931799652011815,1.5132941109863958,6.147951164199938,0.3901798538975778,0.008580532633177113,0.12081593480603448,2.050272189080715,0.0002935901176640554
567,-0.010986734282892423,3.6433794659334535,5.012199845906158,0.3407721981782209,0.007518855852822526,0.1013941271551724,2.6943542659282684,0.0004764260964842393
568,-0.014802583227860763,1.851777782698536,5.926714315193655,0.38664477324446045,0.007973685241048425,0.10377660290948276,2.8684864416718483,-9.112104091091311e-05
569,-0.015655101887868592,4.5650315265309835,8.174860089909165,0.5121195462083429,0.011633613824415079,0.14772191540948276,4.332769796252251,0.000368176059679981
570,-0.014212699739999191,2.644399085222414,6.944029871698776,0.4443206252427162,0.010229652367970316,0.13743433459051724,3.568712443113327,0.0024210992933674236
571,-0.012101196298477265,3.9737364042876364,5.8201175812025525,0.38158801727422537,0.010581098711209679,0.1353044181034483,3.4170092046260834,0.0064246352093294545
572,-0.011993599624964912,3.4257341514753525,5.261839031793803,0.3603729238037227,0.015285789717883495,0.1790392645474138,3.908972591161728,0.03583771958428361
573,-0.01580279814192934,2.7960557706798217,6.409525813640734,0.41802314543926106,0.009649550723601163,0.12923457704741378,3.8433442562818527,0.022716482202432386
574,-0.01218629134258989,1.997737246186951,6.507732812465512,0.4172255534867402,0.010410693080334097,0.13357017780172414,2.8880860060453415,0.023323520612429594
575,-0.009462271944751029,3.7249371190042293,5.027265347489321,0.33018164366010216,0.011666816438546761,0.1462907462284483,4.1340306252241135,0.0300000517489033
576,-0.010446974996749101,6.712539538829009,7.3741436532812354,0.4602235243086288,0.010688274695424079,0.13340180495689657,5.861612886190414,0.028572312482911033
577,-0.011677899250527396,0.8158529924676955,7.1511462129368235,0.4497312958077726,0.012857226663339227,0.17821423760775862,3.1024675592780113,0.03792808197370934
578,-0.013896441221827992,0.9645252503002388,6.231838366335132,0.40685980929052235,0.00692134700160562,0.08384125808189655,2.7120292857289314,0.05288254233442402
579,0.012434137429991665,3.778624384757598,7.457099428092338,0.4762500045232862,0.030157952663918467,0.30197669719827586,8.188410758972168,0.05499902781391486
580,0.007741202500947816,2.787842552539688,5.277889142154734,0.3460434853933834,0.023446789077375983,0.224853515625,7.837919890880585,0.057628061241892126
581,0.007776735537506425,3.183973705454355,6.652641270698073,0.4195181909656734,0.027605567119813903,0.2698595770474138,7.857926666736603,0.057087029592820526
582,0.036759045433768,5.019129083827555,5.352679243066318,0.34491846284923267,0.06012986277751067,0.2996952451508621,10.637416064739227,0.06716365360098087
583,-0.007614709175248105,1.7096317759066975,5.560443349373913,0.36258125224898763,0.010923959231996409,0.14076811691810345,5.894993275403976,0.07146252008375986
584,0.01759562628160144,10.809707891926916,4.84986766185466,0.32512279344387185,0.04814324104919596,0.20363011853448276,16.840449929237366,0.06656980933678291
585,0.0036980887616230346,0.9661279973955905,4.973225319450962,0.3390234959670438,0.029034729226184247,0.28652848868534486,3.1468597277998924,0.048008926150723163
586,-0.016006805255419122,0.9701968974413138,5.074026759428715,0.34081022145534823,0.01206052872753938,0.15603111530172414,2.837625451385975,0.06368651299689398
587,-0.013706404136062757,1.8383469896797644,5.851994044856649,0.3793316523840943,0.014279268722585302,0.1516618399784483,4.398318588733673,0.05784083496774395
588,-0.01818726217119359,1.1682264974309353,4.612708071109002,0.3141740666227445,0.007088022290002395,0.09334590517241378,2.766370937228203,0.07339388127136126
589,-0.012485869104924162,0.9582538695213407,5.3203820710307905,0.3448108096086555,0.0054570060746817915,0.06812365301724138,2.610583074390888,0.0509792253627267
590,-0.008771069293703804,3.682116920973326,4.431904978172529,0.3009638315066884,0.019136711000226507,0.17180765086206895,4.255560293793678,0.053433398606350546
591,-0.017045320700746963,1.3643987950358532,4.148883388462842,0.2826287100718391,0.006536764773547223,0.08079370959051724,1.8530448228120804,0.034850065469365976
592,-0.020006648955093603,0.6248274612492719,6.085801916987638,0.40336319051181724,0.007496634372101057,0.10869308997844827,2.239851638674736,0.026156354684813143
593,-0.01686355390226144,0.6510152576746311,5.073434252203571,0.3349018562820535,0.006943459608190348,0.09092975484913793,1.9354400113224983,0.02526532118202951
594,-0.017749967115242994,2.7405061584923365,4.495426122265003,0.30272842153264157,0.008884128341221719,0.12023504849137931,3.1124559342861176,0.027128818236742847
595,-0.014823749337859066,1.9946731839030134,5.530456521294174,0.362750346156488,0.00902316605947033,0.1248400457974138,2.928105816245079,0.010673794521874225
596,-0.019067535781017067,4.782735894994687,6.013497407101035,0.3868398741936697,0.0109346651255817,0.12398976293103448,3.2842227816581726,0.009846516020415641
597,-0.01477175029345815,4.737229238536711,4.754603237435543,0.3148644979607431,0.008775974389585639,0.12428441540948275,3.5365518778562546,0.010682779993395286
598,-0.014115194331835787,7.5880671531365085,5.074523886099119,0.3326097447192069,0.010148222944092688,0.13694605334051724,4.461144760251045,0.019764129795611596
599,-0.011887316105179676,1.129176413320122,6.210204282598514,0.39566142243563324,0.012344814983360517,0.149658203125,3.594220295548439,0.01862464373905981
600,-0.015535325830682229,4.3973167838924585,4.262023080313218,0.2903024105172288,0.005941400268150981,0.08118096713362069,2.759411856532097,0.005665586581688142
601,-0.01578451536025717,1.596043057748382,4.163411656644994,0.2815562074237442,0.009402831143759238,0.11261617726293104,2.644130177795887,0.002761079634311714
602,-0.018906476975373683,1.900588349949726,4.652641252898623,0.31402489103214487,0.009653748573014284,0.1233331088362069,2.701027810573578,0.0006665589583229048
603,-0.014132384720577637,1.6300991630105999,4.528346924406927,0.3079347812963533,0.0081433987441979,0.10777545797413793,2.9115246683359146,0.0015250688065737705
604,-0.01276662819653555,3.5785362727516623,5.153370345361252,0.33960412551178454,0.010675683545976991,0.13729121767241378,3.6228951513767242,0.0050623627449797315
605,-0.01784843864415256,0.9156062710167647,5.257742405777467,0.35201835817769306,0.008755046165051367,0.12037816540948276,3.0764303877949715,0.005747867529323214
606,-0.016445398095912417,0.7194919933812551,6.051240437487963,0.39850048773448554,0.007805036233642976,0.10798592403017242,2.940670132637024,0.014847196152216524
607,-0.01932702318457425,0.829522528608313,5.627995256407742,0.36245103070579154,0.00750669584878998,0.09772359913793104,3.0168445631861687,0.017717203518272107
608,-0.01662222343049805,0.8597875258940184,5.469330221761286,0.36080224999716104,0.008528385143240915,0.10668103448275862,2.59910848736763,0.035850713548619795
609,-0.01277958068746394,1.681419286817758,5.72208239741504,0.3808007582766738,0.012558251919879946,0.16873484644396552,3.6825795471668243,0.03683386175822956
610,-0.017500713388183785,1.1068596987364647,4.87064383004088,0.3301996154595427,0.010318105339953539,0.13038793103448276,3.325638309121132,0.03265261856472401
611,-0.01902344500464157,1.777945571980329,5.736276977004685,0.37691808642838276,0.011483278175703538,0.1598363415948276,3.8879304081201553,0.04426156338956755
612,-0.005432878824481789,1.6443558913448826,4.9579264442668025,0.3291308796242254,0.018923740306208543,0.21081963900862066,5.01663863658905,0.05347481136419918
613,-0.01259517539211577,1.2123285371616843,4.410713265423604,0.2952977217535175,0.011423056433566923,0.14467436691810343,3.5396728441119194,0.09129195706586335
614,-0.012038389980975337,1.0422266276494292,4.787220033436636,0.3166053180769754,0.011068848244608019,0.1461981411637931,3.7055301517248154,0.06794689699342482
615,-0.01783277287541821,1.3322450756523945,4.107200473311854,0.27719445035824,0.00906094961345812,0.11073040140086207,3.0787032321095467,0.03024656341609977
616,-0.01160683591411306,0.9365833638360455,4.118026605250195,0.2798260584770481,0.010250088135950951,0.12104323814655171,2.9179594069719315,0.05475785953644974
617,-0.005168530417883968,1.671614951268172,4.34685527751032,0.2964410681112409,0.013774441529864723,0.1430243130387931,5.0560768991708755,0.07917010661658763
618,-0.01389165530933863,1.0176678863260826,4.9928452556293985,0.3297201376051323,0.01689704740426256,0.2068712957974138,3.934393972158432,0.06802088804350526
619,-0.013872900088670278,0.8453533394185264,5.458800527988011,0.35721880522024596,0.013143569370280099,0.17784381734913793,4.10055935382843,0.08996232512659186
620,0.002265799927358629,1.5464359092005417,4.160953379456824,0.282245412605601,0.023329519959149586,0.22378434806034483,4.747864872217178,0.09971141683451068
621,-0.010982794766113298,1.2374410600886503,5.337814041038278,0.3535427060228985,0.01855988097122463,0.21337048760775862,4.915319919586182,0.0735883351986093
622,0.023777973770465914,1.8981454325256888,3.88663424574331,0.26202396055131083,0.0660688409611637,0.2872103987068966,6.0266542583703995,0.06280277225150077
623,-0.013286433676183089,1.2283764328665514,4.041900696460351,0.2787662626688902,0.008345797313362208,0.10531721443965517,2.6535105630755424,0.05626253148433469
624,-0.003522554717462831,2.139838712366219,4.090611113603669,0.27821652618099346,0.014693260230442633,0.13264412715517243,4.93115870654583,0.10727127797036584
625,0.013844719551612124,4.0542623112231855,4.769764286820207,0.31905508604915733,0.07083799052358292,0.329833984375,9.108073681592941,0.0691916707045992
626,0.06037596209971584,2.669940361556759,6.708138991888505,0.44023105214106495,0.13588953724970923,0.5306522764008621,9.037187427282333,0.058301009332019316
627,0.05553742268167995,2.910493559970538,3.356932932675308,0.23053673768605804,0.1540382681929594,0.3827535695043104,11.02481609582901,0.012546780998478169
628,0.0033518348146348497,2.007904303316784,4.0187399718266335,0.27458947187702853,0.027273858131279822,0.22340550915948276,6.545696347951889,0.07504419636756343
629,0.008320542285008121,1.4417892161318286,3.636234091672138,0.24601173110221453,0.03453073864762575,0.26154195851293105,5.0372490882873535,0.06887328041499685
630,0.023678967990913728,8.200290297872682,3.8120774075741166,0.2576720499242438,0.056742407732756336,0.2661469558189655,11.399857997894287,0.10399987535781774
631,-0.002451356724504131,1.5630152845815406,3.6603660748828473,0.24958706000198339,0.019448835757273252,0.2026872306034483,2.590400256216526,0.05645138592651988
632,-0.018404207892328654,0.9343326643968424,3.4614558604168044,0.23940663233590134,0.013433627839699981,0.16214304956896552,2.4036479592323303,0.04583624855655466
633,-0.018570422265204126,1.162045990894753,3.3786498898206263,0.2319201807126377,0.013045152108729937,0.14299905711206895,2.3069771081209183,0.02869366567398801
634,-0.013851587378855489,1.8149624556655142,3.2799541829685026,0.22541082252351502,0.012293310667787253,0.15284044989224138,3.0506538301706314,0.03671306954848119
635,-0.023203242823482555,1.2811835647229453,3.5820091308638,0.24571183097523003,0.010196988060842755,0.13674400592672414,2.79279001057148,0.011703210588926538
636,-0.019791312543504615,1.057066961642208,4.059402399765908,0.28053547142398483,0.012255783144766986,0.1590113146551724,2.894725665450096,0.0015265371415413842
637,-0.017584179913172595,2.865516239593359,4.007740828213894,0.2755394607037927,0.011084902793927227,0.14119746767241378,3.5847268998622894,0.004019275669753464
638,-0.01458466421398882,2.3316549238851527,3.4126218334833913,0.23614714406727247,0.005193296368831617,0.06287042025862069,3.1374104022979736,0.01308489850247152
639,-0.019017891165171656,1.3129950572486722,3.667292312245724,0.2514586769915145,0.008652038254224644,0.1232068292025862,2.7065736204385757,0.003478038204528633
640,-0.020326196761153638,1.1351620009938928,4.196243197513342,0.2824332375341998,0.012368581551715486,0.14971713362068967,3.1588134467601776,0.0019025136510254503
641,-0.01585885875818041,7.329270431943003,3.9331907233018084,0.26945770046847883,0.007452865445523865,0.09466763200431035,3.9336825609207153,0.0015962392503028333
642,-0.02401867133730329,0.8999301537450533,5.462832132507111,0.36741956035442747,0.012850575391361228,0.17756600215517243,3.8652794510126114,0.003715347951635972
643,-0.015560719035314488,0.546494824375188,4.602754983196691,0.30810840103399956,0.011479292027709968,0.14467436691810345,3.036458283662796,0.006580742681330465
644,-0.014177386146036202,0.982703072984904,3.872309466713573,0.26024816764350256,0.008664510732979453,0.1101831896551724,3.5034385919570923,0.006410083146942025
645,-0.016338542221780213,0.8516696281847524,4.759387706186285,0.32372693733519153,0.013959808583657488,0.16944201239224138,3.862682893872261,0.0070130769373655255
646,-0.017045115915514587,1.4435937083689447,3.539900766944466,0.24205422542533972,0.008494205739256798,0.10327990301724138,3.193338692188263,0.012546573995059873
647,-0.017475787350918905,1.9420977497160263,3.49805031008023,0.23735024885302758,0.008797807058397604,0.11151333512931036,3.8683732599020004,0.012085727900986942
648,-0.01659165044252561,1.0432098556291742,3.905268595931218,0.2660847166136732,0.012188323689331121,0.1548609240301724,3.9102881997823715,0.013185003511516191
649,-0.013530130168010246,1.2551461438136835,3.6390054527250557,0.2451205489823452,0.008051835568416021,0.10578865840517242,4.580034926533699,-0.01180330411859365
650,-0.01532863499115163,0.7471923405189824,4.1547579422595255,0.2782890688501445,0.011267428094940662,0.14235924030172414,3.0374455228447914,-0.020461773883680978
651,-0.014832676777320464,0.808549654836817,3.867236559826026,0.25871837703059086,0.009646896538721068,0.12899043642241378,3.963698223233223,-0.003667227094990011
652,-0.012778567827308898,0.9522678733320944,3.442050607290592,0.23281586524895154,0.01757463262530454,0.18918372844827586,4.321212455630302,0.014688370038679621
653,-0.014577255528085344,1.1349774365977872,3.451365659169259,0.23621274931867745,0.006979560631093748,0.09166217672413793,5.850873872637749,-0.021913363820110554
654,-0.009611069100322053,1.245330550439099,3.3723937897157783,0.23067845479640475,0.011013472781871377,0.14059132543103448,8.141734957695007,-0.053022679736812295
655,0.013297453020803068,1.6224041018142799,3.5110925348665987,0.23864477774173898,0.04178779935544549,0.27521383351293105,7.997956618666649,0.0009393979607337233
656,-0.0004522397244347198,1.2655152339174722,3.590913185455316,0.24843243236245505,0.03087631975509355,0.2755842537715517,5.555934235453606,0.02073256929968892
657,0.07281822460086451,6.936207839145743,4.379035869022557,0.29987457909402926,0.15167820239072438,0.38335971174568967,16.182458698749542,0.03982791907159977
658,0.08775432535427272,3.548639476221388,4.717859071727836,0.317382772870948,0.3931637711685861,0.5213244207974138,12.27807879447937,0.05318557951436864
659,0.024039825225571576,1.4050642334245782,3.7662443863088404,0.25276261548881473,0.0745115103957154,0.38532125538793105,5.277150869369507,0.05411136775312475
660,-0.0062228702920762175,1.3447645706470936,3.924306086143682,0.2640577115248393,0.009937267954163762,0.11978044181034483,3.9649028927087784,0.039550016818543976
661,-0.007077356720655275,1.2585218087531451,4.832822623297787,0.3187404531110611,0.018889671023732166,0.20522124191810345,4.061849735677242,0.08743106417111102
662,-0.017896880649053745,1.2722764724786795,4.349636892899824,0.2919270897013756,0.010638301282040567,0.13132240032327586,2.940884992480278,0.010205894553023787
663,0.0239321880848378,2.1829242532111,4.610318609842157,0.31052493990673496,0.040974997004860625,0.31320716594827586,5.9148998856544495,0.05589506301279479
664,0.009772959871892205,1.1356970435025269,3.811642787559463,0.2579423654001236,0.04263599785152674,0.2710045123922414,3.202509768307209,0.026757111487676122
665,0.03655644844229969,1.7495364127981978,5.336191032290461,0.3503254780472193,0.09527675805663327,0.43496598868534486,6.13411271572113,-0.026079173379627285
666,-0.007149307096224692,0.6852201250302321,5.143641649520932,0.3306266865143146,0.014897577779626364,0.1746784078663793,4.071757510304451,-0.0859774247599423
667,-0.008056185411178786,0.7769215972882288,4.821625799780975,0.312966034117938,0.013026043098167957,0.15085365032327586,3.995684564113617,-0.05325615979952292
668,-0.008536188065849711,1.1271371369456766,3.9035834162438325,0.25959139438009515,0.008464340469274623,0.10944234913793104,2.9576300531625748,0.07219181392433971
669,-0.013336553366001303,0.7078392402642447,4.405742096827703,0.29636700860627063,0.008947992333246632,0.11621935614224137,2.8957477062940598,0.007850350955923457
670,-0.009079086216998128,1.2863563852333817,3.717762025477817,0.24733569419624477,0.021381036667098043,0.21485216864224138,3.547760009765625,0.022264995451001357
671,0.05497180291177983,3.3557921176306023,5.580306741109309,0.37224767725294033,0.11658278523834174,0.4512476427801724,8.77464896440506,0.01707165799038257
672,0.07065770136260247,2.5384135469260514,5.098272866446678,0.33508232990983355,0.30110395402754353,0.5103633485991379,9.261676266789436,0.019321117048445635
673,0.11901218181687392,3.17194618722855,4.088987711969206,0.2648764667620738,0.625207916697491,0.4925242456896552,10.111142739653587,0.042144382304177386
674,0.006975850918203033,1.2027893899304192,3.901619035614752,0.26289431487022685,0.02620610175354786,0.2593110183189655,7.067399725317955,0.0569996915625639
675,0.0780795798130258,4.163579244074604,3.2729796339951993,0.2251330386192292,0.32397062867686494,0.38600316540948276,12.470608606934547,-0.012395407357358224
676,-0.003979182882690778,1.2490568195474587,2.676965690253949,0.18718582382589205,0.024954179569029858,0.2124781115301724,4.24041685461998,-0.010036128274701461
677,0.006499395416316757,1.8310796289147033,2.996146544372707,0.20571889693699197,0.046268012912793796,0.2306623787715517,6.386732578277588,0.04709459843085195
678,-0.015834056142260765,0.7410894547435918,2.980530214709845,0.20560590468705614,0.013730963339514408,0.1435967807112069,3.0210939049720764,0.06305878337477877
679,-0.013060444977555144,1.1301079522060202,2.7447462096252293,0.18904122872324788,0.01724686207735274,0.2035711880387931,4.765760138630867,-0.01077043242438469
680,0.03194235048775928,1.6529630369283717,2.9576438059852834,0.20581308017937833,0.06332081612583415,0.28655374461206895,7.423284590244293,0.026948826869636622
681,-0.00985645410101052,0.9304682983942263,2.947843676232793,0.20232381353907902,0.02056730038674655,0.20581896551724138,2.9940593913197517,0.07039989653043288
682,0.01348252002409332,1.565538418996865,3.402428912678668,0.23492322966676668,0.08427021504082824,0.2405206088362069,4.716192029416561,0.06143182444648709
683,-0.00553620939623423,1.1534213356228606,3.2622174080792448,0.22378875316187452,0.014207049474611393,0.1528825431034483,3.676004536449909,0.07091473501608281
684,0.01769780269253094,1.5598867069406555,3.58132778466141,0.24310231416674125,0.062351372698952315,0.28122474407327586,6.0191187262535095,0.08885815490668159
685,0.062236898794758494,1.789481597380215,3.306303805796743,0.2255275527031136,0.265924916605205,0.3474542025862069,6.269903600215912,-0.0017300182106068096
686,0.007998454882502122,1.2965820980057199,3.197340699056393,0.2183299832106484,0.037722135494920525,0.23365099676724138,5.365435391664505,-1.9079635845464793e-05
687,-0.0017207406029053451,1.6243386875705061,3.2620941493027016,0.22118547981341652,0.015400070429803174,0.1654768318965517,5.233612626791,0.08763319359195276
688,-0.0028326633128409446,1.1422682552330423,3.2399572511687733,0.22078196827913704,0.03110090790909422,0.1911115975215517,4.009716659784317,0.011758415477927775
689,0.07369211431697796,2.6263936846224194,3.6881204117961,0.2570152155129366,0.292706785953093,0.43686018318965514,9.089817374944687,0.04275656702349262
690,0.16923679151051474,2.4742386665431537,4.882643129099145,0.3279141537492145,0.3989371360267985,0.5909213362068966,13.721082955598831,-0.016810969907294693
691,-0.001280150303437001,1.1153479722194461,4.509384143518038,0.2934052983998852,0.02219048962044702,0.2266045932112069,5.377162575721741,-0.009197808537102947
692,-0.0033314831920472745,1.22680868417115,4.3632996703937295,0.291823640638236,0.021274251581009342,0.19032866379310345,4.833049759268761,0.07411934396320563
693,0.08000896775626891,3.656124604786408,3.5294459386526227,0.23449097830014076,0.40272691849483944,0.3833091998922414,12.76469886302948,0.014903786275523134
694,-0.0002965994691840213,1.1244288969376193,2.980604534833972,0.2050876306532603,0.02394828516856972,0.19623013200431033,5.157502815127373,-0.030570497217148107
695,-0.014551720969261009,1.0514935919447694,3.0702368823925412,0.20853998318024558,0.007910650729109906,0.09335432381465517,3.020822875201702,0.07456707526326611
696,-0.01547531395755676,0.9086446725835348,3.502323517992628,0.23470727959608817,0.012275581770719045,0.1304131869612069,2.4716809391975403,0.025263959160136795
697,0.04873503333136608,2.0416304763433306,2.824545493825616,0.19047031556563696,0.17556852432446357,0.3741581357758621,6.22303369641304,0.06583810105531052
698,0.03898722334911557,2.778644496372535,3.055037025192868,0.20812512822272247,0.08862697936548761,0.26904296875,10.686540007591248,0.06243553606793395
699,0.008107816626149095,0.8071273953888032,3.7380139267216643,0.25375369750074617,0.04879583559196707,0.26990167025862066,3.943574383854866,0.059810515115181095
700,-0.016871741020555192,0.7558998428835326,3.456878196997012,0.235608404981344,0.0159561646325591,0.1765557650862069,2.687558501958847,0.05338112673619355
701,-0.018438575657869487,0.8022160266890304,3.626305658068368,0.24420496755922738,0.010474570220986638,0.1276434536637931,3.557373993098736,0.016560503354946188
702,-0.004964250836944325,1.7555876062867832,3.018830266254864,0.21112109795314832,0.015221491418813082,0.15255421605603448,4.693376541137695,0.06926130105322137
703,0.003173717092471603,1.6827348251107865,3.3439157331104856,0.2316869795026078,0.03546739405967871,0.1740217537715517,9.306190893054008,0.12025874916835311
704,-0.014876053319174444,1.0604071776493267,3.529571650448298,0.2386159188191151,0.007355892220026551,0.09199050377155171,2.960498198866844,0.043350135571333825
705,0.005250922003446295,1.172521438115902,4.055811446246986,0.2717532087108667,0.02949186378894661,0.2410930765086207,4.71400012075901,0.11971314804369448
706,-0.019845536350340684,1.3518370608699022,3.530434428297604,0.24261371426966655,0.01703177295624708,0.1813122979525862,2.484429880976677,0.01069674738751858
707,0.00308480414407213,1.2182988261617287,3.605949610977969,0.2470224285028676,0.03181363801704249,0.1712688577586207,4.786334350705147,0.12124085817688157
708,-0.016072772218140685,1.0581933733356763,3.4348950538071596,0.23511735678342097,0.009496538767115422,0.12595972521551724,2.7973441183567047,-0.002588996989923986
709,-0.015260278342954485,0.7402688053117378,3.503871483197819,0.23909816913112242,0.008756133832885725,0.10856681034482758,2.9367290884256363,0.13914113975589293
710,-0.018545162169925203,0.7160115018550344,3.2386443855206997,0.22342901624815628,0.010861824065512275,0.1309772359913793,3.5751347094774246,0.12667062405674612
711,0.01331713338800098,1.6593933173929645,3.2628342946062387,0.22475155225833693,0.06139014520675996,0.31167497306034486,6.436183571815491,-0.008694021073553992
712,-0.011015791667389373,1.3294370789644026,3.034855336184948,0.20763295259470566,0.01185296545510686,0.1375774515086207,3.1080610752105713,0.02123577280312061
713,-0.014945863267245903,1.0744221855313807,3.2300418093798116,0.21958855556721152,0.012861791514171335,0.15273942618534483,2.5000828877091408,0.03006279971720538
714,-0.008381565018836532,1.1017956394233694,3.3000142111838873,0.22553384270216417,0.010853923444395558,0.13165914601293102,3.435523584485054,0.038475856983586576
715,-0.018711155724739408,0.8627830066642073,3.3782109870977557,0.22790634654542186,0.0071916446242916016,0.0928155307112069,2.4372523948550224,0.03738246556296898
716,0.0016803304952475165,1.4479393185880016,3.3225049531594957,0.22846259455388557,0.039519304788474735,0.24244005926724138,4.983934104442596,0.08332409580559696
717,-0.006948965091537659,0.9224371822252122,3.326817350126797,0.22741104027110576,0.011819665194393722,0.12414971713362069,3.7605153992772102,0.11669351640429948
718,0.05083582130145073,2.118620025278407,2.962314701379699,0.20059175329669646,0.20283400318597147,0.3129546066810345,6.635794207453728,0.12295945483675852
719,-0.012591175370620681,1.0061222074219907,2.6218247696083536,0.18077428112241906,0.012186741920043554,0.13514446390086207,3.2822082489728928,0.07507490446923915
720,0.011760779298127196,2.6008536457287614,2.8443231620323965,0.1972517862050964,0.03032748110208245,0.1831559806034483,8.552336022257805,0.056771787179379474
721,0.01713579459716788,1.6070222524189586,3.7248054505301473,0.2494499179274675,0.05566347737275747,0.3290594692887931,6.264436826109886,0.07032979863373534
722,-0.007439979647568274,1.1042486000309069,3.583156752593146,0.24096041836341955,0.019092582455351507,0.20351225754310345,5.606042295694351,0.09264843550449664
723,0.003128422506060541,1.1926096538726516,3.779498908464034,0.25406201884598933,0.06098356825067452,0.21252862338362072,4.227622039616108,0.10582017509027741
724,-0.01649962755152305,0.4397227962973461,3.4311104566167305,0.22924250886768627,0.011835645773975683,0.154541015625,3.475028619170189,0.0026212691897802287
725,-0.016092423770179602,0.5334108964070284,3.2635765552536755,0.21987923948578422,0.013996080418517774,0.17091527478448276,3.8069141060113907,0.012916983334927412
726,-0.010109114319802836,0.48983195767467475,3.5032796679767184,0.2337244953862493,0.01763201975719814,0.1924249057112069,4.58574903011322,0.08970956272434738
727,0.007436170102040321,1.1406299703343805,3.2387344678055374,0.21894711247690252,0.04775896033058008,0.25173424030172414,5.176735311746597,0.04631068808959826
728,0.0014965189027534584,1.042231318076797,2.987554808855701,0.19958460218404933,0.034556453932054865,0.28058492726293105,4.864075198769569,0.01878551362423686
729,-0.0053659270148630435,0.9236009592721884,3.153530764984274,0.21215197283204545,0.021821752365322654,0.23309536637931033,5.90457609295845,0.034163858319170015
730,0.0494374374207167,2.612332489484934,3.1624710614044584,0.21718722387856815,0.16147651087439863,0.3353313577586207,9.890467390418053,0.07334576032666773
731,0.0314452259351294,1.093783272330846,4.034611971155807,0.26838087309752673,0.06896324001674406,0.36440934806034486,6.887424245476723,0.012418776020891364
732,-0.0013027935608161461,0.9713707084023657,3.7829312318846897,0.25111010652300564,0.017021852232307445,0.19761078933189655,4.868637606501579,0.02859625083442696
733,-0.009573432336619326,1.372413237504087,3.1289919646378954,0.21351354832403402,0.012255173743487204,0.11572265625,3.9856801629066467,0.08246457321353129
734,-0.017124262700557714,1.0817936929121683,3.128032694009762,0.21495114972280394,0.01228656541558127,0.13053946659482757,3.810069277882576,-0.003230041657494631
735,0.08950586524698975,1.9061050154027641,3.469844904092052,0.22947067629369094,0.3479677812080916,0.3968968884698276,8.516095384955406,-0.0570531839861832
736,-0.011013275325928102,0.6578447303723023,3.0462722964282185,0.20635719852328818,0.013656668801715944,0.15699084051724138,4.023209095001221,0.12314878430569276
737,0.013462371225528088,1.7743983895572453,3.0416562673769882,0.20733695628949522,0.04309515663717007,0.20591998922413793,5.284855902194977,0.03672706557751293
738,0.03759205681035563,2.2663957985166423,3.3212682393868502,0.2258961454811005,0.17804734202476963,0.30643857758620685,8.363180562853813,0.016535373856451208
739,-0.004354192044290578,1.0017479186041607,2.2921767899581327,0.15813891828050908,0.020010943234834044,0.18718851023706895,4.470274418592453,0.007371559643496339
740,-0.0177799107747705,1.2504958001244697,2.1753855592851243,0.15040944170015047,0.008827423754030013,0.10120049838362069,2.8955861628055573,-0.012743915346336454
741,0.023908937376201665,3.0276848893443793,2.504777174821022,0.17421065382207906,0.07721403267953911,0.2860486260775862,10.283776745200157,0.035035884140148243
742,-0.002361680464228608,1.2341559831564566,3.264071441596978,0.22313382431354575,0.016867447362215147,0.16616716056034483,4.376432828605175,0.08321378990750283
743,0.06302949788234849,1.710080707277183,3.0871971831983585,0.20966841375506634,0.2262095510295186,0.37306371228448276,7.287508398294449,0.132073339279545
744,0.015868975626831185,1.2401401799990692,2.3513818417334376,0.16174766500597804,0.07316637161482598,0.2512627963362069,6.145434036850929,-0.027325685120808796
745,0.06721730131226339,1.2456863459570764,2.8314094122020395,0.19566016544823228,0.15906444672529965,0.37004983836206895,8.687157914042473,-0.031446429691845745
746,0.07778305156537368,3.135582335771937,2.865113764956199,0.195663941535619,0.09634501784330496,0.29567955280172414,16.273364171385765,0.03974466301006341
747,-0.009432938666605615,1.0769926040747626,2.9445209861284543,0.20209218391556957,0.015175915924844269,0.15749595905172414,3.9496948570013046,-0.03322960677198261
748,-0.0022014085211584837,1.2788213438658769,3.071951079366765,0.20942763237929124,0.02638966255294063,0.23101596174568967,5.4102825075387955,0.09350041548674648
749,-0.01674116447154741,1.0747477931474179,2.984699484698483,0.2059037859427032,0.012861952368815575,0.15257947198275862,3.20902381837368,0.06790681938005594
750,-0.01339480050807224,0.7832108488730636,3.2255870034619276,0.22050176097690155,0.018799061414530777,0.19856209590517243,3.6497678756713867,-0.002445520647518462
751,-0.011153569563501168,0.9482649314366836,2.9423809282037023,0.20044746520508053,0.02183190837672555,0.20582738415948276,3.7586239874362946,0.03614713206326059
752,0.023033919088506678,1.0794474444509479,3.7869158689600697,0.25288778981292553,0.12726771024160866,0.3647966056034483,5.198223888874054,0.0575897044884347
753,-0.002935161073452692,0.9472223716963516,3.529826752842539,0.23526779902623463,0.024316733768030424,0.21461644665948276,3.347452402114868,0.03364252881216312
754,-0.010683447897243806,1.0713607085267887,3.23656902280233,0.2205149197573635,0.03616351760760592,0.20675343480603448,3.220599167048931,0.09145061238498253
755,-0.006547443722052416,1.3369243324612472,3.1764099638819596,0.2167698083500364,0.014410225937698952,0.1469305630387931,4.711520209908485,0.04874602570050679
756,0.016934010111419415,1.8560943570986015,3.644104602511626,0.24623136398942508,0.049786740597106666,0.2605401400862069,9.122244358062744,0.07040128530067524
757,-0.015349347534971724,0.8276679809567838,3.755690664204083,0.2521610841507683,0.016558811019045792,0.18686018318965517,3.3495940268039703,0.05253999552669353
758,0.05594731787806071,2.3250662353383853,3.4307587130747086,0.22931599541940195,0.17475467142301976,0.3005707839439655,9.439128413796425,0.1305575082483429
759,0.004295988426367237,1.0428535903498544,3.125417130882016,0.20921488868554045,0.030011415093871743,0.22875134698275862,4.608575522899628,0.02673509493088566
760,-0.016859600308258636,1.1607334123033977,2.903449464789509,0.19942927195489213,0.009239933296816287,0.11491446659482758,2.9355616122484207,-0.0123381717103348
761,-0.019363057669386452,0.8489281698412454,3.6282377986666896,0.23956126994950366,0.013387211350525495,0.15934806034482757,2.975735440850258,0.09455049901473223
762,-0.013731478713291594,0.868833051735143,3.3999033887630503,0.23008033262517372,0.013228255202083629,0.15079471982758622,3.8699090480804443,-0.009002057283914011
763,0.0005247496008562221,0.8849514996325785,3.6990026309858735,0.25290013384234505,0.02788580070751652,0.264892578125,5.113376587629318,0.01657723374995035
764,-0.018288550918632726,0.8710663459971448,3.07644441354622,0.2079770103187237,0.010501244710306718,0.12049602640086207,3.151192270219326,-0.01845738122994689
765,-0.001642499554198833,1.017111757869543,3.087399064419115,0.2133867994872105,0.021432965053934133,0.18707064924568967,3.9354222640395164,0.09526862567266703
766,-0.005672994298829155,1.3001552268196852,3.3375026438131563,0.2283821456405431,0.0243848053286111,0.178466796875,5.5544595420360565,0.10485558910138149
767,0.0005387631616708514,1.2889225544547411,3.379789153276016,0.2332181283362488,0.023185060478775492,0.19083378232758622,8.909384816884995,0.11597579966104754
768,0.09937571602969608,1.8950095927155883,3.257607192785711,0.21655065810089194,0.5702116666273002,0.4564924568965517,10.520235314965248,0.029366928702850514
769,0.1334004107496305,5.5807204711985126,2.2285111390953674,0.151162422277471,0.4462040057337816,0.40358970905172414,19.170988976955414,0.12578494579902333
770,0.024185728731730437,1.2498105424442276,2.2350761764760767,0.15136086847950342,0.13566997329702457,0.3597033270474138,6.173949331045151,-0.003362577129713218
771,0.03432640446128747,1.9240792633824093,3.1236616227938767,0.2122277674383899,0.09604423848780749,0.3548710264008621,9.98650173842907,0.035124985242754536
772,0.031937135642833986,2.4679719697988545,2.6265298655235507,0.18331269302952202,0.08646720661341407,0.26211442618534486,14.76763042807579,0.004875716205577141
773,0.01655523902891174,1.5221478301804106,2.7806680861084505,0.18833550590986625,0.05107596031972395,0.29156283674568967,5.209617599844933,0.05309538992115803
774,0.05278497646775475,1.6179822178803023,3.713908523169232,0.2554573562178364,0.17794526442250946,0.47472723599137934,11.759731650352478,0.10023133716563537
775,-0.012782804419999174,1.2093950574903543,3.675218500544687,0.24793244745860588,0.010240196452600528,0.12535358297413793,4.4699204713106155,0.0306968813794688
776,-0.00600562174828226,1.2183995039802076,3.182672695940051,0.221276606773764,0.020046942124814636,0.1982000942887931,4.95992636680603,-0.007251275475311125
777,-0.0014639206518196417,1.1702665973339648,3.6011006072360594,0.24060993507115336,0.03312846211071607,0.25709691540948276,4.202518805861473,-0.04584212852734759
778,-0.013006038406504526,0.6047079472077641,4.579402199475979,0.30685888417485785,0.019435033586166262,0.17005657327586204,4.200547710061073,-0.019658534936734195
779,0.01916416220752063,1.1850983996014486,3.9162406304860644,0.26329597031015095,0.06091624431679395,0.3304653825431034,7.0904717445373535,0.08585897194927916
780,0.06014638210909554,1.7922218078160486,3.19109404066063,0.21661908831845283,0.27471041853079614,0.40576171875,9.059641689062119,-0.016198718790890965
781,-0.011146674525080426,0.8882883445215008,3.025455894275026,0.20921120130638582,0.014804778213648864,0.14890052532327586,3.13408113270998,0.0716539335421218
782,-0.011796707851748703,0.9264347264272789,2.8714958131106334,0.19977248022354044,0.01738785080795361,0.16995554956896552,3.61147540807724,0.053001563692444464
783,0.038344175522273996,1.7333420729255375,2.9572912961440685,0.20575282261575328,0.06682797591797837,0.3354408001077586,8.246245428919792,0.13052058258169275
784,-0.010506363578742664,1.0786426141877614,3.2414689708114066,0.2243681284508166,0.03130668417606071,0.24510035021551724,3.46894234418869,0.1680775090646407
785,-0.018598249361574438,1.052025420241307,3.302863850917957,0.22444298576921784,0.01596883106967966,0.1744342672413793,3.331486850976944,0.09017856668869395
786,-0.021943787764224326,0.8236536643897843,3.136874211869859,0.21484628549441806,0.014027590404143194,0.15592167295258622,2.584424577653408,0.005393699889651216
787,-0.004971469534564613,0.76576280841602,3.677007195367646,0.24619676573797086,0.03419916641200087,0.25666756465517243,3.9071257263422012,0.10716190393605962
788,0.012759474772299998,2.4991562637732345,3.521498281813019,0.2389051459503004,0.042094417851409355,0.19036233836206895,11.848405182361603,0.06492699103169419
789,-0.015689449831610795,0.9472316380626074,3.382716766722673,0.2323208420223025,0.010805265822141493,0.12546302532327586,2.791212350130081,-0.02416084387691786
790,-0.006804590156858028,0.8483832197520766,3.833108181035241,0.2527269877490661,0.020810965329391803,0.20408472521551724,4.060640648007393,0.06726040804403466
791,-0.00828405690411916,1.2619847667410928,2.955624299842447,0.20532022040040454,0.021349888424491176,0.1805377828663793,3.681984096765518,-0.011820891801481714
792,-2.9716268455041127e-05,0.9548960081831764,3.9515262188261064,0.26611247738388355,0.025304625244612466,0.2166790140086207,4.592653349041939,0.040326924773697814
793,-0.013574710764125086,0.8444549052151322,2.7815237433481124,0.19279106937646528,0.01255909956150923,0.15157765355603448,3.370982378721237,0.01545871976916724
794,0.06274234443414013,3.196584038293861,2.9553040529478114,0.19922950974822098,0.39754044448206566,0.43896484375,10.916078209877014,0.037987531351635684
795,0.05098681234121055,1.920756430697852,2.1984867306121307,0.15189531112664437,0.17541295680752578,0.36818931842672414,9.771740362048149,0.007445234025287961
796,0.03358451361270211,1.0180020552360345,2.585368128351633,0.17825227731795543,0.07001430957122999,0.3111866918103448,6.518897116184235,-0.008654061325055418
797,0.05210416656807762,2.2678588503435027,2.097140205329336,0.14446041775405605,0.25409618488234526,0.3993551320043104,11.949963226914406,0.029509481641944113
798,-0.013754386303644093,0.9109717944522853,2.034463903730431,0.1408321749642087,0.018131331568493524,0.19281216325431033,4.786223888397217,-0.04945110003276443
799,0.008045037238483916,6.293092410881752,2.6307855530564885,0.1815914319644913,0.02072379738763567,0.1644329202586207,28.94189816713333,0.013717885495066584
800,0.02180835131070251,0.7769807323479909,2.9383323735017246,0.2015916340407149,0.0623913261847647,0.3134681438577586,6.186914071440697,0.021534927849066632
801,-0.007449490316154315,1.4670080387534128,2.618299171736098,0.18084286980427947,0.006457979599057079,0.07077552532327586,6.438428983092308,0.08359190388346538
802,0.013645432923788083,1.8040805151679002,2.796843012678443,0.19417765386009178,0.03445238367673702,0.19410863415948276,8.476494923233986,0.05259498096007775
803,0.0026725726003717374,1.2085566850818754,2.943752520499245,0.20382702963102467,0.025873495995914833,0.20089405980603448,4.212064504623413,0.009546501242213234
804,-0.016825890702826276,0.8148388109249591,2.972669800528789,0.20448504014036095,0.010005039397395287,0.11216998922413793,2.0246333852410316,0.13787753900036526
805,0.04389611049577563,1.5035934093544263,2.7104597385715143,0.18463368581485945,0.15462730909167227,0.30946087015086204,9.135607153177261,0.08267367934018355
806,0.022095220742899897,0.9367252642827041,2.3110171308001566,0.1564339098709586,0.060269340269330535,0.2725030307112069,6.249617591500282,0.018746037815621674
807,0.04831701969876066,1.1710250730803256,2.3830226931328906,0.16177202130067841,0.17362489021243538,0.3846140894396552,6.74783319234848,0.05408029523184743
808,0.024748671068166417,0.9506247847391651,2.612355870935344,0.17521574441492271,0.0714578629740572,0.2839860587284483,6.706845000386238,0.11089253093646911
809,-0.0021985131083113157,0.7736695132742426,1.9261107728488995,0.13126578721132998,0.03435074366424926,0.23002256196120688,4.573632925748825,0.09853352165165274
810,0.034400629453871165,1.93035763431845,3.2177552734604524,0.21939168099960632,0.06009396472414853,0.26654263200431033,10.030959457159042,0.07824334723608217
811,-0.014860661996398652,1.162765613965449,2.8546220309598085,0.19868385539338773,0.01012281436851481,0.1252862338362069,2.9081980735063553,0.05957849181189867
812,-0.007003343643061471,0.9935066921995215,3.4608038100446437,0.23112332430737093,0.015931100546751998,0.15812735721982757,3.834984913468361,0.05349614695236815
813,-0.015726293984155763,1.2077213851831692,3.2543354444776,0.2219297481067506,0.020852962938580938,0.1962048760775862,3.2507763355970383,0.09870067499235358
814,0.017420577591493444,1.4751660769686499,3.911132211518596,0.261767812987598,0.04405952938607478,0.2622912176724138,6.1535409688949585,0.046369852193726246
815,-6.16488321935945e-05,0.835258395692547,3.033115440096657,0.20307012046321193,0.037102532885502776,0.24720501077586207,2.9894005358219147,0.013815348787110882
816,0.028131702654791063,1.5652017917706176,3.4069179097318525,0.22566495684373064,0.07458079822459569,0.2789517106681034,7.704403787851334,0.11960115920167191
817,0.0014984418018100555,1.0116687844260026,3.0703845555639626,0.21091280520023226,0.035897852391293596,0.26540611530172414,4.046646863222122,0.09568780001810073
818,-0.017701946111904673,0.8883899097206924,2.749742117549462,0.1903156199262996,0.007851278072284286,0.0880505792025862,2.4116325452923775,0.058584732669224926
819,-0.007020557722024352,1.0857691861361434,3.0928398666025894,0.21085414035549274,0.020984755114443095,0.1809923895474138,3.835213154554367,0.06551897688905661
820,0.012992932696976885,1.318827000979815,2.8223697201831563,0.1945506194699176,0.047662571346618596,0.3052262931034483,5.915419936180115,0.09313422379902303
821,0.03702224914292676,1.0156076699567453,3.123246028191774,0.21117379728374958,0.12430114499988737,0.3380421605603448,5.561452999711037,0.0712681642598878
822,0.004313439936582157,3.3878213313480794,3.3820530656835492,0.22948074183773806,0.027060656799127673,0.1326104525862069,17.74019357562065,0.08962023973311395
823,0.0036366229746930857,2.098255796345143,2.721233199782624,0.1880406897728531,0.012049120158265175,0.10931606950431033,12.942154362797737,-0.0195614518681142
824,0.026891625963664966,3.859540790763134,2.954943215934329,0.20226796452372356,0.05039110263128507,0.24574016702586204,20.72902399301529,0.09080816427087923
825,0.004108048644736011,1.0627851465333622,2.5420468451847356,0.17376093599820455,0.05482319362984307,0.24764278017241378,6.1279919147491455,-0.007805438254328445
826,0.012656187777441433,1.4307396704059252,2.8041810705344377,0.1927330818013443,0.05472791772570354,0.26634058459051724,6.815901458263397,0.09810547723120877
827,-0.0016095270019957694,0.9202929061691485,2.391348508410941,0.1639065510957699,0.02797268759049671,0.21328630118534483,3.6720646023750305,0.15295353668806833
828,-0.018424841087469813,1.741980895721952,2.574629226176551,0.17712074754201,0.01581685682284497,0.17483836206896552,2.5545032620429993,0.03130548656841359
829,0.015776612361536074,2.001556619136437,2.8060554455487994,0.19168687705622897,0.04926117084005455,0.2672329606681034,9.41287685930729,0.05360808890688129
830,-0.003441428623118712,1.6337808893822916,2.8656047576652215,0.19821427193547128,0.025329581400252085,0.23631128771551724,5.496539190411568,0.07250432070888113
831,-0.013221388626024675,1.2306823657690533,2.558041766882792,0.17839814928028414,0.014766775526368292,0.1541705953663793,2.779683195054531,0.050866315796242345
832,-0.017248649234418326,0.8433782187842771,2.7939911316984607,0.19448047408410857,0.017413959196817125,0.17946019665948276,3.830036848783493,-0.002608856339529675
833,-0.012139017042683227,1.0706635596583136,3.1142042433469936,0.2135114080403939,0.01903111883000057,0.20029633620689655,3.7009625881910324,-0.01771659563790684
834,-0.014309358923739034,0.8988474645983069,2.7949457910103392,0.18842080426867686,0.010668025835723806,0.1174737338362069,3.0383043959736824,0.08211202436552067
835,0.002273670713469462,3.0342353210225648,2.9686210458769455,0.2034156312397657,0.042187907406928155,0.21230132004310345,9.213793724775314,0.12351439850152934
836,0.06107144685934157,1.6469875546430424,1.8386092702964711,0.12701156520782797,0.2334913886654165,0.3581122036637931,8.909810483455658,0.0012311228153075726
837,0.017521433753702662,1.159476616900852,2.002769109551145,0.13826906296120098,0.04956686090015498,0.22433155980603448,8.452518105506897,0.04783434018201349
838,-0.00881529560954591,0.6807977584296767,2.2148227561981377,0.15276013136667205,0.019291994984871115,0.17623585668103448,4.710289642214775,0.024200361887873778
839,-0.006359776092290107,1.066939033288372,2.4652887721266916,0.16794239820434265,0.04452532332959828,0.22610789331896552,4.540675088763237,0.07563497170055133
840,-0.0032980794667309965,0.9522192835037464,2.393179083954191,0.16530568171613613,0.03675952967958061,0.2179754849137931,3.2982473745942116,0.07735867653089923
841,-0.006815034476464289,1.5714430935246446,2.2543761732803187,0.15794826872194973,0.01614419680193131,0.1573528421336207,4.564454346895218,0.04399047596994776
842,-0.005659535168733547,0.9817762939170163,2.1522366470904015,0.1476983525340416,0.021480367112793643,0.19776232489224138,2.751895397901535,-0.0021958407780435785
843,0.023049169148321107,2.2643125708180056,2.328557112516435,0.16122996040208634,0.08384743828082719,0.2548070447198276,5.9998286962509155,0.03803331521180198
844,0.05738936816903297,1.791114058693168,2.0152744820356303,0.13864612789414282,0.23017474946899041,0.38660088900862066,9.767055720090866,0.1057700319606314
845,-0.009428337828138874,0.5075086176142836,2.0455925679393347,0.14069512023866132,0.0179476000929722,0.1815985317887931,4.600164234638214,-0.036079895461153644
846,-0.014319154676618411,0.7935081367392955,1.8782778234613549,0.12980466923443396,0.013472901741900795,0.14308324353448276,5.022356390953064,0.023045237611350355
847,-0.01347060392822249,0.7280423741487214,2.16323185377865,0.14817108259923184,0.011577381555165127,0.1427801724137931,4.308492064476013,0.04306473146644074
848,-0.006296348092487995,0.8199107965234808,2.056122470946673,0.14133089331563176,0.015687347137169003,0.17116783405172414,5.630746960639954,0.003174134804210582
849,-0.018760579276845338,0.9497014564005306,1.7718704971971968,0.12301766254665028,0.009636294141555795,0.12472218480603449,3.443078748881817,0.07878742343324374
850,0.01321878615147139,5.549954917269965,2.505372572523666,0.17271321197682268,0.021568629528575974,0.1781047952586207,22.3680320084095,-0.004932441052321712
851,0.00909754349835476,1.5741241478351644,2.2669849735787246,0.1572409883045029,0.04930041392943731,0.2651872306034483,4.361025683581829,0.03987718209972535
852,-0.014502240675353967,0.8119733938085854,2.39121532267919,0.1647140829691125,0.009911220811271302,0.13107825969827586,2.6964696422219276,0.08390008379289782
853,-0.009754667478687137,1.0586039444790942,2.664740357105549,0.1834889197012801,0.013382181195366088,0.13718177532327586,3.241795375943184,0.01851559312873796
854,0.02308197512638327,2.298027529105541,2.5997256738982646,0.1808739333037476,0.043324174869886864,0.23903050915948276,12.48762321472168,0.049258673277021936
855,-0.018759202922302817,0.8971006501659512,2.232631741533298,0.15391460977828209,0.013089117948076254,0.1395305765086207,2.732581026852131,0.08018884666339432
856,-0.004178257399650161,1.3398954852884892,2.6117968196102206,0.1763313840580582,0.02503162921343103,0.1565362338362069,6.956574320793152,0.06593954709465455
857,0.009684845567776313,1.986879634093233,1.8808580426939598,0.1290862738532995,0.03681559213255868,0.21975181842672414,10.536364197731018,0.04415315763718908
858,0.012112560329100689,2.9120226751884712,2.800064564262877,0.1864015590432987,0.10378758797482214,0.24439318426724138,12.523661732673645,0.16673148745306632
859,0.015850412364631326,1.232048198761548,2.012869963339795,0.13751254351321002,0.07809217376944255,0.28307684536637934,4.138991013169289,0.05690423943901579
860,-0.0038855815739092065,0.8521138248558932,2.197251822920568,0.14853771948570565,0.025478230682140217,0.18906586745689657,3.4450719505548477,0.05988698273587778
861,0.010129042279482619,0.9900111579845199,2.2018199663010813,0.14912554486411406,0.06449449577551071,0.2703983701508621,4.886321529746056,0.039046068128740896
862,0.01336637375860081,2.1056019254113174,2.644263159718027,0.17997372715913046,0.05100179818509787,0.1778522359913793,10.03887565433979,0.0439715095765536
863,0.004578117788373861,1.7566784107716695,2.0677817634730298,0.14107177403055152,0.03438180632062916,0.19332570043103448,7.542214408516884,0.004142902134994797
864,-0.005284947415596999,0.7130000934374099,2.1440585256915483,0.14654829015835139,0.026328469357175546,0.2119982489224138,2.7749482542276382,0.003412308535304387
865,-0.00392646407019897,1.8109641885917747,2.0603381054985723,0.1418027570571996,0.02059265239473336,0.1691473599137931,7.908910885453224,0.08383838176680469
866,-0.011241172143176582,1.1421724401390532,1.882930342631449,0.12949895865332195,0.011973225914642109,0.125732421875,3.5810281187295914,0.04792260634941592
867,-0.01275948765043001,1.164945887119948,2.5204190905898884,0.17408650991009622,0.01853162231917191,0.18917530980603448,3.753601536154747,0.04066309721025385
868,0.008935620550122904,1.8737371309475876,2.3100588177944013,0.1586913856159523,0.019524988431259833,0.15757172683189655,13.381895959377289,0.03295977610265988
869,0.0028387988725720294,1.7481592858619621,2.3810551237515547,0.1645905478324044,0.02000679054598832,0.17459422144396552,14.897701814770699,0.03276038665809111
870,-0.012703729004818084,0.764423863422218,2.2851284872171327,0.1583774944486795,0.012748373286050427,0.14405138739224138,4.940690577030182,0.0378804503423289
871,-0.0152804577960357,1.2137608548778793,2.893253940639293,0.20005357395573062,0.01338590540562391,0.15005387931034483,4.352329879999161,0.023173772378801583
872,-0.019528721281402726,0.936117033146871,2.9037533209908077,0.19753562494350885,0.013019494278649226,0.1577653556034483,3.4623644649982452,0.051128856928945754
873,0.013919691289204209,1.5384979052493564,2.443724398853486,0.16706668048521078,0.04042559175182948,0.20582738415948276,9.021339863538742,0.10845703748481161
874,-0.010186966740400833,1.4260671226837396,2.33667093804047,0.16179471006926532,0.009065803197166855,0.11085668103448276,4.608114451169968,0.08266810975029149
875,-0.020764649944095995,0.7732022346110339,2.30757380623372,0.1587328022160981,0.009270658371421851,0.11280980603448276,3.199556201696396,0.0877669706788532
876,-0.004504461530402671,1.2989596423647338,2.5292577512095873,0.17297568535854263,0.024206238473103943,0.1883923760775862,4.263120770454407,0.03829960603635374
877,-0.005041327389378125,1.0413849964372197,2.50873177728319,0.1734537520525462,0.02171683533636277,0.18214574353448276,3.9166408702731133,0.05604608770778796
878,-0.003267716638602723,1.182484650029826,2.9480961266781813,0.19767023158581798,0.025359189189704673,0.23633654364224138,4.5442128628492355,0.06761699512365849
879,-0.006323925636926451,0.927617709650872,2.2518825905041124,0.1570663906033993,0.01336212900085637,0.13522023168103448,3.375181421637535,0.03855547767819223
880,-0.009227360373748869,0.7290847272701485,3.5556880035713374,0.23788754981204435,0.014737759334773979,0.17139513739224138,4.4382118582725525,0.057898327225644364
881,-0.01597683883385292,1.2465958991908026,2.3254437248654556,0.15875073347034907,0.01006601001122833,0.11445144127155173,2.9797638654708862,0.07035166162051665
882,-0.016178663888358993,0.8184146349068098,2.5274745429923597,0.1697774675359075,0.00899854859639602,0.10655475484913793,2.782371439039707,0.034165525488738524
883,-0.021477954295044212,0.9628062423088254,2.1926014815730843,0.15121248999827133,0.011054192026551453,0.1421403556034483,2.3035142719745636,0.04839147005175237
884,-0.01114118961590647,1.3686279385898867,2.1910209670013794,0.15220599906038612,0.019633551080585614,0.17922447467672414,3.2170550376176834,0.0517429743918969
885,-0.013074846106886084,1.2686878936167145,2.210598810500188,0.1536851317396134,0.015090184696262063,0.1666722790948276,3.763670474290848,0.07346069037935343
886,0.04881165036515109,3.7367076011545888,2.2701601996506513,0.1540091269863627,0.17082582192271556,0.3045359644396552,8.441436678171158,0.06200965935689051
887,-0.0005229284112561144,0.9197494639461983,2.214314696849948,0.1518677954092722,0.02552202757738871,0.23436658135775862,4.1161002814769745,0.06263522456466653
888,0.04529296434250418,4.116906793727052,2.209251451969765,0.1520816239896972,0.32019877264893504,0.3446844692887931,16.879797279834747,0.004446668867806203
889,0.004259579177435779,3.6562335334562275,1.8507776408946994,0.12749436062484004,0.014324134358722748,0.10978751346982758,20.04481878876686,0.07903611026815727
890,0.037659504207434025,3.3141771444608725,2.0913284514452535,0.14465007137597508,0.07896028858898822,0.30665746228448276,7.505491197109222,0.02992650587716983
891,-0.007019432217388471,1.5589980728274957,2.044387545817246,0.14301998187006476,0.013735011295905458,0.14288961476293105,5.2762225568294525,0.04456319193399305
892,-0.005055235019971531,1.4412610904439966,2.0495671538992353,0.1419290044572883,0.01921192155156138,0.17906452047413793,4.982861787080765,0.07284805199379185
893,-0.0033222408543657628,1.0351107526031726,2.206740902316024,0.14906967772906557,0.022413215939603357,0.20469928609913793,3.6320421621203423,0.06856294991129397
894,-0.006288357345103817,1.0625849989964173,3.916238704186055,0.25970977629605463,0.02550825270390274,0.2483752020474138,7.174494117498398,0.08353442323882299
895,-0.01966288790166886,1.2813963825378305,2.2427257475845748,0.15194118748344612,0.012566616873912074,0.13926959859913796,2.3784588649868965,0.05139662767027986
896,-0.0021198575471886288,1.8940689268179784,2.7745471604181096,0.18404703045463636,0.031840287894706776,0.26025390625,5.838667064905167,-0.0032307234550574826
897,0.0302068802719839,4.176552899403561,2.7084554475351688,0.18030555718062818,0.10561078760997097,0.22918069773706895,15.373913824558258,0.048699171992675816
898,0.030012672303534896,1.5937509090978477,2.3548592552686047,0.16113237694072588,0.16129062355464824,0.29108297413793105,8.029161244630814,0.05349547369997687
899,-0.001622640359442061,1.008758062075147,1.7805468743084898,0.12308879962599588,0.021155008583138686,0.12441069504310345,6.774091005325317,-0.05138011944970744
900,-0.01466548390332938,0.6826496856111204,2.0859561253024985,0.1435797660472422,0.01722581084093941,0.16347319504310343,5.973321229219437,0.07449897358416568
901,-0.010994940582390627,0.7156122158280187,1.704284041365364,0.11798857871862636,0.008352736679492817,0.0987085802801724,5.209291458129883,0.05345481483105541
902,-0.0018900250328190912,2.007792933132629,2.044998225623537,0.1405887593860031,0.026327997070289898,0.13628098060344826,12.72312307357788,0.07286027712157239
903,0.012018722336393235,2.114654027352044,1.792055426848892,0.12407710351753518,0.03983548583501942,0.20954000538793105,13.502719312906265,0.05946749638960702
904,0.0034373716837817797,2.626690272922893,1.9262692722783141,0.13360136026440084,0.025871052095438024,0.16657967403017243,11.763051182031631,0.04936178217584619
905,-0.0027920915401658665,1.097598840204773,1.7250405474345638,0.11972119567215056,0.027572856121784346,0.19293844288793105,4.523489952087402,0.014408164898865095
906,-0.019155024123629825,1.6009669413981213,1.8355436910310452,0.1264208420903536,0.009717150299758063,0.11958681303879311,2.5429352149367332,0.05983123432668058
907,-0.00939228184284173,1.6188334340990975,1.8265306788467837,0.12603685692882083,0.021790445600161013,0.16749730603448276,3.9703892841935158,0.05174627503356133
908,-0.01203427575768893,0.8206057917071871,2.1797686889761922,0.14772910664051792,0.017310412312232577,0.17173188308189655,3.020147293806076,0.02357563309552546
909,0.02662748544046202,1.2394079919577408,2.611834379154798,0.17485131773079646,0.049346810706867535,0.27836240571120685,8.516991302371025,0.13171799941921702
910,-0.007026247309474049,0.7952462547255554,3.1998245414606883,0.2144845381688572,0.011294898488468506,0.1265574488146552,6.011236593127251,-0.16095538910204343
911,-0.013482886814396342,0.9258797324373383,2.989118860884532,0.19964554433642714,0.016220964132367826,0.16570413523706895,4.288715094327927,-0.15778447221383995
912,-0.018949478684336014,0.9699813785679063,2.5775329327596346,0.17499756116538281,0.011518417429121247,0.14177835398706895,3.0191786736249924,-0.18091026082095651
913,-0.012372363053807359,1.2347332412846457,2.143211302993091,0.1462902538557393,0.013620790078926678,0.1350602774784483,5.862095549702644,0.06840183971493441
914,0.059071313588104066,2.3302492657888516,3.4574168393019997,0.23418787305845967,0.14484093723857072,0.4577047413793104,12.338188841938972,0.06866860910176609
915,0.029968026893285548,2.273562175540789,2.0533206606398755,0.13949954634957798,0.10868995421448494,0.27426252693965514,8.07166774570942,0.06441780701215294
916,-0.007074166474169165,1.3418686341873196,1.835387281078773,0.12742404388919495,0.026226862576189384,0.18052094558189655,5.345827788114548,0.09284867071280078
917,-0.0025758671096480553,1.2682769964024512,2.5978195215967776,0.1773649451368393,0.0237308501542304,0.20041419719827586,5.607753500342369,0.029516010698082518
918,-0.0059394149188719825,1.0043156594319687,2.082110788687738,0.14050765538598461,0.018974171551580467,0.1595416891163793,3.767776772379875,0.0044858023300723415
919,0.006119372069603373,2.6582479536155446,2.002943946235124,0.1365872954247416,0.034482858130731674,0.16050141433189655,12.477318942546844,0.05523294039313198
920,0.01165829134345866,1.243889919416615,2.6313336618710457,0.18094516933871196,0.03641377307752103,0.2691860856681034,8.641247540712357,0.04550887160028083
921,0.01004575378458961,1.4728993164771336,2.123180304655138,0.14276831504161508,0.027787912600021614,0.22085466056034483,7.048458784818649,0.03776341215032064
922,-0.00973964548093714,1.2805090145486768,1.9436932961869242,0.13433752824246262,0.008823913480478824,0.10049333243534483,3.752376154065132,0.10255794409456398
923,0.010796897305548054,2.045418421733583,1.8482677493991324,0.1262676873055365,0.018983125411131337,0.13362068965517243,11.303625538945198,0.06560608182131455
924,-0.011219211400674176,0.9701283262689953,2.1476147561080454,0.14565152558836714,0.012643293331009397,0.14158472521551724,3.5964068472385406,0.048069558847025906
925,-0.013391012432346715,0.7110074335808283,2.3550342524660413,0.15976210728436563,0.010413925966860978,0.12252491918103448,3.1930205672979355,0.08497594021266797
926,-0.0026672956278304136,1.312544753099291,1.8472982286356816,0.1262903628947187,0.0191317563503068,0.17497306034482757,4.48290129750967,0.08819159697936974
927,-0.005738113890765621,1.3614945223971442,2.168244115371279,0.14779391124928054,0.02171008748293138,0.17754074622844826,5.101193204522133,0.06659094970448531
928,0.04690142270844948,5.259846304291967,2.2076630725892405,0.14868714991614718,0.1208268189876476,0.29177330280172414,17.509337782859802,0.06980756825530565
929,-0.012311707330927537,1.1990098903316553,1.427302094789305,0.09875650375607474,0.023532235916749855,0.1958512931034483,3.6182296499609947,0.004074712057943852
930,0.000568336784422644,1.3759177357232653,1.7029644352065785,0.11765685921330463,0.019347644848964812,0.1664618130387931,5.392591804265976,0.058320442407287065
931,0.007109393788427637,1.970238440463067,1.701343024466991,0.11777227728161149,0.029710308500366878,0.2153825431034483,9.480272620916367,0.11125962010414092
932,-0.02254595202737556,1.052556418328725,1.3847554464341296,0.09688724467043655,0.020970294788937815,0.1861530172413793,3.166009798645973,0.11773561961584611
933,-0.01410362772203802,1.0820471226176296,1.8421826528190925,0.12679436359815766,0.009515031368962434,0.12037816540948276,3.4020076990127563,0.13779815832978226
934,-0.021369512874563387,0.8628326162635904,1.8399775005758603,0.12808553971796216,0.014932947257295444,0.16540948275862066,4.338516443967819,0.06191300572263281
935,-0.0004471198812393733,1.6531661020119506,1.6117911200623738,0.11107373227553251,0.017105646693788255,0.14505320581896552,7.763419792056084,0.04521099547059304
936,-0.01139294508408872,1.3507254831812876,1.3825951611150458,0.09658667140331514,0.0118946526288647,0.12587553879310345,4.5200731456279755,0.133332009903114
937,-0.014486266912077933,1.1031829001372908,1.7381781143102972,0.1192431599783972,0.011670951949248587,0.1334270608836207,3.072483114898205,0.03470129728133453
938,0.011956507979939801,2.571743148954313,2.025448401349064,0.13716352738016013,0.08820783241384922,0.2539146686422414,10.141788303852081,0.003540358940091193
939,-0.00797188849058017,0.906003045329034,1.9515304972806067,0.1318500740102892,0.012003835954476079,0.13210533405172414,4.053250998258591,-0.05626623986110557
940,0.03358285461379898,2.2668318797618063,1.7933550987122069,0.12183036366898245,0.10489047532833778,0.28273168103448276,11.055576264858246,0.06368349270272666
941,-0.012529054749456958,0.8919065406356889,1.862941001840065,0.13010587707360685,0.011758019050117145,0.1383351293103448,3.52156563103199,-0.014517442265026492
942,0.0006972185349388062,1.4014319636652284,1.5678735166019018,0.10959664540911826,0.012648209216296953,0.12109375,5.606530010700226,0.07183495107785587
943,-0.021025287659836953,1.485833406311273,1.4771903456667035,0.10221355747593366,0.010299985361253393,0.13841089709051724,3.213156834244728,0.03568449572546262
944,-0.011797368713535332,1.468563927534126,1.985652029269391,0.13561224975447256,0.009931520974125054,0.12789601293103448,3.9894904494285583,0.037824448120870935
945,0.0003669224565528398,1.7354199459400828,1.5177287728034994,0.105550329319158,0.02269643739666584,0.17916554418103448,8.875085726380348,0.05748260428702101
946,-0.016241729127029876,1.1281221931653707,1.4837773944366508,0.1024620675575249,0.013979995272730493,0.15496194773706898,2.3599307909607887,0.08993195706305002
947,-0.02003913058485772,0.9125227276053205,1.5754574348572832,0.10908218788495377,0.009459793440798642,0.11978044181034483,2.4979821890592575,0.061487103705287094
948,0.0016481869590067835,2.5338994873718947,1.4173697639027543,0.0966200552983774,0.01809708286116896,0.16427296605603448,19.827211141586304,0.08453460732204288
949,0.03365172996522362,5.761267813936033,1.9638795760853813,0.13283313985544934,0.05464256411910199,0.2102555899784483,24.291036307811737,0.09373563215564373
950,-0.006899178141036922,2.652866819520118,1.1769097165429772,0.0815138191596089,0.007431227522100268,0.08869881465517242,16.518227070569992,0.07666986503936757
951,-0.01199412833665038,1.2029021192893015,1.4957942284691352,0.10276797429078983,0.016458679200476237,0.15223430765086207,6.615123078227043,0.10959895402132414
952,0.024681827841527643,1.7994423124839687,1.3633023362846317,0.09424750868612686,0.05955899879335965,0.23461072198275862,9.41093523055315,0.13847176598010513
953,0.005826792058587953,1.4149400536301726,1.434814849369561,0.10112798564153709,0.027442125313960973,0.1853532462284483,5.0709473341703415,0.08671016002501108
954,-0.01584514412939562,1.2115261391183976,1.7824068128891772,0.12381197249148798,0.011858104159759462,0.14777242726293105,3.980143889784813,0.07976919564286744
955,-0.012780417639656457,1.1675279671426277,1.4480576112094297,0.10087835623746452,0.01795244439992906,0.17531822467672414,8.591463923454285,0.08727040846182232
956,-0.007346084571924037,1.5098634763017096,1.3951108065074456,0.09689600377758403,0.01291743915244924,0.133056640625,11.51870110630989,-0.057574573723812916
957,0.02457559194179982,1.5937283173280634,1.5060698710422955,0.1028547025267463,0.0784256161993167,0.2651283001077586,7.081019461154938,-0.038257137624542414
958,-0.012785848913671021,0.8648486508207673,1.5609744737675897,0.106282940935203,0.019931952501831895,0.1710920662715517,3.500566855072975,0.14033219350685622
959,-0.009798768260532251,0.9237159927246699,1.6873240669261635,0.11526217146057374,0.01943831125992864,0.1903455010775862,3.256804622709751,-0.05021036427796344
960,0.014063586287234213,0.9501722794189841,1.4428434724321573,0.09879472380963497,0.04062946428264476,0.2284735317887931,5.859695836901665,0.09254070390973412
961,-0.0049127907440279246,1.2746575849849369,1.4005743416789085,0.09687842122283233,0.02256729443700445,0.1947821255387931,4.222834348678589,0.04300661335106937
962,-0.012050441264432657,1.1602358549278557,1.459278717872777,0.10062915896790238,0.011408688706633884,0.1267594962284483,4.428152218461037,0.057122924891710114
963,-0.004195767371983599,1.30532805347849,1.2331372052104346,0.08585815208323258,0.010596260505963073,0.11062937769396552,11.02660021185875,-0.04156913962987052
964,0.008459140564104633,1.6567547200760961,1.478573634733275,0.10194921226279895,0.03711914744933203,0.19205448545258622,8.418857865035534,0.14693371935848798
965,-0.006993563530829492,1.2786794552462757,1.6409551847491615,0.11227398698616949,0.01287796970631587,0.12979862607758622,4.4463252276182175,0.05960667310335299
966,-0.010649637858608294,1.0054883514123456,1.7816990209309986,0.11953020536005403,0.01706222445668102,0.1713362068965517,3.783892348408699,0.005520649055396842
967,-0.008536526986386038,1.320672609474212,1.638708806848559,0.11236360682067993,0.017991124955728834,0.15135876885775862,4.611917443573475,0.04775578028392158
968,0.010027577111090296,1.8089122658951533,1.4955092619476316,0.1026476872031708,0.02443034962853462,0.18893116918103448,6.992672950029373,0.04534825302142986
969,-0.007533493582495852,1.145219864075035,1.3507497421064523,0.09388924958645349,0.02353734295746986,0.18690227640086207,6.0137447118759155,0.0869580777717448
970,-0.012623449453020064,1.1782642887370913,1.3126725610043564,0.09161548193137521,0.012356155942566617,0.13369645743534483,3.1923685520887375,0.08836136868901578
971,0.012973459860767414,1.4539580879238794,1.8331235782018904,0.12352474433956609,0.059631959765184206,0.2626868938577586,6.809233710169792,0.11642535278921029
972,-0.001909020262476066,0.9811323759708851,1.588570808399505,0.11082891767424913,0.019063852444027175,0.18259193157327586,3.2201189771294594,0.1121729399365814
973,0.03654018714951933,2.9794096200680618,1.7194124226188512,0.11548416217052315,0.14023331472756909,0.30859375,12.187813505530357,0.09289811016066019
974,-0.008555559359114699,0.988644842765504,1.5173246364064785,0.10395776160344508,0.0159904313269839,0.15264682112068967,4.598830953240395,-0.0011180906769587828
975,-0.014855063915594406,1.4245035150495937,1.5464608258619845,0.1050415936883014,0.01513695647720632,0.15719288793103448,3.741949141025543,0.008877666122173333
976,0.003891525624349231,1.13393889508326,1.4619274609622952,0.10026052460761056,0.02413747054220823,0.18523538523706895,5.628743231296539,0.07471561382700298
977,-0.006559955252704452,0.6736147311220746,1.674215252694933,0.1144093856166665,0.024686590884263344,0.17706088362068967,4.253316968679428,-0.03458900555145328
978,-0.003454647949581612,1.1575164029283351,1.5654643945941185,0.10724140029748602,0.016426905606153765,0.15317719558189655,7.112496897578239,0.06305065838624557
979,0.010307290413478618,1.8637178283747566,1.5613786131731888,0.10758059607133591,0.026662545283545176,0.19748450969827588,13.597686886787415,-0.033736042309087555
980,-0.001633834784139374,1.678912860392849,1.5264028013621627,0.10686750479254617,0.023301515029257203,0.15719288793103448,8.136264398694038,0.07221346076053226
981,0.01873226009290853,1.9739735350932133,1.5948841012564885,0.11010319166905601,0.0423487244073887,0.19647427262931033,12.280930981040001,0.08447144019704289
982,0.007446932114319304,2.115207109990801,1.6341725281903283,0.11228428559314971,0.0435493469451793,0.23592403017241378,9.882546484470367,0.0713144312560634
983,-0.010842052508506044,0.9424015788452484,1.5633867893638753,0.11026016073073433,0.016680330933264362,0.17823107489224138,3.6983751356601715,-0.057991062983427044
984,-0.008383094592561284,1.3177176543144133,1.3773885483113129,0.09513905664320434,0.010568530723597584,0.12423390355603449,5.080553904175758,0.14884840232790364
985,-0.0025922780694106126,1.6324906714882514,1.3469746962239992,0.09315611810488625,0.008388750110039554,0.09164533943965517,8.595512762665749,0.09782496084578185
986,0.0013190549162633777,1.6656160394439246,1.6841810184874768,0.11563947263454011,0.015868890265076922,0.13360385237068967,9.440481796860695,-0.08059539017748518
987,-0.010326468269811123,1.2481159664654058,1.7934851711504585,0.12156201874189854,0.014717897935027174,0.14344524515086207,7.845149293541908,0.08033828785157204
988,-0.016095126387197015,0.812111606127968,1.6719569617725156,0.11405085295613931,0.012398318217774745,0.1518975619612069,3.3683929443359375,0.03662000684108646
989,-0.0220811493593207,1.0559871789969302,1.852362309103806,0.12575989531435072,0.013453948845663349,0.16649548760775862,2.729280397295952,0.03981410521157247
990,-0.015278348715397747,0.888751459990249,1.7958143866790621,0.12220673718105675,0.010866729920398312,0.13877289870689655,3.3809737116098404,-0.06793167919562038
991,-0.01845224501492198,0.7210229754865254,1.7315562479035154,0.11709794924749603,0.009975654786824727,0.11941844019396552,2.874321796000004,-0.02667219026510592
992,-0.017052685411344776,1.0363207067349225,2.1408093917597766,0.14076893319263217,0.010109652467000504,0.12979862607758622,3.950245499610901,0.07660160140716843
993,-0.015028385963981643,0.8002572924443337,1.576804739042951,0.10773371956734468,0.01665983682825503,0.1768840921336207,3.7241612672805786,0.009005015920621084
994,0.0002122966677786985,1.400579867522083,1.5573237894021872,0.10624782254151081,0.01658064315051888,0.16883587015086207,6.469690918922424,0.10308599847242006
995,0.022364322703338352,1.5498050806358115,1.6952878083483265,0.11656650597291522,0.04174823553810335,0.25297178071120685,9.121469795703888,0.07126758222572227
996,0.0018880693330435095,1.9770321921726777,1.8797271747490876,0.12844569382004556,0.03041275655790553,0.1983347925646552,10.156041532754898,0.029990703726643253
997,-0.0015390754429563062,2.3317730442695823,1.7702494343763087,0.12335514757995136,0.01654500138707543,0.13729121767241378,12.229904845356941,0.05245568633419406
998,-0.00011789657496394162,0.9975349167563569,1.874186896425587,0.12676617539718177,0.021151663057778557,0.1769514412715517,5.674269020557404,-0.0771521884441877
999,-0.01614043239106681,1.0837525596222264,1.9652961291555147,0.13185760689776255,0.010394960764925004,0.12258384967672414,3.447183385491371,-0.021946103025146657
1000,0.01191510321088713,2.2371081213470614,1.8356815476197217,0.12212199382861082,0.04326654135187208,0.23190833782327586,9.901914417743683,0.06563985475351564
1001,0.0058382044106832015,3.5114764494180633,1.5585356127828893,0.10716721074411423,0.025201823901476204,0.18935210129310345,19.5873641371727,0.07960125623643954
1002,0.00754780315950325,2.7203112816651043,2.060837815829645,0.1372201444533825,0.037129998259090295,0.22340550915948276,15.067609071731567,0.09471795685177786
1003,0.007564543221255543,1.9311669919736756,2.3303938147619254,0.14859344131052044,0.025772840914449823,0.22547649515086204,13.240391582250595,0.13010083742875345
1004,-0.014247611361096214,0.9994790011747381,2.2933214703147584,0.14923933102926254,0.012281885139443682,0.1470147494612069,6.007970407605171,0.06162491300168038
1005,-0.016168485299219576,0.9813934567911655,2.282717573587604,0.1484309269726649,0.010177160531537178,0.1244696255387931,3.8007211089134216,0.04276637072864198
1006,0.0030556420681000134,1.780604447044494,2.06321581747517,0.13780634912259454,0.03066258990169256,0.2249292834051724,10.13271777331829,-0.02169605480616088
1007,0.026773177907357577,2.3122107911830283,2.0968533175792077,0.14044614355496127,0.08189153644360854,0.30166520743534486,15.637419492006302,0.061547608927321806
1008,-0.021211730216746535,0.8650737110712297,3.306374715937949,0.20447588503106734,0.016391879004474724,0.18108499461206898,3.637656182050705,-0.07368012531403356
1009,-0.007538070456210389,1.041778274873355,2.353325745425094,0.14994710927294652,0.017161310988779502,0.17738921066810343,5.5569349974393845,0.052479767930379784
1010,-0.006928871518232132,1.064080050088236,2.1130102682315073,0.1379068157166683,0.017281069837979196,0.1671858162715517,5.326069340109825,0.12979059013979088
1011,0.021503599159085094,2.47625159221952,3.428250180785064,0.2123317420332194,0.06418098603705466,0.26779700969827586,13.723835051059723,-0.04784262457050481
1012,0.0032901567153893327,1.7410968191633027,2.185437075190711,0.1426915492919822,0.02062534101615115,0.15609004579741378,9.524954974651337,-0.03136101238318845
1013,-0.008979728926065569,1.1496084707951315,2.224173491620232,0.14629564387223287,0.021759991307684183,0.1931910021551724,5.241046652197838,0.05591483730517577
1014,-0.013086123906352986,1.2446552642626623,2.821974770243672,0.1785673472196539,0.019556752398972907,0.22145238415948276,4.249032661318779,0.00035894807976777354
1015,0.00944288700316065,1.5260710749647295,2.2381190051395596,0.14696291104020764,0.027888511402313174,0.20873181573275862,7.502690970897675,0.008117153510781683
1016,0.0011956326449080734,1.3700639122668048,2.9050099393165407,0.18677827991122053,0.026585848179820463,0.22697501346982762,8.0886981934309,-0.015780936045274085
1017,0.0038872767938834107,1.0806312481485256,2.314668987158994,0.15164255846120595,0.030574312204125504,0.22808627424568967,5.395779311656952,0.04470268071403671
1018,-0.02098054653427441,0.9930068133838621,2.1500029819055206,0.14059873080714713,0.012966241072263074,0.151123046875,3.7174762189388275,0.07359870021765325
1019,-0.013720125111956251,1.0315937799155104,1.6852819084401098,0.11535943819003458,0.013588411054507591,0.15886819773706895,4.654793292284012,-0.1126713944686728
1020,-0.02230788102629284,0.7680140437856152,1.7839262869499906,0.11922062658706227,0.011536507741037236,0.1251599542025862,2.8021639212965965,0.14162579606523995
1021,0.013395042613827148,1.540717025070733,1.9794566799931117,0.13440911717139015,0.033702265091349166,0.22483667834051724,11.775808155536652,0.07436674992931425
1022,-0.010945607875433633,1.040140178071786,1.8206273417397458,0.12048260220702268,0.01564089820781505,0.14952350484913793,3.656688928604126,0.05764795259915445
1023,-0.017440325908646352,1.1942657451638459,1.7572582554597855,0.11838669018177522,0.010065152405676882,0.12590921336206898,3.3058023378252983,0.12369032122237611
1024,-0.006262020690009007,1.3560164954830185,1.8066569684954266,0.12241215776079276,0.015884728714401466,0.14491008890086207,8.009276926517487,0.03836611656028788
1025,-0.018055652271615548,1.0406869166301078,1.756414269623542,0.11831655712081185,0.015077540963633947,0.1527057516163793,3.999702200293541,0.07757177321461561
1026,-0.008478080481121069,1.593881578400919,2.127509542019376,0.1395119169704425,0.014175470409664458,0.15157765355603448,5.119601398706436,0.03189511572616088
1027,-0.023339067637791398,1.3892865621449406,1.4847612628008842,0.101375204416629,0.014394624227422576,0.16334691540948276,2.971449412405491,0.12980476084163028
1028,0.002800377423774347,1.3247195490565264,1.6178799004059332,0.10671914476981963,0.02427932427831522,0.18924265894396552,6.303181007504463,-0.004189902949731872
1029,-0.0017855465240992205,1.1701613220988394,1.8416464769382137,0.12071575260954251,0.017130678624606186,0.1614274649784483,5.393594950437546,0.06186661957695638
1030,-0.013416795261337038,1.1282705972497151,1.3044415777038467,0.08949448249676192,0.011139338040610992,0.1354475350215517,4.8354305773973465,0.0514988226924642
1031,-0.018095748058330034,0.9717155457176094,1.3528606946176938,0.09330138717013217,0.009682697562264616,0.11900592672413794,2.9637889564037323,0.10083979969635182
1032,0.014795636229490485,2.3900054208936155,2.1741428173098525,0.1417395336974945,0.039089563186249066,0.23693426724137934,10.28046715259552,0.09629452563428698
1033,0.004454897290080724,1.233792843264664,1.9460235168097317,0.12776051964910934,0.02819901177977515,0.22140187230603448,7.747111931443214,0.134639266550018
1034,0.006556666396747836,3.4113720663322047,1.8086928337023855,0.12326166701837851,0.03384507600578908,0.20232522898706895,17.61216977238655,-0.018953157790774444
1035,0.020374099236624157,1.6212615787281508,1.6314008616078675,0.11157769420782446,0.056304412422158404,0.2650356950431034,8.865057915449142,0.09463610771367392
1036,-0.00284955237053526,0.8333688645634479,2.162901042214767,0.14472688470568207,0.022814433483290486,0.20205583243534483,6.16569621860981,0.07381440021698993
1037,0.008759583888600618,1.4419340544875245,2.4956898348988146,0.1620892523142204,0.058383894939636555,0.3087368669181034,10.755311265587807,-0.026121908936465266
1038,-0.014976379299325465,0.9792515630588166,2.4446286960103376,0.16058911441054918,0.011074209010169804,0.13373013200431033,3.2266534864902496,-0.005678684350052032
1039,-0.00852803703413781,1.0822098907820519,2.643988757776582,0.17475815876758655,0.021118543055669355,0.21964237607758622,7.637600347399712,0.0002302372843380196
1040,0.002405480411611953,1.529515267615393,2.516724833024136,0.1633425949786238,0.027673060378572638,0.22182280441810345,11.90421137213707,0.05416847829508842
1041,-0.006651513154908221,0.7738625051767823,2.159966219949253,0.14431512181383827,0.01388119035354505,0.1595080145474138,5.63573545217514,0.03933184974214721
1042,-0.005771974322294976,1.3965700555602456,1.9332799988149683,0.12904333772192478,0.015978075104189412,0.14715786637931033,8.768250152468681,-0.0645332710863209
1043,0.0008222796125954999,2.4559510708770045,2.1701566094370426,0.14295199924006832,0.02259830040756681,0.2140271417025862,19.835491120815277,0.0034306841189905013
1044,-0.004793843365728266,1.1632686925300524,2.2669309918340703,0.1466633815626924,0.026700239529724244,0.23989762931034486,7.763766825199127,0.04269763392629733
1045,-0.014795617883784227,0.5205933823001972,2.321990177598226,0.15122545911437973,0.013654421287340263,0.15479357489224138,3.2023674994707108,0.05379962660491766
1046,0.037526364758365155,3.6440878659244227,3.2075087206457016,0.20535249505888747,0.06813836277521251,0.3750757677801724,18.026964366436005,0.0832599767947384
1047,-0.006186214062857687,1.1707630879004802,2.6346579586070735,0.16881318701966946,0.020367222503660617,0.16332165948275862,7.032099887728691,0.04894112241367876
1048,-0.018103024800821238,0.9812333082642546,2.0112721491286347,0.1327355371851391,0.009678977085498225,0.11158068426724138,3.64539535343647,0.13907000803183256
1049,-0.005814082595754987,1.4134911544785036,1.8260944838902857,0.12167710526836742,0.018227303095766822,0.17922447467672414,5.324257031083107,0.033429611003539916
1050,-0.010008613110786588,1.1742489522058661,1.8781771965770633,0.1248416111235191,0.0208951428763173,0.18213732489224138,4.868847042322159,0.046338956170158374
1051,-0.0009562386610922091,1.4945288508081953,1.5121387245912958,0.10289185264149567,0.023499144203203193,0.17472891971982757,7.331514298915863,-0.13334499173994496
1052,-0.017783244077265708,1.0036255431537167,1.7960705430693853,0.12004810318589583,0.0139507630520429,0.1432179418103448,3.0857587456703186,0.0559168645083411
1053,-0.0041786930807716244,0.7354850338865062,2.073061850003173,0.13513014881486612,0.018501546604182233,0.19032024515086207,5.137582167983055,0.07776676353156442
1054,0.0027897743930186056,1.8491922361600839,2.283064442906172,0.15135593226360328,0.023422009289788548,0.18972252155172414,10.465688794851303,0.005981342352600949
1055,0.007430084629632705,1.831040639139141,2.0100427045993383,0.13414411512618085,0.030742479820203478,0.21388402478448276,10.699607580900192,0.03806156001133043
1056,0.0034866949021491187,1.2076722518539915,2.2609622198900556,0.1485594076870289,0.03262644863205674,0.2395524649784483,8.435242235660553,-0.029011041551838535
1057,0.0027200979391276375,2.125587292212021,1.9787687811309294,0.13119070239493763,0.026333379545400052,0.18781148976293102,14.447056353092194,0.05538872622605873
1058,0.011993518703095245,1.5551222938359663,1.9485550415704556,0.12792068367596854,0.04032970432306934,0.27228414601293105,9.168985605239868,0.06676256519945833
1059,-0.0003974186960585095,1.1668917044029334,2.4724736613760667,0.16504191484833908,0.018321338285396636,0.19439486799568964,9.34736943244934,-0.02638970980866584
1060,0.0238719251310463,2.79995087343368,2.677331452833167,0.17097779120555037,0.06619900303200729,0.3464776400862069,12.625610649585724,0.082276462077987
1061,-0.006808545221101707,1.0635032589662243,1.829005368310621,0.12194131501134808,0.02613199138649775,0.21534886853448276,4.425181403756142,0.050974315839080186
1062,-0.005370997848660471,1.1242734748808907,2.200765717903189,0.1415899372131571,0.013823403580662953,0.14449757543103448,5.135215625166893,0.09596679358521443
1063,-0.012362583303515435,0.861242245633788,2.3771380609508928,0.15193231851408712,0.01611057933355212,0.16017308728448276,3.740797147154808,0.09651245345918669
1064,0.0010559431036580632,1.3892231915506152,2.3154545915451195,0.14776088816735455,0.03280448263749663,0.23409718480603448,6.286825552582741,0.10470350066076572
1065,-0.011515681963068158,1.1756373316036806,2.698813899565189,0.17172682629555147,0.019239028992442713,0.18589203933189655,6.461900472640991,0.10919160275754969
1066,-0.0066352499121859814,0.9844259810370031,2.083352091413037,0.13622806019939115,0.022680851459160198,0.1881145608836207,5.298839583992958,0.13396475854462442
1067,-0.015190056849422815,1.1736553519858033,1.7976043605149499,0.12120208922835868,0.02006940863112379,0.1725316540948276,4.79140667617321,0.12342651636320523
1068,-0.012223111696636419,1.0867060641562953,1.7953966468112563,0.12056890469587864,0.014306045467158168,0.1453141837284483,2.9734130650758743,0.04172227266114792
1069,0.007159525901621836,1.6440989538610307,1.7740576048463148,0.12109535499577062,0.020179336590711597,0.15899447737068967,11.342364132404327,0.07338227125123631
1070,0.005273531084463717,3.277676599387028,2.2495888914106246,0.15178725617858693,0.030902220066654364,0.17333142510775862,20.15994045138359,0.05190478672102172
1071,0.022581139373379244,2.7467091644137307,1.6521149169546263,0.11056066789240378,0.056595187874904695,0.2157277074353448,20.785281732678413,0.042212954000888425
1072,0.009275279173935577,2.5313533508521497,1.7346358838498603,0.11747333980524126,0.037147567734862226,0.19832637392241378,11.001532018184662,-0.00869861864820809
1073,-0.014004007528886968,1.0208329065225177,1.592174012181629,0.10854599492435978,0.01924897299902333,0.19134731950431033,4.4664206802845,0.0680396704652001
1074,-0.016731484311132614,0.8510190438821086,1.7976950876547224,0.12150238204676295,0.06618243653839931,0.18170797413793105,3.0756253749132156,0.00903423446160867
1075,0.0001496939739159737,1.136533915692901,2.3875948488017658,0.15719974105980072,0.043115795356243325,0.2206105199353448,6.343047857284546,0.07133794144750083
1076,0.030012590743756132,2.195421676810723,1.9570620450283396,0.13406307415799656,0.060618371542643906,0.2677801724137931,10.164375260472298,0.10635559891419422
1077,-0.008307705189260406,1.337135900287958,1.7736157921557845,0.1201585134572097,0.016570040628596024,0.1475872171336207,4.690714910626411,0.030491798342907495
1078,0.019707451376757883,1.931651113542191,2.3977501361971547,0.16459506565018628,0.10893690104939165,0.3143184267241379,10.684449940919876,0.08595296039616152
1079,0.015310258851812728,1.4809698679156238,1.8817531588351004,0.12932011545943656,0.03555149355064055,0.20606310614224138,7.839740917086601,0.0931618432976653
1080,-0.015295895412080296,0.5967554348679875,3.20209821928613,0.19756763445514897,0.011243907704989271,0.13894127155172414,4.527608320116997,0.09848912389602016
1081,0.018442828550705365,1.5721162080484028,2.7418605934529605,0.17675354696140255,0.06307646567212691,0.3166840651939655,9.220975682139397,0.09173711140242702
1082,-0.002678922752030805,0.6423423160728855,3.1760055579919895,0.20132570721550075,0.021037413812807465,0.2142628636853448,5.312214806675911,0.16750988055403926
1083,-0.01812183257856626,1.0630456724847095,2.4232862272549576,0.1593736217336188,0.011355816441774268,0.13811624461206898,3.0172629430890083,0.14722278888550644
1084,0.024072727745936166,2.473573150735267,2.4031695180191734,0.16077657749459306,0.06736368940826275,0.2513554014008621,12.14331379532814,0.06934643492016945
1085,-0.001103770083753668,1.3033741882504504,3.246933909887405,0.20864004159264385,0.018221748524567753,0.19737506734913796,6.745529428124428,-0.12426661842167919
1086,-0.017417253911164294,0.82621990180593,2.729965830309964,0.17914982501292773,0.012628602922004888,0.14299905711206898,3.2936156541109085,-0.008309125338461953
1087,-0.003517199599203564,1.1446211734505245,2.5319884358935627,0.1708403597000992,0.01905668778632107,0.1923407192887931,5.094910338521004,0.0395821287895074
1088,-0.0011932460693242952,1.4724667600943087,2.6994157971628034,0.17449583487793893,0.01979119956820733,0.17319672683189655,7.715959295630455,-0.054223842488635876
1089,-0.001851077428294298,1.245898416712523,3.1537843863518145,0.19950790192426465,0.02789488645715931,0.2354357489224138,5.639759853482246,0.0049881461438119334
1090,-0.005104872221630589,1.1019263497804008,1.8239131770404584,0.124578137391433,0.014040047466190525,0.14471646012931033,4.86884231865406,0.05807950720607069
1091,0.012494547216471658,1.477184538436329,2.205918388610071,0.15237401657204858,0.043333891336479954,0.2904936691810345,10.249642878770828,0.16972003461528906
1092,-0.018018991495499907,0.990327657621224,2.658446758028955,0.1698933463266064,0.012633102517078252,0.14674535290948276,3.5651253312826157,0.02957340699607347
1093,-0.01479484784992196,1.1213010473488771,2.36606193461938,0.15618958913657977,0.014926006987950352,0.16968615301724138,4.508850529789925,0.12416770125189713
1094,-0.011144621660480646,1.043164911145416,2.0282125593082716,0.13681701022038878,0.011829644550681254,0.14862271012931033,3.7445793822407722,0.1756979385371309
1095,0.05338070334962575,2.682457247004974,3.0620408678871445,0.2020044355769542,0.07600781150393168,0.3580111799568966,17.022126883268356,-0.018336122015299106
1096,0.015001604116587564,1.0914922999798726,2.028915849928911,0.13324013753782024,0.051638315198237375,0.24073949353448276,5.785293906927109,0.13769820550145684
1097,-0.005443446586313071,1.6614487119283887,1.8589923630723817,0.12727172105675752,0.02321659820082177,0.1802599676724138,4.0463597029447556,0.015925233538300332
1098,-0.0008077217387733935,0.9750864918532296,2.4424288595289507,0.15853535608091418,0.02121484861064691,0.1950178475215517,5.904625833034515,0.05143743139354717
1099,-0.012361391774173421,1.1497644228758737,2.5024061784113054,0.1598363859925268,0.017957870465540413,0.17062904094827586,4.601414188742638,0.14804284765869913
1100,0.0074886648457644185,2.4489029173446095,1.8763085878126236,0.12556566012324458,0.0339959636025767,0.18797986260775862,11.86476494371891,0.05977679679960002
1101,-0.0006449323968662031,1.6422131551646701,2.4322074429164413,0.16174761162905277,0.023994683045375182,0.21470063308189657,10.643242821097374,0.0009958209462989087
1102,-0.003041253531350636,1.6063853326888529,2.2346560418439916,0.15026206145002777,0.015081011506399119,0.1571002828663793,11.862105906009674,0.05311051456681537
1103,-0.0038002641891704885,1.4333139160327182,2.541259821554985,0.17148024137660495,0.011971144680375863,0.13458883351293102,11.281619817018509,0.08572717824457077
1104,-0.009590620771178272,1.1990554131550846,2.32446017500446,0.15460362189207155,0.013340111759636532,0.15150188577586207,6.9362767189741135,-0.06896970122386015
1105,-0.002676739000442541,1.257187750664349,1.9070765346112288,0.12490195743486521,0.020442124743857645,0.16061927532327586,8.818745568394661,0.09979912778459454
1106,-0.006305959748580883,1.35006483633726,1.905526274426339,0.12764857075024028,0.014515973801374864,0.12710466056034483,10.01969164609909,0.08080193677517866
1107,-0.006820471989367721,0.8155375109198582,2.483550704968339,0.16167944736811302,0.015586997296724865,0.1436388739224138,6.875655263662338,0.10701513849464517
1108,0.005296768884242664,1.5904089753059871,2.5751000652223657,0.16534220770327257,0.03310395366714084,0.2247356546336207,10.06624160706997,-0.006154478726714929
1109,-0.005431604179681596,0.761313476909105,2.6294372387151013,0.16433346193877876,0.019194630059371713,0.1714288119612069,5.615392029285431,0.06016675425164142
1110,-0.012688925003480733,0.7771309238114908,2.6727744091622005,0.16511916122468207,0.025706780665539806,0.22154498922413793,5.566497057676315,0.09149206325377568
1111,-0.017132793445963912,1.0041755773947694,2.116175942817677,0.14526140371055898,0.012650622402675097,0.15476831896551724,3.494650959968567,-0.013800980064124335
1112,-0.016300614525381743,0.8582495629539298,2.116714110941346,0.13933054813722276,0.012156801376226338,0.13859610721982757,3.8999458327889442,0.11071360301904287
1113,0.01586203470819067,1.801558102842999,2.119993906851118,0.13856071570355033,0.03913913297771521,0.2351579337284483,9.630702301859856,0.10403206245688879
1114,-0.008569838489867428,1.2669208127951979,2.41494064213661,0.15129466094844002,0.017002275621366452,0.1880387931034483,4.543180957436562,0.02602969512785991
1115,0.0006248172229225404,1.3627568302901407,2.0547780961060584,0.1345224670062518,0.029099462232650315,0.21286536907327586,6.9745143204927444,0.019747720230152144
1116,-0.009554244818433281,0.900052180396651,1.7713177710756352,0.1177807230557055,0.013172084775101995,0.1495066675646552,4.67390313744545,0.15028227530787364
1117,0.03002895571763888,1.8909030172138803,3.375346998545039,0.20204871205145195,0.0745897621595916,0.3511668238146552,11.554679036140442,0.07785145502710589
1118,0.037282848974784524,2.436599331588116,1.966468397955053,0.12633537927080393,0.19913853046655253,0.27414466594827586,12.83735379576683,0.10126842996136443
1119,-0.0058625603403656655,1.2036616051900222,1.57743145983283,0.10568995454420352,0.018022074713246246,0.14149212015086207,6.416926816105843,0.10027751334754087
1120,-0.008798052959430779,0.8641696513851345,1.9196529644225615,0.1248125656383385,0.01169545480328891,0.1233667834051724,5.17963545024395,0.09470080983876417
1121,0.04450381393686906,3.916983842712889,2.164677390055205,0.1421983894753227,0.11683257577277867,0.26707300646551724,22.643147438764572,0.07920196885100961
1122,-0.00265010254880581,1.4593814792541464,2.0223829229724095,0.12821877857924402,0.024279366075430076,0.19032024515086204,8.145824700593948,0.10763216562203193
1123,-0.004520946995937877,1.1752981479169815,1.7933362409044986,0.12070064972784564,0.020587811891683204,0.17580650592672414,5.108260244131088,0.042277852039457
1124,-0.016604387446111826,0.991597314952616,1.8895626119579414,0.1219839179800832,0.018063914311904558,0.17560445851293105,4.376164048910141,0.0782345100168862
1125,0.021708223743375804,1.436359696615923,2.3202062032554758,0.15051943673417345,0.04210589707900548,0.2794147359913793,9.544256716966629,0.060893397480324296
1126,0.024954781741797414,3.4483918654222836,1.7102253139246626,0.11371817217149506,0.1037957256328376,0.23139480064655174,22.741490080952644,0.1450855332644999
1127,0.003132762197699596,1.5373896040268085,1.8081793140157414,0.12260195616580735,0.028720821146823162,0.16364156788793105,12.570520401000977,0.06983140645084984
1128,0.028733532346162483,2.8058099444501154,2.639101197391696,0.16794408652411102,0.10310856415654232,0.32288018588362066,22.322383761405945,0.11100117456662562
1129,0.021649791303189257,1.0731289493452347,2.206877550826145,0.139869733116533,0.08970365994665325,0.2767712823275862,7.112183466553688,0.0010056306764539835
1130,-0.007777820650374888,1.1464055958663777,1.7453125294728902,0.11750975621739776,0.016313822718261456,0.18044517780172414,5.7819686233997345,-0.013867053355021586
1131,0.005166452511464716,1.223092422876107,1.6491234102843562,0.11302212178237908,0.031671652611858635,0.23741412984913793,14.102247446775436,-0.05382231484595912
1132,-0.011941159653670472,0.9003466216185922,2.072358227785122,0.13631173095869398,0.022987554474509814,0.2133368130387931,5.43857929110527,0.1966607561149073
1133,-0.01158325471767404,0.9794436379186152,1.4974482877684974,0.10365062645998818,0.014944241761409571,0.13972420528017243,5.571943417191505,0.12663798695668638
1134,0.0012020722207345836,1.0142885144112288,1.6698449290898942,0.11042380984304741,0.0284333036487906,0.1936540274784483,6.925673648715019,0.11478070569302723
1135,-0.004404241592112612,1.219219127463521,1.6583956619985112,0.10993897174524067,0.0134121690097,0.1421740301724138,5.057783514261246,0.05097713465273768
1136,0.002722767109246592,1.684396574248198,1.777375519184567,0.12025916626592908,0.025319666124922716,0.17624427532327586,9.35958556830883,0.014797189896481266
1137,6.553586332372612e-05,1.683660963822087,1.8388217345437723,0.12432705608692683,0.026606856890982175,0.19427700700431036,7.20331546664238,0.1107166560034114
1138,-0.006300523774610828,0.9568852574018503,2.084325111052142,0.13544726627669768,0.014823653084414249,0.15792530980603448,4.53182278573513,0.039038253092906317
1139,-0.015129782864646741,0.9475968795864338,1.7210130418578045,0.11952689995046613,0.022413418617136045,0.20046470905172414,2.9123594015836716,0.04421614238737914
1140,-0.01497601989470354,1.0866877321078887,1.7288338850147877,0.11668049255906177,0.015043749260351841,0.16869275323275862,3.965289890766144,0.06094254745116623
1141,-0.01088058519817287,1.220319723341188,1.7433538381065543,0.12186749541766498,0.011386554775056318,0.11350855334051725,7.812025308609009,0.07586463863926873
1142,-0.01262569873669126,1.1744085379558173,1.6261909329328217,0.10970569148736085,0.011965613841998048,0.13303138469827586,5.4524529576301575,0.13891033857132062
1143,-0.004012452205766055,1.1350952523593678,1.4579620451608095,0.09954212835015648,0.021543093883557393,0.1611749057112069,6.098295375704765,0.06948610871738647
1144,0.008505740756257468,1.7151329286418675,1.5406407588378246,0.10298929419705218,0.03822923854514901,0.24654835668103448,7.5655006021261215,-0.01229199349816068
1145,-0.0006088377426818111,1.1788458250960785,1.5343455365998282,0.10270534542404466,0.018133416235624,0.16322905441810343,5.349263593554497,0.1255328447948445
1146,-0.013980935163770341,0.853743735909379,1.2575185182925843,0.08682842636102467,0.010365893405103885,0.12370352909482758,3.0123040974140167,0.07968608513319997
1147,-0.003344237674931373,1.4620078777078505,1.8909155902843777,0.12711247554049462,0.016157499986657685,0.14919517780172414,5.549051657319069,0.08763237276216107
1148,-0.01584624953011763,0.9884547877577402,1.909402830375114,0.12535400503836874,0.016937495104959205,0.1827434671336207,4.083172425627708,0.014269860354441222
1149,-0.017852352793035944,0.9710791482329888,1.8272538456316063,0.12031755169924893,0.010704010723265097,0.13022797683189655,4.97019736468792,0.0897923636796556
1150,0.018397176435425815,2.3555827224342143,1.8999412027910196,0.12532021533448695,0.04764118343983086,0.25169214709051724,11.287221401929855,0.08004779021418473
1151,-0.009116515871715507,0.8331373234790183,1.8970968186273365,0.12509189059770143,0.020612719298579295,0.20623989762931033,6.655790522694588,0.10106336659434434
1152,-0.012993868216031355,0.5152065255037392,2.573949224839594,0.1565833240932481,0.017444978753356453,0.17429115032327586,4.138849973678589,0.10578207568532405
1153,0.007488033178409797,2.244158804205343,1.4767548771221857,0.1005467755519819,0.0832036319477695,0.22073679956896552,10.980463579297066,0.04807051027449749
1154,0.018483545897992545,1.74428036492158,1.8193436149267619,0.12391562809126763,0.05190394319672499,0.24781115301724138,8.399622336030006,0.12957825115521737
1155,-9.218354353974882e-05,0.7744015977333127,1.7751213665327497,0.11879304749044542,0.03874426674099533,0.22271518049568967,4.018144011497498,0.12273860784447499
1156,0.022960226575611583,4.480108304174841,1.9385969479407565,0.12831691324081818,0.05704761990938127,0.23986395474137934,19.830531239509583,0.11149464397782693
1157,0.0449137800414333,2.669587584494415,1.716318564193903,0.11568622314147622,0.10786978323665153,0.33385809536637934,14.886800855398178,0.05365434980919814
1158,0.028892016939766136,1.3326599258574312,1.7452813295356628,0.11869019087288907,0.10851061570733514,0.3084253771551724,9.669189229607582,0.06905187287222159
1159,-0.0044378926594704216,0.8576889010480493,2.120849205255478,0.13825105948561728,0.03463942307920159,0.2511701912715517,5.125822871923447,0.10605737038675545
1160,-0.007649112079240366,0.8539339925989784,1.6981863655725733,0.11164210296814855,0.025012904399757424,0.2158708243534483,4.533520370721817,0.10591021851179039
1161,-0.012817814249500698,0.9742105022393192,1.6411933319011536,0.11025589077775985,0.019839976067895143,0.16876852101293105,5.271132841706276,0.18334791185160193
1162,0.0026474300983146543,1.995072499820397,1.5035386319693933,0.10312382298590198,0.018024440503158358,0.1539348733836207,11.301820650696754,0.0318156565921226
1163,-0.01184288982056481,1.2139446667855605,1.1683527797484963,0.08014863356964973,0.016541211154009847,0.1662176724137931,5.993472442030907,0.07344212598854338
1164,-0.009889340864393735,0.9672349270053331,1.4843240932769084,0.09960446413964164,0.01371458237182541,0.13992625269396552,4.656041219830513,0.0197067442134069
1165,-0.01637548926812385,0.8653859909554532,1.7262870278828217,0.11234665724726803,0.01434715905207699,0.15135035021551724,3.766496703028679,-0.019824522236131736
1166,-0.010349093242293727,0.8322245026849413,1.81939037998688,0.11787066571382779,0.0175992463512024,0.17448477909482757,4.293586552143097,0.0014860429619224513
1167,0.006008970812278504,1.797971165478172,1.5696806852879108,0.10762561066881003,0.04107815578265281,0.2256785425646552,8.885609328746796,0.11247438232097295
1168,-0.006325977528653968,0.8276650201728187,1.702440368556734,0.10974499198954593,0.023754167387841304,0.17947703394396552,6.116070002317429,0.09529584863395679
1169,0.009459167145968606,1.3091229478059665,1.6106137142616324,0.10766536614248455,0.03781151705423577,0.2109795932112069,8.352704018354416,0.1738338653500251
1170,-0.007423764067866536,0.843337857773739,1.223312621471336,0.08426523924058524,0.023658265075874655,0.19230704471982757,4.4136654287576675,0.1356640973894263
1171,0.0011814035991845077,2.1935667976870237,1.4230510131035845,0.09648597725359045,0.02162853356458513,0.16599878771551724,11.108280077576637,0.03206168106266838
1172,0.0005982096242745129,1.645123831238859,1.3619330280613928,0.09341734530746171,0.013520641712696894,0.13394901670258622,7.779969796538353,0.0318644053759739
1173,0.0016418469212630025,1.3505787184108495,1.5479783199048294,0.10552002863353754,0.035912553357179446,0.22056000808189655,6.35627281665802,-0.07748547978944287
1174,-0.009649324031547406,0.5584247309564871,1.9428011666691538,0.12326761854859554,0.014892716652741063,0.15415375808189655,5.014804348349571,0.03939498006809683
1175,0.007194423260018443,1.3503627399153073,1.6398117956789684,0.10991870615071582,0.03325096174470171,0.22049265894396552,6.392658174037933,0.1874037485065524
1176,0.003023851882828851,1.3432158318648255,1.6060594716062524,0.10460268827797808,0.04048532332556,0.2306202855603448,6.491798132658005,0.0029480939107040527
1177,-0.01314517910710014,1.0637099225074431,1.6425911556420874,0.10936761142856269,0.026159294340561308,0.22886078933189652,5.492994129657745,0.057992320046673096
1178,-0.011150579566931313,1.2650522642512834,1.3282633227474323,0.08967218205699201,0.016648604918165395,0.15342133620689655,6.041594043374062,0.10853878824552732
1179,-0.005679062015326313,0.9365239210367018,1.510161923585951,0.1019314810016766,0.02484481113286416,0.21041554418103448,4.481352478265762,0.10495429355510844
1180,-0.01867805946272546,0.9513503230056525,1.8687036829510584,0.12300476196782273,0.02323336512463043,0.21378300107758622,4.496728524565697,0.04954455176731498
1181,-0.014646771907017598,0.8624823655677516,1.5207465924640071,0.10232544681509427,0.014380806977301134,0.14133216594827586,3.765296071767807,0.08563340570571665
1182,-0.012835743432942416,0.9790074388122144,1.5626891196236965,0.10268173638602439,0.01571850292011418,0.15167025862068967,4.58985973149538,0.040582795409875416
1183,-0.009006930250590444,1.217837700879672,1.3227270050996403,0.0899290516493027,0.026802743122077338,0.19729088092672414,5.1757897436618805,0.06262583967612934
1184,-0.0025328927916936253,1.6837271680580042,1.5574629818485568,0.1057279553125085,0.026315401266158694,0.18060513200431033,9.243164390325546,0.011544950563288414
1185,0.030191644906422208,1.348193121969701,1.6212648783848174,0.10511813429659017,0.09448640206372164,0.28630960398706895,5.825834080576897,0.11116243125774306
1186,-0.010224891844399446,0.5764663170414991,2.168022104990078,0.13623851114915028,0.013194560215542252,0.1509209994612069,5.694965898990631,-0.0827566125107444
1187,0.019449802572791133,1.9183499865751978,2.7246267288998345,0.17089646531572408,0.0694664349936108,0.29591527478448276,10.568273276090622,0.013806467150118684
1188,-0.012695695994317437,0.9305391545432613,1.7639696184108882,0.11186536313918562,0.019673412074631604,0.17576441271551724,5.023630797863007,0.06026940982583884
1189,0.0028522783797628967,1.899951918906876,1.14342659482986,0.07720941699470406,0.02880102708425919,0.1592722925646552,10.01089222729206,0.10227085492705112
1190,-0.006710564830555164,0.8152861287168688,1.7660110292834028,0.11339294794087408,0.025405279990552337,0.20824353448275862,5.6862596198916435,0.14540257709240922
1191,0.020268472063174038,2.332117042211168,1.9700970908780095,0.13108480925599264,0.0999693770522149,0.26902613146551724,14.946054741740227,0.06315994712811435
1192,-0.01625288431890422,0.7086189328015156,1.7156728186275534,0.11428788870378531,0.013979775441765109,0.1505926724137931,4.770531997084618,0.10579322167680161
1193,0.02463202555747816,3.5673162294616123,1.5989973641170758,0.10352649889812987,0.07410550887960528,0.24610216864224135,9.392251908779144,0.06730385199395361
1194,-0.019353229918900476,1.0469504700661516,1.4039490278902789,0.0953310391199722,0.030814503125074666,0.23461072198275862,3.9061481207609177,0.09462571135852393
1195,0.044359414097173075,2.4994208632516153,2.1087490999627754,0.14213978287385093,0.21640509133601182,0.41545157596982757,15.662781491875648,0.09636639655495982
1196,0.006081485420178845,1.7403125099538097,1.448440735975967,0.09553260014007922,0.05930002584459701,0.23280071390086207,7.031522810459137,0.07271058546040443
1197,0.002222881427429527,1.327353067641117,1.9122305047953023,0.12338652448615661,0.03503855588303787,0.24098363415948276,6.650996819138527,0.09419856934821946
1198,-0.012495902610535983,1.4923770304776653,1.5187329429510328,0.0979709843774761,0.01496032404141041,0.1593396417025862,3.568285956978798,0.04406596938893492
1199,-0.01800834566816728,0.7238099710357409,1.426671016682148,0.09379398162679319,0.01901350989301763,0.1680529364224138,3.3209195882081985,0.0917760318773978
1200,0.023406875810218546,3.1836360233723,1.6410575629609134,0.109502027483277,0.08380713271484161,0.2266045932112069,14.158548757433891,0.03642716315788008
1201,-0.012775789919542462,1.7312239800602265,1.165545361819911,0.07924855238300782,0.016068584568607734,0.15753805226293105,3.8327136486768723,0.025175589993176817
1202,-0.014238937618874216,1.0158853664882268,1.1349782801627548,0.07742723225154415,0.01428825842400517,0.14842908135775862,3.7077054232358932,0.12045786037783524
1203,-0.006905036755361443,1.5906532642360176,1.304662136271444,0.08843617901039907,0.021695686739733367,0.17352505387931036,5.873032942414284,0.09587413110219134
1204,-0.004185063980222711,1.1655112285892182,1.5703196443000103,0.1021895333055158,0.018138932049498242,0.17400491648706895,5.508790701627731,0.1322446658691856
1205,-0.0036209537012179636,0.9293835974680769,1.5341672508997672,0.09892791374390296,0.0356061276998248,0.24375336745689655,7.16287986934185,0.13247371471595726
1206,-0.014364270355729097,0.9310553518139819,1.8606420709096938,0.12161632876709709,0.02658166597823232,0.21951609644396552,4.819193542003632,0.1561791476442158
1207,-0.009254855916069496,0.9157815635808686,1.2978651125897276,0.08670125036387535,0.01947648064645458,0.17147090517241378,5.135057494044304,0.11980130008272794
1208,-0.019951227673159082,0.9979442633214922,1.194821699026796,0.08195889277934923,0.015337938677115241,0.1575969827586207,3.084455519914627,0.08855559386802514
1209,0.0130677143884231,1.551658426272137,1.2314196299952087,0.08467486564347929,0.043147450299494294,0.2241631869612069,10.53594571352005,0.05006920494778777
1210,-0.0014753822696497048,1.5536535354118661,1.2984392938848854,0.08908196986214445,0.021416992566502875,0.16038355334051724,11.780243143439293,0.024249538897505918
1211,0.026056909785720877,2.0656596925197985,1.6949970839360948,0.11382195444368863,0.06792944992281295,0.2312769396551724,16.928959101438522,0.019808218620796403
1212,0.006092932960745327,1.3552978955703472,1.8972835877372956,0.12940665607324475,0.021607004562454298,0.19704674030172414,11.935022443532944,0.00922318339165884
1213,0.010626752495858177,1.7879517465545325,2.488553854058122,0.15812738094588627,0.05434104946030417,0.31248316271551724,12.660428211092949,-0.22390552476518866
1214,-0.0036894081524125035,1.2677576415267728,2.068748937331293,0.1353583693134509,0.022783094783986158,0.20686287715517243,9.450331136584282,-0.03858611112524457
1215,0.01121073224314763,4.901856968767317,1.5560242613276805,0.10402705462669888,0.041101879176933614,0.19632273706896552,35.24506574869156,0.14680445974723833
1216,-0.0014834198350262466,1.1751852482929261,1.272463349772832,0.0856700499384162,0.023867827102643284,0.1799737338362069,7.1814350336790085,0.004320640736121262
1217,-0.0123564061249971,0.9355813026103421,1.3096218068972536,0.0891201120555809,0.018808142432543057,0.18191844019396552,4.793398410081863,-0.043283591551355416
1218,-0.01058716632786529,1.3898637424250326,1.5473874379156554,0.10113996654659002,0.01451953530318735,0.16126751077586204,6.6479505598545074,0.06684326382747019
1219,0.01944819167931655,1.472433390518925,1.566115875919397,0.10194637142902344,0.059211108389859116,0.30593345905172414,6.792767360806465,0.04955283786917741
1220,0.013993156059132995,1.3120792037649411,1.6797364506556303,0.10984770068429311,0.06279113923719627,0.3087031923491379,7.075765281915665,0.15175769634717529
1221,-0.01319330471456079,1.2323402532161163,1.5836926364231285,0.10568773502043055,0.01704057643649415,0.1660998114224138,6.149613440036774,0.13485463260676434
1222,-0.015127280098718936,1.1163451992055424,1.3440867585264111,0.08933440573542019,0.010657809826272633,0.1246800915948276,3.4936084896326065,0.0762531995735819
1223,0.0036825226597326675,1.3366642532812005,1.6407013951843692,0.10835422429482822,0.022744112706308883,0.18116918103448276,10.846321523189545,0.07006805588382092
1224,0.01704813488405799,1.8284324431417445,2.0745934159009938,0.1371181505683346,0.051685592888675115,0.3153791756465517,14.924590170383453,0.06582824578198299
1225,0.004209110109151236,1.3157422315858378,1.0749410798996692,0.07347538107661719,0.03667008372952233,0.18455347521551724,16.391515523195267,0.046113427110827
1226,-0.009001046074760273,1.062314605376665,1.557888656093481,0.10221051050790772,0.020654952709829276,0.1853532462284483,4.993323847651482,0.036671416483945896
1227,0.0035733677573173746,1.2813217091573086,1.6526385326955082,0.11063030512710549,0.031475922350609684,0.24929283405172414,13.741763770580292,0.05328616174801937
1228,0.05231201625414302,2.246511924724325,1.2101958930479757,0.07907874329445572,0.110288662539639,0.24723868534482757,18.220508068799973,0.004472692941667078
1229,0.03633017186451057,1.5857905048370688,1.4877705769379892,0.09684237212064259,0.09696564368459215,0.2641096443965517,11.735618591308594,0.03297542078558091
1230,-0.002885052381333841,0.931983519519322,1.3585782482954152,0.08970528533622617,0.01625051751714887,0.134521484375,7.898947194218636,-0.02888249815557753
1231,-0.003772011230771195,0.9914383046011963,1.4276831810515338,0.09427248550128092,0.02820748761061999,0.2122508081896552,5.783944487571716,-0.015938970487481274
1232,-0.01726751382502409,0.9871877193311116,1.245256270737048,0.0846886001689659,0.018255612655123293,0.17917396282327586,3.465731218457222,0.03191674450621407
1233,-0.01117200575875972,0.8438258722380388,1.4277919210943935,0.09714704322601439,0.02128608472042382,0.19045494342672414,4.711666896939278,0.1391079939550759
1234,-0.007024584962461576,0.782804301447993,1.6499324568274836,0.10972306494144808,0.023945482644703902,0.22125033674568967,6.798753514885902,0.10263601980792236
1235,0.02285900583945365,1.3502876868231037,1.3094201004131727,0.08713515213438347,0.10606546852993624,0.2794905037715517,8.554636642336845,0.0435622726506566
1236,0.06893230862673624,1.7156742925692479,2.2633985068519062,0.1442043305323909,0.3916208993944123,0.5386836610991379,8.40162368118763,0.02972289572342013
1237,0.0109019276748332,1.0597177225339671,1.1975372669473558,0.07936097494052911,0.08373081543895124,0.2718632139008621,5.88395918905735,0.17003445747071522
1238,0.0604179898227239,2.208726947456096,1.788720194742769,0.11721148879197503,0.15859082836770538,0.4034297548491379,16.045234948396683,0.007876302182720618
1239,-0.003389658474515009,1.0680998616684674,1.228306396290377,0.08155495141410067,0.036815770514232134,0.22509765625,7.558502018451691,0.03046561374177348
1240,-0.013863155380088026,1.1807311891543477,1.5026959884101383,0.10036568829685705,0.02392176108019314,0.1844440328663793,4.971524819731712,0.023936016565463514
1241,-0.005713854312850916,1.2464408908277052,1.5416870351277183,0.10067903464306527,0.02363746638152877,0.20667766702586204,6.386707648634911,0.049088810259255045
1242,0.019956637667138687,4.694601114628451,1.3962348740814434,0.09424036778818881,0.08130162407939362,0.24676724137931036,24.54879206418991,0.0991944948752046
1243,0.005681719671543219,0.6385351726905366,1.3841772859487689,0.09230772483145705,0.03544133675984932,0.23731310614224138,4.400474980473518,0.008330095564444528
1244,-0.011821520582925332,0.7110050926938006,1.1645504577489052,0.07717101011896284,0.016652552914851626,0.1569066540948276,4.143076077103615,0.07111403434363794
1245,0.03787087136240908,1.47465802116061,1.9027280622848002,0.12420094027118397,0.1500960252238256,0.3589877424568966,9.899717062711716,0.07671067965197986
1246,0.009794529804596237,1.4940862303904041,1.3392108303466503,0.08913228041900381,0.035042405992593055,0.23192517510775862,5.542039901018143,0.06493170148722127
1247,0.0034830113600292103,1.289108991443213,1.4052571955925237,0.09575578133016746,0.029507446206229485,0.21331997575431033,9.790905475616455,0.1596468644453557
1248,-0.009856009484180056,0.8920474290913984,0.9294759336059489,0.0636230198444431,0.035281855667578604,0.21183829471982757,4.21991004049778,0.07940055797975953
1249,-0.00015559024884604158,1.1798992841331404,1.1783856394019587,0.07996622726278727,0.018911355095481447,0.1709405307112069,7.951150894165039,0.15059425045562025
1250,0.04906308326496621,2.3108226521325372,1.536855782267799,0.1036841678758821,0.27169146056681015,0.39148370150862066,21.870629966259003,0.07701331822983426
1251,0.02164670770264316,2.196288762190501,1.1734442450714546,0.0788817783308002,0.06891138770247256,0.20181169181034483,12.225830003619194,-0.05546760679339213
1252,0.027558555362434664,1.7321799989413171,1.1659175303595004,0.07874832007285304,0.1625003665493262,0.28628434806034486,7.473299473524094,0.12701842078739
1253,0.010083938169943903,1.6935621591374597,1.2413525296839105,0.08420249046954947,0.04880834128331618,0.2507408405172414,6.930190160870552,0.055215220753217054
1254,-0.016579334027590938,0.7534106908515414,1.3550603478517895,0.09024344742323143,0.029871525246249052,0.23591561153017243,3.9657374769449234,0.011810097156038868
1255,-0.011065329033455336,1.0195650630842898,1.1925220784527069,0.0804536901036022,0.020972410698896996,0.1920965786637931,4.102066785097122,0.04499191266357472
1256,0.005588229742771537,0.8382356427384021,1.330407757572131,0.08834356795939691,0.028989259213478266,0.20228313577586207,6.310109406709671,0.09580736170489135
1257,0.034012976060555034,1.4006673269737466,1.5491216193973307,0.1024491003139841,0.062412060716836935,0.2996026400862069,9.963262796401978,0.1285171326311959
1258,0.03401480907456206,1.5339525829276384,0.9049759257481695,0.06228342286479001,0.2366970583690025,0.2891887796336207,11.278316408395767,-0.025991556336518506
1259,-0.01731582856849556,1.373783192071574,1.038118259933683,0.06990515981365472,0.02290633856416113,0.1749225484913793,3.437277302145958,0.13954639939950397
1260,-0.005640317859926775,1.277698352948456,0.9618542699667828,0.06563409252371634,0.037609273673406905,0.2041436557112069,6.158638298511505,0.07180156320910946
1261,0.001541928680028632,0.9574584736141374,1.0973316190277593,0.07438761811316191,0.03611037731457929,0.227294921875,5.206715017557144,0.013662020321608237
1262,-0.016489190011005586,0.9330585039722332,1.0938495435128122,0.0736774715111376,0.015194565519338758,0.13791419719827586,4.3908872455358505,0.01980432702746615
1263,-0.011023239342888708,1.0592081826135264,0.8831273924051508,0.06038624847516742,0.025343997968948002,0.19220602101293105,3.6443702578544617,0.07949209650726208
1264,0.06595088092069383,1.9632076809334957,1.2124162780573813,0.08065350279353166,0.16309329696420197,0.2861328125,17.395542412996292,0.011248321094428193
1265,-0.004363210663133693,0.9811932999480151,0.9828688787486555,0.06693923943475154,0.017222038837487696,0.14673693426724138,8.305328100919724,-0.19451729055348665
1266,-0.000254014175389007,0.8749849304293185,1.303956176365117,0.08620546389162712,0.04454007553314615,0.2526266163793104,7.70242577791214,0.0228789148320121
1267,0.015695182521483275,1.1270731434529986,1.1231594802868887,0.07572350395616596,0.07283588962789132,0.2743130387931034,10.136974960565567,0.046157791752894806
1268,0.02975695994801083,1.6340485282348025,1.1927815914033604,0.07955394072660898,0.15737152537817153,0.2964203933189655,14.79325844347477,0.04956630003617124
1269,0.015126995484005899,0.7874239845646405,1.048302689578026,0.07037105937140976,0.0716441821311554,0.26520406788793105,7.291090875864029,0.012933097435493202
1270,0.013071428230260303,1.0990440662151628,1.2956832601103918,0.08548360907639221,0.04171422945436744,0.23988079202586207,10.372193366289139,0.03795200800796428
1271,0.01715780815983888,2.202389958487622,1.3179422609441307,0.08941000365402747,0.05193360122139806,0.2055243130387931,17.946187525987625,-0.18764528072115727
1272,-0.0027030921463967877,1.0948026796495403,1.3921961786485797,0.09332341224504773,0.029245668954209922,0.214111328125,8.370008900761604,0.04098719292610531
1273,-0.011548349143006979,0.941410491690241,1.1693189973890525,0.07824185905400172,0.020168865479279013,0.16993871228448276,4.192033767700195,0.07464016700157161
1274,-0.019558585629212154,1.2319365007714036,0.8840526867697033,0.06083280057884326,0.01691864620374088,0.16545157596982757,3.5529478043317795,0.06297458667234135
1275,0.020508721027634874,2.9232919569125433,1.172071657211652,0.08097659445325325,0.0828746486086519,0.21047447467672414,18.38320106267929,0.07436081287677132
1276,0.0238213785893665,1.955151706110656,1.1955338064191623,0.07980770999983824,0.08448724031061981,0.21008721713362072,13.098817825317383,-0.017980109241527265
1277,0.019128349270476824,1.4366623348014187,1.4263195914360542,0.09413771491352829,0.09789252826857806,0.2582418507543104,9.227609664201736,0.02272439512338087
1278,-0.015877061693078665,0.7594148086375166,1.1385713546503222,0.07602933305159154,0.018901972737631726,0.1810344827586207,4.497440919280052,-0.0601881623781193
1279,0.004313058903419615,1.2250962365482658,0.9645562927957492,0.06586582904619126,0.04007948071563501,0.21058391702586207,9.395816564559937,-0.1072262964592694
1280,0.002087155283977059,1.1356365598420262,1.0620878239849512,0.07142246698946059,0.01946075795517729,0.16162951239224138,8.720815479755402,0.10332033235835458
1281,-0.006790428051851709,1.0751780273944793,0.9388623982065398,0.06490262390646474,0.02056451783612923,0.17445110452586207,4.945882245898247,0.025926095670727234
1282,0.0006117423513201385,1.1336561590861263,0.9505093362931967,0.06447623885569173,0.02681171992146809,0.1959270608836207,7.050989538431168,0.06008967133539311
1283,-0.0020355741138003178,1.094038608210598,1.0733236673721644,0.07283834006472195,0.04132930446500942,0.2682684536637931,4.416368469595909,0.05679774992583131
1284,0.011634510713716297,1.2512344778314164,1.1289704812663701,0.07463574832819905,0.051919387173974235,0.24345871497844826,9.881294190883636,-0.11098579924114427
1285,0.03043360896111149,2.3389724404886527,1.0791389785785235,0.07439114723789207,0.09277837230555754,0.27570211476293105,18.76722291111946,0.03907692437797905
1286,0.0627874089406597,1.6503510575821103,1.244136121483075,0.08013659305761398,0.572368254071191,0.37920932112068967,12.0839022397995,0.12239851600000295
1287,0.010994898513630873,1.876566062320745,1.2080049831538018,0.08238854475877445,0.035247575020721025,0.1709489493534483,17.7589650452137,0.12771819829576658
1288,-0.014910368563101687,0.941458117846567,1.0475962169492545,0.07099749161874118,0.01897020583767283,0.15468413254310345,5.889527693390846,0.022690598977343268
1289,0.01239626668596876,1.1169884767403797,1.2920375574267253,0.08639839506764498,0.06638304469117493,0.2950060614224138,8.178076297044754,-0.11597685785018719
1290,-0.018034092089038233,1.0422912432299665,1.1748692690969287,0.07881685271224388,0.026872505747021557,0.19875572467672414,3.9258987456560135,0.07033635970680507
1291,-0.008791231542271648,0.6992475248410694,1.0319269541705072,0.07065600642181255,0.022686616507928255,0.2015675511853448,4.772737234830856,0.04851691209698217
1292,-0.005492460495758397,0.9441385282742354,0.9994128410142935,0.06928350809930475,0.03394931872280095,0.22714338631465517,3.8895840644836426,0.15904424240588222
1293,-0.01171606807229688,0.9521966716493235,1.1210046723742395,0.07612491884893278,0.015129243414180406,0.15788321659482757,3.8330752551555634,-0.04003745569723138
1294,-0.009725953946720635,1.046650366046754,1.2112108650923417,0.08046648873456387,0.01579630330843429,0.15252054148706895,4.7995646595954895,0.1282688009291303
1295,-0.013759621570781536,1.1591445796171866,1.1737828296506814,0.08079766278157986,0.026061578029682626,0.2035711880387931,5.989820063114166,0.08545588647640767
1296,0.019688045248537917,1.0358037079994158,1.0829307036129787,0.07236870911599677,0.14667900492943592,0.2681505926724138,6.64758825302124,0.09203559934689154
1297,0.003418471170801422,0.9610473607837879,1.571354972865552,0.1021054076436369,0.027524901429720902,0.21400188577586207,8.448600232601166,0.08846392104837442
1298,0.019516549087248838,1.8419707210741028,1.301378951101389,0.08656546553892634,0.12899823289903617,0.30490638469827586,9.155682623386383,0.11775218600113657
1299,0.008041267168821298,1.4258223919316273,1.1887769702569502,0.0821635428459827,0.0518504101380821,0.2076458108836207,5.934720098972321,0.11088748316943886
1300,-0.018516887150742976,1.0854525401021862,1.3328298877063705,0.0886666101743743,0.01799729063554094,0.17992322198275862,3.9134587794542313,0.11706458552944943
1301,-0.01031522391141654,1.0242714599809712,1.3072902853940374,0.08753954403974136,0.026200057114190965,0.21232657596982757,4.2920850813388824,0.06816838371637202
1302,4.3287811885075154e-05,0.7945577876268471,1.1740775418557141,0.08175788029490041,0.033505621679566874,0.22834725215517243,5.041333824396133,0.09873561809738474
1303,-0.016086211974260516,1.0743908338296162,1.2171870162150082,0.08028819730765113,0.021138261143440903,0.17787749191810345,3.5803117752075195,0.0783411570770094
1304,0.039626641786035297,2.3472844881114407,1.267552463096886,0.08442191044734135,0.10729315880958709,0.2626532192887931,12.494373083114624,0.02492762581834962
1305,0.009264545266075848,1.8228826957473134,1.2568855886054682,0.08554878250167698,0.07261632740219695,0.2493601831896552,14.295358121395111,-0.0390927436808286
1306,-0.01833621224031684,1.1060141795426541,1.1319014083393426,0.0757805323457711,0.013526224312891858,0.16130960398706895,4.257544353604317,0.07478892893543432
1307,0.006834869299797928,1.3632691339140393,1.1587135110263178,0.07805870382086992,0.03189160072267033,0.19692887931034483,8.929003283381462,-0.024747060628859785
1308,-0.009890430580342783,0.6109617352651739,1.38302051298345,0.09022004713972623,0.018914366563421936,0.18178374191810345,5.5444928258657455,0.021190597186170335
1309,-0.005700196753433109,1.3781075515374588,1.114165081878212,0.07559950576912844,0.0297038436085194,0.17523403825431036,6.240970209240913,0.01684106409020547
1310,0.006193820890591097,0.9309533709745319,1.18173884558828,0.07949082572353192,0.02983746870198102,0.2212840113146552,5.525079920887947,0.08844624786713107
1311,-0.00903676397366298,1.3522041184765419,1.1274220183916888,0.07582113987365424,0.032210412853609,0.1956745016163793,4.409559398889542,0.04749250781918013
1312,0.007890479229207527,0.9765766182850198,1.1588660351318572,0.07944731689128322,0.046142708694003824,0.24807213092672414,7.260794773697853,0.07715637184276158
1313,-0.005848286046996471,1.1830979776949448,1.110956223859808,0.07563103988077613,0.022243249091925932,0.1761095770474138,6.107057198882103,0.056755567182243505
1314,0.018227804763127964,2.9227981561858076,1.0821551513995447,0.07350782278135792,0.07355922027266262,0.20335230334051727,14.953197866678238,0.073323288336275
1315,5.7619087358822506e-05,1.0067802771310805,1.1851196418062355,0.07838133060872923,0.03437625541340006,0.22425579202586207,6.048850283026695,0.006942679714321054
1316,-0.007321863491323788,1.5863997625094695,1.2489978060378153,0.08552240232864085,0.020401517087528756,0.1785509832974138,5.907957226037979,0.09123665922978519
1317,-0.018240093336590858,1.0063646848171774,1.3392907026777832,0.08979305584179316,0.021404021034256933,0.20242625269396552,4.683523923158646,0.08753819688818143
1318,-0.001114720521774113,0.9417829303108592,1.2006716659482122,0.0821004154521046,0.039222473644638836,0.25100181842672414,6.033915489912033,0.12488362495482253
1319,-0.004103697519281895,1.0136491542758574,1.2290571097674878,0.0839393387900218,0.042724563739252985,0.26495992726293105,5.2259379252791405,0.13818559564732025
1320,-0.021267877388433772,0.9569873435338168,1.298725999500353,0.0866655562612921,0.015691143799883855,0.1658893453663793,3.7959278523921967,0.1647120038429134
1321,-0.013035280330353184,0.7362593131425876,1.2679858367058598,0.08529226917708096,0.019897770846271135,0.1934772359913793,4.145328477025032,0.059095604297633386
1322,-0.009782682192140697,0.8372462953563546,1.2873206640880035,0.08685923656228456,0.024571990931784464,0.20558324353448276,5.433201342821121,0.1889962256903921
1323,0.040862463827898515,1.6925926045327246,1.050717423512292,0.07143571399792807,0.1957817896178763,0.3426976697198276,9.06450143456459,0.151771344917641
1324,0.004007364802830659,0.9199645324735779,1.2256777048170742,0.08179162808313836,0.04348417372947834,0.26059065193965514,5.264721751213074,0.19054365116172378
1325,0.0664622255853152,2.643035826291796,1.2798379888509435,0.08429786032729443,0.32818312789199217,0.35908876616379315,12.784399181604385,0.10255421829901379
1326,0.0062968400190852895,0.9247962987670083,1.19283682981938,0.08105008738194441,0.03433012614658733,0.23096544989224138,5.973531797528267,0.06757292651729196
1327,-0.010582460724292227,0.9838925340573735,1.1046409133503765,0.07650559051949482,0.030845818101718988,0.2454876077586207,4.042242243885994,0.07254570701413932
1328,0.00263037009735491,1.2063421748312735,1.1559312582828802,0.07859124224660548,0.03467494839406786,0.21071861530172414,5.773998901247978,0.015270599564118914
1329,-0.016012170631464366,1.0885426324166931,1.252058069290467,0.0869514629120561,0.03032389016224725,0.2337941136853448,4.881919041275978,0.038577374510744944
1330,0.0006031233818597328,1.0000980582248593,1.0691688320755464,0.07470130185139648,0.031420437392531815,0.17919921875,7.985988676548004,0.07418550935548318
1331,-0.008436066521469377,1.5648468595682958,1.1667647392452,0.08089966593607409,0.015887354901365298,0.15435580549568967,12.391543418169022,0.15285349942472848
1332,-0.01104836529728361,1.1605621539596713,1.1619989163685047,0.08009219830347403,0.01291101486436548,0.13445413523706895,7.304037809371948,0.06709108947037246
1333,-0.012996660151073989,0.9246240803405987,1.1077114436388682,0.0754119803722988,0.027327186549365282,0.196533203125,4.161015897989273,0.00013305915620676068
1334,-0.0003812928677241201,1.398473882660826,1.1148954614830702,0.07700679803379472,0.06576271289659788,0.20335230334051724,5.99184262752533,-0.07838107033275943
1335,0.0163327308357237,1.8488479182395359,1.1033524296698514,0.07519793715468209,0.11786513160958433,0.25628030711206895,11.383032977581024,0.029937578969941314
1336,-0.014811363106043715,1.1423987939422162,1.0027257085398809,0.07000682868597874,0.015170595633709785,0.14776400862068967,3.2852121591567993,0.09984482834839403
1337,-0.012150455780707932,1.0736499761145937,1.0959509398355562,0.07500418772519384,0.019386144255083212,0.17881196120689657,3.6167648285627365,0.10166401382742107
1338,0.003244323767875386,1.2905920035992202,1.163774488189588,0.08066176210303148,0.04249015047921916,0.25486597521551724,7.867422938346863,0.06433744487879456
1339,-0.009314607903863348,1.1288199722839474,1.1522056770475726,0.07942531813578563,0.014574048411508682,0.12564823545258622,5.217340648174286,0.07151088725016408
1340,0.006265253332425654,3.0610637291332785,1.2345093146898272,0.08533975298763004,0.04328256895103644,0.18686860183189655,21.480801045894623,0.13180607111326337
1341,-0.008941295991723233,0.9836805073723777,1.1524060955525146,0.07936250319612764,0.02172495000107527,0.19189453125,5.890185236930847,0.061873800249248156
1342,-0.01441444908101826,1.1598165608337894,1.0820850709393588,0.07428529896322356,0.017551898195577075,0.16095602101293102,4.109417617321014,0.020450770987808897
1343,-0.01788308472952422,0.855296712803145,1.1668848897156834,0.07730349252728912,0.014430014116998853,0.1488500134698276,4.344667002558708,-0.01076842575719339
1344,-0.01637511628093752,1.1660589466451088,1.1779795628225047,0.07958652081214079,0.02174732388087658,0.1722033270474138,3.9555262476205826,0.0104775832221351
1345,-0.014816992230066228,0.785230193993502,1.229208900035988,0.08131761312901253,0.01521345811598339,0.14898471174568967,5.2269772589206696,0.1435152334922477
1346,-0.00861398758522653,0.805829633900959,1.118597357768325,0.07599903541231201,0.024139399757430135,0.20199690193965517,4.614911273121834,0.0669331163689807
1347,0.04146530815385141,2.5440428995039346,1.3915895372912157,0.09438862673708828,0.07810973986279121,0.2666436557112069,22.527043282985687,-0.009298291238035494
1348,-0.01513893553372382,0.850620552710976,1.3330638216902853,0.0918105700194278,0.01770495218959005,0.16749730603448276,5.785482570528984,-0.03618019853001164
1349,0.04938368762206026,3.3208944966261766,1.3630975388717121,0.09203374546237589,0.24505922880108844,0.2864695581896552,18.466460555791855,0.04655688402536429
1350,0.005567765194557289,1.0116217886326058,1.1105620459442194,0.07655646446106835,0.042676391722950326,0.24178340517241378,4.3887826055288315,0.04836067546904199
1351,-0.0030973824636205405,1.1860173313414402,1.2216787798583304,0.08443398444297595,0.03824483772930386,0.2600181842672414,5.193587526679039,0.09026492272873643
1352,-0.012764417142019,0.764710896582399,1.104365488449499,0.0736413141392996,0.018310067900105864,0.15827889278017243,4.809494465589523,0.10064512451616414
1353,-0.012950868709422454,0.894705147156996,1.089434166911987,0.07263245763398202,0.019830939556601965,0.17660627693965517,4.093038260936737,0.11169621824835185
1354,-0.0008547741450056798,1.4294284515380222,1.2817589262609648,0.08527251071471341,0.0470501808726669,0.21837116109913796,6.2340899258852005,0.0686251388661081
1355,-0.004777849638961318,1.1223122406563102,1.4284184595199174,0.0938665576948812,0.0703477014393083,0.2558677936422413,5.272064730525017,0.060889484371610014
1356,-0.014426999170117643,0.9027817973020292,1.1534807927882924,0.07811977504408352,0.01852233767243073,0.1691473599137931,3.7548628598451614,0.09902280400953578
1357,-0.011121993737924444,3.3626847355678766,1.096621720438242,0.0743769469374422,0.028923524449353488,0.19196188038793105,6.804036647081375,0.06269459252268916
1358,-0.008898573172373858,1.333821709818888,1.2244245240776248,0.08136104479070175,0.01833362186839191,0.16563678609913793,5.510995477437973,0.08069017355135266
1359,0.009309514402476059,1.1287022410387915,1.2193148142052521,0.08325867061581538,0.06083790019571442,0.25360317887931033,7.868181079626083,0.11228148247036485
1360,-0.005334457535300003,0.8140383533811872,1.226953871617365,0.08260384822569632,0.020964221911620777,0.17781014278017243,5.722375050187111,0.08275211618793088
1361,-0.01924521194748728,1.0035358811175268,1.1561715775501011,0.07985894609735533,0.0177148568152853,0.17418170797413793,4.8192285150289536,0.2561812620509277
1362,-0.015275120586474648,1.435636969189825,1.0162775900695737,0.0691163992919509,0.01651343958659991,0.14068393049568967,4.70257180929184,0.02270918754748852
1363,-0.006952078949519788,0.9732812940429001,1.0862901608921918,0.0737883443273453,0.020981862798274457,0.18628771551724138,5.550980791449547,0.06396240994503932
1364,-0.011842322308083107,0.9463748342459155,1.1329533986280587,0.07648598670246302,0.024448587025384265,0.1789971713362069,4.486926361918449,0.091383755377892
1365,-0.006256806667533377,1.0808593942803928,1.228943503046081,0.08340354299038621,0.03314252726152611,0.19849474676724138,5.839380085468292,0.18590631476141273
1366,-0.017563025677241998,0.9007912524169807,1.121776750059966,0.07756884493723012,0.023085424407327082,0.189453125,4.266935810446739,0.07175896833698392
1367,-0.01484504010293333,0.8976335094625116,1.3014151837393708,0.08966736037798348,0.02176676020740317,0.19351932920258622,5.492694720625877,0.16016766255945292
1368,0.0027931216454346905,1.3463696572740043,1.1107306237832069,0.07498934833067179,0.052100131205165705,0.21743669181034483,5.759895488619804,-0.029172515911609853
1369,0.007395264416355327,0.9328532519620714,1.0815528767650218,0.07405417896109145,0.0628062284118124,0.25719793911637934,6.264012351632118,0.10390659046804063
1370,-0.011082616974139738,1.058599731957198,1.1604696115994402,0.08004999014857057,0.01784425780546183,0.17787749191810343,6.9722371101379395,0.07507503602993026
1371,0.003074182859138389,0.9399039353720713,1.186937627748345,0.08010315653110443,0.06667134366122206,0.2222184806034483,5.249674633145332,0.055195342039228046
1372,0.053484776790109614,1.4375524708540461,1.1810590002042733,0.08002149056662028,0.24335321205595925,0.3391197467672414,10.991621792316437,0.10725946034529099
1373,-0.0059539337441709625,0.9885975068463704,1.1331449174112336,0.0766059668953478,0.03454444065159648,0.20451407596982757,5.421599194407463,0.17427878923362305
1374,0.0036087205189452446,1.513267024129728,1.1316042637632417,0.07723011605238939,0.04192123438124405,0.19957233297413793,7.636791154742241,0.10944500042449612
1375,0.00015470274046618018,1.0930859303559317,1.1685242146517338,0.07964362375466343,0.04504050703941834,0.2613062365301724,5.10516831278801,0.04539906466572674
1376,-0.004725495751275661,0.9663449447317342,1.1651818557281095,0.0803452927738218,0.032306065061612606,0.2010119207974138,5.962387025356293,-0.01345243703604071
1377,0.05209802093370038,1.907816409649162,1.3115814034002253,0.090804685854053,0.22545078003653618,0.32921942349137934,19.047096401453018,0.11262094706473624
1378,-0.014703782982537475,0.8765687455414246,1.2588338908527787,0.0849423833389864,0.019016875897517008,0.17257374730603448,5.588844999670982,-0.030538155541938394
1379,-0.011274068286216635,1.085031690655297,1.207820784104443,0.08173224386552524,0.028864661477576912,0.1797716864224138,4.432417094707489,0.10287046183887016
1380,0.025418099840125417,2.1015433862821986,1.2571447066383967,0.08342649067356059,0.16764324375730633,0.33473363415948276,7.284949600696564,-0.029463274838192666
1381,-0.004344072918815067,1.0391178344843721,1.103395269989297,0.07421100005976028,0.04929978121147323,0.26188712284482757,4.026100546121597,0.07040890234394914
1382,0.01624437950650763,1.300958423963618,1.2365100670030147,0.08303812383788459,0.14982296880605472,0.290771484375,5.58094422519207,0.019985836274780455
1383,-0.0034935504245615532,0.6215863430188544,1.2497422708800427,0.081586887066425,0.02528122607845003,0.17540241109913793,5.812723264098167,0.14203385403109803
1384,-0.012972163312895192,1.039145459509896,1.0731616474835022,0.07373492852360722,0.02407363958430104,0.1941759832974138,3.753611281514168,0.08477869605452859
1385,-0.009006170617841893,0.8639381876183143,1.1560798063510833,0.07768263693227509,0.01876750883813092,0.1612590921336207,4.2648918479681015,0.017501056950894545
1386,0.0025580239999865653,0.9878755676002742,1.0925801275027842,0.0729930926181051,0.0660950446185956,0.2457654229525862,6.116137936711311,0.10400186972139458
1387,-0.012723268044352616,0.9205180020357364,1.2183307792785465,0.08301007567698088,0.024573487593098152,0.20477505387931033,4.557227656245232,0.11791799605838238
1388,0.0011536295330505826,1.084739796166152,1.106147701251718,0.0751107983425202,0.035769156298101734,0.18007475754310343,4.834682449698448,0.00697689465947704
1389,-0.004752503351202978,0.7009388902108776,1.478467653602629,0.0969787259300643,0.022509492803174942,0.2090348868534483,6.02421011030674,-0.00818481986158126
1390,0.0021719503704810783,0.9035982731465679,1.2974786553702913,0.08547401724397649,0.09004169400368522,0.2734038254310345,5.860323712229729,0.10469062066941281
1391,-0.013367992147477943,0.6698443356904232,1.3216151688888995,0.08648765797301287,0.01462384704772658,0.14307482489224138,4.699141204357147,0.03491529031406626
1392,-0.016884142822959313,1.3114958209199001,1.3093512038638235,0.09039202596094614,0.015262420586654554,0.1524195177801724,4.022117510437965,0.0443618248259412
1393,0.06213237782371691,1.8512942715382212,1.2409365967297847,0.08428864269122327,0.11690761333018024,0.23926623114224138,11.346045702695847,0.11141363544815375
1394,-0.014781486674034347,1.3506467931245416,1.1511839594238045,0.07987666765832795,0.01390699754557349,0.13326710668103448,3.9971991032361984,0.08317196465058996
1395,-0.016497667744715727,0.8929887409774595,1.2544631272940308,0.08607845319546112,0.020596665779866553,0.18691069504310345,3.413251869380474,0.1005776329414837
1396,-0.012038218778316973,0.7794869275607166,1.4107363828738984,0.09239665881181187,0.018489259193647113,0.16338900862068967,4.202414497733116,0.09229841587994314
1397,0.036872710519304505,2.3575597164961084,1.4173259296155383,0.09625921710530609,0.1970150487376316,0.24879613415948276,16.505513697862625,0.12688284800401517
1398,0.0038074091062809522,2.233176933136132,1.501872606999377,0.1035877949317397,0.04163107014873993,0.18702855603448276,13.47945712506771,0.09897076334504018
1399,-0.005390724293018311,0.8891279573041035,1.2853766976705696,0.08756959840678784,0.02805295224899949,0.20631566540948273,5.264887124300003,0.03624688354420902
1400,-0.017584823452113783,1.2585509077564658,1.1610988467443417,0.07891196996219621,0.013471303461897307,0.14581930226293102,3.93088236451149,0.17867153973012728
1401,-0.011958805677769807,0.8376403506608185,1.2621079636628538,0.08496351612733306,0.016220747687917727,0.16004680765086207,4.486574873328209,0.0260699285085777
1402,-0.012610539855737396,1.369121749751125,1.1092128713125486,0.07629448964786573,0.019234747579659976,0.16561994881465517,3.9787398129701614,0.15985442850429754
1403,0.019219693944032987,1.7104638368320735,1.1928493386641041,0.08178590945177217,0.07393127335928026,0.25634765625,10.253604382276535,0.001275199843914443
1404,-0.007665313138733742,0.600132204613226,1.6297032066874493,0.10557194575188879,0.0309374822370579,0.2279010641163793,5.0938432067632675,0.0609829541750363
1405,-0.004825061830464668,1.2005618082877256,1.1229545018271925,0.07657915454190686,0.01886324550776345,0.1458782327586207,5.961376279592514,0.032941217682108115
1406,-0.016838723704095487,0.8997966448047243,1.2407653487744026,0.08297689745316283,0.02640551815568023,0.2086897225215517,3.7624447494745255,0.10638353447165072
1407,-0.0034317678123413926,0.9325519738193098,1.580730550271004,0.10652849392187538,0.039553632802474974,0.2686557112068966,5.285749197006226,0.027977195583547942
1408,-0.018344891489937634,0.66354934830263,1.4329244523856355,0.09760878223952235,0.02028524246989507,0.1908337823275862,3.579792484641075,0.13884210914495476
1409,-0.011744971700297986,1.048898304757127,1.296769058841479,0.08661971607957861,0.016161603328516225,0.14552464978448276,4.593951597809792,0.03548475955985264
1410,0.006267296682940744,1.848459714752118,1.1586600265702343,0.07904976581428994,0.053494131248670404,0.22275727370689655,8.390894964337349,0.04791095633339215
1411,0.012091969570708813,1.112588491412657,1.326291806236976,0.08640455225239746,0.059971253647976765,0.20938846982758622,8.151556491851807,0.12659846560298116
1412,0.012030148892888753,0.6624795239447239,1.2056083039982144,0.08119288806165126,0.045984689123096015,0.23513267780172414,6.733176186680794,0.19185730564304415
1413,-0.0038329145393320146,1.0759682688881675,1.324047834925988,0.0882480856616662,0.029020985934650904,0.20169383081896552,5.446818828582764,0.05763795904077862
1414,0.0006441472831912251,1.604377567216229,1.0728549346217582,0.0735314726700195,0.04193253782967014,0.2174535290948276,6.5125682055950165,0.13438212521546
1415,-0.0034291906742141528,1.8756760668499664,1.1426879605830735,0.07839265992802771,0.03304798956642158,0.15582906788793105,11.324936226010323,0.04258045578714886
1416,0.01821726833866675,1.5804111072516998,1.228765650860488,0.08192519876320292,0.18722226585955987,0.26889143318965514,9.029883533716202,0.14702674005043703
1417,-0.01716238915313368,1.0118181428076034,1.2805266997196505,0.08387224100823013,0.01929641574920895,0.1632122171336207,5.220497444272041,0.11960236436477312
1418,-0.008443915404534888,0.47872078283602926,1.390277637975815,0.09137025029441914,0.025702550658009166,0.2032176050646552,4.8663830161094666,0.016671267303951076
1419,-0.009997190087652296,0.7950330755920778,1.2856315998824615,0.0849125157826742,0.02797987229530659,0.1903034078663793,5.620036393404007,-0.06056381485532225
1420,-0.008467749805445549,0.4594127946079135,1.4106488477021704,0.09077728696076073,0.017502340233845802,0.16354896282327586,5.053728297352791,0.1813519203705144
1421,-0.0019842572076546783,1.2650391774378145,1.1045726834357237,0.07611477408545611,0.0319184198120199,0.19856209590517243,5.992314726114273,0.0881773643372894
1422,-0.010048946344270383,1.0673673055652462,1.1205948597631552,0.07578867849102577,0.02580862227865384,0.19058964170258622,3.965843364596367,0.08612537082885119
1423,0.02311341739462297,1.480264873527982,1.3911214891497743,0.09597139649113257,0.08460164067521922,0.2763587688577586,11.206907272338867,0.03931239327767777
1424,-0.010285417342782977,0.9793302343645696,1.6311038505862194,0.10364280522499902,0.01999261390895707,0.2023420662715517,7.169793546199799,0.0743033222315137
1425,-0.015177884377211199,1.004236809394586,1.7262119211411697,0.11075204597750371,0.01899309582172307,0.18438510237068967,6.384757250547409,0.11977067779280814
1426,-0.011349134334421189,0.8563657344741281,1.5583253430877977,0.10302407763690655,0.028141394841684125,0.23032563308189652,5.18558906018734,0.12229587028321243
1427,0.008056678284851881,1.0914646037576092,1.6830583827514733,0.11049103627646967,0.0493424086185173,0.28444908405172414,7.61230756342411,0.2095069974326731
1428,0.007044912866068044,1.0587864090494872,1.3559154224074845,0.09085347641145758,0.07961283615963237,0.2872103987068965,6.05102726817131,-0.05865957001092248
1429,0.0021370386871651663,0.9170016699705162,1.0287352914096757,0.06910127624796755,0.036045216509905754,0.18020103717672414,5.511236369609833,0.12943447288350107
1430,-0.008269734155146726,0.7906294432494618,2.141689616808593,0.13732145154158093,0.044207520305894046,0.30275963092672414,7.272921100258827,-0.0013775018497166336
1431,-0.002012451269564508,1.0635194825766103,1.1727169159741977,0.07957091872421287,0.05017322822264604,0.24275154903017243,4.2634177058935165,0.07929659246249332
1432,0.028750910993554313,1.8608625487034234,1.4388999911392772,0.09664585594885824,0.2624862410084845,0.3067416487068966,9.30680239200592,0.07731982403608917
1433,0.002486354364616674,2.0520143110235027,1.2597633001461044,0.08646856985989604,0.0996340423465264,0.22561961206896552,8.314201757311821,0.08344491870756265
1434,0.01285096496054268,0.9352574638843226,1.2151140111142404,0.08104115131089626,0.06785905420696085,0.2564570985991379,6.416885823011398,0.09631107665924254
1435,-0.005659659295461999,1.0630169229755355,1.354726106341913,0.08906321979808567,0.020173549770208472,0.17086476293103448,5.654298901557922,0.02715658344762717
1436,-0.0188968450485506,0.8957271562873776,1.1755348961144194,0.07908211547258372,0.0208054589722749,0.1815227640086207,3.5549062341451645,0.15747854946595807
1437,-0.0014996221170627934,1.0015457576242097,1.1719482852778542,0.07843772233662508,0.036556224057268744,0.21149313038793105,5.784520521759987,0.12532217595878814
1438,0.019615605325058065,1.4158450562873783,1.1238276431196905,0.07448192447523166,0.08960737330511148,0.2791032462284483,11.43900415301323,0.08362342669624012
1439,-0.009179566304495252,1.229132649271009,1.0524827438099356,0.0714964104496823,0.025672380001949553,0.21041554418103448,4.1745564341545105,0.05869897800614432
1440,-0.006387865499587421,1.091931504505973,1.3656023815267955,0.08952358355625406,0.03193651726466888,0.2244494207974138,7.380672127008438,0.10822573279404435
1441,-0.010808516829337218,0.7277100379009434,1.131078395346219,0.0753610893711553,0.030787801930814408,0.21080280172413796,4.39217534661293,0.08604221300109427
1442,0.015160036369194343,2.6254444659768064,1.1055298358350396,0.07588410324554158,0.07909228289889605,0.2064503636853448,11.764711797237396,0.11381174149801476
1443,0.017801257993726033,1.0912937337655655,1.2169949020075095,0.0829612663302715,0.07495620051905356,0.29770002693965514,5.255704000592232,0.0796230552560121
1444,-0.004344281913087621,1.0360847404429268,1.033205251368838,0.07069819265226153,0.019592255991389314,0.17918238146551724,4.339042007923126,0.06274563254442378
1445,-0.013280500710724764,0.9571903743485062,0.9236887270476994,0.0635319948686498,0.02247271469807323,0.1607623922413793,3.6990173906087875,0.11595281557652382
1446,-0.001763775099301253,1.0705172925655453,0.9897671617400514,0.06608796415970886,0.04401905283029056,0.1939991918103448,4.937012135982513,0.07693423922772313
1447,0.02133510026721872,4.95336235542698,1.1514709436896844,0.07823372849346236,0.1831778004878294,0.2527360587284483,27.061705827713013,0.1511193581143897
1448,-0.005206444442038104,1.269252595659796,0.9026549553015566,0.06217067085930343,0.028527318881524207,0.17355030980603448,7.123786345124245,0.06702794949620561
1449,-0.00011757036209389046,1.1378928076533463,1.0343453044124853,0.06911221719398658,0.03703447910458992,0.22066103178879312,9.526195988059044,0.05141894682253567
1450,0.029621365093630773,2.116598923588995,0.8971029741403633,0.06171902721927261,0.18211905672498885,0.2675023572198276,7.7005442678928375,0.05869118143264973
1451,-0.008004287912699765,1.1162793751721334,0.8166866391600238,0.05637234774948752,0.022179781511301275,0.1776165140086207,4.037580907344818,0.11612079733125413
1452,-0.00879291390201968,1.1272567784515366,0.8557366136356745,0.058786670089805315,0.02259524161061971,0.16041722790948276,4.59294156730175,0.07397840020241375
1453,0.04578886832995113,1.6245130613027376,1.0065695834422415,0.06888941225209955,0.2516977376631258,0.33038119612068967,10.233499199151993,0.016135371329072057
1454,-0.001902667747532013,1.02477039354935,0.8951133887875087,0.060275005024599954,0.04990240491585202,0.23393723060344826,4.004088170826435,0.019759878866787983
1455,-0.0023940451274676172,0.9907573966138006,0.9440279841883299,0.06266736197502784,0.03188616506401464,0.18863651670258622,5.891115173697472,-0.034042642096742126
1456,-0.005247507453353813,1.1565297125552163,0.9960782239220866,0.06724664516441295,0.03356076919699105,0.19913456357758622,5.2742064744234085,0.05584870362967875
1457,0.04183483434758861,1.8389264088627173,1.0434028261181045,0.07159421374691702,0.13030215215144186,0.2810479525862069,13.072943195700645,0.10761467162406091
1458,-0.007428880486505,1.12651167106694,1.0243607493416307,0.06844074590682751,0.016734722663762837,0.17087318157327586,4.612290129065514,-0.1109190813630323
1459,-0.011557646056650325,1.161507754455419,0.9410523103967883,0.06438017269380905,0.021312395175661143,0.1657209725215517,4.745162159204483,0.10017368683669103
1460,0.01415957936254425,1.2774227729895045,1.1298049411923383,0.0746298882250074,0.06173734607168058,0.23812971443965517,5.905848190188408,-0.02489893033389068
1461,0.015832102029134806,1.0999481541579792,1.2691404607595738,0.08105137217003003,0.05629894290580618,0.24441844019396552,12.64152655005455,-0.023848863927466768
1462,-0.0044438930638781874,1.020478913153613,1.0347254948892264,0.06865447938523603,0.03422555032536899,0.19915140086206895,5.491541281342506,0.041763055779776126
1463,-0.007159500392719627,0.8639670772384757,1.0137642019598045,0.06820330276420034,0.021656878662348576,0.1803441540948276,4.093766808509827,0.039797374378839234
1464,-0.011583428070858597,1.1482434929411314,1.0767664165048574,0.07256960364739731,0.02778630592894944,0.2159044989224138,3.6846654266119003,0.09345092071336913
1465,0.0120510386070578,1.7237815832606764,0.9596855115866151,0.06621690091496141,0.09123076150428121,0.24169080010775862,11.091549277305603,0.13600922828268847
1466,-0.013440646281000666,0.9340812635800073,1.4540602777178868,0.09940715438265266,0.021445334909607296,0.19106108566810345,4.879557549953461,0.03321691885636002
1467,-0.016050942137223856,1.0474362806176392,1.3635413712928208,0.09359788902474094,0.027533604100042422,0.1989325161637931,4.045115262269974,0.03675150393002269
1468,0.0018233264222392775,1.4039207476227717,1.7085960270284444,0.11424906451503343,0.04613382289386632,0.2747087149784483,8.809660941362381,0.07165922500381083
1469,0.018005259386225603,1.2043033653373805,1.0819976125398767,0.07505983370720865,0.11195161031964589,0.26941338900862066,9.99863862991333,0.06713683899238021
1470,0.00015654794552478427,1.1140504650564784,1.2089785542638938,0.0805950405716801,0.043831947514265404,0.22264783135775862,7.542974948883057,-0.04510469031134212
1471,-0.01481566920865861,0.6266767061247192,1.3270060114217115,0.0897876234201023,0.019515165372687424,0.18552161907327586,4.019287541508675,0.16009507873368412
1472,-0.01515163786546113,0.7669726293856075,1.0849591151257094,0.07471950315716305,0.031580150129410206,0.2132947198275862,6.2696117758750916,0.1313209129047237
1473,0.012344601346442153,1.3126293603185228,1.1260958648428596,0.07524997102658837,0.06965588980537812,0.2613230738146552,6.516479775309563,0.026632298183922654
1474,0.007821789569904517,2.42820704328152,1.0733678313110726,0.0729843297846463,0.10068369872052263,0.21956660829741378,10.167114943265915,0.07227414296817691
1475,0.011120419670615066,2.0669766456182597,1.2778724788958888,0.08718957091596116,0.0959762142913065,0.2060967807112069,19.43924081325531,-0.015779133033865245
1476,0.02763605198934404,1.304916529308804,1.0444419226907469,0.07139718860887034,0.1161992599954468,0.2795915274784483,7.722313672304153,0.16218434488502642
1477,0.04651541919793745,1.3201280324606444,1.0347994832835141,0.06961761518500326,0.21099582511712056,0.3500471443965517,11.3450468480587,0.001138195329055125
1478,-0.001274310183308201,0.8861810273157408,1.263990544594836,0.0824286498502255,0.05380072327981734,0.24831627155172414,6.172721639275551,0.004310442481198717
1479,0.012088758858263599,1.4328953766219992,1.3223325786258298,0.08616796652136169,0.05531354799804125,0.25013469827586204,10.481276363134384,0.09711376923579296
1480,0.00636431950027729,1.0601913692377738,1.0970703322194353,0.07325400725279498,0.04511183318852781,0.24254108297413796,6.657360807061195,0.040850365575784364
1481,0.058630967762118597,2.439282590468043,1.2994340880975108,0.08579054676890603,0.2595188179151236,0.34149380387931033,17.309166878461838,0.07802982402814351
1482,0.00994413652365771,1.4941787210791913,0.910104649135862,0.06025694100582171,0.0609076861040327,0.21840483566810345,6.4203952848911285,0.05842921870659845
1483,-0.008206983774204823,1.2262856640249837,1.163351806036851,0.07699533229958341,0.03842278569911663,0.23323006465517243,4.853971496224403,0.10224897771710062
1484,-0.014791491978532814,1.2136083999992553,0.9754323696325978,0.06525955766169225,0.024801008336847362,0.17537715517241378,4.684719800949097,0.0704695339475695
1485,0.03673189207807571,1.4747534039811598,1.3910714102870643,0.09146430848491137,0.17639780244293907,0.3115823679956896,10.491264522075653,0.030431447211149654
1486,-0.005029465538280748,0.8185608389799757,1.111245809117934,0.07320787179850759,0.02931189712591794,0.1903791756465517,4.598870813846588,0.10947748085958486
1487,0.013373433043381448,0.9956520373046206,1.3045534374367658,0.0844207907633712,0.054573432243140305,0.2551690463362069,6.704272031784058,0.10289420020870144
1488,-0.0048317326368736875,0.6275068272558335,1.2592672491510601,0.0805767985125923,0.03776297424460922,0.21902781519396552,5.1786100417375565,0.018476501339146245
1489,0.023020310310567726,1.264333057179805,1.0140736115448374,0.06659855563445735,0.07708519518482027,0.23411402209051724,9.38745391368866,0.13065452182638437
1490,-0.013846794951442904,0.7757558455404558,1.1776825345699482,0.07588459314737635,0.02217719074203693,0.15255421605603448,5.118211641907692,0.12238626190472224
1491,-0.008618797723458286,0.8823872161496551,1.01691824330247,0.0670145175452743,0.01976047680401625,0.15928912984913793,4.664736419916153,0.13001370758013098
1492,-0.005080522467722929,0.848081593146429,1.3153903339463326,0.08425785275289377,0.03139566488174876,0.1969036233836207,6.540430039167404,0.13412275040371868
1493,0.04957444146451886,1.6736024445921727,1.1404825976125998,0.07793251089204845,0.15349547273383846,0.2550175107758621,14.245564669370651,0.09118563544292524
1494,-0.006850247705942586,0.8794264874521225,1.9016572074351832,0.12429358899909815,0.019711792848866105,0.18089136584051724,5.976965934038162,0.030405885753563178
1495,-0.015398448487768317,1.1418686926532673,1.3253392612885668,0.08713789493208339,0.017092040129839385,0.16332165948275862,3.8841297179460526,0.0043797562724706696
1496,-0.006533804101387497,0.7414305960452443,1.9564172661264214,0.12205359447565409,0.030721210385262883,0.21902781519396552,6.10253219306469,0.02303916738037015
1497,-0.007904420270144236,0.7821226790137913,1.6713097768661171,0.10464066215452883,0.020413196219578822,0.1656957165948276,6.151118755340576,0.04256702606434126
1498,-0.015469068106155687,0.8189658626989311,2.0070275952615346,0.12722573739681844,0.01898864436225267,0.17908977640086207,4.177252367138863,0.10913428803458514
1499,0.012437647850586781,1.6095102725448815,1.3820879212705628,0.09294061241621965,0.1176102090081324,0.24533607219827586,11.102128684520721,0.1089910830132571
1500,0.04305722800737111,1.6696818156268884,1.3102008771916298,0.08623053143164912,0.3616250976848822,0.3517729660560345,6.968072131276131,0.04906842888751761
1501,-0.005883121616510592,0.6268720958718408,1.428773387891207,0.09389218745159111,0.02175696857322127,0.1923323006465517,4.79119610786438,0.07176347867771715
1502,0.031126355442506613,3.8501617235295216,1.1225754139982453,0.0745286225285065,0.2277065604950828,0.2534768992456896,18.765118896961212,0.1771929646153444
1503,0.01590604196947578,3.1112600163526873,1.0512858284001487,0.07141682622740261,0.07060597603624985,0.19872205010775862,16.63554084300995,0.16512021189034132
1504,0.001326764781209939,1.1953745730900787,1.071121024371293,0.07312813185318387,0.030155076662971434,0.2053980334051724,7.890818551182747,0.07732267826595096
1505,0.050281566390407054,1.764393349469148,1.7390078186760576,0.1141483261695708,0.3531627090462908,0.37616177262931033,7.736413583159447,0.05220680348613305
1506,-0.0032821906470833686,0.9992925355592912,1.5019159619901514,0.09861683630643933,0.04809635249063737,0.22607421875,6.6833368837833405,0.15199666200305173
1507,0.0031668904732722936,0.9659712641300022,1.0541544458569905,0.0700855191884662,0.0873123242020597,0.23860957704741378,5.1073412001132965,0.14363874203333338
1508,-0.001698128970222134,1.42104239295268,0.9030828951320684,0.06138657246134796,0.030701817164879623,0.16199993265086207,6.304539322853088,0.09927787780564923
1509,0.005117288580609233,1.3004943988738402,1.4462615763366067,0.09380048051413359,0.10616377390664133,0.30296167834051724,6.790936768054962,0.07608496060377046
1510,0.051643367491310016,2.2469395314231226,0.9821391624589401,0.06463308939868648,0.5220810542903829,0.3707149110991379,12.145830169320107,0.11466106291533307
1511,-0.0027855246184948362,0.5233470086831503,1.441665575368304,0.0955538699905488,0.03204304752431387,0.21965921336206895,5.842108339071274,0.00788325415957758
1512,-0.013721030792018203,0.917785505744382,1.151879613489442,0.07691077956288815,0.014767469156485559,0.15235216864224138,3.876724734902382,0.1063520811328943
1513,-0.003758424608833892,0.980812446121804,1.5827694058015505,0.10289684561533752,0.023724612908436343,0.20318393049568967,7.827383577823639,0.0980761933947849
1514,0.03753461132371341,1.1803715794366738,1.1891556563103385,0.07855561563269943,0.17412688706735147,0.34072770743534486,6.871920824050903,0.042951310189779046
1515,0.0026288477858478973,0.8614146913890183,1.365568820950645,0.09074354932141344,0.06020358186324251,0.27161065463362066,4.855998992919922,0.044412455191227496
1516,0.039467849034201044,1.7686918735007,1.1881655437005163,0.07692040730787532,0.23559870891659118,0.3263402478448276,11.821095257997513,0.06984843130144835
1517,-0.008844793340631048,0.6733630490025231,1.3175068147791216,0.08588284526986256,0.02684801546760291,0.19485789331896552,5.7146895825862885,0.1090312788141714
1518,-0.012472890245646306,0.9886272879222362,1.1011079612618482,0.074573092740205,0.02124571550660315,0.16066136853448276,4.645435929298401,0.061670850996914384
1519,0.011324663410266174,2.3165711437349445,1.089474015740739,0.07390103571671337,0.06677112020879601,0.23496430495689655,10.208493739366531,0.10537775500448443
1520,0.020059320224397124,1.457830319632896,1.1452823864293893,0.07669513737390168,0.15363640926085886,0.28245386584051724,4.680234000086784,0.07237075488127842
1521,-0.016513045034236905,1.3239700543904127,1.0150930078970446,0.06929992900829982,0.02096106770102716,0.16306910021551724,3.2661447674036026,0.09575660654594442
1522,0.013909098030171761,1.3775465099877948,1.219108792756543,0.0838986453853254,0.04417322479069549,0.23072972790948273,10.525917828083038,0.11490440208197028
1523,0.012006934781652673,1.2868316275833296,1.1108384342616788,0.07509360039931201,0.1574634265414135,0.27229256465517243,4.6823022067546844,0.11037279936236488
1524,-0.009717554146932187,1.1604439557828694,1.121470725039147,0.07739111715960814,0.022711656503063216,0.19211341594827586,4.31185856461525,0.03452927086213675
1525,-0.017181696447224715,0.8263407546047468,1.2263604675371322,0.08208499484198485,0.02169991818953345,0.16379310344827586,3.198362335562706,0.044591632091323885
1526,0.031238705837528052,1.5395642642125575,1.5130577701294639,0.09927670618318524,0.16764604777358405,0.28903724407327586,8.105345770716667,0.016726386154893746
1527,0.03150932676178889,1.1830160841811668,1.52576613868251,0.09871860267620491,0.3363742938986166,0.37986597521551724,6.391894906759262,0.14292898848628388
1528,0.0003244610530455719,0.8629438806312034,1.5856623961304068,0.10456225516493445,0.04220417165535356,0.2231950431034483,6.18350613117218,0.06260427711453753
1529,-0.005133959905180063,0.822411103284106,1.9867305257200378,0.1271938485814436,0.03199935970497665,0.22764008620689657,6.298865273594856,-0.02434369186242691
1530,-0.00833875143067662,1.0389027463920024,1.5327979533651197,0.1006047230122594,0.02480962254001748,0.18240672144396552,5.274879664182663,0.09161719757933551
1531,0.020006940851520664,1.8499106082683616,1.2278742244513796,0.08245698840737163,0.09835668242794587,0.26868096713362066,7.828048378229141,0.07511111503380175
1532,0.0016865547737728737,0.9346917538236188,1.3906080971813164,0.08987600790296515,0.05203380573935051,0.21795022898706898,7.348616495728493,0.09338362772153685
1533,0.00012169064796503301,1.8757440912566754,1.122985264971376,0.07727021938167089,0.05762768874187528,0.20730064655172414,13.470793053507805,-0.012929360224566588
1534,-0.014608029587994445,1.4961324209985514,1.031598926546771,0.07072999164550282,0.015169775811894569,0.14683795797413793,5.205806523561478,0.12147693955047789
1535,0.04249819201309396,2.3744211846166143,1.0672841127071404,0.07209400807907737,0.3566506329000029,0.3106563173491379,12.353987067937851,0.09816293585787417
1536,-0.011624520791131993,1.1989197726044352,0.8497154449515978,0.05885494962989237,0.015831633917357597,0.14649279364224138,4.038943126797676,0.13383877855617943
1537,0.04582034767361606,2.0043848931631256,1.010194237630209,0.06841462885301156,0.11097161541936129,0.25622137661637934,12.491696506738663,0.08559838880276449
1538,-0.006434720910409564,0.9069194453855633,1.1372987756113804,0.0756703313329716,0.052210733555947124,0.207763671875,3.827213540673256,-0.005806022970965552
1539,0.002126796864616678,0.9812465497117346,0.9970962991986281,0.0657790784807874,0.028702569387672253,0.16786772629310345,8.165378123521805,0.03653408306994499
1540,-0.008856438308002671,1.2281108491821062,0.9421024844037179,0.06307298961741727,0.02606896749566972,0.16522427262931036,4.360045775771141,0.2034205954399967
1541,-0.01120539923381626,1.216256765884887,0.9972433310982656,0.06755543514143686,0.01838876357810634,0.15908708243534483,4.588517218828201,-0.1717531065316129
1542,0.018820443332154158,1.6050632900213506,0.9938591236292884,0.0675195949794069,0.1452938898219922,0.2377087823275862,9.608935862779617,0.14353837188617768
1543,0.014097106884583035,1.5240917905117768,0.8865094746458309,0.06045364226541089,0.06322205974492143,0.23337318157327586,11.74706906080246,-0.07854136569931525
1544,0.0017692311626333898,1.1959601744799158,0.8084943077522851,0.055529386882304854,0.02765861050669753,0.17449319773706895,7.1651260405778885,0.09669921054953967
1545,0.011544288193459647,1.7657417494994307,0.8965203127237926,0.06079148811177933,0.09214154566562621,0.2119140625,11.803895145654678,0.18298119814625724
1546,-0.014400642215094229,0.9883486637428472,0.7900822893180418,0.053676484406994227,0.03242707683565296,0.1902276400862069,4.2527478486299515,-0.005275954386893211
1547,0.0174827464955964,1.3781946492144264,0.9610395661016179,0.06643063783711065,0.0806686989890666,0.2675276131465517,14.795073240995407,-0.015616628125626697
1548,0.021312125357075298,2.1936315943518743,1.0954229209049346,0.0729517050397678,0.108945723548361,0.21970972521551724,15.400090098381042,0.044485543329543686
1549,0.021971425999925246,1.8555856016963657,0.7852057410874755,0.0535259559444188,0.27387883251016854,0.24169921875,18.52134858071804,0.009713100839943367
1550,-0.015283484320212232,1.183647653584943,0.735536302836985,0.050529494785783266,0.02201273347133071,0.15491143588362066,3.655396446585655,0.04909512515532655
1551,-0.011273595156384986,0.8480742206432326,0.8045228249603331,0.05556094357885927,0.026671757272887245,0.18113550646551724,6.137847855687141,-0.10538165750542072
1552,0.009968265360596178,1.3690321814172135,0.8563855327052046,0.057878434451821066,0.055643950032925535,0.2247693292025862,9.995943292975426,-0.14156799560923994
1553,0.018628104789144118,1.5198431820371878,0.7510502536423136,0.05106042249932399,0.12659302282492968,0.21774818157327586,13.758809685707092,-0.041894706992843034
1554,0.010826699096416353,2.3978646675409716,0.9685033329512516,0.06549724678822597,0.10100872138964298,0.1595501077586207,17.392626702785492,0.15533518609395525
1555,0.0021360712698310635,1.1235791662271295,0.7211475522487272,0.04937207731858524,0.029623082830265296,0.17298626077586207,7.52848806977272,0.0672332687675935
1556,0.01276305949725727,0.9894598283766448,0.8048174686806246,0.05381275982759745,0.12751277213118156,0.26228279903017243,5.825791209936142,0.014201448422758167
1557,0.003055333288848527,0.8115179209734285,0.8049756761502319,0.05402715507871518,0.041059123597000105,0.19758553340517243,5.224429324269295,0.15823256014006537
1558,0.025263477774638818,1.1774057221298664,0.9324537927869145,0.06227165625052303,0.16084799357716895,0.2729576373922414,8.519146993756294,0.08354842421040265
1559,0.03062928385668976,1.2742298358400201,0.9397888287318645,0.06279932919702723,0.26213100462680106,0.3166924838362069,10.217907726764679,0.06860623849195946
1560,-0.011385164690146854,0.766885457863468,0.8075544869887165,0.05447034956182045,0.026195879117188993,0.15910391971982757,4.761377915740013,0.031410373009713055
1561,0.020194838340886964,3.059671764898644,0.9187853242583157,0.06269227807331934,0.12316108896692865,0.2503199084051724,21.212163254618645,0.04200311455380146
1562,0.050831373047385116,2.674915236028772,0.8826913379101335,0.05851271680849778,0.2689871155692205,0.3155138739224138,20.211481750011444,0.1254924786915429
1563,0.0015892910370682552,0.7988393198333409,0.8586542033717672,0.05799693030191028,0.049656623856617836,0.2112910829741379,6.1436997801065445,0.0296624396177535
1564,0.029359641375495845,1.2069470068162533,0.7906314235873124,0.053131876420491234,0.16747960892138686,0.2763756061422414,9.384801477193832,0.14615797906415684
1565,-0.0008550318293915865,0.8538828800134657,0.8206097730968588,0.054456401586957096,0.04001991488068522,0.19381398168103448,5.786891862750053,0.07522208621969761
1566,0.0069938715329411535,1.759238995829301,0.977851340467819,0.0665766807894582,0.061658313816591204,0.20948949353448273,11.330015048384666,0.006381756569227681
1567,-0.004499314154856796,0.6651140116254779,1.0710969854257693,0.07016251185768083,0.021617180242847374,0.18831660829741378,6.234531715512276,0.026629286057382684
1568,0.027629263343121994,1.5057734846294923,1.091050905508332,0.07073229684618935,0.11462380830581373,0.23673221982758622,14.38000276684761,0.05521632218712236
1569,-0.008679123208058716,0.9359738472629997,1.108247262035511,0.07266440033410422,0.026254505598615807,0.19032024515086204,6.048052802681923,0.06768048483808042
1570,-0.012944730579537257,0.565938980641244,1.1944259419406271,0.07792407493138154,0.02118750083529668,0.16594827586206898,5.3468295484781265,0.03529995861033641
1571,0.008680567596425935,2.0583912364000945,0.9956908407268046,0.06711551829870008,0.07092184443852921,0.193359375,20.025029361248016,0.12001766888349141
1572,-0.009837842212193507,1.113814521992245,0.9796191738744109,0.06471260430450154,0.021336874215270703,0.15866615032327586,6.443882495164871,0.04485222066695205
1573,0.0063142613189398344,0.8376422937938883,1.0310156828149153,0.06882577240364782,0.037505245652529745,0.20059940732758622,5.601965457201004,-0.04381923287658207
1574,0.025403787516415106,1.021377824244876,1.2771244410512932,0.08509399532590128,0.14858027971485085,0.32230771821120685,8.327397927641869,0.0011021411693840077
1575,-0.006440994154274904,0.851307570486314,0.903347984317993,0.06158763093400826,0.03719717138884679,0.2031755118534483,4.558289095759392,-0.01103699286426063
1576,-0.007388703959550518,1.0674025971448198,1.052992075993589,0.07153107569238498,0.0366392575754554,0.19504310344827586,7.1844614297151566,0.07259052239686692
1577,-0.009817310382226,0.700054573189473,0.9045092964489149,0.06200890295663164,0.02953923541903789,0.19183560075431033,4.4052601009607315,0.03641560855498149
1578,-0.01073955984980326,0.7024217034911355,0.8748201219550149,0.05980125990998119,0.027859748186160528,0.1882829337284483,3.8308789879083633,-0.0024803026345003865
1579,0.0007449424520028312,1.1000247008818245,1.1609189304565541,0.07746042358504006,0.03276321045555521,0.21448174838362066,5.207749351859093,0.1852176735240174
1580,-0.007296162343545388,1.0509612485844042,0.973170425540883,0.06513699296126725,0.019146034550036103,0.14849643049568967,6.630267098546028,0.11037256687848507
1581,-0.018108931331333622,1.0254746737014997,0.9775897375845253,0.06729505837931243,0.02118835309231364,0.19352774784482757,5.39688016474247,0.12596111770550944
1582,-0.005533555491890865,1.105425290486262,1.0867195163425805,0.07220383372085276,0.04427788601157874,0.2552700700431034,6.111468806862831,0.08888272081782522
1583,-0.00044852148724625583,1.4224198426436878,0.820004451563189,0.055646919663161584,0.06621041789825864,0.17441742995689655,11.370337843894958,0.0627093433599194
1584,0.00998678317912316,1.0352293095069875,0.9904275958612136,0.0671036235592897,0.11436710199764649,0.24249898976293102,6.8622570633888245,0.15936284230359887
1585,0.04277004044484106,1.1895047473236149,1.0258070049573083,0.06681559758738134,0.2476557562237593,0.2928929822198276,11.98591336607933,0.06255817914530981
1586,-0.01321921397903358,0.9206306940244262,0.7984129203313948,0.0543016774149175,0.027338901623141572,0.15963429418103448,4.0439561158418655,0.0677316035053327
1587,-0.000642122706532691,1.024042039160911,1.1325975141390707,0.073662889178121,0.06584597543425147,0.20473296066810343,6.755349263548851,-0.03884284563744522
1588,-0.00232560873227642,0.849032887556792,1.1824651036613791,0.07650926369547283,0.029119625662290143,0.19583445581896552,6.7580332309007645,-0.13496032920515488
1589,-0.0022982803377510465,0.9421307575454572,1.099010254540413,0.07189800767547609,0.0446766545415432,0.18899851831896552,5.299525827169418,0.08195996766916436
1590,0.0017806195005431171,1.1868749115226342,0.9561250529347072,0.06326236768456216,0.07734282280834445,0.16609981142241378,7.506730526685715,0.10185155077548491
1591,0.00350209454463217,2.987494367513901,0.9604810659930059,0.0653303179819513,0.0816103064353508,0.17249797952586207,15.702457875013351,0.06899064752841977
1592,-0.0015152419641218523,1.142332170370595,0.8244782120539913,0.055175412062112975,0.029359951302416414,0.16546841325431033,6.673002049326897,0.18215188912273184
1593,0.04973212699233692,2.359081144018007,1.043335968561525,0.07034976034652773,0.4164804730085057,0.32574252424568967,17.290857553482056,0.10361173319294381
1594,0.018779372211824005,1.9453665346822218,1.0119826362603943,0.06807648807318745,0.1632956464020419,0.2977673760775862,11.934545174241066,0.09415163255977277
1595,-0.016341054817269,1.1447318867568805,0.8474059542552269,0.05765086437298557,0.03299779328083058,0.2073174838362069,4.128379002213478,0.08825013988774122
1596,-0.009201668696491572,0.9603121113733301,0.9515763282898062,0.06292605055825057,0.0315661245567061,0.20899279364224138,5.638477399945259,0.046467636896040165
1597,-0.010811931653265596,0.7760918837063238,0.9933321816166811,0.06481467175699587,0.023332497915589556,0.15572804418103448,5.602625697851181,0.019366104031408593
1598,0.006478298711786676,0.843719880711311,1.1034833648803244,0.0718031075804754,0.05308587013394313,0.21989493534482757,8.264793515205383,0.028022147505295858
1599,0.023958716664539817,1.5195966112022599,1.0525740571629216,0.06761762392701992,0.5014448917548939,0.23719524515086207,19.03761699795723,-0.029158559926437455
1600,0.004121194837051102,0.7162101096240011,1.0704300160731328,0.06844406464461106,0.04659903710520321,0.2311590786637931,8.97231274843216,0.1695923708051933
1601,0.005623979799725608,0.7048210311835804,1.2184878852638437,0.07871606961455715,0.03641404413272163,0.25405778556034486,10.01381304860115,0.188324603988699
1602,0.0051750513957989335,0.9209820469832388,0.9200775457198508,0.06149926582208481,0.11347554190547954,0.2654818830818966,8.664549946784973,-0.02906772535793034
1603,-0.00566605319815004,0.6022300104759153,1.0422239035553489,0.06827470654668108,0.03736630255994065,0.1985789331896552,5.169151961803436,0.0382911331878425
1604,0.024427520240734538,1.9044320608306173,1.0448560853552133,0.06911214316638759,0.11828220175776663,0.2683610587284483,17.954016655683517,-0.05421167349374878
1605,0.029915681267035477,1.389930546090243,1.0739411676213921,0.06971424322907802,0.24986324134266646,0.2885826373922414,12.32345475256443,0.07145679489903778
1606,-0.008887205150934841,0.7365796439783892,1.1558012202047774,0.07600000208928187,0.03661545384103067,0.2117204337284483,5.397221818566322,0.1146079422320021
1607,0.045010409747966204,2.1620573886928964,0.8038399750742902,0.053032319527301475,0.247363506928473,0.2778657058189655,17.26508690416813,0.06342166039950226
1608,-0.0037074475249871033,0.5438172608712415,1.042765899948853,0.06723812430156481,0.022784239930842887,0.16502222521551724,8.513029545545578,0.09364229365397825
1609,0.026495901888138766,2.211542417599853,1.0783206113361108,0.07135576098809561,0.21971570123760403,0.29255623653017243,20.025435507297516,0.11383874684476725
1610,-0.016368926686720554,0.9568242484195143,0.7626558857875609,0.052178466125644904,0.023227809977815296,0.16913052262931033,3.9319887161254883,0.005527573735066071
1611,0.01474229002994532,2.1588776852377576,0.8988698329993171,0.06056196662944635,0.08754137251406022,0.21475956357758622,13.329460620880127,0.0948582590717183
1612,-0.014029625213948231,1.1330897474191155,0.8847444815997358,0.05830712496011265,0.03511503551729628,0.21680529364224138,4.69312210381031,0.1795171359510912
1613,-0.005760889422878216,1.3375438878442125,0.8721120787169196,0.05938494319235918,0.026883985956342726,0.19334253771551724,4.072758391499519,0.0936895106924297
1614,0.03827291748967837,1.702313657189824,0.9845502795770884,0.06343327070084558,0.23009122262894605,0.2946440598060345,15.44737109541893,-0.03608429315501849
1615,-0.015318237555519957,1.1048717444848353,0.7674366563851186,0.0522864980264109,0.044579605748557745,0.20298188308189655,3.9079343527555466,0.07502886722786273
1616,-0.0015104611141945968,0.6088641176305919,1.197277638598496,0.07464723844158624,0.04231024246262477,0.2167547817887931,7.20167139172554,-0.015326512891452149
1617,-0.011118882025453424,1.1464594368142702,0.8594759851033527,0.05758946309828028,0.021903584930316418,0.18181741648706895,5.235442399978638,0.15204820542950492
1618,-0.014137299470314505,1.150156031302812,0.7722673354239054,0.05185638801671957,0.015131867589922156,0.14055765086206898,4.1134234219789505,0.07120151509511385
1619,0.010221078544117974,1.3065441673572227,1.0334942412326908,0.06872138087486332,0.12716913473628616,0.2400828394396552,8.40213593840599,0.08074620237578078
1620,0.024172699443898535,1.1827274152906297,0.8913923243022805,0.0598232964979145,0.16552774881024634,0.26360452586206895,7.606044143438339,0.07168870554984907
1621,-0.010271299629337215,0.9915429381521595,1.0052987382869487,0.06738089121269761,0.03965466694069556,0.22785897090517243,5.322748064994812,0.15653606902825168
1622,-0.01362917125802067,1.3089261833644508,1.0064298651709414,0.06530610396764441,0.028798871146748218,0.20429519127155174,4.643128916621208,0.062310940708127927
1623,0.009191370170705189,1.6305136186646219,0.9351907582750654,0.06289871208416248,0.09832330516028084,0.2172093884698276,8.115885093808174,-0.04505624754585558
1624,-0.008368144251079946,1.2205182822045721,0.7448178597098825,0.05049995698327206,0.025882675826480784,0.15481041217672414,6.916011422872543,0.04157246430761097
1625,0.011358539547263536,1.678330445917841,1.0787344533785372,0.06974619562472267,0.06348386650355235,0.21896888469827586,10.878864884376526,0.05667993688394524
1626,0.10610846556700698,4.469436689106785,1.1766951160965264,0.07422548581427528,0.7952148049425938,0.38887392241379315,32.50653010606766,0.03320655938121686
1627,0.00492904875768503,1.3550833837998781,0.6499997369472905,0.044241339367731634,0.17322845509068494,0.21656115301724138,10.157089412212372,0.03553131824613498
1628,-0.0019846166491390704,1.504931793313406,0.8014598622245641,0.05256011968135452,0.035855669187075646,0.19825902478448276,5.396210744976997,-0.03689485978742635
1629,-0.00822320496003803,0.9786231392717285,1.3244264253388491,0.08703921988691657,0.02746090328041019,0.20257778825431033,7.614512607455254,0.10699067791348893
1630,-0.015598584804280825,1.0475665028165235,0.8331640519338227,0.056484373698631574,0.020683778513785,0.15723498114224138,4.706455111503601,0.03733391001700359
1631,-0.005175133209161624,1.0191392746044854,1.0870253510991659,0.0718179210399417,0.027129794184059485,0.20802464978448276,5.314106658101082,-0.24276853331920267
1632,0.022047269622781827,1.1037201947299766,1.700490252102492,0.10592705155905632,0.04459027003753479,0.2830936826508621,12.073175638914108,0.15645741703812444
1633,0.029509604181862707,1.4960892124569622,1.157301557533881,0.07500869662517953,0.10168354986717468,0.1896130792025862,12.721139743924141,0.12121845921012708
1634,-0.009240004434302748,0.9666333916992538,1.133699511418409,0.07315906470018566,0.026169810040685124,0.18776097790948276,5.609346315264702,0.24339771090116935
1635,-0.017474931295384584,1.0105837397974167,1.0844818700691534,0.06969426495651296,0.019203795136679122,0.14544046336206895,4.478255540132523,0.02568665050904395
1636,0.009077201675108294,1.9711249504868458,1.219212859947996,0.08152333269454597,0.04654226645118342,0.22122508081896552,19.52535966038704,0.0686142133863955
1637,0.025443568198701208,1.1703320193934614,0.9783787539156752,0.0644725561814336,0.15945103489204945,0.24651468211206895,7.407804787158966,0.04402525770851706
1638,0.04383501945717399,4.6000744545827175,0.9156876640981692,0.06105268302940252,0.3501912779584191,0.2565833782327586,21.757134914398193,0.10311914202142758
1639,0.01579061941719661,0.6839960631708204,1.2705973544433595,0.08093641681757888,0.09646967829417782,0.2781266837284483,9.850307136774063,-0.06354752548811993
1640,0.009663914177889648,1.0271758766382104,0.8049723646840817,0.05407968297432439,0.090641010693917,0.2262257543103448,10.420247063040733,0.0071574150918254364
1641,-0.011044289519659365,1.3307012508530165,0.7729347030760747,0.05264979145798648,0.020145935920732758,0.14382408405172414,9.253633320331573,0.02880793740622678
1642,0.021064739906128678,1.881577462507479,0.737733166046396,0.049824549221376385,0.16796647374360046,0.22510607489224138,13.402401447296143,-0.061186799532961134
1643,-0.010873169324120833,0.8816528902261769,0.9259280976944684,0.061052875932349294,0.02041793369757027,0.15325296336206895,6.174934223294258,0.048936019095777716
1644,-0.01074611294926979,0.7697916318414285,1.1535245062341593,0.07539554647807709,0.02492976700206531,0.19745083512931033,5.538632780313492,0.009267251448636937
1645,0.013016491586168282,1.4932992177738114,0.8755285192966684,0.05889002313680318,0.13195909586636104,0.24656519396551724,7.107439815998077,0.0735054917022876
1646,-0.00011970813605762659,1.5113360005943663,0.7836283047422882,0.05361343298167602,0.04479155370072618,0.22240369073275865,10.514327883720398,0.1248342631652779
1647,0.007645139013758797,1.965390230446603,1.077789247685311,0.07130780882243198,0.19292620119675777,0.22476932920258622,17.027023136615753,0.16300597183880827
1648,-0.01065931124506294,1.1615392890758405,0.6664628323969839,0.046107081012036644,0.029708997493336373,0.18295393318965517,3.859696686267853,0.03177856805618917
1649,-0.011644700976996422,1.3277641631415547,0.7479410212011923,0.05075446362248676,0.041916413475917125,0.20828562769396552,4.486572176218033,0.03782550343381552
1650,-0.006831228418405509,0.9863186360731178,0.7914153955424943,0.05270739493532196,0.034847771833506944,0.1717234644396552,4.963654100894928,0.05677612521135422
1651,-0.011172908964739306,1.0988314717923902,0.9462651609423438,0.06146009487815299,0.023005903372512845,0.16616716056034483,5.2212241142988205,-0.04172461450452647
1652,-0.010859930276741783,0.8360354804227699,1.2837599028743838,0.08082074606343735,0.021242423684490294,0.1873400457974138,6.394264325499535,-0.03247136102137804
1653,0.024888227309411697,2.6062951006947843,1.9667274723633992,0.12333901226729158,0.21398845941433142,0.31330818965517243,13.676303386688232,0.01616724917880985
1654,-0.008115886894540248,1.1656751753257484,1.1363887347233037,0.07343653098051361,0.037313704222548226,0.19875572467672414,7.282323002815247,0.04396028511134065
1655,0.007306764771481429,1.6158988960016978,1.1050033341997025,0.07107889481707783,0.09739093660026608,0.21757980872844826,9.731464922428131,0.08588112298130479
1656,-0.009291726774576282,1.1108972127728585,0.8531433324829587,0.05643324168781559,0.026573742119329963,0.18382947198275862,4.267468586564064,0.1145818081736022
1657,0.02743291604147321,2.0434266390478633,0.9203449922616894,0.06108471370932254,0.2206350159891583,0.28244544719827586,10.689529776573181,0.03033521881653367
1658,-0.0034207090229675568,0.8844246848595441,0.9692989173857005,0.0631324776491288,0.02632294821552054,0.18917530980603448,7.150572210550308,0.09659091176395873
1659,-0.017751608224091442,1.1611304422590831,0.6770355109072088,0.04648312810477319,0.018414444313591582,0.15115672144396552,3.2043349891901016,0.18933283178813132
1660,-0.020798311974333267,1.0883905191672538,0.7603231155343981,0.052602254840557514,0.02389303246506862,0.1608465786637931,4.435436248779297,0.2502583178422826
1661,-0.010121144615149841,1.0271426330285551,0.7202709012346762,0.04886746561252775,0.04372969473504405,0.16355738146551724,5.948337018489838,0.12928147612166696
1662,-0.016707199929766783,0.7495873356464512,0.6875097292309129,0.04730276828609617,0.024957104631727723,0.18568157327586207,3.4406984597444534,-0.05838362079756987
1663,-0.012249119850047688,0.9172422619343863,0.7832314544430146,0.052045947727077595,0.021495928043522922,0.15799265894396552,4.515724614262581,0.011550187065890838
1664,0.025979193044322217,2.885739722926129,0.9791245508696864,0.0633832924770056,0.22720380468294338,0.2652461610991379,16.290497481822968,0.07401438859787735
1665,0.0004585405186140904,0.9216285651743181,0.8407122655231757,0.05496009188775025,0.06907074044137917,0.23546100484913796,5.9997218400239944,0.07357155209231747
1666,0.013072853295665893,1.5315515654862193,0.6845653530844307,0.04653642481460418,0.10672280810034854,0.19382240032327586,8.678200468420982,0.02910710334001143
1667,0.043960480091858475,1.6988460300209418,0.8629833922214598,0.057847153929154876,0.4261860829132168,0.33612271012931033,16.20603457093239,0.1779496821103208
1668,0.01650683381252335,2.312477678061571,0.750724600100033,0.05054929820173724,0.16718842418377772,0.22242052801724138,15.120273396372795,0.0673663745325731
1669,-0.013229596643495403,0.7909897714836387,0.6926238268995977,0.04639423347600466,0.015883597682306634,0.1325262661637931,4.206072464585304,-0.012093035074592695
1670,-0.0032661539192693862,1.4009366685732616,0.6276130140406848,0.0425606777140185,0.05951865116574956,0.1769514412715517,6.4034644067287445,0.09461220372487511
1671,-0.010168159556475733,0.8577242252155015,0.7492929070879277,0.04984675751444999,0.025622569907023593,0.19831795528017243,5.256919085979462,0.08035523744024553
1672,0.004681461743182556,2.5310357588355146,0.7355425356569587,0.05008652373660011,0.11244357443174446,0.1863298087284483,14.783829256892204,0.08780457899673244
1673,-0.005022045609576191,0.9538678539301055,0.6546810033900468,0.04466545648924303,0.025206140364747984,0.15594692887931036,5.726910248398781,0.08519737562615803
1674,0.00304101006759595,1.1516476731350576,0.7138243112199669,0.0476390522320291,0.0693520783668734,0.2107438712284483,6.3774271458387375,0.08080669025270781
1675,0.008269970644258455,3.338677916668508,0.9339331860347289,0.06311154075704342,0.13526038636085055,0.21633384967672414,29.582057058811188,0.05134798766848625
1676,0.01030963336161847,1.4393350925000816,0.8925980305584851,0.05913069520285317,0.08183434199016344,0.20818460398706895,7.871973425149918,0.06158733511597558
1677,0.0027784264634960736,1.3663724074904087,0.7866084125768708,0.052917459867620316,0.06352766876262082,0.2084119073275862,5.880846381187439,0.08922757283514349
1678,-0.005339684458581634,1.4403585210114487,0.732562470980711,0.04920012085756199,0.03076763643523385,0.1797380118534483,5.871327705681324,0.03235968018955482
1679,-0.007438182633083655,0.9498838986118074,1.0294714314229236,0.06802613917702917,0.025837853573554233,0.2056169181034483,5.825454905629158,0.10114698752345386
1680,0.0014337738076227618,1.2126765090841936,0.7858394485432009,0.052744202606175745,0.06782293110946114,0.20687129579741378,6.2063441425561905,0.03225180685230977
1681,-0.0076414237349064044,1.0485590233486433,0.7589106475920195,0.049671350948939035,0.023110646904914857,0.1631701239224138,4.951316937804222,0.11780963411811152
1682,0.008504834651142826,1.0734341007050816,0.9872712011544862,0.06391667986231894,0.10132015101388948,0.22508081896551724,8.043100863695145,0.07086508249859225
1683,0.02823500652401688,1.7023491340684935,0.8133843135822719,0.05286826137770491,0.2706333466531069,0.24533607219827586,11.793947368860245,0.11497308487657842
1684,-0.0005144615693592793,1.2781368682284218,0.6845088983321438,0.04603513782485684,0.03246576560204748,0.1708479256465517,5.1917256116867065,-0.02299545338895359
1685,0.00547040464837435,1.3297026757903918,0.6909186633265254,0.04617474749956988,0.06584688330362698,0.17540241109913793,6.033252373337746,0.10366352649277055
1686,-0.013163471745771264,1.1294080703608516,0.7076462241644577,0.04779180267586549,0.019142583761439992,0.16591460129310345,4.0326832085847855,-0.07274494430259115
1687,-0.0073955282112390715,0.8825084981564417,0.7046764069154965,0.047771717818046504,0.024015951572562637,0.16993871228448276,3.9707585275173187,0.027585153458145495
1688,0.023516261641248294,2.2093305604367846,0.9389553670075119,0.06355297602037024,0.22108783397071266,0.2995521282327586,12.98862224817276,0.018406032937324457
1689,0.006533439841069038,0.999011467162132,1.023038400675859,0.06677407350226508,0.053205091104257855,0.25828394396551724,6.357146114110947,0.056404089592506645
1690,-0.014648764878942224,0.9187958197913255,0.7801488739613385,0.05248186980851026,0.016967566448368512,0.1476629849137931,4.098779693245888,0.13261096643607595
1691,-0.011985346950469072,0.8728821165154825,1.0456465258631544,0.0686932433332996,0.02825797686781353,0.1852606411637931,5.2833449095487595,0.09207868175547818
1692,0.02374543449139823,1.7271950093343675,1.0416231895247325,0.0677120408467034,0.13863258980787832,0.28942450161637934,10.54412716627121,0.17125109269726335
1693,0.004617162535719521,1.1937169444720435,1.1183728809966818,0.07264123442237166,0.0981217503387839,0.2783287311422414,5.778635531663895,0.08550350791729666
1694,-0.0002727768469126023,1.072547499321459,0.8388425832332087,0.05480591817799657,0.04349003367401212,0.1920881600215517,5.779659599065781,0.04444559358858502
1695,0.0236960283582826,1.228618765763411,0.9204034494756645,0.062430907604086434,0.30142134986663205,0.28726091056034486,8.443418115377426,0.019601680992920145
1696,-0.010182301356480664,1.1182081536445554,0.9123170324678771,0.05974843642481219,0.018478839301318155,0.13580111799568967,5.152891501784325,-0.12372989612139396
1697,-0.01838299597710798,1.1360604584862408,0.7075655016889888,0.04740031003998317,0.029756343684044947,0.1617810479525862,5.145646378397942,0.10269869789568697
1698,-0.010326259212835621,1.1390520107821192,0.7428585124134209,0.050225319846228925,0.01995077746488309,0.16545999461206895,4.10669606924057,0.10127675727342511
1699,0.02297188411197481,2.223442254337443,1.1593559890662688,0.07638236946868308,0.1844499941427162,0.28644430226293105,16.826841115951538,0.10066095874666559
1700,0.007307619370225466,1.2846445680995902,1.1917600320044817,0.07942102939287063,0.07689337978026722,0.2350232354525862,10.807688295841217,0.055867694793128586
1701,0.054664992768404544,1.6130571948177261,1.3931570972602607,0.09410525269360376,0.3115967933428315,0.3721965921336207,19.034309804439545,0.028828504144987832
1702,0.010029784519128844,0.6953443896215186,1.2197156542290086,0.08027907104658276,0.13979506644106326,0.2986176589439655,5.040418326854706,0.062399135819997786
1703,-0.001175208459984527,0.9243593623738116,0.911630589577338,0.06011490046596964,0.08674980605724943,0.2232960668103448,8.497145801782608,0.0003715709875591333
1704,-0.005172580922268527,0.9183160096866771,0.778762011889748,0.05107003049322369,0.03033336090817329,0.18303811961206895,7.697529911994934,0.15176508354978013
1705,0.0058694278995535705,1.1382359048670296,1.6037224242347916,0.10513146177351482,0.09035884668560357,0.3070952316810345,10.288503736257553,-0.03069987274329322
1706,-0.0021220872965655195,0.7960526237608618,1.05710697702412,0.06936672085136203,0.028430114221448782,0.17937601023706895,6.651857256889343,0.04230857924662623
1707,0.03202190194239362,1.997176361684796,1.510859776574625,0.09677743984098452,0.12138557427503631,0.29606681034482757,24.246350467205048,0.10301775509745725
1708,0.07095317171510791,2.437558268145424,0.7253337618782214,0.04761343947935802,0.9963915168935413,0.3651586072198276,17.34930954873562,0.17262766574320998
1709,0.07268385325308699,5.01008512038994,0.6957053137047872,0.045986080552079145,1.3621220628601092,0.3412665005387931,20.05874478816986,0.03588161328277306
1710,0.018759585244966355,0.7078688058678413,0.8224902511405655,0.05395850422879795,0.2119473105009732,0.2559351427801724,10.111578673124313,-0.0027062609111550007
1711,-0.0006136938478374133,1.1011767848804128,0.6734453234222371,0.04532905484366673,0.059378933189963054,0.21298323006465517,5.269732818007469,-0.011912239580862849
1712,0.006524614138004552,1.481404684249854,0.6295690907001414,0.042790525344843,0.10411017294528915,0.20086880387931036,5.748407170176506,0.06854421603994687
1713,-0.0032307752187515195,0.712668026254127,0.5792186174566574,0.03928407324503015,0.03355001690147611,0.172119140625,4.278340280056,0.0174030926182428
1714,-0.008797926283149543,0.957873961733254,0.6270503028955612,0.04260272818246758,0.019385304995106205,0.15129983836206895,4.597424313426018,0.10282091350620182
1715,0.015144092301473138,1.4925541305945456,0.613623863583208,0.041475404503273285,0.2096282297324505,0.2118635506465517,8.586916387081146,0.12958620557861222
1716,0.02267108216447975,1.700956424707289,0.8093749740223537,0.05427578587502971,0.2116201955660421,0.24728077855603448,11.39461925625801,-0.05937705646826874
1717,-0.00027379602300680326,1.0319139221823437,0.6670174183298734,0.04528909399884804,0.03259061561321483,0.18637190193965517,5.494347870349884,0.1329344595182652
1718,-0.008637256317447557,1.3225009568238717,0.6147563241188667,0.042179642800777725,0.0176833666767003,0.15060950969827586,6.429871112108231,0.05651911554252931
1719,0.021806961752083864,1.4482509000041603,0.648197117205263,0.04318099952421017,0.1572124342813791,0.2460095635775862,8.713524714112282,0.09089131576514153
1720,0.034442194940470766,1.5795315134360166,0.774409069893017,0.052103848953935536,0.22261376852325482,0.2837334994612069,10.600321829319,0.060676765526126886
1721,-0.003410402560524713,1.2277096754981947,0.6112545591110957,0.04174959069448659,0.036708883293905384,0.1666975350215517,8.35348665714264,0.11085931418526696
1722,0.0012363742482408638,1.447692649495829,0.58011704585115,0.039967973752129474,0.07132753788353033,0.15234375,9.189611345529556,0.07073063769516696
1723,0.024268991569703822,2.8729230416232534,0.61377041866799,0.041303486884517335,0.21339297002998472,0.21608970905172414,18.065540671348572,-0.060734002057908576
1724,0.007699090234820398,2.4877201311602866,0.6216934794140093,0.04225277191941144,0.04009346980525467,0.17478785021551724,16.328277468681335,0.09476403477838535
1725,-0.0010004482472484805,1.0094898209034875,0.6434192569247579,0.04331064209848254,0.04824146960359991,0.21581189385775862,6.656043350696564,0.041093000807950864
1726,0.009260453088763205,1.4788664402262692,0.7530760412505779,0.04986393049060685,0.08496940512528126,0.1979138604525862,8.562327846884727,0.1984574653178185
1727,-0.006812594112219506,1.0350647354648195,0.8532661277529187,0.056102767125242384,0.02000112164970578,0.158447265625,5.347439348697662,0.07665882313369055
1728,0.024055361960107397,1.5072851171194044,0.6021265054530107,0.04038041592952393,0.2080207736918828,0.23056135506465517,12.83389961719513,0.0542529528140977
1729,-0.00979395887576424,1.116168903533242,0.6508759261626877,0.04439353222983038,0.021117009344850196,0.1626397494612069,4.364695593714714,0.0645168073833553
1730,-0.0028364322721303424,0.9207578921531616,0.7037788213211129,0.04660037208780556,0.030263529059013684,0.17782698006465517,5.749952286481857,0.09452898894574646
1731,-0.006345256630624888,1.3496978753821893,0.6536497059407341,0.04514989871175183,0.026408386100934753,0.150146484375,14.02213340997696,0.07624512087490465
1732,-0.004250131515068401,1.4739805438941267,0.5862031340281315,0.040338128521398946,0.027022831002021762,0.13484981142241378,20.141352981328964,0.09584297474589154
1733,-0.00933095098504223,1.3046472787191727,0.5354525556538023,0.03656118010352402,0.026886294959292276,0.15030643857758622,3.625392973423004,0.15045203500668658
1734,0.027512756586069817,3.232564801144047,0.8176183257974189,0.05618482224326427,0.23167282760658947,0.27483499461206895,36.239014595746994,0.12638813209915267
1735,-6.175926510325878e-05,1.1485454504899373,0.6647765568336734,0.045547693920107504,0.028150818892327307,0.1739207300646552,7.420490548014641,0.15150238696716778
1736,0.01380566856592436,1.4976066319473933,0.5628574778979493,0.03809612126928329,0.1484603953739772,0.21268015894396552,11.209344238042831,-0.0017817945129854351
1737,0.0013120413818362604,0.9616141635947854,0.6581337837993206,0.04393713022352634,0.08155340981474027,0.21299164870689652,6.6961609572172165,0.14706147309661632
1738,-0.003770664829690025,0.9698624833956356,0.6793101850773913,0.047137045364475536,0.03657109950050254,0.1945295662715517,7.040284410119057,0.13568805853880228
1739,-0.001971665847495652,1.2882508134245683,0.5033306624259126,0.034154837036262306,0.03332321451276145,0.15915443157327586,7.956910282373428,-0.021449278841554342
1740,-0.0005866883882402795,0.9652140588159575,0.5803400752255504,0.038794236803016774,0.0765280810154477,0.19869679418103448,6.895253196358681,0.14593653206671986
1741,0.018068108389729394,1.2702840617399653,0.5493210479279182,0.03637922948990803,0.09303839873914085,0.18402310075431033,6.0777274668216705,0.1578917151041328
1742,0.022521603266573577,10.427550777114348,0.7073361822539115,0.0479250724417756,0.11296253914226406,0.20863079202586204,48.34776568412781,-0.017140162100894862
1743,-0.0006124484436542902,4.8665523885635995,0.557388306175366,0.037935383716756685,0.01823626345820481,0.10447535021551724,47.94525408744812,0.024779290668431986
1744,-0.003992612464209589,0.8648922188800936,0.4841620204476602,0.033077666755459714,0.01594595141473135,0.10336408943965517,8.916126161813736,0.10913300723904251
1745,0.005222388168758277,1.6602894893296818,0.42230578521145656,0.02914200635309315,0.059844164004675966,0.13912648168103448,13.59105172753334,-0.027377179940039076
1746,-0.012903368089129784,1.1914871127071724,0.45212772891951686,0.031310289088748326,0.02059481146302303,0.13346915409482757,5.4836674481630325,0.15058390009975953
1747,0.00946508961295425,1.9985557190443533,0.5330318861815434,0.03640301287935132,0.16232701211961614,0.19535459321120688,15.039182335138321,-0.015748518703513348
1748,-0.007079049390387225,1.014464783112499,0.5025364339300376,0.034168735662642225,0.03129605560698384,0.15347184806034483,4.92576365172863,0.2001492710111813
1749,0.008505368393266651,1.7323249579825113,0.5729476664525932,0.03908090372083685,0.08647436312355339,0.1824151400862069,13.919478505849838,0.15552230670034906
1750,-0.00962853778491304,0.8595981546896241,0.596437824631804,0.039954515504101826,0.01763112506834095,0.13845299030172414,4.069029718637466,0.011729477560396107
1751,-0.009439864008773361,0.8690261716046476,0.6417537113220635,0.04198606943495382,0.02318711742600499,0.15597218480603448,5.130792587995529,0.17041548303589105
1752,0.03224832766016072,2.385458230930181,0.5059027601499184,0.034183891023847106,0.2193035663402371,0.21829539331896552,19.482991844415665,0.11911144164441423
1753,0.0435390227548796,2.4370077249898907,0.6714428708388038,0.04550274964114907,0.2665578140573532,0.29205953663793105,18.72119864821434,0.03934151505379235
1754,0.015518693517825196,0.7019970010749299,0.7250678034950412,0.04727301383694883,0.06434372107612235,0.22662143049568967,6.42368920147419,-0.10753127321634115
1755,-0.0016151624084606176,0.8163768776048371,0.7913587250960161,0.0519611002372798,0.025228267080396546,0.1724137931034483,5.009288728237152,0.017011695131656235
1756,0.014694432976425748,1.1247921062932904,0.7501836895604377,0.04924330502398038,0.08444360281092342,0.21474272629310343,8.694619208574295,0.029192790260335277
1757,0.009422252048599405,1.1825977212991292,0.7113325176002487,0.04790052926407841,0.06837986736665416,0.20871497844827586,9.30076752603054,-0.05132953780928906
1758,-0.006843322827911646,1.0910265275691444,0.5955359329002188,0.040415122884713606,0.030082986721256165,0.15431371228448276,6.67576789855957,0.13174522498149177
1759,0.013721190375874418,2.3463408677776254,0.547653345488114,0.03697809572446144,0.1376227025416608,0.18935210129310343,13.744543701410294,0.10066839283095763
1760,-0.004571975903055428,0.9026387336793598,0.5758435770948198,0.03869459044988302,0.045200030793466794,0.18201946390086207,5.273675724864006,0.08467238466589422
1761,-0.005238786369825585,0.9190290139705021,0.6328750748832244,0.043405510452984,0.02870957358391024,0.18971410290948276,4.0437992960214615,-0.054632070763313
1762,0.015010765857930205,1.8123249407123683,0.6256301014188692,0.041205646181134786,0.24752144816383687,0.24256633890086204,11.481805056333542,-0.017428728126998694
1763,0.006227767964928874,1.1060735490186153,0.6065646959166546,0.041076825158197924,0.052958846452325466,0.17992322198275862,12.209525257349014,-0.10678558984213482
1764,-0.011362799743018327,0.8152376350329398,0.5708414149377182,0.038673847449655574,0.020128377398640592,0.15809368265086207,4.518257990479469,0.05209516985079299
1765,0.014069290194815811,1.403898246631041,0.7841750819979711,0.0511023779303694,0.1341285955169779,0.24093312230603448,17.45081925392151,0.09173602020074167
1766,-0.0032987220373452766,0.7072411094366071,0.6494586448782594,0.04266338831242388,0.04832389959535155,0.19972386853448276,5.656196102499962,0.024283347881794204
1767,-0.004366537723028771,1.019595409467696,0.48084098231624045,0.032712394788127146,0.030132137342420644,0.1426286368534483,7.069442167878151,0.0738381988635094
1768,0.023577062444584983,1.0687214136566627,0.6229912342777983,0.04184552284059691,0.14095372653520827,0.2415813577586207,12.411592781543732,-0.07972394522627324
1769,0.01893707118560925,0.9992333105635124,0.6838997156877185,0.045743699542738346,0.1299713233719852,0.24193494073275862,8.905151665210724,0.14312144452039088
1770,-0.00441871428250163,1.551273202965453,0.6226670308569562,0.042626934632296484,0.02818646184834177,0.16095602101293105,10.898850202560425,0.09840287321906027
1771,-0.001655135931328852,1.2456132624681309,0.5345347366802686,0.036278206833504974,0.035727982763209466,0.14306640625,6.512783065438271,0.05912677687809209
1772,-0.00737427374089252,0.9236653050914353,0.501582021697783,0.03446371704619035,0.02715093374396521,0.15785796066810345,4.446054369211197,0.04865563699358055
1773,0.012497381323540563,1.653244570370877,0.5048924116564517,0.03463920332439962,0.08209746260122337,0.1756212957974138,8.696561068296432,0.04731581241927385
1774,0.01935596784456667,2.725094366475243,0.6336973285757466,0.04373779152611801,0.10031215509081874,0.23200094288793105,38.66224366426468,0.06588776111842942
1775,-0.013185413498754198,1.148854562103082,0.5166630100748957,0.03557377239027798,0.019916842443263187,0.13971578663793105,7.423714771866798,-0.0036791331275454198
1776,0.06266394270915548,2.7935151142587156,0.5392008205305061,0.03591664387641689,0.3737447776332802,0.19809065193965517,12.723241925239563,0.12611894709349192
1777,-0.003412041973036296,1.1674724520591933,0.5645985219221814,0.038097009162384635,0.055072097148948174,0.19427700700431033,5.103848174214363,0.05977619106757792
1778,0.024229457705851956,1.2669034072800796,0.570120346269769,0.03887582920104903,0.16676179418396248,0.21680529364224138,10.481183052062988,0.17667515730304462
1779,-0.009969718043223486,1.2299733702114362,0.6038988469572641,0.04146810557588877,0.029657101120090467,0.142333984375,6.566226080060005,-0.07395926510859918
1780,-0.00011925869135505297,0.6511254549742456,0.7462713749389951,0.049170251019133304,0.057311762886608476,0.20017847521551724,4.48962277173996,0.04712930095062351
1781,-0.010243247507091758,0.6753801315592705,0.5476851600201614,0.03754280908392381,0.02301670994898845,0.1597605738146552,4.074550911784172,0.09292719991754672
1782,-0.0035788373488396348,0.8783855648060739,0.5981630659344886,0.04008598641156778,0.023842073003740145,0.14448073814655174,5.038920983672142,0.027740319554605763
1783,-0.013220230242193888,1.0423366149095015,0.6289043925526037,0.042763573632056545,0.026097679830045233,0.18673390355603448,9.587168037891388,0.09017684230054535
1784,-0.010371965635424226,0.7422895870354609,0.5268876897817241,0.03607331541308231,0.024271120830407795,0.1472673087284483,5.041070967912674,0.12687113734197175
1785,-0.014588847119425404,0.7730420256695707,0.6245476180789282,0.042516883413404885,0.016856444665383354,0.15326138200431033,3.62099052965641,0.084752840508448
1786,0.005211423246870065,1.1984966448425265,0.47579066787815266,0.0329211901994822,0.09275676564362181,0.14439655172413793,12.380534917116165,0.08093716916847749
1787,0.004473313990784442,1.3838819109374745,0.60697034970294,0.040753992168344313,0.1042907313228735,0.20401737607758622,8.400596886873245,0.06371588071170253
1788,0.0033543319288197432,1.2220388428008908,0.5816197340702857,0.039601674673809636,0.15043257501052398,0.1943864493534483,9.000343680381775,-0.00506032275271151
1789,-0.0008939766901424808,1.2009243018991957,0.5648337028809638,0.03840673346073549,0.031763982414546164,0.1500959725215517,7.227837398648262,0.10646033759094542
1790,0.006193008706934226,1.7896007117770738,0.602748046171953,0.041106153791022185,0.14488134451800275,0.1814469962284483,12.833840101957321,0.13581635710600815
1791,-0.012170820516469259,0.6395432419326654,0.7215266139899661,0.049234944817863155,0.01861043515409306,0.15752963362068964,4.367235407233238,0.12487053565999395
1792,-0.0073757248823207834,1.0598109978691421,0.6248042175442792,0.04270134485996322,0.024791416946894074,0.14283910290948276,7.2069079130887985,0.17992874549762872
1793,-0.0024417113720120705,0.951097220264979,0.4775019374534548,0.033258412531441184,0.049603784966922734,0.16355738146551724,8.804480463266373,0.13411124902938398
1794,-0.010201223871741969,0.9659978276203235,0.505366540016779,0.034265521786870076,0.030881352789116325,0.14735991379310345,5.433383986353874,0.0429755590723625
1795,-0.011586476262815221,0.7825689430849451,0.5196362442870661,0.035530461270597974,0.02722521118235379,0.1674383755387931,4.452079996466637,0.12287268458264078
1796,-0.009623505278650045,1.1466300275407526,0.5803931986673487,0.03920741924696425,0.02339712687528939,0.15977741109913796,3.655142694711685,0.10403593936872879
1797,0.007794030480689453,1.2110677283539448,0.593353140840402,0.040594879748804685,0.07694123427372261,0.2041941675646552,13.924635529518127,0.0675480790404066
1798,0.015927159421376926,1.466606759568022,0.7205084155026673,0.04897422305977478,0.29244607174961484,0.1773639547413793,12.052363634109497,0.13648061547990342
1799,-0.012365949581594343,0.8753964839443307,0.5347969267177057,0.036002712916877316,0.0278014743577434,0.17030913254310345,5.083558365702629,0.14280674757588352
1800,0.01806787305144673,3.06458546016533,0.5884431989781653,0.03961202950376609,0.0569693805939762,0.13718177532327586,19.145818650722504,0.1550912844164214
1801,-0.00014208215283993773,1.1456442851360384,0.5762096594804478,0.038692985282858985,0.11035666386867175,0.20120554956896552,4.387441053986549,0.05885315920305245
1802,0.012709805808817287,1.5403478576248715,0.6232138287192758,0.04171510826110825,0.11170555168558283,0.19454640355603448,10.11261585354805,0.09824766829287968
1803,0.0011488021857810156,0.6616497132163096,0.8315340264220148,0.05357601733736691,0.03223693114300816,0.19743399784482757,5.935609206557274,0.0739940099139782
1804,0.0037337792913709907,0.8010316689501734,0.5724725439794056,0.03811862676900019,0.04957363853865335,0.1780711206896552,6.954432845115662,-0.12581525539115224
1805,0.013387803196070441,1.2091458520400797,0.5778095609814793,0.03935483069431271,0.13738111319661916,0.20714069234913793,6.202960908412933,0.08124496391857439
1806,0.0045144047035350346,0.9064861793683741,0.5148667692914046,0.03456003888081807,0.11950532882532652,0.1803778286637931,6.023067936301231,0.19316099982620616
1807,0.019646603564953305,1.994136651424792,0.6208670089359224,0.04190125141030088,0.19987261081546445,0.23098228717672414,16.02852012217045,0.1385281076196464
1808,0.021248290939423514,2.8307675095391214,0.5121318460545536,0.03493460208695376,0.27036229169173903,0.22184806034482757,13.532883197069168,0.13257682554009553
1809,0.027973911594100048,1.5457709078895232,0.572995918211243,0.03840317343730295,0.32551481866002,0.23969558189655174,8.745799630880356,0.004686136520692941
1810,0.018696666628567907,0.924959662577331,0.6919339580388991,0.045300899530146,0.15480010991225684,0.23255657327586207,7.4373342245817184,0.11958648276659434
1811,-0.0008399240811054007,0.8734184834977641,0.5645312239315565,0.037743670759098055,0.038538026635647246,0.17650525323275862,5.1617323607206345,0.0358452682310364
1812,0.020366124382171148,1.6890039056443404,0.5600304974062488,0.03774349510041291,0.2577067457429892,0.2158960802801724,15.423407331109047,0.09742802696567976
1813,0.015954228237852575,1.4625612247678847,0.6195724732369434,0.042191336520127846,0.34456755968034014,0.25070716594827586,13.595488369464874,0.07119492395484528
1814,-0.004421854307832391,0.8533230844090472,0.5515908953622715,0.03806697851978883,0.06456478134776043,0.1764294854525862,6.104485139250755,0.06278143218522136
1815,0.005976364376865312,1.7426780342444919,0.5322297864321711,0.036451538118738164,0.17285959058043038,0.18893116918103448,14.980457991361618,0.06416788153915232
1816,-0.01338750860209114,0.7900584893752365,0.47712877466030623,0.033023844860980596,0.034298293767153216,0.1780963766163793,3.2931952327489853,0.03542022688759183
1817,-0.001028737573123815,1.1118626267428404,0.45843278615371713,0.031582626066935716,0.25890286168502996,0.16123383620689655,5.089383661746979,0.08055257995010523
1818,-0.0002095440658308207,1.2378172664411928,0.4434184047882926,0.030949393724924293,0.0640781450434755,0.14861429148706898,5.490219488739967,0.06840880110153291
1819,0.02037375788598826,1.8440760267893788,0.5072001400821373,0.034697480927567845,0.1170425930089232,0.19082536368534483,9.234202772378922,0.10617048515227734
1820,0.01254425993917047,1.768666003449563,0.471051199876314,0.03236031945669578,0.09156094927332978,0.16636920797413793,12.781914591789246,0.16732382266292645
1821,0.010248805856947785,1.333496728588464,0.5970692705497265,0.04066927577252823,0.12244038915659158,0.22922279094827586,9.636384516954422,0.10843193389548511
1822,0.004883260835005392,1.6294421793187772,0.5027335299021451,0.03511462395317135,0.14140821842587842,0.17819740032327586,16.715047627687454,0.04125274660385447
1823,-0.008512974976987449,0.9713631429984023,0.47710578772506895,0.032732352635349876,0.023247362345355196,0.13948006465517243,4.002042442560196,0.07144994220563483
1824,0.02986413501878204,1.5305963615127571,0.5553757002406396,0.03815253586025695,0.5636334012050546,0.2632846174568966,15.82557487487793,0.08587605139208898
1825,0.012644315718322563,1.4980527707349212,0.49953579676624676,0.0338515819586965,0.17405906096531007,0.1933172817887931,5.395231619477272,0.05510007377594828
1826,0.019094811870155402,2.0095670252867586,0.730130096581489,0.04912597727261302,0.21171359746434906,0.25383890086206895,9.100926876068115,0.042423049496306486
1827,0.037450371116075555,3.1615662462862275,0.5595265905927929,0.03678295726537509,0.3988669153167185,0.25095130657327586,18.793179988861084,0.05201579486298391
1828,0.001720353372511571,1.637017508013256,0.4745602723933737,0.03223624644410232,0.02755363704454402,0.12269329202586206,21.938397705554962,0.10974888152733986
1829,0.019569670916932617,2.293651850809428,0.44845494479287074,0.031164973764683745,0.1703551534707475,0.1721612338362069,19.099200963974,-0.020991478408787012
1830,-0.010771092891116434,0.9005138092593914,0.4713529121597602,0.03202470770735891,0.018335399554887083,0.13118770204741378,4.327999338507652,0.10167038157937025
1831,0.014276422265456173,1.246531327852595,0.4991635231435182,0.034313868502404365,0.10541262229760225,0.16408775592672414,11.39534455537796,0.12292233719168144
1832,-0.00711552363395199,0.8236123098937105,0.6019027234462374,0.041114389696716366,0.022680668264824975,0.13425208782327586,5.469307407736778,0.1106442895630485
1833,-0.005388913412128533,0.9335246582260217,0.8761714647997074,0.05664323803066386,0.030565635551738524,0.18726427801724138,8.022743910551071,0.07873371532640128
1834,0.007941761531935931,1.2464070878523872,0.506948545331308,0.034694312044523085,0.1238648173248034,0.15968480603448276,6.262896776199341,0.10692743142265693
1835,0.0021121081974104783,0.8881243198014681,0.5489113925409316,0.03664799956892599,0.06329295773557948,0.17498147898706898,5.241675958037376,0.09555859014562895
1836,0.030121912154821653,1.6127640752129926,0.6227112397783359,0.04086239164656391,0.44184646388508125,0.22642780172413796,14.084703341126442,0.04018017945905061
1837,0.008526482050494968,1.3883195067031875,0.6260595641373348,0.04138717160846546,0.05316491685173595,0.160888671875,12.907597124576569,0.12914626743740298
1838,-0.0029142293126118487,1.3730526341494451,0.4758344537115945,0.03246248879419378,0.03308248649899536,0.1390002020474138,8.708135202527046,-0.01222731980239744
1839,0.0260336565959656,0.8218652245647942,0.6500451762005911,0.04302345190902253,0.2263934477598386,0.25161637931034486,8.305708602070808,0.013258459150896296
1840,0.01965562147519085,2.549299748880223,0.6863627325919162,0.046310012145861904,0.11066287723884481,0.2261163119612069,18.829847812652588,0.06935363270316519
1841,0.020703010006000833,2.9595420789843825,0.47575754399041725,0.03206395686472323,0.10863577044880143,0.17482152478448276,19.767227113246918,0.039540400539406995
1842,0.023690749312175872,1.8129412759133803,0.630752510683751,0.042425442684002716,0.15071993435600597,0.23560412176724138,15.525018006563187,0.08490451462496795
1843,0.011116630109723278,0.8991713185237507,0.6068017453201079,0.040600367855600936,0.08249045392299185,0.20288927801724138,6.99043732881546,0.04031432738232854
1844,0.009128940210169733,1.4234523682952442,0.4962473607798734,0.033950424552133825,0.1604982829666801,0.19890726023706895,6.479099616408348,-0.035850656851960316
1845,0.0003682346082064282,0.9814831285021496,0.7358610655330198,0.049623168150734094,0.07771283659217051,0.21964237607758622,9.238284409046173,0.1789832702240075
1846,0.007975059731697147,1.0158002513975344,0.8084754922625068,0.05404935631308006,0.1669520966225771,0.2604138604525862,8.268279746174812,0.1260120364660834
1847,-0.013660786195186193,0.6773312614869446,0.5728714475182575,0.038205852509699365,0.0234296521082107,0.16731209590517243,4.553618401288986,0.04484765581142258
1848,0.018101937218411024,1.6178411680572558,0.5257311095492826,0.03631506829541277,0.1551442661107485,0.17042699353448276,11.707322880625725,0.04732953918995564
1849,0.014867811614704674,2.1635378341900675,0.5648221446670285,0.03879744106962094,0.20392143626972908,0.19793911637931033,16.923821061849594,0.10709347402382918
1850,0.01025558898439161,1.8529141130403468,0.49661530453806574,0.03401556419930198,0.1476556045511665,0.19143150592672414,14.855635046958923,0.13855484657184158
1851,-0.004384012935320589,1.1619596110046566,0.4454890540355684,0.030519895076121274,0.041794824176596204,0.12936085668103448,6.52025194466114,0.09640164878483004
1852,-0.009925130621752671,0.6624457489437394,0.49845591846644927,0.034143745124569136,0.023123355113709908,0.161376953125,4.088981986045837,0.037244328856473
1853,0.021489581507710652,1.7373071447501014,0.5823319027274239,0.03857656757287618,0.25059213402958297,0.21238550646551724,14.532814860343933,0.05125594308034509
1854,-0.01430301265174327,0.792501885993131,0.751868808684123,0.050177934999158555,0.045578760506157716,0.20549905711206895,5.860952392220497,0.10582617605877165
1855,0.00670410113368691,1.1258073422689598,0.5889879863127855,0.03981126255425892,0.10825177512513824,0.2080583243534483,7.01814840734005,0.005266041068663463
1856,0.02579515257373255,2.437131160292058,0.624962527491687,0.041926212389382045,0.3496604591783584,0.22693292025862066,23.711527466773987,0.07328455931321232
1857,0.0016647144010092873,0.9036256844629555,0.6044089505033357,0.039815966410898,0.05278769147718447,0.20111294450431033,7.739790186285973,-0.040425742905291884
1858,8.298037354563352e-06,0.7885377477862917,0.6419280871922011,0.04243727077788418,0.085411484627514,0.18552161907327586,10.847702473402023,0.051505125742090097
1859,-0.0014006932609632915,1.1591433067990717,0.6102127060823611,0.041197924626718244,0.025245343366907362,0.13465618265086204,6.60615499317646,-0.03946953947385201
1860,0.0044637799984721775,1.3111292945002193,0.5870766941665861,0.03974039916403619,0.0653277611905834,0.19411705280172414,11.106318607926369,0.05315357293690515
1861,0.025841747745725056,2.513139701404968,0.6537562209527745,0.04424845726063081,0.11145186108349078,0.223876953125,18.888473868370056,0.048732793241017536
1862,-0.0010578953116239208,1.3217509301303303,0.6141676556527377,0.04062921253489696,0.025340192721457773,0.14171100484913793,10.044600307941437,0.08297361765363809
1863,0.009982544051427629,0.936331706051021,0.6303802270676453,0.04289023677848019,0.06098920482283707,0.17106681034482757,10.242601722478867,0.17451986976677936
1864,0.010410944641779454,2.527730160789117,0.5852567177881862,0.04061705051311737,0.11273793017974958,0.18972252155172414,20.082486361265182,0.025341454419750664
1865,-0.0028588377363798715,1.6772446202610252,0.5710637595432744,0.03879532003936598,0.04755840526440845,0.1640625,5.371632426977158,-0.0027939925888758044
1866,0.0012570509128445708,0.5924141922243408,0.7620940605632901,0.049513987829442926,0.04688666031691763,0.18959624191810345,5.309685200452805,0.13853588132542038
1867,0.010797330244579316,1.1940698554676659,0.6028757905473431,0.03988384369256762,0.18914632979435614,0.2303929822198276,8.736128613352776,0.061640765122983776
1868,0.04691144653164241,1.6208666408471637,0.6808982652035827,0.04389031757727051,0.7074781260831171,0.29674872036637934,17.681107312440872,0.047543814380565985
1869,0.024278646702396975,1.2199319075953066,0.7488336060371095,0.04915065519451682,0.4140030454202727,0.2566254714439655,14.244018286466599,0.048345144899203385
1870,-0.011516615639518458,1.2193194602154653,0.683989959717428,0.04736506685584231,0.03862741303534824,0.1782647494612069,6.108718201518059,0.10920807820095768
1871,0.009088181555312488,1.4271482388198142,0.7007084615099175,0.0479225359057721,0.11230878174101609,0.24037749191810345,10.915160834789276,0.08060285385007593
1872,-0.007012340319526065,1.087711268258264,0.6027545601319649,0.04029309350620268,0.03014006579020008,0.1690968480603448,3.776493489742279,-0.0025638674414365514
1873,-0.01699392256886879,0.8325102127691169,0.615745844568053,0.04184770620697318,0.024544509951801012,0.16334691540948276,3.7051678150892258,0.08899142244084568
1874,0.015458159666338218,2.220477925795869,0.7260276878486909,0.04977401542793666,0.24230386468998133,0.27777310075431033,15.450919270515442,0.10956611594597054
1875,-0.0018889402547154857,1.132214153394602,0.6345618262743797,0.04299071095605686,0.06378719517869254,0.21720938846982757,6.1264331340789795,0.1668151591742163
1876,0.01443859842808999,1.8005184845900757,0.7812105193781227,0.054042147493566284,0.13890574497213182,0.23472858297413793,21.735164791345596,0.09311057350480023
1877,-0.0027396918008122393,1.3073760878449066,0.7240004899958126,0.048445969629739453,0.051703202774820156,0.1876936287715517,6.966856271028519,0.13678487515832394
1878,0.003422002200594333,1.7329450251071807,0.9194728514680239,0.06025134409323088,0.04095810259684248,0.1820110452586207,9.847921282052994,0.15723524378536902
1879,0.010878709975688058,1.6505996248661745,0.6605269849898026,0.0440568056892959,0.09459943730499328,0.19142308728448276,13.042218312621117,0.03739419357145091
1880,-0.006093805790598594,1.3726979419139238,0.667829476223528,0.04413645049889923,0.028084183302827772,0.14998653017241378,5.549303084611893,0.0029349306623788207
1881,0.02884929960045348,1.3747785353104234,0.9092502321035396,0.05961920718609953,0.33826238156149124,0.31392275053879315,13.21080106496811,-0.0022897556426673127
1882,0.0005730047725246929,0.7671961792234645,0.8524102459082714,0.05616620659441958,0.06253991445064597,0.20123922413793105,7.621884763240814,-0.08917921549162622
1883,-0.0065899913500735595,0.7536489757140028,1.0537375007798602,0.0684104210897826,0.06113571210384229,0.23700161637931036,5.212691023945808,-0.05871165059697092
1884,0.029527523771124112,1.1300618775427187,0.8073214162703621,0.05307142027629845,0.37367085168686,0.3036099137931034,10.37922739982605,-0.16482269088925405
1885,0.009431952410504046,1.4934971881106232,0.590468317278178,0.04021018679517026,0.06839152789690103,0.17902242726293105,11.042926579713821,0.07553208527396871
1886,-0.01215958633354207,0.6579705310856169,0.9100491896467683,0.05930308376647045,0.023258108131867947,0.1553492052801724,6.247042194008827,-0.011234605143118026
1887,0.013126132842930112,1.3636865105572038,0.6243893444846694,0.041881827396241245,0.1206106708145448,0.2028387661637931,8.027227506041527,0.033192893798726364
1888,-0.004510428131656999,0.8135797813475183,0.6613800965195549,0.04371359210987214,0.040346973914077766,0.1931994207974138,6.18272690474987,0.14981672147618053
1889,0.002104353401290745,0.9710285270159906,0.661100312003408,0.044194975004753334,0.12607319559162367,0.21924669989224138,7.681102961301804,0.016665652703784173
1890,-0.0065946690010100645,0.6891731111887055,0.6754848469501444,0.04507404997965156,0.053496032216557896,0.23658068426724138,5.25959800183773,0.008655755283663025
1891,-0.00787534113071576,1.194984909566394,0.6014396854352755,0.04121698094445666,0.03187906632376389,0.1675309806034483,5.839553594589233,0.016035585054214874
1892,-0.008721444809842868,0.8362742222041897,0.7741443319287384,0.050724287136107604,0.02792370366867168,0.17877828663793105,5.35321943461895,-0.09171080179384639
1893,0.009735364585725544,1.680182451446157,0.6470560710563247,0.042954545045241245,0.14671125275790073,0.2156687769396552,16.912967324256897,0.0025718205752717216
1894,0.004110853980840301,1.1904491276319527,0.7541666899914585,0.04965847279181709,0.07108834700758579,0.21550882273706898,11.901485055685043,0.08479433884177145
1895,-0.004472714801283537,1.0638216413543358,0.5950541137960532,0.040330582889229985,0.04139109498283954,0.1801336880387931,5.644951984286308,0.07976108345946287
1896,0.012667654305989283,2.041979168767918,0.591984691187756,0.03981741438427401,0.1299702229252963,0.220947265625,17.130344599485397,0.09387235960971718
1897,0.0020220858838052693,0.8344208226254279,0.7805248682882773,0.051606751544965815,0.05395638153730578,0.2240369073275862,8.616623163223267,0.10843467371606197
1898,-0.004836986313115703,0.8196003251070609,0.6221588602671371,0.0417713383313211,0.07389357869395362,0.22494612068965517,10.779919803142548,0.13130073751641125
1899,0.03466939153306538,1.590409018639535,0.7723144924421801,0.05276029938894668,0.28758441531586953,0.3212469692887931,14.890833765268326,0.193807764640047
1900,0.013605806791042034,3.4158325973280634,0.7701013798110459,0.05196476917424404,0.4257693948148661,0.2065934806034483,23.92375546693802,0.10171200256642166
1901,-0.0058609651296647235,1.265195627055649,0.7931248799336041,0.05383823704853216,0.027402968286590466,0.1845198006465517,8.656032800674438,0.0019459833721467978
1902,0.002024184683717671,1.6484582089393074,0.6942678281442205,0.047310163575773695,0.06108363195423428,0.20944740032327586,10.796943962574005,0.017449901628959097
1903,-0.00832335304925758,0.9150250714790824,0.633835943007285,0.043542874845984826,0.029787793174266188,0.16690800107758622,4.578219249844551,-0.11334773464416092
1904,-0.0063867436533695384,0.849250559720524,0.6799972050831209,0.04540739133569803,0.037415108881069845,0.18382947198275862,4.463731944561005,0.0706871030196683
1905,0.0034798483534260534,1.83590886115,0.8554225017856917,0.0597916538486324,0.06744817946665994,0.24728919719827586,26.339893341064453,0.08057151052354727
1906,0.003939520792223286,1.7114546884885042,0.7613384544833498,0.05170218514126255,0.0508226235165746,0.1599962957974138,11.682911232113838,0.11924641671202296
1907,0.009894032918648994,1.6153385577820154,0.6583706676831236,0.04404899721719913,0.12405869602760483,0.18348430765086207,9.314967423677444,0.0726196178083095
1908,0.01625519482831804,1.6321751161154214,0.7634282290320135,0.05152901087224278,0.10640005104147701,0.22549333243534486,12.91906687617302,0.08787626344223753
1909,0.005742353675905663,1.9356581959057355,0.7298072822254236,0.05024848033173583,0.046636462687464963,0.20806674299568964,18.6620175242424,0.19677539562772117
1910,0.007517323857021802,0.9174181423280345,0.5903375324479764,0.039275261471521904,0.1719334167448319,0.19290476831896552,5.868932887911797,0.14948298253083192
1911,0.04977502991019461,3.404537054724159,0.7721732731181417,0.05222930622431646,0.8836917969328656,0.3282596982758621,23.061182290315628,0.048940932311037244
1912,0.014426359698133995,1.1610644541819168,0.664175171088643,0.0455353695379422,0.08115545555513648,0.20089405980603448,13.775206476449966,0.12486496538689584
1913,-0.004004058902668914,0.721431411133534,0.7711903966186527,0.05139782242112548,0.03222704954899608,0.18528589709051724,7.0167548805475235,0.06657567108409457
1914,0.019660654029535284,1.2742641857002632,0.8527177274209806,0.05704587160071721,0.42820850691447687,0.31292093211206895,11.864885196089745,-0.030497467419019042
1915,0.048806518121698866,1.2351385260335221,0.5617261060330636,0.037859078778123466,0.8020116209698884,0.3518487338362069,11.407443881034851,0.040127920424270824
1916,0.01351750608729615,1.6994824227896672,0.5162184162454584,0.03533977706239688,0.1546562443987271,0.16112439385775862,14.831309080123901,0.17301993194363707
1917,0.0021520101610693274,1.092864216452822,0.545856572927936,0.03752485634118098,0.0845790209880307,0.19189453125,7.4221441596746445,0.09689007621840595
1918,-0.00796933019326267,1.0294432374905411,0.5533518019072444,0.03760391357765544,0.034559681998118694,0.1670426993534483,4.673857435584068,0.06377975448042372
1919,-0.010929340234606096,1.1053563688014036,0.5730557798386944,0.03989484432850493,0.03214359068380386,0.16457603717672414,6.730988830327988,0.09758979718677907
1920,-0.0064727124450216465,0.820077582533692,0.5898087505724363,0.04073452632666881,0.028743411879573307,0.15115672144396552,4.33916038274765,0.05946799317491136
1921,0.029443277393145787,2.5820290109692787,0.7227526570691061,0.04878501676417712,0.2451417976451109,0.28000404094827586,17.342169880867004,0.009691687174658514
1922,0.005920815870957573,1.1679323503270274,0.6294384422769403,0.043433618514359305,0.14193324207843822,0.2208967537715517,13.819962441921234,0.05221419346538947
1923,-0.0019826782418181322,1.1208502205215192,0.6107687990257151,0.041293990717496884,0.033181321028035296,0.17754916487068967,8.125627890229225,0.16093884559241567
1924,0.026926443033397293,1.1807621088206457,0.6210873414446213,0.041378647025267945,0.283074541521876,0.25437769396551724,6.770005360245705,0.049262243370362335
1925,-0.0020455294554156075,0.9468928415335218,0.6323156355750983,0.04217057029881175,0.04272969485533269,0.20279667295258622,5.382024332880974,0.1133132119624275
1926,-0.010693154224761355,0.8582277813118708,0.5856049394079741,0.03982725453417312,0.03623872284767599,0.17306202855603448,5.0783561915159225,0.05379332760058109
1927,-0.004123439883660163,0.9303452453725436,0.5804761640652412,0.03913318587737179,0.042904757251876466,0.18677599676724138,4.970283806324005,0.006451806866080045
1928,0.0002221447030630549,0.9912889598150516,0.676018932003835,0.04614509248011864,0.0479063948199683,0.1996144261853448,11.696734011173248,0.13014734703974562
1929,0.021528068329841717,1.7690931640610472,0.6184209076034667,0.04161002395053513,0.1802848194326159,0.22088833512931033,12.227258011698723,0.16837751732903594
1930,0.012552097516047304,1.4499357355982534,0.6030434121961128,0.04097603130760157,0.1301696520952388,0.2068797144396552,8.811174139380455,-0.0573417050824685
1931,0.015131741458120056,1.9338988833065462,0.7234592752970671,0.048649287794447965,0.11355111057640263,0.2086981411637931,15.94146004319191,0.13534446887390605
1932,-0.00634621618081071,1.0378712462788466,0.7382965728344615,0.050006505415359365,0.02968280305996249,0.1778606546336207,5.962262436747551,0.05321632222197403
1933,-0.008412580188487095,0.8643626368244801,0.7141139342617346,0.04831934675202945,0.028886132090739355,0.190673828125,6.954142913222313,0.05254252732677822
1934,-0.0028157134558182686,1.0483294205022489,0.5597759857329969,0.03795452349662557,0.04775547574864753,0.1719255118534483,7.359394997358322,0.047145110560177894
1935,0.021423615178992668,1.7306481017759832,0.7262767347577815,0.04883370349095845,0.25389023831924107,0.2491833917025862,14.272144809365273,0.041201687386313246
1936,-0.005592641100094494,0.8672794308541178,0.6381994333847427,0.04371652963115133,0.03175758806031777,0.16960196659482757,5.043722331523895,0.1420505170442028
1937,-0.010195239871677586,0.8019648527939462,0.6186263227134765,0.04211594843523509,0.027053786572431474,0.17161402209051724,4.549582868814468,0.01562793178244193
1938,-0.013170615836381511,1.2506714175348228,0.5833305435134917,0.03966084676590752,0.03847956178612455,0.18160695043103448,4.468127623200417,0.08936097765757689
1939,-0.015190387968010016,1.1731795762791086,0.6605893195350363,0.04456938198877561,0.025093881732102783,0.15147662984913793,4.58976186811924,0.07975290456617878
1940,0.03286965972388954,1.7704132619933632,0.5724586721273306,0.03859728835643324,0.39359326032022357,0.23275862068965517,12.738664776086807,-0.015771830537628873
1941,0.005312739712865106,0.9093483200329476,0.5905026790019051,0.04022761533688792,0.08705708504078404,0.18790409482758622,6.792938366532326,-0.07154655267697718
1942,0.008961416623395318,0.9588694346863539,0.6244069165614494,0.04215814443482015,0.0920942027048948,0.21449858566810345,7.059630528092384,0.07858546725045867
1943,-0.004325133424929645,0.8834841572654426,0.6665545479220238,0.045128623664912985,0.04975300294496617,0.18222151131465517,5.947605803608894,0.16540964788687684
1944,-0.009113545403384306,0.9207920643041441,0.6488833460547694,0.04413190518831647,0.030580145995129676,0.16136011584051724,5.624059647321701,0.025275423106960293
1945,-0.010263670316408612,0.7777051023080186,0.5937650105680318,0.040481348403598606,0.021318940966031326,0.1563678609913793,3.861868515610695,0.023762426711524065
1946,0.01435487177698326,1.6754370677995993,0.7514172518740634,0.05161812829672677,0.11463178962479967,0.22369174299568967,18.628544345498085,0.05181200444749123
1947,-0.01343441218109635,0.9663634391803492,0.6875250546997027,0.04648239791972658,0.03316020465306259,0.17219490840517243,7.793838560581207,0.09775733282454868
1948,0.007449318079898527,0.8792344068609068,0.5799779756664553,0.03907586676381494,0.08860496708282473,0.20531384698275862,6.950844928622246,0.06866004400885273
1949,-0.0012724269921512853,1.13160947344312,0.720828723625012,0.04948958726391156,0.03517054796914416,0.19961442618534483,5.475054755806923,0.0940979042545228
1950,0.03364817503812312,2.0621948077762577,0.5640375542756887,0.038636980269725674,0.43939172958558936,0.2290459994612069,15.490570187568665,-0.0498355350421642
1951,0.009063756981487505,0.9222279347162268,0.6377302112220291,0.04358478376117861,0.06330504283445297,0.2057263604525862,8.272410988807678,0.05024239553202914
1952,-0.01222607034981334,0.9230627536057137,0.6236513788622329,0.04175797391292381,0.03404848804354421,0.17465315193965517,4.066994950175285,0.12125341527862954
1953,0.02227934723439676,2.2182387283980236,0.7492383171596289,0.05113111821217452,0.42545909511983404,0.26687095905172414,23.27380181849003,0.1367645066774823
1954,0.005406041930796944,1.2113375416891266,0.6728466522361896,0.04584846435899363,0.10137565054591716,0.20815092941810343,16.696769505739212,0.03240406020655007
1955,0.006229522497653284,1.305884786508521,0.7142549566763531,0.049126988019378905,0.13484999733633546,0.22121666217672414,18.37029719352722,0.1593696123752768
1956,0.02572044037277006,1.5791759292055891,0.5628024588115752,0.038505059769918026,0.19931641247092663,0.23104121767241378,13.44348794221878,0.16494619231754082
1957,0.011617040502265731,5.965904369459515,0.6631533838194559,0.045439125975361136,0.08421221801863774,0.1742238011853448,34.75382214784622,0.07588807379370344
1958,-0.0020976813729387395,2.939181951049187,0.6488952815704832,0.04449062176469111,0.036731480017622525,0.1362725619612069,25.128149330615997,0.0929952640450391
1959,0.009072798787635467,0.6990379739671011,0.6790204697281327,0.045424355434634814,0.17522833410174424,0.2769059806034483,6.4859848618507385,0.06199741604125131
1960,0.005733949731266553,1.666398189939191,0.7329732610508728,0.04997334208846293,0.0906178669369704,0.2616682381465517,20.363560497760773,0.22695954197098966
1961,0.011324877949677393,1.2421322570213993,0.8032071983248514,0.05378950612971045,0.1028260144275766,0.20895070043103448,11.594254270195961,0.16121470185597486
1962,0.05788797934662934,4.058575573426863,0.586744885034254,0.03937363884582934,0.6846077900957441,0.28132576778017243,19.053682953119278,0.028454873668300795
1963,0.012583101659931694,1.2590577070766198,0.7520631073843691,0.04852227408362221,0.13258525636406943,0.24888032058189655,12.244098395109177,-0.12483270179640638
1964,0.0043269611298048126,1.6836756912462465,0.6051241911283083,0.04082515176328619,0.05186598118899463,0.17738921066810343,10.855276808142662,-0.08064918477744243
1965,0.00877000067884651,0.5128795080917639,1.0098425904980015,0.06587432367216275,0.05577485080786165,0.2633182920258621,8.831850230693817,0.20756725412499843
1966,0.024384657732391592,1.3443966402288468,0.9946757078035992,0.06465499754527604,0.14912745023714863,0.280029296875,15.62437018752098,0.04261752427383858
1967,-0.011949211341787965,0.8452441237962297,0.7368122923053282,0.04806093469530941,0.027239247576136057,0.1667985587284483,7.308497324585915,0.1298811065881732
1968,0.019000857974577276,0.9696896099758543,0.6268008356566731,0.04164611135811508,0.23200845513788204,0.24669147359913793,8.992712825536728,0.02902839746464203
1969,-0.003910037323640787,0.9650869061266382,0.6523785818446503,0.04305313756338838,0.030282912134256986,0.17221174568965517,9.706493869423866,0.04886507241842952
1970,-0.003679507005518813,0.9519916079846822,0.5340094245446652,0.03678360390398134,0.039989379903347375,0.19823376885775862,4.820634454488754,0.09370707877160422
1971,-0.002895590267547928,1.0315853883055628,0.5465365288234438,0.03747285710858164,0.03467244285476728,0.16559469288793105,8.191825464367867,0.04900084890153944
1972,0.023166416768173794,3.072205800687163,0.6116572973997307,0.041974091371796626,0.12677524919259298,0.16764884159482757,27.066288024187088,0.06169458943939732
1973,0.000602567699657627,0.9357302305365998,0.5657242172101509,0.038728289146966174,0.04708874076514599,0.18089136584051724,6.699055790901184,0.16686323648323664
1974,0.03657981417633973,2.1170279609981497,0.5789197179706475,0.03921622149691495,0.5700381025776082,0.26975855334051724,15.302901238203049,0.09944071713681368
1975,-0.009468472284044672,1.041476024741689,0.5089031449789532,0.034880737555143135,0.023556755457007215,0.14822703394396552,4.78027506172657,0.0636308541872107
1976,0.015031752859084396,2.213551522298756,0.53682213216645,0.03693495100644987,0.0975195160698898,0.18840079471982757,21.87039503455162,0.050420234021521515
1977,0.009572872959592603,1.1411236039875685,0.5977402203822985,0.03971289588389561,0.10134425087337655,0.1872979525862069,8.457788676023483,0.00127850454079248
1978,-0.007133075260024521,1.2064597625216233,0.5795919874264422,0.038228066347033914,0.03188054633034003,0.1575885641163793,5.98739729821682,0.014931125636315046
1979,-0.013945901114096097,0.6905062129828408,0.9113221077173894,0.05990287416151497,0.024383717639874042,0.1783405172413793,6.968007996678352,0.017992472853447072
1980,0.002082930453171433,1.6664245452213553,0.5398787066487765,0.036334865102644304,0.04379020032113256,0.18866177262931033,8.256120711565018,0.12719538134837194
1981,0.009149041484900913,1.1224097810079927,0.5981566018537854,0.04031174662087809,0.07167715559556798,0.19394867995689655,8.417407900094986,-0.07518398042165675
1982,0.020734789688528585,1.3913288764933671,0.5001878174658215,0.034057524444808765,0.24526456698211668,0.2274885506465517,6.246427088975906,0.10482718410194491
1983,-0.006913408726199346,1.0340137220169014,0.529329169338897,0.03651849594187964,0.025172603764890916,0.15313510237068964,7.850173503160477,0.12098267482300218
1984,-0.006443687677371545,1.3633084017319792,0.4941713738634702,0.033513029448245496,0.0377051356859299,0.18490705818965517,5.974054425954819,0.1167957866352296
1985,0.03201291556700911,3.194309646678223,0.5722454071288634,0.03942314333025411,0.22141242490633145,0.2471797548491379,17.423370137810707,0.09780421385716764
1986,-0.009319386001521445,0.8742934734631695,0.5093969481753716,0.03464597481780279,0.024805296495499313,0.16012257543103448,5.113707542419434,0.16479278343506398
1987,0.0026324247492829243,0.8459971788904678,0.5402998127684064,0.03716765698797646,0.042215597954387556,0.16966089709051724,4.837512582540512,0.11248132073963701
1988,-0.002517977150645956,1.0423434675458627,0.5890486709623565,0.040107042276063806,0.050628076576712464,0.21116480334051724,4.263467326760292,0.0344023310095829
1989,-0.008426294869076624,1.3424906938885086,0.6264666868829809,0.04311809448207391,0.03737515688794653,0.17710297683189655,8.89512848854065,0.08544775620134837
1990,-0.005863638308085842,1.1577275454047187,0.5724958936629171,0.03837588007675374,0.02477080448709879,0.16526636584051724,6.211130440235138,0.0018349281749946433
1991,-0.0014143500826588116,1.1101553021727084,0.5118749508099025,0.0345707512942034,0.0718144187821913,0.16798558728448276,6.172595381736755,0.06154253460729098
1992,-0.008741572383224958,0.85047466486093,0.5016368197739078,0.03423988956710558,0.03430542236110498,0.16729525862068964,4.198511317372322,0.16426303790667873
1993,0.005400456057234534,1.0560989715863365,0.6708775260516644,0.04492246376856188,0.09772332276205101,0.22183122306034483,8.032285898923874,0.08347520561103128
1994,0.010508019832298054,2.4052451070094936,0.569488148636154,0.038946897262058,0.16575929085332847,0.18282765355603448,18.11774703860283,0.02904390187221273
1995,0.04257531023072861,1.3078692719975378,0.7866023557783968,0.05302200497513991,0.5403362910719183,0.287353515625,9.975777298212051,0.19904970748458906
1996,-0.0033423590777424536,0.7451995411585968,0.5422701314142273,0.03695953484979348,0.0383728040178304,0.17498147898706898,5.279760897159576,0.14654878226571122
1997,-0.009185747188604213,0.8916265022243363,0.5663134796999558,0.038074947802598014,0.0237714555791846,0.1600047144396552,5.450740143656731,0.064176248483936
1998,-0.0028580120701922514,0.9959584377324943,0.6657950912104074,0.04452236032072658,0.06901301992441185,0.2309991244612069,10.072434723377228,0.0651590026730835
1999,-0.002574476942122317,0.8276256500461501,0.5630413426643229,0.038162364181418426,0.04524993271114152,0.17867726293103448,4.44728634506464,-0.007249832152576907
