update,reward,throughput_mbps,completion_rate,deadline_miss_rate,retx_drop_rate,retx_overflow_drop,mean_sinr_db,direction_corr,jain,n_arrivals
0,4860.729063158588,38.28813058330143,0.9805865344898802,0.00950020652622883,0.00784799669558034,0,17.31811844639973,0.880769855425721,0.935476762485036,2421
1,3029.716020125364,28.040709507074695,0.8563365828630066,0.08517188301693177,0.05489994869163674,0,2.7462668823236176,0.8748673271480154,0.7376472946530588,1949
2,4726.643364717696,37.74846579228996,0.9687630154102457,0.012078300708038317,0.01749271137026239,0,10.040412743974274,0.8969711163422501,0.9264752271395384,2401
3,3832.2381144298556,32.57246912485757,0.9197936210131332,0.04455909943714822,0.03330206378986867,0,3.615918568651658,0.8936293490667325,0.8401350731316736,2132
4,4613.072852706884,37.1222724360688,0.9664970313825275,0.02205258693808312,0.011450381679389313,0,9.58891196646452,0.8795814262599031,0.898060163208755,2358
5,3436.496724499755,30.354017859654356,0.8921471172962226,0.059145129224652086,0.04671968190854871,0,4.890476602873159,0.8758611664367785,0.7981884775331816,2012
6,3568.447307058693,30.561868371481737,0.9083333333333333,0.05,0.0392156862745098,0,4.406384289082865,0.8638447883230315,0.8278329811650489,2040
7,3527.6645998100416,31.16145376536447,0.8900096061479347,0.053314121037463975,0.05427473583093179,0,5.198307786832881,0.8616022470838502,0.7996023096463539,2082
8,4033.1552062092574,33.444143436972816,0.9377880184331797,0.03732718894009217,0.022119815668202765,0,9.491174022709174,0.8566942569390665,0.8665463802446765,2170
9,4540.980152030568,35.96799169656599,0.9739470256187581,0.02127659574468085,0.004342162396873643,0,10.272614209621223,0.8544132748469743,0.925433629337079,2303
10,4766.763025646427,38.73935229549899,0.9594320486815415,0.025557809330628803,0.01460446247464503,0,21.356787694924456,0.8633326220233313,0.8969347600822767,2465
11,5084.935446819167,39.24865939304083,0.9947874899759422,0.002004811547714515,0.002004811547714515,0,31.223576902135374,0.8393915767914828,0.9625585817414034,2494
12,4374.8661635734925,35.46144459212535,0.9583333333333334,0.027039007092198582,0.012411347517730497,0,17.12536550813343,0.8570689168081188,0.8997076675594836,2256
13,4204.750148394468,34.29265323849991,0.9509536784741145,0.024069028156221618,0.022706630336058128,0,16.750590857288035,0.8510128170494468,0.9035170050268644,2202
14,3412.772033044576,29.958457862182755,0.8919186911254338,0.07882994546355974,0.02478929102627665,0,13.264485619136115,0.8724694058413566,0.757219820185482,2017
15,4116.480868215298,34.35005104687471,0.9324932493249325,0.03555355535553555,0.029252925292529253,0,14.43600204982735,0.8810929590315617,0.8694958243840728,2222
16,3452.4231301244836,30.235049423862428,0.8917322834645669,0.05511811023622047,0.04773622047244094,0,6.351842833255203,0.8712220838007796,0.8123628323240265,2032
17,3486.7968794783264,31.032112394923896,0.8802980903586399,0.040987424312994875,0.0759198882161155,0,8.489766205856979,0.8754127064821753,0.78506533959575,2147
18,3733.3844923825677,31.817245048969596,0.910075329566855,0.04048964218455744,0.046139359698681735,0,7.203910318918569,0.8560990078687603,0.8463533711272169,2124
19,4726.195964097576,37.367687566402836,0.9768128161888702,0.011382799325463743,0.01011804384485666,0,6.2333046687095495,0.8555771964748765,0.9443236325422628,2372
20,4667.557887280169,37.18410647763121,0.9692890197728229,0.013041649137568364,0.01724863273033235,0,13.011184421450315,0.8672015645313371,0.9308282530297426,2377
21,4301.39687354757,35.029608407221914,0.9474605954465849,0.016637478108581436,0.03415061295971979,0,10.104888879064983,0.8683195670474191,0.9028840543729264,2284
22,3884.0559842288276,32.465987318206196,0.9275634995296331,0.03339604891815616,0.03574788334901223,0,7.029769753947503,0.8515709763048719,0.874141852057851,2126
23,4657.3970521881865,37.15445329947805,0.9717586649550706,0.008985879332477536,0.017115960633290545,0,7.475610621710839,0.8774338810447135,0.9502055620759728,2337
24,4738.583641598655,37.77325648307612,0.9704781704781705,0.016216216216216217,0.011642411642411643,0,12.052302538340747,0.8483951133252993,0.9310140077704823,2405
25,4666.858626299805,37.429919881911815,0.9642406394615061,0.014724442574673959,0.016407236011779555,0,9.360732804386313,0.8643190777447741,0.9309569541632974,2377
26,4787.11476643035,37.938899636266775,0.9759535655058044,0.01658374792703151,0.007048092868988391,0,13.130888689222353,0.8515689507203862,0.9399958905308547,2412
27,4978.794407105997,39.10827613443214,0.9881293491608678,0.002046663937781416,0.009414654113794515,0,7.521055506400439,0.8416597489766064,0.9805094528223638,2443
28,4955.330349093925,38.78804961120157,0.9829683698296837,0.007704785077047851,0.0072992700729927005,0,14.618912634989304,0.8338749842591855,0.9565474335917458,2466
29,4479.806851702848,35.88807537338402,0.9643942683456361,0.011723838471558836,0.02344767694311767,0,8.372808036433446,0.8316908075982209,0.9188889480070942,2303
30,4039.346670168116,33.51113136479924,0.9312699135184342,0.030040964952207556,0.03550295857988166,0,5.938146034376517,0.85286280677639,0.8831428622083957,2197
31,3570.676666740334,31.438664275144525,0.8863530507685142,0.058220773171867725,0.05309734513274336,0,8.702685247085215,0.8731082918530061,0.7998175098196451,2147
32,3164.718442979121,29.356434137126616,0.855327468230694,0.06109481915933529,0.0826001955034213,0,5.182052060772309,0.8783778305119695,0.7581437783443474,2046
33,4356.919690043242,35.83271066043584,0.94398965962947,0.034898750538560966,0.01938819474364498,0,14.163721872439751,0.8757181460104975,0.8656145481511688,2321
34,3831.6280120344245,33.04866920169284,0.9082989454378725,0.05135259055479138,0.03897294818890417,0,12.763185760915142,0.8479689301279801,0.8320799618438987,2181
35,4567.967579257029,36.815553527445694,0.9630742808072134,0.0210390725633319,0.012881064834693002,0,22.216822023613997,0.8707974786957478,0.8996856165346355,2329
36,3975.4684807442704,33.50937140518142,0.9260286638927415,0.0319001386962552,0.03975959315765141,0,12.924679612520576,0.8615430237519952,0.8682224478882505,2163
37,4538.767838277058,36.82806916429493,0.955451845566398,0.014000848536274925,0.030123037759864236,0,13.521115827299736,0.852425072722515,0.906991150283979,2357
38,4974.115595381716,39.05904772719007,0.9818401937046005,0.00645682001614205,0.010492332526230832,0,13.891578117148251,0.8531669445722802,0.9582329851756288,2478
39,5657.48674462425,43.852268728136195,0.9974452554744525,0.0,0.00072992700729927,0,15.62986014748966,0.8390418520495927,0.9896368443887351,2740
40,4524.717012924687,36.27590640886897,0.9626929674099486,0.024013722126929673,0.01072041166380789,0,9.502122604427012,0.8551952813487047,0.9227948923287052,2332
41,4568.878335535995,36.91059012198101,0.9565584141712358,0.022775200337410376,0.018135807676086038,0,12.959251753388255,0.8620708281994862,0.9044781652136277,2371
42,4283.628428854622,34.51798369013336,0.9570277529095792,0.022381378692927483,0.018800358102059087,0,7.208315397200269,0.8410181757247545,0.9067412736757148,2234
43,4734.126838006924,37.787225451150434,0.9691666666666666,0.012083333333333333,0.0175,0,8.644515083077811,0.8651635917242982,0.9407081181854456,2400
44,3667.479868721628,32.09902740018787,0.8953542937587987,0.0333176912247771,0.0689816987329892,0,6.615677895445204,0.8492758266936785,0.8341050867525048,2131
45,5037.082912641864,39.839812573080025,0.9808153477218226,0.013988808952837729,0.0031974420463629096,0,12.830593384301876,0.8558544420460892,0.9545140517312887,2502
46,3949.22647503358,33.48670302107341,0.9191548001837391,0.03215434083601286,0.04731281580156178,0,5.284775932462252,0.8604635208033352,0.8778002932491937,2177
47,4699.626992645466,37.73503006324494,0.9672406551868963,0.0125997480050399,0.018479630407391853,0,10.052516731072842,0.8585396565552884,0.9237901910946853,2381
48,3302.821370666508,29.951759536095782,0.8690064260998517,0.06030647553138903,0.06772120612951063,0,6.694767841402252,0.8702071956842804,0.7733460693040649,2023
49,3707.058597999825,31.825038374960545,0.9083175803402647,0.03969754253308128,0.0500945179584121,0,3.0921720772962766,0.8327142314679477,0.8543991780137763,2116
50,3983.2674955323923,33.156309267514764,0.9315257352941176,0.025735294117647058,0.04090073529411765,0,6.292137758625609,0.8537893149678973,0.8756950108398913,2176
51,5225.525784854701,40.777226050724366,0.9887071651090342,0.0019470404984423676,0.007398753894080997,0,20.348891731264285,0.8588616648427128,0.9680053441707528,2568
52,5663.236000191685,43.57968599999996,1.0,0.0,0.0,0,13.98519628938824,0.8439842481514719,0.9912988584601069,2755
53,5635.700111615935,43.72437414767701,0.9934426229508196,0.001092896174863388,0.0025500910746812386,0,16.452780667533546,0.8735510065324911,0.9781618764686504,2745
54,3985.634905925084,33.638497256508785,0.9226244343891403,0.03891402714932127,0.03665158371040724,0,8.5949563289358,0.8672232640939327,0.8542660333916378,2210
55,3261.408344899098,29.463953267461587,0.8679611650485437,0.06067961165048544,0.06747572815533981,0,5.857428150569762,0.8676214161607375,0.7703132434317467,2060
56,4882.639601528664,38.62904374071759,0.9763843648208469,0.012622149837133551,0.009771986970684038,0,14.234268313809055,0.8683431872806604,0.9341378160366774,2456
57,4243.219318044551,34.52697491477894,0.9471111111111111,0.021333333333333333,0.028444444444444446,0,6.132936732725441,0.8532205927024662,0.9110843191374458,2250
58,5302.825778340475,41.45346506827845,0.9866259075277035,0.003439052350019106,0.007642338555598013,0,15.39114626169648,0.8569124381071477,0.971342216631009,2617
59,4649.395395267773,37.460921764392076,0.9612661391087047,0.023323615160349854,0.013744273219491879,0,11.158932575082936,0.8772151585192893,0.9047728216564505,2401
60,5741.291166540684,44.76666583142731,0.9985528219971056,0.000723589001447178,0.000723589001447178,0,18.08826266729524,0.8673170208885163,0.978458071466372,2764
61,4283.935483554576,35.23004526230345,0.9472049689440993,0.03327417923691216,0.01685891748003549,0,12.870788018101678,0.8724363081011738,0.8788535638691924,2254
62,3818.406765189842,32.23550839168247,0.923696682464455,0.04170616113744076,0.032701421800947865,0,7.688201191559008,0.8659448998974446,0.8405505447163694,2110
63,4858.977584610297,38.441593728506135,0.9770773638968482,0.012279983626688497,0.009414654113794515,0,14.02140699967832,0.8674435442673206,0.9312961462236855,2443
64,4281.430882893612,35.158406632216625,0.9415127528583993,0.021547933157431837,0.03386103781882146,0,12.204223035755533,0.8572453735652948,0.8908004709476613,2274
65,5495.337958041001,42.72402754804425,0.9951365506921063,0.0003741114852225963,0.003367003367003367,0,18.826891108747684,0.852723649877952,0.984694994150061,2673
66,5262.34876023327,40.922087160335835,0.9929851909586905,0.0019485580670303975,0.0027279812938425566,0,23.36567360765247,0.8555753506767193,0.9784552738114338,2566
67,5614.338158189212,43.631559327040144,0.9970544918998527,0.0003681885125184094,0.0014727540500736377,0,20.882730802177377,0.8320304564725565,0.9849716719018193,2716
68,4025.421384902223,33.58138178520743,0.9300411522633745,0.023319615912208505,0.04481024234110654,0,8.555102528711565,0.8516580377113734,0.9017003364974346,2187
69,4431.992376720211,35.42764294222291,0.9638607315998237,0.017188188629352136,0.01630674305861613,0,11.230183431311694,0.8549514267372919,0.9247827334851936,2269
70,4913.011667214092,38.928144941997765,0.9791836734693877,0.013469387755102041,0.0069387755102040816,0,10.51259255253408,0.851758203627478,0.9478512948512297,2450
71,4880.2948911909525,38.55520272471095,0.9806902218570255,0.012736236647493838,0.00657354149548069,0,14.014948647720875,0.8566393981967743,0.9553627804381093,2434
72,3298.7296017904523,29.70784791086551,0.8720238095238095,0.04662698412698413,0.07886904761904762,0,2.7449622977232355,0.8675832916311196,0.8143894648957074,2016
73,5093.740426001856,39.967239253158006,0.9860446570972887,0.004784688995215311,0.007177033492822967,0,7.734448624766571,0.8735665296463151,0.957995212568318,2508
74,3962.4367341427946,33.013845502889076,0.9248188405797102,0.035326086956521736,0.036231884057971016,0,7.351170780718697,0.860690224446104,0.8503133615523613,2208
75,2765.9282619090245,26.70240732008062,0.8245614035087719,0.06811145510835913,0.10319917440660474,0,2.63214212870924,0.86560639089558,0.7198260603423847,1938
76,3988.805980178266,33.16088617166036,0.9291231258518855,0.027714675147660156,0.04134484325306679,0,6.028037873199513,0.8468668330014119,0.8542389051210328,2201
77,4978.233674451472,39.370364264078916,0.9798387096774194,0.010483870967741936,0.009274193548387096,0,15.061959995288333,0.8701075203417001,0.9451538041892948,2480
78,4114.085455591875,33.86347881266053,0.9402917046490429,0.03099361896080219,0.02552415679124886,0,9.997672556289462,0.8532329128905876,0.8855777005927967,2194
79,4025.365335910556,33.412761948352355,0.9323034984098137,0.028169014084507043,0.0372557928214448,0,8.368306299467145,0.8549482320258444,0.852774305072171,2201
80,3180.84849027814,29.250998596282297,0.8597948216902784,0.06839276990718124,0.06936980947728383,0,3.8191894844836045,0.8723968238024079,0.7396804025905551,2047
81,3495.19640170522,30.82506243125528,0.8894787644787645,0.03667953667953668,0.07094594594594594,0,5.05677298990043,0.8687203549302307,0.8297986999718908,2072
82,3200.1806859869,29.2363334569813,0.8604073522106309,0.04719324391455539,0.08792846497764531,0,3.0235084359460256,0.8660997522475266,0.7978356635515798,2013
83,4723.174203200894,37.95343360671502,0.9589263928426189,0.015453436356242375,0.023180154534363562,0,11.317635107718921,0.8668509146159996,0.9021966126284007,2459
84,4457.135408097459,35.902306707929704,0.9584775086505191,0.020761245674740483,0.019463667820069204,0,9.846862947253598,0.8280562639470492,0.9346032703966044,2312
85,5110.093936768103,40.17278467556791,0.9796477495107632,0.00821917808219178,0.010567514677103719,0,16.060088738756498,0.8462717864408376,0.9524168241377914,2555
86,3688.4859746527195,31.777795723890485,0.9036654135338346,0.03618421052631579,0.05827067669172932,0,7.518907403961235,0.8491324238601174,0.8258997363059137,2128
87,5295.524821033388,41.092941542582686,0.9907904834996163,0.0015349194167306216,0.006523407521105142,0,18.683234152712682,0.8530950091203088,0.9703826928215399,2606
88,4607.01832245788,36.810655923825806,0.9719464825205006,0.011221406991799741,0.01640051791109193,0,8.913127882063957,0.8351803962879255,0.9380440075837679,2317
89,4687.723357799689,37.37822609557736,0.9718487394957983,0.015966386554621848,0.01134453781512605,0,7.508829694271714,0.8788304437522313,0.9263626392724877,2380
90,3601.7448991754095,31.615458419910247,0.8895053166897827,0.0425335182616736,0.0651872399445215,0,4.878254182411041,0.878938491599163,0.7913891999259486,2163
91,2608.6831545314312,26.126288995543977,0.8070356958096223,0.0900155199172271,0.09984480082772892,0,2.2436060551150865,0.8690534317195475,0.6723030254668183,1933
92,3073.5334447342566,28.531705014862776,0.8497023809523809,0.05009920634920635,0.09672619047619048,0,2.260878765507448,0.9192879129832618,0.7809133528239834,2016
93,3047.908790727753,28.119409011746807,0.8524836929252383,0.0672353236327145,0.0772704465629704,0,5.337737947438445,0.8584194648747743,0.752404922238016,1993
94,4604.329784135496,37.07984275022158,0.960470984020185,0.01892346509671993,0.01892346509671993,0,10.009371985394962,0.8755647604941159,0.910834175167663,2378
95,5303.790793238586,41.17968297581336,0.9961119751166407,0.0011664074650077762,0.0011664074650077762,0,14.314568723924491,0.8520983572923931,0.9830338164674844,2572
96,4899.4828560055,38.44017083510201,0.9875156054931336,0.004161464835622139,0.007906783187682065,0,13.282308560817267,0.84388593728329,0.9720463896932771,2403
97,5412.422697514789,42.25989192693014,0.9916981132075472,0.004528301886792453,0.0033962264150943396,0,20.776599835236446,0.8569950371049032,0.9580641763344155,2650
98,4969.548158949818,38.82792201269172,0.9873417721518988,0.0028583095140873828,0.00898325847284606,0,11.584743276860046,0.8652438257880184,0.966429248183429,2449
99,4271.12028228771,35.25233636480658,0.9385085041430441,0.02311382468382032,0.03532490187527257,0,9.814152159085886,0.8776014968673923,0.8780001811810311,2293
100,3203.7954964190285,29.13729012686738,0.8634558093346574,0.06852035749751738,0.06355511420059583,0,4.711242660009802,0.8588484055131463,0.7698078626847872,2014
101,5240.253834323095,41.31704827321299,0.9826522744795683,0.00963762528912876,0.005782575173477255,0,20.87022036681333,0.8761454968281339,0.9489870388421168,2594
102,4351.171976793431,35.71509176326253,0.9430406852248394,0.023126338329764455,0.032119914346895075,0,8.595018788147339,0.8705230686412271,0.8853312517987393,2335
103,4731.151609530256,37.514088048281145,0.9745409015025042,0.011686143572621035,0.01335559265442404,0,11.382952434447063,0.8350804652284743,0.9389442917312644,2396
104,4183.502288951212,34.54464813538592,0.9352864013992129,0.031919545255793616,0.030170529077393964,0,10.175287261466162,0.8640626722084879,0.8639567375560672,2287
105,4241.071166085529,35.07460449130159,0.9370904325032765,0.03407601572739188,0.025775447793796417,0,7.088778115146218,0.8612979577175544,0.8808200537234636,2289
106,5442.491869146189,42.08430281356638,0.9962264150943396,0.0011320754716981133,0.0011320754716981133,0,16.15322767191956,0.8568221619971117,0.9759954265208193,2650
107,3855.0663576146558,32.52332384813121,0.9217065166432254,0.04547585560243788,0.029535864978902954,0,4.6076813897181985,0.8665523653055398,0.8480505662158528,2133
108,3785.4221333948026,32.172212685729455,0.9153414405986904,0.04303086997193639,0.03835360149672591,0,5.665058515886083,0.834418840764974,0.8303342122349798,2138
109,3993.0392856440794,33.35307852835207,0.9245709123757905,0.032520325203252036,0.03974706413730804,0,7.446068616858545,0.8594195683157716,0.8532187566751219,2214
110,4077.9422831521206,33.587369000693066,0.9359853680841335,0.023319615912208505,0.037494284407864654,0,4.83127542134866,0.8565560080657999,0.9157989190152047,2187
111,4259.443680146492,35.151717056623966,0.9385085041430441,0.024858264282599216,0.033580462276493674,0,10.610432245277295,0.867768494169935,0.8688932026299283,2293
112,4821.0622708974515,38.510072667359196,0.9693376941946035,0.01349141455437449,0.01553556827473426,0,9.598641462135095,0.8675301779823494,0.924946278334265,2446
113,4416.9810069923715,36.42330991933627,0.9460154241645244,0.023993144815766924,0.02956298200514139,0,15.336576180728356,0.8612406673504264,0.8738278767407108,2334
114,4745.005351050675,38.3685552891714,0.9620774938169827,0.01483924154987634,0.021846661170651278,0,12.915087168525147,0.8725503031434764,0.915939307850176,2426
115,3858.674348060813,32.97023256827027,0.9135460009246417,0.03559870550161812,0.04854368932038835,0,8.893848273454777,0.8609413697012375,0.8501576623577348,2163
116,4009.0412247783556,33.66376219471427,0.9257425742574258,0.0423042304230423,0.030153015301530153,0,8.32932398634427,0.8692943983212168,0.837922667269056,2222
117,3395.7554890281444,30.129873918830377,0.8826951042171595,0.04459524963645177,0.0698012603005332,0,3.8347115581189692,0.8795755328651398,0.8045239242225233,2063
118,2977.000270415328,27.22969800619729,0.8606471816283925,0.0824634655532359,0.05271398747390397,0,6.640394560730652,0.8800117333590138,0.7153795762902494,1916
119,3065.0210198981185,28.13605267009756,0.855716425361957,0.05791313030454318,0.08337493759360959,0,2.1841039685181567,0.8922223165036381,0.7639056202400288,2003
120,3880.576009043847,32.879824512284834,0.9162812210915818,0.03654024051803885,0.04440333024976873,0,8.47139623737105,0.8598074358465192,0.855350081957934,2162
121,4264.425405050553,35.033943702162475,0.9412276882890727,0.030474531998258596,0.026121027427078797,0,8.3957645681318,0.8574757613069574,0.8694480497297008,2297
122,3695.359514737438,31.53395199626216,0.9083683964469378,0.04581580177653109,0.043478260869565216,0,4.487365010051015,0.8822610021459373,0.8097239446456457,2139
123,5156.085997627453,40.53262797209161,0.9824698091156993,0.01168679392286716,0.00506427736657577,0,12.892107865440487,0.873718023580713,0.9477662069808973,2567
124,4014.0884863983247,33.74358568336349,0.9281164695177434,0.0373066424021838,0.033212010919017286,0,8.206544345958998,0.8902350944752628,0.8447711856859743,2198
125,3199.9916998772546,28.94948090047086,0.8660496833901608,0.06624452021432051,0.06429615197272284,0,6.32994784454639,0.8659810728927749,0.7434530613945037,2053
126,3930.4185509459085,33.01726152993173,0.9203259393390675,0.033952014486192846,0.04300588501584427,0,7.381891358882509,0.8683944177219025,0.8356398011045919,2209
127,4259.848054855931,35.52549174607835,0.9310047434238896,0.029322984044846918,0.03708495040965933,0,12.203885750197456,0.8630488836758691,0.857514945856768,2319
128,3217.6988179370665,29.082913363452725,0.8696083292017849,0.06593951412989589,0.05999008428358949,0,4.040886558679652,0.8672442804838766,0.748366257376261,2017
129,4301.5701123497165,35.44865319574725,0.9425690486628672,0.02498903989478299,0.029811486190267425,0,11.929446682814849,0.8695064879165832,0.8948953093087303,2281
130,3845.439157262465,33.13650938858935,0.9098890942698706,0.03835489833641405,0.050369685767097966,0,6.509905832961617,0.885654441682331,0.8600153185469241,2164
131,3573.3983313257686,31.544790485157044,0.8902612826603326,0.056532066508313536,0.0503562945368171,0,8.264937784006758,0.8801950376099739,0.7892561327832326,2105
132,2700.534191126013,26.111333171516105,0.8290508652333508,0.10068169900367069,0.06869428421604615,0,5.736731293047379,0.8823941286949512,0.6436783162283926,1907
133,2284.31725977629,23.148430564641306,0.7967342342342343,0.10754504504504504,0.09234234234234234,0,0.9105175955360545,0.865980379034244,0.650492069034602,1776
134,3529.7832153933246,31.14398228303693,0.8881086142322098,0.05711610486891386,0.052434456928838954,0,3.7572821959060967,0.893961310609688,0.7722462014708725,2136
135,4052.985432054906,33.887139139290994,0.9314697926059513,0.03967538322813345,0.02660054102795311,0,10.306619393744946,0.8754430625788984,0.8260978050851574,2218
136,5564.746751027114,43.18468993380007,0.9981426448736999,0.0,0.001114413075780089,0,22.447876157479968,0.8792734615345515,0.9834191062266873,2692
137,5545.997759575396,42.95677999999995,0.9996271439224459,0.0,0.0,0,16.90234139345123,0.8504763962235365,0.992654676400006,2682
138,4549.992854494004,36.44757638983589,0.9671848013816926,0.018134715025906734,0.012521588946459413,0,11.90164690593994,0.8221461559826774,0.9225314993679459,2316
139,4340.429178393435,35.3539043026353,0.9471649484536082,0.023625429553264604,0.028350515463917526,0,6.612272358424721,0.8665886900575891,0.8768601932943362,2328
140,4529.813014713296,36.30266458928811,0.9622155431515672,0.017174753112924,0.018892228424216402,0,12.612732798431601,0.8634030692229319,0.922415310606789,2329
141,3512.790891031994,31.251735238852962,0.8784165881244109,0.043355325164938736,0.07445805843543826,0,4.167175534525043,0.850759542627697,0.8401779474738716,2122
142,2623.641969042683,25.931874285815997,0.8139784946236559,0.1010752688172043,0.07956989247311828,0,0.9967885576148889,0.8815265610482624,0.7069801200102822,1860
143,5808.4530718000715,44.81291343809429,0.9975256274301874,0.0003534817956875221,0.0010604453870625664,0,21.68323501656723,0.853052965338249,0.9846774447500836,2829
144,4728.600559110159,37.73309301482532,0.9683333333333334,0.01,0.019583333333333335,0,8.357204737273324,0.8662785388161492,0.9184965004738661,2400
145,3719.4587467894335,32.17368930857449,0.9026752767527675,0.0507380073800738,0.04381918819188192,0,5.9007122647951435,0.8541527554003215,0.808769796824774,2168
146,4473.736763478509,36.14157624816332,0.957136733819117,0.017573939134162022,0.02357479639948564,0,6.598371084678957,0.8595574692650632,0.8923322007170716,2333
147,4288.848745913615,35.01227094851464,0.9522321428571429,0.025892857142857145,0.019642857142857142,0,9.4435692682452,0.8533178092510906,0.898772866741502,2240
148,5590.472863453387,43.31758925542392,0.9981536189069424,0.0011078286558345643,0.0007385524372230429,0,22.264458876548623,0.861364064328727,0.9771262414322899,2708
149,5029.829237375416,39.377779168400785,0.9867042707493956,0.00684931506849315,0.0056406124093473006,0,10.048377737066854,0.8630849874465987,0.9658687842219449,2482
150,5096.066415067665,40.11062752407109,0.9833333333333333,0.0035714285714285713,0.011507936507936509,0,15.388040554730523,0.8649699315711489,0.9475401036698334,2520
151,4336.684995171387,35.34785800952326,0.9467762873215059,0.018606663781912593,0.032453483340545215,0,8.157430439744914,0.8792830370139995,0.8938356032222017,2311
152,3591.9088435624863,31.535924776174973,0.8934154429180483,0.037896731406916156,0.06679298910468973,0,8.120528421623,0.8772007626419074,0.7901386632586367,2111
153,3763.5890012704203,32.34153827408206,0.9076492537313433,0.03731343283582089,0.052705223880597014,0,6.916736120652392,0.8625789508744843,0.8288134851659467,2144
154,4716.949242196076,37.67872685406185,0.9694688414889168,0.015056461731493099,0.013801756587202008,0,8.817496844594714,0.8770359471920295,0.9252289201393554,2391
155,5081.956489441155,39.53944481736983,0.9911964785914366,0.003601440576230492,0.004801920768307323,0,18.05954178170697,0.8729351093364068,0.9573646088598683,2499
156,4295.397287475145,35.29376015932006,0.9454225352112676,0.022887323943661973,0.02992957746478873,0,10.469581820675335,0.8514030052781415,0.910264594600404,2272
157,3720.74088993226,31.812850683841443,0.9085768143261075,0.04147031102733271,0.046182846371347785,0,10.873117221526565,0.8569366590783325,0.8431470381305168,2122
158,4600.498150343466,36.58183762912402,0.967551622418879,0.01685630004214075,0.014749262536873156,0,14.010445559039674,0.852243370585864,0.9113658680127867,2373
159,4768.027760337371,38.738747751774724,0.9556451612903226,0.02217741935483871,0.01935483870967742,0,11.718908711675668,0.868159023342822,0.8898136578545118,2480
160,4111.529167003413,33.65466571086113,0.9452621895124195,0.018859245630174794,0.03357865685372585,0,2.9899603023444596,0.8587306516923179,0.9197232724940382,2174
161,3362.5035092717444,30.052313929012573,0.8768783325254483,0.05428986912263694,0.06495395055744062,0,8.049731712783013,0.8692215957165735,0.7497747304399202,2063
162,3949.618624092063,33.36114110026318,0.9209809264305178,0.031335149863760216,0.04495912806539509,0,7.116839282956541,0.880642664061646,0.846272498842553,2202
163,3451.7883486862415,30.5819578132956,0.8823246878001921,0.060038424591738714,0.052833813640730067,0,6.646030151657815,0.8770494913467557,0.7716323726900073,2082
164,5242.980228789286,41.292881230466996,0.9852312475709288,0.006218422075398368,0.006218422075398368,0,18.286141964627113,0.8788721926656008,0.9638858751923364,2573
165,3653.2591738828974,31.465279173966906,0.9054441260744985,0.033428844317096466,0.059694364851957976,0,3.7216809962023376,0.8748463360533848,0.8529470563423951,2094
166,4270.151156700635,34.737859353629425,0.9480176211453745,0.022466960352422908,0.028634361233480177,0,9.733607438209434,0.8627744054192968,0.8970590985244242,2270
167,4952.8136824542435,38.80380769355667,0.9861394211169996,0.007337953526294333,0.005299633102323685,0,23.438521976177817,0.8319364512130337,0.9487520611423602,2453
168,3859.9291644952464,32.90287489074179,0.9140480591497228,0.030961182994454713,0.05129390018484288,0,8.174174070380483,0.8262500496320807,0.865171338034223,2164
169,4039.820708163757,33.48135109556905,0.9351425942962281,0.027598896044158234,0.03357865685372585,0,4.419318785074184,0.8324946265677059,0.9022442769697617,2174
170,5365.357159831907,41.78655189390362,0.9931218952999618,0.0022927015666794038,0.004203286205578907,0,17.08907052280024,0.8469960020680222,0.9679141541455787,2617
171,5481.422345283211,42.453380635540725,0.9969890854347008,0.0,0.0015054572826496049,0,22.695668988466558,0.8396838661030401,0.9872686460147503,2657
172,4692.600796278079,37.388464720762734,0.9719983029274502,0.01103097157403479,0.014849384811200678,0,6.641489680675693,0.8455509413928249,0.9401818899208663,2357
173,5500.952402274045,42.53993127638475,0.9973880597014926,0.00037313432835820896,0.002238805970149254,0,14.339131036661371,0.8364788372261741,0.987501373416068,2680
174,4139.556945146118,34.489801525909805,0.9295774647887324,0.03345070422535211,0.03389084507042254,0,13.135562464700165,0.8564113867889112,0.8692373030157294,2272
175,5457.204281197248,42.476420055945816,0.9950998869204674,0.0018846588767433095,0.003015454202789295,0,25.14268090438902,0.8645132104387879,0.9721369535543488,2653
176,4027.7770769893677,33.728412423709294,0.9257759784075573,0.023391812865497075,0.049032838506522715,0,11.487163009763254,0.8603249486629296,0.8601469689915333,2223
177,5238.637507134314,40.944066947425256,0.990234375,0.00234375,0.005859375,0,11.351934479898667,0.8453966645025434,0.9708336194097581,2560
178,5451.698648800987,42.44235610637139,0.9947229551451188,0.002638522427440633,0.0022615906520919715,0,11.742578635932952,0.8380148341916754,0.9682342004495346,2653
179,5634.729846922816,43.6329097811211,0.9981671554252199,0.0,0.0007331378299120235,0,26.55527275089314,0.8445875481371141,0.9915635968362038,2728
180,5174.9150104595465,40.346323947606734,0.988198269079465,0.004327301337529505,0.004720692368214005,0,12.370369341947194,0.8551436840198926,0.968023247664812,2542
181,4390.335440807097,35.330601763375356,0.9564459930313589,0.02003484320557491,0.020905923344947737,0,9.513854987235078,0.8489070622961976,0.9123932462622353,2296
182,3458.8089953607064,30.677818712120093,0.8837994214079075,0.07184185149469624,0.04001928640308582,0,5.681847160002037,0.8906505930762555,0.7619586879018838,2074
183,3728.1752441890994,31.81341229119803,0.9117234936945353,0.046707146193367584,0.03923400280242877,0,5.587365285388702,0.8684546262146365,0.8217823400733097,2141
184,3930.1185523081676,32.75463297351685,0.9280408542246983,0.035283194057567316,0.034354688950789226,0,4.223586744190793,0.8986870735561737,0.8593713789008952,2154
185,2639.278854988482,25.635916004748804,0.8221281101111699,0.10958178930651138,0.06511381683430387,0,1.3549096506569387,0.8944167314143481,0.6656455584466401,1889
186,3415.249673087846,30.021670447489964,0.8834443387250238,0.03853472882968601,0.0746907706945766,0,2.1497652083771905,0.8753669240221204,0.7886328454831283,2102
187,4948.92232532172,39.29550449601962,0.976706827309237,0.01325301204819277,0.009236947791164659,0,10.870074059384013,0.8568133640386769,0.9298151430942786,2490
188,4771.876840975567,37.631280765274084,0.9793771043771043,0.007996632996632997,0.010521885521885523,0,13.05348289681267,0.8456211675927677,0.960637119842129,2376
189,4418.967371164715,35.76116337371705,0.9548218940052129,0.017810599478714162,0.025629887054735012,0,14.022948458535412,0.8696155905444609,0.902234798204094,2302
190,5995.385514400936,46.28081060567053,0.998281196287384,0.0,0.0,0,37.595883864250965,0.8482035935746075,0.9892252698060185,2909
191,4849.758752161625,38.52477763645851,0.9750102417042196,0.017206063088897994,0.0061450225317492835,0,14.147361915772867,0.8439021196946523,0.934616209331255,2441
192,4182.526781138631,34.62171291644882,0.9383928571428571,0.03125,0.028125,0,8.239156387250116,0.854457260832068,0.8821530061170446,2240
193,3814.728726519798,32.475949781673265,0.9112128146453089,0.031578947368421054,0.05537757437070938,0,6.6757183559721165,0.8560422324595485,0.8420486593809506,2185
194,4217.801508724011,34.88520312804231,0.9404709018214127,0.029320302087960905,0.028876055086628164,0,13.939166269811192,0.8504817809598614,0.8827171453426101,2251
195,5522.000614588517,42.9858515798744,0.9947877885331348,0.0011169024571854058,0.0033507073715562173,0,16.798660047464033,0.8712751115320339,0.9684149798760232,2686
196,4650.311617159305,37.07760207647514,0.9746889746889746,0.009438009438009438,0.015873015873015872,0,12.005253618871741,0.8619006291944251,0.9473415450647211,2331
197,3062.6725012642146,28.07024681489645,0.861838726245506,0.06882383153569595,0.06728299948638931,0,4.011036967944809,0.853643997942138,0.7503370037041103,1947
198,4820.7581476751275,38.09774674114026,0.9799498746867168,0.007101086048454469,0.010442773600668337,0,15.221836108833564,0.8787145059150371,0.9552455985967864,2394
199,5017.418136928472,39.58916277248093,0.9792249300838993,0.007191370355573312,0.011985617259288853,0,17.388471838766264,0.8509128784882669,0.9422807917862599,2503
200,3972.9104335349098,33.85328109009715,0.913800803930326,0.0321572130415364,0.05180884323358642,0,10.790691121968027,0.8427545142189415,0.8564404422312205,2239
201,4101.608412616344,33.88210710740468,0.9359318996415771,0.023745519713261647,0.03808243727598566,0,9.350541698146554,0.8554967774199311,0.8849424009623075,2232
202,3982.1729488600763,33.24153701442304,0.9272311212814646,0.021510297482837528,0.04851258581235698,0,6.790472568117259,0.8465227243977477,0.8986718372676691,2185
203,4956.978538291962,38.95074761708645,0.9825132167547783,0.0073200488003253355,0.00854005693371289,0,13.840906951511723,0.840135722747378,0.9654437146000687,2459
204,5877.033158228792,45.59757567747102,0.9989436619718309,0.0,0.0007042253521126761,0,17.39700261714094,0.8781926589534736,0.9870891839631332,2840
205,5339.16559986393,41.37312514166026,0.9938579654510556,0.0007677543186180423,0.00345489443378119,0,13.785595351764135,0.8610424309760084,0.983323110864766,2605
206,5640.3013633662395,43.573918739444274,0.9974415204678363,0.0,0.0007309941520467836,0,34.98695243356194,0.8669495168832237,0.9889439623837145,2736
207,4553.763980683392,36.8253711506348,0.9584921643371452,0.021601016518424398,0.018212621770436255,0,16.711795599639004,0.8575578621911928,0.9185170055598545,2361
208,5252.519294821892,41.14488441664337,0.9917936694021102,0.0035169988276670576,0.004689331770222743,0,25.8275138597752,0.8442150774752468,0.9652119468071149,2559
209,4848.101526805406,38.57128174827726,0.9689390883420734,0.01734570391286809,0.010891488503428802,0,13.84123827462209,0.8527106839753948,0.9056922025669081,2479
210,4852.597889324839,38.534893866714256,0.9776304888152444,0.009113504556752278,0.011184755592377795,0,20.44312881675129,0.8481660128749233,0.9387037742238594,2414
211,4295.317380534873,35.27365659640544,0.9436681222707424,0.021397379912663755,0.033624454148471615,0,10.287059369711233,0.8825708341043464,0.8957707808188582,2290
212,4204.210236981633,35.21738451147871,0.9265779304422499,0.03349076857020181,0.038213825676255905,0,10.19632111077126,0.8647688129104382,0.8556747782166251,2329
213,3193.130096323424,28.95109366601416,0.8632603406326034,0.044282238442822384,0.08905109489051095,0,1.5313106609572804,0.867014857447082,0.7654117477655634,2055
214,3606.2707342074305,31.885475370634577,0.8868188169538892,0.04191895668374476,0.0680018630647415,0,2.3913931981457397,0.870155577287243,0.8212934499917229,2147
215,4033.675194687688,34.234481703859714,0.9191470457574411,0.03820524211461573,0.041314971123944916,0,7.532776252878717,0.8573382794647594,0.8407184912903135,2251
216,4722.147317922601,37.63361024903216,0.9712380158399333,0.013338891204668612,0.014589412255106295,0,12.564343856163712,0.8695949601171074,0.9248071316010724,2399
217,4010.275789562322,33.98751037072018,0.9177101967799642,0.026386404293381037,0.052772808586762074,0,11.340134266482044,0.8557115420327115,0.8562007743813103,2236
218,4547.51008315311,36.74398538734981,0.9574829931972789,0.016581632653061226,0.02423469387755102,0,11.933670552358501,0.8701509050621226,0.9287967170945494,2352
219,4989.7402829638595,39.29311284925734,0.9795180722891567,0.005622489959839358,0.013654618473895583,0,9.412032576126602,0.8751228837909931,0.9623328848677882,2490
220,2918.599209015326,27.44012846206081,0.8417559979581419,0.09290454313425217,0.06125574272588055,0,7.935379732536275,0.8793468701891655,0.6899390769902295,1959
221,2477.567388308508,25.425278349299067,0.7957157784743991,0.09561128526645768,0.10658307210031348,0,1.4104203078817896,0.8981207117769634,0.6405215318148746,1914
222,5561.7799206648915,43.122072199883114,0.9955654101995566,0.0007390983000739098,0.0022172949002217295,0,14.412600337873648,0.8326011245815155,0.9864463132437338,2706
223,4231.858697290033,34.91197810136193,0.943100358422939,0.01881720430107527,0.03539426523297491,0,5.0599840617769765,0.8759223313792122,0.9133598086923176,2232
224,4184.822419732497,34.21566444756853,0.95,0.02909090909090909,0.020454545454545454,0,8.57717979395623,0.8543715954185458,0.8953196206354764,2200
225,4042.1210512490916,33.5303403968301,0.932579185520362,0.03076923076923077,0.034389140271493215,0,6.866592330777804,0.8741591454595194,0.8614905931567413,2210
226,4185.328299476631,34.22964080150666,0.9442959001782532,0.025846702317290554,0.0285204991087344,0,6.806306983890157,0.884291874424096,0.8881172926239143,2244
227,3932.943550275192,33.31102513879232,0.915673289183223,0.039293598233995586,0.04415011037527594,0,3.1989546227971513,0.8985976396149561,0.8123555426341622,2265
228,3671.49806589313,31.7661579863632,0.901434521055067,0.04951411383618695,0.04627487274409996,0,5.393069460467286,0.8978558802200881,0.7869816929988305,2161
229,4058.705152122105,33.42885147423914,0.9372156505914467,0.039126478616924476,0.020473157415832575,0,8.77276410598831,0.8814554839272045,0.8541560397726969,2198
230,3040.121471747528,27.77115342567455,0.8608430675469781,0.08633824276282377,0.04926358557643474,0,2.4416734993014275,0.8927780724685943,0.692094790757579,1969
231,4257.674248983553,35.48770566040954,0.930752688172043,0.02838709677419355,0.03870967741935484,0,15.90792350924064,0.8652221047720977,0.8775304623457896,2325
232,4705.2251820332685,37.12550573155421,0.9791222837665104,0.007669365146996165,0.011930123561994035,0,13.198342678343131,0.8417439512078108,0.9463559561769079,2347
233,3782.375000578363,32.57177312195672,0.9092159559834938,0.048143053645116916,0.041723979825768,0,4.498846348764248,0.8631301302036847,0.8071928457370021,2181
234,5144.897597737744,40.05486971776846,0.9920571882446386,0.0019857029388403494,0.005957108816521049,0,10.723338619371876,0.8527058499247501,0.9675754449920426,2518
235,4013.9444072295,33.086507660893474,0.9452641599238458,0.0318895763921942,0.020466444550214184,0,3.315831040417958,0.8579802555621174,0.894788384915291,2101
236,2837.587185592089,26.606078448801934,0.845781837721655,0.09725953788285868,0.052659860290166574,0,1.0023858584039218,0.8673411089948235,0.7333331698808535,1861
237,4856.57290630097,39.04947708226083,0.964616003216727,0.021712907117008445,0.012464817048652996,0,12.521373130758292,0.8618454103934985,0.9146202720604245,2487
238,5228.992785459426,40.806856590119004,0.9890625,0.001953125,0.005859375,0,17.760293563805114,0.8631627390071414,0.967510631667008,2560
239,4762.329028692474,37.49212504954124,0.9818181818181818,0.0054968287526427064,0.011416490486257928,0,9.887579781747078,0.860825776419512,0.9613274686331765,2365
240,5183.2230841184155,40.74749288305688,0.983984375,0.00859375,0.005859375,0,20.716443407995836,0.8658071568753662,0.939347133705136,2560
241,4492.504651924376,36.484353705485134,0.9558508358336906,0.016716673810544362,0.02571795970852979,0,13.810524209400477,0.8625048835268058,0.8979213083460535,2333
242,3552.3406500005967,30.970993658904046,0.8938520653218059,0.04178674351585014,0.06147934678194044,0,7.719802783802264,0.8736232271432857,0.8175635217596188,2082
243,5600.652686844286,43.310249476408025,0.9970588235294118,0.0,0.0014705882352941176,0,18.317901465882976,0.8639839408996005,0.9799228583266482,2720
244,4729.674370308286,37.73295360880396,0.9668187474077147,0.010783907092492741,0.02073828287017835,0,16.845385577532973,0.8535825938987759,0.9322274569859069,2411
245,4943.633620784365,38.84399416990564,0.9840556009811938,0.004497138184791497,0.01062959934587081,0,22.073858695597405,0.8686097106501799,0.9659143042641768,2446
246,5740.188750949806,44.30890298481156,0.9978525411596277,0.00035790980672870435,0.00035790980672870435,0,18.5376297236964,0.8495827752813851,0.9912426397800735,2794
247,3244.4258793373274,29.21651014966654,0.8708873379860419,0.0613160518444666,0.06331006979062812,0,4.261722498915948,0.8627296538962569,0.7681780171010916,2006
248,4091.046311595074,34.056485463823705,0.9341749323715058,0.031559963931469794,0.032010820559062216,0,5.869081826151948,0.8520423981770509,0.888171007832943,2218
249,3570.267503674115,31.009145618250418,0.8937381404174574,0.04411764705882353,0.058823529411764705,0,5.522366156729712,0.8558709727692401,0.8179116896298365,2108
250,3933.483501449373,32.91410500072305,0.9284395198522623,0.030009233610341645,0.04016620498614958,0,5.269656175531924,0.8567609010318213,0.8642643038630854,2166
251,3326.9811078739463,30.03326932068039,0.8724137931034482,0.046798029556650245,0.07733990147783251,0,3.896020019549188,0.8788468904435062,0.8074544360284412,2030
252,2419.0589241135094,25.11021744664347,0.7878140032068413,0.10315339390700161,0.10582576162479958,0,4.947817953369929,0.8772944114966496,0.6643301926670219,1871
253,4582.596283336758,36.55268943313083,0.9668226286686517,0.017014036580178648,0.01446193109315185,0,11.004955771712401,0.8642753938556136,0.9183520567018554,2351
254,4753.960728413827,37.7625572614869,0.9746514575411914,0.0038022813688212928,0.017321504013519222,0,6.005163919549593,0.8625472469632306,0.9564172388445975,2367
255,4693.074906222534,37.351052855795785,0.967983367983368,0.01288981288981289,0.018295218295218296,0,11.845745433447142,0.8514209438360535,0.9210958261251129,2405
256,3210.659704032785,29.348271745309603,0.8636137381781981,0.06072672971627675,0.07117969138875062,0,3.4285482523167077,0.8480412752024606,0.7865726566213561,2009
257,4644.831143175355,37.052171062929354,0.9662162162162162,0.008445945945945946,0.02364864864864865,0,10.13943351259422,0.8399176452711852,0.9408544927505049,2368
258,3902.4334492268663,33.089050431874455,0.9151846785225718,0.027359781121751026,0.05426356589147287,0,5.803951722432414,0.8544201046737705,0.8732937411527675,2193
259,3347.149563128234,30.341718710003082,0.8678351492183799,0.04831833254381809,0.08147797252486973,0,2.4518508618419528,0.8714652785968452,0.7769263188800352,2111
260,5371.190016047203,41.58728700229555,0.9984609465178915,0.0007695267410542517,0.0007695267410542517,0,17.908873018410794,0.859303718320383,0.9781701542642325,2599
261,5246.071692810767,40.902539779701335,0.9902761571373007,0.0027226760015558148,0.005056398288603656,0,20.9176467971252,0.8662904202008931,0.9690903419435936,2571
262,5218.217253206947,40.63111263730608,0.9913860610806577,0.003523884103367267,0.003523884103367267,0,23.40511962567023,0.8344744949059013,0.9727483395144254,2554
263,4710.409434021753,37.725564363001084,0.968267223382046,0.01127348643006263,0.019206680584551147,0,19.746330950263093,0.8576930855446482,0.9175580650875287,2395
264,3714.841263654285,32.15682465919691,0.9031061659712564,0.04775150672229949,0.04728789986091794,0,9.30283813080136,0.8646675963109735,0.8200921235646356,2157
265,4681.654845387415,37.65973784060967,0.9649854105877449,0.016673614005835766,0.01792413505627345,0,18.67646312802553,0.8647605482004408,0.9125723095608043,2399
266,2392.5125793680922,24.50351713576475,0.7959977765425236,0.12229016120066703,0.07726514730405781,0,3.303490407269056,0.8956013807386767,0.66564291508221,1799
267,3965.961524847648,32.99694960160151,0.9310978410656867,0.03123564538355535,0.03674781809830041,0,7.366178498958259,0.8521524927725117,0.8597598817324152,2177
268,3303.662086362754,29.599838868393,0.8756730298580518,0.05237395986294665,0.06999510523739598,0,4.897677960010174,0.8716066340112943,0.7702710604449008,2043
269,5538.331245375745,42.7981565211984,0.996662958843159,0.0011123470522803114,0.0011123470522803114,0,18.309688466304138,0.8551661025852105,0.9746419553010165,2697
270,3513.5559542209817,31.391151929319644,0.8795688847235239,0.04920337394564199,0.06794751640112465,0,6.75224286172336,0.8609095768315211,0.8015403931244194,2134
271,2625.7532968451687,25.523124737596692,0.8189834024896265,0.06587136929460581,0.11203319502074689,0,5.340805570336666,0.8588977284948587,0.6986391559121681,1928
272,3084.1043284182083,28.283947059024786,0.8606307222787386,0.07324516785350967,0.06307222787385554,0,4.018226787197975,0.8805512269465718,0.7550301538181144,1966
273,3423.0049920166157,30.393938944509816,0.8829174664107485,0.04894433781190019,0.06573896353166987,0,6.493138932174087,0.8981252536465736,0.782134035535101,2084
274,3963.716530529885,33.67891138734416,0.9142857142857143,0.027678571428571427,0.054017857142857145,0,6.974811416502671,0.8898941801445547,0.8468289404401562,2240
275,5070.160755994627,40.01459385884367,0.9828957836117741,0.009148766905330152,0.007955449482895784,0,16.586603023262832,0.8671044735495452,0.9452021742493422,2514
276,4006.129959009625,34.24837648412652,0.9146666666666666,0.032,0.051111111111111114,0,10.246995404131738,0.8754888938166304,0.8507658286037069,2250
277,4519.129366172509,36.23101738161381,0.9669852302345786,0.019113814074717638,0.013466550825369244,0,11.305070627036184,0.8508967265809493,0.9168632414885616,2302
278,4196.342185280071,34.589032043415735,0.9409924005364327,0.019222172552525705,0.03844434510505141,0,10.62343072619154,0.8516109462056859,0.9090007411354089,2237
279,4250.411376947307,35.1890236963615,0.9448153093012907,0.024922118380062305,0.029817534490431688,0,6.535188855886258,0.8735027504723358,0.8985613601450761,2247
280,4326.672317427062,35.38314570559471,0.9471403812824957,0.026863084922010397,0.025996533795493933,0,13.101653113903723,0.8557159736813527,0.8865274457261254,2308
281,4806.409172929153,38.22667378303447,0.9736625514403292,0.01810699588477366,0.007407407407407408,0,17.066036673936548,0.8618682959198558,0.9306832283841506,2430
282,4462.978692335038,36.1135618125958,0.9548775247099269,0.021486892995272882,0.021486892995272882,0,9.617601485933978,0.8716256176659812,0.904860488700998,2327
283,4129.15684575376,34.623848993983586,0.9294843543411194,0.03525782282944028,0.03349493168796827,0,9.68947687729708,0.839555789394508,0.8496293873102316,2269
284,4895.777977567722,38.38366809447443,0.9858803986710963,0.0024916943521594683,0.009136212624584718,0,13.07374188943304,0.8265468581698904,0.9678963991613779,2408
285,4965.361407744219,39.01138657803783,0.9806138933764136,0.0044426494345718905,0.012520193861066236,0,27.47513177565025,0.8374803516874445,0.9668996028153809,2476
286,5386.12747190082,41.86532477093379,0.9942660550458715,0.00038226299694189603,0.0034403669724770644,0,17.844727664029637,0.836535676599665,0.9840943681798521,2616
287,4809.879971407534,38.37055910711403,0.9693251533742331,0.012269938650306749,0.016768916155419224,0,12.193523498474491,0.8610700998033016,0.9461139834161411,2445
288,2332.289069508652,24.097827366201287,0.7878953107960741,0.09323882224645584,0.11450381679389313,0,1.2424757188405886,0.8594770323911439,0.666638473897634,1834
289,3878.2979872948827,32.83737528427162,0.9192575406032483,0.04176334106728538,0.0357308584686775,0,10.842672571190048,0.8788983381357556,0.8597100038232639,2155
290,3941.1107186978893,33.14550559043921,0.9212527964205817,0.049664429530201344,0.026845637583892617,0,6.299430289265048,0.8634964965956381,0.8080588852609667,2235
291,3039.614455929643,28.09474866104132,0.8512269938650306,0.06288343558282208,0.081799591002045,0,5.811567567063353,0.8606703494384006,0.7774905351833173,1956
292,3132.9787207899767,29.38216120530754,0.8480392156862745,0.061764705882352944,0.08725490196078431,0,4.122798446447434,0.8829240826140792,0.7661293100614595,2040
293,4238.502432070652,34.884676010653195,0.9414893617021277,0.027925531914893616,0.0274822695035461,0,8.614566961137411,0.8803112610741219,0.8837385520185566,2256
294,3743.5153511136273,32.06281103920173,0.9096045197740112,0.04472693032015066,0.04331450094161959,0,4.269601851781139,0.8650954457415522,0.8499184552375556,2124
295,4563.28844135018,36.471595167917336,0.968615649183147,0.018056749785038694,0.011607910576096303,0,13.682566736506827,0.8599877430808699,0.9175390041491239,2326
296,4573.53248088403,36.54902887584496,0.967255493321844,0.012494614390348987,0.01852649719948298,0,8.895974107539157,0.834003940356798,0.9469736229555717,2321
297,3846.3314509556576,32.886673529376885,0.9124020285846012,0.03227293683725219,0.051175656984785614,0,6.506262108743558,0.8272992132515715,0.8650904456893572,2169
298,5672.686637958351,43.94674007454028,0.9985412107950401,0.0,0.00036469730123997083,0,23.606213850099685,0.8546711527190897,0.9890017549256208,2742
299,3877.7289017412577,33.19559154601266,0.9085948158253752,0.026830377444292862,0.062301045929968164,0,6.114465244928877,0.8607981778813234,0.871198227250961,2199
300,4822.860303831314,38.20618678885491,0.9696969696969697,0.00819000819000819,0.018427518427518427,0,12.13615771886408,0.8574537047047924,0.944451880992628,2442
301,3038.794277338196,29.000760791539513,0.8344760039177277,0.047992164544564155,0.11508325171400588,0,2.659248294415823,0.8706545060426087,0.7628863685399467,2042
302,4142.374813272946,34.670190489736385,0.9306230667255855,0.03225806451612903,0.0344675209898365,0,9.925236709933698,0.8488272916246462,0.8585699273338255,2263
303,3108.724989780733,28.26450566453616,0.8668043366029943,0.06917914300464637,0.061435209086215796,0,4.738035011337872,0.8465563199841287,0.7775769543674451,1937
304,4961.914650909942,38.93110522281833,0.9837728194726166,0.007302231237322515,0.008519269776876268,0,10.260477402622929,0.8575716048482315,0.9544445171843996,2465
305,5274.059934350127,41.21332699278269,0.9914563106796116,0.0003883495145631068,0.007766990291262136,0,16.43719281187788,0.8649084677592397,0.9770627642377089,2575
306,4032.3606338868503,33.97224907459221,0.920726306465899,0.031443755535872454,0.04650132860938884,0,6.262400471131599,0.8659055482304057,0.8590319346432314,2258
307,3605.3810950179063,31.756909314750864,0.8903917910447762,0.03824626865671642,0.06996268656716417,0,5.616121125231746,0.853542054671689,0.8116381261381149,2144
308,4642.047130227007,37.12702401134374,0.965793918918919,0.010135135135135136,0.022804054054054054,0,8.14104549979713,0.8770288233920355,0.9448938171569045,2368
309,3629.4134220598307,31.974318091307588,0.8860933211344922,0.04162854528819762,0.06953339432753888,0,9.801723179421003,0.8597972686728017,0.7916585400866812,2186
310,4501.360272526909,36.37856208795357,0.9573014517506405,0.013663535439795047,0.027327070879590094,0,5.87991748965813,0.863281557446257,0.9169514760779827,2342
311,4050.864068857928,34.26573722104955,0.920691182986265,0.03190075321222862,0.04474966770048737,0,7.1229023842104535,0.8731803405636672,0.8610181193392663,2257
312,4093.276341925688,33.60686015754961,0.9418764302059497,0.018764302059496567,0.037070938215102975,0,3.5255501242993526,0.860143104787191,0.9053400430992963,2185
313,2983.721878232594,28.353769925289843,0.8354554358472086,0.050440744368266406,0.11165523996082272,0,0.9042631402061817,0.8817806942994001,0.7537271110382229,2042
314,3727.8313177535865,32.496758542850884,0.8910313901345291,0.03094170403587444,0.07399103139013453,0,4.6287284868900365,0.871737317863072,0.8321603892117793,2230
315,4195.700102768904,34.8374193361371,0.9358974358974359,0.01989389920424403,0.04332449160035367,0,9.395782799650862,0.8744054535128526,0.8797192042407341,2262
316,4542.743269039155,36.35265072154904,0.9676584734799483,0.014661492022423459,0.017680034497628287,0,12.386185017331158,0.8494460438877461,0.936449347361895,2319
317,4275.871668761532,35.05475000730284,0.943904593639576,0.02429328621908127,0.02871024734982332,0,11.50092946915125,0.869391586061803,0.8965520628473753,2264
318,2778.1738538739573,26.813879430667964,0.8282520325203252,0.09400406504065041,0.07571138211382114,0,3.834261114468532,0.8558680428362145,0.6745293377182257,1968
319,3378.808460177207,30.281291749278008,0.8756652152878568,0.057087566521528785,0.06386066763425254,0,3.355644993732599,0.8759685141854869,0.7900029820223085,2067
320,3718.9713069366,32.074433356507555,0.905160390516039,0.04602510460251046,0.04695490469549047,0,4.898386241274101,0.8610587462306698,0.8085332030133343,2151
321,4827.647720455615,38.63272172637009,0.965964343598055,0.018638573743922204,0.012965964343598054,0,17.550257535818222,0.8580482558400994,0.9261101037847558,2468
322,3456.0602399283885,30.53478744052488,0.8862102217936355,0.037608486017357765,0.0742526518804243,0,3.925136395635589,0.8629961822075548,0.8287635111123927,2074
323,3065.8110555498415,28.7909974475563,0.8437195715676729,0.06280428432327166,0.09055501460564752,0,5.653810790074562,0.8554332455412064,0.74171777555671,2054
324,5102.793296251753,40.30790535329191,0.9821993670886076,0.006329113924050633,0.011471518987341773,0,10.567374636295689,0.8561609603049749,0.9547708790532025,2528
325,3810.0182127918265,33.022823171288586,0.8991750687442713,0.02474793767186068,0.07332722273143905,0,5.4417456846564995,0.8412807797855512,0.8690074296267848,2182
326,4096.7556295762,34.23860612617342,0.9267108167770419,0.02384105960264901,0.047240618101545256,0,6.476906225192918,0.8441125251371799,0.8674978527635492,2265
327,4975.382280007051,39.26955687740888,0.9801940177849636,0.005254648342764754,0.012934518997574777,0,8.772641803934867,0.867509916958129,0.9663673236884942,2474
328,3612.0486098057972,31.55839184854499,0.8920560747663552,0.04439252336448598,0.05934579439252336,0,5.536233841761509,0.8534681459944845,0.807694322239716,2140
329,3570.0289794252553,31.814641635419758,0.8831710709318498,0.03337969401947149,0.08205841446453407,0,3.401357253536207,0.8979847072055456,0.8149366881528944,2157
330,4570.928069423801,36.83360637821111,0.9603040540540541,0.018158783783783782,0.02027027027027027,0,7.946290546390841,0.8738955837892582,0.9064705112783165,2368
331,4252.652552901988,34.77595182370847,0.949304620906236,0.02557200538358008,0.021085688649618663,0,5.162266064663533,0.8851133613337028,0.9089859505951998,2229
332,5109.057270445511,40.06421011295402,0.9872459147070546,0.0035870864886408927,0.00757273814268633,0,11.612520497936387,0.8971057518362248,0.9727075780030968,2509
333,3021.3182991058216,28.89159514294078,0.833994053518335,0.061446977205153616,0.10158572844400396,0,1.537949005858801,0.8639233565407165,0.7574628486975621,2018
334,3960.959134984078,33.56304406638578,0.9159626500666963,0.028012449977767896,0.0542463317029791,0,4.96014072326406,0.8860683505649745,0.8617479444761412,2249
335,3390.6038485884096,30.397579829171086,0.8717105263157895,0.03477443609022556,0.09022556390977443,0,4.382540615719538,0.8453680243391131,0.7957648362338937,2128
336,3948.084003465362,33.52987143674929,0.9161758042591753,0.03352967829632986,0.047575894879927506,0,4.161586825971932,0.8655933874127422,0.8579471096365604,2207
337,4573.171055503908,36.88908784485395,0.9587194608256108,0.015585509688289806,0.02527379949452401,0,7.895885166452877,0.8396650762593858,0.9227412954235533,2374
338,5073.102725543295,39.8598799578139,0.986050219210841,0.005579912315663611,0.007971303308090873,0,12.110992607433037,0.8611299857903992,0.9542173717667324,2509
339,3258.2041983082477,28.98756596006261,0.87857847976308,0.0562685093780849,0.06120434353405726,0,0.7273652819630033,0.8804330075183733,0.7825543508763351,2026
340,3929.2675216926837,32.69042320776424,0.9329268292682927,0.03424015009380863,0.02954971857410882,0,4.668995431957902,0.867154055689727,0.874916642530336,2132
341,3536.173312433401,31.183376055910735,0.8822708236389019,0.04653327128897161,0.06747324336900884,0,6.340550098296069,0.8828108893292702,0.7995629309608026,2149
342,4818.343248847363,38.49074224240818,0.9667477696674777,0.0186536901865369,0.012165450121654502,0,14.26273598934481,0.8746035421530172,0.9197597743843462,2466
343,5478.582314117536,42.59877301957578,0.9947526236881559,0.0014992503748125937,0.0037481259370314842,0,24.565885701698072,0.8648141677726439,0.9730517443298115,2668
344,4504.63550753066,36.4791012273205,0.9547974413646055,0.01279317697228145,0.03070362473347548,0,9.433139002066614,0.8345047280119142,0.9329698340186071,2345
345,5509.384177463597,42.65965986899616,0.9955340528470413,0.00148864905098623,0.0018608113137327876,0,20.039180235375564,0.8412915959149523,0.9814513068884573,2687
346,5118.083521629866,40.42149523250323,0.9765294343978453,0.013081954597922277,0.010388611004232396,0,16.395426071941912,0.8572793205050188,0.9338632037208839,2599
347,5567.542690455809,43.291360536563474,0.9963031423290203,0.0011090573012939,0.002587800369685767,0,27.319553364607355,0.8341869954100833,0.9801626100066493,2705
348,4981.210142273468,39.25816710251216,0.9767628205128205,0.004407051282051282,0.016826923076923076,0,17.949755957293064,0.8598247272426769,0.9510492302915163,2496
349,3161.708889757607,29.52197369449183,0.8472289156626506,0.04963855421686747,0.10024096385542168,0,8.293883654405128,0.8631985730188558,0.7594441033479322,2075
350,3459.382805483823,31.092692451068316,0.8729565623540402,0.038766931340495095,0.08547407753386269,0,4.229379096037969,0.8665808768545857,0.8099590365849151,2141
351,4918.787590607807,38.64656958370371,0.9808319738988581,0.00734094616639478,0.009787928221859706,0,7.012008041086703,0.8826980609086336,0.9620510020800268,2452
352,3575.2860521211246,31.333523796608738,0.8939179632248939,0.047619047619047616,0.05799151343705799,0,5.395095359444101,0.8670520505398346,0.8141077404942911,2121
353,5731.2678145219015,44.400892717593536,0.9985559566787003,0.0,0.0007220216606498195,0,14.68127914631884,0.8792987473886167,0.989971408728857,2770
354,4436.727278372138,36.06592839186203,0.9547235524597301,0.011754462342185459,0.03090988245537658,0,13.856725698099622,0.8660793327655141,0.9203998324565512,2297
355,4443.772967951975,36.230922634940185,0.9500860585197934,0.011187607573149742,0.03700516351118761,0,12.175804292840189,0.8808562069565776,0.9121608746806449,2324
356,5577.030335489636,43.234566907772006,0.9974093264248705,0.0003700962250185048,0.001850481125092524,0,20.809768317536278,0.8582323174915388,0.9851336374470103,2702
357,4065.4624077045332,33.87702118967082,0.9301587301587302,0.027210884353741496,0.03854875283446712,0,10.456127964289951,0.8651786507501302,0.8642302391702464,2205
358,4366.953885363902,35.80731171425904,0.9507475813544415,0.0158311345646438,0.0316622691292876,0,6.644148603628793,0.8647171415885915,0.9037065529178725,2274
359,4020.419561141412,33.7107101179592,0.9258426966292135,0.021573033707865168,0.048988764044943824,0,5.310244475267404,0.8416933350075102,0.8619736299379394,2225
360,4370.1891898859085,35.60745947067086,0.9471403812824957,0.016897746967071057,0.033795493934142114,0,7.039934489922128,0.8610700532240809,0.9333997427613518,2308
361,5517.230910252505,42.88711178200663,0.9947916666666666,0.002232142857142857,0.0026041666666666665,0,14.554194412596983,0.8497657100958627,0.9802967961112417,2688
362,4133.605485383281,34.754269348780824,0.9278803869832893,0.030782761653474055,0.04133685136323659,0,8.572399252842843,0.8715307309034197,0.8688013472047879,2274
363,4891.821934689432,39.00081872116462,0.9693671906489318,0.013301088270858524,0.014913341394598953,0,15.895921449927606,0.8835546636829805,0.9238905539248738,2481
364,4025.0214750060986,33.75964701684953,0.9212983548243664,0.027567807914628723,0.048465984882169855,0,7.506429172375942,0.8747894820583993,0.855833609102553,2249
365,2634.375800534518,25.54106281120558,0.8218298555377207,0.08186195826645265,0.0909577314071696,0,1.014724005488636,0.8845367231448499,0.7077672626481496,1869
366,3856.124767338779,32.50392530824053,0.9183202584217812,0.03507152745731426,0.04337794185509922,0,3.9137145681915237,0.8834300215880359,0.8571821460029955,2167
367,3289.370824445079,29.17673504185078,0.8777885548011639,0.05771096023278371,0.06256062075654704,0,3.9165093406397204,0.8787226848269019,0.7713447328164644,2062
368,4322.905999342829,35.21203887738158,0.952846975088968,0.013790035587188613,0.03291814946619217,0,6.4647974229381235,0.8713780008678297,0.9329428198576926,2248
369,2710.1610070423403,26.506850215447134,0.8178158027176649,0.07347760442878712,0.10518369401107197,0,2.849946003551203,0.893946955439831,0.6632280173370264,1987
370,3242.2903007642735,29.632367540779338,0.8628404669260701,0.048638132295719845,0.08560311284046693,0,2.7365973601179094,0.8871342836062045,0.783843842210798,2056
371,2878.5059771416322,27.29967704519531,0.8352762290927521,0.07045108971109985,0.08971109984794728,0,4.175938979656866,0.8645168275386799,0.6970337626148775,1973
372,5247.351036410802,40.9166755557881,0.9906759906759907,0.005050505050505051,0.003108003108003108,0,14.881393569468626,0.8669609289203455,0.959280698884019,2574
373,3695.3567985198465,32.059698514432576,0.8996299722479186,0.05319148936170213,0.045328399629972246,0,7.7097560667556255,0.8676985761132396,0.816455894928502,2162
374,4422.763110907459,36.58759652167006,0.9353628023352794,0.021684737281067557,0.040450375312760634,0,13.442222464354073,0.8678696149361468,0.8663187254900137,2398
375,4510.204970892769,36.708664009157054,0.9541011474713132,0.016149596260093498,0.02889927751806205,0,9.272963098284425,0.8638947482507916,0.8994545619976825,2353
376,4126.985990814007,34.75971483718743,0.922874671340929,0.026292725679228746,0.049079754601226995,0,8.047296552006703,0.8660563838273825,0.8753040788168076,2282
377,4940.0538026973045,39.34305074042811,0.975825946817083,0.01732473811442385,0.0064464141821112,0,19.454797354180183,0.8594681630688128,0.9139357018354655,2482
378,5159.277065215612,40.66326739570685,0.9794573643410853,0.010077519379844961,0.009302325581395349,0,25.902712860106895,0.8640237275925418,0.935904376583172,2580
379,4048.877466786061,34.0106360108801,0.926829268292683,0.036133694670280034,0.03523035230352303,0,17.098846406652434,0.8552228127691032,0.8525967658719259,2214
380,5092.595022667822,40.220755075537944,0.9810201660735468,0.007908264136022143,0.009489916963226572,0,21.73488832365139,0.8504451870067975,0.9475425907621299,2529
381,3411.796583434209,30.313843356205616,0.8743480322427691,0.04836415362731152,0.07207207207207207,0,8.158573866228219,0.8525278575976399,0.7982654611547039,2109
382,4916.936864598257,38.64669690582425,0.981170691772411,0.006139991813344249,0.010233319688907082,0,15.019789556184598,0.8484813052208076,0.9627582788274419,2443
383,5294.539590693352,41.55771577699814,0.9862227324913893,0.004209720627631076,0.008802143130501339,0,23.409906203154428,0.850078489380306,0.9696556192848985,2613
384,3834.8272536560007,32.50792042022645,0.9166278528178854,0.033535165346995806,0.04704238472286912,0,10.051187086275995,0.8702379913798348,0.8475863563879535,2147
385,5961.157684903453,46.09889985144764,0.9996528982992017,0.0,0.0,0,22.990334063431796,0.8565738613545061,0.9849069851957294,2881
386,3976.2764080664515,33.59682907125934,0.9213278763074124,0.030923146884947704,0.04547521600727603,0,8.873202091713916,0.8705136437487134,0.8643478765290207,2199
387,5801.146805775994,44.786699207410855,0.9982250621228257,0.0,0.0007099751508697196,0,20.22696714005388,0.8507895299694387,0.9882558443068642,2817
388,3550.158965663202,31.245243831849436,0.8880597014925373,0.034981343283582086,0.07416044776119403,0,9.83355831084852,0.8414073605039158,0.8143587591794222,2144
389,4268.062457844391,34.87103401793003,0.9474845542806708,0.02383053839364519,0.02824360105913504,0,11.909384505491953,0.8660364828795047,0.8832947518609697,2266
390,2961.257587962856,28.124593686238867,0.8375433382862804,0.07776126795443289,0.08073303615651313,0,7.098033215446104,0.867748104274414,0.7082835685550957,2019
391,3759.158958719928,32.1728698721829,0.9116541353383458,0.04182330827067669,0.044172932330827065,0,6.952226869709967,0.8666232264642545,0.8249941431299065,2128
392,3444.3366337436587,30.033196353718818,0.89450441609421,0.04416094210009813,0.058881256133464184,0,2.422596048428463,0.862060393457999,0.8148927640760152,2038
393,4805.515367371858,38.2008777750407,0.9720164609053498,0.012345679012345678,0.01316872427983539,0,18.899188330704984,0.8627447342533192,0.9278190091443903,2430
394,3850.980961761715,32.7968472494752,0.9150812064965197,0.03480278422273782,0.04825986078886311,0,8.677618860640207,0.8783301770309898,0.8320096368918264,2155
395,3663.690911127284,31.92504436961851,0.8990273274664197,0.05604446503010653,0.04353867531264474,0,7.649210545178462,0.8685780882407927,0.7800253058640955,2159
396,3410.7015953849696,30.17717336856212,0.8876293740758995,0.060620995564317395,0.05027106949236077,0,4.691717114423187,0.8749537778681564,0.796293724703639,2029
397,3482.2509880511125,30.83714342660765,0.8859857482185273,0.05130641330166271,0.06175771971496437,0,2.1493959958033155,0.8652503449553164,0.8062187585316354,2105
398,3891.909335909568,33.05883849241594,0.9154865235267245,0.02832343535861124,0.054362722704431245,0,3.5848728989417045,0.8770152836381897,0.8667952689167465,2189
399,3030.450695777555,28.124215826526093,0.8510747185261003,0.08137154554759468,0.06397134083930399,0,3.3087933813524124,0.8716421299770872,0.7546378261465622,1954
400,3936.0766999263833,33.39913403226468,0.9126735333631886,0.02418271383788625,0.059113300492610835,0,6.848648064459156,0.8861540536653939,0.8478837595876947,2233
401,4422.8312989636115,36.17906237812845,0.9483126868859462,0.029047415634344296,0.021785561725758223,0,13.716981107068598,0.8581412407708696,0.8921132998828118,2341
402,3543.0124344807873,31.27638724936655,0.8866171003717472,0.05762081784386617,0.05343866171003717,0,6.536100209072739,0.8771328982008456,0.7699165666361129,2152
403,3058.421553096312,29.136710103981304,0.8353165159447882,0.044264635887672536,0.11756306520704426,0,4.412999189202958,0.8804104897336438,0.7457106629258308,2101
404,2604.527991898266,25.75699506734786,0.8132275132275132,0.08253968253968254,0.10211640211640212,0,3.5990331051777025,0.8552411507945571,0.6973022916029745,1890
405,3917.8856338417595,33.01396698510166,0.9243619489559165,0.03990719257540603,0.03341067285382831,0,6.577297440397506,0.8794310197469688,0.8634241968759983,2155
406,4519.664524146058,36.606587795341,0.9572649572649573,0.02435897435897436,0.01581196581196581,0,20.528753185894494,0.8468492841135032,0.8998855224081204,2340
407,5358.172397672644,41.83917758504624,0.9901178259217027,0.007601672367920942,0.0011402508551881414,0,13.868393705329217,0.8387601705534838,0.9587563102749656,2631
408,4183.854746353897,34.92719324576442,0.9325396825396826,0.03218694885361552,0.03350970017636684,0,11.491035031835757,0.8448394451454169,0.8730728443874246,2268
409,4191.1163329381,34.30114342296822,0.9434550311665183,0.02626892252894034,0.027604630454140695,0,8.211608885283763,0.8533175617909865,0.8973571645020719,2246
410,3069.092253124868,28.38373914061041,0.8556910569105691,0.08384146341463415,0.056910569105691054,0,6.354886492969515,0.8638415340785371,0.7223708233229357,1968
411,3403.881154238751,30.33034006857517,0.8810101991257893,0.053423992229237494,0.06216610004856726,0,4.869820581908452,0.888788867423326,0.7902021700010301,2059
412,3019.7151863142544,28.052326691476416,0.8502781992918563,0.07081436519979767,0.0753667172483561,0,3.3789559249370726,0.8892806383890295,0.7300580348510186,1977
413,4316.803017236875,35.45223509655419,0.9483136224266316,0.018396846254927726,0.032413491020586944,0,10.78862882173939,0.857317949670026,0.8946441959908524,2283
414,4863.505585988111,38.41838559778726,0.977768629065459,0.008645533141210375,0.011527377521613832,0,9.10166432871203,0.8685735395220909,0.9544303656938246,2429
415,5424.691339063045,42.57420203684548,0.9901812688821753,0.0022658610271903325,0.007175226586102719,0,19.110252240768105,0.8457072968419003,0.9766622932036848,2648
416,3225.882610589752,29.21485182394236,0.8699596774193549,0.057459677419354836,0.06955645161290322,0,6.855512851133952,0.8577037365930245,0.7769007602770517,1984
417,5613.324539678367,43.47496902819132,0.9974311926605505,0.0,0.001834862385321101,0,21.24367026503372,0.8394908941107848,0.9887838228322015,2725
418,5404.456746375992,41.73073830762277,0.9965818458032663,0.0018989745537409798,0.0007595898214963919,0,19.81122915006086,0.8359439018639527,0.9780188704128495,2633
419,4998.38620038673,39.31631276633075,0.9826752618855762,0.0040290088638195,0.01248992747784045,0,19.328759292066827,0.8486995169037745,0.9578989836841529,2482
420,5405.709298175664,41.73266546963853,0.9996186117467581,0.00038138825324180017,0.0,0,18.577121653750073,0.8360536488449832,0.9830632831893814,2622
421,4538.31482293801,36.78163563356689,0.9573924158500213,0.008947592671495527,0.03238176395398381,0,8.747298063206838,0.8774241139229159,0.9389955441312579,2347
422,5248.174283210477,41.03693051029998,0.9884035562427522,0.006184770003865481,0.004638577502899111,0,17.924879677767333,0.8596745837885365,0.9669599634787186,2587
423,4696.352617133699,37.91213616560666,0.9623032311516155,0.020712510356255178,0.01615575807787904,0,7.827920131349177,0.8802370009076987,0.9245042885942152,2414
424,3351.877750217791,29.63239351925264,0.8853754940711462,0.05237154150197629,0.06126482213438735,0,3.7404284268212913,0.8687837358727036,0.8048070733079402,2024
425,2939.243355429747,27.990285463158553,0.8351814516129032,0.05443548387096774,0.10786290322580645,0,2.162690102577785,0.8498011505821159,0.7567802556427129,1984
426,3286.065036155663,30.16550968004822,0.8573433115060805,0.03274087932647334,0.10710944808231992,0,5.820993750130295,0.8762891907282425,0.7780361270365628,2138
427,4955.579218918741,39.194051712551364,0.9823770491803279,0.006147540983606557,0.009016393442622951,0,10.332330521352466,0.8363257185243514,0.9501958123441058,2440
428,3600.4706318521594,31.573926706157344,0.8924528301886793,0.0330188679245283,0.07169811320754717,0,2.783740610557076,0.8727553628939253,0.8310357100979929,2120
429,4151.282651797075,34.52116558885204,0.9336917562724014,0.018369175627240143,0.0456989247311828,0,6.993023758057504,0.857118716008582,0.917455400014255,2232
430,5013.1753918965915,39.461876695319056,0.9807846277021617,0.008807045636509208,0.009607686148919135,0,10.268995652446185,0.8564827454770306,0.9507706232687411,2498
431,4623.640085927814,37.13134586721722,0.9604543542280185,0.013041649137568364,0.023138409760201935,0,7.469034471075739,0.8659081477344565,0.932799937479323,2377
432,4091.216320433924,34.37039322654308,0.9298480786416443,0.026362823949955316,0.04289544235924933,0,6.9250167039821235,0.8729971148014584,0.8657006362175943,2238
433,3414.5733002110746,30.147551703664224,0.8842257597684515,0.03907380607814761,0.07332368547998071,0,4.479064292368804,0.8664939553053912,0.7928807592306847,2073
434,3484.487265179501,31.06945091916752,0.8772663877266388,0.04277080427708043,0.07670850767085077,0,2.2577866052447377,0.8801845908307697,0.8014070784607883,2151
435,3763.955156238635,32.639675079569784,0.8991367560199909,0.02407996365288505,0.0740572467060427,0,3.9607980143384336,0.8842620910858238,0.8521238383931352,2201
436,3495.6053857692655,31.010921702783524,0.8793022159358793,0.036775106082036775,0.08203677510608204,0,2.8611648833398338,0.8509261956222152,0.8322937079580164,2121
437,3197.679891069912,29.20674197807514,0.8584541062801933,0.04057971014492753,0.0966183574879227,0,1.7864036826672063,0.8830859857985482,0.7704668315893071,2070
438,5014.762495109729,39.27779530247703,0.9854780153287616,0.004437273093989512,0.00927793465106898,0,12.357362676527565,0.8648240162177789,0.9729862254125048,2479
439,3990.5972214423846,33.91085334672346,0.9162936436884512,0.02685765443151298,0.05416293643688451,0,8.91048067510942,0.8803423540801179,0.8660448651824261,2234
440,3675.5655823878546,31.861623879974275,0.899155722326454,0.03189493433395872,0.06566604127579738,0,6.228970785054882,0.8584769145292676,0.844853335568785,2132
441,4318.117350717726,35.20377030282607,0.9489661240651122,0.01715794104707435,0.03167619885613726,0,8.854519324803624,0.8419696334926091,0.9291624091950667,2273
442,5086.321157220795,40.019453439378196,0.9833795013850416,0.009101701622477245,0.007123070834982192,0,13.33726284900068,0.8520748333852445,0.9628158121750345,2527
443,3367.989801431925,30.229326097925917,0.8719923002887392,0.06400384985563042,0.060153994225216556,0,8.187149196872,0.8248923679832424,0.7786344466017326,2078
444,4822.816310457717,38.44105211061728,0.9690931272875153,0.010980073200488003,0.018300122000813338,0,13.101579697018316,0.8584128297890958,0.9364057271493255,2459
445,3943.845577919928,33.564338346218214,0.9155814997754828,0.03412662775033678,0.0466995958688819,0,7.538189652987873,0.8647417101818894,0.8318609363523972,2227
446,3871.88986260102,33.12945687777693,0.908103214124038,0.029425079221367133,0.06066093254866455,0,7.800692334185153,0.8407634425490764,0.8596525835969748,2209
447,4142.3671500920955,34.71441288931389,0.929422143802382,0.025143361270401413,0.043228936921041024,0,9.40169625018597,0.8727732411225948,0.8688392415645753,2267
448,3756.409544320441,32.52710562882235,0.9000912408759124,0.03512773722627737,0.0625,0,13.488636792991308,0.8583749765591158,0.8163268720584282,2192
449,4199.813879856888,34.71341331575021,0.9370044052863437,0.023348017621145373,0.037444933920704845,0,9.179296538281559,0.8457092214446993,0.8963655043222397,2270
450,4633.664626414385,37.18415059102655,0.9621371476651241,0.010096760622633571,0.02524190155658393,0,20.59999919100024,0.8573188701340149,0.9269500875151239,2377
451,4233.419950441927,34.829573325162784,0.9391951006124234,0.024059492563429572,0.03543307086614173,0,7.60140370494465,0.8545520620129278,0.8960411693533759,2286
452,2913.7138588506427,27.654259700601283,0.8351814516129032,0.05594758064516129,0.10685483870967742,0,1.6025117611434891,0.8664935529439735,0.7561516702301251,1984
453,4106.606426948844,34.14741993944923,0.9292389853137517,0.028037383177570093,0.04005340453938585,0,11.519048286584141,0.8557804234093936,0.8824316140613121,2247
454,3614.4387124283794,31.730117322583077,0.8874141876430206,0.030663615560640733,0.07963386727688787,0,4.991832775529039,0.8897016619462551,0.8192834515860867,2185
455,3460.46723687025,31.245680000970545,0.8695251267865376,0.039188566159520516,0.08713692946058091,0,4.861302105298661,0.8674505007084532,0.7918465042239567,2169
456,3281.222223782774,30.058485188306875,0.858286252354049,0.047080979284369114,0.09369114877589454,0,6.717592761093183,0.8849643135447084,0.7788554019063276,2124
457,3646.2455991279635,31.670195933036187,0.8978469995419148,0.03435639028859368,0.0673385249656436,0,6.526443085748161,0.8392533478480402,0.8190499208833226,2183
458,3818.8453585806865,32.792859890766785,0.9037675896504767,0.03222877893781208,0.06082614616432138,0,14.161783076112584,0.8443772596442765,0.8588581073092174,2203
459,5063.641924304061,39.766706572357705,0.9825049701789265,0.005168986083499006,0.010337972166998012,0,8.740187867681684,0.8491259551856505,0.9683044093730478,2515
460,4207.513613845437,34.801939236174626,0.9364592462751972,0.022348816827344433,0.03943908851884312,0,6.545724857427285,0.8485628013439879,0.8947201619028685,2282
461,4474.983811541671,36.93204732817337,0.9446101406050277,0.008947592671495527,0.04516403919897742,0,9.293809873177203,0.8554918661250144,0.9284555181964496,2347
462,3003.310743288157,28.136931877639622,0.8452736318407961,0.05572139303482587,0.09651741293532339,0,5.231697708991692,0.8646035566528207,0.7394379412627041,2010
463,4663.085228367477,37.01512417302044,0.9715498938428875,0.008492569002123142,0.018259023354564755,0,10.34075224056508,0.872126806556883,0.9387992594348846,2355
464,3814.263588677539,32.51938625517484,0.9128822984244671,0.037998146431881374,0.04541241890639481,0,5.88085025777124,0.8738529987802548,0.847169303668875,2158
465,3600.149654274201,31.209101218538077,0.8965034965034965,0.034032634032634033,0.0675990675990676,0,2.43150501830742,0.8840354510113225,0.826763741078411,2145
466,5231.696710599007,40.675836725774296,0.9910261412407335,0.0003901677721420211,0.00702301989855638,0,10.123346347752992,0.8337469385319747,0.9696430313399427,2563
467,4694.766253515252,37.76078919799151,0.9682606855691918,0.008887008040626322,0.021159542953872196,0,3.657949161141774,0.8552155707097633,0.9520719422094486,2363
468,4518.917157599636,36.18827901334347,0.9630584192439863,0.012027491408934709,0.02276632302405498,0,2.443166260044058,0.8550349050248709,0.9353227076970377,2328
469,3549.1757882259344,31.14476346245874,0.8910654562828476,0.031055900621118012,0.07501194457716197,0,2.4053486472310817,0.8460656501289352,0.8423351120691999,2093
470,4156.602671774657,34.11668415052574,0.938255033557047,0.02058165548098434,0.03803131991051454,0,4.581813426545213,0.8804066871840978,0.9086803593196758,2235
471,4968.046164745543,39.37626713559995,0.9730265767552558,0.010313367711225704,0.01507338357794526,0,14.269220153788227,0.8675782205169419,0.9221371525236426,2521
472,4348.467059522789,35.76997872421369,0.9427464485578992,0.018080068876452863,0.03874300473525613,0,7.309737522206168,0.8736575817429629,0.9067578533972669,2323
473,3969.5845894035974,34.052990980636245,0.9124444444444444,0.033777777777777775,0.052,0,5.204623736826944,0.8659844228337937,0.8439631591565948,2250
474,5557.611929215048,43.16283896228065,0.9977678571428571,0.000744047619047619,0.0011160714285714285,0,20.64320536159512,0.860799000661178,0.9755091935778464,2688
475,4908.853239187544,39.162883881272066,0.973609419407227,0.007308160779537149,0.017864393016646368,0,8.300139847275334,0.8757196383085064,0.9501980928963247,2463
476,4266.041367251783,35.144708821434065,0.9453090262338817,0.0164517563361494,0.037349933303690526,0,7.483207514940517,0.8510389170986825,0.9104127335388001,2249
477,5564.261282877517,43.04299317178979,0.9981426448736999,0.0,0.0007429420505200594,0,11.89872572888582,0.8409581224653871,0.9893774044825309,2692
478,3769.0386847557384,33.01340897640988,0.8919397697077059,0.030558015943312665,0.07573073516386182,0,6.631568135643317,0.8385186128492119,0.8172463525649113,2258
479,5246.392160660997,40.81922991366552,0.9968491532099252,0.0,0.0027569909413154787,0,21.831857250784022,0.8631636308958175,0.9808790964673543,2539
480,3237.5165803893483,29.79933881260894,0.8582412301777992,0.059106198942815956,0.07976934166266218,0,5.408548385535278,0.8365284276104726,0.754773291324459,2081
481,3432.8544532793817,30.478977231997554,0.8799054373522459,0.06288416075650118,0.05531914893617021,0,5.546806174325942,0.8871216292975381,0.768322898834471,2115
482,3395.2385265891985,30.214684572550794,0.8809064609450338,0.062198649951783994,0.055930568948891035,0,4.722796344157383,0.8747570636324876,0.7828175378510611,2074
483,2708.3796881094536,26.687516170233334,0.8135338345864662,0.06817042606516291,0.11428571428571428,0,5.046600868671631,0.8520763192961985,0.6865237345891785,1995
484,4268.259299297807,35.30822908318633,0.9396061269146608,0.024945295404814005,0.03369803063457331,0,10.003876249039276,0.8839176866064836,0.8810412601640949,2285
485,5051.0503390176955,39.74513523068848,0.9847695390781563,0.0056112224448897794,0.008817635270541082,0,11.391289972517152,0.8434617331584463,0.9660045751893568,2495
486,4295.01766641315,35.22649699937427,0.9420731707317073,0.02003484320557491,0.03571428571428571,0,8.041964395063992,0.8572145307640704,0.9178997614249121,2296
487,3817.8341214685697,33.059194805455284,0.9052873563218391,0.02574712643678161,0.06850574712643678,0,7.329875666757082,0.8388172665633545,0.8665305181554741,2175
488,4907.721804284981,38.49111173607761,0.984754841367944,0.005356407086938607,0.00865265760197775,0,10.330942150641409,0.8432772544917951,0.9677589643489035,2427
489,3228.3827829233037,29.79920294417686,0.8536585365853658,0.04447632711621234,0.09803921568627451,0,4.784602953078939,0.8743929270115477,0.7873640895010511,2091
490,3142.032027182484,29.263066909628183,0.8432765151515151,0.03172348484848485,0.12168560606060606,0,3.2055255001656153,0.8826269514178161,0.778752604652139,2112
491,3207.335351564819,29.86038069536522,0.8469147432878003,0.03344324069712671,0.1172868582195007,0,4.577753276329367,0.874876610150721,0.7728386115261286,2123
492,4829.984172980564,38.273633236361704,0.9763779527559056,0.0037297969332780773,0.018648984666390384,0,12.284409028664328,0.8617124287908218,0.9575031201752582,2413
493,4811.932569815136,38.26314723352578,0.9739238410596026,0.0074503311258278145,0.0173841059602649,0,10.747576737424085,0.892605275060435,0.9443962471070825,2416
494,3714.6387244194584,32.785559477663234,0.8852097130242825,0.022516556291390728,0.09006622516556291,0,6.0871391540644435,0.8484457367592969,0.8202381078373984,2265
495,2488.8203808514827,25.330980072339386,0.7942219969589458,0.06386213887480993,0.13938165230613278,0,4.708358185829198,0.8612004507764383,0.6524968036470586,1973
496,2798.75638833813,27.19681327887992,0.8202742409402547,0.050440744368266406,0.1278158667972576,0,2.4953107193255057,0.8549823086594723,0.7014333407626007,2042
497,2940.4011538288783,28.28550653562303,0.8288110508140109,0.05229403058707449,0.11642821904292057,0,0.9132230466939055,0.8627381846738862,0.766232381208401,2027
498,5074.426196515375,39.67679564829784,0.988376753507014,0.002404809619238477,0.009218436873747494,0,10.318328975932548,0.8645503906916792,0.9794808572889644,2495
499,4422.458359906791,36.043650566394014,0.945193929173693,0.01981450252951096,0.03330522765598651,0,6.388409758347942,0.8828542597634333,0.898698258880284,2372
500,4323.623268356808,35.04012121854011,0.9525065963060686,0.01802990325417766,0.028583992963940194,0,6.342796731626054,0.8828124934848285,0.909265863843495,2274
501,2915.2936484556008,27.905451123771538,0.8324106693507801,0.051333668847508805,0.11222949169602416,0,4.220683677474215,0.8452799539573799,0.7414668403976774,1987
502,3817.3410291343785,32.88032647413978,0.9060647514819882,0.02188782489740082,0.07113543091655267,0,2.8719286072915824,0.8626034097242953,0.8691374986212042,2193
503,3076.8938306386735,28.391112197360073,0.8519240136385777,0.04286410131514856,0.10228933268387726,0,3.9054602855222664,0.8413249090636332,0.7526069352727479,2053
504,5099.458079490195,39.8239232046719,0.9907593411008437,0.002812374447569305,0.005222981116914423,0,10.778624522593251,0.8573883026523716,0.9775308399027444,2489
505,4263.097546311867,34.81257646093911,0.9454465464144303,0.01935767707875055,0.03343598768147822,0,7.111418939985158,0.8638613590248003,0.8996293030607265,2273
506,5177.823520414973,40.647868621204154,0.9833333333333333,0.014728682170542635,0.0011627906976744186,0,12.873995703926429,0.8552152745869557,0.9569175822245902,2580
507,4239.281711794154,34.97198708832551,0.9407603890362511,0.018125552608311227,0.03978779840848806,0,11.673222772522013,0.8718179345114416,0.8988552804388664,2262
508,4266.895541062271,34.845943512878264,0.9458388375165125,0.025979744605900485,0.026420079260237782,0,12.482470064350794,0.8611820655215806,0.8923287624199208,2271
509,4688.226244933493,37.862749800264645,0.9614587650227931,0.01947782842934107,0.01699129714048902,0,4.921921574503853,0.873423613137153,0.9252491503281938,2413
510,5112.238024507073,40.21329364431644,0.9823113207547169,0.009827044025157232,0.007861635220125786,0,11.31346401822448,0.8524128653312176,0.9663546475272213,2544
511,5456.933589435461,42.88747424126535,0.9880463205080314,0.0056032872618602915,0.0056032872618602915,0,12.627663299247384,0.8597332439281782,0.9749579606966322,2677
512,4716.725570227741,38.00042587961846,0.9646275488972118,0.011235955056179775,0.023304203079483977,0,11.545615283578908,0.8646040953867269,0.9365417819967762,2403
513,5335.856271013727,41.237106192901464,0.9942550746840291,0.002297970126388357,0.0015319800842589046,0,16.848790215277916,0.8654771407731366,0.9796178062176236,2611
514,4427.5257452303595,36.172000809360696,0.9475703324808185,0.014919011082693947,0.03495311167945439,0,9.383919023275682,0.8745226883868642,0.8964619245132573,2346
515,4737.229372997604,37.913524040033764,0.9654463183874948,0.014808720691073632,0.01851090086384204,0,13.806553467783358,0.8738981237106691,0.93553858072705,2431
516,3171.316003293672,28.831584461245157,0.8610567514677103,0.052348336594911934,0.08414872798434442,0,4.1740765922013106,0.8676514766766082,0.7748574911195684,2044
517,4374.820607377,35.675522255061715,0.9505422993492407,0.025162689804772233,0.02125813449023861,0,14.01717525968888,0.8622257609654461,0.9024744418316681,2305
518,5574.271263185257,43.236440885742354,0.9959364610269671,0.0003694126339120798,0.002216475803472479,0,23.81993227214864,0.858874103880253,0.9823382675848188,2707
519,4864.974168726256,38.15850939377026,0.9834368530020704,0.0037267080745341614,0.011180124223602485,0,22.260742196781102,0.8666648348837296,0.9699466469514711,2415
520,5442.616853235186,42.475241436687924,0.99357034795764,0.0045385779122541605,0.0007564296520423601,0,16.819445242611778,0.8663900054536907,0.9669913882369077,2644
521,3586.140351037121,31.330301345086944,0.8932955618508026,0.046742209631728045,0.05760151085930123,0,9.595740216745748,0.8796860768214143,0.7979642123667829,2118
522,3706.4614277852197,32.05101107438298,0.8986363636363637,0.03363636363636364,0.06545454545454546,0,6.7959649068910855,0.862071321286937,0.7961526652953073,2200
523,4685.885741887362,37.17124363708825,0.973109243697479,0.01680672268907563,0.008823529411764706,0,8.248248720666474,0.8772919196528042,0.9231036127501123,2380
524,4229.347201352827,35.59525112217425,0.9259417808219178,0.02054794520547945,0.05179794520547945,0,10.323607605906638,0.8845834227687809,0.8611102447810492,2336
525,4183.831595924729,35.11770580956413,0.922945205479452,0.02183219178082192,0.05351027397260274,0,11.512953893578908,0.8661996221131694,0.8512746570725361,2336
526,3488.777009105526,30.661873630528916,0.8866028708133972,0.0430622009569378,0.06650717703349282,0,8.17741868712844,0.8611493879230943,0.7898364600155473,2090
527,3935.847983299946,33.810634460776505,0.9046786182772191,0.030170529077393964,0.06296458242238741,0,10.690883219286128,0.8489061131066508,0.8252763060934977,2287
528,3579.5809372138356,32.05630318303339,0.88,0.03908045977011494,0.07954022988505748,0,5.396101450126556,0.852819416242369,0.801014501789332,2175
529,3464.5790689893156,31.064734673629697,0.875753361149745,0.037552155771905425,0.08391284191006027,0,1.6502173795191033,0.846116884718973,0.7866820018319434,2157
530,4481.887973722784,36.02314435986586,0.9600694444444444,0.014322916666666666,0.021701388888888888,0,4.85965815420513,0.849963989605041,0.9153927383253925,2304
531,3811.9749580142557,32.57103574602357,0.9092991296381127,0.02702702702702703,0.060467246907924876,0,4.452481685225636,0.8600489365620125,0.8481532578183262,2183
532,3091.405476608333,28.7575592379258,0.8511904761904762,0.06299603174603174,0.08134920634920635,0,4.017593972988584,0.8500910818550532,0.7415555802756136,2016
533,5002.993552779512,39.88874328356642,0.9654905001938736,0.01202016285381931,0.02055060100814269,0,13.760441597759003,0.8613237237297058,0.9233353935093459,2579
534,5146.0422850395,40.437146980552384,0.9873267326732673,0.002376237623762376,0.009504950495049505,0,11.342046053606536,0.860505647685501,0.9770974052945856,2525
535,4576.822318837438,36.79439853076494,0.9595744680851064,0.004680851063829788,0.03361702127659574,0,8.230659529918999,0.875349639813093,0.9623656499963275,2350
536,3735.4754427720754,31.991632172743653,0.9076923076923077,0.03076923076923077,0.05874125874125874,0,5.502640660940571,0.8570136950326713,0.8383808755139274,2145
537,3866.3546699302874,33.01758341626007,0.9094219390077378,0.029585798816568046,0.05735093309057806,0,3.0033213606277265,0.8446984829794836,0.8651700075565485,2197
538,3585.2335042433965,30.94037859143798,0.8986742424242424,0.043087121212121215,0.05539772727272727,0,5.560676058242119,0.8640487444491679,0.8195705613491427,2112
539,3161.312579998626,29.351914245408757,0.8517441860465116,0.05862403100775194,0.08624031007751938,0,3.5635879104596278,0.8716652096788333,0.7469716024842608,2064
540,4916.795859109867,38.8497643995087,0.9718988358089121,0.006423123243677238,0.018867924528301886,0,8.767546236003708,0.8851326730747908,0.9521141025914671,2491
541,4368.721620867343,35.471081995403,0.9490582191780822,0.02226027397260274,0.0273972602739726,0,11.087605051711742,0.8555172923658073,0.8827917374157247,2336
542,5130.835378092132,40.505036845798784,0.9826429980276135,0.009861932938856016,0.005522682445759369,0,13.46485248798156,0.8519383851561712,0.9609591700699974,2535
543,3620.2325161744684,31.853330233637386,0.8898225957049486,0.04061624649859944,0.06629318394024276,0,11.000443241180342,0.8619957769049515,0.8117026883339118,2142
544,3865.8614186090463,32.7069556727322,0.9134001823154057,0.030537830446672742,0.054694621695533276,0,8.4966329125666,0.8825139325456808,0.8623278947454257,2194
545,5291.313422981129,40.95389795436714,0.9957397366382649,0.0019364833462432224,0.001549186676994578,0,16.86400852036835,0.9017138907355752,0.9712838324642211,2582
546,2396.437294321395,24.239806539355214,0.8016666666666666,0.13277777777777777,0.06111111111111111,0,2.820230627785177,0.8861952159684318,0.6360452433688524,1800
547,4230.123137005918,34.92473305383733,0.9385155906895037,0.016249451032059728,0.043478260869565216,0,5.810850641413184,0.8859467245563954,0.9102617149876083,2277
548,4565.633086721004,36.61485866589066,0.9608421052631579,0.024,0.013473684210526317,0,14.51096141096972,0.8654662492078508,0.9026395084978752,2375
549,3833.333008411233,33.22460706908407,0.9046309032553874,0.02246675836772123,0.07060981201283814,0,10.55269220888714,0.835246930663492,0.860868484341215,2181
550,3548.191907150353,31.231373265354176,0.8863636363636364,0.036931818181818184,0.07291666666666667,0,7.568934925415885,0.8600652804080232,0.8174706882421351,2112
551,4267.04904204394,35.47001259493746,0.9331887201735358,0.022559652928416486,0.04251626898047722,0,12.587234439617461,0.864121410623633,0.887944288907686,2305
552,3676.979772992337,31.89609102855739,0.8988344988344988,0.03776223776223776,0.06013986013986014,0,5.255230419496567,0.8825444404826782,0.8062681228963462,2145
553,3477.3087885628033,31.05918264389757,0.875,0.04617537313432836,0.07555970149253731,0,4.68045854649524,0.878666974559846,0.8030184933893512,2144
554,4356.989178849936,35.61932272026166,0.9460635058721183,0.018703784254023487,0.031752936059156155,0,5.650353278144649,0.8737946753744634,0.9122890245416115,2299
555,4049.8810505676065,33.943292441979494,0.925100312082033,0.03120820329915292,0.04235399019170753,0,5.89128161124782,0.8531570367954768,0.876723567413003,2243
556,4027.603765787968,33.576703963445304,0.927305770104498,0.01635620172648796,0.05406633348477965,0,5.588670095649194,0.8139747387168238,0.9052458220327957,2201
557,4750.226405647476,37.819517913276556,0.9743805123897522,0.00881982360352793,0.015539689206215875,0,6.2405439406981085,0.8317567875200795,0.9570828272800249,2381
558,5144.599734513164,39.93505555298055,0.9940119760479041,0.0027944111776447107,0.0015968063872255488,0,8.673574500316217,0.8292320450443961,0.978697400463202,2505
559,4229.536832246906,34.50032717285566,0.9421708185053381,0.01601423487544484,0.03825622775800712,0,6.294793086631522,0.8365551590651074,0.9325981057134004,2248
560,4776.961125258017,37.991933394633946,0.966707768187423,0.011508425811755036,0.018084669132757913,0,15.690733923125936,0.8557257236718996,0.9426319932445846,2433
561,3447.194362964661,30.670634347624475,0.8797709923664122,0.03101145038167939,0.08730916030534351,0,0.726399477414237,0.8738077132892269,0.8241611694268492,2096
562,3690.937768508316,31.916368689619226,0.8977737392094502,0.049977283053157656,0.049977283053157656,0,4.77966514099445,0.8872932820572634,0.7871482597842374,2201
563,4611.473308125376,37.48255846488231,0.9525185796862098,0.013625103220478944,0.03220478943022296,0,9.395004277386892,0.8444729019594187,0.9085368820237778,2422
564,5097.161908701544,40.118672727543085,0.9834384858044164,0.01222397476340694,0.003943217665615142,0,9.231612485505577,0.8908775146036293,0.9556894548487389,2536
565,4213.300522663771,34.88944558677167,0.933920704845815,0.013656387665198238,0.04933920704845815,0,11.013228122132663,0.8763182575794379,0.9175236648832151,2270
566,2902.7114062891555,28.07600495434594,0.8217581350169986,0.05730937348227295,0.11753278290432248,0,2.4362604099760867,0.8915567832373533,0.7402724039452531,2059
567,2929.3914138555483,28.294154563913807,0.8245180425111222,0.056846267918932276,0.11517548195748888,0,4.385514637605638,0.8695937177422467,0.7337723435226517,2023
568,4135.751501067713,34.61570873109555,0.924880590534086,0.029526704298740773,0.04515848892748589,0,7.420762808709399,0.8531324142678516,0.866670002877208,2303
569,5480.863101003613,42.5276522802199,0.9954988747186797,0.0,0.003000750187546887,0,12.58990432608553,0.8647357101240892,0.9847561782803793,2666
570,5246.8384162719585,40.802343925829646,0.9899146625290923,0.0031031807602792862,0.005430566330488751,0,17.151062851920912,0.8469201206171627,0.9764478572983266,2578
571,4412.618408394708,36.309459447915806,0.9440887750746906,0.01621852326077678,0.03841229193341869,0,10.327013609440163,0.8764594497235235,0.908883392219407,2343
572,3031.181042212432,28.34937996746209,0.845962113659023,0.04735792622133599,0.10418743768693918,0,3.561658810360773,0.8560934748237095,0.7760546993249047,2006
573,4740.5489923740815,38.0945731664091,0.9634046052631579,0.01644736842105263,0.01768092105263158,0,10.956744626512116,0.8567894857857349,0.9145602674051689,2432
574,4631.6030068230275,36.93117603961864,0.9654591406908172,0.011794439764111205,0.020640269587194608,0,9.899077132030037,0.873278257309059,0.9377046492129711,2374
575,2993.0066761180396,28.130509989362128,0.843294826720241,0.06880964339527876,0.08437970868910095,0,3.8496799566223237,0.865876064277383,0.7283190316710134,1991
576,5173.912341977049,40.3440747594039,0.9893658920834975,0.005120126033871603,0.003938558487593541,0,13.300321859348067,0.8775218172741343,0.9684727880013683,2539
577,4122.282765418579,33.93728785042118,0.9369766416923755,0.020273248126928163,0.041427941824592335,0,5.685794099021235,0.8655506642535927,0.8630913851372071,2269
578,4319.002059421123,35.73409413826943,0.938117748173614,0.0223463687150838,0.03867640739149119,0,8.903164798229707,0.8575818311015366,0.9079026320310358,2327
579,5577.051851566984,43.25037326102423,0.9970457902511078,0.0011078286558345643,0.0011078286558345643,0,17.288674028718983,0.8723956757292447,0.9826366431612075,2708
580,3619.6765736701036,31.114571801481624,0.9014547160957297,0.041295166588456125,0.05443453777569216,0,5.565569129206959,0.8422361779151882,0.8215663418529477,2131
581,4405.405726408575,36.10025189613886,0.9475719810915342,0.024065320154705628,0.02621400945423292,0,8.124584357560586,0.8745915797727378,0.8942241501263561,2327
582,3222.7290523656425,29.73764171985146,0.8586589483839846,0.0723589001447178,0.06801736613603473,0,2.1251064038359955,0.8576115634051229,0.7535228532059113,2073
583,4294.104034293763,35.484809484785096,0.9395652173913044,0.022608695652173914,0.036521739130434785,0,7.4827662392566,0.8791102114683943,0.8863616320769961,2300
584,2120.3523772153435,23.552695454109887,0.7558386411889597,0.10031847133757962,0.14065817409766454,0,1.7451492884568587,0.8876703964624337,0.5998584034226535,1884
585,4387.736562634911,35.718609689572084,0.9492036160137753,0.020662935858803272,0.027981058975462762,0,7.33141540957559,0.8569190430087285,0.9132090458920026,2323
586,3953.4432550823512,33.093568982249806,0.9217194570135746,0.02895927601809955,0.04524886877828054,0,5.203437960751432,0.8594889813254553,0.8631009411047831,2210
587,4671.003892639486,37.65935791263563,0.9587458745874587,0.01608910891089109,0.02433993399339934,0,9.539695498378565,0.8816678449652919,0.9260632535909251,2424
588,4608.008349755162,37.20724884046941,0.961082910321489,0.012690355329949238,0.024534686971235193,0,12.840380384751668,0.8635154537037925,0.9264454610189984,2364
589,3787.7512685187767,32.98410060876388,0.8997722095671982,0.03599088838268793,0.06287015945330296,0,5.632359928560615,0.8704321415403953,0.8464894470310622,2195
590,3008.051849441283,28.14057873792882,0.8456209797130133,0.08708560118753092,0.0628401781296388,0,8.189289494386115,0.8883192778376281,0.6828393834798241,2021
591,3652.286196404775,32.19260642980646,0.8880255941499086,0.03610603290676417,0.0740402193784278,0,10.308852223848922,0.8516775173486499,0.8044202794929888,2188
592,4598.680174854492,37.23094576063859,0.9597628123676408,0.014400677678949597,0.022871664548919948,0,6.879131678239214,0.8466238547756131,0.9277185240143163,2361
593,3623.5701382061034,31.952953336710134,0.8844566712517193,0.04768454837230628,0.06281522237505731,0,4.552092387262936,0.8604532191231665,0.7987825779706487,2181
594,3389.136328836849,30.766366910156155,0.8677172874880611,0.04823304680038205,0.08166189111747851,0,4.684645824539907,0.885509145032956,0.8059479950691332,2094
595,3924.187441417034,33.201505018860544,0.9152619589977221,0.02733485193621868,0.05466970387243736,0,3.2439539396774997,0.8866940205580647,0.889377995336949,2195
596,4683.786312781769,37.887932871371866,0.9604496253122398,0.01498751040799334,0.022064945878434637,0,7.775913601078452,0.9007343888547812,0.92168456344571,2402
597,4023.4498958579384,34.08346020108211,0.916776750330251,0.028181417877586965,0.05372082782915016,0,8.379202827071822,0.8720218098394222,0.8548568829289164,2271
598,3011.233849880726,27.914762379397903,0.8500749625187406,0.04147926036981509,0.10644677661169415,0,0.01457990976581694,0.8790753227179235,0.7753366056461468,2001
599,3764.7531041857264,32.33661254347666,0.9035648994515539,0.030621572212065813,0.06261425959780621,0,1.5371878272952264,0.8926181393829971,0.8427233830636518,2188
600,3039.3676629370098,28.40869156745421,0.8452439625431247,0.05470675209462789,0.09659931000492854,0,4.408166228535202,0.8769228995645598,0.742251028421293,2029
601,3174.8715315638265,29.445321330735784,0.8542688910696762,0.05986261040235525,0.08243375858684986,0,5.853458151278408,0.8776434098055348,0.763427661641496,2038
602,3555.4811664438166,31.312561079156787,0.8876298394711992,0.040132200188857416,0.07034938621340887,0,3.9885790468590807,0.8453773444830025,0.8240726159023054,2118
603,4770.838465188942,38.038395442094256,0.9716784673052895,0.007496876301541024,0.019575177009579343,0,10.233495459843,0.8152227060552317,0.9484966395203112,2401
604,4145.244733014646,34.72687873103282,0.9265288165420149,0.02199736031676199,0.049714034315882095,0,15.75764068853539,0.8550128770517949,0.8839201756729176,2273
605,4550.313632259069,36.896447373903044,0.9571307300509337,0.01230899830220713,0.028438030560271648,0,13.03109648028296,0.8227811185695695,0.9311525784464345,2356
606,4777.268442035909,38.00054371828659,0.9733555370524563,0.0033305578684429643,0.022064945878434637,0,7.2945361439173535,0.8667179271228248,0.9653193365914868,2402
607,4283.25646062085,35.62937502149684,0.9354699003897792,0.020355132091814637,0.04157644001732352,0,4.365131759504939,0.8567750388964507,0.9044490301687277,2309
608,4304.060728841257,35.36956623631023,0.9400603708495041,0.02242345838723588,0.036653730056058646,0,4.813928628323336,0.8455654239471407,0.9055032009573968,2319
609,4880.978974524304,38.887324273453615,0.9738775510204082,0.01183673469387755,0.013061224489795919,0,10.377735922277655,0.8537925436132746,0.939876207058512,2450
610,5061.280581025962,39.70588259072028,0.986682808716707,0.0036319612590799033,0.006053268765133172,0,15.207712504567342,0.8373304635869075,0.9591355855730107,2478
611,4852.690264885852,38.42924908703506,0.9770491803278688,0.014344262295081968,0.0069672131147540985,0,10.595755794379745,0.8431648258405128,0.9248085557765119,2440
612,4358.901853014079,35.427863495581974,0.9490720759602935,0.021148036253776436,0.02762192490289167,0,16.54544578967044,0.845496523967273,0.8950758740781225,2317
613,4289.487965984866,35.426827039850146,0.9410737669140113,0.017459624618070713,0.04015713662156264,0,7.56223177915146,0.8598451027807889,0.897530139802298,2291
614,4976.263080256829,39.60039457923017,0.9716679968076616,0.008778930566640064,0.01675977653631285,0,17.021041133159333,0.8524933684523782,0.9326473165994538,2506
615,4601.440182485505,37.65315099341943,0.9503338898163606,0.021285475792988316,0.02712854757929883,0,12.412777447711692,0.8689672372025292,0.9005816195087197,2396
616,4633.859271434754,37.63291507433631,0.9538269550748752,0.007071547420965058,0.03618968386023295,0,12.529984222533624,0.8700413374325193,0.9380025264246523,2404
617,4776.112061091222,38.509742737668,0.9622796227962279,0.013940139401394014,0.021730217302173022,0,16.925486351767248,0.848282836920021,0.9276749735220414,2439
618,5519.298764589102,42.75531597249426,0.998877245508982,0.00037425149700598805,0.0007485029940119761,0,17.503735655171802,0.852466347067516,0.9875893639189708,2672
619,5276.189381274982,41.19658450081735,0.9899341850561363,0.00038714672861014324,0.007742934572202865,0,21.462502343317947,0.8285183515641705,0.9809920973932259,2583
620,4752.541038299479,38.020648602788626,0.9680365296803652,0.0049813200498132005,0.0253217102532171,0,14.503435594048472,0.8503605285683641,0.9573613206055309,2409
621,5374.812036094692,41.48694296944166,0.9950476190476191,0.0015238095238095239,0.0015238095238095239,0,16.33965866322218,0.8492296040761212,0.9800216889942089,2625
622,3892.6019170215177,33.37791265399614,0.9092940125111707,0.03351206434316354,0.05585344057193923,0,6.017092443909294,0.864281815290999,0.8286980406780013,2238
623,4347.948344543567,35.787764638216764,0.9432162982228002,0.01907238838318162,0.035110533159947985,0,17.16936823861378,0.8796291180566731,0.886745910604191,2307
624,3566.029094661139,30.295571533012883,0.9129793510324484,0.04178957718780728,0.04277286135693215,0,6.8958274758357785,0.8553639274568154,0.8203256485308623,2034
625,4563.729531766711,36.641055368420105,0.9639794168096055,0.01843910806174957,0.015008576329331046,0,13.562988539520598,0.8480820479083107,0.9170223729949868,2332
626,5803.010667191492,45.072077508616665,0.9996423462088698,0.0,0.0,0,22.527368504613943,0.8385266570033073,0.9880162488839607,2796
627,4516.967119665966,36.56446433683652,0.9550898203592815,0.011120615911035072,0.03122326775021386,0,15.572370267725926,0.859554871286371,0.9252145856318884,2338
628,5331.210913098545,41.48208833882318,0.9965197215777262,0.002320185614849188,0.001160092807424594,0,15.479822747848653,0.8464964424252074,0.9733509626174299,2586
629,4061.427430203107,33.98806413838874,0.9274193548387096,0.033602150537634407,0.036738351254480286,0,5.658931892730584,0.8704312637983876,0.8582407933713423,2232
630,2751.2789570679483,26.614609128144547,0.8277835587929241,0.09209157127991675,0.07752341311134235,0,0.1317617300627946,0.8642635672945492,0.6919895868488918,1922
631,3607.2029248962126,31.163947518655743,0.8970177073625349,0.04054054054054054,0.06057781919850885,0,5.695777730120341,0.8663238685743831,0.8125149222922925,2146
632,4678.010263545685,37.49219117152671,0.9631317315658657,0.015741507870753936,0.019055509527754765,0,11.921794980543297,0.8772111792032339,0.9084312003121564,2414
633,3845.9405823375096,32.780874877373286,0.9091322126306225,0.034075420263516586,0.05452067242162653,0,7.529621871862529,0.8614129232154532,0.854278357179616,2201
634,3415.7712892617865,31.121894711610604,0.8619731357109773,0.036591014358499305,0.09911996294580824,0,5.2609123702651,0.8624013101439373,0.8034129061739955,2159
635,4162.178337508324,34.99794896361599,0.9232104121475054,0.016919739696312365,0.05726681127982646,0,4.722592024457111,0.8365958604094685,0.8838039096331319,2305
636,5233.766052121597,40.70189735267918,0.9956590370955012,0.0015785319652722968,0.0011838989739542227,0,8.98383696223245,0.8490495660861337,0.9798376364934877,2534
637,5239.169500490173,41.13010005857119,0.9853281853281853,0.006563706563706564,0.007335907335907336,0,11.151289775047983,0.8561797806404998,0.9636029277838666,2590
638,3616.3352497693736,31.87213717989002,0.8858595194085028,0.036044362292051754,0.07578558225508318,0,6.509223521579325,0.8570737645615093,0.8172292784079154,2164
639,4148.2257801593705,34.48302590826387,0.9347826086956522,0.026619343389529725,0.03637976929902396,0,6.97644407440429,0.8682541557705306,0.8636398810315838,2254
640,3304.8468390090497,29.470900578177336,0.876871076774505,0.04490584258812168,0.07629164654756157,0,2.2770473374210343,0.8810925873986731,0.7771225453545124,2071
641,2687.015762644478,26.650623788380145,0.8113787801127627,0.06611993849308047,0.11993849308047155,0,2.529287175668375,0.8669238918425974,0.6935757817736292,1951
642,4304.473305872535,34.701720753680796,0.949438202247191,0.018582541054451167,0.030682800345721694,0,3.402768757760217,0.8737025646992768,0.9042696699452654,2314
643,3848.6497885746066,33.41275001925284,0.898506151142355,0.02240773286467487,0.0773286467486819,0,7.425541643474057,0.9075226606046044,0.8472185030461855,2276
644,3930.847729636267,33.80830232213218,0.9076038903625111,0.02564102564102564,0.06631299734748011,0,7.982433098588491,0.8951832910283037,0.8334846665340796,2262
645,4152.026307706929,34.86530560323179,0.9264387710947641,0.023799221116399826,0.04846386845521419,0,4.736949982953416,0.8881222768816536,0.8585034621834736,2311
646,3497.8402046271485,31.123642395526634,0.8802058961160505,0.05708937763219467,0.061300889096864764,0,5.974158845352237,0.8786152767123133,0.7843063327540953,2137
647,3122.3616768383527,28.986118858036328,0.8527818808468735,0.0620384047267356,0.08124076809453472,0,3.8930039826208063,0.881443843302932,0.7457201588041126,2031
648,4060.5687202177232,33.934265017577154,0.9256124721603564,0.033853006681514475,0.03964365256124722,0,5.343488752591194,0.8786741186302728,0.882827088174636,2245
649,3289.3898034832605,29.365626553209488,0.8757309941520468,0.057504873294346975,0.06432748538011696,0,2.2977387512567633,0.873832082671618,0.7924402922938059,2052
650,3163.0897696482098,28.67531839993231,0.8642156862745098,0.07401960784313726,0.058823529411764705,0,1.9281226601155042,0.894420025807066,0.7269496481751014,2040
651,3624.48713033547,31.890949122099897,0.8913144449605203,0.05294937296795169,0.0538783093358105,0,4.516354369832827,0.8910976185288235,0.7984168109958929,2153
652,3203.681343797244,29.373768022201975,0.8576904647819837,0.04695735505510302,0.0924772400574988,0,2.8971152582127995,0.8740307335728136,0.7516346070004531,2087
653,2919.548097871116,28.041516848430767,0.8303266699171136,0.06143344709897611,0.1053144807411019,0,2.1780925126522104,0.8756897954993653,0.7058175404141185,2051
654,3618.289307731133,30.904396142516212,0.9073714839961202,0.04364694471387003,0.04558680892337536,0,4.6331517510502405,0.8683458043331114,0.8544989793765415,2062
655,3460.254728485132,31.269520062617513,0.8662391204764086,0.03344021988089785,0.09757214841960604,0,6.647352665391326,0.8735692922632465,0.7866812897687679,2183
656,5294.143496300916,41.29592206208428,0.991495941244685,0.0023192887514495554,0.004638577502899111,0,19.319041890660138,0.8628053974750863,0.967548986175076,2587
657,5532.474039152665,42.91765056080271,0.9966517857142857,0.0018601190476190475,0.0011160714285714285,0,27.12941766258831,0.8383454506116006,0.9720606549811406,2688
658,5007.898096615463,39.657048743779114,0.9764658954926206,0.007977662544874352,0.014359792580773833,0,17.591551165118734,0.873010670620717,0.9523500349583294,2507
659,3929.1218711425545,33.41944283691076,0.91161956034096,0.014356213548676536,0.07222969941677883,0,12.202718282768377,0.8545143107265573,0.8935654173247504,2229
660,3781.674563482677,32.72329658301128,0.906177426846261,0.02833255921969345,0.06502554575011611,0,8.591345293179062,0.836857901759881,0.865847457266469,2153
661,4622.80074056846,37.36247727027667,0.9570526315789474,0.010105263157894737,0.029894736842105262,0,13.292799107045624,0.8549940779845537,0.93045043554481,2375
662,4334.076558520968,35.66325050034462,0.9439617723718505,0.018679409209383144,0.036055603822762815,0,12.0439638524489,0.8423761326226209,0.8950001215709796,2302
663,5010.568881776545,39.613536928900615,0.9784172661870504,0.005595523581135092,0.014788169464428458,0,18.07816640278419,0.857999082606791,0.9407610302610271,2502
664,4261.346551627164,35.141704715316706,0.939647577092511,0.022026431718061675,0.03656387665198238,0,9.168864323143355,0.8682342049538021,0.8875992314537652,2270
665,5125.2751205003815,40.07446642073533,0.9888446215139443,0.0027888446215139444,0.00597609561752988,0,9.953934856193149,0.8853038989504107,0.9719919805711881,2510
666,3383.7766745416457,30.704139624365492,0.8652680652680653,0.03776223776223776,0.0951048951048951,0,2.9947701838531455,0.879588092046143,0.8103491608936423,2145
667,3175.8889278042843,29.70037467511926,0.8464769015398973,0.03966402239850677,0.11012599160055997,0,2.2163855931689316,0.8711219856760751,0.7414630062632209,2143
668,3560.462808466652,31.6019895216005,0.8801463860933212,0.036596523330283626,0.08142726440988106,0,6.393976200502212,0.8704196582661862,0.8006548520295454,2186
669,5031.2355346530085,39.64208206714883,0.9815705128205128,0.002003205128205128,0.015224358974358974,0,8.412205453038883,0.869168069315564,0.962146503107557,2496
670,3904.141104211907,32.94035046579995,0.9220055710306406,0.02135561745589601,0.054317548746518104,0,3.861210417905216,0.8425943164935745,0.8836275634978454,2154
671,5505.038516545018,42.54315475567618,0.9981259370314842,0.0,0.0003748125937031484,0,16.35419879628102,0.8312337240423564,0.9913042268813659,2668
672,4946.271138610644,39.4103985239102,0.9734833266372037,0.010847730012053034,0.01566894335074327,0,11.338181500152713,0.8711767313317085,0.9275082407880774,2489
673,3470.9776372501497,30.930011211546223,0.8758915834522111,0.03518782691393248,0.08464098906324298,0,2.066068383749973,0.8672782347442246,0.8285294000739513,2103
674,4921.51991556863,39.15276159166296,0.9678443826915443,0.011512504962286622,0.017070265978562923,0,15.004614262868243,0.8464619184377813,0.9217586964766467,2519
675,2849.1632460132478,27.77533183950837,0.8194647201946472,0.06228710462287105,0.11630170316301704,0,5.308711224028746,0.8671614387441154,0.7089979545448256,2055
676,4878.756146307964,38.56465642156226,0.9797185430463576,0.006622516556291391,0.012003311258278146,0,10.799788013093174,0.8558603616680521,0.953212355511698,2416
677,4031.6426131643043,33.83495587929702,0.929784304726939,0.014685635612666361,0.055530059660394676,0,3.6843984622702903,0.8626544912777317,0.9278305838628785,2179
678,4501.888224734391,36.6849732334683,0.9513124470787468,0.01651143099068586,0.03048264182895851,0,6.65937339972956,0.8673725592503426,0.9201040902711561,2362
679,4322.775131770225,35.64749031015064,0.9394987035436474,0.011668107173725151,0.04753673292999136,0,4.411503333253214,0.8708739781944892,0.9231332751303675,2314
680,5381.387628691413,41.734126024244496,0.996177370030581,0.0011467889908256881,0.00191131498470948,0,11.500804961677131,0.8582251150356048,0.9874481727097663,2616
681,3946.2379380704087,33.46838426519127,0.918040293040293,0.027014652014652016,0.050824175824175824,0,9.27177649133817,0.8501473850302567,0.8534815295993975,2184
682,4640.756951954088,37.32559928688245,0.9589892294946147,0.014498757249378625,0.02444076222038111,0,14.436660467892315,0.8403382367247206,0.92586170634401,2414
683,4188.366635604767,34.89459766020861,0.9315068493150684,0.028722934158197082,0.035793194874060984,0,8.90476153917066,0.8434701299952201,0.8750796158498836,2263
684,4496.098141318173,36.515643413045055,0.955249569707401,0.017641996557659207,0.024526678141135974,0,12.878112561190044,0.8806071651307271,0.922147799309899,2324
685,3382.109394054736,30.057177853457127,0.8751205400192864,0.06075216972034716,0.058823529411764705,0,4.90822719701922,0.8470267667485207,0.7952528959244027,2074
686,4666.143608499158,37.38605698342754,0.9699915469146239,0.019019442096365174,0.009721048182586645,0,10.430251778680121,0.8810879338505695,0.9192169508794745,2366
687,3192.8053839258314,28.983875907376387,0.863147605083089,0.042033235581622676,0.09090909090909091,0,1.6796830444646418,0.8544460813737941,0.7889396982782023,2046
688,3358.108694595072,30.114765781770135,0.873015873015873,0.04040404040404041,0.0836940836940837,0,3.484616449506624,0.8680691764174174,0.8123085779703101,2079
689,5511.886447240425,42.67252760655305,0.9955240581872435,0.0,0.0029839612085042896,0,13.157303728477341,0.8215063465435068,0.984147706567322,2681
690,5315.288819944527,41.34721728931497,0.993428681870893,0.002705836876691148,0.0023192887514495554,0,16.132260562633636,0.8591096577763038,0.9846036722520585,2587
691,4324.533765795364,35.2585849803453,0.9516415261756876,0.012422360248447204,0.035048802129547474,0,5.124591354364872,0.8725046643472391,0.9350021398059617,2254
692,3674.1035294445655,32.745357802017324,0.8813559322033898,0.027653880463871544,0.08831400535236396,0,5.058128171954356,0.8637235350872199,0.8044598478228203,2242
693,3088.4135914176386,28.495689552076318,0.8532473971244422,0.053544868616757564,0.090233019335647,0,2.1150877369434444,0.8707671786546991,0.7625044806419591,2017
694,3758.3655982429323,32.70962446618157,0.8983739837398373,0.03432700993676603,0.06549232158988257,0,5.3132424361069965,0.8653956072716164,0.817739231791732,2214
695,3291.569803365334,30.190272428741768,0.8617424242424242,0.04640151515151515,0.09090909090909091,0,4.67727921705658,0.8744092061520987,0.7676646104379535,2112
696,3577.8366814472765,31.82364167229589,0.8794848206071757,0.04139834406623735,0.07727690892364306,0,4.533300994787854,0.8972835959485979,0.8264092611257577,2174
697,3619.3858906511155,32.26915757782702,0.8824874256973022,0.038408779149519894,0.0772748056698674,0,5.312058185030944,0.8867097272657383,0.7956624431969543,2187
698,3493.245524650399,31.09553101069314,0.8777011494252873,0.05563218390804598,0.06344827586206897,0,5.995942531759876,0.8942904213752974,0.7695741129795082,2175
699,3995.1083482028153,34.62897066963832,0.9045751633986928,0.02962962962962963,0.06274509803921569,0,7.480816876035936,0.8726348245136638,0.8353449140338006,2295
700,4477.006248091012,36.35118844405959,0.9563903281519862,0.017271157167530225,0.02547495682210708,0,10.752091415129946,0.8695904570310123,0.9217611625819255,2316
701,4494.966262255916,36.03507792883717,0.9696836555360281,0.016695957820738138,0.012741652021089631,0,6.888715795991977,0.8703858395438417,0.9247863250996663,2276
702,4746.782551586826,37.81731878857408,0.9684908789386402,0.013681592039800995,0.01616915422885572,0,15.2509706830741,0.8611895049220523,0.9293431897878909,2412
703,5197.595631310256,40.590259487109584,0.9894324853228963,0.0035225048923679062,0.0062622309197651665,0,18.636456012369617,0.8560275576312755,0.9662874940312117,2555
704,4954.136416291221,39.35919235972382,0.9741727199354318,0.006053268765133172,0.01735270379338176,0,9.999234610644923,0.8733961576474168,0.9510720283230027,2478
705,3597.4901418405707,31.273006868861483,0.8941231343283582,0.029384328358208957,0.07462686567164178,0,4.807443868323342,0.8715900131368026,0.8231251828995834,2144
706,3549.508418588206,31.14016810929675,0.8885199240986718,0.03700189753320683,0.0730550284629981,0,6.992934634029028,0.8513938430595773,0.8451310798596999,2108
707,3358.296624211294,30.593133716095668,0.8653295128939829,0.044890162368672396,0.08739255014326648,0,5.88005801111542,0.847296813773695,0.7974847483396642,2094
708,4525.504028989618,37.15535750305497,0.9426330994634751,0.010730499380932727,0.04539826661163846,0,8.095365748417517,0.8503676973563555,0.9160665146725435,2423
709,5037.511014107299,39.296569724367544,0.9866989117291415,0.004433696090286175,0.005642885933091495,0,10.713219089529955,0.8467376934010982,0.9646046047468001,2481
710,5230.887209374966,40.64186794167806,0.9910610182666149,0.0027205596579867857,0.0058297706956859695,0,21.18484992480482,0.8533717970162591,0.9728167572684483,2573
711,5406.303276933055,41.970489946101424,0.9973241590214067,0.0007645259938837921,0.0007645259938837921,0,28.646813107461398,0.8543846399207776,0.9819401032436782,2616
712,3787.4030198756413,33.059595706381835,0.8957771787960467,0.02605570530098832,0.07592093441150045,0,10.28143130383926,0.8569554375267103,0.8390222502279076,2226
713,3392.5610455438673,30.305355818256174,0.873358348968105,0.04174484052532833,0.08161350844277673,0,5.783119268970677,0.847490814231472,0.7604957015575685,2132
714,4439.265739532559,36.295616574515954,0.9495726495726495,0.015384615384615385,0.03376068376068376,0,6.236700399592108,0.8548376522806366,0.91398554308542,2340
715,3938.3525599750724,33.378564683454506,0.9164016356201726,0.025442980463425715,0.055883689232167195,0,4.727403840365598,0.8662665546847174,0.8854644475193687,2201
716,4810.526492772493,38.42782443538519,0.968839688396884,0.01107011070110701,0.01845018450184502,0,10.054671978598815,0.8666590649507109,0.9430624571893138,2439
717,4320.89506648361,35.61043382632597,0.9405940594059405,0.030994403788204908,0.025398191993112353,0,6.255943205046406,0.8616644931682808,0.8835042203447917,2323
718,3319.0627483677445,30.074125697286053,0.86810551558753,0.04268585131894485,0.08729016786570744,0,5.641805232094371,0.8617236636145105,0.7866252308125882,2085
719,4629.120441265466,37.13996752940549,0.9619406106231703,0.019238812212463405,0.016729401923881223,0,9.295582761836297,0.8579596665326086,0.9247849220870071,2391
720,4675.166893986614,37.336326503917086,0.9668485102811583,0.01258917331095258,0.019303399076793955,0,17.020262859346648,0.8311974798008835,0.9508618944675721,2383
721,3785.5069780933363,32.49033653316234,0.9058606368251039,0.021227503461006,0.0692201199815413,0,2.417586954127539,0.8643109388977713,0.8689270848315476,2167
722,3334.406361495814,30.473663207755788,0.8617121354656632,0.036688617121354655,0.09877704609595485,0,4.336784738287749,0.8507490637162499,0.7874130331747906,2126
723,3892.059590886156,32.97754790115632,0.9152930402930403,0.027014652014652016,0.05448717948717949,0,5.952326705131387,0.8751828086122055,0.8753395790012126,2184
724,4222.053934860838,34.99578652855813,0.9373356704645048,0.022348816827344433,0.03812445223488168,0,2.691604140032344,0.8814249295618417,0.8896635707550868,2282
725,4092.281069037225,34.88029627136954,0.9151593453919036,0.024978466838931956,0.05900086132644272,0,3.149588771089817,0.884874923995507,0.8650244840052557,2322
726,4494.389210787948,36.607822889743524,0.9550128534704371,0.022707797772065125,0.02056555269922879,0,3.071185270555831,0.9068780432275145,0.9120063164985598,2334
727,4340.289847826646,35.39112977874769,0.9467993079584776,0.028546712802768166,0.02162629757785467,0,6.282885937286037,0.8896864134387819,0.8936054397818237,2312
728,4045.678353907743,33.58284626449298,0.9341262580054894,0.029734675205855442,0.03339432753888381,0,4.949477055764771,0.8858714971539974,0.890007432951113,2186
729,3566.2939768381184,31.233397688812605,0.8927384907451352,0.030374940673943997,0.07356430944470811,0,0.9367743180696675,0.8647620091825841,0.8480442234247111,2107
730,4920.853197381402,39.02929850972778,0.9763747454175152,0.010183299389002037,0.011405295315682282,0,11.247613499142346,0.8788076639108977,0.9438815399888847,2455
731,5256.822557398562,41.18556437315711,0.9868624420401855,0.0034775888717156105,0.00811437403400309,0,11.97228665320618,0.8714789590974469,0.9704401030035407,2588
732,4272.078124716395,34.87059446375131,0.9492273730684326,0.017660044150110375,0.032671081677704196,0,5.355039841404422,0.8495003881065827,0.908988973771844,2265
733,4324.993769383446,35.5894761625123,0.9398366996132359,0.024065320154705628,0.0335195530726257,0,11.04205344572976,0.8485008763782221,0.8815554056833967,2327
734,4542.108526816132,36.65480495245267,0.961340206185567,0.01718213058419244,0.019329896907216496,0,9.661854359894383,0.8342978509525043,0.9110625950760303,2328
735,3532.761009917144,31.033675880591463,0.8910318225650916,0.044358727097396335,0.06075216972034716,0,2.646517584855159,0.8777323385224649,0.8326992447786816,2074
736,4929.180265927554,38.72730081263341,0.9848173984407058,0.006155108740254411,0.007796471070988921,0,7.11634667237727,0.8627391774890091,0.9660802675006499,2437
737,4431.885176455461,36.06793785865924,0.9507072438919846,0.018002571795970854,0.03000428632661809,0,10.101213613723406,0.8573584083807562,0.9075542414832607,2333
738,3896.2145348789736,33.09738477051002,0.909750566893424,0.027210884353741496,0.05941043083900227,0,6.736877258577934,0.8732436981562421,0.8648206666375341,2205
739,5129.043292032125,40.11146126550672,0.9896414342629483,0.0015936254980079682,0.007171314741035857,0,13.140098633490815,0.8688427110077895,0.9649918180242787,2510
740,4093.8994075017117,34.155795585361105,0.9291479820627803,0.02466367713004484,0.04349775784753363,0,8.68210821822591,0.8472879406546583,0.9005776300724961,2230
741,5224.270681663965,40.760600710960176,0.9868522815158546,0.008507347254447023,0.0030935808197989174,0,17.37617752127057,0.844811830418923,0.9547091913174901,2586
742,4233.776655103015,34.958148736423375,0.9410187667560321,0.016979445933869526,0.04155495978552279,0,6.582792563568047,0.8388515561890717,0.9288622411940904,2238
743,3205.2145817972055,29.818252626493596,0.8504761904761905,0.040952380952380955,0.10761904761904761,0,2.819595229176751,0.8621188186161496,0.7823562455827999,2100
744,2909.5834204535904,28.14381868083375,0.82312591866732,0.04997550220480157,0.12444879960803527,0,3.2856786349776144,0.8609980226131,0.7414545538061736,2041
745,5134.094380497035,40.10240564496616,0.985781990521327,0.0019747235387045812,0.010268562401263823,0,8.976591260936289,0.8738035869745492,0.9642872042625171,2532
746,5735.047756703585,44.6407172952735,0.9996375498368975,0.0,0.0,0,19.694538511954114,0.8499791651839679,0.9882231415436326,2759
747,4367.6171786056375,36.24954833832966,0.9370179948586118,0.016709511568123392,0.044130248500428446,0,12.038892370985142,0.8556945145375827,0.9127676554988865,2334
748,4746.638577849452,37.659530234103656,0.9732217573221758,0.007112970711297071,0.01799163179916318,0,10.945553736942495,0.8487943872675213,0.9536556499548767,2390
749,5156.222886466971,40.6141932428165,0.9831041257367387,0.00275049115913556,0.01218074656188605,0,12.950692571617864,0.8485522765764602,0.9662013949265819,2545
750,4966.68006870863,38.495229208199504,0.9898042414355628,0.0016313213703099511,0.00734094616639478,0,13.679269832289396,0.8339920153925231,0.9765711378404355,2452
751,4604.123342471605,36.950824466102326,0.960676532769556,0.009725158562367865,0.02748414376321353,0,7.113804602174518,0.8369315419622514,0.944811497809605,2365
752,5362.440712644641,41.442176620404275,0.9973169796857033,0.0,0.0019164430816404753,0,13.535576855045836,0.8675711925795674,0.9842954578439335,2609
753,3898.0558983695764,33.4683262766036,0.9057450628366248,0.02244165170556553,0.06687612208258528,0,5.404978861090099,0.8597576256818611,0.860843087294086,2228
754,3763.7934226969005,33.21853080165965,0.8834866403854578,0.024967148488830485,0.09023215067893123,0,10.188387319803425,0.8753801609582905,0.8256138127255045,2283
755,4344.548201021594,36.356390398783056,0.9282718120805369,0.02181208053691275,0.04823825503355705,0,14.731954593274907,0.870778034519554,0.8770912306872143,2384
756,4732.943936219117,38.09367884684058,0.9630541871921182,0.014367816091954023,0.021346469622331693,0,16.351519639574377,0.8511510674187945,0.9200838434593708,2436
757,4936.573259059221,39.000462040996716,0.9803841438496118,0.004495300367797303,0.013485901103391908,0,22.350643522477156,0.8570343538035003,0.9613226352591694,2447
758,3466.5131609881123,30.57287177382522,0.8839541547277937,0.04680038204393505,0.06638013371537727,0,4.584799604495007,0.8476825101572144,0.8097113767815617,2094
759,3738.5826644460053,32.25365629710054,0.8979591836734694,0.026303854875283448,0.07392290249433106,0,4.502707071264615,0.8752006566854081,0.8377741905407121,2205
760,5029.669775239647,39.63404407419435,0.9785544082605242,0.005957108816521049,0.014297061159650517,0,15.071660456260718,0.8367764446417597,0.9469322913018018,2518
761,4271.5385480155055,34.96339868548757,0.9464601769911505,0.008849557522123894,0.04380530973451328,0,7.602298738717805,0.8700882966071648,0.9173045328662283,2260
762,5177.703866503241,40.45934808193127,0.9916732751784298,0.0015860428231562252,0.006344171292624901,0,9.971112649520817,0.8323623177218955,0.9835374096597812,2522
763,4685.475508953614,37.99541725608699,0.9532019704433498,0.005336617405582923,0.03981937602627258,0,15.460104028616769,0.8430021518304821,0.9361473537826294,2436
764,4125.350153229614,34.35268752249218,0.9303882195448461,0.018295403837572513,0.050870147255689425,0,7.992965829391428,0.8458742238297562,0.909742812669572,2241
765,3936.721370642378,33.39880398935019,0.9156462585034013,0.022675736961451247,0.06031746031746032,0,12.123038994099245,0.8353386380673796,0.8970647019588155,2205
766,4569.427829444901,36.82930414880891,0.9647766323024055,0.011597938144329897,0.02276632302405498,0,13.053350199689813,0.8827206125995771,0.9211634361816722,2328
767,5550.238511248594,42.8866065983239,0.9985152190051967,0.0,0.0007423904974016332,0,22.40868814196095,0.8597283704224882,0.9889286316082357,2694
768,3583.2529301785135,31.258130211226167,0.8936470588235295,0.02211764705882353,0.08235294117647059,0,2.4070552447309455,0.8903767163266533,0.8326710731292367,2125
769,2383.441669715702,24.97347114245336,0.7822706065318819,0.0782789009849663,0.13737687921202696,0,3.1120655184100183,0.8685249794148128,0.6607803716218407,1929
770,2925.975194519863,27.541337827520604,0.8444902162718847,0.06539649845520082,0.08650875386199794,0,2.090815994382215,0.8860072465855392,0.7506128743989194,1942
771,4428.28665650691,36.310703881669546,0.9450830140485313,0.01489995742869306,0.038739889314601955,0,7.87545147817486,0.8641835290250871,0.9049408538788738,2349
772,4036.6211568014132,33.81652801395419,0.9250334672021419,0.025435073627844713,0.047746541722445336,0,7.202469156775011,0.8496405770882577,0.872870426135588,2241
773,3471.716375278386,30.707228352297168,0.8807296538821329,0.03601496725912067,0.08091674462114125,0,3.3927469468861298,0.8685481373932824,0.8073088502292977,2138
774,4482.365469201508,36.56446543635336,0.9495374264087468,0.023549201009251473,0.0248107653490328,0,12.981835508496546,0.8609299564709085,0.8900372953712695,2378
775,4188.100115098357,34.59146889619775,0.9353711790393013,0.02576419213973799,0.03668122270742358,0,6.396057224020792,0.890955752129709,0.8769657318117726,2290
776,4686.720204264771,37.94307427949879,0.956949569495695,0.014760147601476014,0.02706027060270603,0,13.668915199968119,0.8712879502747964,0.9030119972405466,2439
777,4268.933151580528,35.07439966499121,0.943954104148279,0.01588702559576346,0.03971756398940865,0,6.780344820524289,0.865596884061064,0.9151649815275088,2266
778,5249.039114058535,40.81514717075908,0.9922057677318784,0.0027279812938425566,0.0035074045206547155,0,10.758958981673066,0.8502114491731138,0.9815356620179578,2566
779,5511.991318472012,42.920759656937896,0.9951401869158879,0.0014953271028037382,0.002616822429906542,0,17.427359537956658,0.8629060925191446,0.9799874766085757,2675
780,4059.5546497675164,33.946593928697546,0.9288627095604893,0.024467603081105575,0.044404168554599006,0,5.308985029785408,0.8600370905708757,0.900492684536933,2207
781,4817.815801121566,38.327621317560514,0.9697588884348182,0.004903964037597058,0.023293829178586023,0,13.845610917813966,0.8477903648591686,0.9417906284293263,2447
782,4760.075880944667,38.23289739709951,0.9636213311285655,0.007441091360066143,0.02645721372467962,0,14.271518126282084,0.8710229774580239,0.9366416470816221,2419
783,4922.606437276036,38.988468420197265,0.9734513274336283,0.008447304907481898,0.016090104585679808,0,13.949370446235585,0.8521848694253302,0.9351505943936919,2486
784,3915.5330421075437,33.1967542154565,0.9170865781035272,0.02656894182317911,0.05405405405405406,0,5.609475791665069,0.8488338058036428,0.8572781336607441,2183
785,4311.163454544041,35.26325036391048,0.946883230904302,0.01887620719929763,0.031167690956979806,0,6.112010810081907,0.8572973090184565,0.9018304770078927,2278
786,4033.212323899886,33.799015472579036,0.9264440433212996,0.02527075812274368,0.046028880866425995,0,6.155250267405368,0.8455039803551634,0.9049636634477691,2216
787,5284.2011087928595,40.96667218396874,0.9915286869464767,0.0011551790527531767,0.0061609549480169425,0,9.733059569892136,0.862574202969728,0.9742716882106683,2597
788,3509.6909336669746,31.116983859606485,0.8802254579614842,0.038985439173320806,0.07844058243306717,0,2.9237890982722643,0.8546052039622211,0.8303203564864934,2129
789,4758.25252345018,37.97699355112157,0.9700499168053245,0.007071547420965058,0.021630615640599003,0,8.425187876353617,0.8609688180501456,0.9476384025269161,2404
790,4085.77540874997,34.29728442518083,0.9256455921638468,0.01647373107747106,0.05654496883348174,0,3.5566635304762775,0.8614266337976622,0.9131691979601987,2246
791,3208.2939457728094,29.127377778271782,0.8618357487922705,0.043478260869565216,0.09323671497584542,0,5.823178306210894,0.8629578003355823,0.777750821774274,2070
792,5031.108611730204,39.26837370361397,0.9867256637168141,0.0016090104585679806,0.00925181013676589,0,8.902400240704836,0.8762204364507383,0.9811396350639412,2486
793,4789.071989471963,37.600644182953296,0.9770833333333333,0.004583333333333333,0.014583333333333334,0,11.950566797988206,0.8555503283419955,0.9529902620368126,2400
794,2376.1152471914907,25.221540119747672,0.7773815588385125,0.07030056036678553,0.15028018339276616,0,0.6442981032466898,0.8514036080795729,0.6483163846616579,1963
795,2859.133637508685,27.160885736397226,0.8369565217391305,0.06728778467908902,0.09316770186335403,0,1.956934015457984,0.8660923131222554,0.7493386392423319,1932
796,4478.661759077103,36.007032284933594,0.962510897994769,0.013949433304272014,0.022667829119442023,0,6.054554861845686,0.8590608951926634,0.9388626309656588,2294
797,2643.246137130621,26.716663905078324,0.8003041054232134,0.07399898631525595,0.12316269640141916,0,4.340677697289555,0.8737293455997569,0.6885336171430235,1973
798,4900.501142864644,38.909388525196164,0.9775418538178848,0.0032666394446712946,0.019191506737443853,0,7.00884048628061,0.8598903809960156,0.9574811674466677,2449
799,4867.159107672013,38.77891075742765,0.9734802121583027,0.0073439412484700125,0.019175846593227255,0,12.845975889436366,0.8781030720121273,0.936433285222024,2451
800,5391.686100485723,42.00859107894807,0.995772482705611,0.0003843197540353574,0.001921598770176787,0,9.918164092493832,0.8827134624234944,0.9881342294018445,2602
801,3424.6674197538,30.992281301896764,0.8657471264367816,0.029885057471264367,0.10206896551724139,0,6.1550643613297495,0.8656614128008223,0.7863698357083201,2175
802,5557.89672232027,43.31550614652347,0.9955406911928651,0.0003716090672612412,0.002601263470828688,0,17.354131684871263,0.83722150965483,0.9836744768012153,2691
803,3909.8203905180158,33.14999462494433,0.9135184342284934,0.03413746017296313,0.04915794264906691,0,4.812930523002537,0.8527916960133084,0.8755381235108141,2197
804,3285.0927886128807,30.024168578873006,0.8586905322656618,0.04898728214790391,0.08808290155440414,0,5.120900067791534,0.8723104985134971,0.7530396655404877,2123
805,3149.115739133137,29.633289248002615,0.8359887535145267,0.02858481724461106,0.1316776007497657,0,2.4705443470944495,0.8825978366157631,0.7751897824533983,2134
806,3593.97325237396,31.446488585093018,0.8905747126436782,0.03632183908045977,0.07172413793103448,0,7.834320647069505,0.9044755235187077,0.7908528800419496,2175
807,3476.3405687279555,31.128480866466102,0.8713369963369964,0.03708791208791209,0.08791208791208792,0,1.7971924496006766,0.8921403486391245,0.801723012812934,2184
808,3421.785539446422,30.950429369818295,0.8679762448606669,0.04202832343535861,0.08725445408862495,0,4.291580485164069,0.8804389108835668,0.7431682782668009,2189
809,3371.8807457417142,29.866548948741872,0.8826086956521739,0.04106280193236715,0.0748792270531401,0,6.932245990516953,0.8744835464592303,0.7741735800991445,2070
810,5079.510938286404,39.71286376064186,0.9840891010342084,0.003977724741447892,0.008353221957040573,0,12.333051780227049,0.8543197786041786,0.9678567408667589,2514
811,4253.084050515716,35.063044449240245,0.944,0.020888888888888887,0.03333333333333333,0,8.89567232526887,0.8583607728898945,0.889610924300602,2250
812,4050.015465537964,34.05711238909849,0.9239081494822152,0.022062134173795586,0.05132823052678973,0,4.0052952170328755,0.8601367486382239,0.8784952421481643,2221
813,4433.006378101898,36.07849026262164,0.9525862068965517,0.021982758620689654,0.02327586206896552,0,8.274921632979732,0.8453330350130758,0.9082387131483558,2320
814,4860.151744679783,38.05669952209512,0.9815119145439606,0.007395234182415777,0.010682004930156122,0,10.953726581203608,0.8665982024868037,0.9551301721242925,2434
815,3366.439137469575,30.5218589380254,0.8703878902554399,0.036896877956480605,0.09035004730368969,0,5.322574990573013,0.8663090249016245,0.77849123999672,2114
816,3957.228300452875,33.413117864432365,0.9198717948717948,0.027930402930402932,0.04945054945054945,0,4.405556575248342,0.8729351109634009,0.8795536604911933,2184
817,4531.928003708796,36.45969284177698,0.9583687340696686,0.014018691588785047,0.02463891248937978,0,13.74426351097818,0.8693872927443546,0.911688246759866,2354
818,3564.7755362515854,31.961264050188376,0.8757961783439491,0.0373066424021838,0.0832575068243858,0,8.043916090285473,0.8623311370407639,0.7847561429423103,2198
819,3875.598968750946,33.2104067476392,0.906648451730419,0.038706739526411654,0.05145719489981785,0,7.900538140706771,0.880085541580078,0.8459916599144269,2196
820,5335.766814427147,41.882571264076056,0.9922690374951681,0.0030923850019327404,0.003478933127174333,0,22.213686117516676,0.8435358908906376,0.9683750735619492,2587
821,3163.766188288725,29.641736486148062,0.8451431252932895,0.04364148287189113,0.10886907555138432,0,6.9476043142013,0.8772863380958361,0.73260410235843,2131
822,3164.8547883611636,28.1795640767699,0.8752545824847251,0.053462321792260695,0.07026476578411406,0,2.910232330797306,0.8761198498169289,0.7782130350343166,1964
823,4762.446787518119,37.83537472713929,0.9717255717255717,0.010395010395010396,0.0158004158004158,0,13.479397063880423,0.8743894098991624,0.9255974730873783,2405
824,2714.3370703035334,26.409526201432154,0.8198854763144195,0.07652264445601249,0.09786569495054659,0,3.4620361494681635,0.8573945181144683,0.7011857854806236,1921
825,3258.7357602950174,29.779869149250047,0.8630466122056704,0.06823642479577126,0.06631427198462278,0,4.597906942017714,0.8882911218725252,0.7630982630432978,2081
826,4559.652281860517,36.896822313294,0.955443463640185,0.021437578814627996,0.020596889449348465,0,12.51760991565775,0.877058426304246,0.914093368435596,2379
827,3389.821162949092,30.559612716801897,0.8697674418604651,0.05023255813953489,0.07767441860465116,0,7.857566272893308,0.8666439112834987,0.7424846180939931,2150
828,3799.8940353601834,32.36256330355025,0.9079365079365079,0.0326530612244898,0.05714285714285714,0,9.556008349453979,0.8982696324845578,0.8179903358029176,2205
829,4537.1611906736225,36.850922423136154,0.9505403158769742,0.01828761429758936,0.029925187032418952,0,10.478863356871354,0.8643100476981646,0.9001862299456798,2406
830,3154.0424360936877,29.318550060920472,0.8537666174298375,0.060561299852289516,0.08370260955194485,0,6.701928491169929,0.8769309237763946,0.7561538399017621,2031
831,3967.2136966174576,33.76337092357678,0.9162936436884512,0.02685765443151298,0.05595344673231871,0,8.605584962569118,0.8618491875725149,0.8448164680442596,2234
832,4639.494749138521,37.5250526509132,0.9596169858451291,0.019567027477102414,0.020815986677768527,0,7.793467592692583,0.8331327077098616,0.9192299436437386,2402
833,4463.100342905829,36.205383914078475,0.9566536627654963,0.027308192457737322,0.013437364542696142,0,6.3795492435059975,0.8724467017911466,0.9097825076941268,2307
834,4173.653533683582,34.40368870983499,0.9399372478709099,0.016584491259524877,0.03989242492155984,0,5.015645843437514,0.8557723268301504,0.8894030142425308,2231
835,3452.6508553379063,30.676415602676272,0.8827821011673151,0.05301556420233463,0.061770428015564205,0,7.773757210573743,0.8990409635325471,0.7955219234917922,2056
836,4065.141333778322,33.6848389277969,0.9369328493647913,0.017695099818511795,0.043557168784029036,0,2.9713771881034545,0.8637210403749777,0.8859831955440657,2204
837,4358.120958653051,35.58277744770894,0.9432203389830508,0.03686440677966102,0.017796610169491526,0,10.472740630095602,0.8958376700296994,0.8543278707336557,2360
838,4398.126352878228,35.57154558693039,0.9524421593830334,0.026563838903170524,0.018851756640959727,0,6.7533769468844485,0.8681927740356588,0.8732068059311586,2334
839,3932.1594656233065,32.89849967035706,0.9225192569098324,0.031717263253285,0.04349796103307658,0,4.865312205931619,0.8757233638965909,0.839554473457758,2207
840,5041.417917463157,39.80917457941272,0.9800079968012795,0.004398240703718513,0.013994402239104359,0,13.149066892953176,0.8808308491647937,0.9455908559303783,2501
841,4254.084571128435,34.61295475024111,0.9463652482269503,0.020833333333333332,0.030141843971631204,0,9.00141431386465,0.8561604670351664,0.9001904079866249,2256
842,4089.5692357428543,34.36329843472664,0.9234828496042217,0.024186455584872472,0.0505716798592788,0,8.08236627557214,0.8929865785170601,0.8748823085043217,2274
843,3271.0442838244394,29.62338299647033,0.8666026871401151,0.04750479846449136,0.08349328214971209,0,3.9733007977309716,0.8628518680019799,0.757578114593831,2084
844,3212.3145113183014,29.265794906346663,0.8612048192771085,0.037590361445783135,0.09879518072289156,0,0.19787544652128086,0.882764206005662,0.801681360964619,2075
845,4180.599050379332,34.81832864172442,0.9302123970524491,0.022106631989596878,0.045513654096228866,0,2.6856296183207062,0.8868378676209943,0.8702869012637892,2307
846,4403.31443013518,35.72093288202187,0.9537319947621126,0.013531209079004802,0.03142732431252728,0,3.45758265383813,0.871809969787693,0.9293050098137818,2291
847,3888.8112220876897,33.095566927003986,0.9101633393829401,0.03130671506352087,0.05535390199637023,0,1.5556316291773,0.8945017838909689,0.8803716064850793,2204
848,4636.993641782771,37.62417465550665,0.9569937369519833,0.012943632567849687,0.02881002087682672,0,5.240381004255338,0.8832888489949664,0.9347562147663951,2395
849,4531.81642813421,36.58733781065801,0.9585115483319077,0.013259195893926433,0.02523524379811805,0,5.526214213804387,0.8528553559902483,0.9305329175693008,2338
850,5114.975859756993,40.49959250585647,0.979599843075716,0.011377010592389172,0.007846214201647704,0,12.9804308453304,0.8696250785648791,0.9516197265403621,2549
851,5516.260803717833,42.966071790491775,0.9907510173880874,0.0029596744358120607,0.004809470958194599,0,17.801816730604617,0.8491567834932088,0.9711460141209707,2703
852,4641.013449561499,36.88513873032008,0.9726962457337884,0.008959044368600682,0.016638225255972697,0,9.160213870882966,0.8675023833603411,0.9388749335510456,2344
853,5293.686213984735,41.571262144623105,0.9850460122699386,0.003067484662576687,0.010352760736196318,0,9.716102365417546,0.8487724409522391,0.9752801293306093,2608
854,5819.962923142497,45.29252073691242,0.9989289539450197,0.0,0.0007140307033202428,0,19.54318917496192,0.8724353338089454,0.9860319400129848,2801
855,4168.530567363459,34.66648702979821,0.9353832442067737,0.023618538324420676,0.0392156862745098,0,7.571058123068248,0.8434995952985942,0.9035055190515974,2244
856,3642.553500585678,31.38962220686834,0.9,0.033962264150943396,0.06367924528301887,0,3.9804029981930085,0.8655652162158277,0.8550466533385082,2120
857,4824.3456643367435,38.48286919750463,0.9728506787330317,0.008227067050596462,0.01809954751131222,0,14.872073217932034,0.8639016211434081,0.9264719739362673,2431
858,2971.4228640311594,28.23069165234441,0.8349080059671805,0.0765788165091994,0.08453505718547986,0,4.228525904174765,0.8753121506751508,0.7289013325957006,2011
859,3915.11066653314,32.54381890437003,0.9292321924144311,0.030527289546716005,0.039777983348751156,0,5.357707972023965,0.8664820436619057,0.856313277342162,2162
860,3802.795543380448,32.537168431672924,0.9108545034642033,0.04295612009237875,0.04387990762124711,0,4.03554976552558,0.9022270788609212,0.8265376394044379,2165
861,2932.353805238591,27.765291588824258,0.8372898120672602,0.06923837784371908,0.09000989119683482,0,1.8575667309643964,0.8817387912823281,0.7191868397028919,2022
862,3097.144630546901,28.901568062339738,0.8495486459378134,0.05416248746238716,0.09428284854563691,0,4.71091751698134,0.8857929106800868,0.7759554808084757,1994
863,4104.089832836227,34.97008114092087,0.9156209433145824,0.02942449156209433,0.05279099956728689,0,11.561439611681678,0.8987084668561484,0.8350601000068136,2311
864,4185.288584083628,34.874160531520744,0.9307792773182412,0.03221593382673052,0.0348280365694384,0,7.677242227387354,0.8890677639303205,0.8515339333337213,2297
865,4668.621828879097,37.64470045938407,0.9595375722543352,0.01981833195706028,0.018166804293971925,0,17.22313997513062,0.8971291310641824,0.9002078421522124,2422
866,3791.97231866558,33.151779810593645,0.8974706413730804,0.04336043360433604,0.058265582655826556,0,9.79105128464325,0.8685215080047795,0.8071077014194128,2214
867,4236.373458484246,35.39684384820186,0.9306759098786829,0.02729636048526863,0.04072790294627383,0,7.6972747825448415,0.8625906200446101,0.8984410713771623,2308
868,5548.68749617497,42.95022507333126,0.9974045235446792,0.0014831294030404152,0.0003707823507601038,0,21.076511252142048,0.8840059294420164,0.9842942507579132,2697
869,4919.526540715502,38.89238454613557,0.9770161290322581,0.010080645161290322,0.012903225806451613,0,12.857869115685045,0.8392755466697244,0.9463133607611122,2480
870,5058.726350862393,39.94342192462306,0.9816073570571772,0.0059976009596161535,0.009996001599360257,0,15.092603375623039,0.8528001958640337,0.9638779403414934,2501
871,4928.768849913609,38.79046426183166,0.9805352798053528,0.01013787510137875,0.007704785077047851,0,11.844353950147626,0.8360751686611072,0.9523446361453408,2466
872,5426.536425032169,42.211861040472044,0.995077622112836,0.0003786444528587656,0.004543733434305188,0,11.21210347960597,0.85503752229261,0.9787728444259702,2641
873,4351.23020613866,35.50192639470762,0.950021920210434,0.01841297676457694,0.029811486190267425,0,5.81041856731408,0.8608364251036047,0.9246355679574795,2281
874,3954.2104814768195,33.123857353676776,0.9224806201550387,0.01459188326493388,0.06064751481988144,0,6.920992342160041,0.8548455945534053,0.891948286585564,2193
875,4515.251422226076,36.500983896496116,0.9584226318045435,0.015002143163309044,0.02486069438491213,0,9.351713260733998,0.8611700990507445,0.9171838169282149,2333
876,3403.0608527256936,30.40469559810939,0.8776978417266187,0.03788968824940048,0.08105515587529977,0,2.7198827337817106,0.8311771619492185,0.7968803554130857,2085
877,5131.781351774163,40.11279800003176,0.9892772041302621,0.0019857029388403494,0.008339952343129467,0,11.914940463006436,0.8492417561482918,0.9702536739653969,2518
878,3813.2119520666024,32.44176021907047,0.9135060129509713,0.022201665124884366,0.06244218316373728,0,2.7866734944948375,0.8435721213706288,0.868920253769595,2162
879,4397.007423952831,36.144767148912415,0.9478260869565217,0.01652173913043478,0.03434782608695652,0,6.6645845884249875,0.8284374424998342,0.903737941583333,2300
880,4950.084436658861,39.34020818535748,0.97436924309171,0.012014417300760914,0.012414897877452943,0,6.591468605461036,0.8420318012419755,0.9459138186809775,2497
881,4276.876656695669,35.506409191495386,0.9325021496130697,0.014617368873602751,0.05116079105760963,0,9.671330764277053,0.8362839533652919,0.9036013277313631,2326
882,3854.1550848984743,32.84520315542023,0.9099504727600181,0.021161638901395767,0.06888788833858622,0,6.32614879778431,0.8659648931170518,0.870601329311997,2221
883,4355.438402861871,35.46535505012227,0.9455488331892826,0.009939498703543647,0.04278305963699222,0,10.31037860482362,0.8493987205558836,0.926644524502551,2314
884,4051.748038221388,33.745388153966346,0.9304620906235981,0.03275011215791835,0.034993270524899055,0,8.914594401899759,0.8503589986961047,0.8335361820549249,2229
885,3852.796885155188,33.667304590941654,0.8976517501107665,0.027470093043863535,0.07443509082853345,0,11.100820188371257,0.8698247557805318,0.8248548931173972,2257
886,3900.631386505711,33.213235567766674,0.9107385591300408,0.031264159492523785,0.05527865881286815,0,14.304919240346102,0.8561754100515815,0.8603132917116282,2207
887,4093.020589916441,34.14493397007353,0.9293647267880942,0.02132385606397157,0.047534429142603286,0,11.134082201104942,0.8755949255939174,0.8862698597463211,2251
888,2631.445341379598,25.87378281887051,0.816580310880829,0.08601036269430051,0.09533678756476684,0,2.4019817103652157,0.8595689937287294,0.6742339969522452,1930
889,5151.190852312104,40.446098361398064,0.9824698091156993,0.00584339696143358,0.01168679392286716,0,17.481332498315798,0.8702722292581381,0.964087852646354,2567
890,5537.090931949862,42.91166880024948,0.993701370878103,0.0014820303816228233,0.002593553167839941,0,28.306755750041912,0.8748985883776388,0.9710968360256206,2699
891,4036.268939559019,33.76824524274971,0.9259757738896366,0.03992821893225662,0.03140421713772992,0,14.6636320315111,0.8462268921892261,0.8514636245183735,2229
892,4770.691217802537,38.3056202887571,0.9663382594417077,0.016420361247947456,0.01600985221674877,0,15.238064577261047,0.8687331798253105,0.9126171405785393,2436
893,4263.328269484227,35.19624126612575,0.9431363838294091,0.02087960906263883,0.034207019102621056,0,9.830800892042184,0.8517398169047766,0.8947044286483459,2251
894,4382.42827967268,35.96539927173926,0.9450596252129472,0.026831345826235094,0.02555366269165247,0,4.023206565224208,0.8729211774786351,0.8859399494175091,2348
895,3176.353199313698,29.48445104520263,0.8506894912030433,0.05991440798858773,0.0865430337612934,0,4.815351885065066,0.8936769189846707,0.7358534579450461,2103
896,4245.653952516107,34.987767570409915,0.941586748038361,0.025283347863993024,0.03095030514385353,0,7.776647147122395,0.8983627040520953,0.8630854665952143,2294
897,2961.285879779239,27.874096020772665,0.8437025796661608,0.0753667172483561,0.07738998482549317,0,1.896660433774339,0.8963237192039414,0.7154973726385679,1977
898,3171.61526608605,28.847901799952744,0.8647830474268415,0.06256306760847628,0.06912209889001009,0,4.763244624220075,0.871708156254699,0.7871804119916698,1982
899,3919.764976837859,33.094487651935744,0.9185993633469759,0.02592087312414734,0.05411550704865848,0,4.772912046118621,0.8934790917352688,0.8732212790264138,2199
900,2947.7507798671795,27.622597306901017,0.8463463463463463,0.07557557557557558,0.07607607607607608,0,0.360060698260542,0.8822390897785256,0.6923319372897693,1998
901,3217.4744366920436,29.98651619378947,0.8533526290400386,0.04775687409551375,0.0964785335262904,0,2.860737604029342,0.8834126423427991,0.770847061508716,2073
902,2803.9660812129405,27.207128304003703,0.8212121212121212,0.08131313131313131,0.09444444444444444,0,4.2409119315300785,0.866837989127002,0.7078124055917666,1980
903,5024.2029239820395,39.92779909444874,0.9767907162865146,0.006802721088435374,0.014405762304921969,0,11.986037738575382,0.8684085331142387,0.9499593019634178,2499
904,5675.40936427179,43.864310876489974,0.998546511627907,0.0003633720930232558,0.0003633720930232558,0,27.8016188841178,0.8590661702862042,0.9881781883363228,2752
905,4977.525382717278,38.96743364986171,0.983746444534742,0.003250711093051605,0.009345794392523364,0,21.918101114211474,0.8386121893316039,0.9704930383894107,2461
906,3985.9271195352812,33.5333149153269,0.9216216216216216,0.026126126126126126,0.051351351351351354,0,7.829175717749429,0.8547198982149998,0.8717083182061547,2220
907,4531.468914671039,36.85399067305318,0.9525423728813559,0.015677966101694914,0.030508474576271188,0,13.6328541808356,0.8538832050261654,0.9289929075004905,2360
908,3192.8451133833605,30.011529618840388,0.843441466854725,0.04231311706629055,0.11283497884344147,0,3.1616553099844658,0.8750276270733469,0.7557442914558395,2127
909,3129.8241304042867,28.821161734332108,0.8549323017408124,0.03868471953578337,0.1029980657640232,0,0.2291334021191973,0.8701348514599706,0.7622281634445768,2068
910,3602.216561961104,31.742314834585773,0.8802367941712204,0.02959927140255009,0.08652094717668488,0,1.4604698786648824,0.8985004005095161,0.8218294175694747,2196
911,3718.812500246898,32.62995248135514,0.8917808219178082,0.03424657534246575,0.07168949771689498,0,2.5924619787209675,0.8991603936371986,0.8484750045781062,2190
912,4603.759188130824,37.14235190636902,0.9559932942162616,0.010896898575020955,0.030176026823134954,0,7.415469413137953,0.8733053400553182,0.9225734307666519,2386
913,2850.879914033956,27.78097249659935,0.8212536728697356,0.06904995102840353,0.10675808031341821,0,5.8430915146453435,0.8705250619608351,0.6780201849953021,2042
914,4763.754771772,38.00903122777336,0.9681555004135649,0.008684863523573201,0.020264681555004136,0,9.41200533429633,0.8578900454896713,0.9470901499637633,2418
915,3320.775883722517,30.040665975393257,0.8648007590132827,0.03747628083491461,0.09487666034155598,0,4.973562198074867,0.867168200493549,0.7714422910942367,2108
916,2727.5436309020306,27.212001545931194,0.8078985860555826,0.07020965382740127,0.11847879083373963,0,8.643467163947294,0.8708904391491873,0.6492291844647425,2051
917,4448.635196050191,36.6386169874207,0.9432443879711987,0.02244811520542143,0.03303684879288437,0,7.110585246825552,0.8661088592491976,0.9012956291379511,2361
918,3250.507337502401,29.388884360307767,0.8638768638768639,0.05868205868205868,0.0735930735930736,0,4.331649262253113,0.881448696748985,0.7476103546598438,2079
919,2448.55770950133,24.973281921814536,0.7925204918032787,0.0860655737704918,0.1168032786885246,0,4.245119153294322,0.8844266784756964,0.6335591104365796,1952
920,3323.0107040391827,29.17572041424904,0.8873653281096964,0.07639569049951028,0.03330068560235064,0,0.6680053663700682,0.8892949081974141,0.7393203034470284,2042
921,3263.5965394627433,30.626050612826724,0.846259752179899,0.0445158329508949,0.10692978430472694,0,3.9359971039725083,0.9104608039039583,0.7348935933666386,2179
922,3423.335395447354,30.481610119213318,0.8785714285714286,0.040952380952380955,0.07714285714285714,0,4.827552208996395,0.8864774249072404,0.8026207246656355,2100
923,4073.206499028811,34.04420171581533,0.9278673835125448,0.033602150537634407,0.03449820788530466,0,9.656477383356371,0.8774803274276379,0.8696149112353504,2232
924,3723.625607381374,33.30978776563598,0.8817777777777778,0.036444444444444446,0.0791111111111111,0,6.539364056152336,0.8873879656182175,0.7922344904978238,2250
925,3672.9804541941194,32.013281243517824,0.8981395348837209,0.038604651162790694,0.06046511627906977,0,3.0686354248033605,0.873604357503153,0.8192368482862034,2150
926,4192.367396145703,35.293023269919814,0.9210526315789473,0.028041415012942193,0.04659188955996549,0,7.947132931735795,0.8711553168599181,0.8704260066109907,2318
927,5446.035436733962,42.367160017651905,0.9962135554714123,0.001893222264293828,0.0015145778114350624,0,13.019698509515328,0.8765625896848082,0.9837028211470504,2641
928,2293.598010607165,24.598410617487342,0.7725840336134454,0.09296218487394958,0.13182773109243698,0,2.492563453623775,0.8815669411261091,0.6131794354484161,1904
929,3257.5274037532927,30.25084450295107,0.8510344827586207,0.05103448275862069,0.09655172413793103,0,8.282791569107761,0.8690496905291933,0.7389763317182515,2175
930,4287.682346850594,35.66461139317722,0.9360967184801382,0.026338514680483593,0.03670120898100173,0,9.595448059350234,0.85569730692961,0.8795057205724548,2316
931,5337.555419680207,41.53041153096259,0.9942196531791907,0.0015414258188824663,0.0030828516377649326,0,19.058111345981395,0.8558619076889153,0.9762059344993463,2595
932,4961.022953038701,39.16281636139168,0.9748803827751196,0.004784688995215311,0.019537480063795853,0,16.067994591772884,0.8566305243464992,0.9619014893485581,2508
933,4757.146614165342,37.872300002944996,0.9702110053785685,0.012825817128671908,0.015308233347124535,0,10.397502074571712,0.8506606924011775,0.9443132804874423,2417
934,5076.050200357716,39.965857386325645,0.982532751091703,0.007939658594680429,0.00833664152441445,0,17.414487035942507,0.8354395370550377,0.9553278325428589,2519
935,4881.67566985736,38.624053035764994,0.9748580697485807,0.010543390105433901,0.013787510137875101,0,11.94460113597691,0.8478330301165647,0.937475817838513,2466
936,3472.908870851496,31.441391424858654,0.8680459770114942,0.05333333333333334,0.07540229885057471,0,9.276036596717468,0.8508051085306803,0.7829029961985677,2175
937,3718.8589268060427,32.83507220271305,0.8872793119058398,0.033046627433227706,0.07695789950203712,0,6.881964744167113,0.8795718791840333,0.8335991216422785,2209
938,3593.7795960969115,31.515702741861947,0.8906616611919287,0.019709056780854058,0.08916001877053027,0,3.722998307810119,0.8677572444658668,0.8551301289791111,2131
939,3038.6556275086587,29.02298108858527,0.8303487276154571,0.026861451460885956,0.13949104618284638,0,2.617928751191134,0.8791551315001169,0.7424753932223565,2122
940,2913.7458552670073,28.12726178215816,0.8254046101029917,0.04315841098577734,0.12849435998038253,0,2.671277508809362,0.8792854814671297,0.7447584431421763,2039
941,5094.590036350489,39.9269163916777,0.985691573926868,0.0011923688394276629,0.012718600953895072,0,10.157217824677861,0.8526318971230689,0.9706129493103627,2516
942,4132.578638268011,34.979674510127694,0.9199655765920827,0.025387263339070567,0.05249569707401033,0,9.822775163387103,0.8667077542342224,0.8409265021170726,2324
943,3869.2062189302023,33.439245347436255,0.9047404063205418,0.036568848758465014,0.05553047404063206,0,13.040005298748401,0.8776422048686947,0.8110568263741158,2215
944,4191.264778115869,34.409129233150395,0.9410971223021583,0.01843525179856115,0.03776978417266187,0,9.660153675149719,0.878052119562745,0.9038062360504703,2224
945,4531.71896229832,36.89281693490492,0.9523212045169385,0.02300292764533668,0.02425763278962777,0,16.84306086545622,0.8597433209364815,0.8910956910026361,2391
946,3592.681423996109,32.178015362017774,0.8783721993598537,0.039780521262002745,0.07956104252400549,0,9.218748951946008,0.8644745178195794,0.798814634596632,2187
947,4682.375991363541,37.72934602580964,0.9592854175321978,0.008724553385957623,0.029912754466140425,0,12.49416244903596,0.8635572799829138,0.9502186425973835,2407
948,5523.435972685548,43.31434624061348,0.991074748977315,0.003718854592785422,0.004462625511342506,0,26.749896822210125,0.8695066304174626,0.9518624950924541,2689
949,2593.500532621979,26.159296820173942,0.8030612244897959,0.10918367346938776,0.08418367346938775,0,6.777466081875284,0.8818254795960839,0.6325919918258249,1960
950,5113.979396818289,39.85866146907518,0.9869719699960521,0.00473746545598105,0.007500986971969996,0,24.53862961236083,0.8672704056405793,0.9594797054936303,2533
951,5260.837372873573,41.141781280907956,0.9854126679462571,0.0015355086372360845,0.011516314779270634,0,13.351441675624026,0.8613988789518884,0.9807238713795566,2605
952,3392.5275644667504,30.50803993494567,0.8709976798143851,0.04222737819025522,0.08538283062645012,0,9.706073948004155,0.8671082775834406,0.7680410482066482,2155
953,5167.54347259869,40.30397728027294,0.9936153232242618,0.0007980845969672786,0.0039904229848363925,0,16.526528473577173,0.8371367128859467,0.9779509198565502,2506
954,4550.410285576426,36.75754419014671,0.9578723404255319,0.011063829787234043,0.02851063829787234,0,11.058661424209253,0.8538351609066123,0.9359319340776355,2350
955,5457.02681234529,42.48593900618488,0.9947209653092006,0.0011312217194570137,0.003770739064856712,0,21.605988117775674,0.8581928485870445,0.9633330227920115,2652
956,5793.893117369421,44.71036050512978,0.9985785358919688,0.0,0.0007107320540156361,0,26.5553647056822,0.8806964783159095,0.9837009072316029,2814
957,3015.4026230788877,28.459660265847535,0.8363899613899614,0.060810810810810814,0.09845559845559845,0,3.885689564821178,0.8635280905056826,0.7296673323887448,2072
958,4040.1682077194646,33.70570806621129,0.9298007246376812,0.026721014492753624,0.042119565217391304,0,7.561105453068548,0.871651786415481,0.8742883736071754,2208
959,3747.077087284103,32.41804602961936,0.9021392808375057,0.03413746017296313,0.06099226217569413,0,5.110889639096179,0.8700937606987704,0.8159953235125252,2197
960,3466.222020924143,31.09084830208396,0.872626215840667,0.041222788327929596,0.08337193144974525,0,3.4984637062173523,0.8630518808863317,0.803060336438772,2159
961,4967.699049729588,39.12152426221555,0.9840881272949816,0.006527947776417789,0.0069359445124439,0,13.10575377734918,0.8487347466654025,0.9496754215804672,2451
962,5171.452441012047,40.38401069290614,0.990521327014218,0.002764612954186414,0.005924170616113744,0,12.570961607406208,0.8525149071777419,0.9709785729377923,2532
963,4570.2664895798025,37.33842815789803,0.9547950992817913,0.021968736797634135,0.021546261089987327,0,16.299850376465635,0.8761350835631071,0.9103618749785645,2367
964,3175.959683273409,29.165257349344348,0.8573508005822417,0.053372149442018436,0.08636584182435711,0,5.440371685226477,0.8655712095535053,0.7461456208654057,2061
965,3659.1201344945002,31.832692786417315,0.8974836905871388,0.04706430568499534,0.05312208760484623,0,5.69728029628463,0.8649415381616021,0.8104689503768044,2146
966,4027.092726516809,33.552011101470164,0.9334557136301056,0.04084442404772832,0.02202845341899954,0,6.228037584275291,0.910699240899976,0.8575346754636574,2179
967,3312.906725630109,30.02780382799462,0.8690188496858385,0.06089898501691639,0.06573223779603674,0,5.944162395983279,0.8682889564972288,0.7387467050477524,2069
968,4345.305147998097,35.8994750134059,0.9392503231365791,0.020249892287806978,0.037914691943127965,0,8.991278589880448,0.8507632106275557,0.9009694617798633,2321
969,5346.758111903751,41.41039822978988,0.9950191570881226,0.0007662835249042146,0.0034482758620689655,0,23.66201780131924,0.8464871006314985,0.973992358323521,2610
970,4006.9073094057935,33.67375439791734,0.9235294117647059,0.0416289592760181,0.03167420814479638,0,12.18780293936026,0.8486643504626452,0.8652508077745065,2210
971,3076.4710326411478,29.269355796686266,0.8337258596325954,0.030146019783325484,0.13471502590673576,0,2.0518596959191964,0.8410135590398983,0.7590949665616785,2123
972,4832.238490542446,38.61131900000427,0.9720739219712525,0.006570841889117043,0.020944558521560575,0,11.980493470044866,0.8465739232918321,0.9419944005698675,2435
973,2998.7600403933166,28.437411410346954,0.8344043499752842,0.061789421651013345,0.09985170538803757,0,2.690052065292099,0.8865334636931188,0.7599024982706222,2023
974,3570.6486893502033,31.252860560975982,0.8911819887429644,0.04080675422138837,0.06613508442776736,0,6.222386691274064,0.8707452202996431,0.8272423028384734,2132
975,4146.325739969741,34.37447139760746,0.9373040752351097,0.026869682042095836,0.034482758620689655,0,6.1226183688594755,0.8647222614877179,0.8857576713810783,2233
976,3742.886151156319,32.1290675596794,0.9081156716417911,0.037779850746268655,0.052705223880597014,0,5.447789493139885,0.8470136214321593,0.835454103511501,2144
977,4658.752213902117,37.32680169112414,0.9679054054054054,0.00633445945945946,0.02533783783783784,0,7.631019281718129,0.8396118574930029,0.9452791571375282,2368
978,3758.2697159096633,31.928182099865246,0.9103707179727827,0.02674800563115908,0.05912717034256218,0,3.502825474591641,0.8361504743356207,0.8712156627883003,2131
979,5473.254425601609,42.39006343962929,0.9969845457972107,0.0011307953260459858,0.0011307953260459858,0,18.99550519295832,0.8478019862706353,0.9826657523302872,2653
980,5439.382341313791,42.182027829758795,0.9951017332328561,0.00037678975131876413,0.003391107761868877,0,15.549888760691328,0.8595864209626578,0.9815572998065836,2654
981,3534.614709036245,31.281052561191714,0.8829787234042553,0.025901942645698426,0.08880666049953746,0,4.101202699480303,0.8264258501861573,0.8068725264595915,2162
982,4353.495144427452,35.35756369856547,0.9530141843971631,0.01152482269503546,0.03324468085106383,0,6.808365975931058,0.8334859085931052,0.9357922883524515,2256
983,5027.973980151111,39.255181659000804,0.9874899112187248,0.002421307506053269,0.007667473769168685,0,19.18020799299183,0.8403212218922045,0.977644160526061,2478
984,4103.717058711167,34.55813667213096,0.9213186813186813,0.025934065934065935,0.05054945054945055,0,9.75272998300507,0.8461395968335369,0.8682602080821499,2275
985,4274.92376465974,35.29949841676482,0.9374728614850195,0.02344767694311767,0.03517151541467651,0,12.754261205261342,0.847004396172655,0.8846964519841606,2303
986,3713.2905827164873,32.008916891393895,0.9021335807050093,0.03432282003710575,0.061224489795918366,0,5.32266298054219,0.8653709073686475,0.8364129158363461,2156
987,2931.540213145207,28.14422466070312,0.8267326732673267,0.04207920792079208,0.12722772277227723,0,2.8267909949983827,0.8722907650746697,0.7822748993609404,2020
988,4795.387542666917,38.239834096364255,0.9706732755059893,0.0107393638992152,0.0161090458488228,0,10.530792244610012,0.8400341416661483,0.9501142360592975,2421
989,3990.9224884622313,32.9012873818299,0.9349744542498839,0.02786809103576405,0.034370645610775664,0,6.4638127980657645,0.876932103438407,0.8870084410566466,2153
990,4160.739421411956,34.50822997376773,0.9340124003542959,0.01682905225863596,0.04738706820194863,0,6.449174888814683,0.868551525832155,0.8986894879058708,2258
991,4446.895451596905,36.09930162229239,0.9569565217391305,0.02043478260869565,0.020869565217391306,0,10.082687641608814,0.8741765312731994,0.9183072071109363,2300
992,3104.8591573387343,28.973932354336927,0.8501469147894222,0.06317335945151811,0.0832517140058766,0,2.1728326994940077,0.8892180818981361,0.7393482079850613,2042
993,4348.828060113146,35.83006599647904,0.942134590655808,0.02271753107586798,0.033004714959279896,0,14.529698635005953,0.8540659214646618,0.8799335633485453,2333
994,3271.2246302044546,30.085548805639135,0.8588290840415487,0.056657223796033995,0.0821529745042493,0,7.566286259694319,0.8774853399792326,0.7440736351366974,2118
995,3407.2734332215773,30.594513781074884,0.8739495798319328,0.03968253968253968,0.08496732026143791,0,5.821050610517845,0.8593100766639795,0.7859841040752329,2142
996,5090.2332106598,40.1160101585109,0.9794790844514601,0.006708760852407261,0.011049723756906077,0,11.872945855330517,0.8447384930914468,0.9567139943331385,2534
997,4695.547272083841,37.59994311600024,0.9654885654885655,0.01787941787941788,0.01496881496881497,0,12.203380846972555,0.8693521271174882,0.9230456166387907,2405
998,3959.290676218921,33.6614428583173,0.9193621867881548,0.03644646924829157,0.04236902050113895,0,6.5997548299955895,0.8617996375666276,0.8658216654381509,2195
999,4306.928913732734,35.24036377968583,0.9491825011047282,0.016349977905435263,0.03314184710561202,0,5.41994482264392,0.8291695837059575,0.8964497036570263,2263
1000,3602.984605495278,31.50897276982682,0.8887863405629903,0.04476234425473004,0.06322104291647439,0,6.726975267219456,0.8643483232590399,0.8089774099419439,2167
1001,5346.095228752413,41.393906374701324,0.9946401225114855,0.0007656967840735069,0.0038284839203675345,0,25.073413882330954,0.8676673986509111,0.9764852109399453,2612
1002,3123.0076672453743,28.9389500940215,0.8515433610975012,0.04311611954924057,0.10436060754532092,0,3.5713886166827087,0.8748350252225217,0.779516522835991,2041
1003,3777.271680575874,32.35115323262144,0.9048263419034731,0.03382949932341001,0.059088858818222824,0,3.877119896784502,0.8892586365060701,0.8294578901552289,2217
1004,3068.766355133512,28.797410860924515,0.8448940269749519,0.05202312138728324,0.10115606936416185,0,3.266120351613795,0.8781408381618909,0.7320114647527411,2076
1005,3866.598891436248,32.73921331100796,0.9138559708295351,0.03099361896080219,0.05241567912488605,0,6.0113579994426765,0.8899540052224111,0.8500863770767719,2194
1006,3574.2515199106983,31.568695759800146,0.8854853911404336,0.03770028275212064,0.07304429783223375,0,3.118451702917597,0.8639060872046849,0.8303466822599446,2122
1007,3839.4956416581344,32.81216422053446,0.9091734786557675,0.024977293369663943,0.0631244323342416,0,6.121582676813626,0.8683468170209605,0.8398673066276767,2202
1008,3694.8144388446694,32.205965163747095,0.8988399071925754,0.038051044083526685,0.06078886310904873,0,1.9109461194904387,0.8684511858403464,0.8327168381426268,2155
1009,3231.8413684813895,29.542857929921603,0.8627737226277372,0.061313868613138686,0.072992700729927,0,6.159578271973466,0.8690318717714766,0.7675665402568189,2055
1010,3696.143157103016,31.830733404950543,0.9033594109526001,0.03359410952600092,0.061205706396686606,0,5.054771764244598,0.8851241206848175,0.8104387014506212,2173
1011,3629.437871963566,32.52751812361274,0.8745598591549296,0.02772887323943662,0.09595070422535211,0,3.933156118285849,0.8769496707009854,0.8038788436830634,2272
1012,3252.725653604774,28.789971978742763,0.8806789815277084,0.05541687468796805,0.06090863704443335,0,3.0947229929831095,0.88579262067691,0.7775165084002091,2003
1013,3881.8057045503388,32.51729488515673,0.9213587715216379,0.03257328990228013,0.041879944160074456,0,3.213064858679375,0.864491917982923,0.8769386374093996,2149
1014,3316.406085773286,30.14087010594571,0.8643829188174565,0.04927264195213515,0.08352885969028626,0,0.8614361485320211,0.8597232380407015,0.783838441475291,2131
1015,3930.769193648499,33.064411158121,0.9237132352941176,0.02619485294117647,0.04779411764705882,0,7.108378587700653,0.8535505456435291,0.879981543903676,2176
1016,4126.6610501055875,34.192422983139,0.9374161823871257,0.021904336164506034,0.03844434510505141,0,4.494415106988839,0.842875873665398,0.8886401216586607,2237
1017,4174.92848463273,34.38631935778097,0.9387211367673179,0.019982238010657193,0.038632326820603906,0,4.555348034967548,0.8596715109459943,0.8864117143508856,2252
1018,3806.916490049841,33.08435538190999,0.9028156221616712,0.029518619436875566,0.06630336058128973,0,3.6823624484488695,0.8538998566356416,0.8541508705878363,2202
1019,4413.989428281572,35.88271046334251,0.9494430162810625,0.02056555269922879,0.028277634961439587,0,10.868400519712635,0.8576583261297401,0.9148729524979188,2334
1020,3734.8242274865556,31.93022161160871,0.9080352995819786,0.03297724105898746,0.0557361820715281,0,4.497551552097816,0.8213159445814341,0.817139620318226,2153
1021,4340.968844130135,36.06637528830361,0.9337298215802888,0.0237892948173322,0.0395072217502124,0,9.663390248839104,0.8539462859674307,0.8628996879348778,2354
1022,3635.778948678702,31.577574518821468,0.8955223880597015,0.03591417910447761,0.06529850746268656,0,9.262870612784678,0.8427685892819217,0.8260017247718248,2144
1023,3772.482881612877,32.5857050471214,0.902638762511374,0.04049135577797998,0.0545950864422202,0,8.139047294175615,0.8451991276375248,0.8207597788846689,2198
1024,4815.789268212567,38.558182278907225,0.9628282828282828,0.011717171717171718,0.022626262626262626,0,13.348045869137318,0.868398138098299,0.9390480237354595,2475
1025,4295.722824461933,35.52348948837389,0.938562091503268,0.013943355119825708,0.0457516339869281,0,9.268455760674023,0.8606730597100339,0.9123580680789679,2295
1026,3389.07345407865,30.158761289516875,0.8813886210221794,0.03953712632594021,0.07714561234329798,0,2.2832378080375246,0.848344698199029,0.7833389064686491,2074
1027,4270.380727583552,35.217250412468005,0.93717277486911,0.02050610820244328,0.04057591623036649,0,12.360501294145491,0.8798993342007855,0.9064046417040522,2292
1028,3995.7790872345195,33.43810450673889,0.9279197080291971,0.02052919708029197,0.05018248175182482,0,11.257467364535419,0.8646068081298625,0.8742887275404209,2192
1029,3458.7384575365254,30.28347054785311,0.8869814020028612,0.03719599427753934,0.07296137339055794,0,4.305549751879475,0.8530110158582758,0.814290152018842,2097
1030,4728.455509155068,38.40071929944648,0.9515151515151515,0.008888888888888889,0.037575757575757575,0,19.188086024324562,0.8849626261978603,0.8990802587795148,2475
1031,3895.11082054196,33.49488206629136,0.9081081081081082,0.03153153153153153,0.05900900900900901,0,12.32933701335233,0.8674628053794051,0.8393813330652993,2220
1032,2701.74565604692,26.534223897582198,0.8150174042764794,0.05818000994530084,0.12381899552461462,0,4.732021238910868,0.8831584679032761,0.6835974141113461,2011
1033,3706.5967832253136,32.205909200467936,0.8958715596330276,0.036238532110091745,0.06422018348623854,0,7.2561117077900805,0.8906271256492669,0.8228278592160899,2180
1034,2828.4575718539218,27.0502128038983,0.8337675872850443,0.08546117769671704,0.0771235018238666,0,4.954505827204751,0.8741330060205909,0.7087757084021334,1919
1035,2851.6159007272345,27.25078626773162,0.8315467075038285,0.06789178152118427,0.09647779479326186,0,5.150222165345105,0.8530755527356887,0.7211493809506481,1959
1036,3726.354288847789,31.955401130105297,0.9081632653061225,0.041280148423005564,0.04916512059369202,0,4.41604217194588,0.8350439628580869,0.8259996766462929,2156
1037,2777.5953386439146,26.2642609019336,0.8390010626992561,0.07438894792773645,0.08342189160467588,0,-0.9763322146664388,0.8673118723998274,0.7455403102126519,1882
1038,2848.633594196077,26.850051096312235,0.839258114374034,0.07882534775888717,0.0783101494075219,0,2.4009272509940045,0.8748419007675456,0.7228223794030378,1941
1039,2604.4567208461517,25.887152709217983,0.8093506493506494,0.06961038961038961,0.11792207792207793,0,-0.12088497801157361,0.8531643264514183,0.69182929619833,1925
1040,2867.3191809801083,27.646694491439472,0.8291814946619217,0.06609049313675648,0.10167768174885612,0,0.25558960300810235,0.8822206732245103,0.7451165396767467,1967
1041,3103.9530661852955,28.480888621668782,0.8601115053218449,0.04206791687785099,0.0952863659401926,0,2.2269186439455875,0.8393595857660168,0.7892291177477573,1973
1042,3385.566747271363,30.476000040957018,0.8704225352112676,0.03427230046948357,0.09248826291079812,0,6.156910005063949,0.8529957638022535,0.7833768523408514,2130
1043,4359.150345341597,35.5251513923397,0.9501965923984272,0.01747487986020096,0.031017911751856708,0,7.059252845533508,0.8717378989950206,0.9193652000750056,2289
1044,3472.496481709023,30.70818750097703,0.8837429111531191,0.04395085066162571,0.07041587901701324,0,3.6579523594841423,0.887039234091161,0.8050164912916727,2116
1045,3189.7439406883154,28.795380046613623,0.8669612174766814,0.053019145802650956,0.0780559646539028,0,1.502309437507463,0.8973269279997336,0.7695666831214169,2037
1046,5242.281363147755,40.8406677844558,0.9883495145631068,0.0011650485436893205,0.008155339805825243,0,8.030324608614801,0.8984542566532379,0.9786430050133311,2575
1047,2732.3067246239043,27.077612114545186,0.8121242484969939,0.07565130260521043,0.10871743486973948,0,1.5410449380881128,0.9000856302777571,0.6962430538344935,1996
1048,3619.5285730937762,31.75854448540636,0.8913144449605203,0.041337668369716675,0.06549001393404552,0,6.6375437064475555,0.8546593775643102,0.8129670121549754,2153
1049,4877.800003554057,38.75146259358032,0.9723352318958502,0.008136696501220505,0.01708706265256306,0,10.167314780904926,0.8484823865803772,0.9390867683432862,2458
1050,3682.298403063501,31.571325647122272,0.9096098953377736,0.0461465271170314,0.04186489058039962,0,4.6647930176687105,0.8685140410161024,0.8361750338413214,2102
1051,3490.5293406731957,31.176355412115793,0.8776448942042319,0.04553817847286108,0.07543698252069918,0,8.870110510680187,0.8563267829287532,0.7614846972824063,2174
1052,3336.6897327097267,29.4752491211156,0.8820638820638821,0.057985257985257985,0.057002457002457,0,4.215414258850062,0.8414854345732469,0.8025717690092286,2035
1053,3914.920236156295,32.81168637887771,0.924186046511628,0.031162790697674417,0.04093023255813953,0,5.118342763591498,0.8421191554860133,0.882470466381441,2150
1054,2665.633292995338,26.26433589007984,0.8152965660770031,0.060353798126951096,0.12174817898022892,0,0.3868641101074922,0.8441127873346563,0.7366559906390527,1922
1055,2972.3790302693124,27.668786943582287,0.853361566966649,0.08099523557437797,0.06299629433562731,0,2.3447968747517653,0.8666237540503343,0.7578823060370935,1889
1056,3585.6068820558035,31.17324696874338,0.8950819672131147,0.041686182669789226,0.061826697892271666,0,3.780976923338394,0.8813653895157344,0.8156683274939122,2135
1057,4296.577005639305,35.2912623725287,0.9500891265597148,0.025846702317290554,0.022281639928698752,0,8.400906583356928,0.8748554236146826,0.8941193884190034,2244
1058,2851.670290454437,27.28975459243808,0.8315521628498728,0.07837150127226464,0.08600508905852418,0,2.8442561961544777,0.8714571366696012,0.715421834735221,1965
1059,4944.556065672739,38.78484095873785,0.9836467702371219,0.005314799672935405,0.008994276369582993,0,7.932429927157237,0.8693453975672969,0.9670260635592877,2446
1060,4819.591671845132,38.54227145443888,0.9700697006970069,0.015170151701517014,0.013530135301353014,0,9.33242469277067,0.8445169627912543,0.9417483396918488,2439
1061,3754.667565828533,32.69209256003834,0.9021789522484933,0.04728789986091794,0.048678720445062586,0,7.554717813850677,0.8741812108374609,0.8200143449631201,2157
1062,3522.831285523827,30.590966696393988,0.8920694509619896,0.05584232754575317,0.04833411543876114,0,4.221461412050971,0.8678215881482162,0.7724372593789554,2131
1063,3201.7321151854208,29.65137219071973,0.8566634707574304,0.058485139022051776,0.08293384467881112,0,2.3071663617472407,0.8907426541303128,0.7529120509802044,2086
1064,3124.2369934420612,28.923399631314453,0.8518155053974484,0.05593719332679097,0.08930323846908735,0,2.2545067010807074,0.8962054819775932,0.7528828686718434,2038
1065,3750.6100566010973,32.51055488019852,0.9020332717190388,0.034195933456561925,0.06099815157116451,0,3.2231591503511083,0.870871121219743,0.8255199657410078,2164
1066,4636.64156951352,36.86229125808813,0.9681528662420382,0.011464968152866241,0.01740976645435244,0,7.84897827265017,0.8479878061129283,0.9464770942716562,2355
1067,5380.38915802872,41.797293309711264,0.9961685823754789,0.0,0.0026819923371647508,0,22.29979946135527,0.8659455257007873,0.9658483945058925,2610
1068,4102.797166294075,34.46090414119994,0.9250554323725055,0.020842572062084258,0.05055432372505543,0,9.029360779474507,0.8638704884128096,0.8484065319648898,2255
1069,4713.561978730495,38.64042515376022,0.9505112474437628,0.013905930470347648,0.033128834355828224,0,16.451972570862104,0.8591713241580667,0.9041316756659226,2445
1070,4995.207210354592,39.6234923723879,0.9798387096774194,0.010483870967741936,0.008064516129032258,0,13.54271080389936,0.878851729214767,0.9293394943319867,2480
1071,3304.0218217082365,30.32029191852128,0.8606205250596659,0.06491646778042959,0.07159904534606205,0,7.9930933753827285,0.8673496079046261,0.7483714265179824,2095
1072,2817.7079559186077,26.84419576029926,0.8362512873326468,0.08650875386199794,0.07466529351184346,0,6.295173571667451,0.8562716038110886,0.6816096765171171,1942
1073,4410.640793511115,36.0628034369051,0.9511456982274102,0.02204928664072633,0.02464332036316472,0,11.57336908239239,0.8849754649906542,0.8767031308557259,2313
1074,4440.424394656922,35.492876524377856,0.962817147856518,0.010498687664041995,0.024934383202099737,0,6.5300524620128675,0.8378011683508775,0.9399555646762436,2286
1075,3471.9383352654495,30.88754222284031,0.8833973128598849,0.046065259117082535,0.0671785028790787,0,2.5295285723494336,0.8782908190034012,0.8120169699105009,2084
1076,4567.518489652301,36.33878247902863,0.9668817204301076,0.011182795698924731,0.0189247311827957,0,10.505705554821356,0.8524204603329979,0.943355413861688,2325
1077,4001.3254648585057,33.397556221324265,0.9285067873303168,0.031221719457013575,0.03936651583710407,0,7.154210264892862,0.8449302793163419,0.8654090415445155,2210
1078,3840.1841160470644,33.122640361828516,0.9037600716204118,0.03581020590868397,0.05774395702775291,0,9.409025188343284,0.8597079289092461,0.8260064764582522,2234
1079,3299.4199081351376,29.953548837266442,0.8673519334312286,0.05335291238374939,0.0763582966226138,0,6.283601206654331,0.8752271346864504,0.801230963706959,2043
1080,3673.2271463844268,31.503237723841956,0.9084874348032242,0.034139402560455195,0.055002370791844474,0,1.2388732386011219,0.8888796962374463,0.8496760179819426,2109
1081,2836.103248362816,27.2172292586093,0.8298838970217062,0.06208985360928824,0.10398788490661282,0,0.7143280660623236,0.8834360000525932,0.7288319190436285,1981
1082,2836.57879296425,27.360631628606264,0.8271119842829077,0.04518664047151277,0.12426326129666011,0,0.8501185838797441,0.8967471502418669,0.6959527031307183,2036
1083,4395.585963055681,35.75664204578455,0.9549867608120035,0.0176522506619594,0.0264783759929391,0,8.414164362389531,0.8601378430820679,0.9392327586811894,2266
1084,3855.695654968975,33.307479391552974,0.903750564844103,0.03524627202892002,0.0587437867148667,0,6.707560003126417,0.882231735293366,0.8439974268083135,2213
1085,3909.4652103975186,32.989193736677606,0.920418371987267,0.03910868576625739,0.03774442928603911,0,2.924292830257399,0.8771596252766415,0.8447521890396286,2199
1086,4338.988935353418,35.19567845482268,0.9548272807794509,0.016386182462356066,0.02745792736935341,0,6.850677495090193,0.872351016002494,0.9118517776794524,2258
1087,4496.787033258652,36.245203649992966,0.9650043744531933,0.01399825021872266,0.01968503937007874,0,9.296388759257546,0.877422805819472,0.9308358256765987,2286
1088,5258.317357556293,40.86136278531051,0.994140625,0.001171875,0.003125,0,12.980689560120869,0.8803956530691022,0.9813157800818594,2560
1089,3314.208782590207,29.522320513135526,0.8773307163886163,0.04416094210009813,0.0760549558390579,0,0.29363133258710356,0.8566945546553121,0.8195332114047801,2038
1090,3769.078125045238,32.665340458028545,0.9006469500924215,0.036968576709796676,0.05961182994454713,0,6.527945802362604,0.8446051681678335,0.8419491918942082,2164
1091,4939.809630234271,39.5539545297118,0.9676775738228253,0.014365522745411013,0.014764565043894652,0,16.37276492329275,0.8553414187203782,0.9240445182489183,2506
1092,4607.162238123104,36.991131466567765,0.9639219015280136,0.010611205432937181,0.023769100169779286,0,5.7534807468119755,0.8512706873380588,0.9299575415089012,2356
1093,4751.385628325839,37.54101103983561,0.9773013871374527,0.008406893652795292,0.013451029844472467,0,8.878203989988911,0.8341498348336546,0.9529605681026699,2379
1094,4576.333802411368,36.950483659464766,0.9653679653679653,0.009523809523809525,0.024242424242424242,0,10.063784166661039,0.8566385793643047,0.9493829608889444,2310
1095,5000.377847846691,39.38069131140182,0.981503819863289,0.008443908323281062,0.008845999195818254,0,15.659781228782048,0.849793948145825,0.9407425021855778,2487
1096,2709.8320791545793,27.105388951751404,0.8110667996011964,0.08823529411764706,0.09870388833499502,0,5.714493539542005,0.8621540310064324,0.6587312634958098,2006
1097,4441.954090412962,36.16912095209734,0.9516616314199395,0.02330599913681485,0.022442813983599482,0,9.825323333273431,0.8682227701081185,0.8944220670887618,2317
1098,4423.8735848046845,35.92793484981129,0.9549198092761162,0.02037277850021673,0.022973558734286952,0,6.325671033750776,0.8781281923805354,0.9051771394171089,2307
1099,4229.432785748813,34.72820184437713,0.9424524125719345,0.027888446215139442,0.025675077467906152,0,5.111352037859206,0.8706003876852115,0.8834846020926476,2259
1100,3589.84417084785,31.08113629749227,0.8991436726926736,0.039961941008563276,0.058039961941008564,0,5.452188957509982,0.8720238892661017,0.8137145055636689,2102
1101,5429.201899653823,42.154904147220364,0.9954441913439636,0.00037965072133637056,0.0026575550493545936,0,18.11208551966138,0.8577451730599469,0.9884613447088012,2634
1102,4538.903218285901,36.69973560213342,0.9564297800338409,0.015651438240270727,0.02707275803722504,0,13.85020469819173,0.8375026361608716,0.9208267887292297,2364
1103,5165.119718892156,40.43989897933307,0.986692759295499,0.00939334637964775,0.003913894324853229,0,14.65885237717109,0.8482898114824381,0.9677828577186999,2555
1104,5204.7598934314055,40.232386913155366,0.9945011783189317,0.003142183817753339,0.001178318931657502,0,13.353700748965371,0.8311594441389052,0.9718139907496205,2546
1105,3684.3231794546937,31.442560495494334,0.9049195837275308,0.03216650898770104,0.059602649006622516,0,3.411625797589924,0.8467552551049428,0.8823232325905928,2114
1106,3269.9348442994474,29.094413846546885,0.8807157057654076,0.05019880715705766,0.06709741550695825,0,4.719043644452495,0.8475353287757502,0.7726510114721085,2012
1107,4156.024036667462,33.96299867768463,0.9455782312925171,0.027210884353741496,0.024943310657596373,0,3.8976742927000756,0.8654265458214286,0.8936641709972761,2205
1108,2722.953428496094,26.7508776806004,0.8181344450234497,0.07399687337154769,0.10265763418447107,0,0.29015312747809757,0.8827214753813796,0.723761725865503,1919
1109,3274.3553307914485,29.5608018055541,0.8707317073170732,0.04682926829268293,0.08097560975609756,0,0.6300325560020035,0.8803016515185074,0.7973169035729976,2050
1110,3256.501700402326,29.128492594750444,0.8737721021611002,0.04960707269155206,0.07318271119842829,0,-0.8647050033480044,0.8811277814851972,0.7979942515307665,2036
1111,4307.64941486268,34.94931336904577,0.9510150044130626,0.018093556928508385,0.028684907325684024,0,9.828350241009863,0.850769134912101,0.9100132215677526,2266
1112,3182.0261424752052,29.19775528899894,0.8557599225556631,0.049370764762826716,0.0909970958373669,0,4.230405229088125,0.8705478355671838,0.7672358692299147,2066
1113,4752.395355993815,38.29523554473437,0.9607522485690924,0.01757972199509403,0.019623875715453803,0,12.342364441101818,0.8532615599402749,0.9189898842238386,2446
1114,3392.0836686217895,30.3560954797654,0.8745827372436814,0.04721030042918455,0.07534573199809251,0,1.8316856043161711,0.863725217412078,0.8090193038620836,2097
1115,3227.4097668424242,29.169129581666688,0.8683683683683684,0.05755755755755756,0.07057057057057058,0,2.970301146247536,0.8705654551525865,0.7977390954267709,1998
1116,2967.204435676233,28.319916662795293,0.8337396392003901,0.05899561189663579,0.1053144807411019,0,4.389189899578245,0.8602730234675579,0.731165035251385,2051
1117,4341.397099400719,35.57365275856675,0.947002606429192,0.01954821894005213,0.03127715030408341,0,4.240667631704832,0.882431431602689,0.902002101676858,2302
1118,3185.485714344773,28.732529476963606,0.8649312377210217,0.04960707269155206,0.08055009823182711,0,2.3854663165595182,0.8664242923686222,0.7768870204871398,2036
1119,3893.552490203685,33.13545423907033,0.9141689373297003,0.03678474114441417,0.047229791099000905,0,8.152391388984086,0.8898293704606987,0.8399221818472745,2202
1120,4527.905354813799,36.83447658459616,0.955338153977031,0.017014036580178648,0.026371756699276903,0,6.30923909525698,0.8614826353067864,0.9201134246923613,2351
1121,5445.599380513498,42.53955674110744,0.9920963492660896,0.004892736168611215,0.001881821603312006,0,15.27674586562625,0.8791490466690844,0.9673212774950958,2657
1122,4318.780661529283,35.086744331196634,0.9513704686118479,0.026083112290008842,0.019451812555260833,0,9.06764992453123,0.8696824817104929,0.9031677343268408,2262
1123,4965.18419990477,39.29598904949074,0.9755118426334806,0.009634684865515858,0.012846246487354477,0,13.425186365481048,0.8867289584690906,0.9346495104157952,2491
1124,4429.13415026141,36.30656130959017,0.9480463718334049,0.026620867325032202,0.021897810218978103,0,9.50655815953933,0.8712436711722734,0.8842445237047496,2329
1125,5067.830734975137,39.813853158209184,0.9829297340214371,0.008733624454148471,0.007145692735212386,0,11.374867825570501,0.838289419869136,0.9528491939473802,2519
1126,2934.0050979871994,27.944283616130097,0.8326713008937437,0.0506454816285998,0.11370407149950347,0,3.719935157918578,0.8914136299047998,0.7438251717708712,2014
1127,3689.1563511446984,32.50575998836922,0.8910980569362856,0.057840036150022596,0.04970628106642567,0,10.44058266977413,0.8853246224927146,0.7604680623609466,2213
1128,5142.592806754495,40.311724506520704,0.9839278714229713,0.007840062720501764,0.006664053312426499,0,10.71950195716042,0.8732122711281225,0.9580015938273552,2551
1129,3536.8060718277325,30.514468704512264,0.9008145663632008,0.0584571154767609,0.03785337805462386,0,3.7432870057700485,0.8838012935774789,0.7793111621909248,2087
1130,4487.60167902775,36.018542267860624,0.9579260518487038,0.0208244793880153,0.020399490012749683,0,11.118446070427924,0.8533654336014721,0.8988004213063653,2353
1131,4509.480880633634,36.347844322684324,0.9611566681053086,0.02157962883038412,0.015968925334484248,0,14.82332968497309,0.8619323378189783,0.9156497598989202,2317
1132,4978.05841231756,38.889939360139216,0.9866234292663154,0.0064856100526955816,0.0064856100526955816,0,10.268194699692783,0.8216860042562353,0.9578512907919717,2467
1133,4023.768436986857,33.64391888252826,0.9307201458523245,0.022789425706472195,0.04557885141294439,0,8.93380198410304,0.8514395244166686,0.8815973125541545,2194
1134,3317.242233252069,29.531489645270746,0.8811536548980606,0.05619094977623073,0.0591745400298359,0,4.453334966756486,0.8266435820319296,0.8096207443788981,2011
1135,4209.468289123399,34.58915356643825,0.9417518897287683,0.032458870609159626,0.023121387283236993,0,8.411591531334155,0.8607471818526187,0.8872326440843222,2249
1136,4619.997531964484,37.250737089418394,0.9608915054667788,0.02060555088309504,0.016400336417157275,0,9.791818560832157,0.857108141190909,0.9185969031723493,2378
1137,3809.3299450876784,32.54676210772658,0.9145940872829658,0.04364148287189113,0.039418113561708115,0,9.706785950984623,0.887065593901321,0.8391076927007228,2131
1138,4006.8604195588196,33.80522139564645,0.9228699551569507,0.02780269058295964,0.04798206278026906,0,6.3370294512205465,0.8717067052916454,0.8607320191019944,2230
1139,4605.560171906857,37.11327795657469,0.962089300758214,0.018955349620893007,0.018112889637742206,0,13.54638082004962,0.8539637046343634,0.9127545788154394,2374
1140,3440.518403259739,31.288640861615335,0.8656920968478757,0.04476930105070809,0.08725445408862495,0,6.635429334759423,0.8864896531911854,0.7555041353028534,2189
1141,4552.053880369232,36.786206025027504,0.959079283887468,0.015345268542199489,0.023017902813299233,0,14.193559382440725,0.8525784156480264,0.9087807368400816,2346
1142,4639.831317558039,37.20815248250794,0.9648006785411366,0.011874469889737066,0.01993214588634436,0,9.957962787460003,0.8574132538723525,0.9377179155950945,2358
1143,4183.179383093198,34.330342542546546,0.9414941494149415,0.025652565256525654,0.029252925292529253,0,9.000664807530205,0.8643665954055586,0.9033945842914222,2222
1144,4235.366272319772,34.5557910553124,0.9482913669064749,0.01933453237410072,0.029676258992805755,0,7.792892465306787,0.8193102863042824,0.9261916957488793,2224
1145,3904.637775269838,33.117021471580806,0.9167050161067648,0.026691210308329497,0.054302807179015186,0,5.768092400883063,0.836719949059568,0.882037941914671,2173
1146,4242.18501299778,35.174850294615325,0.9410460992907801,0.03324468085106383,0.02349290780141844,0,14.72789493504505,0.8377166252562618,0.8829084404488708,2256
1147,2888.443830761084,27.796139582657407,0.8287153652392947,0.061460957178841306,0.10831234256926953,0,4.353843208167406,0.8706781499711876,0.7580938385030068,1985
1148,4350.068599149545,35.366659481302634,0.9478940512375162,0.013460703430308293,0.03603994789405124,0,6.819400824655904,0.8646165187295023,0.9192398035635394,2303
1149,4310.564287985151,34.909878068000296,0.9520851818988465,0.01685891748003549,0.02883762200532387,0,9.839167831786419,0.8642881769380101,0.9279477602633038,2254
1150,4935.515151792792,39.325720460408675,0.9734299516908212,0.01247987117552335,0.013687600644122383,0,11.228927568378493,0.8656866940967209,0.9470602061805642,2484
1151,4839.035503895771,38.31488800654337,0.9761415055532703,0.01316330728095434,0.009872480460715755,0,10.67743831670633,0.8642762513346276,0.9485970486011586,2431
1152,3855.592508444149,32.78005507092713,0.9107303877366997,0.031109107303877368,0.05545536519386835,0,2.100205201973838,0.8884203390591713,0.8536263215781172,2218
1153,3364.1478357917904,29.677060878281328,0.8872255489021956,0.06037924151696607,0.04940119760479042,0,7.482312019837919,0.8547152353518599,0.800006721108566,2004
1154,4779.662883818738,37.85503449437169,0.9773204535909282,0.0125997480050399,0.007979840403191937,0,10.023750872125474,0.8680591972620938,0.9517916996823789,2381
1155,3678.370764573867,31.75138710633998,0.9066222010481182,0.04430681276798475,0.046688899475940925,0,3.9948798428898646,0.8737643911780061,0.8265702324224793,2099
1156,2426.4125807186497,24.86419681722495,0.7956126270733013,0.08721241305510968,0.11342964151952915,0,1.0739215701840246,0.8667880242635436,0.660868048847531,1869
1157,2451.0739088507466,24.84483831775873,0.7990249187432286,0.09479956663055254,0.10238353196099675,0,1.125906003088666,0.8553457867051806,0.6756350718441045,1846
1158,3788.76268897143,32.59704698944817,0.9091334894613583,0.048243559718969556,0.04028103044496487,0,6.608116940548939,0.8678681744103469,0.833887556925862,2135
1159,3055.894897356759,27.69749897068884,0.8607853136155023,0.07394186639469659,0.06017338092809791,0,0.981520124253743,0.8941363712656851,0.7653830754662527,1961
1160,3508.5927781438977,30.664585694298864,0.8942307692307693,0.05673076923076923,0.04567307692307692,0,4.033939157917919,0.8754067657832842,0.8022862772596888,2080
1161,4416.876676425529,35.53553390433063,0.9601750547045952,0.022757111597374178,0.01487964989059081,0,8.42774195582707,0.8848593567249561,0.9067289742460277,2285
1162,4415.187197404944,35.983761805663065,0.9513677811550152,0.022579244463742945,0.02301346070343031,0,9.687914086915992,0.8344089096242024,0.9053768153532029,2303
1163,4454.161407196562,36.24005135239477,0.9510012782275244,0.025990626331487004,0.022155943757988922,0,15.676519628632178,0.8626779979963526,0.8841440141109179,2347
1164,4921.16109464789,38.826410929081334,0.9811475409836066,0.009836065573770493,0.00778688524590164,0,10.206893816784369,0.8338174216734185,0.9574401220443651,2440
1165,3649.2039442300343,31.213490043011863,0.9088740458015268,0.04580152671755725,0.042461832061068704,0,3.3973835870859763,0.8672586156966887,0.8367761192575843,2096
1166,2932.821352376029,27.96162720141211,0.8368368368368369,0.062062062062062065,0.0985985985985986,0,4.583489839653106,0.8909171309821898,0.7162274266545869,1998
1167,3387.973295963151,29.73542349023317,0.8885068762278978,0.05992141453831041,0.04862475442043222,0,5.049768171677966,0.8561218992998167,0.7802451385584147,2036
1168,3366.2291499035405,29.84403321601999,0.8857994041708044,0.06951340615690169,0.04220456802383317,0,2.2057522988876737,0.8771459015625275,0.8125225071703904,2014
1169,3325.7856237230603,29.827761890651217,0.8760493827160494,0.06419753086419754,0.056790123456790124,0,3.2941721425765236,0.8623146277680005,0.7907648441090728,2025
1170,5087.194242221683,40.02025650954125,0.9863782051282052,0.004006410256410256,0.008413461538461538,0,16.302696343506675,0.8268770884664615,0.96258766993852,2496
1171,4615.585341501858,37.41578010807841,0.9582806573957017,0.016013485040033713,0.024441635061104087,0,23.22463847924047,0.8705858224481318,0.9056365707770343,2373
1172,3486.2842806618346,31.072757495446016,0.8788314176245211,0.04645593869731801,0.06992337164750957,0,12.480824521640269,0.8657699719938089,0.7942493375705207,2088
1173,4406.094334819937,35.61349569368356,0.9575120455540955,0.022777047744196234,0.016644765659220323,0,9.987140778436856,0.8681541521989532,0.8973426227022245,2283
1174,3681.560376425043,31.249490472191326,0.9104196133899104,0.03818953323903819,0.04903347477604903,0,2.803352356748268,0.8743083743809456,0.8314823803153563,2121
1175,4733.783751475752,37.895483797657235,0.9682407020476389,0.011282908483075638,0.0192227329711659,0,9.143924737251636,0.8543040216174551,0.9324423862891982,2393
1176,4969.653204482966,39.14140763804858,0.9840751327072275,0.007758268681094325,0.006941608819926501,0,11.959882250863778,0.850632220058543,0.9640218469310302,2449
1177,5580.991168448372,43.29085305240747,0.9974045235446792,0.0,0.0011123470522803114,0,17.855629779559262,0.8422589963843208,0.9860548107294443,2697
1178,4581.665146486458,37.217359318853894,0.9555369127516778,0.018456375838926176,0.025167785234899327,0,10.876164628203671,0.8539260971827701,0.8969034179767126,2384
1179,4519.3342430288185,36.035858269532945,0.9699084169210641,0.016136066288704752,0.01264718709114697,0,8.222548902269338,0.8376107515266802,0.9304296499757077,2293
1180,4468.749921818239,35.96689711272505,0.9582436504520018,0.02152389151958674,0.017219113215669393,0,5.990049842103563,0.8553741985338036,0.911366011241299,2323
1181,4182.771083058466,34.71477312108932,0.9364518976169461,0.03398058252427184,0.02736098852603707,0,6.666720118494722,0.8705148687537625,0.866770806030842,2266
1182,3748.9079902485287,32.34925161117617,0.9058106841611996,0.04076850984067479,0.05060918462980318,0,4.007786184681729,0.8658090262274688,0.8625572839828515,2134
1183,5005.17466237919,39.58796743890204,0.98105602579605,0.006045949214026602,0.010882708585247884,0,14.395418039519864,0.8578295611133799,0.9530331945279539,2481
1184,5146.538713553562,40.452428375135995,0.985062893081761,0.00550314465408805,0.008647798742138365,0,13.656768174083624,0.8806232154562829,0.9484908501518708,2544
1185,3444.5159667569724,30.512044623048826,0.8842975206611571,0.05736509479824988,0.053475935828877004,0,3.3856816297952257,0.873059462056574,0.8063619578203107,2057
1186,3526.670705030826,30.766953908258827,0.8932503590234562,0.05552896122546673,0.047391096218286265,0,1.6662616612713426,0.8933004375938852,0.7911797298665588,2089
1187,4688.013140500881,37.4852030750603,0.9655744504355039,0.021153048527581916,0.011613438407299876,0,5.894072143209238,0.9153785922451172,0.9070097409548826,2411
1188,3575.2006075789773,30.85584968754557,0.9001892147587511,0.051561021759697255,0.04541154210028382,0,4.017119492634568,0.8802812814492652,0.7987130778711655,2114
1189,2937.2567209755575,27.715638064602683,0.8415492957746479,0.08148893360160966,0.07394366197183098,0,7.956829689504517,0.8731264164756841,0.7130313753451799,1988
1190,4010.489874988583,33.846553072716375,0.9231113097898972,0.030397854269110416,0.04514975413500223,0,4.762420615265482,0.86441665151928,0.853634909149635,2237
1191,5103.850957708597,40.06315108293247,0.9880478087649402,0.008764940239043825,0.0031872509960159364,0,11.672855401437479,0.8671487094445889,0.9559401278330948,2510
1192,5220.621151219941,40.77948265431821,0.9909803921568627,0.0035294117647058825,0.004313725490196078,0,11.141806380835025,0.8738350270312334,0.9629726151420459,2550
1193,3491.7450871585793,30.41889604158274,0.8921001926782274,0.057321772639691716,0.04720616570327553,0,3.0746123891449977,0.8485318473757547,0.8107565195987448,2076
1194,4122.876936202983,33.668740505106854,0.9484346224677717,0.029005524861878452,0.0216390423572744,0,7.6455121966470685,0.8521777879086468,0.9116100491821992,2172
1195,5778.119343736161,44.54654063493514,0.9992874955468471,0.0,0.0003562522265764161,0,20.53412459787144,0.8390836094998032,0.9928052897632481,2807
1196,3971.5330515076034,33.49079484483395,0.9235320892125626,0.03959945380063723,0.03504779244424215,0,6.14192084035631,0.8467619654259374,0.8548596791084901,2197
1197,3252.655087950577,29.11215842157904,0.8749377179870453,0.05630293971101146,0.06427503736920777,0,3.036465218271107,0.8594557843294378,0.7610002783531914,2007
1198,4096.067519565286,33.883211202156694,0.9378711740520785,0.027409776153494745,0.03197807217907721,0,9.557540108853699,0.8863215199116294,0.8786834319131658,2189
1199,3677.9775728685795,31.258119657175097,0.915506481036966,0.04896783485357657,0.033605376860297645,0,7.67698920331174,0.8818402197068624,0.8180274608400369,2083
1200,2646.506565531632,25.916602918584573,0.8192898781134075,0.10068892421833599,0.07631160572337042,0,4.362648444878446,0.8702504361583526,0.6715665488402252,1887
1201,4033.6440101433764,33.57036184907525,0.9380203515263644,0.04717853839037928,0.014338575393154487,0,12.98481457054558,0.8720875318878559,0.8648974148186062,2162
