update,ep_idx,ue,speed_kmh,acked_bits,n_comp,deadline_miss,retx_drop,mean_mu_depth
9,0,0,7.31,170193.3,0,418,0,3.798
9,0,1,29.18,0.0,0,404,0,0.0
9,0,2,26.27,3112281.0,398,0,0,3.985
9,0,3,19.12,3216249.0,405,0,0,3.995
9,0,4,15.72,57571.6,0,399,2,3.792
9,0,5,15.24,3398298.0,417,0,0,3.992
9,0,6,31.03,29984.1,0,404,1,3.812
9,0,7,39.17,3511628.0,427,0,0,3.987
9,0,8,35.65,489964.0,22,396,0,3.778
9,0,9,14.73,3234508.0,413,3,0,3.974
9,0,10,34.02,22748.6,0,411,3,3.798
9,0,11,10.86,3338739.5,412,0,0,3.988
9,0,12,13.55,2948982.0,371,0,0,3.998
9,0,13,19.72,351219.1,8,359,0,3.777
9,0,14,30.6,3265358.5,405,1,0,3.995
9,0,15,28.59,3009347.0,378,0,0,3.955
9,0,16,28.24,0.0,0,415,0,0.0
9,0,17,31.34,3186676.3,385,14,0,3.916
9,0,18,36.47,3191098.0,402,0,0,3.94
9,0,19,5.84,5415.6,0,412,0,3.888
9,0,20,17.27,3146635.0,406,0,0,3.999
9,0,21,22.59,3528931.8,439,7,0,3.962
9,0,22,29.89,59239.1,0,404,3,3.842
9,0,23,15.03,40840.1,0,402,0,3.812
9,0,24,29.93,0.0,0,0,0,0.0
9,0,25,15.88,0.0,0,0,0,0.0
9,0,26,12.33,0.0,0,0,0,0.0
9,0,27,23.22,0.0,0,0,0,0.0
9,0,28,22.59,0.0,0,0,0,0.0
9,0,29,18.02,0.0,0,0,0,0.0
9,0,30,31.52,0.0,0,0,0,0.0
9,0,31,35.22,0.0,0,0,0,0.0
9,1,0,20.0,73267.2,1,325,0,3.994
9,1,1,22.2,2667584.0,332,0,0,4.0
9,1,2,24.66,289254.6,17,338,0,3.99
9,1,3,21.54,2675092.0,331,0,0,4.0
9,1,4,33.76,4616.7,0,365,1,4.0
9,1,5,23.71,2782099.0,352,0,0,4.0
9,1,6,10.08,2093420.1,255,66,0,3.998
9,1,7,5.47,2817594.8,352,1,0,4.0
9,1,8,9.6,2942554.0,368,0,0,4.0
9,1,9,21.73,69911.2,0,368,0,3.998
9,1,10,5.31,2744429.0,343,0,0,4.0
9,1,11,36.07,2659247.0,334,0,0,4.0
9,1,12,20.46,3025.0,0,328,0,4.0
9,1,13,34.32,2723172.5,330,9,1,3.998
9,1,14,8.58,2879561.0,353,0,0,4.0
9,1,15,13.3,2267189.6,280,46,0,3.999
9,1,16,27.7,2658893.0,325,0,0,4.0
9,1,17,12.23,2912538.0,361,0,0,3.999
9,1,18,16.83,1729896.8,182,152,0,3.997
9,1,19,38.02,348834.4,23,317,0,3.992
9,1,20,37.85,2787150.0,343,0,0,3.999
9,1,21,8.07,1985190.7,235,98,0,4.0
9,1,22,27.42,2514090.7,311,8,0,3.999
9,1,23,29.83,802738.5,78,254,0,3.997
9,1,24,36.07,19093.5,0,385,0,3.995
9,1,25,17.54,254723.6,12,353,0,3.993
9,1,26,27.33,2992612.0,376,0,0,4.0
9,1,27,37.84,0.0,0,0,0,0.0
9,1,28,36.11,0.0,0,0,0,0.0
9,1,29,28.09,0.0,0,0,0,0.0
9,1,30,27.63,0.0,0,0,0,0.0
9,1,31,24.51,0.0,0,0,0,0.0
9,2,0,7.74,931.5,0,231,0,3.966
9,2,1,8.87,1710385.9,212,8,0,3.99
9,2,2,26.78,288490.2,20,217,0,3.933
9,2,3,17.07,1645906.0,203,0,0,4.0
9,2,4,20.49,1732449.0,219,0,0,4.0
9,2,5,18.4,130.5,0,219,0,4.0
9,2,6,16.21,1996985.0,243,0,0,4.0
9,2,7,28.9,1623120.8,199,21,0,3.99
9,2,8,15.49,1289049.8,159,67,0,3.988
9,2,9,34.34,416613.5,36,213,0,3.936
9,2,10,38.11,1774462.0,219,3,0,3.995
9,2,11,16.92,214071.5,12,206,0,3.958
9,2,12,10.26,1835399.0,231,0,0,3.996
9,2,13,21.54,1948408.1,242,13,0,3.994
9,2,14,19.74,1812521.5,228,7,0,3.988
9,2,15,32.07,1791641.4,227,27,0,3.988
9,2,16,36.08,1909727.0,229,0,0,4.0
9,2,17,28.98,1659312.0,215,0,0,3.999
9,2,18,8.04,1859217.0,231,0,0,4.0
9,2,19,33.29,1792339.9,220,14,0,3.991
9,2,20,17.79,27762.1,0,239,0,3.959
9,2,21,16.53,1621011.9,196,14,0,3.994
9,2,22,23.07,1707571.0,213,0,0,3.998
9,2,23,23.06,1667660.0,213,0,0,3.994
9,2,24,30.02,711101.9,69,162,0,3.971
9,2,25,18.79,22222.1,0,212,0,3.966
9,2,26,16.66,1683873.7,193,40,0,3.993
9,2,27,27.9,1594050.0,201,0,0,4.0
9,2,28,14.65,1116796.5,133,105,0,3.976
9,2,29,36.0,1660723.5,210,1,0,4.0
9,2,30,34.95,0.0,0,0,0,0.0
9,2,31,15.56,0.0,0,0,0,0.0
19,0,0,7.31,160566.4,0,418,0,3.965
19,0,1,29.18,0.0,0,404,0,0.0
19,0,2,26.27,3112281.0,398,0,0,3.998
19,0,3,19.12,3216249.0,405,0,0,4.0
19,0,4,15.72,61349.3,0,399,2,3.977
19,0,5,15.24,3398298.0,417,0,0,3.999
19,0,6,31.03,33099.4,0,404,1,3.977
19,0,7,39.17,3511628.0,427,0,0,3.998
19,0,8,35.65,432340.3,17,401,0,3.966
19,0,9,14.73,3248336.0,414,2,0,3.998
19,0,10,34.02,22832.9,0,410,4,3.975
19,0,11,10.86,3338739.5,412,0,0,3.999
19,0,12,13.55,2948982.0,371,0,0,3.999
19,0,13,19.72,334529.5,5,362,0,3.96
19,0,14,30.6,3276533.0,407,0,0,3.999
19,0,15,28.59,3009347.0,378,0,0,3.997
19,0,16,28.24,0.0,0,415,0,0.0
19,0,17,31.34,3175807.9,386,12,0,3.995
19,0,18,36.47,3189602.6,401,1,0,3.996
19,0,19,5.84,7792.9,0,412,0,3.987
19,0,20,17.27,3141710.9,405,0,0,4.0
19,0,21,22.59,3521150.7,437,8,0,3.998
19,0,22,29.89,59450.8,0,404,3,3.983
19,0,23,15.03,45143.4,0,402,0,3.968
19,0,24,29.93,0.0,0,0,0,0.0
19,0,25,15.88,0.0,0,0,0,0.0
19,0,26,12.33,0.0,0,0,0,0.0
19,0,27,23.22,0.0,0,0,0,0.0
19,0,28,22.59,0.0,0,0,0,0.0
19,0,29,18.02,0.0,0,0,0,0.0
19,0,30,31.52,0.0,0,0,0,0.0
19,0,31,35.22,0.0,0,0,0,0.0
19,1,0,20.0,93188.2,2,324,0,4.0
19,1,1,22.2,2667584.0,332,0,0,4.0
19,1,2,24.66,258967.0,14,341,0,4.0
19,1,3,21.54,2675092.0,331,0,0,4.0
19,1,4,33.76,5159.0,0,364,2,4.0
19,1,5,23.71,2782099.0,352,0,0,4.0
19,1,6,10.08,2032638.9,247,74,0,4.0
19,1,7,5.47,2815449.5,352,1,0,4.0
19,1,8,9.6,2942554.0,368,0,0,4.0
19,1,9,21.73,82630.5,2,366,0,4.0
19,1,10,5.31,2744429.0,343,0,0,4.0
19,1,11,36.07,2659247.0,334,0,0,4.0
19,1,12,20.46,3215.9,0,328,0,4.0
19,1,13,34.32,2707523.4,329,8,1,4.0
19,1,14,8.58,2879561.0,353,0,0,4.0
19,1,15,13.3,2217914.8,276,50,0,4.0
19,1,16,27.7,2658893.0,325,0,0,4.0
19,1,17,12.23,2912538.0,361,0,0,4.0
19,1,18,16.83,1755081.7,180,154,0,4.0
19,1,19,38.02,307790.9,19,321,0,4.0
19,1,20,37.85,2787150.0,343,0,0,4.0
19,1,21,8.07,1896256.0,225,108,0,4.0
19,1,22,27.42,2495384.5,311,8,0,4.0
19,1,23,29.83,792874.5,77,255,0,4.0
19,1,24,36.07,17567.0,0,384,1,4.0
19,1,25,17.54,284535.3,20,345,0,4.0
19,1,26,27.33,2992612.0,376,0,0,4.0
19,1,27,37.84,0.0,0,0,0,0.0
19,1,28,36.11,0.0,0,0,0,0.0
19,1,29,28.09,0.0,0,0,0,0.0
19,1,30,27.63,0.0,0,0,0,0.0
19,1,31,24.51,0.0,0,0,0,0.0
19,2,0,7.74,933.8,0,231,0,3.964
19,2,1,8.87,1716442.0,213,6,0,3.999
19,2,2,26.78,282648.5,19,218,0,3.989
19,2,3,17.07,1635026.0,202,1,0,4.0
19,2,4,20.49,1732449.0,219,0,0,4.0
19,2,5,18.4,405.4,0,219,0,4.0
19,2,6,16.21,1996985.0,243,0,0,4.0
19,2,7,28.9,1582456.2,195,25,0,4.0
19,2,8,15.49,1266797.0,157,69,0,4.0
19,2,9,34.34,363261.4,35,214,0,3.989
19,2,10,38.11,1775745.3,220,2,0,3.998
19,2,11,16.92,213868.9,10,208,0,3.997
19,2,12,10.26,1835399.0,231,0,0,4.0
19,2,13,21.54,1929985.0,242,13,0,3.999
19,2,14,19.74,1817288.5,227,8,0,3.999
19,2,15,32.07,1749272.4,217,37,0,3.999
19,2,16,36.08,1909727.0,229,0,0,4.0
19,2,17,28.98,1659312.0,215,0,0,4.0
19,2,18,8.04,1859217.0,231,0,0,4.0
19,2,19,33.29,1792535.2,219,15,0,4.0
19,2,20,17.79,39413.6,0,239,0,3.991
19,2,21,16.53,1572743.9,190,20,0,3.995
19,2,22,23.07,1707571.0,213,0,0,4.0
19,2,23,23.06,1667660.0,213,0,0,4.0
19,2,24,30.02,594121.6,60,171,0,3.997
19,2,25,18.79,30703.5,0,212,0,3.994
19,2,26,16.66,1624431.4,188,45,0,4.0
19,2,27,27.9,1594050.0,201,0,0,4.0
19,2,28,14.65,1189301.8,137,101,0,4.0
19,2,29,36.0,1663827.2,210,1,0,4.0
19,2,30,34.95,0.0,0,0,0,0.0
19,2,31,15.56,0.0,0,0,0,0.0
29,0,0,7.31,155039.0,0,418,0,3.991
29,0,1,29.18,0.0,0,404,0,0.0
29,0,2,26.27,3112281.0,398,0,0,4.0
29,0,3,19.12,3216249.0,405,0,0,4.0
29,0,4,15.72,67306.3,0,400,1,3.998
29,0,5,15.24,3398298.0,417,0,0,4.0
29,0,6,31.03,33632.5,0,404,1,3.995
29,0,7,39.17,3511628.0,427,0,0,4.0
29,0,8,35.65,438710.7,15,403,0,3.992
29,0,9,14.73,3249241.3,414,2,0,4.0
29,0,10,34.02,21554.9,0,410,4,3.996
29,0,11,10.86,3320286.0,410,2,0,4.0
29,0,12,13.55,2948982.0,371,0,0,4.0
29,0,13,19.72,328780.0,5,362,0,3.995
29,0,14,30.6,3276533.0,407,0,0,4.0
29,0,15,28.59,3009347.0,378,0,0,3.999
29,0,16,28.24,0.0,0,415,0,0.0
29,0,17,31.34,3195413.5,383,15,0,4.0
29,0,18,36.47,3191098.0,402,0,0,4.0
29,0,19,5.84,7772.7,0,412,0,3.996
29,0,20,17.27,3141786.4,405,0,0,4.0
29,0,21,22.59,3531845.7,439,7,0,4.0
29,0,22,29.89,56242.8,0,406,1,3.998
29,0,23,15.03,46511.6,0,402,0,3.995
29,0,24,29.93,0.0,0,0,0,0.0
29,0,25,15.88,0.0,0,0,0,0.0
29,0,26,12.33,0.0,0,0,0,0.0
29,0,27,23.22,0.0,0,0,0,0.0
29,0,28,22.59,0.0,0,0,0,0.0
29,0,29,18.02,0.0,0,0,0,0.0
29,0,30,31.52,0.0,0,0,0,0.0
29,0,31,35.22,0.0,0,0,0,0.0
29,1,0,20.0,91115.8,1,325,0,4.0
29,1,1,22.2,2667584.0,332,0,0,4.0
29,1,2,24.66,254327.8,18,337,0,4.0
29,1,3,21.54,2675092.0,331,0,0,4.0
29,1,4,33.76,3279.3,0,364,2,4.0
29,1,5,23.71,2782099.0,352,0,0,4.0
29,1,6,10.08,2120783.6,257,64,0,4.0
29,1,7,5.47,2812195.9,352,1,0,4.0
29,1,8,9.6,2942554.0,368,0,0,4.0
29,1,9,21.73,85242.8,1,366,1,4.0
29,1,10,5.31,2744429.0,343,0,0,4.0
29,1,11,36.07,2659247.0,334,0,0,4.0
29,1,12,20.46,3779.0,0,327,1,4.0
29,1,13,34.32,2701928.0,329,10,1,4.0
29,1,14,8.58,2879561.0,353,0,0,4.0
29,1,15,13.3,2251439.2,282,44,0,4.0
29,1,16,27.7,2658893.0,325,0,0,4.0
29,1,17,12.23,2912538.0,361,0,0,4.0
29,1,18,16.83,1783885.2,192,142,0,4.0
29,1,19,38.02,279024.3,17,323,0,4.0
29,1,20,37.85,2787150.0,343,0,0,4.0
29,1,21,8.07,1923230.1,227,106,0,4.0
29,1,22,27.42,2504704.9,312,7,0,4.0
29,1,23,29.83,727761.4,68,264,0,4.0
29,1,24,36.07,15745.1,0,385,0,4.0
29,1,25,17.54,288514.5,21,344,0,4.0
29,1,26,27.33,2992612.0,376,0,0,4.0
29,1,27,37.84,0.0,0,0,0,0.0
29,1,28,36.11,0.0,0,0,0,0.0
29,1,29,28.09,0.0,0,0,0,0.0
29,1,30,27.63,0.0,0,0,0,0.0
29,1,31,24.51,0.0,0,0,0,0.0
29,2,0,7.74,930.1,0,231,0,4.0
29,2,1,8.87,1753151.5,217,2,0,4.0
29,2,2,26.78,276578.5,19,218,0,3.995
29,2,3,17.07,1635026.0,202,1,0,4.0
29,2,4,20.49,1732449.0,219,0,0,4.0
29,2,5,18.4,149.3,0,219,0,4.0
29,2,6,16.21,1996985.0,243,0,0,4.0
29,2,7,28.9,1654769.7,202,18,0,4.0
29,2,8,15.49,1276463.5,162,64,0,4.0
29,2,9,34.34,366990.9,34,215,0,3.995
29,2,10,38.11,1753737.7,218,4,0,3.998
29,2,11,16.92,223442.7,12,206,0,4.0
29,2,12,10.26,1835399.0,231,0,0,4.0
29,2,13,21.54,1879409.4,238,17,0,3.999
29,2,14,19.74,1815666.6,228,7,0,4.0
29,2,15,32.07,1682632.4,215,39,0,4.0
29,2,16,36.08,1909727.0,229,0,0,4.0
29,2,17,28.98,1655259.9,214,1,0,4.0
29,2,18,8.04,1859217.0,231,0,0,4.0
29,2,19,33.29,1811642.7,223,11,0,4.0
29,2,20,17.79,35243.4,0,239,0,3.997
29,2,21,16.53,1643837.6,197,13,0,3.996
29,2,22,23.07,1707571.0,213,0,0,4.0
29,2,23,23.06,1667660.0,213,0,0,4.0
29,2,24,30.02,576326.7,60,171,0,3.999
29,2,25,18.79,27711.6,0,212,0,3.995
29,2,26,16.66,1670349.0,196,37,0,4.0
29,2,27,27.9,1594050.0,201,0,0,4.0
29,2,28,14.65,1186765.3,129,109,0,4.0
29,2,29,36.0,1667862.2,210,1,0,4.0
29,2,30,34.95,0.0,0,0,0,0.0
29,2,31,15.56,0.0,0,0,0,0.0
39,0,0,7.31,163819.3,4,414,0,2.989
39,0,1,29.18,0.0,0,404,0,0.0
39,0,2,26.27,3112281.0,398,0,0,3.942
39,0,3,19.12,3216249.0,405,0,0,3.964
39,0,4,15.72,70148.8,0,400,1,2.954
39,0,5,15.24,3398298.0,417,0,0,3.94
39,0,6,31.03,30497.6,0,403,2,2.89
39,0,7,39.17,3511628.0,427,0,0,3.925
39,0,8,35.65,466620.8,32,386,0,3.052
39,0,9,14.73,3245142.0,413,3,0,3.771
39,0,10,34.02,21250.4,1,412,1,2.873
39,0,11,10.86,3328443.4,410,2,0,3.883
39,0,12,13.55,2948982.0,371,0,0,3.961
39,0,13,19.72,420325.1,23,344,0,2.96
39,0,14,30.6,3276533.0,407,0,0,3.953
39,0,15,28.59,3009347.0,378,0,0,3.672
39,0,16,28.24,0.0,0,415,0,0.0
39,0,17,31.34,3205157.5,390,9,0,3.439
39,0,18,36.47,3191098.0,402,0,0,3.535
39,0,19,5.84,4925.7,0,412,0,3.208
39,0,20,17.27,3141786.4,405,0,0,3.974
39,0,21,22.59,3518067.0,438,8,0,3.742
39,0,22,29.89,49889.5,0,406,1,2.941
39,0,23,15.03,46019.2,0,402,0,3.017
39,0,24,29.93,0.0,0,0,0,0.0
39,0,25,15.88,0.0,0,0,0,0.0
39,0,26,12.33,0.0,0,0,0,0.0
39,0,27,23.22,0.0,0,0,0,0.0
39,0,28,22.59,0.0,0,0,0,0.0
39,0,29,18.02,0.0,0,0,0,0.0
39,0,30,31.52,0.0,0,0,0,0.0
39,0,31,35.22,0.0,0,0,0,0.0
39,1,0,20.0,76184.6,1,325,0,3.777
39,1,1,22.2,2667584.0,332,0,0,3.999
39,1,2,24.66,281613.2,22,333,0,3.777
39,1,3,21.54,2675092.0,331,0,0,3.999
39,1,4,33.76,2587.3,0,365,1,3.747
39,1,5,23.71,2782099.0,352,0,0,3.988
39,1,6,10.08,2041946.5,248,73,0,3.896
39,1,7,5.47,2812066.9,352,1,0,3.996
39,1,8,9.6,2942554.0,368,0,0,3.996
39,1,9,21.73,85666.9,2,366,0,3.76
39,1,10,5.31,2744429.0,343,0,0,3.996
39,1,11,36.07,2650112.0,333,1,0,3.97
39,1,12,20.46,5009.3,0,327,1,3.829
39,1,13,34.32,2692330.9,329,9,1,3.94
39,1,14,8.58,2879561.0,353,0,0,3.994
39,1,15,13.3,2227828.1,279,47,0,3.916
39,1,16,27.7,2658893.0,325,0,0,3.998
39,1,17,12.23,2912538.0,361,0,0,3.975
39,1,18,16.83,1769715.9,189,145,0,3.842
39,1,19,38.02,341291.5,22,318,0,3.776
39,1,20,37.85,2787150.0,343,0,0,3.984
39,1,21,8.07,1946384.5,236,97,0,3.874
39,1,22,27.42,2471259.2,309,10,0,3.979
39,1,23,29.83,765376.1,86,246,0,3.826
39,1,24,36.07,15390.8,0,385,0,3.697
39,1,25,17.54,286372.5,21,344,0,3.748
39,1,26,27.33,2992612.0,376,0,0,3.993
39,1,27,37.84,0.0,0,0,0,0.0
39,1,28,36.11,0.0,0,0,0,0.0
39,1,29,28.09,0.0,0,0,0,0.0
39,1,30,27.63,0.0,0,0,0,0.0
39,1,31,24.51,0.0,0,0,0,0.0
39,2,0,7.74,633.3,0,231,0,3.778
39,2,1,8.87,1761851.9,219,1,0,3.933
39,2,2,26.78,264709.0,21,216,0,3.761
39,2,3,17.07,1643366.3,202,1,0,3.964
39,2,4,20.49,1732449.0,219,0,0,3.99
39,2,5,18.4,196.4,0,219,0,3.8
39,2,6,16.21,1996985.0,243,0,0,4.0
39,2,7,28.9,1554518.1,192,28,0,3.901
39,2,8,15.49,1401142.2,170,56,0,3.849
39,2,9,34.34,383240.1,40,209,0,3.776
39,2,10,38.11,1776404.1,219,3,0,3.927
39,2,11,16.92,255456.0,18,200,0,3.695
39,2,12,10.26,1826940.0,230,1,0,3.99
39,2,13,21.54,1880489.6,237,18,0,3.917
39,2,14,19.74,1810308.7,225,10,0,3.924
39,2,15,32.07,1807215.6,227,27,0,3.866
39,2,16,36.08,1909727.0,229,0,0,3.991
39,2,17,28.98,1659312.0,215,0,0,3.991
39,2,18,8.04,1859217.0,231,0,0,3.988
39,2,19,33.29,1802667.8,221,13,0,3.929
39,2,20,17.79,37453.1,0,239,0,3.696
39,2,21,16.53,1629236.8,197,13,0,3.893
39,2,22,23.07,1707571.0,213,0,0,3.992
39,2,23,23.06,1667660.0,213,0,0,3.987
39,2,24,30.02,577397.0,52,179,0,3.764
39,2,25,18.79,24432.8,0,212,0,3.622
39,2,26,16.66,1567827.7,184,49,0,3.872
39,2,27,27.9,1594050.0,201,0,0,3.992
39,2,28,14.65,1177257.2,136,102,0,3.842
39,2,29,36.0,1664498.0,210,1,0,3.982
39,2,30,34.95,0.0,0,0,0,0.0
39,2,31,15.56,0.0,0,0,0,0.0
49,0,0,7.31,157739.0,14,404,0,1.686
49,0,1,29.18,0.0,0,404,0,0.0
49,0,2,26.27,3112281.0,398,0,0,3.806
49,0,3,19.12,3211289.1,404,0,0,3.845
49,0,4,15.72,82982.7,1,398,2,1.68
49,0,5,15.24,3398298.0,417,0,0,3.757
49,0,6,31.03,25847.4,0,404,1,1.298
49,0,7,39.17,3511628.0,427,0,0,3.734
49,0,8,35.65,323840.4,41,377,0,1.832
49,0,9,14.73,3250812.0,415,1,0,3.415
49,0,10,34.02,18296.6,1,413,0,1.532
49,0,11,10.86,3334402.4,411,1,0,3.693
49,0,12,13.55,2948982.0,371,0,0,3.834
49,0,13,19.72,476809.1,42,325,0,1.851
49,0,14,30.6,3271665.0,406,0,0,3.832
49,0,15,28.59,3009347.0,378,0,0,3.144
49,0,16,28.24,0.0,0,415,0,0.0
49,0,17,31.34,3040077.0,371,28,0,2.529
49,0,18,36.47,3155834.0,398,4,0,2.781
49,0,19,5.84,5269.2,0,412,0,1.907
49,0,20,17.27,3141786.4,405,0,0,3.835
49,0,21,22.59,3552435.0,440,6,0,3.302
49,0,22,29.89,48606.5,0,407,0,1.389
49,0,23,15.03,37607.1,1,400,1,1.731
49,0,24,29.93,0.0,0,0,0,0.0
49,0,25,15.88,0.0,0,0,0,0.0
49,0,26,12.33,0.0,0,0,0,0.0
49,0,27,23.22,0.0,0,0,0,0.0
49,0,28,22.59,0.0,0,0,0,0.0
49,0,29,18.02,0.0,0,0,0,0.0
49,0,30,31.52,0.0,0,0,0,0.0
49,0,31,35.22,0.0,0,0,0,0.0
49,1,0,20.0,136646.0,9,317,0,2.462
49,1,1,22.2,2667584.0,332,0,0,3.837
49,1,2,24.66,174342.7,24,331,0,2.67
49,1,3,21.54,2675092.0,331,0,0,3.913
49,1,4,33.76,4704.3,0,366,0,2.186
49,1,5,23.71,2782099.0,352,0,0,3.841
49,1,6,10.08,1845583.6,241,80,0,3.045
49,1,7,5.47,2818697.0,353,0,0,3.839
49,1,8,9.6,2942554.0,368,0,0,3.89
49,1,9,21.73,116626.8,10,357,1,2.444
49,1,10,5.31,2744429.0,343,0,0,3.95
49,1,11,36.07,2650291.0,333,1,0,3.559
49,1,12,20.46,5284.7,0,328,0,1.649
49,1,13,34.32,2711717.9,332,8,0,3.351
49,1,14,8.58,2879561.0,353,0,0,3.74
49,1,15,13.3,2135056.7,279,47,0,3.105
49,1,16,27.7,2658893.0,325,0,0,3.915
49,1,17,12.23,2912538.0,361,0,0,3.679
49,1,18,16.83,1674145.2,202,132,0,2.893
49,1,19,38.02,248788.2,34,306,0,2.468
49,1,20,37.85,2787150.0,343,0,0,3.71
49,1,21,8.07,1599679.8,209,124,0,3.02
49,1,22,27.42,2434776.3,304,15,0,3.601
49,1,23,29.83,642146.1,94,238,0,2.817
49,1,24,36.07,19336.2,0,384,1,1.97
49,1,25,17.54,368763.4,40,325,0,2.699
49,1,26,27.33,2992612.0,376,0,0,3.801
49,1,27,37.84,0.0,0,0,0,0.0
49,1,28,36.11,0.0,0,0,0,0.0
49,1,29,28.09,0.0,0,0,0,0.0
49,1,30,27.63,0.0,0,0,0,0.0
49,1,31,24.51,0.0,0,0,0,0.0
49,2,0,7.74,346.5,0,231,0,2.0
49,2,1,8.87,1686551.4,211,8,0,3.258
49,2,2,26.78,260826.8,34,203,0,2.422
49,2,3,17.07,1645906.0,203,0,0,3.584
49,2,4,20.49,1732449.0,219,0,0,3.727
49,2,5,18.4,297.3,0,219,0,1.5
49,2,6,16.21,1996985.0,243,0,0,3.84
49,2,7,28.9,1200620.7,155,65,0,2.871
49,2,8,15.49,1169198.9,160,66,0,2.814
49,2,9,34.34,439517.5,62,187,0,2.457
49,2,10,38.11,1706547.8,214,8,0,3.122
49,2,11,16.92,230340.5,28,190,0,2.423
49,2,12,10.26,1835399.0,231,0,0,3.811
49,2,13,21.54,1739060.2,225,30,0,3.069
49,2,14,19.74,1803497.7,227,8,0,3.204
49,2,15,32.07,1497600.8,200,54,0,2.939
49,2,16,36.08,1909727.0,229,0,0,3.694
49,2,17,28.98,1659312.0,215,0,0,3.759
49,2,18,8.04,1859217.0,231,0,0,3.802
49,2,19,33.29,1770237.5,221,13,0,3.091
49,2,20,17.79,70362.8,4,235,0,2.206
49,2,21,16.53,1452115.3,182,28,0,2.967
49,2,22,23.07,1707571.0,213,0,0,3.756
49,2,23,23.06,1667660.0,213,0,0,3.699
49,2,24,30.02,547928.2,77,154,0,2.533
49,2,25,18.79,31980.7,1,211,0,1.956
49,2,26,16.66,1447365.7,177,56,0,2.835
49,2,27,27.9,1594050.0,201,0,0,3.792
49,2,28,14.65,1145108.6,151,87,0,2.783
49,2,29,36.0,1664278.7,210,1,0,3.701
49,2,30,34.95,0.0,0,0,0,0.0
49,2,31,15.56,0.0,0,0,0,0.0
59,0,0,7.31,176085.1,17,401,0,1.429
59,0,1,29.18,0.0,0,404,0,0.0
59,0,2,26.27,3112281.0,398,0,0,3.487
59,0,3,19.12,3210554.3,404,0,0,3.667
59,0,4,15.72,70830.5,1,398,2,1.519
59,0,5,15.24,3398298.0,417,0,0,3.531
59,0,6,31.03,23158.0,0,404,1,1.158
59,0,7,39.17,3511628.0,427,0,0,3.539
59,0,8,35.65,278418.0,39,379,0,1.448
59,0,9,14.73,3211866.0,409,7,0,3.097
59,0,10,34.02,17627.2,1,413,0,1.25
59,0,11,10.86,3330513.0,411,1,0,3.419
59,0,12,13.55,2948982.0,371,0,0,3.645
59,0,13,19.72,431265.3,52,315,0,1.656
59,0,14,30.6,3271665.0,406,0,0,3.73
59,0,15,28.59,2940012.7,370,8,0,2.635
59,0,16,28.24,0.0,0,415,0,0.0
59,0,17,31.34,2463451.9,310,89,0,2.089
59,0,18,36.47,2802833.9,357,45,0,2.324
59,0,19,5.84,6314.0,0,412,0,1.651
59,0,20,17.27,3141786.4,405,0,0,3.702
59,0,21,22.59,3515794.8,438,8,0,2.906
59,0,22,29.89,63565.3,2,405,0,1.166
59,0,23,15.03,44705.9,1,400,1,1.38
59,0,24,29.93,0.0,0,0,0,0.0
59,0,25,15.88,0.0,0,0,0,0.0
59,0,26,12.33,0.0,0,0,0,0.0
59,0,27,23.22,0.0,0,0,0,0.0
59,0,28,22.59,0.0,0,0,0,0.0
59,0,29,18.02,0.0,0,0,0,0.0
59,0,30,31.52,0.0,0,0,0,0.0
59,0,31,35.22,0.0,0,0,0,0.0
59,1,0,20.0,193808.1,18,308,0,1.985
59,1,1,22.2,2667584.0,332,0,0,3.456
59,1,2,24.66,171023.4,25,330,0,2.017
59,1,3,21.54,2675092.0,331,0,0,3.71
59,1,4,33.76,3393.5,0,364,2,1.6
59,1,5,23.71,2770203.0,351,1,0,3.494
59,1,6,10.08,1366373.4,194,127,0,2.414
59,1,7,5.47,2815449.5,352,1,0,3.527
59,1,8,9.6,2942554.0,368,0,0,3.515
59,1,9,21.73,124914.0,14,354,0,1.873
59,1,10,5.31,2744429.0,343,0,0,3.766
59,1,11,36.07,2522193.9,319,14,0,2.928
59,1,12,20.46,4722.0,0,328,0,1.16
59,1,13,34.32,2557406.5,317,21,1,2.669
59,1,14,8.58,2879561.0,353,0,0,3.219
59,1,15,13.3,1513595.4,210,116,0,2.496
59,1,16,27.7,2658893.0,325,0,0,3.554
59,1,17,12.23,2791147.1,348,13,0,3.154
59,1,18,16.83,1184124.5,155,179,0,2.309
59,1,19,38.02,227716.8,33,307,0,1.913
59,1,20,37.85,2770696.4,341,2,0,3.199
59,1,21,8.07,1099860.4,159,174,0,2.302
59,1,22,27.42,2023917.0,264,55,0,2.914
59,1,23,29.83,540669.3,81,251,0,2.101
59,1,24,36.07,40712.2,1,384,0,1.644
59,1,25,17.54,445392.1,57,308,0,2.28
59,1,26,27.33,2933028.0,370,6,0,3.399
59,1,27,37.84,0.0,0,0,0,0.0
59,1,28,36.11,0.0,0,0,0,0.0
59,1,29,28.09,0.0,0,0,0,0.0
59,1,30,27.63,0.0,0,0,0,0.0
59,1,31,24.51,0.0,0,0,0,0.0
59,2,0,7.74,1680.2,0,231,0,1.286
59,2,1,8.87,1470894.0,192,28,0,2.606
59,2,2,26.78,269984.3,40,197,0,1.78
59,2,3,17.07,1623342.0,201,2,0,3.033
59,2,4,20.49,1732449.0,219,0,0,3.134
59,2,5,18.4,624.0,0,219,0,1.0
59,2,6,16.21,1996985.0,243,0,0,3.412
59,2,7,28.9,1001281.0,137,83,0,2.116
59,2,8,15.49,936774.6,135,91,0,2.081
59,2,9,34.34,360548.2,57,192,0,1.897
59,2,10,38.11,1540856.0,200,22,0,2.382
59,2,11,16.92,290937.0,38,180,0,1.708
59,2,12,10.26,1835399.0,231,0,0,3.425
59,2,13,21.54,1410172.7,188,67,0,2.354
59,2,14,19.74,1623842.6,209,26,0,2.482
59,2,15,32.07,1133618.3,160,94,0,2.214
59,2,16,36.08,1897939.0,228,1,0,3.112
59,2,17,28.98,1659312.0,215,0,0,3.314
59,2,18,8.04,1856162.1,230,1,0,3.028
59,2,19,33.29,1399375.0,183,51,0,2.346
59,2,20,17.79,89572.0,6,231,2,1.746
59,2,21,16.53,1347360.1,172,38,0,2.264
59,2,22,23.07,1707571.0,213,0,0,3.231
59,2,23,23.06,1667660.0,213,0,0,3.222
59,2,24,30.02,416884.8,63,168,0,1.768
59,2,25,18.79,55917.8,4,208,0,1.438
59,2,26,16.66,1066125.8,141,92,0,2.158
59,2,27,27.9,1594050.0,201,0,0,3.292
59,2,28,14.65,1097639.1,151,87,0,2.147
59,2,29,36.0,1671793.0,211,0,0,3.135
59,2,30,34.95,0.0,0,0,0,0.0
59,2,31,15.56,0.0,0,0,0,0.0
69,0,0,7.31,113565.4,13,405,0,1.2
69,0,1,29.18,0.0,0,404,0,0.0
69,0,2,26.27,3112281.0,398,0,0,3.308
69,0,3,19.12,3216249.0,405,0,0,3.62
69,0,4,15.72,70208.3,1,399,1,1.182
69,0,5,15.24,3398298.0,417,0,0,3.343
69,0,6,31.03,24277.8,0,405,0,1.053
69,0,7,39.17,3511628.0,427,0,0,3.369
69,0,8,35.65,278930.9,32,386,0,1.317
69,0,9,14.73,3203040.8,408,8,0,2.923
69,0,10,34.02,13533.0,1,413,0,1.107
69,0,11,10.86,3333013.3,411,1,0,3.305
69,0,12,13.55,2948982.0,371,0,0,3.507
69,0,13,19.72,403846.6,48,319,0,1.342
69,0,14,30.6,3270308.0,406,0,0,3.641
69,0,15,28.59,2909147.8,367,11,0,2.402
69,0,16,28.24,0.0,0,415,0,0.0
69,0,17,31.34,2552877.8,320,79,0,1.798
69,0,18,36.47,2837691.4,361,41,0,2.132
69,0,19,5.84,6816.8,0,412,0,1.059
69,0,20,17.27,3141710.9,405,0,0,3.594
69,0,21,22.59,3521335.0,440,7,0,2.696
69,0,22,29.89,61925.3,1,406,0,1.052
69,0,23,15.03,45020.2,1,400,1,1.144
69,0,24,29.93,0.0,0,0,0,0.0
69,0,25,15.88,0.0,0,0,0,0.0
69,0,26,12.33,0.0,0,0,0,0.0
69,0,27,23.22,0.0,0,0,0,0.0
69,0,28,22.59,0.0,0,0,0,0.0
69,0,29,18.02,0.0,0,0,0,0.0
69,0,30,31.52,0.0,0,0,0,0.0
69,0,31,35.22,0.0,0,0,0,0.0
69,1,0,20.0,152281.5,15,311,0,1.661
69,1,1,22.2,2667584.0,332,0,0,3.124
69,1,2,24.66,140555.9,20,335,0,1.466
69,1,3,21.54,2675092.0,331,0,0,3.507
69,1,4,33.76,4006.0,0,366,0,1.174
69,1,5,23.71,2770203.0,351,1,0,3.296
69,1,6,10.08,1189106.7,173,147,0,2.077
69,1,7,5.47,2804218.5,351,2,0,3.27
69,1,8,9.6,2942554.0,368,0,0,3.293
69,1,9,21.73,104042.5,12,356,0,1.52
69,1,10,5.31,2744429.0,343,0,0,3.609
69,1,11,36.07,2497179.1,317,16,0,2.659
69,1,12,20.46,4873.0,0,328,0,1.059
69,1,13,34.32,2410672.4,304,35,0,2.34
69,1,14,8.58,2879561.0,353,0,0,2.93
69,1,15,13.3,1516463.8,208,117,0,2.159
69,1,16,27.7,2658893.0,325,0,0,3.324
69,1,17,12.23,2755199.7,341,20,0,2.869
69,1,18,16.83,954402.5,131,203,0,1.784
69,1,19,38.02,244655.3,35,305,0,1.548
69,1,20,37.85,2745826.0,338,5,0,2.841
69,1,21,8.07,1096247.3,159,174,0,1.955
69,1,22,27.42,2008322.5,256,63,0,2.603
69,1,23,29.83,512460.7,80,251,0,1.697
69,1,24,36.07,32664.8,0,385,0,1.17
69,1,25,17.54,324334.2,45,320,0,1.836
69,1,26,27.33,2980720.0,375,1,0,3.071
69,1,27,37.84,0.0,0,0,0,0.0
69,1,28,36.11,0.0,0,0,0,0.0
69,1,29,28.09,0.0,0,0,0,0.0
69,1,30,27.63,0.0,0,0,0,0.0
69,1,31,24.51,0.0,0,0,0,0.0
69,2,0,7.74,1664.1,0,231,0,1.222
69,2,1,8.87,1469438.0,190,30,0,2.241
69,2,2,26.78,251521.4,37,200,0,1.446
69,2,3,17.07,1623342.0,201,2,0,2.741
69,2,4,20.49,1732449.0,219,0,0,2.789
69,2,5,18.4,416.0,0,219,0,1.0
69,2,6,16.21,1996985.0,243,0,0,3.236
69,2,7,28.9,907684.2,126,94,0,1.752
69,2,8,15.49,913063.9,132,94,0,1.64
69,2,9,34.34,368381.5,57,192,0,1.651
69,2,10,38.11,1531455.8,198,24,0,1.944
69,2,11,16.92,214739.8,32,186,0,1.428
69,2,12,10.26,1835399.0,231,0,0,3.181
69,2,13,21.54,1465188.0,195,60,0,2.08
69,2,14,19.74,1643928.8,212,23,0,2.14
69,2,15,32.07,1163915.1,162,91,0,1.865
69,2,16,36.08,1897939.0,228,1,0,2.738
69,2,17,28.98,1659312.0,215,0,0,3.014
69,2,18,8.04,1859217.0,231,0,0,2.609
69,2,19,33.29,1409046.7,184,50,0,1.944
69,2,20,17.79,83223.2,6,232,1,1.412
69,2,21,16.53,1198356.1,153,57,0,1.844
69,2,22,23.07,1695852.0,212,1,0,2.995
69,2,23,23.06,1667660.0,213,0,0,2.904
69,2,24,30.02,466288.9,69,162,0,1.521
69,2,25,18.79,44114.5,3,208,1,1.22
69,2,26,16.66,1110505.4,145,88,0,1.793
69,2,27,27.9,1594050.0,201,0,0,2.991
69,2,28,14.65,812132.4,117,121,0,1.743
69,2,29,36.0,1671793.0,211,0,0,2.805
69,2,30,34.95,0.0,0,0,0,0.0
69,2,31,15.56,0.0,0,0,0,0.0
79,0,0,7.31,105676.9,10,408,0,1.082
79,0,1,29.18,0.0,0,404,0,0.0
79,0,2,26.27,3101037.0,397,1,0,2.712
79,0,3,19.12,3216249.0,405,0,0,3.076
79,0,4,15.72,57657.1,0,400,1,1.075
79,0,5,15.24,3398298.0,417,0,0,2.883
79,0,6,31.03,18710.4,0,405,0,1.019
79,0,7,39.17,3511628.0,427,0,0,2.856
79,0,8,35.65,261488.2,27,391,0,1.132
79,0,9,14.73,3213142.1,410,6,0,2.546
79,0,10,34.02,14914.2,1,413,0,1.03
79,0,11,10.86,3338972.3,412,0,0,2.933
79,0,12,13.55,2948982.0,371,0,0,3.016
79,0,13,19.72,271175.9,33,334,0,1.132
79,0,14,30.6,3265793.2,405,1,0,3.226
79,0,15,28.59,2921582.0,369,9,0,1.926
79,0,16,28.24,0.0,0,415,0,0.0
79,0,17,31.34,2425689.3,301,97,0,1.453
79,0,18,36.47,2864150.9,363,39,0,1.692
79,0,19,5.84,5080.3,0,412,0,1.04
79,0,20,17.27,3141710.9,405,0,0,3.098
79,0,21,22.59,3527245.5,440,7,0,2.279
79,0,22,29.89,43307.2,0,406,1,1.005
79,0,23,15.03,37376.6,0,402,0,1.059
79,0,24,29.93,0.0,0,0,0,0.0
79,0,25,15.88,0.0,0,0,0,0.0
79,0,26,12.33,0.0,0,0,0,0.0
79,0,27,23.22,0.0,0,0,0,0.0
79,0,28,22.59,0.0,0,0,0,0.0
79,0,29,18.02,0.0,0,0,0,0.0
79,0,30,31.52,0.0,0,0,0,0.0
79,0,31,35.22,0.0,0,0,0,0.0
79,1,0,20.0,122455.2,8,318,0,1.378
79,1,1,22.2,2667584.0,332,0,0,2.571
79,1,2,24.66,98265.0,12,343,0,1.223
79,1,3,21.54,2675092.0,331,0,0,2.825
79,1,4,33.76,2080.1,0,365,1,1.0
79,1,5,23.71,2761362.0,350,2,0,2.763
79,1,6,10.08,1254208.6,173,149,0,1.604
79,1,7,5.47,2807466.0,352,1,0,2.789
79,1,8,9.6,2942554.0,368,0,0,2.766
79,1,9,21.73,50191.1,5,363,0,1.186
79,1,10,5.31,2744429.0,343,0,0,3.106
79,1,11,36.07,2422944.0,308,25,0,2.073
79,1,12,20.46,712.8,0,328,0,1.25
79,1,13,34.32,2375014.6,298,42,0,1.837
79,1,14,8.58,2867622.0,352,1,0,2.344
79,1,15,13.3,1311838.7,181,144,0,1.647
79,1,16,27.7,2658893.0,325,0,0,2.779
79,1,17,12.23,2719465.5,339,22,0,2.285
79,1,18,16.83,870093.9,115,219,0,1.46
79,1,19,38.02,177627.4,21,318,1,1.234
79,1,20,37.85,2768490.0,341,2,0,2.336
79,1,21,8.07,1004219.5,141,192,0,1.513
79,1,22,27.42,1735999.3,224,95,0,2.141
79,1,23,29.83,438418.6,66,265,0,1.246
79,1,24,36.07,21194.5,0,385,0,1.067
79,1,25,17.54,298689.6,36,329,0,1.493
79,1,26,27.33,2932565.2,368,8,0,2.537
79,1,27,37.84,0.0,0,0,0,0.0
79,1,28,36.11,0.0,0,0,0,0.0
79,1,29,28.09,0.0,0,0,0,0.0
79,1,30,27.63,0.0,0,0,0,0.0
79,1,31,24.51,0.0,0,0,0,0.0
79,2,0,7.74,1872.1,0,231,0,1.1
79,2,1,8.87,1449057.6,188,32,0,1.805
79,2,2,26.78,178128.0,26,211,0,1.212
79,2,3,17.07,1611528.0,200,3,0,2.29
79,2,4,20.49,1732449.0,219,0,0,2.149
79,2,5,18.4,0.0,0,219,0,0.0
79,2,6,16.21,1996985.0,243,0,0,2.606
79,2,7,28.9,879382.5,122,98,0,1.358
79,2,8,15.49,717217.3,107,119,0,1.356
79,2,9,34.34,231088.6,36,213,0,1.159
79,2,10,38.11,1461275.3,189,33,0,1.518
79,2,11,16.92,197624.6,22,196,0,1.17
79,2,12,10.26,1835399.0,231,0,0,2.433
79,2,13,21.54,1406627.5,188,67,0,1.676
79,2,14,19.74,1660860.7,214,21,0,1.613
79,2,15,32.07,1200694.8,164,88,0,1.403
79,2,16,36.08,1909727.0,229,0,0,2.098
79,2,17,28.98,1659312.0,215,0,0,2.352
79,2,18,8.04,1835035.2,227,4,0,1.841
79,2,19,33.29,1371604.3,178,55,0,1.461
79,2,20,17.79,49707.9,3,236,0,1.164
79,2,21,16.53,1202952.4,156,54,0,1.476
79,2,22,23.07,1695852.0,212,1,0,2.317
79,2,23,23.06,1667660.0,213,0,0,2.24
79,2,24,30.02,349681.2,52,179,0,1.153
79,2,25,18.79,25865.1,2,210,0,1.091
79,2,26,16.66,1153314.2,142,91,0,1.43
79,2,27,27.9,1594050.0,201,0,0,2.246
79,2,28,14.65,802957.5,110,127,0,1.416
79,2,29,36.0,1665830.0,210,1,0,2.198
79,2,30,34.95,0.0,0,0,0,0.0
79,2,31,15.56,0.0,0,0,0,0.0
89,0,0,7.31,131218.9,9,409,0,1.283
89,0,1,29.18,0.0,0,404,0,0.0
89,0,2,26.27,3100687.0,397,1,0,3.426
89,0,3,19.12,3216249.0,405,0,0,3.692
89,0,4,15.72,57502.3,1,398,2,1.288
89,0,5,15.24,3398298.0,417,0,0,3.515
89,0,6,31.03,26292.9,0,405,0,1.091
89,0,7,39.17,3511628.0,427,0,0,3.496
89,0,8,35.65,305293.1,34,384,0,1.336
89,0,9,14.73,3256271.5,415,1,0,3.107
89,0,10,34.02,16457.9,1,413,0,1.069
89,0,11,10.86,3336472.0,412,0,0,3.489
89,0,12,13.55,2948982.0,371,0,0,3.575
89,0,13,19.72,450578.6,50,317,0,1.51
89,0,14,30.6,3267150.1,405,1,0,3.717
89,0,15,28.59,2969603.4,373,5,0,2.625
89,0,16,28.24,0.0,0,415,0,0.0
89,0,17,31.34,2717655.5,335,63,0,1.923
89,0,18,36.47,3117727.0,395,7,0,2.295
89,0,19,5.84,5518.1,0,412,0,1.133
89,0,20,17.27,3141765.2,405,0,0,3.718
89,0,21,22.59,3529467.0,439,8,0,2.905
89,0,22,29.89,48880.9,0,406,1,1.079
89,0,23,15.03,41091.7,1,401,0,1.191
89,0,24,29.93,0.0,0,0,0,0.0
89,0,25,15.88,0.0,0,0,0,0.0
89,0,26,12.33,0.0,0,0,0,0.0
89,0,27,23.22,0.0,0,0,0,0.0
89,0,28,22.59,0.0,0,0,0,0.0
89,0,29,18.02,0.0,0,0,0,0.0
89,0,30,31.52,0.0,0,0,0,0.0
89,0,31,35.22,0.0,0,0,0,0.0
89,1,0,20.0,136882.7,10,316,0,1.756
89,1,1,22.2,2667584.0,332,0,0,3.369
89,1,2,24.66,164094.6,23,332,0,1.727
89,1,3,21.54,2675092.0,331,0,0,3.614
89,1,4,33.76,2330.4,0,366,0,1.333
89,1,5,23.71,2781971.7,351,1,0,3.48
89,1,6,10.08,1542247.2,209,113,0,2.33
89,1,7,5.47,2818697.0,353,0,0,3.565
89,1,8,9.6,2942554.0,368,0,0,3.539
89,1,9,21.73,97323.7,10,358,0,1.713
89,1,10,5.31,2744429.0,343,0,0,3.799
89,1,11,36.07,2567438.1,324,9,0,2.877
89,1,12,20.46,3710.8,0,328,0,1.087
89,1,13,34.32,2555231.1,318,22,0,2.607
89,1,14,8.58,2879561.0,353,0,0,3.223
89,1,15,13.3,1686884.7,226,99,0,2.341
89,1,16,27.7,2658893.0,325,0,0,3.59
89,1,17,12.23,2873461.0,357,4,0,3.153
89,1,18,16.83,1227225.9,152,182,0,2.1
89,1,19,38.02,254137.4,33,306,1,1.756
89,1,20,37.85,2787150.0,343,0,0,3.204
89,1,21,8.07,1213554.7,167,166,0,2.197
89,1,22,27.42,2159160.4,271,48,0,2.897
89,1,23,29.83,600832.8,88,244,0,1.866
89,1,24,36.07,33208.6,1,384,0,1.441
89,1,25,17.54,348880.9,47,318,0,2.038
89,1,26,27.33,2987494.4,375,1,0,3.383
89,1,27,37.84,0.0,0,0,0,0.0
89,1,28,36.11,0.0,0,0,0,0.0
89,1,29,28.09,0.0,0,0,0,0.0
89,1,30,27.63,0.0,0,0,0,0.0
89,1,31,24.51,0.0,0,0,0,0.0
89,2,0,7.74,1040.0,0,231,0,1.5
89,2,1,8.87,1611986.0,206,14,0,2.519
89,2,2,26.78,229405.0,35,202,0,1.647
89,2,3,17.07,1623342.0,201,2,0,3.052
89,2,4,20.49,1732449.0,219,0,0,3.108
89,2,5,18.4,416.0,0,219,0,1.0
89,2,6,16.21,1996985.0,243,0,0,3.472
89,2,7,28.9,1160004.9,151,69,0,2.11
89,2,8,15.49,917033.3,130,96,0,2.013
89,2,9,34.34,372309.4,53,195,1,1.729
89,2,10,38.11,1646777.0,209,13,0,2.391
89,2,11,16.92,264688.6,37,181,0,1.644
89,2,12,10.26,1826940.0,230,1,0,3.448
89,2,13,21.54,1530588.3,201,54,0,2.373
89,2,14,19.74,1794573.8,226,9,0,2.426
89,2,15,32.07,1282628.2,176,77,0,2.134
89,2,16,36.08,1909727.0,229,0,0,3.185
89,2,17,28.98,1659312.0,215,0,0,3.317
89,2,18,8.04,1859217.0,231,0,0,2.93
89,2,19,33.29,1472614.6,190,44,0,2.216
89,2,20,17.79,67641.1,4,235,0,1.598
89,2,21,16.53,1331049.6,167,43,0,2.177
89,2,22,23.07,1707571.0,213,0,0,3.289
89,2,23,23.06,1667660.0,213,0,0,3.187
89,2,24,30.02,409187.2,58,173,0,1.697
89,2,25,18.79,37611.6,2,210,0,1.383
89,2,26,16.66,1209124.2,154,79,0,2.077
89,2,27,27.9,1594050.0,201,0,0,3.23
89,2,28,14.65,1020165.6,139,99,0,2.063
89,2,29,36.0,1663944.8,209,2,0,3.144
89,2,30,34.95,0.0,0,0,0,0.0
89,2,31,15.56,0.0,0,0,0,0.0
99,0,0,7.31,168888.2,12,406,0,1.733
99,0,1,29.18,0.0,0,404,0,0.0
99,0,2,26.27,3112281.0,398,0,0,3.747
99,0,3,19.12,3211289.1,404,0,0,3.841
99,0,4,15.72,70910.2,1,398,2,1.734
99,0,5,15.24,3398298.0,417,0,0,3.756
99,0,6,31.03,27420.3,0,405,0,1.516
99,0,7,39.17,3511628.0,427,0,0,3.748
99,0,8,35.65,315564.9,33,385,0,1.809
99,0,9,14.73,3255647.8,415,1,0,3.454
99,0,10,34.02,16174.2,1,413,0,1.479
99,0,11,10.86,3330513.0,411,1,0,3.691
99,0,12,13.55,2948982.0,371,0,0,3.813
99,0,13,19.72,490335.4,46,321,0,1.913
99,0,14,30.6,3267114.5,405,2,0,3.863
99,0,15,28.59,3009347.0,378,0,0,3.069
99,0,16,28.24,0.0,0,415,0,0.0
99,0,17,31.34,3069740.0,375,24,0,2.482
99,0,18,36.47,3148303.6,397,5,0,2.741
99,0,19,5.84,6661.6,0,412,0,1.5
99,0,20,17.27,3146635.0,406,0,0,3.858
99,0,21,22.59,3522970.0,439,7,0,3.279
99,0,22,29.89,55097.4,0,407,0,1.501
99,0,23,15.03,35507.8,1,401,0,1.58
99,0,24,29.93,0.0,0,0,0,0.0
99,0,25,15.88,0.0,0,0,0,0.0
99,0,26,12.33,0.0,0,0,0,0.0
99,0,27,23.22,0.0,0,0,0,0.0
99,0,28,22.59,0.0,0,0,0,0.0
99,0,29,18.02,0.0,0,0,0,0.0
99,0,30,31.52,0.0,0,0,0,0.0
99,0,31,35.22,0.0,0,0,0,0.0
99,1,0,20.0,105385.1,6,320,0,2.472
99,1,1,22.2,2667584.0,332,0,0,3.786
99,1,2,24.66,136191.8,17,338,0,2.575
99,1,3,21.54,2675092.0,331,0,0,3.921
99,1,4,33.76,3258.8,0,365,1,2.356
99,1,5,23.71,2782099.0,352,0,0,3.846
99,1,6,10.08,1942620.7,245,76,0,3.08
99,1,7,5.47,2806277.1,350,3,0,3.873
99,1,8,9.6,2942554.0,368,0,0,3.864
99,1,9,21.73,88451.4,7,361,0,2.502
99,1,10,5.31,2744429.0,343,0,0,3.949
99,1,11,36.07,2604511.9,327,6,0,3.455
99,1,12,20.46,3347.0,0,328,0,2.194
99,1,13,34.32,2690742.1,331,9,0,3.285
99,1,14,8.58,2879561.0,353,0,0,3.717
99,1,15,13.3,2090968.5,266,59,0,3.039
99,1,16,27.7,2658893.0,325,0,0,3.881
99,1,17,12.23,2912538.0,361,0,0,3.678
99,1,18,16.83,1782349.6,211,123,0,2.865
99,1,19,38.02,323214.3,35,304,1,2.544
99,1,20,37.85,2787150.0,343,0,0,3.714
99,1,21,8.07,1652078.0,210,123,0,3.011
99,1,22,27.42,2372064.3,296,23,0,3.495
99,1,23,29.83,697483.7,94,237,0,2.746
99,1,24,36.07,26402.7,0,385,0,2.227
99,1,25,17.54,349547.3,32,333,0,2.72
99,1,26,27.33,2992612.0,376,0,0,3.798
99,1,27,37.84,0.0,0,0,0,0.0
99,1,28,36.11,0.0,0,0,0,0.0
99,1,29,28.09,0.0,0,0,0,0.0
99,1,30,27.63,0.0,0,0,0,0.0
99,1,31,24.51,0.0,0,0,0,0.0
99,2,0,7.74,856.2,0,231,0,1.625
99,2,1,8.87,1722880.8,214,6,0,3.262
99,2,2,26.78,270583.1,33,205,0,2.527
99,2,3,17.07,1645906.0,203,0,0,3.609
99,2,4,20.49,1732449.0,219,0,0,3.711
99,2,5,18.4,593.7,0,219,0,1.5
99,2,6,16.21,1996985.0,243,0,0,3.842
99,2,7,28.9,1257606.7,162,58,0,2.9
99,2,8,15.49,1312851.1,170,56,0,2.819
99,2,9,34.34,351164.1,49,200,0,2.497
99,2,10,38.11,1694863.9,213,9,0,3.099
99,2,11,16.92,218346.1,21,197,0,2.428
99,2,12,10.26,1835399.0,231,0,0,3.823
99,2,13,21.54,1704759.2,221,34,0,3.117
99,2,14,19.74,1803964.8,227,8,0,3.159
99,2,15,32.07,1592379.8,206,47,0,2.846
99,2,16,36.08,1909727.0,229,0,0,3.731
99,2,17,28.98,1659312.0,215,0,0,3.786
99,2,18,8.04,1859217.0,231,0,0,3.658
99,2,19,33.29,1732314.3,214,20,0,3.057
99,2,20,17.79,60310.3,2,237,0,2.332
99,2,21,16.53,1525280.4,187,23,0,2.992
99,2,22,23.07,1707571.0,213,0,0,3.791
99,2,23,23.06,1667660.0,213,0,0,3.722
99,2,24,30.02,455462.3,59,172,0,2.638
99,2,25,18.79,32016.5,1,211,0,2.257
99,2,26,16.66,1557480.6,189,44,0,2.865
99,2,27,27.9,1594050.0,201,0,0,3.748
99,2,28,14.65,1224684.3,159,79,0,2.868
99,2,29,36.0,1663904.5,210,1,0,3.714
99,2,30,34.95,0.0,0,0,0,0.0
99,2,31,15.56,0.0,0,0,0,0.0
109,0,0,7.31,169468.4,8,410,0,2.318
109,0,1,29.18,0.0,0,404,0,0.0
109,0,2,26.27,3112281.0,398,0,0,3.871
109,0,3,19.12,3211408.1,404,0,0,3.912
109,0,4,15.72,70668.1,0,399,2,2.267
109,0,5,15.24,3398298.0,417,0,0,3.893
109,0,6,31.03,29077.2,0,405,0,2.035
109,0,7,39.17,3511628.0,427,0,0,3.868
109,0,8,35.65,358210.2,29,389,0,2.479
109,0,9,14.73,3252542.0,415,1,0,3.67
109,0,10,34.02,19895.5,1,411,2,2.284
109,0,11,10.86,3323686.6,410,2,0,3.826
109,0,12,13.55,2948982.0,371,0,0,3.917
109,0,13,19.72,480137.2,35,332,0,2.38
109,0,14,30.6,3271608.2,406,1,0,3.926
109,0,15,28.59,3009347.0,378,0,0,3.418
109,0,16,28.24,0.0,0,415,0,0.0
109,0,17,31.34,3246220.4,395,4,0,2.986
109,0,18,36.47,3191098.0,402,0,0,3.185
109,0,19,5.84,5577.5,0,412,0,2.475
109,0,20,17.27,3146635.0,406,0,0,3.935
109,0,21,22.59,3532425.6,440,6,0,3.559
109,0,22,29.89,55724.1,0,407,0,2.218
109,0,23,15.03,42940.8,1,401,0,2.165
109,0,24,29.93,0.0,0,0,0,0.0
109,0,25,15.88,0.0,0,0,0,0.0
109,0,26,12.33,0.0,0,0,0,0.0
109,0,27,23.22,0.0,0,0,0,0.0
109,0,28,22.59,0.0,0,0,0,0.0
109,0,29,18.02,0.0,0,0,0,0.0
109,0,30,31.52,0.0,0,0,0,0.0
109,0,31,35.22,0.0,0,0,0,0.0
109,1,0,20.0,85875.9,3,323,0,3.259
109,1,1,22.2,2667584.0,332,0,0,3.958
109,1,2,24.66,188768.5,18,337,0,3.297
109,1,3,21.54,2675092.0,331,0,0,3.99
109,1,4,33.76,4540.5,0,366,0,3.205
109,1,5,23.71,2782099.0,352,0,0,3.975
109,1,6,10.08,2108703.8,264,57,0,3.622
109,1,7,5.47,2803139.6,350,3,0,3.978
109,1,8,9.6,2942554.0,368,0,0,3.964
109,1,9,21.73,84770.0,4,364,0,3.187
109,1,10,5.31,2744429.0,343,0,0,3.992
109,1,11,36.07,2655674.5,333,0,0,3.83
109,1,12,20.46,3036.1,0,328,0,3.164
109,1,13,34.32,2715567.7,333,6,1,3.785
109,1,14,8.58,2879561.0,353,0,0,3.924
109,1,15,13.3,2211607.2,278,48,0,3.627
109,1,16,27.7,2658893.0,325,0,0,3.981
109,1,17,12.23,2912538.0,361,0,0,3.915
109,1,18,16.83,1887796.7,219,115,0,3.472
109,1,19,38.02,287553.5,25,315,0,3.344
109,1,20,37.85,2787150.0,343,0,0,3.918
109,1,21,8.07,1838070.8,226,107,0,3.57
109,1,22,27.42,2427278.5,303,16,0,3.84
109,1,23,29.83,774058.3,91,241,0,3.457
109,1,24,36.07,17001.7,0,385,0,3.315
109,1,25,17.54,277772.7,24,341,0,3.359
109,1,26,27.33,2992612.0,376,0,0,3.947
109,1,27,37.84,0.0,0,0,0,0.0
109,1,28,36.11,0.0,0,0,0,0.0
109,1,29,28.09,0.0,0,0,0,0.0
109,1,30,27.63,0.0,0,0,0,0.0
109,1,31,24.51,0.0,0,0,0,0.0
109,2,0,7.74,435.2,0,231,0,3.545
109,2,1,8.87,1766283.0,220,0,0,3.758
109,2,2,26.78,272410.2,27,211,0,3.329
109,2,3,17.07,1645906.0,203,0,0,3.908
109,2,4,20.49,1732449.0,219,0,0,3.958
109,2,5,18.4,88.6,0,219,0,2.0
109,2,6,16.21,1996985.0,243,0,0,3.98
109,2,7,28.9,1433694.8,183,37,0,3.596
109,2,8,15.49,1270337.6,162,64,0,3.522
109,2,9,34.34,343633.6,42,207,0,3.404
109,2,10,38.11,1767302.0,219,3,0,3.692
109,2,11,16.92,260092.9,25,193,0,3.271
109,2,12,10.26,1826940.0,230,1,0,3.96
109,2,13,21.54,1851982.0,232,23,0,3.685
109,2,14,19.74,1825145.3,228,7,0,3.736
109,2,15,32.07,1685000.8,215,39,0,3.543
109,2,16,36.08,1909727.0,229,0,0,3.936
109,2,17,28.98,1659312.0,215,0,0,3.958
109,2,18,8.04,1859217.0,231,0,0,3.951
109,2,19,33.29,1762524.7,217,17,0,3.706
109,2,20,17.79,50069.2,0,239,0,3.266
109,2,21,16.53,1658699.7,200,10,0,3.634
109,2,22,23.07,1707571.0,213,0,0,3.949
109,2,23,23.06,1667660.0,213,0,0,3.944
109,2,24,30.02,508464.9,62,169,0,3.367
109,2,25,18.79,26592.6,0,212,0,3.241
109,2,26,16.66,1632927.8,195,38,0,3.582
109,2,27,27.9,1594050.0,201,0,0,3.954
109,2,28,14.65,1217833.4,153,85,0,3.491
109,2,29,36.0,1664332.8,210,1,0,3.961
109,2,30,34.95,0.0,0,0,0,0.0
109,2,31,15.56,0.0,0,0,0,0.0
119,0,0,7.31,154468.6,6,412,0,2.956
119,0,1,29.18,0.0,0,404,0,0.0
119,0,2,26.27,3112281.0,398,0,0,3.93
119,0,3,19.12,3216249.0,405,0,0,3.967
119,0,4,15.72,74085.8,0,401,0,2.856
119,0,5,15.24,3398298.0,417,0,0,3.941
119,0,6,31.03,31238.8,0,404,1,2.76
119,0,7,39.17,3511628.0,427,0,0,3.94
119,0,8,35.65,368745.8,26,392,0,3.011
119,0,9,14.73,3230097.2,412,4,0,3.804
119,0,10,34.02,24095.7,1,411,2,2.824
119,0,11,10.86,3321617.0,409,3,0,3.921
119,0,12,13.55,2948982.0,371,0,0,3.96
119,0,13,19.72,445709.4,29,338,0,2.892
119,0,14,30.6,3271608.2,406,1,0,3.968
119,0,15,28.59,3009347.0,378,0,0,3.652
119,0,16,28.24,0.0,0,415,0,0.0
119,0,17,31.34,3219929.1,391,8,0,3.394
119,0,18,36.47,3189689.6,401,1,0,3.519
119,0,19,5.84,6140.3,0,412,0,3.188
119,0,20,17.27,3146635.0,406,0,0,3.966
119,0,21,22.59,3542427.0,441,5,0,3.738
119,0,22,29.89,58557.5,0,407,0,2.85
119,0,23,15.03,46635.0,0,402,0,2.962
119,0,24,29.93,0.0,0,0,0,0.0
119,0,25,15.88,0.0,0,0,0,0.0
119,0,26,12.33,0.0,0,0,0,0.0
119,0,27,23.22,0.0,0,0,0,0.0
119,0,28,22.59,0.0,0,0,0,0.0
119,0,29,18.02,0.0,0,0,0,0.0
119,0,30,31.52,0.0,0,0,0,0.0
119,0,31,35.22,0.0,0,0,0,0.0
119,1,0,20.0,83140.6,2,324,0,3.735
119,1,1,22.2,2667584.0,332,0,0,3.992
119,1,2,24.66,207153.3,13,342,0,3.776
119,1,3,21.54,2675092.0,331,0,0,3.999
119,1,4,33.76,5140.6,0,365,1,3.812
119,1,5,23.71,2782099.0,352,0,0,3.998
119,1,6,10.08,2049388.7,253,68,0,3.899
119,1,7,5.47,2811769.2,351,2,0,3.997
119,1,8,9.6,2942554.0,368,0,0,3.996
119,1,9,21.73,76515.6,2,366,0,3.747
119,1,10,5.31,2744429.0,343,0,0,4.0
119,1,11,36.07,2659247.0,334,0,0,3.954
119,1,12,20.46,3879.3,0,328,0,3.764
119,1,13,34.32,2706101.8,331,8,1,3.943
119,1,14,8.58,2879561.0,353,0,0,3.992
119,1,15,13.3,2242512.4,276,50,0,3.896
119,1,16,27.7,2658893.0,325,0,0,3.997
119,1,17,12.23,2912538.0,361,0,0,3.982
119,1,18,16.83,1828315.5,199,135,0,3.839
119,1,19,38.02,274488.6,21,319,0,3.796
119,1,20,37.85,2787150.0,343,0,0,3.99
119,1,21,8.07,1815908.7,219,114,0,3.876
119,1,22,27.42,2429278.3,304,15,0,3.977
119,1,23,29.83,831555.9,87,245,0,3.823
119,1,24,36.07,18703.5,0,385,0,3.758
119,1,25,17.54,258147.5,18,347,0,3.747
119,1,26,27.33,2992612.0,376,0,0,3.993
119,1,27,37.84,0.0,0,0,0,0.0
119,1,28,36.11,0.0,0,0,0,0.0
119,1,29,28.09,0.0,0,0,0,0.0
119,1,30,27.63,0.0,0,0,0,0.0
119,1,31,24.51,0.0,0,0,0,0.0
119,2,0,7.74,761.0,0,231,0,3.81
119,2,1,8.87,1761231.2,218,2,0,3.951
119,2,2,26.78,300340.1,23,214,0,3.733
119,2,3,17.07,1645906.0,203,0,0,3.978
119,2,4,20.49,1732449.0,219,0,0,3.997
119,2,5,18.4,234.7,0,219,0,3.6
119,2,6,16.21,1996985.0,243,0,0,4.0
119,2,7,28.9,1475936.1,186,34,0,3.892
119,2,8,15.49,1274192.5,159,67,0,3.888
119,2,9,34.34,358797.4,39,210,0,3.761
119,2,10,38.11,1764693.8,218,4,0,3.929
119,2,11,16.92,274286.3,16,202,0,3.712
119,2,12,10.26,1826940.0,230,1,0,3.988
119,2,13,21.54,1912118.4,240,15,0,3.914
119,2,14,19.74,1815208.2,227,8,0,3.937
119,2,15,32.07,1650797.5,207,47,0,3.861
119,2,16,36.08,1909727.0,229,0,0,3.985
119,2,17,28.98,1655324.1,214,1,0,3.997
119,2,18,8.04,1859217.0,231,0,0,3.995
119,2,19,33.29,1807126.9,222,11,0,3.925
119,2,20,17.79,45885.6,0,239,0,3.754
119,2,21,16.53,1640726.2,199,11,0,3.915
119,2,22,23.07,1707571.0,213,0,0,3.992
119,2,23,23.06,1667660.0,213,0,0,3.995
119,2,24,30.02,490762.2,52,179,0,3.788
119,2,25,18.79,29197.0,0,212,0,3.741
119,2,26,16.66,1606238.8,187,46,0,3.883
119,2,27,27.9,1594050.0,201,0,0,3.995
119,2,28,14.65,1100339.9,125,113,0,3.839
119,2,29,36.0,1664118.0,210,1,0,3.997
119,2,30,34.95,0.0,0,0,0,0.0
119,2,31,15.56,0.0,0,0,0,0.0
129,0,0,7.31,151332.4,5,413,0,2.793
129,0,1,29.18,0.0,0,404,0,0.0
129,0,2,26.27,3112281.0,398,0,0,3.937
129,0,3,19.12,3216249.0,405,0,0,3.946
129,0,4,15.72,71277.0,0,400,1,2.676
129,0,5,15.24,3398298.0,417,0,0,3.923
129,0,6,31.03,31225.8,0,404,1,2.535
129,0,7,39.17,3511628.0,427,0,0,3.931
129,0,8,35.65,385235.5,29,389,0,2.827
129,0,9,14.73,3230088.8,412,4,0,3.763
129,0,10,34.02,22008.5,1,411,2,2.695
129,0,11,10.86,3317481.4,408,4,0,3.874
129,0,12,13.55,2948982.0,371,0,0,3.956
129,0,13,19.72,447217.1,31,336,0,2.715
129,0,14,30.6,3276533.0,407,0,0,3.961
129,0,15,28.59,3009347.0,378,0,0,3.601
129,0,16,28.24,0.0,0,415,0,0.0
129,0,17,31.34,3220004.3,391,8,0,3.269
129,0,18,36.47,3190555.2,401,1,0,3.414
129,0,19,5.84,5915.7,0,412,0,3.02
129,0,20,17.27,3141786.4,405,0,0,3.966
129,0,21,22.59,3529540.9,439,7,0,3.698
129,0,22,29.89,59686.4,0,407,0,2.701
129,0,23,15.03,46649.4,1,401,0,2.74
129,0,24,29.93,0.0,0,0,0,0.0
129,0,25,15.88,0.0,0,0,0,0.0
129,0,26,12.33,0.0,0,0,0,0.0
129,0,27,23.22,0.0,0,0,0,0.0
129,0,28,22.59,0.0,0,0,0,0.0
129,0,29,18.02,0.0,0,0,0,0.0
129,0,30,31.52,0.0,0,0,0,0.0
129,0,31,35.22,0.0,0,0,0,0.0
129,1,0,20.0,74833.4,1,325,0,3.672
129,1,1,22.2,2667584.0,332,0,0,3.987
129,1,2,24.66,221161.3,16,339,0,3.626
129,1,3,21.54,2675092.0,331,0,0,3.997
129,1,4,33.76,3939.1,0,365,1,3.817
129,1,5,23.71,2782099.0,352,0,0,3.994
129,1,6,10.08,2127614.5,262,59,0,3.82
129,1,7,5.47,2806492.9,351,2,0,3.997
129,1,8,9.6,2942554.0,368,0,0,3.997
129,1,9,21.73,65573.7,2,366,0,3.642
129,1,10,5.31,2744429.0,343,0,0,4.0
129,1,11,36.07,2659247.0,334,0,0,3.936
129,1,12,20.46,3201.8,0,328,0,3.804
129,1,13,34.32,2704423.5,331,8,1,3.915
129,1,14,8.58,2879561.0,353,0,0,3.983
129,1,15,13.3,2245592.0,281,45,0,3.852
129,1,16,27.7,2658893.0,325,0,0,3.991
129,1,17,12.23,2912538.0,361,0,0,3.966
129,1,18,16.83,1820002.9,197,137,0,3.749
129,1,19,38.02,294695.3,21,319,0,3.717
129,1,20,37.85,2787150.0,343,0,0,3.978
129,1,21,8.07,1861289.4,222,111,0,3.802
129,1,22,27.42,2438815.5,304,15,0,3.95
129,1,23,29.83,866875.9,92,240,0,3.758
129,1,24,36.07,16870.9,0,385,0,3.616
129,1,25,17.54,265264.2,16,349,0,3.659
129,1,26,27.33,2992612.0,376,0,0,3.984
129,1,27,37.84,0.0,0,0,0,0.0
129,1,28,36.11,0.0,0,0,0,0.0
129,1,29,28.09,0.0,0,0,0,0.0
129,1,30,27.63,0.0,0,0,0,0.0
129,1,31,24.51,0.0,0,0,0,0.0
129,2,0,7.74,862.3,0,231,0,3.636
129,2,1,8.87,1761222.9,218,1,0,3.926
129,2,2,26.78,312514.2,27,210,0,3.669
129,2,3,17.07,1645906.0,203,0,0,3.966
129,2,4,20.49,1732449.0,219,0,0,3.984
129,2,5,18.4,216.4,0,219,0,2.667
129,2,6,16.21,1996985.0,243,0,0,3.998
129,2,7,28.9,1498372.1,188,32,0,3.839
129,2,8,15.49,1307767.3,165,61,0,3.806
129,2,9,34.34,332729.9,36,213,0,3.685
129,2,10,38.11,1778083.0,221,1,0,3.911
129,2,11,16.92,254165.4,14,204,0,3.638
129,2,12,10.26,1826940.0,230,1,0,3.984
129,2,13,21.54,1886581.1,235,20,0,3.888
129,2,14,19.74,1825987.9,230,5,0,3.906
129,2,15,32.07,1660788.7,207,47,0,3.797
129,2,16,36.08,1909727.0,229,0,0,3.979
129,2,17,28.98,1659312.0,215,0,0,3.993
129,2,18,8.04,1859217.0,231,0,0,3.998
129,2,19,33.29,1834683.0,222,12,0,3.888
129,2,20,17.79,46609.2,0,239,0,3.681
129,2,21,16.53,1655626.1,199,11,0,3.877
129,2,22,23.07,1707571.0,213,0,0,3.988
129,2,23,23.06,1667660.0,213,0,0,3.989
129,2,24,30.02,516621.1,55,176,0,3.708
129,2,25,18.79,30543.0,0,212,0,3.639
129,2,26,16.66,1619190.5,188,45,0,3.833
129,2,27,27.9,1594050.0,201,0,0,3.993
129,2,28,14.65,1095186.7,130,108,0,3.757
129,2,29,36.0,1663827.2,210,1,0,3.99
129,2,30,34.95,0.0,0,0,0,0.0
129,2,31,15.56,0.0,0,0,0,0.0
139,0,0,7.31,159930.9,6,412,0,2.824
139,0,1,29.18,0.0,0,404,0,0.0
139,0,2,26.27,3112281.0,398,0,0,3.938
139,0,3,19.12,3216249.0,405,0,0,3.961
139,0,4,15.72,70033.0,0,400,1,2.663
139,0,5,15.24,3398298.0,417,0,0,3.92
139,0,6,31.03,28810.7,0,405,0,2.682
139,0,7,39.17,3511628.0,427,0,0,3.941
139,0,8,35.65,378311.8,30,388,0,2.87
139,0,9,14.73,3230097.2,412,4,0,3.773
139,0,10,34.02,24828.2,1,411,2,2.682
139,0,11,10.86,3321645.8,409,3,0,3.88
139,0,12,13.55,2948982.0,371,0,0,3.962
139,0,13,19.72,446158.1,30,337,0,2.783
139,0,14,30.6,3276533.0,407,0,0,3.959
139,0,15,28.59,3009347.0,378,0,0,3.611
139,0,16,28.24,0.0,0,415,0,0.0
139,0,17,31.34,3219557.9,392,7,0,3.303
139,0,18,36.47,3189983.6,401,1,0,3.446
139,0,19,5.84,5660.4,0,412,0,3.113
139,0,20,17.27,3146635.0,406,0,0,3.965
139,0,21,22.59,3517847.4,438,8,0,3.706
139,0,22,29.89,62138.5,0,407,0,2.706
139,0,23,15.03,45195.6,1,401,0,2.804
139,0,24,29.93,0.0,0,0,0,0.0
139,0,25,15.88,0.0,0,0,0,0.0
139,0,26,12.33,0.0,0,0,0,0.0
139,0,27,23.22,0.0,0,0,0,0.0
139,0,28,22.59,0.0,0,0,0,0.0
139,0,29,18.02,0.0,0,0,0,0.0
139,0,30,31.52,0.0,0,0,0,0.0
139,0,31,35.22,0.0,0,0,0,0.0
139,1,0,20.0,72017.0,1,325,0,3.654
139,1,1,22.2,2667584.0,332,0,0,3.989
139,1,2,24.66,215118.7,14,341,0,3.69
139,1,3,21.54,2675092.0,331,0,0,3.997
139,1,4,33.76,4690.3,0,366,0,3.791
139,1,5,23.71,2782099.0,352,0,0,3.993
139,1,6,10.08,2088839.8,258,63,0,3.829
139,1,7,5.47,2808746.9,351,2,0,3.994
139,1,8,9.6,2942554.0,368,0,0,3.995
139,1,9,21.73,74350.9,3,365,0,3.626
139,1,10,5.31,2744429.0,343,0,0,3.997
139,1,11,36.07,2659247.0,334,0,0,3.94
139,1,12,20.46,3408.3,0,328,0,3.734
139,1,13,34.32,2694002.7,330,9,1,3.917
139,1,14,8.58,2879561.0,353,0,0,3.982
139,1,15,13.3,2291301.6,286,40,0,3.876
139,1,16,27.7,2658893.0,325,0,0,3.994
139,1,17,12.23,2912538.0,361,0,0,3.971
139,1,18,16.83,1824097.3,204,130,0,3.763
139,1,19,38.02,321042.8,22,318,0,3.715
139,1,20,37.85,2787150.0,343,0,0,3.982
139,1,21,8.07,1832721.2,214,119,0,3.807
139,1,22,27.42,2444998.4,305,14,0,3.955
139,1,23,29.83,879680.4,90,242,0,3.749
139,1,24,36.07,16737.3,0,385,0,3.684
139,1,25,17.54,265678.0,20,345,0,3.721
139,1,26,27.33,2992612.0,376,0,0,3.986
139,1,27,37.84,0.0,0,0,0,0.0
139,1,28,36.11,0.0,0,0,0,0.0
139,1,29,28.09,0.0,0,0,0,0.0
139,1,30,27.63,0.0,0,0,0,0.0
139,1,31,24.51,0.0,0,0,0,0.0
139,2,0,7.74,873.7,0,231,0,3.632
139,2,1,8.87,1766283.0,220,0,0,3.931
139,2,2,26.78,295060.5,24,213,0,3.71
139,2,3,17.07,1645906.0,203,0,0,3.959
139,2,4,20.49,1732449.0,219,0,0,3.992
139,2,5,18.4,269.7,0,219,0,2.75
139,2,6,16.21,1996985.0,243,0,0,3.998
139,2,7,28.9,1518207.2,187,33,0,3.874
139,2,8,15.49,1291617.8,162,64,0,3.85
139,2,9,34.34,321422.5,35,214,0,3.777
139,2,10,38.11,1778083.0,221,1,0,3.918
139,2,11,16.92,261762.7,18,200,0,3.651
139,2,12,10.26,1835399.0,231,0,0,3.984
139,2,13,21.54,1896783.1,240,15,0,3.9
139,2,14,19.74,1843788.5,232,3,0,3.938
139,2,15,32.07,1700366.1,213,41,0,3.826
139,2,16,36.08,1909727.0,229,0,0,3.993
139,2,17,28.98,1659312.0,215,0,0,3.996
139,2,18,8.04,1859217.0,231,0,0,3.985
139,2,19,33.29,1824086.7,225,9,0,3.91
139,2,20,17.79,44143.6,0,239,0,3.73
139,2,21,16.53,1649954.7,198,12,0,3.904
139,2,22,23.07,1707571.0,213,0,0,3.986
139,2,23,23.06,1667660.0,213,0,0,3.989
139,2,24,30.02,559666.1,57,174,0,3.739
139,2,25,18.79,27960.4,0,212,0,3.701
139,2,26,16.66,1629453.0,188,45,0,3.877
139,2,27,27.9,1594050.0,201,0,0,3.989
139,2,28,14.65,1140881.7,135,103,0,3.796
139,2,29,36.0,1656807.8,209,2,0,3.987
139,2,30,34.95,0.0,0,0,0,0.0
139,2,31,15.56,0.0,0,0,0,0.0
149,0,0,7.31,152227.0,6,412,0,2.792
149,0,1,29.18,0.0,0,404,0,0.0
149,0,2,26.27,3112281.0,398,0,0,3.932
149,0,3,19.12,3216249.0,405,0,0,3.959
149,0,4,15.72,68284.0,0,399,2,2.648
149,0,5,15.24,3398298.0,417,0,0,3.923
149,0,6,31.03,29983.7,0,405,0,2.596
149,0,7,39.17,3511628.0,427,0,0,3.931
149,0,8,35.65,371770.7,27,391,0,2.865
149,0,9,14.73,3250066.1,414,2,0,3.757
149,0,10,34.02,24360.1,1,411,2,2.678
149,0,11,10.86,3321645.8,409,3,0,3.882
149,0,12,13.55,2948982.0,371,0,0,3.96
149,0,13,19.72,465655.5,32,335,0,2.762
149,0,14,30.6,3276533.0,407,0,0,3.96
149,0,15,28.59,3009347.0,378,0,0,3.612
149,0,16,28.24,0.0,0,415,0,0.0
149,0,17,31.34,3227240.7,392,7,0,3.271
149,0,18,36.47,3191098.0,402,0,0,3.434
149,0,19,5.84,5271.9,0,412,0,2.914
149,0,20,17.27,3141786.4,405,0,0,3.964
149,0,21,22.59,3502281.7,436,10,0,3.688
149,0,22,29.89,58629.2,0,407,0,2.688
149,0,23,15.03,44554.9,1,401,0,2.757
149,0,24,29.93,0.0,0,0,0,0.0
149,0,25,15.88,0.0,0,0,0,0.0
149,0,26,12.33,0.0,0,0,0,0.0
149,0,27,23.22,0.0,0,0,0,0.0
149,0,28,22.59,0.0,0,0,0,0.0
149,0,29,18.02,0.0,0,0,0,0.0
149,0,30,31.52,0.0,0,0,0,0.0
149,0,31,35.22,0.0,0,0,0,0.0
149,1,0,20.0,82392.3,3,323,0,3.615
149,1,1,22.2,2667584.0,332,0,0,3.989
149,1,2,24.66,234545.2,19,336,0,3.649
149,1,3,21.54,2675092.0,331,0,0,3.996
149,1,4,33.76,5918.8,0,365,1,3.828
149,1,5,23.71,2782099.0,352,0,0,3.994
149,1,6,10.08,2101007.4,260,61,0,3.842
149,1,7,5.47,2808592.4,351,2,0,3.993
149,1,8,9.6,2942554.0,368,0,0,3.996
149,1,9,21.73,75893.3,3,364,1,3.598
149,1,10,5.31,2744429.0,343,0,0,3.999
149,1,11,36.07,2659247.0,334,0,0,3.934
149,1,12,20.46,3942.8,0,328,0,3.717
149,1,13,34.32,2735398.6,334,6,0,3.91
149,1,14,8.58,2879561.0,353,0,0,3.985
149,1,15,13.3,2314436.8,290,36,0,3.828
149,1,16,27.7,2658893.0,325,0,0,3.988
149,1,17,12.23,2912538.0,361,0,0,3.965
149,1,18,16.83,1790018.2,194,140,0,3.755
149,1,19,38.02,309463.9,24,316,0,3.702
149,1,20,37.85,2784700.5,342,1,0,3.976
149,1,21,8.07,1923774.4,228,105,0,3.788
149,1,22,27.42,2396630.3,299,20,0,3.939
149,1,23,29.83,811395.9,88,244,0,3.767
149,1,24,36.07,16042.2,0,385,0,3.646
149,1,25,17.54,257405.1,17,348,0,3.679
149,1,26,27.33,2992612.0,376,0,0,3.99
149,1,27,37.84,0.0,0,0,0,0.0
149,1,28,36.11,0.0,0,0,0,0.0
149,1,29,28.09,0.0,0,0,0,0.0
149,1,30,27.63,0.0,0,0,0,0.0
149,1,31,24.51,0.0,0,0,0,0.0
149,2,0,7.74,799.9,0,231,0,3.667
149,2,1,8.87,1758288.9,219,1,0,3.904
149,2,2,26.78,322081.0,25,212,0,3.692
149,2,3,17.07,1645906.0,203,0,0,3.96
149,2,4,20.49,1732449.0,219,0,0,3.987
149,2,5,18.4,484.5,0,219,0,2.2
149,2,6,16.21,1996985.0,243,0,0,4.0
149,2,7,28.9,1498454.0,187,33,0,3.844
149,2,8,15.49,1234061.0,158,68,0,3.817
149,2,9,34.34,328363.6,40,209,0,3.722
149,2,10,38.11,1785966.6,221,1,0,3.908
149,2,11,16.92,254305.0,14,204,0,3.658
149,2,12,10.26,1826940.0,230,1,0,3.992
149,2,13,21.54,1873556.0,234,21,0,3.887
149,2,14,19.74,1829782.1,229,6,0,3.907
149,2,15,32.07,1685958.6,210,43,0,3.776
149,2,16,36.08,1909727.0,229,0,0,3.982
149,2,17,28.98,1659312.0,215,0,0,3.992
149,2,18,8.04,1859217.0,231,0,0,3.981
149,2,19,33.29,1833374.7,225,9,0,3.891
149,2,20,17.79,45788.8,0,238,1,3.71
149,2,21,16.53,1605611.6,195,15,0,3.88
149,2,22,23.07,1707571.0,213,0,0,3.996
149,2,23,23.06,1667660.0,213,0,0,3.986
149,2,24,30.02,510686.4,55,176,0,3.693
149,2,25,18.79,26862.3,0,212,0,3.709
149,2,26,16.66,1653294.5,189,44,0,3.851
149,2,27,27.9,1594050.0,201,0,0,3.987
149,2,28,14.65,1157543.2,136,102,0,3.781
149,2,29,36.0,1660528.9,209,2,0,3.987
149,2,30,34.95,0.0,0,0,0,0.0
149,2,31,15.56,0.0,0,0,0,0.0
159,0,0,7.31,151195.9,4,414,0,2.924
159,0,1,29.18,0.0,0,404,0,0.0
159,0,2,26.27,3112281.0,398,0,0,3.936
159,0,3,19.12,3216249.0,405,0,0,3.978
159,0,4,15.72,68544.3,0,400,1,2.812
159,0,5,15.24,3398298.0,417,0,0,3.94
159,0,6,31.03,26766.1,0,405,0,2.857
159,0,7,39.17,3511628.0,427,0,0,3.947
159,0,8,35.65,416730.5,31,387,0,2.976
159,0,9,14.73,3250074.4,414,2,0,3.792
159,0,10,34.02,25724.3,1,411,2,2.839
159,0,11,10.86,3324104.3,409,3,0,3.904
159,0,12,13.55,2948982.0,371,0,0,3.964
159,0,13,19.72,461688.4,30,337,0,2.877
159,0,14,30.6,3270308.0,406,0,0,3.977
159,0,15,28.59,3009347.0,378,0,0,3.665
159,0,16,28.24,0.0,0,415,0,0.0
159,0,17,31.34,3228186.7,393,6,0,3.372
159,0,18,36.47,3191098.0,402,0,0,3.493
159,0,19,5.84,5080.2,0,412,0,3.115
159,0,20,17.27,3141749.0,405,0,0,3.977
159,0,21,22.59,3523966.6,438,8,0,3.739
159,0,22,29.89,61159.5,0,407,0,2.856
159,0,23,15.03,41427.0,1,401,0,2.913
159,0,24,29.93,0.0,0,0,0,0.0
159,0,25,15.88,0.0,0,0,0,0.0
159,0,26,12.33,0.0,0,0,0,0.0
159,0,27,23.22,0.0,0,0,0,0.0
159,0,28,22.59,0.0,0,0,0,0.0
159,0,29,18.02,0.0,0,0,0,0.0
159,0,30,31.52,0.0,0,0,0,0.0
159,0,31,35.22,0.0,0,0,0,0.0
159,1,0,20.0,76631.2,1,325,0,3.673
159,1,1,22.2,2667584.0,332,0,0,3.992
159,1,2,24.66,236317.9,18,337,0,3.719
159,1,3,21.54,2675092.0,331,0,0,4.0
159,1,4,33.76,5248.4,0,366,0,3.876
159,1,5,23.71,2782099.0,352,0,0,3.992
159,1,6,10.08,2151456.0,265,56,0,3.875
159,1,7,5.47,2799902.4,350,3,0,3.994
159,1,8,9.6,2942554.0,368,0,0,3.995
159,1,9,21.73,71461.5,3,365,0,3.724
159,1,10,5.31,2744429.0,343,0,0,3.999
159,1,11,36.07,2659247.0,334,0,0,3.967
159,1,12,20.46,3214.8,0,328,0,3.825
159,1,13,34.32,2716833.1,331,9,0,3.947
159,1,14,8.58,2879561.0,353,0,0,3.984
159,1,15,13.3,2324115.4,287,38,0,3.895
159,1,16,27.7,2658893.0,325,0,0,3.995
159,1,17,12.23,2912538.0,361,0,0,3.979
159,1,18,16.83,1854060.0,196,138,0,3.817
159,1,19,38.02,336424.1,26,314,0,3.769
159,1,20,37.85,2787150.0,343,0,0,3.985
159,1,21,8.07,1945316.5,224,109,0,3.858
159,1,22,27.42,2465872.2,306,13,0,3.97
159,1,23,29.83,827058.5,81,251,0,3.804
159,1,24,36.07,16554.9,0,384,1,3.795
159,1,25,17.54,250689.7,15,350,0,3.784
159,1,26,27.33,2992612.0,376,0,0,3.993
159,1,27,37.84,0.0,0,0,0,0.0
159,1,28,36.11,0.0,0,0,0,0.0
159,1,29,28.09,0.0,0,0,0,0.0
159,1,30,27.63,0.0,0,0,0,0.0
159,1,31,24.51,0.0,0,0,0,0.0
159,2,0,7.74,421.9,0,231,0,3.846
159,2,1,8.87,1763522.4,218,2,0,3.927
159,2,2,26.78,306310.9,22,215,0,3.735
159,2,3,17.07,1645906.0,203,0,0,3.957
159,2,4,20.49,1732449.0,219,0,0,3.99
159,2,5,18.4,284.8,0,219,0,2.5
159,2,6,16.21,1996985.0,243,0,0,4.0
159,2,7,28.9,1537911.8,192,28,0,3.882
159,2,8,15.49,1301239.5,159,67,0,3.859
159,2,9,34.34,334274.2,37,212,0,3.746
159,2,10,38.11,1778083.0,221,1,0,3.935
159,2,11,16.92,235203.4,15,203,0,3.706
159,2,12,10.26,1826940.0,230,1,0,3.992
159,2,13,21.54,1954210.8,245,10,0,3.923
159,2,14,19.74,1834373.5,231,4,0,3.939
159,2,15,32.07,1746961.8,219,35,0,3.82
159,2,16,36.08,1909727.0,229,0,0,3.984
159,2,17,28.98,1659312.0,215,0,0,3.999
159,2,18,8.04,1859217.0,231,0,0,3.991
159,2,19,33.29,1817068.7,222,12,0,3.913
159,2,20,17.79,37753.4,0,238,1,3.75
159,2,21,16.53,1625563.0,195,15,0,3.921
159,2,22,23.07,1707571.0,213,0,0,3.994
159,2,23,23.06,1667660.0,213,0,0,3.991
159,2,24,30.02,573715.1,59,172,0,3.725
159,2,25,18.79,26164.4,0,212,0,3.73
159,2,26,16.66,1664708.5,190,43,0,3.872
159,2,27,27.9,1594050.0,201,0,0,3.994
159,2,28,14.65,1181140.8,136,102,0,3.823
159,2,29,36.0,1660549.0,210,1,0,3.992
159,2,30,34.95,0.0,0,0,0,0.0
159,2,31,15.56,0.0,0,0,0,0.0
169,0,0,7.31,144714.3,3,415,0,2.927
169,0,1,29.18,0.0,0,404,0,0.0
169,0,2,26.27,3112281.0,398,0,0,3.951
169,0,3,19.12,3216249.0,405,0,0,3.975
169,0,4,15.72,62645.7,0,400,1,2.797
169,0,5,15.24,3398298.0,417,0,0,3.932
169,0,6,31.03,27995.9,0,405,0,2.858
169,0,7,39.17,3511628.0,427,0,0,3.947
169,0,8,35.65,427874.3,29,389,0,2.959
169,0,9,14.73,3247454.9,413,3,0,3.789
169,0,10,34.02,24618.4,1,411,2,2.957
169,0,11,10.86,3330289.8,410,2,0,3.902
169,0,12,13.55,2948982.0,371,0,0,3.967
169,0,13,19.72,470098.2,32,335,0,2.874
169,0,14,30.6,3276533.0,407,0,0,3.977
169,0,15,28.59,3009347.0,378,0,0,3.679
169,0,16,28.24,0.0,0,415,0,0.0
169,0,17,31.34,3224928.6,394,5,0,3.383
169,0,18,36.47,3191098.0,402,0,0,3.511
169,0,19,5.84,5475.6,0,412,0,3.137
169,0,20,17.27,3146635.0,406,0,0,3.975
169,0,21,22.59,3526418.9,439,7,0,3.758
169,0,22,29.89,65283.3,0,407,0,2.855
169,0,23,15.03,39749.0,1,401,0,2.924
169,0,24,29.93,0.0,0,0,0,0.0
169,0,25,15.88,0.0,0,0,0,0.0
169,0,26,12.33,0.0,0,0,0,0.0
169,0,27,23.22,0.0,0,0,0,0.0
169,0,28,22.59,0.0,0,0,0,0.0
169,0,29,18.02,0.0,0,0,0,0.0
169,0,30,31.52,0.0,0,0,0,0.0
169,0,31,35.22,0.0,0,0,0,0.0
169,1,0,20.0,64606.9,2,324,0,3.696
169,1,1,22.2,2662558.0,331,0,0,3.991
169,1,2,24.66,235239.8,19,336,0,3.719
169,1,3,21.54,2675092.0,331,0,0,3.999
169,1,4,33.76,5084.7,0,366,0,3.898
169,1,5,23.71,2782099.0,352,0,0,3.993
169,1,6,10.08,2151881.9,265,56,0,3.888
169,1,7,5.47,2806581.4,351,2,0,3.995
169,1,8,9.6,2942554.0,368,0,0,3.995
169,1,9,21.73,68862.3,2,366,0,3.732
169,1,10,5.31,2744429.0,343,0,0,3.999
169,1,11,36.07,2659247.0,334,0,0,3.963
169,1,12,20.46,3829.6,0,328,0,3.781
169,1,13,34.32,2737227.3,335,5,0,3.93
169,1,14,8.58,2879561.0,353,0,0,3.981
169,1,15,13.3,2315942.7,280,45,0,3.902
169,1,16,27.7,2658893.0,325,0,0,3.999
169,1,17,12.23,2912538.0,361,0,0,3.986
169,1,18,16.83,1872350.8,205,129,0,3.841
169,1,19,38.02,342286.4,26,314,0,3.764
169,1,20,37.85,2787150.0,343,0,0,3.987
169,1,21,8.07,1966072.9,230,103,0,3.874
169,1,22,27.42,2482281.4,308,11,0,3.981
169,1,23,29.83,869374.0,87,245,0,3.804
169,1,24,36.07,18593.2,0,385,0,3.72
169,1,25,17.54,237795.0,16,349,0,3.731
169,1,26,27.33,2992612.0,376,0,0,3.994
169,1,27,37.84,0.0,0,0,0,0.0
169,1,28,36.11,0.0,0,0,0,0.0
169,1,29,28.09,0.0,0,0,0,0.0
169,1,30,27.63,0.0,0,0,0,0.0
169,1,31,24.51,0.0,0,0,0,0.0
169,2,0,7.74,715.1,0,231,0,3.7
169,2,1,8.87,1766283.0,220,0,0,3.95
169,2,2,26.78,295132.4,20,217,0,3.763
169,2,3,17.07,1645906.0,203,0,0,3.952
169,2,4,20.49,1732449.0,219,0,0,3.995
169,2,5,18.4,201.7,0,219,0,3.25
169,2,6,16.21,1996985.0,243,0,0,4.0
169,2,7,28.9,1702556.7,210,10,0,3.9
169,2,8,15.49,1301391.3,160,66,0,3.877
169,2,9,34.34,357875.5,36,212,1,3.737
169,2,10,38.11,1787076.0,222,0,0,3.933
169,2,11,16.92,232173.7,14,204,0,3.732
169,2,12,10.26,1835399.0,231,0,0,3.99
169,2,13,21.54,1972239.1,245,10,0,3.935
169,2,14,19.74,1830283.4,231,4,0,3.944
169,2,15,32.07,1692096.7,214,40,0,3.864
169,2,16,36.08,1909727.0,229,0,0,3.993
169,2,17,28.98,1659312.0,215,0,0,3.997
169,2,18,8.04,1859217.0,231,0,0,3.993
169,2,19,33.29,1823670.9,223,11,0,3.926
169,2,20,17.79,37063.7,0,239,0,3.767
169,2,21,16.53,1638128.9,199,11,0,3.918
169,2,22,23.07,1707571.0,213,0,0,3.994
169,2,23,23.06,1667660.0,213,0,0,3.991
169,2,24,30.02,571833.8,61,170,0,3.775
169,2,25,18.79,28412.3,0,212,0,3.71
169,2,26,16.66,1684031.1,194,39,0,3.895
169,2,27,27.9,1594050.0,201,0,0,3.992
169,2,28,14.65,1100807.9,126,112,0,3.812
169,2,29,36.0,1656847.8,209,2,0,3.991
169,2,30,34.95,0.0,0,0,0,0.0
169,2,31,15.56,0.0,0,0,0,0.0
179,0,0,7.31,152652.0,2,416,0,3.259
179,0,1,29.18,0.0,0,404,0,0.0
179,0,2,26.27,3112281.0,398,0,0,3.98
179,0,3,19.12,3216249.0,405,0,0,3.993
179,0,4,15.72,62736.6,0,400,1,3.148
179,0,5,15.24,3398298.0,417,0,0,3.965
179,0,6,31.03,28661.8,0,405,0,3.216
179,0,7,39.17,3511628.0,427,0,0,3.971
179,0,8,35.65,438677.8,27,391,0,3.286
179,0,9,14.73,3250074.4,414,2,0,3.882
179,0,10,34.02,23424.0,0,412,2,3.244
179,0,11,10.86,3326582.0,409,3,0,3.946
179,0,12,13.55,2948982.0,371,0,0,3.978
179,0,13,19.72,425886.1,19,348,0,3.186
179,0,14,30.6,3270308.0,406,0,0,3.988
179,0,15,28.59,3009347.0,378,0,0,3.795
179,0,16,28.24,0.0,0,415,0,0.0
179,0,17,31.34,3220030.8,390,8,0,3.612
179,0,18,36.47,3191098.0,402,0,0,3.698
179,0,19,5.84,5220.8,0,412,0,3.432
179,0,20,17.27,3141749.0,405,0,0,3.989
179,0,21,22.59,3530677.5,438,8,0,3.858
179,0,22,29.89,63982.0,0,407,0,3.212
179,0,23,15.03,45137.2,0,402,0,3.257
179,0,24,29.93,0.0,0,0,0,0.0
179,0,25,15.88,0.0,0,0,0,0.0
179,0,26,12.33,0.0,0,0,0,0.0
179,0,27,23.22,0.0,0,0,0,0.0
179,0,28,22.59,0.0,0,0,0,0.0
179,0,29,18.02,0.0,0,0,0,0.0
179,0,30,31.52,0.0,0,0,0,0.0
179,0,31,35.22,0.0,0,0,0,0.0
179,1,0,20.0,62671.5,1,325,0,3.831
179,1,1,22.2,2662558.0,331,0,0,3.998
179,1,2,24.66,234118.6,12,343,0,3.88
179,1,3,21.54,2675092.0,331,0,0,4.0
179,1,4,33.76,3760.0,0,366,0,3.948
179,1,5,23.71,2782099.0,352,0,0,3.999
179,1,6,10.08,2162900.0,262,59,0,3.953
179,1,7,5.47,2800540.0,351,2,0,4.0
179,1,8,9.6,2942554.0,368,0,0,3.999
179,1,9,21.73,68128.9,2,366,0,3.879
179,1,10,5.31,2744429.0,343,0,0,4.0
179,1,11,36.07,2659247.0,334,0,0,3.986
179,1,12,20.46,3549.6,0,328,0,3.918
179,1,13,34.32,2733075.9,332,7,1,3.98
179,1,14,8.58,2879561.0,353,0,0,3.995
179,1,15,13.3,2308713.8,286,40,0,3.96
179,1,16,27.7,2658893.0,325,0,0,4.0
179,1,17,12.23,2912538.0,361,0,0,3.994
179,1,18,16.83,1885634.5,201,133,0,3.926
179,1,19,38.02,341075.2,22,318,0,3.886
179,1,20,37.85,2787150.0,343,0,0,3.998
179,1,21,8.07,1986810.2,225,108,0,3.944
179,1,22,27.42,2463882.4,307,12,0,3.994
179,1,23,29.83,885081.4,84,248,0,3.906
179,1,24,36.07,18251.9,0,384,1,3.828
179,1,25,17.54,238322.6,15,350,0,3.862
179,1,26,27.33,2992612.0,376,0,0,3.996
179,1,27,37.84,0.0,0,0,0,0.0
179,1,28,36.11,0.0,0,0,0,0.0
179,1,29,28.09,0.0,0,0,0,0.0
179,1,30,27.63,0.0,0,0,0,0.0
179,1,31,24.51,0.0,0,0,0,0.0
179,2,0,7.74,1010.4,0,231,0,3.828
179,2,1,8.87,1764760.0,218,1,0,3.979
179,2,2,26.78,291203.0,18,219,0,3.86
179,2,3,17.07,1645906.0,203,0,0,3.983
179,2,4,20.49,1732449.0,219,0,0,4.0
179,2,5,18.4,206.8,0,219,0,3.6
179,2,6,16.21,1996985.0,243,0,0,4.0
179,2,7,28.9,1618201.6,198,22,0,3.955
179,2,8,15.49,1304869.7,162,64,0,3.945
179,2,9,34.34,366870.7,35,214,0,3.857
179,2,10,38.11,1767087.5,219,3,0,3.963
179,2,11,16.92,233242.4,13,205,0,3.857
179,2,12,10.26,1835399.0,231,0,0,3.994
179,2,13,21.54,1971961.8,246,9,0,3.97
179,2,14,19.74,1830118.3,231,4,0,3.975
179,2,15,32.07,1766038.8,221,33,0,3.927
179,2,16,36.08,1909727.0,229,0,0,3.996
179,2,17,28.98,1659312.0,215,0,0,3.999
179,2,18,8.04,1859217.0,231,0,0,3.998
179,2,19,33.29,1832625.5,226,8,0,3.98
179,2,20,17.79,32894.7,0,238,1,3.885
179,2,21,16.53,1638108.3,196,14,0,3.975
179,2,22,23.07,1707571.0,213,0,0,3.998
179,2,23,23.06,1667660.0,213,0,0,3.997
179,2,24,30.02,613196.4,57,174,0,3.891
179,2,25,18.79,23755.4,0,212,0,3.854
179,2,26,16.66,1686908.1,189,44,0,3.947
179,2,27,27.9,1594050.0,201,0,0,4.0
179,2,28,14.65,1117626.5,124,114,0,3.929
179,2,29,36.0,1663823.5,210,1,0,3.999
179,2,30,34.95,0.0,0,0,0,0.0
179,2,31,15.56,0.0,0,0,0,0.0
189,0,0,7.31,158339.8,3,415,0,3.033
189,0,1,29.18,0.0,0,404,0,0.0
189,0,2,26.27,3112281.0,398,0,0,3.965
189,0,3,19.12,3216249.0,405,0,0,3.984
189,0,4,15.72,56429.4,0,399,2,2.952
189,0,5,15.24,3398298.0,417,0,0,3.958
189,0,6,31.03,29623.7,0,405,0,2.981
189,0,7,39.17,3511628.0,427,0,0,3.963
189,0,8,35.65,446779.1,29,389,0,3.068
189,0,9,14.73,3244135.1,413,3,0,3.82
189,0,10,34.02,24596.5,0,412,2,2.977
189,0,11,10.86,3329814.7,410,2,0,3.915
189,0,12,13.55,2948982.0,371,0,0,3.975
189,0,13,19.72,440594.5,29,338,0,2.959
189,0,14,30.6,3270308.0,406,0,0,3.98
189,0,15,28.59,3009347.0,378,0,0,3.717
189,0,16,28.24,0.0,0,415,0,0.0
189,0,17,31.34,3227486.8,392,7,0,3.461
189,0,18,36.47,3184755.0,400,2,0,3.589
189,0,19,5.84,4948.3,0,412,0,3.22
189,0,20,17.27,3141749.0,405,0,0,3.986
189,0,21,22.59,3519241.0,438,8,0,3.809
189,0,22,29.89,65492.8,0,407,0,2.959
189,0,23,15.03,45032.7,0,402,0,3.017
189,0,24,29.93,0.0,0,0,0,0.0
189,0,25,15.88,0.0,0,0,0,0.0
189,0,26,12.33,0.0,0,0,0,0.0
189,0,27,23.22,0.0,0,0,0,0.0
189,0,28,22.59,0.0,0,0,0,0.0
189,0,29,18.02,0.0,0,0,0,0.0
189,0,30,31.52,0.0,0,0,0,0.0
189,0,31,35.22,0.0,0,0,0,0.0
189,1,0,20.0,60683.9,0,326,0,3.776
189,1,1,22.2,2662558.0,331,0,0,3.993
189,1,2,24.66,231101.6,12,343,0,3.797
189,1,3,21.54,2675092.0,331,0,0,4.0
189,1,4,33.76,3928.9,0,366,0,3.876
189,1,5,23.71,2782099.0,352,0,0,3.996
189,1,6,10.08,2200102.1,271,50,0,3.921
189,1,7,5.47,2810007.0,352,1,0,3.999
189,1,8,9.6,2942554.0,368,0,0,4.0
189,1,9,21.73,57302.6,2,366,0,3.777
189,1,10,5.31,2744429.0,343,0,0,4.0
189,1,11,36.07,2659247.0,334,0,0,3.975
189,1,12,20.46,3144.1,0,328,0,3.898
189,1,13,34.32,2746710.3,335,4,1,3.965
189,1,14,8.58,2879561.0,353,0,0,3.994
189,1,15,13.3,2362430.8,287,39,0,3.936
189,1,16,27.7,2658893.0,325,0,0,3.999
189,1,17,12.23,2912538.0,361,0,0,3.989
189,1,18,16.83,1910758.3,209,125,0,3.872
189,1,19,38.02,367887.2,23,317,0,3.781
189,1,20,37.85,2787150.0,343,0,0,3.991
189,1,21,8.07,2023091.0,234,99,0,3.905
189,1,22,27.42,2513063.7,311,8,0,3.983
189,1,23,29.83,882065.9,86,246,0,3.835
189,1,24,36.07,15485.7,0,384,1,3.771
189,1,25,17.54,233546.1,15,350,0,3.812
189,1,26,27.33,2992612.0,376,0,0,3.996
189,1,27,37.84,0.0,0,0,0,0.0
189,1,28,36.11,0.0,0,0,0,0.0
189,1,29,28.09,0.0,0,0,0,0.0
189,1,30,27.63,0.0,0,0,0,0.0
189,1,31,24.51,0.0,0,0,0,0.0
189,2,0,7.74,883.1,0,231,0,3.846
189,2,1,8.87,1765358.7,218,1,0,3.968
189,2,2,26.78,303163.7,17,220,0,3.76
189,2,3,17.07,1645906.0,203,0,0,3.977
189,2,4,20.49,1732449.0,219,0,0,3.998
189,2,5,18.4,254.4,0,219,0,2.75
189,2,6,16.21,1996985.0,243,0,0,4.0
189,2,7,28.9,1603405.7,196,24,0,3.939
189,2,8,15.49,1277563.8,161,65,0,3.915
189,2,9,34.34,365761.8,37,212,0,3.812
189,2,10,38.11,1776547.6,220,2,0,3.96
189,2,11,16.92,243954.3,14,204,0,3.802
189,2,12,10.26,1835399.0,231,0,0,3.992
189,2,13,21.54,1985523.5,247,8,0,3.955
189,2,14,19.74,1839399.8,230,5,0,3.968
189,2,15,32.07,1807240.5,224,30,0,3.9
189,2,16,36.08,1909727.0,229,0,0,3.996
189,2,17,28.98,1659312.0,215,0,0,3.997
189,2,18,8.04,1859217.0,231,0,0,3.998
189,2,19,33.29,1840070.5,228,6,0,3.952
189,2,20,17.79,32348.8,0,239,0,3.823
189,2,21,16.53,1637442.6,198,12,0,3.959
189,2,22,23.07,1707571.0,213,0,0,3.998
189,2,23,23.06,1667660.0,213,0,0,3.994
189,2,24,30.02,629977.0,58,173,0,3.825
189,2,25,18.79,21082.0,0,212,0,3.792
189,2,26,16.66,1668064.9,192,41,0,3.917
189,2,27,27.9,1594050.0,201,0,0,4.0
189,2,28,14.65,1161366.2,133,105,0,3.889
189,2,29,36.0,1664069.8,210,1,0,3.999
189,2,30,34.95,0.0,0,0,0,0.0
189,2,31,15.56,0.0,0,0,0,0.0
199,0,0,7.31,147408.5,2,416,0,3.141
199,0,1,29.18,0.0,0,404,0,0.0
199,0,2,26.27,3112281.0,398,0,0,3.973
199,0,3,19.12,3216249.0,405,0,0,3.986
199,0,4,15.72,60562.7,0,400,1,3.037
199,0,5,15.24,3398298.0,417,0,0,3.965
199,0,6,31.03,28254.5,0,404,1,3.078
199,0,7,39.17,3511628.0,427,0,0,3.976
199,0,8,35.65,439824.7,27,391,0,3.182
199,0,9,14.73,3237634.5,412,4,0,3.857
199,0,10,34.02,24261.9,0,412,2,3.113
199,0,11,10.86,3330711.0,410,2,0,3.922
199,0,12,13.55,2948982.0,371,0,0,3.978
199,0,13,19.72,449926.1,25,342,0,3.053
199,0,14,30.6,3270308.0,406,0,0,3.98
199,0,15,28.59,3009347.0,378,0,0,3.753
199,0,16,28.24,0.0,0,415,0,0.0
199,0,17,31.34,3239418.6,390,8,0,3.53
199,0,18,36.47,3189830.4,400,2,0,3.642
199,0,19,5.84,5776.4,0,412,0,3.228
199,0,20,17.27,3146635.0,406,0,0,3.988
199,0,21,22.59,3530842.5,440,5,0,3.837
199,0,22,29.89,64949.6,0,406,1,3.049
199,0,23,15.03,45649.7,0,402,0,3.16
199,0,24,29.93,0.0,0,0,0,0.0
199,0,25,15.88,0.0,0,0,0,0.0
199,0,26,12.33,0.0,0,0,0,0.0
199,0,27,23.22,0.0,0,0,0,0.0
199,0,28,22.59,0.0,0,0,0,0.0
199,0,29,18.02,0.0,0,0,0,0.0
199,0,30,31.52,0.0,0,0,0,0.0
199,0,31,35.22,0.0,0,0,0,0.0
199,1,0,20.0,58472.4,1,325,0,3.827
199,1,1,22.2,2662558.0,331,0,0,3.999
199,1,2,24.66,258889.1,17,338,0,3.82
199,1,3,21.54,2675092.0,331,0,0,4.0
199,1,4,33.76,3679.4,0,365,1,3.899
199,1,5,23.71,2782099.0,352,0,0,3.996
199,1,6,10.08,2192530.5,268,53,0,3.941
199,1,7,5.47,2818697.0,353,0,0,3.999
199,1,8,9.6,2942554.0,368,0,0,3.999
199,1,9,21.73,54661.6,0,368,0,3.854
199,1,10,5.31,2744429.0,343,0,0,3.999
199,1,11,36.07,2659247.0,334,0,0,3.987
199,1,12,20.46,3127.9,0,328,0,3.845
199,1,13,34.32,2747839.2,335,4,1,3.977
199,1,14,8.58,2879561.0,353,0,0,3.997
199,1,15,13.3,2371074.8,291,35,0,3.958
199,1,16,27.7,2658893.0,325,0,0,3.999
199,1,17,12.23,2912538.0,361,0,0,3.997
199,1,18,16.83,1864309.1,197,137,0,3.903
199,1,19,38.02,369929.2,25,315,0,3.848
199,1,20,37.85,2787150.0,343,0,0,3.997
199,1,21,8.07,2048265.3,237,96,0,3.933
199,1,22,27.42,2500739.8,311,8,0,3.991
199,1,23,29.83,916994.7,87,245,0,3.863
199,1,24,36.07,14536.7,0,384,1,3.818
199,1,25,17.54,224347.1,14,351,0,3.859
199,1,26,27.33,2992612.0,376,0,0,3.997
199,1,27,37.84,0.0,0,0,0,0.0
199,1,28,36.11,0.0,0,0,0,0.0
199,1,29,28.09,0.0,0,0,0,0.0
199,1,30,27.63,0.0,0,0,0,0.0
199,1,31,24.51,0.0,0,0,0,0.0
199,2,0,7.74,577.5,0,231,0,3.882
199,2,1,8.87,1764887.4,219,0,0,3.972
199,2,2,26.78,275471.0,16,221,0,3.837
199,2,3,17.07,1645906.0,203,0,0,3.976
199,2,4,20.49,1732449.0,219,0,0,4.0
199,2,5,18.4,237.4,0,219,0,3.833
199,2,6,16.21,1996985.0,243,0,0,4.0
199,2,7,28.9,1644456.8,204,16,0,3.957
199,2,8,15.49,1313871.2,166,60,0,3.939
199,2,9,34.34,384160.6,39,210,0,3.828
199,2,10,38.11,1770740.9,219,3,0,3.967
199,2,11,16.92,249887.7,12,206,0,3.857
199,2,12,10.26,1826940.0,230,1,0,3.994
199,2,13,21.54,1977041.1,246,9,0,3.963
199,2,14,19.74,1838267.9,230,5,0,3.962
199,2,15,32.07,1785067.4,221,33,0,3.944
199,2,16,36.08,1909727.0,229,0,0,3.999
199,2,17,28.98,1659312.0,215,0,0,3.999
199,2,18,8.04,1859217.0,231,0,0,4.0
199,2,19,33.29,1837129.3,225,9,0,3.977
199,2,20,17.79,35218.9,0,239,0,3.835
199,2,21,16.53,1624398.4,196,14,0,3.958
199,2,22,23.07,1707571.0,213,0,0,3.998
199,2,23,23.06,1667660.0,213,0,0,3.995
199,2,24,30.02,654241.4,60,171,0,3.87
199,2,25,18.79,21430.4,0,212,0,3.812
199,2,26,16.66,1699305.7,194,39,0,3.947
199,2,27,27.9,1594050.0,201,0,0,3.998
199,2,28,14.65,1138738.3,124,114,0,3.906
199,2,29,36.0,1660549.0,210,1,0,3.997
199,2,30,34.95,0.0,0,0,0,0.0
199,2,31,15.56,0.0,0,0,0,0.0
209,0,0,7.31,146537.1,5,413,0,2.823
209,0,1,29.18,0.0,0,404,0,0.0
209,0,2,26.27,3112281.0,398,0,0,3.941
209,0,3,19.12,3216249.0,405,0,0,3.98
209,0,4,15.72,59620.4,0,401,0,2.652
209,0,5,15.24,3398298.0,417,0,0,3.945
209,0,6,31.03,28020.2,0,405,0,2.643
209,0,7,39.17,3511628.0,427,0,0,3.952
209,0,8,35.65,455990.3,32,386,0,2.87
209,0,9,14.73,3237073.8,412,4,0,3.782
209,0,10,34.02,23151.9,1,411,2,2.782
209,0,11,10.86,3324729.2,409,3,0,3.881
209,0,12,13.55,2948982.0,371,0,0,3.972
209,0,13,19.72,479182.1,31,336,0,2.752
209,0,14,30.6,3270308.0,406,0,0,3.976
209,0,15,28.59,3009347.0,378,0,0,3.657
209,0,16,28.24,0.0,0,415,0,0.0
209,0,17,31.34,3232111.2,394,5,0,3.319
209,0,18,36.47,3190492.7,401,1,0,3.485
209,0,19,5.84,4551.5,0,412,0,2.957
209,0,20,17.27,3146635.0,406,0,0,3.977
209,0,21,22.59,3519477.0,437,9,0,3.758
209,0,22,29.89,63639.1,0,407,0,2.696
209,0,23,15.03,42267.8,1,401,0,2.765
209,0,24,29.93,0.0,0,0,0,0.0
209,0,25,15.88,0.0,0,0,0,0.0
209,0,26,12.33,0.0,0,0,0,0.0
209,0,27,23.22,0.0,0,0,0,0.0
209,0,28,22.59,0.0,0,0,0,0.0
209,0,29,18.02,0.0,0,0,0,0.0
209,0,30,31.52,0.0,0,0,0,0.0
209,0,31,35.22,0.0,0,0,0,0.0
209,1,0,20.0,65155.3,2,324,0,3.663
209,1,1,22.2,2667584.0,332,0,0,3.998
209,1,2,24.66,232680.5,16,339,0,3.677
209,1,3,21.54,2675092.0,331,0,0,3.997
209,1,4,33.76,2513.9,0,366,0,3.726
209,1,5,23.71,2782099.0,352,0,0,3.991
209,1,6,10.08,2246913.9,275,46,0,3.87
209,1,7,5.47,2818697.0,353,0,0,3.996
209,1,8,9.6,2942554.0,368,0,0,3.998
209,1,9,21.73,56815.0,1,367,0,3.697
209,1,10,5.31,2744429.0,343,0,0,4.0
209,1,11,36.07,2659247.0,334,0,0,3.961
209,1,12,20.46,2718.9,0,328,0,3.763
209,1,13,34.32,2739055.9,334,6,0,3.935
209,1,14,8.58,2879561.0,353,0,0,3.989
209,1,15,13.3,2384830.6,294,32,0,3.898
209,1,16,27.7,2658893.0,325,0,0,3.999
209,1,17,12.23,2912538.0,361,0,0,3.984
209,1,18,16.83,1955112.9,215,119,0,3.793
209,1,19,38.02,369198.4,27,313,0,3.691
209,1,20,37.85,2787150.0,343,0,0,3.991
209,1,21,8.07,2087992.3,246,87,0,3.861
209,1,22,27.42,2508070.9,310,9,0,3.981
209,1,23,29.83,908750.5,87,245,0,3.773
209,1,24,36.07,13922.2,0,384,1,3.679
209,1,25,17.54,240629.1,17,348,0,3.71
209,1,26,27.33,2992612.0,376,0,0,3.988
209,1,27,37.84,0.0,0,0,0,0.0
209,1,28,36.11,0.0,0,0,0,0.0
209,1,29,28.09,0.0,0,0,0,0.0
209,1,30,27.63,0.0,0,0,0,0.0
209,1,31,24.51,0.0,0,0,0,0.0
209,2,0,7.74,399.8,0,231,0,3.818
209,2,1,8.87,1760411.8,218,1,0,3.943
209,2,2,26.78,282365.0,20,217,0,3.693
209,2,3,17.07,1645906.0,203,0,0,3.958
209,2,4,20.49,1732449.0,219,0,0,4.0
209,2,5,18.4,359.7,0,219,0,3.0
209,2,6,16.21,1996985.0,243,0,0,4.0
209,2,7,28.9,1689474.2,208,12,0,3.926
209,2,8,15.49,1312012.8,162,64,0,3.87
209,2,9,34.34,395142.2,42,207,0,3.75
209,2,10,38.11,1777937.3,220,2,0,3.948
209,2,11,16.92,243821.4,15,203,0,3.702
209,2,12,10.26,1826940.0,230,1,0,3.99
209,2,13,21.54,1988856.5,248,7,0,3.935
209,2,14,19.74,1830554.4,230,5,0,3.943
209,2,15,32.07,1847279.9,230,24,0,3.873
209,2,16,36.08,1909727.0,229,0,0,3.993
209,2,17,28.98,1659312.0,215,0,0,3.996
209,2,18,8.04,1859217.0,231,0,0,3.998
209,2,19,33.29,1831564.7,226,8,0,3.931
209,2,20,17.79,28232.8,0,239,0,3.721
209,2,21,16.53,1636185.6,198,12,0,3.921
209,2,22,23.07,1707571.0,213,0,0,3.996
209,2,23,23.06,1667660.0,213,0,0,3.991
209,2,24,30.02,649425.5,60,171,0,3.759
209,2,25,18.79,18301.8,0,212,0,3.68
209,2,26,16.66,1707956.1,194,39,0,3.886
209,2,27,27.9,1594050.0,201,0,0,3.996
209,2,28,14.65,1196048.6,137,101,0,3.833
209,2,29,36.0,1660549.0,210,1,0,3.992
209,2,30,34.95,0.0,0,0,0,0.0
209,2,31,15.56,0.0,0,0,0,0.0
219,0,0,7.31,148736.4,2,416,0,3.346
219,0,1,29.18,0.0,0,404,0,0.0
219,0,2,26.27,3112281.0,398,0,0,3.98
219,0,3,19.12,3216249.0,405,0,0,3.991
219,0,4,15.72,60143.1,0,399,2,3.248
219,0,5,15.24,3398298.0,417,0,0,3.975
219,0,6,31.03,29180.3,0,404,1,3.267
219,0,7,39.17,3511628.0,427,0,0,3.978
219,0,8,35.65,473409.9,26,392,0,3.328
219,0,9,14.73,3239058.6,412,4,0,3.91
219,0,10,34.02,23952.1,0,412,2,3.312
219,0,11,10.86,3330735.4,410,2,0,3.956
219,0,12,13.55,2948982.0,371,0,0,3.988
219,0,13,19.72,443402.7,20,347,0,3.204
219,0,14,30.6,3270308.0,406,0,0,3.991
219,0,15,28.59,3009347.0,378,0,0,3.83
219,0,16,28.24,0.0,0,415,0,0.0
219,0,17,31.34,3230411.8,391,8,0,3.642
219,0,18,36.47,3191098.0,402,0,0,3.738
219,0,19,5.84,5139.9,0,412,0,3.374
219,0,20,17.27,3146635.0,406,0,0,3.991
219,0,21,22.59,3528356.4,440,5,0,3.885
219,0,22,29.89,63222.9,0,406,1,3.266
219,0,23,15.03,41747.9,0,402,0,3.36
219,0,24,29.93,0.0,0,0,0,0.0
219,0,25,15.88,0.0,0,0,0,0.0
219,0,26,12.33,0.0,0,0,0,0.0
219,0,27,23.22,0.0,0,0,0,0.0
219,0,28,22.59,0.0,0,0,0,0.0
219,0,29,18.02,0.0,0,0,0,0.0
219,0,30,31.52,0.0,0,0,0,0.0
219,0,31,35.22,0.0,0,0,0,0.0
219,1,0,20.0,60994.0,1,325,0,3.895
219,1,1,22.2,2667584.0,332,0,0,3.998
219,1,2,24.66,219879.6,14,341,0,3.892
219,1,3,21.54,2675092.0,331,0,0,4.0
219,1,4,33.76,4331.3,0,365,1,3.966
219,1,5,23.71,2782099.0,352,0,0,3.999
219,1,6,10.08,2158151.1,264,57,0,3.959
219,1,7,5.47,2818697.0,353,0,0,3.999
219,1,8,9.6,2942554.0,368,0,0,4.0
219,1,9,21.73,63222.4,0,368,0,3.914
219,1,10,5.31,2744429.0,343,0,0,4.0
219,1,11,36.07,2659247.0,334,0,0,3.99
219,1,12,20.46,3349.3,0,328,0,3.952
219,1,13,34.32,2753673.1,337,2,1,3.984
219,1,14,8.58,2879561.0,353,0,0,4.0
219,1,15,13.3,2388338.8,294,32,0,3.973
219,1,16,27.7,2658893.0,325,0,0,4.0
219,1,17,12.23,2912538.0,361,0,0,3.997
219,1,18,16.83,1929704.3,208,126,0,3.936
219,1,19,38.02,366047.6,22,318,0,3.877
219,1,20,37.85,2787150.0,343,0,0,3.996
219,1,21,8.07,2043410.9,239,94,0,3.956
219,1,22,27.42,2506448.2,311,8,0,3.993
219,1,23,29.83,900261.2,85,247,0,3.917
219,1,24,36.07,15641.3,0,384,1,3.869
219,1,25,17.54,228490.9,13,352,0,3.907
219,1,26,27.33,2992612.0,376,0,0,3.995
219,1,27,37.84,0.0,0,0,0,0.0
219,1,28,36.11,0.0,0,0,0,0.0
219,1,29,28.09,0.0,0,0,0,0.0
219,1,30,27.63,0.0,0,0,0,0.0
219,1,31,24.51,0.0,0,0,0,0.0
219,2,0,7.74,799.7,0,231,0,3.87
219,2,1,8.87,1766283.0,220,0,0,3.982
219,2,2,26.78,279642.9,16,221,0,3.884
219,2,3,17.07,1645906.0,203,0,0,3.985
219,2,4,20.49,1732449.0,219,0,0,4.0
219,2,5,18.4,305.2,0,219,0,3.875
219,2,6,16.21,1996985.0,243,0,0,4.0
219,2,7,28.9,1621001.6,197,23,0,3.965
219,2,8,15.49,1324096.7,161,65,0,3.959
219,2,9,34.34,410821.1,41,208,0,3.879
219,2,10,38.11,1780135.1,221,1,0,3.975
219,2,11,16.92,252277.2,13,205,0,3.877
219,2,12,10.26,1826940.0,230,1,0,3.998
219,2,13,21.54,1990817.6,248,7,0,3.981
219,2,14,19.74,1836823.8,230,5,0,3.978
219,2,15,32.07,1808184.2,226,28,0,3.945
219,2,16,36.08,1909727.0,229,0,0,3.996
219,2,17,28.98,1659312.0,215,0,0,3.999
219,2,18,8.04,1859217.0,231,0,0,4.0
219,2,19,33.29,1828482.4,226,8,0,3.984
219,2,20,17.79,31365.9,0,239,0,3.889
219,2,21,16.53,1645654.3,197,13,0,3.98
219,2,22,23.07,1707571.0,213,0,0,4.0
219,2,23,23.06,1667660.0,213,0,0,3.995
219,2,24,30.02,617999.0,61,170,0,3.897
219,2,25,18.79,20252.4,0,212,0,3.896
219,2,26,16.66,1712727.2,193,40,0,3.964
219,2,27,27.9,1594050.0,201,0,0,4.0
219,2,28,14.65,1131011.4,122,116,0,3.939
219,2,29,36.0,1664069.8,210,1,0,4.0
219,2,30,34.95,0.0,0,0,0,0.0
219,2,31,15.56,0.0,0,0,0,0.0
229,0,0,7.31,141663.6,6,412,0,2.626
229,0,1,29.18,0.0,0,404,0,0.0
229,0,2,26.27,3112281.0,398,0,0,3.931
229,0,3,19.12,3216249.0,405,0,0,3.968
229,0,4,15.72,62456.5,0,400,1,2.48
229,0,5,15.24,3398298.0,417,0,0,3.934
229,0,6,31.03,27216.2,0,405,0,2.391
229,0,7,39.17,3511628.0,427,0,0,3.939
229,0,8,35.65,457817.6,37,381,0,2.723
229,0,9,14.73,3240630.0,414,2,0,3.755
229,0,10,34.02,24379.4,1,412,1,2.555
229,0,11,10.86,3334442.3,410,2,0,3.855
229,0,12,13.55,2948982.0,371,0,0,3.951
229,0,13,19.72,498034.5,34,333,0,2.637
229,0,14,30.6,3270308.0,406,0,0,3.965
229,0,15,28.59,3009347.0,378,0,0,3.613
229,0,16,28.24,0.0,0,415,0,0.0
229,0,17,31.34,3254463.9,395,4,0,3.219
229,0,18,36.47,3191098.0,402,0,0,3.441
229,0,19,5.84,4286.7,0,412,0,2.828
229,0,20,17.27,3146635.0,406,0,0,3.965
229,0,21,22.59,3537913.6,440,6,0,3.719
229,0,22,29.89,59088.1,0,407,0,2.533
229,0,23,15.03,42984.9,1,401,0,2.518
229,0,24,29.93,0.0,0,0,0,0.0
229,0,25,15.88,0.0,0,0,0,0.0
229,0,26,12.33,0.0,0,0,0,0.0
229,0,27,23.22,0.0,0,0,0,0.0
229,0,28,22.59,0.0,0,0,0,0.0
229,0,29,18.02,0.0,0,0,0,0.0
229,0,30,31.52,0.0,0,0,0,0.0
229,0,31,35.22,0.0,0,0,0,0.0
229,1,0,20.0,69251.6,2,324,0,3.58
229,1,1,22.2,2667584.0,332,0,0,3.989
229,1,2,24.66,242345.5,18,337,0,3.611
229,1,3,21.54,2675092.0,331,0,0,4.0
229,1,4,33.76,2722.0,0,366,0,3.773
229,1,5,23.71,2782099.0,352,0,0,3.995
229,1,6,10.08,2216288.7,273,48,0,3.832
229,1,7,5.47,2818697.0,353,0,0,3.986
229,1,8,9.6,2942554.0,368,0,0,3.999
229,1,9,21.73,58541.2,2,366,0,3.619
229,1,10,5.31,2744429.0,343,0,0,3.997
229,1,11,36.07,2659247.0,334,0,0,3.946
229,1,12,20.46,2475.4,0,328,0,3.582
229,1,13,34.32,2737354.6,335,4,1,3.902
229,1,14,8.58,2879561.0,353,0,0,3.995
229,1,15,13.3,2391511.5,292,34,0,3.851
229,1,16,27.7,2658893.0,325,0,0,4.0
229,1,17,12.23,2912538.0,361,0,0,3.987
229,1,18,16.83,1954581.8,218,116,0,3.743
229,1,19,38.02,355601.9,27,313,0,3.641
229,1,20,37.85,2787150.0,343,0,0,3.976
229,1,21,8.07,2080417.7,244,89,0,3.804
229,1,22,27.42,2518603.1,313,6,0,3.954
229,1,23,29.83,915107.6,94,238,0,3.709
229,1,24,36.07,12123.9,0,384,1,3.632
229,1,25,17.54,218730.8,15,350,0,3.655
229,1,26,27.33,2992612.0,376,0,0,3.991
229,1,27,37.84,0.0,0,0,0,0.0
229,1,28,36.11,0.0,0,0,0,0.0
229,1,29,28.09,0.0,0,0,0,0.0
229,1,30,27.63,0.0,0,0,0,0.0
229,1,31,24.51,0.0,0,0,0,0.0
229,2,0,7.74,550.8,0,231,0,3.533
229,2,1,8.87,1764323.4,219,0,0,3.917
229,2,2,26.78,292084.9,24,213,0,3.653
229,2,3,17.07,1645906.0,203,0,0,3.95
229,2,4,20.49,1732449.0,219,0,0,3.99
229,2,5,18.4,403.4,0,219,0,2.857
229,2,6,16.21,1996985.0,243,0,0,3.998
229,2,7,28.9,1619141.7,201,19,0,3.879
229,2,8,15.49,1286524.2,161,65,0,3.833
229,2,9,34.34,379130.7,41,208,0,3.715
229,2,10,38.11,1782438.7,221,1,0,3.928
229,2,11,16.92,238758.5,13,205,0,3.614
229,2,12,10.26,1826940.0,230,1,0,3.988
229,2,13,21.54,2000818.4,248,7,0,3.912
229,2,14,19.74,1841516.7,232,3,0,3.936
229,2,15,32.07,1852420.2,233,21,0,3.823
229,2,16,36.08,1909727.0,229,0,0,3.984
229,2,17,28.98,1659312.0,215,0,0,3.993
229,2,18,8.04,1859217.0,231,0,0,3.991
229,2,19,33.29,1841467.6,228,6,0,3.92
229,2,20,17.79,29749.7,0,239,0,3.684
229,2,21,16.53,1626630.1,196,14,0,3.889
229,2,22,23.07,1707571.0,213,0,0,3.992
229,2,23,23.06,1667660.0,213,0,0,3.986
229,2,24,30.02,621847.0,63,168,0,3.707
229,2,25,18.79,19427.5,0,212,0,3.579
229,2,26,16.66,1734857.1,197,36,0,3.85
229,2,27,27.9,1594050.0,201,0,0,3.992
229,2,28,14.65,1209497.1,140,98,0,3.765
229,2,29,36.0,1660549.0,210,1,0,3.991
229,2,30,34.95,0.0,0,0,0,0.0
229,2,31,15.56,0.0,0,0,0,0.0
239,0,0,7.31,140916.8,3,415,0,2.974
239,0,1,29.18,0.0,0,404,0,0.0
239,0,2,26.27,3112281.0,398,0,0,3.963
239,0,3,19.12,3216249.0,405,0,0,3.979
239,0,4,15.72,61030.0,0,400,1,2.854
239,0,5,15.24,3398298.0,417,0,0,3.96
239,0,6,31.03,26528.9,0,405,0,2.862
239,0,7,39.17,3511628.0,427,0,0,3.956
239,0,8,35.65,486883.7,37,381,0,2.995
239,0,9,14.73,3226775.1,411,5,0,3.824
239,0,10,34.02,23119.6,1,411,2,2.885
239,0,11,10.86,3334243.7,411,1,0,3.903
239,0,12,13.55,2948982.0,371,0,0,3.977
239,0,13,19.72,479679.3,28,339,0,2.903
239,0,14,30.6,3276533.0,407,0,0,3.982
239,0,15,28.59,3009347.0,378,0,0,3.714
239,0,16,28.24,0.0,0,415,0,0.0
239,0,17,31.34,3251184.2,394,5,0,3.441
239,0,18,36.47,3191098.0,402,0,0,3.569
239,0,19,5.84,5007.3,0,412,0,2.933
239,0,20,17.27,3146635.0,406,0,0,3.979
239,0,21,22.59,3524613.5,438,8,0,3.799
239,0,22,29.89,60769.4,0,406,1,2.849
239,0,23,15.03,42956.5,1,401,0,2.92
239,0,24,29.93,0.0,0,0,0,0.0
239,0,25,15.88,0.0,0,0,0,0.0
239,0,26,12.33,0.0,0,0,0,0.0
239,0,27,23.22,0.0,0,0,0,0.0
239,0,28,22.59,0.0,0,0,0,0.0
239,0,29,18.02,0.0,0,0,0,0.0
239,0,30,31.52,0.0,0,0,0,0.0
239,0,31,35.22,0.0,0,0,0,0.0
239,1,0,20.0,65314.2,1,325,0,3.735
239,1,1,22.2,2662558.0,331,0,0,3.997
239,1,2,24.66,233284.4,18,337,0,3.788
239,1,3,21.54,2675092.0,331,0,0,3.999
239,1,4,33.76,3024.7,0,366,0,3.921
239,1,5,23.71,2782099.0,352,0,0,3.996
239,1,6,10.08,2260369.9,274,47,0,3.904
239,1,7,5.47,2818697.0,353,0,0,3.994
239,1,8,9.6,2942554.0,368,0,0,4.0
239,1,9,21.73,60119.0,0,368,0,3.779
239,1,10,5.31,2744429.0,343,0,0,3.999
239,1,11,36.07,2659247.0,334,0,0,3.973
239,1,12,20.46,2328.0,0,328,0,3.875
239,1,13,34.32,2746568.3,335,4,1,3.957
239,1,14,8.58,2879561.0,353,0,0,3.995
239,1,15,13.3,2415751.7,301,25,0,3.936
239,1,16,27.7,2658893.0,325,0,0,4.0
239,1,17,12.23,2912538.0,361,0,0,3.996
239,1,18,16.83,1983145.1,215,119,0,3.861
239,1,19,38.02,381068.5,26,314,0,3.801
239,1,20,37.85,2787150.0,343,0,0,3.991
239,1,21,8.07,2047473.3,244,89,0,3.896
239,1,22,27.42,2528980.3,315,4,0,3.985
239,1,23,29.83,888958.3,80,252,0,3.822
239,1,24,36.07,11761.2,0,385,0,3.72
239,1,25,17.54,245532.7,13,352,0,3.813
239,1,26,27.33,2992612.0,376,0,0,3.992
239,1,27,37.84,0.0,0,0,0,0.0
239,1,28,36.11,0.0,0,0,0,0.0
239,1,29,28.09,0.0,0,0,0,0.0
239,1,30,27.63,0.0,0,0,0,0.0
239,1,31,24.51,0.0,0,0,0,0.0
239,2,0,7.74,500.4,0,231,0,4.0
239,2,1,8.87,1764821.1,219,1,0,3.948
239,2,2,26.78,310656.6,22,215,0,3.755
239,2,3,17.07,1644444.5,202,1,0,3.969
239,2,4,20.49,1732449.0,219,0,0,3.994
239,2,5,18.4,435.8,0,219,0,3.333
239,2,6,16.21,1996985.0,243,0,0,4.0
239,2,7,28.9,1617942.0,198,22,0,3.931
239,2,8,15.49,1365801.2,166,60,0,3.892
239,2,9,34.34,387124.6,40,209,0,3.778
239,2,10,38.11,1778083.0,221,1,0,3.953
239,2,11,16.92,223433.7,14,204,0,3.739
239,2,12,10.26,1826940.0,230,1,0,3.994
239,2,13,21.54,2010568.5,249,6,0,3.948
239,2,14,19.74,1844253.6,231,4,0,3.948
239,2,15,32.07,1858054.9,235,19,0,3.902
239,2,16,36.08,1909727.0,229,0,0,3.996
239,2,17,28.98,1659312.0,215,0,0,3.999
239,2,18,8.04,1859217.0,231,0,0,3.998
239,2,19,33.29,1823252.9,226,8,0,3.955
239,2,20,17.79,28005.8,0,238,1,3.811
239,2,21,16.53,1661048.1,200,10,0,3.942
239,2,22,23.07,1707571.0,213,0,0,3.996
239,2,23,23.06,1667660.0,213,0,0,3.994
239,2,24,30.02,664274.7,66,165,0,3.814
239,2,25,18.79,16249.6,0,212,0,3.673
239,2,26,16.66,1751407.2,200,33,0,3.914
239,2,27,27.9,1594050.0,201,0,0,3.998
239,2,28,14.65,1213463.7,140,98,0,3.859
239,2,29,36.0,1657115.9,209,2,0,3.996
239,2,30,34.95,0.0,0,0,0,0.0
239,2,31,15.56,0.0,0,0,0,0.0
249,0,0,7.31,136761.0,5,413,0,2.605
249,0,1,29.18,0.0,0,404,0,0.0
249,0,2,26.27,3112281.0,398,0,0,3.926
249,0,3,19.12,3216249.0,405,0,0,3.972
249,0,4,15.72,61455.1,0,400,1,2.454
249,0,5,15.24,3398298.0,417,0,0,3.936
249,0,6,31.03,25386.4,0,405,0,2.455
249,0,7,39.17,3511628.0,427,0,0,3.935
249,0,8,35.65,484147.5,40,378,0,2.734
249,0,9,14.73,3236486.1,411,5,0,3.743
249,0,10,34.02,21839.6,0,413,1,2.494
249,0,11,10.86,3324704.8,409,3,0,3.854
249,0,12,13.55,2948982.0,371,0,0,3.957
249,0,13,19.72,494317.0,37,330,0,2.635
249,0,14,30.6,3270308.0,406,0,0,3.969
249,0,15,28.59,3009347.0,378,0,0,3.578
249,0,16,28.24,0.0,0,415,0,0.0
249,0,17,31.34,3242655.4,395,4,0,3.229
249,0,18,36.47,3191098.0,402,0,0,3.395
249,0,19,5.84,4162.9,0,412,0,2.577
249,0,20,17.27,3146635.0,406,0,0,3.963
249,0,21,22.59,3534372.6,440,6,0,3.715
249,0,22,29.89,60084.5,0,407,0,2.511
249,0,23,15.03,41294.4,1,401,0,2.624
249,0,24,29.93,0.0,0,0,0,0.0
249,0,25,15.88,0.0,0,0,0,0.0
249,0,26,12.33,0.0,0,0,0,0.0
249,0,27,23.22,0.0,0,0,0,0.0
249,0,28,22.59,0.0,0,0,0,0.0
249,0,29,18.02,0.0,0,0,0,0.0
249,0,30,31.52,0.0,0,0,0,0.0
249,0,31,35.22,0.0,0,0,0,0.0
249,1,0,20.0,62157.1,1,325,0,3.577
249,1,1,22.2,2667584.0,332,0,0,3.992
249,1,2,24.66,206069.5,15,340,0,3.633
249,1,3,21.54,2675092.0,331,0,0,3.996
249,1,4,33.76,3245.9,0,366,0,3.772
249,1,5,23.71,2782099.0,352,0,0,3.994
249,1,6,10.08,2252080.9,274,47,0,3.841
249,1,7,5.47,2818697.0,353,0,0,3.983
249,1,8,9.6,2942554.0,368,0,0,3.998
249,1,9,21.73,61049.7,0,368,0,3.605
249,1,10,5.31,2744429.0,343,0,0,3.997
249,1,11,36.07,2659247.0,334,0,0,3.934
249,1,12,20.46,2471.1,0,328,0,3.642
249,1,13,34.32,2745102.7,335,4,1,3.914
249,1,14,8.58,2879561.0,353,0,0,3.992
249,1,15,13.3,2372303.5,294,32,0,3.866
249,1,16,27.7,2658893.0,325,0,0,3.998
249,1,17,12.23,2912538.0,361,0,0,3.987
249,1,18,16.83,2032596.6,232,102,0,3.745
249,1,19,38.02,369045.1,29,311,0,3.623
249,1,20,37.85,2787150.0,343,0,0,3.972
249,1,21,8.07,2118541.1,249,84,0,3.798
249,1,22,27.42,2543418.0,318,1,0,3.968
249,1,23,29.83,873431.5,90,242,0,3.697
249,1,24,36.07,11466.8,0,385,0,3.595
249,1,25,17.54,229191.2,17,348,0,3.686
249,1,26,27.33,2992612.0,376,0,0,3.989
249,1,27,37.84,0.0,0,0,0,0.0
249,1,28,36.11,0.0,0,0,0,0.0
249,1,29,28.09,0.0,0,0,0,0.0
249,1,30,27.63,0.0,0,0,0,0.0
249,1,31,24.51,0.0,0,0,0,0.0
249,2,0,7.74,542.4,0,231,0,3.533
249,2,1,8.87,1762666.9,219,1,0,3.911
249,2,2,26.78,314018.9,24,213,0,3.646
249,2,3,17.07,1645906.0,203,0,0,3.938
249,2,4,20.49,1732449.0,219,0,0,3.989
249,2,5,18.4,258.5,0,219,0,3.2
249,2,6,16.21,1996985.0,243,0,0,4.0
249,2,7,28.9,1595811.0,196,24,0,3.872
249,2,8,15.49,1306938.8,161,65,0,3.816
249,2,9,34.34,381867.8,41,208,0,3.679
249,2,10,38.11,1778083.0,221,1,0,3.921
249,2,11,16.92,210423.1,13,205,0,3.585
249,2,12,10.26,1826940.0,230,1,0,3.988
249,2,13,21.54,1997763.6,248,7,0,3.918
249,2,14,19.74,1843164.6,231,4,0,3.924
249,2,15,32.07,1866446.0,234,20,0,3.82
249,2,16,36.08,1909727.0,229,0,0,3.985
249,2,17,28.98,1659312.0,215,0,0,3.992
249,2,18,8.04,1859217.0,231,0,0,3.995
249,2,19,33.29,1824299.0,226,8,0,3.915
249,2,20,17.79,28108.3,0,238,1,3.584
249,2,21,16.53,1664603.6,202,8,0,3.897
249,2,22,23.07,1707571.0,213,0,0,3.992
249,2,23,23.06,1667660.0,213,0,0,3.992
249,2,24,30.02,652824.6,69,162,0,3.699
249,2,25,18.79,15412.3,0,212,0,3.453
249,2,26,16.66,1767114.3,202,31,0,3.843
249,2,27,27.9,1594050.0,201,0,0,3.998
249,2,28,14.65,1190761.5,135,103,0,3.75
249,2,29,36.0,1657162.2,209,2,0,3.992
249,2,30,34.95,0.0,0,0,0,0.0
249,2,31,15.56,0.0,0,0,0,0.0
259,0,0,7.31,136895.8,3,415,0,2.793
259,0,1,29.18,0.0,0,404,0,0.0
259,0,2,26.27,3112281.0,398,0,0,3.94
259,0,3,19.12,3216249.0,405,0,0,3.972
259,0,4,15.72,56543.0,0,400,1,2.712
259,0,5,15.24,3398298.0,417,0,0,3.945
259,0,6,31.03,24322.3,0,405,0,2.686
259,0,7,39.17,3511628.0,427,0,0,3.953
259,0,8,35.65,518913.6,39,379,0,2.829
259,0,9,14.73,3233311.8,411,5,0,3.775
259,0,10,34.02,22207.1,0,412,2,2.644
259,0,11,10.86,3331637.2,409,3,0,3.88
259,0,12,13.55,2948982.0,371,0,0,3.962
259,0,13,19.72,500551.6,32,335,0,2.756
259,0,14,30.6,3270308.0,406,0,0,3.979
259,0,15,28.59,3009347.0,378,0,0,3.646
259,0,16,28.24,0.0,0,415,0,0.0
259,0,17,31.34,3243431.0,396,3,0,3.31
259,0,18,36.47,3191098.0,402,0,0,3.486
259,0,19,5.84,4417.5,0,412,0,2.778
259,0,20,17.27,3146635.0,406,0,0,3.969
259,0,21,22.59,3535676.5,440,6,0,3.75
259,0,22,29.89,59749.8,0,407,0,2.689
259,0,23,15.03,40448.2,1,401,0,2.75
259,0,24,29.93,0.0,0,0,0,0.0
259,0,25,15.88,0.0,0,0,0,0.0
259,0,26,12.33,0.0,0,0,0,0.0
259,0,27,23.22,0.0,0,0,0,0.0
259,0,28,22.59,0.0,0,0,0,0.0
259,0,29,18.02,0.0,0,0,0,0.0
259,0,30,31.52,0.0,0,0,0,0.0
259,0,31,35.22,0.0,0,0,0,0.0
259,1,0,20.0,66349.2,1,325,0,3.694
259,1,1,22.2,2667584.0,332,0,0,3.998
259,1,2,24.66,222155.4,17,338,0,3.742
259,1,3,21.54,2675092.0,331,0,0,3.999
259,1,4,33.76,3478.9,0,365,1,3.795
259,1,5,23.71,2782099.0,352,0,0,3.997
259,1,6,10.08,2245204.9,272,49,0,3.893
259,1,7,5.47,2818697.0,353,0,0,3.99
259,1,8,9.6,2942554.0,368,0,0,3.998
259,1,9,21.73,60647.0,0,368,0,3.737
259,1,10,5.31,2744429.0,343,0,0,3.999
259,1,11,36.07,2659247.0,334,0,0,3.963
259,1,12,20.46,2813.9,0,328,0,3.812
259,1,13,34.32,2742109.3,335,4,1,3.947
259,1,14,8.58,2879561.0,353,0,0,3.995
259,1,15,13.3,2412908.1,298,28,0,3.916
259,1,16,27.7,2658893.0,325,0,0,3.998
259,1,17,12.23,2912538.0,361,0,0,3.992
259,1,18,16.83,2041464.8,230,104,0,3.814
259,1,19,38.02,369248.7,25,315,0,3.682
259,1,20,37.85,2787150.0,343,0,0,3.99
259,1,21,8.07,2095472.2,247,86,0,3.873
259,1,22,27.42,2555389.0,319,0,0,3.981
259,1,23,29.83,871985.6,83,249,0,3.767
259,1,24,36.07,10290.7,0,384,1,3.698
259,1,25,17.54,217573.7,12,353,0,3.78
259,1,26,27.33,2992612.0,376,0,0,3.996
259,1,27,37.84,0.0,0,0,0,0.0
259,1,28,36.11,0.0,0,0,0,0.0
259,1,29,28.09,0.0,0,0,0,0.0
259,1,30,27.63,0.0,0,0,0,0.0
259,1,31,24.51,0.0,0,0,0,0.0
259,2,0,7.74,590.5,0,231,0,3.812
259,2,1,8.87,1761123.0,218,1,0,3.947
259,2,2,26.78,321295.3,24,213,0,3.735
259,2,3,17.07,1645906.0,203,0,0,3.966
259,2,4,20.49,1732449.0,219,0,0,3.998
259,2,5,18.4,251.7,0,219,0,3.2
259,2,6,16.21,1996985.0,243,0,0,4.0
259,2,7,28.9,1525141.3,188,32,0,3.898
259,2,8,15.49,1366871.0,168,58,0,3.874
259,2,9,34.34,377732.8,36,213,0,3.749
259,2,10,38.11,1786236.1,221,1,0,3.953
259,2,11,16.92,222573.2,13,205,0,3.67
259,2,12,10.26,1826940.0,230,1,0,3.994
259,2,13,21.54,1999374.7,249,6,0,3.938
259,2,14,19.74,1838123.7,232,3,0,3.953
259,2,15,32.07,1856653.7,234,20,0,3.888
259,2,16,36.08,1909727.0,229,0,0,3.993
259,2,17,28.98,1659312.0,215,0,0,3.999
259,2,18,8.04,1859217.0,231,0,0,4.0
259,2,19,33.29,1843467.0,228,6,0,3.951
259,2,20,17.79,28083.9,0,238,1,3.689
259,2,21,16.53,1666000.4,202,8,0,3.931
259,2,22,23.07,1707571.0,213,0,0,3.992
259,2,23,23.06,1667660.0,213,0,0,3.992
259,2,24,30.02,657593.3,65,166,0,3.786
259,2,25,18.79,14538.4,0,212,0,3.556
259,2,26,16.66,1766993.0,204,29,0,3.886
259,2,27,27.9,1594050.0,201,0,0,3.998
259,2,28,14.65,1199317.3,137,101,0,3.834
259,2,29,36.0,1660549.0,210,1,0,3.996
259,2,30,34.95,0.0,0,0,0,0.0
259,2,31,15.56,0.0,0,0,0,0.0
269,0,0,7.31,138322.7,3,415,0,2.788
269,0,1,29.18,0.0,0,404,0,0.0
269,0,2,26.27,3112281.0,398,0,0,3.943
269,0,3,19.12,3216249.0,405,0,0,3.976
269,0,4,15.72,60815.4,0,401,0,2.71
269,0,5,15.24,3398298.0,417,0,0,3.946
269,0,6,31.03,25445.0,0,405,0,2.684
269,0,7,39.17,3511628.0,427,0,0,3.948
269,0,8,35.65,483280.6,36,382,0,2.868
269,0,9,14.73,3233211.0,410,6,0,3.794
269,0,10,34.02,25054.8,1,411,2,2.657
269,0,11,10.86,3326579.9,409,3,0,3.876
269,0,12,13.55,2948982.0,371,0,0,3.964
269,0,13,19.72,517684.7,29,338,0,2.751
269,0,14,30.6,3270308.0,406,0,0,3.974
269,0,15,28.59,3009347.0,378,0,0,3.653
269,0,16,28.24,0.0,0,415,0,0.0
269,0,17,31.34,3240926.8,395,4,0,3.348
269,0,18,36.47,3191098.0,402,0,0,3.505
269,0,19,5.84,3842.9,0,412,0,2.891
269,0,20,17.27,3146635.0,406,0,0,3.971
269,0,21,22.59,3529062.2,439,7,0,3.761
269,0,22,29.89,57805.1,0,406,1,2.734
269,0,23,15.03,38661.6,1,401,0,2.793
269,0,24,29.93,0.0,0,0,0,0.0
269,0,25,15.88,0.0,0,0,0,0.0
269,0,26,12.33,0.0,0,0,0,0.0
269,0,27,23.22,0.0,0,0,0,0.0
269,0,28,22.59,0.0,0,0,0,0.0
269,0,29,18.02,0.0,0,0,0,0.0
269,0,30,31.52,0.0,0,0,0,0.0
269,0,31,35.22,0.0,0,0,0,0.0
269,1,0,20.0,69622.9,1,325,0,3.717
269,1,1,22.2,2667584.0,332,0,0,3.995
269,1,2,24.66,224462.4,14,341,0,3.744
269,1,3,21.54,2675092.0,331,0,0,3.997
269,1,4,33.76,3823.4,0,366,0,3.806
269,1,5,23.71,2782099.0,352,0,0,3.997
269,1,6,10.08,2248128.2,274,47,0,3.904
269,1,7,5.47,2818697.0,353,0,0,3.994
269,1,8,9.6,2942554.0,368,0,0,3.999
269,1,9,21.73,65555.8,0,368,0,3.722
269,1,10,5.31,2744429.0,343,0,0,4.0
269,1,11,36.07,2659247.0,334,0,0,3.972
269,1,12,20.46,2591.3,0,328,0,3.84
269,1,13,34.32,2750121.3,336,3,0,3.952
269,1,14,8.58,2879561.0,353,0,0,3.999
269,1,15,13.3,2416302.5,300,26,0,3.916
269,1,16,27.7,2658893.0,325,0,0,4.0
269,1,17,12.23,2912538.0,361,0,0,3.993
269,1,18,16.83,2020257.1,218,116,0,3.833
269,1,19,38.02,374800.5,25,315,0,3.753
269,1,20,37.85,2787150.0,343,0,0,3.99
269,1,21,8.07,2085228.2,244,89,0,3.878
269,1,22,27.42,2530991.0,316,3,0,3.984
269,1,23,29.83,877897.6,83,249,0,3.775
269,1,24,36.07,10810.5,0,384,1,3.698
269,1,25,17.54,225231.2,12,353,0,3.749
269,1,26,27.33,2992612.0,376,0,0,3.993
269,1,27,37.84,0.0,0,0,0,0.0
269,1,28,36.11,0.0,0,0,0,0.0
269,1,29,28.09,0.0,0,0,0,0.0
269,1,30,27.63,0.0,0,0,0,0.0
269,1,31,24.51,0.0,0,0,0,0.0
269,2,0,7.74,578.5,0,231,0,3.824
269,2,1,8.87,1765240.0,219,1,0,3.949
269,2,2,26.78,288814.2,22,215,0,3.726
269,2,3,17.07,1645906.0,203,0,0,3.977
269,2,4,20.49,1732449.0,219,0,0,3.997
269,2,5,18.4,368.2,0,219,0,3.143
269,2,6,16.21,1996985.0,243,0,0,4.0
269,2,7,28.9,1556275.6,192,28,0,3.917
269,2,8,15.49,1332284.5,163,63,0,3.886
269,2,9,34.34,398496.3,41,208,0,3.749
269,2,10,38.11,1778083.0,221,1,0,3.931
269,2,11,16.92,232838.7,13,205,0,3.71
269,2,12,10.26,1826940.0,230,1,0,3.992
269,2,13,21.54,2014334.4,250,5,0,3.939
269,2,14,19.74,1841324.0,233,2,0,3.95
269,2,15,32.07,1860450.9,233,21,0,3.893
269,2,16,36.08,1909727.0,229,0,0,3.985
269,2,17,28.98,1659312.0,215,0,0,3.999
269,2,18,8.04,1859217.0,231,0,0,3.998
269,2,19,33.29,1850366.9,228,6,0,3.962
269,2,20,17.79,26237.1,0,239,0,3.706
269,2,21,16.53,1668605.9,200,10,0,3.935
269,2,22,23.07,1707571.0,213,0,0,3.996
269,2,23,23.06,1667660.0,213,0,0,3.991
269,2,24,30.02,667094.7,69,162,0,3.788
269,2,25,18.79,17296.9,0,212,0,3.561
269,2,26,16.66,1739231.8,200,33,0,3.894
269,2,27,27.9,1594050.0,201,0,0,3.998
269,2,28,14.65,1250152.7,139,99,0,3.833
269,2,29,36.0,1660549.0,210,1,0,3.997
269,2,30,34.95,0.0,0,0,0,0.0
269,2,31,15.56,0.0,0,0,0,0.0
279,0,0,7.31,152030.0,2,416,0,3.284
279,0,1,29.18,0.0,0,404,0,0.0
279,0,2,26.27,3112281.0,398,0,0,3.973
279,0,3,19.12,3216249.0,405,0,0,3.993
279,0,4,15.72,61188.2,0,400,1,3.178
279,0,5,15.24,3398298.0,417,0,0,3.972
279,0,6,31.03,27157.7,0,405,0,3.285
279,0,7,39.17,3511628.0,427,0,0,3.975
279,0,8,35.65,501432.3,30,388,0,3.269
279,0,9,14.73,3226336.7,411,5,0,3.879
279,0,10,34.02,22775.3,0,412,2,3.228
279,0,11,10.86,3317856.7,408,4,0,3.951
279,0,12,13.55,2948982.0,371,0,0,3.984
279,0,13,19.72,457905.1,21,346,0,3.175
279,0,14,30.6,3270308.0,406,0,0,3.986
279,0,15,28.59,3009347.0,378,0,0,3.804
279,0,16,28.24,0.0,0,415,0,0.0
279,0,17,31.34,3238972.0,395,4,0,3.641
279,0,18,36.47,3191098.0,402,0,0,3.724
279,0,19,5.84,4409.6,0,412,0,3.195
279,0,20,17.27,3146635.0,406,0,0,3.992
279,0,21,22.59,3534673.2,440,6,0,3.876
279,0,22,29.89,56424.3,0,405,2,3.259
279,0,23,15.03,42091.0,0,402,0,3.265
279,0,24,29.93,0.0,0,0,0,0.0
279,0,25,15.88,0.0,0,0,0,0.0
279,0,26,12.33,0.0,0,0,0,0.0
279,0,27,23.22,0.0,0,0,0,0.0
279,0,28,22.59,0.0,0,0,0,0.0
279,0,29,18.02,0.0,0,0,0,0.0
279,0,30,31.52,0.0,0,0,0,0.0
279,0,31,35.22,0.0,0,0,0,0.0
279,1,0,20.0,69243.6,1,325,0,3.864
279,1,1,22.2,2667584.0,332,0,0,4.0
279,1,2,24.66,227957.0,13,342,0,3.897
279,1,3,21.54,2675092.0,331,0,0,4.0
279,1,4,33.76,3448.1,0,365,1,3.925
279,1,5,23.71,2782099.0,352,0,0,4.0
279,1,6,10.08,2258524.7,270,51,0,3.959
279,1,7,5.47,2813166.0,352,1,0,3.999
279,1,8,9.6,2942554.0,368,0,0,4.0
279,1,9,21.73,66120.3,0,368,0,3.882
279,1,10,5.31,2744429.0,343,0,0,3.999
279,1,11,36.07,2659247.0,334,0,0,3.992
279,1,12,20.46,2275.9,0,328,0,3.959
279,1,13,34.32,2744609.2,336,4,0,3.983
279,1,14,8.58,2879561.0,353,0,0,4.0
279,1,15,13.3,2404503.4,294,32,0,3.973
279,1,16,27.7,2658893.0,325,0,0,4.0
279,1,17,12.23,2912538.0,361,0,0,4.0
279,1,18,16.83,1966767.3,215,119,0,3.938
279,1,19,38.02,398826.5,24,316,0,3.872
279,1,20,37.85,2787150.0,343,0,0,3.999
279,1,21,8.07,2054038.7,237,96,0,3.959
279,1,22,27.42,2542962.0,317,2,0,3.995
279,1,23,29.83,859284.3,81,251,0,3.914
279,1,24,36.07,12193.3,0,385,0,3.892
279,1,25,17.54,223659.4,11,354,0,3.905
279,1,26,27.33,2992612.0,376,0,0,3.999
279,1,27,37.84,0.0,0,0,0,0.0
279,1,28,36.11,0.0,0,0,0,0.0
279,1,29,28.09,0.0,0,0,0,0.0
279,1,30,27.63,0.0,0,0,0,0.0
279,1,31,24.51,0.0,0,0,0,0.0
279,2,0,7.74,554.4,0,231,0,3.882
279,2,1,8.87,1766057.2,219,1,0,3.98
279,2,2,26.78,278300.1,17,220,0,3.863
279,2,3,17.07,1645906.0,203,0,0,3.987
279,2,4,20.49,1732449.0,219,0,0,4.0
279,2,5,18.4,249.8,0,219,0,4.0
279,2,6,16.21,1996985.0,243,0,0,4.0
279,2,7,28.9,1555219.5,190,30,0,3.966
279,2,8,15.49,1366950.7,169,57,0,3.942
279,2,9,34.34,421264.9,40,209,0,3.839
279,2,10,38.11,1787076.0,222,0,0,3.976
279,2,11,16.92,219682.6,12,206,0,3.843
279,2,12,10.26,1826940.0,230,1,0,3.996
279,2,13,21.54,2015021.7,250,5,0,3.973
279,2,14,19.74,1843558.3,232,3,0,3.979
279,2,15,32.07,1880142.3,236,18,0,3.961
279,2,16,36.08,1909727.0,229,0,0,3.997
279,2,17,28.98,1659312.0,215,0,0,4.0
279,2,18,8.04,1859217.0,231,0,0,4.0
279,2,19,33.29,1848468.0,228,6,0,3.988
279,2,20,17.79,26604.4,0,238,1,3.853
279,2,21,16.53,1658562.3,201,9,0,3.977
279,2,22,23.07,1707571.0,213,0,0,3.998
279,2,23,23.06,1667660.0,213,0,0,3.994
279,2,24,30.02,689584.3,65,166,0,3.907
279,2,25,18.79,15188.8,0,212,0,3.805
279,2,26,16.66,1732863.0,200,33,0,3.954
279,2,27,27.9,1594050.0,201,0,0,4.0
279,2,28,14.65,1223180.8,139,99,0,3.925
279,2,29,36.0,1660549.0,210,1,0,4.0
279,2,30,34.95,0.0,0,0,0,0.0
279,2,31,15.56,0.0,0,0,0,0.0
289,0,0,7.31,150162.0,2,416,0,3.172
289,0,1,29.18,0.0,0,404,0,0.0
289,0,2,26.27,3112281.0,398,0,0,3.964
289,0,3,19.12,3216249.0,405,0,0,3.99
289,0,4,15.72,61572.2,0,399,2,3.058
289,0,5,15.24,3398298.0,417,0,0,3.971
289,0,6,31.03,26701.2,0,405,0,3.199
289,0,7,39.17,3511628.0,427,0,0,3.972
289,0,8,35.65,522874.9,33,385,0,3.156
289,0,9,14.73,3226315.2,410,6,0,3.854
289,0,10,34.02,22269.5,0,412,2,3.099
289,0,11,10.86,3321611.6,409,3,0,3.935
289,0,12,13.55,2948982.0,371,0,0,3.975
289,0,13,19.72,470272.2,20,347,0,3.082
289,0,14,30.6,3270308.0,406,0,0,3.985
289,0,15,28.59,3009347.0,378,0,0,3.753
289,0,16,28.24,0.0,0,415,0,0.0
289,0,17,31.34,3241093.1,393,6,0,3.561
289,0,18,36.47,3191098.0,402,0,0,3.658
289,0,19,5.84,3750.6,0,412,0,3.209
289,0,20,17.27,3146635.0,406,0,0,3.986
289,0,21,22.59,3533947.7,440,6,0,3.851
289,0,22,29.89,57564.3,0,405,2,3.131
289,0,23,15.03,40896.8,0,402,0,3.175
289,0,24,29.93,0.0,0,0,0,0.0
289,0,25,15.88,0.0,0,0,0,0.0
289,0,26,12.33,0.0,0,0,0,0.0
289,0,27,23.22,0.0,0,0,0,0.0
289,0,28,22.59,0.0,0,0,0,0.0
289,0,29,18.02,0.0,0,0,0,0.0
289,0,30,31.52,0.0,0,0,0,0.0
289,0,31,35.22,0.0,0,0,0,0.0
289,1,0,20.0,67537.0,1,325,0,3.848
289,1,1,22.2,2667584.0,332,0,0,4.0
289,1,2,24.66,241162.5,16,339,0,3.839
289,1,3,21.54,2675092.0,331,0,0,4.0
289,1,4,33.76,3357.8,0,366,0,3.855
289,1,5,23.71,2782099.0,352,0,0,4.0
289,1,6,10.08,2269543.1,271,50,0,3.951
289,1,7,5.47,2818697.0,353,0,0,4.0
289,1,8,9.6,2942554.0,368,0,0,4.0
289,1,9,21.73,60840.4,0,368,0,3.823
289,1,10,5.31,2744429.0,343,0,0,4.0
289,1,11,36.07,2659247.0,334,0,0,3.986
289,1,12,20.46,2131.3,0,328,0,3.877
289,1,13,34.32,2738775.7,333,5,1,3.973
289,1,14,8.58,2879561.0,353,0,0,3.997
289,1,15,13.3,2410416.7,295,31,0,3.958
289,1,16,27.7,2658893.0,325,0,0,4.0
289,1,17,12.23,2912538.0,361,0,0,3.997
289,1,18,16.83,1999732.6,223,111,0,3.917
289,1,19,38.02,407977.7,26,314,0,3.857
289,1,20,37.85,2787150.0,343,0,0,3.997
289,1,21,8.07,2097548.9,246,87,0,3.941
289,1,22,27.42,2555389.0,319,0,0,3.992
289,1,23,29.83,870950.1,82,250,0,3.893
289,1,24,36.07,11793.1,0,385,0,3.826
289,1,25,17.54,224611.6,13,352,0,3.884
289,1,26,27.33,2992612.0,376,0,0,3.995
289,1,27,37.84,0.0,0,0,0,0.0
289,1,28,36.11,0.0,0,0,0,0.0
289,1,29,28.09,0.0,0,0,0,0.0
289,1,30,27.63,0.0,0,0,0,0.0
289,1,31,24.51,0.0,0,0,0,0.0
289,2,0,7.74,622.8,0,231,0,3.765
289,2,1,8.87,1766273.8,219,1,0,3.963
289,2,2,26.78,282272.0,19,218,0,3.825
289,2,3,17.07,1645906.0,203,0,0,3.978
289,2,4,20.49,1732449.0,219,0,0,3.998
289,2,5,18.4,341.9,0,219,0,3.167
289,2,6,16.21,1996985.0,243,0,0,4.0
289,2,7,28.9,1538106.6,189,31,0,3.955
289,2,8,15.49,1370206.1,165,61,0,3.931
289,2,9,34.34,428419.1,44,205,0,3.825
289,2,10,38.11,1782595.9,221,1,0,3.965
289,2,11,16.92,221725.5,11,207,0,3.78
289,2,12,10.26,1826940.0,230,1,0,3.994
289,2,13,21.54,1993684.1,248,7,0,3.955
289,2,14,19.74,1848971.3,234,1,0,3.964
289,2,15,32.07,1894298.7,238,16,0,3.936
289,2,16,36.08,1909727.0,229,0,0,3.991
289,2,17,28.98,1659312.0,215,0,0,4.0
289,2,18,8.04,1859217.0,231,0,0,4.0
289,2,19,33.29,1850456.0,230,4,0,3.977
289,2,20,17.79,22813.9,0,239,0,3.809
289,2,21,16.53,1674036.1,202,8,0,3.966
289,2,22,23.07,1707571.0,213,0,0,3.998
289,2,23,23.06,1667660.0,213,0,0,3.992
289,2,24,30.02,746773.5,66,165,0,3.864
289,2,25,18.79,14885.9,0,212,0,3.771
289,2,26,16.66,1724195.0,198,35,0,3.943
289,2,27,27.9,1594050.0,201,0,0,4.0
289,2,28,14.65,1185602.2,135,103,0,3.906
289,2,29,36.0,1660549.0,210,1,0,3.997
289,2,30,34.95,0.0,0,0,0,0.0
289,2,31,15.56,0.0,0,0,0,0.0
299,0,0,7.31,138273.3,3,415,0,3.078
299,0,1,29.18,0.0,0,404,0,0.0
299,0,2,26.27,3112281.0,398,0,0,3.956
299,0,3,19.12,3216249.0,405,0,0,3.984
299,0,4,15.72,58272.2,0,400,1,2.959
299,0,5,15.24,3398298.0,417,0,0,3.959
299,0,6,31.03,25107.2,0,405,0,3.024
299,0,7,39.17,3511628.0,427,0,0,3.963
299,0,8,35.65,556302.5,35,383,0,3.067
299,0,9,14.73,3239866.4,413,3,0,3.838
299,0,10,34.02,17931.5,0,412,2,3.049
299,0,11,10.86,3321736.4,408,4,0,3.916
299,0,12,13.55,2948982.0,371,0,0,3.972
299,0,13,19.72,518511.8,20,347,0,2.975
299,0,14,30.6,3270308.0,406,0,0,3.98
299,0,15,28.59,3009347.0,378,0,0,3.717
299,0,16,28.24,0.0,0,415,0,0.0
299,0,17,31.34,3241623.6,393,6,0,3.48
299,0,18,36.47,3191098.0,402,0,0,3.594
299,0,19,5.84,3654.2,0,412,0,3.0
299,0,20,17.27,3146635.0,406,0,0,3.986
299,0,21,22.59,3538903.3,440,6,0,3.818
299,0,22,29.89,55063.8,0,405,2,2.983
299,0,23,15.03,36987.1,0,402,0,2.965
299,0,24,29.93,0.0,0,0,0,0.0
299,0,25,15.88,0.0,0,0,0,0.0
299,0,26,12.33,0.0,0,0,0,0.0
299,0,27,23.22,0.0,0,0,0,0.0
299,0,28,22.59,0.0,0,0,0,0.0
299,0,29,18.02,0.0,0,0,0,0.0
299,0,30,31.52,0.0,0,0,0,0.0
299,0,31,35.22,0.0,0,0,0,0.0
299,1,0,20.0,65600.0,1,325,0,3.78
299,1,1,22.2,2667584.0,332,0,0,3.998
299,1,2,24.66,250090.2,16,339,0,3.778
299,1,3,21.54,2675092.0,331,0,0,4.0
299,1,4,33.76,2621.4,0,366,0,3.758
299,1,5,23.71,2782099.0,352,0,0,3.998
299,1,6,10.08,2268051.4,274,47,0,3.928
299,1,7,5.47,2818697.0,353,0,0,3.997
299,1,8,9.6,2942554.0,368,0,0,4.0
299,1,9,21.73,51083.8,0,368,0,3.786
299,1,10,5.31,2744429.0,343,0,0,4.0
299,1,11,36.07,2659247.0,334,0,0,3.98
299,1,12,20.46,2252.7,0,328,0,3.81
299,1,13,34.32,2750157.3,336,3,1,3.964
299,1,14,8.58,2879561.0,353,0,0,3.997
299,1,15,13.3,2422532.1,298,28,0,3.935
299,1,16,27.7,2658893.0,325,0,0,4.0
299,1,17,12.23,2912538.0,361,0,0,3.99
299,1,18,16.83,2078315.7,233,101,0,3.882
299,1,19,38.02,402230.6,27,313,0,3.798
299,1,20,37.85,2787150.0,343,0,0,3.995
299,1,21,8.07,2127126.6,253,80,0,3.918
299,1,22,27.42,2555389.0,319,0,0,3.989
299,1,23,29.83,839150.8,75,257,0,3.842
299,1,24,36.07,11198.0,0,385,0,3.808
299,1,25,17.54,227907.8,14,351,0,3.854
299,1,26,27.33,2992612.0,376,0,0,3.998
299,1,27,37.84,0.0,0,0,0,0.0
299,1,28,36.11,0.0,0,0,0,0.0
299,1,29,28.09,0.0,0,0,0,0.0
299,1,30,27.63,0.0,0,0,0,0.0
299,1,31,24.51,0.0,0,0,0,0.0
299,2,0,7.74,563.1,0,231,0,3.75
299,2,1,8.87,1761175.0,218,2,0,3.944
299,2,2,26.78,286246.8,19,218,0,3.777
299,2,3,17.07,1645906.0,203,0,0,3.975
299,2,4,20.49,1732449.0,219,0,0,3.995
299,2,5,18.4,243.0,0,219,0,3.667
299,2,6,16.21,1996985.0,243,0,0,4.0
299,2,7,28.9,1596571.1,197,23,0,3.928
299,2,8,15.49,1357416.6,166,60,0,3.895
299,2,9,34.34,432613.7,42,207,0,3.764
299,2,10,38.11,1768954.4,220,2,0,3.947
299,2,11,16.92,217320.1,12,206,0,3.713
299,2,12,10.26,1826940.0,230,1,0,3.994
299,2,13,21.54,2008800.2,250,5,0,3.943
299,2,14,19.74,1842898.8,232,3,0,3.956
299,2,15,32.07,1919560.4,241,13,0,3.897
299,2,16,36.08,1909727.0,229,0,0,3.993
299,2,17,28.98,1659312.0,215,0,0,3.997
299,2,18,8.04,1859217.0,231,0,0,3.998
299,2,19,33.29,1847057.7,227,7,0,3.959
299,2,20,17.79,21026.4,0,239,0,3.734
299,2,21,16.53,1656708.3,201,9,0,3.947
299,2,22,23.07,1707571.0,213,0,0,3.994
299,2,23,23.06,1667660.0,213,0,0,3.994
299,2,24,30.02,747044.2,71,160,0,3.815
299,2,25,18.79,13214.6,0,212,0,3.621
299,2,26,16.66,1752686.8,201,32,0,3.905
299,2,27,27.9,1594050.0,201,0,0,3.998
299,2,28,14.65,1226267.9,137,101,0,3.866
299,2,29,36.0,1656482.6,209,2,0,3.991
299,2,30,34.95,0.0,0,0,0,0.0
299,2,31,15.56,0.0,0,0,0,0.0
309,0,0,7.31,138298.3,4,414,0,2.69
309,0,1,29.18,0.0,0,404,0,0.0
309,0,2,26.27,3112281.0,398,0,0,3.936
309,0,3,19.12,3216249.0,405,0,0,3.977
309,0,4,15.72,54695.2,0,400,1,2.584
309,0,5,15.24,3398298.0,417,0,0,3.923
309,0,6,31.03,21910.2,0,405,0,2.622
309,0,7,39.17,3511628.0,427,0,0,3.945
309,0,8,35.65,597818.4,47,371,0,2.743
309,0,9,14.73,3230715.6,411,5,0,3.762
309,0,10,34.02,15611.6,0,413,1,2.454
309,0,11,10.86,3323971.1,409,3,0,3.873
309,0,12,13.55,2948982.0,371,0,0,3.965
309,0,13,19.72,557919.1,35,332,0,2.642
309,0,14,30.6,3270308.0,406,0,0,3.972
309,0,15,28.59,3009347.0,378,0,0,3.587
309,0,16,28.24,0.0,0,415,0,0.0
309,0,17,31.34,3253736.4,396,3,0,3.257
309,0,18,36.47,3191098.0,402,0,0,3.403
309,0,19,5.84,3466.0,0,412,0,2.659
309,0,20,17.27,3146635.0,406,0,0,3.97
309,0,21,22.59,3536210.6,440,6,0,3.74
309,0,22,29.89,51937.4,0,405,2,2.565
309,0,23,15.03,33366.6,1,401,0,2.578
309,0,24,29.93,0.0,0,0,0,0.0
309,0,25,15.88,0.0,0,0,0,0.0
309,0,26,12.33,0.0,0,0,0,0.0
309,0,27,23.22,0.0,0,0,0,0.0
309,0,28,22.59,0.0,0,0,0,0.0
309,0,29,18.02,0.0,0,0,0,0.0
309,0,30,31.52,0.0,0,0,0,0.0
309,0,31,35.22,0.0,0,0,0,0.0
309,1,0,20.0,66956.3,1,325,0,3.565
309,1,1,22.2,2667584.0,332,0,0,3.991
309,1,2,24.66,249109.8,18,337,0,3.638
309,1,3,21.54,2675092.0,331,0,0,3.999
309,1,4,33.76,3118.8,0,366,0,3.34
309,1,5,23.71,2782099.0,352,0,0,3.997
309,1,6,10.08,2251888.7,277,44,0,3.848
309,1,7,5.47,2818697.0,353,0,0,3.986
309,1,8,9.6,2942554.0,368,0,0,3.997
309,1,9,21.73,49046.4,1,367,0,3.571
309,1,10,5.31,2744429.0,343,0,0,4.0
309,1,11,36.07,2659247.0,334,0,0,3.957
309,1,12,20.46,1645.1,0,328,0,3.667
309,1,13,34.32,2752740.4,337,2,1,3.918
309,1,14,8.58,2879561.0,353,0,0,3.989
309,1,15,13.3,2410532.7,297,28,0,3.874
309,1,16,27.7,2658893.0,325,0,0,3.999
309,1,17,12.23,2912538.0,361,0,0,3.976
309,1,18,16.83,2079274.9,237,97,0,3.78
309,1,19,38.02,404272.4,33,307,0,3.657
309,1,20,37.85,2787150.0,343,0,0,3.981
309,1,21,8.07,2179654.3,260,73,0,3.82
309,1,22,27.42,2555389.0,319,0,0,3.974
309,1,23,29.83,901249.4,83,249,0,3.72
309,1,24,36.07,9408.0,0,385,0,3.594
309,1,25,17.54,236452.7,14,351,0,3.706
309,1,26,27.33,2992612.0,376,0,0,3.991
309,1,27,37.84,0.0,0,0,0,0.0
309,1,28,36.11,0.0,0,0,0,0.0
309,1,29,28.09,0.0,0,0,0,0.0
309,1,30,27.63,0.0,0,0,0,0.0
309,1,31,24.51,0.0,0,0,0,0.0
309,2,0,7.74,483.9,0,231,0,3.692
309,2,1,8.87,1764828.9,219,1,0,3.896
309,2,2,26.78,285425.6,22,215,0,3.646
309,2,3,17.07,1645906.0,203,0,0,3.953
309,2,4,20.49,1732449.0,219,0,0,3.992
309,2,5,18.4,436.3,0,219,0,2.0
309,2,6,16.21,1996985.0,243,0,0,4.0
309,2,7,28.9,1577457.4,197,23,0,3.849
309,2,8,15.49,1434164.1,175,51,0,3.799
309,2,9,34.34,427044.5,39,210,0,3.645
309,2,10,38.11,1787076.0,222,0,0,3.889
309,2,11,16.92,213507.1,12,206,0,3.563
309,2,12,10.26,1826940.0,230,1,0,3.996
309,2,13,21.54,2005649.1,250,5,0,3.86
309,2,14,19.74,1847400.5,232,3,0,3.925
309,2,15,32.07,1913672.6,239,15,0,3.819
309,2,16,36.08,1909727.0,229,0,0,3.979
309,2,17,28.98,1659312.0,215,0,0,3.994
309,2,18,8.04,1859217.0,231,0,0,3.995
309,2,19,33.29,1845365.1,227,7,0,3.884
309,2,20,17.79,19866.7,0,239,0,3.48
309,2,21,16.53,1667114.1,201,9,0,3.865
309,2,22,23.07,1707571.0,213,0,0,3.99
309,2,23,23.06,1667660.0,213,0,0,3.987
309,2,24,30.02,802123.8,76,155,0,3.688
309,2,25,18.79,11807.2,0,212,0,3.265
309,2,26,16.66,1783773.2,206,27,0,3.808
309,2,27,27.9,1594050.0,201,0,0,3.986
309,2,28,14.65,1250312.3,140,98,0,3.755
309,2,29,36.0,1657139.1,209,2,0,3.99
309,2,30,34.95,0.0,0,0,0,0.0
309,2,31,15.56,0.0,0,0,0,0.0
319,0,0,7.31,115366.6,4,414,0,1.537
319,0,1,29.18,0.0,0,404,0,0.0
319,0,2,26.27,3112281.0,398,0,0,3.82
319,0,3,19.12,3216249.0,405,0,0,3.91
319,0,4,15.72,52567.7,1,400,0,1.564
319,0,5,15.24,3398298.0,417,0,0,3.821
319,0,6,31.03,19126.6,0,405,0,1.485
319,0,7,39.17,3511628.0,427,0,0,3.816
319,0,8,35.65,692522.6,64,354,0,2.027
319,0,9,14.73,3232097.6,412,4,0,3.517
319,0,10,34.02,16442.2,1,413,0,1.495
319,0,11,10.86,3330694.6,410,2,0,3.695
319,0,12,13.55,2948982.0,371,0,0,3.897
319,0,13,19.72,533893.0,47,320,0,1.887
319,0,14,30.6,3270308.0,406,0,0,3.898
319,0,15,28.59,3009347.0,378,0,0,3.291
319,0,16,28.24,0.0,0,415,0,0.0
319,0,17,31.34,3258274.2,398,1,0,2.686
319,0,18,36.47,3191098.0,402,0,0,2.931
319,0,19,5.84,3036.4,0,412,0,1.45
319,0,20,17.27,3146635.0,406,0,0,3.899
319,0,21,22.59,3533299.1,438,8,0,3.477
319,0,22,29.89,38817.7,0,407,0,1.418
319,0,23,15.03,27867.3,0,402,0,1.466
319,0,24,29.93,0.0,0,0,0,0.0
319,0,25,15.88,0.0,0,0,0,0.0
319,0,26,12.33,0.0,0,0,0,0.0
319,0,27,23.22,0.0,0,0,0,0.0
319,0,28,22.59,0.0,0,0,0,0.0
319,0,29,18.02,0.0,0,0,0,0.0
319,0,30,31.52,0.0,0,0,0,0.0
319,0,31,35.22,0.0,0,0,0,0.0
319,1,0,20.0,80742.2,2,324,0,2.774
319,1,1,22.2,2662558.0,331,0,0,3.891
319,1,2,24.66,217156.4,19,336,0,2.968
319,1,3,21.54,2675092.0,331,0,0,3.967
319,1,4,33.76,1639.2,0,366,0,2.526
319,1,5,23.71,2782099.0,352,0,0,3.912
319,1,6,10.08,2301987.8,286,35,0,3.402
319,1,7,5.47,2818697.0,353,0,0,3.863
319,1,8,9.6,2942554.0,368,0,0,3.933
319,1,9,21.73,41246.2,2,366,0,2.639
319,1,10,5.31,2744429.0,343,0,0,3.987
319,1,11,36.07,2659247.0,334,0,0,3.763
319,1,12,20.46,1465.9,0,328,0,2.714
319,1,13,34.32,2747808.7,334,4,1,3.624
319,1,14,8.58,2879561.0,353,0,0,3.904
319,1,15,13.3,2416529.2,300,26,0,3.46
319,1,16,27.7,2658893.0,325,0,0,3.962
319,1,17,12.23,2912538.0,361,0,0,3.854
319,1,18,16.83,2179725.7,255,80,0,3.282
319,1,19,38.02,412004.0,31,309,0,2.977
319,1,20,37.85,2787150.0,343,0,0,3.895
319,1,21,8.07,2269437.1,274,59,0,3.386
319,1,22,27.42,2555389.0,319,0,0,3.826
319,1,23,29.83,868985.9,93,238,0,3.126
319,1,24,36.07,12364.3,0,384,1,2.237
319,1,25,17.54,238352.0,22,343,0,3.086
319,1,26,27.33,2992612.0,376,0,0,3.942
319,1,27,37.84,0.0,0,0,0,0.0
319,1,28,36.11,0.0,0,0,0,0.0
319,1,29,28.09,0.0,0,0,0,0.0
319,1,30,27.63,0.0,0,0,0,0.0
319,1,31,24.51,0.0,0,0,0,0.0
319,2,0,7.74,478.7,0,231,0,2.2
319,2,1,8.87,1764723.4,219,1,0,3.455
319,2,2,26.78,276417.2,22,215,0,2.76
319,2,3,17.07,1645906.0,203,0,0,3.672
319,2,4,20.49,1732449.0,219,0,0,3.866
319,2,5,18.4,208.0,0,219,0,1.0
319,2,6,16.21,1996985.0,243,0,0,3.943
319,2,7,28.9,1412044.4,181,40,0,3.263
319,2,8,15.49,1467444.7,185,41,0,3.23
319,2,9,34.34,470480.5,49,200,0,2.942
319,2,10,38.11,1765065.0,220,2,0,3.444
319,2,11,16.92,166261.9,17,201,0,2.536
319,2,12,10.26,1826940.0,230,1,0,3.901
319,2,13,21.54,2002206.8,249,6,0,3.438
319,2,14,19.74,1846353.8,232,3,0,3.466
319,2,15,32.07,1890295.6,243,10,0,3.287
319,2,16,36.08,1909727.0,229,0,0,3.837
319,2,17,28.98,1659312.0,215,0,0,3.856
319,2,18,8.04,1859217.0,231,0,0,3.883
319,2,19,33.29,1837418.5,225,8,0,3.426
319,2,20,17.79,18334.4,0,239,0,2.347
319,2,21,16.53,1660492.6,200,10,0,3.321
319,2,22,23.07,1707571.0,213,0,0,3.911
319,2,23,23.06,1667660.0,213,0,0,3.747
319,2,24,30.02,871602.7,98,133,0,2.987
319,2,25,18.79,7014.2,0,212,0,1.902
319,2,26,16.66,1752556.1,202,31,0,3.206
319,2,27,27.9,1594050.0,201,0,0,3.837
319,2,28,14.65,1229113.7,146,92,0,3.124
319,2,29,36.0,1660549.0,210,1,0,3.843
319,2,30,34.95,0.0,0,0,0,0.0
319,2,31,15.56,0.0,0,0,0,0.0
329,0,0,7.31,114239.1,3,415,0,1.513
329,0,1,29.18,0.0,0,404,0,0.0
329,0,2,26.27,3112281.0,398,0,0,3.836
329,0,3,19.12,3216249.0,405,0,0,3.919
329,0,4,15.72,48577.5,0,400,1,1.504
329,0,5,15.24,3398298.0,417,0,0,3.829
329,0,6,31.03,19440.9,0,405,0,1.379
329,0,7,39.17,3511628.0,427,0,0,3.808
329,0,8,35.65,693640.1,64,354,0,1.982
329,0,9,14.73,3234699.0,413,3,0,3.539
329,0,10,34.02,15285.9,1,413,0,1.536
329,0,11,10.86,3330933.0,410,2,0,3.69
329,0,12,13.55,2948982.0,371,0,0,3.893
329,0,13,19.72,514077.5,45,322,0,1.862
329,0,14,30.6,3270308.0,406,0,0,3.911
329,0,15,28.59,3009347.0,378,0,0,3.324
329,0,16,28.24,0.0,0,415,0,0.0
329,0,17,31.34,3255660.0,397,2,0,2.699
329,0,18,36.47,3191098.0,402,0,0,2.962
329,0,19,5.84,2647.1,0,412,0,1.75
329,0,20,17.27,3146635.0,406,0,0,3.893
329,0,21,22.59,3538801.5,440,6,0,3.498
329,0,22,29.89,44591.5,0,407,0,1.38
329,0,23,15.03,27921.3,1,401,0,1.457
329,0,24,29.93,0.0,0,0,0,0.0
329,0,25,15.88,0.0,0,0,0,0.0
329,0,26,12.33,0.0,0,0,0,0.0
329,0,27,23.22,0.0,0,0,0,0.0
329,0,28,22.59,0.0,0,0,0,0.0
329,0,29,18.02,0.0,0,0,0,0.0
329,0,30,31.52,0.0,0,0,0,0.0
329,0,31,35.22,0.0,0,0,0,0.0
329,1,0,20.0,74177.5,3,323,0,2.716
329,1,1,22.2,2667584.0,332,0,0,3.898
329,1,2,24.66,204336.3,23,332,0,2.854
329,1,3,21.54,2675092.0,331,0,0,3.963
329,1,4,33.76,2042.3,0,366,0,2.217
329,1,5,23.71,2782099.0,352,0,0,3.891
329,1,6,10.08,2326314.8,286,35,0,3.391
329,1,7,5.47,2818697.0,353,0,0,3.87
329,1,8,9.6,2942554.0,368,0,0,3.948
329,1,9,21.73,45549.4,3,365,0,2.719
329,1,10,5.31,2744429.0,343,0,0,3.979
329,1,11,36.07,2659247.0,334,0,0,3.78
329,1,12,20.46,1391.0,0,328,0,2.556
329,1,13,34.32,2750368.4,336,3,1,3.608
329,1,14,8.58,2879561.0,353,0,0,3.901
329,1,15,13.3,2421418.9,303,22,0,3.43
329,1,16,27.7,2658893.0,325,0,0,3.966
329,1,17,12.23,2912538.0,361,0,0,3.856
329,1,18,16.83,2177160.5,255,79,0,3.239
329,1,19,38.02,379344.3,34,306,0,2.889
329,1,20,37.85,2787150.0,343,0,0,3.895
329,1,21,8.07,2299837.6,277,56,0,3.348
329,1,22,27.42,2555389.0,319,0,0,3.812
329,1,23,29.83,892165.5,95,237,0,3.103
329,1,24,36.07,11122.8,0,384,1,2.257
329,1,25,17.54,246136.1,18,347,0,3.05
329,1,26,27.33,2992612.0,376,0,0,3.936
329,1,27,37.84,0.0,0,0,0,0.0
329,1,28,36.11,0.0,0,0,0,0.0
329,1,29,28.09,0.0,0,0,0,0.0
329,1,30,27.63,0.0,0,0,0,0.0
329,1,31,24.51,0.0,0,0,0,0.0
329,2,0,7.74,729.3,0,231,0,1.833
329,2,1,8.87,1762545.8,216,4,0,3.462
329,2,2,26.78,253769.4,22,215,0,2.799
329,2,3,17.07,1645906.0,203,0,0,3.714
329,2,4,20.49,1732449.0,219,0,0,3.867
329,2,5,18.4,208.0,0,219,0,1.0
329,2,6,16.21,1996985.0,243,0,0,3.941
329,2,7,28.9,1438687.1,184,37,0,3.291
329,2,8,15.49,1438663.6,183,43,0,3.257
329,2,9,34.34,419046.8,47,202,0,2.971
329,2,10,38.11,1787076.0,222,0,0,3.469
329,2,11,16.92,205140.1,17,201,0,2.652
329,2,12,10.26,1826940.0,230,1,0,3.9
329,2,13,21.54,2015258.4,252,3,0,3.465
329,2,14,19.74,1836422.2,232,3,0,3.514
329,2,15,32.07,1896101.4,242,11,0,3.291
329,2,16,36.08,1909727.0,229,0,0,3.865
329,2,17,28.98,1659312.0,215,0,0,3.892
329,2,18,8.04,1859217.0,231,0,0,3.891
329,2,19,33.29,1832895.5,225,8,0,3.432
329,2,20,17.79,14149.0,0,239,0,2.427
329,2,21,16.53,1658700.4,203,7,0,3.289
329,2,22,23.07,1707571.0,213,0,0,3.903
329,2,23,23.06,1667660.0,213,0,0,3.758
329,2,24,30.02,897377.1,100,131,0,3.013
329,2,25,18.79,8552.3,0,212,0,1.846
329,2,26,16.66,1794167.0,208,25,0,3.255
329,2,27,27.9,1594050.0,201,0,0,3.842
329,2,28,14.65,1253890.9,156,82,0,3.155
329,2,29,36.0,1660549.0,210,1,0,3.861
329,2,30,34.95,0.0,0,0,0,0.0
329,2,31,15.56,0.0,0,0,0,0.0
339,0,0,7.31,115473.2,3,415,0,1.463
339,0,1,29.18,0.0,0,404,0,0.0
339,0,2,26.27,3112281.0,398,0,0,3.822
339,0,3,19.12,3216249.0,405,0,0,3.91
339,0,4,15.72,56591.0,1,400,0,1.47
339,0,5,15.24,3398298.0,417,0,0,3.805
339,0,6,31.03,21719.0,0,405,0,1.319
339,0,7,39.17,3511628.0,427,0,0,3.802
339,0,8,35.65,667717.3,58,360,0,1.908
339,0,9,14.73,3237357.2,413,3,0,3.498
339,0,10,34.02,12356.4,0,414,0,1.329
339,0,11,10.86,3330482.4,410,2,0,3.691
339,0,12,13.55,2948982.0,371,0,0,3.871
339,0,13,19.72,537398.9,49,318,0,1.772
339,0,14,30.6,3270308.0,406,0,0,3.899
339,0,15,28.59,3009347.0,378,0,0,3.3
339,0,16,28.24,0.0,0,415,0,0.0
339,0,17,31.34,3247025.4,394,5,0,2.628
339,0,18,36.47,3191098.0,402,0,0,2.9
339,0,19,5.84,2308.0,0,412,0,1.706
339,0,20,17.27,3141462.2,405,0,0,3.9
339,0,21,22.59,3537736.9,440,6,0,3.464
339,0,22,29.89,38065.7,0,407,0,1.25
339,0,23,15.03,27234.2,1,401,0,1.303
339,0,24,29.93,0.0,0,0,0,0.0
339,0,25,15.88,0.0,0,0,0,0.0
339,0,26,12.33,0.0,0,0,0,0.0
339,0,27,23.22,0.0,0,0,0,0.0
339,0,28,22.59,0.0,0,0,0,0.0
339,0,29,18.02,0.0,0,0,0,0.0
339,0,30,31.52,0.0,0,0,0,0.0
339,0,31,35.22,0.0,0,0,0,0.0
339,1,0,20.0,70509.8,3,323,0,2.645
339,1,1,22.2,2667584.0,332,0,0,3.855
339,1,2,24.66,226011.2,21,334,0,2.734
339,1,3,21.54,2675092.0,331,0,0,3.936
339,1,4,33.76,1250.3,0,366,0,2.133
339,1,5,23.71,2782099.0,352,0,0,3.884
339,1,6,10.08,2311991.6,287,34,0,3.264
339,1,7,5.47,2818697.0,353,0,0,3.811
339,1,8,9.6,2942554.0,368,0,0,3.927
339,1,9,21.73,41258.4,2,366,0,2.496
339,1,10,5.31,2744429.0,343,0,0,3.972
339,1,11,36.07,2659247.0,334,0,0,3.741
339,1,12,20.46,936.6,0,328,0,2.5
339,1,13,34.32,2753239.6,336,3,1,3.514
339,1,14,8.58,2879561.0,353,0,0,3.884
339,1,15,13.3,2418322.3,302,23,0,3.333
339,1,16,27.7,2658893.0,325,0,0,3.948
339,1,17,12.23,2912538.0,361,0,0,3.823
339,1,18,16.83,2204219.5,259,75,0,3.156
339,1,19,38.02,393650.5,34,306,0,2.806
339,1,20,37.85,2787150.0,343,0,0,3.878
339,1,21,8.07,2294570.5,276,57,0,3.249
339,1,22,27.42,2555389.0,319,0,0,3.763
339,1,23,29.83,865857.9,92,239,0,2.99
339,1,24,36.07,14816.5,0,384,1,2.122
339,1,25,17.54,255960.9,27,338,0,3.016
339,1,26,27.33,2992612.0,376,0,0,3.919
339,1,27,37.84,0.0,0,0,0,0.0
339,1,28,36.11,0.0,0,0,0,0.0
339,1,29,28.09,0.0,0,0,0,0.0
339,1,30,27.63,0.0,0,0,0,0.0
339,1,31,24.51,0.0,0,0,0,0.0
339,2,0,7.74,296.1,0,231,0,1.5
339,2,1,8.87,1762449.6,217,3,0,3.309
339,2,2,26.78,271028.8,27,210,0,2.469
339,2,3,17.07,1645906.0,203,0,0,3.674
339,2,4,20.49,1732449.0,219,0,0,3.833
339,2,5,18.4,208.0,0,219,0,1.0
339,2,6,16.21,1996985.0,243,0,0,3.915
339,2,7,28.9,1544767.8,193,28,0,3.149
339,2,8,15.49,1391511.3,178,48,0,3.109
339,2,9,34.34,463429.3,47,202,0,2.822
339,2,10,38.11,1775237.0,220,2,0,3.342
339,2,11,16.92,175647.5,15,203,0,2.429
339,2,12,10.26,1826940.0,230,1,0,3.876
339,2,13,21.54,2016905.7,252,3,0,3.356
339,2,14,19.74,1837663.0,233,2,0,3.367
339,2,15,32.07,1894128.1,240,13,0,3.136
339,2,16,36.08,1909727.0,229,0,0,3.805
339,2,17,28.98,1659312.0,215,0,0,3.827
339,2,18,8.04,1859217.0,231,0,0,3.844
339,2,19,33.29,1859892.5,229,5,0,3.309
339,2,20,17.79,17280.2,0,239,0,2.039
339,2,21,16.53,1636585.6,199,11,0,3.105
339,2,22,23.07,1707571.0,213,0,0,3.867
339,2,23,23.06,1667660.0,213,0,0,3.711
339,2,24,30.02,825763.8,91,140,0,2.849
339,2,25,18.79,7984.5,0,212,0,1.595
339,2,26,16.66,1773163.4,209,24,0,3.094
339,2,27,27.9,1594050.0,201,0,0,3.77
339,2,28,14.65,1247200.1,154,84,0,2.993
339,2,29,36.0,1654637.0,209,2,0,3.804
339,2,30,34.95,0.0,0,0,0,0.0
339,2,31,15.56,0.0,0,0,0,0.0
349,0,0,7.31,105079.5,4,414,0,1.381
349,0,1,29.18,0.0,0,404,0,0.0
349,0,2,26.27,3112281.0,398,0,0,3.795
349,0,3,19.12,3216249.0,405,0,0,3.887
349,0,4,15.72,54368.4,1,400,0,1.357
349,0,5,15.24,3398298.0,417,0,0,3.767
349,0,6,31.03,18333.0,0,405,0,1.259
349,0,7,39.17,3511628.0,427,0,0,3.772
349,0,8,35.65,714098.8,63,355,0,1.789
349,0,9,14.73,3237357.2,413,3,0,3.463
349,0,10,34.02,17701.6,1,413,0,1.247
349,0,11,10.86,3326398.5,409,3,0,3.693
349,0,12,13.55,2948982.0,371,0,0,3.842
349,0,13,19.72,501474.2,43,324,0,1.707
349,0,14,30.6,3270308.0,406,0,0,3.88
349,0,15,28.59,3009347.0,378,0,0,3.244
349,0,16,28.24,0.0,0,415,0,0.0
349,0,17,31.34,3258187.2,397,2,0,2.544
349,0,18,36.47,3191098.0,402,0,0,2.839
349,0,19,5.84,2162.5,0,412,0,1.625
349,0,20,17.27,3141462.2,405,0,0,3.881
349,0,21,22.59,3547681.2,441,5,0,3.419
349,0,22,29.89,39525.2,0,407,0,1.225
349,0,23,15.03,27362.0,0,402,0,1.329
349,0,24,29.93,0.0,0,0,0,0.0
349,0,25,15.88,0.0,0,0,0,0.0
349,0,26,12.33,0.0,0,0,0,0.0
349,0,27,23.22,0.0,0,0,0,0.0
349,0,28,22.59,0.0,0,0,0,0.0
349,0,29,18.02,0.0,0,0,0,0.0
349,0,30,31.52,0.0,0,0,0,0.0
349,0,31,35.22,0.0,0,0,0,0.0
349,1,0,20.0,73124.4,1,325,0,2.537
349,1,1,22.2,2667584.0,332,0,0,3.831
349,1,2,24.66,212114.4,17,338,0,2.633
349,1,3,21.54,2675092.0,331,0,0,3.914
349,1,4,33.76,1275.3,0,366,0,2.25
349,1,5,23.71,2782099.0,352,0,0,3.834
349,1,6,10.08,2343634.7,290,31,0,3.226
349,1,7,5.47,2817594.8,352,1,0,3.852
349,1,8,9.6,2942554.0,368,0,0,3.903
349,1,9,21.73,55674.4,3,365,0,2.433
349,1,10,5.31,2744429.0,343,0,0,3.961
349,1,11,36.07,2659247.0,334,0,0,3.694
349,1,12,20.46,1296.7,0,328,0,2.375
349,1,13,34.32,2751477.9,337,3,0,3.474
349,1,14,8.58,2879561.0,353,0,0,3.848
349,1,15,13.3,2404063.7,302,23,0,3.272
349,1,16,27.7,2658893.0,325,0,0,3.947
349,1,17,12.23,2912538.0,361,0,0,3.776
349,1,18,16.83,2204298.6,260,74,0,3.111
349,1,19,38.02,386630.8,33,307,0,2.755
349,1,20,37.85,2787150.0,343,0,0,3.848
349,1,21,8.07,2253753.4,275,58,0,3.231
349,1,22,27.42,2555389.0,319,0,0,3.749
349,1,23,29.83,843012.4,94,237,0,2.918
349,1,24,36.07,12126.7,0,385,0,2.167
349,1,25,17.54,245106.9,26,339,0,2.931
349,1,26,27.33,2992612.0,376,0,0,3.89
349,1,27,37.84,0.0,0,0,0,0.0
349,1,28,36.11,0.0,0,0,0,0.0
349,1,29,28.09,0.0,0,0,0,0.0
349,1,30,27.63,0.0,0,0,0,0.0
349,1,31,24.51,0.0,0,0,0,0.0
349,2,0,7.74,49.9,0,231,0,3.0
349,2,1,8.87,1760785.2,218,2,0,3.225
349,2,2,26.78,265211.6,27,210,0,2.459
349,2,3,17.07,1645906.0,203,0,0,3.619
349,2,4,20.49,1732449.0,219,0,0,3.745
349,2,5,18.4,208.0,0,219,0,1.0
349,2,6,16.21,1996985.0,243,0,0,3.903
349,2,7,28.9,1486984.8,186,34,0,3.042
349,2,8,15.49,1384922.4,177,49,0,3.032
349,2,9,34.34,423672.8,47,202,0,2.699
349,2,10,38.11,1776194.7,220,2,0,3.228
349,2,11,16.92,193590.6,20,198,0,2.291
349,2,12,10.26,1826940.0,230,1,0,3.843
349,2,13,21.54,2002660.3,251,4,0,3.265
349,2,14,19.74,1843248.2,233,2,0,3.306
349,2,15,32.07,1889393.6,238,15,0,3.06
349,2,16,36.08,1909727.0,229,0,0,3.779
349,2,17,28.98,1659312.0,215,0,0,3.806
349,2,18,8.04,1859217.0,231,0,0,3.834
349,2,19,33.29,1821701.9,226,8,0,3.191
349,2,20,17.79,14660.9,0,239,0,2.045
349,2,21,16.53,1641121.9,198,12,0,3.01
349,2,22,23.07,1707571.0,213,0,0,3.838
349,2,23,23.06,1667660.0,213,0,0,3.649
349,2,24,30.02,754816.4,86,145,0,2.81
349,2,25,18.79,8550.9,0,212,0,1.5
349,2,26,16.66,1809680.6,216,17,0,3.002
349,2,27,27.9,1594050.0,201,0,0,3.724
349,2,28,14.65,1239995.9,150,87,1,2.947
349,2,29,36.0,1660549.0,210,1,0,3.718
349,2,30,34.95,0.0,0,0,0,0.0
349,2,31,15.56,0.0,0,0,0,0.0
359,0,0,7.31,111414.6,2,416,0,1.298
359,0,1,29.18,0.0,0,404,0,0.0
359,0,2,26.27,3112281.0,398,0,0,3.738
359,0,3,19.12,3216249.0,405,0,0,3.873
359,0,4,15.72,53688.8,1,400,0,1.308
359,0,5,15.24,3398298.0,417,0,0,3.711
359,0,6,31.03,16069.0,0,404,1,1.181
359,0,7,39.17,3511628.0,427,0,0,3.731
359,0,8,35.65,704992.7,63,355,0,1.754
359,0,9,14.73,3243338.2,413,3,0,3.408
359,0,10,34.02,16542.3,1,413,0,1.195
359,0,11,10.86,3332764.2,411,1,0,3.661
359,0,12,13.55,2948982.0,371,0,0,3.77
359,0,13,19.72,522440.0,44,323,0,1.623
359,0,14,30.6,3270308.0,406,0,0,3.873
359,0,15,28.59,3009347.0,378,0,0,3.249
359,0,16,28.24,0.0,0,415,0,0.0
359,0,17,31.34,3239647.7,395,4,0,2.521
359,0,18,36.47,3191098.0,402,0,0,2.826
359,0,19,5.84,2804.0,0,412,0,1.294
359,0,20,17.27,3141462.2,405,0,0,3.857
359,0,21,22.59,3547629.0,441,5,0,3.405
359,0,22,29.89,39467.4,0,407,0,1.222
359,0,23,15.03,26377.8,1,401,0,1.299
359,0,24,29.93,0.0,0,0,0,0.0
359,0,25,15.88,0.0,0,0,0,0.0
359,0,26,12.33,0.0,0,0,0,0.0
359,0,27,23.22,0.0,0,0,0,0.0
359,0,28,22.59,0.0,0,0,0,0.0
359,0,29,18.02,0.0,0,0,0,0.0
359,0,30,31.52,0.0,0,0,0,0.0
359,0,31,35.22,0.0,0,0,0,0.0
359,1,0,20.0,77751.9,3,323,0,2.479
359,1,1,22.2,2667584.0,332,0,0,3.796
359,1,2,24.66,216738.9,18,337,0,2.756
359,1,3,21.54,2675092.0,331,0,0,3.86
359,1,4,33.76,1624.1,0,366,0,2.357
359,1,5,23.71,2782099.0,352,0,0,3.776
359,1,6,10.08,2320226.6,289,32,0,3.172
359,1,7,5.47,2818697.0,353,0,0,3.806
359,1,8,9.6,2942554.0,368,0,0,3.856
359,1,9,21.73,44978.0,2,366,0,2.348
359,1,10,5.31,2744429.0,343,0,0,3.934
359,1,11,36.07,2659247.0,334,0,0,3.652
359,1,12,20.46,1136.3,0,328,0,2.182
359,1,13,34.32,2752060.8,336,2,1,3.393
359,1,14,8.58,2879561.0,353,0,0,3.818
359,1,15,13.3,2405286.7,298,27,0,3.194
359,1,16,27.7,2658893.0,325,0,0,3.913
359,1,17,12.23,2912538.0,361,0,0,3.766
359,1,18,16.83,2179720.5,254,80,0,3.021
359,1,19,38.02,378077.2,37,303,0,2.591
359,1,20,37.85,2787150.0,343,0,0,3.818
359,1,21,8.07,2256597.5,271,62,0,3.13
359,1,22,27.42,2555389.0,319,0,0,3.689
359,1,23,29.83,840340.3,92,239,0,2.802
359,1,24,36.07,8702.2,0,385,0,2.111
359,1,25,17.54,233908.0,28,337,0,2.881
359,1,26,27.33,2992612.0,376,0,0,3.854
359,1,27,37.84,0.0,0,0,0,0.0
359,1,28,36.11,0.0,0,0,0,0.0
359,1,29,28.09,0.0,0,0,0,0.0
359,1,30,27.63,0.0,0,0,0,0.0
359,1,31,24.51,0.0,0,0,0,0.0
359,2,0,7.74,208.0,0,231,0,1.0
359,2,1,8.87,1750907.3,217,3,0,3.14
359,2,2,26.78,265692.5,26,211,0,2.33
359,2,3,17.07,1645906.0,203,0,0,3.568
359,2,4,20.49,1732449.0,219,0,0,3.687
359,2,5,18.4,208.0,0,219,0,1.0
359,2,6,16.21,1996985.0,243,0,0,3.849
359,2,7,28.9,1484079.5,186,34,0,3.009
359,2,8,15.49,1429162.0,179,47,0,2.968
359,2,9,34.34,425966.0,47,202,0,2.533
359,2,10,38.11,1734677.1,217,5,0,3.194
359,2,11,16.92,168469.4,12,206,0,2.228
359,2,12,10.26,1826940.0,230,1,0,3.79
359,2,13,21.54,2006099.0,252,3,0,3.221
359,2,14,19.74,1848675.2,233,2,0,3.231
359,2,15,32.07,1878823.1,239,14,0,2.991
359,2,16,36.08,1909727.0,229,0,0,3.747
359,2,17,28.98,1659312.0,215,0,0,3.74
359,2,18,8.04,1859217.0,231,0,0,3.734
359,2,19,33.29,1806107.4,222,12,0,3.117
359,2,20,17.79,12144.6,0,239,0,1.981
359,2,21,16.53,1628870.5,197,13,0,2.941
359,2,22,23.07,1707571.0,213,0,0,3.789
359,2,23,23.06,1667660.0,213,0,0,3.575
359,2,24,30.02,824930.5,92,139,0,2.773
359,2,25,18.79,5004.4,0,212,0,1.533
359,2,26,16.66,1795815.1,210,23,0,2.956
359,2,27,27.9,1594050.0,201,0,0,3.61
359,2,28,14.65,1285883.0,163,75,0,2.871
359,2,29,36.0,1671793.0,211,0,0,3.699
359,2,30,34.95,0.0,0,0,0,0.0
359,2,31,15.56,0.0,0,0,0,0.0
369,0,0,7.31,90538.7,2,416,0,1.132
369,0,1,29.18,0.0,0,404,0,0.0
369,0,2,26.27,3112281.0,398,0,0,3.317
369,0,3,19.12,3204678.0,404,0,0,3.662
369,0,4,15.72,44631.5,0,401,0,1.126
369,0,5,15.24,3398298.0,417,0,0,3.37
369,0,6,31.03,15161.5,0,405,0,1.05
369,0,7,39.17,3511628.0,427,0,0,3.329
369,0,8,35.65,566965.3,50,368,0,1.593
369,0,9,14.73,3248018.3,413,3,0,3.103
369,0,10,34.02,11230.0,0,414,0,1.052
369,0,11,10.86,3330513.0,411,1,0,3.391
369,0,12,13.55,2948336.2,370,1,0,3.444
369,0,13,19.72,459317.2,43,324,0,1.486
369,0,14,30.6,3271646.0,406,0,0,3.634
369,0,15,28.59,3009347.0,378,0,0,2.928
369,0,16,28.24,0.0,0,415,0,0.0
369,0,17,31.34,3223440.7,393,6,0,2.25
369,0,18,36.47,3191098.0,402,0,0,2.479
369,0,19,5.84,1543.8,0,412,0,1.125
369,0,20,17.27,3141416.7,405,0,0,3.589
369,0,21,22.59,3547291.2,441,4,0,3.068
369,0,22,29.89,31954.6,0,407,0,1.048
369,0,23,15.03,21765.4,0,402,0,1.081
369,0,24,29.93,0.0,0,0,0,0.0
369,0,25,15.88,0.0,0,0,0,0.0
369,0,26,12.33,0.0,0,0,0,0.0
369,0,27,23.22,0.0,0,0,0,0.0
369,0,28,22.59,0.0,0,0,0,0.0
369,0,29,18.02,0.0,0,0,0,0.0
369,0,30,31.52,0.0,0,0,0,0.0
369,0,31,35.22,0.0,0,0,0,0.0
369,1,0,20.0,60673.1,1,325,0,2.116
369,1,1,22.2,2667584.0,332,0,0,3.488
369,1,2,24.66,153269.8,14,341,0,2.411
369,1,3,21.54,2675092.0,331,0,0,3.59
369,1,4,33.76,1324.7,0,366,0,2.0
369,1,5,23.71,2782099.0,352,0,0,3.543
369,1,6,10.08,2211965.8,276,45,0,2.824
369,1,7,5.47,2817594.8,352,1,0,3.545
369,1,8,9.6,2933758.0,367,0,0,3.654
369,1,9,21.73,40282.0,3,365,0,1.765
369,1,10,5.31,2744429.0,343,0,0,3.763
369,1,11,36.07,2659247.0,334,0,0,3.358
369,1,12,20.46,1423.5,0,328,0,1.333
369,1,13,34.32,2738322.3,334,4,1,3.045
369,1,14,8.58,2879561.0,353,0,0,3.586
369,1,15,13.3,2393183.2,299,26,0,2.877
369,1,16,27.7,2658893.0,325,0,0,3.762
369,1,17,12.23,2912538.0,361,0,0,3.457
369,1,18,16.83,2129249.3,250,85,0,2.698
369,1,19,38.02,286559.9,29,311,0,2.316
369,1,20,37.85,2787150.0,343,0,0,3.583
369,1,21,8.07,2201649.2,267,66,0,2.876
369,1,22,27.42,2552503.1,318,0,0,3.35
369,1,23,29.83,690933.7,85,246,0,2.564
369,1,24,36.07,8835.6,0,385,0,1.545
369,1,25,17.54,200934.2,23,342,0,2.612
369,1,26,27.33,2992612.0,376,0,0,3.629
369,1,27,37.84,0.0,0,0,0,0.0
369,1,28,36.11,0.0,0,0,0,0.0
369,1,29,28.09,0.0,0,0,0,0.0
369,1,30,27.63,0.0,0,0,0,0.0
369,1,31,24.51,0.0,0,0,0,0.0
369,2,0,7.74,297.1,0,231,0,1.5
369,2,1,8.87,1684453.0,208,12,0,2.642
369,2,2,26.78,188425.9,19,218,0,1.989
369,2,3,17.07,1645906.0,203,0,0,3.112
369,2,4,20.49,1732449.0,219,0,0,3.179
369,2,5,18.4,416.0,0,219,0,1.0
369,2,6,16.21,1996985.0,243,0,0,3.584
369,2,7,28.9,1367646.9,175,45,0,2.651
369,2,8,15.49,1280832.6,166,60,0,2.521
369,2,9,34.34,357477.6,38,211,0,2.069
369,2,10,38.11,1726939.0,215,7,0,2.598
369,2,11,16.92,115177.8,11,207,0,1.741
369,2,12,10.26,1826940.0,230,1,0,3.496
369,2,13,21.54,1943656.9,245,10,0,2.723
369,2,14,19.74,1848978.0,234,1,0,2.713
369,2,15,32.07,1833434.9,233,20,0,2.504
369,2,16,36.08,1909727.0,229,0,0,3.395
369,2,17,28.98,1659312.0,215,0,0,3.312
369,2,18,8.04,1859217.0,231,0,0,3.239
369,2,19,33.29,1798022.8,222,12,0,2.571
369,2,20,17.79,6685.7,0,239,0,1.519
369,2,21,16.53,1542662.9,188,22,0,2.487
369,2,22,23.07,1707571.0,213,0,0,3.47
369,2,23,23.06,1667660.0,213,0,0,3.039
369,2,24,30.02,701720.0,81,150,0,2.264
369,2,25,18.79,6045.0,0,212,0,1.167
369,2,26,16.66,1691663.7,199,34,0,2.472
369,2,27,27.9,1594050.0,201,0,0,3.153
369,2,28,14.65,1141960.5,143,95,0,2.427
369,2,29,36.0,1665881.0,210,1,0,3.206
369,2,30,34.95,0.0,0,0,0,0.0
369,2,31,15.56,0.0,0,0,0,0.0
379,0,0,7.31,132433.3,2,416,0,1.371
379,0,1,29.18,0.0,0,404,0,0.0
379,0,2,26.27,3112281.0,398,0,0,3.778
379,0,3,19.12,3216249.0,405,0,0,3.893
379,0,4,15.72,57124.0,0,401,0,1.447
379,0,5,15.24,3398298.0,417,0,0,3.757
379,0,6,31.03,17889.0,0,405,0,1.318
379,0,7,39.17,3511628.0,427,0,0,3.738
379,0,8,35.65,681792.5,60,358,0,1.895
379,0,9,14.73,3237426.1,411,5,0,3.468
379,0,10,34.02,14864.6,1,413,0,1.424
379,0,11,10.86,3334639.4,411,1,0,3.711
379,0,12,13.55,2948982.0,371,0,0,3.788
379,0,13,19.72,492484.3,47,320,0,1.83
379,0,14,30.6,3270308.0,406,0,0,3.885
379,0,15,28.59,3009347.0,378,0,0,3.308
379,0,16,28.24,0.0,0,415,0,0.0
379,0,17,31.34,3255517.4,397,2,0,2.661
379,0,18,36.47,3191098.0,402,0,0,2.89
379,0,19,5.84,2522.5,0,412,0,1.471
379,0,20,17.27,3141457.2,405,0,0,3.868
379,0,21,22.59,3552619.1,442,4,0,3.45
379,0,22,29.89,43566.4,0,407,0,1.22
379,0,23,15.03,24619.0,0,402,0,1.415
379,0,24,29.93,0.0,0,0,0,0.0
379,0,25,15.88,0.0,0,0,0,0.0
379,0,26,12.33,0.0,0,0,0,0.0
379,0,27,23.22,0.0,0,0,0,0.0
379,0,28,22.59,0.0,0,0,0,0.0
379,0,29,18.02,0.0,0,0,0,0.0
379,0,30,31.52,0.0,0,0,0,0.0
379,0,31,35.22,0.0,0,0,0,0.0
379,1,0,20.0,81882.9,3,323,0,2.74
379,1,1,22.2,2662558.0,331,0,0,3.798
379,1,2,24.66,233158.1,19,336,0,2.733
379,1,3,21.54,2675092.0,331,0,0,3.854
379,1,4,33.76,1521.7,0,366,0,1.833
379,1,5,23.71,2782099.0,352,0,0,3.848
379,1,6,10.08,2281534.1,288,33,0,3.289
379,1,7,5.47,2818697.0,353,0,0,3.844
379,1,8,9.6,2942554.0,368,0,0,3.887
379,1,9,21.73,40534.8,2,366,0,2.525
379,1,10,5.31,2744429.0,343,0,0,3.95
379,1,11,36.07,2659247.0,334,0,0,3.707
379,1,12,20.46,732.1,0,328,0,2.444
379,1,13,34.32,2755681.0,337,2,1,3.457
379,1,14,8.58,2879561.0,353,0,0,3.875
379,1,15,13.3,2430178.8,303,22,0,3.299
379,1,16,27.7,2658893.0,325,0,0,3.935
379,1,17,12.23,2912538.0,361,0,0,3.807
379,1,18,16.83,2195876.7,260,74,0,3.109
379,1,19,38.02,358394.9,35,305,0,2.819
379,1,20,37.85,2787150.0,343,0,0,3.861
379,1,21,8.07,2312685.0,279,54,0,3.264
379,1,22,27.42,2555389.0,319,0,0,3.772
379,1,23,29.83,864442.9,97,234,0,3.101
379,1,24,36.07,8570.3,0,385,0,2.06
379,1,25,17.54,236961.0,23,342,0,3.065
379,1,26,27.33,2992612.0,376,0,0,3.863
379,1,27,37.84,0.0,0,0,0,0.0
379,1,28,36.11,0.0,0,0,0,0.0
379,1,29,28.09,0.0,0,0,0,0.0
379,1,30,27.63,0.0,0,0,0,0.0
379,1,31,24.51,0.0,0,0,0,0.0
379,2,0,7.74,226.8,0,231,0,2.333
379,2,1,8.87,1724566.9,213,7,0,3.236
379,2,2,26.78,238637.8,26,211,0,2.549
379,2,3,17.07,1645906.0,203,0,0,3.599
379,2,4,20.49,1732449.0,219,0,0,3.771
379,2,5,18.4,89.3,0,219,0,2.0
379,2,6,16.21,1996985.0,243,0,0,3.903
379,2,7,28.9,1509692.1,190,30,0,3.141
379,2,8,15.49,1402692.7,178,48,0,3.061
379,2,9,34.34,472031.6,49,200,0,2.732
379,2,10,38.11,1775807.9,220,2,0,3.302
379,2,11,16.92,174089.5,17,201,0,2.204
379,2,12,10.26,1826940.0,230,1,0,3.86
379,2,13,21.54,2019223.4,252,3,0,3.319
379,2,14,19.74,1855224.9,232,3,0,3.343
379,2,15,32.07,1898003.2,240,13,0,3.109
379,2,16,36.08,1909727.0,229,0,0,3.781
379,2,17,28.98,1659312.0,215,0,0,3.807
379,2,18,8.04,1859217.0,231,0,0,3.811
379,2,19,33.29,1840815.6,227,7,0,3.24
379,2,20,17.79,13722.0,0,239,0,2.034
379,2,21,16.53,1631833.4,198,12,0,3.084
379,2,22,23.07,1707571.0,213,0,0,3.829
379,2,23,23.06,1667660.0,213,0,0,3.662
379,2,24,30.02,817232.0,92,139,0,2.895
379,2,25,18.79,8145.3,0,212,0,1.614
379,2,26,16.66,1771560.9,209,24,0,3.078
379,2,27,27.9,1594050.0,201,0,0,3.695
379,2,28,14.65,1265349.5,154,84,0,3.005
379,2,29,36.0,1654637.0,209,2,0,3.737
379,2,30,34.95,0.0,0,0,0,0.0
379,2,31,15.56,0.0,0,0,0,0.0
389,0,0,7.31,137057.8,4,414,0,1.641
389,0,1,29.18,0.0,0,404,0,0.0
389,0,2,26.27,3112281.0,398,0,0,3.843
389,0,3,19.12,3216249.0,405,0,0,3.923
389,0,4,15.72,56554.1,1,400,0,1.632
389,0,5,15.24,3398298.0,417,0,0,3.842
389,0,6,31.03,15914.5,0,404,1,1.514
389,0,7,39.17,3511628.0,427,0,0,3.822
389,0,8,35.65,710499.2,69,349,0,2.091
389,0,9,14.73,3249269.2,414,2,0,3.569
389,0,10,34.02,11812.2,0,414,0,1.563
389,0,11,10.86,3325001.7,409,3,0,3.773
389,0,12,13.55,2948982.0,371,0,0,3.88
389,0,13,19.72,541701.9,42,325,0,1.988
389,0,14,30.6,3270308.0,406,0,0,3.913
389,0,15,28.59,3009347.0,378,0,0,3.426
389,0,16,28.24,0.0,0,415,0,0.0
389,0,17,31.34,3257921.6,397,2,0,2.763
389,0,18,36.47,3191098.0,402,0,0,2.996
389,0,19,5.84,1898.3,0,412,0,1.882
389,0,20,17.27,3141457.2,405,0,0,3.919
389,0,21,22.59,3550093.4,442,4,0,3.537
389,0,22,29.89,39518.8,0,407,0,1.447
389,0,23,15.03,29014.8,1,401,0,1.58
389,0,24,29.93,0.0,0,0,0,0.0
389,0,25,15.88,0.0,0,0,0,0.0
389,0,26,12.33,0.0,0,0,0,0.0
389,0,27,23.22,0.0,0,0,0,0.0
389,0,28,22.59,0.0,0,0,0,0.0
389,0,29,18.02,0.0,0,0,0,0.0
389,0,30,31.52,0.0,0,0,0,0.0
389,0,31,35.22,0.0,0,0,0,0.0
389,1,0,20.0,73755.8,2,324,0,2.803
389,1,1,22.2,2667584.0,332,0,0,3.91
389,1,2,24.66,240162.9,22,333,0,3.041
389,1,3,21.54,2675092.0,331,0,0,3.959
389,1,4,33.76,1017.8,0,366,0,2.824
389,1,5,23.71,2782099.0,352,0,0,3.915
389,1,6,10.08,2340615.9,290,31,0,3.467
389,1,7,5.47,2818697.0,353,0,0,3.935
389,1,8,9.6,2942554.0,368,0,0,3.939
389,1,9,21.73,48716.2,2,366,0,2.881
389,1,10,5.31,2744429.0,343,0,0,3.986
389,1,11,36.07,2659247.0,334,0,0,3.845
389,1,12,20.46,965.0,0,328,0,2.8
389,1,13,34.32,2749641.6,335,4,1,3.659
389,1,14,8.58,2879561.0,353,0,0,3.916
389,1,15,13.3,2425262.0,304,21,0,3.497
389,1,16,27.7,2658893.0,325,0,0,3.971
389,1,17,12.23,2912538.0,361,0,0,3.882
389,1,18,16.83,2173592.3,254,80,0,3.359
389,1,19,38.02,416487.2,33,307,0,3.124
389,1,20,37.85,2787150.0,343,0,0,3.932
389,1,21,8.07,2286735.3,268,65,0,3.446
389,1,22,27.42,2555389.0,319,0,0,3.867
389,1,23,29.83,908819.2,95,236,0,3.253
389,1,24,36.07,11601.3,0,385,0,2.461
389,1,25,17.54,253619.7,19,346,0,3.185
389,1,26,27.33,2992612.0,376,0,0,3.938
389,1,27,37.84,0.0,0,0,0,0.0
389,1,28,36.11,0.0,0,0,0,0.0
389,1,29,28.09,0.0,0,0,0,0.0
389,1,30,27.63,0.0,0,0,0,0.0
389,1,31,24.51,0.0,0,0,0,0.0
389,2,0,7.74,429.4,0,231,0,2.714
389,2,1,8.87,1743827.4,216,4,0,3.582
389,2,2,26.78,262780.0,27,210,0,2.958
389,2,3,17.07,1645906.0,203,0,0,3.806
389,2,4,20.49,1732449.0,219,0,0,3.915
389,2,5,18.4,297.3,0,219,0,1.5
389,2,6,16.21,1996985.0,243,0,0,3.969
389,2,7,28.9,1652415.1,205,15,0,3.448
389,2,8,15.49,1486187.0,187,39,0,3.374
389,2,9,34.34,471221.0,46,203,0,3.092
389,2,10,38.11,1773560.2,220,2,0,3.565
389,2,11,16.92,179205.5,17,201,0,2.817
389,2,12,10.26,1835399.0,231,0,0,3.941
389,2,13,21.54,2022289.0,254,1,0,3.565
389,2,14,19.74,1855254.3,232,3,0,3.581
389,2,15,32.07,1916754.9,243,10,0,3.394
389,2,16,36.08,1909727.0,229,0,0,3.916
389,2,17,28.98,1659312.0,215,0,0,3.914
389,2,18,8.04,1859217.0,231,0,0,3.918
389,2,19,33.29,1841644.4,227,6,0,3.527
389,2,20,17.79,20692.2,0,239,0,2.343
389,2,21,16.53,1641154.9,200,10,0,3.419
389,2,22,23.07,1707571.0,213,0,0,3.934
389,2,23,23.06,1667660.0,213,0,0,3.844
389,2,24,30.02,881789.7,92,139,0,3.166
389,2,25,18.79,7080.4,0,212,0,1.976
389,2,26,16.66,1792098.7,211,22,0,3.376
389,2,27,27.9,1594050.0,201,0,0,3.859
389,2,28,14.65,1299979.2,162,76,0,3.27
389,2,29,36.0,1656137.8,209,2,0,3.876
389,2,30,34.95,0.0,0,0,0,0.0
389,2,31,15.56,0.0,0,0,0,0.0
399,0,0,7.31,123222.1,3,415,0,1.642
399,0,1,29.18,0.0,0,404,0,0.0
399,0,2,26.27,3112281.0,398,0,0,3.827
399,0,3,19.12,3216249.0,405,0,0,3.922
399,0,4,15.72,54112.9,0,400,1,1.716
399,0,5,15.24,3398298.0,417,0,0,3.807
399,0,6,31.03,18709.8,0,405,0,1.535
399,0,7,39.17,3511628.0,427,0,0,3.801
399,0,8,35.65,735462.3,68,350,0,2.09
399,0,9,14.73,3240698.8,412,4,0,3.538
399,0,10,34.02,16293.1,1,413,0,1.65
399,0,11,10.86,3328680.4,410,2,0,3.761
399,0,12,13.55,2948982.0,371,0,0,3.848
399,0,13,19.72,519920.0,43,324,0,1.982
399,0,14,30.6,3270308.0,406,0,0,3.91
399,0,15,28.59,3009347.0,378,0,0,3.395
399,0,16,28.24,0.0,0,415,0,0.0
399,0,17,31.34,3257439.0,398,1,0,2.78
399,0,18,36.47,3191098.0,402,0,0,2.989
399,0,19,5.84,2293.3,0,412,0,2.0
399,0,20,17.27,3141457.2,405,0,0,3.919
399,0,21,22.59,3549245.9,442,4,0,3.539
399,0,22,29.89,40067.5,0,407,0,1.49
399,0,23,15.03,26871.8,0,402,0,1.616
399,0,24,29.93,0.0,0,0,0,0.0
399,0,25,15.88,0.0,0,0,0,0.0
399,0,26,12.33,0.0,0,0,0,0.0
399,0,27,23.22,0.0,0,0,0,0.0
399,0,28,22.59,0.0,0,0,0,0.0
399,0,29,18.02,0.0,0,0,0,0.0
399,0,30,31.52,0.0,0,0,0,0.0
399,0,31,35.22,0.0,0,0,0,0.0
399,1,0,20.0,70238.8,2,324,0,2.808
399,1,1,22.2,2662558.0,331,0,0,3.893
399,1,2,24.66,214777.1,16,339,0,3.073
399,1,3,21.54,2675092.0,331,0,0,3.937
399,1,4,33.76,1413.9,0,366,0,2.875
399,1,5,23.71,2782099.0,352,0,0,3.904
399,1,6,10.08,2306285.9,288,33,0,3.436
399,1,7,5.47,2818697.0,353,0,0,3.922
399,1,8,9.6,2942554.0,368,0,0,3.923
399,1,9,21.73,60841.7,2,366,0,2.75
399,1,10,5.31,2744429.0,343,0,0,3.983
399,1,11,36.07,2659247.0,334,0,0,3.788
399,1,12,20.46,1093.3,0,328,0,2.1
399,1,13,34.32,2732579.7,335,5,0,3.59
399,1,14,8.58,2879561.0,353,0,0,3.913
399,1,15,13.3,2450771.3,304,21,0,3.462
399,1,16,27.7,2658893.0,325,0,0,3.977
399,1,17,12.23,2912538.0,361,0,0,3.859
399,1,18,16.83,2205576.8,260,74,0,3.316
399,1,19,38.02,415305.6,36,304,0,3.032
399,1,20,37.85,2787150.0,343,0,0,3.905
399,1,21,8.07,2284784.8,273,60,0,3.405
399,1,22,27.42,2555389.0,319,0,0,3.836
399,1,23,29.83,875221.7,89,242,0,3.16
399,1,24,36.07,9260.2,0,385,0,2.288
399,1,25,17.54,267900.0,21,344,0,3.17
399,1,26,27.33,2992612.0,376,0,0,3.939
399,1,27,37.84,0.0,0,0,0,0.0
399,1,28,36.11,0.0,0,0,0,0.0
399,1,29,28.09,0.0,0,0,0,0.0
399,1,30,27.63,0.0,0,0,0,0.0
399,1,31,24.51,0.0,0,0,0,0.0
399,2,0,7.74,510.9,0,231,0,2.857
399,2,1,8.87,1752391.0,217,3,0,3.511
399,2,2,26.78,254088.6,21,216,0,2.851
399,2,3,17.07,1645906.0,203,0,0,3.761
399,2,4,20.49,1732449.0,219,0,0,3.87
399,2,5,18.4,208.0,0,219,0,1.0
399,2,6,16.21,1996985.0,243,0,0,3.959
399,2,7,28.9,1607341.4,202,18,0,3.399
399,2,8,15.49,1456526.5,183,43,0,3.295
399,2,9,34.34,522465.9,52,197,0,3.002
399,2,10,38.11,1778194.0,221,1,0,3.489
399,2,11,16.92,162314.1,17,201,0,2.55
399,2,12,10.26,1826940.0,230,1,0,3.939
399,2,13,21.54,2012457.7,251,4,0,3.462
399,2,14,19.74,1847903.1,233,2,0,3.545
399,2,15,32.07,1902918.7,244,9,0,3.321
399,2,16,36.08,1909727.0,229,0,0,3.877
399,2,17,28.98,1659312.0,215,0,0,3.894
399,2,18,8.04,1859217.0,231,0,0,3.912
399,2,19,33.29,1837398.2,227,7,0,3.46
399,2,20,17.79,13238.7,0,239,0,2.232
399,2,21,16.53,1625725.0,197,13,0,3.353
399,2,22,23.07,1707571.0,213,0,0,3.906
399,2,23,23.06,1667660.0,213,0,0,3.78
399,2,24,30.02,914523.6,101,130,0,3.039
399,2,25,18.79,10340.0,0,212,0,1.912
399,2,26,16.66,1793122.9,208,25,0,3.272
399,2,27,27.9,1594050.0,201,0,0,3.841
399,2,28,14.65,1238667.4,152,86,0,3.192
399,2,29,36.0,1660549.0,210,1,0,3.846
399,2,30,34.95,0.0,0,0,0,0.0
399,2,31,15.56,0.0,0,0,0,0.0
409,0,0,7.31,122636.7,4,414,0,1.756
409,0,1,29.18,0.0,0,404,0,0.0
409,0,2,26.27,3112281.0,398,0,0,3.824
409,0,3,19.12,3216249.0,405,0,0,3.923
409,0,4,15.72,51502.9,0,400,1,1.789
409,0,5,15.24,3398298.0,417,0,0,3.817
409,0,6,31.03,19193.1,0,405,0,1.671
409,0,7,39.17,3511628.0,427,0,0,3.818
409,0,8,35.65,731546.4,68,350,0,2.191
409,0,9,14.73,3238262.7,412,4,0,3.57
409,0,10,34.02,16083.7,1,413,0,1.677
409,0,11,10.86,3325960.4,410,2,0,3.792
409,0,12,13.55,2948982.0,371,0,0,3.857
409,0,13,19.72,535187.2,43,324,0,2.036
409,0,14,30.6,3270308.0,406,0,0,3.916
409,0,15,28.59,3009347.0,378,0,0,3.434
409,0,16,28.24,0.0,0,415,0,0.0
409,0,17,31.34,3259880.0,398,1,0,2.821
409,0,18,36.47,3191098.0,402,0,0,3.028
409,0,19,5.84,2553.4,0,412,0,2.083
409,0,20,17.27,3141457.2,405,0,0,3.931
409,0,21,22.59,3532341.5,439,7,0,3.552
409,0,22,29.89,44090.2,0,407,0,1.628
409,0,23,15.03,25985.7,0,402,0,1.753
409,0,24,29.93,0.0,0,0,0,0.0
409,0,25,15.88,0.0,0,0,0,0.0
409,0,26,12.33,0.0,0,0,0,0.0
409,0,27,23.22,0.0,0,0,0,0.0
409,0,28,22.59,0.0,0,0,0,0.0
409,0,29,18.02,0.0,0,0,0,0.0
409,0,30,31.52,0.0,0,0,0,0.0
409,0,31,35.22,0.0,0,0,0,0.0
409,1,0,20.0,75703.2,2,324,0,2.904
409,1,1,22.2,2662558.0,331,0,0,3.898
409,1,2,24.66,226736.6,18,337,0,3.146
409,1,3,21.54,2675092.0,331,0,0,3.922
409,1,4,33.76,1273.2,0,366,0,2.762
409,1,5,23.71,2782099.0,352,0,0,3.926
409,1,6,10.08,2326315.9,290,31,0,3.491
409,1,7,5.47,2818697.0,353,0,0,3.945
409,1,8,9.6,2942554.0,368,0,0,3.925
409,1,9,21.73,55981.7,3,365,0,2.854
409,1,10,5.31,2744429.0,343,0,0,3.992
409,1,11,36.07,2659247.0,334,0,0,3.795
409,1,12,20.46,785.8,0,328,0,2.5
409,1,13,34.32,2753400.4,337,2,1,3.637
409,1,14,8.58,2879561.0,353,0,0,3.928
409,1,15,13.3,2418604.3,305,20,0,3.522
409,1,16,27.7,2658893.0,325,0,0,3.981
409,1,17,12.23,2912538.0,361,0,0,3.879
409,1,18,16.83,2170831.1,251,83,0,3.379
409,1,19,38.02,365411.2,29,311,0,3.123
409,1,20,37.85,2787150.0,343,0,0,3.931
409,1,21,8.07,2248481.1,271,62,0,3.464
409,1,22,27.42,2555389.0,319,0,0,3.876
409,1,23,29.83,957344.5,96,235,0,3.238
409,1,24,36.07,12204.0,0,384,1,2.648
409,1,25,17.54,266290.6,24,341,0,3.287
409,1,26,27.33,2992612.0,376,0,0,3.955
409,1,27,37.84,0.0,0,0,0,0.0
409,1,28,36.11,0.0,0,0,0,0.0
409,1,29,28.09,0.0,0,0,0,0.0
409,1,30,27.63,0.0,0,0,0,0.0
409,1,31,24.51,0.0,0,0,0,0.0
409,2,0,7.74,409.9,0,231,0,3.167
409,2,1,8.87,1755045.2,218,2,0,3.542
409,2,2,26.78,239310.1,19,218,0,2.993
409,2,3,17.07,1645906.0,203,0,0,3.807
409,2,4,20.49,1732449.0,219,0,0,3.896
409,2,5,18.4,208.0,0,219,0,1.0
409,2,6,16.21,1996985.0,243,0,0,3.976
409,2,7,28.9,1648563.3,205,16,0,3.462
409,2,8,15.49,1465130.1,185,41,0,3.363
409,2,9,34.34,487711.6,50,199,0,3.155
409,2,10,38.11,1787076.0,222,0,0,3.528
409,2,11,16.92,200589.7,17,201,0,2.843
409,2,12,10.26,1835399.0,231,0,0,3.963
409,2,13,21.54,2001528.5,250,5,0,3.563
409,2,14,19.74,1852222.2,233,2,0,3.596
409,2,15,32.07,1882993.1,241,12,0,3.426
409,2,16,36.08,1909727.0,229,0,0,3.906
409,2,17,28.98,1659312.0,215,0,0,3.921
409,2,18,8.04,1859217.0,231,0,0,3.93
409,2,19,33.29,1837856.3,225,9,0,3.502
409,2,20,17.79,13438.7,0,239,0,2.519
409,2,21,16.53,1633685.6,197,13,0,3.397
409,2,22,23.07,1707571.0,213,0,0,3.915
409,2,23,23.06,1667660.0,213,0,0,3.838
409,2,24,30.02,934668.1,101,130,0,3.204
409,2,25,18.79,11355.0,0,212,0,2.014
409,2,26,16.66,1810860.5,209,24,0,3.406
409,2,27,27.9,1594050.0,201,0,0,3.887
409,2,28,14.65,1254468.3,151,87,0,3.286
409,2,29,36.0,1660549.0,210,1,0,3.866
409,2,30,34.95,0.0,0,0,0,0.0
409,2,31,15.56,0.0,0,0,0,0.0
419,0,0,7.31,136803.7,4,414,0,1.772
419,0,1,29.18,0.0,0,404,0,0.0
419,0,2,26.27,3112281.0,398,0,0,3.869
419,0,3,19.12,3216249.0,405,0,0,3.934
419,0,4,15.72,58378.2,0,401,0,1.815
419,0,5,15.24,3398298.0,417,0,0,3.838
419,0,6,31.03,19441.6,0,403,2,1.706
419,0,7,39.17,3511628.0,427,0,0,3.826
419,0,8,35.65,678855.9,61,357,0,2.174
419,0,9,14.73,3230855.8,410,6,0,3.576
419,0,10,34.02,16972.3,1,413,0,1.716
419,0,11,10.86,3336915.0,412,1,0,3.794
419,0,12,13.55,2948982.0,371,0,0,3.875
419,0,13,19.72,501165.8,36,331,0,2.093
419,0,14,30.6,3270308.0,406,0,0,3.93
419,0,15,28.59,3009347.0,378,0,0,3.442
419,0,16,28.24,0.0,0,415,0,0.0
419,0,17,31.34,3254400.9,397,2,0,2.813
419,0,18,36.47,3191098.0,402,0,0,3.033
419,0,19,5.84,2997.4,0,412,0,2.074
419,0,20,17.27,3146635.0,406,0,0,3.919
419,0,21,22.59,3544897.0,441,5,0,3.569
419,0,22,29.89,42449.9,0,407,0,1.663
419,0,23,15.03,28923.7,1,401,0,1.69
419,0,24,29.93,0.0,0,0,0,0.0
419,0,25,15.88,0.0,0,0,0,0.0
419,0,26,12.33,0.0,0,0,0,0.0
419,0,27,23.22,0.0,0,0,0,0.0
419,0,28,22.59,0.0,0,0,0,0.0
419,0,29,18.02,0.0,0,0,0,0.0
419,0,30,31.52,0.0,0,0,0,0.0
419,0,31,35.22,0.0,0,0,0,0.0
419,1,0,20.0,71748.7,2,324,0,3.041
419,1,1,22.2,2667584.0,332,0,0,3.93
419,1,2,24.66,227909.4,20,335,0,3.119
419,1,3,21.54,2675092.0,331,0,0,3.956
419,1,4,33.76,1761.0,0,366,0,2.773
419,1,5,23.71,2782099.0,352,0,0,3.945
419,1,6,10.08,2307972.2,288,33,0,3.485
419,1,7,5.47,2818697.0,353,0,0,3.94
419,1,8,9.6,2942554.0,368,0,0,3.944
419,1,9,21.73,56066.4,3,365,0,2.973
419,1,10,5.31,2744429.0,343,0,0,3.993
419,1,11,36.07,2659247.0,334,0,0,3.833
419,1,12,20.46,903.0,0,328,0,2.4
419,1,13,34.32,2726139.5,333,4,1,3.665
419,1,14,8.58,2879561.0,353,0,0,3.94
419,1,15,13.3,2439360.5,306,19,0,3.537
419,1,16,27.7,2658893.0,325,0,0,3.982
419,1,17,12.23,2912538.0,361,0,0,3.903
419,1,18,16.83,2189522.4,255,79,0,3.396
419,1,19,38.02,391163.5,31,309,0,3.114
419,1,20,37.85,2787150.0,343,0,0,3.956
419,1,21,8.07,2262545.4,274,59,0,3.469
419,1,22,27.42,2555389.0,319,0,0,3.879
419,1,23,29.83,931886.1,97,234,0,3.264
419,1,24,36.07,9496.9,0,385,0,2.753
419,1,25,17.54,258470.2,22,343,0,3.341
419,1,26,27.33,2992612.0,376,0,0,3.975
419,1,27,37.84,0.0,0,0,0,0.0
419,1,28,36.11,0.0,0,0,0,0.0
419,1,29,28.09,0.0,0,0,0,0.0
419,1,30,27.63,0.0,0,0,0,0.0
419,1,31,24.51,0.0,0,0,0,0.0
419,2,0,7.74,364.6,0,231,0,3.2
419,2,1,8.87,1751351.8,217,3,0,3.619
419,2,2,26.78,246915.6,23,214,0,3.042
419,2,3,17.07,1645906.0,203,0,0,3.821
419,2,4,20.49,1732449.0,219,0,0,3.888
419,2,5,18.4,238.9,0,219,0,2.5
419,2,6,16.21,1996985.0,243,0,0,3.98
419,2,7,28.9,1627985.0,204,16,0,3.523
419,2,8,15.49,1432459.1,181,45,0,3.398
419,2,9,34.34,459140.4,50,199,0,3.173
419,2,10,38.11,1787076.0,222,0,0,3.572
419,2,11,16.92,213711.0,16,202,0,2.923
419,2,12,10.26,1826940.0,230,1,0,3.949
419,2,13,21.54,2015373.6,251,4,0,3.56
419,2,14,19.74,1857559.0,235,0,0,3.666
419,2,15,32.07,1916865.2,245,9,0,3.448
419,2,16,36.08,1909727.0,229,0,0,3.923
419,2,17,28.98,1659312.0,215,0,0,3.931
419,2,18,8.04,1859217.0,231,0,0,3.946
419,2,19,33.29,1840171.0,225,8,0,3.571
419,2,20,17.79,11189.8,0,239,0,2.566
419,2,21,16.53,1622896.9,197,13,0,3.433
419,2,22,23.07,1707571.0,213,0,0,3.938
419,2,23,23.06,1667660.0,213,0,0,3.844
419,2,24,30.02,854676.0,93,138,0,3.235
419,2,25,18.79,10236.4,0,212,0,2.129
419,2,26,16.66,1803287.6,209,24,0,3.439
419,2,27,27.9,1594050.0,201,0,0,3.907
419,2,28,14.65,1256534.7,152,86,0,3.31
419,2,29,36.0,1656482.6,209,2,0,3.907
419,2,30,34.95,0.0,0,0,0,0.0
419,2,31,15.56,0.0,0,0,0,0.0
429,0,0,7.31,133666.5,3,415,0,1.703
429,0,1,29.18,0.0,0,404,0,0.0
429,0,2,26.27,3112281.0,398,0,0,3.838
429,0,3,19.12,3216249.0,405,0,0,3.923
429,0,4,15.72,59044.7,1,400,0,1.638
429,0,5,15.24,3398298.0,417,0,0,3.79
429,0,6,31.03,18771.3,0,405,0,1.644
429,0,7,39.17,3511628.0,427,0,0,3.817
429,0,8,35.65,697094.8,67,351,0,2.147
429,0,9,14.73,3241567.8,412,4,0,3.538
429,0,10,34.02,17492.5,1,413,0,1.654
429,0,11,10.86,3336915.0,412,1,0,3.759
429,0,12,13.55,2948982.0,371,0,0,3.857
429,0,13,19.72,499226.3,40,327,0,2.017
429,0,14,30.6,3270308.0,406,0,0,3.922
429,0,15,28.59,3009347.0,378,0,0,3.382
429,0,16,28.24,0.0,0,415,0,0.0
429,0,17,31.34,3256803.7,398,1,0,2.771
429,0,18,36.47,3191098.0,402,0,0,2.992
429,0,19,5.84,2919.9,0,412,0,1.826
429,0,20,17.27,3146635.0,406,0,0,3.904
429,0,21,22.59,3547555.7,442,4,0,3.507
429,0,22,29.89,39771.1,0,407,0,1.51
429,0,23,15.03,24347.1,1,400,1,1.534
429,0,24,29.93,0.0,0,0,0,0.0
429,0,25,15.88,0.0,0,0,0,0.0
429,0,26,12.33,0.0,0,0,0,0.0
429,0,27,23.22,0.0,0,0,0,0.0
429,0,28,22.59,0.0,0,0,0,0.0
429,0,29,18.02,0.0,0,0,0,0.0
429,0,30,31.52,0.0,0,0,0,0.0
429,0,31,35.22,0.0,0,0,0,0.0
429,1,0,20.0,81178.5,3,323,0,2.875
429,1,1,22.2,2667584.0,332,0,0,3.899
429,1,2,24.66,230315.8,19,336,0,3.054
429,1,3,21.54,2675092.0,331,0,0,3.925
429,1,4,33.76,923.3,0,366,0,3.05
429,1,5,23.71,2782099.0,352,0,0,3.903
429,1,6,10.08,2311895.0,290,31,0,3.417
429,1,7,5.47,2818697.0,353,0,0,3.93
429,1,8,9.6,2942554.0,368,0,0,3.918
429,1,9,21.73,55414.6,3,365,0,2.876
429,1,10,5.31,2744429.0,343,0,0,3.989
429,1,11,36.07,2659247.0,334,0,0,3.778
429,1,12,20.46,767.0,0,328,0,2.667
429,1,13,34.32,2738392.2,335,5,0,3.586
429,1,14,8.58,2879561.0,353,0,0,3.912
429,1,15,13.3,2405847.7,304,21,0,3.465
429,1,16,27.7,2658893.0,325,0,0,3.974
429,1,17,12.23,2912538.0,361,0,0,3.837
429,1,18,16.83,2194213.0,256,78,0,3.286
429,1,19,38.02,389147.7,38,302,0,3.103
429,1,20,37.85,2787150.0,343,0,0,3.926
429,1,21,8.07,2301550.4,277,56,0,3.391
429,1,22,27.42,2555389.0,319,0,0,3.81
429,1,23,29.83,910283.2,96,235,0,3.2
429,1,24,36.07,10414.2,0,385,0,2.408
429,1,25,17.54,248859.5,23,342,0,3.22
429,1,26,27.33,2992612.0,376,0,0,3.942
429,1,27,37.84,0.0,0,0,0,0.0
429,1,28,36.11,0.0,0,0,0,0.0
429,1,29,28.09,0.0,0,0,0,0.0
429,1,30,27.63,0.0,0,0,0,0.0
429,1,31,24.51,0.0,0,0,0,0.0
429,2,0,7.74,467.6,0,231,0,2.667
429,2,1,8.87,1750939.5,216,4,0,3.491
429,2,2,26.78,253971.0,22,215,0,2.842
429,2,3,17.07,1645906.0,203,0,0,3.751
429,2,4,20.49,1732449.0,219,0,0,3.856
429,2,5,18.4,118.9,0,219,0,3.0
429,2,6,16.21,1996985.0,243,0,0,3.955
429,2,7,28.9,1546750.3,196,24,0,3.386
429,2,8,15.49,1439389.9,183,43,0,3.333
429,2,9,34.34,465996.1,51,198,0,3.082
429,2,10,38.11,1787076.0,222,0,0,3.483
429,2,11,16.92,206857.7,18,200,0,2.766
429,2,12,10.26,1826940.0,230,1,0,3.918
429,2,13,21.54,2006100.2,251,4,0,3.454
429,2,14,19.74,1848978.0,234,1,0,3.532
429,2,15,32.07,1878561.7,240,13,0,3.353
429,2,16,36.08,1909727.0,229,0,0,3.891
429,2,17,28.98,1659312.0,215,0,0,3.9
429,2,18,8.04,1859217.0,231,0,0,3.903
429,2,19,33.29,1820267.6,223,11,0,3.486
429,2,20,17.79,10774.1,0,239,0,2.328
429,2,21,16.53,1620704.9,198,12,0,3.368
429,2,22,23.07,1707571.0,213,0,0,3.898
429,2,23,23.06,1667660.0,213,0,0,3.787
429,2,24,30.02,868869.3,98,133,0,3.16
429,2,25,18.79,12020.0,0,212,0,1.841
429,2,26,16.66,1779064.8,209,24,0,3.32
429,2,27,27.9,1594050.0,201,0,0,3.832
429,2,28,14.65,1227390.8,152,86,0,3.238
429,2,29,36.0,1671793.0,211,0,0,3.857
429,2,30,34.95,0.0,0,0,0,0.0
429,2,31,15.56,0.0,0,0,0,0.0
439,0,0,7.31,146120.5,4,414,0,1.612
439,0,1,29.18,0.0,0,404,0,0.0
439,0,2,26.27,3112281.0,398,0,0,3.795
439,0,3,19.12,3216249.0,405,0,0,3.918
439,0,4,15.72,52947.1,2,399,0,1.585
439,0,5,15.24,3398298.0,417,0,0,3.757
439,0,6,31.03,25265.0,0,405,0,1.391
439,0,7,39.17,3511628.0,427,0,0,3.755
439,0,8,35.65,690590.7,64,354,0,2.008
439,0,9,14.73,3245458.4,412,4,0,3.523
439,0,10,34.02,15365.8,1,413,0,1.489
439,0,11,10.86,3332764.2,411,1,0,3.76
439,0,12,13.55,2948982.0,371,0,0,3.802
439,0,13,19.72,458719.5,38,329,0,1.867
439,0,14,30.6,3270308.0,406,0,0,3.919
439,0,15,28.59,3009347.0,378,0,0,3.355
439,0,16,28.24,0.0,0,415,0,0.0
439,0,17,31.34,3254340.3,397,2,0,2.693
439,0,18,36.47,3191098.0,402,0,0,2.927
439,0,19,5.84,2842.2,0,412,0,1.818
439,0,20,17.27,3141457.2,405,0,0,3.862
439,0,21,22.59,3555200.9,442,4,0,3.459
439,0,22,29.89,42162.7,0,407,0,1.298
439,0,23,15.03,31740.4,0,402,0,1.56
439,0,24,29.93,0.0,0,0,0,0.0
439,0,25,15.88,0.0,0,0,0,0.0
439,0,26,12.33,0.0,0,0,0,0.0
439,0,27,23.22,0.0,0,0,0,0.0
439,0,28,22.59,0.0,0,0,0,0.0
439,0,29,18.02,0.0,0,0,0,0.0
439,0,30,31.52,0.0,0,0,0,0.0
439,0,31,35.22,0.0,0,0,0,0.0
439,1,0,20.0,73228.6,3,323,0,2.61
439,1,1,22.2,2667584.0,332,0,0,3.874
439,1,2,24.66,218086.6,20,335,0,2.868
439,1,3,21.54,2675092.0,331,0,0,3.903
439,1,4,33.76,717.9,0,366,0,2.667
439,1,5,23.71,2782099.0,352,0,0,3.884
439,1,6,10.08,2286387.9,287,34,0,3.358
439,1,7,5.47,2818697.0,353,0,0,3.893
439,1,8,9.6,2942554.0,368,0,0,3.904
439,1,9,21.73,51074.2,4,364,0,2.53
439,1,10,5.31,2744429.0,343,0,0,3.976
439,1,11,36.07,2659247.0,334,0,0,3.748
439,1,12,20.46,1211.7,0,328,0,2.462
439,1,13,34.32,2731262.4,331,8,0,3.522
439,1,14,8.58,2879561.0,353,0,0,3.882
439,1,15,13.3,2386516.1,297,28,0,3.353
439,1,16,27.7,2658893.0,325,0,0,3.955
439,1,17,12.23,2912538.0,361,0,0,3.793
439,1,18,16.83,2173917.4,253,81,0,3.191
439,1,19,38.02,389877.0,40,300,0,2.942
439,1,20,37.85,2787150.0,343,0,0,3.912
439,1,21,8.07,2288775.0,277,56,0,3.3
439,1,22,27.42,2555389.0,319,0,0,3.776
439,1,23,29.83,916218.4,102,229,0,3.109
439,1,24,36.07,13070.1,0,385,0,2.122
439,1,25,17.54,270568.2,30,335,0,3.06
439,1,26,27.33,2992612.0,376,0,0,3.919
439,1,27,37.84,0.0,0,0,0,0.0
439,1,28,36.11,0.0,0,0,0,0.0
439,1,29,28.09,0.0,0,0,0,0.0
439,1,30,27.63,0.0,0,0,0,0.0
439,1,31,24.51,0.0,0,0,0,0.0
439,2,0,7.74,83.8,0,231,0,2.0
439,2,1,8.87,1758299.8,217,3,0,3.365
439,2,2,26.78,239668.6,25,212,0,2.6
439,2,3,17.07,1645906.0,203,0,0,3.701
439,2,4,20.49,1732449.0,219,0,0,3.797
439,2,5,18.4,88.0,0,219,0,2.0
439,2,6,16.21,1996985.0,243,0,0,3.943
439,2,7,28.9,1511022.1,190,30,0,3.233
439,2,8,15.49,1396395.7,179,47,0,3.171
439,2,9,34.34,496578.6,48,201,0,2.923
439,2,10,38.11,1782521.4,221,1,0,3.371
439,2,11,16.92,210703.1,20,198,0,2.526
439,2,12,10.26,1826940.0,230,1,0,3.898
439,2,13,21.54,2012239.2,252,3,0,3.375
439,2,14,19.74,1854084.8,233,2,0,3.42
439,2,15,32.07,1869702.5,238,15,0,3.201
439,2,16,36.08,1909727.0,229,0,0,3.843
439,2,17,28.98,1659312.0,215,0,0,3.841
439,2,18,8.04,1859217.0,231,0,0,3.882
439,2,19,33.29,1820208.9,224,10,0,3.347
439,2,20,17.79,14937.4,0,239,0,2.164
439,2,21,16.53,1618002.7,195,15,0,3.165
439,2,22,23.07,1707571.0,213,0,0,3.891
439,2,23,23.06,1667660.0,213,0,0,3.735
439,2,24,30.02,841108.7,89,142,0,2.941
439,2,25,18.79,11097.3,0,212,0,1.519
439,2,26,16.66,1741509.9,205,28,0,3.163
439,2,27,27.9,1594050.0,201,0,0,3.783
439,2,28,14.65,1164339.4,147,91,0,3.032
439,2,29,36.0,1667726.6,210,1,0,3.803
439,2,30,34.95,0.0,0,0,0,0.0
439,2,31,15.56,0.0,0,0,0,0.0
449,0,0,7.31,146024.0,4,414,0,1.521
449,0,1,29.18,0.0,0,404,0,0.0
449,0,2,26.27,3112281.0,398,0,0,3.814
449,0,3,19.12,3216249.0,405,0,0,3.908
449,0,4,15.72,47067.2,1,400,0,1.392
449,0,5,15.24,3398298.0,417,0,0,3.757
449,0,6,31.03,22898.7,0,405,0,1.363
449,0,7,39.17,3511628.0,427,0,0,3.786
449,0,8,35.65,701566.6,63,355,0,1.971
449,0,9,14.73,3235535.1,411,5,0,3.525
449,0,10,34.02,16752.7,1,413,0,1.385
449,0,11,10.86,3336915.0,412,1,0,3.752
449,0,12,13.55,2948982.0,371,0,0,3.833
449,0,13,19.72,490229.1,44,323,0,1.866
449,0,14,30.6,3270308.0,406,0,0,3.901
449,0,15,28.59,3009347.0,378,0,0,3.366
449,0,16,28.24,0.0,0,415,0,0.0
449,0,17,31.34,3258554.9,397,2,0,2.725
449,0,18,36.47,3191098.0,402,0,0,2.951
449,0,19,5.84,2840.7,0,412,0,1.818
449,0,20,17.27,3146635.0,406,0,0,3.861
449,0,21,22.59,3540699.7,442,4,0,3.488
449,0,22,29.89,40126.0,0,407,0,1.28
449,0,23,15.03,27912.3,1,400,1,1.472
449,0,24,29.93,0.0,0,0,0,0.0
449,0,25,15.88,0.0,0,0,0,0.0
449,0,26,12.33,0.0,0,0,0,0.0
449,0,27,23.22,0.0,0,0,0,0.0
449,0,28,22.59,0.0,0,0,0,0.0
449,0,29,18.02,0.0,0,0,0,0.0
449,0,30,31.52,0.0,0,0,0,0.0
449,0,31,35.22,0.0,0,0,0,0.0
449,1,0,20.0,67355.3,3,323,0,2.485
449,1,1,22.2,2667584.0,332,0,0,3.883
449,1,2,24.66,198485.3,15,340,0,2.881
449,1,3,21.54,2675092.0,331,0,0,3.922
449,1,4,33.76,721.0,0,366,0,2.2
449,1,5,23.71,2782099.0,352,0,0,3.865
449,1,6,10.08,2342770.7,293,28,0,3.366
449,1,7,5.47,2812000.0,352,1,0,3.899
449,1,8,9.6,2941594.3,367,0,0,3.897
449,1,9,21.73,48640.2,3,365,0,2.68
449,1,10,5.31,2744429.0,343,0,0,3.983
449,1,11,36.07,2659247.0,334,0,0,3.763
449,1,12,20.46,787.4,0,328,0,2.0
449,1,13,34.32,2756490.9,338,2,0,3.539
449,1,14,8.58,2879561.0,353,0,0,3.882
449,1,15,13.3,2413153.8,305,21,0,3.393
449,1,16,27.7,2658893.0,325,0,0,3.958
449,1,17,12.23,2912538.0,361,0,0,3.783
449,1,18,16.83,2166424.4,253,81,0,3.208
449,1,19,38.02,398644.9,33,307,0,2.982
449,1,20,37.85,2787150.0,343,0,0,3.91
449,1,21,8.07,2332889.6,281,52,0,3.316
449,1,22,27.42,2555389.0,319,0,0,3.821
449,1,23,29.83,964227.6,111,220,0,3.111
449,1,24,36.07,8434.9,0,385,0,1.94
449,1,25,17.54,252404.2,21,344,0,3.031
449,1,26,27.33,2992612.0,376,0,0,3.921
449,1,27,37.84,0.0,0,0,0,0.0
449,1,28,36.11,0.0,0,0,0,0.0
449,1,29,28.09,0.0,0,0,0,0.0
449,1,30,27.63,0.0,0,0,0,0.0
449,1,31,24.51,0.0,0,0,0,0.0
449,2,0,7.74,86.6,0,231,0,2.0
449,2,1,8.87,1749369.1,216,4,0,3.392
449,2,2,26.78,236060.7,21,216,0,2.616
449,2,3,17.07,1645906.0,203,0,0,3.72
449,2,4,20.49,1732449.0,219,0,0,3.828
449,2,5,18.4,416.0,0,219,0,1.0
449,2,6,16.21,1996985.0,243,0,0,3.933
449,2,7,28.9,1623147.7,203,17,0,3.274
449,2,8,15.49,1438827.6,185,41,0,3.198
449,2,9,34.34,499667.6,53,196,0,2.981
449,2,10,38.11,1787076.0,222,0,0,3.385
449,2,11,16.92,203666.8,20,198,0,2.539
449,2,12,10.26,1835399.0,231,0,0,3.907
449,2,13,21.54,1984088.7,248,7,0,3.415
449,2,14,19.74,1849201.0,233,2,0,3.457
449,2,15,32.07,1886799.7,240,13,0,3.264
449,2,16,36.08,1909727.0,229,0,0,3.865
449,2,17,28.98,1659312.0,215,0,0,3.875
449,2,18,8.04,1859217.0,231,0,0,3.871
449,2,19,33.29,1829277.2,225,9,0,3.367
449,2,20,17.79,10550.8,0,239,0,1.933
449,2,21,16.53,1639237.4,199,11,0,3.228
449,2,22,23.07,1707571.0,213,0,0,3.881
449,2,23,23.06,1667660.0,213,0,0,3.786
449,2,24,30.02,860228.3,96,135,0,2.942
449,2,25,18.79,13992.6,0,212,0,1.603
449,2,26,16.66,1775228.5,210,23,0,3.22
449,2,27,27.9,1594050.0,201,0,0,3.799
449,2,28,14.65,1209832.3,151,87,0,3.116
449,2,29,36.0,1667726.6,210,1,0,3.84
449,2,30,34.95,0.0,0,0,0,0.0
449,2,31,15.56,0.0,0,0,0,0.0
459,0,0,7.31,151897.7,4,414,0,1.765
459,0,1,29.18,0.0,0,404,0,0.0
459,0,2,26.27,3112281.0,398,0,0,3.862
459,0,3,19.12,3216249.0,405,0,0,3.932
459,0,4,15.72,39933.7,0,401,0,1.468
459,0,5,15.24,3398298.0,417,0,0,3.831
459,0,6,31.03,21163.7,0,405,0,1.535
459,0,7,39.17,3511628.0,427,0,0,3.807
459,0,8,35.65,729115.1,64,354,0,2.05
459,0,9,14.73,3233340.8,410,6,0,3.548
459,0,10,34.02,18474.9,1,413,0,1.505
459,0,11,10.86,3330111.2,411,2,0,3.752
459,0,12,13.55,2948982.0,371,0,0,3.876
459,0,13,19.72,487243.0,39,328,0,1.963
459,0,14,30.6,3270308.0,406,0,0,3.928
459,0,15,28.59,3009347.0,378,0,0,3.426
459,0,16,28.24,0.0,0,415,0,0.0
459,0,17,31.34,3260371.0,399,0,0,2.803
459,0,18,36.47,3191098.0,402,0,0,2.991
459,0,19,5.84,2158.0,0,412,0,1.824
459,0,20,17.27,3146635.0,406,0,0,3.909
459,0,21,22.59,3550524.7,443,3,0,3.548
459,0,22,29.89,44647.7,0,407,0,1.495
459,0,23,15.03,27666.5,0,402,0,1.668
459,0,24,29.93,0.0,0,0,0,0.0
459,0,25,15.88,0.0,0,0,0,0.0
459,0,26,12.33,0.0,0,0,0,0.0
459,0,27,23.22,0.0,0,0,0,0.0
459,0,28,22.59,0.0,0,0,0,0.0
459,0,29,18.02,0.0,0,0,0,0.0
459,0,30,31.52,0.0,0,0,0,0.0
459,0,31,35.22,0.0,0,0,0,0.0
459,1,0,20.0,57714.9,2,324,0,2.661
459,1,1,22.2,2667584.0,332,0,0,3.931
459,1,2,24.66,227183.4,23,332,0,3.059
459,1,3,21.54,2675092.0,331,0,0,3.959
459,1,4,33.76,551.6,0,366,0,2.727
459,1,5,23.71,2782099.0,352,0,0,3.918
459,1,6,10.08,2313496.9,289,32,0,3.476
459,1,7,5.47,2818697.0,353,0,0,3.908
459,1,8,9.6,2942554.0,368,0,0,3.952
459,1,9,21.73,55820.1,4,364,0,2.799
459,1,10,5.31,2744429.0,343,0,0,3.989
459,1,11,36.07,2659247.0,334,0,0,3.824
459,1,12,20.46,971.5,0,328,0,2.5
459,1,13,34.32,2737912.8,334,4,1,3.662
459,1,14,8.58,2879561.0,353,0,0,3.922
459,1,15,13.3,2441352.6,307,18,0,3.5
459,1,16,27.7,2658893.0,325,0,0,3.985
459,1,17,12.23,2912538.0,361,0,0,3.848
459,1,18,16.83,2177014.5,251,83,0,3.318
459,1,19,38.02,453609.7,39,301,0,3.06
459,1,20,37.85,2787150.0,343,0,0,3.946
459,1,21,8.07,2330290.1,277,56,0,3.442
459,1,22,27.42,2555389.0,319,0,0,3.851
459,1,23,29.83,972926.2,106,225,0,3.223
459,1,24,36.07,8774.5,0,384,1,2.424
459,1,25,17.54,215022.9,21,344,0,3.198
459,1,26,27.33,2992612.0,376,0,0,3.959
459,1,27,37.84,0.0,0,0,0,0.0
459,1,28,36.11,0.0,0,0,0,0.0
459,1,29,28.09,0.0,0,0,0,0.0
459,1,30,27.63,0.0,0,0,0,0.0
459,1,31,24.51,0.0,0,0,0,0.0
459,2,0,7.74,173.4,0,231,0,3.0
459,2,1,8.87,1758675.0,216,4,0,3.557
459,2,2,26.78,203200.7,18,219,0,2.948
459,2,3,17.07,1645906.0,203,0,0,3.788
459,2,4,20.49,1732449.0,219,0,0,3.908
459,2,5,18.4,208.0,0,219,0,1.0
459,2,6,16.21,1996985.0,243,0,0,3.978
459,2,7,28.9,1685336.6,210,10,0,3.463
459,2,8,15.49,1415310.4,179,47,0,3.384
459,2,9,34.34,536212.6,54,195,0,3.174
459,2,10,38.11,1779735.9,221,1,0,3.543
459,2,11,16.92,203649.0,17,201,0,2.853
459,2,12,10.26,1826940.0,230,1,0,3.947
459,2,13,21.54,1978729.6,246,9,0,3.59
459,2,14,19.74,1862009.5,233,2,0,3.595
459,2,15,32.07,1925560.7,243,11,0,3.459
459,2,16,36.08,1909727.0,229,0,0,3.923
459,2,17,28.98,1659312.0,215,0,0,3.913
459,2,18,8.04,1859217.0,231,0,0,3.929
459,2,19,33.29,1829169.0,225,9,0,3.502
459,2,20,17.79,8636.3,0,239,0,1.889
459,2,21,16.53,1644176.0,199,11,0,3.454
459,2,22,23.07,1707571.0,213,0,0,3.947
459,2,23,23.06,1667660.0,213,0,0,3.867
459,2,24,30.02,927587.2,99,132,0,3.206
459,2,25,18.79,11033.2,0,212,0,1.922
459,2,26,16.66,1780524.7,208,25,0,3.4
459,2,27,27.9,1594050.0,201,0,0,3.902
459,2,28,14.65,1217434.1,150,88,0,3.303
459,2,29,36.0,1660549.0,210,1,0,3.91
459,2,30,34.95,0.0,0,0,0,0.0
459,2,31,15.56,0.0,0,0,0,0.0
469,0,0,7.31,140872.6,7,411,0,1.722
469,0,1,29.18,0.0,0,404,0,0.0
469,0,2,26.27,3112281.0,398,0,0,3.86
469,0,3,19.12,3216249.0,405,0,0,3.923
469,0,4,15.72,38621.4,1,399,1,1.489
469,0,5,15.24,3398298.0,417,0,0,3.835
469,0,6,31.03,20656.1,0,404,1,1.5
469,0,7,39.17,3511628.0,427,0,0,3.832
469,0,8,35.65,704679.8,63,355,0,2.052
469,0,9,14.73,3235203.7,412,4,0,3.576
469,0,10,34.02,18499.1,1,413,0,1.481
469,0,11,10.86,3325976.7,410,2,0,3.773
469,0,12,13.55,2948982.0,371,0,0,3.896
469,0,13,19.72,533220.6,54,313,0,1.897
469,0,14,30.6,3270308.0,406,0,0,3.924
469,0,15,28.59,3009347.0,378,0,0,3.44
469,0,16,28.24,0.0,0,415,0,0.0
469,0,17,31.34,3260371.0,399,0,0,2.809
469,0,18,36.47,3191098.0,402,0,0,2.981
469,0,19,5.84,2717.2,0,412,0,1.722
469,0,20,17.27,3141619.4,405,0,0,3.912
469,0,21,22.59,3541397.9,440,6,0,3.551
469,0,22,29.89,49763.7,0,407,0,1.505
469,0,23,15.03,25941.0,1,401,0,1.616
469,0,24,29.93,0.0,0,0,0,0.0
469,0,25,15.88,0.0,0,0,0,0.0
469,0,26,12.33,0.0,0,0,0,0.0
469,0,27,23.22,0.0,0,0,0,0.0
469,0,28,22.59,0.0,0,0,0,0.0
469,0,29,18.02,0.0,0,0,0,0.0
469,0,30,31.52,0.0,0,0,0,0.0
469,0,31,35.22,0.0,0,0,0,0.0
469,1,0,20.0,45053.1,2,324,0,2.702
469,1,1,22.2,2667584.0,332,0,0,3.937
469,1,2,24.66,238043.1,22,333,0,2.963
469,1,3,21.54,2675092.0,331,0,0,3.962
469,1,4,33.76,498.6,0,366,0,2.818
469,1,5,23.71,2782099.0,352,0,0,3.916
469,1,6,10.08,2337713.3,288,33,0,3.446
469,1,7,5.47,2818697.0,353,0,0,3.936
469,1,8,9.6,2942554.0,368,0,0,3.961
469,1,9,21.73,37319.0,1,367,0,2.919
469,1,10,5.31,2744429.0,343,0,0,3.993
469,1,11,36.07,2659247.0,334,0,0,3.84
469,1,12,20.46,440.3,0,328,0,3.0
469,1,13,34.32,2740752.0,334,4,1,3.653
469,1,14,8.58,2879561.0,353,0,0,3.931
469,1,15,13.3,2439932.8,305,21,0,3.48
469,1,16,27.7,2658893.0,325,0,0,3.981
469,1,17,12.23,2912538.0,361,0,0,3.883
469,1,18,16.83,2227988.9,262,72,0,3.307
469,1,19,38.02,435785.9,40,300,0,3.059
469,1,20,37.85,2787150.0,343,0,0,3.963
469,1,21,8.07,2360118.8,277,56,0,3.41
469,1,22,27.42,2550995.0,318,1,0,3.863
469,1,23,29.83,949904.9,105,227,0,3.238
469,1,24,36.07,11295.7,0,384,1,2.353
469,1,25,17.54,214846.7,19,346,0,3.029
469,1,26,27.33,2992612.0,376,0,0,3.975
469,1,27,37.84,0.0,0,0,0,0.0
469,1,28,36.11,0.0,0,0,0,0.0
469,1,29,28.09,0.0,0,0,0,0.0
469,1,30,27.63,0.0,0,0,0,0.0
469,1,31,24.51,0.0,0,0,0,0.0
469,2,0,7.74,183.5,0,231,0,3.8
469,2,1,8.87,1760715.0,218,2,0,3.592
469,2,2,26.78,235479.1,25,212,0,2.95
469,2,3,17.07,1645906.0,203,0,0,3.815
469,2,4,20.49,1732449.0,219,0,0,3.908
469,2,5,18.4,208.0,0,219,0,1.0
469,2,6,16.21,1996985.0,243,0,0,3.986
469,2,7,28.9,1682851.0,212,8,0,3.508
469,2,8,15.49,1401421.1,178,48,0,3.423
469,2,9,34.34,522313.9,53,196,0,3.159
469,2,10,38.11,1787076.0,222,0,0,3.605
469,2,11,16.92,193555.5,16,202,0,2.866
469,2,12,10.26,1826940.0,230,1,0,3.961
469,2,13,21.54,1987187.3,248,7,0,3.594
469,2,14,19.74,1861097.7,233,2,0,3.619
469,2,15,32.07,1933241.0,246,8,0,3.449
469,2,16,36.08,1909727.0,229,0,0,3.939
469,2,17,28.98,1659312.0,215,0,0,3.924
469,2,18,8.04,1859217.0,231,0,0,3.934
469,2,19,33.29,1850564.1,226,8,0,3.562
469,2,20,17.79,11636.2,0,239,0,1.791
469,2,21,16.53,1638835.8,200,10,0,3.452
469,2,22,23.07,1707571.0,213,0,0,3.964
469,2,23,23.06,1667660.0,213,0,0,3.906
469,2,24,30.02,888303.8,96,135,0,3.208
469,2,25,18.79,9930.1,0,212,0,2.034
469,2,26,16.66,1784088.9,209,24,0,3.407
469,2,27,27.9,1594050.0,201,0,0,3.905
469,2,28,14.65,1201370.2,151,87,0,3.277
469,2,29,36.0,1660549.0,210,1,0,3.92
469,2,30,34.95,0.0,0,0,0,0.0
469,2,31,15.56,0.0,0,0,0,0.0
479,0,0,7.31,138104.7,6,412,0,1.795
479,0,1,29.18,0.0,0,404,0,0.0
479,0,2,26.27,3112281.0,398,0,0,3.858
479,0,3,19.12,3216249.0,405,0,0,3.929
479,0,4,15.72,36104.8,0,400,1,1.62
479,0,5,15.24,3398298.0,417,0,0,3.836
479,0,6,31.03,18979.4,0,404,1,1.516
479,0,7,39.17,3511628.0,427,0,0,3.85
479,0,8,35.65,748735.3,67,351,0,2.059
479,0,9,14.73,3241106.9,412,4,0,3.589
479,0,10,34.02,18809.5,1,413,0,1.49
479,0,11,10.86,3325976.7,410,2,0,3.788
479,0,12,13.55,2948982.0,371,0,0,3.889
479,0,13,19.72,504448.7,43,324,0,1.916
479,0,14,30.6,3270308.0,406,0,0,3.936
479,0,15,28.59,3009347.0,378,0,0,3.458
479,0,16,28.24,0.0,0,415,0,0.0
479,0,17,31.34,3260371.0,399,0,0,2.836
479,0,18,36.47,3191098.0,402,0,0,3.009
479,0,19,5.84,2519.8,0,412,0,2.292
479,0,20,17.27,3141619.4,405,0,0,3.919
479,0,21,22.59,3521224.4,436,10,0,3.537
479,0,22,29.89,49040.8,0,407,0,1.555
479,0,23,15.03,27023.5,0,402,0,1.71
479,0,24,29.93,0.0,0,0,0,0.0
479,0,25,15.88,0.0,0,0,0,0.0
479,0,26,12.33,0.0,0,0,0,0.0
479,0,27,23.22,0.0,0,0,0,0.0
479,0,28,22.59,0.0,0,0,0,0.0
479,0,29,18.02,0.0,0,0,0,0.0
479,0,30,31.52,0.0,0,0,0,0.0
479,0,31,35.22,0.0,0,0,0,0.0
479,1,0,20.0,47660.8,2,324,0,2.767
479,1,1,22.2,2667584.0,332,0,0,3.925
479,1,2,24.66,260419.4,25,330,0,3.026
479,1,3,21.54,2675092.0,331,0,0,3.965
479,1,4,33.76,588.6,0,366,0,3.462
479,1,5,23.71,2782099.0,352,0,0,3.919
479,1,6,10.08,2306976.9,287,34,0,3.489
479,1,7,5.47,2818697.0,353,0,0,3.949
479,1,8,9.6,2942554.0,368,0,0,3.95
479,1,9,21.73,38072.0,1,367,0,2.944
479,1,10,5.31,2744429.0,343,0,0,3.993
479,1,11,36.07,2659247.0,334,0,0,3.852
479,1,12,20.46,659.9,0,328,0,2.538
479,1,13,34.32,2747784.8,334,5,0,3.671
479,1,14,8.58,2879561.0,353,0,0,3.937
479,1,15,13.3,2406270.2,301,25,0,3.543
479,1,16,27.7,2658893.0,325,0,0,3.99
479,1,17,12.23,2912538.0,361,0,0,3.883
479,1,18,16.83,2236767.4,262,72,0,3.363
479,1,19,38.02,448817.2,39,301,0,3.111
479,1,20,37.85,2787150.0,343,0,0,3.977
479,1,21,8.07,2344957.2,282,51,0,3.471
479,1,22,27.42,2555389.0,319,0,0,3.881
479,1,23,29.83,993284.9,104,227,0,3.282
479,1,24,36.07,10171.1,0,385,0,2.663
479,1,25,17.54,205605.5,16,349,0,3.152
479,1,26,27.33,2992612.0,376,0,0,3.977
479,1,27,37.84,0.0,0,0,0,0.0
479,1,28,36.11,0.0,0,0,0,0.0
479,1,29,28.09,0.0,0,0,0,0.0
479,1,30,27.63,0.0,0,0,0,0.0
479,1,31,24.51,0.0,0,0,0,0.0
479,2,0,7.74,166.8,0,231,0,3.5
479,2,1,8.87,1762362.6,217,3,0,3.606
479,2,2,26.78,218986.2,18,219,0,3.053
479,2,3,17.07,1645906.0,203,0,0,3.82
479,2,4,20.49,1732449.0,219,0,0,3.939
479,2,5,18.4,208.0,0,219,0,1.0
479,2,6,16.21,1996985.0,243,0,0,3.986
479,2,7,28.9,1673382.9,209,11,0,3.506
479,2,8,15.49,1431791.7,176,50,0,3.426
479,2,9,34.34,553270.5,51,198,0,3.18
479,2,10,38.11,1786072.5,221,1,0,3.591
479,2,11,16.92,194393.9,19,199,0,2.895
479,2,12,10.26,1826940.0,230,1,0,3.961
479,2,13,21.54,1971934.1,245,10,0,3.603
479,2,14,19.74,1862511.9,233,2,0,3.659
479,2,15,32.07,1917228.9,244,9,0,3.5
479,2,16,36.08,1909727.0,229,0,0,3.935
479,2,17,28.98,1659312.0,215,0,0,3.943
479,2,18,8.04,1859217.0,231,0,0,3.938
479,2,19,33.29,1845151.4,224,9,0,3.617
479,2,20,17.79,12918.6,0,239,0,2.071
479,2,21,16.53,1654997.6,200,10,0,3.469
479,2,22,23.07,1707571.0,213,0,0,3.964
479,2,23,23.06,1667660.0,213,0,0,3.878
479,2,24,30.02,876289.3,94,137,0,3.256
479,2,25,18.79,9781.0,0,212,0,2.243
479,2,26,16.66,1783767.1,210,23,0,3.451
479,2,27,27.9,1594050.0,201,0,0,3.899
479,2,28,14.65,1187569.4,143,94,1,3.353
479,2,29,36.0,1660300.8,209,2,0,3.929
479,2,30,34.95,0.0,0,0,0,0.0
479,2,31,15.56,0.0,0,0,0,0.0
489,0,0,7.31,151624.9,6,412,0,1.908
489,0,1,29.18,0.0,0,404,0,0.0
489,0,2,26.27,3112281.0,398,0,0,3.872
489,0,3,19.12,3216249.0,405,0,0,3.929
489,0,4,15.72,37974.4,0,400,1,1.672
489,0,5,15.24,3398298.0,417,0,0,3.867
489,0,6,31.03,20377.8,0,403,2,1.694
489,0,7,39.17,3511628.0,427,0,0,3.86
489,0,8,35.65,712249.8,67,351,0,2.191
489,0,9,14.73,3224148.5,409,7,0,3.584
489,0,10,34.02,16176.5,0,414,0,1.55
489,0,11,10.86,3332780.5,411,1,0,3.806
489,0,12,13.55,2948982.0,371,0,0,3.908
489,0,13,19.72,546690.0,48,319,0,2.053
489,0,14,30.6,3270308.0,406,0,0,3.942
489,0,15,28.59,3009347.0,378,0,0,3.506
489,0,16,28.24,0.0,0,415,0,0.0
489,0,17,31.34,3254249.1,397,2,0,2.881
489,0,18,36.47,3191098.0,402,0,0,3.033
489,0,19,5.84,2528.8,0,412,0,1.647
489,0,20,17.27,3141619.4,405,0,0,3.934
489,0,21,22.59,3523930.3,437,9,0,3.587
489,0,22,29.89,46508.3,0,407,0,1.71
489,0,23,15.03,23105.1,0,402,0,1.882
489,0,24,29.93,0.0,0,0,0,0.0
489,0,25,15.88,0.0,0,0,0,0.0
489,0,26,12.33,0.0,0,0,0,0.0
489,0,27,23.22,0.0,0,0,0,0.0
489,0,28,22.59,0.0,0,0,0,0.0
489,0,29,18.02,0.0,0,0,0,0.0
489,0,30,31.52,0.0,0,0,0,0.0
489,0,31,35.22,0.0,0,0,0,0.0
489,1,0,20.0,49941.8,2,324,0,2.932
489,1,1,22.2,2667584.0,332,0,0,3.952
489,1,2,24.66,243745.9,21,334,0,3.087
489,1,3,21.54,2675092.0,331,0,0,3.968
489,1,4,33.76,552.3,0,366,0,3.111
489,1,5,23.71,2782099.0,352,0,0,3.947
489,1,6,10.08,2326030.9,289,32,0,3.568
489,1,7,5.47,2818697.0,353,0,0,3.961
489,1,8,9.6,2942554.0,368,0,0,3.967
489,1,9,21.73,29760.3,1,367,0,3.098
489,1,10,5.31,2744429.0,343,0,0,3.999
489,1,11,36.07,2659247.0,334,0,0,3.887
489,1,12,20.46,862.7,0,328,0,2.857
489,1,13,34.32,2746522.2,334,4,1,3.733
489,1,14,8.58,2879561.0,353,0,0,3.956
489,1,15,13.3,2442966.8,303,22,0,3.61
489,1,16,27.7,2658893.0,325,0,0,3.983
489,1,17,12.23,2912538.0,361,0,0,3.888
489,1,18,16.83,2203231.9,254,80,0,3.444
489,1,19,38.02,456501.6,38,302,0,3.183
489,1,20,37.85,2787150.0,343,0,0,3.968
489,1,21,8.07,2329355.6,284,49,0,3.543
489,1,22,27.42,2555389.0,319,0,0,3.896
489,1,23,29.83,996953.1,103,228,0,3.371
489,1,24,36.07,10900.1,0,385,0,2.822
489,1,25,17.54,206510.2,17,348,0,3.245
489,1,26,27.33,2992612.0,376,0,0,3.986
489,1,27,37.84,0.0,0,0,0,0.0
489,1,28,36.11,0.0,0,0,0,0.0
489,1,29,28.09,0.0,0,0,0,0.0
489,1,30,27.63,0.0,0,0,0,0.0
489,1,31,24.51,0.0,0,0,0,0.0
489,2,0,7.74,64.7,0,231,0,4.0
489,2,1,8.87,1753131.7,217,3,0,3.689
489,2,2,26.78,213218.2,20,217,0,3.127
489,2,3,17.07,1645906.0,203,0,0,3.88
489,2,4,20.49,1732449.0,219,0,0,3.962
489,2,5,18.4,88.0,0,219,0,2.0
489,2,6,16.21,1996985.0,243,0,0,3.994
489,2,7,28.9,1693792.4,211,9,0,3.609
489,2,8,15.49,1466255.0,185,41,0,3.525
489,2,9,34.34,566052.8,55,194,0,3.294
489,2,10,38.11,1780039.3,221,1,0,3.674
489,2,11,16.92,209682.9,17,201,0,3.076
489,2,12,10.26,1826940.0,230,1,0,3.975
489,2,13,21.54,1977752.1,247,8,0,3.687
489,2,14,19.74,1859973.4,234,1,0,3.711
489,2,15,32.07,1915332.8,241,12,0,3.597
489,2,16,36.08,1909727.0,229,0,0,3.962
489,2,17,28.98,1659312.0,215,0,0,3.96
489,2,18,8.04,1859217.0,231,0,0,3.951
489,2,19,33.29,1855054.6,228,6,0,3.684
489,2,20,17.79,16288.3,0,239,0,2.364
489,2,21,16.53,1643430.6,198,12,0,3.584
489,2,22,23.07,1707571.0,213,0,0,3.962
489,2,23,23.06,1667660.0,213,0,0,3.919
489,2,24,30.02,890327.3,96,135,0,3.342
489,2,25,18.79,9887.0,0,212,0,2.357
489,2,26,16.66,1793602.4,207,26,0,3.548
489,2,27,27.9,1594050.0,201,0,0,3.927
489,2,28,14.65,1181840.5,142,96,0,3.449
489,2,29,36.0,1671793.0,211,0,0,3.942
489,2,30,34.95,0.0,0,0,0,0.0
489,2,31,15.56,0.0,0,0,0,0.0
499,0,0,7.31,131713.9,8,410,0,1.809
499,0,1,29.18,0.0,0,404,0,0.0
499,0,2,26.27,3112281.0,398,0,0,3.865
499,0,3,19.12,3216249.0,405,0,0,3.934
499,0,4,15.72,38894.1,0,400,1,1.549
499,0,5,15.24,3398298.0,417,0,0,3.838
499,0,6,31.03,18427.2,0,404,1,1.544
499,0,7,39.17,3511628.0,427,0,0,3.837
499,0,8,35.65,714522.0,68,350,0,2.058
499,0,9,14.73,3246709.4,413,3,0,3.574
499,0,10,34.02,13262.1,0,414,0,1.437
499,0,11,10.86,3332780.5,411,1,0,3.796
499,0,12,13.55,2948982.0,371,0,0,3.882
499,0,13,19.72,536941.2,50,317,0,1.95
499,0,14,30.6,3270308.0,406,0,0,3.937
499,0,15,28.59,3009347.0,378,0,0,3.473
499,0,16,28.24,0.0,0,415,0,0.0
499,0,17,31.34,3252757.0,397,2,0,2.828
499,0,18,36.47,3191098.0,402,0,0,2.948
499,0,19,5.84,2269.5,0,412,0,1.812
499,0,20,17.27,3146635.0,406,0,0,3.922
499,0,21,22.59,3545012.8,441,5,0,3.542
499,0,22,29.89,49265.1,0,407,0,1.608
499,0,23,15.03,22941.0,1,400,1,1.658
499,0,24,29.93,0.0,0,0,0,0.0
499,0,25,15.88,0.0,0,0,0,0.0
499,0,26,12.33,0.0,0,0,0,0.0
499,0,27,23.22,0.0,0,0,0,0.0
499,0,28,22.59,0.0,0,0,0,0.0
499,0,29,18.02,0.0,0,0,0,0.0
499,0,30,31.52,0.0,0,0,0,0.0
499,0,31,35.22,0.0,0,0,0,0.0
499,1,0,20.0,44252.7,1,325,0,2.816
499,1,1,22.2,2667584.0,332,0,0,3.953
499,1,2,24.66,227074.1,21,334,0,3.11
499,1,3,21.54,2675092.0,331,0,0,3.969
499,1,4,33.76,198.1,0,366,0,2.8
499,1,5,23.71,2782099.0,352,0,0,3.94
499,1,6,10.08,2352139.4,291,30,0,3.522
499,1,7,5.47,2818697.0,353,0,0,3.943
499,1,8,9.6,2942554.0,368,0,0,3.966
499,1,9,21.73,37807.1,2,366,0,3.05
499,1,10,5.31,2744429.0,343,0,0,3.997
499,1,11,36.07,2659247.0,334,0,0,3.883
499,1,12,20.46,1275.9,0,328,0,2.625
499,1,13,34.32,2756503.9,338,1,1,3.728
499,1,14,8.58,2879561.0,353,0,0,3.947
499,1,15,13.3,2446731.4,305,21,0,3.562
499,1,16,27.7,2658893.0,325,0,0,3.988
499,1,17,12.23,2912538.0,361,0,0,3.903
499,1,18,16.83,2229933.0,260,75,0,3.409
499,1,19,38.02,429096.3,38,302,0,3.138
499,1,20,37.85,2787150.0,343,0,0,3.962
499,1,21,8.07,2328609.4,280,53,0,3.503
499,1,22,27.42,2555389.0,319,0,0,3.896
499,1,23,29.83,1016607.9,108,223,0,3.304
499,1,24,36.07,8351.4,0,385,0,2.671
499,1,25,17.54,204683.0,17,348,0,3.217
499,1,26,27.33,2992612.0,376,0,0,3.978
499,1,27,37.84,0.0,0,0,0,0.0
499,1,28,36.11,0.0,0,0,0,0.0
499,1,29,28.09,0.0,0,0,0,0.0
499,1,30,27.63,0.0,0,0,0,0.0
499,1,31,24.51,0.0,0,0,0,0.0
499,2,0,7.74,44.7,0,231,0,3.0
499,2,1,8.87,1746738.6,216,4,0,3.691
499,2,2,26.78,230700.9,22,215,0,3.086
499,2,3,17.07,1645906.0,203,0,0,3.86
499,2,4,20.49,1732449.0,219,0,0,3.957
499,2,5,18.4,208.0,0,219,0,1.0
499,2,6,16.21,1996985.0,243,0,0,3.986
499,2,7,28.9,1708524.9,213,7,0,3.594
499,2,8,15.49,1442553.0,181,45,0,3.505
499,2,9,34.34,546361.6,54,195,0,3.272
499,2,10,38.11,1787076.0,222,0,0,3.659
499,2,11,16.92,190316.9,18,200,0,3.033
499,2,12,10.26,1826940.0,230,1,0,3.967
499,2,13,21.54,1981194.4,247,8,0,3.628
499,2,14,19.74,1857789.5,234,1,0,3.713
499,2,15,32.07,1932642.6,245,9,0,3.526
499,2,16,36.08,1909727.0,229,0,0,3.955
499,2,17,28.98,1659312.0,215,0,0,3.964
499,2,18,8.04,1859217.0,231,0,0,3.953
499,2,19,33.29,1825713.0,225,9,0,3.646
499,2,20,17.79,11470.4,0,239,0,1.913
499,2,21,16.53,1666252.1,202,8,0,3.557
499,2,22,23.07,1707571.0,213,0,0,3.968
499,2,23,23.06,1667660.0,213,0,0,3.919
499,2,24,30.02,891858.0,95,136,0,3.374
499,2,25,18.79,10860.4,0,212,0,2.233
499,2,26,16.66,1824998.7,212,21,0,3.511
499,2,27,27.9,1594050.0,201,0,0,3.913
499,2,28,14.65,1168805.4,138,100,0,3.405
499,2,29,36.0,1664015.1,210,1,0,3.941
499,2,30,34.95,0.0,0,0,0,0.0
499,2,31,15.56,0.0,0,0,0,0.0
509,0,0,7.31,154299.1,10,408,0,1.832
509,0,1,29.18,0.0,0,404,0,0.0
509,0,2,26.27,3112281.0,398,0,0,3.864
509,0,3,19.12,3216249.0,405,0,0,3.937
509,0,4,15.72,35177.6,0,400,1,1.497
509,0,5,15.24,3398298.0,417,0,0,3.852
509,0,6,31.03,21051.9,0,403,2,1.543
509,0,7,39.17,3511628.0,427,0,0,3.837
509,0,8,35.65,687590.9,64,354,0,2.101
509,0,9,14.73,3236947.0,412,4,0,3.596
509,0,10,34.02,11794.8,0,414,0,1.718
509,0,11,10.86,3320228.5,408,4,0,3.799
509,0,12,13.55,2948982.0,371,0,0,3.911
509,0,13,19.72,544880.6,51,316,0,1.924
509,0,14,30.6,3270308.0,406,0,0,3.943
509,0,15,28.59,3009347.0,378,0,0,3.5
509,0,16,28.24,0.0,0,415,0,0.0
509,0,17,31.34,3260371.0,399,0,0,2.887
509,0,18,36.47,3191098.0,402,0,0,3.01
509,0,19,5.84,2331.5,0,412,0,1.667
509,0,20,17.27,3146635.0,406,0,0,3.93
509,0,21,22.59,3530010.6,437,9,0,3.561
509,0,22,29.89,49024.9,0,407,0,1.676
509,0,23,15.03,24338.0,1,400,1,1.754
509,0,24,29.93,0.0,0,0,0,0.0
509,0,25,15.88,0.0,0,0,0,0.0
509,0,26,12.33,0.0,0,0,0,0.0
509,0,27,23.22,0.0,0,0,0,0.0
509,0,28,22.59,0.0,0,0,0,0.0
509,0,29,18.02,0.0,0,0,0,0.0
509,0,30,31.52,0.0,0,0,0,0.0
509,0,31,35.22,0.0,0,0,0,0.0
509,1,0,20.0,42797.5,0,326,0,2.894
509,1,1,22.2,2667584.0,332,0,0,3.958
509,1,2,24.66,243632.8,21,334,0,3.194
509,1,3,21.54,2675092.0,331,0,0,3.983
509,1,4,33.76,484.8,0,366,0,3.25
509,1,5,23.71,2782099.0,352,0,0,3.947
509,1,6,10.08,2334571.6,288,33,0,3.584
509,1,7,5.47,2818697.0,353,0,0,3.971
509,1,8,9.6,2942554.0,368,0,0,3.969
509,1,9,21.73,32782.1,2,366,0,3.065
509,1,10,5.31,2744429.0,343,0,0,3.997
509,1,11,36.07,2659247.0,334,0,0,3.896
509,1,12,20.46,960.9,0,328,0,2.417
509,1,13,34.32,2752569.8,336,3,1,3.776
509,1,14,8.58,2879561.0,353,0,0,3.964
509,1,15,13.3,2464522.6,308,18,0,3.647
509,1,16,27.7,2658893.0,325,0,0,3.988
509,1,17,12.23,2912538.0,361,0,0,3.932
509,1,18,16.83,2204432.8,260,75,0,3.49
509,1,19,38.02,440885.7,38,302,0,3.25
509,1,20,37.85,2787150.0,343,0,0,3.977
509,1,21,8.07,2300136.6,276,57,0,3.567
509,1,22,27.42,2555389.0,319,0,0,3.917
509,1,23,29.83,1029642.6,110,221,0,3.38
509,1,24,36.07,10791.5,0,385,0,2.755
509,1,25,17.54,211439.0,18,347,0,3.207
509,1,26,27.33,2992612.0,376,0,0,3.985
509,1,27,37.84,0.0,0,0,0,0.0
509,1,28,36.11,0.0,0,0,0,0.0
509,1,29,28.09,0.0,0,0,0,0.0
509,1,30,27.63,0.0,0,0,0,0.0
509,1,31,24.51,0.0,0,0,0,0.0
509,2,0,7.74,283.0,0,231,0,3.5
509,2,1,8.87,1760013.7,218,2,0,3.717
509,2,2,26.78,210235.7,19,218,0,3.269
509,2,3,17.07,1645906.0,203,0,0,3.87
509,2,4,20.49,1732449.0,219,0,0,3.956
509,2,5,18.4,297.3,0,219,0,1.5
509,2,6,16.21,1996985.0,243,0,0,3.996
509,2,7,28.9,1698643.4,212,8,0,3.672
509,2,8,15.49,1469172.5,181,45,0,3.586
509,2,9,34.34,556873.8,57,192,0,3.324
509,2,10,38.11,1787076.0,222,0,0,3.721
509,2,11,16.92,179362.0,15,203,0,3.176
509,2,12,10.26,1826940.0,230,1,0,3.974
509,2,13,21.54,2008119.2,249,6,0,3.721
509,2,14,19.74,1853152.1,233,2,0,3.763
509,2,15,32.07,1919753.5,243,11,0,3.61
509,2,16,36.08,1909727.0,229,0,0,3.979
509,2,17,28.98,1659312.0,215,0,0,3.967
509,2,18,8.04,1859217.0,231,0,0,3.962
509,2,19,33.29,1853492.7,229,4,0,3.714
509,2,20,17.79,8686.8,0,239,0,2.543
509,2,21,16.53,1641002.9,198,12,0,3.666
509,2,22,23.07,1707571.0,213,0,0,3.974
509,2,23,23.06,1667660.0,213,0,0,3.949
509,2,24,30.02,898028.2,95,136,0,3.417
509,2,25,18.79,10016.2,0,212,0,2.467
509,2,26,16.66,1807648.1,212,21,0,3.569
509,2,27,27.9,1594050.0,201,0,0,3.949
509,2,28,14.65,1227523.9,147,91,0,3.475
509,2,29,36.0,1660607.6,210,1,0,3.954
509,2,30,34.95,0.0,0,0,0,0.0
509,2,31,15.56,0.0,0,0,0,0.0
519,0,0,7.31,155276.6,7,411,0,2.312
519,0,1,29.18,0.0,0,404,0,0.0
519,0,2,26.27,3112281.0,398,0,0,3.922
519,0,3,19.12,3216249.0,405,0,0,3.962
519,0,4,15.72,39395.7,0,400,1,2.081
519,0,5,15.24,3398298.0,417,0,0,3.893
519,0,6,31.03,22561.8,0,404,1,2.188
519,0,7,39.17,3511628.0,427,0,0,3.903
519,0,8,35.65,774945.5,62,356,0,2.438
519,0,9,14.73,3238624.8,411,5,0,3.689
519,0,10,34.02,12082.5,0,414,0,2.19
519,0,11,10.86,3330711.0,410,2,0,3.847
519,0,12,13.55,2948982.0,371,0,0,3.959
519,0,13,19.72,506454.0,40,327,0,2.34
519,0,14,30.6,3270308.0,406,0,0,3.965
519,0,15,28.59,3009347.0,378,0,0,3.579
519,0,16,28.24,0.0,0,415,0,0.0
519,0,17,31.34,3260371.0,399,0,0,3.111
519,0,18,36.47,3191098.0,402,0,0,3.186
519,0,19,5.84,1620.6,0,412,0,2.579
519,0,20,17.27,3141753.4,405,0,0,3.954
519,0,21,22.59,3545678.1,441,5,0,3.661
519,0,22,29.89,44509.8,0,407,0,2.269
519,0,23,15.03,28242.1,1,400,1,2.308
519,0,24,29.93,0.0,0,0,0,0.0
519,0,25,15.88,0.0,0,0,0,0.0
519,0,26,12.33,0.0,0,0,0,0.0
519,0,27,23.22,0.0,0,0,0,0.0
519,0,28,22.59,0.0,0,0,0,0.0
519,0,29,18.02,0.0,0,0,0,0.0
519,0,30,31.52,0.0,0,0,0,0.0
519,0,31,35.22,0.0,0,0,0,0.0
519,1,0,20.0,48855.6,1,325,0,3.335
519,1,1,22.2,2667584.0,332,0,0,3.979
519,1,2,24.66,265569.9,19,336,0,3.491
519,1,3,21.54,2675092.0,331,0,0,3.986
519,1,4,33.76,853.7,0,366,0,3.125
519,1,5,23.71,2782099.0,352,0,0,3.978
519,1,6,10.08,2342040.0,287,34,0,3.752
519,1,7,5.47,2818697.0,353,0,0,3.986
519,1,8,9.6,2942554.0,368,0,0,3.989
519,1,9,21.73,31934.1,2,366,0,3.427
519,1,10,5.31,2744429.0,343,0,0,4.0
519,1,11,36.07,2659247.0,334,0,0,3.947
519,1,12,20.46,1426.0,0,328,0,3.333
519,1,13,34.32,2742872.3,334,4,1,3.878
519,1,14,8.58,2879561.0,353,0,0,3.978
519,1,15,13.3,2433157.6,303,22,0,3.787
519,1,16,27.7,2658893.0,325,0,0,3.998
519,1,17,12.23,2912538.0,361,0,0,3.968
519,1,18,16.83,2193293.8,251,83,0,3.67
519,1,19,38.02,456221.2,33,307,0,3.522
519,1,20,37.85,2787150.0,343,0,0,3.986
519,1,21,8.07,2269489.0,267,66,0,3.74
519,1,22,27.42,2552432.4,318,0,0,3.959
519,1,23,29.83,980838.6,103,229,0,3.598
519,1,24,36.07,9771.1,0,385,0,3.389
519,1,25,17.54,224973.7,17,348,0,3.503
519,1,26,27.33,2992612.0,376,0,0,3.996
519,1,27,37.84,0.0,0,0,0,0.0
519,1,28,36.11,0.0,0,0,0,0.0
519,1,29,28.09,0.0,0,0,0,0.0
519,1,30,27.63,0.0,0,0,0,0.0
519,1,31,24.51,0.0,0,0,0,0.0
519,2,0,7.74,295.6,0,231,0,3.167
519,2,1,8.87,1762208.6,218,2,0,3.854
519,2,2,26.78,225151.0,16,221,0,3.51
519,2,3,17.07,1645906.0,203,0,0,3.953
519,2,4,20.49,1732449.0,219,0,0,3.979
519,2,5,18.4,116.5,0,219,0,3.0
519,2,6,16.21,1996985.0,243,0,0,4.0
519,2,7,28.9,1706918.0,213,7,0,3.833
519,2,8,15.49,1435938.7,178,48,0,3.747
519,2,9,34.34,561732.2,50,199,0,3.601
519,2,10,38.11,1783852.1,221,1,0,3.845
519,2,11,16.92,187242.6,13,205,0,3.474
519,2,12,10.26,1826940.0,230,1,0,3.99
519,2,13,21.54,1994252.0,248,7,0,3.829
519,2,14,19.74,1851570.3,232,3,0,3.881
519,2,15,32.07,1926284.8,242,12,0,3.769
519,2,16,36.08,1909727.0,229,0,0,3.979
519,2,17,28.98,1659312.0,215,0,0,3.996
519,2,18,8.04,1859217.0,231,0,0,3.981
519,2,19,33.29,1848886.6,226,8,0,3.878
519,2,20,17.79,9900.4,0,239,0,3.013
519,2,21,16.53,1644319.0,199,11,0,3.813
519,2,22,23.07,1707571.0,213,0,0,3.986
519,2,23,23.06,1667660.0,213,0,0,3.98
519,2,24,30.02,937713.6,92,139,0,3.625
519,2,25,18.79,9693.5,0,212,0,3.072
519,2,26,16.66,1779345.5,207,26,0,3.767
519,2,27,27.9,1594050.0,201,0,0,3.98
519,2,28,14.65,1211933.3,140,98,0,3.649
519,2,29,36.0,1663692.8,209,2,0,3.971
519,2,30,34.95,0.0,0,0,0,0.0
519,2,31,15.56,0.0,0,0,0,0.0
529,0,0,7.31,139344.0,6,412,0,2.456
529,0,1,29.18,0.0,0,404,0,0.0
529,0,2,26.27,3112281.0,398,0,0,3.926
529,0,3,19.12,3216249.0,405,0,0,3.973
529,0,4,15.72,42914.6,0,400,1,2.316
529,0,5,15.24,3398298.0,417,0,0,3.913
529,0,6,31.03,20574.6,0,405,0,2.488
529,0,7,39.17,3511628.0,427,0,0,3.916
529,0,8,35.65,706769.1,56,362,0,2.582
529,0,9,14.73,3238624.8,411,5,0,3.728
529,0,10,34.02,14590.6,0,414,0,2.314
529,0,11,10.86,3328450.0,409,4,0,3.882
529,0,12,13.55,2948982.0,371,0,0,3.957
529,0,13,19.72,576957.7,45,322,0,2.495
529,0,14,30.6,3270308.0,406,0,0,3.978
529,0,15,28.59,3009347.0,378,0,0,3.638
529,0,16,28.24,0.0,0,415,0,0.0
529,0,17,31.34,3256814.9,397,2,0,3.242
529,0,18,36.47,3189526.1,401,1,0,3.301
529,0,19,5.84,1782.9,0,412,0,2.167
529,0,20,17.27,3146635.0,406,0,0,3.972
529,0,21,22.59,3532670.4,440,6,0,3.735
529,0,22,29.89,43564.2,0,407,0,2.438
529,0,23,15.03,25611.8,1,401,0,2.584
529,0,24,29.93,0.0,0,0,0,0.0
529,0,25,15.88,0.0,0,0,0,0.0
529,0,26,12.33,0.0,0,0,0,0.0
529,0,27,23.22,0.0,0,0,0,0.0
529,0,28,22.59,0.0,0,0,0,0.0
529,0,29,18.02,0.0,0,0,0,0.0
529,0,30,31.52,0.0,0,0,0,0.0
529,0,31,35.22,0.0,0,0,0,0.0
529,1,0,20.0,62045.0,1,325,0,3.436
529,1,1,22.2,2667584.0,332,0,0,3.987
529,1,2,24.66,266135.9,18,337,0,3.569
529,1,3,21.54,2675092.0,331,0,0,3.994
529,1,4,33.76,676.3,0,366,0,3.684
529,1,5,23.71,2782099.0,352,0,0,3.984
529,1,6,10.08,2333776.5,285,36,0,3.832
529,1,7,5.47,2818697.0,353,0,0,3.989
529,1,8,9.6,2942554.0,368,0,0,3.995
529,1,9,21.73,40749.8,2,366,0,3.514
529,1,10,5.31,2744429.0,343,0,0,4.0
529,1,11,36.07,2659247.0,334,0,0,3.965
529,1,12,20.46,1258.1,0,328,0,3.379
529,1,13,34.32,2731822.3,333,6,0,3.922
529,1,14,8.58,2879561.0,353,0,0,3.989
529,1,15,13.3,2464471.3,305,20,0,3.842
529,1,16,27.7,2658893.0,325,0,0,3.998
529,1,17,12.23,2912538.0,361,0,0,3.977
529,1,18,16.83,2167624.2,252,82,0,3.727
529,1,19,38.02,441274.9,31,309,0,3.62
529,1,20,37.85,2787150.0,343,0,0,3.991
529,1,21,8.07,2260001.1,268,65,0,3.797
529,1,22,27.42,2555389.0,319,0,0,3.98
529,1,23,29.83,940909.1,88,244,0,3.694
529,1,24,36.07,10431.1,0,385,0,3.517
529,1,25,17.54,229045.2,15,350,0,3.576
529,1,26,27.33,2992612.0,376,0,0,3.999
529,1,27,37.84,0.0,0,0,0,0.0
529,1,28,36.11,0.0,0,0,0,0.0
529,1,29,28.09,0.0,0,0,0,0.0
529,1,30,27.63,0.0,0,0,0,0.0
529,1,31,24.51,0.0,0,0,0,0.0
529,2,0,7.74,303.2,0,231,0,3.889
529,2,1,8.87,1752126.6,217,3,0,3.886
529,2,2,26.78,216810.2,15,222,0,3.602
529,2,3,17.07,1645906.0,203,0,0,3.958
529,2,4,20.49,1732449.0,219,0,0,3.993
529,2,5,18.4,106.5,0,219,0,3.0
529,2,6,16.21,1996985.0,243,0,0,4.0
529,2,7,28.9,1715978.5,212,8,0,3.874
529,2,8,15.49,1471826.5,185,41,0,3.789
529,2,9,34.34,566799.4,49,200,0,3.655
529,2,10,38.11,1787076.0,222,0,0,3.871
529,2,11,16.92,202909.6,13,205,0,3.53
529,2,12,10.26,1826940.0,230,1,0,3.996
529,2,13,21.54,2010207.9,249,6,0,3.872
529,2,14,19.74,1844041.6,231,4,0,3.916
529,2,15,32.07,1927982.5,245,9,0,3.805
529,2,16,36.08,1909727.0,229,0,0,3.991
529,2,17,28.98,1659312.0,215,0,0,3.996
529,2,18,8.04,1859217.0,231,0,0,3.991
529,2,19,33.29,1847785.3,227,7,0,3.899
529,2,20,17.79,10328.0,0,239,0,3.099
529,2,21,16.53,1643814.2,199,11,0,3.85
529,2,22,23.07,1707571.0,213,0,0,3.986
529,2,23,23.06,1667660.0,213,0,0,3.984
529,2,24,30.02,915590.6,90,141,0,3.691
529,2,25,18.79,7200.1,0,212,0,3.127
529,2,26,16.66,1801857.0,210,23,0,3.818
529,2,27,27.9,1594050.0,201,0,0,3.986
529,2,28,14.65,1242199.8,144,94,0,3.742
529,2,29,36.0,1667726.6,210,1,0,3.984
529,2,30,34.95,0.0,0,0,0,0.0
529,2,31,15.56,0.0,0,0,0,0.0
539,0,0,7.31,129164.4,5,413,0,2.49
539,0,1,29.18,0.0,0,404,0,0.0
539,0,2,26.27,3112281.0,398,0,0,3.938
539,0,3,19.12,3216249.0,405,0,0,3.974
539,0,4,15.72,40182.3,0,400,1,2.407
539,0,5,15.24,3398298.0,417,0,0,3.918
539,0,6,31.03,20275.4,0,405,0,2.514
539,0,7,39.17,3511628.0,427,0,0,3.929
539,0,8,35.65,779810.1,58,360,0,2.618
539,0,9,14.73,3241184.7,412,4,0,3.744
539,0,10,34.02,15583.7,0,414,0,2.355
539,0,11,10.86,3328504.2,409,4,0,3.894
539,0,12,13.55,2948982.0,371,0,0,3.948
539,0,13,19.72,578672.8,39,328,0,2.543
539,0,14,30.6,3270308.0,406,0,0,3.978
539,0,15,28.59,3009347.0,378,0,0,3.667
539,0,16,28.24,0.0,0,415,0,0.0
539,0,17,31.34,3253720.3,397,2,0,3.255
539,0,18,36.47,3191098.0,402,0,0,3.344
539,0,19,5.84,1703.9,0,412,0,2.5
539,0,20,17.27,3146635.0,406,0,0,3.966
539,0,21,22.59,3539963.2,440,6,0,3.751
539,0,22,29.89,38301.0,0,407,0,2.481
539,0,23,15.03,26121.1,0,402,0,2.674
539,0,24,29.93,0.0,0,0,0,0.0
539,0,25,15.88,0.0,0,0,0,0.0
539,0,26,12.33,0.0,0,0,0,0.0
539,0,27,23.22,0.0,0,0,0,0.0
539,0,28,22.59,0.0,0,0,0,0.0
539,0,29,18.02,0.0,0,0,0,0.0
539,0,30,31.52,0.0,0,0,0,0.0
539,0,31,35.22,0.0,0,0,0,0.0
539,1,0,20.0,53040.9,0,326,0,3.488
539,1,1,22.2,2667584.0,332,0,0,3.989
539,1,2,24.66,282016.8,18,337,0,3.567
539,1,3,21.54,2675092.0,331,0,0,3.999
539,1,4,33.76,584.9,0,366,0,3.737
539,1,5,23.71,2782099.0,352,0,0,3.986
539,1,6,10.08,2347885.2,287,34,0,3.825
539,1,7,5.47,2818697.0,353,0,0,3.987
539,1,8,9.6,2942554.0,368,0,0,3.996
539,1,9,21.73,44003.7,2,366,0,3.467
539,1,10,5.31,2744429.0,343,0,0,4.0
539,1,11,36.07,2659247.0,334,0,0,3.968
539,1,12,20.46,1619.7,0,328,0,3.4
539,1,13,34.32,2754764.4,336,3,1,3.921
539,1,14,8.58,2879561.0,353,0,0,3.986
539,1,15,13.3,2450226.6,306,19,0,3.856
539,1,16,27.7,2658893.0,325,0,0,3.999
539,1,17,12.23,2912538.0,361,0,0,3.981
539,1,18,16.83,2163868.8,248,87,0,3.758
539,1,19,38.02,418578.8,34,306,0,3.615
539,1,20,37.85,2787150.0,343,0,0,3.998
539,1,21,8.07,2263872.9,275,58,0,3.809
539,1,22,27.42,2555389.0,319,0,0,3.984
539,1,23,29.83,980318.0,98,233,0,3.693
539,1,24,36.07,9187.3,0,385,0,3.387
539,1,25,17.54,249388.0,15,350,0,3.592
539,1,26,27.33,2992612.0,376,0,0,3.999
539,1,27,37.84,0.0,0,0,0,0.0
539,1,28,36.11,0.0,0,0,0,0.0
539,1,29,28.09,0.0,0,0,0,0.0
539,1,30,27.63,0.0,0,0,0,0.0
539,1,31,24.51,0.0,0,0,0,0.0
539,2,0,7.74,217.4,0,231,0,3.833
539,2,1,8.87,1753029.8,217,3,0,3.88
539,2,2,26.78,230494.6,16,221,0,3.547
539,2,3,17.07,1645906.0,203,0,0,3.964
539,2,4,20.49,1732449.0,219,0,0,3.989
539,2,5,18.4,178.3,0,219,0,2.0
539,2,6,16.21,1996985.0,243,0,0,3.998
539,2,7,28.9,1731467.9,215,5,0,3.886
539,2,8,15.49,1469087.2,185,41,0,3.801
539,2,9,34.34,573910.6,51,198,0,3.645
539,2,10,38.11,1787076.0,222,0,0,3.884
539,2,11,16.92,194239.5,13,205,0,3.552
539,2,12,10.26,1835399.0,231,0,0,3.992
539,2,13,21.54,2003697.7,249,6,0,3.859
539,2,14,19.74,1850009.0,231,4,0,3.924
539,2,15,32.07,1951818.9,246,8,0,3.798
539,2,16,36.08,1909727.0,229,0,0,3.992
539,2,17,28.98,1659312.0,215,0,0,3.993
539,2,18,8.04,1859217.0,231,0,0,3.991
539,2,19,33.29,1848676.9,227,7,0,3.907
539,2,20,17.79,9574.8,0,239,0,3.241
539,2,21,16.53,1652122.0,200,10,0,3.839
539,2,22,23.07,1707571.0,213,0,0,3.992
539,2,23,23.06,1667660.0,213,0,0,3.984
539,2,24,30.02,934118.1,92,139,0,3.699
539,2,25,18.79,5074.1,0,212,0,3.323
539,2,26,16.66,1794824.0,211,22,0,3.822
539,2,27,27.9,1594050.0,201,0,0,3.988
539,2,28,14.65,1216461.0,145,93,0,3.753
539,2,29,36.0,1671793.0,211,0,0,3.984
539,2,30,34.95,0.0,0,0,0,0.0
539,2,31,15.56,0.0,0,0,0,0.0
549,0,0,7.31,143512.5,3,415,0,2.844
549,0,1,29.18,0.0,0,404,0,0.0
549,0,2,26.27,3112281.0,398,0,0,3.956
549,0,3,19.12,3216249.0,405,0,0,3.98
549,0,4,15.72,43750.3,0,399,2,2.756
549,0,5,15.24,3398298.0,417,0,0,3.947
549,0,6,31.03,20308.9,0,405,0,2.982
549,0,7,39.17,3511628.0,427,0,0,3.944
549,0,8,35.65,719875.9,44,374,0,2.898
549,0,9,14.73,3246705.4,413,3,0,3.831
549,0,10,34.02,18838.3,1,413,0,2.657
549,0,11,10.86,3332182.9,410,3,0,3.93
549,0,12,13.55,2948982.0,371,0,0,3.971
549,0,13,19.72,540973.7,28,339,0,2.813
549,0,14,30.6,3270308.0,406,0,0,3.982
549,0,15,28.59,3009347.0,378,0,0,3.769
549,0,16,28.24,0.0,0,415,0,0.0
549,0,17,31.34,3244691.3,397,2,0,3.451
549,0,18,36.47,3191098.0,402,0,0,3.52
549,0,19,5.84,2387.9,0,412,0,2.946
549,0,20,17.27,3146635.0,406,0,0,3.983
549,0,21,22.59,3541304.3,439,7,0,3.831
549,0,22,29.89,43644.0,0,406,1,2.878
549,0,23,15.03,32049.0,0,401,1,2.984
549,0,24,29.93,0.0,0,0,0,0.0
549,0,25,15.88,0.0,0,0,0,0.0
549,0,26,12.33,0.0,0,0,0,0.0
549,0,27,23.22,0.0,0,0,0,0.0
549,0,28,22.59,0.0,0,0,0,0.0
549,0,29,18.02,0.0,0,0,0,0.0
549,0,30,31.52,0.0,0,0,0,0.0
549,0,31,35.22,0.0,0,0,0,0.0
549,1,0,20.0,48933.3,0,326,0,3.677
549,1,1,22.2,2667584.0,332,0,0,3.995
549,1,2,24.66,289935.3,18,337,0,3.733
549,1,3,21.54,2675092.0,331,0,0,3.997
549,1,4,33.76,1147.6,0,366,0,3.714
549,1,5,23.71,2782099.0,352,0,0,3.994
549,1,6,10.08,2333814.4,285,36,0,3.906
549,1,7,5.47,2818697.0,353,0,0,3.994
549,1,8,9.6,2942554.0,368,0,0,3.999
549,1,9,21.73,50012.6,1,367,0,3.667
549,1,10,5.31,2744429.0,343,0,0,4.0
549,1,11,36.07,2659247.0,334,0,0,3.979
549,1,12,20.46,1324.0,0,328,0,3.711
549,1,13,34.32,2754932.1,336,3,1,3.957
549,1,14,8.58,2879561.0,353,0,0,3.996
549,1,15,13.3,2454318.0,307,18,0,3.918
549,1,16,27.7,2658893.0,325,0,0,4.0
549,1,17,12.23,2912538.0,361,0,0,3.991
549,1,18,16.83,2148903.3,239,95,0,3.853
549,1,19,38.02,424619.6,26,314,0,3.736
549,1,20,37.85,2787150.0,343,0,0,3.999
549,1,21,8.07,2251007.0,268,65,0,3.9
549,1,22,27.42,2555389.0,319,0,0,3.99
549,1,23,29.83,953037.5,88,243,0,3.801
549,1,24,36.07,9916.2,0,385,0,3.683
549,1,25,17.54,254477.5,12,353,0,3.725
549,1,26,27.33,2992612.0,376,0,0,4.0
549,1,27,37.84,0.0,0,0,0,0.0
549,1,28,36.11,0.0,0,0,0,0.0
549,1,29,28.09,0.0,0,0,0,0.0
549,1,30,27.63,0.0,0,0,0,0.0
549,1,31,24.51,0.0,0,0,0,0.0
549,2,0,7.74,437.6,0,231,0,3.75
549,2,1,8.87,1751575.7,217,3,0,3.938
549,2,2,26.78,225778.0,11,226,0,3.678
549,2,3,17.07,1645906.0,203,0,0,3.98
549,2,4,20.49,1732449.0,219,0,0,3.995
549,2,5,18.4,162.7,0,219,0,3.0
549,2,6,16.21,1996985.0,243,0,0,4.0
549,2,7,28.9,1705178.2,212,8,0,3.917
549,2,8,15.49,1485769.2,183,43,0,3.878
549,2,9,34.34,557542.3,46,203,0,3.745
549,2,10,38.11,1785676.3,221,1,0,3.935
549,2,11,16.92,190887.8,13,205,0,3.695
549,2,12,10.26,1835399.0,231,0,0,3.996
549,2,13,21.54,2002112.9,250,5,0,3.929
549,2,14,19.74,1844984.1,232,3,0,3.955
549,2,15,32.07,1930501.7,244,10,0,3.869
549,2,16,36.08,1909727.0,229,0,0,3.997
549,2,17,28.98,1659312.0,215,0,0,3.997
549,2,18,8.04,1859217.0,231,0,0,3.997
549,2,19,33.29,1841051.8,226,8,0,3.941
549,2,20,17.79,12127.7,0,239,0,3.606
549,2,21,16.53,1640185.2,199,11,0,3.909
549,2,22,23.07,1707571.0,213,0,0,3.994
549,2,23,23.06,1667660.0,213,0,0,3.99
549,2,24,30.02,927858.6,90,141,0,3.795
549,2,25,18.79,9417.9,0,212,0,3.411
549,2,26,16.66,1806509.9,209,24,0,3.885
549,2,27,27.9,1594050.0,201,0,0,3.99
549,2,28,14.65,1241758.5,143,95,0,3.846
549,2,29,36.0,1664476.6,210,1,0,3.991
549,2,30,34.95,0.0,0,0,0,0.0
549,2,31,15.56,0.0,0,0,0,0.0
559,0,0,7.31,125668.0,5,413,0,2.503
559,0,1,29.18,0.0,0,404,0,0.0
559,0,2,26.27,3112281.0,398,0,0,3.936
559,0,3,19.12,3216249.0,405,0,0,3.974
559,0,4,15.72,45097.7,0,399,2,2.416
559,0,5,15.24,3398298.0,417,0,0,3.913
559,0,6,31.03,21011.4,0,405,0,2.552
559,0,7,39.17,3511628.0,427,0,0,3.915
559,0,8,35.65,757021.0,59,359,0,2.619
559,0,9,14.73,3231051.2,411,5,0,3.756
559,0,10,34.02,16576.1,0,414,0,2.358
559,0,11,10.86,3332182.9,410,3,0,3.892
559,0,12,13.55,2948982.0,371,0,0,3.956
559,0,13,19.72,540991.9,34,333,0,2.538
559,0,14,30.6,3270308.0,406,0,0,3.971
559,0,15,28.59,3009347.0,378,0,0,3.675
559,0,16,28.24,0.0,0,415,0,0.0
559,0,17,31.34,3255196.4,397,2,0,3.256
559,0,18,36.47,3191098.0,402,0,0,3.349
559,0,19,5.84,1391.0,0,412,0,2.81
559,0,20,17.27,3146635.0,406,0,0,3.957
559,0,21,22.59,3538491.3,439,7,0,3.765
559,0,22,29.89,42423.0,0,406,1,2.503
559,0,23,15.03,29340.9,0,401,1,2.654
559,0,24,29.93,0.0,0,0,0,0.0
559,0,25,15.88,0.0,0,0,0,0.0
559,0,26,12.33,0.0,0,0,0,0.0
559,0,27,23.22,0.0,0,0,0,0.0
559,0,28,22.59,0.0,0,0,0,0.0
559,0,29,18.02,0.0,0,0,0,0.0
559,0,30,31.52,0.0,0,0,0,0.0
559,0,31,35.22,0.0,0,0,0,0.0
559,1,0,20.0,54837.2,0,326,0,3.493
559,1,1,22.2,2667584.0,332,0,0,3.988
559,1,2,24.66,279368.6,17,338,0,3.592
559,1,3,21.54,2675092.0,331,0,0,3.997
559,1,4,33.76,1208.0,0,366,0,3.519
559,1,5,23.71,2782099.0,352,0,0,3.984
559,1,6,10.08,2315121.4,285,36,0,3.826
559,1,7,5.47,2818697.0,353,0,0,3.99
559,1,8,9.6,2942554.0,368,0,0,3.992
559,1,9,21.73,44720.9,1,367,0,3.513
559,1,10,5.31,2744429.0,343,0,0,3.999
559,1,11,36.07,2659247.0,334,0,0,3.968
559,1,12,20.46,1302.0,0,328,0,3.576
559,1,13,34.32,2750555.6,336,3,1,3.927
559,1,14,8.58,2879561.0,353,0,0,3.995
559,1,15,13.3,2461535.4,306,19,0,3.848
559,1,16,27.7,2658893.0,325,0,0,3.998
559,1,17,12.23,2912538.0,361,0,0,3.972
559,1,18,16.83,2171803.6,246,88,0,3.745
559,1,19,38.02,408046.2,33,307,0,3.602
559,1,20,37.85,2787150.0,343,0,0,3.994
559,1,21,8.07,2253446.2,270,63,0,3.82
559,1,22,27.42,2555389.0,319,0,0,3.984
559,1,23,29.83,949862.8,92,239,0,3.683
559,1,24,36.07,8934.7,0,385,0,3.471
559,1,25,17.54,233231.9,13,352,0,3.62
559,1,26,27.33,2992612.0,376,0,0,3.999
559,1,27,37.84,0.0,0,0,0,0.0
559,1,28,36.11,0.0,0,0,0,0.0
559,1,29,28.09,0.0,0,0,0,0.0
559,1,30,27.63,0.0,0,0,0,0.0
559,1,31,24.51,0.0,0,0,0,0.0
559,2,0,7.74,415.4,0,231,0,3.4
559,2,1,8.87,1766283.0,220,0,0,3.896
559,2,2,26.78,219996.5,12,225,0,3.593
559,2,3,17.07,1645906.0,203,0,0,3.961
559,2,4,20.49,1732449.0,219,0,0,3.995
559,2,5,18.4,89.0,0,219,0,2.0
559,2,6,16.21,1996985.0,243,0,0,4.0
559,2,7,28.9,1705719.1,211,9,0,3.892
559,2,8,15.49,1489832.5,186,40,0,3.803
559,2,9,34.34,566588.0,54,195,0,3.649
559,2,10,38.11,1785676.3,221,1,0,3.897
559,2,11,16.92,194859.4,13,205,0,3.559
559,2,12,10.26,1826940.0,230,1,0,3.992
559,2,13,21.54,2011792.6,251,4,0,3.875
559,2,14,19.74,1854651.6,233,2,0,3.935
559,2,15,32.07,1947441.5,245,9,0,3.836
559,2,16,36.08,1909727.0,229,0,0,3.988
559,2,17,28.98,1659312.0,215,0,0,3.996
559,2,18,8.04,1859217.0,231,0,0,3.99
559,2,19,33.29,1851426.4,228,6,0,3.904
559,2,20,17.79,11169.9,0,239,0,3.242
559,2,21,16.53,1637951.6,198,12,0,3.848
559,2,22,23.07,1707571.0,213,0,0,3.988
559,2,23,23.06,1667660.0,213,0,0,3.992
559,2,24,30.02,912130.2,91,140,0,3.723
559,2,25,18.79,6625.2,0,212,0,3.135
559,2,26,16.66,1811470.3,212,21,0,3.841
559,2,27,27.9,1594050.0,201,0,0,3.984
559,2,28,14.65,1278938.5,147,91,0,3.779
559,2,29,36.0,1660838.9,210,1,0,3.993
559,2,30,34.95,0.0,0,0,0,0.0
559,2,31,15.56,0.0,0,0,0,0.0
569,0,0,7.31,130292.3,7,411,0,2.049
569,0,1,29.18,0.0,0,404,0,0.0
569,0,2,26.27,3112281.0,398,0,0,3.924
569,0,3,19.12,3216249.0,405,0,0,3.955
569,0,4,15.72,38648.1,1,398,2,1.952
569,0,5,15.24,3398298.0,417,0,0,3.876
569,0,6,31.03,19482.0,0,405,0,2.011
569,0,7,39.17,3511628.0,427,0,0,3.874
569,0,8,35.65,755379.4,67,351,0,2.303
569,0,9,14.73,3222062.2,411,5,0,3.667
569,0,10,34.02,14565.5,0,414,0,2.0
569,0,11,10.86,3328041.6,410,3,0,3.852
569,0,12,13.55,2948982.0,371,0,0,3.928
569,0,13,19.72,574934.5,52,315,0,2.219
569,0,14,30.6,3270308.0,406,0,0,3.949
569,0,15,28.59,3009347.0,378,0,0,3.567
569,0,16,28.24,0.0,0,415,0,0.0
569,0,17,31.34,3258046.7,398,1,0,3.025
569,0,18,36.47,3191098.0,402,0,0,3.159
569,0,19,5.84,1183.0,0,412,0,2.1
569,0,20,17.27,3146635.0,406,0,0,3.946
569,0,21,22.59,3542166.5,440,6,0,3.646
569,0,22,29.89,38105.6,0,407,0,1.957
569,0,23,15.03,24185.1,1,401,0,2.176
569,0,24,29.93,0.0,0,0,0,0.0
569,0,25,15.88,0.0,0,0,0,0.0
569,0,26,12.33,0.0,0,0,0,0.0
569,0,27,23.22,0.0,0,0,0,0.0
569,0,28,22.59,0.0,0,0,0,0.0
569,0,29,18.02,0.0,0,0,0,0.0
569,0,30,31.52,0.0,0,0,0,0.0
569,0,31,35.22,0.0,0,0,0,0.0
569,1,0,20.0,50435.2,0,326,0,3.244
569,1,1,22.2,2667584.0,332,0,0,3.967
569,1,2,24.66,254635.7,21,334,0,3.321
569,1,3,21.54,2675092.0,331,0,0,3.99
569,1,4,33.76,1037.4,0,366,0,3.2
569,1,5,23.71,2782099.0,352,0,0,3.972
569,1,6,10.08,2356206.4,292,29,0,3.679
569,1,7,5.47,2818697.0,353,0,0,3.977
569,1,8,9.6,2942554.0,368,0,0,3.978
569,1,9,21.73,37572.1,1,367,0,3.206
569,1,10,5.31,2744429.0,343,0,0,4.0
569,1,11,36.07,2659247.0,334,0,0,3.921
569,1,12,20.46,1475.9,0,328,0,2.966
569,1,13,34.32,2756115.2,337,2,1,3.823
569,1,14,8.58,2879561.0,353,0,0,3.973
569,1,15,13.3,2477285.0,307,18,0,3.709
569,1,16,27.7,2658893.0,325,0,0,3.996
569,1,17,12.23,2912538.0,361,0,0,3.948
569,1,18,16.83,2188556.3,249,85,0,3.568
569,1,19,38.02,456258.2,38,302,0,3.342
569,1,20,37.85,2787150.0,343,0,0,3.982
569,1,21,8.07,2315531.2,276,57,0,3.674
569,1,22,27.42,2555389.0,319,0,0,3.959
569,1,23,29.83,978880.2,102,229,0,3.509
569,1,24,36.07,7773.9,0,385,0,3.092
569,1,25,17.54,220195.4,16,349,0,3.447
569,1,26,27.33,2992612.0,376,0,0,3.992
569,1,27,37.84,0.0,0,0,0,0.0
569,1,28,36.11,0.0,0,0,0,0.0
569,1,29,28.09,0.0,0,0,0,0.0
569,1,30,27.63,0.0,0,0,0,0.0
569,1,31,24.51,0.0,0,0,0,0.0
569,2,0,7.74,376.4,0,231,0,3.556
569,2,1,8.87,1749685.2,218,2,0,3.804
569,2,2,26.78,222469.2,15,222,0,3.356
569,2,3,17.07,1645906.0,203,0,0,3.923
569,2,4,20.49,1732449.0,219,0,0,3.972
569,2,5,18.4,53.6,0,219,0,3.0
569,2,6,16.21,1996985.0,243,0,0,4.0
569,2,7,28.9,1709762.4,213,7,0,3.749
569,2,8,15.49,1474657.7,183,43,0,3.675
569,2,9,34.34,566485.1,51,198,0,3.534
569,2,10,38.11,1787076.0,222,0,0,3.793
569,2,11,16.92,183577.0,14,204,0,3.296
569,2,12,10.26,1835399.0,231,0,0,3.986
569,2,13,21.54,1979049.1,248,7,0,3.802
569,2,14,19.74,1863119.2,234,1,0,3.864
569,2,15,32.07,1943876.0,245,9,0,3.736
569,2,16,36.08,1909727.0,229,0,0,3.979
569,2,17,28.98,1659312.0,215,0,0,3.983
569,2,18,8.04,1859217.0,231,0,0,3.982
569,2,19,33.29,1840262.6,225,8,0,3.808
569,2,20,17.79,11454.8,0,239,0,2.808
569,2,21,16.53,1652516.4,198,12,0,3.727
569,2,22,23.07,1707571.0,213,0,0,3.986
569,2,23,23.06,1667660.0,213,0,0,3.963
569,2,24,30.02,929973.8,96,135,0,3.558
569,2,25,18.79,7363.0,0,212,0,2.66
569,2,26,16.66,1788992.9,211,22,0,3.707
569,2,27,27.9,1594050.0,201,0,0,3.972
569,2,28,14.65,1265210.3,148,90,0,3.615
569,2,29,36.0,1660410.2,209,2,0,3.977
569,2,30,34.95,0.0,0,0,0,0.0
569,2,31,15.56,0.0,0,0,0,0.0
579,0,0,7.31,116155.1,5,413,0,2.204
579,0,1,29.18,0.0,0,404,0,0.0
579,0,2,26.27,3112281.0,398,0,0,3.929
579,0,3,19.12,3216249.0,405,0,0,3.965
579,0,4,15.72,39780.5,0,400,1,2.035
579,0,5,15.24,3398298.0,417,0,0,3.88
579,0,6,31.03,19956.8,0,405,0,2.153
579,0,7,39.17,3511628.0,427,0,0,3.894
579,0,8,35.65,805156.5,67,351,0,2.376
579,0,9,14.73,3234479.4,411,5,0,3.682
579,0,10,34.02,15062.1,0,414,0,2.103
579,0,11,10.86,3332128.7,410,3,0,3.885
579,0,12,13.55,2948982.0,371,0,0,3.93
579,0,13,19.72,571040.4,46,321,0,2.309
579,0,14,30.6,3270308.0,406,0,0,3.958
579,0,15,28.59,3009347.0,378,0,0,3.598
579,0,16,28.24,0.0,0,415,0,0.0
579,0,17,31.34,3258260.5,398,1,0,3.089
579,0,18,36.47,3191098.0,402,0,0,3.205
579,0,19,5.84,1466.5,0,412,0,2.214
579,0,20,17.27,3146635.0,406,0,0,3.959
579,0,21,22.59,3540150.2,440,6,0,3.672
579,0,22,29.89,39173.4,0,407,0,2.169
579,0,23,15.03,25790.9,1,401,0,2.274
579,0,24,29.93,0.0,0,0,0,0.0
579,0,25,15.88,0.0,0,0,0,0.0
579,0,26,12.33,0.0,0,0,0,0.0
579,0,27,23.22,0.0,0,0,0,0.0
579,0,28,22.59,0.0,0,0,0,0.0
579,0,29,18.02,0.0,0,0,0,0.0
579,0,30,31.52,0.0,0,0,0,0.0
579,0,31,35.22,0.0,0,0,0,0.0
579,1,0,20.0,40022.1,0,326,0,3.356
579,1,1,22.2,2667584.0,332,0,0,3.974
579,1,2,24.66,303109.5,25,330,0,3.408
579,1,3,21.54,2675092.0,331,0,0,3.99
579,1,4,33.76,1521.8,0,366,0,3.038
579,1,5,23.71,2782099.0,352,0,0,3.982
579,1,6,10.08,2357260.7,292,29,0,3.758
579,1,7,5.47,2818697.0,353,0,0,3.984
579,1,8,9.6,2942554.0,368,0,0,3.989
579,1,9,21.73,41682.5,2,366,0,3.289
579,1,10,5.31,2744429.0,343,0,0,4.0
579,1,11,36.07,2659247.0,334,0,0,3.96
579,1,12,20.46,1062.4,0,328,0,3.217
579,1,13,34.32,2753204.1,337,3,0,3.891
579,1,14,8.58,2879561.0,353,0,0,3.985
579,1,15,13.3,2449822.5,306,19,0,3.778
579,1,16,27.7,2658893.0,325,0,0,4.0
579,1,17,12.23,2912538.0,361,0,0,3.956
579,1,18,16.83,2220839.4,256,78,0,3.657
579,1,19,38.02,441928.0,31,309,0,3.487
579,1,20,37.85,2787150.0,343,0,0,3.995
579,1,21,8.07,2290447.2,268,65,0,3.759
579,1,22,27.42,2555389.0,319,0,0,3.975
579,1,23,29.83,963356.7,96,236,0,3.607
579,1,24,36.07,8043.0,0,385,0,3.097
579,1,25,17.54,212313.0,13,352,0,3.498
579,1,26,27.33,2992612.0,376,0,0,3.998
579,1,27,37.84,0.0,0,0,0,0.0
579,1,28,36.11,0.0,0,0,0,0.0
579,1,29,28.09,0.0,0,0,0,0.0
579,1,30,27.63,0.0,0,0,0,0.0
579,1,31,24.51,0.0,0,0,0,0.0
579,2,0,7.74,227.4,0,231,0,3.833
579,2,1,8.87,1762664.8,218,2,0,3.852
579,2,2,26.78,204836.2,12,225,0,3.447
579,2,3,17.07,1645906.0,203,0,0,3.956
579,2,4,20.49,1732449.0,219,0,0,3.992
579,2,5,18.4,53.6,0,219,0,3.0
579,2,6,16.21,1996985.0,243,0,0,3.998
579,2,7,28.9,1683872.8,210,10,0,3.824
579,2,8,15.49,1483451.7,186,40,0,3.752
579,2,9,34.34,561790.3,50,199,0,3.589
579,2,10,38.11,1785676.3,221,1,0,3.848
579,2,11,16.92,188227.4,13,205,0,3.401
579,2,12,10.26,1835399.0,231,0,0,3.99
579,2,13,21.54,2015074.1,250,5,0,3.843
579,2,14,19.74,1862180.5,233,2,0,3.886
579,2,15,32.07,1946239.9,247,7,0,3.768
579,2,16,36.08,1909727.0,229,0,0,3.985
579,2,17,28.98,1659312.0,215,0,0,3.996
579,2,18,8.04,1859217.0,231,0,0,3.99
579,2,19,33.29,1845105.1,226,7,0,3.86
579,2,20,17.79,10048.9,0,239,0,2.972
579,2,21,16.53,1643698.7,200,10,0,3.799
579,2,22,23.07,1707571.0,213,0,0,3.988
579,2,23,23.06,1667660.0,213,0,0,3.985
579,2,24,30.02,939115.7,94,137,0,3.608
579,2,25,18.79,7628.4,0,212,0,3.054
579,2,26,16.66,1818755.2,210,23,0,3.761
579,2,27,27.9,1594050.0,201,0,0,3.984
579,2,28,14.65,1277404.0,147,90,1,3.689
579,2,29,36.0,1663735.3,209,2,0,3.983
579,2,30,34.95,0.0,0,0,0,0.0
579,2,31,15.56,0.0,0,0,0,0.0
589,0,0,7.31,140124.6,3,415,0,2.642
589,0,1,29.18,0.0,0,404,0,0.0
589,0,2,26.27,3112281.0,398,0,0,3.954
589,0,3,19.12,3216249.0,405,0,0,3.984
589,0,4,15.72,49151.2,0,400,1,2.502
589,0,5,15.24,3398298.0,417,0,0,3.928
589,0,6,31.03,22049.3,0,405,0,2.732
589,0,7,39.17,3511628.0,427,0,0,3.936
589,0,8,35.65,734300.9,50,368,0,2.723
589,0,9,14.73,3249269.2,414,2,0,3.783
589,0,10,34.02,21089.4,1,413,0,2.507
589,0,11,10.86,3334899.6,411,2,0,3.922
589,0,12,13.55,2948982.0,371,0,0,3.957
589,0,13,19.72,518825.4,34,333,0,2.622
589,0,14,30.6,3270308.0,406,0,0,3.983
589,0,15,28.59,3009347.0,378,0,0,3.715
589,0,16,28.24,0.0,0,415,0,0.0
589,0,17,31.34,3246913.2,396,3,0,3.305
589,0,18,36.47,3191098.0,402,0,0,3.394
589,0,19,5.84,1969.1,0,412,0,2.733
589,0,20,17.27,3146635.0,406,0,0,3.976
589,0,21,22.59,3532008.1,438,7,0,3.768
589,0,22,29.89,42883.2,0,407,0,2.635
589,0,23,15.03,31173.7,0,402,0,2.786
589,0,24,29.93,0.0,0,0,0,0.0
589,0,25,15.88,0.0,0,0,0,0.0
589,0,26,12.33,0.0,0,0,0,0.0
589,0,27,23.22,0.0,0,0,0,0.0
589,0,28,22.59,0.0,0,0,0,0.0
589,0,29,18.02,0.0,0,0,0,0.0
589,0,30,31.52,0.0,0,0,0,0.0
589,0,31,35.22,0.0,0,0,0,0.0
589,1,0,20.0,56966.5,0,326,0,3.53
589,1,1,22.2,2667584.0,332,0,0,3.986
589,1,2,24.66,281537.1,18,337,0,3.638
589,1,3,21.54,2675092.0,331,0,0,3.997
589,1,4,33.76,952.0,0,366,0,3.682
589,1,5,23.71,2782099.0,352,0,0,3.99
589,1,6,10.08,2343553.4,288,33,0,3.849
589,1,7,5.47,2815464.0,352,1,0,3.994
589,1,8,9.6,2942554.0,368,0,0,3.999
589,1,9,21.73,45440.8,1,367,0,3.616
589,1,10,5.31,2744429.0,343,0,0,3.999
589,1,11,36.07,2659247.0,334,0,0,3.98
589,1,12,20.46,1190.8,0,328,0,3.548
589,1,13,34.32,2749285.1,335,4,1,3.94
589,1,14,8.58,2879561.0,353,0,0,3.993
589,1,15,13.3,2451374.1,306,19,0,3.859
589,1,16,27.7,2658893.0,325,0,0,4.0
589,1,17,12.23,2912538.0,361,0,0,3.984
589,1,18,16.83,2121450.0,239,95,0,3.769
589,1,19,38.02,426818.2,33,307,0,3.645
589,1,20,37.85,2787150.0,343,0,0,3.999
589,1,21,8.07,2216440.4,263,70,0,3.827
589,1,22,27.42,2555389.0,319,0,0,3.988
589,1,23,29.83,975142.0,88,244,0,3.718
589,1,24,36.07,9325.1,0,385,0,3.561
589,1,25,17.54,247715.1,14,351,0,3.691
589,1,26,27.33,2992612.0,376,0,0,3.999
589,1,27,37.84,0.0,0,0,0,0.0
589,1,28,36.11,0.0,0,0,0,0.0
589,1,29,28.09,0.0,0,0,0,0.0
589,1,30,27.63,0.0,0,0,0,0.0
589,1,31,24.51,0.0,0,0,0,0.0
589,2,0,7.74,372.6,0,231,0,3.5
589,2,1,8.87,1766283.0,220,0,0,3.897
589,2,2,26.78,222437.5,14,223,0,3.55
589,2,3,17.07,1645906.0,203,0,0,3.974
589,2,4,20.49,1732449.0,219,0,0,3.998
589,2,5,18.4,142.1,0,219,0,2.5
589,2,6,16.21,1996985.0,243,0,0,4.0
589,2,7,28.9,1694914.5,210,10,0,3.904
589,2,8,15.49,1478742.8,185,41,0,3.834
589,2,9,34.34,555553.0,45,204,0,3.645
589,2,10,38.11,1787076.0,222,0,0,3.916
589,2,11,16.92,199466.2,13,205,0,3.58
589,2,12,10.26,1826940.0,230,1,0,3.994
589,2,13,21.54,2011288.1,251,4,0,3.906
589,2,14,19.74,1864294.5,234,1,0,3.933
589,2,15,32.07,1944741.3,245,9,0,3.832
589,2,16,36.08,1909727.0,229,0,0,3.995
589,2,17,28.98,1659312.0,215,0,0,3.993
589,2,18,8.04,1859217.0,231,0,0,3.995
589,2,19,33.29,1836125.4,227,7,0,3.924
589,2,20,17.79,11738.1,0,239,0,3.3
589,2,21,16.53,1648725.7,201,9,0,3.883
589,2,22,23.07,1707571.0,213,0,0,3.988
589,2,23,23.06,1667660.0,213,0,0,3.993
589,2,24,30.02,896755.4,90,141,0,3.712
589,2,25,18.79,8550.8,0,212,0,3.423
589,2,26,16.66,1811073.4,211,22,0,3.838
589,2,27,27.9,1594050.0,201,0,0,3.99
589,2,28,14.65,1282774.9,146,92,0,3.771
589,2,29,36.0,1671793.0,211,0,0,3.991
589,2,30,34.95,0.0,0,0,0,0.0
589,2,31,15.56,0.0,0,0,0,0.0
599,0,0,7.31,136231.6,4,414,0,2.464
599,0,1,29.18,0.0,0,404,0,0.0
599,0,2,26.27,3112281.0,398,0,0,3.937
599,0,3,19.12,3216249.0,405,0,0,3.978
599,0,4,15.72,48723.7,0,399,2,2.349
599,0,5,15.24,3398298.0,417,0,0,3.914
599,0,6,31.03,22074.8,0,405,0,2.518
599,0,7,39.17,3511628.0,427,0,0,3.917
599,0,8,35.65,757030.6,57,361,0,2.579
599,0,9,14.73,3249269.2,414,2,0,3.725
599,0,10,34.02,18733.9,1,413,0,2.285
599,0,11,10.86,3334899.6,411,2,0,3.892
599,0,12,13.55,2948982.0,371,0,0,3.941
599,0,13,19.72,508663.5,34,333,0,2.492
599,0,14,30.6,3270308.0,406,0,0,3.975
599,0,15,28.59,3009347.0,378,0,0,3.653
599,0,16,28.24,0.0,0,415,0,0.0
599,0,17,31.34,3244140.4,397,2,0,3.212
599,0,18,36.47,3191098.0,402,0,0,3.304
599,0,19,5.84,1330.8,0,412,0,2.375
599,0,20,17.27,3146635.0,406,0,0,3.973
599,0,21,22.59,3544526.5,441,5,0,3.755
599,0,22,29.89,44578.6,0,407,0,2.462
599,0,23,15.03,32461.8,1,401,0,2.575
599,0,24,29.93,0.0,0,0,0,0.0
599,0,25,15.88,0.0,0,0,0,0.0
599,0,26,12.33,0.0,0,0,0,0.0
599,0,27,23.22,0.0,0,0,0,0.0
599,0,28,22.59,0.0,0,0,0,0.0
599,0,29,18.02,0.0,0,0,0,0.0
599,0,30,31.52,0.0,0,0,0,0.0
599,0,31,35.22,0.0,0,0,0,0.0
599,1,0,20.0,54364.5,0,326,0,3.463
599,1,1,22.2,2667584.0,332,0,0,3.983
599,1,2,24.66,280046.8,18,337,0,3.577
599,1,3,21.54,2675092.0,331,0,0,3.996
599,1,4,33.76,694.4,0,366,0,3.571
599,1,5,23.71,2782099.0,352,0,0,3.984
599,1,6,10.08,2342644.0,287,34,0,3.786
599,1,7,5.47,2818697.0,353,0,0,3.987
599,1,8,9.6,2942554.0,368,0,0,3.996
599,1,9,21.73,41447.1,1,367,0,3.484
599,1,10,5.31,2744429.0,343,0,0,4.0
599,1,11,36.07,2659247.0,334,0,0,3.966
599,1,12,20.46,1099.3,0,328,0,3.677
599,1,13,34.32,2756521.8,337,2,1,3.896
599,1,14,8.58,2879561.0,353,0,0,3.981
599,1,15,13.3,2442110.4,304,21,0,3.811
599,1,16,27.7,2658893.0,325,0,0,4.0
599,1,17,12.23,2912538.0,361,0,0,3.981
599,1,18,16.83,2096602.0,236,98,0,3.691
599,1,19,38.02,464112.2,36,304,0,3.554
599,1,20,37.85,2787150.0,343,0,0,3.993
599,1,21,8.07,2204228.9,263,70,0,3.772
599,1,22,27.42,2555389.0,319,0,0,3.983
599,1,23,29.83,970229.3,95,236,0,3.651
599,1,24,36.07,10143.9,0,385,0,3.446
599,1,25,17.54,241102.2,15,350,0,3.605
599,1,26,27.33,2992612.0,376,0,0,4.0
599,1,27,37.84,0.0,0,0,0,0.0
599,1,28,36.11,0.0,0,0,0,0.0
599,1,29,28.09,0.0,0,0,0,0.0
599,1,30,27.63,0.0,0,0,0,0.0
599,1,31,24.51,0.0,0,0,0,0.0
599,2,0,7.74,500.1,0,231,0,3.455
599,2,1,8.87,1761840.3,219,1,0,3.862
599,2,2,26.78,211759.1,10,227,0,3.541
599,2,3,17.07,1645906.0,203,0,0,3.967
599,2,4,20.49,1732449.0,219,0,0,3.985
599,2,5,18.4,174.4,0,219,0,3.0
599,2,6,16.21,1996985.0,243,0,0,4.0
599,2,7,28.9,1708802.3,211,9,0,3.852
599,2,8,15.49,1449466.9,180,46,0,3.768
599,2,9,34.34,605719.0,51,198,0,3.622
599,2,10,38.11,1787076.0,222,0,0,3.875
599,2,11,16.92,189412.1,13,205,0,3.475
599,2,12,10.26,1835399.0,231,0,0,3.992
599,2,13,21.54,2012849.1,251,4,0,3.88
599,2,14,19.74,1858575.5,234,1,0,3.921
599,2,15,32.07,1934335.7,245,9,0,3.81
599,2,16,36.08,1909727.0,229,0,0,3.992
599,2,17,28.98,1659312.0,215,0,0,3.991
599,2,18,8.04,1859217.0,231,0,0,3.988
599,2,19,33.29,1834408.8,227,7,0,3.879
599,2,20,17.79,11366.8,0,239,0,3.264
599,2,21,16.53,1640094.2,199,11,0,3.828
599,2,22,23.07,1707571.0,213,0,0,3.992
599,2,23,23.06,1667660.0,213,0,0,3.99
599,2,24,30.02,922354.0,90,141,0,3.673
599,2,25,18.79,7785.4,0,212,0,3.31
599,2,26,16.66,1789571.5,211,22,0,3.793
599,2,27,27.9,1594050.0,201,0,0,3.988
599,2,28,14.65,1253468.7,143,95,0,3.711
599,2,29,36.0,1667801.7,210,1,0,3.985
599,2,30,34.95,0.0,0,0,0,0.0
599,2,31,15.56,0.0,0,0,0,0.0
609,0,0,7.31,127943.4,4,414,0,2.336
609,0,1,29.18,0.0,0,404,0,0.0
609,0,2,26.27,3112281.0,398,0,0,3.911
609,0,3,19.12,3216249.0,405,0,0,3.979
609,0,4,15.72,44784.2,1,399,1,2.182
609,0,5,15.24,3398298.0,417,0,0,3.907
609,0,6,31.03,21247.7,0,404,1,2.357
609,0,7,39.17,3511628.0,427,0,0,3.906
609,0,8,35.65,742976.7,59,359,0,2.51
609,0,9,14.73,3235201.6,412,4,0,3.716
609,0,10,34.02,20595.2,1,413,0,2.127
609,0,11,10.86,3328594.6,409,4,0,3.884
609,0,12,13.55,2948982.0,371,0,0,3.927
609,0,13,19.72,563176.6,42,325,0,2.409
609,0,14,30.6,3270308.0,406,0,0,3.97
609,0,15,28.59,3009347.0,378,0,0,3.635
609,0,16,28.24,0.0,0,415,0,0.0
609,0,17,31.34,3257266.0,397,2,0,3.162
609,0,18,36.47,3191098.0,402,0,0,3.266
609,0,19,5.84,1428.5,0,412,0,2.333
609,0,20,17.27,3146635.0,406,0,0,3.965
609,0,21,22.59,3552842.9,443,3,0,3.707
609,0,22,29.89,42838.4,0,407,0,2.275
609,0,23,15.03,31197.7,1,401,0,2.385
609,0,24,29.93,0.0,0,0,0,0.0
609,0,25,15.88,0.0,0,0,0,0.0
609,0,26,12.33,0.0,0,0,0,0.0
609,0,27,23.22,0.0,0,0,0,0.0
609,0,28,22.59,0.0,0,0,0,0.0
609,0,29,18.02,0.0,0,0,0,0.0
609,0,30,31.52,0.0,0,0,0,0.0
609,0,31,35.22,0.0,0,0,0,0.0
609,1,0,20.0,41750.7,0,326,0,3.355
609,1,1,22.2,2667584.0,332,0,0,3.979
609,1,2,24.66,293394.8,22,333,0,3.479
609,1,3,21.54,2675092.0,331,0,0,3.99
609,1,4,33.76,802.3,0,366,0,3.467
609,1,5,23.71,2782099.0,352,0,0,3.984
609,1,6,10.08,2343817.5,289,32,0,3.75
609,1,7,5.47,2818697.0,353,0,0,3.987
609,1,8,9.6,2942554.0,368,0,0,3.989
609,1,9,21.73,39509.1,1,367,0,3.45
609,1,10,5.31,2744429.0,343,0,0,3.999
609,1,11,36.07,2659247.0,334,0,0,3.953
609,1,12,20.46,988.9,0,328,0,3.645
609,1,13,34.32,2754623.3,337,2,1,3.89
609,1,14,8.58,2879561.0,353,0,0,3.987
609,1,15,13.3,2436272.4,302,24,0,3.797
609,1,16,27.7,2658893.0,325,0,0,3.999
609,1,17,12.23,2912538.0,361,0,0,3.969
609,1,18,16.83,2166815.4,247,87,0,3.649
609,1,19,38.02,432178.2,29,311,0,3.507
609,1,20,37.85,2787150.0,343,0,0,3.99
609,1,21,8.07,2255238.8,267,66,0,3.733
609,1,22,27.42,2555389.0,319,0,0,3.965
609,1,23,29.83,959443.3,96,235,0,3.582
609,1,24,36.07,9600.5,0,385,0,3.397
609,1,25,17.54,250841.1,17,348,0,3.539
609,1,26,27.33,2992612.0,376,0,0,3.999
609,1,27,37.84,0.0,0,0,0,0.0
609,1,28,36.11,0.0,0,0,0,0.0
609,1,29,28.09,0.0,0,0,0,0.0
609,1,30,27.63,0.0,0,0,0,0.0
609,1,31,24.51,0.0,0,0,0,0.0
609,2,0,7.74,241.8,0,231,0,3.667
609,2,1,8.87,1760369.6,218,2,0,3.865
609,2,2,26.78,211217.8,11,226,0,3.441
609,2,3,17.07,1645906.0,203,0,0,3.958
609,2,4,20.49,1732449.0,219,0,0,3.982
609,2,5,18.4,53.3,0,219,0,3.0
609,2,6,16.21,1996985.0,243,0,0,3.998
609,2,7,28.9,1722830.5,214,6,0,3.853
609,2,8,15.49,1467692.3,182,44,0,3.738
609,2,9,34.34,573258.8,45,204,0,3.589
609,2,10,38.11,1787076.0,222,0,0,3.878
609,2,11,16.92,194571.5,12,206,0,3.447
609,2,12,10.26,1826940.0,230,1,0,3.986
609,2,13,21.54,2012490.7,251,4,0,3.871
609,2,14,19.74,1857296.4,233,2,0,3.903
609,2,15,32.07,1938544.6,244,10,0,3.778
609,2,16,36.08,1909727.0,229,0,0,3.98
609,2,17,28.98,1659312.0,215,0,0,3.993
609,2,18,8.04,1859217.0,231,0,0,3.993
609,2,19,33.29,1837026.6,226,8,0,3.874
609,2,20,17.79,9046.1,0,239,0,2.958
609,2,21,16.53,1635512.4,199,11,0,3.822
609,2,22,23.07,1707571.0,213,0,0,3.99
609,2,23,23.06,1667660.0,213,0,0,3.982
609,2,24,30.02,962936.7,99,132,0,3.626
609,2,25,18.79,5071.0,0,212,0,3.106
609,2,26,16.66,1830729.9,211,22,0,3.774
609,2,27,27.9,1594050.0,201,0,0,3.988
609,2,28,14.65,1261693.9,145,93,0,3.69
609,2,29,36.0,1667759.2,210,1,0,3.981
609,2,30,34.95,0.0,0,0,0,0.0
609,2,31,15.56,0.0,0,0,0,0.0
619,0,0,7.31,123464.1,5,413,0,2.169
619,0,1,29.18,0.0,0,404,0,0.0
619,0,2,26.27,3112281.0,398,0,0,3.917
619,0,3,19.12,3216249.0,405,0,0,3.966
619,0,4,15.72,37314.3,1,399,1,1.996
619,0,5,15.24,3398298.0,417,0,0,3.885
619,0,6,31.03,19591.7,0,403,2,2.144
619,0,7,39.17,3511628.0,427,0,0,3.885
619,0,8,35.65,773647.1,66,352,0,2.371
619,0,9,14.73,3247113.6,413,3,0,3.698
619,0,10,34.02,19282.0,1,413,0,2.0
619,0,11,10.86,3328041.6,410,3,0,3.858
619,0,12,13.55,2948982.0,371,0,0,3.938
619,0,13,19.72,570485.1,46,321,0,2.288
619,0,14,30.6,3270308.0,406,0,0,3.959
619,0,15,28.59,3009347.0,378,0,0,3.595
619,0,16,28.24,0.0,0,415,0,0.0
619,0,17,31.34,3242855.1,395,4,0,3.088
619,0,18,36.47,3191098.0,402,0,0,3.224
619,0,19,5.84,1045.4,0,412,0,2.538
619,0,20,17.27,3146635.0,406,0,0,3.961
619,0,21,22.59,3535525.5,440,6,0,3.685
619,0,22,29.89,41760.3,0,407,0,2.054
619,0,23,15.03,29106.0,1,400,1,2.229
619,0,24,29.93,0.0,0,0,0,0.0
619,0,25,15.88,0.0,0,0,0,0.0
619,0,26,12.33,0.0,0,0,0,0.0
619,0,27,23.22,0.0,0,0,0,0.0
619,0,28,22.59,0.0,0,0,0,0.0
619,0,29,18.02,0.0,0,0,0,0.0
619,0,30,31.52,0.0,0,0,0,0.0
619,0,31,35.22,0.0,0,0,0,0.0
619,1,0,20.0,43199.5,0,326,0,3.215
619,1,1,22.2,2667584.0,332,0,0,3.976
619,1,2,24.66,262098.3,24,331,0,3.38
619,1,3,21.54,2675092.0,331,0,0,3.985
619,1,4,33.76,763.9,0,366,0,3.167
619,1,5,23.71,2782099.0,352,0,0,3.979
619,1,6,10.08,2352048.6,290,31,0,3.693
619,1,7,5.47,2817594.8,352,1,0,3.985
619,1,8,9.6,2942554.0,368,0,0,3.985
619,1,9,21.73,37702.8,1,367,0,3.321
619,1,10,5.31,2744429.0,343,0,0,4.0
619,1,11,36.07,2659247.0,334,0,0,3.928
619,1,12,20.46,676.1,0,328,0,3.389
619,1,13,34.32,2753822.3,337,2,1,3.857
619,1,14,8.58,2879561.0,353,0,0,3.972
619,1,15,13.3,2448974.6,306,20,0,3.737
619,1,16,27.7,2658893.0,325,0,0,4.0
619,1,17,12.23,2912538.0,361,0,0,3.961
619,1,18,16.83,2146394.5,251,83,0,3.596
619,1,19,38.02,417381.1,32,308,0,3.418
619,1,20,37.85,2787150.0,343,0,0,3.986
619,1,21,8.07,2283121.0,276,57,0,3.662
619,1,22,27.42,2555389.0,319,0,0,3.961
619,1,23,29.83,1021461.7,109,222,0,3.513
619,1,24,36.07,7078.8,0,385,0,3.228
619,1,25,17.54,257260.5,19,346,0,3.443
619,1,26,27.33,2992612.0,376,0,0,3.99
619,1,27,37.84,0.0,0,0,0,0.0
619,1,28,36.11,0.0,0,0,0,0.0
619,1,29,28.09,0.0,0,0,0,0.0
619,1,30,27.63,0.0,0,0,0,0.0
619,1,31,24.51,0.0,0,0,0,0.0
619,2,0,7.74,159.6,0,231,0,3.75
619,2,1,8.87,1763322.4,219,1,0,3.823
619,2,2,26.78,201744.1,13,224,0,3.41
619,2,3,17.07,1645906.0,203,0,0,3.955
619,2,4,20.49,1732449.0,219,0,0,3.992
619,2,5,18.4,87.2,0,219,0,3.5
619,2,6,16.21,1996985.0,243,0,0,3.998
619,2,7,28.9,1702513.8,211,9,0,3.811
619,2,8,15.49,1452765.5,180,46,0,3.702
619,2,9,34.34,558853.1,50,199,0,3.538
619,2,10,38.11,1787076.0,222,0,0,3.842
619,2,11,16.92,185122.0,11,207,0,3.358
619,2,12,10.26,1826940.0,230,1,0,3.988
619,2,13,21.54,1995840.7,249,6,0,3.801
619,2,14,19.74,1856170.7,232,3,0,3.884
619,2,15,32.07,1937610.4,244,10,0,3.772
619,2,16,36.08,1909727.0,229,0,0,3.986
619,2,17,28.98,1659312.0,215,0,0,3.993
619,2,18,8.04,1859217.0,231,0,0,3.993
619,2,19,33.29,1837672.6,227,7,0,3.834
619,2,20,17.79,9086.5,0,239,0,2.75
619,2,21,16.53,1645954.7,201,9,0,3.768
619,2,22,23.07,1707571.0,213,0,0,3.976
619,2,23,23.06,1667660.0,213,0,0,3.979
619,2,24,30.02,964452.4,103,128,0,3.599
619,2,25,18.79,6487.3,0,212,0,2.741
619,2,26,16.66,1811679.8,210,23,0,3.718
619,2,27,27.9,1594050.0,201,0,0,3.976
619,2,28,14.65,1307924.0,152,86,0,3.64
619,2,29,36.0,1660838.9,210,1,0,3.981
619,2,30,34.95,0.0,0,0,0,0.0
619,2,31,15.56,0.0,0,0,0,0.0
629,0,0,7.31,123316.5,5,413,0,1.88
629,0,1,29.18,0.0,0,404,0,0.0
629,0,2,26.27,3112281.0,398,0,0,3.895
629,0,3,19.12,3216249.0,405,0,0,3.947
629,0,4,15.72,40709.5,1,399,1,1.7
629,0,5,15.24,3398298.0,417,0,0,3.864
629,0,6,31.03,16219.9,0,405,0,1.717
629,0,7,39.17,3511628.0,427,0,0,3.846
629,0,8,35.65,767926.8,71,347,0,2.176
629,0,9,14.73,3241182.6,412,4,0,3.633
629,0,10,34.02,19644.9,1,413,0,1.769
629,0,11,10.86,3328041.6,410,3,0,3.808
629,0,12,13.55,2948982.0,371,0,0,3.911
629,0,13,19.72,584916.9,47,320,0,2.08
629,0,14,30.6,3270308.0,406,0,0,3.945
629,0,15,28.59,3009347.0,378,0,0,3.521
629,0,16,28.24,0.0,0,415,0,0.0
629,0,17,31.34,3254856.7,397,2,0,2.961
629,0,18,36.47,3191098.0,402,0,0,3.103
629,0,19,5.84,1605.4,0,412,0,1.923
629,0,20,17.27,3146635.0,406,0,0,3.949
629,0,21,22.59,3535148.8,439,7,0,3.623
629,0,22,29.89,38629.0,0,407,0,1.763
629,0,23,15.03,26693.3,1,401,0,1.916
629,0,24,29.93,0.0,0,0,0,0.0
629,0,25,15.88,0.0,0,0,0,0.0
629,0,26,12.33,0.0,0,0,0,0.0
629,0,27,23.22,0.0,0,0,0,0.0
629,0,28,22.59,0.0,0,0,0,0.0
629,0,29,18.02,0.0,0,0,0,0.0
629,0,30,31.52,0.0,0,0,0,0.0
629,0,31,35.22,0.0,0,0,0,0.0
629,1,0,20.0,43670.2,1,325,0,3.088
629,1,1,22.2,2667584.0,332,0,0,3.961
629,1,2,24.66,266496.7,26,329,0,3.168
629,1,3,21.54,2675092.0,331,0,0,3.974
629,1,4,33.76,984.9,0,366,0,2.875
629,1,5,23.71,2782099.0,352,0,0,3.964
629,1,6,10.08,2327155.7,288,33,0,3.568
629,1,7,5.47,2818697.0,353,0,0,3.961
629,1,8,9.6,2942554.0,368,0,0,3.974
629,1,9,21.73,43161.0,2,366,0,2.988
629,1,10,5.31,2744429.0,343,0,0,4.0
629,1,11,36.07,2659247.0,334,0,0,3.896
629,1,12,20.46,823.1,0,328,0,2.867
629,1,13,34.32,2756692.1,338,1,1,3.764
629,1,14,8.58,2879561.0,353,0,0,3.967
629,1,15,13.3,2444501.1,304,21,0,3.626
629,1,16,27.7,2658893.0,325,0,0,3.988
629,1,17,12.23,2912538.0,361,0,0,3.923
629,1,18,16.83,2204668.2,257,77,0,3.439
629,1,19,38.02,442046.9,36,304,0,3.215
629,1,20,37.85,2787150.0,343,0,0,3.98
629,1,21,8.07,2284765.3,278,55,0,3.533
629,1,22,27.42,2555389.0,319,0,0,3.938
629,1,23,29.83,1014714.5,110,222,0,3.346
629,1,24,36.07,6217.0,0,385,0,2.569
629,1,25,17.54,241894.2,18,347,0,3.305
629,1,26,27.33,2992612.0,376,0,0,3.987
629,1,27,37.84,0.0,0,0,0,0.0
629,1,28,36.11,0.0,0,0,0,0.0
629,1,29,28.09,0.0,0,0,0,0.0
629,1,30,27.63,0.0,0,0,0,0.0
629,1,31,24.51,0.0,0,0,0,0.0
629,2,0,7.74,67.4,0,231,0,4.0
629,2,1,8.87,1756609.6,218,2,0,3.743
629,2,2,26.78,199756.8,16,221,0,3.21
629,2,3,17.07,1645906.0,203,0,0,3.912
629,2,4,20.49,1732449.0,219,0,0,3.976
629,2,5,18.4,120.0,0,219,0,3.0
629,2,6,16.21,1996985.0,243,0,0,3.99
629,2,7,28.9,1706204.7,211,9,0,3.688
629,2,8,15.49,1444560.3,182,44,0,3.577
629,2,9,34.34,576203.4,53,195,1,3.409
629,2,10,38.11,1787076.0,222,0,0,3.741
629,2,11,16.92,173983.5,12,206,0,3.156
629,2,12,10.26,1826940.0,230,1,0,3.984
629,2,13,21.54,2000172.8,251,4,0,3.723
629,2,14,19.74,1856628.0,232,3,0,3.795
629,2,15,32.07,1929823.4,245,9,0,3.637
629,2,16,36.08,1909727.0,229,0,0,3.976
629,2,17,28.98,1659312.0,215,0,0,3.982
629,2,18,8.04,1859217.0,231,0,0,3.978
629,2,19,33.29,1841625.7,226,8,0,3.737
629,2,20,17.79,10375.7,0,239,0,2.434
629,2,21,16.53,1646378.6,200,10,0,3.657
629,2,22,23.07,1707571.0,213,0,0,3.966
629,2,23,23.06,1667660.0,213,0,0,3.971
629,2,24,30.02,939517.0,96,135,0,3.444
629,2,25,18.79,5797.4,0,212,0,2.636
629,2,26,16.66,1825087.9,211,22,0,3.582
629,2,27,27.9,1594050.0,201,0,0,3.973
629,2,28,14.65,1243679.2,148,90,0,3.515
629,2,29,36.0,1671793.0,211,0,0,3.979
629,2,30,34.95,0.0,0,0,0,0.0
629,2,31,15.56,0.0,0,0,0,0.0
639,0,0,7.31,126154.7,4,414,0,1.958
639,0,1,29.18,0.0,0,404,0,0.0
639,0,2,26.27,3112281.0,398,0,0,3.891
639,0,3,19.12,3216249.0,405,0,0,3.958
639,0,4,15.72,41264.4,0,400,1,1.763
639,0,5,15.24,3398298.0,417,0,0,3.871
639,0,6,31.03,17641.2,0,404,1,1.789
639,0,7,39.17,3511628.0,427,0,0,3.845
639,0,8,35.65,776948.1,64,354,0,2.224
639,0,9,14.73,3249269.2,414,2,0,3.671
639,0,10,34.02,20541.4,1,413,0,1.839
639,0,11,10.86,3328041.6,410,3,0,3.816
639,0,12,13.55,2948982.0,371,0,0,3.913
639,0,13,19.72,583903.3,44,323,0,2.131
639,0,14,30.6,3265349.8,405,1,0,3.951
639,0,15,28.59,3009347.0,378,0,0,3.531
639,0,16,28.24,0.0,0,415,0,0.0
639,0,17,31.34,3250185.7,396,3,0,2.968
639,0,18,36.47,3191098.0,402,0,0,3.123
639,0,19,5.84,1787.1,0,412,0,1.867
639,0,20,17.27,3146635.0,406,0,0,3.945
639,0,21,22.59,3529954.3,439,7,0,3.643
639,0,22,29.89,36601.0,0,407,0,1.818
639,0,23,15.03,26608.1,1,400,1,1.969
639,0,24,29.93,0.0,0,0,0,0.0
639,0,25,15.88,0.0,0,0,0,0.0
639,0,26,12.33,0.0,0,0,0,0.0
639,0,27,23.22,0.0,0,0,0,0.0
639,0,28,22.59,0.0,0,0,0,0.0
639,0,29,18.02,0.0,0,0,0,0.0
639,0,30,31.52,0.0,0,0,0,0.0
639,0,31,35.22,0.0,0,0,0,0.0
639,1,0,20.0,40116.0,0,326,0,3.027
639,1,1,22.2,2667584.0,332,0,0,3.966
639,1,2,24.66,256498.4,22,333,0,3.255
639,1,3,21.54,2675092.0,331,0,0,3.983
639,1,4,33.76,1278.1,0,366,0,2.706
639,1,5,23.71,2782099.0,352,0,0,3.97
639,1,6,10.08,2366685.0,292,29,0,3.604
639,1,7,5.47,2818697.0,353,0,0,3.965
639,1,8,9.6,2942554.0,368,0,0,3.972
639,1,9,21.73,39225.9,2,366,0,3.027
639,1,10,5.31,2744429.0,343,0,0,3.999
639,1,11,36.07,2659247.0,334,0,0,3.913
639,1,12,20.46,1010.7,0,328,0,2.857
639,1,13,34.32,2752550.6,337,2,1,3.804
639,1,14,8.58,2879561.0,353,0,0,3.974
639,1,15,13.3,2445101.4,302,23,0,3.649
639,1,16,27.7,2658893.0,325,0,0,3.993
639,1,17,12.23,2912538.0,361,0,0,3.933
639,1,18,16.83,2228640.1,259,75,0,3.482
639,1,19,38.02,418022.9,33,307,0,3.264
639,1,20,37.85,2787150.0,343,0,0,3.975
639,1,21,8.07,2295652.1,275,58,0,3.563
639,1,22,27.42,2555389.0,319,0,0,3.949
639,1,23,29.83,1037769.2,109,222,0,3.364
639,1,24,36.07,6214.1,0,385,0,2.655
639,1,25,17.54,232647.9,18,347,0,3.333
639,1,26,27.33,2992612.0,376,0,0,3.993
639,1,27,37.84,0.0,0,0,0,0.0
639,1,28,36.11,0.0,0,0,0,0.0
639,1,29,28.09,0.0,0,0,0,0.0
639,1,30,27.63,0.0,0,0,0,0.0
639,1,31,24.51,0.0,0,0,0,0.0
639,2,0,7.74,68.4,0,231,0,4.0
639,2,1,8.87,1764569.9,219,1,0,3.765
639,2,2,26.78,193229.3,13,224,0,3.221
639,2,3,17.07,1645906.0,203,0,0,3.901
639,2,4,20.49,1732449.0,219,0,0,3.992
639,2,5,18.4,120.3,0,219,0,3.0
639,2,6,16.21,1996985.0,243,0,0,3.992
639,2,7,28.9,1703676.4,211,9,0,3.72
639,2,8,15.49,1458421.9,183,43,0,3.618
639,2,9,34.34,582049.9,50,199,0,3.443
639,2,10,38.11,1787076.0,222,0,0,3.793
639,2,11,16.92,163377.2,12,206,0,3.127
639,2,12,10.26,1826940.0,230,1,0,3.988
639,2,13,21.54,2017460.0,252,3,0,3.742
639,2,14,19.74,1849091.5,231,4,0,3.825
639,2,15,32.07,1959466.3,247,7,0,3.659
639,2,16,36.08,1909727.0,229,0,0,3.976
639,2,17,28.98,1659312.0,215,0,0,3.982
639,2,18,8.04,1859217.0,231,0,0,3.984
639,2,19,33.29,1852575.5,227,7,0,3.754
639,2,20,17.79,8675.7,0,239,0,2.468
639,2,21,16.53,1646061.0,199,11,0,3.656
639,2,22,23.07,1707571.0,213,0,0,3.986
639,2,23,23.06,1667660.0,213,0,0,3.967
639,2,24,30.02,978904.9,99,132,0,3.473
639,2,25,18.79,7304.9,0,212,0,2.319
639,2,26,16.66,1809565.7,209,24,0,3.631
639,2,27,27.9,1594050.0,201,0,0,3.98
639,2,28,14.65,1293180.0,147,91,0,3.539
639,2,29,36.0,1671793.0,211,0,0,3.975
639,2,30,34.95,0.0,0,0,0,0.0
639,2,31,15.56,0.0,0,0,0,0.0
649,0,0,7.31,111095.0,7,411,0,1.624
649,0,1,29.18,0.0,0,404,0,0.0
649,0,2,26.27,3112281.0,398,0,0,3.873
649,0,3,19.12,3216249.0,405,0,0,3.94
649,0,4,15.72,37875.6,0,400,1,1.465
649,0,5,15.24,3398298.0,417,0,0,3.838
649,0,6,31.03,16583.3,0,405,0,1.468
649,0,7,39.17,3511628.0,427,0,0,3.819
649,0,8,35.65,824895.7,73,345,0,2.024
649,0,9,14.73,3249269.2,414,2,0,3.61
649,0,10,34.02,22261.4,1,413,0,1.535
649,0,11,10.86,3334845.4,411,2,0,3.754
649,0,12,13.55,2948982.0,371,0,0,3.892
649,0,13,19.72,514733.1,41,326,0,1.927
649,0,14,30.6,3270308.0,406,0,0,3.929
649,0,15,28.59,3009347.0,378,0,0,3.492
649,0,16,28.24,0.0,0,415,0,0.0
649,0,17,31.34,3255700.0,398,1,0,2.867
649,0,18,36.47,3191098.0,402,0,0,3.054
649,0,19,5.84,786.9,0,412,0,1.4
649,0,20,17.27,3146635.0,406,0,0,3.944
649,0,21,22.59,3542745.1,441,5,0,3.582
649,0,22,29.89,39351.9,0,406,1,1.486
649,0,23,15.03,27618.5,0,401,1,1.677
649,0,24,29.93,0.0,0,0,0,0.0
649,0,25,15.88,0.0,0,0,0,0.0
649,0,26,12.33,0.0,0,0,0,0.0
649,0,27,23.22,0.0,0,0,0,0.0
649,0,28,22.59,0.0,0,0,0,0.0
649,0,29,18.02,0.0,0,0,0,0.0
649,0,30,31.52,0.0,0,0,0,0.0
649,0,31,35.22,0.0,0,0,0,0.0
649,1,0,20.0,38261.0,1,325,0,2.77
649,1,1,22.2,2667584.0,332,0,0,3.945
649,1,2,24.66,216598.6,21,334,0,3.035
649,1,3,21.54,2675092.0,331,0,0,3.968
649,1,4,33.76,764.9,0,366,0,2.7
649,1,5,23.71,2782099.0,352,0,0,3.952
649,1,6,10.08,2345156.2,290,31,0,3.473
649,1,7,5.47,2818697.0,353,0,0,3.936
649,1,8,9.6,2942554.0,368,0,0,3.949
649,1,9,21.73,41845.8,2,366,0,2.844
649,1,10,5.31,2744429.0,343,0,0,4.0
649,1,11,36.07,2659247.0,334,0,0,3.883
649,1,12,20.46,575.0,0,328,0,2.143
649,1,13,34.32,2752570.6,337,2,1,3.741
649,1,14,8.58,2879561.0,353,0,0,3.951
649,1,15,13.3,2446620.7,306,19,0,3.541
649,1,16,27.7,2658893.0,325,0,0,3.982
649,1,17,12.23,2912538.0,361,0,0,3.906
649,1,18,16.83,2298764.0,270,65,0,3.309
649,1,19,38.02,392864.2,33,307,0,3.054
649,1,20,37.85,2787150.0,343,0,0,3.962
649,1,21,8.07,2364618.1,285,48,0,3.426
649,1,22,27.42,2550758.0,318,0,0,3.926
649,1,23,29.83,1049232.7,112,220,0,3.223
649,1,24,36.07,5581.6,0,385,0,2.03
649,1,25,17.54,216411.0,19,346,0,3.071
649,1,26,27.33,2992612.0,376,0,0,3.982
649,1,27,37.84,0.0,0,0,0,0.0
649,1,28,36.11,0.0,0,0,0,0.0
649,1,29,28.09,0.0,0,0,0,0.0
649,1,30,27.63,0.0,0,0,0,0.0
649,1,31,24.51,0.0,0,0,0,0.0
649,2,0,7.74,228.0,0,231,0,2.333
649,2,1,8.87,1761573.3,219,1,0,3.654
649,2,2,26.78,171177.4,12,225,0,2.995
649,2,3,17.07,1645906.0,203,0,0,3.856
649,2,4,20.49,1732449.0,219,0,0,3.962
649,2,5,18.4,240.0,0,219,0,2.5
649,2,6,16.21,1996985.0,243,0,0,3.978
649,2,7,28.9,1697995.0,211,9,0,3.593
649,2,8,15.49,1476726.9,187,39,0,3.475
649,2,9,34.34,610803.7,55,194,0,3.214
649,2,10,38.11,1785676.3,221,1,0,3.692
649,2,11,16.92,169252.9,16,202,0,2.967
649,2,12,10.26,1835399.0,231,0,0,3.98
649,2,13,21.54,2009970.0,252,3,0,3.602
649,2,14,19.74,1859647.2,233,2,0,3.712
649,2,15,32.07,1951461.5,248,6,0,3.531
649,2,16,36.08,1909727.0,229,0,0,3.962
649,2,17,28.98,1659312.0,215,0,0,3.966
649,2,18,8.04,1859217.0,231,0,0,3.969
649,2,19,33.29,1842205.1,227,7,0,3.649
649,2,20,17.79,7039.2,0,239,0,2.257
649,2,21,16.53,1627496.9,198,12,0,3.546
649,2,22,23.07,1707571.0,213,0,0,3.964
649,2,23,23.06,1667660.0,213,0,0,3.948
649,2,24,30.02,926627.0,97,134,0,3.341
649,2,25,18.79,5224.0,0,212,0,2.212
649,2,26,16.66,1838694.9,219,14,0,3.474
649,2,27,27.9,1594050.0,201,0,0,3.969
649,2,28,14.65,1331564.9,154,84,0,3.377
649,2,29,36.0,1664476.6,210,1,0,3.952
649,2,30,34.95,0.0,0,0,0,0.0
649,2,31,15.56,0.0,0,0,0,0.0
659,0,0,7.31,115396.3,7,411,0,1.519
659,0,1,29.18,0.0,0,404,0,0.0
659,0,2,26.27,3112281.0,398,0,0,3.857
659,0,3,19.12,3216249.0,405,0,0,3.943
659,0,4,15.72,36923.1,0,400,1,1.376
659,0,5,15.24,3398298.0,417,0,0,3.841
659,0,6,31.03,19980.4,0,404,1,1.31
659,0,7,39.17,3511628.0,427,0,0,3.821
659,0,8,35.65,792417.3,72,346,0,1.944
659,0,9,14.73,3249269.2,414,2,0,3.6
659,0,10,34.02,22569.5,1,413,0,1.398
659,0,11,10.86,3334845.4,411,2,0,3.759
659,0,12,13.55,2948982.0,371,0,0,3.901
659,0,13,19.72,503366.6,38,329,0,1.847
659,0,14,30.6,3265349.8,405,1,0,3.921
659,0,15,28.59,3009347.0,378,0,0,3.426
659,0,16,28.24,0.0,0,415,0,0.0
659,0,17,31.34,3259588.8,398,1,0,2.811
659,0,18,36.47,3191098.0,402,0,0,3.009
659,0,19,5.84,1214.5,0,412,0,1.286
659,0,20,17.27,3146635.0,406,0,0,3.94
659,0,21,22.59,3547889.0,442,4,0,3.542
659,0,22,29.89,35632.2,0,406,1,1.376
659,0,23,15.03,30701.7,1,401,0,1.523
659,0,24,29.93,0.0,0,0,0,0.0
659,0,25,15.88,0.0,0,0,0,0.0
659,0,26,12.33,0.0,0,0,0,0.0
659,0,27,23.22,0.0,0,0,0,0.0
659,0,28,22.59,0.0,0,0,0,0.0
659,0,29,18.02,0.0,0,0,0,0.0
659,0,30,31.52,0.0,0,0,0,0.0
659,0,31,35.22,0.0,0,0,0,0.0
659,1,0,20.0,39029.2,1,325,0,2.738
659,1,1,22.2,2667584.0,332,0,0,3.939
659,1,2,24.66,235610.6,24,331,0,2.89
659,1,3,21.54,2675092.0,331,0,0,3.979
659,1,4,33.76,1075.7,0,366,0,2.3
659,1,5,23.71,2782099.0,352,0,0,3.938
659,1,6,10.08,2351595.2,289,32,0,3.456
659,1,7,5.47,2818697.0,353,0,0,3.915
659,1,8,9.6,2942554.0,368,0,0,3.958
659,1,9,21.73,42020.2,3,365,0,2.8
659,1,10,5.31,2744429.0,343,0,0,3.997
659,1,11,36.07,2659247.0,334,0,0,3.857
659,1,12,20.46,664.0,0,328,0,2.091
659,1,13,34.32,2752552.4,337,3,0,3.674
659,1,14,8.58,2879561.0,353,0,0,3.933
659,1,15,13.3,2446345.4,305,21,0,3.478
659,1,16,27.7,2658893.0,325,0,0,3.98
659,1,17,12.23,2912538.0,361,0,0,3.889
659,1,18,16.83,2269808.3,265,69,0,3.263
659,1,19,38.02,390228.0,34,306,0,2.914
659,1,20,37.85,2787150.0,343,0,0,3.952
659,1,21,8.07,2356224.6,284,49,0,3.366
659,1,22,27.42,2555389.0,319,0,0,3.897
659,1,23,29.83,1045874.5,114,217,0,3.137
659,1,24,36.07,5495.2,0,385,0,2.062
659,1,25,17.54,203776.6,20,345,0,3.047
659,1,26,27.33,2992612.0,376,0,0,3.98
659,1,27,37.84,0.0,0,0,0,0.0
659,1,28,36.11,0.0,0,0,0,0.0
659,1,29,28.09,0.0,0,0,0,0.0
659,1,30,27.63,0.0,0,0,0,0.0
659,1,31,24.51,0.0,0,0,0,0.0
659,2,0,7.74,297.1,0,231,0,1.5
659,2,1,8.87,1759946.0,218,2,0,3.629
659,2,2,26.78,175226.1,12,225,0,2.898
659,2,3,17.07,1645906.0,203,0,0,3.845
659,2,4,20.49,1732449.0,219,0,0,3.948
659,2,5,18.4,147.3,0,219,0,3.333
659,2,6,16.21,1996985.0,243,0,0,3.98
659,2,7,28.9,1701635.7,213,7,0,3.529
659,2,8,15.49,1440257.8,181,45,0,3.427
659,2,9,34.34,614571.8,55,194,0,3.192
659,2,10,38.11,1787076.0,222,0,0,3.64
659,2,11,16.92,179268.8,17,201,0,2.846
659,2,12,10.26,1835399.0,231,0,0,3.97
659,2,13,21.54,2003376.3,251,4,0,3.563
659,2,14,19.74,1862399.5,233,2,0,3.672
659,2,15,32.07,1942631.9,245,9,0,3.509
659,2,16,36.08,1909727.0,229,0,0,3.943
659,2,17,28.98,1659312.0,215,0,0,3.957
659,2,18,8.04,1859217.0,231,0,0,3.961
659,2,19,33.29,1839713.2,226,8,0,3.584
659,2,20,17.79,8452.8,0,239,0,2.0
659,2,21,16.53,1638026.1,198,12,0,3.482
659,2,22,23.07,1707571.0,213,0,0,3.952
659,2,23,23.06,1667660.0,213,0,0,3.932
659,2,24,30.02,881825.7,95,136,0,3.242
659,2,25,18.79,5940.4,0,212,0,2.091
659,2,26,16.66,1831267.9,217,16,0,3.408
659,2,27,27.9,1594050.0,201,0,0,3.953
659,2,28,14.65,1296881.1,153,85,0,3.323
659,2,29,36.0,1660549.0,210,1,0,3.941
659,2,30,34.95,0.0,0,0,0,0.0
659,2,31,15.56,0.0,0,0,0,0.0
669,0,0,7.31,116716.2,6,412,0,1.424
669,0,1,29.18,0.0,0,404,0,0.0
669,0,2,26.27,3112281.0,398,0,0,3.856
669,0,3,19.12,3216249.0,405,0,0,3.925
669,0,4,15.72,35419.6,0,400,1,1.386
669,0,5,15.24,3398298.0,417,0,0,3.805
669,0,6,31.03,18394.9,0,404,1,1.28
669,0,7,39.17,3511628.0,427,0,0,3.822
669,0,8,35.65,768529.0,71,347,0,1.86
669,0,9,14.73,3231051.2,411,5,0,3.555
669,0,10,34.02,21937.0,1,413,0,1.422
669,0,11,10.86,3334845.4,411,2,0,3.755
669,0,12,13.55,2948982.0,371,0,0,3.894
669,0,13,19.72,525184.7,46,321,0,1.844
669,0,14,30.6,3265349.8,405,1,0,3.921
669,0,15,28.59,3009347.0,378,0,0,3.469
669,0,16,28.24,0.0,0,415,0,0.0
669,0,17,31.34,3260180.6,398,1,0,2.82
669,0,18,36.47,3186224.0,401,1,0,3.01
669,0,19,5.84,504.9,0,412,0,1.333
669,0,20,17.27,3146635.0,406,0,0,3.92
669,0,21,22.59,3537597.1,439,7,0,3.537
669,0,22,29.89,35584.4,0,406,1,1.3
669,0,23,15.03,28699.6,0,402,0,1.471
669,0,24,29.93,0.0,0,0,0,0.0
669,0,25,15.88,0.0,0,0,0,0.0
669,0,26,12.33,0.0,0,0,0,0.0
669,0,27,23.22,0.0,0,0,0,0.0
669,0,28,22.59,0.0,0,0,0,0.0
669,0,29,18.02,0.0,0,0,0,0.0
669,0,30,31.52,0.0,0,0,0,0.0
669,0,31,35.22,0.0,0,0,0,0.0
669,1,0,20.0,46077.8,1,325,0,2.791
669,1,1,22.2,2667584.0,332,0,0,3.928
669,1,2,24.66,226689.4,23,332,0,2.866
669,1,3,21.54,2675092.0,331,0,0,3.951
669,1,4,33.76,1157.2,0,366,0,2.273
669,1,5,23.71,2782099.0,352,0,0,3.939
669,1,6,10.08,2375556.8,296,25,0,3.423
669,1,7,5.47,2818697.0,353,0,0,3.912
669,1,8,9.6,2942554.0,368,0,0,3.955
669,1,9,21.73,39751.6,2,366,0,2.742
669,1,10,5.31,2744429.0,343,0,0,3.994
669,1,11,36.07,2659247.0,334,0,0,3.856
669,1,12,20.46,805.8,0,328,0,2.308
669,1,13,34.32,2752772.8,337,2,1,3.664
669,1,14,8.58,2879561.0,353,0,0,3.936
669,1,15,13.3,2470705.5,310,16,0,3.464
669,1,16,27.7,2658893.0,325,0,0,3.983
669,1,17,12.23,2912538.0,361,0,0,3.88
669,1,18,16.83,2246583.4,263,71,0,3.27
669,1,19,38.02,371042.4,33,307,0,2.965
669,1,20,37.85,2787150.0,343,0,0,3.958
669,1,21,8.07,2385389.9,281,52,0,3.365
669,1,22,27.42,2555389.0,319,0,0,3.901
669,1,23,29.83,1061170.3,117,214,0,3.125
669,1,24,36.07,4836.6,0,385,0,1.96
669,1,25,17.54,224861.9,22,343,0,3.037
669,1,26,27.33,2992612.0,376,0,0,3.976
669,1,27,37.84,0.0,0,0,0,0.0
669,1,28,36.11,0.0,0,0,0,0.0
669,1,29,28.09,0.0,0,0,0,0.0
669,1,30,27.63,0.0,0,0,0,0.0
669,1,31,24.51,0.0,0,0,0,0.0
669,2,0,7.74,295.7,0,231,0,2.667
669,2,1,8.87,1762382.1,219,1,0,3.583
669,2,2,26.78,164624.3,11,226,0,2.855
669,2,3,17.07,1645906.0,203,0,0,3.859
669,2,4,20.49,1732449.0,219,0,0,3.942
669,2,5,18.4,120.0,0,219,0,3.0
669,2,6,16.21,1996985.0,243,0,0,3.984
669,2,7,28.9,1705614.9,212,8,0,3.547
669,2,8,15.49,1431676.8,178,48,0,3.426
669,2,9,34.34,636532.4,60,189,0,3.177
669,2,10,38.11,1781874.9,221,1,0,3.629
669,2,11,16.92,182369.0,12,206,0,2.851
669,2,12,10.26,1835399.0,231,0,0,3.97
669,2,13,21.54,2005570.0,251,4,0,3.58
669,2,14,19.74,1863957.9,235,1,0,3.698
669,2,15,32.07,1936303.5,243,11,0,3.512
669,2,16,36.08,1909727.0,229,0,0,3.941
669,2,17,28.98,1659312.0,215,0,0,3.936
669,2,18,8.04,1859217.0,231,0,0,3.955
669,2,19,33.29,1827599.3,226,8,0,3.572
669,2,20,17.79,6593.0,0,239,0,1.591
669,2,21,16.53,1647451.2,200,10,0,3.46
669,2,22,23.07,1707571.0,213,0,0,3.954
669,2,23,23.06,1667660.0,213,0,0,3.937
669,2,24,30.02,916492.2,97,134,0,3.265
669,2,25,18.79,4272.5,0,212,0,2.192
669,2,26,16.66,1800886.2,212,21,0,3.412
669,2,27,27.9,1594050.0,201,0,0,3.953
669,2,28,14.65,1342994.3,161,77,0,3.324
669,2,29,36.0,1660549.0,210,1,0,3.933
669,2,30,34.95,0.0,0,0,0,0.0
669,2,31,15.56,0.0,0,0,0,0.0
679,0,0,7.31,125427.5,3,415,0,1.519
679,0,1,29.18,0.0,0,404,0,0.0
679,0,2,26.27,3112281.0,398,0,0,3.862
679,0,3,19.12,3216249.0,405,0,0,3.936
679,0,4,15.72,38124.5,0,401,0,1.542
679,0,5,15.24,3398298.0,417,0,0,3.805
679,0,6,31.03,17658.8,0,403,2,1.388
679,0,7,39.17,3511628.0,427,0,0,3.814
679,0,8,35.65,775005.6,72,346,0,1.941
679,0,9,14.73,3233974.2,412,4,0,3.576
679,0,10,34.02,23208.2,1,413,0,1.435
679,0,11,10.86,3334845.4,411,2,0,3.771
679,0,12,13.55,2948982.0,371,0,0,3.902
679,0,13,19.72,509171.6,39,328,0,1.909
679,0,14,30.6,3265349.8,405,1,0,3.923
679,0,15,28.59,3009347.0,378,0,0,3.459
679,0,16,28.24,0.0,0,415,0,0.0
679,0,17,31.34,3260371.0,399,0,0,2.804
679,0,18,36.47,3191098.0,402,0,0,2.993
679,0,19,5.84,1217.7,0,412,0,1.286
679,0,20,17.27,3146635.0,406,0,0,3.928
679,0,21,22.59,3544433.8,440,6,0,3.542
679,0,22,29.89,35091.5,0,405,2,1.472
679,0,23,15.03,29960.1,0,401,1,1.451
679,0,24,29.93,0.0,0,0,0,0.0
679,0,25,15.88,0.0,0,0,0,0.0
679,0,26,12.33,0.0,0,0,0,0.0
679,0,27,23.22,0.0,0,0,0,0.0
679,0,28,22.59,0.0,0,0,0,0.0
679,0,29,18.02,0.0,0,0,0,0.0
679,0,30,31.52,0.0,0,0,0,0.0
679,0,31,35.22,0.0,0,0,0,0.0
679,1,0,20.0,40254.7,0,326,0,2.786
679,1,1,22.2,2667584.0,332,0,0,3.935
679,1,2,24.66,237786.9,21,334,0,2.918
679,1,3,21.54,2675092.0,331,0,0,3.959
679,1,4,33.76,881.2,0,366,0,2.444
679,1,5,23.71,2782099.0,352,0,0,3.944
679,1,6,10.08,2338298.8,292,29,0,3.458
679,1,7,5.47,2818697.0,353,0,0,3.914
679,1,8,9.6,2942554.0,368,0,0,3.969
679,1,9,21.73,44053.5,2,366,0,2.726
679,1,10,5.31,2744429.0,343,0,0,3.996
679,1,11,36.07,2659247.0,334,0,0,3.857
679,1,12,20.46,740.5,0,328,0,2.462
679,1,13,34.32,2756245.0,337,2,1,3.665
679,1,14,8.58,2879561.0,353,0,0,3.93
679,1,15,13.3,2454100.4,307,19,0,3.483
679,1,16,27.7,2658893.0,325,0,0,3.994
679,1,17,12.23,2912538.0,361,0,0,3.891
679,1,18,16.83,2226454.0,257,78,0,3.307
679,1,19,38.02,421132.2,35,305,0,3.018
679,1,20,37.85,2787150.0,343,0,0,3.959
679,1,21,8.07,2384281.8,284,49,0,3.38
679,1,22,27.42,2555389.0,319,0,0,3.905
679,1,23,29.83,1054952.4,113,218,0,3.181
679,1,24,36.07,3717.3,0,385,0,2.419
679,1,25,17.54,225689.6,24,341,0,3.095
679,1,26,27.33,2992612.0,376,0,0,3.974
679,1,27,37.84,0.0,0,0,0,0.0
679,1,28,36.11,0.0,0,0,0,0.0
679,1,29,28.09,0.0,0,0,0,0.0
679,1,30,27.63,0.0,0,0,0,0.0
679,1,31,24.51,0.0,0,0,0,0.0
679,2,0,7.74,54.3,0,231,0,3.0
679,2,1,8.87,1766283.0,220,0,0,3.616
679,2,2,26.78,211558.4,12,225,0,2.888
679,2,3,17.07,1645906.0,203,0,0,3.834
679,2,4,20.49,1732449.0,219,0,0,3.962
679,2,5,18.4,121.0,0,219,0,3.0
679,2,6,16.21,1996985.0,243,0,0,3.976
679,2,7,28.9,1710293.0,214,6,0,3.531
679,2,8,15.49,1452471.3,184,42,0,3.419
679,2,9,34.34,577249.5,55,194,0,3.149
679,2,10,38.11,1787076.0,222,0,0,3.644
679,2,11,16.92,189208.8,15,203,0,2.877
679,2,12,10.26,1835399.0,231,0,0,3.968
679,2,13,21.54,1981438.7,248,7,0,3.591
679,2,14,19.74,1858638.0,234,1,0,3.673
679,2,15,32.07,1942984.6,245,9,0,3.507
679,2,16,36.08,1909727.0,229,0,0,3.937
679,2,17,28.98,1659312.0,215,0,0,3.966
679,2,18,8.04,1859217.0,231,0,0,3.967
679,2,19,33.29,1831939.6,225,8,0,3.615
679,2,20,17.79,8420.5,0,239,0,1.909
679,2,21,16.53,1654037.3,202,8,0,3.473
679,2,22,23.07,1707571.0,213,0,0,3.95
679,2,23,23.06,1667660.0,213,0,0,3.938
679,2,24,30.02,931721.7,98,133,0,3.312
679,2,25,18.79,3992.9,0,212,0,2.214
679,2,26,16.66,1827561.4,216,17,0,3.437
679,2,27,27.9,1594050.0,201,0,0,3.949
679,2,28,14.65,1282144.1,148,89,1,3.288
679,2,29,36.0,1660838.9,210,1,0,3.931
679,2,30,34.95,0.0,0,0,0,0.0
679,2,31,15.56,0.0,0,0,0,0.0
689,0,0,7.31,118106.0,4,414,0,1.672
689,0,1,29.18,0.0,0,404,0,0.0
689,0,2,26.27,3112281.0,398,0,0,3.855
689,0,3,19.12,3216249.0,405,0,0,3.942
689,0,4,15.72,36661.1,0,400,1,1.649
689,0,5,15.24,3398298.0,417,0,0,3.84
689,0,6,31.03,18200.7,0,403,2,1.507
689,0,7,39.17,3511628.0,427,0,0,3.838
689,0,8,35.65,720658.4,67,351,0,2.047
689,0,9,14.73,3240736.9,412,4,0,3.609
689,0,10,34.02,23741.4,1,413,0,1.516
689,0,11,10.86,3326688.0,411,2,0,3.757
689,0,12,13.55,2948982.0,371,0,0,3.897
689,0,13,19.72,570932.9,50,317,0,1.986
689,0,14,30.6,3265349.8,405,1,0,3.924
689,0,15,28.59,3009347.0,378,0,0,3.493
689,0,16,28.24,0.0,0,415,0,0.0
689,0,17,31.34,3259628.7,398,1,0,2.846
689,0,18,36.47,3191098.0,402,0,0,3.016
689,0,19,5.84,1511.4,0,412,0,1.333
689,0,20,17.27,3146635.0,406,0,0,3.938
689,0,21,22.59,3547889.0,442,4,0,3.551
689,0,22,29.89,37904.4,0,405,2,1.55
689,0,23,15.03,26749.7,0,402,0,1.593
689,0,24,29.93,0.0,0,0,0,0.0
689,0,25,15.88,0.0,0,0,0,0.0
689,0,26,12.33,0.0,0,0,0,0.0
689,0,27,23.22,0.0,0,0,0,0.0
689,0,28,22.59,0.0,0,0,0,0.0
689,0,29,18.02,0.0,0,0,0,0.0
689,0,30,31.52,0.0,0,0,0,0.0
689,0,31,35.22,0.0,0,0,0,0.0
689,1,0,20.0,52533.0,2,324,0,2.974
689,1,1,22.2,2667584.0,332,0,0,3.944
689,1,2,24.66,212741.7,20,335,0,3.002
689,1,3,21.54,2675092.0,331,0,0,3.957
689,1,4,33.76,751.1,0,366,0,2.333
689,1,5,23.71,2782099.0,352,0,0,3.961
689,1,6,10.08,2364993.1,296,25,0,3.462
689,1,7,5.47,2818697.0,353,0,0,3.926
689,1,8,9.6,2942554.0,368,0,0,3.968
689,1,9,21.73,43810.3,3,365,0,2.956
689,1,10,5.31,2744429.0,343,0,0,3.997
689,1,11,36.07,2659247.0,334,0,0,3.861
689,1,12,20.46,1115.9,0,328,0,2.444
689,1,13,34.32,2752292.2,336,2,2,3.69
689,1,14,8.58,2879561.0,353,0,0,3.94
689,1,15,13.3,2464559.4,307,19,0,3.54
689,1,16,27.7,2658893.0,325,0,0,3.981
689,1,17,12.23,2912538.0,361,0,0,3.894
689,1,18,16.83,2178334.9,249,85,0,3.325
689,1,19,38.02,402483.9,31,309,0,3.058
689,1,20,37.85,2787150.0,343,0,0,3.951
689,1,21,8.07,2357872.9,281,52,0,3.422
689,1,22,27.42,2555389.0,319,0,0,3.892
689,1,23,29.83,1049690.1,111,220,0,3.212
689,1,24,36.07,5468.3,0,385,0,2.222
689,1,25,17.54,226861.1,22,343,0,3.178
689,1,26,27.33,2992612.0,376,0,0,3.975
689,1,27,37.84,0.0,0,0,0,0.0
689,1,28,36.11,0.0,0,0,0,0.0
689,1,29,28.09,0.0,0,0,0,0.0
689,1,30,27.63,0.0,0,0,0,0.0
689,1,31,24.51,0.0,0,0,0,0.0
689,2,0,7.74,207.6,0,231,0,3.0
689,2,1,8.87,1761935.0,218,2,0,3.654
689,2,2,26.78,181376.0,13,224,0,2.995
689,2,3,17.07,1645906.0,203,0,0,3.83
689,2,4,20.49,1732449.0,219,0,0,3.956
689,2,5,18.4,477.3,0,219,0,2.5
689,2,6,16.21,1996985.0,243,0,0,3.986
689,2,7,28.9,1705343.8,213,7,0,3.592
689,2,8,15.49,1452989.0,180,46,0,3.504
689,2,9,34.34,617529.1,60,189,0,3.217
689,2,10,38.11,1787076.0,222,0,0,3.676
689,2,11,16.92,188898.9,14,204,0,2.92
689,2,12,10.26,1835399.0,231,0,0,3.978
689,2,13,21.54,1988694.2,249,6,0,3.614
689,2,14,19.74,1866227.3,235,0,0,3.69
689,2,15,32.07,1953589.9,247,7,0,3.558
689,2,16,36.08,1909727.0,229,0,0,3.951
689,2,17,28.98,1659312.0,215,0,0,3.961
689,2,18,8.04,1859217.0,231,0,0,3.962
689,2,19,33.29,1832713.9,227,7,0,3.636
689,2,20,17.79,8931.9,0,239,0,1.973
689,2,21,16.53,1646457.7,200,10,0,3.535
689,2,22,23.07,1707571.0,213,0,0,3.956
689,2,23,23.06,1667660.0,213,0,0,3.938
689,2,24,30.02,929040.2,93,138,0,3.354
689,2,25,18.79,5259.2,0,212,0,2.533
689,2,26,16.66,1799612.6,210,23,0,3.49
689,2,27,27.9,1594050.0,201,0,0,3.953
689,2,28,14.65,1311465.4,156,82,0,3.372
689,2,29,36.0,1660838.3,210,1,0,3.936
689,2,30,34.95,0.0,0,0,0,0.0
689,2,31,15.56,0.0,0,0,0,0.0
699,0,0,7.31,117882.6,2,416,0,1.81
699,0,1,29.18,0.0,0,404,0,0.0
699,0,2,26.27,3112281.0,398,0,0,3.879
699,0,3,19.12,3216249.0,405,0,0,3.944
699,0,4,15.72,33796.1,0,400,1,1.642
699,0,5,15.24,3398298.0,417,0,0,3.852
699,0,6,31.03,17687.3,0,405,0,1.597
699,0,7,39.17,3511628.0,427,0,0,3.86
699,0,8,35.65,793098.9,66,352,0,2.144
699,0,9,14.73,3238224.4,412,4,0,3.656
699,0,10,34.02,20016.0,1,413,0,1.607
699,0,11,10.86,3334845.4,411,2,0,3.808
699,0,12,13.55,2948982.0,371,0,0,3.908
699,0,13,19.72,562473.7,51,316,0,2.066
699,0,14,30.6,3265349.8,405,1,0,3.939
699,0,15,28.59,3009347.0,378,0,0,3.563
699,0,16,28.24,0.0,0,415,0,0.0
699,0,17,31.34,3259922.6,398,1,0,2.994
699,0,18,36.47,3191098.0,402,0,0,3.08
699,0,19,5.84,1556.9,0,412,0,1.75
699,0,20,17.27,3146635.0,406,0,0,3.941
699,0,21,22.59,3540415.4,440,6,0,3.602
699,0,22,29.89,36454.9,0,406,1,1.653
699,0,23,15.03,26549.4,0,402,0,1.76
699,0,24,29.93,0.0,0,0,0,0.0
699,0,25,15.88,0.0,0,0,0,0.0
699,0,26,12.33,0.0,0,0,0,0.0
699,0,27,23.22,0.0,0,0,0,0.0
699,0,28,22.59,0.0,0,0,0,0.0
699,0,29,18.02,0.0,0,0,0,0.0
699,0,30,31.52,0.0,0,0,0,0.0
699,0,31,35.22,0.0,0,0,0,0.0
699,1,0,20.0,41875.9,1,325,0,3.052
699,1,1,22.2,2667584.0,332,0,0,3.968
699,1,2,24.66,248379.4,19,336,0,3.162
699,1,3,21.54,2675092.0,331,0,0,3.982
699,1,4,33.76,1106.7,0,366,0,2.0
699,1,5,23.71,2782099.0,352,0,0,3.961
699,1,6,10.08,2363891.9,293,28,0,3.606
699,1,7,5.47,2818697.0,353,0,0,3.959
699,1,8,9.6,2942554.0,368,0,0,3.979
699,1,9,21.73,45075.4,2,366,0,3.08
699,1,10,5.31,2744429.0,343,0,0,3.999
699,1,11,36.07,2659247.0,334,0,0,3.907
699,1,12,20.46,812.9,0,328,0,2.688
699,1,13,34.32,2753891.5,337,2,1,3.807
699,1,14,8.58,2879561.0,353,0,0,3.975
699,1,15,13.3,2462653.7,307,19,0,3.655
699,1,16,27.7,2658893.0,325,0,0,3.993
699,1,17,12.23,2912538.0,361,0,0,3.93
699,1,18,16.83,2237295.0,263,71,0,3.499
699,1,19,38.02,405914.2,29,311,0,3.28
699,1,20,37.85,2787150.0,343,0,0,3.977
699,1,21,8.07,2342424.1,279,54,0,3.581
699,1,22,27.42,2555389.0,319,0,0,3.955
699,1,23,29.83,1052909.5,107,224,0,3.399
699,1,24,36.07,4757.0,0,385,0,2.756
699,1,25,17.54,223469.4,20,345,0,3.297
699,1,26,27.33,2992612.0,376,0,0,3.992
699,1,27,37.84,0.0,0,0,0,0.0
699,1,28,36.11,0.0,0,0,0,0.0
699,1,29,28.09,0.0,0,0,0,0.0
699,1,30,27.63,0.0,0,0,0,0.0
699,1,31,24.51,0.0,0,0,0,0.0
699,2,0,7.74,122.6,0,231,0,3.667
699,2,1,8.87,1762622.5,219,1,0,3.771
699,2,2,26.78,199537.6,11,226,0,3.145
699,2,3,17.07,1645906.0,203,0,0,3.889
699,2,4,20.49,1732449.0,219,0,0,3.968
699,2,5,18.4,121.2,0,219,0,3.0
699,2,6,16.21,1996985.0,243,0,0,3.992
699,2,7,28.9,1713667.0,215,5,0,3.738
699,2,8,15.49,1443742.1,180,46,0,3.622
699,2,9,34.34,604249.5,53,196,0,3.389
699,2,10,38.11,1779933.1,221,1,0,3.759
699,2,11,16.92,194190.1,9,209,0,3.182
699,2,12,10.26,1835399.0,231,0,0,3.976
699,2,13,21.54,1983954.9,247,8,0,3.741
699,2,14,19.74,1851938.5,233,2,0,3.819
699,2,15,32.07,1953000.8,246,8,0,3.678
699,2,16,36.08,1909727.0,229,0,0,3.962
699,2,17,28.98,1659312.0,215,0,0,3.988
699,2,18,8.04,1859217.0,231,0,0,3.972
699,2,19,33.29,1842285.4,228,6,0,3.746
699,2,20,17.79,6260.4,0,239,0,2.207
699,2,21,16.53,1636971.2,199,11,0,3.675
699,2,22,23.07,1707571.0,213,0,0,3.978
699,2,23,23.06,1667660.0,213,0,0,3.97
699,2,24,30.02,923605.7,96,135,0,3.477
699,2,25,18.79,4409.3,0,212,0,2.737
699,2,26,16.66,1824733.2,212,21,0,3.627
699,2,27,27.9,1594050.0,201,0,0,3.971
699,2,28,14.65,1294153.6,152,86,0,3.505
699,2,29,36.0,1667801.7,210,1,0,3.962
699,2,30,34.95,0.0,0,0,0,0.0
699,2,31,15.56,0.0,0,0,0,0.0
709,0,0,7.31,122218.5,2,416,0,1.806
709,0,1,29.18,0.0,0,404,0,0.0
709,0,2,26.27,3112281.0,398,0,0,3.864
709,0,3,19.12,3216249.0,405,0,0,3.943
709,0,4,15.72,36697.5,0,400,1,1.762
709,0,5,15.24,3398298.0,417,0,0,3.853
709,0,6,31.03,16345.1,0,405,0,1.74
709,0,7,39.17,3511628.0,427,0,0,3.863
709,0,8,35.65,785232.7,69,349,0,2.191
709,0,9,14.73,3238261.6,412,4,0,3.648
709,0,10,34.02,21631.3,1,413,0,1.698
709,0,11,10.86,3334845.4,411,2,0,3.798
709,0,12,13.55,2948982.0,371,0,0,3.923
709,0,13,19.72,553220.6,39,328,0,2.105
709,0,14,30.6,3265349.8,405,1,0,3.945
709,0,15,28.59,3009347.0,378,0,0,3.564
709,0,16,28.24,0.0,0,415,0,0.0
709,0,17,31.34,3258969.8,397,2,0,2.94
709,0,18,36.47,3191098.0,402,0,0,3.076
709,0,19,5.84,1816.1,0,412,0,1.786
709,0,20,17.27,3146635.0,406,0,0,3.945
709,0,21,22.59,3552655.1,442,4,0,3.607
709,0,22,29.89,35128.4,0,407,0,1.633
709,0,23,15.03,25965.5,0,402,0,1.856
709,0,24,29.93,0.0,0,0,0,0.0
709,0,25,15.88,0.0,0,0,0,0.0
709,0,26,12.33,0.0,0,0,0,0.0
709,0,27,23.22,0.0,0,0,0,0.0
709,0,28,22.59,0.0,0,0,0,0.0
709,0,29,18.02,0.0,0,0,0,0.0
709,0,30,31.52,0.0,0,0,0,0.0
709,0,31,35.22,0.0,0,0,0,0.0
709,1,0,20.0,45979.6,1,325,0,3.076
709,1,1,22.2,2667584.0,332,0,0,3.954
709,1,2,24.66,261356.2,22,333,0,3.25
709,1,3,21.54,2675092.0,331,0,0,3.976
709,1,4,33.76,841.4,0,366,0,2.429
709,1,5,23.71,2782099.0,352,0,0,3.965
709,1,6,10.08,2320876.4,290,31,0,3.604
709,1,7,5.47,2818697.0,353,0,0,3.957
709,1,8,9.6,2942554.0,368,0,0,3.982
709,1,9,21.73,45617.9,3,365,0,3.11
709,1,10,5.31,2744429.0,343,0,0,3.999
709,1,11,36.07,2659247.0,334,0,0,3.921
709,1,12,20.46,880.4,0,328,0,3.158
709,1,13,34.32,2752799.0,337,1,1,3.794
709,1,14,8.58,2879561.0,353,0,0,3.968
709,1,15,13.3,2463481.9,307,19,0,3.644
709,1,16,27.7,2658893.0,325,0,0,3.995
709,1,17,12.23,2912538.0,361,0,0,3.926
709,1,18,16.83,2227546.9,263,71,0,3.46
709,1,19,38.02,432569.1,33,307,0,3.28
709,1,20,37.85,2787150.0,343,0,0,3.97
709,1,21,8.07,2312083.8,272,61,0,3.567
709,1,22,27.42,2555389.0,319,0,0,3.955
709,1,23,29.83,1030538.6,106,225,0,3.376
709,1,24,36.07,5369.5,0,385,0,2.644
709,1,25,17.54,226333.9,21,344,0,3.309
709,1,26,27.33,2992612.0,376,0,0,3.989
709,1,27,37.84,0.0,0,0,0,0.0
709,1,28,36.11,0.0,0,0,0,0.0
709,1,29,28.09,0.0,0,0,0,0.0
709,1,30,27.63,0.0,0,0,0,0.0
709,1,31,24.51,0.0,0,0,0,0.0
709,2,0,7.74,130.4,0,231,0,3.333
709,2,1,8.87,1761911.6,218,2,0,3.756
709,2,2,26.78,180624.9,13,224,0,3.196
709,2,3,17.07,1645906.0,203,0,0,3.892
709,2,4,20.49,1732449.0,219,0,0,3.974
709,2,5,18.4,85.9,0,219,0,3.5
709,2,6,16.21,1996985.0,243,0,0,3.996
709,2,7,28.9,1696339.0,213,7,0,3.738
709,2,8,15.49,1485332.6,182,44,0,3.607
709,2,9,34.34,623343.0,54,195,0,3.347
709,2,10,38.11,1787076.0,222,0,0,3.739
709,2,11,16.92,189957.3,13,205,0,3.098
709,2,12,10.26,1835399.0,231,0,0,3.982
709,2,13,21.54,1972954.0,245,10,0,3.712
709,2,14,19.74,1857613.4,234,1,0,3.771
709,2,15,32.07,1946430.0,245,9,0,3.661
709,2,16,36.08,1909727.0,229,0,0,3.967
709,2,17,28.98,1659312.0,215,0,0,3.984
709,2,18,8.04,1859217.0,231,0,0,3.983
709,2,19,33.29,1832580.5,225,9,0,3.746
709,2,20,17.79,7671.2,0,239,0,2.278
709,2,21,16.53,1641261.6,201,9,0,3.643
709,2,22,23.07,1707571.0,213,0,0,3.976
709,2,23,23.06,1667660.0,213,0,0,3.952
709,2,24,30.02,887112.3,87,144,0,3.463
709,2,25,18.79,6128.0,0,212,0,2.852
709,2,26,16.66,1808958.7,212,21,0,3.605
709,2,27,27.9,1594050.0,201,0,0,3.977
709,2,28,14.65,1303338.9,151,87,0,3.513
709,2,29,36.0,1664476.6,210,1,0,3.963
709,2,30,34.95,0.0,0,0,0,0.0
709,2,31,15.56,0.0,0,0,0,0.0
719,0,0,7.31,117319.6,3,415,0,1.675
719,0,1,29.18,0.0,0,404,0,0.0
719,0,2,26.27,3112281.0,398,0,0,3.856
719,0,3,19.12,3216249.0,405,0,0,3.935
719,0,4,15.72,36322.3,0,401,0,1.417
719,0,5,15.24,3398298.0,417,0,0,3.835
719,0,6,31.03,16883.6,0,405,0,1.517
719,0,7,39.17,3511628.0,427,0,0,3.836
719,0,8,35.65,819639.7,72,346,0,2.087
719,0,9,14.73,3245895.6,413,3,0,3.622
719,0,10,34.02,19200.3,0,414,0,1.495
719,0,11,10.86,3330758.3,410,3,0,3.772
719,0,12,13.55,2948982.0,371,0,0,3.908
719,0,13,19.72,575182.8,44,323,0,1.981
719,0,14,30.6,3265349.8,405,1,0,3.933
719,0,15,28.59,3009347.0,378,0,0,3.523
719,0,16,28.24,0.0,0,415,0,0.0
719,0,17,31.34,3260371.0,399,0,0,2.886
719,0,18,36.47,3191098.0,402,0,0,3.027
719,0,19,5.84,1625.5,0,412,0,1.833
719,0,20,17.27,3146635.0,406,0,0,3.948
719,0,21,22.59,3538268.7,439,7,0,3.56
719,0,22,29.89,30943.2,0,407,0,1.525
719,0,23,15.03,26075.9,0,401,1,1.625
719,0,24,29.93,0.0,0,0,0,0.0
719,0,25,15.88,0.0,0,0,0,0.0
719,0,26,12.33,0.0,0,0,0,0.0
719,0,27,23.22,0.0,0,0,0,0.0
719,0,28,22.59,0.0,0,0,0,0.0
719,0,29,18.02,0.0,0,0,0,0.0
719,0,30,31.52,0.0,0,0,0,0.0
719,0,31,35.22,0.0,0,0,0,0.0
719,1,0,20.0,43356.8,0,326,0,2.865
719,1,1,22.2,2667584.0,332,0,0,3.946
719,1,2,24.66,218597.9,19,336,0,3.122
719,1,3,21.54,2675092.0,331,0,0,3.964
719,1,4,33.76,686.0,0,366,0,1.75
719,1,5,23.71,2782099.0,352,0,0,3.948
719,1,6,10.08,2341523.0,293,28,0,3.506
719,1,7,5.47,2818697.0,353,0,0,3.947
719,1,8,9.6,2942554.0,368,0,0,3.971
719,1,9,21.73,34454.1,2,366,0,2.927
719,1,10,5.31,2744429.0,343,0,0,3.997
719,1,11,36.07,2659247.0,334,0,0,3.898
719,1,12,20.46,698.2,0,328,0,3.083
719,1,13,34.32,2754249.8,337,1,1,3.737
719,1,14,8.58,2879561.0,353,0,0,3.946
719,1,15,13.3,2452326.5,308,18,0,3.568
719,1,16,27.7,2658893.0,325,0,0,3.991
719,1,17,12.23,2912538.0,361,0,0,3.886
719,1,18,16.83,2236042.5,261,73,0,3.406
719,1,19,38.02,435688.4,36,304,0,3.132
719,1,20,37.85,2787150.0,343,0,0,3.961
719,1,21,8.07,2326357.4,278,55,0,3.481
719,1,22,27.42,2555389.0,319,0,0,3.924
719,1,23,29.83,1040437.0,107,224,0,3.285
719,1,24,36.07,5122.9,0,385,0,2.194
719,1,25,17.54,217648.5,19,346,0,3.221
719,1,26,27.33,2992612.0,376,0,0,3.982
719,1,27,37.84,0.0,0,0,0,0.0
719,1,28,36.11,0.0,0,0,0,0.0
719,1,29,28.09,0.0,0,0,0,0.0
719,1,30,27.63,0.0,0,0,0,0.0
719,1,31,24.51,0.0,0,0,0,0.0
719,2,0,7.74,313.9,0,231,0,3.0
719,2,1,8.87,1758340.8,218,2,0,3.68
719,2,2,26.78,196918.9,17,220,0,3.03
719,2,3,17.07,1645906.0,203,0,0,3.884
719,2,4,20.49,1732449.0,219,0,0,3.942
719,2,5,18.4,208.0,0,219,0,1.0
719,2,6,16.21,1996985.0,243,0,0,3.992
719,2,7,28.9,1718155.0,213,7,0,3.632
719,2,8,15.49,1454366.8,183,43,0,3.531
719,2,9,34.34,585392.4,57,192,0,3.269
719,2,10,38.11,1785676.3,221,1,0,3.683
719,2,11,16.92,183369.3,12,206,0,2.983
719,2,12,10.26,1835399.0,231,0,0,3.976
719,2,13,21.54,1984051.2,247,8,0,3.656
719,2,14,19.74,1865166.4,234,1,0,3.735
719,2,15,32.07,1958653.8,247,7,0,3.579
719,2,16,36.08,1909727.0,229,0,0,3.964
719,2,17,28.98,1659312.0,215,0,0,3.967
719,2,18,8.04,1859217.0,231,0,0,3.972
719,2,19,33.29,1824506.8,224,10,0,3.645
719,2,20,17.79,7068.6,0,239,0,1.857
719,2,21,16.53,1651935.1,202,8,0,3.548
719,2,22,23.07,1707571.0,213,0,0,3.972
719,2,23,23.06,1667660.0,213,0,0,3.949
719,2,24,30.02,945991.2,101,130,0,3.32
719,2,25,18.79,6930.2,0,212,0,2.442
719,2,26,16.66,1796297.9,209,24,0,3.499
719,2,27,27.9,1594050.0,201,0,0,3.958
719,2,28,14.65,1305193.7,155,83,0,3.421
719,2,29,36.0,1660807.4,210,1,0,3.949
719,2,30,34.95,0.0,0,0,0,0.0
719,2,31,15.56,0.0,0,0,0,0.0
729,0,0,7.31,127145.5,4,414,0,1.624
729,0,1,29.18,0.0,0,404,0,0.0
729,0,2,26.27,3112281.0,398,0,0,3.868
729,0,3,19.12,3216249.0,405,0,0,3.936
729,0,4,15.72,37439.2,0,401,0,1.452
729,0,5,15.24,3398298.0,417,0,0,3.84
729,0,6,31.03,17909.1,0,405,0,1.467
729,0,7,39.17,3511628.0,427,0,0,3.836
729,0,8,35.65,858219.9,79,339,0,2.078
729,0,9,14.73,3252542.0,415,1,0,3.602
729,0,10,34.02,19262.5,0,414,0,1.478
729,0,11,10.86,3326688.0,411,2,0,3.763
729,0,12,13.55,2948982.0,371,0,0,3.886
729,0,13,19.72,514940.2,41,326,0,1.992
729,0,14,30.6,3265349.8,405,1,0,3.943
729,0,15,28.59,3009347.0,378,0,0,3.501
729,0,16,28.24,0.0,0,415,0,0.0
729,0,17,31.34,3260371.0,399,0,0,2.849
729,0,18,36.47,3191098.0,402,0,0,2.984
729,0,19,5.84,1157.3,0,412,0,1.571
729,0,20,17.27,3146635.0,406,0,0,3.94
729,0,21,22.59,3562821.0,443,3,0,3.545
729,0,22,29.89,33092.6,0,406,1,1.577
729,0,23,15.03,26480.9,0,401,1,1.618
729,0,24,29.93,0.0,0,0,0,0.0
729,0,25,15.88,0.0,0,0,0,0.0
729,0,26,12.33,0.0,0,0,0,0.0
729,0,27,23.22,0.0,0,0,0,0.0
729,0,28,22.59,0.0,0,0,0,0.0
729,0,29,18.02,0.0,0,0,0,0.0
729,0,30,31.52,0.0,0,0,0,0.0
729,0,31,35.22,0.0,0,0,0,0.0
729,1,0,20.0,49676.6,2,324,0,2.771
729,1,1,22.2,2667584.0,332,0,0,3.948
729,1,2,24.66,272807.8,24,331,0,3.043
729,1,3,21.54,2675092.0,331,0,0,3.966
729,1,4,33.76,289.0,0,366,0,3.0
729,1,5,23.71,2782099.0,352,0,0,3.947
729,1,6,10.08,2341959.5,293,28,0,3.482
729,1,7,5.47,2818697.0,353,0,0,3.947
729,1,8,9.6,2942554.0,368,0,0,3.951
729,1,9,21.73,35519.1,2,366,0,2.793
729,1,10,5.31,2744429.0,343,0,0,3.996
729,1,11,36.07,2659247.0,334,0,0,3.874
729,1,12,20.46,603.9,0,328,0,3.133
729,1,13,34.32,2751191.9,336,2,1,3.714
729,1,14,8.58,2879561.0,353,0,0,3.948
729,1,15,13.3,2467147.2,308,18,0,3.519
729,1,16,27.7,2658893.0,325,0,0,3.985
729,1,17,12.23,2912538.0,361,0,0,3.877
729,1,18,16.83,2209886.2,260,74,0,3.314
729,1,19,38.02,425867.9,36,304,0,3.098
729,1,20,37.85,2787150.0,343,0,0,3.959
729,1,21,8.07,2332680.2,278,55,0,3.43
729,1,22,27.42,2555389.0,319,0,0,3.907
729,1,23,29.83,1010758.8,104,227,0,3.232
729,1,24,36.07,5010.8,0,385,0,2.219
729,1,25,17.54,218459.5,17,348,0,3.164
729,1,26,27.33,2992612.0,376,0,0,3.977
729,1,27,37.84,0.0,0,0,0,0.0
729,1,28,36.11,0.0,0,0,0,0.0
729,1,29,28.09,0.0,0,0,0,0.0
729,1,30,27.63,0.0,0,0,0,0.0
729,1,31,24.51,0.0,0,0,0,0.0
729,2,0,7.74,455.8,0,231,0,3.0
729,2,1,8.87,1755788.9,218,2,0,3.658
729,2,2,26.78,159653.3,10,227,0,3.029
729,2,3,17.07,1645906.0,203,0,0,3.876
729,2,4,20.49,1732449.0,219,0,0,3.952
729,2,5,18.4,121.2,0,219,0,3.0
729,2,6,16.21,1996985.0,243,0,0,3.992
729,2,7,28.9,1717211.7,212,8,0,3.591
729,2,8,15.49,1482506.5,187,39,0,3.487
729,2,9,34.34,604921.6,60,189,0,3.22
729,2,10,38.11,1787076.0,222,0,0,3.654
729,2,11,16.92,198597.0,17,201,0,2.996
729,2,12,10.26,1835399.0,231,0,0,3.984
729,2,13,21.54,1977888.0,249,6,0,3.615
729,2,14,19.74,1866227.3,235,0,0,3.677
729,2,15,32.07,1959536.6,248,6,0,3.55
729,2,16,36.08,1909727.0,229,0,0,3.958
729,2,17,28.98,1659312.0,215,0,0,3.974
729,2,18,8.04,1859217.0,231,0,0,3.965
729,2,19,33.29,1830604.8,223,11,0,3.639
729,2,20,17.79,6070.2,0,239,0,2.0
729,2,21,16.53,1648262.0,199,11,0,3.514
729,2,22,23.07,1707571.0,213,0,0,3.962
729,2,23,23.06,1667660.0,213,0,0,3.935
729,2,24,30.02,912474.4,94,137,0,3.32
729,2,25,18.79,5787.2,0,212,0,2.39
729,2,26,16.66,1803834.5,210,23,0,3.489
729,2,27,27.9,1594050.0,201,0,0,3.961
729,2,28,14.65,1307567.4,153,85,0,3.373
729,2,29,36.0,1660723.9,210,1,0,3.929
729,2,30,34.95,0.0,0,0,0,0.0
729,2,31,15.56,0.0,0,0,0,0.0
739,0,0,7.31,131320.2,4,414,0,1.574
739,0,1,29.18,0.0,0,404,0,0.0
739,0,2,26.27,3112281.0,398,0,0,3.875
739,0,3,19.12,3216249.0,405,0,0,3.939
739,0,4,15.72,38981.0,0,401,0,1.437
739,0,5,15.24,3398298.0,417,0,0,3.825
739,0,6,31.03,15360.1,0,405,0,1.495
739,0,7,39.17,3511628.0,427,0,0,3.845
739,0,8,35.65,905585.7,79,339,0,2.021
739,0,9,14.73,3231818.6,411,5,0,3.591
739,0,10,34.02,16014.4,0,414,0,1.475
739,0,11,10.86,3334845.4,411,2,0,3.768
739,0,12,13.55,2948982.0,371,0,0,3.888
739,0,13,19.72,499575.8,41,326,0,1.965
739,0,14,30.6,3265349.8,405,1,0,3.946
739,0,15,28.59,3009347.0,378,0,0,3.495
739,0,16,28.24,0.0,0,415,0,0.0
739,0,17,31.34,3260371.0,399,0,0,2.838
739,0,18,36.47,3191098.0,402,0,0,2.999
739,0,19,5.84,1810.3,0,412,0,1.636
739,0,20,17.27,3146635.0,406,0,0,3.93
739,0,21,22.59,3555584.6,442,4,0,3.542
739,0,22,29.89,31016.0,0,406,1,1.526
739,0,23,15.03,25500.3,0,401,1,1.625
739,0,24,29.93,0.0,0,0,0,0.0
739,0,25,15.88,0.0,0,0,0,0.0
739,0,26,12.33,0.0,0,0,0,0.0
739,0,27,23.22,0.0,0,0,0,0.0
739,0,28,22.59,0.0,0,0,0,0.0
739,0,29,18.02,0.0,0,0,0,0.0
739,0,30,31.52,0.0,0,0,0,0.0
739,0,31,35.22,0.0,0,0,0,0.0
739,1,0,20.0,46536.5,1,325,0,2.732
739,1,1,22.2,2667584.0,332,0,0,3.955
739,1,2,24.66,269334.2,25,330,0,2.994
739,1,3,21.54,2675092.0,331,0,0,3.979
739,1,4,33.76,1128.0,0,366,0,1.714
739,1,5,23.71,2782099.0,352,0,0,3.939
739,1,6,10.08,2310753.7,287,34,0,3.454
739,1,7,5.47,2818697.0,353,0,0,3.952
739,1,8,9.6,2942554.0,368,0,0,3.956
739,1,9,21.73,36763.9,2,366,0,2.833
739,1,10,5.31,2744429.0,343,0,0,3.994
739,1,11,36.07,2659247.0,334,0,0,3.876
739,1,12,20.46,1001.9,0,328,0,2.889
739,1,13,34.32,2754085.5,337,1,1,3.695
739,1,14,8.58,2879561.0,353,0,0,3.944
739,1,15,13.3,2471374.5,309,16,0,3.501
739,1,16,27.7,2658893.0,325,0,0,3.986
739,1,17,12.23,2912538.0,361,0,0,3.872
739,1,18,16.83,2235930.1,261,73,0,3.317
739,1,19,38.02,412502.2,31,309,0,3.082
739,1,20,37.85,2787150.0,343,0,0,3.951
739,1,21,8.07,2349624.9,281,52,0,3.433
739,1,22,27.42,2555389.0,319,0,0,3.912
739,1,23,29.83,1016799.1,103,229,0,3.197
739,1,24,36.07,5642.2,0,385,0,2.351
739,1,25,17.54,223851.1,19,346,0,3.113
739,1,26,27.33,2992612.0,376,0,0,3.985
739,1,27,37.84,0.0,0,0,0,0.0
739,1,28,36.11,0.0,0,0,0,0.0
739,1,29,28.09,0.0,0,0,0,0.0
739,1,30,27.63,0.0,0,0,0,0.0
739,1,31,24.51,0.0,0,0,0,0.0
739,2,0,7.74,384.1,0,231,0,3.0
739,2,1,8.87,1766283.0,220,0,0,3.657
739,2,2,26.78,176822.3,12,225,0,3.005
739,2,3,17.07,1645906.0,203,0,0,3.834
739,2,4,20.49,1732449.0,219,0,0,3.947
739,2,5,18.4,240.2,0,219,0,2.5
739,2,6,16.21,1996985.0,243,0,0,3.986
739,2,7,28.9,1688432.4,210,10,0,3.572
739,2,8,15.49,1473090.7,185,41,0,3.474
739,2,9,34.34,589394.2,57,192,0,3.206
739,2,10,38.11,1786088.2,221,1,0,3.65
739,2,11,16.92,187924.7,15,203,0,2.896
739,2,12,10.26,1835399.0,231,0,0,3.978
739,2,13,21.54,1980629.0,250,5,0,3.609
739,2,14,19.74,1852755.6,233,2,0,3.704
739,2,15,32.07,1961387.9,247,7,0,3.523
739,2,16,36.08,1909727.0,229,0,0,3.959
739,2,17,28.98,1659312.0,215,0,0,3.971
739,2,18,8.04,1859217.0,231,0,0,3.96
739,2,19,33.29,1832120.8,225,9,0,3.61
739,2,20,17.79,5710.5,0,239,0,1.826
739,2,21,16.53,1649439.4,200,10,0,3.486
739,2,22,23.07,1707571.0,213,0,0,3.976
739,2,23,23.06,1667660.0,213,0,0,3.938
739,2,24,30.02,953887.1,100,131,0,3.282
739,2,25,18.79,6107.3,0,212,0,2.385
739,2,26,16.66,1794928.8,211,22,0,3.46
739,2,27,27.9,1594050.0,201,0,0,3.957
739,2,28,14.65,1339436.2,158,80,0,3.362
739,2,29,36.0,1660838.9,210,1,0,3.935
739,2,30,34.95,0.0,0,0,0,0.0
739,2,31,15.56,0.0,0,0,0,0.0
749,0,0,7.31,117375.6,5,413,0,1.401
749,0,1,29.18,0.0,0,404,0,0.0
749,0,2,26.27,3112281.0,398,0,0,3.829
749,0,3,19.12,3216249.0,405,0,0,3.932
749,0,4,15.72,39510.0,0,401,0,1.384
749,0,5,15.24,3398298.0,417,0,0,3.8
749,0,6,31.03,18331.9,0,405,0,1.304
749,0,7,39.17,3511628.0,427,0,0,3.831
749,0,8,35.65,846001.7,82,336,0,1.924
749,0,9,14.73,3241182.6,412,4,0,3.584
749,0,10,34.02,18497.1,0,414,0,1.35
749,0,11,10.86,3328041.6,410,3,0,3.72
749,0,12,13.55,2948982.0,371,0,0,3.88
749,0,13,19.72,487690.3,41,326,0,1.874
749,0,14,30.6,3265349.8,405,1,0,3.933
749,0,15,28.59,3009347.0,378,0,0,3.454
749,0,16,28.24,0.0,0,415,0,0.0
749,0,17,31.34,3260371.0,399,0,0,2.765
749,0,18,36.47,3191098.0,402,0,0,2.947
749,0,19,5.84,1287.3,0,412,0,1.778
749,0,20,17.27,3146635.0,406,0,0,3.937
749,0,21,22.59,3534644.0,439,7,0,3.506
749,0,22,29.89,34191.6,0,405,2,1.383
749,0,23,15.03,24797.0,0,401,1,1.519
749,0,24,29.93,0.0,0,0,0,0.0
749,0,25,15.88,0.0,0,0,0,0.0
749,0,26,12.33,0.0,0,0,0,0.0
749,0,27,23.22,0.0,0,0,0,0.0
749,0,28,22.59,0.0,0,0,0,0.0
749,0,29,18.02,0.0,0,0,0,0.0
749,0,30,31.52,0.0,0,0,0,0.0
749,0,31,35.22,0.0,0,0,0,0.0
749,1,0,20.0,52911.1,2,324,0,2.648
749,1,1,22.2,2667584.0,332,0,0,3.939
749,1,2,24.66,241972.3,23,332,0,3.0
749,1,3,21.54,2675092.0,331,0,0,3.951
749,1,4,33.76,986.0,0,366,0,2.222
749,1,5,23.71,2782099.0,352,0,0,3.934
749,1,6,10.08,2327658.8,291,30,0,3.385
749,1,7,5.47,2818697.0,353,0,0,3.935
749,1,8,9.6,2942554.0,368,0,0,3.937
749,1,9,21.73,41479.8,2,366,0,2.807
749,1,10,5.31,2744429.0,343,0,0,3.992
749,1,11,36.07,2659247.0,334,0,0,3.839
749,1,12,20.46,972.0,0,328,0,2.944
749,1,13,34.32,2759102.0,339,1,0,3.621
749,1,14,8.58,2879561.0,353,0,0,3.929
749,1,15,13.3,2460698.8,306,20,0,3.427
749,1,16,27.7,2658893.0,325,0,0,3.98
749,1,17,12.23,2912538.0,361,0,0,3.847
749,1,18,16.83,2249010.1,262,72,0,3.259
749,1,19,38.02,414613.4,36,304,0,3.051
749,1,20,37.85,2787150.0,343,0,0,3.94
749,1,21,8.07,2329027.4,284,49,0,3.343
749,1,22,27.42,2555389.0,319,0,0,3.889
749,1,23,29.83,1010907.5,112,219,0,3.118
749,1,24,36.07,4477.6,0,385,0,2.469
749,1,25,17.54,202545.2,18,347,0,3.036
749,1,26,27.33,2992612.0,376,0,0,3.96
749,1,27,37.84,0.0,0,0,0,0.0
749,1,28,36.11,0.0,0,0,0,0.0
749,1,29,28.09,0.0,0,0,0,0.0
749,1,30,27.63,0.0,0,0,0,0.0
749,1,31,24.51,0.0,0,0,0,0.0
749,2,0,7.74,360.8,0,231,0,2.5
749,2,1,8.87,1739082.4,213,6,0,3.594
749,2,2,26.78,192608.4,13,224,0,2.83
749,2,3,17.07,1645906.0,203,0,0,3.81
749,2,4,20.49,1732449.0,219,0,0,3.926
749,2,5,18.4,448.2,0,219,0,2.0
749,2,6,16.21,1996985.0,243,0,0,3.982
749,2,7,28.9,1671755.2,208,12,0,3.51
749,2,8,15.49,1464472.5,180,46,0,3.349
749,2,9,34.34,569007.0,56,193,0,3.107
749,2,10,38.11,1787076.0,222,0,0,3.553
749,2,11,16.92,187868.3,14,204,0,2.793
749,2,12,10.26,1826940.0,230,1,0,3.969
749,2,13,21.54,1971892.0,249,6,0,3.554
749,2,14,19.74,1865583.9,235,0,0,3.64
749,2,15,32.07,1964360.2,248,6,0,3.393
749,2,16,36.08,1909727.0,229,0,0,3.942
749,2,17,28.98,1659312.0,215,0,0,3.959
749,2,18,8.04,1859217.0,231,0,0,3.955
749,2,19,33.29,1832486.8,226,8,0,3.493
749,2,20,17.79,6027.4,0,239,0,1.929
749,2,21,16.53,1646519.6,198,12,0,3.4
749,2,22,23.07,1707571.0,213,0,0,3.948
749,2,23,23.06,1667660.0,213,0,0,3.923
749,2,24,30.02,901844.1,96,135,0,3.241
749,2,25,18.79,6536.4,0,212,0,2.375
749,2,26,16.66,1813148.5,215,18,0,3.378
749,2,27,27.9,1594050.0,201,0,0,3.957
749,2,28,14.65,1245126.2,149,89,0,3.241
749,2,29,36.0,1660549.0,210,1,0,3.927
749,2,30,34.95,0.0,0,0,0,0.0
749,2,31,15.56,0.0,0,0,0,0.0
759,0,0,7.31,125296.1,3,415,0,1.559
759,0,1,29.18,0.0,0,404,0,0.0
759,0,2,26.27,3112281.0,398,0,0,3.86
759,0,3,19.12,3216249.0,405,0,0,3.936
759,0,4,15.72,34649.8,0,401,0,1.369
759,0,5,15.24,3398298.0,417,0,0,3.822
759,0,6,31.03,16790.2,0,405,0,1.473
759,0,7,39.17,3511628.0,427,0,0,3.824
759,0,8,35.65,886928.3,78,340,0,1.963
759,0,9,14.73,3248816.6,413,3,0,3.598
759,0,10,34.02,19793.8,0,414,0,1.439
759,0,11,10.86,3328041.6,410,3,0,3.73
759,0,12,13.55,2948982.0,371,0,0,3.879
759,0,13,19.72,458639.4,35,332,0,1.916
759,0,14,30.6,3270308.0,406,0,0,3.936
759,0,15,28.59,3009347.0,378,0,0,3.491
759,0,16,28.24,0.0,0,415,0,0.0
759,0,17,31.34,3260371.0,399,0,0,2.829
759,0,18,36.47,3191098.0,402,0,0,2.967
759,0,19,5.84,1467.2,0,412,0,1.462
759,0,20,17.27,3146635.0,406,0,0,3.93
759,0,21,22.59,3539402.9,439,7,0,3.539
759,0,22,29.89,33638.8,0,405,2,1.417
759,0,23,15.03,28495.2,0,401,1,1.549
759,0,24,29.93,0.0,0,0,0,0.0
759,0,25,15.88,0.0,0,0,0,0.0
759,0,26,12.33,0.0,0,0,0,0.0
759,0,27,23.22,0.0,0,0,0,0.0
759,0,28,22.59,0.0,0,0,0,0.0
759,0,29,18.02,0.0,0,0,0,0.0
759,0,30,31.52,0.0,0,0,0,0.0
759,0,31,35.22,0.0,0,0,0,0.0
759,1,0,20.0,52915.1,2,324,0,2.756
759,1,1,22.2,2667584.0,332,0,0,3.937
759,1,2,24.66,273055.1,27,328,0,3.055
759,1,3,21.54,2675092.0,331,0,0,3.958
759,1,4,33.76,415.5,0,366,0,2.714
759,1,5,23.71,2782099.0,352,0,0,3.941
759,1,6,10.08,2304990.6,287,34,0,3.431
759,1,7,5.47,2818697.0,353,0,0,3.931
759,1,8,9.6,2942554.0,368,0,0,3.947
759,1,9,21.73,37440.1,2,366,0,2.748
759,1,10,5.31,2744429.0,343,0,0,3.993
759,1,11,36.07,2659247.0,334,0,0,3.862
759,1,12,20.46,1087.8,0,328,0,3.0
759,1,13,34.32,2757626.4,338,1,1,3.662
759,1,14,8.58,2879561.0,353,0,0,3.945
759,1,15,13.3,2468667.2,307,18,0,3.488
759,1,16,27.7,2658893.0,325,0,0,3.982
759,1,17,12.23,2912538.0,361,0,0,3.865
759,1,18,16.83,2212473.9,256,78,0,3.285
759,1,19,38.02,420327.0,34,306,0,3.025
759,1,20,37.85,2787150.0,343,0,0,3.953
759,1,21,8.07,2321471.2,280,53,0,3.379
759,1,22,27.42,2555389.0,319,0,0,3.884
759,1,23,29.83,1001910.1,103,228,0,3.208
759,1,24,36.07,4917.6,0,385,0,2.394
759,1,25,17.54,225062.7,19,346,0,3.092
759,1,26,27.33,2992612.0,376,0,0,3.973
759,1,27,37.84,0.0,0,0,0,0.0
759,1,28,36.11,0.0,0,0,0,0.0
759,1,29,28.09,0.0,0,0,0,0.0
759,1,30,27.63,0.0,0,0,0,0.0
759,1,31,24.51,0.0,0,0,0,0.0
759,2,0,7.74,560.5,0,231,0,2.75
759,2,1,8.87,1760665.0,219,1,0,3.607
759,2,2,26.78,198856.8,13,224,0,2.916
759,2,3,17.07,1645906.0,203,0,0,3.848
759,2,4,20.49,1732449.0,219,0,0,3.935
759,2,5,18.4,121.2,0,219,0,3.0
759,2,6,16.21,1996985.0,243,0,0,3.99
759,2,7,28.9,1707458.7,213,7,0,3.549
759,2,8,15.49,1429559.4,178,48,0,3.459
759,2,9,34.34,595132.5,59,190,0,3.174
759,2,10,38.11,1787076.0,222,0,0,3.623
759,2,11,16.92,194984.6,15,203,0,2.879
759,2,12,10.26,1835399.0,231,0,0,3.971
759,2,13,21.54,1970579.2,248,7,0,3.578
759,2,14,19.74,1861883.2,234,1,0,3.685
759,2,15,32.07,1966782.2,247,7,0,3.478
759,2,16,36.08,1909727.0,229,0,0,3.947
759,2,17,28.98,1659312.0,215,0,0,3.95
759,2,18,8.04,1859217.0,231,0,0,3.953
759,2,19,33.29,1839220.7,227,7,0,3.587
759,2,20,17.79,7366.1,0,239,0,1.741
759,2,21,16.53,1639183.9,198,12,0,3.457
759,2,22,23.07,1707571.0,213,0,0,3.968
759,2,23,23.06,1667660.0,213,0,0,3.934
759,2,24,30.02,905339.7,93,138,0,3.271
759,2,25,18.79,5253.4,0,212,0,2.395
759,2,26,16.66,1787102.7,210,23,0,3.424
759,2,27,27.9,1594050.0,201,0,0,3.965
759,2,28,14.65,1323187.9,159,79,0,3.306
759,2,29,36.0,1660838.9,210,1,0,3.929
759,2,30,34.95,0.0,0,0,0,0.0
759,2,31,15.56,0.0,0,0,0,0.0
769,0,0,7.31,123788.2,5,413,0,1.6
769,0,1,29.18,0.0,0,404,0,0.0
769,0,2,26.27,3112281.0,398,0,0,3.86
769,0,3,19.12,3216249.0,405,0,0,3.938
769,0,4,15.72,40878.4,0,401,0,1.375
769,0,5,15.24,3398298.0,417,0,0,3.827
769,0,6,31.03,16412.8,0,405,0,1.388
769,0,7,39.17,3511628.0,427,0,0,3.846
769,0,8,35.65,807119.0,71,347,0,2.019
769,0,9,14.73,3238259.6,412,4,0,3.606
769,0,10,34.02,15219.6,0,414,0,1.446
769,0,11,10.86,3328041.6,410,3,0,3.723
769,0,12,13.55,2948982.0,371,0,0,3.885
769,0,13,19.72,488491.4,39,328,0,1.906
769,0,14,30.6,3265349.8,405,1,0,3.931
769,0,15,28.59,3009347.0,378,0,0,3.47
769,0,16,28.24,0.0,0,415,0,0.0
769,0,17,31.34,3255700.0,398,1,0,2.797
769,0,18,36.47,3191098.0,402,0,0,2.968
769,0,19,5.84,1468.3,0,412,0,1.8
769,0,20,17.27,3146635.0,406,0,0,3.934
769,0,21,22.59,3552329.3,442,4,0,3.532
769,0,22,29.89,41159.2,0,406,1,1.426
769,0,23,15.03,26337.4,0,402,0,1.519
769,0,24,29.93,0.0,0,0,0,0.0
769,0,25,15.88,0.0,0,0,0,0.0
769,0,26,12.33,0.0,0,0,0,0.0
769,0,27,23.22,0.0,0,0,0,0.0
769,0,28,22.59,0.0,0,0,0,0.0
769,0,29,18.02,0.0,0,0,0,0.0
769,0,30,31.52,0.0,0,0,0,0.0
769,0,31,35.22,0.0,0,0,0,0.0
769,1,0,20.0,53204.8,2,324,0,2.708
769,1,1,22.2,2667584.0,332,0,0,3.94
769,1,2,24.66,245708.5,24,331,0,3.108
769,1,3,21.54,2675092.0,331,0,0,3.969
769,1,4,33.76,425.8,0,366,0,2.6
769,1,5,23.71,2782099.0,352,0,0,3.952
769,1,6,10.08,2286092.6,284,37,0,3.445
769,1,7,5.47,2818697.0,353,0,0,3.936
769,1,8,9.6,2942554.0,368,0,0,3.941
769,1,9,21.73,30039.1,1,367,0,2.838
769,1,10,5.31,2744429.0,343,0,0,3.994
769,1,11,36.07,2659247.0,334,0,0,3.849
769,1,12,20.46,797.2,0,328,0,3.25
769,1,13,34.32,2748066.6,337,2,1,3.683
769,1,14,8.58,2879561.0,353,0,0,3.947
769,1,15,13.3,2468675.5,310,16,0,3.469
769,1,16,27.7,2658893.0,325,0,0,3.98
769,1,17,12.23,2912538.0,361,0,0,3.879
769,1,18,16.83,2197513.6,253,81,0,3.298
769,1,19,38.02,422936.7,36,304,0,3.087
769,1,20,37.85,2787150.0,343,0,0,3.943
769,1,21,8.07,2327785.5,280,53,0,3.392
769,1,22,27.42,2555389.0,319,0,0,3.895
769,1,23,29.83,1030866.0,109,223,0,3.193
769,1,24,36.07,3656.9,0,385,0,2.407
769,1,25,17.54,219661.5,19,346,0,3.093
769,1,26,27.33,2992612.0,376,0,0,3.976
769,1,27,37.84,0.0,0,0,0,0.0
769,1,28,36.11,0.0,0,0,0,0.0
769,1,29,28.09,0.0,0,0,0,0.0
769,1,30,27.63,0.0,0,0,0,0.0
769,1,31,24.51,0.0,0,0,0,0.0
769,2,0,7.74,258.9,0,231,0,3.333
769,2,1,8.87,1757725.1,219,1,0,3.644
769,2,2,26.78,181318.8,15,222,0,2.974
769,2,3,17.07,1645906.0,203,0,0,3.834
769,2,4,20.49,1732449.0,219,0,0,3.951
769,2,5,18.4,121.2,0,219,0,3.0
769,2,6,16.21,1996985.0,243,0,0,3.99
769,2,7,28.9,1693903.9,212,8,0,3.53
769,2,8,15.49,1470047.9,184,42,0,3.472
769,2,9,34.34,595309.2,55,194,0,3.161
769,2,10,38.11,1787076.0,222,0,0,3.608
769,2,11,16.92,198508.6,16,202,0,2.88
769,2,12,10.26,1826940.0,230,1,0,3.971
769,2,13,21.54,1974832.3,247,8,0,3.602
769,2,14,19.74,1862954.1,233,2,0,3.648
769,2,15,32.07,1951876.3,247,7,0,3.466
769,2,16,36.08,1909727.0,229,0,0,3.954
769,2,17,28.98,1659312.0,215,0,0,3.964
769,2,18,8.04,1859217.0,231,0,0,3.964
769,2,19,33.29,1836751.4,222,12,0,3.605
769,2,20,17.79,7325.1,0,239,0,1.704
769,2,21,16.53,1642241.7,197,13,0,3.471
769,2,22,23.07,1707571.0,213,0,0,3.96
769,2,23,23.06,1667660.0,213,0,0,3.943
769,2,24,30.02,895617.0,94,137,0,3.295
769,2,25,18.79,5155.8,0,212,0,2.353
769,2,26,16.66,1793275.2,209,24,0,3.441
769,2,27,27.9,1594050.0,201,0,0,3.962
769,2,28,14.65,1282854.5,154,84,0,3.315
769,2,29,36.0,1664382.9,210,1,0,3.929
769,2,30,34.95,0.0,0,0,0,0.0
769,2,31,15.56,0.0,0,0,0,0.0
779,0,0,7.31,113514.9,2,416,0,1.515
779,0,1,29.18,0.0,0,404,0,0.0
779,0,2,26.27,3112281.0,398,0,0,3.862
779,0,3,19.12,3216249.0,405,0,0,3.932
779,0,4,15.72,36496.8,0,401,0,1.379
779,0,5,15.24,3398298.0,417,0,0,3.828
779,0,6,31.03,16816.7,0,405,0,1.387
779,0,7,39.17,3511628.0,427,0,0,3.835
779,0,8,35.65,857233.8,74,344,0,1.966
779,0,9,14.73,3244455.4,413,3,0,3.592
779,0,10,34.02,16600.2,0,414,0,1.289
779,0,11,10.86,3337538.9,411,2,0,3.734
779,0,12,13.55,2948982.0,371,0,0,3.881
779,0,13,19.72,451309.1,32,335,0,1.841
779,0,14,30.6,3265349.8,405,1,0,3.919
779,0,15,28.59,3009347.0,378,0,0,3.449
779,0,16,28.24,0.0,0,415,0,0.0
779,0,17,31.34,3256641.8,398,1,0,2.769
779,0,18,36.47,3191098.0,402,0,0,2.939
779,0,19,5.84,1883.4,0,412,0,1.364
779,0,20,17.27,3146635.0,406,0,0,3.941
779,0,21,22.59,3534696.2,439,7,0,3.5
779,0,22,29.89,41893.7,0,406,1,1.409
779,0,23,15.03,29428.7,0,401,1,1.472
779,0,24,29.93,0.0,0,0,0,0.0
779,0,25,15.88,0.0,0,0,0,0.0
779,0,26,12.33,0.0,0,0,0,0.0
779,0,27,23.22,0.0,0,0,0,0.0
779,0,28,22.59,0.0,0,0,0,0.0
779,0,29,18.02,0.0,0,0,0,0.0
779,0,30,31.52,0.0,0,0,0,0.0
779,0,31,35.22,0.0,0,0,0,0.0
779,1,0,20.0,47232.2,2,324,0,2.757
779,1,1,22.2,2667584.0,332,0,0,3.931
779,1,2,24.66,230991.0,23,332,0,3.086
779,1,3,21.54,2675092.0,331,0,0,3.954
779,1,4,33.76,518.8,0,366,0,1.8
779,1,5,23.71,2782099.0,352,0,0,3.945
779,1,6,10.08,2353091.0,292,29,0,3.456
779,1,7,5.47,2818697.0,353,0,0,3.938
779,1,8,9.6,2942554.0,368,0,0,3.95
779,1,9,21.73,29320.0,2,366,0,2.705
779,1,10,5.31,2744429.0,343,0,0,3.996
779,1,11,36.07,2659247.0,334,0,0,3.843
779,1,12,20.46,755.8,0,328,0,3.059
779,1,13,34.32,2756521.8,338,2,0,3.645
779,1,14,8.58,2879561.0,353,0,0,3.939
779,1,15,13.3,2459730.5,308,18,0,3.476
779,1,16,27.7,2658893.0,325,0,0,3.976
779,1,17,12.23,2912538.0,361,0,0,3.839
779,1,18,16.83,2264497.3,265,69,0,3.264
779,1,19,38.02,429808.0,37,303,0,3.052
779,1,20,37.85,2787150.0,343,0,0,3.932
779,1,21,8.07,2345401.3,283,50,0,3.363
779,1,22,27.42,2555389.0,319,0,0,3.896
779,1,23,29.83,1066610.0,115,216,0,3.17
779,1,24,36.07,5631.0,0,385,0,2.476
779,1,25,17.54,202972.7,18,347,0,3.048
779,1,26,27.33,2992612.0,376,0,0,3.979
779,1,27,37.84,0.0,0,0,0,0.0
779,1,28,36.11,0.0,0,0,0,0.0
779,1,29,28.09,0.0,0,0,0,0.0
779,1,30,27.63,0.0,0,0,0,0.0
779,1,31,24.51,0.0,0,0,0,0.0
779,2,0,7.74,545.7,0,231,0,3.222
779,2,1,8.87,1751628.9,218,2,0,3.596
779,2,2,26.78,187803.0,12,225,0,2.914
779,2,3,17.07,1645906.0,203,0,0,3.807
779,2,4,20.49,1732449.0,219,0,0,3.932
779,2,5,18.4,120.3,0,219,0,3.0
779,2,6,16.21,1996985.0,243,0,0,3.986
779,2,7,28.9,1692271.4,213,7,0,3.485
779,2,8,15.49,1451261.1,181,45,0,3.415
779,2,9,34.34,574100.6,52,197,0,3.175
779,2,10,38.11,1787076.0,222,0,0,3.615
779,2,11,16.92,197443.1,16,202,0,2.79
779,2,12,10.26,1826940.0,230,1,0,3.973
779,2,13,21.54,1962707.4,247,8,0,3.558
779,2,14,19.74,1866227.3,235,0,0,3.66
779,2,15,32.07,1961919.5,247,7,0,3.461
779,2,16,36.08,1909727.0,229,0,0,3.942
779,2,17,28.98,1659312.0,215,0,0,3.96
779,2,18,8.04,1859217.0,231,0,0,3.96
779,2,19,33.29,1822790.7,223,11,0,3.558
779,2,20,17.79,7989.6,0,239,0,1.75
779,2,21,16.53,1644204.9,199,11,0,3.407
779,2,22,23.07,1707571.0,213,0,0,3.966
779,2,23,23.06,1667660.0,213,0,0,3.94
779,2,24,30.02,917821.2,91,140,0,3.278
779,2,25,18.79,5959.4,0,212,0,2.167
779,2,26,16.66,1791464.7,209,24,0,3.417
779,2,27,27.9,1594050.0,201,0,0,3.961
779,2,28,14.65,1304503.2,155,83,0,3.26
779,2,29,36.0,1660837.9,210,1,0,3.923
779,2,30,34.95,0.0,0,0,0,0.0
779,2,31,15.56,0.0,0,0,0,0.0
789,0,0,7.31,119319.8,3,415,0,1.476
789,0,1,29.18,0.0,0,404,0,0.0
789,0,2,26.27,3112281.0,398,0,0,3.878
789,0,3,19.12,3216249.0,405,0,0,3.922
789,0,4,15.72,40644.2,0,401,0,1.339
789,0,5,15.24,3398298.0,417,0,0,3.823
789,0,6,31.03,16557.2,0,405,0,1.294
789,0,7,39.17,3511628.0,427,0,0,3.813
789,0,8,35.65,864143.0,74,344,0,1.947
789,0,9,14.73,3240415.2,412,4,0,3.582
789,0,10,34.02,14700.8,0,414,0,1.326
789,0,11,10.86,3334000.6,411,2,0,3.714
789,0,12,13.55,2948982.0,371,0,0,3.862
789,0,13,19.72,452259.5,34,333,0,1.808
789,0,14,30.6,3270308.0,406,0,0,3.933
789,0,15,28.59,3009347.0,378,0,0,3.431
789,0,16,28.24,0.0,0,415,0,0.0
789,0,17,31.34,3251970.8,397,2,0,2.746
789,0,18,36.47,3191098.0,402,0,0,2.942
789,0,19,5.84,1467.4,0,412,0,1.444
789,0,20,17.27,3146635.0,406,0,0,3.94
789,0,21,22.59,3546320.9,440,6,0,3.53
789,0,22,29.89,43179.7,0,407,0,1.392
789,0,23,15.03,27908.2,0,402,0,1.352
789,0,24,29.93,0.0,0,0,0,0.0
789,0,25,15.88,0.0,0,0,0,0.0
789,0,26,12.33,0.0,0,0,0,0.0
789,0,27,23.22,0.0,0,0,0,0.0
789,0,28,22.59,0.0,0,0,0,0.0
789,0,29,18.02,0.0,0,0,0,0.0
789,0,30,31.52,0.0,0,0,0,0.0
789,0,31,35.22,0.0,0,0,0,0.0
789,1,0,20.0,47737.6,2,324,0,2.59
789,1,1,22.2,2667584.0,332,0,0,3.937
789,1,2,24.66,232578.7,20,335,0,3.005
789,1,3,21.54,2675092.0,331,0,0,3.954
789,1,4,33.76,705.0,0,366,0,2.0
789,1,5,23.71,2782099.0,352,0,0,3.935
789,1,6,10.08,2321055.4,289,32,0,3.39
789,1,7,5.47,2818697.0,353,0,0,3.922
789,1,8,9.6,2942554.0,368,0,0,3.934
789,1,9,21.73,26490.2,1,367,0,2.605
789,1,10,5.31,2744429.0,343,0,0,3.996
789,1,11,36.07,2659247.0,334,0,0,3.837
789,1,12,20.46,830.6,0,328,0,3.0
789,1,13,34.32,2756705.5,338,1,1,3.631
789,1,14,8.58,2879561.0,353,0,0,3.935
789,1,15,13.3,2472745.1,309,17,0,3.439
789,1,16,27.7,2658893.0,325,0,0,3.983
789,1,17,12.23,2912538.0,361,0,0,3.856
789,1,18,16.83,2227532.5,257,78,0,3.236
789,1,19,38.02,407800.3,37,303,0,3.009
789,1,20,37.85,2787150.0,343,0,0,3.936
789,1,21,8.07,2346598.6,282,51,0,3.348
789,1,22,27.42,2555389.0,319,0,0,3.895
789,1,23,29.83,1025933.0,112,219,0,3.106
789,1,24,36.07,5216.9,0,385,0,2.737
789,1,25,17.54,202685.0,16,349,0,3.031
789,1,26,27.33,2992612.0,376,0,0,3.967
789,1,27,37.84,0.0,0,0,0,0.0
789,1,28,36.11,0.0,0,0,0,0.0
789,1,29,28.09,0.0,0,0,0,0.0
789,1,30,27.63,0.0,0,0,0,0.0
789,1,31,24.51,0.0,0,0,0,0.0
789,2,0,7.74,755.0,0,231,0,2.778
789,2,1,8.87,1754271.5,217,3,0,3.581
789,2,2,26.78,196897.2,14,223,0,2.885
789,2,3,17.07,1645906.0,203,0,0,3.809
789,2,4,20.49,1732449.0,219,0,0,3.911
789,2,5,18.4,208.0,0,219,0,1.0
789,2,6,16.21,1996985.0,243,0,0,3.982
789,2,7,28.9,1689904.3,212,8,0,3.464
789,2,8,15.49,1419233.9,175,51,0,3.423
789,2,9,34.34,557653.3,52,197,0,3.144
789,2,10,38.11,1787076.0,222,0,0,3.578
789,2,11,16.92,212004.0,19,199,0,2.707
789,2,12,10.26,1826940.0,230,1,0,3.957
789,2,13,21.54,1956854.0,245,10,0,3.547
789,2,14,19.74,1858557.7,234,1,0,3.634
789,2,15,32.07,1959884.9,248,6,0,3.449
789,2,16,36.08,1909727.0,229,0,0,3.939
789,2,17,28.98,1659312.0,215,0,0,3.94
789,2,18,8.04,1859217.0,231,0,0,3.952
789,2,19,33.29,1842378.4,226,8,0,3.561
789,2,20,17.79,8889.5,0,239,0,1.871
789,2,21,16.53,1634000.8,197,13,0,3.415
789,2,22,23.07,1707571.0,213,0,0,3.952
789,2,23,23.06,1667660.0,213,0,0,3.931
789,2,24,30.02,899998.6,91,140,0,3.21
789,2,25,18.79,5372.6,0,212,0,2.219
789,2,26,16.66,1791842.8,212,21,0,3.347
789,2,27,27.9,1594050.0,201,0,0,3.961
789,2,28,14.65,1268044.1,156,82,0,3.27
789,2,29,36.0,1660837.9,210,1,0,3.92
789,2,30,34.95,0.0,0,0,0,0.0
789,2,31,15.56,0.0,0,0,0,0.0
799,0,0,7.31,134364.3,4,414,0,1.485
799,0,1,29.18,0.0,0,404,0,0.0
799,0,2,26.27,3112281.0,398,0,0,3.864
799,0,3,19.12,3216249.0,405,0,0,3.927
799,0,4,15.72,39658.2,0,401,0,1.349
799,0,5,15.24,3398298.0,417,0,0,3.825
799,0,6,31.03,16283.1,0,404,1,1.262
799,0,7,39.17,3511628.0,427,0,0,3.816
799,0,8,35.65,840404.0,74,344,0,1.946
799,0,9,14.73,3235705.3,412,4,0,3.566
799,0,10,34.02,16380.6,0,414,0,1.367
799,0,11,10.86,3328318.1,410,3,0,3.705
799,0,12,13.55,2948982.0,371,0,0,3.86
799,0,13,19.72,442161.7,34,333,0,1.835
799,0,14,30.6,3270308.0,406,0,0,3.928
799,0,15,28.59,3009347.0,378,0,0,3.425
799,0,16,28.24,0.0,0,415,0,0.0
799,0,17,31.34,3256641.8,398,1,0,2.758
799,0,18,36.47,3191098.0,402,0,0,2.942
799,0,19,5.84,1823.3,0,412,0,1.545
799,0,20,17.27,3146635.0,406,0,0,3.937
799,0,21,22.59,3541740.1,439,7,0,3.512
799,0,22,29.89,43315.4,0,406,1,1.374
799,0,23,15.03,28185.1,0,402,0,1.314
799,0,24,29.93,0.0,0,0,0,0.0
799,0,25,15.88,0.0,0,0,0,0.0
799,0,26,12.33,0.0,0,0,0,0.0
799,0,27,23.22,0.0,0,0,0,0.0
799,0,28,22.59,0.0,0,0,0,0.0
799,0,29,18.02,0.0,0,0,0,0.0
799,0,30,31.52,0.0,0,0,0,0.0
799,0,31,35.22,0.0,0,0,0,0.0
799,1,0,20.0,50877.4,2,324,0,2.744
799,1,1,22.2,2667584.0,332,0,0,3.931
799,1,2,24.66,227540.9,20,335,0,2.966
799,1,3,21.54,2675092.0,331,0,0,3.946
799,1,4,33.76,530.5,0,366,0,1.6
799,1,5,23.71,2782099.0,352,0,0,3.939
799,1,6,10.08,2357062.6,291,30,0,3.394
799,1,7,5.47,2817594.8,352,1,0,3.916
799,1,8,9.6,2942554.0,368,0,0,3.926
799,1,9,21.73,36771.5,2,366,0,2.765
799,1,10,5.31,2744429.0,343,0,0,3.992
799,1,11,36.07,2659247.0,334,0,0,3.827
799,1,12,20.46,1147.3,0,328,0,2.438
799,1,13,34.32,2753035.9,337,2,1,3.642
799,1,14,8.58,2879561.0,353,0,0,3.907
799,1,15,13.3,2485904.6,311,15,0,3.432
799,1,16,27.7,2658893.0,325,0,0,3.985
799,1,17,12.23,2912538.0,361,0,0,3.834
799,1,18,16.83,2242652.2,257,77,0,3.245
799,1,19,38.02,416651.1,38,302,0,2.972
799,1,20,37.85,2787150.0,343,0,0,3.935
799,1,21,8.07,2331354.4,280,53,0,3.356
799,1,22,27.42,2555389.0,319,0,0,3.89
799,1,23,29.83,1006389.8,106,225,0,3.162
799,1,24,36.07,5545.0,0,385,0,2.641
799,1,25,17.54,201302.9,20,345,0,3.045
799,1,26,27.33,2992612.0,376,0,0,3.967
799,1,27,37.84,0.0,0,0,0,0.0
799,1,28,36.11,0.0,0,0,0,0.0
799,1,29,28.09,0.0,0,0,0,0.0
799,1,30,27.63,0.0,0,0,0,0.0
799,1,31,24.51,0.0,0,0,0,0.0
799,2,0,7.74,719.9,0,231,0,2.625
799,2,1,8.87,1751741.5,217,3,0,3.582
799,2,2,26.78,199144.6,18,219,0,2.885
799,2,3,17.07,1645906.0,203,0,0,3.795
799,2,4,20.49,1732449.0,219,0,0,3.917
799,2,5,18.4,448.2,0,219,0,2.0
799,2,6,16.21,1996985.0,243,0,0,3.977
799,2,7,28.9,1676371.7,209,11,0,3.486
799,2,8,15.49,1432222.8,176,50,0,3.369
799,2,9,34.34,549217.0,54,195,0,3.132
799,2,10,38.11,1777986.8,220,2,0,3.585
799,2,11,16.92,190762.5,15,203,0,2.767
799,2,12,10.26,1826940.0,230,1,0,3.955
799,2,13,21.54,1979418.3,248,7,0,3.57
799,2,14,19.74,1867260.8,234,1,0,3.61
799,2,15,32.07,1963570.4,246,8,0,3.418
799,2,16,36.08,1909727.0,229,0,0,3.932
799,2,17,28.98,1659312.0,215,0,0,3.944
799,2,18,8.04,1859217.0,231,0,0,3.945
799,2,19,33.29,1840013.2,226,8,0,3.525
799,2,20,17.79,10303.5,0,239,0,1.75
799,2,21,16.53,1636119.5,199,11,0,3.402
799,2,22,23.07,1707571.0,213,0,0,3.956
799,2,23,23.06,1667660.0,213,0,0,3.931
799,2,24,30.02,939248.8,98,133,0,3.243
799,2,25,18.79,5591.4,0,212,0,2.265
799,2,26,16.66,1790470.8,210,23,0,3.352
799,2,27,27.9,1594050.0,201,0,0,3.962
799,2,28,14.65,1291578.3,155,83,0,3.234
799,2,29,36.0,1660837.9,210,1,0,3.925
799,2,30,34.95,0.0,0,0,0,0.0
799,2,31,15.56,0.0,0,0,0,0.0
809,0,0,7.31,140866.7,5,413,0,1.534
809,0,1,29.18,0.0,0,404,0,0.0
809,0,2,26.27,3112281.0,398,0,0,3.869
809,0,3,19.12,3216249.0,405,0,0,3.938
809,0,4,15.72,39881.6,0,401,0,1.365
809,0,5,15.24,3398298.0,417,0,0,3.831
809,0,6,31.03,17826.0,0,405,0,1.248
809,0,7,39.17,3511628.0,427,0,0,3.816
809,0,8,35.65,838003.2,72,346,0,1.942
809,0,9,14.73,3237247.0,413,3,0,3.576
809,0,10,34.02,15371.1,0,414,0,1.407
809,0,11,10.86,3321514.3,409,4,0,3.726
809,0,12,13.55,2948982.0,371,0,0,3.863
809,0,13,19.72,457447.9,35,332,0,1.842
809,0,14,30.6,3270308.0,406,0,0,3.923
809,0,15,28.59,3009347.0,378,0,0,3.425
809,0,16,28.24,0.0,0,415,0,0.0
809,0,17,31.34,3260371.0,399,0,0,2.773
809,0,18,36.47,3191098.0,402,0,0,2.978
809,0,19,5.84,1733.9,0,412,0,1.5
809,0,20,17.27,3146635.0,406,0,0,3.944
809,0,21,22.59,3530886.5,438,7,0,3.528
809,0,22,29.89,39683.5,0,406,1,1.361
809,0,23,15.03,28732.8,0,402,0,1.329
809,0,24,29.93,0.0,0,0,0,0.0
809,0,25,15.88,0.0,0,0,0,0.0
809,0,26,12.33,0.0,0,0,0,0.0
809,0,27,23.22,0.0,0,0,0,0.0
809,0,28,22.59,0.0,0,0,0,0.0
809,0,29,18.02,0.0,0,0,0,0.0
809,0,30,31.52,0.0,0,0,0,0.0
809,0,31,35.22,0.0,0,0,0,0.0
809,1,0,20.0,44708.0,2,324,0,2.66
809,1,1,22.2,2667584.0,332,0,0,3.925
809,1,2,24.66,226114.0,20,335,0,2.99
809,1,3,21.54,2675092.0,331,0,0,3.961
809,1,4,33.76,1089.3,0,366,0,1.857
809,1,5,23.71,2782099.0,352,0,0,3.94
809,1,6,10.08,2357675.9,297,24,0,3.423
809,1,7,5.47,2818697.0,353,0,0,3.933
809,1,8,9.6,2942554.0,368,0,0,3.94
809,1,9,21.73,36285.8,2,366,0,2.688
809,1,10,5.31,2744429.0,343,0,0,3.992
809,1,11,36.07,2659247.0,334,0,0,3.842
809,1,12,20.46,907.2,0,328,0,2.467
809,1,13,34.32,2747382.1,336,2,1,3.649
809,1,14,8.58,2879561.0,353,0,0,3.923
809,1,15,13.3,2453832.0,307,19,0,3.494
809,1,16,27.7,2658893.0,325,0,0,3.984
809,1,17,12.23,2912538.0,361,0,0,3.87
809,1,18,16.83,2237742.4,262,72,0,3.278
809,1,19,38.02,417623.0,38,302,0,2.993
809,1,20,37.85,2787150.0,343,0,0,3.945
809,1,21,8.07,2337753.3,278,55,0,3.401
809,1,22,27.42,2555389.0,319,0,0,3.903
809,1,23,29.83,978008.5,104,227,0,3.164
809,1,24,36.07,6135.5,0,385,0,2.457
809,1,25,17.54,213379.6,18,347,0,3.074
809,1,26,27.33,2992612.0,376,0,0,3.972
809,1,27,37.84,0.0,0,0,0,0.0
809,1,28,36.11,0.0,0,0,0,0.0
809,1,29,28.09,0.0,0,0,0,0.0
809,1,30,27.63,0.0,0,0,0,0.0
809,1,31,24.51,0.0,0,0,0,0.0
809,2,0,7.74,365.7,0,231,0,3.2
809,2,1,8.87,1760951.5,219,1,0,3.621
809,2,2,26.78,199076.8,11,226,0,2.897
809,2,3,17.07,1645906.0,203,0,0,3.82
809,2,4,20.49,1732449.0,219,0,0,3.921
809,2,5,18.4,416.0,0,219,0,1.0
809,2,6,16.21,1996985.0,243,0,0,3.986
809,2,7,28.9,1683380.0,209,11,0,3.483
809,2,8,15.49,1429503.8,175,51,0,3.414
809,2,9,34.34,527070.8,51,198,0,3.144
809,2,10,38.11,1779772.7,221,1,0,3.572
809,2,11,16.92,185471.6,11,207,0,2.719
809,2,12,10.26,1835399.0,231,0,0,3.975
809,2,13,21.54,2002716.3,251,4,0,3.574
809,2,14,19.74,1864893.7,233,2,0,3.637
809,2,15,32.07,1951884.9,247,7,0,3.441
809,2,16,36.08,1909727.0,229,0,0,3.949
809,2,17,28.98,1659312.0,215,0,0,3.947
809,2,18,8.04,1859217.0,231,0,0,3.955
809,2,19,33.29,1848780.9,229,5,0,3.547
809,2,20,17.79,10089.0,0,239,0,1.667
809,2,21,16.53,1638297.7,198,12,0,3.452
809,2,22,23.07,1707571.0,213,0,0,3.947
809,2,23,23.06,1667660.0,213,0,0,3.929
809,2,24,30.02,902987.4,93,138,0,3.263
809,2,25,18.79,4540.7,0,212,0,2.28
809,2,26,16.66,1828428.0,214,19,0,3.371
809,2,27,27.9,1594050.0,201,0,0,3.959
809,2,28,14.65,1305399.0,159,79,0,3.309
809,2,29,36.0,1660837.9,210,1,0,3.91
809,2,30,34.95,0.0,0,0,0,0.0
809,2,31,15.56,0.0,0,0,0,0.0
819,0,0,7.31,146123.9,3,415,0,1.756
819,0,1,29.18,0.0,0,404,0,0.0
819,0,2,26.27,3112281.0,398,0,0,3.883
819,0,3,19.12,3216249.0,405,0,0,3.95
819,0,4,15.72,41595.8,0,401,0,1.66
819,0,5,15.24,3398298.0,417,0,0,3.858
819,0,6,31.03,19035.8,0,404,1,1.557
819,0,7,39.17,3511628.0,427,0,0,3.849
819,0,8,35.65,849192.6,77,341,0,2.104
819,0,9,14.73,3247406.5,414,2,0,3.612
819,0,10,34.02,19447.1,1,413,0,1.573
819,0,11,10.86,3324363.0,409,4,0,3.762
819,0,12,13.55,2948982.0,371,0,0,3.892
819,0,13,19.72,441016.6,36,331,0,2.011
819,0,14,30.6,3265349.8,405,1,0,3.948
819,0,15,28.59,3009347.0,378,0,0,3.483
819,0,16,28.24,0.0,0,415,0,0.0
819,0,17,31.34,3260371.0,399,0,0,2.842
819,0,18,36.47,3191098.0,402,0,0,3.042
819,0,19,5.84,2191.6,0,412,0,2.222
819,0,20,17.27,3141462.2,405,0,0,3.953
819,0,21,22.59,3526224.0,438,7,0,3.578
819,0,22,29.89,38878.6,0,406,1,1.546
819,0,23,15.03,29973.1,0,402,0,1.619
819,0,24,29.93,0.0,0,0,0,0.0
819,0,25,15.88,0.0,0,0,0,0.0
819,0,26,12.33,0.0,0,0,0,0.0
819,0,27,23.22,0.0,0,0,0,0.0
819,0,28,22.59,0.0,0,0,0,0.0
819,0,29,18.02,0.0,0,0,0,0.0
819,0,30,31.52,0.0,0,0,0,0.0
819,0,31,35.22,0.0,0,0,0,0.0
819,1,0,20.0,51262.3,2,324,0,2.898
819,1,1,22.2,2667584.0,332,0,0,3.944
819,1,2,24.66,260682.6,24,331,0,3.207
819,1,3,21.54,2675092.0,331,0,0,3.96
819,1,4,33.76,1010.9,0,366,0,2.556
819,1,5,23.71,2782099.0,352,0,0,3.945
819,1,6,10.08,2343929.3,292,29,0,3.518
819,1,7,5.47,2818697.0,353,0,0,3.95
819,1,8,9.6,2942554.0,368,0,0,3.96
819,1,9,21.73,38938.6,2,366,0,2.846
819,1,10,5.31,2744429.0,343,0,0,3.997
819,1,11,36.07,2659247.0,334,0,0,3.886
819,1,12,20.46,879.4,0,328,0,3.0
819,1,13,34.32,2750118.8,336,2,1,3.717
819,1,14,8.58,2879561.0,353,0,0,3.934
819,1,15,13.3,2474634.7,308,18,0,3.581
819,1,16,27.7,2658893.0,325,0,0,3.988
819,1,17,12.23,2912538.0,361,0,0,3.888
819,1,18,16.83,2231125.1,260,74,0,3.385
819,1,19,38.02,407111.5,31,309,0,3.158
819,1,20,37.85,2787150.0,343,0,0,3.961
819,1,21,8.07,2335128.7,279,54,0,3.486
819,1,22,27.42,2555389.0,319,0,0,3.915
819,1,23,29.83,1004385.4,103,229,0,3.277
819,1,24,36.07,8385.6,0,385,0,2.762
819,1,25,17.54,225871.4,17,348,0,3.17
819,1,26,27.33,2992612.0,376,0,0,3.974
819,1,27,37.84,0.0,0,0,0,0.0
819,1,28,36.11,0.0,0,0,0,0.0
819,1,29,28.09,0.0,0,0,0,0.0
819,1,30,27.63,0.0,0,0,0,0.0
819,1,31,24.51,0.0,0,0,0,0.0
819,2,0,7.74,310.4,0,231,0,3.571
819,2,1,8.87,1757253.1,217,3,0,3.647
819,2,2,26.78,198534.4,12,225,0,3.067
819,2,3,17.07,1645906.0,203,0,0,3.86
819,2,4,20.49,1732449.0,219,0,0,3.938
819,2,5,18.4,416.0,0,219,0,1.0
819,2,6,16.21,1996985.0,243,0,0,3.982
819,2,7,28.9,1724391.6,213,7,0,3.563
819,2,8,15.49,1406553.8,173,53,0,3.534
819,2,9,34.34,566633.7,54,195,0,3.256
819,2,10,38.11,1779772.7,221,1,0,3.668
819,2,11,16.92,202876.5,13,205,0,2.933
819,2,12,10.26,1826940.0,230,1,0,3.988
819,2,13,21.54,1986164.5,249,6,0,3.676
819,2,14,19.74,1867415.2,235,0,0,3.705
819,2,15,32.07,1937497.4,246,8,0,3.556
819,2,16,36.08,1909727.0,229,0,0,3.955
819,2,17,28.98,1659312.0,215,0,0,3.977
819,2,18,8.04,1859217.0,231,0,0,3.965
819,2,19,33.29,1836214.9,227,7,0,3.66
819,2,20,17.79,9133.4,0,239,0,2.184
819,2,21,16.53,1630044.5,198,12,0,3.555
819,2,22,23.07,1707571.0,213,0,0,3.968
819,2,23,23.06,1667660.0,213,0,0,3.951
819,2,24,30.02,922401.6,93,138,0,3.339
819,2,25,18.79,6388.5,0,212,0,2.525
819,2,26,16.66,1786710.2,208,25,0,3.495
819,2,27,27.9,1594050.0,201,0,0,3.968
819,2,28,14.65,1312690.8,153,85,0,3.389
819,2,29,36.0,1660723.9,210,1,0,3.941
819,2,30,34.95,0.0,0,0,0,0.0
819,2,31,15.56,0.0,0,0,0,0.0
829,0,0,7.31,133390.6,2,416,0,1.741
829,0,1,29.18,0.0,0,404,0,0.0
829,0,2,26.27,3112281.0,398,0,0,3.882
829,0,3,19.12,3216249.0,405,0,0,3.951
829,0,4,15.72,36915.7,0,401,0,1.691
829,0,5,15.24,3398298.0,417,0,0,3.856
829,0,6,31.03,16480.4,0,404,1,1.509
829,0,7,39.17,3511628.0,427,0,0,3.848
829,0,8,35.65,887381.8,76,342,0,2.105
829,0,9,14.73,3247406.5,414,2,0,3.583
829,0,10,34.02,19547.5,1,413,0,1.577
829,0,11,10.86,3324363.0,409,4,0,3.748
829,0,12,13.55,2948982.0,371,0,0,3.899
829,0,13,19.72,465432.0,37,330,0,2.023
829,0,14,30.6,3270308.0,406,0,0,3.945
829,0,15,28.59,3009347.0,378,0,0,3.496
829,0,16,28.24,0.0,0,415,0,0.0
829,0,17,31.34,3260371.0,399,0,0,2.856
829,0,18,36.47,3191098.0,402,0,0,3.018
829,0,19,5.84,2278.3,0,412,0,1.8
829,0,20,17.27,3146635.0,406,0,0,3.945
829,0,21,22.59,3542399.4,440,6,0,3.571
829,0,22,29.89,37085.8,0,406,1,1.498
829,0,23,15.03,30137.5,0,402,0,1.582
829,0,24,29.93,0.0,0,0,0,0.0
829,0,25,15.88,0.0,0,0,0,0.0
829,0,26,12.33,0.0,0,0,0,0.0
829,0,27,23.22,0.0,0,0,0,0.0
829,0,28,22.59,0.0,0,0,0,0.0
829,0,29,18.02,0.0,0,0,0,0.0
829,0,30,31.52,0.0,0,0,0,0.0
829,0,31,35.22,0.0,0,0,0,0.0
829,1,0,20.0,54717.2,2,324,0,2.952
829,1,1,22.2,2667584.0,332,0,0,3.949
829,1,2,24.66,272959.7,21,334,0,3.164
829,1,3,21.54,2675092.0,331,0,0,3.985
829,1,4,33.76,323.9,0,366,0,2.4
829,1,5,23.71,2782099.0,352,0,0,3.946
829,1,6,10.08,2328153.9,290,31,0,3.499
829,1,7,5.47,2818697.0,353,0,0,3.94
829,1,8,9.6,2942554.0,368,0,0,3.957
829,1,9,21.73,40157.5,1,367,0,2.945
829,1,10,5.31,2744429.0,343,0,0,3.997
829,1,11,36.07,2659247.0,334,0,0,3.88
829,1,12,20.46,1476.6,0,328,0,2.846
829,1,13,34.32,2750118.8,336,2,1,3.709
829,1,14,8.58,2879561.0,353,0,0,3.939
829,1,15,13.3,2467991.9,307,19,0,3.576
829,1,16,27.7,2658893.0,325,0,0,3.989
829,1,17,12.23,2912538.0,361,0,0,3.896
829,1,18,16.83,2217514.3,263,71,0,3.391
829,1,19,38.02,441865.4,34,306,0,3.181
829,1,20,37.85,2787150.0,343,0,0,3.952
829,1,21,8.07,2314457.1,276,57,0,3.492
829,1,22,27.42,2555389.0,319,0,0,3.916
829,1,23,29.83,1009388.4,102,230,0,3.282
829,1,24,36.07,8509.6,0,385,0,2.746
829,1,25,17.54,225235.6,14,351,0,3.238
829,1,26,27.33,2992612.0,376,0,0,3.971
829,1,27,37.84,0.0,0,0,0,0.0
829,1,28,36.11,0.0,0,0,0,0.0
829,1,29,28.09,0.0,0,0,0,0.0
829,1,30,27.63,0.0,0,0,0,0.0
829,1,31,24.51,0.0,0,0,0,0.0
829,2,0,7.74,744.4,0,231,0,3.083
829,2,1,8.87,1762180.7,218,2,0,3.634
829,2,2,26.78,220660.0,14,223,0,3.093
829,2,3,17.07,1645906.0,203,0,0,3.858
829,2,4,20.49,1732449.0,219,0,0,3.947
829,2,5,18.4,624.0,0,219,0,1.0
829,2,6,16.21,1996985.0,243,0,0,3.994
829,2,7,28.9,1729496.6,214,6,0,3.592
829,2,8,15.49,1475339.4,181,45,0,3.482
829,2,9,34.34,556171.2,57,192,0,3.291
829,2,10,38.11,1774668.9,220,2,0,3.652
829,2,11,16.92,192403.2,14,204,0,2.952
829,2,12,10.26,1835399.0,231,0,0,3.978
829,2,13,21.54,1984797.9,249,6,0,3.659
829,2,14,19.74,1867415.2,235,0,0,3.703
829,2,15,32.07,1944816.5,245,9,0,3.535
829,2,16,36.08,1909727.0,229,0,0,3.951
829,2,17,28.98,1659312.0,215,0,0,3.967
829,2,18,8.04,1859217.0,231,0,0,3.967
829,2,19,33.29,1824516.5,225,9,0,3.681
829,2,20,17.79,8974.5,0,239,0,1.794
829,2,21,16.53,1641415.2,195,15,0,3.514
829,2,22,23.07,1707571.0,213,0,0,3.976
829,2,23,23.06,1667660.0,213,0,0,3.952
829,2,24,30.02,911412.1,91,140,0,3.336
829,2,25,18.79,6345.4,0,212,0,2.61
829,2,26,16.66,1802253.4,212,21,0,3.507
829,2,27,27.9,1594050.0,201,0,0,3.967
829,2,28,14.65,1276970.5,151,87,0,3.394
829,2,29,36.0,1660837.9,210,1,0,3.937
829,2,30,34.95,0.0,0,0,0,0.0
829,2,31,15.56,0.0,0,0,0,0.0
839,0,0,7.31,127204.2,2,416,0,1.543
839,0,1,29.18,0.0,0,404,0,0.0
839,0,2,26.27,3112281.0,398,0,0,3.868
839,0,3,19.12,3216249.0,405,0,0,3.942
839,0,4,15.72,36211.8,0,401,0,1.484
839,0,5,15.24,3398298.0,417,0,0,3.844
839,0,6,31.03,17667.6,0,405,0,1.35
839,0,7,39.17,3511628.0,427,0,0,3.828
839,0,8,35.65,834390.9,72,346,0,1.996
839,0,9,14.73,3246921.6,414,2,0,3.566
839,0,10,34.02,23511.5,1,413,0,1.52
839,0,11,10.86,3324363.0,409,4,0,3.722
839,0,12,13.55,2948982.0,371,0,0,3.891
839,0,13,19.72,493137.9,39,328,0,1.899
839,0,14,30.6,3270308.0,406,0,0,3.933
839,0,15,28.59,3009347.0,378,0,0,3.444
839,0,16,28.24,0.0,0,415,0,0.0
839,0,17,31.34,3255313.4,398,1,0,2.801
839,0,18,36.47,3191098.0,402,0,0,2.98
839,0,19,5.84,1869.5,0,412,0,1.667
839,0,20,17.27,3141462.2,405,0,0,3.934
839,0,21,22.59,3525474.5,438,8,0,3.545
839,0,22,29.89,34490.2,0,406,1,1.385
839,0,23,15.03,29751.8,0,402,0,1.337
839,0,24,29.93,0.0,0,0,0,0.0
839,0,25,15.88,0.0,0,0,0,0.0
839,0,26,12.33,0.0,0,0,0,0.0
839,0,27,23.22,0.0,0,0,0,0.0
839,0,28,22.59,0.0,0,0,0,0.0
839,0,29,18.02,0.0,0,0,0,0.0
839,0,30,31.52,0.0,0,0,0,0.0
839,0,31,35.22,0.0,0,0,0,0.0
839,1,0,20.0,52528.2,3,323,0,2.701
839,1,1,22.2,2667584.0,332,0,0,3.943
839,1,2,24.66,223420.0,20,335,0,3.102
839,1,3,21.54,2675092.0,331,0,0,3.982
839,1,4,33.76,653.4,0,366,0,2.875
839,1,5,23.71,2782099.0,352,0,0,3.941
839,1,6,10.08,2333334.5,292,29,0,3.441
839,1,7,5.47,2818697.0,353,0,0,3.928
839,1,8,9.6,2942554.0,368,0,0,3.944
839,1,9,21.73,43113.0,3,365,0,2.896
839,1,10,5.31,2744429.0,343,0,0,3.992
839,1,11,36.07,2659247.0,334,0,0,3.839
839,1,12,20.46,858.0,0,328,0,2.562
839,1,13,34.32,2756842.5,338,2,0,3.651
839,1,14,8.58,2879561.0,353,0,0,3.935
839,1,15,13.3,2477286.3,308,18,0,3.485
839,1,16,27.7,2658893.0,325,0,0,3.982
839,1,17,12.23,2912538.0,361,0,0,3.869
839,1,18,16.83,2226710.4,259,75,0,3.324
839,1,19,38.02,404743.9,32,308,0,3.049
839,1,20,37.85,2787150.0,343,0,0,3.953
839,1,21,8.07,2312296.3,280,53,0,3.426
839,1,22,27.42,2555389.0,319,0,0,3.918
839,1,23,29.83,1034278.9,105,226,0,3.18
839,1,24,36.07,6491.0,0,385,0,2.558
839,1,25,17.54,199615.5,15,350,0,3.163
839,1,26,27.33,2992612.0,376,0,0,3.976
839,1,27,37.84,0.0,0,0,0,0.0
839,1,28,36.11,0.0,0,0,0,0.0
839,1,29,28.09,0.0,0,0,0,0.0
839,1,30,27.63,0.0,0,0,0,0.0
839,1,31,24.51,0.0,0,0,0,0.0
839,2,0,7.74,798.6,0,231,0,2.8
839,2,1,8.87,1760125.8,219,1,0,3.584
839,2,2,26.78,206467.7,14,223,0,2.902
839,2,3,17.07,1645906.0,203,0,0,3.8
839,2,4,20.49,1732449.0,219,0,0,3.927
839,2,5,18.4,656.2,0,219,0,1.75
839,2,6,16.21,1996985.0,243,0,0,3.984
839,2,7,28.9,1719854.3,213,7,0,3.526
839,2,8,15.49,1417631.1,173,53,0,3.424
839,2,9,34.34,576880.3,59,190,0,3.145
839,2,10,38.11,1787076.0,222,0,0,3.599
839,2,11,16.92,182267.4,15,203,0,2.784
839,2,12,10.26,1826940.0,230,1,0,3.963
839,2,13,21.54,1988596.3,250,5,0,3.588
839,2,14,19.74,1861424.9,233,2,0,3.637
839,2,15,32.07,1950568.1,244,10,0,3.44
839,2,16,36.08,1909727.0,229,0,0,3.944
839,2,17,28.98,1659312.0,215,0,0,3.954
839,2,18,8.04,1859217.0,231,0,0,3.949
839,2,19,33.29,1834010.4,227,7,0,3.556
839,2,20,17.79,8046.9,0,239,0,1.615
839,2,21,16.53,1633052.7,197,13,0,3.464
839,2,22,23.07,1707571.0,213,0,0,3.962
839,2,23,23.06,1667660.0,213,0,0,3.923
839,2,24,30.02,950275.0,97,134,0,3.265
839,2,25,18.79,6908.8,0,212,0,2.351
839,2,26,16.66,1778592.4,207,26,0,3.402
839,2,27,27.9,1594050.0,201,0,0,3.945
839,2,28,14.65,1298263.0,156,82,0,3.284
839,2,29,36.0,1660769.4,210,1,0,3.922
839,2,30,34.95,0.0,0,0,0,0.0
839,2,31,15.56,0.0,0,0,0,0.0
849,0,0,7.31,122204.6,2,416,0,1.662
849,0,1,29.18,0.0,0,404,0,0.0
849,0,2,26.27,3112281.0,398,0,0,3.872
849,0,3,19.12,3216249.0,405,0,0,3.937
849,0,4,15.72,34889.6,0,401,0,1.614
849,0,5,15.24,3398298.0,417,0,0,3.855
849,0,6,31.03,16569.6,0,405,0,1.434
849,0,7,39.17,3511628.0,427,0,0,3.845
849,0,8,35.65,879701.0,76,342,0,2.064
849,0,9,14.73,3255040.5,415,1,0,3.597
849,0,10,34.02,18772.2,0,414,0,1.595
849,0,11,10.86,3328041.6,410,3,0,3.741
849,0,12,13.55,2948982.0,371,0,0,3.904
849,0,13,19.72,492167.7,36,331,0,1.946
849,0,14,30.6,3270308.0,406,0,0,3.946
849,0,15,28.59,3009347.0,378,0,0,3.473
849,0,16,28.24,0.0,0,415,0,0.0
849,0,17,31.34,3256312.8,397,2,0,2.827
849,0,18,36.47,3191098.0,402,0,0,3.021
849,0,19,5.84,2458.1,0,412,0,1.6
849,0,20,17.27,3141462.2,405,0,0,3.94
849,0,21,22.59,3529737.4,438,8,0,3.562
849,0,22,29.89,33306.8,0,406,1,1.523
849,0,23,15.03,30971.3,0,402,0,1.481
849,0,24,29.93,0.0,0,0,0,0.0
849,0,25,15.88,0.0,0,0,0,0.0
849,0,26,12.33,0.0,0,0,0,0.0
849,0,27,23.22,0.0,0,0,0,0.0
849,0,28,22.59,0.0,0,0,0,0.0
849,0,29,18.02,0.0,0,0,0,0.0
849,0,30,31.52,0.0,0,0,0,0.0
849,0,31,35.22,0.0,0,0,0,0.0
849,1,0,20.0,55421.5,1,325,0,2.729
849,1,1,22.2,2667584.0,332,0,0,3.958
849,1,2,24.66,242627.0,19,336,0,3.145
849,1,3,21.54,2675092.0,331,0,0,3.972
849,1,4,33.76,392.3,0,366,0,2.5
849,1,5,23.71,2782099.0,352,0,0,3.949
849,1,6,10.08,2356896.0,294,27,0,3.454
849,1,7,5.47,2818697.0,353,0,0,3.94
849,1,8,9.6,2942554.0,368,0,0,3.957
849,1,9,21.73,38535.0,2,366,0,2.916
849,1,10,5.31,2744429.0,343,0,0,3.999
849,1,11,36.07,2659247.0,334,0,0,3.871
849,1,12,20.46,1156.9,0,328,0,2.87
849,1,13,34.32,2755466.1,337,2,1,3.699
849,1,14,8.58,2879561.0,353,0,0,3.923
849,1,15,13.3,2442847.3,302,24,0,3.536
849,1,16,27.7,2658893.0,325,0,0,3.984
849,1,17,12.23,2912538.0,361,0,0,3.877
849,1,18,16.83,2246985.1,260,74,0,3.354
849,1,19,38.02,425073.4,34,306,0,3.059
849,1,20,37.85,2787150.0,343,0,0,3.942
849,1,21,8.07,2344847.4,280,53,0,3.44
849,1,22,27.42,2555389.0,319,0,0,3.89
849,1,23,29.83,1007132.9,105,226,0,3.227
849,1,24,36.07,5135.2,0,385,0,2.773
849,1,25,17.54,197767.4,15,350,0,3.125
849,1,26,27.33,2992612.0,376,0,0,3.974
849,1,27,37.84,0.0,0,0,0,0.0
849,1,28,36.11,0.0,0,0,0,0.0
849,1,29,28.09,0.0,0,0,0,0.0
849,1,30,27.63,0.0,0,0,0,0.0
849,1,31,24.51,0.0,0,0,0,0.0
849,2,0,7.74,796.6,0,231,0,3.077
849,2,1,8.87,1758103.7,217,3,0,3.639
849,2,2,26.78,193960.1,14,223,0,2.994
849,2,3,17.07,1645906.0,203,0,0,3.812
849,2,4,20.49,1732449.0,219,0,0,3.92
849,2,5,18.4,328.3,0,219,0,2.333
849,2,6,16.21,1996985.0,243,0,0,3.992
849,2,7,28.9,1732577.4,215,5,0,3.552
849,2,8,15.49,1457993.1,175,51,0,3.48
849,2,9,34.34,544862.7,55,194,0,3.215
849,2,10,38.11,1775860.9,219,3,0,3.644
849,2,11,16.92,199615.6,13,205,0,2.973
849,2,12,10.26,1826940.0,230,1,0,3.973
849,2,13,21.54,1985402.9,250,5,0,3.62
849,2,14,19.74,1860402.5,234,1,0,3.659
849,2,15,32.07,1955238.2,247,7,0,3.496
849,2,16,36.08,1909727.0,229,0,0,3.944
849,2,17,28.98,1659312.0,215,0,0,3.97
849,2,18,8.04,1859217.0,231,0,0,3.958
849,2,19,33.29,1848764.5,226,8,0,3.612
849,2,20,17.79,8712.2,0,239,0,1.633
849,2,21,16.53,1640589.7,198,12,0,3.5
849,2,22,23.07,1707571.0,213,0,0,3.974
849,2,23,23.06,1667660.0,213,0,0,3.938
849,2,24,30.02,911320.0,92,139,0,3.326
849,2,25,18.79,5187.7,0,212,0,2.303
849,2,26,16.66,1803899.5,210,23,0,3.469
849,2,27,27.9,1594050.0,201,0,0,3.965
849,2,28,14.65,1314282.6,153,85,0,3.331
849,2,29,36.0,1660723.9,210,1,0,3.938
849,2,30,34.95,0.0,0,0,0,0.0
849,2,31,15.56,0.0,0,0,0,0.0
859,0,0,7.31,123842.7,2,416,0,1.603
859,0,1,29.18,0.0,0,404,0,0.0
859,0,2,26.27,3112281.0,398,0,0,3.883
859,0,3,19.12,3216249.0,405,0,0,3.93
859,0,4,15.72,32036.3,0,401,0,1.453
859,0,5,15.24,3398298.0,417,0,0,3.863
859,0,6,31.03,17427.9,0,405,0,1.333
859,0,7,39.17,3511628.0,427,0,0,3.842
859,0,8,35.65,858577.9,76,342,0,1.998
859,0,9,14.73,3249583.8,414,2,0,3.578
859,0,10,34.02,21071.2,0,414,0,1.445
859,0,11,10.86,3328041.6,410,3,0,3.722
859,0,12,13.55,2948982.0,371,0,0,3.894
859,0,13,19.72,490753.8,38,329,0,1.931
859,0,14,30.6,3270308.0,406,0,0,3.935
859,0,15,28.59,3009347.0,378,0,0,3.457
859,0,16,28.24,0.0,0,415,0,0.0
859,0,17,31.34,3256641.8,398,1,0,2.773
859,0,18,36.47,3191098.0,402,0,0,2.996
859,0,19,5.84,2285.5,0,412,0,1.571
859,0,20,17.27,3146635.0,406,0,0,3.949
859,0,21,22.59,3533804.8,439,7,0,3.558
859,0,22,29.89,34086.3,0,406,1,1.362
859,0,23,15.03,31042.9,0,402,0,1.356
859,0,24,29.93,0.0,0,0,0,0.0
859,0,25,15.88,0.0,0,0,0,0.0
859,0,26,12.33,0.0,0,0,0,0.0
859,0,27,23.22,0.0,0,0,0,0.0
859,0,28,22.59,0.0,0,0,0,0.0
859,0,29,18.02,0.0,0,0,0,0.0
859,0,30,31.52,0.0,0,0,0,0.0
859,0,31,35.22,0.0,0,0,0,0.0
859,1,0,20.0,49229.1,2,324,0,2.715
859,1,1,22.2,2667584.0,332,0,0,3.947
859,1,2,24.66,277895.2,21,334,0,3.047
859,1,3,21.54,2675092.0,331,0,0,3.981
859,1,4,33.76,395.3,0,366,0,3.25
859,1,5,23.71,2782099.0,352,0,0,3.945
859,1,6,10.08,2332936.1,291,30,0,3.45
859,1,7,5.47,2818697.0,353,0,0,3.921
859,1,8,9.6,2942554.0,368,0,0,3.95
859,1,9,21.73,39105.0,2,366,0,2.872
859,1,10,5.31,2744429.0,343,0,0,3.994
859,1,11,36.07,2659247.0,334,0,0,3.858
859,1,12,20.46,743.4,0,328,0,2.5
859,1,13,34.32,2756705.5,338,1,1,3.679
859,1,14,8.58,2879561.0,353,0,0,3.93
859,1,15,13.3,2471219.9,308,18,0,3.496
859,1,16,27.7,2658893.0,325,0,0,3.982
859,1,17,12.23,2912538.0,361,0,0,3.862
859,1,18,16.83,2220890.6,260,74,0,3.302
859,1,19,38.02,409291.2,35,305,0,3.023
859,1,20,37.85,2787150.0,343,0,0,3.942
859,1,21,8.07,2365455.7,288,45,0,3.415
859,1,22,27.42,2555389.0,319,0,0,3.88
859,1,23,29.83,1037525.1,110,221,0,3.189
859,1,24,36.07,5320.0,0,385,0,2.516
859,1,25,17.54,190308.4,16,349,0,3.092
859,1,26,27.33,2992612.0,376,0,0,3.971
859,1,27,37.84,0.0,0,0,0,0.0
859,1,28,36.11,0.0,0,0,0,0.0
859,1,29,28.09,0.0,0,0,0,0.0
859,1,30,27.63,0.0,0,0,0,0.0
859,1,31,24.51,0.0,0,0,0,0.0
859,2,0,7.74,384.6,0,231,0,3.25
859,2,1,8.87,1758181.1,217,3,0,3.622
859,2,2,26.78,181605.4,10,227,0,3.015
859,2,3,17.07,1645906.0,203,0,0,3.824
859,2,4,20.49,1732449.0,219,0,0,3.94
859,2,5,18.4,657.1,0,219,0,1.75
859,2,6,16.21,1996985.0,243,0,0,3.986
859,2,7,28.9,1709589.1,210,10,0,3.534
859,2,8,15.49,1427406.3,176,50,0,3.413
859,2,9,34.34,564442.8,54,195,0,3.173
859,2,10,38.11,1777026.6,220,2,0,3.625
859,2,11,16.92,172395.1,12,206,0,2.861
859,2,12,10.26,1826940.0,230,1,0,3.977
859,2,13,21.54,2007823.1,250,5,0,3.617
859,2,14,19.74,1856694.9,232,3,0,3.65
859,2,15,32.07,1946790.6,246,8,0,3.486
859,2,16,36.08,1909727.0,229,0,0,3.95
859,2,17,28.98,1659312.0,215,0,0,3.957
859,2,18,8.04,1859217.0,231,0,0,3.954
859,2,19,33.29,1822787.4,223,11,0,3.598
859,2,20,17.79,10150.7,0,239,0,1.419
859,2,21,16.53,1622559.6,197,13,0,3.463
859,2,22,23.07,1707571.0,213,0,0,3.974
859,2,23,23.06,1667660.0,213,0,0,3.938
859,2,24,30.02,964544.4,103,128,0,3.263
859,2,25,18.79,3075.2,0,212,0,2.3
859,2,26,16.66,1814491.9,213,20,0,3.434
859,2,27,27.9,1594050.0,201,0,0,3.951
859,2,28,14.65,1317521.1,155,83,0,3.316
859,2,29,36.0,1660769.4,210,1,0,3.913
859,2,30,34.95,0.0,0,0,0,0.0
859,2,31,15.56,0.0,0,0,0,0.0
869,0,0,7.31,142679.1,2,416,0,1.827
869,0,1,29.18,0.0,0,404,0,0.0
869,0,2,26.27,3112281.0,398,0,0,3.898
869,0,3,19.12,3216249.0,405,0,0,3.946
869,0,4,15.72,36694.4,0,400,1,1.862
869,0,5,15.24,3398298.0,417,0,0,3.88
869,0,6,31.03,17362.0,0,405,0,1.607
869,0,7,39.17,3511628.0,427,0,0,3.893
869,0,8,35.65,840180.3,69,349,0,2.144
869,0,9,14.73,3229563.5,412,4,0,3.617
869,0,10,34.02,19845.9,0,414,0,1.605
869,0,11,10.86,3340804.4,412,1,0,3.769
869,0,12,13.55,2948982.0,371,0,0,3.92
869,0,13,19.72,490564.6,33,334,0,2.081
869,0,14,30.6,3270308.0,406,0,0,3.954
869,0,15,28.59,3009347.0,378,0,0,3.523
869,0,16,28.24,0.0,0,415,0,0.0
869,0,17,31.34,3248717.2,396,3,0,2.922
869,0,18,36.47,3191098.0,402,0,0,3.048
869,0,19,5.84,1360.7,0,412,0,2.333
869,0,20,17.27,3146635.0,406,0,0,3.958
869,0,21,22.59,3540347.1,440,6,0,3.625
869,0,22,29.89,36385.1,0,406,1,1.69
869,0,23,15.03,30800.1,0,402,0,1.691
869,0,24,29.93,0.0,0,0,0,0.0
869,0,25,15.88,0.0,0,0,0,0.0
869,0,26,12.33,0.0,0,0,0,0.0
869,0,27,23.22,0.0,0,0,0,0.0
869,0,28,22.59,0.0,0,0,0,0.0
869,0,29,18.02,0.0,0,0,0,0.0
869,0,30,31.52,0.0,0,0,0,0.0
869,0,31,35.22,0.0,0,0,0,0.0
869,1,0,20.0,55811.7,0,326,0,3.104
869,1,1,22.2,2667584.0,332,0,0,3.973
869,1,2,24.66,292731.7,25,330,0,3.276
869,1,3,21.54,2675092.0,331,0,0,3.997
869,1,4,33.76,581.8,0,366,0,3.0
869,1,5,23.71,2782099.0,352,0,0,3.969
869,1,6,10.08,2330250.7,292,29,0,3.576
869,1,7,5.47,2818697.0,353,0,0,3.954
869,1,8,9.6,2942554.0,368,0,0,3.977
869,1,9,21.73,36646.8,1,367,0,3.097
869,1,10,5.31,2744429.0,343,0,0,4.0
869,1,11,36.07,2659247.0,334,0,0,3.915
869,1,12,20.46,804.1,0,328,0,3.409
869,1,13,34.32,2754199.1,338,1,1,3.769
869,1,14,8.58,2879561.0,353,0,0,3.954
869,1,15,13.3,2454196.8,305,20,0,3.643
869,1,16,27.7,2658893.0,325,0,0,3.992
869,1,17,12.23,2912538.0,361,0,0,3.908
869,1,18,16.83,2212672.8,257,77,0,3.502
869,1,19,38.02,428934.2,32,308,0,3.294
869,1,20,37.85,2787150.0,343,0,0,3.97
869,1,21,8.07,2319167.2,278,55,0,3.57
869,1,22,27.42,2555389.0,319,0,0,3.932
869,1,23,29.83,1019619.9,104,227,0,3.379
869,1,24,36.07,7254.4,0,385,0,2.772
869,1,25,17.54,237216.1,16,349,0,3.338
869,1,26,27.33,2992612.0,376,0,0,3.988
869,1,27,37.84,0.0,0,0,0,0.0
869,1,28,36.11,0.0,0,0,0,0.0
869,1,29,28.09,0.0,0,0,0,0.0
869,1,30,27.63,0.0,0,0,0,0.0
869,1,31,24.51,0.0,0,0,0,0.0
869,2,0,7.74,281.7,0,231,0,3.875
869,2,1,8.87,1761798.1,218,2,0,3.732
869,2,2,26.78,226236.4,11,226,0,3.213
869,2,3,17.07,1645906.0,203,0,0,3.851
869,2,4,20.49,1732449.0,219,0,0,3.965
869,2,5,18.4,208.0,0,219,0,1.0
869,2,6,16.21,1996985.0,243,0,0,3.99
869,2,7,28.9,1731599.3,214,6,0,3.683
869,2,8,15.49,1445114.0,178,48,0,3.572
869,2,9,34.34,566768.9,53,196,0,3.345
869,2,10,38.11,1779772.7,221,1,0,3.736
869,2,11,16.92,184348.0,12,206,0,3.078
869,2,12,10.26,1826940.0,230,1,0,3.988
869,2,13,21.54,2010505.9,252,3,0,3.739
869,2,14,19.74,1854982.9,233,2,0,3.747
869,2,15,32.07,1944443.5,247,7,0,3.581
869,2,16,36.08,1909727.0,229,0,0,3.975
869,2,17,28.98,1659312.0,215,0,0,3.978
869,2,18,8.04,1859217.0,231,0,0,3.974
869,2,19,33.29,1850192.9,228,6,0,3.706
869,2,20,17.79,8562.0,0,239,0,2.286
869,2,21,16.53,1631496.7,199,11,0,3.601
869,2,22,23.07,1707571.0,213,0,0,3.964
869,2,23,23.06,1667660.0,213,0,0,3.976
869,2,24,30.02,923496.8,97,134,0,3.401
869,2,25,18.79,3338.1,0,212,0,2.733
869,2,26,16.66,1814590.7,210,23,0,3.569
869,2,27,27.9,1594050.0,201,0,0,3.973
869,2,28,14.65,1336977.8,157,81,0,3.488
869,2,29,36.0,1660769.4,210,1,0,3.959
869,2,30,34.95,0.0,0,0,0,0.0
869,2,31,15.56,0.0,0,0,0,0.0
879,0,0,7.31,142733.8,2,416,0,1.758
879,0,1,29.18,0.0,0,404,0,0.0
879,0,2,26.27,3112281.0,398,0,0,3.897
879,0,3,19.12,3216249.0,405,0,0,3.95
879,0,4,15.72,41119.5,0,401,0,1.789
879,0,5,15.24,3398298.0,417,0,0,3.87
879,0,6,31.03,14884.5,0,405,0,1.61
879,0,7,39.17,3511628.0,427,0,0,3.874
879,0,8,35.65,839562.3,71,347,0,2.153
879,0,9,14.73,3249619.0,414,2,0,3.601
879,0,10,34.02,24689.2,1,413,0,1.588
879,0,11,10.86,3331166.7,410,3,0,3.763
879,0,12,13.55,2948982.0,371,0,0,3.919
879,0,13,19.72,482390.1,31,336,0,2.056
879,0,14,30.6,3270308.0,406,0,0,3.953
879,0,15,28.59,3009347.0,378,0,0,3.504
879,0,16,28.24,0.0,0,415,0,0.0
879,0,17,31.34,3260371.0,399,0,0,2.877
879,0,18,36.47,3191098.0,402,0,0,3.041
879,0,19,5.84,1575.8,0,412,0,2.231
879,0,20,17.27,3146635.0,406,0,0,3.967
879,0,21,22.59,3542725.3,439,7,0,3.597
879,0,22,29.89,32864.0,0,406,1,1.736
879,0,23,15.03,30667.7,0,402,0,1.568
879,0,24,29.93,0.0,0,0,0,0.0
879,0,25,15.88,0.0,0,0,0,0.0
879,0,26,12.33,0.0,0,0,0,0.0
879,0,27,23.22,0.0,0,0,0,0.0
879,0,28,22.59,0.0,0,0,0,0.0
879,0,29,18.02,0.0,0,0,0,0.0
879,0,30,31.52,0.0,0,0,0,0.0
879,0,31,35.22,0.0,0,0,0,0.0
879,1,0,20.0,59177.4,3,323,0,3.068
879,1,1,22.2,2667584.0,332,0,0,3.973
879,1,2,24.66,289747.4,24,331,0,3.185
879,1,3,21.54,2675092.0,331,0,0,3.99
879,1,4,33.76,452.5,0,366,0,3.286
879,1,5,23.71,2782099.0,352,0,0,3.972
879,1,6,10.08,2334215.6,290,31,0,3.572
879,1,7,5.47,2818697.0,353,0,0,3.941
879,1,8,9.6,2942554.0,368,0,0,3.965
879,1,9,21.73,42588.7,2,366,0,3.079
879,1,10,5.31,2744429.0,343,0,0,4.0
879,1,11,36.07,2659247.0,334,0,0,3.903
879,1,12,20.46,1096.3,0,328,0,2.952
879,1,13,34.32,2754207.6,338,1,1,3.774
879,1,14,8.58,2879561.0,353,0,0,3.958
879,1,15,13.3,2457264.1,306,20,0,3.628
879,1,16,27.7,2658893.0,325,0,0,3.994
879,1,17,12.23,2912538.0,361,0,0,3.914
879,1,18,16.83,2217504.5,258,76,0,3.459
879,1,19,38.02,398579.5,33,307,0,3.232
879,1,20,37.85,2787150.0,343,0,0,3.956
879,1,21,8.07,2296715.1,277,56,0,3.544
879,1,22,27.42,2555389.0,319,0,0,3.941
879,1,23,29.83,1021917.6,104,228,0,3.372
879,1,24,36.07,4601.6,0,385,0,2.897
879,1,25,17.54,208500.9,15,350,0,3.3
879,1,26,27.33,2992612.0,376,0,0,3.985
879,1,27,37.84,0.0,0,0,0,0.0
879,1,28,36.11,0.0,0,0,0,0.0
879,1,29,28.09,0.0,0,0,0,0.0
879,1,30,27.63,0.0,0,0,0,0.0
879,1,31,24.51,0.0,0,0,0,0.0
879,2,0,7.74,436.1,0,231,0,3.5
879,2,1,8.87,1766283.0,220,0,0,3.707
879,2,2,26.78,220960.8,11,226,0,3.184
879,2,3,17.07,1645906.0,203,0,0,3.867
879,2,4,20.49,1732449.0,219,0,0,3.972
879,2,5,18.4,448.0,0,219,0,2.0
879,2,6,16.21,1996985.0,243,0,0,3.99
879,2,7,28.9,1703461.2,209,11,0,3.676
879,2,8,15.49,1421400.4,176,50,0,3.581
879,2,9,34.34,539536.3,51,197,1,3.333
879,2,10,38.11,1786380.0,221,1,0,3.723
879,2,11,16.92,190304.9,10,208,0,3.019
879,2,12,10.26,1835399.0,231,0,0,3.988
879,2,13,21.54,2006942.3,250,5,0,3.703
879,2,14,19.74,1864433.4,234,1,0,3.726
879,2,15,32.07,1946859.9,247,7,0,3.599
879,2,16,36.08,1909727.0,229,0,0,3.973
879,2,17,28.98,1659312.0,215,0,0,3.981
879,2,18,8.04,1859217.0,231,0,0,3.976
879,2,19,33.29,1849684.2,227,7,0,3.717
879,2,20,17.79,6568.1,0,239,0,2.037
879,2,21,16.53,1649186.8,199,11,0,3.586
879,2,22,23.07,1707571.0,213,0,0,3.974
879,2,23,23.06,1667660.0,213,0,0,3.961
879,2,24,30.02,978039.8,98,133,0,3.405
879,2,25,18.79,4003.7,0,212,0,2.533
879,2,26,16.66,1792170.5,208,25,0,3.57
879,2,27,27.9,1594050.0,201,0,0,3.984
879,2,28,14.65,1324697.2,154,84,0,3.487
879,2,29,36.0,1656703.1,209,2,0,3.957
879,2,30,34.95,0.0,0,0,0,0.0
879,2,31,15.56,0.0,0,0,0,0.0
889,0,0,7.31,142276.6,5,413,0,1.823
889,0,1,29.18,0.0,0,404,0,0.0
889,0,2,26.27,3112281.0,398,0,0,3.902
889,0,3,19.12,3216249.0,405,0,0,3.952
889,0,4,15.72,34231.1,0,401,0,1.794
889,0,5,15.24,3398298.0,417,0,0,3.863
889,0,6,31.03,16958.0,0,405,0,1.647
889,0,7,39.17,3511628.0,427,0,0,3.872
889,0,8,35.65,827428.1,69,349,0,2.135
889,0,9,14.73,3249583.8,414,2,0,3.609
889,0,10,34.02,19705.8,0,414,0,1.636
889,0,11,10.86,3330711.0,410,2,0,3.748
889,0,12,13.55,2948982.0,371,0,0,3.907
889,0,13,19.72,495118.6,30,337,0,2.04
889,0,14,30.6,3265349.8,405,1,0,3.948
889,0,15,28.59,3009347.0,378,0,0,3.518
889,0,16,28.24,0.0,0,415,0,0.0
889,0,17,31.34,3260371.0,399,0,0,2.875
889,0,18,36.47,3191098.0,402,0,0,3.058
889,0,19,5.84,1627.8,0,412,0,2.286
889,0,20,17.27,3146635.0,406,0,0,3.957
889,0,21,22.59,3535523.2,439,7,0,3.591
889,0,22,29.89,35455.8,0,406,1,1.65
889,0,23,15.03,28853.6,0,402,0,1.619
889,0,24,29.93,0.0,0,0,0,0.0
889,0,25,15.88,0.0,0,0,0,0.0
889,0,26,12.33,0.0,0,0,0,0.0
889,0,27,23.22,0.0,0,0,0,0.0
889,0,28,22.59,0.0,0,0,0,0.0
889,0,29,18.02,0.0,0,0,0,0.0
889,0,30,31.52,0.0,0,0,0,0.0
889,0,31,35.22,0.0,0,0,0,0.0
889,1,0,20.0,48284.2,1,325,0,2.988
889,1,1,22.2,2662558.0,331,0,0,3.965
889,1,2,24.66,303004.6,24,331,0,3.248
889,1,3,21.54,2675092.0,331,0,0,3.994
889,1,4,33.76,810.9,0,366,0,2.625
889,1,5,23.71,2782099.0,352,0,0,3.95
889,1,6,10.08,2339186.8,289,32,0,3.546
889,1,7,5.47,2818697.0,353,0,0,3.937
889,1,8,9.6,2942554.0,368,0,0,3.976
889,1,9,21.73,38240.2,2,366,0,3.099
889,1,10,5.31,2744429.0,343,0,0,3.999
889,1,11,36.07,2659247.0,334,0,0,3.895
889,1,12,20.46,1290.5,0,328,0,3.115
889,1,13,34.32,2752730.8,337,2,1,3.756
889,1,14,8.58,2879561.0,353,0,0,3.95
889,1,15,13.3,2461659.5,306,19,0,3.607
889,1,16,27.7,2658893.0,325,0,0,3.994
889,1,17,12.23,2912538.0,361,0,0,3.906
889,1,18,16.83,2217625.2,254,80,0,3.442
889,1,19,38.02,430321.0,32,308,0,3.237
889,1,20,37.85,2787150.0,343,0,0,3.965
889,1,21,8.07,2324714.0,282,51,0,3.535
889,1,22,27.42,2555389.0,319,0,0,3.933
889,1,23,29.83,1002935.7,103,228,0,3.322
889,1,24,36.07,5768.0,0,385,0,2.86
889,1,25,17.54,213902.7,14,351,0,3.294
889,1,26,27.33,2992612.0,376,0,0,3.983
889,1,27,37.84,0.0,0,0,0,0.0
889,1,28,36.11,0.0,0,0,0,0.0
889,1,29,28.09,0.0,0,0,0,0.0
889,1,30,27.63,0.0,0,0,0,0.0
889,1,31,24.51,0.0,0,0,0,0.0
889,2,0,7.74,510.5,0,231,0,3.455
889,2,1,8.87,1761221.6,218,2,0,3.739
889,2,2,26.78,212440.0,12,225,0,3.094
889,2,3,17.07,1645906.0,203,0,0,3.878
889,2,4,20.49,1732449.0,219,0,0,3.952
889,2,5,18.4,449.6,0,219,0,2.0
889,2,6,16.21,1996985.0,243,0,0,3.998
889,2,7,28.9,1746075.8,214,6,0,3.665
889,2,8,15.49,1454111.3,179,47,0,3.562
889,2,9,34.34,581695.1,53,196,0,3.322
889,2,10,38.11,1779772.7,221,1,0,3.724
889,2,11,16.92,198194.6,10,208,0,3.11
889,2,12,10.26,1826940.0,230,1,0,3.988
889,2,13,21.54,2004734.6,250,5,0,3.693
889,2,14,19.74,1864543.8,232,3,0,3.737
889,2,15,32.07,1957449.7,247,7,0,3.578
889,2,16,36.08,1909727.0,229,0,0,3.973
889,2,17,28.98,1659312.0,215,0,0,3.977
889,2,18,8.04,1859217.0,231,0,0,3.974
889,2,19,33.29,1825140.7,225,9,0,3.715
889,2,20,17.79,6613.0,0,239,0,2.103
889,2,21,16.53,1640114.4,200,10,0,3.562
889,2,22,23.07,1707571.0,213,0,0,3.972
889,2,23,23.06,1667660.0,213,0,0,3.962
889,2,24,30.02,920725.0,97,134,0,3.402
889,2,25,18.79,3175.0,0,212,0,2.8
889,2,26,16.66,1788019.9,207,26,0,3.55
889,2,27,27.9,1594050.0,201,0,0,3.973
889,2,28,14.65,1322951.8,155,83,0,3.491
889,2,29,36.0,1660837.9,210,1,0,3.956
889,2,30,34.95,0.0,0,0,0,0.0
889,2,31,15.56,0.0,0,0,0,0.0
899,0,0,7.31,169027.8,7,411,0,1.773
899,0,1,29.18,0.0,0,404,0,0.0
899,0,2,26.27,3112281.0,398,0,0,3.907
899,0,3,19.12,3216249.0,405,0,0,3.944
899,0,4,15.72,36191.6,0,400,1,1.71
899,0,5,15.24,3398298.0,417,0,0,3.863
899,0,6,31.03,16681.6,0,404,1,1.664
899,0,7,39.17,3511628.0,427,0,0,3.868
899,0,8,35.65,800121.7,70,348,0,2.124
899,0,9,14.73,3246611.0,414,2,0,3.596
899,0,10,34.02,18379.4,0,414,0,1.757
899,0,11,10.86,3334845.4,411,2,0,3.73
899,0,12,13.55,2948982.0,371,0,0,3.92
899,0,13,19.72,478769.6,34,333,0,2.099
899,0,14,30.6,3265349.8,405,1,0,3.939
899,0,15,28.59,3009347.0,378,0,0,3.516
899,0,16,28.24,0.0,0,415,0,0.0
899,0,17,31.34,3260371.0,399,0,0,2.871
899,0,18,36.47,3191098.0,402,0,0,3.063
899,0,19,5.84,1704.0,0,412,0,2.267
899,0,20,17.27,3146635.0,406,0,0,3.957
899,0,21,22.59,3539960.2,439,7,0,3.586
899,0,22,29.89,40914.1,0,406,1,1.631
899,0,23,15.03,27797.9,0,402,0,1.763
899,0,24,29.93,0.0,0,0,0,0.0
899,0,25,15.88,0.0,0,0,0,0.0
899,0,26,12.33,0.0,0,0,0,0.0
899,0,27,23.22,0.0,0,0,0,0.0
899,0,28,22.59,0.0,0,0,0,0.0
899,0,29,18.02,0.0,0,0,0,0.0
899,0,30,31.52,0.0,0,0,0,0.0
899,0,31,35.22,0.0,0,0,0,0.0
899,1,0,20.0,54937.5,3,323,0,2.883
899,1,1,22.2,2667584.0,332,0,0,3.965
899,1,2,24.66,257394.8,25,330,0,3.242
899,1,3,21.54,2675092.0,331,0,0,3.989
899,1,4,33.76,812.3,0,366,0,2.818
899,1,5,23.71,2782099.0,352,0,0,3.958
899,1,6,10.08,2346639.7,292,29,0,3.554
899,1,7,5.47,2818697.0,353,0,0,3.948
899,1,8,9.6,2942554.0,368,0,0,3.973
899,1,9,21.73,38967.8,1,367,0,3.043
899,1,10,5.31,2744429.0,343,0,0,3.997
899,1,11,36.07,2659247.0,334,0,0,3.886
899,1,12,20.46,1340.6,0,328,0,3.04
899,1,13,34.32,2752698.7,336,3,1,3.761
899,1,14,8.58,2879561.0,353,0,0,3.958
899,1,15,13.3,2435097.4,304,22,0,3.592
899,1,16,27.7,2658893.0,325,0,0,3.995
899,1,17,12.23,2912538.0,361,0,0,3.925
899,1,18,16.83,2197113.9,259,75,0,3.436
899,1,19,38.02,418850.3,31,309,0,3.208
899,1,20,37.85,2787150.0,343,0,0,3.956
899,1,21,8.07,2303115.2,277,56,0,3.524
899,1,22,27.42,2555389.0,319,0,0,3.905
899,1,23,29.83,1030634.4,106,225,0,3.346
899,1,24,36.07,4657.2,0,385,0,2.775
899,1,25,17.54,230473.4,14,351,0,3.191
899,1,26,27.33,2992612.0,376,0,0,3.988
899,1,27,37.84,0.0,0,0,0,0.0
899,1,28,36.11,0.0,0,0,0,0.0
899,1,29,28.09,0.0,0,0,0,0.0
899,1,30,27.63,0.0,0,0,0,0.0
899,1,31,24.51,0.0,0,0,0,0.0
899,2,0,7.74,504.6,0,231,0,3.2
899,2,1,8.87,1754259.2,218,2,0,3.714
899,2,2,26.78,215935.1,12,225,0,3.148
899,2,3,17.07,1645906.0,203,0,0,3.867
899,2,4,20.49,1732449.0,219,0,0,3.966
899,2,5,18.4,449.6,0,219,0,2.0
899,2,6,16.21,1996985.0,243,0,0,3.994
899,2,7,28.9,1735525.8,215,5,0,3.661
899,2,8,15.49,1453144.9,176,50,0,3.595
899,2,9,34.34,586675.4,57,192,0,3.305
899,2,10,38.11,1779769.3,221,1,0,3.705
899,2,11,16.92,188051.7,11,207,0,3.172
899,2,12,10.26,1835399.0,231,0,0,3.982
899,2,13,21.54,2013783.7,250,5,0,3.71
899,2,14,19.74,1857646.3,234,1,0,3.738
899,2,15,32.07,1956986.4,247,7,0,3.583
899,2,16,36.08,1909727.0,229,0,0,3.974
899,2,17,28.98,1659312.0,215,0,0,3.981
899,2,18,8.04,1859217.0,231,0,0,3.967
899,2,19,33.29,1844691.7,228,6,0,3.714
899,2,20,17.79,8870.1,0,239,0,2.275
899,2,21,16.53,1622666.6,196,14,0,3.593
899,2,22,23.07,1707571.0,213,0,0,3.974
899,2,23,23.06,1667660.0,213,0,0,3.972
899,2,24,30.02,896562.7,92,139,0,3.409
899,2,25,18.79,5690.0,0,212,0,2.487
899,2,26,16.66,1803100.9,207,26,0,3.56
899,2,27,27.9,1594050.0,201,0,0,3.965
899,2,28,14.65,1297723.8,155,83,0,3.464
899,2,29,36.0,1664498.0,210,1,0,3.944
899,2,30,34.95,0.0,0,0,0,0.0
899,2,31,15.56,0.0,0,0,0,0.0
909,0,0,7.31,161724.8,5,413,0,1.702
909,0,1,29.18,0.0,0,404,0,0.0
909,0,2,26.27,3112281.0,398,0,0,3.916
909,0,3,19.12,3216249.0,405,0,0,3.946
909,0,4,15.72,37557.5,0,401,0,1.612
909,0,5,15.24,3398298.0,417,0,0,3.858
909,0,6,31.03,15692.3,0,405,0,1.623
909,0,7,39.17,3511628.0,427,0,0,3.871
909,0,8,35.65,807872.6,70,348,0,2.063
909,0,9,14.73,3243688.0,413,3,0,3.601
909,0,10,34.02,20792.3,1,413,0,1.701
909,0,11,10.86,3324351.7,409,4,0,3.747
909,0,12,13.55,2948982.0,371,0,0,3.908
909,0,13,19.72,496921.1,35,332,0,2.051
909,0,14,30.6,3271310.2,406,0,0,3.946
909,0,15,28.59,3009347.0,378,0,0,3.526
909,0,16,28.24,0.0,0,415,0,0.0
909,0,17,31.34,3260371.0,399,0,0,2.848
909,0,18,36.47,3191098.0,402,0,0,3.043
909,0,19,5.84,1386.1,0,412,0,2.167
909,0,20,17.27,3146635.0,406,0,0,3.947
909,0,21,22.59,3516838.0,437,9,0,3.599
909,0,22,29.89,34834.6,0,406,1,1.586
909,0,23,15.03,28080.3,0,402,0,1.715
909,0,24,29.93,0.0,0,0,0,0.0
909,0,25,15.88,0.0,0,0,0,0.0
909,0,26,12.33,0.0,0,0,0,0.0
909,0,27,23.22,0.0,0,0,0,0.0
909,0,28,22.59,0.0,0,0,0,0.0
909,0,29,18.02,0.0,0,0,0,0.0
909,0,30,31.52,0.0,0,0,0,0.0
909,0,31,35.22,0.0,0,0,0,0.0
909,1,0,20.0,42976.6,0,326,0,2.956
909,1,1,22.2,2667584.0,332,0,0,3.963
909,1,2,24.66,268910.9,25,330,0,3.163
909,1,3,21.54,2675092.0,331,0,0,3.99
909,1,4,33.76,1437.8,0,366,0,2.833
909,1,5,23.71,2782099.0,352,0,0,3.953
909,1,6,10.08,2351077.4,293,28,0,3.518
909,1,7,5.47,2818697.0,353,0,0,3.949
909,1,8,9.6,2942554.0,368,0,0,3.971
909,1,9,21.73,29967.9,1,367,0,3.055
909,1,10,5.31,2744429.0,343,0,0,3.997
909,1,11,36.07,2659247.0,334,0,0,3.902
909,1,12,20.46,1268.8,0,328,0,3.042
909,1,13,34.32,2750131.1,337,1,1,3.75
909,1,14,8.58,2879561.0,353,0,0,3.953
909,1,15,13.3,2464330.5,309,17,0,3.577
909,1,16,27.7,2658893.0,325,0,0,3.993
909,1,17,12.23,2912538.0,361,0,0,3.921
909,1,18,16.83,2253059.4,266,68,0,3.41
909,1,19,38.02,428221.5,34,306,0,3.16
909,1,20,37.85,2787150.0,343,0,0,3.964
909,1,21,8.07,2337213.6,281,52,0,3.484
909,1,22,27.42,2555389.0,319,0,0,3.926
909,1,23,29.83,1033030.6,102,229,0,3.325
909,1,24,36.07,5401.0,0,385,0,2.707
909,1,25,17.54,216150.8,16,349,0,3.214
909,1,26,27.33,2992612.0,376,0,0,3.99
909,1,27,37.84,0.0,0,0,0,0.0
909,1,28,36.11,0.0,0,0,0,0.0
909,1,29,28.09,0.0,0,0,0,0.0
909,1,30,27.63,0.0,0,0,0,0.0
909,1,31,24.51,0.0,0,0,0,0.0
909,2,0,7.74,367.2,0,231,0,3.667
909,2,1,8.87,1764082.6,219,1,0,3.703
909,2,2,26.78,211923.4,12,225,0,3.122
909,2,3,17.07,1645906.0,203,0,0,3.85
909,2,4,20.49,1732449.0,219,0,0,3.96
909,2,5,18.4,536.3,0,219,0,2.0
909,2,6,16.21,1996985.0,243,0,0,3.994
909,2,7,28.9,1749421.7,216,4,0,3.645
909,2,8,15.49,1462539.0,183,43,0,3.548
909,2,9,34.34,576332.0,57,192,0,3.262
909,2,10,38.11,1772006.7,220,2,0,3.725
909,2,11,16.92,201403.1,13,205,0,3.138
909,2,12,10.26,1835399.0,231,0,0,3.982
909,2,13,21.54,2015010.8,250,5,0,3.698
909,2,14,19.74,1862764.5,234,1,0,3.764
909,2,15,32.07,1960063.3,248,6,0,3.586
909,2,16,36.08,1909727.0,229,0,0,3.968
909,2,17,28.98,1659312.0,215,0,0,3.981
909,2,18,8.04,1859217.0,231,0,0,3.971
909,2,19,33.29,1847793.7,228,6,0,3.69
909,2,20,17.79,9004.7,0,239,0,1.943
909,2,21,16.53,1615797.0,193,17,0,3.59
909,2,22,23.07,1707571.0,213,0,0,3.98
909,2,23,23.06,1667660.0,213,0,0,3.974
909,2,24,30.02,930442.3,99,132,0,3.428
909,2,25,18.79,3906.7,0,212,0,2.714
909,2,26,16.66,1798865.3,210,23,0,3.555
909,2,27,27.9,1594050.0,201,0,0,3.965
909,2,28,14.65,1280459.7,150,88,0,3.461
909,2,29,36.0,1660837.9,210,1,0,3.949
909,2,30,34.95,0.0,0,0,0,0.0
909,2,31,15.56,0.0,0,0,0,0.0
919,0,0,7.31,155211.2,6,412,0,1.923
919,0,1,29.18,0.0,0,404,0,0.0
919,0,2,26.27,3112281.0,398,0,0,3.92
919,0,3,19.12,3216249.0,405,0,0,3.954
919,0,4,15.72,39886.9,0,401,0,1.818
919,0,5,15.24,3398298.0,417,0,0,3.891
919,0,6,31.03,16984.4,0,405,0,1.794
919,0,7,39.17,3511628.0,427,0,0,3.88
919,0,8,35.65,794466.7,72,346,0,2.22
919,0,9,14.73,3252542.0,415,1,0,3.642
919,0,10,34.02,18268.8,0,414,0,1.765
919,0,11,10.86,3334000.6,411,2,0,3.779
919,0,12,13.55,2948982.0,371,0,0,3.938
919,0,13,19.72,478461.8,35,332,0,2.16
919,0,14,30.6,3271574.8,406,1,0,3.947
919,0,15,28.59,3009347.0,378,0,0,3.522
919,0,16,28.24,0.0,0,415,0,0.0
919,0,17,31.34,3259759.1,398,1,0,2.933
919,0,18,36.47,3191098.0,402,0,0,3.099
919,0,19,5.84,1676.2,0,412,0,2.667
919,0,20,17.27,3146635.0,406,0,0,3.956
919,0,21,22.59,3526089.5,437,9,0,3.641
919,0,22,29.89,41926.4,0,405,2,1.757
919,0,23,15.03,33316.8,0,402,0,1.939
919,0,24,29.93,0.0,0,0,0,0.0
919,0,25,15.88,0.0,0,0,0,0.0
919,0,26,12.33,0.0,0,0,0,0.0
919,0,27,23.22,0.0,0,0,0,0.0
919,0,28,22.59,0.0,0,0,0,0.0
919,0,29,18.02,0.0,0,0,0,0.0
919,0,30,31.52,0.0,0,0,0,0.0
919,0,31,35.22,0.0,0,0,0,0.0
919,1,0,20.0,48674.8,2,324,0,3.062
919,1,1,22.2,2662558.0,331,0,0,3.976
919,1,2,24.66,281503.4,23,332,0,3.27
919,1,3,21.54,2675092.0,331,0,0,3.996
919,1,4,33.76,1000.2,0,366,0,3.0
919,1,5,23.71,2782099.0,352,0,0,3.97
919,1,6,10.08,2342002.0,288,33,0,3.609
919,1,7,5.47,2818697.0,353,0,0,3.965
919,1,8,9.6,2942554.0,368,0,0,3.983
919,1,9,21.73,40430.2,2,366,0,3.122
919,1,10,5.31,2744429.0,343,0,0,3.999
919,1,11,36.07,2659247.0,334,0,0,3.906
919,1,12,20.46,1604.7,0,328,0,3.129
919,1,13,34.32,2754166.6,337,2,1,3.8
919,1,14,8.58,2879561.0,353,0,0,3.965
919,1,15,13.3,2449112.5,303,23,0,3.655
919,1,16,27.7,2658893.0,325,0,0,3.994
919,1,17,12.23,2912538.0,361,0,0,3.942
919,1,18,16.83,2191827.2,251,83,0,3.503
919,1,19,38.02,438277.4,30,310,0,3.281
919,1,20,37.85,2787150.0,343,0,0,3.971
919,1,21,8.07,2289065.2,271,62,0,3.576
919,1,22,27.42,2555389.0,319,0,0,3.946
919,1,23,29.83,1005613.1,101,230,0,3.416
919,1,24,36.07,6787.3,0,385,0,2.967
919,1,25,17.54,220762.9,17,348,0,3.329
919,1,26,27.33,2992612.0,376,0,0,3.992
919,1,27,37.84,0.0,0,0,0,0.0
919,1,28,36.11,0.0,0,0,0,0.0
919,1,29,28.09,0.0,0,0,0,0.0
919,1,30,27.63,0.0,0,0,0,0.0
919,1,31,24.51,0.0,0,0,0,0.0
919,2,0,7.74,616.7,0,231,0,3.6
919,2,1,8.87,1765236.5,219,1,0,3.756
919,2,2,26.78,213601.8,14,223,0,3.274
919,2,3,17.07,1645906.0,203,0,0,3.877
919,2,4,20.49,1732449.0,219,0,0,3.965
919,2,5,18.4,330.6,0,219,0,2.333
919,2,6,16.21,1996985.0,243,0,0,3.992
919,2,7,28.9,1705333.4,212,8,0,3.72
919,2,8,15.49,1463603.9,178,48,0,3.611
919,2,9,34.34,575365.2,51,198,0,3.347
919,2,10,38.11,1770963.3,219,3,0,3.771
919,2,11,16.92,207262.2,12,206,0,3.212
919,2,12,10.26,1826940.0,230,1,0,3.992
919,2,13,21.54,1997475.5,250,5,0,3.749
919,2,14,19.74,1857596.4,234,1,0,3.793
919,2,15,32.07,1957218.0,247,7,0,3.642
919,2,16,36.08,1909727.0,229,0,0,3.983
919,2,17,28.98,1659312.0,215,0,0,3.989
919,2,18,8.04,1859217.0,231,0,0,3.981
919,2,19,33.29,1857449.5,228,6,0,3.741
919,2,20,17.79,7546.8,0,239,0,2.659
919,2,21,16.53,1641059.4,200,10,0,3.631
919,2,22,23.07,1707571.0,213,0,0,3.982
919,2,23,23.06,1667660.0,213,0,0,3.971
919,2,24,30.02,922084.8,91,140,0,3.484
919,2,25,18.79,5707.9,0,212,0,2.967
919,2,26,16.66,1814906.6,209,24,0,3.631
919,2,27,27.9,1594050.0,201,0,0,3.975
919,2,28,14.65,1277079.2,145,93,0,3.52
919,2,29,36.0,1660838.9,210,1,0,3.968
919,2,30,34.95,0.0,0,0,0,0.0
919,2,31,15.56,0.0,0,0,0,0.0
929,0,0,7.31,158278.0,5,413,0,1.977
929,0,1,29.18,0.0,0,404,0,0.0
929,0,2,26.27,3112281.0,398,0,0,3.94
929,0,3,19.12,3216249.0,405,0,0,3.961
929,0,4,15.72,43932.8,0,401,0,1.846
929,0,5,15.24,3398298.0,417,0,0,3.891
929,0,6,31.03,17365.7,0,405,0,1.772
929,0,7,39.17,3511628.0,427,0,0,3.884
929,0,8,35.65,817173.6,72,346,0,2.242
929,0,9,14.73,3249252.5,414,2,0,3.656
929,0,10,34.02,19723.9,0,414,0,1.857
929,0,11,10.86,3336915.0,412,1,0,3.802
929,0,12,13.55,2948982.0,371,0,0,3.942
929,0,13,19.72,474792.9,33,334,0,2.183
929,0,14,30.6,3265349.8,405,1,0,3.953
929,0,15,28.59,3009347.0,378,0,0,3.535
929,0,16,28.24,0.0,0,415,0,0.0
929,0,17,31.34,3248929.8,397,2,0,2.988
929,0,18,36.47,3191098.0,402,0,0,3.116
929,0,19,5.84,1572.6,0,412,0,2.727
929,0,20,17.27,3146635.0,406,0,0,3.965
929,0,21,22.59,3527329.1,438,8,0,3.653
929,0,22,29.89,38346.9,0,405,2,1.856
929,0,23,15.03,32084.0,0,402,0,2.063
929,0,24,29.93,0.0,0,0,0,0.0
929,0,25,15.88,0.0,0,0,0,0.0
929,0,26,12.33,0.0,0,0,0,0.0
929,0,27,23.22,0.0,0,0,0,0.0
929,0,28,22.59,0.0,0,0,0,0.0
929,0,29,18.02,0.0,0,0,0,0.0
929,0,30,31.52,0.0,0,0,0,0.0
929,0,31,35.22,0.0,0,0,0,0.0
929,1,0,20.0,49638.2,0,326,0,3.184
929,1,1,22.2,2667584.0,332,0,0,3.98
929,1,2,24.66,286948.4,24,331,0,3.342
929,1,3,21.54,2675092.0,331,0,0,3.994
929,1,4,33.76,951.4,0,366,0,3.267
929,1,5,23.71,2782099.0,352,0,0,3.976
929,1,6,10.08,2331396.6,292,29,0,3.622
929,1,7,5.47,2818697.0,353,0,0,3.974
929,1,8,9.6,2942554.0,368,0,0,3.98
929,1,9,21.73,40296.1,2,366,0,3.104
929,1,10,5.31,2744429.0,343,0,0,4.0
929,1,11,36.07,2659247.0,334,0,0,3.919
929,1,12,20.46,1484.5,0,328,0,3.185
929,1,13,34.32,2750133.0,336,2,1,3.817
929,1,14,8.58,2879561.0,353,0,0,3.967
929,1,15,13.3,2447202.1,305,20,0,3.702
929,1,16,27.7,2658893.0,325,0,0,3.998
929,1,17,12.23,2912538.0,361,0,0,3.948
929,1,18,16.83,2194461.7,254,80,0,3.538
929,1,19,38.02,417116.8,32,308,0,3.371
929,1,20,37.85,2787150.0,343,0,0,3.977
929,1,21,8.07,2270406.1,272,61,0,3.623
929,1,22,27.42,2555389.0,319,0,0,3.949
929,1,23,29.83,1045118.6,105,226,0,3.441
929,1,24,36.07,7348.9,0,385,0,3.104
929,1,25,17.54,236190.6,17,348,0,3.344
929,1,26,27.33,2992612.0,376,0,0,3.992
929,1,27,37.84,0.0,0,0,0,0.0
929,1,28,36.11,0.0,0,0,0,0.0
929,1,29,28.09,0.0,0,0,0,0.0
929,1,30,27.63,0.0,0,0,0,0.0
929,1,31,24.51,0.0,0,0,0,0.0
929,2,0,7.74,586.1,0,231,0,3.571
929,2,1,8.87,1753192.4,218,2,0,3.777
929,2,2,26.78,216402.3,14,223,0,3.276
929,2,3,17.07,1645906.0,203,0,0,3.89
929,2,4,20.49,1732449.0,219,0,0,3.975
929,2,5,18.4,114.9,0,219,0,3.667
929,2,6,16.21,1996985.0,243,0,0,3.998
929,2,7,28.9,1743618.1,216,4,0,3.74
929,2,8,15.49,1460171.7,179,47,0,3.657
929,2,9,34.34,538640.6,53,196,0,3.402
929,2,10,38.11,1776471.3,220,2,0,3.777
929,2,11,16.92,212659.6,14,204,0,3.23
929,2,12,10.26,1826940.0,230,1,0,3.986
929,2,13,21.54,2010052.9,250,5,0,3.78
929,2,14,19.74,1863659.4,232,3,0,3.816
929,2,15,32.07,1945633.5,247,7,0,3.65
929,2,16,36.08,1909727.0,229,0,0,3.975
929,2,17,28.98,1659312.0,215,0,0,3.994
929,2,18,8.04,1859217.0,231,0,0,3.981
929,2,19,33.29,1855027.0,227,7,0,3.766
929,2,20,17.79,9057.3,0,239,0,2.604
929,2,21,16.53,1647112.4,199,11,0,3.668
929,2,22,23.07,1707571.0,213,0,0,3.984
929,2,23,23.06,1667660.0,213,0,0,3.975
929,2,24,30.02,920946.0,94,137,0,3.524
929,2,25,18.79,6024.8,0,212,0,2.885
929,2,26,16.66,1812084.3,209,24,0,3.66
929,2,27,27.9,1594050.0,201,0,0,3.969
929,2,28,14.65,1288466.7,149,89,0,3.538
929,2,29,36.0,1664528.9,210,1,0,3.974
929,2,30,34.95,0.0,0,0,0,0.0
929,2,31,15.56,0.0,0,0,0,0.0
939,0,0,7.31,154858.4,3,415,0,2.023
939,0,1,29.18,0.0,0,404,0,0.0
939,0,2,26.27,3112281.0,398,0,0,3.928
939,0,3,19.12,3216249.0,405,0,0,3.965
939,0,4,15.72,41953.7,0,401,0,1.857
939,0,5,15.24,3398298.0,417,0,0,3.888
939,0,6,31.03,17051.4,0,405,0,1.754
939,0,7,39.17,3511628.0,427,0,0,3.877
939,0,8,35.65,815226.8,69,349,0,2.231
939,0,9,14.73,3243984.9,414,2,0,3.65
939,0,10,34.02,20925.8,0,414,0,1.832
939,0,11,10.86,3324374.7,409,4,0,3.805
939,0,12,13.55,2948982.0,371,0,0,3.942
939,0,13,19.72,495234.0,34,333,0,2.203
939,0,14,30.6,3276533.0,407,0,0,3.955
939,0,15,28.59,3009347.0,378,0,0,3.539
939,0,16,28.24,0.0,0,415,0,0.0
939,0,17,31.34,3244603.0,396,3,0,2.974
939,0,18,36.47,3191098.0,402,0,0,3.125
939,0,19,5.84,2119.7,0,412,0,2.522
939,0,20,17.27,3146635.0,406,0,0,3.96
939,0,21,22.59,3531452.2,438,8,0,3.655
939,0,22,29.89,40029.7,0,405,2,1.81
939,0,23,15.03,32130.6,0,402,0,2.07
939,0,24,29.93,0.0,0,0,0,0.0
939,0,25,15.88,0.0,0,0,0,0.0
939,0,26,12.33,0.0,0,0,0,0.0
939,0,27,23.22,0.0,0,0,0,0.0
939,0,28,22.59,0.0,0,0,0,0.0
939,0,29,18.02,0.0,0,0,0,0.0
939,0,30,31.52,0.0,0,0,0,0.0
939,0,31,35.22,0.0,0,0,0,0.0
939,1,0,20.0,51748.4,2,324,0,3.105
939,1,1,22.2,2667584.0,332,0,0,3.977
939,1,2,24.66,286732.1,27,328,0,3.298
939,1,3,21.54,2675092.0,331,0,0,3.99
939,1,4,33.76,1190.6,0,366,0,2.786
939,1,5,23.71,2782099.0,352,0,0,3.969
939,1,6,10.08,2356353.3,292,29,0,3.624
939,1,7,5.47,2818697.0,353,0,0,3.968
939,1,8,9.6,2942554.0,368,0,0,3.98
939,1,9,21.73,42967.2,2,366,0,3.145
939,1,10,5.31,2744429.0,343,0,0,4.0
939,1,11,36.07,2659247.0,334,0,0,3.914
939,1,12,20.46,1280.5,0,328,0,3.24
939,1,13,34.32,2749990.7,335,3,1,3.815
939,1,14,8.58,2879561.0,353,0,0,3.961
939,1,15,13.3,2459805.3,306,20,0,3.682
939,1,16,27.7,2658893.0,325,0,0,3.996
939,1,17,12.23,2912538.0,361,0,0,3.95
939,1,18,16.83,2212455.5,256,78,0,3.535
939,1,19,38.02,415263.1,32,308,0,3.336
939,1,20,37.85,2787150.0,343,0,0,3.981
939,1,21,8.07,2255901.7,266,67,0,3.619
939,1,22,27.42,2555389.0,319,0,0,3.949
939,1,23,29.83,1030893.3,103,228,0,3.44
939,1,24,36.07,7969.2,0,385,0,3.027
939,1,25,17.54,219072.0,14,351,0,3.344
939,1,26,27.33,2992612.0,376,0,0,3.993
939,1,27,37.84,0.0,0,0,0,0.0
939,1,28,36.11,0.0,0,0,0,0.0
939,1,29,28.09,0.0,0,0,0,0.0
939,1,30,27.63,0.0,0,0,0,0.0
939,1,31,24.51,0.0,0,0,0,0.0
939,2,0,7.74,688.0,0,231,0,3.467
939,2,1,8.87,1754174.2,218,2,0,3.763
939,2,2,26.78,200553.3,11,226,0,3.278
939,2,3,17.07,1645906.0,203,0,0,3.906
939,2,4,20.49,1732449.0,219,0,0,3.969
939,2,5,18.4,329.3,0,219,0,2.333
939,2,6,16.21,1996985.0,243,0,0,3.996
939,2,7,28.9,1734624.7,215,5,0,3.747
939,2,8,15.49,1462313.1,182,44,0,3.633
939,2,9,34.34,571142.1,53,196,0,3.361
939,2,10,38.11,1771061.7,220,2,0,3.793
939,2,11,16.92,202410.6,16,202,0,3.241
939,2,12,10.26,1826940.0,230,1,0,3.992
939,2,13,21.54,2016424.0,251,4,0,3.772
939,2,14,19.74,1856537.0,233,2,0,3.812
939,2,15,32.07,1954691.8,244,10,0,3.658
939,2,16,36.08,1909727.0,229,0,0,3.987
939,2,17,28.98,1659312.0,215,0,0,3.994
939,2,18,8.04,1859217.0,231,0,0,3.981
939,2,19,33.29,1849270.9,227,7,0,3.766
939,2,20,17.79,8659.9,0,239,0,2.818
939,2,21,16.53,1658663.2,202,8,0,3.635
939,2,22,23.07,1707571.0,213,0,0,3.984
939,2,23,23.06,1667660.0,213,0,0,3.986
939,2,24,30.02,907190.2,93,138,0,3.517
939,2,25,18.79,6472.1,0,212,0,2.949
939,2,26,16.66,1816310.6,212,21,0,3.646
939,2,27,27.9,1594050.0,201,0,0,3.977
939,2,28,14.65,1282744.4,152,86,0,3.547
939,2,29,36.0,1663746.0,209,2,0,3.969
939,2,30,34.95,0.0,0,0,0,0.0
939,2,31,15.56,0.0,0,0,0,0.0
949,0,0,7.31,159966.9,6,412,0,1.925
949,0,1,29.18,0.0,0,404,0,0.0
949,0,2,26.27,3112281.0,398,0,0,3.928
949,0,3,19.12,3216249.0,405,0,0,3.954
949,0,4,15.72,39199.1,0,401,0,1.897
949,0,5,15.24,3398298.0,417,0,0,3.885
949,0,6,31.03,17091.3,0,405,0,1.74
949,0,7,39.17,3511628.0,427,0,0,3.894
949,0,8,35.65,822324.4,72,346,0,2.175
949,0,9,14.73,3242789.6,413,3,0,3.664
949,0,10,34.02,19846.9,0,414,0,1.69
949,0,11,10.86,3330111.2,411,2,0,3.792
949,0,12,13.55,2948982.0,371,0,0,3.921
949,0,13,19.72,485796.1,33,334,0,2.117
949,0,14,30.6,3276533.0,407,0,0,3.946
949,0,15,28.59,3009347.0,378,0,0,3.533
949,0,16,28.24,0.0,0,415,0,0.0
949,0,17,31.34,3259042.6,398,1,0,2.938
949,0,18,36.47,3191098.0,402,0,0,3.127
949,0,19,5.84,1755.5,0,412,0,2.421
949,0,20,17.27,3146635.0,406,0,0,3.965
949,0,21,22.59,3519259.6,436,10,0,3.643
949,0,22,29.89,40870.0,0,405,2,1.754
949,0,23,15.03,29248.1,0,401,1,1.917
949,0,24,29.93,0.0,0,0,0,0.0
949,0,25,15.88,0.0,0,0,0,0.0
949,0,26,12.33,0.0,0,0,0,0.0
949,0,27,23.22,0.0,0,0,0,0.0
949,0,28,22.59,0.0,0,0,0,0.0
949,0,29,18.02,0.0,0,0,0,0.0
949,0,30,31.52,0.0,0,0,0,0.0
949,0,31,35.22,0.0,0,0,0,0.0
949,1,0,20.0,52117.6,1,325,0,3.076
949,1,1,22.2,2667584.0,332,0,0,3.977
949,1,2,24.66,259199.1,19,336,0,3.297
949,1,3,21.54,2675092.0,331,0,0,3.993
949,1,4,33.76,1115.6,0,366,0,2.733
949,1,5,23.71,2782099.0,352,0,0,3.972
949,1,6,10.08,2362051.4,295,26,0,3.566
949,1,7,5.47,2818697.0,353,0,0,3.964
949,1,8,9.6,2942554.0,368,0,0,3.979
949,1,9,21.73,40384.9,1,367,0,3.129
949,1,10,5.31,2744429.0,343,0,0,3.999
949,1,11,36.07,2659247.0,334,0,0,3.917
949,1,12,20.46,952.1,0,328,0,3.286
949,1,13,34.32,2756240.6,337,2,1,3.787
949,1,14,8.58,2879561.0,353,0,0,3.961
949,1,15,13.3,2450046.4,305,21,0,3.652
949,1,16,27.7,2658893.0,325,0,0,3.996
949,1,17,12.23,2912538.0,361,0,0,3.942
949,1,18,16.83,2250829.4,263,71,0,3.489
949,1,19,38.02,434710.7,30,310,0,3.271
949,1,20,37.85,2787150.0,343,0,0,3.975
949,1,21,8.07,2333444.7,274,59,0,3.569
949,1,22,27.42,2555389.0,319,0,0,3.937
949,1,23,29.83,988888.9,99,232,0,3.412
949,1,24,36.07,6846.1,0,385,0,3.123
949,1,25,17.54,230839.8,17,348,0,3.324
949,1,26,27.33,2992612.0,376,0,0,3.992
949,1,27,37.84,0.0,0,0,0,0.0
949,1,28,36.11,0.0,0,0,0,0.0
949,1,29,28.09,0.0,0,0,0,0.0
949,1,30,27.63,0.0,0,0,0,0.0
949,1,31,24.51,0.0,0,0,0,0.0
949,2,0,7.74,697.3,0,231,0,3.5
949,2,1,8.87,1766251.2,219,1,0,3.738
949,2,2,26.78,189803.2,11,226,0,3.193
949,2,3,17.07,1645906.0,203,0,0,3.899
949,2,4,20.49,1732449.0,219,0,0,3.97
949,2,5,18.4,477.3,0,219,0,2.5
949,2,6,16.21,1996985.0,243,0,0,3.998
949,2,7,28.9,1731587.0,213,7,0,3.698
949,2,8,15.49,1452362.2,180,46,0,3.601
949,2,9,34.34,573336.7,55,194,0,3.322
949,2,10,38.11,1769931.8,220,2,0,3.768
949,2,11,16.92,202871.9,15,203,0,3.14
949,2,12,10.26,1826940.0,230,1,0,3.988
949,2,13,21.54,2018149.0,253,2,0,3.734
949,2,14,19.74,1857135.6,233,2,0,3.774
949,2,15,32.07,1955822.0,244,10,0,3.613
949,2,16,36.08,1909727.0,229,0,0,3.985
949,2,17,28.98,1659312.0,215,0,0,3.992
949,2,18,8.04,1859217.0,231,0,0,3.977
949,2,19,33.29,1856550.6,230,4,0,3.746
949,2,20,17.79,11584.7,0,239,0,2.458
949,2,21,16.53,1636815.2,198,12,0,3.63
949,2,22,23.07,1707571.0,213,0,0,3.978
949,2,23,23.06,1667660.0,213,0,0,3.971
949,2,24,30.02,926629.3,101,130,0,3.442
949,2,25,18.79,7474.2,0,212,0,2.867
949,2,26,16.66,1826405.1,211,22,0,3.625
949,2,27,27.9,1594050.0,201,0,0,3.973
949,2,28,14.65,1290416.6,149,89,0,3.523
949,2,29,36.0,1656482.6,209,2,0,3.967
949,2,30,34.95,0.0,0,0,0,0.0
949,2,31,15.56,0.0,0,0,0,0.0
959,0,0,7.31,165431.6,7,411,0,1.754
959,0,1,29.18,0.0,0,404,0,0.0
959,0,2,26.27,3112281.0,398,0,0,3.916
959,0,3,19.12,3216249.0,405,0,0,3.945
959,0,4,15.72,39297.7,0,401,0,1.716
959,0,5,15.24,3398298.0,417,0,0,3.851
959,0,6,31.03,17453.8,0,405,0,1.552
959,0,7,39.17,3511628.0,427,0,0,3.879
959,0,8,35.65,794848.3,70,348,0,2.051
959,0,9,14.73,3246108.0,413,3,0,3.622
959,0,10,34.02,18633.7,0,414,0,1.514
959,0,11,10.86,3336915.0,412,1,0,3.77
959,0,12,13.55,2948982.0,371,0,0,3.905
959,0,13,19.72,484847.6,37,330,0,1.958
959,0,14,30.6,3266352.1,405,1,0,3.948
959,0,15,28.59,3009347.0,378,0,0,3.487
959,0,16,28.24,0.0,0,415,0,0.0
959,0,17,31.34,3260371.0,399,0,0,2.875
959,0,18,36.47,3191098.0,402,0,0,3.084
959,0,19,5.84,1915.3,0,412,0,2.263
959,0,20,17.27,3146635.0,406,0,0,3.959
959,0,21,22.59,3521644.5,438,7,0,3.598
959,0,22,29.89,41247.1,0,405,2,1.569
959,0,23,15.03,29761.8,0,401,1,1.784
959,0,24,29.93,0.0,0,0,0,0.0
959,0,25,15.88,0.0,0,0,0,0.0
959,0,26,12.33,0.0,0,0,0,0.0
959,0,27,23.22,0.0,0,0,0,0.0
959,0,28,22.59,0.0,0,0,0,0.0
959,0,29,18.02,0.0,0,0,0,0.0
959,0,30,31.52,0.0,0,0,0,0.0
959,0,31,35.22,0.0,0,0,0,0.0
959,1,0,20.0,43550.5,1,325,0,2.914
959,1,1,22.2,2667584.0,332,0,0,3.973
959,1,2,24.66,240182.0,21,334,0,3.211
959,1,3,21.54,2675092.0,331,0,0,3.989
959,1,4,33.76,1164.0,0,366,0,2.385
959,1,5,23.71,2782099.0,352,0,0,3.965
959,1,6,10.08,2312809.7,288,33,0,3.519
959,1,7,5.47,2818697.0,353,0,0,3.957
959,1,8,9.6,2942554.0,368,0,0,3.966
959,1,9,21.73,41045.5,1,367,0,2.925
959,1,10,5.31,2744429.0,343,0,0,3.999
959,1,11,36.07,2659247.0,334,0,0,3.895
959,1,12,20.46,1023.3,0,328,0,2.944
959,1,13,34.32,2755318.2,338,1,1,3.766
959,1,14,8.58,2879561.0,353,0,0,3.943
959,1,15,13.3,2471263.9,306,20,0,3.588
959,1,16,27.7,2658893.0,325,0,0,3.989
959,1,17,12.23,2912538.0,361,0,0,3.913
959,1,18,16.83,2272576.6,264,70,0,3.416
959,1,19,38.02,435349.3,33,307,0,3.193
959,1,20,37.85,2787150.0,343,0,0,3.976
959,1,21,8.07,2362980.1,278,55,0,3.511
959,1,22,27.42,2555389.0,319,0,0,3.918
959,1,23,29.83,999256.7,106,226,0,3.346
959,1,24,36.07,7016.3,0,385,0,2.618
959,1,25,17.54,224278.2,13,352,0,3.17
959,1,26,27.33,2992612.0,376,0,0,3.98
959,1,27,37.84,0.0,0,0,0,0.0
959,1,28,36.11,0.0,0,0,0,0.0
959,1,29,28.09,0.0,0,0,0,0.0
959,1,30,27.63,0.0,0,0,0,0.0
959,1,31,24.51,0.0,0,0,0,0.0
959,2,0,7.74,430.5,0,231,0,3.5
959,2,1,8.87,1759667.5,219,1,0,3.673
959,2,2,26.78,187051.3,13,224,0,3.128
959,2,3,17.07,1645906.0,203,0,0,3.855
959,2,4,20.49,1732449.0,219,0,0,3.966
959,2,5,18.4,449.6,0,219,0,2.0
959,2,6,16.21,1996985.0,243,0,0,3.998
959,2,7,28.9,1714095.4,212,8,0,3.652
959,2,8,15.49,1452233.9,180,46,0,3.523
959,2,9,34.34,559274.3,52,197,0,3.232
959,2,10,38.11,1768868.8,220,2,0,3.706
959,2,11,16.92,199782.4,14,204,0,3.083
959,2,12,10.26,1835399.0,231,0,0,3.988
959,2,13,21.54,2009744.7,252,3,0,3.692
959,2,14,19.74,1865008.9,233,2,0,3.732
959,2,15,32.07,1952120.5,246,8,0,3.558
959,2,16,36.08,1909727.0,229,0,0,3.971
959,2,17,28.98,1659312.0,215,0,0,3.983
959,2,18,8.04,1859217.0,231,0,0,3.974
959,2,19,33.29,1857932.5,229,5,0,3.66
959,2,20,17.79,10687.8,0,239,0,2.306
959,2,21,16.53,1666455.8,202,8,0,3.532
959,2,22,23.07,1707571.0,213,0,0,3.972
959,2,23,23.06,1667660.0,213,0,0,3.948
959,2,24,30.02,917637.0,95,136,0,3.402
959,2,25,18.79,7371.5,0,212,0,2.786
959,2,26,16.66,1821386.5,211,22,0,3.524
959,2,27,27.9,1594050.0,201,0,0,3.973
959,2,28,14.65,1284750.7,156,82,0,3.419
959,2,29,36.0,1660549.0,210,1,0,3.943
959,2,30,34.95,0.0,0,0,0,0.0
959,2,31,15.56,0.0,0,0,0,0.0
969,0,0,7.31,173017.8,5,413,0,1.832
969,0,1,29.18,0.0,0,404,0,0.0
969,0,2,26.27,3112281.0,398,0,0,3.931
969,0,3,19.12,3216249.0,405,0,0,3.948
969,0,4,15.72,39162.6,0,401,0,1.804
969,0,5,15.24,3398298.0,417,0,0,3.866
969,0,6,31.03,17825.8,0,405,0,1.722
969,0,7,39.17,3511628.0,427,0,0,3.874
969,0,8,35.65,789263.2,69,349,0,2.076
969,0,9,14.73,3243913.0,413,3,0,3.639
969,0,10,34.02,16622.4,0,414,0,1.573
969,0,11,10.86,3336915.0,412,1,0,3.776
969,0,12,13.55,2948982.0,371,0,0,3.922
969,0,13,19.72,492124.1,36,331,0,2.031
969,0,14,30.6,3271574.8,406,1,0,3.94
969,0,15,28.59,3009347.0,378,0,0,3.486
969,0,16,28.24,0.0,0,415,0,0.0
969,0,17,31.34,3260371.0,399,0,0,2.894
969,0,18,36.47,3191098.0,402,0,0,3.117
969,0,19,5.84,1554.2,0,412,0,2.87
969,0,20,17.27,3146635.0,406,0,0,3.97
969,0,21,22.59,3547478.6,441,5,0,3.615
969,0,22,29.89,41645.7,0,406,1,1.731
969,0,23,15.03,28526.9,0,401,1,1.896
969,0,24,29.93,0.0,0,0,0,0.0
969,0,25,15.88,0.0,0,0,0,0.0
969,0,26,12.33,0.0,0,0,0,0.0
969,0,27,23.22,0.0,0,0,0,0.0
969,0,28,22.59,0.0,0,0,0,0.0
969,0,29,18.02,0.0,0,0,0,0.0
969,0,30,31.52,0.0,0,0,0,0.0
969,0,31,35.22,0.0,0,0,0,0.0
969,1,0,20.0,44742.2,2,324,0,2.949
969,1,1,22.2,2667584.0,332,0,0,3.98
969,1,2,24.66,268425.1,23,332,0,3.245
969,1,3,21.54,2675092.0,331,0,0,3.983
969,1,4,33.76,642.3,0,366,0,2.889
969,1,5,23.71,2782099.0,352,0,0,3.965
969,1,6,10.08,2310377.4,287,34,0,3.534
969,1,7,5.47,2818697.0,353,0,0,3.961
969,1,8,9.6,2942554.0,368,0,0,3.979
969,1,9,21.73,39792.4,1,367,0,3.071
969,1,10,5.31,2744429.0,343,0,0,3.999
969,1,11,36.07,2659247.0,334,0,0,3.908
969,1,12,20.46,1001.5,0,328,0,3.263
969,1,13,34.32,2753688.4,337,2,1,3.782
969,1,14,8.58,2879561.0,353,0,0,3.959
969,1,15,13.3,2469025.1,307,19,0,3.625
969,1,16,27.7,2658893.0,325,0,0,3.996
969,1,17,12.23,2912538.0,361,0,0,3.929
969,1,18,16.83,2254887.7,266,68,0,3.458
969,1,19,38.02,426585.9,29,311,0,3.244
969,1,20,37.85,2787150.0,343,0,0,3.979
969,1,21,8.07,2286071.8,272,61,0,3.54
969,1,22,27.42,2555389.0,319,0,0,3.923
969,1,23,29.83,1004997.9,102,229,0,3.364
969,1,24,36.07,7833.1,0,385,0,2.906
969,1,25,17.54,216963.8,15,350,0,3.23
969,1,26,27.33,2992612.0,376,0,0,3.988
969,1,27,37.84,0.0,0,0,0,0.0
969,1,28,36.11,0.0,0,0,0,0.0
969,1,29,28.09,0.0,0,0,0,0.0
969,1,30,27.63,0.0,0,0,0,0.0
969,1,31,24.51,0.0,0,0,0,0.0
969,2,0,7.74,620.7,0,231,0,3.273
969,2,1,8.87,1766283.0,220,0,0,3.73
969,2,2,26.78,197924.7,12,225,0,3.122
969,2,3,17.07,1645906.0,203,0,0,3.891
969,2,4,20.49,1732449.0,219,0,0,3.968
969,2,5,18.4,449.6,0,219,0,2.0
969,2,6,16.21,1996985.0,243,0,0,4.0
969,2,7,28.9,1704544.9,212,8,0,3.661
969,2,8,15.49,1441433.9,178,48,0,3.568
969,2,9,34.34,561069.3,55,194,0,3.28
969,2,10,38.11,1770425.7,220,2,0,3.73
969,2,11,16.92,213711.6,14,204,0,3.129
969,2,12,10.26,1826940.0,230,1,0,3.988
969,2,13,21.54,2009134.6,252,3,0,3.714
969,2,14,19.74,1865092.2,233,2,0,3.761
969,2,15,32.07,1955757.9,245,9,0,3.606
969,2,16,36.08,1909727.0,229,0,0,3.973
969,2,17,28.98,1659312.0,215,0,0,3.987
969,2,18,8.04,1859217.0,231,0,0,3.969
969,2,19,33.29,1839799.5,227,7,0,3.692
969,2,20,17.79,12044.5,0,239,0,2.362
969,2,21,16.53,1646725.7,200,10,0,3.599
969,2,22,23.07,1707571.0,213,0,0,3.972
969,2,23,23.06,1667660.0,213,0,0,3.962
969,2,24,30.02,914738.7,96,135,0,3.416
969,2,25,18.79,7284.8,0,212,0,2.719
969,2,26,16.66,1823727.0,212,21,0,3.557
969,2,27,27.9,1594050.0,201,0,0,3.973
969,2,28,14.65,1288732.1,152,86,0,3.488
969,2,29,36.0,1660837.9,210,1,0,3.966
969,2,30,34.95,0.0,0,0,0,0.0
969,2,31,15.56,0.0,0,0,0,0.0
979,0,0,7.31,176122.3,6,412,0,1.669
979,0,1,29.18,0.0,0,404,0,0.0
979,0,2,26.27,3112281.0,398,0,0,3.908
979,0,3,19.12,3216249.0,405,0,0,3.938
979,0,4,15.72,37913.4,0,400,1,1.59
979,0,5,15.24,3398298.0,417,0,0,3.836
979,0,6,31.03,17326.0,0,405,0,1.505
979,0,7,39.17,3511628.0,427,0,0,3.856
979,0,8,35.65,771350.4,64,354,0,1.945
979,0,9,14.73,3243971.8,413,3,0,3.579
979,0,10,34.02,17211.0,0,414,0,1.326
979,0,11,10.86,3330694.6,410,2,0,3.741
979,0,12,13.55,2948982.0,371,0,0,3.909
979,0,13,19.72,471354.8,35,332,0,1.852
979,0,14,30.6,3266704.2,405,1,0,3.936
979,0,15,28.59,3009347.0,378,0,0,3.431
979,0,16,28.24,0.0,0,415,0,0.0
979,0,17,31.34,3260371.0,399,0,0,2.796
979,0,18,36.47,3191098.0,402,0,0,3.022
979,0,19,5.84,1645.7,0,412,0,2.353
979,0,20,17.27,3141462.2,405,0,0,3.953
979,0,21,22.59,3539412.3,441,4,0,3.573
979,0,22,29.89,43921.5,0,406,1,1.433
979,0,23,15.03,29778.9,0,401,1,1.508
979,0,24,29.93,0.0,0,0,0,0.0
979,0,25,15.88,0.0,0,0,0,0.0
979,0,26,12.33,0.0,0,0,0,0.0
979,0,27,23.22,0.0,0,0,0,0.0
979,0,28,22.59,0.0,0,0,0,0.0
979,0,29,18.02,0.0,0,0,0,0.0
979,0,30,31.52,0.0,0,0,0,0.0
979,0,31,35.22,0.0,0,0,0,0.0
979,1,0,20.0,34488.7,1,325,0,2.808
979,1,1,22.2,2667584.0,332,0,0,3.963
979,1,2,24.66,227430.0,17,338,0,3.103
979,1,3,21.54,2675092.0,331,0,0,3.981
979,1,4,33.76,759.2,0,366,0,2.889
979,1,5,23.71,2782099.0,352,0,0,3.967
979,1,6,10.08,2321820.7,290,31,0,3.463
979,1,7,5.47,2818697.0,353,0,0,3.954
979,1,8,9.6,2942554.0,368,0,0,3.976
979,1,9,21.73,35811.8,1,367,0,3.026
979,1,10,5.31,2744429.0,343,0,0,3.999
979,1,11,36.07,2659247.0,334,0,0,3.869
979,1,12,20.46,1119.8,0,328,0,2.778
979,1,13,34.32,2748670.0,336,3,1,3.711
979,1,14,8.58,2879561.0,353,0,0,3.947
979,1,15,13.3,2455670.7,307,19,0,3.546
979,1,16,27.7,2658893.0,325,0,0,3.995
979,1,17,12.23,2912538.0,361,0,0,3.918
979,1,18,16.83,2270313.2,265,69,0,3.354
979,1,19,38.02,449438.2,32,308,0,3.077
979,1,20,37.85,2787150.0,343,0,0,3.965
979,1,21,8.07,2370372.2,283,50,0,3.464
979,1,22,27.42,2555389.0,319,0,0,3.912
979,1,23,29.83,1007484.0,100,231,0,3.29
979,1,24,36.07,6901.7,0,385,0,2.722
979,1,25,17.54,201120.1,17,348,0,3.104
979,1,26,27.33,2992612.0,376,0,0,3.978
979,1,27,37.84,0.0,0,0,0,0.0
979,1,28,36.11,0.0,0,0,0,0.0
979,1,29,28.09,0.0,0,0,0,0.0
979,1,30,27.63,0.0,0,0,0,0.0
979,1,31,24.51,0.0,0,0,0,0.0
979,2,0,7.74,478.7,0,231,0,3.0
979,2,1,8.87,1761459.8,219,1,0,3.666
979,2,2,26.78,183833.7,12,225,0,2.958
979,2,3,17.07,1645906.0,203,0,0,3.85
979,2,4,20.49,1732449.0,219,0,0,3.967
979,2,5,18.4,121.6,0,219,0,3.0
979,2,6,16.21,1996985.0,243,0,0,3.992
979,2,7,28.9,1710197.1,211,9,0,3.597
979,2,8,15.49,1421348.3,175,51,0,3.46
979,2,9,34.34,528745.2,46,203,0,3.204
979,2,10,38.11,1779892.1,221,1,0,3.688
979,2,11,16.92,204699.5,13,205,0,2.895
979,2,12,10.26,1830300.5,230,1,0,3.982
979,2,13,21.54,2018378.4,253,2,0,3.647
979,2,14,19.74,1859225.4,232,3,0,3.709
979,2,15,32.07,1959362.6,247,7,0,3.527
979,2,16,36.08,1909727.0,229,0,0,3.958
979,2,17,28.98,1659312.0,215,0,0,3.97
979,2,18,8.04,1859217.0,231,0,0,3.958
979,2,19,33.29,1855394.1,228,6,0,3.631
979,2,20,17.79,10070.5,0,239,0,1.875
979,2,21,16.53,1639041.8,200,10,0,3.537
979,2,22,23.07,1707571.0,213,0,0,3.974
979,2,23,23.06,1667660.0,213,0,0,3.941
979,2,24,30.02,903310.1,95,136,0,3.349
979,2,25,18.79,6396.1,0,212,0,2.489
979,2,26,16.66,1817560.2,214,19,0,3.484
979,2,27,27.9,1594050.0,201,0,0,3.969
979,2,28,14.65,1338166.7,163,75,0,3.407
979,2,29,36.0,1664498.0,210,1,0,3.945
979,2,30,34.95,0.0,0,0,0,0.0
979,2,31,15.56,0.0,0,0,0,0.0
989,0,0,7.31,176631.4,5,413,0,2.317
989,0,1,29.18,0.0,0,404,0,0.0
989,0,2,26.27,3112281.0,398,0,0,3.954
989,0,3,19.12,3216249.0,405,0,0,3.978
989,0,4,15.72,43322.4,0,400,1,2.286
989,0,5,15.24,3398298.0,417,0,0,3.916
989,0,6,31.03,20197.0,0,405,0,2.313
989,0,7,39.17,3511628.0,427,0,0,3.919
989,0,8,35.65,794455.7,56,362,0,2.448
989,0,9,14.73,3249257.5,414,2,0,3.742
989,0,10,34.02,18985.0,0,413,1,2.15
989,0,11,10.86,3336915.0,412,1,0,3.864
989,0,12,13.55,2948982.0,371,0,0,3.955
989,0,13,19.72,488483.0,31,336,0,2.433
989,0,14,30.6,3276533.0,407,0,0,3.973
989,0,15,28.59,3009347.0,378,0,0,3.637
989,0,16,28.24,0.0,0,415,0,0.0
989,0,17,31.34,3255400.7,397,2,0,3.136
989,0,18,36.47,3191098.0,402,0,0,3.3
989,0,19,5.84,1732.7,0,412,0,3.033
989,0,20,17.27,3146635.0,406,0,0,3.979
989,0,21,22.59,3529850.9,438,8,0,3.741
989,0,22,29.89,44086.1,0,406,1,2.262
989,0,23,15.03,32609.6,0,401,1,2.342
989,0,24,29.93,0.0,0,0,0,0.0
989,0,25,15.88,0.0,0,0,0,0.0
989,0,26,12.33,0.0,0,0,0,0.0
989,0,27,23.22,0.0,0,0,0,0.0
989,0,28,22.59,0.0,0,0,0,0.0
989,0,29,18.02,0.0,0,0,0,0.0
989,0,30,31.52,0.0,0,0,0,0.0
989,0,31,35.22,0.0,0,0,0,0.0
989,1,0,20.0,52796.2,0,326,0,3.404
989,1,1,22.2,2667584.0,332,0,0,3.989
989,1,2,24.66,239208.6,14,341,0,3.556
989,1,3,21.54,2675092.0,331,0,0,3.997
989,1,4,33.76,780.3,0,366,0,3.091
989,1,5,23.71,2782099.0,352,0,0,3.989
989,1,6,10.08,2337228.8,287,34,0,3.759
989,1,7,5.47,2818697.0,353,0,0,3.985
989,1,8,9.6,2942554.0,368,0,0,3.99
989,1,9,21.73,36502.3,0,368,0,3.434
989,1,10,5.31,2744429.0,343,0,0,4.0
989,1,11,36.07,2659247.0,334,0,0,3.953
989,1,12,20.46,1075.7,0,328,0,3.643
989,1,13,34.32,2753755.6,337,2,1,3.89
989,1,14,8.58,2879561.0,353,0,0,3.99
989,1,15,13.3,2461914.1,304,22,0,3.813
989,1,16,27.7,2658893.0,325,0,0,3.999
989,1,17,12.23,2912538.0,361,0,0,3.973
989,1,18,16.83,2163671.7,248,86,0,3.674
989,1,19,38.02,414911.2,28,312,0,3.518
989,1,20,37.85,2787150.0,343,0,0,3.992
989,1,21,8.07,2266684.5,268,65,0,3.745
989,1,22,27.42,2555389.0,319,0,0,3.97
989,1,23,29.83,1057227.6,102,230,0,3.593
989,1,24,36.07,8552.1,0,385,0,3.446
989,1,25,17.54,251828.7,12,353,0,3.507
989,1,26,27.33,2992612.0,376,0,0,3.996
989,1,27,37.84,0.0,0,0,0,0.0
989,1,28,36.11,0.0,0,0,0,0.0
989,1,29,28.09,0.0,0,0,0,0.0
989,1,30,27.63,0.0,0,0,0,0.0
989,1,31,24.51,0.0,0,0,0,0.0
989,2,0,7.74,378.8,0,231,0,3.909
989,2,1,8.87,1766283.0,220,0,0,3.871
989,2,2,26.78,209790.0,12,225,0,3.429
989,2,3,17.07,1645906.0,203,0,0,3.949
989,2,4,20.49,1732449.0,219,0,0,3.983
989,2,5,18.4,538.6,0,219,0,2.0
989,2,6,16.21,1996985.0,243,0,0,3.998
989,2,7,28.9,1719547.0,213,7,0,3.834
989,2,8,15.49,1427754.3,174,52,0,3.758
989,2,9,34.34,547771.0,49,200,0,3.515
989,2,10,38.11,1782569.1,221,1,0,3.852
989,2,11,16.92,206863.5,13,205,0,3.435
989,2,12,10.26,1826940.0,230,1,0,3.992
989,2,13,21.54,2022289.0,254,1,0,3.868
989,2,14,19.74,1862884.0,232,3,0,3.893
989,2,15,32.07,1954725.6,247,7,0,3.768
989,2,16,36.08,1909727.0,229,0,0,3.986
989,2,17,28.98,1659312.0,215,0,0,3.999
989,2,18,8.04,1859217.0,231,0,0,3.988
989,2,19,33.29,1845467.2,224,10,0,3.836
989,2,20,17.79,11218.4,0,239,0,2.951
989,2,21,16.53,1642546.6,199,11,0,3.784
989,2,22,23.07,1707571.0,213,0,0,3.986
989,2,23,23.06,1667660.0,213,0,0,3.984
989,2,24,30.02,914152.0,88,143,0,3.64
989,2,25,18.79,10499.7,0,212,0,3.245
989,2,26,16.66,1821385.8,214,19,0,3.756
989,2,27,27.9,1594050.0,201,0,0,3.992
989,2,28,14.65,1335041.3,152,86,0,3.678
989,2,29,36.0,1664476.6,210,1,0,3.986
989,2,30,34.95,0.0,0,0,0,0.0
989,2,31,15.56,0.0,0,0,0,0.0
999,0,0,7.31,175213.3,5,413,0,2.09
999,0,1,29.18,0.0,0,404,0,0.0
999,0,2,26.27,3112281.0,398,0,0,3.938
999,0,3,19.12,3216249.0,405,0,0,3.965
999,0,4,15.72,49542.0,0,400,1,1.979
999,0,5,15.24,3398298.0,417,0,0,3.891
999,0,6,31.03,19227.1,0,405,0,2.013
999,0,7,39.17,3511628.0,427,0,0,3.907
999,0,8,35.65,764437.4,63,355,0,2.274
999,0,9,14.73,3249653.3,414,2,0,3.694
999,0,10,34.02,18153.1,0,414,0,1.934
999,0,11,10.86,3336915.0,412,1,0,3.813
999,0,12,13.55,2948982.0,371,0,0,3.938
999,0,13,19.72,489662.2,32,335,0,2.25
999,0,14,30.6,3271574.8,406,1,0,3.964
999,0,15,28.59,3009347.0,378,0,0,3.571
999,0,16,28.24,0.0,0,415,0,0.0
999,0,17,31.34,3259588.8,398,1,0,3.017
999,0,18,36.47,3191098.0,402,0,0,3.202
999,0,19,5.84,2028.2,0,412,0,2.828
999,0,20,17.27,3146635.0,406,0,0,3.966
999,0,21,22.59,3525210.7,438,8,0,3.681
999,0,22,29.89,42613.5,0,406,1,2.035
999,0,23,15.03,31152.3,0,401,1,2.05
999,0,24,29.93,0.0,0,0,0,0.0
999,0,25,15.88,0.0,0,0,0,0.0
999,0,26,12.33,0.0,0,0,0,0.0
999,0,27,23.22,0.0,0,0,0,0.0
999,0,28,22.59,0.0,0,0,0,0.0
999,0,29,18.02,0.0,0,0,0,0.0
999,0,30,31.52,0.0,0,0,0,0.0
999,0,31,35.22,0.0,0,0,0,0.0
999,1,0,20.0,47858.8,1,325,0,3.283
999,1,1,22.2,2667584.0,332,0,0,3.977
999,1,2,24.66,228282.1,16,339,0,3.394
999,1,3,21.54,2675092.0,331,0,0,3.996
999,1,4,33.76,811.7,0,366,0,3.25
999,1,5,23.71,2782099.0,352,0,0,3.985
999,1,6,10.08,2363188.8,289,32,0,3.672
999,1,7,5.47,2818697.0,353,0,0,3.976
999,1,8,9.6,2942554.0,368,0,0,3.98
999,1,9,21.73,41046.7,1,367,0,3.238
999,1,10,5.31,2744429.0,343,0,0,4.0
999,1,11,36.07,2659247.0,334,0,0,3.943
999,1,12,20.46,1052.7,0,328,0,3.37
999,1,13,34.32,2755279.6,337,2,1,3.851
999,1,14,8.58,2879561.0,353,0,0,3.978
999,1,15,13.3,2466137.2,305,21,0,3.751
999,1,16,27.7,2658893.0,325,0,0,3.998
999,1,17,12.23,2912538.0,361,0,0,3.97
999,1,18,16.83,2251883.4,260,74,0,3.586
999,1,19,38.02,410938.6,25,315,0,3.383
999,1,20,37.85,2787150.0,343,0,0,3.99
999,1,21,8.07,2302238.3,271,62,0,3.671
999,1,22,27.42,2555389.0,319,0,0,3.945
999,1,23,29.83,1000599.8,99,232,0,3.528
999,1,24,36.07,8663.3,0,385,0,3.011
999,1,25,17.54,232674.6,15,350,0,3.406
999,1,26,27.33,2992612.0,376,0,0,3.995
999,1,27,37.84,0.0,0,0,0,0.0
999,1,28,36.11,0.0,0,0,0,0.0
999,1,29,28.09,0.0,0,0,0,0.0
999,1,30,27.63,0.0,0,0,0,0.0
999,1,31,24.51,0.0,0,0,0,0.0
999,2,0,7.74,242.5,0,231,0,3.5
999,2,1,8.87,1766283.0,220,0,0,3.804
999,2,2,26.78,193151.6,13,224,0,3.297
999,2,3,17.07,1645906.0,203,0,0,3.928
999,2,4,20.49,1732449.0,219,0,0,3.975
999,2,5,18.4,449.6,0,219,0,2.0
999,2,6,16.21,1996985.0,243,0,0,3.998
999,2,7,28.9,1722086.3,214,6,0,3.774
999,2,8,15.49,1435525.2,177,49,0,3.687
999,2,9,34.34,548033.4,50,199,0,3.416
999,2,10,38.11,1787076.0,222,0,0,3.821
999,2,11,16.92,208956.2,14,204,0,3.299
999,2,12,10.26,1835399.0,231,0,0,3.992
999,2,13,21.54,2019111.4,253,2,0,3.808
999,2,14,19.74,1861488.1,233,2,0,3.841
999,2,15,32.07,1948240.5,247,7,0,3.694
999,2,16,36.08,1909727.0,229,0,0,3.982
999,2,17,28.98,1659312.0,215,0,0,3.999
999,2,18,8.04,1859217.0,231,0,0,3.976
999,2,19,33.29,1842516.5,225,9,0,3.779
999,2,20,17.79,11226.3,0,239,0,2.779
999,2,21,16.53,1646600.4,200,10,0,3.738
999,2,22,23.07,1707571.0,213,0,0,3.98
999,2,23,23.06,1667660.0,213,0,0,3.971
999,2,24,30.02,884757.3,89,142,0,3.562
999,2,25,18.79,11389.1,0,212,0,3.142
999,2,26,16.66,1817946.4,212,21,0,3.679
999,2,27,27.9,1594050.0,201,0,0,3.981
999,2,28,14.65,1377275.8,158,80,0,3.592
999,2,29,36.0,1660723.9,210,1,0,3.978
999,2,30,34.95,0.0,0,0,0,0.0
999,2,31,15.56,0.0,0,0,0,0.0
1009,0,0,7.31,187438.4,6,412,0,2.344
1009,0,1,29.18,0.0,0,404,0,0.0
1009,0,2,26.27,3112281.0,398,0,0,3.954
1009,0,3,19.12,3216249.0,405,0,0,3.974
1009,0,4,15.72,51018.3,0,401,0,2.243
1009,0,5,15.24,3398298.0,417,0,0,3.916
1009,0,6,31.03,20280.8,0,405,0,2.267
1009,0,7,39.17,3511628.0,427,0,0,3.928
1009,0,8,35.65,757847.2,59,359,0,2.45
1009,0,9,14.73,3243722.3,413,3,0,3.751
1009,0,10,34.02,19967.4,0,413,1,2.205
1009,0,11,10.86,3330513.0,411,1,0,3.848
1009,0,12,13.55,2948982.0,371,0,0,3.957
1009,0,13,19.72,458751.3,27,340,0,2.479
1009,0,14,30.6,3276533.0,407,0,0,3.972
1009,0,15,28.59,3009347.0,378,0,0,3.64
1009,0,16,28.24,0.0,0,415,0,0.0
1009,0,17,31.34,3259699.2,398,1,0,3.125
1009,0,18,36.47,3191098.0,402,0,0,3.278
1009,0,19,5.84,2478.6,0,412,0,2.865
1009,0,20,17.27,3146635.0,406,0,0,3.985
1009,0,21,22.59,3542504.5,440,6,0,3.723
1009,0,22,29.89,45529.5,0,406,1,2.245
1009,0,23,15.03,33078.7,0,402,0,2.301
1009,0,24,29.93,0.0,0,0,0,0.0
1009,0,25,15.88,0.0,0,0,0,0.0
1009,0,26,12.33,0.0,0,0,0,0.0
1009,0,27,23.22,0.0,0,0,0,0.0
1009,0,28,22.59,0.0,0,0,0,0.0
1009,0,29,18.02,0.0,0,0,0,0.0
1009,0,30,31.52,0.0,0,0,0,0.0
1009,0,31,35.22,0.0,0,0,0,0.0
1009,1,0,20.0,56687.0,2,324,0,3.426
1009,1,1,22.2,2667584.0,332,0,0,3.987
1009,1,2,24.66,255973.9,16,339,0,3.486
1009,1,3,21.54,2675092.0,331,0,0,3.994
1009,1,4,33.76,987.1,0,366,0,3.0
1009,1,5,23.71,2782099.0,352,0,0,3.983
1009,1,6,10.08,2329752.6,290,31,0,3.75
1009,1,7,5.47,2818697.0,353,0,0,3.983
1009,1,8,9.6,2942554.0,368,0,0,3.999
1009,1,9,21.73,39005.1,1,367,0,3.44
1009,1,10,5.31,2744429.0,343,0,0,4.0
1009,1,11,36.07,2659247.0,334,0,0,3.95
1009,1,12,20.46,1316.1,0,328,0,3.588
1009,1,13,34.32,2750844.4,336,3,1,3.899
1009,1,14,8.58,2879561.0,353,0,0,3.987
1009,1,15,13.3,2452075.9,302,23,0,3.792
1009,1,16,27.7,2658893.0,325,0,0,3.999
1009,1,17,12.23,2912538.0,361,0,0,3.976
1009,1,18,16.83,2167934.7,249,85,0,3.664
1009,1,19,38.02,404303.0,27,313,0,3.518
1009,1,20,37.85,2787150.0,343,0,0,3.995
1009,1,21,8.07,2247361.4,271,62,0,3.737
1009,1,22,27.42,2555389.0,319,0,0,3.962
1009,1,23,29.83,1045013.1,100,232,0,3.598
1009,1,24,36.07,9246.7,0,385,0,3.358
1009,1,25,17.54,255421.2,15,350,0,3.507
1009,1,26,27.33,2992612.0,376,0,0,3.999
1009,1,27,37.84,0.0,0,0,0,0.0
1009,1,28,36.11,0.0,0,0,0,0.0
1009,1,29,28.09,0.0,0,0,0,0.0
1009,1,30,27.63,0.0,0,0,0,0.0
1009,1,31,24.51,0.0,0,0,0,0.0
1009,2,0,7.74,410.7,0,231,0,3.444
1009,2,1,8.87,1758496.0,219,1,0,3.836
1009,2,2,26.78,211582.7,12,225,0,3.38
1009,2,3,17.07,1645906.0,203,0,0,3.949
1009,2,4,20.49,1732449.0,219,0,0,3.977
1009,2,5,18.4,730.5,0,219,0,1.8
1009,2,6,16.21,1996985.0,243,0,0,4.0
1009,2,7,28.9,1712899.8,213,7,0,3.81
1009,2,8,15.49,1443312.3,180,46,0,3.743
1009,2,9,34.34,558939.7,47,202,0,3.508
1009,2,10,38.11,1767810.0,220,2,0,3.835
1009,2,11,16.92,214629.0,12,206,0,3.423
1009,2,12,10.26,1826940.0,230,1,0,3.992
1009,2,13,21.54,2022289.0,254,1,0,3.842
1009,2,14,19.74,1853742.9,232,3,0,3.889
1009,2,15,32.07,1946223.8,244,10,0,3.748
1009,2,16,36.08,1909727.0,229,0,0,3.987
1009,2,17,28.98,1659312.0,215,0,0,4.0
1009,2,18,8.04,1859217.0,231,0,0,3.984
1009,2,19,33.29,1853301.5,229,5,0,3.817
1009,2,20,17.79,11007.8,0,239,0,3.168
1009,2,21,16.53,1644457.0,199,11,0,3.763
1009,2,22,23.07,1707571.0,213,0,0,3.986
1009,2,23,23.06,1667660.0,213,0,0,3.981
1009,2,24,30.02,878782.9,82,149,0,3.629
1009,2,25,18.79,10360.7,0,212,0,3.278
1009,2,26,16.66,1812130.5,212,21,0,3.749
1009,2,27,27.9,1594050.0,201,0,0,3.98
1009,2,28,14.65,1329351.6,151,87,0,3.661
1009,2,29,36.0,1660410.2,209,2,0,3.979
1009,2,30,34.95,0.0,0,0,0,0.0
1009,2,31,15.56,0.0,0,0,0,0.0
1019,0,0,7.31,162870.0,5,413,0,2.065
1019,0,1,29.18,0.0,0,404,0,0.0
1019,0,2,26.27,3112281.0,398,0,0,3.934
1019,0,3,19.12,3216249.0,405,0,0,3.963
1019,0,4,15.72,48301.6,0,400,1,1.949
1019,0,5,15.24,3398298.0,417,0,0,3.87
1019,0,6,31.03,21144.7,0,405,0,1.761
1019,0,7,39.17,3511628.0,427,0,0,3.892
1019,0,8,35.65,776588.5,63,355,0,2.201
1019,0,9,14.73,3236749.0,412,4,0,3.687
1019,0,10,34.02,22769.9,0,414,0,1.818
1019,0,11,10.86,3332764.2,411,1,0,3.796
1019,0,12,13.55,2948982.0,371,0,0,3.944
1019,0,13,19.72,478803.0,32,335,0,2.217
1019,0,14,30.6,3266704.2,405,1,0,3.965
1019,0,15,28.59,3009347.0,378,0,0,3.547
1019,0,16,28.24,0.0,0,415,0,0.0
1019,0,17,31.34,3260371.0,399,0,0,2.965
1019,0,18,36.47,3191098.0,402,0,0,3.167
1019,0,19,5.84,2030.7,0,412,0,2.5
1019,0,20,17.27,3141462.2,405,0,0,3.962
1019,0,21,22.59,3529772.0,437,9,0,3.642
1019,0,22,29.89,40815.1,0,406,1,1.913
1019,0,23,15.03,28408.8,0,401,1,1.97
1019,0,24,29.93,0.0,0,0,0,0.0
1019,0,25,15.88,0.0,0,0,0,0.0
1019,0,26,12.33,0.0,0,0,0,0.0
1019,0,27,23.22,0.0,0,0,0,0.0
1019,0,28,22.59,0.0,0,0,0,0.0
1019,0,29,18.02,0.0,0,0,0,0.0
1019,0,30,31.52,0.0,0,0,0,0.0
1019,0,31,35.22,0.0,0,0,0,0.0
1019,1,0,20.0,58327.5,2,324,0,3.123
1019,1,1,22.2,2667584.0,332,0,0,3.977
1019,1,2,24.66,229749.2,19,336,0,3.325
1019,1,3,21.54,2675092.0,331,0,0,3.994
1019,1,4,33.76,948.6,0,366,0,2.846
1019,1,5,23.71,2782099.0,352,0,0,3.98
1019,1,6,10.08,2342584.7,292,29,0,3.639
1019,1,7,5.47,2818697.0,353,0,0,3.971
1019,1,8,9.6,2942554.0,368,0,0,3.987
1019,1,9,21.73,43024.6,1,367,0,3.123
1019,1,10,5.31,2744429.0,343,0,0,4.0
1019,1,11,36.07,2659247.0,334,0,0,3.922
1019,1,12,20.46,910.0,0,328,0,3.333
1019,1,13,34.32,2751291.3,337,2,1,3.815
1019,1,14,8.58,2879561.0,353,0,0,3.972
1019,1,15,13.3,2480016.4,308,18,0,3.707
1019,1,16,27.7,2658893.0,325,0,0,3.999
1019,1,17,12.23,2912538.0,361,0,0,3.968
1019,1,18,16.83,2231536.1,260,74,0,3.537
1019,1,19,38.02,418618.7,29,311,0,3.325
1019,1,20,37.85,2787150.0,343,0,0,3.991
1019,1,21,8.07,2299919.2,277,56,0,3.62
1019,1,22,27.42,2555389.0,319,0,0,3.948
1019,1,23,29.83,1027697.2,105,227,0,3.443
1019,1,24,36.07,7156.6,0,385,0,3.247
1019,1,25,17.54,238132.0,15,350,0,3.346
1019,1,26,27.33,2992612.0,376,0,0,3.993
1019,1,27,37.84,0.0,0,0,0,0.0
1019,1,28,36.11,0.0,0,0,0,0.0
1019,1,29,28.09,0.0,0,0,0,0.0
1019,1,30,27.63,0.0,0,0,0,0.0
1019,1,31,24.51,0.0,0,0,0,0.0
1019,2,0,7.74,341.8,0,231,0,3.625
1019,2,1,8.87,1766283.0,220,0,0,3.782
1019,2,2,26.78,221780.1,14,224,0,3.224
1019,2,3,17.07,1645906.0,203,0,0,3.912
1019,2,4,20.49,1732449.0,219,0,0,3.983
1019,2,5,18.4,416.0,0,219,0,1.0
1019,2,6,16.21,1996985.0,243,0,0,3.996
1019,2,7,28.9,1714182.8,213,7,0,3.732
1019,2,8,15.49,1446540.0,182,44,0,3.631
1019,2,9,34.34,553368.6,45,204,0,3.368
1019,2,10,38.11,1769412.9,220,2,0,3.775
1019,2,11,16.92,211519.5,14,204,0,3.19
1019,2,12,10.26,1835399.0,231,0,0,3.994
1019,2,13,21.54,2022268.0,253,2,0,3.774
1019,2,14,19.74,1863266.6,233,2,0,3.828
1019,2,15,32.07,1956032.5,246,8,0,3.654
1019,2,16,36.08,1909727.0,229,0,0,3.981
1019,2,17,28.98,1659312.0,215,0,0,3.993
1019,2,18,8.04,1859217.0,231,0,0,3.983
1019,2,19,33.29,1845470.3,228,6,0,3.771
1019,2,20,17.79,11155.2,0,239,0,2.672
1019,2,21,16.53,1645211.9,201,9,0,3.688
1019,2,22,23.07,1707571.0,213,0,0,3.984
1019,2,23,23.06,1667660.0,213,0,0,3.971
1019,2,24,30.02,883389.2,90,141,0,3.504
1019,2,25,18.79,9682.4,0,212,0,2.916
1019,2,26,16.66,1797512.1,208,25,0,3.657
1019,2,27,27.9,1594050.0,201,0,0,3.98
1019,2,28,14.65,1340147.3,155,83,0,3.569
1019,2,29,36.0,1660410.2,209,2,0,3.971
1019,2,30,34.95,0.0,0,0,0,0.0
1019,2,31,15.56,0.0,0,0,0,0.0
1029,0,0,7.31,173173.1,6,412,0,1.93
1029,0,1,29.18,0.0,0,404,0,0.0
1029,0,2,26.27,3112281.0,398,0,0,3.92
1029,0,3,19.12,3216249.0,405,0,0,3.954
1029,0,4,15.72,47787.2,0,400,1,1.857
1029,0,5,15.24,3398298.0,417,0,0,3.861
1029,0,6,31.03,20107.2,0,404,1,1.577
1029,0,7,39.17,3511628.0,427,0,0,3.882
1029,0,8,35.65,722865.9,64,354,0,2.127
1029,0,9,14.73,3243645.5,413,3,0,3.662
1029,0,10,34.02,22148.5,0,414,0,1.739
1029,0,11,10.86,3332764.2,411,1,0,3.771
1029,0,12,13.55,2948982.0,371,0,0,3.936
1029,0,13,19.72,498032.8,37,330,0,2.134
1029,0,14,30.6,3266704.2,405,1,0,3.946
1029,0,15,28.59,3009347.0,378,0,0,3.497
1029,0,16,28.24,0.0,0,415,0,0.0
1029,0,17,31.34,3260371.0,399,0,0,2.892
1029,0,18,36.47,3191098.0,402,0,0,3.113
1029,0,19,5.84,1810.8,0,412,0,2.5
1029,0,20,17.27,3141462.2,405,0,0,3.958
1029,0,21,22.59,3526567.8,437,9,0,3.617
1029,0,22,29.89,43310.2,0,407,0,1.753
1029,0,23,15.03,30413.7,0,401,1,1.817
1029,0,24,29.93,0.0,0,0,0,0.0
1029,0,25,15.88,0.0,0,0,0,0.0
1029,0,26,12.33,0.0,0,0,0,0.0
1029,0,27,23.22,0.0,0,0,0,0.0
1029,0,28,22.59,0.0,0,0,0,0.0
1029,0,29,18.02,0.0,0,0,0,0.0
1029,0,30,31.52,0.0,0,0,0,0.0
1029,0,31,35.22,0.0,0,0,0,0.0
1029,1,0,20.0,51392.4,2,324,0,3.127
1029,1,1,22.2,2667584.0,332,0,0,3.976
1029,1,2,24.66,231583.9,18,337,0,3.272
1029,1,3,21.54,2675092.0,331,0,0,3.992
1029,1,4,33.76,690.3,0,366,0,3.0
1029,1,5,23.71,2782099.0,352,0,0,3.976
1029,1,6,10.08,2359523.4,294,27,0,3.587
1029,1,7,5.47,2818697.0,353,0,0,3.961
1029,1,8,9.6,2942554.0,368,0,0,3.985
1029,1,9,21.73,38622.6,0,368,0,3.136
1029,1,10,5.31,2744429.0,343,0,0,3.999
1029,1,11,36.07,2659247.0,334,0,0,3.904
1029,1,12,20.46,778.7,0,328,0,3.368
1029,1,13,34.32,2751425.0,337,2,1,3.79
1029,1,14,8.58,2879561.0,353,0,0,3.957
1029,1,15,13.3,2462451.5,305,21,0,3.649
1029,1,16,27.7,2658893.0,325,0,0,3.989
1029,1,17,12.23,2912538.0,361,0,0,3.955
1029,1,18,16.83,2250640.3,260,74,0,3.498
1029,1,19,38.02,410640.3,28,312,0,3.242
1029,1,20,37.85,2787150.0,343,0,0,3.981
1029,1,21,8.07,2330774.7,277,56,0,3.582
1029,1,22,27.42,2555389.0,319,0,0,3.941
1029,1,23,29.83,995301.3,100,231,0,3.397
1029,1,24,36.07,8666.4,0,385,0,2.987
1029,1,25,17.54,213444.5,14,351,0,3.323
1029,1,26,27.33,2992612.0,376,0,0,3.988
1029,1,27,37.84,0.0,0,0,0,0.0
1029,1,28,36.11,0.0,0,0,0,0.0
1029,1,29,28.09,0.0,0,0,0,0.0
1029,1,30,27.63,0.0,0,0,0,0.0
1029,1,31,24.51,0.0,0,0,0,0.0
1029,2,0,7.74,285.8,0,231,0,3.333
1029,2,1,8.87,1766283.0,220,0,0,3.774
1029,2,2,26.78,214657.0,19,218,0,3.195
1029,2,3,17.07,1645906.0,203,0,0,3.902
1029,2,4,20.49,1732449.0,219,0,0,3.972
1029,2,5,18.4,416.0,0,219,0,1.0
1029,2,6,16.21,1996985.0,243,0,0,4.0
1029,2,7,28.9,1700799.5,211,9,0,3.713
1029,2,8,15.49,1442110.9,177,49,0,3.594
1029,2,9,34.34,525337.2,46,203,0,3.322
1029,2,10,38.11,1775202.9,220,2,0,3.762
1029,2,11,16.92,218877.5,16,202,0,3.171
1029,2,12,10.26,1835399.0,231,0,0,3.992
1029,2,13,21.54,2017270.3,252,3,0,3.747
1029,2,14,19.74,1865583.8,233,2,0,3.808
1029,2,15,32.07,1956563.0,247,7,0,3.617
1029,2,16,36.08,1909727.0,229,0,0,3.97
1029,2,17,28.98,1659312.0,215,0,0,3.989
1029,2,18,8.04,1859217.0,231,0,0,3.973
1029,2,19,33.29,1840469.6,226,8,0,3.742
1029,2,20,17.79,8050.2,0,239,0,2.836
1029,2,21,16.53,1650534.0,199,11,0,3.645
1029,2,22,23.07,1707571.0,213,0,0,3.982
1029,2,23,23.06,1667660.0,213,0,0,3.976
1029,2,24,30.02,870322.0,88,143,0,3.476
1029,2,25,18.79,9778.4,0,212,0,2.862
1029,2,26,16.66,1809378.3,211,22,0,3.618
1029,2,27,27.9,1594050.0,201,0,0,3.982
1029,2,28,14.65,1329098.6,156,82,0,3.517
1029,2,29,36.0,1656703.1,209,2,0,3.971
1029,2,30,34.95,0.0,0,0,0,0.0
1029,2,31,15.56,0.0,0,0,0,0.0
1039,0,0,7.31,167155.5,7,411,0,1.978
1039,0,1,29.18,0.0,0,404,0,0.0
1039,0,2,26.27,3112281.0,398,0,0,3.926
1039,0,3,19.12,3216249.0,405,0,0,3.955
1039,0,4,15.72,42703.4,0,401,0,1.823
1039,0,5,15.24,3398298.0,417,0,0,3.868
1039,0,6,31.03,20460.2,0,405,0,1.638
1039,0,7,39.17,3511628.0,427,0,0,3.878
1039,0,8,35.65,720691.1,59,359,0,2.131
1039,0,9,14.73,3246108.0,413,3,0,3.666
1039,0,10,34.02,21509.6,0,414,0,1.692
1039,0,11,10.86,3332780.5,411,1,0,3.783
1039,0,12,13.55,2948982.0,371,0,0,3.938
1039,0,13,19.72,530837.3,39,328,0,2.118
1039,0,14,30.6,3271662.6,406,0,0,3.954
1039,0,15,28.59,3009347.0,378,0,0,3.522
1039,0,16,28.24,0.0,0,415,0,0.0
1039,0,17,31.34,3260371.0,399,0,0,2.905
1039,0,18,36.47,3191098.0,402,0,0,3.11
1039,0,19,5.84,1940.2,0,412,0,2.708
1039,0,20,17.27,3146635.0,406,0,0,3.96
1039,0,21,22.59,3519491.0,436,10,0,3.607
1039,0,22,29.89,42515.0,0,406,1,1.74
1039,0,23,15.03,28927.3,0,401,1,1.818
1039,0,24,29.93,0.0,0,0,0,0.0
1039,0,25,15.88,0.0,0,0,0,0.0
1039,0,26,12.33,0.0,0,0,0,0.0
1039,0,27,23.22,0.0,0,0,0,0.0
1039,0,28,22.59,0.0,0,0,0,0.0
1039,0,29,18.02,0.0,0,0,0,0.0
1039,0,30,31.52,0.0,0,0,0,0.0
1039,0,31,35.22,0.0,0,0,0,0.0
1039,1,0,20.0,54932.7,2,324,0,3.063
1039,1,1,22.2,2667584.0,332,0,0,3.974
1039,1,2,24.66,236348.1,19,336,0,3.272
1039,1,3,21.54,2675092.0,331,0,0,3.996
1039,1,4,33.76,667.5,0,366,0,2.875
1039,1,5,23.71,2782099.0,352,0,0,3.97
1039,1,6,10.08,2339403.7,291,30,0,3.589
1039,1,7,5.47,2818697.0,353,0,0,3.969
1039,1,8,9.6,2942554.0,368,0,0,3.989
1039,1,9,21.73,32646.9,0,368,0,3.206
1039,1,10,5.31,2744429.0,343,0,0,4.0
1039,1,11,36.07,2659247.0,334,0,0,3.919
1039,1,12,20.46,783.6,0,328,0,3.0
1039,1,13,34.32,2756705.5,338,1,1,3.781
1039,1,14,8.58,2879561.0,353,0,0,3.977
1039,1,15,13.3,2464335.3,309,17,0,3.645
1039,1,16,27.7,2658893.0,325,0,0,3.995
1039,1,17,12.23,2912538.0,361,0,0,3.95
1039,1,18,16.83,2272685.9,261,73,0,3.487
1039,1,19,38.02,395198.0,33,307,0,3.268
1039,1,20,37.85,2787150.0,343,0,0,3.979
1039,1,21,8.07,2313198.5,278,55,0,3.571
1039,1,22,27.42,2555389.0,319,0,0,3.938
1039,1,23,29.83,989469.2,108,224,0,3.377
1039,1,24,36.07,7165.9,0,385,0,3.07
1039,1,25,17.54,247888.4,18,347,0,3.268
1039,1,26,27.33,2992612.0,376,0,0,3.991
1039,1,27,37.84,0.0,0,0,0,0.0
1039,1,28,36.11,0.0,0,0,0,0.0
1039,1,29,28.09,0.0,0,0,0,0.0
1039,1,30,27.63,0.0,0,0,0,0.0
1039,1,31,24.51,0.0,0,0,0,0.0
1039,2,0,7.74,213.8,0,231,0,3.6
1039,2,1,8.87,1763797.7,219,1,0,3.764
1039,2,2,26.78,211100.7,15,222,0,3.147
1039,2,3,17.07,1645906.0,203,0,0,3.896
1039,2,4,20.49,1732449.0,219,0,0,3.979
1039,2,5,18.4,624.0,0,219,0,1.0
1039,2,6,16.21,1996985.0,243,0,0,3.998
1039,2,7,28.9,1701542.3,213,7,0,3.712
1039,2,8,15.49,1468403.9,184,42,0,3.611
1039,2,9,34.34,516026.5,47,201,1,3.348
1039,2,10,38.11,1778524.3,220,2,0,3.773
1039,2,11,16.92,210602.3,13,205,0,3.182
1039,2,12,10.26,1835399.0,231,0,0,3.99
1039,2,13,21.54,2021917.7,253,2,0,3.747
1039,2,14,19.74,1863131.7,232,3,0,3.796
1039,2,15,32.07,1958230.7,248,6,0,3.629
1039,2,16,36.08,1909727.0,229,0,0,3.979
1039,2,17,28.98,1659312.0,215,0,0,3.99
1039,2,18,8.04,1859217.0,231,0,0,3.98
1039,2,19,33.29,1857967.9,228,6,0,3.738
1039,2,20,17.79,10360.0,0,239,0,2.697
1039,2,21,16.53,1649813.4,200,10,0,3.646
1039,2,22,23.07,1707571.0,213,0,0,3.982
1039,2,23,23.06,1667660.0,213,0,0,3.959
1039,2,24,30.02,843267.7,86,145,0,3.463
1039,2,25,18.79,11199.8,0,212,0,2.789
1039,2,26,16.66,1821787.4,211,22,0,3.624
1039,2,27,27.9,1594050.0,201,0,0,3.975
1039,2,28,14.65,1348196.7,157,81,0,3.516
1039,2,29,36.0,1660800.3,210,1,0,3.971
1039,2,30,34.95,0.0,0,0,0,0.0
1039,2,31,15.56,0.0,0,0,0,0.0
1049,0,0,7.31,163126.6,6,412,0,2.078
1049,0,1,29.18,0.0,0,404,0,0.0
1049,0,2,26.27,3112281.0,398,0,0,3.92
1049,0,3,19.12,3216249.0,405,0,0,3.967
1049,0,4,15.72,49635.5,0,401,0,1.907
1049,0,5,15.24,3398298.0,417,0,0,3.874
1049,0,6,31.03,21460.1,0,405,0,1.756
1049,0,7,39.17,3511628.0,427,0,0,3.895
1049,0,8,35.65,756636.8,65,353,0,2.268
1049,0,9,14.73,3240148.1,413,3,0,3.699
1049,0,10,34.02,21620.0,0,414,0,1.87
1049,0,11,10.86,3336915.0,412,1,0,3.798
1049,0,12,13.55,2948982.0,371,0,0,3.94
1049,0,13,19.72,494607.6,33,334,0,2.256
1049,0,14,30.6,3276533.0,407,0,0,3.961
1049,0,15,28.59,3009347.0,378,0,0,3.558
1049,0,16,28.24,0.0,0,415,0,0.0
1049,0,17,31.34,3258485.3,397,2,0,2.994
1049,0,18,36.47,3191098.0,402,0,0,3.169
1049,0,19,5.84,2276.9,0,412,0,2.5
1049,0,20,17.27,3146635.0,406,0,0,3.966
1049,0,21,22.59,3540218.7,440,6,0,3.657
1049,0,22,29.89,41813.5,0,405,2,1.893
1049,0,23,15.03,29715.3,0,401,1,1.967
1049,0,24,29.93,0.0,0,0,0,0.0
1049,0,25,15.88,0.0,0,0,0,0.0
1049,0,26,12.33,0.0,0,0,0,0.0
1049,0,27,23.22,0.0,0,0,0,0.0
1049,0,28,22.59,0.0,0,0,0,0.0
1049,0,29,18.02,0.0,0,0,0,0.0
1049,0,30,31.52,0.0,0,0,0,0.0
1049,0,31,35.22,0.0,0,0,0,0.0
1049,1,0,20.0,54034.5,2,324,0,3.128
1049,1,1,22.2,2662558.0,331,0,0,3.978
1049,1,2,24.66,227988.5,17,338,0,3.384
1049,1,3,21.54,2675092.0,331,0,0,3.993
1049,1,4,33.76,779.2,0,366,0,3.308
1049,1,5,23.71,2782099.0,352,0,0,3.984
1049,1,6,10.08,2326986.4,287,34,0,3.63
1049,1,7,5.47,2818697.0,353,0,0,3.975
1049,1,8,9.6,2942554.0,368,0,0,3.984
1049,1,9,21.73,40208.4,2,366,0,3.215
1049,1,10,5.31,2744429.0,343,0,0,4.0
1049,1,11,36.07,2659247.0,334,0,0,3.931
1049,1,12,20.46,1073.5,0,328,0,3.0
1049,1,13,34.32,2751615.9,337,2,1,3.828
1049,1,14,8.58,2879561.0,353,0,0,3.975
1049,1,15,13.3,2459492.7,307,19,0,3.731
1049,1,16,27.7,2658893.0,325,0,0,3.995
1049,1,17,12.23,2912538.0,361,0,0,3.962
1049,1,18,16.83,2278173.6,268,66,0,3.558
1049,1,19,38.02,384731.4,30,310,0,3.323
1049,1,20,37.85,2787150.0,343,0,0,3.983
1049,1,21,8.07,2306257.4,272,61,0,3.636
1049,1,22,27.42,2555389.0,319,0,0,3.948
1049,1,23,29.83,985462.7,97,235,0,3.458
1049,1,24,36.07,7935.6,0,385,0,3.138
1049,1,25,17.54,269435.4,21,344,0,3.33
1049,1,26,27.33,2992612.0,376,0,0,3.992
1049,1,27,37.84,0.0,0,0,0,0.0
1049,1,28,36.11,0.0,0,0,0,0.0
1049,1,29,28.09,0.0,0,0,0,0.0
1049,1,30,27.63,0.0,0,0,0,0.0
1049,1,31,24.51,0.0,0,0,0,0.0
1049,2,0,7.74,219.9,0,231,0,3.4
1049,2,1,8.87,1766283.0,220,0,0,3.806
1049,2,2,26.78,209093.2,17,221,0,3.282
1049,2,3,17.07,1645906.0,203,0,0,3.928
1049,2,4,20.49,1732449.0,219,0,0,3.98
1049,2,5,18.4,504.1,0,219,0,1.333
1049,2,6,16.21,1996985.0,243,0,0,4.0
1049,2,7,28.9,1711417.8,212,8,0,3.754
1049,2,8,15.49,1468136.6,180,46,0,3.669
1049,2,9,34.34,542578.1,49,199,1,3.384
1049,2,10,38.11,1769499.7,220,2,0,3.794
1049,2,11,16.92,204911.2,13,205,0,3.245
1049,2,12,10.26,1835399.0,231,0,0,3.992
1049,2,13,21.54,2025002.6,254,1,0,3.797
1049,2,14,19.74,1859531.0,234,1,0,3.847
1049,2,15,32.07,1947055.6,247,7,0,3.68
1049,2,16,36.08,1909727.0,229,0,0,3.981
1049,2,17,28.98,1659312.0,215,0,0,3.994
1049,2,18,8.04,1859217.0,231,0,0,3.981
1049,2,19,33.29,1853086.9,227,7,0,3.771
1049,2,20,17.79,9376.7,0,239,0,2.915
1049,2,21,16.53,1648084.7,200,10,0,3.717
1049,2,22,23.07,1707571.0,213,0,0,3.98
1049,2,23,23.06,1667660.0,213,0,0,3.973
1049,2,24,30.02,845041.4,83,148,0,3.512
1049,2,25,18.79,9768.1,0,212,0,2.927
1049,2,26,16.66,1812840.6,210,23,0,3.657
1049,2,27,27.9,1594050.0,201,0,0,3.984
1049,2,28,14.65,1343370.7,155,83,0,3.578
1049,2,29,36.0,1660838.9,210,1,0,3.978
1049,2,30,34.95,0.0,0,0,0,0.0
1049,2,31,15.56,0.0,0,0,0,0.0
1059,0,0,7.31,165017.5,5,413,0,1.963
1059,0,1,29.18,0.0,0,404,0,0.0
1059,0,2,26.27,3112281.0,398,0,0,3.921
1059,0,3,19.12,3216249.0,405,0,0,3.96
1059,0,4,15.72,43041.1,0,401,0,1.855
1059,0,5,15.24,3398298.0,417,0,0,3.867
1059,0,6,31.03,20934.0,0,404,1,1.623
1059,0,7,39.17,3511628.0,427,0,0,3.87
1059,0,8,35.65,718933.8,63,355,0,2.18
1059,0,9,14.73,3249397.6,414,2,0,3.681
1059,0,10,34.02,22045.6,0,414,0,1.767
1059,0,11,10.86,3332780.5,411,1,0,3.792
1059,0,12,13.55,2948982.0,371,0,0,3.932
1059,0,13,19.72,539249.0,38,329,0,2.17
1059,0,14,30.6,3266704.5,405,1,0,3.958
1059,0,15,28.59,3009347.0,378,0,0,3.538
1059,0,16,28.24,0.0,0,415,0,0.0
1059,0,17,31.34,3260371.0,399,0,0,2.947
1059,0,18,36.47,3191098.0,402,0,0,3.122
1059,0,19,5.84,2019.3,0,412,0,2.5
1059,0,20,17.27,3146635.0,406,0,0,3.963
1059,0,21,22.59,3537266.0,439,7,0,3.628
1059,0,22,29.89,42326.4,0,407,0,1.797
1059,0,23,15.03,26474.4,0,401,1,1.82
1059,0,24,29.93,0.0,0,0,0,0.0
1059,0,25,15.88,0.0,0,0,0,0.0
1059,0,26,12.33,0.0,0,0,0,0.0
1059,0,27,23.22,0.0,0,0,0,0.0
1059,0,28,22.59,0.0,0,0,0,0.0
1059,0,29,18.02,0.0,0,0,0,0.0
1059,0,30,31.52,0.0,0,0,0,0.0
1059,0,31,35.22,0.0,0,0,0,0.0
1059,1,0,20.0,51478.8,1,325,0,3.049
1059,1,1,22.2,2667584.0,332,0,0,3.98
1059,1,2,24.66,215346.5,18,337,0,3.3
1059,1,3,21.54,2675092.0,331,0,0,3.99
1059,1,4,33.76,895.8,0,366,0,2.9
1059,1,5,23.71,2782099.0,352,0,0,3.978
1059,1,6,10.08,2354133.1,294,27,0,3.61
1059,1,7,5.47,2818697.0,353,0,0,3.974
1059,1,8,9.6,2942554.0,368,0,0,3.982
1059,1,9,21.73,37960.7,0,368,0,3.154
1059,1,10,5.31,2744429.0,343,0,0,3.999
1059,1,11,36.07,2659247.0,334,0,0,3.916
1059,1,12,20.46,1057.1,0,328,0,3.1
1059,1,13,34.32,2748791.1,337,2,1,3.81
1059,1,14,8.58,2879561.0,353,0,0,3.969
1059,1,15,13.3,2472337.6,306,20,0,3.691
1059,1,16,27.7,2658893.0,325,0,0,3.995
1059,1,17,12.23,2912538.0,361,0,0,3.959
1059,1,18,16.83,2290016.0,264,70,0,3.506
1059,1,19,38.02,383392.6,30,310,0,3.275
1059,1,20,37.85,2787150.0,343,0,0,3.981
1059,1,21,8.07,2347476.7,274,59,0,3.59
1059,1,22,27.42,2555389.0,319,0,0,3.949
1059,1,23,29.83,967851.5,97,234,0,3.431
1059,1,24,36.07,7575.8,0,385,0,3.143
1059,1,25,17.54,244842.7,18,347,0,3.266
1059,1,26,27.33,2992612.0,376,0,0,3.991
1059,1,27,37.84,0.0,0,0,0,0.0
1059,1,28,36.11,0.0,0,0,0,0.0
1059,1,29,28.09,0.0,0,0,0,0.0
1059,1,30,27.63,0.0,0,0,0,0.0
1059,1,31,24.51,0.0,0,0,0,0.0
1059,2,0,7.74,233.0,0,231,0,3.667
1059,2,1,8.87,1764619.9,219,1,0,3.779
1059,2,2,26.78,205814.4,15,222,0,3.229
1059,2,3,17.07,1645906.0,203,0,0,3.901
1059,2,4,20.49,1732449.0,219,0,0,3.984
1059,2,5,18.4,416.0,0,219,0,1.0
1059,2,6,16.21,1996985.0,243,0,0,3.996
1059,2,7,28.9,1702463.0,212,8,0,3.728
1059,2,8,15.49,1430543.5,178,48,0,3.641
1059,2,9,34.34,527468.1,50,198,1,3.366
1059,2,10,38.11,1779530.4,221,1,0,3.781
1059,2,11,16.92,206168.8,14,204,0,3.26
1059,2,12,10.26,1835399.0,231,0,0,3.992
1059,2,13,21.54,2025883.0,254,1,0,3.753
1059,2,14,19.74,1862667.9,234,1,0,3.816
1059,2,15,32.07,1948710.0,246,8,0,3.653
1059,2,16,36.08,1909727.0,229,0,0,3.974
1059,2,17,28.98,1659312.0,215,0,0,3.994
1059,2,18,8.04,1859217.0,231,0,0,3.988
1059,2,19,33.29,1854962.6,227,7,0,3.775
1059,2,20,17.79,8094.0,0,239,0,2.604
1059,2,21,16.53,1647894.1,199,11,0,3.681
1059,2,22,23.07,1707571.0,213,0,0,3.982
1059,2,23,23.06,1667660.0,213,0,0,3.966
1059,2,24,30.02,855408.7,84,147,0,3.509
1059,2,25,18.79,9441.8,0,212,0,2.733
1059,2,26,16.66,1805766.1,213,20,0,3.623
1059,2,27,27.9,1594050.0,201,0,0,3.984
1059,2,28,14.65,1352518.9,158,80,0,3.555
1059,2,29,36.0,1660838.9,210,1,0,3.971
1059,2,30,34.95,0.0,0,0,0,0.0
1059,2,31,15.56,0.0,0,0,0,0.0
1069,0,0,7.31,149345.9,5,413,0,2.003
1069,0,1,29.18,0.0,0,404,0,0.0
1069,0,2,26.27,3112281.0,398,0,0,3.927
1069,0,3,19.12,3216249.0,405,0,0,3.962
1069,0,4,15.72,48339.7,0,401,0,1.952
1069,0,5,15.24,3398298.0,417,0,0,3.879
1069,0,6,31.03,20104.2,0,405,0,1.643
1069,0,7,39.17,3511628.0,427,0,0,3.884
1069,0,8,35.65,732478.9,60,358,0,2.204
1069,0,9,14.73,3249252.5,414,2,0,3.678
1069,0,10,34.02,23777.6,0,414,0,1.846
1069,0,11,10.86,3332780.5,411,1,0,3.805
1069,0,12,13.55,2948982.0,371,0,0,3.938
1069,0,13,19.72,541443.5,36,331,0,2.233
1069,0,14,30.6,3266704.5,405,1,0,3.958
1069,0,15,28.59,3009347.0,378,0,0,3.545
1069,0,16,28.24,0.0,0,415,0,0.0
1069,0,17,31.34,3259588.8,398,1,0,2.997
1069,0,18,36.47,3191098.0,402,0,0,3.176
1069,0,19,5.84,2157.6,0,412,0,2.538
1069,0,20,17.27,3146635.0,406,0,0,3.961
1069,0,21,22.59,3544869.9,441,5,0,3.645
1069,0,22,29.89,39180.0,0,406,1,1.884
1069,0,23,15.03,26410.2,0,401,1,1.991
1069,0,24,29.93,0.0,0,0,0,0.0
1069,0,25,15.88,0.0,0,0,0,0.0
1069,0,26,12.33,0.0,0,0,0,0.0
1069,0,27,23.22,0.0,0,0,0,0.0
1069,0,28,22.59,0.0,0,0,0,0.0
1069,0,29,18.02,0.0,0,0,0,0.0
1069,0,30,31.52,0.0,0,0,0,0.0
1069,0,31,35.22,0.0,0,0,0,0.0
1069,1,0,20.0,51489.4,2,324,0,3.116
1069,1,1,22.2,2667584.0,332,0,0,3.973
1069,1,2,24.66,229364.2,20,335,0,3.394
1069,1,3,21.54,2675092.0,331,0,0,3.992
1069,1,4,33.76,1215.3,0,366,0,3.0
1069,1,5,23.71,2782099.0,352,0,0,3.981
1069,1,6,10.08,2367984.2,294,27,0,3.646
1069,1,7,5.47,2818697.0,353,0,0,3.975
1069,1,8,9.6,2942554.0,368,0,0,3.983
1069,1,9,21.73,38631.1,1,367,0,3.263
1069,1,10,5.31,2744429.0,343,0,0,4.0
1069,1,11,36.07,2659247.0,334,0,0,3.926
1069,1,12,20.46,1385.2,0,328,0,3.154
1069,1,13,34.32,2752288.1,336,4,0,3.831
1069,1,14,8.58,2879561.0,353,0,0,3.972
1069,1,15,13.3,2472595.7,306,20,0,3.735
1069,1,16,27.7,2658893.0,325,0,0,3.996
1069,1,17,12.23,2912538.0,361,0,0,3.952
1069,1,18,16.83,2299953.3,268,66,0,3.553
1069,1,19,38.02,371376.5,31,309,0,3.349
1069,1,20,37.85,2787150.0,343,0,0,3.984
1069,1,21,8.07,2312428.6,275,58,0,3.616
1069,1,22,27.42,2555389.0,319,0,0,3.959
1069,1,23,29.83,1010548.4,107,225,0,3.442
1069,1,24,36.07,8182.4,0,385,0,2.962
1069,1,25,17.54,229429.6,16,349,0,3.356
1069,1,26,27.33,2992612.0,376,0,0,3.997
1069,1,27,37.84,0.0,0,0,0,0.0
1069,1,28,36.11,0.0,0,0,0,0.0
1069,1,29,28.09,0.0,0,0,0,0.0
1069,1,30,27.63,0.0,0,0,0,0.0
1069,1,31,24.51,0.0,0,0,0,0.0
1069,2,0,7.74,352.0,0,231,0,3.0
1069,2,1,8.87,1766283.0,220,0,0,3.811
1069,2,2,26.78,234047.5,19,218,0,3.274
1069,2,3,17.07,1645906.0,203,0,0,3.916
1069,2,4,20.49,1732449.0,219,0,0,3.98
1069,2,5,18.4,536.1,0,219,0,2.0
1069,2,6,16.21,1996985.0,243,0,0,3.998
1069,2,7,28.9,1696171.6,211,9,0,3.722
1069,2,8,15.49,1470276.9,181,45,0,3.657
1069,2,9,34.34,515158.9,45,203,1,3.37
1069,2,10,38.11,1773814.0,220,2,0,3.797
1069,2,11,16.92,206253.5,15,203,0,3.21
1069,2,12,10.26,1835399.0,231,0,0,3.992
1069,2,13,21.54,2022325.4,253,2,0,3.78
1069,2,14,19.74,1866459.3,234,1,0,3.835
1069,2,15,32.07,1957117.6,247,7,0,3.675
1069,2,16,36.08,1909727.0,229,0,0,3.978
1069,2,17,28.98,1659312.0,215,0,0,3.986
1069,2,18,8.04,1859217.0,231,0,0,3.986
1069,2,19,33.29,1851379.7,226,8,0,3.767
1069,2,20,17.79,10798.6,0,239,0,2.838
1069,2,21,16.53,1652767.1,203,7,0,3.685
1069,2,22,23.07,1707571.0,213,0,0,3.986
1069,2,23,23.06,1667660.0,213,0,0,3.971
1069,2,24,30.02,862610.6,86,145,0,3.496
1069,2,25,18.79,8954.4,0,212,0,2.842
1069,2,26,16.66,1814308.8,213,20,0,3.656
1069,2,27,27.9,1594050.0,201,0,0,3.978
1069,2,28,14.65,1332846.9,158,80,0,3.57
1069,2,29,36.0,1664476.6,210,1,0,3.979
1069,2,30,34.95,0.0,0,0,0,0.0
1069,2,31,15.56,0.0,0,0,0,0.0
1079,0,0,7.31,170104.1,8,410,0,2.014
1079,0,1,29.18,0.0,0,404,0,0.0
1079,0,2,26.27,3112281.0,398,0,0,3.918
1079,0,3,19.12,3216249.0,405,0,0,3.96
1079,0,4,15.72,49266.8,0,401,0,1.967
1079,0,5,15.24,3398298.0,417,0,0,3.879
1079,0,6,31.03,22506.6,0,403,2,1.683
1079,0,7,39.17,3511628.0,427,0,0,3.89
1079,0,8,35.65,689972.5,65,353,0,2.226
1079,0,9,14.73,3249252.5,414,2,0,3.678
1079,0,10,34.02,19556.0,0,414,0,1.909
1079,0,11,10.86,3336915.0,412,1,0,3.796
1079,0,12,13.55,2948982.0,371,0,0,3.938
1079,0,13,19.72,527630.2,37,330,0,2.202
1079,0,14,30.6,3265349.8,405,1,0,3.965
1079,0,15,28.59,3009347.0,378,0,0,3.523
1079,0,16,28.24,0.0,0,415,0,0.0
1079,0,17,31.34,3260371.0,399,0,0,2.961
1079,0,18,36.47,3191098.0,402,0,0,3.17
1079,0,19,5.84,2511.5,0,412,0,2.429
1079,0,20,17.27,3146635.0,406,0,0,3.961
1079,0,21,22.59,3537744.5,440,6,0,3.636
1079,0,22,29.89,44862.4,0,406,1,1.915
1079,0,23,15.03,26457.4,0,401,1,1.912
1079,0,24,29.93,0.0,0,0,0,0.0
1079,0,25,15.88,0.0,0,0,0,0.0
1079,0,26,12.33,0.0,0,0,0,0.0
1079,0,27,23.22,0.0,0,0,0,0.0
1079,0,28,22.59,0.0,0,0,0,0.0
1079,0,29,18.02,0.0,0,0,0,0.0
1079,0,30,31.52,0.0,0,0,0,0.0
1079,0,31,35.22,0.0,0,0,0,0.0
1079,1,0,20.0,49620.3,2,324,0,3.2
1079,1,1,22.2,2667584.0,332,0,0,3.973
1079,1,2,24.66,214287.0,17,338,0,3.402
1079,1,3,21.54,2675092.0,331,0,0,3.996
1079,1,4,33.76,1092.8,0,366,0,3.067
1079,1,5,23.71,2782099.0,352,0,0,3.98
1079,1,6,10.08,2348255.7,290,31,0,3.613
1079,1,7,5.47,2818697.0,353,0,0,3.964
1079,1,8,9.6,2942554.0,368,0,0,3.982
1079,1,9,21.73,43094.8,1,367,0,3.133
1079,1,10,5.31,2744429.0,343,0,0,3.999
1079,1,11,36.07,2659247.0,334,0,0,3.923
1079,1,12,20.46,1211.0,0,328,0,3.045
1079,1,13,34.32,2752715.2,337,2,1,3.815
1079,1,14,8.58,2879561.0,353,0,0,3.973
1079,1,15,13.3,2459046.0,303,23,0,3.708
1079,1,16,27.7,2658893.0,325,0,0,3.999
1079,1,17,12.23,2912538.0,361,0,0,3.953
1079,1,18,16.83,2276693.0,264,70,0,3.542
1079,1,19,38.02,425402.5,32,308,0,3.302
1079,1,20,37.85,2787150.0,343,0,0,3.986
1079,1,21,8.07,2259839.7,273,60,0,3.621
1079,1,22,27.42,2555389.0,319,0,0,3.947
1079,1,23,29.83,986604.4,105,227,0,3.431
1079,1,24,36.07,8401.2,0,385,0,3.144
1079,1,25,17.54,238686.1,16,349,0,3.344
1079,1,26,27.33,2992612.0,376,0,0,3.991
1079,1,27,37.84,0.0,0,0,0,0.0
1079,1,28,36.11,0.0,0,0,0,0.0
1079,1,29,28.09,0.0,0,0,0,0.0
1079,1,30,27.63,0.0,0,0,0,0.0
1079,1,31,24.51,0.0,0,0,0,0.0
1079,2,0,7.74,484.8,0,231,0,3.375
1079,2,1,8.87,1760844.3,219,1,0,3.808
1079,2,2,26.78,233928.9,19,218,0,3.266
1079,2,3,17.07,1645906.0,203,0,0,3.919
1079,2,4,20.49,1732449.0,219,0,0,3.975
1079,2,5,18.4,382.6,0,219,0,1.667
1079,2,6,16.21,1996985.0,243,0,0,3.996
1079,2,7,28.9,1676551.3,210,10,0,3.745
1079,2,8,15.49,1460704.7,182,44,0,3.661
1079,2,9,34.34,495137.0,47,201,1,3.384
1079,2,10,38.11,1769499.7,220,2,0,3.795
1079,2,11,16.92,217054.0,16,202,0,3.256
1079,2,12,10.26,1835399.0,231,0,0,3.992
1079,2,13,21.54,2023457.9,254,1,0,3.779
1079,2,14,19.74,1864739.8,234,1,0,3.828
1079,2,15,32.07,1954255.1,247,7,0,3.674
1079,2,16,36.08,1909727.0,229,0,0,3.976
1079,2,17,28.98,1659312.0,215,0,0,3.993
1079,2,18,8.04,1859217.0,231,0,0,3.983
1079,2,19,33.29,1842415.2,228,6,0,3.757
1079,2,20,17.79,12841.7,0,239,0,2.707
1079,2,21,16.53,1648501.1,200,10,0,3.714
1079,2,22,23.07,1707571.0,213,0,0,3.986
1079,2,23,23.06,1667660.0,213,0,0,3.974
1079,2,24,30.02,813026.6,82,149,0,3.502
1079,2,25,18.79,13219.8,0,212,0,2.626
1079,2,26,16.66,1814555.2,212,21,0,3.664
1079,2,27,27.9,1594050.0,201,0,0,3.984
1079,2,28,14.65,1335863.2,156,82,0,3.559
1079,2,29,36.0,1664476.6,210,1,0,3.977
1079,2,30,34.95,0.0,0,0,0,0.0
1079,2,31,15.56,0.0,0,0,0,0.0
1089,0,0,7.31,168005.3,4,414,0,2.093
1089,0,1,29.18,0.0,0,404,0,0.0
1089,0,2,26.27,3112281.0,398,0,0,3.928
1089,0,3,19.12,3216249.0,405,0,0,3.959
1089,0,4,15.72,52186.4,0,401,0,2.045
1089,0,5,15.24,3398298.0,417,0,0,3.88
1089,0,6,31.03,22222.4,0,405,0,1.772
1089,0,7,39.17,3511628.0,427,0,0,3.885
1089,0,8,35.65,712895.5,61,357,0,2.27
1089,0,9,14.73,3249252.5,414,2,0,3.697
1089,0,10,34.02,19319.1,0,414,0,1.938
1089,0,11,10.86,3332780.5,411,1,0,3.817
1089,0,12,13.55,2948982.0,371,0,0,3.949
1089,0,13,19.72,517365.5,34,333,0,2.29
1089,0,14,30.6,3266704.5,405,1,0,3.966
1089,0,15,28.59,3009347.0,378,0,0,3.563
1089,0,16,28.24,0.0,0,415,0,0.0
1089,0,17,31.34,3260371.0,399,0,0,3.004
1089,0,18,36.47,3191098.0,402,0,0,3.198
1089,0,19,5.84,2497.8,0,412,0,2.714
1089,0,20,17.27,3146635.0,406,0,0,3.966
1089,0,21,22.59,3529887.3,438,8,0,3.65
1089,0,22,29.89,40851.4,0,406,1,1.954
1089,0,23,15.03,26099.0,0,401,1,2.165
1089,0,24,29.93,0.0,0,0,0,0.0
1089,0,25,15.88,0.0,0,0,0,0.0
1089,0,26,12.33,0.0,0,0,0,0.0
1089,0,27,23.22,0.0,0,0,0,0.0
1089,0,28,22.59,0.0,0,0,0,0.0
1089,0,29,18.02,0.0,0,0,0,0.0
1089,0,30,31.52,0.0,0,0,0,0.0
1089,0,31,35.22,0.0,0,0,0,0.0
1089,1,0,20.0,61785.9,2,324,0,3.218
1089,1,1,22.2,2667584.0,332,0,0,3.973
1089,1,2,24.66,224478.0,19,336,0,3.453
1089,1,3,21.54,2675092.0,331,0,0,3.993
1089,1,4,33.76,539.2,0,366,0,3.583
1089,1,5,23.71,2782099.0,352,0,0,3.981
1089,1,6,10.08,2349721.0,293,28,0,3.663
1089,1,7,5.47,2818697.0,353,0,0,3.977
1089,1,8,9.6,2942554.0,368,0,0,3.992
1089,1,9,21.73,40522.5,0,368,0,3.245
1089,1,10,5.31,2744429.0,343,0,0,3.999
1089,1,11,36.07,2659247.0,334,0,0,3.923
1089,1,12,20.46,1537.0,0,328,0,3.219
1089,1,13,34.32,2755229.0,337,2,1,3.836
1089,1,14,8.58,2879561.0,353,0,0,3.971
1089,1,15,13.3,2458842.2,304,22,0,3.738
1089,1,16,27.7,2658893.0,325,0,0,3.996
1089,1,17,12.23,2912538.0,361,0,0,3.946
1089,1,18,16.83,2243984.2,260,74,0,3.568
1089,1,19,38.02,404379.4,30,310,0,3.366
1089,1,20,37.85,2787150.0,343,0,0,3.98
1089,1,21,8.07,2280383.0,272,61,0,3.646
1089,1,22,27.42,2555389.0,319,0,0,3.949
1089,1,23,29.83,984059.9,100,232,0,3.472
1089,1,24,36.07,7896.0,0,385,0,3.146
1089,1,25,17.54,264167.2,20,345,0,3.37
1089,1,26,27.33,2992612.0,376,0,0,3.991
1089,1,27,37.84,0.0,0,0,0,0.0
1089,1,28,36.11,0.0,0,0,0,0.0
1089,1,29,28.09,0.0,0,0,0,0.0
1089,1,30,27.63,0.0,0,0,0,0.0
1089,1,31,24.51,0.0,0,0,0,0.0
1089,2,0,7.74,303.0,0,231,0,3.625
1089,2,1,8.87,1766283.0,220,0,0,3.818
1089,2,2,26.78,221118.5,15,223,0,3.299
1089,2,3,17.07,1645906.0,203,0,0,3.912
1089,2,4,20.49,1732449.0,219,0,0,3.977
1089,2,5,18.4,469.1,0,219,0,1.75
1089,2,6,16.21,1996985.0,243,0,0,3.996
1089,2,7,28.9,1692952.2,211,9,0,3.759
1089,2,8,15.49,1453802.7,179,47,0,3.674
1089,2,9,34.34,512955.4,46,203,0,3.389
1089,2,10,38.11,1764767.0,219,3,0,3.817
1089,2,11,16.92,213000.3,14,204,0,3.323
1089,2,12,10.26,1835399.0,231,0,0,3.996
1089,2,13,21.54,2025764.4,254,1,0,3.793
1089,2,14,19.74,1852908.5,232,3,0,3.831
1089,2,15,32.07,1954907.8,246,8,0,3.696
1089,2,16,36.08,1909727.0,229,0,0,3.975
1089,2,17,28.98,1659312.0,215,0,0,3.994
1089,2,18,8.04,1859217.0,231,0,0,3.988
1089,2,19,33.29,1853137.8,230,4,0,3.777
1089,2,20,17.79,12935.1,0,239,0,2.866
1089,2,21,16.53,1643480.9,198,12,0,3.71
1089,2,22,23.07,1707571.0,213,0,0,3.984
1089,2,23,23.06,1667660.0,213,0,0,3.974
1089,2,24,30.02,795713.0,80,151,0,3.514
1089,2,25,18.79,11728.9,0,212,0,2.75
1089,2,26,16.66,1823883.8,211,22,0,3.668
1089,2,27,27.9,1594050.0,201,0,0,3.98
1089,2,28,14.65,1333234.4,154,84,0,3.572
1089,2,29,36.0,1660723.9,210,1,0,3.983
1089,2,30,34.95,0.0,0,0,0,0.0
1089,2,31,15.56,0.0,0,0,0,0.0
1099,0,0,7.31,170526.0,7,411,0,1.853
1099,0,1,29.18,0.0,0,404,0,0.0
1099,0,2,26.27,3112281.0,398,0,0,3.903
1099,0,3,19.12,3216249.0,405,0,0,3.946
1099,0,4,15.72,52255.8,0,401,0,1.813
1099,0,5,15.24,3398298.0,417,0,0,3.856
1099,0,6,31.03,21015.6,0,403,2,1.545
1099,0,7,39.17,3511628.0,427,0,0,3.857
1099,0,8,35.65,680568.6,64,354,0,2.077
1099,0,9,14.73,3249257.5,414,2,0,3.638
1099,0,10,34.02,18040.6,0,414,0,1.762
1099,0,11,10.86,3336915.0,412,1,0,3.764
1099,0,12,13.55,2948982.0,371,0,0,3.932
1099,0,13,19.72,512946.3,40,327,0,2.063
1099,0,14,30.6,3266352.1,405,1,0,3.948
1099,0,15,28.59,3009347.0,378,0,0,3.484
1099,0,16,28.24,0.0,0,415,0,0.0
1099,0,17,31.34,3259578.0,398,1,0,2.888
1099,0,18,36.47,3191098.0,402,0,0,3.096
1099,0,19,5.84,2159.7,0,412,0,2.5
1099,0,20,17.27,3146635.0,406,0,0,3.954
1099,0,21,22.59,3537437.7,440,6,0,3.595
1099,0,22,29.89,39071.1,0,407,0,1.644
1099,0,23,15.03,26094.6,0,401,1,1.786
1099,0,24,29.93,0.0,0,0,0,0.0
1099,0,25,15.88,0.0,0,0,0,0.0
1099,0,26,12.33,0.0,0,0,0,0.0
1099,0,27,23.22,0.0,0,0,0,0.0
1099,0,28,22.59,0.0,0,0,0,0.0
1099,0,29,18.02,0.0,0,0,0,0.0
1099,0,30,31.52,0.0,0,0,0,0.0
1099,0,31,35.22,0.0,0,0,0,0.0
1099,1,0,20.0,56032.5,2,324,0,3.056
1099,1,1,22.2,2667584.0,332,0,0,3.977
1099,1,2,24.66,199774.5,20,335,0,3.27
1099,1,3,21.54,2675092.0,331,0,0,3.99
1099,1,4,33.76,460.8,0,366,0,3.5
1099,1,5,23.71,2782099.0,352,0,0,3.979
1099,1,6,10.08,2348479.9,290,31,0,3.556
1099,1,7,5.47,2818697.0,353,0,0,3.97
1099,1,8,9.6,2942554.0,368,0,0,3.974
1099,1,9,21.73,41936.7,1,367,0,2.989
1099,1,10,5.31,2744429.0,343,0,0,4.0
1099,1,11,36.07,2659247.0,334,0,0,3.905
1099,1,12,20.46,1122.4,0,328,0,3.111
1099,1,13,34.32,2755266.6,338,1,1,3.772
1099,1,14,8.58,2879561.0,353,0,0,3.95
1099,1,15,13.3,2468773.0,306,20,0,3.65
1099,1,16,27.7,2658893.0,325,0,0,3.99
1099,1,17,12.23,2912538.0,361,0,0,3.934
1099,1,18,16.83,2289232.7,265,69,0,3.454
1099,1,19,38.02,394453.3,32,308,0,3.168
1099,1,20,37.85,2787150.0,343,0,0,3.966
1099,1,21,8.07,2294080.6,277,56,0,3.563
1099,1,22,27.42,2555389.0,319,0,0,3.919
1099,1,23,29.83,964808.4,103,229,0,3.366
1099,1,24,36.07,6868.2,0,385,0,2.814
1099,1,25,17.54,236166.1,18,347,0,3.259
1099,1,26,27.33,2992612.0,376,0,0,3.982
1099,1,27,37.84,0.0,0,0,0,0.0
1099,1,28,36.11,0.0,0,0,0,0.0
1099,1,29,28.09,0.0,0,0,0,0.0
1099,1,30,27.63,0.0,0,0,0,0.0
1099,1,31,24.51,0.0,0,0,0,0.0
1099,2,0,7.74,287.0,0,231,0,3.333
1099,2,1,8.87,1766283.0,220,0,0,3.728
1099,2,2,26.78,221974.2,17,220,0,3.174
1099,2,3,17.07,1645906.0,203,0,0,3.856
1099,2,4,20.49,1732449.0,219,0,0,3.973
1099,2,5,18.4,416.0,0,219,0,1.0
1099,2,6,16.21,1996985.0,243,0,0,3.994
1099,2,7,28.9,1674279.0,209,11,0,3.674
1099,2,8,15.49,1465619.6,181,45,0,3.557
1099,2,9,34.34,484719.7,45,204,0,3.28
1099,2,10,38.11,1776860.7,220,2,0,3.756
1099,2,11,16.92,222986.6,19,199,0,3.079
1099,2,12,10.26,1835399.0,231,0,0,3.98
1099,2,13,21.54,2019666.1,253,2,0,3.718
1099,2,14,19.74,1862531.2,233,2,0,3.773
1099,2,15,32.07,1960504.1,248,6,0,3.602
1099,2,16,36.08,1909727.0,229,0,0,3.968
1099,2,17,28.98,1659312.0,215,0,0,3.983
1099,2,18,8.04,1859217.0,231,0,0,3.979
1099,2,19,33.29,1836017.8,224,10,0,3.697
1099,2,20,17.79,11810.7,0,239,0,2.552
1099,2,21,16.53,1642518.8,201,9,0,3.607
1099,2,22,23.07,1707571.0,213,0,0,3.97
1099,2,23,23.06,1667660.0,213,0,0,3.963
1099,2,24,30.02,783694.3,79,152,0,3.403
1099,2,25,18.79,9795.0,0,212,0,2.671
1099,2,26,16.66,1821780.3,211,22,0,3.602
1099,2,27,27.9,1594050.0,201,0,0,3.963
1099,2,28,14.65,1334653.2,159,79,0,3.501
1099,2,29,36.0,1660769.4,210,1,0,3.97
1099,2,30,34.95,0.0,0,0,0,0.0
1099,2,31,15.56,0.0,0,0,0,0.0
1109,0,0,7.31,158162.9,5,413,0,1.889
1109,0,1,29.18,0.0,0,404,0,0.0
1109,0,2,26.27,3112281.0,398,0,0,3.91
1109,0,3,19.12,3216249.0,405,0,0,3.944
1109,0,4,15.72,49499.5,0,401,0,1.871
1109,0,5,15.24,3398298.0,417,0,0,3.846
1109,0,6,31.03,20711.6,0,404,1,1.547
1109,0,7,39.17,3511628.0,427,0,0,3.855
1109,0,8,35.65,696491.3,64,354,0,2.129
1109,0,9,14.73,3249257.5,414,2,0,3.634
1109,0,10,34.02,21126.6,0,414,0,1.758
1109,0,11,10.86,3336915.0,412,1,0,3.775
1109,0,12,13.55,2948982.0,371,0,0,3.921
1109,0,13,19.72,540734.3,39,328,0,2.117
1109,0,14,30.6,3271310.2,406,0,0,3.949
1109,0,15,28.59,3009347.0,378,0,0,3.493
1109,0,16,28.24,0.0,0,415,0,0.0
1109,0,17,31.34,3260371.0,399,0,0,2.907
1109,0,18,36.47,3191098.0,402,0,0,3.107
1109,0,19,5.84,2301.9,0,412,0,2.5
1109,0,20,17.27,3146635.0,406,0,0,3.958
1109,0,21,22.59,3539564.2,440,6,0,3.597
1109,0,22,29.89,41361.2,0,407,0,1.658
1109,0,23,15.03,25422.7,0,401,1,1.891
1109,0,24,29.93,0.0,0,0,0,0.0
1109,0,25,15.88,0.0,0,0,0,0.0
1109,0,26,12.33,0.0,0,0,0,0.0
1109,0,27,23.22,0.0,0,0,0,0.0
1109,0,28,22.59,0.0,0,0,0,0.0
1109,0,29,18.02,0.0,0,0,0,0.0
1109,0,30,31.52,0.0,0,0,0,0.0
1109,0,31,35.22,0.0,0,0,0,0.0
1109,1,0,20.0,56584.2,2,324,0,3.043
1109,1,1,22.2,2667584.0,332,0,0,3.978
1109,1,2,24.66,216962.8,20,335,0,3.249
1109,1,3,21.54,2675092.0,331,0,0,3.993
1109,1,4,33.76,623.9,0,366,0,3.385
1109,1,5,23.71,2782099.0,352,0,0,3.975
1109,1,6,10.08,2345743.8,289,32,0,3.544
1109,1,7,5.47,2818697.0,353,0,0,3.957
1109,1,8,9.6,2942554.0,368,0,0,3.983
1109,1,9,21.73,39052.4,1,367,0,3.131
1109,1,10,5.31,2744429.0,343,0,0,3.999
1109,1,11,36.07,2659247.0,334,0,0,3.893
1109,1,12,20.46,1343.0,0,328,0,2.857
1109,1,13,34.32,2750191.3,337,2,1,3.761
1109,1,14,8.58,2879561.0,353,0,0,3.948
1109,1,15,13.3,2450244.4,307,19,0,3.636
1109,1,16,27.7,2658893.0,325,0,0,3.995
1109,1,17,12.23,2912538.0,361,0,0,3.941
1109,1,18,16.83,2260212.0,264,70,0,3.478
1109,1,19,38.02,366805.7,27,313,0,3.245
1109,1,20,37.85,2787150.0,343,0,0,3.979
1109,1,21,8.07,2301627.9,279,54,0,3.552
1109,1,22,27.42,2555389.0,319,0,0,3.925
1109,1,23,29.83,980143.5,101,230,0,3.354
1109,1,24,36.07,7000.9,0,385,0,3.095
1109,1,25,17.54,247698.7,20,345,0,3.259
1109,1,26,27.33,2992612.0,376,0,0,3.985
1109,1,27,37.84,0.0,0,0,0,0.0
1109,1,28,36.11,0.0,0,0,0,0.0
1109,1,29,28.09,0.0,0,0,0,0.0
1109,1,30,27.63,0.0,0,0,0,0.0
1109,1,31,24.51,0.0,0,0,0,0.0
1109,2,0,7.74,293.4,0,231,0,3.75
1109,2,1,8.87,1766283.0,220,0,0,3.743
1109,2,2,26.78,222836.2,17,220,0,3.149
1109,2,3,17.07,1645906.0,203,0,0,3.858
1109,2,4,20.49,1732449.0,219,0,0,3.982
1109,2,5,18.4,208.0,0,219,0,1.0
1109,2,6,16.21,1996985.0,243,0,0,3.988
1109,2,7,28.9,1679180.3,209,11,0,3.644
1109,2,8,15.49,1435919.0,176,50,0,3.555
1109,2,9,34.34,509652.4,50,199,0,3.252
1109,2,10,38.11,1778083.0,221,1,0,3.738
1109,2,11,16.92,217990.7,20,198,0,3.103
1109,2,12,10.26,1835399.0,231,0,0,3.984
1109,2,13,21.54,2017037.5,253,2,0,3.71
1109,2,14,19.74,1854200.6,232,3,0,3.772
1109,2,15,32.07,1954324.3,248,6,0,3.605
1109,2,16,36.08,1909727.0,229,0,0,3.97
1109,2,17,28.98,1659312.0,215,0,0,3.987
1109,2,18,8.04,1859217.0,231,0,0,3.983
1109,2,19,33.29,1839392.6,226,8,0,3.697
1109,2,20,17.79,12034.3,0,239,0,2.493
1109,2,21,16.53,1657527.9,202,8,0,3.594
1109,2,22,23.07,1707571.0,213,0,0,3.97
1109,2,23,23.06,1667660.0,213,0,0,3.947
1109,2,24,30.02,813909.9,80,151,0,3.372
1109,2,25,18.79,9952.5,0,212,0,2.734
1109,2,26,16.66,1820429.4,211,22,0,3.57
1109,2,27,27.9,1594050.0,201,0,0,3.971
1109,2,28,14.65,1330138.4,155,83,0,3.489
1109,2,29,36.0,1664476.6,210,1,0,3.969
1109,2,30,34.95,0.0,0,0,0,0.0
1109,2,31,15.56,0.0,0,0,0,0.0
1119,0,0,7.31,148476.0,4,414,0,1.912
1119,0,1,29.18,0.0,0,404,0,0.0
1119,0,2,26.27,3112281.0,398,0,0,3.918
1119,0,3,19.12,3216249.0,405,0,0,3.951
1119,0,4,15.72,51848.5,0,401,0,1.881
1119,0,5,15.24,3398298.0,417,0,0,3.857
1119,0,6,31.03,19980.8,0,405,0,1.585
1119,0,7,39.17,3511628.0,427,0,0,3.877
1119,0,8,35.65,746171.9,64,354,0,2.177
1119,0,9,14.73,3240780.4,413,3,0,3.654
1119,0,10,34.02,18070.1,0,414,0,1.841
1119,0,11,10.86,3332780.5,411,1,0,3.777
1119,0,12,13.55,2948982.0,371,0,0,3.93
1119,0,13,19.72,537913.3,37,330,0,2.159
1119,0,14,30.6,3271662.6,406,0,0,3.957
1119,0,15,28.59,3009347.0,378,0,0,3.487
1119,0,16,28.24,0.0,0,415,0,0.0
1119,0,17,31.34,3260371.0,399,0,0,2.921
1119,0,18,36.47,3191098.0,402,0,0,3.131
1119,0,19,5.84,2275.7,0,412,0,2.444
1119,0,20,17.27,3146635.0,406,0,0,3.96
1119,0,21,22.59,3526191.5,439,7,0,3.609
1119,0,22,29.89,36833.7,0,407,0,1.733
1119,0,23,15.03,25571.5,0,401,1,1.881
1119,0,24,29.93,0.0,0,0,0,0.0
1119,0,25,15.88,0.0,0,0,0,0.0
1119,0,26,12.33,0.0,0,0,0,0.0
1119,0,27,23.22,0.0,0,0,0,0.0
1119,0,28,22.59,0.0,0,0,0,0.0
1119,0,29,18.02,0.0,0,0,0,0.0
1119,0,30,31.52,0.0,0,0,0,0.0
1119,0,31,35.22,0.0,0,0,0,0.0
1119,1,0,20.0,63897.9,3,323,0,3.004
1119,1,1,22.2,2667584.0,332,0,0,3.978
1119,1,2,24.66,192083.3,16,339,0,3.295
1119,1,3,21.54,2675092.0,331,0,0,3.989
1119,1,4,33.76,399.4,0,366,0,3.4
1119,1,5,23.71,2782099.0,352,0,0,3.969
1119,1,6,10.08,2360661.5,291,30,0,3.554
1119,1,7,5.47,2818697.0,353,0,0,3.963
1119,1,8,9.6,2942554.0,368,0,0,3.978
1119,1,9,21.73,40715.4,1,367,0,3.178
1119,1,10,5.31,2744429.0,343,0,0,3.997
1119,1,11,36.07,2659247.0,334,0,0,3.906
1119,1,12,20.46,970.1,0,328,0,3.111
1119,1,13,34.32,2751930.2,337,2,1,3.775
1119,1,14,8.58,2879561.0,353,0,0,3.947
1119,1,15,13.3,2468733.8,306,20,0,3.653
1119,1,16,27.7,2658893.0,325,0,0,3.994
1119,1,17,12.23,2912538.0,361,0,0,3.931
1119,1,18,16.83,2237551.6,263,71,0,3.483
1119,1,19,38.02,386125.5,29,311,0,3.261
1119,1,20,37.85,2787150.0,343,0,0,3.975
1119,1,21,8.07,2337056.9,281,52,0,3.565
1119,1,22,27.42,2555389.0,319,0,0,3.949
1119,1,23,29.83,965087.1,103,228,0,3.335
1119,1,24,36.07,5897.8,0,385,0,3.129
1119,1,25,17.54,265411.0,19,346,0,3.222
1119,1,26,27.33,2992612.0,376,0,0,3.987
1119,1,27,37.84,0.0,0,0,0,0.0
1119,1,28,36.11,0.0,0,0,0,0.0
1119,1,29,28.09,0.0,0,0,0,0.0
1119,1,30,27.63,0.0,0,0,0,0.0
1119,1,31,24.51,0.0,0,0,0,0.0
1119,2,0,7.74,352.5,0,231,0,2.833
1119,2,1,8.87,1766283.0,220,0,0,3.735
1119,2,2,26.78,233162.9,19,218,0,3.152
1119,2,3,17.07,1645906.0,203,0,0,3.872
1119,2,4,20.49,1732449.0,219,0,0,3.968
1119,2,5,18.4,382.6,0,219,0,1.667
1119,2,6,16.21,1996985.0,243,0,0,3.994
1119,2,7,28.9,1674635.4,208,12,0,3.659
1119,2,8,15.49,1463608.0,183,43,0,3.593
1119,2,9,34.34,515426.4,52,197,0,3.259
1119,2,10,38.11,1759777.6,219,3,0,3.759
1119,2,11,16.92,194275.5,17,201,0,3.095
1119,2,12,10.26,1835399.0,231,0,0,3.992
1119,2,13,21.54,2011739.1,252,3,0,3.722
1119,2,14,19.74,1857126.2,233,3,0,3.794
1119,2,15,32.07,1957322.4,249,5,0,3.604
1119,2,16,36.08,1909727.0,229,0,0,3.973
1119,2,17,28.98,1659312.0,215,0,0,3.977
1119,2,18,8.04,1859217.0,231,0,0,3.99
1119,2,19,33.29,1846973.5,228,6,0,3.694
1119,2,20,17.79,12360.2,0,239,0,2.616
1119,2,21,16.53,1648588.2,200,10,0,3.637
1119,2,22,23.07,1707571.0,213,0,0,3.974
1119,2,23,23.06,1667660.0,213,0,0,3.943
1119,2,24,30.02,814048.0,81,150,0,3.395
1119,2,25,18.79,12187.2,0,212,0,2.58
1119,2,26,16.66,1824880.4,210,23,0,3.603
1119,2,27,27.9,1594050.0,201,0,0,3.963
1119,2,28,14.65,1373529.6,165,73,0,3.508
1119,2,29,36.0,1667812.4,210,1,0,3.964
1119,2,30,34.95,0.0,0,0,0,0.0
1119,2,31,15.56,0.0,0,0,0,0.0
1129,0,0,7.31,160692.3,8,410,0,1.618
1129,0,1,29.18,0.0,0,404,0,0.0
1129,0,2,26.27,3112281.0,398,0,0,3.902
1129,0,3,19.12,3216249.0,405,0,0,3.937
1129,0,4,15.72,50203.5,0,400,1,1.692
1129,0,5,15.24,3398298.0,417,0,0,3.84
1129,0,6,31.03,18292.3,0,404,1,1.348
1129,0,7,39.17,3511628.0,427,0,0,3.835
1129,0,8,35.65,657569.6,62,356,0,1.993
1129,0,9,14.73,3237671.8,413,3,0,3.609
1129,0,10,34.02,19913.0,0,414,0,1.625
1129,0,11,10.86,3334845.4,411,2,0,3.735
1129,0,12,13.55,2948982.0,371,0,0,3.923
1129,0,13,19.72,562121.9,36,331,0,1.939
1129,0,14,30.6,3270308.0,406,0,0,3.941
1129,0,15,28.59,3009347.0,378,0,0,3.396
1129,0,16,28.24,0.0,0,415,0,0.0
1129,0,17,31.34,3260371.0,399,0,0,2.792
1129,0,18,36.47,3191098.0,402,0,0,3.003
1129,0,19,5.84,2241.2,0,412,0,2.1
1129,0,20,17.27,3141462.2,405,0,0,3.949
1129,0,21,22.59,3514289.0,435,10,0,3.557
1129,0,22,29.89,33815.3,0,407,0,1.493
1129,0,23,15.03,25990.7,0,401,1,1.549
1129,0,24,29.93,0.0,0,0,0,0.0
1129,0,25,15.88,0.0,0,0,0,0.0
1129,0,26,12.33,0.0,0,0,0,0.0
1129,0,27,23.22,0.0,0,0,0,0.0
1129,0,28,22.59,0.0,0,0,0,0.0
1129,0,29,18.02,0.0,0,0,0,0.0
1129,0,30,31.52,0.0,0,0,0,0.0
1129,0,31,35.22,0.0,0,0,0,0.0
1129,1,0,20.0,52038.9,1,325,0,2.884
1129,1,1,22.2,2667584.0,332,0,0,3.951
1129,1,2,24.66,204801.2,23,332,0,3.015
1129,1,3,21.54,2675092.0,331,0,0,3.985
1129,1,4,33.76,928.1,0,366,0,3.0
1129,1,5,23.71,2782099.0,352,0,0,3.953
1129,1,6,10.08,2352185.0,292,30,0,3.433
1129,1,7,5.47,2818697.0,353,0,0,3.948
1129,1,8,9.6,2942554.0,368,0,0,3.972
1129,1,9,21.73,40294.6,0,368,0,2.879
1129,1,10,5.31,2744429.0,343,0,0,3.994
1129,1,11,36.07,2659247.0,334,0,0,3.833
1129,1,12,20.46,436.0,0,328,0,2.556
1129,1,13,34.32,2755269.5,338,1,1,3.699
1129,1,14,8.58,2879561.0,353,0,0,3.919
1129,1,15,13.3,2462692.5,307,19,0,3.498
1129,1,16,27.7,2658893.0,325,0,0,3.983
1129,1,17,12.23,2912538.0,361,0,0,3.913
1129,1,18,16.83,2275837.5,265,70,0,3.317
1129,1,19,38.02,362436.2,31,309,0,3.0
1129,1,20,37.85,2787150.0,343,0,0,3.945
1129,1,21,8.07,2330896.9,279,54,0,3.407
1129,1,22,27.42,2555389.0,319,0,0,3.903
1129,1,23,29.83,939852.0,97,234,0,3.191
1129,1,24,36.07,5808.7,0,385,0,2.854
1129,1,25,17.54,237599.6,18,347,0,3.065
1129,1,26,27.33,2992612.0,376,0,0,3.976
1129,1,27,37.84,0.0,0,0,0,0.0
1129,1,28,36.11,0.0,0,0,0,0.0
1129,1,29,28.09,0.0,0,0,0,0.0
1129,1,30,27.63,0.0,0,0,0,0.0
1129,1,31,24.51,0.0,0,0,0,0.0
1129,2,0,7.74,88.6,0,231,0,2.0
1129,2,1,8.87,1762265.8,219,1,0,3.635
1129,2,2,26.78,209031.3,15,222,0,2.957
1129,2,3,17.07,1645906.0,203,0,0,3.841
1129,2,4,20.49,1732449.0,219,0,0,3.949
1129,2,5,18.4,121.6,0,219,0,3.0
1129,2,6,16.21,1996985.0,243,0,0,3.994
1129,2,7,28.9,1594261.3,200,20,0,3.499
1129,2,8,15.49,1458882.0,179,47,0,3.424
1129,2,9,34.34,525811.8,52,197,0,3.073
1129,2,10,38.11,1750370.9,218,4,0,3.614
1129,2,11,16.92,199865.4,17,201,0,2.883
1129,2,12,10.26,1835399.0,231,0,0,3.986
1129,2,13,21.54,2020381.2,253,2,0,3.608
1129,2,14,19.74,1857733.5,233,2,0,3.637
1129,2,15,32.07,1941533.3,243,11,0,3.44
1129,2,16,36.08,1909727.0,229,0,0,3.95
1129,2,17,28.98,1659312.0,215,0,0,3.968
1129,2,18,8.04,1859217.0,231,0,0,3.962
1129,2,19,33.29,1848960.0,228,6,0,3.558
1129,2,20,17.79,10224.0,0,239,0,2.415
1129,2,21,16.53,1622235.2,194,16,0,3.463
1129,2,22,23.07,1707571.0,213,0,0,3.964
1129,2,23,23.06,1667660.0,213,0,0,3.921
1129,2,24,30.02,812006.2,80,151,0,3.301
1129,2,25,18.79,9546.3,0,212,0,2.419
1129,2,26,16.66,1821316.3,215,18,0,3.425
1129,2,27,27.9,1594050.0,201,0,0,3.95
1129,2,28,14.65,1373631.8,167,71,0,3.354
1129,2,29,36.0,1660549.0,210,1,0,3.94
1129,2,30,34.95,0.0,0,0,0,0.0
1129,2,31,15.56,0.0,0,0,0,0.0
1139,0,0,7.31,151982.0,7,411,0,1.699
1139,0,1,29.18,0.0,0,404,0,0.0
1139,0,2,26.27,3112281.0,398,0,0,3.904
1139,0,3,19.12,3216249.0,405,0,0,3.938
1139,0,4,15.72,51568.9,0,400,1,1.733
1139,0,5,15.24,3398298.0,417,0,0,3.835
1139,0,6,31.03,17702.3,0,405,0,1.411
1139,0,7,39.17,3511628.0,427,0,0,3.851
1139,0,8,35.65,688102.5,67,351,0,2.072
1139,0,9,14.73,3243971.8,413,3,0,3.618
1139,0,10,34.02,20772.2,0,414,0,1.754
1139,0,11,10.86,3334845.4,411,2,0,3.753
1139,0,12,13.55,2948982.0,371,0,0,3.914
1139,0,13,19.72,572104.9,40,327,0,2.035
1139,0,14,30.6,3270308.0,406,0,0,3.951
1139,0,15,28.59,3009347.0,378,0,0,3.421
1139,0,16,28.24,0.0,0,415,0,0.0
1139,0,17,31.34,3260371.0,399,0,0,2.861
1139,0,18,36.47,3191098.0,402,0,0,3.051
1139,0,19,5.84,1933.1,0,412,0,2.318
1139,0,20,17.27,3141462.2,405,0,0,3.955
1139,0,21,22.59,3509677.2,435,11,0,3.564
1139,0,22,29.89,34165.7,0,407,0,1.546
1139,0,23,15.03,25389.3,0,401,1,1.708
1139,0,24,29.93,0.0,0,0,0,0.0
1139,0,25,15.88,0.0,0,0,0,0.0
1139,0,26,12.33,0.0,0,0,0,0.0
1139,0,27,23.22,0.0,0,0,0,0.0
1139,0,28,22.59,0.0,0,0,0,0.0
1139,0,29,18.02,0.0,0,0,0,0.0
1139,0,30,31.52,0.0,0,0,0,0.0
1139,0,31,35.22,0.0,0,0,0,0.0
1139,1,0,20.0,57210.9,1,325,0,2.91
1139,1,1,22.2,2667584.0,332,0,0,3.962
1139,1,2,24.66,194071.7,18,337,0,3.114
1139,1,3,21.54,2675092.0,331,0,0,3.988
1139,1,4,33.76,712.5,0,366,0,3.0
1139,1,5,23.71,2782099.0,352,0,0,3.961
1139,1,6,10.08,2332366.2,290,31,0,3.47
1139,1,7,5.47,2818697.0,353,0,0,3.957
1139,1,8,9.6,2942554.0,368,0,0,3.974
1139,1,9,21.73,45740.9,2,366,0,2.978
1139,1,10,5.31,2744429.0,343,0,0,3.999
1139,1,11,36.07,2659247.0,334,0,0,3.874
1139,1,12,20.46,543.1,0,328,0,2.833
1139,1,13,34.32,2753347.1,337,2,1,3.734
1139,1,14,8.58,2879561.0,353,0,0,3.921
1139,1,15,13.3,2481265.9,309,17,0,3.591
1139,1,16,27.7,2658893.0,325,0,0,3.986
1139,1,17,12.23,2912538.0,361,0,0,3.931
1139,1,18,16.83,2232207.5,260,74,0,3.4
1139,1,19,38.02,369972.8,31,309,0,3.073
1139,1,20,37.85,2787150.0,343,0,0,3.966
1139,1,21,8.07,2347680.1,280,53,0,3.494
1139,1,22,27.42,2555389.0,319,0,0,3.935
1139,1,23,29.83,937472.3,103,229,0,3.286
1139,1,24,36.07,5844.9,0,385,0,2.857
1139,1,25,17.54,264805.8,20,345,0,3.128
1139,1,26,27.33,2992612.0,376,0,0,3.986
1139,1,27,37.84,0.0,0,0,0,0.0
1139,1,28,36.11,0.0,0,0,0,0.0
1139,1,29,28.09,0.0,0,0,0,0.0
1139,1,30,27.63,0.0,0,0,0,0.0
1139,1,31,24.51,0.0,0,0,0,0.0
1139,2,0,7.74,409.9,0,231,0,2.8
1139,2,1,8.87,1766283.0,220,0,0,3.689
1139,2,2,26.78,202071.6,16,221,0,3.07
1139,2,3,17.07,1645906.0,203,0,0,3.846
1139,2,4,20.49,1732449.0,219,0,0,3.952
1139,2,5,18.4,208.0,0,219,0,1.0
1139,2,6,16.21,1996985.0,243,0,0,3.99
1139,2,7,28.9,1644747.9,204,16,0,3.577
1139,2,8,15.49,1458244.9,179,47,0,3.496
1139,2,9,34.34,510252.3,50,199,0,3.187
1139,2,10,38.11,1769131.3,219,3,0,3.679
1139,2,11,16.92,185875.7,17,201,0,2.947
1139,2,12,10.26,1826940.0,230,1,0,3.984
1139,2,13,21.54,2020106.8,253,2,0,3.641
1139,2,14,19.74,1865930.2,234,1,0,3.707
1139,2,15,32.07,1962766.9,248,6,0,3.51
1139,2,16,36.08,1909727.0,229,0,0,3.967
1139,2,17,28.98,1659312.0,215,0,0,3.973
1139,2,18,8.04,1859217.0,231,0,0,3.967
1139,2,19,33.29,1835355.6,225,9,0,3.635
1139,2,20,17.79,11427.0,0,239,0,2.5
1139,2,21,16.53,1638448.0,201,9,0,3.496
1139,2,22,23.07,1707571.0,213,0,0,3.974
1139,2,23,23.06,1667660.0,213,0,0,3.947
1139,2,24,30.02,838290.0,79,152,0,3.287
1139,2,25,18.79,11355.6,0,212,0,2.366
1139,2,26,16.66,1824311.5,213,20,0,3.497
1139,2,27,27.9,1594050.0,201,0,0,3.959
1139,2,28,14.65,1372402.4,162,76,0,3.413
1139,2,29,36.0,1656772.5,209,2,0,3.95
1139,2,30,34.95,0.0,0,0,0,0.0
1139,2,31,15.56,0.0,0,0,0,0.0
1149,0,0,7.31,157087.8,6,412,0,1.85
1149,0,1,29.18,0.0,0,404,0,0.0
1149,0,2,26.27,3112281.0,398,0,0,3.912
1149,0,3,19.12,3216249.0,405,0,0,3.953
1149,0,4,15.72,51749.4,0,401,0,1.791
1149,0,5,15.24,3398298.0,417,0,0,3.854
1149,0,6,31.03,18648.5,0,405,0,1.407
1149,0,7,39.17,3511628.0,427,0,0,3.871
1149,0,8,35.65,707054.8,65,353,0,2.163
1149,0,9,14.73,3241737.5,414,2,0,3.646
1149,0,10,34.02,20470.4,0,414,0,1.84
1149,0,11,10.86,3327994.2,409,3,0,3.766
1149,0,12,13.55,2948982.0,371,0,0,3.916
1149,0,13,19.72,553914.4,35,332,0,2.109
1149,0,14,30.6,3270308.0,406,0,0,3.952
1149,0,15,28.59,3009347.0,378,0,0,3.455
1149,0,16,28.24,0.0,0,415,0,0.0
1149,0,17,31.34,3260034.4,398,1,0,2.924
1149,0,18,36.47,3191098.0,402,0,0,3.113
1149,0,19,5.84,2384.9,0,412,0,2.393
1149,0,20,17.27,3146635.0,406,0,0,3.958
1149,0,21,22.59,3536938.3,440,6,0,3.608
1149,0,22,29.89,34557.8,0,407,0,1.657
1149,0,23,15.03,25256.6,0,401,1,1.803
1149,0,24,29.93,0.0,0,0,0,0.0
1149,0,25,15.88,0.0,0,0,0,0.0
1149,0,26,12.33,0.0,0,0,0,0.0
1149,0,27,23.22,0.0,0,0,0,0.0
1149,0,28,22.59,0.0,0,0,0,0.0
1149,0,29,18.02,0.0,0,0,0,0.0
1149,0,30,31.52,0.0,0,0,0,0.0
1149,0,31,35.22,0.0,0,0,0,0.0
1149,1,0,20.0,65945.6,3,323,0,2.899
1149,1,1,22.2,2667584.0,332,0,0,3.969
1149,1,2,24.66,214217.5,20,335,0,3.215
1149,1,3,21.54,2675092.0,331,0,0,3.989
1149,1,4,33.76,844.4,0,366,0,2.8
1149,1,5,23.71,2782099.0,352,0,0,3.973
1149,1,6,10.08,2355540.2,290,31,0,3.532
1149,1,7,5.47,2818697.0,353,0,0,3.959
1149,1,8,9.6,2942554.0,368,0,0,3.979
1149,1,9,21.73,46985.0,0,368,0,3.078
1149,1,10,5.31,2744429.0,343,0,0,3.997
1149,1,11,36.07,2659247.0,334,0,0,3.885
1149,1,12,20.46,468.1,0,328,0,2.778
1149,1,13,34.32,2753844.1,337,2,1,3.755
1149,1,14,8.58,2879561.0,353,0,0,3.927
1149,1,15,13.3,2476966.3,308,18,0,3.626
1149,1,16,27.7,2658893.0,325,0,0,3.986
1149,1,17,12.23,2912538.0,361,0,0,3.931
1149,1,18,16.83,2222406.3,258,76,0,3.464
1149,1,19,38.02,345103.5,30,310,0,3.185
1149,1,20,37.85,2787150.0,343,0,0,3.964
1149,1,21,8.07,2305313.4,272,61,0,3.54
1149,1,22,27.42,2555389.0,319,0,0,3.945
1149,1,23,29.83,975374.7,102,230,0,3.354
1149,1,24,36.07,5951.0,0,385,0,2.92
1149,1,25,17.54,264917.0,19,346,0,3.195
1149,1,26,27.33,2992612.0,376,0,0,3.987
1149,1,27,37.84,0.0,0,0,0,0.0
1149,1,28,36.11,0.0,0,0,0,0.0
1149,1,29,28.09,0.0,0,0,0,0.0
1149,1,30,27.63,0.0,0,0,0,0.0
1149,1,31,24.51,0.0,0,0,0,0.0
1149,2,0,7.74,125.1,0,231,0,3.0
1149,2,1,8.87,1762547.3,219,1,0,3.716
1149,2,2,26.78,218630.1,14,222,1,3.089
1149,2,3,17.07,1645906.0,203,0,0,3.854
1149,2,4,20.49,1732449.0,219,0,0,3.959
1149,2,5,18.4,469.1,0,219,0,1.75
1149,2,6,16.21,1996985.0,243,0,0,3.996
1149,2,7,28.9,1688826.0,209,11,0,3.617
1149,2,8,15.49,1474825.6,185,41,0,3.526
1149,2,9,34.34,469425.4,49,200,0,3.181
1149,2,10,38.11,1769357.3,220,2,0,3.703
1149,2,11,16.92,182219.2,15,203,0,3.026
1149,2,12,10.26,1826940.0,230,1,0,3.988
1149,2,13,21.54,2022289.0,254,1,0,3.698
1149,2,14,19.74,1860512.5,234,1,0,3.744
1149,2,15,32.07,1964951.9,249,5,0,3.567
1149,2,16,36.08,1909727.0,229,0,0,3.961
1149,2,17,28.98,1659312.0,215,0,0,3.978
1149,2,18,8.04,1859217.0,231,0,0,3.972
1149,2,19,33.29,1846658.9,226,8,0,3.665
1149,2,20,17.79,11142.8,0,239,0,2.597
1149,2,21,16.53,1667333.1,202,8,0,3.56
1149,2,22,23.07,1707571.0,213,0,0,3.972
1149,2,23,23.06,1667660.0,213,0,0,3.959
1149,2,24,30.02,796696.9,79,152,0,3.441
1149,2,25,18.79,10987.7,0,212,0,2.436
1149,2,26,16.66,1833820.9,214,19,0,3.552
1149,2,27,27.9,1594050.0,201,0,0,3.973
1149,2,28,14.65,1385501.8,164,74,0,3.469
1149,2,29,36.0,1660654.5,210,1,0,3.945
1149,2,30,34.95,0.0,0,0,0,0.0
1149,2,31,15.56,0.0,0,0,0,0.0
1159,0,0,7.31,139958.6,6,412,0,1.828
1159,0,1,29.18,0.0,0,404,0,0.0
1159,0,2,26.27,3112281.0,398,0,0,3.92
1159,0,3,19.12,3216249.0,405,0,0,3.95
1159,0,4,15.72,51775.0,0,400,1,1.805
1159,0,5,15.24,3398298.0,417,0,0,3.849
1159,0,6,31.03,18432.3,0,405,0,1.438
1159,0,7,39.17,3511628.0,427,0,0,3.869
1159,0,8,35.65,719147.4,67,351,0,2.118
1159,0,9,14.73,3252542.0,415,1,0,3.652
1159,0,10,34.02,19005.5,0,414,0,1.79
1159,0,11,10.86,3332128.7,410,3,0,3.762
1159,0,12,13.55,2948982.0,371,0,0,3.92
1159,0,13,19.72,571500.3,37,330,0,2.092
1159,0,14,30.6,3270308.0,406,0,0,3.954
1159,0,15,28.59,3009347.0,378,0,0,3.453
1159,0,16,28.24,0.0,0,415,0,0.0
1159,0,17,31.34,3260371.0,399,0,0,2.893
1159,0,18,36.47,3191098.0,402,0,0,3.092
1159,0,19,5.84,2397.3,0,412,0,2.516
1159,0,20,17.27,3146635.0,406,0,0,3.961
1159,0,21,22.59,3501522.6,435,11,0,3.596
1159,0,22,29.89,33813.3,0,407,0,1.55
1159,0,23,15.03,24069.4,0,401,1,1.825
1159,0,24,29.93,0.0,0,0,0,0.0
1159,0,25,15.88,0.0,0,0,0,0.0
1159,0,26,12.33,0.0,0,0,0,0.0
1159,0,27,23.22,0.0,0,0,0,0.0
1159,0,28,22.59,0.0,0,0,0,0.0
1159,0,29,18.02,0.0,0,0,0,0.0
1159,0,30,31.52,0.0,0,0,0,0.0
1159,0,31,35.22,0.0,0,0,0,0.0
1159,1,0,20.0,62901.9,2,324,0,3.007
1159,1,1,22.2,2667584.0,332,0,0,3.967
1159,1,2,24.66,186246.6,17,338,0,3.219
1159,1,3,21.54,2675092.0,331,0,0,3.987
1159,1,4,33.76,1428.6,0,366,0,2.529
1159,1,5,23.71,2782099.0,352,0,0,3.973
1159,1,6,10.08,2352444.9,292,29,0,3.557
1159,1,7,5.47,2818697.0,353,0,0,3.96
1159,1,8,9.6,2942554.0,368,0,0,3.979
1159,1,9,21.73,46332.6,2,366,0,3.063
1159,1,10,5.31,2744429.0,343,0,0,4.0
1159,1,11,36.07,2659247.0,334,0,0,3.891
1159,1,12,20.46,761.8,0,328,0,2.667
1159,1,13,34.32,2756705.5,338,1,1,3.762
1159,1,14,8.58,2879561.0,353,0,0,3.945
1159,1,15,13.3,2481437.5,309,17,0,3.653
1159,1,16,27.7,2658893.0,325,0,0,3.989
1159,1,17,12.23,2912538.0,361,0,0,3.952
1159,1,18,16.83,2228667.8,261,73,0,3.467
1159,1,19,38.02,388278.0,30,310,0,3.159
1159,1,20,37.85,2787150.0,343,0,0,3.964
1159,1,21,8.07,2314927.1,278,55,0,3.548
1159,1,22,27.42,2555389.0,319,0,0,3.941
1159,1,23,29.83,943177.0,100,231,0,3.373
1159,1,24,36.07,6231.3,0,385,0,2.81
1159,1,25,17.54,252288.1,18,347,0,3.262
1159,1,26,27.33,2992612.0,376,0,0,3.991
1159,1,27,37.84,0.0,0,0,0,0.0
1159,1,28,36.11,0.0,0,0,0,0.0
1159,1,29,28.09,0.0,0,0,0,0.0
1159,1,30,27.63,0.0,0,0,0,0.0
1159,1,31,24.51,0.0,0,0,0,0.0
1159,2,0,7.74,130.7,0,231,0,3.333
1159,2,1,8.87,1766283.0,220,0,0,3.708
1159,2,2,26.78,216491.8,17,220,0,3.089
1159,2,3,17.07,1645906.0,203,0,0,3.895
1159,2,4,20.49,1732449.0,219,0,0,3.962
1159,2,5,18.4,710.6,0,219,0,1.25
1159,2,6,16.21,1996985.0,243,0,0,3.994
1159,2,7,28.9,1641267.5,205,15,0,3.632
1159,2,8,15.49,1480956.5,185,41,0,3.549
1159,2,9,34.34,513716.9,50,199,0,3.163
1159,2,10,38.11,1768786.5,219,3,0,3.716
1159,2,11,16.92,168903.0,18,200,0,3.04
1159,2,12,10.26,1835399.0,231,0,0,3.982
1159,2,13,21.54,2022289.0,254,1,0,3.684
1159,2,14,19.74,1867309.8,235,1,0,3.771
1159,2,15,32.07,1953978.1,248,6,0,3.574
1159,2,16,36.08,1909727.0,229,0,0,3.964
1159,2,17,28.98,1659312.0,215,0,0,3.975
1159,2,18,8.04,1859217.0,231,0,0,3.984
1159,2,19,33.29,1836230.1,226,8,0,3.677
1159,2,20,17.79,12077.1,0,239,0,2.544
1159,2,21,16.53,1643700.4,201,9,0,3.557
1159,2,22,23.07,1707571.0,213,0,0,3.966
1159,2,23,23.06,1667660.0,213,0,0,3.963
1159,2,24,30.02,796812.4,78,153,0,3.428
1159,2,25,18.79,10004.4,0,212,0,2.492
1159,2,26,16.66,1833719.1,214,19,0,3.583
1159,2,27,27.9,1594050.0,201,0,0,3.981
1159,2,28,14.65,1371658.0,165,73,0,3.478
1159,2,29,36.0,1660549.0,210,1,0,3.968
1159,2,30,34.95,0.0,0,0,0,0.0
1159,2,31,15.56,0.0,0,0,0,0.0
1169,0,0,7.31,147755.4,6,412,0,1.701
1169,0,1,29.18,0.0,0,404,0,0.0
1169,0,2,26.27,3112281.0,398,0,0,3.923
1169,0,3,19.12,3216249.0,405,0,0,3.943
1169,0,4,15.72,48500.1,0,401,0,1.736
1169,0,5,15.24,3398298.0,417,0,0,3.848
1169,0,6,31.03,19817.3,0,405,0,1.309
1169,0,7,39.17,3511628.0,427,0,0,3.876
1169,0,8,35.65,749637.4,71,347,0,2.092
1169,0,9,14.73,3244457.4,413,3,0,3.618
1169,0,10,34.02,19469.4,0,414,0,1.714
1169,0,11,10.86,3331102.9,410,3,0,3.766
1169,0,12,13.55,2948982.0,371,0,0,3.892
1169,0,13,19.72,559647.6,37,330,0,2.069
1169,0,14,30.6,3270308.0,406,0,0,3.941
1169,0,15,28.59,3009347.0,378,0,0,3.456
1169,0,16,28.24,0.0,0,415,0,0.0
1169,0,17,31.34,3260371.0,399,0,0,2.862
1169,0,18,36.47,3191098.0,402,0,0,3.103
1169,0,19,5.84,1411.7,0,412,0,2.667
1169,0,20,17.27,3141462.2,405,0,0,3.945
1169,0,21,22.59,3503648.7,434,12,0,3.595
1169,0,22,29.89,31478.2,0,406,1,1.492
1169,0,23,15.03,22744.6,0,401,1,1.633
1169,0,24,29.93,0.0,0,0,0,0.0
1169,0,25,15.88,0.0,0,0,0,0.0
1169,0,26,12.33,0.0,0,0,0,0.0
1169,0,27,23.22,0.0,0,0,0,0.0
1169,0,28,22.59,0.0,0,0,0,0.0
1169,0,29,18.02,0.0,0,0,0,0.0
1169,0,30,31.52,0.0,0,0,0,0.0
1169,0,31,35.22,0.0,0,0,0,0.0
1169,1,0,20.0,60978.9,1,325,0,2.919
1169,1,1,22.2,2667584.0,332,0,0,3.963
1169,1,2,24.66,226796.9,19,336,0,3.231
1169,1,3,21.54,2675092.0,331,0,0,3.985
1169,1,4,33.76,613.1,0,366,0,2.5
1169,1,5,23.71,2782099.0,352,0,0,3.968
1169,1,6,10.08,2355613.8,293,28,0,3.524
1169,1,7,5.47,2818697.0,353,0,0,3.958
1169,1,8,9.6,2942554.0,368,0,0,3.975
1169,1,9,21.73,45081.1,1,367,0,3.016
1169,1,10,5.31,2744429.0,343,0,0,3.997
1169,1,11,36.07,2659247.0,334,0,0,3.89
1169,1,12,20.46,621.6,0,328,0,2.4
1169,1,13,34.32,2753811.7,337,2,1,3.749
1169,1,14,8.58,2879561.0,353,0,0,3.928
1169,1,15,13.3,2475942.6,307,19,0,3.606
1169,1,16,27.7,2658893.0,325,0,0,3.992
1169,1,17,12.23,2912538.0,361,0,0,3.926
1169,1,18,16.83,2254839.0,264,71,0,3.427
1169,1,19,38.02,349493.1,27,313,0,3.096
1169,1,20,37.85,2787150.0,343,0,0,3.968
1169,1,21,8.07,2378834.9,280,53,0,3.514
1169,1,22,27.42,2555389.0,319,0,0,3.941
1169,1,23,29.83,925728.3,98,233,0,3.291
1169,1,24,36.07,6198.6,0,385,0,2.63
1169,1,25,17.54,260842.4,17,348,0,3.192
1169,1,26,27.33,2992612.0,376,0,0,3.988
1169,1,27,37.84,0.0,0,0,0,0.0
1169,1,28,36.11,0.0,0,0,0,0.0
1169,1,29,28.09,0.0,0,0,0,0.0
1169,1,30,27.63,0.0,0,0,0,0.0
1169,1,31,24.51,0.0,0,0,0,0.0
1169,2,0,7.74,88.6,0,231,0,2.0
1169,2,1,8.87,1764444.1,219,1,0,3.672
1169,2,2,26.78,194936.5,15,222,0,3.072
1169,2,3,17.07,1645906.0,203,0,0,3.879
1169,2,4,20.49,1732449.0,219,0,0,3.966
1169,2,5,18.4,590.6,0,219,0,1.5
1169,2,6,16.21,1996985.0,243,0,0,3.996
1169,2,7,28.9,1675249.1,208,12,0,3.621
1169,2,8,15.49,1468069.1,183,43,0,3.516
1169,2,9,34.34,496824.4,52,197,0,3.187
1169,2,10,38.11,1769853.3,220,2,0,3.697
1169,2,11,16.92,175051.9,17,201,0,2.973
1169,2,12,10.26,1835399.0,231,0,0,3.974
1169,2,13,21.54,2016321.0,252,3,0,3.667
1169,2,14,19.74,1861493.4,234,1,0,3.737
1169,2,15,32.07,1962581.1,249,5,0,3.558
1169,2,16,36.08,1909727.0,229,0,0,3.964
1169,2,17,28.98,1659312.0,215,0,0,3.972
1169,2,18,8.04,1859217.0,231,0,0,3.969
1169,2,19,33.29,1856481.8,230,4,0,3.646
1169,2,20,17.79,11171.5,0,239,0,2.235
1169,2,21,16.53,1656724.0,201,9,0,3.532
1169,2,22,23.07,1707571.0,213,0,0,3.962
1169,2,23,23.06,1667660.0,213,0,0,3.953
1169,2,24,30.02,771889.6,79,152,0,3.376
1169,2,25,18.79,9194.1,0,212,0,2.333
1169,2,26,16.66,1831413.6,214,19,0,3.532
1169,2,27,27.9,1594050.0,201,0,0,3.963
1169,2,28,14.65,1406004.2,166,72,0,3.452
1169,2,29,36.0,1664498.0,210,1,0,3.963
1169,2,30,34.95,0.0,0,0,0,0.0
1169,2,31,15.56,0.0,0,0,0,0.0
1179,0,0,7.31,138013.1,5,413,0,1.877
1179,0,1,29.18,0.0,0,404,0,0.0
1179,0,2,26.27,3112281.0,398,0,0,3.94
1179,0,3,19.12,3216249.0,405,0,0,3.954
1179,0,4,15.72,48318.1,0,401,0,1.883
1179,0,5,15.24,3398298.0,417,0,0,3.869
1179,0,6,31.03,17871.2,0,405,0,1.495
1179,0,7,39.17,3511628.0,427,0,0,3.888
1179,0,8,35.65,769723.7,68,350,0,2.209
1179,0,9,14.73,3246611.0,414,2,0,3.637
1179,0,10,34.02,20285.8,0,414,0,2.0
1179,0,11,10.86,3334845.4,411,2,0,3.791
1179,0,12,13.55,2948982.0,371,0,0,3.917
1179,0,13,19.72,557118.7,37,330,0,2.162
1179,0,14,30.6,3270308.0,406,0,0,3.951
1179,0,15,28.59,3009347.0,378,0,0,3.506
1179,0,16,28.24,0.0,0,415,0,0.0
1179,0,17,31.34,3260232.2,398,1,0,2.929
1179,0,18,36.47,3191098.0,402,0,0,3.165
1179,0,19,5.84,1811.9,0,412,0,2.852
1179,0,20,17.27,3141462.2,405,0,0,3.961
1179,0,21,22.59,3515229.6,436,10,0,3.633
1179,0,22,29.89,32709.8,0,407,0,1.705
1179,0,23,15.03,24652.2,0,401,1,1.853
1179,0,24,29.93,0.0,0,0,0,0.0
1179,0,25,15.88,0.0,0,0,0,0.0
1179,0,26,12.33,0.0,0,0,0,0.0
1179,0,27,23.22,0.0,0,0,0,0.0
1179,0,28,22.59,0.0,0,0,0,0.0
1179,0,29,18.02,0.0,0,0,0,0.0
1179,0,30,31.52,0.0,0,0,0,0.0
1179,0,31,35.22,0.0,0,0,0,0.0
1179,1,0,20.0,58145.9,2,324,0,3.116
1179,1,1,22.2,2667584.0,332,0,0,3.964
1179,1,2,24.66,207035.0,16,339,0,3.4
1179,1,3,21.54,2675092.0,331,0,0,3.989
1179,1,4,33.76,782.0,0,366,0,2.9
1179,1,5,23.71,2782099.0,352,0,0,3.975
1179,1,6,10.08,2337818.0,288,33,0,3.621
1179,1,7,5.47,2818697.0,353,0,0,3.963
1179,1,8,9.6,2942554.0,368,0,0,3.973
1179,1,9,21.73,47560.2,0,368,0,3.156
1179,1,10,5.31,2744429.0,343,0,0,3.999
1179,1,11,36.07,2659247.0,334,0,0,3.901
1179,1,12,20.46,586.0,0,328,0,2.818
1179,1,13,34.32,2754186.9,338,1,1,3.801
1179,1,14,8.58,2879561.0,353,0,0,3.95
1179,1,15,13.3,2474319.7,308,18,0,3.67
1179,1,16,27.7,2658893.0,325,0,0,3.991
1179,1,17,12.23,2912538.0,361,0,0,3.942
1179,1,18,16.83,2247825.3,254,80,0,3.515
1179,1,19,38.02,377476.6,24,316,0,3.258
1179,1,20,37.85,2787150.0,343,0,0,3.976
1179,1,21,8.07,2303213.8,274,59,0,3.58
1179,1,22,27.42,2555389.0,319,0,0,3.944
1179,1,23,29.83,923493.3,96,235,0,3.37
1179,1,24,36.07,6681.6,0,385,0,2.897
1179,1,25,17.54,260439.7,17,348,0,3.299
1179,1,26,27.33,2992612.0,376,0,0,3.99
1179,1,27,37.84,0.0,0,0,0,0.0
1179,1,28,36.11,0.0,0,0,0,0.0
1179,1,29,28.09,0.0,0,0,0,0.0
1179,1,30,27.63,0.0,0,0,0,0.0
1179,1,31,24.51,0.0,0,0,0,0.0
1179,2,0,7.74,355.0,0,231,0,3.0
1179,2,1,8.87,1758485.0,219,1,0,3.76
1179,2,2,26.78,213067.1,15,221,1,3.156
1179,2,3,17.07,1645906.0,203,0,0,3.89
1179,2,4,20.49,1732449.0,219,0,0,3.974
1179,2,5,18.4,710.6,0,219,0,1.25
1179,2,6,16.21,1996985.0,243,0,0,3.99
1179,2,7,28.9,1677704.5,209,11,0,3.695
1179,2,8,15.49,1456025.9,180,46,0,3.604
1179,2,9,34.34,514378.9,51,198,0,3.263
1179,2,10,38.11,1773144.1,220,2,0,3.769
1179,2,11,16.92,194032.7,18,200,0,3.062
1179,2,12,10.26,1826940.0,230,1,0,3.99
1179,2,13,21.54,2021617.1,253,2,0,3.719
1179,2,14,19.74,1857802.5,233,2,0,3.783
1179,2,15,32.07,1957785.8,247,7,0,3.614
1179,2,16,36.08,1909727.0,229,0,0,3.978
1179,2,17,28.98,1659312.0,215,0,0,3.975
1179,2,18,8.04,1859217.0,231,0,0,3.976
1179,2,19,33.29,1837698.8,227,7,0,3.703
1179,2,20,17.79,11208.8,0,239,0,2.492
1179,2,21,16.53,1638832.1,200,10,0,3.642
1179,2,22,23.07,1707571.0,213,0,0,3.972
1179,2,23,23.06,1667660.0,213,0,0,3.961
1179,2,24,30.02,815310.3,84,147,0,3.455
1179,2,25,18.79,10359.8,0,212,0,2.583
1179,2,26,16.66,1817722.6,211,22,0,3.612
1179,2,27,27.9,1594050.0,201,0,0,3.981
1179,2,28,14.65,1393291.7,163,75,0,3.529
1179,2,29,36.0,1664498.0,210,1,0,3.966
1179,2,30,34.95,0.0,0,0,0,0.0
1179,2,31,15.56,0.0,0,0,0,0.0
1189,0,0,7.31,137849.8,4,414,0,1.876
1189,0,1,29.18,0.0,0,404,0,0.0
1189,0,2,26.27,3112281.0,398,0,0,3.921
1189,0,3,19.12,3216249.0,405,0,0,3.956
1189,0,4,15.72,51157.1,0,401,0,1.761
1189,0,5,15.24,3398298.0,417,0,0,3.866
1189,0,6,31.03,18293.4,0,405,0,1.536
1189,0,7,39.17,3511628.0,427,0,0,3.89
1189,0,8,35.65,781460.5,66,352,0,2.186
1189,0,9,14.73,3244457.4,413,3,0,3.639
1189,0,10,34.02,19859.3,0,414,0,1.878
1189,0,11,10.86,3334845.4,411,2,0,3.786
1189,0,12,13.55,2948982.0,371,0,0,3.911
1189,0,13,19.72,559872.1,38,329,0,2.156
1189,0,14,30.6,3270308.0,406,0,0,3.955
1189,0,15,28.59,3009347.0,378,0,0,3.487
1189,0,16,28.24,0.0,0,415,0,0.0
1189,0,17,31.34,3259965.0,398,0,0,2.907
1189,0,18,36.47,3191098.0,402,0,0,3.138
1189,0,19,5.84,1753.7,0,412,0,2.826
1189,0,20,17.27,3141462.2,405,0,0,3.959
1189,0,21,22.59,3515908.1,436,10,0,3.61
1189,0,22,29.89,32911.7,0,407,0,1.677
1189,0,23,15.03,22277.3,0,401,1,1.817
1189,0,24,29.93,0.0,0,0,0,0.0
1189,0,25,15.88,0.0,0,0,0,0.0
1189,0,26,12.33,0.0,0,0,0,0.0
1189,0,27,23.22,0.0,0,0,0,0.0
1189,0,28,22.59,0.0,0,0,0,0.0
1189,0,29,18.02,0.0,0,0,0,0.0
1189,0,30,31.52,0.0,0,0,0,0.0
1189,0,31,35.22,0.0,0,0,0,0.0
1189,1,0,20.0,57019.2,2,324,0,3.095
1189,1,1,22.2,2667584.0,332,0,0,3.964
1189,1,2,24.66,209623.7,16,339,0,3.304
1189,1,3,21.54,2675092.0,331,0,0,3.994
1189,1,4,33.76,838.6,0,366,0,2.889
1189,1,5,23.71,2782099.0,352,0,0,3.972
1189,1,6,10.08,2360126.1,294,27,0,3.6
1189,1,7,5.47,2818697.0,353,0,0,3.97
1189,1,8,9.6,2942554.0,368,0,0,3.977
1189,1,9,21.73,46935.8,0,368,0,3.175
1189,1,10,5.31,2744429.0,343,0,0,3.999
1189,1,11,36.07,2659247.0,334,0,0,3.912
1189,1,12,20.46,413.3,0,328,0,2.6
1189,1,13,34.32,2753302.6,337,2,1,3.801
1189,1,14,8.58,2879561.0,353,0,0,3.953
1189,1,15,13.3,2476563.7,307,19,0,3.659
1189,1,16,27.7,2658893.0,325,0,0,3.998
1189,1,17,12.23,2912538.0,361,0,0,3.943
1189,1,18,16.83,2313550.2,262,72,0,3.508
1189,1,19,38.02,368984.0,28,312,0,3.227
1189,1,20,37.85,2787150.0,343,0,0,3.976
1189,1,21,8.07,2311828.9,275,58,0,3.579
1189,1,22,27.42,2555389.0,319,0,0,3.947
1189,1,23,29.83,949232.5,95,236,0,3.408
1189,1,24,36.07,6165.7,0,385,0,3.036
1189,1,25,17.54,262024.3,14,351,0,3.307
1189,1,26,27.33,2992612.0,376,0,0,3.985
1189,1,27,37.84,0.0,0,0,0,0.0
1189,1,28,36.11,0.0,0,0,0,0.0
1189,1,29,28.09,0.0,0,0,0,0.0
1189,1,30,27.63,0.0,0,0,0,0.0
1189,1,31,24.51,0.0,0,0,0,0.0
1189,2,0,7.74,173.8,0,231,0,3.0
1189,2,1,8.87,1766283.0,220,0,0,3.732
1189,2,2,26.78,211835.6,15,221,1,3.151
1189,2,3,17.07,1645906.0,203,0,0,3.881
1189,2,4,20.49,1732449.0,219,0,0,3.972
1189,2,5,18.4,591.2,0,219,0,1.5
1189,2,6,16.21,1996985.0,243,0,0,3.992
1189,2,7,28.9,1677394.0,208,12,0,3.683
1189,2,8,15.49,1456266.3,180,46,0,3.577
1189,2,9,34.34,507916.2,52,197,0,3.209
1189,2,10,38.11,1762382.1,219,3,0,3.767
1189,2,11,16.92,177941.0,16,202,0,3.073
1189,2,12,10.26,1826940.0,230,1,0,3.98
1189,2,13,21.54,2022411.6,253,2,0,3.713
1189,2,14,19.74,1868031.0,236,0,0,3.788
1189,2,15,32.07,1957507.6,249,5,0,3.622
1189,2,16,36.08,1909727.0,229,0,0,3.961
1189,2,17,28.98,1659312.0,215,0,0,3.98
1189,2,18,8.04,1859217.0,231,0,0,3.985
1189,2,19,33.29,1854430.6,230,4,0,3.73
1189,2,20,17.79,12856.6,0,239,0,2.435
1189,2,21,16.53,1651949.6,200,10,0,3.625
1189,2,22,23.07,1707571.0,213,0,0,3.97
1189,2,23,23.06,1667660.0,213,0,0,3.966
1189,2,24,30.02,840052.1,83,148,0,3.447
1189,2,25,18.79,9270.7,0,212,0,2.569
1189,2,26,16.66,1822221.9,212,21,0,3.596
1189,2,27,27.9,1594050.0,201,0,0,3.977
1189,2,28,14.65,1380818.4,162,76,0,3.508
1189,2,29,36.0,1660549.0,210,1,0,3.959
1189,2,30,34.95,0.0,0,0,0,0.0
1189,2,31,15.56,0.0,0,0,0,0.0
1199,0,0,7.31,129017.0,4,414,0,1.696
1199,0,1,29.18,0.0,0,404,0,0.0
1199,0,2,26.27,3112281.0,398,0,0,3.922
1199,0,3,19.12,3216249.0,405,0,0,3.954
1199,0,4,15.72,47115.8,0,401,0,1.755
1199,0,5,15.24,3398298.0,417,0,0,3.852
1199,0,6,31.03,16252.2,0,405,0,1.51
1199,0,7,39.17,3511628.0,427,0,0,3.885
1199,0,8,35.65,773026.7,65,353,0,2.137
1199,0,9,14.73,3249892.4,414,2,0,3.64
1199,0,10,34.02,18985.2,0,414,0,1.772
1199,0,11,10.86,3337906.7,411,2,0,3.784
1199,0,12,13.55,2948982.0,371,0,0,3.902
1199,0,13,19.72,593850.7,43,324,0,2.067
1199,0,14,30.6,3270308.0,406,0,0,3.95
1199,0,15,28.59,3009347.0,378,0,0,3.463
1199,0,16,28.24,0.0,0,415,0,0.0
1199,0,17,31.34,3260371.0,399,0,0,2.868
1199,0,18,36.47,3191098.0,402,0,0,3.118
1199,0,19,5.84,2092.5,0,412,0,2.609
1199,0,20,17.27,3141462.2,405,0,0,3.953
1199,0,21,22.59,3521220.4,438,8,0,3.597
1199,0,22,29.89,30704.1,0,406,1,1.569
1199,0,23,15.03,22308.3,0,401,1,1.636
1199,0,24,29.93,0.0,0,0,0,0.0
1199,0,25,15.88,0.0,0,0,0,0.0
1199,0,26,12.33,0.0,0,0,0,0.0
1199,0,27,23.22,0.0,0,0,0,0.0
1199,0,28,22.59,0.0,0,0,0,0.0
1199,0,29,18.02,0.0,0,0,0,0.0
1199,0,30,31.52,0.0,0,0,0,0.0
1199,0,31,35.22,0.0,0,0,0,0.0
1199,1,0,20.0,56747.2,1,325,0,3.07
1199,1,1,22.2,2667584.0,332,0,0,3.962
1199,1,2,24.66,211334.3,16,339,0,3.294
1199,1,3,21.54,2675092.0,331,0,0,3.987
1199,1,4,33.76,605.6,0,366,0,3.111
1199,1,5,23.71,2782099.0,352,0,0,3.971
1199,1,6,10.08,2354236.7,289,32,0,3.577
1199,1,7,5.47,2818697.0,353,0,0,3.968
1199,1,8,9.6,2942554.0,368,0,0,3.971
1199,1,9,21.73,47816.3,1,367,0,3.054
1199,1,10,5.31,2744429.0,343,0,0,3.999
1199,1,11,36.07,2659247.0,334,0,0,3.898
1199,1,12,20.46,537.7,0,328,0,2.333
1199,1,13,34.32,2753421.8,337,2,1,3.789
1199,1,14,8.58,2879561.0,353,0,0,3.958
1199,1,15,13.3,2485558.3,309,17,0,3.643
1199,1,16,27.7,2658893.0,325,0,0,3.996
1199,1,17,12.23,2912538.0,361,0,0,3.935
1199,1,18,16.83,2301876.2,267,68,0,3.473
1199,1,19,38.02,339318.8,25,315,0,3.2
1199,1,20,37.85,2787150.0,343,0,0,3.976
1199,1,21,8.07,2348352.2,279,54,0,3.557
1199,1,22,27.42,2555389.0,319,0,0,3.943
1199,1,23,29.83,983375.9,96,235,0,3.352
1199,1,24,36.07,5944.7,0,385,0,2.857
1199,1,25,17.54,274627.4,18,347,0,3.259
1199,1,26,27.33,2992612.0,376,0,0,3.987
1199,1,27,37.84,0.0,0,0,0,0.0
1199,1,28,36.11,0.0,0,0,0,0.0
1199,1,29,28.09,0.0,0,0,0,0.0
1199,1,30,27.63,0.0,0,0,0,0.0
1199,1,31,24.51,0.0,0,0,0,0.0
1199,2,0,7.74,400.5,0,231,0,2.25
1199,2,1,8.87,1766283.0,220,0,0,3.73
1199,2,2,26.78,212487.8,18,219,0,3.074
1199,2,3,17.07,1645906.0,203,0,0,3.875
1199,2,4,20.49,1732449.0,219,0,0,3.965
1199,2,5,18.4,918.6,0,219,0,1.2
1199,2,6,16.21,1996985.0,243,0,0,3.992
1199,2,7,28.9,1680226.7,210,10,0,3.67
1199,2,8,15.49,1471284.9,184,42,0,3.545
1199,2,9,34.34,486419.2,50,199,0,3.148
1199,2,10,38.11,1766810.0,219,3,0,3.754
1199,2,11,16.92,179713.1,16,202,0,2.961
1199,2,12,10.26,1826940.0,230,1,0,3.976
1199,2,13,21.54,2021009.2,253,2,0,3.678
1199,2,14,19.74,1862494.3,234,2,0,3.76
1199,2,15,32.07,1964933.0,248,6,0,3.581
1199,2,16,36.08,1909727.0,229,0,0,3.961
1199,2,17,28.98,1659312.0,215,0,0,3.971
1199,2,18,8.04,1859217.0,231,0,0,3.978
1199,2,19,33.29,1848444.2,227,7,0,3.707
1199,2,20,17.79,11863.6,0,239,0,2.339
1199,2,21,16.53,1668028.7,203,7,0,3.561
1199,2,22,23.07,1707571.0,213,0,0,3.968
1199,2,23,23.06,1667660.0,213,0,0,3.961
1199,2,24,30.02,836789.3,84,147,0,3.393
1199,2,25,18.79,8497.4,0,212,0,2.564
1199,2,26,16.66,1822502.6,214,19,0,3.573
1199,2,27,27.9,1594050.0,201,0,0,3.981
1199,2,28,14.65,1426031.5,171,67,0,3.461
1199,2,29,36.0,1660769.4,210,1,0,3.955
1199,2,30,34.95,0.0,0,0,0,0.0
1199,2,31,15.56,0.0,0,0,0,0.0
1209,0,0,7.31,125101.2,4,414,0,1.786
1209,0,1,29.18,0.0,0,404,0,0.0
1209,0,2,26.27,3112281.0,398,0,0,3.912
1209,0,3,19.12,3216249.0,405,0,0,3.952
1209,0,4,15.72,53717.8,0,401,0,1.776
1209,0,5,15.24,3398298.0,417,0,0,3.842
1209,0,6,31.03,18378.9,0,405,0,1.53
1209,0,7,39.17,3511628.0,427,0,0,3.892
1209,0,8,35.65,765944.7,66,352,0,2.149
1209,0,9,14.73,3239087.9,413,3,0,3.654
1209,0,10,34.02,21450.7,0,414,0,1.789
1209,0,11,10.86,3328041.6,410,3,0,3.788
1209,0,12,13.55,2948982.0,371,0,0,3.915
1209,0,13,19.72,573006.8,44,323,0,2.145
1209,0,14,30.6,3270308.0,406,0,0,3.952
1209,0,15,28.59,3009347.0,378,0,0,3.477
1209,0,16,28.24,0.0,0,415,0,0.0
1209,0,17,31.34,3260371.0,399,0,0,2.896
1209,0,18,36.47,3191098.0,402,0,0,3.144
1209,0,19,5.84,1690.0,0,412,0,2.84
1209,0,20,17.27,3141462.2,405,0,0,3.957
1209,0,21,22.59,3507612.6,435,11,0,3.608
1209,0,22,29.89,32031.4,0,407,0,1.65
1209,0,23,15.03,23862.9,0,401,1,1.837
1209,0,24,29.93,0.0,0,0,0,0.0
1209,0,25,15.88,0.0,0,0,0,0.0
1209,0,26,12.33,0.0,0,0,0,0.0
1209,0,27,23.22,0.0,0,0,0,0.0
1209,0,28,22.59,0.0,0,0,0,0.0
1209,0,29,18.02,0.0,0,0,0,0.0
1209,0,30,31.52,0.0,0,0,0,0.0
1209,0,31,35.22,0.0,0,0,0,0.0
1209,1,0,20.0,60966.1,1,325,0,3.004
1209,1,1,22.2,2667584.0,332,0,0,3.968
1209,1,2,24.66,205436.3,15,340,0,3.356
1209,1,3,21.54,2675092.0,331,0,0,3.993
1209,1,4,33.76,779.8,0,366,0,3.091
1209,1,5,23.71,2782099.0,352,0,0,3.97
1209,1,6,10.08,2341458.2,291,30,0,3.595
1209,1,7,5.47,2818697.0,353,0,0,3.967
1209,1,8,9.6,2942554.0,368,0,0,3.981
1209,1,9,21.73,50048.7,0,368,0,3.18
1209,1,10,5.31,2744429.0,343,0,0,4.0
1209,1,11,36.07,2659247.0,334,0,0,3.9
1209,1,12,20.46,498.2,0,328,0,2.5
1209,1,13,34.32,2752794.3,336,2,2,3.782
1209,1,14,8.58,2879561.0,353,0,0,3.959
1209,1,15,13.3,2482461.1,309,17,0,3.669
1209,1,16,27.7,2658893.0,325,0,0,3.993
1209,1,17,12.23,2912538.0,361,0,0,3.938
1209,1,18,16.83,2277037.2,260,75,0,3.488
1209,1,19,38.02,362434.7,27,313,0,3.201
1209,1,20,37.85,2787150.0,343,0,0,3.973
1209,1,21,8.07,2318006.2,272,61,0,3.577
1209,1,22,27.42,2555389.0,319,0,0,3.951
1209,1,23,29.83,932766.7,92,240,0,3.37
1209,1,24,36.07,6294.8,0,385,0,2.769
1209,1,25,17.54,268759.7,17,348,0,3.288
1209,1,26,27.33,2992612.0,376,0,0,3.987
1209,1,27,37.84,0.0,0,0,0,0.0
1209,1,28,36.11,0.0,0,0,0,0.0
1209,1,29,28.09,0.0,0,0,0,0.0
1209,1,30,27.63,0.0,0,0,0,0.0
1209,1,31,24.51,0.0,0,0,0,0.0
1209,2,0,7.74,198.9,0,230,1,3.222
1209,2,1,8.87,1758485.0,219,1,0,3.749
1209,2,2,26.78,201410.2,15,221,1,3.14
1209,2,3,17.07,1645906.0,203,0,0,3.885
1209,2,4,20.49,1732449.0,219,0,0,3.969
1209,2,5,18.4,710.6,0,219,0,1.25
1209,2,6,16.21,1996985.0,243,0,0,3.992
1209,2,7,28.9,1689539.7,211,9,0,3.692
1209,2,8,15.49,1470151.8,180,46,0,3.593
1209,2,9,34.34,488300.9,51,198,0,3.21
1209,2,10,38.11,1771243.9,219,3,0,3.781
1209,2,11,16.92,174538.2,17,201,0,3.041
1209,2,12,10.26,1826940.0,230,1,0,3.99
1209,2,13,21.54,2022066.6,253,2,0,3.716
1209,2,14,19.74,1853374.8,233,3,0,3.784
1209,2,15,32.07,1966998.2,249,5,0,3.59
1209,2,16,36.08,1909727.0,229,0,0,3.969
1209,2,17,28.98,1659312.0,215,0,0,3.983
1209,2,18,8.04,1859217.0,231,0,0,3.981
1209,2,19,33.29,1846462.2,227,7,0,3.707
1209,2,20,17.79,12233.4,0,239,0,2.39
1209,2,21,16.53,1655155.9,201,9,0,3.621
1209,2,22,23.07,1707571.0,213,0,0,3.972
1209,2,23,23.06,1667660.0,213,0,0,3.965
1209,2,24,30.02,811478.6,80,151,0,3.415
1209,2,25,18.79,8105.1,0,212,0,2.707
1209,2,26,16.66,1838086.8,215,18,0,3.615
1209,2,27,27.9,1594050.0,201,0,0,3.977
1209,2,28,14.65,1431153.7,167,71,0,3.499
1209,2,29,36.0,1660549.0,210,1,0,3.963
1209,2,30,34.95,0.0,0,0,0,0.0
1209,2,31,15.56,0.0,0,0,0,0.0
1219,0,0,7.31,123195.1,5,413,0,1.608
1219,0,1,29.18,0.0,0,404,0,0.0
1219,0,2,26.27,3112281.0,398,0,0,3.899
1219,0,3,19.12,3216249.0,405,0,0,3.945
1219,0,4,15.72,49950.5,0,401,0,1.595
1219,0,5,15.24,3398298.0,417,0,0,3.837
1219,0,6,31.03,16670.0,0,405,0,1.351
1219,0,7,39.17,3511628.0,427,0,0,3.862
1219,0,8,35.65,738090.4,63,355,0,2.042
1219,0,9,14.73,3249892.4,414,2,0,3.614
1219,0,10,34.02,21081.8,0,414,0,1.667
1219,0,11,10.86,3328041.6,410,3,0,3.767
1219,0,12,13.55,2948982.0,371,0,0,3.908
1219,0,13,19.72,607856.2,42,325,0,1.995
1219,0,14,30.6,3270308.0,406,0,0,3.942
1219,0,15,28.59,3009347.0,378,0,0,3.426
1219,0,16,28.24,0.0,0,415,0,0.0
1219,0,17,31.34,3260371.0,399,0,0,2.838
1219,0,18,36.47,3191098.0,402,0,0,3.099
1219,0,19,5.84,1841.0,0,412,0,2.333
1219,0,20,17.27,3146635.0,406,0,0,3.947
1219,0,21,22.59,3509134.3,436,10,0,3.563
1219,0,22,29.89,32301.0,0,406,1,1.366
1219,0,23,15.03,23506.3,0,401,1,1.477
1219,0,24,29.93,0.0,0,0,0,0.0
1219,0,25,15.88,0.0,0,0,0,0.0
1219,0,26,12.33,0.0,0,0,0,0.0
1219,0,27,23.22,0.0,0,0,0,0.0
1219,0,28,22.59,0.0,0,0,0,0.0
1219,0,29,18.02,0.0,0,0,0,0.0
1219,0,30,31.52,0.0,0,0,0,0.0
1219,0,31,35.22,0.0,0,0,0,0.0
1219,1,0,20.0,59934.7,2,324,0,2.858
1219,1,1,22.2,2667584.0,332,0,0,3.963
1219,1,2,24.66,227570.0,16,339,0,3.125
1219,1,3,21.54,2675092.0,331,0,0,3.993
1219,1,4,33.76,875.7,0,366,0,3.0
1219,1,5,23.71,2782099.0,352,0,0,3.967
1219,1,6,10.08,2331170.1,290,31,0,3.502
1219,1,7,5.47,2818697.0,353,0,0,3.969
1219,1,8,9.6,2942554.0,368,0,0,3.964
1219,1,9,21.73,49010.0,0,368,0,2.984
1219,1,10,5.31,2744429.0,343,0,0,3.999
1219,1,11,36.07,2659247.0,334,0,0,3.861
1219,1,12,20.46,498.2,0,328,0,2.25
1219,1,13,34.32,2754197.1,338,2,0,3.751
1219,1,14,8.58,2879561.0,353,0,0,3.944
1219,1,15,13.3,2486755.7,310,16,0,3.556
1219,1,16,27.7,2658893.0,325,0,0,3.994
1219,1,17,12.23,2912538.0,361,0,0,3.921
1219,1,18,16.83,2306289.2,269,66,0,3.38
1219,1,19,38.02,330182.2,26,314,0,3.027
1219,1,20,37.85,2787150.0,343,0,0,3.958
1219,1,21,8.07,2369785.8,287,46,0,3.472
1219,1,22,27.42,2555389.0,319,0,0,3.928
1219,1,23,29.83,922324.5,92,239,0,3.26
1219,1,24,36.07,5808.3,0,385,0,2.675
1219,1,25,17.54,236710.3,18,347,0,3.173
1219,1,26,27.33,2992612.0,376,0,0,3.982
1219,1,27,37.84,0.0,0,0,0,0.0
1219,1,28,36.11,0.0,0,0,0,0.0
1219,1,29,28.09,0.0,0,0,0,0.0
1219,1,30,27.63,0.0,0,0,0,0.0
1219,1,31,24.51,0.0,0,0,0,0.0
1219,2,0,7.74,386.6,0,231,0,2.571
1219,2,1,8.87,1764587.7,219,1,0,3.69
1219,2,2,26.78,206435.5,16,220,1,3.004
1219,2,3,17.07,1645906.0,203,0,0,3.856
1219,2,4,20.49,1732449.0,219,0,0,3.964
1219,2,5,18.4,918.6,0,219,0,1.2
1219,2,6,16.21,1996985.0,243,0,0,3.986
1219,2,7,28.9,1669939.6,207,13,0,3.619
1219,2,8,15.49,1459634.6,181,45,0,3.477
1219,2,9,34.34,468306.0,45,204,0,3.128
1219,2,10,38.11,1771425.9,219,3,0,3.693
1219,2,11,16.92,171664.5,17,201,0,2.854
1219,2,12,10.26,1826940.0,230,1,0,3.982
1219,2,13,21.54,2019654.1,252,3,0,3.643
1219,2,14,19.74,1861465.8,234,1,0,3.687
1219,2,15,32.07,1968213.9,249,5,0,3.531
1219,2,16,36.08,1909727.0,229,0,0,3.96
1219,2,17,28.98,1659312.0,215,0,0,3.981
1219,2,18,8.04,1859217.0,231,0,0,3.979
1219,2,19,33.29,1847318.5,227,7,0,3.656
1219,2,20,17.79,13312.3,0,239,0,2.387
1219,2,21,16.53,1656752.0,202,8,0,3.535
1219,2,22,23.07,1707571.0,213,0,0,3.972
1219,2,23,23.06,1667660.0,213,0,0,3.952
1219,2,24,30.02,833792.1,85,146,0,3.339
1219,2,25,18.79,6794.2,0,212,0,2.488
1219,2,26,16.66,1842477.1,215,18,0,3.498
1219,2,27,27.9,1594050.0,201,0,0,3.971
1219,2,28,14.65,1423709.4,170,68,0,3.415
1219,2,29,36.0,1660549.0,210,1,0,3.967
1219,2,30,34.95,0.0,0,0,0,0.0
1219,2,31,15.56,0.0,0,0,0,0.0
1229,0,0,7.31,115717.9,5,413,0,1.553
1229,0,1,29.18,0.0,0,404,0,0.0
1229,0,2,26.27,3112281.0,398,0,0,3.888
1229,0,3,19.12,3216249.0,405,0,0,3.94
1229,0,4,15.72,48731.3,0,400,1,1.56
1229,0,5,15.24,3398298.0,417,0,0,3.83
1229,0,6,31.03,16881.5,0,405,0,1.261
1229,0,7,39.17,3511628.0,427,0,0,3.846
1229,0,8,35.65,714960.7,63,355,0,2.005
1229,0,9,14.73,3252542.0,415,1,0,3.616
1229,0,10,34.02,20569.6,0,414,0,1.607
1229,0,11,10.86,3328041.6,410,3,0,3.755
1229,0,12,13.55,2948982.0,371,0,0,3.887
1229,0,13,19.72,621448.2,42,325,0,1.952
1229,0,14,30.6,3270308.0,406,0,0,3.943
1229,0,15,28.59,3009347.0,378,0,0,3.401
1229,0,16,28.24,0.0,0,415,0,0.0
1229,0,17,31.34,3260371.0,399,0,0,2.807
1229,0,18,36.47,3191098.0,402,0,0,3.067
1229,0,19,5.84,2206.1,0,412,0,2.111
1229,0,20,17.27,3146635.0,406,0,0,3.947
1229,0,21,22.59,3504679.9,433,13,0,3.545
1229,0,22,29.89,32354.8,0,407,0,1.307
1229,0,23,15.03,23602.9,0,401,1,1.367
1229,0,24,29.93,0.0,0,0,0,0.0
1229,0,25,15.88,0.0,0,0,0,0.0
1229,0,26,12.33,0.0,0,0,0,0.0
1229,0,27,23.22,0.0,0,0,0,0.0
1229,0,28,22.59,0.0,0,0,0,0.0
1229,0,29,18.02,0.0,0,0,0,0.0
1229,0,30,31.52,0.0,0,0,0,0.0
1229,0,31,35.22,0.0,0,0,0,0.0
1229,1,0,20.0,55695.9,2,324,0,2.803
1229,1,1,22.2,2667584.0,332,0,0,3.953
1229,1,2,24.66,207848.7,17,338,0,3.081
1229,1,3,21.54,2675092.0,331,0,0,3.987
1229,1,4,33.76,699.8,0,366,0,3.111
1229,1,5,23.71,2782099.0,352,0,0,3.956
1229,1,6,10.08,2356747.3,292,29,0,3.471
1229,1,7,5.47,2818697.0,353,0,0,3.953
1229,1,8,9.6,2942554.0,368,0,0,3.963
1229,1,9,21.73,51775.2,2,366,0,2.947
1229,1,10,5.31,2744429.0,343,0,0,3.996
1229,1,11,36.07,2659247.0,334,0,0,3.853
1229,1,12,20.46,674.6,0,328,0,1.5
1229,1,13,34.32,2753778.2,338,2,0,3.705
1229,1,14,8.58,2879561.0,353,0,0,3.938
1229,1,15,13.3,2500868.8,312,14,0,3.563
1229,1,16,27.7,2658893.0,325,0,0,3.996
1229,1,17,12.23,2912538.0,361,0,0,3.904
1229,1,18,16.83,2296340.8,267,68,0,3.345
1229,1,19,38.02,333777.1,29,311,0,2.988
1229,1,20,37.85,2787150.0,343,0,0,3.961
1229,1,21,8.07,2374611.4,281,52,0,3.444
1229,1,22,27.42,2555389.0,319,0,0,3.913
1229,1,23,29.83,904405.5,96,236,0,3.203
1229,1,24,36.07,5802.2,0,385,0,2.487
1229,1,25,17.54,242680.8,17,348,0,3.092
1229,1,26,27.33,2992612.0,376,0,0,3.975
1229,1,27,37.84,0.0,0,0,0,0.0
1229,1,28,36.11,0.0,0,0,0,0.0
1229,1,29,28.09,0.0,0,0,0,0.0
1229,1,30,27.63,0.0,0,0,0,0.0
1229,1,31,24.51,0.0,0,0,0,0.0
1229,2,0,7.74,136.4,0,231,0,3.333
1229,2,1,8.87,1764607.2,219,1,0,3.68
1229,2,2,26.78,177290.5,13,224,0,2.957
1229,2,3,17.07,1645906.0,203,0,0,3.837
1229,2,4,20.49,1732449.0,219,0,0,3.95
1229,2,5,18.4,1213.1,0,219,0,1.286
1229,2,6,16.21,1996985.0,243,0,0,3.986
1229,2,7,28.9,1696414.3,211,9,0,3.568
1229,2,8,15.49,1473324.7,179,47,0,3.444
1229,2,9,34.34,493977.7,50,199,0,3.032
1229,2,10,38.11,1774053.3,220,2,0,3.673
1229,2,11,16.92,170158.9,15,203,0,2.738
1229,2,12,10.26,1826940.0,230,1,0,3.986
1229,2,13,21.54,2031098.4,254,1,0,3.607
1229,2,14,19.74,1857991.2,233,3,0,3.672
1229,2,15,32.07,1963520.4,248,6,0,3.497
1229,2,16,36.08,1909727.0,229,0,0,3.96
1229,2,17,28.98,1659312.0,215,0,0,3.967
1229,2,18,8.04,1859217.0,231,0,0,3.969
1229,2,19,33.29,1842205.5,226,8,0,3.634
1229,2,20,17.79,10470.6,0,239,0,2.239
1229,2,21,16.53,1666232.9,203,7,0,3.486
1229,2,22,23.07,1707571.0,213,0,0,3.962
1229,2,23,23.06,1667660.0,213,0,0,3.94
1229,2,24,30.02,824484.1,84,147,0,3.274
1229,2,25,18.79,5448.8,0,212,0,2.553
1229,2,26,16.66,1841819.3,218,15,0,3.472
1229,2,27,27.9,1594050.0,201,0,0,3.958
1229,2,28,14.65,1457786.4,172,66,0,3.39
1229,2,29,36.0,1660549.0,210,1,0,3.955
1229,2,30,34.95,0.0,0,0,0,0.0
1229,2,31,15.56,0.0,0,0,0,0.0
1239,0,0,7.31,115821.1,5,413,0,1.486
1239,0,1,29.18,0.0,0,404,0,0.0
1239,0,2,26.27,3112281.0,398,0,0,3.872
1239,0,3,19.12,3216249.0,405,0,0,3.933
1239,0,4,15.72,50826.5,0,401,0,1.461
1239,0,5,15.24,3398298.0,417,0,0,3.814
1239,0,6,31.03,18126.5,0,405,0,1.245
1239,0,7,39.17,3511628.0,427,0,0,3.851
1239,0,8,35.65,732182.9,63,355,0,1.936
1239,0,9,14.73,3233650.8,412,4,0,3.598
1239,0,10,34.02,17203.2,0,414,0,1.529
1239,0,11,10.86,3328041.6,410,3,0,3.728
1239,0,12,13.55,2948982.0,371,0,0,3.882
1239,0,13,19.72,590377.3,45,322,0,1.894
1239,0,14,30.6,3270308.0,406,0,0,3.94
1239,0,15,28.59,3009347.0,378,0,0,3.386
1239,0,16,28.24,0.0,0,415,0,0.0
1239,0,17,31.34,3260371.0,399,0,0,2.795
1239,0,18,36.47,3191098.0,402,0,0,3.051
1239,0,19,5.84,1925.3,0,412,0,1.933
1239,0,20,17.27,3146635.0,406,0,0,3.947
1239,0,21,22.59,3520176.3,436,10,0,3.521
1239,0,22,29.89,34041.7,0,407,0,1.179
1239,0,23,15.03,25838.4,0,401,1,1.34
1239,0,24,29.93,0.0,0,0,0,0.0
1239,0,25,15.88,0.0,0,0,0,0.0
1239,0,26,12.33,0.0,0,0,0,0.0
1239,0,27,23.22,0.0,0,0,0,0.0
1239,0,28,22.59,0.0,0,0,0,0.0
1239,0,29,18.02,0.0,0,0,0,0.0
1239,0,30,31.52,0.0,0,0,0,0.0
1239,0,31,35.22,0.0,0,0,0,0.0
1239,1,0,20.0,54861.6,2,324,0,2.654
1239,1,1,22.2,2667584.0,332,0,0,3.952
1239,1,2,24.66,176712.6,15,340,0,3.018
1239,1,3,21.54,2675092.0,331,0,0,3.987
1239,1,4,33.76,585.2,0,366,0,3.143
1239,1,5,23.71,2782099.0,352,0,0,3.947
1239,1,6,10.08,2371755.9,296,25,0,3.411
1239,1,7,5.47,2818697.0,353,0,0,3.94
1239,1,8,9.6,2942554.0,368,0,0,3.948
1239,1,9,21.73,48580.3,1,367,0,2.926
1239,1,10,5.31,2744429.0,343,0,0,3.996
1239,1,11,36.07,2659247.0,334,0,0,3.818
1239,1,12,20.46,466.6,0,328,0,1.667
1239,1,13,34.32,2748865.5,337,3,0,3.706
1239,1,14,8.58,2879561.0,353,0,0,3.926
1239,1,15,13.3,2493093.0,312,14,0,3.504
1239,1,16,27.7,2658893.0,325,0,0,3.988
1239,1,17,12.23,2912538.0,361,0,0,3.889
1239,1,18,16.83,2347357.4,272,63,0,3.278
1239,1,19,38.02,349706.8,33,307,0,2.849
1239,1,20,37.85,2787150.0,343,0,0,3.965
1239,1,21,8.07,2377991.4,285,48,0,3.392
1239,1,22,27.42,2555389.0,319,0,0,3.901
1239,1,23,29.83,869524.0,96,235,0,3.12
1239,1,24,36.07,6188.1,0,385,0,2.5
1239,1,25,17.54,259233.3,19,346,0,3.017
1239,1,26,27.33,2992612.0,376,0,0,3.971
1239,1,27,37.84,0.0,0,0,0,0.0
1239,1,28,36.11,0.0,0,0,0,0.0
1239,1,29,28.09,0.0,0,0,0,0.0
1239,1,30,27.63,0.0,0,0,0,0.0
1239,1,31,24.51,0.0,0,0,0,0.0
1239,2,0,7.74,124.7,0,231,0,3.0
1239,2,1,8.87,1753467.8,218,2,0,3.622
1239,2,2,26.78,200618.9,17,219,1,2.802
1239,2,3,17.07,1645906.0,203,0,0,3.82
1239,2,4,20.49,1732449.0,219,0,0,3.941
1239,2,5,18.4,797.1,0,219,0,1.4
1239,2,6,16.21,1996985.0,243,0,0,3.984
1239,2,7,28.9,1660912.5,205,15,0,3.555
1239,2,8,15.49,1491051.6,182,44,0,3.389
1239,2,9,34.34,453754.2,48,201,0,2.939
1239,2,10,38.11,1776741.4,219,3,0,3.654
1239,2,11,16.92,164586.6,17,201,0,2.698
1239,2,12,10.26,1826940.0,230,1,0,3.98
1239,2,13,21.54,2026879.5,253,2,0,3.582
1239,2,14,19.74,1860482.4,233,3,0,3.636
1239,2,15,32.07,1957749.2,246,8,0,3.428
1239,2,16,36.08,1909727.0,229,0,0,3.942
1239,2,17,28.98,1659312.0,215,0,0,3.966
1239,2,18,8.04,1859217.0,231,0,0,3.974
1239,2,19,33.29,1846946.6,227,7,0,3.586
1239,2,20,17.79,14851.3,0,239,0,1.837
1239,2,21,16.53,1657838.2,201,9,0,3.423
1239,2,22,23.07,1707571.0,213,0,0,3.954
1239,2,23,23.06,1667660.0,213,0,0,3.919
1239,2,24,30.02,829526.5,85,146,0,3.215
1239,2,25,18.79,6384.2,0,212,0,2.167
1239,2,26,16.66,1845882.4,219,14,0,3.43
1239,2,27,27.9,1594050.0,201,0,0,3.954
1239,2,28,14.65,1444761.6,173,65,0,3.355
1239,2,29,36.0,1660769.4,210,1,0,3.944
1239,2,30,34.95,0.0,0,0,0,0.0
1239,2,31,15.56,0.0,0,0,0,0.0
1249,0,0,7.31,123082.2,5,413,0,1.433
1249,0,1,29.18,0.0,0,404,0,0.0
1249,0,2,26.27,3112281.0,398,0,0,3.885
1249,0,3,19.12,3216249.0,405,0,0,3.929
1249,0,4,15.72,54317.4,0,401,0,1.483
1249,0,5,15.24,3398298.0,417,0,0,3.824
1249,0,6,31.03,15485.3,0,405,0,1.23
1249,0,7,39.17,3511628.0,427,0,0,3.833
1249,0,8,35.65,732183.6,63,355,0,1.889
1249,0,9,14.73,3229716.2,412,4,0,3.587
1249,0,10,34.02,19266.7,0,414,0,1.439
1249,0,11,10.86,3328095.8,410,3,0,3.74
1249,0,12,13.55,2948982.0,371,0,0,3.877
1249,0,13,19.72,569090.2,44,323,0,1.875
1249,0,14,30.6,3270308.0,406,0,0,3.938
1249,0,15,28.59,3009347.0,378,0,0,3.34
1249,0,16,28.24,0.0,0,415,0,0.0
1249,0,17,31.34,3259042.6,398,1,0,2.774
1249,0,18,36.47,3191098.0,402,0,0,3.027
1249,0,19,5.84,1728.3,0,412,0,1.75
1249,0,20,17.27,3146635.0,406,0,0,3.948
1249,0,21,22.59,3520186.3,436,10,0,3.523
1249,0,22,29.89,34058.9,0,407,0,1.188
1249,0,23,15.03,26306.3,0,401,1,1.368
1249,0,24,29.93,0.0,0,0,0,0.0
1249,0,25,15.88,0.0,0,0,0,0.0
1249,0,26,12.33,0.0,0,0,0,0.0
1249,0,27,23.22,0.0,0,0,0,0.0
1249,0,28,22.59,0.0,0,0,0,0.0
1249,0,29,18.02,0.0,0,0,0,0.0
1249,0,30,31.52,0.0,0,0,0,0.0
1249,0,31,35.22,0.0,0,0,0,0.0
1249,1,0,20.0,49358.6,0,326,0,2.55
1249,1,1,22.2,2667584.0,332,0,0,3.937
1249,1,2,24.66,186426.6,15,340,0,3.0
1249,1,3,21.54,2675092.0,331,0,0,3.987
1249,1,4,33.76,631.1,0,366,0,3.125
1249,1,5,23.71,2782099.0,352,0,0,3.943
1249,1,6,10.08,2383986.3,296,25,0,3.394
1249,1,7,5.47,2818697.0,353,0,0,3.951
1249,1,8,9.6,2942554.0,368,0,0,3.954
1249,1,9,21.73,53504.4,1,367,0,2.764
1249,1,10,5.31,2744429.0,343,0,0,3.993
1249,1,11,36.07,2659247.0,334,0,0,3.807
1249,1,12,20.46,466.6,0,328,0,1.667
1249,1,13,34.32,2748786.5,337,2,0,3.68
1249,1,14,8.58,2879561.0,353,0,0,3.926
1249,1,15,13.3,2496194.7,309,17,0,3.504
1249,1,16,27.7,2658893.0,325,0,0,3.989
1249,1,17,12.23,2912538.0,361,0,0,3.896
1249,1,18,16.83,2322032.1,269,65,0,3.252
1249,1,19,38.02,342829.1,32,308,0,2.857
1249,1,20,37.85,2787150.0,343,0,0,3.956
1249,1,21,8.07,2343861.6,281,52,0,3.388
1249,1,22,27.42,2555389.0,319,0,0,3.885
1249,1,23,29.83,884379.1,94,237,0,3.12
1249,1,24,36.07,5312.5,0,385,0,2.323
1249,1,25,17.54,237390.2,17,348,0,3.004
1249,1,26,27.33,2992612.0,376,0,0,3.97
1249,1,27,37.84,0.0,0,0,0,0.0
1249,1,28,36.11,0.0,0,0,0,0.0
1249,1,29,28.09,0.0,0,0,0,0.0
1249,1,30,27.63,0.0,0,0,0,0.0
1249,1,31,24.51,0.0,0,0,0,0.0
1249,2,0,7.74,0.0,0,231,0,0.0
1249,2,1,8.87,1738963.3,217,3,0,3.574
1249,2,2,26.78,195157.6,16,221,0,2.738
1249,2,3,17.07,1645906.0,203,0,0,3.813
1249,2,4,20.49,1732449.0,219,0,0,3.949
1249,2,5,18.4,797.1,0,219,0,1.4
1249,2,6,16.21,1996985.0,243,0,0,3.98
1249,2,7,28.9,1659810.8,205,15,0,3.513
1249,2,8,15.49,1458555.6,176,50,0,3.374
1249,2,9,34.34,454807.1,49,199,1,2.941
1249,2,10,38.11,1767810.0,220,2,0,3.63
1249,2,11,16.92,161766.4,16,202,0,2.549
1249,2,12,10.26,1826940.0,230,1,0,3.97
1249,2,13,21.54,2032087.0,255,0,0,3.566
1249,2,14,19.74,1865308.6,234,2,0,3.635
1249,2,15,32.07,1973539.9,251,3,0,3.409
1249,2,16,36.08,1909727.0,229,0,0,3.945
1249,2,17,28.98,1659312.0,215,0,0,3.953
1249,2,18,8.04,1859217.0,231,0,0,3.959
1249,2,19,33.29,1851478.8,229,5,0,3.555
1249,2,20,17.79,13215.6,0,239,0,2.042
1249,2,21,16.53,1658838.2,201,9,0,3.396
1249,2,22,23.07,1707571.0,213,0,0,3.952
1249,2,23,23.06,1667660.0,213,0,0,3.902
1249,2,24,30.02,779191.0,84,147,0,3.187
1249,2,25,18.79,7633.7,0,212,0,2.1
1249,2,26,16.66,1850248.4,217,16,0,3.383
1249,2,27,27.9,1594050.0,201,0,0,3.94
1249,2,28,14.65,1454908.0,171,66,1,3.291
1249,2,29,36.0,1660838.9,210,1,0,3.94
1249,2,30,34.95,0.0,0,0,0,0.0
1249,2,31,15.56,0.0,0,0,0,0.0
1259,0,0,7.31,110132.3,4,414,0,1.617
1259,0,1,29.18,0.0,0,404,0,0.0
1259,0,2,26.27,3112281.0,398,0,0,3.906
1259,0,3,19.12,3216249.0,405,0,0,3.941
1259,0,4,15.72,48890.1,0,400,1,1.621
1259,0,5,15.24,3398298.0,417,0,0,3.834
1259,0,6,31.03,18210.6,0,405,0,1.267
1259,0,7,39.17,3511628.0,427,0,0,3.858
1259,0,8,35.65,751006.0,63,355,0,2.036
1259,0,9,14.73,3246611.0,414,2,0,3.609
1259,0,10,34.02,22262.5,0,414,0,1.712
1259,0,11,10.86,3328041.6,410,3,0,3.76
1259,0,12,13.55,2948982.0,371,0,0,3.892
1259,0,13,19.72,591637.8,46,321,0,2.02
1259,0,14,30.6,3270308.0,406,0,0,3.943
1259,0,15,28.59,3009347.0,378,0,0,3.41
1259,0,16,28.24,0.0,0,415,0,0.0
1259,0,17,31.34,3259122.4,398,1,0,2.84
1259,0,18,36.47,3191098.0,402,0,0,3.078
1259,0,19,5.84,1694.8,0,412,0,2.267
1259,0,20,17.27,3146635.0,406,0,0,3.959
1259,0,21,22.59,3511606.6,434,12,0,3.563
1259,0,22,29.89,33079.5,0,407,0,1.321
1259,0,23,15.03,24526.8,0,401,1,1.636
1259,0,24,29.93,0.0,0,0,0,0.0
1259,0,25,15.88,0.0,0,0,0,0.0
1259,0,26,12.33,0.0,0,0,0,0.0
1259,0,27,23.22,0.0,0,0,0,0.0
1259,0,28,22.59,0.0,0,0,0,0.0
1259,0,29,18.02,0.0,0,0,0,0.0
1259,0,30,31.52,0.0,0,0,0,0.0
1259,0,31,35.22,0.0,0,0,0,0.0
1259,1,0,20.0,51829.6,1,325,0,2.949
1259,1,1,22.2,2667584.0,332,0,0,3.952
1259,1,2,24.66,203480.1,16,339,0,3.186
1259,1,3,21.54,2675092.0,331,0,0,3.994
1259,1,4,33.76,480.1,0,366,0,3.5
1259,1,5,23.71,2782099.0,352,0,0,3.97
1259,1,6,10.08,2342223.8,292,29,0,3.529
1259,1,7,5.47,2818697.0,353,0,0,3.964
1259,1,8,9.6,2942554.0,368,0,0,3.968
1259,1,9,21.73,50156.7,0,368,0,3.051
1259,1,10,5.31,2744429.0,343,0,0,3.999
1259,1,11,36.07,2659247.0,334,0,0,3.871
1259,1,12,20.46,139.9,0,328,0,2.5
1259,1,13,34.32,2751238.2,337,1,1,3.767
1259,1,14,8.58,2879561.0,353,0,0,3.952
1259,1,15,13.3,2505653.9,311,15,0,3.605
1259,1,16,27.7,2658893.0,325,0,0,3.993
1259,1,17,12.23,2912538.0,361,0,0,3.935
1259,1,18,16.83,2349620.0,278,57,0,3.413
1259,1,19,38.02,324547.1,28,312,0,3.083
1259,1,20,37.85,2787150.0,343,0,0,3.966
1259,1,21,8.07,2372181.4,279,54,0,3.503
1259,1,22,27.42,2555389.0,319,0,0,3.923
1259,1,23,29.83,878465.3,89,242,0,3.298
1259,1,24,36.07,7926.5,0,385,0,2.462
1259,1,25,17.54,245813.3,18,347,0,3.213
1259,1,26,27.33,2992612.0,376,0,0,3.981
1259,1,27,37.84,0.0,0,0,0,0.0
1259,1,28,36.11,0.0,0,0,0,0.0
1259,1,29,28.09,0.0,0,0,0,0.0
1259,1,30,27.63,0.0,0,0,0,0.0
1259,1,31,24.51,0.0,0,0,0,0.0
1259,2,0,7.74,157.4,0,231,0,3.333
1259,2,1,8.87,1764607.2,219,1,0,3.703
1259,2,2,26.78,214412.0,20,216,1,3.014
1259,2,3,17.07,1645906.0,203,0,0,3.85
1259,2,4,20.49,1732449.0,219,0,0,3.961
1259,2,5,18.4,885.2,0,219,0,1.5
1259,2,6,16.21,1996985.0,243,0,0,3.988
1259,2,7,28.9,1676972.4,210,10,0,3.616
1259,2,8,15.49,1472630.3,182,44,0,3.502
1259,2,9,34.34,489309.8,53,196,0,3.122
1259,2,10,38.11,1775601.5,219,3,0,3.705
1259,2,11,16.92,168517.3,16,202,0,2.794
1259,2,12,10.26,1826940.0,230,1,0,3.972
1259,2,13,21.54,2021484.7,253,2,0,3.63
1259,2,14,19.74,1860715.6,234,2,0,3.72
1259,2,15,32.07,1966667.0,248,6,0,3.543
1259,2,16,36.08,1909727.0,229,0,0,3.958
1259,2,17,28.98,1659312.0,215,0,0,3.971
1259,2,18,8.04,1859217.0,231,0,0,3.976
1259,2,19,33.29,1847447.5,226,8,0,3.69
1259,2,20,17.79,13928.1,0,239,0,2.41
1259,2,21,16.53,1638770.6,199,11,0,3.569
1259,2,22,23.07,1707571.0,213,0,0,3.966
1259,2,23,23.06,1667660.0,213,0,0,3.938
1259,2,24,30.02,811750.6,81,150,0,3.319
1259,2,25,18.79,6210.0,0,212,0,2.488
1259,2,26,16.66,1824939.0,216,17,0,3.52
1259,2,27,27.9,1594050.0,201,0,0,3.966
1259,2,28,14.65,1438479.4,165,73,0,3.442
1259,2,29,36.0,1660769.4,210,1,0,3.949
1259,2,30,34.95,0.0,0,0,0,0.0
1259,2,31,15.56,0.0,0,0,0,0.0
1269,0,0,7.31,123891.3,4,414,0,1.561
1269,0,1,29.18,0.0,0,404,0,0.0
1269,0,2,26.27,3112281.0,398,0,0,3.903
1269,0,3,19.12,3204678.0,404,0,0,3.928
1269,0,4,15.72,44273.9,0,401,0,1.502
1269,0,5,15.24,3398298.0,417,0,0,3.822
1269,0,6,31.03,17682.0,0,405,0,1.204
1269,0,7,39.17,3511628.0,427,0,0,3.86
1269,0,8,35.65,710687.4,59,359,0,1.981
1269,0,9,14.73,3232111.5,412,4,0,3.613
1269,0,10,34.02,22412.2,0,414,0,1.607
1269,0,11,10.86,3337060.8,411,1,0,3.751
1269,0,12,13.55,2948982.0,371,0,0,3.882
1269,0,13,19.72,591868.5,45,322,0,1.93
1269,0,14,30.6,3270308.0,406,0,0,3.933
1269,0,15,28.59,3009347.0,378,0,0,3.394
1269,0,16,28.24,0.0,0,415,0,0.0
1269,0,17,31.34,3260371.0,399,0,0,2.806
1269,0,18,36.47,3191098.0,402,0,0,3.075
1269,0,19,5.84,2231.5,0,412,0,1.667
1269,0,20,17.27,3146635.0,406,0,0,3.952
1269,0,21,22.59,3516675.8,436,10,0,3.545
1269,0,22,29.89,34796.1,0,406,1,1.278
1269,0,23,15.03,25770.1,0,401,1,1.453
1269,0,24,29.93,0.0,0,0,0,0.0
1269,0,25,15.88,0.0,0,0,0,0.0
1269,0,26,12.33,0.0,0,0,0,0.0
1269,0,27,23.22,0.0,0,0,0,0.0
1269,0,28,22.59,0.0,0,0,0,0.0
1269,0,29,18.02,0.0,0,0,0,0.0
1269,0,30,31.52,0.0,0,0,0,0.0
1269,0,31,35.22,0.0,0,0,0,0.0
1269,1,0,20.0,56675.6,2,324,0,2.812
1269,1,1,22.2,2667584.0,332,0,0,3.947
1269,1,2,24.66,209588.8,17,338,0,3.168
1269,1,3,21.54,2675092.0,331,0,0,3.987
1269,1,4,33.76,443.4,0,366,0,3.625
1269,1,5,23.71,2782099.0,352,0,0,3.968
1269,1,6,10.08,2358508.8,295,27,0,3.477
1269,1,7,5.47,2818697.0,353,0,0,3.959
1269,1,8,9.6,2942554.0,368,0,0,3.969
1269,1,9,21.73,49755.1,2,366,0,3.038
1269,1,10,5.31,2744429.0,343,0,0,3.997
1269,1,11,36.07,2659247.0,334,0,0,3.85
1269,1,12,20.46,258.6,0,328,0,2.0
1269,1,13,34.32,2750406.0,337,2,0,3.741
1269,1,14,8.58,2879561.0,353,0,0,3.95
1269,1,15,13.3,2476039.0,308,18,0,3.57
1269,1,16,27.7,2658893.0,325,0,0,3.994
1269,1,17,12.23,2912538.0,361,0,0,3.916
1269,1,18,16.83,2338280.5,273,62,0,3.357
1269,1,19,38.02,302201.9,27,313,0,3.017
1269,1,20,37.85,2787150.0,343,0,0,3.965
1269,1,21,8.07,2424788.9,284,49,0,3.453
1269,1,22,27.42,2555389.0,319,0,0,3.915
1269,1,23,29.83,927364.3,103,229,0,3.197
1269,1,24,36.07,5180.9,0,385,0,2.5
1269,1,25,17.54,235418.2,17,348,0,3.084
1269,1,26,27.33,2992612.0,376,0,0,3.983
1269,1,27,37.84,0.0,0,0,0,0.0
1269,1,28,36.11,0.0,0,0,0,0.0
1269,1,29,28.09,0.0,0,0,0,0.0
1269,1,30,27.63,0.0,0,0,0,0.0
1269,1,31,24.51,0.0,0,0,0,0.0
1269,2,0,7.74,138.7,0,231,0,2.5
1269,2,1,8.87,1763320.0,219,1,0,3.667
1269,2,2,26.78,212858.3,18,218,1,2.893
1269,2,3,17.07,1645906.0,203,0,0,3.842
1269,2,4,20.49,1732449.0,219,0,0,3.971
1269,2,5,18.4,797.1,0,219,0,1.4
1269,2,6,16.21,1996985.0,243,0,0,3.99
1269,2,7,28.9,1698698.7,210,10,0,3.602
1269,2,8,15.49,1464917.8,182,44,0,3.471
1269,2,9,34.34,477222.9,48,201,0,3.077
1269,2,10,38.11,1771122.8,219,3,0,3.693
1269,2,11,16.92,166132.3,16,202,0,2.712
1269,2,12,10.26,1826940.0,230,1,0,3.978
1269,2,13,21.54,2031713.9,254,1,0,3.627
1269,2,14,19.74,1867328.1,235,1,0,3.687
1269,2,15,32.07,1963730.1,246,8,0,3.527
1269,2,16,36.08,1909727.0,229,0,0,3.957
1269,2,17,28.98,1659312.0,215,0,0,3.968
1269,2,18,8.04,1859217.0,231,0,0,3.976
1269,2,19,33.29,1855009.8,227,7,0,3.666
1269,2,20,17.79,12826.1,0,239,0,2.236
1269,2,21,16.53,1637603.8,200,10,0,3.518
1269,2,22,23.07,1707571.0,213,0,0,3.968
1269,2,23,23.06,1667660.0,213,0,0,3.93
1269,2,24,30.02,800410.1,80,151,0,3.272
1269,2,25,18.79,5752.9,0,212,0,2.486
1269,2,26,16.66,1828252.0,217,16,0,3.494
1269,2,27,27.9,1594050.0,201,0,0,3.96
1269,2,28,14.65,1451920.1,169,69,0,3.399
1269,2,29,36.0,1660769.4,210,1,0,3.941
1269,2,30,34.95,0.0,0,0,0,0.0
1269,2,31,15.56,0.0,0,0,0,0.0
1279,0,0,7.31,127838.1,6,412,0,1.335
1279,0,1,29.18,0.0,0,404,0,0.0
1279,0,2,26.27,3112281.0,398,0,0,3.887
1279,0,3,19.12,3204678.0,404,0,0,3.926
1279,0,4,15.72,41311.7,0,401,0,1.348
1279,0,5,15.24,3398298.0,417,0,0,3.8
1279,0,6,31.03,19170.1,0,405,0,1.126
1279,0,7,39.17,3511628.0,427,0,0,3.844
1279,0,8,35.65,723887.3,61,357,0,1.852
1279,0,9,14.73,3224288.9,411,5,0,3.575
1279,0,10,34.02,22580.6,1,413,0,1.43
1279,0,11,10.86,3337060.8,411,1,0,3.706
1279,0,12,13.55,2948982.0,371,0,0,3.878
1279,0,13,19.72,571105.4,43,324,0,1.841
1279,0,14,30.6,3270308.0,406,0,0,3.931
1279,0,15,28.59,3009347.0,378,0,0,3.357
1279,0,16,28.24,0.0,0,415,0,0.0
1279,0,17,31.34,3260371.0,399,0,0,2.759
1279,0,18,36.47,3191098.0,402,0,0,3.042
1279,0,19,5.84,1960.9,0,412,0,1.1
1279,0,20,17.27,3146635.0,406,0,0,3.937
1279,0,21,22.59,3523165.6,437,9,0,3.525
1279,0,22,29.89,31984.3,0,406,1,1.132
1279,0,23,15.03,26850.4,0,401,1,1.232
1279,0,24,29.93,0.0,0,0,0,0.0
1279,0,25,15.88,0.0,0,0,0,0.0
1279,0,26,12.33,0.0,0,0,0,0.0
1279,0,27,23.22,0.0,0,0,0,0.0
1279,0,28,22.59,0.0,0,0,0,0.0
1279,0,29,18.02,0.0,0,0,0,0.0
1279,0,30,31.52,0.0,0,0,0,0.0
1279,0,31,35.22,0.0,0,0,0,0.0
1279,1,0,20.0,49641.7,1,325,0,2.553
1279,1,1,22.2,2667584.0,332,0,0,3.928
1279,1,2,24.66,176609.3,18,337,0,2.968
1279,1,3,21.54,2675092.0,331,0,0,3.99
1279,1,4,33.76,849.9,0,366,0,2.778
1279,1,5,23.71,2782099.0,352,0,0,3.956
1279,1,6,10.08,2386704.2,297,24,0,3.382
1279,1,7,5.47,2818697.0,353,0,0,3.941
1279,1,8,9.6,2942554.0,368,0,0,3.943
1279,1,9,21.73,48674.4,0,368,0,2.854
1279,1,10,5.31,2744429.0,343,0,0,3.992
1279,1,11,36.07,2659247.0,334,0,0,3.84
1279,1,12,20.46,258.6,0,328,0,2.0
1279,1,13,34.32,2754089.4,337,1,1,3.681
1279,1,14,8.58,2879561.0,353,0,0,3.924
1279,1,15,13.3,2484616.6,309,17,0,3.472
1279,1,16,27.7,2658893.0,325,0,0,3.992
1279,1,17,12.23,2912538.0,361,0,0,3.901
1279,1,18,16.83,2373055.8,275,59,0,3.243
1279,1,19,38.02,328495.8,32,308,0,2.821
1279,1,20,37.85,2787150.0,343,0,0,3.955
1279,1,21,8.07,2400092.2,286,47,0,3.329
1279,1,22,27.42,2555389.0,319,0,0,3.889
1279,1,23,29.83,890572.3,96,235,0,3.079
1279,1,24,36.07,6224.4,0,385,0,2.162
1279,1,25,17.54,223116.8,19,346,0,3.006
1279,1,26,27.33,2992612.0,376,0,0,3.973
1279,1,27,37.84,0.0,0,0,0,0.0
1279,1,28,36.11,0.0,0,0,0,0.0
1279,1,29,28.09,0.0,0,0,0,0.0
1279,1,30,27.63,0.0,0,0,0,0.0
1279,1,31,24.51,0.0,0,0,0,0.0
1279,2,0,7.74,0.0,0,231,0,0.0
1279,2,1,8.87,1763499.5,219,1,0,3.581
1279,2,2,26.78,200189.0,19,218,0,2.669
1279,2,3,17.07,1645906.0,203,0,0,3.787
1279,2,4,20.49,1732449.0,219,0,0,3.935
1279,2,5,18.4,918.6,0,219,0,1.2
1279,2,6,16.21,1996985.0,243,0,0,3.984
1279,2,7,28.9,1672656.0,207,13,0,3.543
1279,2,8,15.49,1470907.8,179,47,0,3.383
1279,2,9,34.34,464203.5,48,201,0,2.844
1279,2,10,38.11,1774583.5,219,3,0,3.604
1279,2,11,16.92,194486.4,20,198,0,2.564
1279,2,12,10.26,1826940.0,230,1,0,3.972
1279,2,13,21.54,2032087.0,255,0,0,3.557
1279,2,14,19.74,1859450.0,235,1,0,3.624
1279,2,15,32.07,1958125.1,248,6,0,3.401
1279,2,16,36.08,1909727.0,229,0,0,3.937
1279,2,17,28.98,1659312.0,215,0,0,3.947
1279,2,18,8.04,1859217.0,231,0,0,3.953
1279,2,19,33.29,1836705.6,224,10,0,3.556
1279,2,20,17.79,15205.7,0,239,0,1.771
1279,2,21,16.53,1650978.6,201,9,0,3.4
1279,2,22,23.07,1707571.0,213,0,0,3.952
1279,2,23,23.06,1667660.0,213,0,0,3.912
1279,2,24,30.02,752549.5,79,152,0,3.172
1279,2,25,18.79,5468.9,0,212,0,1.889
1279,2,26,16.66,1834303.1,214,19,0,3.374
1279,2,27,27.9,1594050.0,201,0,0,3.954
1279,2,28,14.65,1464054.7,171,67,0,3.259
1279,2,29,36.0,1660838.9,210,1,0,3.917
1279,2,30,34.95,0.0,0,0,0,0.0
1279,2,31,15.56,0.0,0,0,0,0.0
1289,0,0,7.31,135641.0,6,412,0,1.344
1289,0,1,29.18,0.0,0,404,0,0.0
1289,0,2,26.27,3112281.0,398,0,0,3.89
1289,0,3,19.12,3204678.0,404,0,0,3.925
1289,0,4,15.72,41482.4,0,400,1,1.38
1289,0,5,15.24,3398298.0,417,0,0,3.826
1289,0,6,31.03,19043.6,0,405,0,1.146
1289,0,7,39.17,3511628.0,427,0,0,3.823
1289,0,8,35.65,646306.4,53,365,0,1.863
1289,0,9,14.73,3228961.7,411,5,0,3.572
1289,0,10,34.02,21544.7,1,413,0,1.406
1289,0,11,10.86,3331101.8,410,2,0,3.717
1289,0,12,13.55,2948982.0,371,0,0,3.867
1289,0,13,19.72,584489.9,46,321,0,1.849
1289,0,14,30.6,3265349.8,405,1,0,3.927
1289,0,15,28.59,3009347.0,378,0,0,3.365
1289,0,16,28.24,0.0,0,415,0,0.0
1289,0,17,31.34,3258293.0,398,1,0,2.76
1289,0,18,36.47,3191098.0,402,0,0,3.048
1289,0,19,5.84,2409.8,0,412,0,1.308
1289,0,20,17.27,3146635.0,406,0,0,3.94
1289,0,21,22.59,3513004.3,436,10,0,3.507
1289,0,22,29.89,36241.2,0,406,1,1.154
1289,0,23,15.03,27727.5,0,401,1,1.253
1289,0,24,29.93,0.0,0,0,0,0.0
1289,0,25,15.88,0.0,0,0,0,0.0
1289,0,26,12.33,0.0,0,0,0,0.0
1289,0,27,23.22,0.0,0,0,0,0.0
1289,0,28,22.59,0.0,0,0,0,0.0
1289,0,29,18.02,0.0,0,0,0,0.0
1289,0,30,31.52,0.0,0,0,0,0.0
1289,0,31,35.22,0.0,0,0,0,0.0
1289,1,0,20.0,45740.6,1,325,0,2.402
1289,1,1,22.2,2667584.0,332,0,0,3.942
1289,1,2,24.66,167800.0,16,339,0,3.0
1289,1,3,21.54,2675092.0,331,0,0,3.982
1289,1,4,33.76,916.9,0,366,0,1.667
1289,1,5,23.71,2782099.0,352,0,0,3.95
1289,1,6,10.08,2367923.5,294,28,0,3.377
1289,1,7,5.47,2818697.0,353,0,0,3.946
1289,1,8,9.6,2942554.0,368,0,0,3.943
1289,1,9,21.73,53478.6,4,364,0,2.618
1289,1,10,5.31,2744429.0,343,0,0,3.993
1289,1,11,36.07,2659247.0,334,0,0,3.83
1289,1,12,20.46,725.6,0,328,0,1.889
1289,1,13,34.32,2750713.4,337,1,1,3.669
1289,1,14,8.58,2879561.0,353,0,0,3.929
1289,1,15,13.3,2498326.9,312,14,0,3.459
1289,1,16,27.7,2658893.0,325,0,0,3.985
1289,1,17,12.23,2912538.0,361,0,0,3.91
1289,1,18,16.83,2313017.2,270,65,0,3.259
1289,1,19,38.02,331484.7,28,312,0,2.872
1289,1,20,37.85,2787150.0,343,0,0,3.958
1289,1,21,8.07,2407912.8,285,48,0,3.344
1289,1,22,27.42,2555389.0,319,0,0,3.886
1289,1,23,29.83,914700.6,103,229,0,3.063
1289,1,24,36.07,6219.5,0,385,0,2.108
1289,1,25,17.54,232937.8,18,347,0,2.975
1289,1,26,27.33,2992612.0,376,0,0,3.969
1289,1,27,37.84,0.0,0,0,0,0.0
1289,1,28,36.11,0.0,0,0,0,0.0
1289,1,29,28.09,0.0,0,0,0,0.0
1289,1,30,27.63,0.0,0,0,0,0.0
1289,1,31,24.51,0.0,0,0,0,0.0
1289,2,0,7.74,0.0,0,230,1,2.75
1289,2,1,8.87,1754564.9,217,3,0,3.626
1289,2,2,26.78,204081.4,19,218,0,2.717
1289,2,3,17.07,1645906.0,203,0,0,3.804
1289,2,4,20.49,1732449.0,219,0,0,3.931
1289,2,5,18.4,1040.0,0,219,0,1.0
1289,2,6,16.21,1996985.0,243,0,0,3.98
1289,2,7,28.9,1643942.9,205,15,0,3.51
1289,2,8,15.49,1465280.2,182,44,0,3.361
1289,2,9,34.34,458106.2,45,204,0,2.899
1289,2,10,38.11,1778083.0,221,1,0,3.609
1289,2,11,16.92,193717.0,18,200,0,2.53
1289,2,12,10.26,1826940.0,230,1,0,3.962
1289,2,13,21.54,2031713.9,254,1,0,3.556
1289,2,14,19.74,1865263.6,235,1,0,3.631
1289,2,15,32.07,1954699.1,248,6,0,3.401
1289,2,16,36.08,1909727.0,229,0,0,3.94
1289,2,17,28.98,1659312.0,215,0,0,3.948
1289,2,18,8.04,1859217.0,231,0,0,3.967
1289,2,19,33.29,1850947.9,228,6,0,3.563
1289,2,20,17.79,12432.2,0,239,0,1.886
1289,2,21,16.53,1652919.0,201,9,0,3.418
1289,2,22,23.07,1707571.0,213,0,0,3.96
1289,2,23,23.06,1667660.0,213,0,0,3.925
1289,2,24,30.02,733491.8,81,150,0,3.147
1289,2,25,18.79,5664.8,0,212,0,1.931
1289,2,26,16.66,1842549.0,217,16,0,3.359
1289,2,27,27.9,1594050.0,201,0,0,3.937
1289,2,28,14.65,1467556.4,171,67,0,3.253
1289,2,29,36.0,1660549.0,210,1,0,3.925
1289,2,30,34.95,0.0,0,0,0,0.0
1289,2,31,15.56,0.0,0,0,0,0.0
1299,0,0,7.31,128069.3,5,413,0,1.314
1299,0,1,29.18,0.0,0,404,0,0.0
1299,0,2,26.27,3112281.0,398,0,0,3.893
1299,0,3,19.12,3204678.0,404,0,0,3.921
1299,0,4,15.72,40414.9,0,399,2,1.359
1299,0,5,15.24,3398298.0,417,0,0,3.815
1299,0,6,31.03,18653.6,0,405,0,1.168
1299,0,7,39.17,3511628.0,427,0,0,3.84
1299,0,8,35.65,733925.7,63,355,0,1.825
1299,0,9,14.73,3221304.3,411,5,0,3.563
1299,0,10,34.02,21060.8,0,414,0,1.363
1299,0,11,10.86,3337114.9,411,1,0,3.701
1299,0,12,13.55,2948982.0,371,0,0,3.858
1299,0,13,19.72,581371.3,43,324,0,1.813
1299,0,14,30.6,3270308.0,406,0,0,3.928
1299,0,15,28.59,3009347.0,378,0,0,3.357
1299,0,16,28.24,0.0,0,415,0,0.0
1299,0,17,31.34,3260371.0,399,0,0,2.749
1299,0,18,36.47,3191098.0,402,0,0,3.031
1299,0,19,5.84,2409.8,0,412,0,1.357
1299,0,20,17.27,3146635.0,406,0,0,3.942
1299,0,21,22.59,3520465.3,436,10,0,3.527
1299,0,22,29.89,30764.9,0,407,0,1.171
1299,0,23,15.03,25999.6,0,401,1,1.181
1299,0,24,29.93,0.0,0,0,0,0.0
1299,0,25,15.88,0.0,0,0,0,0.0
1299,0,26,12.33,0.0,0,0,0,0.0
1299,0,27,23.22,0.0,0,0,0,0.0
1299,0,28,22.59,0.0,0,0,0,0.0
1299,0,29,18.02,0.0,0,0,0,0.0
1299,0,30,31.52,0.0,0,0,0,0.0
1299,0,31,35.22,0.0,0,0,0,0.0
1299,1,0,20.0,50554.4,1,325,0,2.276
1299,1,1,22.2,2667584.0,332,0,0,3.934
1299,1,2,24.66,179449.5,16,339,0,2.934
1299,1,3,21.54,2675092.0,331,0,0,3.99
1299,1,4,33.76,500.9,0,366,0,2.0
1299,1,5,23.71,2782099.0,352,0,0,3.954
1299,1,6,10.08,2388358.4,298,23,0,3.416
1299,1,7,5.47,2818697.0,353,0,0,3.937
1299,1,8,9.6,2942554.0,368,0,0,3.953
1299,1,9,21.73,46470.6,1,367,0,2.696
1299,1,10,5.31,2744429.0,343,0,0,3.996
1299,1,11,36.07,2659247.0,334,0,0,3.835
1299,1,12,20.46,466.6,0,328,0,1.667
1299,1,13,34.32,2751469.5,337,1,1,3.694
1299,1,14,8.58,2879561.0,353,0,0,3.923
1299,1,15,13.3,2498505.8,308,18,0,3.499
1299,1,16,27.7,2658893.0,325,0,0,3.989
1299,1,17,12.23,2912538.0,361,0,0,3.903
1299,1,18,16.83,2360647.9,274,60,0,3.241
1299,1,19,38.02,313046.9,27,313,0,2.829
1299,1,20,37.85,2787150.0,343,0,0,3.958
1299,1,21,8.07,2382687.1,287,46,0,3.37
1299,1,22,27.42,2555389.0,319,0,0,3.881
1299,1,23,29.83,933082.7,98,233,0,3.08
1299,1,24,36.07,5754.4,0,385,0,2.125
1299,1,25,17.54,213872.0,17,348,0,2.952
1299,1,26,27.33,2992612.0,376,0,0,3.976
1299,1,27,37.84,0.0,0,0,0,0.0
1299,1,28,36.11,0.0,0,0,0,0.0
1299,1,29,28.09,0.0,0,0,0,0.0
1299,1,30,27.63,0.0,0,0,0,0.0
1299,1,31,24.51,0.0,0,0,0,0.0
1299,2,0,7.74,208.0,0,231,0,1.0
1299,2,1,8.87,1755495.4,218,2,0,3.614
1299,2,2,26.78,214734.7,18,219,0,2.62
1299,2,3,17.07,1645906.0,203,0,0,3.783
1299,2,4,20.49,1732449.0,219,0,0,3.938
1299,2,5,18.4,624.0,0,219,0,1.0
1299,2,6,16.21,1996985.0,243,0,0,3.986
1299,2,7,28.9,1672360.2,208,12,0,3.533
1299,2,8,15.49,1467022.4,183,43,0,3.338
1299,2,9,34.34,456706.5,49,199,1,2.805
1299,2,10,38.11,1771987.3,219,3,0,3.575
1299,2,11,16.92,170895.8,15,203,0,2.654
1299,2,12,10.26,1826940.0,230,1,0,3.976
1299,2,13,21.54,2031990.9,254,1,0,3.527
1299,2,14,19.74,1855432.7,234,2,0,3.628
1299,2,15,32.07,1947081.0,248,6,0,3.412
1299,2,16,36.08,1909727.0,229,0,0,3.936
1299,2,17,28.98,1659312.0,215,0,0,3.95
1299,2,18,8.04,1859217.0,231,0,0,3.97
1299,2,19,33.29,1849782.0,226,8,0,3.571
1299,2,20,17.79,11082.4,0,239,0,1.816
1299,2,21,16.53,1673018.0,202,8,0,3.415
1299,2,22,23.07,1707571.0,213,0,0,3.95
1299,2,23,23.06,1667660.0,213,0,0,3.908
1299,2,24,30.02,789924.1,82,149,0,3.126
1299,2,25,18.79,6250.4,0,212,0,1.8
1299,2,26,16.66,1835506.9,217,16,0,3.389
1299,2,27,27.9,1594050.0,201,0,0,3.946
1299,2,28,14.65,1448834.6,173,65,0,3.268
1299,2,29,36.0,1660549.0,210,1,0,3.921
1299,2,30,34.95,0.0,0,0,0,0.0
1299,2,31,15.56,0.0,0,0,0,0.0
1309,0,0,7.31,139518.8,5,413,0,1.281
1309,0,1,29.18,0.0,0,404,0,0.0
1309,0,2,26.27,3112281.0,398,0,0,3.89
1309,0,3,19.12,3204678.0,404,0,0,3.922
1309,0,4,15.72,39999.9,0,399,2,1.361
1309,0,5,15.24,3398298.0,417,0,0,3.816
1309,0,6,31.03,17592.9,0,405,0,1.108
1309,0,7,39.17,3511628.0,427,0,0,3.84
1309,0,8,35.65,715674.7,61,357,0,1.78
1309,0,9,14.73,3241663.8,413,3,0,3.56
1309,0,10,34.02,20725.2,1,413,0,1.366
1309,0,11,10.86,3331101.8,410,2,0,3.691
1309,0,12,13.55,2948982.0,371,0,0,3.862
1309,0,13,19.72,575983.9,41,326,0,1.774
1309,0,14,30.6,3265349.8,405,1,0,3.928
1309,0,15,28.59,3009347.0,378,0,0,3.35
1309,0,16,28.24,0.0,0,415,0,0.0
1309,0,17,31.34,3258293.0,398,1,0,2.736
1309,0,18,36.47,3191098.0,402,0,0,3.009
1309,0,19,5.84,1872.1,0,412,0,1.0
1309,0,20,17.27,3146635.0,406,0,0,3.938
1309,0,21,22.59,3530238.8,438,8,0,3.517
1309,0,22,29.89,30845.8,0,406,1,1.16
1309,0,23,15.03,28365.1,0,401,1,1.191
1309,0,24,29.93,0.0,0,0,0,0.0
1309,0,25,15.88,0.0,0,0,0,0.0
1309,0,26,12.33,0.0,0,0,0,0.0
1309,0,27,23.22,0.0,0,0,0,0.0
1309,0,28,22.59,0.0,0,0,0,0.0
1309,0,29,18.02,0.0,0,0,0,0.0
1309,0,30,31.52,0.0,0,0,0,0.0
1309,0,31,35.22,0.0,0,0,0,0.0
1309,1,0,20.0,43782.6,1,325,0,2.185
1309,1,1,22.2,2667584.0,332,0,0,3.927
1309,1,2,24.66,173050.9,15,340,0,2.888
1309,1,3,21.54,2675092.0,331,0,0,3.982
1309,1,4,33.76,815.7,0,366,0,2.286
1309,1,5,23.71,2782099.0,352,0,0,3.948
1309,1,6,10.08,2397477.9,304,18,0,3.37
1309,1,7,5.47,2818697.0,353,0,0,3.939
1309,1,8,9.6,2942554.0,368,0,0,3.944
1309,1,9,21.73,45036.3,2,366,0,2.624
1309,1,10,5.31,2744429.0,343,0,0,3.994
1309,1,11,36.07,2659247.0,334,0,0,3.819
1309,1,12,20.46,466.6,0,328,0,1.667
1309,1,13,34.32,2755288.1,338,1,1,3.656
1309,1,14,8.58,2879561.0,353,0,0,3.911
1309,1,15,13.3,2483807.5,309,17,0,3.439
1309,1,16,27.7,2658893.0,325,0,0,3.989
1309,1,17,12.23,2912538.0,361,0,0,3.897
1309,1,18,16.83,2372306.5,279,56,0,3.194
1309,1,19,38.02,354300.9,32,308,0,2.759
1309,1,20,37.85,2787150.0,343,0,0,3.955
1309,1,21,8.07,2353794.5,280,53,0,3.313
1309,1,22,27.42,2555389.0,319,0,0,3.887
1309,1,23,29.83,918391.1,102,229,0,3.025
1309,1,24,36.07,6753.3,0,385,0,2.135
1309,1,25,17.54,193780.4,15,350,0,2.911
1309,1,26,27.33,2992612.0,376,0,0,3.971
1309,1,27,37.84,0.0,0,0,0,0.0
1309,1,28,36.11,0.0,0,0,0,0.0
1309,1,29,28.09,0.0,0,0,0,0.0
1309,1,30,27.63,0.0,0,0,0,0.0
1309,1,31,24.51,0.0,0,0,0,0.0
1309,2,0,7.74,50.1,0,230,1,2.778
1309,2,1,8.87,1758614.4,219,1,0,3.595
1309,2,2,26.78,198123.7,16,221,0,2.646
1309,2,3,17.07,1645906.0,203,0,0,3.781
1309,2,4,20.49,1732449.0,219,0,0,3.926
1309,2,5,18.4,416.0,0,219,0,1.0
1309,2,6,16.21,1996985.0,243,0,0,3.978
1309,2,7,28.9,1634609.7,206,14,0,3.475
1309,2,8,15.49,1473549.9,181,45,0,3.292
1309,2,9,34.34,433662.3,47,202,0,2.784
1309,2,10,38.11,1773721.8,218,4,0,3.578
1309,2,11,16.92,196112.0,17,201,0,2.437
1309,2,12,10.26,1826940.0,230,1,0,3.964
1309,2,13,21.54,2029900.5,254,1,0,3.506
1309,2,14,19.74,1859450.0,235,1,0,3.591
1309,2,15,32.07,1954721.9,247,7,0,3.347
1309,2,16,36.08,1909727.0,229,0,0,3.919
1309,2,17,28.98,1659312.0,215,0,0,3.946
1309,2,18,8.04,1859217.0,231,0,0,3.959
1309,2,19,33.29,1838090.9,225,9,0,3.543
1309,2,20,17.79,14330.5,0,239,0,1.638
1309,2,21,16.53,1659993.6,201,9,0,3.387
1309,2,22,23.07,1707571.0,213,0,0,3.952
1309,2,23,23.06,1667660.0,213,0,0,3.923
1309,2,24,30.02,740711.1,81,150,0,3.049
1309,2,25,18.79,6839.1,0,212,0,1.839
1309,2,26,16.66,1852221.8,218,15,0,3.33
1309,2,27,27.9,1594050.0,201,0,0,3.94
1309,2,28,14.65,1464560.5,175,63,0,3.222
1309,2,29,36.0,1660838.9,210,1,0,3.911
1309,2,30,34.95,0.0,0,0,0,0.0
1309,2,31,15.56,0.0,0,0,0,0.0
1319,0,0,7.31,133018.0,5,413,0,1.163
1319,0,1,29.18,0.0,0,404,0,0.0
1319,0,2,26.27,3112281.0,398,0,0,3.881
1319,0,3,19.12,3204678.0,404,0,0,3.923
1319,0,4,15.72,42005.1,0,399,2,1.254
1319,0,5,15.24,3398298.0,417,0,0,3.805
1319,0,6,31.03,18502.4,0,405,0,1.021
1319,0,7,39.17,3511628.0,427,0,0,3.816
1319,0,8,35.65,664105.1,57,361,0,1.668
1319,0,9,14.73,3232108.8,412,4,0,3.533
1319,0,10,34.02,19191.3,0,414,0,1.279
1319,0,11,10.86,3331101.8,410,2,0,3.683
1319,0,12,13.55,2948982.0,371,0,0,3.851
1319,0,13,19.72,602880.8,47,320,0,1.698
1319,0,14,30.6,3270308.0,406,0,0,3.912
1319,0,15,28.59,3009347.0,378,0,0,3.314
1319,0,16,28.24,0.0,0,415,0,0.0
1319,0,17,31.34,3258293.0,398,1,0,2.667
1319,0,18,36.47,3191098.0,402,0,0,2.971
1319,0,19,5.84,2288.1,0,412,0,1.0
1319,0,20,17.27,3146635.0,406,0,0,3.928
1319,0,21,22.59,3530238.8,438,8,0,3.507
1319,0,22,29.89,31445.1,0,406,1,1.128
1319,0,23,15.03,24038.5,0,401,1,1.15
1319,0,24,29.93,0.0,0,0,0,0.0
1319,0,25,15.88,0.0,0,0,0,0.0
1319,0,26,12.33,0.0,0,0,0,0.0
1319,0,27,23.22,0.0,0,0,0,0.0
1319,0,28,22.59,0.0,0,0,0,0.0
1319,0,29,18.02,0.0,0,0,0,0.0
1319,0,30,31.52,0.0,0,0,0,0.0
1319,0,31,35.22,0.0,0,0,0,0.0
1319,1,0,20.0,41172.5,0,326,0,2.039
1319,1,1,22.2,2667584.0,332,0,0,3.924
1319,1,2,24.66,141578.6,13,342,0,2.748
1319,1,3,21.54,2675092.0,331,0,0,3.988
1319,1,4,33.76,987.0,0,366,0,1.875
1319,1,5,23.71,2782099.0,352,0,0,3.949
1319,1,6,10.08,2401641.2,303,19,0,3.286
1319,1,7,5.47,2818697.0,353,0,0,3.912
1319,1,8,9.6,2942554.0,368,0,0,3.931
1319,1,9,21.73,50959.1,4,364,0,2.331
1319,1,10,5.31,2744429.0,343,0,0,3.987
1319,1,11,36.07,2659247.0,334,0,0,3.782
1319,1,12,20.46,624.0,0,328,0,1.0
1319,1,13,34.32,2753547.4,337,2,1,3.614
1319,1,14,8.58,2879561.0,353,0,0,3.901
1319,1,15,13.3,2489812.3,310,16,0,3.394
1319,1,16,27.7,2658893.0,325,0,0,3.986
1319,1,17,12.23,2912538.0,361,0,0,3.881
1319,1,18,16.83,2356615.7,278,57,0,3.121
1319,1,19,38.02,306579.2,28,312,0,2.63
1319,1,20,37.85,2787150.0,343,0,0,3.952
1319,1,21,8.07,2432843.3,294,39,0,3.241
1319,1,22,27.42,2555389.0,319,0,0,3.866
1319,1,23,29.83,882089.3,93,238,0,2.879
1319,1,24,36.07,4992.3,0,385,0,1.786
1319,1,25,17.54,191972.0,14,351,0,2.771
1319,1,26,27.33,2992612.0,376,0,0,3.963
1319,1,27,37.84,0.0,0,0,0,0.0
1319,1,28,36.11,0.0,0,0,0,0.0
1319,1,29,28.09,0.0,0,0,0,0.0
1319,1,30,27.63,0.0,0,0,0,0.0
1319,1,31,24.51,0.0,0,0,0,0.0
1319,2,0,7.74,0.0,0,230,1,2.5
1319,2,1,8.87,1753824.2,218,2,0,3.518
1319,2,2,26.78,173183.3,17,220,0,2.439
1319,2,3,17.07,1645906.0,203,0,0,3.75
1319,2,4,20.49,1732449.0,219,0,0,3.913
1319,2,5,18.4,208.0,0,219,0,1.0
1319,2,6,16.21,1996985.0,243,0,0,3.961
1319,2,7,28.9,1614394.1,203,17,0,3.4
1319,2,8,15.49,1474652.0,181,45,0,3.214
1319,2,9,34.34,416496.8,45,204,0,2.657
1319,2,10,38.11,1766622.3,219,3,0,3.516
1319,2,11,16.92,181974.6,18,200,0,2.119
1319,2,12,10.26,1826940.0,230,1,0,3.96
1319,2,13,21.54,2032087.0,255,0,0,3.427
1319,2,14,19.74,1867102.0,235,1,0,3.515
1319,2,15,32.07,1947186.8,247,7,0,3.285
1319,2,16,36.08,1909727.0,229,0,0,3.907
1319,2,17,28.98,1659312.0,215,0,0,3.928
1319,2,18,8.04,1859217.0,231,0,0,3.946
1319,2,19,33.29,1844705.8,224,10,0,3.458
1319,2,20,17.79,8002.9,0,239,0,1.56
1319,2,21,16.53,1656777.7,201,9,0,3.327
1319,2,22,23.07,1707571.0,213,0,0,3.934
1319,2,23,23.06,1667660.0,213,0,0,3.871
1319,2,24,30.02,724542.0,80,151,0,2.992
1319,2,25,18.79,9341.7,0,212,0,1.5
1319,2,26,16.66,1855311.1,215,18,0,3.237
1319,2,27,27.9,1594050.0,201,0,0,3.92
1319,2,28,14.65,1462942.3,173,65,0,3.121
1319,2,29,36.0,1660549.0,210,1,0,3.901
1319,2,30,34.95,0.0,0,0,0,0.0
1319,2,31,15.56,0.0,0,0,0,0.0
1329,0,0,7.31,135884.1,4,414,0,1.276
1329,0,1,29.18,0.0,0,404,0,0.0
1329,0,2,26.27,3112281.0,398,0,0,3.897
1329,0,3,19.12,3204678.0,404,0,0,3.929
1329,0,4,15.72,42062.1,0,399,2,1.278
1329,0,5,15.24,3398298.0,417,0,0,3.802
1329,0,6,31.03,18029.1,0,405,0,1.18
1329,0,7,39.17,3511628.0,427,0,0,3.829
1329,0,8,35.65,690533.5,55,363,0,1.74
1329,0,9,14.73,3235806.5,413,3,0,3.542
1329,0,10,34.02,20130.1,0,414,0,1.323
1329,0,11,10.86,3331101.8,410,2,0,3.712
1329,0,12,13.55,2948982.0,371,0,0,3.845
1329,0,13,19.72,590538.0,50,317,0,1.774
1329,0,14,30.6,3270308.0,406,0,0,3.912
1329,0,15,28.59,3009347.0,378,0,0,3.351
1329,0,16,28.24,0.0,0,415,0,0.0
1329,0,17,31.34,3260371.0,399,0,0,2.733
1329,0,18,36.47,3191098.0,402,0,0,3.02
1329,0,19,5.84,2168.9,0,412,0,1.091
1329,0,20,17.27,3146635.0,406,0,0,3.937
1329,0,21,22.59,3535807.7,439,7,0,3.533
1329,0,22,29.89,30513.2,0,406,1,1.173
1329,0,23,15.03,23153.6,0,401,1,1.171
1329,0,24,29.93,0.0,0,0,0,0.0
1329,0,25,15.88,0.0,0,0,0,0.0
1329,0,26,12.33,0.0,0,0,0,0.0
1329,0,27,23.22,0.0,0,0,0,0.0
1329,0,28,22.59,0.0,0,0,0,0.0
1329,0,29,18.02,0.0,0,0,0,0.0
1329,0,30,31.52,0.0,0,0,0,0.0
1329,0,31,35.22,0.0,0,0,0,0.0
1329,1,0,20.0,39070.1,0,326,0,2.336
1329,1,1,22.2,2667584.0,332,0,0,3.93
1329,1,2,24.66,189511.9,20,335,0,2.778
1329,1,3,21.54,2675092.0,331,0,0,3.985
1329,1,4,33.76,1244.6,0,366,0,2.1
1329,1,5,23.71,2782099.0,352,0,0,3.96
1329,1,6,10.08,2393469.5,298,24,0,3.371
1329,1,7,5.47,2818697.0,353,0,0,3.933
1329,1,8,9.6,2942554.0,368,0,0,3.957
1329,1,9,21.73,45652.9,2,366,0,2.654
1329,1,10,5.31,2744429.0,343,0,0,3.994
1329,1,11,36.07,2659247.0,334,0,0,3.813
1329,1,12,20.46,674.6,0,328,0,1.5
1329,1,13,34.32,2747925.1,336,3,1,3.664
1329,1,14,8.58,2879561.0,353,0,0,3.932
1329,1,15,13.3,2501421.5,311,15,0,3.483
1329,1,16,27.7,2658893.0,325,0,0,3.987
1329,1,17,12.23,2912538.0,361,0,0,3.887
1329,1,18,16.83,2367921.9,280,55,0,3.212
1329,1,19,38.02,332469.9,28,312,0,2.725
1329,1,20,37.85,2787150.0,343,0,0,3.959
1329,1,21,8.07,2368723.9,289,44,0,3.338
1329,1,22,27.42,2555389.0,319,0,0,3.876
1329,1,23,29.83,898668.0,94,237,0,3.043
1329,1,24,36.07,6171.9,0,385,0,2.189
1329,1,25,17.54,207333.1,16,349,0,2.854
1329,1,26,27.33,2992612.0,376,0,0,3.978
1329,1,27,37.84,0.0,0,0,0,0.0
1329,1,28,36.11,0.0,0,0,0,0.0
1329,1,29,28.09,0.0,0,0,0,0.0
1329,1,30,27.63,0.0,0,0,0,0.0
1329,1,31,24.51,0.0,0,0,0,0.0
1329,2,0,7.74,50.1,0,231,0,2.5
1329,2,1,8.87,1764247.7,219,1,0,3.603
1329,2,2,26.78,195264.3,12,224,1,2.621
1329,2,3,17.07,1645906.0,203,0,0,3.763
1329,2,4,20.49,1732449.0,219,0,0,3.936
1329,2,5,18.4,710.6,0,219,0,1.25
1329,2,6,16.21,1996985.0,243,0,0,3.982
1329,2,7,28.9,1636271.3,205,15,0,3.493
1329,2,8,15.49,1468181.4,185,41,0,3.333
1329,2,9,34.34,438532.5,45,204,0,2.841
1329,2,10,38.11,1775880.1,220,2,0,3.58
1329,2,11,16.92,157267.5,14,204,0,2.419
1329,2,12,10.26,1826940.0,230,1,0,3.962
1329,2,13,21.54,2030835.9,254,1,0,3.53
1329,2,14,19.74,1864858.7,235,1,0,3.592
1329,2,15,32.07,1970990.1,248,6,0,3.392
1329,2,16,36.08,1909727.0,229,0,0,3.943
1329,2,17,28.98,1659312.0,215,0,0,3.935
1329,2,18,8.04,1859217.0,231,0,0,3.965
1329,2,19,33.29,1845613.7,226,8,0,3.545
1329,2,20,17.79,7677.4,0,239,0,1.875
1329,2,21,16.53,1672792.8,204,6,0,3.394
1329,2,22,23.07,1707571.0,213,0,0,3.938
1329,2,23,23.06,1667660.0,213,0,0,3.922
1329,2,24,30.02,788747.0,86,145,0,3.085
1329,2,25,18.79,8511.5,0,212,0,1.818
1329,2,26,16.66,1846468.3,218,15,0,3.33
1329,2,27,27.9,1594050.0,201,0,0,3.952
1329,2,28,14.65,1471880.4,172,66,0,3.263
1329,2,29,36.0,1660769.4,210,1,0,3.922
1329,2,30,34.95,0.0,0,0,0,0.0
1329,2,31,15.56,0.0,0,0,0,0.0
1339,0,0,7.31,126510.8,4,414,0,1.329
1339,0,1,29.18,0.0,0,404,0,0.0
1339,0,2,26.27,3112281.0,398,0,0,3.895
1339,0,3,19.12,3204678.0,404,0,0,3.922
1339,0,4,15.72,39276.6,0,401,0,1.249
1339,0,5,15.24,3398298.0,417,0,0,3.793
1339,0,6,31.03,19937.3,0,405,0,1.173
1339,0,7,39.17,3511628.0,427,0,0,3.842
1339,0,8,35.65,721508.8,57,361,0,1.783
1339,0,9,14.73,3235806.5,413,3,0,3.551
1339,0,10,34.02,20250.4,0,414,0,1.33
1339,0,11,10.86,3331101.8,410,2,0,3.715
1339,0,12,13.55,2948982.0,371,0,0,3.854
1339,0,13,19.72,587527.6,54,313,0,1.784
1339,0,14,30.6,3270308.0,406,0,0,3.912
1339,0,15,28.59,3009347.0,378,0,0,3.353
1339,0,16,28.24,0.0,0,415,0,0.0
1339,0,17,31.34,3260371.0,399,0,0,2.748
1339,0,18,36.47,3191098.0,402,0,0,3.035
1339,0,19,5.84,2048.8,0,412,0,1.182
1339,0,20,17.27,3146635.0,406,0,0,3.939
1339,0,21,22.59,3526292.2,437,9,0,3.54
1339,0,22,29.89,29783.8,0,406,1,1.225
1339,0,23,15.03,24381.0,0,401,1,1.193
1339,0,24,29.93,0.0,0,0,0,0.0
1339,0,25,15.88,0.0,0,0,0,0.0
1339,0,26,12.33,0.0,0,0,0,0.0
1339,0,27,23.22,0.0,0,0,0,0.0
1339,0,28,22.59,0.0,0,0,0,0.0
1339,0,29,18.02,0.0,0,0,0,0.0
1339,0,30,31.52,0.0,0,0,0,0.0
1339,0,31,35.22,0.0,0,0,0,0.0
1339,1,0,20.0,40718.3,0,326,0,2.25
1339,1,1,22.2,2667584.0,332,0,0,3.93
1339,1,2,24.66,192976.9,18,337,0,2.712
1339,1,3,21.54,2675092.0,331,0,0,3.989
1339,1,4,33.76,767.2,0,366,0,2.571
1339,1,5,23.71,2782099.0,352,0,0,3.96
1339,1,6,10.08,2370842.0,296,26,0,3.407
1339,1,7,5.47,2818697.0,353,0,0,3.938
1339,1,8,9.6,2942554.0,368,0,0,3.941
1339,1,9,21.73,45202.2,1,367,0,2.773
1339,1,10,5.31,2744429.0,343,0,0,3.994
1339,1,11,36.07,2659247.0,334,0,0,3.824
1339,1,12,20.46,466.6,0,328,0,1.667
1339,1,13,34.32,2746263.4,336,3,1,3.671
1339,1,14,8.58,2879561.0,353,0,0,3.93
1339,1,15,13.3,2490499.1,312,14,0,3.497
1339,1,16,27.7,2658893.0,325,0,0,3.988
1339,1,17,12.23,2912538.0,361,0,0,3.886
1339,1,18,16.83,2367877.4,278,57,0,3.24
1339,1,19,38.02,318720.7,28,312,0,2.779
1339,1,20,37.85,2787150.0,343,0,0,3.954
1339,1,21,8.07,2418563.2,292,41,0,3.354
1339,1,22,27.42,2555389.0,319,0,0,3.891
1339,1,23,29.83,906459.4,96,235,0,3.088
1339,1,24,36.07,6770.5,0,385,0,2.162
1339,1,25,17.54,187376.1,14,351,0,2.849
1339,1,26,27.33,2992612.0,376,0,0,3.978
1339,1,27,37.84,0.0,0,0,0,0.0
1339,1,28,36.11,0.0,0,0,0,0.0
1339,1,29,28.09,0.0,0,0,0,0.0
1339,1,30,27.63,0.0,0,0,0,0.0
1339,1,31,24.51,0.0,0,0,0,0.0
1339,2,0,7.74,0.0,0,231,0,2.333
1339,2,1,8.87,1764283.7,219,1,0,3.586
1339,2,2,26.78,182342.1,20,216,1,2.619
1339,2,3,17.07,1645906.0,203,0,0,3.777
1339,2,4,20.49,1732449.0,219,0,0,3.936
1339,2,5,18.4,1007.2,0,219,0,1.333
1339,2,6,16.21,1996985.0,243,0,0,3.982
1339,2,7,28.9,1654582.0,209,11,0,3.505
1339,2,8,15.49,1458536.3,183,43,0,3.344
1339,2,9,34.34,456072.1,47,202,0,2.812
1339,2,10,38.11,1780233.6,220,2,0,3.612
1339,2,11,16.92,176397.0,17,201,0,2.48
1339,2,12,10.26,1826940.0,230,1,0,3.968
1339,2,13,21.54,2032087.0,255,0,0,3.551
1339,2,14,19.74,1861009.3,234,2,0,3.612
1339,2,15,32.07,1962667.7,248,6,0,3.416
1339,2,16,36.08,1909727.0,229,0,0,3.936
1339,2,17,28.98,1659312.0,215,0,0,3.947
1339,2,18,8.04,1859217.0,231,0,0,3.959
1339,2,19,33.29,1849590.3,226,8,0,3.547
1339,2,20,17.79,10171.2,0,239,0,1.861
1339,2,21,16.53,1680354.1,203,7,0,3.414
1339,2,22,23.07,1707571.0,213,0,0,3.934
1339,2,23,23.06,1667660.0,213,0,0,3.913
1339,2,24,30.02,784856.5,85,146,0,3.093
1339,2,25,18.79,10569.2,0,212,0,1.765
1339,2,26,16.66,1846961.1,220,13,0,3.361
1339,2,27,27.9,1594050.0,201,0,0,3.953
1339,2,28,14.65,1450766.0,174,64,0,3.284
1339,2,29,36.0,1660769.4,210,1,0,3.922
1339,2,30,34.95,0.0,0,0,0,0.0
1339,2,31,15.56,0.0,0,0,0,0.0
1349,0,0,7.31,140743.1,4,414,0,1.417
1349,0,1,29.18,0.0,0,404,0,0.0
1349,0,2,26.27,3112281.0,398,0,0,3.9
1349,0,3,19.12,3204678.0,404,0,0,3.937
1349,0,4,15.72,39283.5,0,399,2,1.386
1349,0,5,15.24,3398298.0,417,0,0,3.785
1349,0,6,31.03,17809.0,0,405,0,1.222
1349,0,7,39.17,3511628.0,427,0,0,3.833
1349,0,8,35.65,701961.3,57,361,0,1.825
1349,0,9,14.73,3232852.5,412,4,0,3.551
1349,0,10,34.02,20187.6,0,414,0,1.394
1349,0,11,10.86,3324298.0,409,3,0,3.73
1349,0,12,13.55,2948982.0,371,0,0,3.865
1349,0,13,19.72,568861.3,50,317,0,1.824
1349,0,14,30.6,3270308.0,406,0,0,3.916
1349,0,15,28.59,3009347.0,378,0,0,3.389
1349,0,16,28.24,0.0,0,415,0,0.0
1349,0,17,31.34,3260371.0,399,0,0,2.772
1349,0,18,36.47,3191098.0,402,0,0,3.026
1349,0,19,5.84,2197.4,0,412,0,1.333
1349,0,20,17.27,3146635.0,406,0,0,3.941
1349,0,21,22.59,3513684.3,435,11,0,3.542
1349,0,22,29.89,34111.9,0,406,1,1.289
1349,0,23,15.03,24441.9,0,401,1,1.271
1349,0,24,29.93,0.0,0,0,0,0.0
1349,0,25,15.88,0.0,0,0,0,0.0
1349,0,26,12.33,0.0,0,0,0,0.0
1349,0,27,23.22,0.0,0,0,0,0.0
1349,0,28,22.59,0.0,0,0,0,0.0
1349,0,29,18.02,0.0,0,0,0,0.0
1349,0,30,31.52,0.0,0,0,0,0.0
1349,0,31,35.22,0.0,0,0,0,0.0
1349,1,0,20.0,38003.7,1,325,0,2.47
1349,1,1,22.2,2667584.0,332,0,0,3.939
1349,1,2,24.66,195904.7,18,337,0,2.9
1349,1,3,21.54,2675092.0,331,0,0,3.983
1349,1,4,33.76,588.6,0,366,0,1.833
1349,1,5,23.71,2782099.0,352,0,0,3.969
1349,1,6,10.08,2386138.7,296,26,0,3.442
1349,1,7,5.47,2818697.0,353,0,0,3.935
1349,1,8,9.6,2942554.0,368,0,0,3.95
1349,1,9,21.73,43705.7,0,368,0,2.843
1349,1,10,5.31,2744429.0,343,0,0,3.994
1349,1,11,36.07,2659247.0,334,0,0,3.82
1349,1,12,20.46,416.0,0,328,0,1.0
1349,1,13,34.32,2751770.4,337,2,1,3.693
1349,1,14,8.58,2879561.0,353,0,0,3.937
1349,1,15,13.3,2491363.8,310,16,0,3.523
1349,1,16,27.7,2658893.0,325,0,0,3.989
1349,1,17,12.23,2912538.0,361,0,0,3.911
1349,1,18,16.83,2361923.7,281,54,0,3.282
1349,1,19,38.02,356563.3,28,312,0,2.923
1349,1,20,37.85,2787150.0,343,0,0,3.965
1349,1,21,8.07,2376040.9,285,48,0,3.391
1349,1,22,27.42,2555389.0,319,0,0,3.902
1349,1,23,29.83,915026.6,94,237,0,3.131
1349,1,24,36.07,5649.5,0,385,0,2.405
1349,1,25,17.54,227006.3,20,345,0,2.819
1349,1,26,27.33,2992612.0,376,0,0,3.983
1349,1,27,37.84,0.0,0,0,0,0.0
1349,1,28,36.11,0.0,0,0,0,0.0
1349,1,29,28.09,0.0,0,0,0,0.0
1349,1,30,27.63,0.0,0,0,0,0.0
1349,1,31,24.51,0.0,0,0,0,0.0
1349,2,0,7.74,35.5,0,231,0,4.0
1349,2,1,8.87,1766283.0,220,0,0,3.64
1349,2,2,26.78,193326.5,17,220,0,2.68
1349,2,3,17.07,1645906.0,203,0,0,3.802
1349,2,4,20.49,1732449.0,219,0,0,3.931
1349,2,5,18.4,590.6,0,219,0,1.5
1349,2,6,16.21,1996985.0,243,0,0,3.982
1349,2,7,28.9,1655147.0,205,15,0,3.504
1349,2,8,15.49,1473427.3,186,40,0,3.371
1349,2,9,34.34,442624.4,46,202,1,2.835
1349,2,10,38.11,1779195.1,220,2,0,3.622
1349,2,11,16.92,179932.5,17,201,0,2.584
1349,2,12,10.26,1826940.0,230,1,0,3.96
1349,2,13,21.54,2028768.5,253,2,0,3.584
1349,2,14,19.74,1862053.1,234,2,0,3.633
1349,2,15,32.07,1974438.2,247,7,0,3.424
1349,2,16,36.08,1909727.0,229,0,0,3.951
1349,2,17,28.98,1659312.0,215,0,0,3.947
1349,2,18,8.04,1859217.0,231,0,0,3.958
1349,2,19,33.29,1854016.3,227,7,0,3.591
1349,2,20,17.79,10378.4,0,239,0,2.0
1349,2,21,16.53,1667650.6,204,6,0,3.415
1349,2,22,23.07,1707571.0,213,0,0,3.95
1349,2,23,23.06,1667660.0,213,0,0,3.922
1349,2,24,30.02,787297.3,83,148,0,3.119
1349,2,25,18.79,9207.8,0,212,0,2.042
1349,2,26,16.66,1844406.3,216,17,0,3.374
1349,2,27,27.9,1594050.0,201,0,0,3.948
1349,2,28,14.65,1442911.9,170,68,0,3.292
1349,2,29,36.0,1660769.4,210,1,0,3.944
1349,2,30,34.95,0.0,0,0,0,0.0
1349,2,31,15.56,0.0,0,0,0,0.0
1359,0,0,7.31,146942.5,6,412,0,1.484
1359,0,1,29.18,0.0,0,404,0,0.0
1359,0,2,26.27,3112281.0,398,0,0,3.908
1359,0,3,19.12,3216249.0,405,0,0,3.937
1359,0,4,15.72,39668.5,0,399,2,1.38
1359,0,5,15.24,3398298.0,417,0,0,3.809
1359,0,6,31.03,18281.3,0,405,0,1.279
1359,0,7,39.17,3511628.0,427,0,0,3.833
1359,0,8,35.65,727993.3,59,359,0,1.869
1359,0,9,14.73,3230671.0,412,4,0,3.581
1359,0,10,34.02,20523.3,0,414,0,1.363
1359,0,11,10.86,3328041.6,410,3,0,3.738
1359,0,12,13.55,2948982.0,371,0,0,3.869
1359,0,13,19.72,555171.4,46,321,0,1.878
1359,0,14,30.6,3270308.0,406,0,0,3.925
1359,0,15,28.59,3009347.0,378,0,0,3.393
1359,0,16,28.24,0.0,0,415,0,0.0
1359,0,17,31.34,3260371.0,399,0,0,2.772
1359,0,18,36.47,3191098.0,402,0,0,3.039
1359,0,19,5.84,1661.3,0,412,0,1.5
1359,0,20,17.27,3146635.0,406,0,0,3.946
1359,0,21,22.59,3508883.2,435,11,0,3.55
1359,0,22,29.89,33567.8,0,406,1,1.338
1359,0,23,15.03,24608.7,0,401,1,1.34
1359,0,24,29.93,0.0,0,0,0,0.0
1359,0,25,15.88,0.0,0,0,0,0.0
1359,0,26,12.33,0.0,0,0,0,0.0
1359,0,27,23.22,0.0,0,0,0,0.0
1359,0,28,22.59,0.0,0,0,0,0.0
1359,0,29,18.02,0.0,0,0,0,0.0
1359,0,30,31.52,0.0,0,0,0,0.0
1359,0,31,35.22,0.0,0,0,0,0.0
1359,1,0,20.0,44050.0,1,325,0,2.54
1359,1,1,22.2,2667584.0,332,0,0,3.941
1359,1,2,24.66,205403.6,17,338,0,2.911
1359,1,3,21.54,2675092.0,331,0,0,3.989
1359,1,4,33.76,561.5,0,366,0,2.571
1359,1,5,23.71,2782099.0,352,0,0,3.957
1359,1,6,10.08,2381577.6,296,26,0,3.439
1359,1,7,5.47,2818697.0,353,0,0,3.941
1359,1,8,9.6,2942554.0,368,0,0,3.962
1359,1,9,21.73,53219.5,0,368,0,2.802
1359,1,10,5.31,2744429.0,343,0,0,3.99
1359,1,11,36.07,2659247.0,334,0,0,3.849
1359,1,12,20.46,466.6,0,328,0,1.667
1359,1,13,34.32,2753501.4,337,3,0,3.691
1359,1,14,8.58,2879561.0,353,0,0,3.941
1359,1,15,13.3,2490651.8,310,16,0,3.53
1359,1,16,27.7,2658893.0,325,0,0,3.99
1359,1,17,12.23,2912538.0,361,0,0,3.909
1359,1,18,16.83,2335305.7,276,59,0,3.291
1359,1,19,38.02,344106.5,32,308,0,2.874
1359,1,20,37.85,2787150.0,343,0,0,3.965
1359,1,21,8.07,2365271.4,282,51,0,3.393
1359,1,22,27.42,2555389.0,319,0,0,3.909
1359,1,23,29.83,905047.0,95,237,0,3.156
1359,1,24,36.07,5807.5,0,385,0,2.526
1359,1,25,17.54,205795.3,16,349,0,2.949
1359,1,26,27.33,2992612.0,376,0,0,3.983
1359,1,27,37.84,0.0,0,0,0,0.0
1359,1,28,36.11,0.0,0,0,0,0.0
1359,1,29,28.09,0.0,0,0,0,0.0
1359,1,30,27.63,0.0,0,0,0,0.0
1359,1,31,24.51,0.0,0,0,0,0.0
1359,2,0,7.74,120.9,0,231,0,2.6
1359,2,1,8.87,1766283.0,220,0,0,3.632
1359,2,2,26.78,174172.0,13,223,1,2.853
1359,2,3,17.07,1645906.0,203,0,0,3.808
1359,2,4,20.49,1732449.0,219,0,0,3.944
1359,2,5,18.4,1007.2,0,219,0,1.333
1359,2,6,16.21,1996985.0,243,0,0,3.986
1359,2,7,28.9,1663017.4,206,14,0,3.537
1359,2,8,15.49,1460424.5,179,47,0,3.39
1359,2,9,34.34,474025.5,47,202,0,2.934
1359,2,10,38.11,1786106.3,221,1,0,3.611
1359,2,11,16.92,202701.0,18,200,0,2.589
1359,2,12,10.26,1826940.0,230,1,0,3.976
1359,2,13,21.54,2023404.9,254,1,0,3.597
1359,2,14,19.74,1863198.3,233,3,0,3.649
1359,2,15,32.07,1970750.4,249,5,0,3.422
1359,2,16,36.08,1909727.0,229,0,0,3.945
1359,2,17,28.98,1659312.0,215,0,0,3.955
1359,2,18,8.04,1859217.0,231,0,0,3.967
1359,2,19,33.29,1842752.6,226,8,0,3.599
1359,2,20,17.79,9724.5,0,239,0,2.073
1359,2,21,16.53,1673653.7,203,7,0,3.443
1359,2,22,23.07,1707571.0,213,0,0,3.958
1359,2,23,23.06,1667660.0,213,0,0,3.934
1359,2,24,30.02,774829.6,83,148,0,3.142
1359,2,25,18.79,7882.6,0,212,0,2.159
1359,2,26,16.66,1826085.1,216,17,0,3.407
1359,2,27,27.9,1594050.0,201,0,0,3.964
1359,2,28,14.65,1433075.9,165,73,0,3.352
1359,2,29,36.0,1664498.0,210,1,0,3.928
1359,2,30,34.95,0.0,0,0,0,0.0
1359,2,31,15.56,0.0,0,0,0,0.0
1369,0,0,7.31,143986.9,4,414,0,1.642
1369,0,1,29.18,0.0,0,404,0,0.0
1369,0,2,26.27,3112281.0,398,0,0,3.905
1369,0,3,19.12,3216249.0,405,0,0,3.942
1369,0,4,15.72,41011.0,0,401,0,1.572
1369,0,5,15.24,3398298.0,417,0,0,3.84
1369,0,6,31.03,18962.0,0,405,0,1.36
1369,0,7,39.17,3511628.0,427,0,0,3.849
1369,0,8,35.65,699314.7,56,362,0,1.968
1369,0,9,14.73,3250386.4,414,2,0,3.588
1369,0,10,34.02,20476.7,0,414,0,1.514
1369,0,11,10.86,3328443.4,410,2,0,3.758
1369,0,12,13.55,2948982.0,371,0,0,3.882
1369,0,13,19.72,596199.6,52,315,0,1.926
1369,0,14,30.6,3285498.0,408,0,0,3.933
1369,0,15,28.59,3009347.0,378,0,0,3.424
1369,0,16,28.24,0.0,0,415,0,0.0
1369,0,17,31.34,3259635.1,398,1,0,2.801
1369,0,18,36.47,3191098.0,402,0,0,3.093
1369,0,19,5.84,2034.5,0,412,0,1.714
1369,0,20,17.27,3146635.0,406,0,0,3.951
1369,0,21,22.59,3507480.3,434,12,0,3.587
1369,0,22,29.89,32416.1,0,405,2,1.433
1369,0,23,15.03,24288.1,0,401,1,1.538
1369,0,24,29.93,0.0,0,0,0,0.0
1369,0,25,15.88,0.0,0,0,0,0.0
1369,0,26,12.33,0.0,0,0,0,0.0
1369,0,27,23.22,0.0,0,0,0,0.0
1369,0,28,22.59,0.0,0,0,0,0.0
1369,0,29,18.02,0.0,0,0,0,0.0
1369,0,30,31.52,0.0,0,0,0,0.0
1369,0,31,35.22,0.0,0,0,0,0.0
1369,1,0,20.0,49022.5,2,324,0,2.802
1369,1,1,22.2,2667584.0,332,0,0,3.968
1369,1,2,24.66,195337.2,17,338,0,3.17
1369,1,3,21.54,2675092.0,331,0,0,3.992
1369,1,4,33.76,754.9,0,366,0,2.5
1369,1,5,23.71,2782099.0,352,0,0,3.971
1369,1,6,10.08,2364101.7,291,30,0,3.545
1369,1,7,5.47,2818697.0,353,0,0,3.966
1369,1,8,9.6,2942554.0,368,0,0,3.969
1369,1,9,21.73,44997.5,0,368,0,2.943
1369,1,10,5.31,2744429.0,343,0,0,3.997
1369,1,11,36.07,2659247.0,334,0,0,3.892
1369,1,12,20.46,813.8,0,328,0,1.833
1369,1,13,34.32,2753777.6,336,4,0,3.76
1369,1,14,8.58,2879561.0,353,0,0,3.956
1369,1,15,13.3,2486882.2,308,18,0,3.631
1369,1,16,27.7,2658893.0,325,0,0,3.99
1369,1,17,12.23,2912538.0,361,0,0,3.944
1369,1,18,16.83,2336060.6,275,60,0,3.421
1369,1,19,38.02,331109.7,27,313,0,3.062
1369,1,20,37.85,2787150.0,343,0,0,3.98
1369,1,21,8.07,2390838.1,285,48,0,3.495
1369,1,22,27.42,2555389.0,319,0,0,3.942
1369,1,23,29.83,944273.8,97,235,0,3.267
1369,1,24,36.07,7147.6,0,385,0,2.686
1369,1,25,17.54,219992.4,14,351,0,3.106
1369,1,26,27.33,2992612.0,376,0,0,3.983
1369,1,27,37.84,0.0,0,0,0,0.0
1369,1,28,36.11,0.0,0,0,0,0.0
1369,1,29,28.09,0.0,0,0,0,0.0
1369,1,30,27.63,0.0,0,0,0,0.0
1369,1,31,24.51,0.0,0,0,0,0.0
1369,2,0,7.74,140.1,0,231,0,3.333
1369,2,1,8.87,1765830.0,219,1,0,3.714
1369,2,2,26.78,212038.4,12,224,1,2.942
1369,2,3,17.07,1645906.0,203,0,0,3.856
1369,2,4,20.49,1732449.0,219,0,0,3.959
1369,2,5,18.4,798.6,0,219,0,1.4
1369,2,6,16.21,1996985.0,243,0,0,3.992
1369,2,7,28.9,1702104.3,211,9,0,3.64
1369,2,8,15.49,1480487.0,185,41,0,3.518
1369,2,9,34.34,455588.9,44,205,0,3.073
1369,2,10,38.11,1779772.7,221,1,0,3.73
1369,2,11,16.92,175750.3,15,203,0,2.81
1369,2,12,10.26,1826940.0,230,1,0,3.976
1369,2,13,21.54,2020564.8,253,2,0,3.72
1369,2,14,19.74,1856002.8,233,3,0,3.717
1369,2,15,32.07,1958372.9,248,6,0,3.574
1369,2,16,36.08,1909727.0,229,0,0,3.973
1369,2,17,28.98,1659312.0,215,0,0,3.969
1369,2,18,8.04,1859217.0,231,0,0,3.969
1369,2,19,33.29,1848828.8,227,7,0,3.69
1369,2,20,17.79,8668.5,0,239,0,2.395
1369,2,21,16.53,1665201.9,200,10,0,3.579
1369,2,22,23.07,1707571.0,213,0,0,3.97
1369,2,23,23.06,1667660.0,213,0,0,3.955
1369,2,24,30.02,816559.0,84,147,0,3.314
1369,2,25,18.79,10194.1,0,212,0,2.339
1369,2,26,16.66,1836570.5,217,16,0,3.55
1369,2,27,27.9,1594050.0,201,0,0,3.971
1369,2,28,14.65,1435448.6,167,71,0,3.464
1369,2,29,36.0,1660549.0,210,1,0,3.948
1369,2,30,34.95,0.0,0,0,0,0.0
1369,2,31,15.56,0.0,0,0,0,0.0
1379,0,0,7.31,132872.5,4,414,0,1.778
1379,0,1,29.18,0.0,0,404,0,0.0
1379,0,2,26.27,3112281.0,398,0,0,3.918
1379,0,3,19.12,3216249.0,405,0,0,3.943
1379,0,4,15.72,44544.8,0,399,2,1.735
1379,0,5,15.24,3398298.0,417,0,0,3.853
1379,0,6,31.03,18214.1,0,405,0,1.455
1379,0,7,39.17,3511628.0,427,0,0,3.86
1379,0,8,35.65,799211.8,66,352,0,2.05
1379,0,9,14.73,3240384.3,412,4,0,3.612
1379,0,10,34.02,19860.3,0,414,0,1.587
1379,0,11,10.86,3324151.1,409,3,0,3.768
1379,0,12,13.55,2948982.0,371,0,0,3.891
1379,0,13,19.72,566097.2,46,321,0,2.041
1379,0,14,30.6,3270308.0,406,0,0,3.935
1379,0,15,28.59,3009347.0,378,0,0,3.482
1379,0,16,28.24,0.0,0,415,0,0.0
1379,0,17,31.34,3259774.4,398,1,0,2.862
1379,0,18,36.47,3191098.0,402,0,0,3.126
1379,0,19,5.84,1242.8,0,412,0,2.429
1379,0,20,17.27,3146635.0,406,0,0,3.961
1379,0,21,22.59,3498398.0,432,14,0,3.609
1379,0,22,29.89,29859.2,0,407,0,1.595
1379,0,23,15.03,22106.6,0,401,1,1.671
1379,0,24,29.93,0.0,0,0,0,0.0
1379,0,25,15.88,0.0,0,0,0,0.0
1379,0,26,12.33,0.0,0,0,0,0.0
1379,0,27,23.22,0.0,0,0,0,0.0
1379,0,28,22.59,0.0,0,0,0,0.0
1379,0,29,18.02,0.0,0,0,0,0.0
1379,0,30,31.52,0.0,0,0,0,0.0
1379,0,31,35.22,0.0,0,0,0,0.0
1379,1,0,20.0,50665.9,1,325,0,2.925
1379,1,1,22.2,2667584.0,332,0,0,3.967
1379,1,2,24.66,208776.7,14,341,0,3.222
1379,1,3,21.54,2675092.0,331,0,0,3.993
1379,1,4,33.76,1066.8,0,366,0,2.4
1379,1,5,23.71,2782099.0,352,0,0,3.979
1379,1,6,10.08,2351514.5,287,34,0,3.561
1379,1,7,5.47,2818697.0,353,0,0,3.973
1379,1,8,9.6,2942554.0,368,0,0,3.969
1379,1,9,21.73,40819.2,0,368,0,3.17
1379,1,10,5.31,2744429.0,343,0,0,4.0
1379,1,11,36.07,2659247.0,334,0,0,3.9
1379,1,12,20.46,463.2,0,328,0,2.667
1379,1,13,34.32,2751331.5,337,2,1,3.795
1379,1,14,8.58,2879561.0,353,0,0,3.97
1379,1,15,13.3,2471160.7,307,19,0,3.677
1379,1,16,27.7,2658893.0,325,0,0,3.995
1379,1,17,12.23,2912538.0,361,0,0,3.945
1379,1,18,16.83,2288911.9,265,69,0,3.484
1379,1,19,38.02,353126.7,24,316,0,3.161
1379,1,20,37.85,2787150.0,343,0,0,3.982
1379,1,21,8.07,2361728.2,279,54,0,3.563
1379,1,22,27.42,2555389.0,319,0,0,3.951
1379,1,23,29.83,944041.1,95,237,0,3.354
1379,1,24,36.07,5218.6,0,385,0,2.857
1379,1,25,17.54,236041.6,16,349,0,3.112
1379,1,26,27.33,2992612.0,376,0,0,3.989
1379,1,27,37.84,0.0,0,0,0,0.0
1379,1,28,36.11,0.0,0,0,0,0.0
1379,1,29,28.09,0.0,0,0,0,0.0
1379,1,30,27.63,0.0,0,0,0,0.0
1379,1,31,24.51,0.0,0,0,0,0.0
1379,2,0,7.74,159.8,0,231,0,3.333
1379,2,1,8.87,1766283.0,220,0,0,3.754
1379,2,2,26.78,191738.5,12,224,1,3.069
1379,2,3,17.07,1645906.0,203,0,0,3.878
1379,2,4,20.49,1732449.0,219,0,0,3.974
1379,2,5,18.4,832.0,0,219,0,1.0
1379,2,6,16.21,1996985.0,243,0,0,3.992
1379,2,7,28.9,1689550.9,209,11,0,3.679
1379,2,8,15.49,1468003.6,182,44,0,3.578
1379,2,9,34.34,455891.1,43,206,0,3.135
1379,2,10,38.11,1778083.0,221,1,0,3.756
1379,2,11,16.92,179347.7,15,203,0,2.879
1379,2,12,10.26,1826940.0,230,1,0,3.98
1379,2,13,21.54,2018914.2,253,2,0,3.739
1379,2,14,19.74,1860488.3,234,2,0,3.748
1379,2,15,32.07,1972522.0,248,6,0,3.592
1379,2,16,36.08,1909727.0,229,0,0,3.967
1379,2,17,28.98,1659312.0,215,0,0,3.98
1379,2,18,8.04,1859217.0,231,0,0,3.977
1379,2,19,33.29,1848590.8,228,6,0,3.716
1379,2,20,17.79,9977.5,0,239,0,2.607
1379,2,21,16.53,1652274.4,202,8,0,3.615
1379,2,22,23.07,1707571.0,213,0,0,3.978
1379,2,23,23.06,1667660.0,213,0,0,3.958
1379,2,24,30.02,813833.6,83,148,0,3.374
1379,2,25,18.79,9054.0,0,212,0,2.525
1379,2,26,16.66,1838833.8,216,17,0,3.59
1379,2,27,27.9,1594050.0,201,0,0,3.983
1379,2,28,14.65,1422561.5,171,67,0,3.475
1379,2,29,36.0,1660769.4,210,1,0,3.945
1379,2,30,34.95,0.0,0,0,0,0.0
1379,2,31,15.56,0.0,0,0,0,0.0
1389,0,0,7.31,150125.7,4,414,0,1.664
1389,0,1,29.18,0.0,0,404,0,0.0
1389,0,2,26.27,3112281.0,398,0,0,3.905
1389,0,3,19.12,3216249.0,405,0,0,3.941
1389,0,4,15.72,46702.8,0,400,1,1.609
1389,0,5,15.24,3398298.0,417,0,0,3.831
1389,0,6,31.03,17287.7,0,405,0,1.4
1389,0,7,39.17,3511628.0,427,0,0,3.862
1389,0,8,35.65,753320.3,60,358,0,2.014
1389,0,9,14.73,3243657.0,413,3,0,3.627
1389,0,10,34.02,20247.5,0,414,0,1.519
1389,0,11,10.86,3331009.1,410,2,0,3.759
1389,0,12,13.55,2948982.0,371,0,0,3.882
1389,0,13,19.72,568619.0,48,319,0,1.971
1389,0,14,30.6,3270308.0,406,0,0,3.939
1389,0,15,28.59,3009347.0,378,0,0,3.432
1389,0,16,28.24,0.0,0,415,0,0.0
1389,0,17,31.34,3260371.0,399,0,0,2.822
1389,0,18,36.47,3191098.0,402,0,0,3.096
1389,0,19,5.84,1273.6,0,412,0,2.357
1389,0,20,17.27,3146635.0,406,0,0,3.958
1389,0,21,22.59,3502519.9,434,12,0,3.579
1389,0,22,29.89,30865.9,0,407,0,1.425
1389,0,23,15.03,22167.2,0,401,1,1.591
1389,0,24,29.93,0.0,0,0,0,0.0
1389,0,25,15.88,0.0,0,0,0,0.0
1389,0,26,12.33,0.0,0,0,0,0.0
1389,0,27,23.22,0.0,0,0,0,0.0
1389,0,28,22.59,0.0,0,0,0,0.0
1389,0,29,18.02,0.0,0,0,0,0.0
1389,0,30,31.52,0.0,0,0,0,0.0
1389,0,31,35.22,0.0,0,0,0,0.0
1389,1,0,20.0,51169.6,1,325,0,2.919
1389,1,1,22.2,2667584.0,332,0,0,3.972
1389,1,2,24.66,209745.2,17,338,0,3.19
1389,1,3,21.54,2675092.0,331,0,0,3.989
1389,1,4,33.76,879.8,0,366,0,2.6
1389,1,5,23.71,2782099.0,352,0,0,3.97
1389,1,6,10.08,2360536.2,293,29,0,3.547
1389,1,7,5.47,2818697.0,353,0,0,3.962
1389,1,8,9.6,2942554.0,368,0,0,3.968
1389,1,9,21.73,41901.7,0,368,0,2.937
1389,1,10,5.31,2744429.0,343,0,0,3.997
1389,1,11,36.07,2659247.0,334,0,0,3.888
1389,1,12,20.46,597.4,0,328,0,2.0
1389,1,13,34.32,2751245.5,335,4,1,3.762
1389,1,14,8.58,2879561.0,353,0,0,3.966
1389,1,15,13.3,2497462.1,311,15,0,3.637
1389,1,16,27.7,2658893.0,325,0,0,3.995
1389,1,17,12.23,2912538.0,361,0,0,3.928
1389,1,18,16.83,2320129.9,272,63,0,3.43
1389,1,19,38.02,353977.0,24,316,0,3.058
1389,1,20,37.85,2787150.0,343,0,0,3.979
1389,1,21,8.07,2376977.9,286,47,0,3.524
1389,1,22,27.42,2555389.0,319,0,0,3.936
1389,1,23,29.83,930399.4,88,243,0,3.318
1389,1,24,36.07,5226.1,0,385,0,2.659
1389,1,25,17.54,217590.2,14,351,0,3.159
1389,1,26,27.33,2992612.0,376,0,0,3.986
1389,1,27,37.84,0.0,0,0,0,0.0
1389,1,28,36.11,0.0,0,0,0,0.0
1389,1,29,28.09,0.0,0,0,0,0.0
1389,1,30,27.63,0.0,0,0,0,0.0
1389,1,31,24.51,0.0,0,0,0,0.0
1389,2,0,7.74,49.6,0,231,0,3.0
1389,2,1,8.87,1758279.6,218,2,0,3.742
1389,2,2,26.78,206492.6,15,221,1,2.989
1389,2,3,17.07,1645906.0,203,0,0,3.853
1389,2,4,20.49,1732449.0,219,0,0,3.964
1389,2,5,18.4,1005.1,0,219,0,1.333
1389,2,6,16.21,1996985.0,243,0,0,3.986
1389,2,7,28.9,1697853.4,208,12,0,3.64
1389,2,8,15.49,1471318.0,180,46,0,3.559
1389,2,9,34.34,451236.6,44,205,0,3.09
1389,2,10,38.11,1775289.6,220,2,0,3.734
1389,2,11,16.92,188303.3,16,202,0,2.848
1389,2,12,10.26,1826940.0,230,1,0,3.982
1389,2,13,21.54,2020211.2,253,2,0,3.711
1389,2,14,19.74,1868031.0,236,0,0,3.734
1389,2,15,32.07,1972777.9,247,7,0,3.585
1389,2,16,36.08,1909727.0,229,0,0,3.965
1389,2,17,28.98,1659312.0,215,0,0,3.974
1389,2,18,8.04,1859217.0,231,0,0,3.964
1389,2,19,33.29,1843402.1,227,7,0,3.697
1389,2,20,17.79,10283.1,0,239,0,2.509
1389,2,21,16.53,1657834.5,203,7,0,3.602
1389,2,22,23.07,1707571.0,213,0,0,3.964
1389,2,23,23.06,1667660.0,213,0,0,3.951
1389,2,24,30.02,808906.3,83,148,0,3.326
1389,2,25,18.79,9978.6,0,212,0,2.241
1389,2,26,16.66,1813659.7,212,21,0,3.552
1389,2,27,27.9,1594050.0,201,0,0,3.979
1389,2,28,14.65,1429775.4,162,76,0,3.479
1389,2,29,36.0,1660769.4,210,1,0,3.948
1389,2,30,34.95,0.0,0,0,0,0.0
1389,2,31,15.56,0.0,0,0,0,0.0
1399,0,0,7.31,155998.8,6,412,0,1.582
1399,0,1,29.18,0.0,0,404,0,0.0
1399,0,2,26.27,3112281.0,398,0,0,3.898
1399,0,3,19.12,3216249.0,405,0,0,3.94
1399,0,4,15.72,43545.6,0,400,1,1.518
1399,0,5,15.24,3398298.0,417,0,0,3.832
1399,0,6,31.03,17928.0,0,405,0,1.321
1399,0,7,39.17,3511628.0,427,0,0,3.861
1399,0,8,35.65,787411.0,66,352,0,1.972
1399,0,9,14.73,3247115.7,413,3,0,3.604
1399,0,10,34.02,15793.0,1,413,0,1.469
1399,0,11,10.86,3330954.9,410,2,0,3.739
1399,0,12,13.55,2948982.0,371,0,0,3.876
1399,0,13,19.72,532809.1,41,326,0,1.937
1399,0,14,30.6,3270308.0,406,0,0,3.937
1399,0,15,28.59,3009347.0,378,0,0,3.424
1399,0,16,28.24,0.0,0,415,0,0.0
1399,0,17,31.34,3259228.2,398,1,0,2.796
1399,0,18,36.47,3191098.0,402,0,0,3.09
1399,0,19,5.84,1553.8,0,412,0,2.4
1399,0,20,17.27,3146635.0,406,0,0,3.949
1399,0,21,22.59,3492426.7,431,15,0,3.576
1399,0,22,29.89,30972.0,0,405,2,1.389
1399,0,23,15.03,24295.0,0,401,1,1.45
1399,0,24,29.93,0.0,0,0,0,0.0
1399,0,25,15.88,0.0,0,0,0,0.0
1399,0,26,12.33,0.0,0,0,0,0.0
1399,0,27,23.22,0.0,0,0,0,0.0
1399,0,28,22.59,0.0,0,0,0,0.0
1399,0,29,18.02,0.0,0,0,0,0.0
1399,0,30,31.52,0.0,0,0,0,0.0
1399,0,31,35.22,0.0,0,0,0,0.0
1399,1,0,20.0,44048.6,0,326,0,2.729
1399,1,1,22.2,2667584.0,332,0,0,3.967
1399,1,2,24.66,206036.7,18,337,0,3.042
1399,1,3,21.54,2675092.0,331,0,0,3.987
1399,1,4,33.76,525.6,0,366,0,2.333
1399,1,5,23.71,2782099.0,352,0,0,3.975
1399,1,6,10.08,2354379.3,294,28,0,3.524
1399,1,7,5.47,2818697.0,353,0,0,3.951
1399,1,8,9.6,2942554.0,368,0,0,3.971
1399,1,9,21.73,35263.3,0,368,0,2.971
1399,1,10,5.31,2744429.0,343,0,0,3.997
1399,1,11,36.07,2659247.0,334,0,0,3.888
1399,1,12,20.46,597.4,0,328,0,2.0
1399,1,13,34.32,2753475.2,336,3,1,3.764
1399,1,14,8.58,2879561.0,353,0,0,3.962
1399,1,15,13.3,2497891.3,310,16,0,3.598
1399,1,16,27.7,2658893.0,325,0,0,3.992
1399,1,17,12.23,2912538.0,361,0,0,3.918
1399,1,18,16.83,2360004.6,278,57,0,3.385
1399,1,19,38.02,341699.8,29,311,0,3.013
1399,1,20,37.85,2787150.0,343,0,0,3.978
1399,1,21,8.07,2356839.1,283,50,0,3.471
1399,1,22,27.42,2555389.0,319,0,0,3.934
1399,1,23,29.83,894260.6,90,241,0,3.26
1399,1,24,36.07,5526.9,0,385,0,2.744
1399,1,25,17.54,225388.1,17,348,0,3.057
1399,1,26,27.33,2992612.0,376,0,0,3.979
1399,1,27,37.84,0.0,0,0,0,0.0
1399,1,28,36.11,0.0,0,0,0,0.0
1399,1,29,28.09,0.0,0,0,0,0.0
1399,1,30,27.63,0.0,0,0,0,0.0
1399,1,31,24.51,0.0,0,0,0,0.0
1399,2,0,7.74,194.8,0,231,0,3.0
1399,2,1,8.87,1766283.0,220,0,0,3.722
1399,2,2,26.78,199423.8,16,221,0,2.938
1399,2,3,17.07,1645906.0,203,0,0,3.837
1399,2,4,20.49,1732449.0,219,0,0,3.954
1399,2,5,18.4,1091.2,0,219,0,1.333
1399,2,6,16.21,1996985.0,243,0,0,3.984
1399,2,7,28.9,1693141.5,209,11,0,3.623
1399,2,8,15.49,1478089.1,184,42,0,3.502
1399,2,9,34.34,441293.4,46,203,0,3.055
1399,2,10,38.11,1781901.5,221,1,0,3.712
1399,2,11,16.92,170891.2,16,202,0,2.768
1399,2,12,10.26,1826940.0,230,1,0,3.97
1399,2,13,21.54,2020576.4,253,2,0,3.661
1399,2,14,19.74,1863458.8,234,2,0,3.732
1399,2,15,32.07,1960008.9,248,6,0,3.536
1399,2,16,36.08,1909727.0,229,0,0,3.961
1399,2,17,28.98,1659312.0,215,0,0,3.969
1399,2,18,8.04,1859217.0,231,0,0,3.979
1399,2,19,33.29,1844810.6,226,8,0,3.659
1399,2,20,17.79,11776.6,0,239,0,2.14
1399,2,21,16.53,1667898.3,202,8,0,3.543
1399,2,22,23.07,1707571.0,213,0,0,3.958
1399,2,23,23.06,1667660.0,213,0,0,3.963
1399,2,24,30.02,802144.3,80,151,0,3.287
1399,2,25,18.79,8799.3,0,212,0,2.163
1399,2,26,16.66,1849382.5,219,14,0,3.504
1399,2,27,27.9,1594050.0,201,0,0,3.979
1399,2,28,14.65,1421489.8,161,77,0,3.42
1399,2,29,36.0,1660549.0,210,1,0,3.949
1399,2,30,34.95,0.0,0,0,0,0.0
1399,2,31,15.56,0.0,0,0,0,0.0
1409,0,0,7.31,140415.5,4,414,0,1.635
1409,0,1,29.18,0.0,0,404,0,0.0
1409,0,2,26.27,3112281.0,398,0,0,3.894
1409,0,3,19.12,3216249.0,405,0,0,3.945
1409,0,4,15.72,42858.7,0,399,2,1.613
1409,0,5,15.24,3398298.0,417,0,0,3.828
1409,0,6,31.03,18160.5,0,405,0,1.38
1409,0,7,39.17,3511628.0,427,0,0,3.855
1409,0,8,35.65,725299.9,60,358,0,2.053
1409,0,9,14.73,3235093.4,412,4,0,3.611
1409,0,10,34.02,20155.4,1,413,0,1.657
1409,0,11,10.86,3330954.9,410,2,0,3.738
1409,0,12,13.55,2948982.0,371,0,0,3.898
1409,0,13,19.72,554127.4,47,320,0,1.993
1409,0,14,30.6,3270308.0,406,0,0,3.944
1409,0,15,28.59,3009347.0,378,0,0,3.418
1409,0,16,28.24,0.0,0,415,0,0.0
1409,0,17,31.34,3260371.0,399,0,0,2.813
1409,0,18,36.47,3191098.0,402,0,0,3.108
1409,0,19,5.84,2007.6,0,412,0,2.333
1409,0,20,17.27,3146635.0,406,0,0,3.952
1409,0,21,22.59,3511856.6,435,11,0,3.586
1409,0,22,29.89,38546.9,0,406,1,1.467
1409,0,23,15.03,27534.9,0,401,1,1.48
1409,0,24,29.93,0.0,0,0,0,0.0
1409,0,25,15.88,0.0,0,0,0,0.0
1409,0,26,12.33,0.0,0,0,0,0.0
1409,0,27,23.22,0.0,0,0,0,0.0
1409,0,28,22.59,0.0,0,0,0,0.0
1409,0,29,18.02,0.0,0,0,0,0.0
1409,0,30,31.52,0.0,0,0,0,0.0
1409,0,31,35.22,0.0,0,0,0,0.0
1409,1,0,20.0,42137.3,1,325,0,2.901
1409,1,1,22.2,2667584.0,332,0,0,3.963
1409,1,2,24.66,208753.1,18,337,0,3.073
1409,1,3,21.54,2675092.0,331,0,0,3.992
1409,1,4,33.76,1031.8,0,366,0,2.833
1409,1,5,23.71,2782099.0,352,0,0,3.975
1409,1,6,10.08,2368128.8,294,27,0,3.541
1409,1,7,5.47,2818697.0,353,0,0,3.955
1409,1,8,9.6,2942554.0,368,0,0,3.971
1409,1,9,21.73,39961.6,0,368,0,3.026
1409,1,10,5.31,2744429.0,343,0,0,3.997
1409,1,11,36.07,2659247.0,334,0,0,3.876
1409,1,12,20.46,916.0,0,328,0,2.4
1409,1,13,34.32,2754873.4,336,3,1,3.774
1409,1,14,8.58,2879561.0,353,0,0,3.964
1409,1,15,13.3,2494380.3,309,17,0,3.596
1409,1,16,27.7,2658893.0,325,0,0,3.994
1409,1,17,12.23,2912538.0,361,0,0,3.928
1409,1,18,16.83,2334082.1,278,57,0,3.395
1409,1,19,38.02,360742.9,28,312,0,3.084
1409,1,20,37.85,2787150.0,343,0,0,3.974
1409,1,21,8.07,2339391.6,280,53,0,3.493
1409,1,22,27.42,2555389.0,319,0,0,3.932
1409,1,23,29.83,928685.4,92,239,0,3.266
1409,1,24,36.07,5400.6,0,385,0,2.733
1409,1,25,17.54,221460.4,17,348,0,3.122
1409,1,26,27.33,2992612.0,376,0,0,3.983
1409,1,27,37.84,0.0,0,0,0,0.0
1409,1,28,36.11,0.0,0,0,0,0.0
1409,1,29,28.09,0.0,0,0,0,0.0
1409,1,30,27.63,0.0,0,0,0,0.0
1409,1,31,24.51,0.0,0,0,0,0.0
1409,2,0,7.74,159.3,0,231,0,3.333
1409,2,1,8.87,1761474.1,219,1,0,3.714
1409,2,2,26.78,207147.7,14,222,1,3.009
1409,2,3,17.07,1645906.0,203,0,0,3.847
1409,2,4,20.49,1732449.0,219,0,0,3.964
1409,2,5,18.4,1126.6,0,219,0,1.167
1409,2,6,16.21,1996985.0,243,0,0,3.984
1409,2,7,28.9,1692871.8,210,10,0,3.647
1409,2,8,15.49,1484405.6,184,42,0,3.511
1409,2,9,34.34,493656.1,50,199,0,3.042
1409,2,10,38.11,1778083.0,221,1,0,3.737
1409,2,11,16.92,173759.6,17,201,0,2.847
1409,2,12,10.26,1826940.0,230,1,0,3.97
1409,2,13,21.54,2019810.0,253,2,0,3.688
1409,2,14,19.74,1859662.6,233,3,0,3.731
1409,2,15,32.07,1963038.9,248,6,0,3.548
1409,2,16,36.08,1909727.0,229,0,0,3.964
1409,2,17,28.98,1659312.0,215,0,0,3.977
1409,2,18,8.04,1859217.0,231,0,0,3.974
1409,2,19,33.29,1850702.6,227,7,0,3.687
1409,2,20,17.79,8101.3,0,239,0,2.405
1409,2,21,16.53,1661050.2,202,8,0,3.587
1409,2,22,23.07,1707571.0,213,0,0,3.966
1409,2,23,23.06,1667660.0,213,0,0,3.962
1409,2,24,30.02,834209.7,86,145,0,3.282
1409,2,25,18.79,9079.7,0,212,0,2.382
1409,2,26,16.66,1832416.2,216,17,0,3.544
1409,2,27,27.9,1594050.0,201,0,0,3.979
1409,2,28,14.65,1400052.2,161,77,0,3.468
1409,2,29,36.0,1660549.0,210,1,0,3.948
1409,2,30,34.95,0.0,0,0,0,0.0
1409,2,31,15.56,0.0,0,0,0,0.0
1419,0,0,7.31,137583.2,4,414,0,1.807
1419,0,1,29.18,0.0,0,404,0,0.0
1419,0,2,26.27,3112281.0,398,0,0,3.903
1419,0,3,19.12,3204678.0,404,0,0,3.948
1419,0,4,15.72,40673.6,0,399,2,1.807
1419,0,5,15.24,3398298.0,417,0,0,3.85
1419,0,6,31.03,16203.6,0,405,0,1.552
1419,0,7,39.17,3511628.0,427,0,0,3.873
1419,0,8,35.65,792741.7,66,352,0,2.139
1419,0,9,14.73,3249653.3,414,2,0,3.634
1419,0,10,34.02,20580.3,1,413,0,1.748
1419,0,11,10.86,3333024.5,411,1,0,3.761
1419,0,12,13.55,2948982.0,371,0,0,3.907
1419,0,13,19.72,538776.8,43,324,0,2.103
1419,0,14,30.6,3270308.0,406,0,0,3.947
1419,0,15,28.59,3009347.0,378,0,0,3.476
1419,0,16,28.24,0.0,0,415,0,0.0
1419,0,17,31.34,3260371.0,399,0,0,2.9
1419,0,18,36.47,3191098.0,402,0,0,3.171
1419,0,19,5.84,2508.9,0,412,0,2.19
1419,0,20,17.27,3146635.0,406,0,0,3.964
1419,0,21,22.59,3500189.6,432,14,0,3.619
1419,0,22,29.89,35048.7,0,407,0,1.607
1419,0,23,15.03,23768.3,0,401,1,1.679
1419,0,24,29.93,0.0,0,0,0,0.0
1419,0,25,15.88,0.0,0,0,0,0.0
1419,0,26,12.33,0.0,0,0,0,0.0
1419,0,27,23.22,0.0,0,0,0,0.0
1419,0,28,22.59,0.0,0,0,0,0.0
1419,0,29,18.02,0.0,0,0,0,0.0
1419,0,30,31.52,0.0,0,0,0,0.0
1419,0,31,35.22,0.0,0,0,0,0.0
1419,1,0,20.0,48411.7,1,325,0,2.985
1419,1,1,22.2,2667584.0,332,0,0,3.976
1419,1,2,24.66,205568.0,16,339,0,3.287
1419,1,3,21.54,2675092.0,331,0,0,3.992
1419,1,4,33.76,1114.5,0,366,0,2.846
1419,1,5,23.71,2782099.0,352,0,0,3.981
1419,1,6,10.08,2363886.7,294,27,0,3.602
1419,1,7,5.47,2818697.0,353,0,0,3.969
1419,1,8,9.6,2942554.0,368,0,0,3.973
1419,1,9,21.73,45255.5,1,367,0,3.054
1419,1,10,5.31,2744429.0,343,0,0,4.0
1419,1,11,36.07,2659247.0,334,0,0,3.908
1419,1,12,20.46,460.2,0,328,0,3.167
1419,1,13,34.32,2754670.5,336,4,0,3.822
1419,1,14,8.58,2879561.0,353,0,0,3.968
1419,1,15,13.3,2475621.4,306,20,0,3.686
1419,1,16,27.7,2658893.0,325,0,0,3.996
1419,1,17,12.23,2912538.0,361,0,0,3.95
1419,1,18,16.83,2300299.7,271,64,0,3.48
1419,1,19,38.02,345974.9,24,316,0,3.233
1419,1,20,37.85,2787150.0,343,0,0,3.977
1419,1,21,8.07,2361019.1,282,51,0,3.582
1419,1,22,27.42,2555389.0,319,0,0,3.948
1419,1,23,29.83,967908.9,98,233,0,3.354
1419,1,24,36.07,5857.6,0,385,0,2.796
1419,1,25,17.54,239909.5,16,349,0,3.193
1419,1,26,27.33,2992612.0,376,0,0,3.987
1419,1,27,37.84,0.0,0,0,0,0.0
1419,1,28,36.11,0.0,0,0,0,0.0
1419,1,29,28.09,0.0,0,0,0,0.0
1419,1,30,27.63,0.0,0,0,0,0.0
1419,1,31,24.51,0.0,0,0,0,0.0
1419,2,0,7.74,138.9,0,231,0,3.333
1419,2,1,8.87,1760858.6,219,1,0,3.785
1419,2,2,26.78,195724.3,14,223,0,3.113
1419,2,3,17.07,1645906.0,203,0,0,3.87
1419,2,4,20.49,1732449.0,219,0,0,3.977
1419,2,5,18.4,883.1,0,219,0,1.4
1419,2,6,16.21,1996985.0,243,0,0,3.992
1419,2,7,28.9,1689449.9,209,11,0,3.706
1419,2,8,15.49,1470889.6,183,43,0,3.583
1419,2,9,34.34,463430.6,47,202,0,3.149
1419,2,10,38.11,1787076.0,222,0,0,3.785
1419,2,11,16.92,196617.2,16,202,0,2.973
1419,2,12,10.26,1826940.0,230,1,0,3.976
1419,2,13,21.54,2030935.8,254,1,0,3.746
1419,2,14,19.74,1858482.7,233,2,0,3.785
1419,2,15,32.07,1957064.1,249,5,0,3.611
1419,2,16,36.08,1909727.0,229,0,0,3.976
1419,2,17,28.98,1659312.0,215,0,0,3.986
1419,2,18,8.04,1859217.0,231,0,0,3.974
1419,2,19,33.29,1851739.5,228,6,0,3.744
1419,2,20,17.79,10128.4,0,239,0,2.481
1419,2,21,16.53,1658562.6,201,9,0,3.648
1419,2,22,23.07,1707571.0,213,0,0,3.978
1419,2,23,23.06,1667660.0,213,0,0,3.968
1419,2,24,30.02,814068.7,80,151,0,3.372
1419,2,25,18.79,9052.2,0,212,0,2.327
1419,2,26,16.66,1839542.5,216,17,0,3.631
1419,2,27,27.9,1594050.0,201,0,0,3.977
1419,2,28,14.65,1389990.6,165,73,0,3.502
1419,2,29,36.0,1660549.0,210,1,0,3.96
1419,2,30,34.95,0.0,0,0,0,0.0
1419,2,31,15.56,0.0,0,0,0,0.0
1429,0,0,7.31,135818.8,4,414,0,1.92
1429,0,1,29.18,0.0,0,404,0,0.0
1429,0,2,26.27,3112281.0,398,0,0,3.913
1429,0,3,19.12,3216249.0,405,0,0,3.956
1429,0,4,15.72,40915.1,0,399,2,1.873
1429,0,5,15.24,3398298.0,417,0,0,3.847
1429,0,6,31.03,17356.8,0,405,0,1.568
1429,0,7,39.17,3511628.0,427,0,0,3.894
1429,0,8,35.65,840016.0,69,349,0,2.202
1429,0,9,14.73,3241022.4,413,3,0,3.664
1429,0,10,34.02,18230.0,1,413,0,1.921
1429,0,11,10.86,3330954.9,410,2,0,3.786
1429,0,12,13.55,2948982.0,371,0,0,3.922
1429,0,13,19.72,533141.0,43,324,0,2.171
1429,0,14,30.6,3270308.0,406,0,0,3.953
1429,0,15,28.59,3009347.0,378,0,0,3.512
1429,0,16,28.24,0.0,0,415,0,0.0
1429,0,17,31.34,3260371.0,399,0,0,2.94
1429,0,18,36.47,3191098.0,402,0,0,3.203
1429,0,19,5.84,2015.2,0,412,0,2.524
1429,0,20,17.27,3146635.0,406,0,0,3.971
1429,0,21,22.59,3509174.9,436,10,0,3.645
1429,0,22,29.89,34977.0,0,406,1,1.76
1429,0,23,15.03,24613.2,0,401,1,1.875
1429,0,24,29.93,0.0,0,0,0,0.0
1429,0,25,15.88,0.0,0,0,0,0.0
1429,0,26,12.33,0.0,0,0,0,0.0
1429,0,27,23.22,0.0,0,0,0,0.0
1429,0,28,22.59,0.0,0,0,0,0.0
1429,0,29,18.02,0.0,0,0,0,0.0
1429,0,30,31.52,0.0,0,0,0,0.0
1429,0,31,35.22,0.0,0,0,0,0.0
1429,1,0,20.0,47922.0,1,325,0,3.066
1429,1,1,22.2,2667584.0,332,0,0,3.979
1429,1,2,24.66,216243.2,16,339,0,3.27
1429,1,3,21.54,2675092.0,331,0,0,3.996
1429,1,4,33.76,1430.5,0,366,0,2.941
1429,1,5,23.71,2782099.0,352,0,0,3.982
1429,1,6,10.08,2351167.4,288,34,0,3.625
1429,1,7,5.47,2818697.0,353,0,0,3.979
1429,1,8,9.6,2942554.0,368,0,0,3.978
1429,1,9,21.73,44160.6,0,368,0,3.252
1429,1,10,5.31,2744429.0,343,0,0,4.0
1429,1,11,36.07,2659247.0,334,0,0,3.913
1429,1,12,20.46,490.1,0,328,0,3.286
1429,1,13,34.32,2753969.0,336,3,1,3.835
1429,1,14,8.58,2879561.0,353,0,0,3.973
1429,1,15,13.3,2459511.5,306,20,0,3.722
1429,1,16,27.7,2658893.0,325,0,0,3.996
1429,1,17,12.23,2912538.0,361,0,0,3.955
1429,1,18,16.83,2282680.6,265,70,0,3.542
1429,1,19,38.02,347530.4,23,317,0,3.235
1429,1,20,37.85,2787150.0,343,0,0,3.988
1429,1,21,8.07,2342814.0,281,52,0,3.615
1429,1,22,27.42,2555389.0,319,0,0,3.958
1429,1,23,29.83,1015574.5,103,229,0,3.386
1429,1,24,36.07,5209.3,0,385,0,3.107
1429,1,25,17.54,245680.9,14,351,0,3.265
1429,1,26,27.33,2992612.0,376,0,0,3.988
1429,1,27,37.84,0.0,0,0,0,0.0
1429,1,28,36.11,0.0,0,0,0,0.0
1429,1,29,28.09,0.0,0,0,0,0.0
1429,1,30,27.63,0.0,0,0,0,0.0
1429,1,31,24.51,0.0,0,0,0,0.0
1429,2,0,7.74,207.0,0,231,0,3.6
1429,2,1,8.87,1766283.0,220,0,0,3.804
1429,2,2,26.78,211883.2,15,222,0,3.091
1429,2,3,17.07,1645906.0,203,0,0,3.891
1429,2,4,20.49,1732449.0,219,0,0,3.964
1429,2,5,18.4,883.1,0,219,0,1.4
1429,2,6,16.21,1996985.0,243,0,0,3.992
1429,2,7,28.9,1706997.7,210,10,0,3.719
1429,2,8,15.49,1468480.5,182,44,0,3.61
1429,2,9,34.34,488609.7,50,199,0,3.269
1429,2,10,38.11,1778083.0,221,1,0,3.8
1429,2,11,16.92,187314.2,14,204,0,3.042
1429,2,12,10.26,1826940.0,230,1,0,3.99
1429,2,13,21.54,2027158.9,253,2,0,3.744
1429,2,14,19.74,1855414.8,232,3,0,3.805
1429,2,15,32.07,1958544.8,248,6,0,3.637
1429,2,16,36.08,1909727.0,229,0,0,3.979
1429,2,17,28.98,1659312.0,215,0,0,3.987
1429,2,18,8.04,1859217.0,231,0,0,3.979
1429,2,19,33.29,1852900.8,228,6,0,3.748
1429,2,20,17.79,9979.3,0,239,0,2.481
1429,2,21,16.53,1661225.9,201,9,0,3.672
1429,2,22,23.07,1707571.0,213,0,0,3.98
1429,2,23,23.06,1667660.0,213,0,0,3.978
1429,2,24,30.02,833468.4,85,146,0,3.423
1429,2,25,18.79,10591.1,0,212,0,2.433
1429,2,26,16.66,1832006.4,216,17,0,3.651
1429,2,27,27.9,1594050.0,201,0,0,3.981
1429,2,28,14.65,1377324.5,166,72,0,3.544
1429,2,29,36.0,1660549.0,210,1,0,3.966
1429,2,30,34.95,0.0,0,0,0,0.0
1429,2,31,15.56,0.0,0,0,0,0.0
1439,0,0,7.31,141861.6,4,414,0,1.922
1439,0,1,29.18,0.0,0,404,0,0.0
1439,0,2,26.27,3112281.0,398,0,0,3.917
1439,0,3,19.12,3216249.0,405,0,0,3.956
1439,0,4,15.72,40668.6,0,399,2,1.853
1439,0,5,15.24,3398298.0,417,0,0,3.856
1439,0,6,31.03,17665.8,0,405,0,1.677
1439,0,7,39.17,3511628.0,427,0,0,3.889
1439,0,8,35.65,773025.0,64,354,0,2.22
1439,0,9,14.73,3241022.4,413,3,0,3.657
1439,0,10,34.02,18490.5,1,413,0,1.817
1439,0,11,10.86,3334845.4,411,2,0,3.791
1439,0,12,13.55,2948982.0,371,0,0,3.914
1439,0,13,19.72,560402.9,42,325,0,2.156
1439,0,14,30.6,3270308.0,406,0,0,3.953
1439,0,15,28.59,3009347.0,378,0,0,3.521
1439,0,16,28.24,0.0,0,415,0,0.0
1439,0,17,31.34,3260371.0,399,0,0,2.95
1439,0,18,36.47,3191098.0,402,0,0,3.187
1439,0,19,5.84,1778.6,0,412,0,2.526
1439,0,20,17.27,3146635.0,406,0,0,3.967
1439,0,21,22.59,3523457.4,437,9,0,3.647
1439,0,22,29.89,40898.3,0,406,1,1.744
1439,0,23,15.03,24605.6,0,401,1,1.87
1439,0,24,29.93,0.0,0,0,0,0.0
1439,0,25,15.88,0.0,0,0,0,0.0
1439,0,26,12.33,0.0,0,0,0,0.0
1439,0,27,23.22,0.0,0,0,0,0.0
1439,0,28,22.59,0.0,0,0,0,0.0
1439,0,29,18.02,0.0,0,0,0,0.0
1439,0,30,31.52,0.0,0,0,0,0.0
1439,0,31,35.22,0.0,0,0,0,0.0
1439,1,0,20.0,44939.1,1,325,0,3.084
1439,1,1,22.2,2667584.0,332,0,0,3.98
1439,1,2,24.66,227265.8,17,338,0,3.269
1439,1,3,21.54,2675092.0,331,0,0,3.994
1439,1,4,33.76,972.3,0,366,0,3.143
1439,1,5,23.71,2782099.0,352,0,0,3.983
1439,1,6,10.08,2339070.4,288,33,0,3.632
1439,1,7,5.47,2818697.0,353,0,0,3.976
1439,1,8,9.6,2942554.0,368,0,0,3.979
1439,1,9,21.73,46441.8,0,368,0,3.107
1439,1,10,5.31,2744429.0,343,0,0,4.0
1439,1,11,36.07,2659247.0,334,0,0,3.921
1439,1,12,20.46,415.4,0,328,0,3.167
1439,1,13,34.32,2751640.9,336,3,1,3.833
1439,1,14,8.58,2879561.0,353,0,0,3.973
1439,1,15,13.3,2474834.6,307,19,0,3.702
1439,1,16,27.7,2658893.0,325,0,0,3.998
1439,1,17,12.23,2912538.0,361,0,0,3.952
1439,1,18,16.83,2261368.6,266,69,0,3.533
1439,1,19,38.02,348101.3,24,316,0,3.213
1439,1,20,37.85,2787150.0,343,0,0,3.988
1439,1,21,8.07,2352378.9,286,47,0,3.598
1439,1,22,27.42,2555389.0,319,0,0,3.957
1439,1,23,29.83,1007386.6,105,227,0,3.398
1439,1,24,36.07,5497.7,0,385,0,3.019
1439,1,25,17.54,251231.7,17,348,0,3.278
1439,1,26,27.33,2992612.0,376,0,0,3.989
1439,1,27,37.84,0.0,0,0,0,0.0
1439,1,28,36.11,0.0,0,0,0,0.0
1439,1,29,28.09,0.0,0,0,0,0.0
1439,1,30,27.63,0.0,0,0,0,0.0
1439,1,31,24.51,0.0,0,0,0,0.0
1439,2,0,7.74,244.9,0,231,0,3.4
1439,2,1,8.87,1764388.0,219,1,0,3.783
1439,2,2,26.78,226924.8,16,220,1,3.103
1439,2,3,17.07,1645906.0,203,0,0,3.893
1439,2,4,20.49,1732449.0,219,0,0,3.979
1439,2,5,18.4,883.1,0,219,0,1.4
1439,2,6,16.21,1996985.0,243,0,0,3.99
1439,2,7,28.9,1718636.9,212,8,0,3.749
1439,2,8,15.49,1472678.0,184,42,0,3.596
1439,2,9,34.34,456295.7,45,204,0,3.258
1439,2,10,38.11,1787076.0,222,0,0,3.798
1439,2,11,16.92,190775.7,14,204,0,3.082
1439,2,12,10.26,1826940.0,230,1,0,3.976
1439,2,13,21.54,2020124.4,252,3,0,3.765
1439,2,14,19.74,1856382.8,232,3,0,3.811
1439,2,15,32.07,1952412.8,246,8,0,3.654
1439,2,16,36.08,1909727.0,229,0,0,3.973
1439,2,17,28.98,1659312.0,215,0,0,3.983
1439,2,18,8.04,1859217.0,231,0,0,3.984
1439,2,19,33.29,1846827.6,228,6,0,3.759
1439,2,20,17.79,9425.1,0,239,0,2.704
1439,2,21,16.53,1646019.7,200,10,0,3.69
1439,2,22,23.07,1707571.0,213,0,0,3.98
1439,2,23,23.06,1667660.0,213,0,0,3.971
1439,2,24,30.02,842552.2,84,147,0,3.442
1439,2,25,18.79,9578.6,0,212,0,2.523
1439,2,26,16.66,1827790.1,214,19,0,3.655
1439,2,27,27.9,1594050.0,201,0,0,3.977
1439,2,28,14.65,1400126.1,164,74,0,3.536
1439,2,29,36.0,1660607.6,210,1,0,3.961
1439,2,30,34.95,0.0,0,0,0,0.0
1439,2,31,15.56,0.0,0,0,0,0.0
1449,0,0,7.31,141269.5,4,414,0,1.851
1449,0,1,29.18,0.0,0,404,0,0.0
1449,0,2,26.27,3112281.0,398,0,0,3.914
1449,0,3,19.12,3216249.0,405,0,0,3.954
1449,0,4,15.72,41801.8,0,399,2,1.823
1449,0,5,15.24,3398298.0,417,0,0,3.85
1449,0,6,31.03,16902.3,0,405,0,1.562
1449,0,7,39.17,3511628.0,427,0,0,3.879
1449,0,8,35.65,769746.8,59,359,0,2.159
1449,0,9,14.73,3241022.4,413,3,0,3.648
1449,0,10,34.02,17826.1,1,413,0,1.88
1449,0,11,10.86,3330954.9,410,2,0,3.784
1449,0,12,13.55,2948982.0,371,0,0,3.927
1449,0,13,19.72,568534.9,45,322,0,2.103
1449,0,14,30.6,3270308.0,406,0,0,3.952
1449,0,15,28.59,3009347.0,378,0,0,3.499
1449,0,16,28.24,0.0,0,415,0,0.0
1449,0,17,31.34,3260371.0,399,0,0,2.908
1449,0,18,36.47,3191098.0,402,0,0,3.165
1449,0,19,5.84,1671.8,0,412,0,2.312
1449,0,20,17.27,3146635.0,406,0,0,3.967
1449,0,21,22.59,3511293.1,434,12,0,3.632
1449,0,22,29.89,36493.4,0,406,1,1.648
1449,0,23,15.03,25319.0,0,401,1,1.707
1449,0,24,29.93,0.0,0,0,0,0.0
1449,0,25,15.88,0.0,0,0,0,0.0
1449,0,26,12.33,0.0,0,0,0,0.0
1449,0,27,23.22,0.0,0,0,0,0.0
1449,0,28,22.59,0.0,0,0,0,0.0
1449,0,29,18.02,0.0,0,0,0,0.0
1449,0,30,31.52,0.0,0,0,0,0.0
1449,0,31,35.22,0.0,0,0,0,0.0
1449,1,0,20.0,50407.6,0,326,0,3.0
1449,1,1,22.2,2667584.0,332,0,0,3.977
1449,1,2,24.66,213562.6,17,338,0,3.279
1449,1,3,21.54,2675092.0,331,0,0,3.99
1449,1,4,33.76,1057.7,0,366,0,3.188
1449,1,5,23.71,2782099.0,352,0,0,3.978
1449,1,6,10.08,2354728.7,293,29,0,3.604
1449,1,7,5.47,2818697.0,353,0,0,3.97
1449,1,8,9.6,2942554.0,368,0,0,3.976
1449,1,9,21.73,44414.2,0,368,0,3.1
1449,1,10,5.31,2744429.0,343,0,0,4.0
1449,1,11,36.07,2659247.0,334,0,0,3.913
1449,1,12,20.46,612.8,0,328,0,2.545
1449,1,13,34.32,2751429.5,336,3,1,3.822
1449,1,14,8.58,2879561.0,353,0,0,3.974
1449,1,15,13.3,2494567.8,310,16,0,3.7
1449,1,16,27.7,2658893.0,325,0,0,3.998
1449,1,17,12.23,2912538.0,361,0,0,3.965
1449,1,18,16.83,2278148.7,267,68,0,3.516
1449,1,19,38.02,359171.7,24,316,0,3.184
1449,1,20,37.85,2787150.0,343,0,0,3.985
1449,1,21,8.07,2346087.3,282,51,0,3.586
1449,1,22,27.42,2555389.0,319,0,0,3.952
1449,1,23,29.83,958020.9,100,232,0,3.35
1449,1,24,36.07,5203.7,0,385,0,3.04
1449,1,25,17.54,245398.7,17,348,0,3.244
1449,1,26,27.33,2992612.0,376,0,0,3.989
1449,1,27,37.84,0.0,0,0,0,0.0
1449,1,28,36.11,0.0,0,0,0,0.0
1449,1,29,28.09,0.0,0,0,0,0.0
1449,1,30,27.63,0.0,0,0,0,0.0
1449,1,31,24.51,0.0,0,0,0,0.0
1449,2,0,7.74,301.0,0,231,0,2.875
1449,2,1,8.87,1766283.0,220,0,0,3.795
1449,2,2,26.78,202685.0,12,224,1,3.103
1449,2,3,17.07,1645906.0,203,0,0,3.887
1449,2,4,20.49,1732449.0,219,0,0,3.974
1449,2,5,18.4,505.3,0,219,0,1.333
1449,2,6,16.21,1996985.0,243,0,0,3.99
1449,2,7,28.9,1720163.3,212,8,0,3.725
1449,2,8,15.49,1478198.4,179,47,0,3.592
1449,2,9,34.34,486777.3,48,201,0,3.239
1449,2,10,38.11,1781818.7,221,1,0,3.802
1449,2,11,16.92,181621.1,14,204,0,3.028
1449,2,12,10.26,1826940.0,230,1,0,3.98
1449,2,13,21.54,2028335.5,254,1,0,3.768
1449,2,14,19.74,1857146.1,233,2,0,3.804
1449,2,15,32.07,1952695.0,247,7,0,3.641
1449,2,16,36.08,1909727.0,229,0,0,3.976
1449,2,17,28.98,1659312.0,215,0,0,3.985
1449,2,18,8.04,1859217.0,231,0,0,3.974
1449,2,19,33.29,1852303.9,228,6,0,3.745
1449,2,20,17.79,11926.4,0,239,0,2.646
1449,2,21,16.53,1677486.5,202,8,0,3.668
1449,2,22,23.07,1707571.0,213,0,0,3.974
1449,2,23,23.06,1667660.0,213,0,0,3.975
1449,2,24,30.02,828995.9,85,146,0,3.416
1449,2,25,18.79,8984.3,0,212,0,2.441
1449,2,26,16.66,1844625.3,217,16,0,3.655
1449,2,27,27.9,1594050.0,201,0,0,3.983
1449,2,28,14.65,1401447.7,166,72,0,3.524
1449,2,29,36.0,1660549.0,210,1,0,3.961
1449,2,30,34.95,0.0,0,0,0,0.0
1449,2,31,15.56,0.0,0,0,0,0.0
1459,0,0,7.31,143787.1,5,413,0,1.933
1459,0,1,29.18,0.0,0,404,0,0.0
1459,0,2,26.27,3112281.0,398,0,0,3.929
1459,0,3,19.12,3216249.0,405,0,0,3.964
1459,0,4,15.72,39334.9,0,399,2,1.876
1459,0,5,15.24,3398298.0,417,0,0,3.856
1459,0,6,31.03,15854.5,0,405,0,1.67
1459,0,7,39.17,3511628.0,427,0,0,3.887
1459,0,8,35.65,790986.7,66,352,0,2.224
1459,0,9,14.73,3241022.4,413,3,0,3.67
1459,0,10,34.02,18920.5,1,413,0,1.886
1459,0,11,10.86,3330954.9,410,2,0,3.791
1459,0,12,13.55,2948982.0,371,0,0,3.928
1459,0,13,19.72,556089.1,37,330,0,2.175
1459,0,14,30.6,3270308.0,406,0,0,3.955
1459,0,15,28.59,3009347.0,378,0,0,3.526
1459,0,16,28.24,0.0,0,415,0,0.0
1459,0,17,31.34,3260371.0,399,0,0,2.944
1459,0,18,36.47,3191098.0,402,0,0,3.189
1459,0,19,5.84,1605.9,0,412,0,2.684
1459,0,20,17.27,3146635.0,406,0,0,3.967
1459,0,21,22.59,3499756.2,432,14,0,3.639
1459,0,22,29.89,39905.1,0,406,1,1.743
1459,0,23,15.03,23897.7,0,401,1,1.806
1459,0,24,29.93,0.0,0,0,0,0.0
1459,0,25,15.88,0.0,0,0,0,0.0
1459,0,26,12.33,0.0,0,0,0,0.0
1459,0,27,23.22,0.0,0,0,0,0.0
1459,0,28,22.59,0.0,0,0,0,0.0
1459,0,29,18.02,0.0,0,0,0,0.0
1459,0,30,31.52,0.0,0,0,0,0.0
1459,0,31,35.22,0.0,0,0,0,0.0
1459,1,0,20.0,37616.7,0,326,0,3.055
1459,1,1,22.2,2667584.0,332,0,0,3.971
1459,1,2,24.66,208458.8,16,339,0,3.365
1459,1,3,21.54,2675092.0,331,0,0,3.997
1459,1,4,33.76,1500.6,0,366,0,2.889
1459,1,5,23.71,2782099.0,352,0,0,3.973
1459,1,6,10.08,2362262.4,293,28,0,3.638
1459,1,7,5.47,2818697.0,353,0,0,3.975
1459,1,8,9.6,2942554.0,368,0,0,3.984
1459,1,9,21.73,42946.8,0,368,0,3.254
1459,1,10,5.31,2744429.0,343,0,0,4.0
1459,1,11,36.07,2659247.0,334,0,0,3.931
1459,1,12,20.46,554.2,0,328,0,3.2
1459,1,13,34.32,2752995.2,337,2,1,3.855
1459,1,14,8.58,2879561.0,353,0,0,3.982
1459,1,15,13.3,2466588.6,309,17,0,3.728
1459,1,16,27.7,2658893.0,325,0,0,4.0
1459,1,17,12.23,2912538.0,361,0,0,3.967
1459,1,18,16.83,2283937.9,265,69,0,3.543
1459,1,19,38.02,371275.7,23,317,0,3.222
1459,1,20,37.85,2787150.0,343,0,0,3.989
1459,1,21,8.07,2317758.4,279,54,0,3.614
1459,1,22,27.42,2555389.0,319,0,0,3.958
1459,1,23,29.83,1018481.0,103,229,0,3.385
1459,1,24,36.07,5709.3,0,385,0,3.172
1459,1,25,17.54,237700.7,16,349,0,3.321
1459,1,26,27.33,2992612.0,376,0,0,3.992
1459,1,27,37.84,0.0,0,0,0,0.0
1459,1,28,36.11,0.0,0,0,0,0.0
1459,1,29,28.09,0.0,0,0,0,0.0
1459,1,30,27.63,0.0,0,0,0,0.0
1459,1,31,24.51,0.0,0,0,0,0.0
1459,2,0,7.74,228.0,0,231,0,3.0
1459,2,1,8.87,1764388.0,219,1,0,3.808
1459,2,2,26.78,249210.8,22,215,0,3.167
1459,2,3,17.07,1645906.0,203,0,0,3.915
1459,2,4,20.49,1732449.0,219,0,0,3.977
1459,2,5,18.4,469.7,0,219,0,1.667
1459,2,6,16.21,1996985.0,243,0,0,3.994
1459,2,7,28.9,1721463.5,213,7,0,3.741
1459,2,8,15.49,1460813.5,181,45,0,3.629
1459,2,9,34.34,481984.2,40,209,0,3.358
1459,2,10,38.11,1783725.0,221,1,0,3.816
1459,2,11,16.92,183625.1,15,203,0,3.143
1459,2,12,10.26,1835399.0,231,0,0,3.98
1459,2,13,21.54,2030275.2,254,1,0,3.782
1459,2,14,19.74,1854782.7,232,3,0,3.816
1459,2,15,32.07,1947886.4,247,7,0,3.68
1459,2,16,36.08,1909727.0,229,0,0,3.971
1459,2,17,28.98,1659312.0,215,0,0,3.987
1459,2,18,8.04,1859217.0,231,0,0,3.986
1459,2,19,33.29,1840953.9,226,8,0,3.753
1459,2,20,17.79,11082.9,0,239,0,2.746
1459,2,21,16.53,1661760.7,199,11,0,3.708
1459,2,22,23.07,1707571.0,213,0,0,3.98
1459,2,23,23.06,1667660.0,213,0,0,3.973
1459,2,24,30.02,840211.1,83,148,0,3.434
1459,2,25,18.79,9445.8,0,212,0,2.517
1459,2,26,16.66,1819978.7,215,18,0,3.67
1459,2,27,27.9,1594050.0,201,0,0,3.979
1459,2,28,14.65,1399389.7,163,75,0,3.538
1459,2,29,36.0,1656482.6,209,2,0,3.966
1459,2,30,34.95,0.0,0,0,0,0.0
1459,2,31,15.56,0.0,0,0,0,0.0
1469,0,0,7.31,133351.2,5,413,0,1.918
1469,0,1,29.18,0.0,0,404,0,0.0
1469,0,2,26.27,3112281.0,398,0,0,3.916
1469,0,3,19.12,3216249.0,405,0,0,3.954
1469,0,4,15.72,41209.9,0,399,2,1.806
1469,0,5,15.24,3398298.0,417,0,0,3.869
1469,0,6,31.03,15873.8,0,405,0,1.642
1469,0,7,39.17,3511628.0,427,0,0,3.888
1469,0,8,35.65,848053.4,73,345,0,2.156
1469,0,9,14.73,3239905.2,413,3,0,3.665
1469,0,10,34.02,17780.2,1,413,0,1.845
1469,0,11,10.86,3324205.3,409,3,0,3.791
1469,0,12,13.55,2948982.0,371,0,0,3.928
1469,0,13,19.72,555309.8,43,324,0,2.168
1469,0,14,30.6,3270308.0,406,0,0,3.951
1469,0,15,28.59,3009347.0,378,0,0,3.529
1469,0,16,28.24,0.0,0,415,0,0.0
1469,0,17,31.34,3260371.0,399,0,0,2.937
1469,0,18,36.47,3191098.0,402,0,0,3.201
1469,0,19,5.84,1537.0,0,412,0,2.667
1469,0,20,17.27,3146635.0,406,0,0,3.959
1469,0,21,22.59,3517101.8,435,11,0,3.647
1469,0,22,29.89,35660.9,0,407,0,1.745
1469,0,23,15.03,20657.4,0,401,1,1.872
1469,0,24,29.93,0.0,0,0,0,0.0
1469,0,25,15.88,0.0,0,0,0,0.0
1469,0,26,12.33,0.0,0,0,0,0.0
1469,0,27,23.22,0.0,0,0,0,0.0
1469,0,28,22.59,0.0,0,0,0,0.0
1469,0,29,18.02,0.0,0,0,0,0.0
1469,0,30,31.52,0.0,0,0,0,0.0
1469,0,31,35.22,0.0,0,0,0,0.0
1469,1,0,20.0,47887.5,1,325,0,2.967
1469,1,1,22.2,2667584.0,332,0,0,3.978
1469,1,2,24.66,217793.1,19,336,0,3.319
1469,1,3,21.54,2675092.0,331,0,0,3.993
1469,1,4,33.76,599.1,0,366,0,3.2
1469,1,5,23.71,2782099.0,352,0,0,3.98
1469,1,6,10.08,2354182.8,290,31,0,3.643
1469,1,7,5.47,2818697.0,353,0,0,3.977
1469,1,8,9.6,2942554.0,368,0,0,3.983
1469,1,9,21.73,46305.9,1,367,0,3.128
1469,1,10,5.31,2744429.0,343,0,0,4.0
1469,1,11,36.07,2659247.0,334,0,0,3.933
1469,1,12,20.46,693.7,0,328,0,2.75
1469,1,13,34.32,2753161.5,337,2,1,3.838
1469,1,14,8.58,2879561.0,353,0,0,3.982
1469,1,15,13.3,2480039.9,307,19,0,3.723
1469,1,16,27.7,2658893.0,325,0,0,3.996
1469,1,17,12.23,2912538.0,361,0,0,3.955
1469,1,18,16.83,2278189.2,262,72,0,3.564
1469,1,19,38.02,336665.4,22,318,0,3.254
1469,1,20,37.85,2787150.0,343,0,0,3.987
1469,1,21,8.07,2359585.6,284,49,0,3.626
1469,1,22,27.42,2555389.0,319,0,0,3.964
1469,1,23,29.83,996981.1,92,239,0,3.425
1469,1,24,36.07,5999.7,0,385,0,2.982
1469,1,25,17.54,233634.6,12,353,0,3.31
1469,1,26,27.33,2992612.0,376,0,0,3.995
1469,1,27,37.84,0.0,0,0,0,0.0
1469,1,28,36.11,0.0,0,0,0,0.0
1469,1,29,28.09,0.0,0,0,0,0.0
1469,1,30,27.63,0.0,0,0,0,0.0
1469,1,31,24.51,0.0,0,0,0,0.0
1469,2,0,7.74,333.6,0,231,0,2.6
1469,2,1,8.87,1766283.0,220,0,0,3.806
1469,2,2,26.78,228234.8,18,219,0,3.186
1469,2,3,17.07,1645906.0,203,0,0,3.899
1469,2,4,20.49,1732449.0,219,0,0,3.984
1469,2,5,18.4,921.1,0,219,0,1.2
1469,2,6,16.21,1996985.0,243,0,0,3.994
1469,2,7,28.9,1694750.0,209,11,0,3.747
1469,2,8,15.49,1476030.9,183,43,0,3.644
1469,2,9,34.34,474315.2,43,206,0,3.295
1469,2,10,38.11,1787076.0,222,0,0,3.819
1469,2,11,16.92,187386.7,14,204,0,3.102
1469,2,12,10.26,1835399.0,231,0,0,3.978
1469,2,13,21.54,2030520.3,254,1,0,3.79
1469,2,14,19.74,1856645.7,233,2,0,3.835
1469,2,15,32.07,1961047.8,248,6,0,3.686
1469,2,16,36.08,1909727.0,229,0,0,3.981
1469,2,17,28.98,1659312.0,215,0,0,3.991
1469,2,18,8.04,1859217.0,231,0,0,3.988
1469,2,19,33.29,1846959.9,227,7,0,3.785
1469,2,20,17.79,11345.4,0,239,0,2.542
1469,2,21,16.53,1668882.8,202,8,0,3.712
1469,2,22,23.07,1707571.0,213,0,0,3.984
1469,2,23,23.06,1667660.0,213,0,0,3.978
1469,2,24,30.02,845095.8,85,146,0,3.455
1469,2,25,18.79,8268.8,0,212,0,2.627
1469,2,26,16.66,1820899.4,214,19,0,3.683
1469,2,27,27.9,1594050.0,201,0,0,3.985
1469,2,28,14.65,1408581.9,160,78,0,3.549
1469,2,29,36.0,1660769.4,210,1,0,3.973
1469,2,30,34.95,0.0,0,0,0,0.0
1469,2,31,15.56,0.0,0,0,0,0.0
1479,0,0,7.31,124447.0,3,415,0,1.873
1479,0,1,29.18,0.0,0,404,0,0.0
1479,0,2,26.27,3112281.0,398,0,0,3.901
1479,0,3,19.12,3216249.0,405,0,0,3.953
1479,0,4,15.72,41774.2,0,399,2,1.767
1479,0,5,15.24,3398298.0,417,0,0,3.849
1479,0,6,31.03,16853.5,0,405,0,1.533
1479,0,7,39.17,3511628.0,427,0,0,3.864
1479,0,8,35.65,847631.6,69,349,0,2.116
1479,0,9,14.73,3243178.0,414,2,0,3.637
1479,0,10,34.02,18701.2,1,413,0,1.769
1479,0,11,10.86,3330954.9,410,2,0,3.756
1479,0,12,13.55,2948982.0,371,0,0,3.921
1479,0,13,19.72,539275.8,43,324,0,2.141
1479,0,14,30.6,3270308.0,406,0,0,3.948
1479,0,15,28.59,3009347.0,378,0,0,3.508
1479,0,16,28.24,0.0,0,415,0,0.0
1479,0,17,31.34,3260371.0,399,0,0,2.922
1479,0,18,36.47,3191098.0,402,0,0,3.173
1479,0,19,5.84,1768.6,0,412,0,2.133
1479,0,20,17.27,3146635.0,406,0,0,3.957
1479,0,21,22.59,3516072.4,436,10,0,3.644
1479,0,22,29.89,36986.9,0,407,0,1.581
1479,0,23,15.03,21532.9,1,400,1,1.728
1479,0,24,29.93,0.0,0,0,0,0.0
1479,0,25,15.88,0.0,0,0,0,0.0
1479,0,26,12.33,0.0,0,0,0,0.0
1479,0,27,23.22,0.0,0,0,0,0.0
1479,0,28,22.59,0.0,0,0,0,0.0
1479,0,29,18.02,0.0,0,0,0,0.0
1479,0,30,31.52,0.0,0,0,0,0.0
1479,0,31,35.22,0.0,0,0,0,0.0
1479,1,0,20.0,46937.3,1,325,0,2.89
1479,1,1,22.2,2667584.0,332,0,0,3.973
1479,1,2,24.66,208631.8,18,337,0,3.324
1479,1,3,21.54,2675092.0,331,0,0,3.993
1479,1,4,33.76,782.7,0,366,0,3.091
1479,1,5,23.71,2782099.0,352,0,0,3.981
1479,1,6,10.08,2340972.2,287,34,0,3.607
1479,1,7,5.47,2818697.0,353,0,0,3.98
1479,1,8,9.6,2942554.0,368,0,0,3.98
1479,1,9,21.73,40578.2,0,368,0,3.125
1479,1,10,5.31,2744429.0,343,0,0,3.999
1479,1,11,36.07,2659247.0,334,0,0,3.922
1479,1,12,20.46,605.0,0,328,0,2.818
1479,1,13,34.32,2750224.1,336,3,1,3.82
1479,1,14,8.58,2879561.0,353,0,0,3.973
1479,1,15,13.3,2472726.3,306,20,0,3.706
1479,1,16,27.7,2658893.0,325,0,0,3.998
1479,1,17,12.23,2912538.0,361,0,0,3.963
1479,1,18,16.83,2293425.3,265,70,0,3.505
1479,1,19,38.02,337130.3,25,315,0,3.172
1479,1,20,37.85,2787150.0,343,0,0,3.982
1479,1,21,8.07,2348093.6,284,49,0,3.572
1479,1,22,27.42,2555389.0,319,0,0,3.962
1479,1,23,29.83,1030467.1,104,228,0,3.353
1479,1,24,36.07,4979.8,0,385,0,2.938
1479,1,25,17.54,231824.7,14,351,0,3.237
1479,1,26,27.33,2992612.0,376,0,0,3.987
1479,1,27,37.84,0.0,0,0,0,0.0
1479,1,28,36.11,0.0,0,0,0,0.0
1479,1,29,28.09,0.0,0,0,0,0.0
1479,1,30,27.63,0.0,0,0,0,0.0
1479,1,31,24.51,0.0,0,0,0,0.0
1479,2,0,7.74,207.5,0,231,0,3.0
1479,2,1,8.87,1766283.0,220,0,0,3.794
1479,2,2,26.78,222382.6,17,220,0,3.099
1479,2,3,17.07,1645906.0,203,0,0,3.899
1479,2,4,20.49,1732449.0,219,0,0,3.979
1479,2,5,18.4,624.0,0,219,0,1.0
1479,2,6,16.21,1996985.0,243,0,0,3.988
1479,2,7,28.9,1713403.7,212,8,0,3.738
1479,2,8,15.49,1481788.8,184,42,0,3.589
1479,2,9,34.34,497122.0,45,203,1,3.231
1479,2,10,38.11,1787076.0,222,0,0,3.818
1479,2,11,16.92,194165.9,16,202,0,3.037
1479,2,12,10.26,1826940.0,230,1,0,3.974
1479,2,13,21.54,2030389.2,254,1,0,3.763
1479,2,14,19.74,1856844.3,233,2,0,3.795
1479,2,15,32.07,1952995.7,247,7,0,3.642
1479,2,16,36.08,1909727.0,229,0,0,3.976
1479,2,17,28.98,1659312.0,215,0,0,3.984
1479,2,18,8.04,1859217.0,231,0,0,3.983
1479,2,19,33.29,1835132.2,226,8,0,3.761
1479,2,20,17.79,9510.2,0,239,0,2.289
1479,2,21,16.53,1668654.5,201,9,0,3.683
1479,2,22,23.07,1707571.0,213,0,0,3.982
1479,2,23,23.06,1667660.0,213,0,0,3.978
1479,2,24,30.02,810741.5,82,149,0,3.402
1479,2,25,18.79,9952.3,0,212,0,2.4
1479,2,26,16.66,1831577.7,213,20,0,3.657
1479,2,27,27.9,1594050.0,201,0,0,3.981
1479,2,28,14.65,1411770.2,164,74,0,3.513
1479,2,29,36.0,1660769.4,210,1,0,3.962
1479,2,30,34.95,0.0,0,0,0,0.0
1479,2,31,15.56,0.0,0,0,0,0.0
1489,0,0,7.31,137430.0,4,414,0,1.881
1489,0,1,29.18,0.0,0,404,0,0.0
1489,0,2,26.27,3112281.0,398,0,0,3.911
1489,0,3,19.12,3216249.0,405,0,0,3.958
1489,0,4,15.72,41323.4,0,399,2,1.828
1489,0,5,15.24,3398298.0,417,0,0,3.843
1489,0,6,31.03,16163.7,0,405,0,1.534
1489,0,7,39.17,3511628.0,427,0,0,3.862
1489,0,8,35.65,840254.3,69,349,0,2.095
1489,0,9,14.73,3252542.0,415,1,0,3.635
1489,0,10,34.02,17690.4,1,413,0,1.762
1489,0,11,10.86,3338087.7,411,2,0,3.766
1489,0,12,13.55,2948982.0,371,0,0,3.925
1489,0,13,19.72,563978.9,41,326,0,2.116
1489,0,14,30.6,3270308.0,406,0,0,3.948
1489,0,15,28.59,3009347.0,378,0,0,3.536
1489,0,16,28.24,0.0,0,415,0,0.0
1489,0,17,31.34,3260371.0,399,0,0,2.943
1489,0,18,36.47,3191098.0,402,0,0,3.175
1489,0,19,5.84,1522.9,0,412,0,2.375
1489,0,20,17.27,3146635.0,406,0,0,3.956
1489,0,21,22.59,3524106.1,438,8,0,3.645
1489,0,22,29.89,35118.5,0,407,0,1.565
1489,0,23,15.03,19747.0,0,401,1,1.77
1489,0,24,29.93,0.0,0,0,0,0.0
1489,0,25,15.88,0.0,0,0,0,0.0
1489,0,26,12.33,0.0,0,0,0,0.0
1489,0,27,23.22,0.0,0,0,0,0.0
1489,0,28,22.59,0.0,0,0,0,0.0
1489,0,29,18.02,0.0,0,0,0,0.0
1489,0,30,31.52,0.0,0,0,0,0.0
1489,0,31,35.22,0.0,0,0,0,0.0
1489,1,0,20.0,43475.1,0,326,0,3.019
1489,1,1,22.2,2667584.0,332,0,0,3.978
1489,1,2,24.66,201749.2,14,341,0,3.223
1489,1,3,21.54,2675092.0,331,0,0,3.993
1489,1,4,33.76,323.9,0,366,0,3.2
1489,1,5,23.71,2782099.0,352,0,0,3.983
1489,1,6,10.08,2353180.9,289,32,0,3.634
1489,1,7,5.47,2818697.0,353,0,0,3.978
1489,1,8,9.6,2942554.0,368,0,0,3.981
1489,1,9,21.73,38284.9,0,368,0,2.987
1489,1,10,5.31,2744429.0,343,0,0,3.997
1489,1,11,36.07,2659247.0,334,0,0,3.937
1489,1,12,20.46,607.4,0,328,0,2.909
1489,1,13,34.32,2751156.5,337,2,1,3.843
1489,1,14,8.58,2879561.0,353,0,0,3.983
1489,1,15,13.3,2492524.4,311,15,0,3.715
1489,1,16,27.7,2658893.0,325,0,0,4.0
1489,1,17,12.23,2912538.0,361,0,0,3.959
1489,1,18,16.83,2317823.8,270,64,0,3.541
1489,1,19,38.02,321450.8,20,320,0,3.209
1489,1,20,37.85,2787150.0,343,0,0,3.982
1489,1,21,8.07,2345555.7,281,52,0,3.582
1489,1,22,27.42,2555389.0,319,0,0,3.962
1489,1,23,29.83,1045176.3,98,233,0,3.369
1489,1,24,36.07,5575.2,0,385,0,2.92
1489,1,25,17.54,207576.0,11,354,0,3.303
1489,1,26,27.33,2992612.0,376,0,0,3.994
1489,1,27,37.84,0.0,0,0,0,0.0
1489,1,28,36.11,0.0,0,0,0,0.0
1489,1,29,28.09,0.0,0,0,0,0.0
1489,1,30,27.63,0.0,0,0,0,0.0
1489,1,31,24.51,0.0,0,0,0,0.0
1489,2,0,7.74,122.8,0,231,0,3.667
1489,2,1,8.87,1766283.0,220,0,0,3.791
1489,2,2,26.78,225848.6,16,221,0,3.12
1489,2,3,17.07,1645906.0,203,0,0,3.907
1489,2,4,20.49,1732449.0,219,0,0,3.98
1489,2,5,18.4,505.0,0,219,0,1.333
1489,2,6,16.21,1996985.0,243,0,0,3.99
1489,2,7,28.9,1693172.5,211,9,0,3.75
1489,2,8,15.49,1504204.5,186,40,0,3.638
1489,2,9,34.34,478073.3,44,205,0,3.275
1489,2,10,38.11,1787076.0,222,0,0,3.814
1489,2,11,16.92,189423.5,13,205,0,3.089
1489,2,12,10.26,1826940.0,230,1,0,3.984
1489,2,13,21.54,2024761.3,253,2,0,3.769
1489,2,14,19.74,1857095.5,233,2,0,3.822
1489,2,15,32.07,1957508.3,248,6,0,3.66
1489,2,16,36.08,1909727.0,229,0,0,3.972
1489,2,17,28.98,1659312.0,215,0,0,3.984
1489,2,18,8.04,1859217.0,231,0,0,3.984
1489,2,19,33.29,1839030.6,225,9,0,3.756
1489,2,20,17.79,9673.8,0,239,0,2.302
1489,2,21,16.53,1661262.4,201,9,0,3.688
1489,2,22,23.07,1707571.0,213,0,0,3.978
1489,2,23,23.06,1667660.0,213,0,0,3.974
1489,2,24,30.02,833848.5,84,147,0,3.433
1489,2,25,18.79,7706.0,0,212,0,2.383
1489,2,26,16.66,1839136.7,217,16,0,3.657
1489,2,27,27.9,1594050.0,201,0,0,3.985
1489,2,28,14.65,1414075.1,166,72,0,3.538
1489,2,29,36.0,1660838.9,210,1,0,3.965
1489,2,30,34.95,0.0,0,0,0,0.0
1489,2,31,15.56,0.0,0,0,0,0.0
1499,0,0,7.31,123668.1,2,416,0,1.789
1499,0,1,29.18,0.0,0,404,0,0.0
1499,0,2,26.27,3112281.0,398,0,0,3.919
1499,0,3,19.12,3216249.0,405,0,0,3.959
1499,0,4,15.72,43068.2,0,399,2,1.776
1499,0,5,15.24,3398298.0,417,0,0,3.838
1499,0,6,31.03,14234.9,0,405,0,1.538
1499,0,7,39.17,3511628.0,427,0,0,3.866
1499,0,8,35.65,892641.9,74,344,0,2.09
1499,0,9,14.73,3249583.8,414,2,0,3.639
1499,0,10,34.02,15818.3,0,414,0,1.785
1499,0,11,10.86,3328041.6,410,3,0,3.77
1499,0,12,13.55,2948982.0,371,0,0,3.916
1499,0,13,19.72,537976.6,38,329,0,2.102
1499,0,14,30.6,3270308.0,406,0,0,3.952
1499,0,15,28.59,3009347.0,378,0,0,3.515
1499,0,16,28.24,0.0,0,415,0,0.0
1499,0,17,31.34,3260371.0,399,0,0,2.901
1499,0,18,36.47,3191098.0,402,0,0,3.154
1499,0,19,5.84,1512.3,0,412,0,2.588
1499,0,20,17.27,3146635.0,406,0,0,3.965
1499,0,21,22.59,3526273.2,436,10,0,3.625
1499,0,22,29.89,38468.3,0,407,0,1.529
1499,0,23,15.03,19727.3,1,400,1,1.699
1499,0,24,29.93,0.0,0,0,0,0.0
1499,0,25,15.88,0.0,0,0,0,0.0
1499,0,26,12.33,0.0,0,0,0,0.0
1499,0,27,23.22,0.0,0,0,0,0.0
1499,0,28,22.59,0.0,0,0,0,0.0
1499,0,29,18.02,0.0,0,0,0,0.0
1499,0,30,31.52,0.0,0,0,0,0.0
1499,0,31,35.22,0.0,0,0,0,0.0
1499,1,0,20.0,43934.1,0,326,0,2.915
1499,1,1,22.2,2667584.0,332,0,0,3.98
1499,1,2,24.66,205191.4,14,341,0,3.263
1499,1,3,21.54,2675092.0,331,0,0,3.994
1499,1,4,33.76,636.4,0,366,0,2.875
1499,1,5,23.71,2782099.0,352,0,0,3.985
1499,1,6,10.08,2358917.9,286,35,0,3.634
1499,1,7,5.47,2818697.0,353,0,0,3.982
1499,1,8,9.6,2942554.0,368,0,0,3.98
1499,1,9,21.73,37397.2,0,368,0,3.118
1499,1,10,5.31,2744429.0,343,0,0,3.996
1499,1,11,36.07,2659247.0,334,0,0,3.93
1499,1,12,20.46,913.4,0,328,0,2.364
1499,1,13,34.32,2755297.7,338,1,1,3.831
1499,1,14,8.58,2879561.0,353,0,0,3.988
1499,1,15,13.3,2492610.6,312,14,0,3.715
1499,1,16,27.7,2658893.0,325,0,0,3.999
1499,1,17,12.23,2912538.0,361,0,0,3.955
1499,1,18,16.83,2286334.8,263,72,0,3.535
1499,1,19,38.02,332983.7,23,317,0,3.164
1499,1,20,37.85,2787150.0,343,0,0,3.988
1499,1,21,8.07,2358881.9,282,51,0,3.607
1499,1,22,27.42,2555389.0,319,0,0,3.953
1499,1,23,29.83,1032253.8,102,230,0,3.357
1499,1,24,36.07,4381.6,0,385,0,2.81
1499,1,25,17.54,228703.0,15,350,0,3.233
1499,1,26,27.33,2992612.0,376,0,0,3.992
1499,1,27,37.84,0.0,0,0,0,0.0
1499,1,28,36.11,0.0,0,0,0,0.0
1499,1,29,28.09,0.0,0,0,0,0.0
1499,1,30,27.63,0.0,0,0,0,0.0
1499,1,31,24.51,0.0,0,0,0,0.0
1499,2,0,7.74,178.7,0,231,0,3.5
1499,2,1,8.87,1765854.5,219,1,0,3.803
1499,2,2,26.78,209957.8,15,222,0,3.108
1499,2,3,17.07,1645906.0,203,0,0,3.892
1499,2,4,20.49,1732449.0,219,0,0,3.979
1499,2,5,18.4,416.0,0,219,0,1.0
1499,2,6,16.21,1996985.0,243,0,0,3.992
1499,2,7,28.9,1729733.2,214,6,0,3.755
1499,2,8,15.49,1487936.3,186,40,0,3.641
1499,2,9,34.34,473312.3,44,205,0,3.256
1499,2,10,38.11,1779861.3,221,1,0,3.822
1499,2,11,16.92,188976.6,14,204,0,3.012
1499,2,12,10.26,1826940.0,230,1,0,3.974
1499,2,13,21.54,2030125.3,254,1,0,3.753
1499,2,14,19.74,1857992.0,233,2,0,3.816
1499,2,15,32.07,1960949.8,247,7,0,3.639
1499,2,16,36.08,1909727.0,229,0,0,3.982
1499,2,17,28.98,1659312.0,215,0,0,3.984
1499,2,18,8.04,1859217.0,231,0,0,3.979
1499,2,19,33.29,1849595.0,227,7,0,3.781
1499,2,20,17.79,9709.8,0,239,0,2.34
1499,2,21,16.53,1658785.5,202,8,0,3.675
1499,2,22,23.07,1707571.0,213,0,0,3.976
1499,2,23,23.06,1667660.0,213,0,0,3.975
1499,2,24,30.02,827054.5,81,150,0,3.456
1499,2,25,18.79,7578.9,0,212,0,2.444
1499,2,26,16.66,1851273.0,217,16,0,3.655
1499,2,27,27.9,1594050.0,201,0,0,3.985
1499,2,28,14.65,1392579.5,157,81,0,3.548
1499,2,29,36.0,1660549.0,210,1,0,3.967
1499,2,30,34.95,0.0,0,0,0,0.0
1499,2,31,15.56,0.0,0,0,0,0.0
1509,0,0,7.31,118620.6,3,415,0,1.644
1509,0,1,29.18,0.0,0,404,0,0.0
1509,0,2,26.27,3112281.0,398,0,0,3.903
1509,0,3,19.12,3216249.0,405,0,0,3.947
1509,0,4,15.72,40033.5,0,399,2,1.604
1509,0,5,15.24,3398298.0,417,0,0,3.83
1509,0,6,31.03,15810.1,0,405,0,1.398
1509,0,7,39.17,3511628.0,427,0,0,3.835
1509,0,8,35.65,859974.6,69,349,0,2.012
1509,0,9,14.73,3232545.2,412,4,0,3.604
1509,0,10,34.02,16183.6,0,414,0,1.64
1509,0,11,10.86,3330954.9,410,2,0,3.764
1509,0,12,13.55,2948982.0,371,0,0,3.907
1509,0,13,19.72,566267.1,42,325,0,1.968
1509,0,14,30.6,3270308.0,406,0,0,3.945
1509,0,15,28.59,3009347.0,378,0,0,3.462
1509,0,16,28.24,0.0,0,415,0,0.0
1509,0,17,31.34,3260371.0,399,0,0,2.84
1509,0,18,36.47,3191098.0,402,0,0,3.101
1509,0,19,5.84,1630.8,0,412,0,1.75
1509,0,20,17.27,3146635.0,406,0,0,3.961
1509,0,21,22.59,3526959.3,439,7,0,3.622
1509,0,22,29.89,35942.8,0,406,1,1.422
1509,0,23,15.03,20451.4,0,401,1,1.544
1509,0,24,29.93,0.0,0,0,0,0.0
1509,0,25,15.88,0.0,0,0,0,0.0
1509,0,26,12.33,0.0,0,0,0,0.0
1509,0,27,23.22,0.0,0,0,0,0.0
1509,0,28,22.59,0.0,0,0,0,0.0
1509,0,29,18.02,0.0,0,0,0,0.0
1509,0,30,31.52,0.0,0,0,0,0.0
1509,0,31,35.22,0.0,0,0,0,0.0
1509,1,0,20.0,40837.1,1,325,0,2.707
1509,1,1,22.2,2667584.0,332,0,0,3.975
1509,1,2,24.66,206704.5,14,341,0,3.102
1509,1,3,21.54,2675092.0,331,0,0,3.992
1509,1,4,33.76,1189.4,0,366,0,2.4
1509,1,5,23.71,2782099.0,352,0,0,3.979
1509,1,6,10.08,2357808.7,289,32,0,3.566
1509,1,7,5.47,2818697.0,353,0,0,3.978
1509,1,8,9.6,2942554.0,368,0,0,3.976
1509,1,9,21.73,31393.0,0,368,0,3.074
1509,1,10,5.31,2744429.0,343,0,0,3.997
1509,1,11,36.07,2659247.0,334,0,0,3.902
1509,1,12,20.46,555.7,0,328,0,1.75
1509,1,13,34.32,2753736.1,337,2,1,3.795
1509,1,14,8.58,2879561.0,353,0,0,3.98
1509,1,15,13.3,2506213.2,313,13,0,3.65
1509,1,16,27.7,2658893.0,325,0,0,3.999
1509,1,17,12.23,2912538.0,361,0,0,3.948
1509,1,18,16.83,2332140.2,270,65,0,3.448
1509,1,19,38.02,318054.8,21,319,0,3.07
1509,1,20,37.85,2787150.0,343,0,0,3.979
1509,1,21,8.07,2357856.4,282,51,0,3.516
1509,1,22,27.42,2555389.0,319,0,0,3.935
1509,1,23,29.83,1045944.9,102,230,0,3.217
1509,1,24,36.07,3674.6,0,385,0,2.722
1509,1,25,17.54,225216.1,13,352,0,3.153
1509,1,26,27.33,2992612.0,376,0,0,3.986
1509,1,27,37.84,0.0,0,0,0,0.0
1509,1,28,36.11,0.0,0,0,0,0.0
1509,1,29,28.09,0.0,0,0,0,0.0
1509,1,30,27.63,0.0,0,0,0,0.0
1509,1,31,24.51,0.0,0,0,0,0.0
1509,2,0,7.74,107.1,0,231,0,3.0
1509,2,1,8.87,1766283.0,220,0,0,3.781
1509,2,2,26.78,212737.8,17,220,0,2.925
1509,2,3,17.07,1645906.0,203,0,0,3.88
1509,2,4,20.49,1732449.0,219,0,0,3.964
1509,2,5,18.4,297.3,0,219,0,1.5
1509,2,6,16.21,1996985.0,243,0,0,3.984
1509,2,7,28.9,1715624.4,212,8,0,3.696
1509,2,8,15.49,1505309.4,189,37,0,3.582
1509,2,9,34.34,442605.0,38,211,0,3.148
1509,2,10,38.11,1781744.0,221,1,0,3.787
1509,2,11,16.92,197474.2,17,201,0,2.846
1509,2,12,10.26,1826940.0,230,1,0,3.982
1509,2,13,21.54,2027170.9,254,1,0,3.751
1509,2,14,19.74,1864673.7,234,2,0,3.765
1509,2,15,32.07,1974401.7,249,5,0,3.577
1509,2,16,36.08,1909727.0,229,0,0,3.973
1509,2,17,28.98,1659312.0,215,0,0,3.983
1509,2,18,8.04,1859217.0,231,0,0,3.967
1509,2,19,33.29,1837799.4,227,7,0,3.734
1509,2,20,17.79,11613.2,0,239,0,2.24
1509,2,21,16.53,1666652.1,204,6,0,3.637
1509,2,22,23.07,1707571.0,213,0,0,3.976
1509,2,23,23.06,1667660.0,213,0,0,3.964
1509,2,24,30.02,856799.9,87,144,0,3.364
1509,2,25,18.79,7455.6,0,212,0,1.735
1509,2,26,16.66,1848667.5,217,16,0,3.598
1509,2,27,27.9,1594050.0,201,0,0,3.981
1509,2,28,14.65,1406603.1,162,76,0,3.464
1509,2,29,36.0,1660549.0,210,1,0,3.957
1509,2,30,34.95,0.0,0,0,0,0.0
1509,2,31,15.56,0.0,0,0,0,0.0
1519,0,0,7.31,118804.4,2,416,0,1.827
1519,0,1,29.18,0.0,0,404,0,0.0
1519,0,2,26.27,3112281.0,398,0,0,3.912
1519,0,3,19.12,3216249.0,405,0,0,3.95
1519,0,4,15.72,39654.2,0,399,2,1.701
1519,0,5,15.24,3398298.0,417,0,0,3.836
1519,0,6,31.03,17453.7,0,405,0,1.463
1519,0,7,39.17,3511628.0,427,0,0,3.851
1519,0,8,35.65,844287.4,72,346,0,2.061
1519,0,9,14.73,3250386.4,414,2,0,3.625
1519,0,10,34.02,16171.5,1,413,0,1.711
1519,0,11,10.86,3330954.9,410,2,0,3.766
1519,0,12,13.55,2948982.0,371,0,0,3.897
1519,0,13,19.72,563640.5,42,325,0,2.042
1519,0,14,30.6,3270308.0,406,0,0,3.952
1519,0,15,28.59,3009347.0,378,0,0,3.507
1519,0,16,28.24,0.0,0,415,0,0.0
1519,0,17,31.34,3260371.0,399,0,0,2.882
1519,0,18,36.47,3191098.0,402,0,0,3.139
1519,0,19,5.84,1317.8,0,412,0,2.385
1519,0,20,17.27,3146635.0,406,0,0,3.965
1519,0,21,22.59,3533931.1,439,7,0,3.626
1519,0,22,29.89,35443.5,0,405,2,1.521
1519,0,23,15.03,21447.4,0,401,1,1.709
1519,0,24,29.93,0.0,0,0,0,0.0
1519,0,25,15.88,0.0,0,0,0,0.0
1519,0,26,12.33,0.0,0,0,0,0.0
1519,0,27,23.22,0.0,0,0,0,0.0
1519,0,28,22.59,0.0,0,0,0,0.0
1519,0,29,18.02,0.0,0,0,0,0.0
1519,0,30,31.52,0.0,0,0,0,0.0
1519,0,31,35.22,0.0,0,0,0,0.0
1519,1,0,20.0,43922.5,0,326,0,2.782
1519,1,1,22.2,2667584.0,332,0,0,3.973
1519,1,2,24.66,214104.1,15,340,0,3.214
1519,1,3,21.54,2675092.0,331,0,0,3.996
1519,1,4,33.76,953.4,0,366,0,2.727
1519,1,5,23.71,2782099.0,352,0,0,3.978
1519,1,6,10.08,2361286.4,288,33,0,3.628
1519,1,7,5.47,2818697.0,353,0,0,3.967
1519,1,8,9.6,2942554.0,368,0,0,3.979
1519,1,9,21.73,40194.2,1,367,0,3.031
1519,1,10,5.31,2744429.0,343,0,0,3.999
1519,1,11,36.07,2659247.0,334,0,0,3.923
1519,1,12,20.46,386.5,0,328,0,2.5
1519,1,13,34.32,2752689.3,337,2,1,3.829
1519,1,14,8.58,2879561.0,353,0,0,3.981
1519,1,15,13.3,2492192.6,309,17,0,3.7
1519,1,16,27.7,2658893.0,325,0,0,3.999
1519,1,17,12.23,2912538.0,361,0,0,3.957
1519,1,18,16.83,2288090.1,265,70,0,3.522
1519,1,19,38.02,364322.3,25,315,0,3.155
1519,1,20,37.85,2787150.0,343,0,0,3.988
1519,1,21,8.07,2344586.7,279,54,0,3.578
1519,1,22,27.42,2555389.0,319,0,0,3.954
1519,1,23,29.83,1010986.3,100,232,0,3.345
1519,1,24,36.07,4593.2,0,385,0,2.722
1519,1,25,17.54,223375.1,14,351,0,3.24
1519,1,26,27.33,2992612.0,376,0,0,3.989
1519,1,27,37.84,0.0,0,0,0,0.0
1519,1,28,36.11,0.0,0,0,0,0.0
1519,1,29,28.09,0.0,0,0,0,0.0
1519,1,30,27.63,0.0,0,0,0,0.0
1519,1,31,24.51,0.0,0,0,0,0.0
1519,2,0,7.74,160.7,0,231,0,3.0
1519,2,1,8.87,1766283.0,220,0,0,3.801
1519,2,2,26.78,221987.9,14,223,0,3.097
1519,2,3,17.07,1645906.0,203,0,0,3.893
1519,2,4,20.49,1732449.0,219,0,0,3.974
1519,2,5,18.4,416.0,0,219,0,1.0
1519,2,6,16.21,1996985.0,243,0,0,3.994
1519,2,7,28.9,1709553.9,211,9,0,3.741
1519,2,8,15.49,1500784.5,188,38,0,3.633
1519,2,9,34.34,456627.6,44,205,0,3.232
1519,2,10,38.11,1779851.6,221,1,0,3.79
1519,2,11,16.92,197214.2,15,203,0,2.986
1519,2,12,10.26,1826940.0,230,1,0,3.984
1519,2,13,21.54,2027333.7,254,1,0,3.757
1519,2,14,19.74,1854119.9,232,3,0,3.79
1519,2,15,32.07,1956150.2,248,6,0,3.637
1519,2,16,36.08,1909727.0,229,0,0,3.979
1519,2,17,28.98,1659312.0,215,0,0,3.983
1519,2,18,8.04,1859217.0,231,0,0,3.976
1519,2,19,33.29,1843419.0,228,6,0,3.767
1519,2,20,17.79,9795.9,0,239,0,2.442
1519,2,21,16.53,1673300.1,204,6,0,3.669
1519,2,22,23.07,1707571.0,213,0,0,3.98
1519,2,23,23.06,1667660.0,213,0,0,3.975
1519,2,24,30.02,843519.7,82,149,0,3.409
1519,2,25,18.79,7931.6,0,212,0,2.422
1519,2,26,16.66,1834661.7,217,16,0,3.654
1519,2,27,27.9,1594050.0,201,0,0,3.985
1519,2,28,14.65,1415800.7,163,75,0,3.52
1519,2,29,36.0,1660549.0,210,1,0,3.968
1519,2,30,34.95,0.0,0,0,0,0.0
1519,2,31,15.56,0.0,0,0,0,0.0
1529,0,0,7.31,125149.9,4,414,0,1.905
1529,0,1,29.18,0.0,0,404,0,0.0
1529,0,2,26.27,3112281.0,398,0,0,3.921
1529,0,3,19.12,3204678.0,404,0,0,3.949
1529,0,4,15.72,39770.3,0,399,2,1.815
1529,0,5,15.24,3398298.0,417,0,0,3.845
1529,0,6,31.03,16751.9,0,405,0,1.495
1529,0,7,39.17,3511628.0,427,0,0,3.864
1529,0,8,35.65,861583.4,70,348,0,2.123
1529,0,9,14.73,3232545.2,412,4,0,3.641
1529,0,10,34.02,16486.6,0,414,0,1.814
1529,0,11,10.86,3330954.9,410,2,0,3.784
1529,0,12,13.55,2948982.0,371,0,0,3.922
1529,0,13,19.72,548399.3,39,328,0,2.105
1529,0,14,30.6,3270308.0,406,0,0,3.957
1529,0,15,28.59,3009347.0,378,0,0,3.506
1529,0,16,28.24,0.0,0,415,0,0.0
1529,0,17,31.34,3258771.8,398,1,0,2.92
1529,0,18,36.47,3191098.0,402,0,0,3.166
1529,0,19,5.84,1585.6,0,412,0,1.917
1529,0,20,17.27,3146635.0,406,0,0,3.966
1529,0,21,22.59,3528785.1,438,8,0,3.644
1529,0,22,29.89,34869.5,0,406,1,1.608
1529,0,23,15.03,21631.6,0,401,1,1.759
1529,0,24,29.93,0.0,0,0,0,0.0
1529,0,25,15.88,0.0,0,0,0,0.0
1529,0,26,12.33,0.0,0,0,0,0.0
1529,0,27,23.22,0.0,0,0,0,0.0
1529,0,28,22.59,0.0,0,0,0,0.0
1529,0,29,18.02,0.0,0,0,0,0.0
1529,0,30,31.52,0.0,0,0,0,0.0
1529,0,31,35.22,0.0,0,0,0,0.0
1529,1,0,20.0,47094.6,1,325,0,2.867
1529,1,1,22.2,2667584.0,332,0,0,3.975
1529,1,2,24.66,210677.0,15,340,0,3.227
1529,1,3,21.54,2675092.0,331,0,0,3.997
1529,1,4,33.76,954.4,0,366,0,2.917
1529,1,5,23.71,2782099.0,352,0,0,3.981
1529,1,6,10.08,2341477.1,289,33,0,3.633
1529,1,7,5.47,2818697.0,353,0,0,3.975
1529,1,8,9.6,2942554.0,368,0,0,3.98
1529,1,9,21.73,42403.0,1,367,0,3.132
1529,1,10,5.31,2744429.0,343,0,0,4.0
1529,1,11,36.07,2659247.0,334,0,0,3.934
1529,1,12,20.46,441.4,0,328,0,2.667
1529,1,13,34.32,2755297.7,338,1,1,3.84
1529,1,14,8.58,2879561.0,353,0,0,3.979
1529,1,15,13.3,2481724.3,310,16,0,3.707
1529,1,16,27.7,2658893.0,325,0,0,3.999
1529,1,17,12.23,2912538.0,361,0,0,3.965
1529,1,18,16.83,2317439.6,268,67,0,3.539
1529,1,19,38.02,337696.5,23,317,0,3.252
1529,1,20,37.85,2787150.0,343,0,0,3.989
1529,1,21,8.07,2355188.5,281,52,0,3.604
1529,1,22,27.42,2555389.0,319,0,0,3.964
1529,1,23,29.83,1042235.7,97,235,0,3.354
1529,1,24,36.07,4668.1,0,385,0,2.756
1529,1,25,17.54,229108.2,15,350,0,3.211
1529,1,26,27.33,2992612.0,376,0,0,3.992
1529,1,27,37.84,0.0,0,0,0,0.0
1529,1,28,36.11,0.0,0,0,0,0.0
1529,1,29,28.09,0.0,0,0,0,0.0
1529,1,30,27.63,0.0,0,0,0,0.0
1529,1,31,24.51,0.0,0,0,0,0.0
1529,2,0,7.74,213.7,0,231,0,2.857
1529,2,1,8.87,1762734.0,219,1,0,3.812
1529,2,2,26.78,209175.7,12,225,0,3.071
1529,2,3,17.07,1645906.0,203,0,0,3.903
1529,2,4,20.49,1732449.0,219,0,0,3.979
1529,2,5,18.4,416.0,0,219,0,1.0
1529,2,6,16.21,1996985.0,243,0,0,3.992
1529,2,7,28.9,1730888.9,214,6,0,3.752
1529,2,8,15.49,1511532.7,190,36,0,3.628
1529,2,9,34.34,448044.9,42,206,1,3.241
1529,2,10,38.11,1787076.0,222,0,0,3.819
1529,2,11,16.92,181816.2,13,205,0,3.051
1529,2,12,10.26,1826940.0,230,1,0,3.984
1529,2,13,21.54,2027199.9,254,1,0,3.792
1529,2,14,19.74,1854985.2,232,3,0,3.808
1529,2,15,32.07,1964172.9,248,6,0,3.654
1529,2,16,36.08,1909727.0,229,0,0,3.98
1529,2,17,28.98,1659312.0,215,0,0,3.99
1529,2,18,8.04,1859217.0,231,0,0,3.977
1529,2,19,33.29,1833065.7,227,7,0,3.774
1529,2,20,17.79,12287.7,0,239,0,2.424
1529,2,21,16.53,1685755.0,203,7,0,3.691
1529,2,22,23.07,1707571.0,213,0,0,3.986
1529,2,23,23.06,1667660.0,213,0,0,3.975
1529,2,24,30.02,901284.6,84,147,0,3.418
1529,2,25,18.79,7181.8,0,212,0,2.556
1529,2,26,16.66,1828906.0,215,18,0,3.661
1529,2,27,27.9,1594050.0,201,0,0,3.985
1529,2,28,14.65,1418132.7,165,73,0,3.539
1529,2,29,36.0,1660607.6,210,1,0,3.973
1529,2,30,34.95,0.0,0,0,0,0.0
1529,2,31,15.56,0.0,0,0,0,0.0
1539,0,0,7.31,123992.1,5,413,0,1.943
1539,0,1,29.18,0.0,0,404,0,0.0
1539,0,2,26.27,3112281.0,398,0,0,3.93
1539,0,3,19.12,3204678.0,404,0,0,3.957
1539,0,4,15.72,39327.7,0,399,2,1.946
1539,0,5,15.24,3398298.0,417,0,0,3.859
1539,0,6,31.03,16290.9,0,405,0,1.593
1539,0,7,39.17,3511628.0,427,0,0,3.885
1539,0,8,35.65,874446.7,75,343,0,2.161
1539,0,9,14.73,3250386.4,414,2,0,3.661
1539,0,10,34.02,17692.0,0,414,0,1.814
1539,0,11,10.86,3330954.9,410,2,0,3.781
1539,0,12,13.55,2948982.0,371,0,0,3.914
1539,0,13,19.72,555170.5,39,328,0,2.171
1539,0,14,30.6,3270308.0,406,0,0,3.961
1539,0,15,28.59,3009347.0,378,0,0,3.537
1539,0,16,28.24,0.0,0,415,0,0.0
1539,0,17,31.34,3260371.0,399,0,0,2.969
1539,0,18,36.47,3191098.0,402,0,0,3.201
1539,0,19,5.84,1822.7,0,412,0,2.474
1539,0,20,17.27,3146635.0,406,0,0,3.968
1539,0,21,22.59,3504589.0,434,12,0,3.666
1539,0,22,29.89,36826.0,0,407,0,1.735
1539,0,23,15.03,21917.4,1,400,1,1.808
1539,0,24,29.93,0.0,0,0,0,0.0
1539,0,25,15.88,0.0,0,0,0,0.0
1539,0,26,12.33,0.0,0,0,0,0.0
1539,0,27,23.22,0.0,0,0,0,0.0
1539,0,28,22.59,0.0,0,0,0,0.0
1539,0,29,18.02,0.0,0,0,0,0.0
1539,0,30,31.52,0.0,0,0,0,0.0
1539,0,31,35.22,0.0,0,0,0,0.0
1539,1,0,20.0,40543.6,0,326,0,2.967
1539,1,1,22.2,2662558.0,331,0,0,3.981
1539,1,2,24.66,204410.2,13,342,0,3.24
1539,1,3,21.54,2675092.0,331,0,0,3.997
1539,1,4,33.76,1023.4,0,366,0,2.929
1539,1,5,23.71,2782099.0,352,0,0,3.985
1539,1,6,10.08,2351038.2,287,35,0,3.68
1539,1,7,5.47,2818697.0,353,0,0,3.977
1539,1,8,9.6,2942554.0,368,0,0,3.987
1539,1,9,21.73,38900.4,0,368,0,3.16
1539,1,10,5.31,2744429.0,343,0,0,4.0
1539,1,11,36.07,2659247.0,334,0,0,3.933
1539,1,12,20.46,590.2,0,328,0,2.778
1539,1,13,34.32,2755288.1,338,1,1,3.86
1539,1,14,8.58,2879561.0,353,0,0,3.98
1539,1,15,13.3,2479891.0,309,17,0,3.75
1539,1,16,27.7,2658893.0,325,0,0,3.998
1539,1,17,12.23,2912538.0,361,0,0,3.968
1539,1,18,16.83,2322847.7,266,69,0,3.547
1539,1,19,38.02,341665.9,26,314,0,3.258
1539,1,20,37.85,2787150.0,343,0,0,3.992
1539,1,21,8.07,2367334.7,284,49,0,3.641
1539,1,22,27.42,2555389.0,319,0,0,3.971
1539,1,23,29.83,1056415.0,105,227,0,3.413
1539,1,24,36.07,5118.7,0,385,0,2.795
1539,1,25,17.54,213785.5,12,353,0,3.285
1539,1,26,27.33,2992612.0,376,0,0,3.991
1539,1,27,37.84,0.0,0,0,0,0.0
1539,1,28,36.11,0.0,0,0,0,0.0
1539,1,29,28.09,0.0,0,0,0,0.0
1539,1,30,27.63,0.0,0,0,0,0.0
1539,1,31,24.51,0.0,0,0,0,0.0
1539,2,0,7.74,193.4,0,231,0,3.25
1539,2,1,8.87,1762230.7,219,1,0,3.832
1539,2,2,26.78,218414.9,15,222,0,3.19
1539,2,3,17.07,1645906.0,203,0,0,3.908
1539,2,4,20.49,1732449.0,219,0,0,3.985
1539,2,5,18.4,297.0,0,219,0,1.5
1539,2,6,16.21,1996985.0,243,0,0,3.994
1539,2,7,28.9,1718369.4,212,8,0,3.784
1539,2,8,15.49,1496279.0,185,41,0,3.671
1539,2,9,34.34,470230.3,42,207,0,3.303
1539,2,10,38.11,1781805.1,221,1,0,3.834
1539,2,11,16.92,191041.5,15,203,0,3.053
1539,2,12,10.26,1826940.0,230,1,0,3.978
1539,2,13,21.54,2024707.9,252,3,0,3.816
1539,2,14,19.74,1859671.7,233,2,0,3.843
1539,2,15,32.07,1962677.3,249,5,0,3.675
1539,2,16,36.08,1909727.0,229,0,0,3.985
1539,2,17,28.98,1659312.0,215,0,0,3.991
1539,2,18,8.04,1859217.0,231,0,0,3.984
1539,2,19,33.29,1841252.5,226,8,0,3.816
1539,2,20,17.79,9366.2,0,239,0,2.56
1539,2,21,16.53,1677427.5,202,8,0,3.716
1539,2,22,23.07,1707571.0,213,0,0,3.982
1539,2,23,23.06,1667660.0,213,0,0,3.983
1539,2,24,30.02,870437.0,83,148,0,3.451
1539,2,25,18.79,6729.8,0,212,0,2.561
1539,2,26,16.66,1843544.0,218,15,0,3.678
1539,2,27,27.9,1594050.0,201,0,0,3.987
1539,2,28,14.65,1398715.8,161,77,0,3.576
1539,2,29,36.0,1660769.4,210,1,0,3.965
1539,2,30,34.95,0.0,0,0,0,0.0
1539,2,31,15.56,0.0,0,0,0,0.0
1549,0,0,7.31,112223.2,4,414,0,1.994
1549,0,1,29.18,0.0,0,404,0,0.0
1549,0,2,26.27,3112281.0,398,0,0,3.936
1549,0,3,19.12,3204678.0,404,0,0,3.958
1549,0,4,15.72,39952.7,0,399,2,1.946
1549,0,5,15.24,3398298.0,417,0,0,3.867
1549,0,6,31.03,14242.4,0,405,0,1.716
1549,0,7,39.17,3511628.0,427,0,0,3.888
1549,0,8,35.65,898940.1,76,342,0,2.205
1549,0,9,14.73,3252542.0,415,1,0,3.673
1549,0,10,34.02,17047.6,0,414,0,1.904
1549,0,11,10.86,3336913.9,411,1,0,3.807
1549,0,12,13.55,2948982.0,371,0,0,3.911
1549,0,13,19.72,549526.6,42,325,0,2.217
1549,0,14,30.6,3270308.0,406,0,0,3.962
1549,0,15,28.59,3009347.0,378,0,0,3.547
1549,0,16,28.24,0.0,0,415,0,0.0
1549,0,17,31.34,3260371.0,399,0,0,3.007
1549,0,18,36.47,3191098.0,402,0,0,3.207
1549,0,19,5.84,2066.4,0,412,0,2.35
1549,0,20,17.27,3146635.0,406,0,0,3.969
1549,0,21,22.59,3521267.8,437,9,0,3.684
1549,0,22,29.89,36134.1,0,407,0,1.78
1549,0,23,15.03,22378.5,1,400,1,1.863
1549,0,24,29.93,0.0,0,0,0,0.0
1549,0,25,15.88,0.0,0,0,0,0.0
1549,0,26,12.33,0.0,0,0,0,0.0
1549,0,27,23.22,0.0,0,0,0,0.0
1549,0,28,22.59,0.0,0,0,0,0.0
1549,0,29,18.02,0.0,0,0,0,0.0
1549,0,30,31.52,0.0,0,0,0,0.0
1549,0,31,35.22,0.0,0,0,0,0.0
1549,1,0,20.0,41641.9,0,326,0,3.018
1549,1,1,22.2,2662558.0,331,0,0,3.991
1549,1,2,24.66,231750.6,14,341,0,3.361
1549,1,3,21.54,2675092.0,331,0,0,3.999
1549,1,4,33.76,747.2,0,366,0,3.0
1549,1,5,23.71,2782099.0,352,0,0,3.989
1549,1,6,10.08,2347235.7,284,37,0,3.702
1549,1,7,5.47,2818697.0,353,0,0,3.989
1549,1,8,9.6,2942554.0,368,0,0,3.986
1549,1,9,21.73,36653.3,0,368,0,3.331
1549,1,10,5.31,2744429.0,343,0,0,4.0
1549,1,11,36.07,2659247.0,334,0,0,3.946
1549,1,12,20.46,305.0,0,328,0,3.2
1549,1,13,34.32,2756705.5,338,1,1,3.882
1549,1,14,8.58,2879561.0,353,0,0,3.984
1549,1,15,13.3,2478844.9,309,17,0,3.785
1549,1,16,27.7,2658893.0,325,0,0,4.0
1549,1,17,12.23,2912538.0,361,0,0,3.971
1549,1,18,16.83,2268690.7,260,74,0,3.602
1549,1,19,38.02,353470.0,21,319,0,3.276
1549,1,20,37.85,2787150.0,343,0,0,3.994
1549,1,21,8.07,2355766.5,282,51,0,3.68
1549,1,22,27.42,2555389.0,319,0,0,3.968
1549,1,23,29.83,1056804.1,104,228,0,3.461
1549,1,24,36.07,3885.8,0,385,0,2.977
1549,1,25,17.54,232207.1,14,351,0,3.277
1549,1,26,27.33,2992612.0,376,0,0,3.993
1549,1,27,37.84,0.0,0,0,0,0.0
1549,1,28,36.11,0.0,0,0,0,0.0
1549,1,29,28.09,0.0,0,0,0,0.0
1549,1,30,27.63,0.0,0,0,0,0.0
1549,1,31,24.51,0.0,0,0,0,0.0
1549,2,0,7.74,175.5,0,231,0,3.0
1549,2,1,8.87,1759934.6,218,2,0,3.846
1549,2,2,26.78,214005.1,14,223,0,3.25
1549,2,3,17.07,1645906.0,203,0,0,3.925
1549,2,4,20.49,1732449.0,219,0,0,3.985
1549,2,5,18.4,385.7,0,219,0,1.667
1549,2,6,16.21,1996985.0,243,0,0,3.996
1549,2,7,28.9,1721742.9,211,9,0,3.8
1549,2,8,15.49,1510694.2,186,40,0,3.658
1549,2,9,34.34,480331.2,43,206,0,3.342
1549,2,10,38.11,1779769.3,221,1,0,3.828
1549,2,11,16.92,177178.3,13,205,0,3.145
1549,2,12,10.26,1826940.0,230,1,0,3.976
1549,2,13,21.54,2026903.9,253,2,0,3.828
1549,2,14,19.74,1860599.8,234,1,0,3.843
1549,2,15,32.07,1954735.5,248,6,0,3.719
1549,2,16,36.08,1909727.0,229,0,0,3.988
1549,2,17,28.98,1659312.0,215,0,0,3.991
1549,2,18,8.04,1859217.0,231,0,0,3.983
1549,2,19,33.29,1851325.3,229,5,0,3.819
1549,2,20,17.79,8583.1,0,239,0,2.817
1549,2,21,16.53,1661050.6,202,8,0,3.767
1549,2,22,23.07,1707571.0,213,0,0,3.988
1549,2,23,23.06,1667660.0,213,0,0,3.981
1549,2,24,30.02,893557.2,83,148,0,3.506
1549,2,25,18.79,6414.2,0,212,0,2.707
1549,2,26,16.66,1820985.1,213,20,0,3.713
1549,2,27,27.9,1594050.0,201,0,0,3.987
1549,2,28,14.65,1390577.1,164,74,0,3.603
1549,2,29,36.0,1660549.0,210,1,0,3.977
1549,2,30,34.95,0.0,0,0,0,0.0
1549,2,31,15.56,0.0,0,0,0,0.0
1559,0,0,7.31,126532.5,5,413,0,1.921
1559,0,1,29.18,0.0,0,404,0,0.0
1559,0,2,26.27,3112281.0,398,0,0,3.916
1559,0,3,19.12,3204678.0,404,0,0,3.956
1559,0,4,15.72,41314.9,0,399,2,1.764
1559,0,5,15.24,3398298.0,417,0,0,3.845
1559,0,6,31.03,15372.3,0,405,0,1.545
1559,0,7,39.17,3511628.0,427,0,0,3.873
1559,0,8,35.65,854414.4,74,344,0,2.136
1559,0,9,14.73,3250386.4,414,2,0,3.648
1559,0,10,34.02,14454.7,0,414,0,1.783
1559,0,11,10.86,3330954.9,410,2,0,3.785
1559,0,12,13.55,2948982.0,371,0,0,3.881
1559,0,13,19.72,562085.2,40,327,0,2.134
1559,0,14,30.6,3270308.0,406,0,0,3.953
1559,0,15,28.59,3009347.0,378,0,0,3.531
1559,0,16,28.24,0.0,0,415,0,0.0
1559,0,17,31.34,3260371.0,399,0,0,2.961
1559,0,18,36.47,3191098.0,402,0,0,3.175
1559,0,19,5.84,1709.6,0,412,0,2.353
1559,0,20,17.27,3146635.0,406,0,0,3.96
1559,0,21,22.59,3511387.4,436,10,0,3.651
1559,0,22,29.89,37080.5,0,407,0,1.616
1559,0,23,15.03,19762.7,1,400,1,1.809
1559,0,24,29.93,0.0,0,0,0,0.0
1559,0,25,15.88,0.0,0,0,0,0.0
1559,0,26,12.33,0.0,0,0,0,0.0
1559,0,27,23.22,0.0,0,0,0,0.0
1559,0,28,22.59,0.0,0,0,0,0.0
1559,0,29,18.02,0.0,0,0,0,0.0
1559,0,30,31.52,0.0,0,0,0,0.0
1559,0,31,35.22,0.0,0,0,0,0.0
1559,1,0,20.0,39485.5,0,326,0,2.908
1559,1,1,22.2,2662558.0,331,0,0,3.987
1559,1,2,24.66,197457.2,13,342,0,3.272
1559,1,3,21.54,2675092.0,331,0,0,3.999
1559,1,4,33.76,1009.1,0,366,0,2.636
1559,1,5,23.71,2782099.0,352,0,0,3.979
1559,1,6,10.08,2338595.8,284,37,0,3.695
1559,1,7,5.47,2818697.0,353,0,0,3.976
1559,1,8,9.6,2942554.0,368,0,0,3.986
1559,1,9,21.73,34311.1,0,368,0,3.096
1559,1,10,5.31,2744429.0,343,0,0,3.999
1559,1,11,36.07,2659247.0,334,0,0,3.921
1559,1,12,20.46,429.0,0,328,0,2.889
1559,1,13,34.32,2754222.0,337,3,0,3.854
1559,1,14,8.58,2879561.0,353,0,0,3.981
1559,1,15,13.3,2494382.8,309,17,0,3.74
1559,1,16,27.7,2658893.0,325,0,0,3.999
1559,1,17,12.23,2912538.0,361,0,0,3.964
1559,1,18,16.83,2310080.3,268,66,0,3.569
1559,1,19,38.02,380994.8,28,312,0,3.252
1559,1,20,37.85,2787150.0,343,0,0,3.989
1559,1,21,8.07,2341327.8,280,53,0,3.65
1559,1,22,27.42,2555389.0,319,0,0,3.964
1559,1,23,29.83,1037287.7,102,230,0,3.395
1559,1,24,36.07,4155.8,0,385,0,2.784
1559,1,25,17.54,217275.9,12,353,0,3.268
1559,1,26,27.33,2992612.0,376,0,0,3.992
1559,1,27,37.84,0.0,0,0,0,0.0
1559,1,28,36.11,0.0,0,0,0,0.0
1559,1,29,28.09,0.0,0,0,0,0.0
1559,1,30,27.63,0.0,0,0,0,0.0
1559,1,31,24.51,0.0,0,0,0,0.0
1559,2,0,7.74,310.6,0,231,0,2.333
1559,2,1,8.87,1761788.4,218,2,0,3.817
1559,2,2,26.78,210105.5,12,226,0,3.171
1559,2,3,17.07,1645906.0,203,0,0,3.919
1559,2,4,20.49,1732449.0,219,0,0,3.983
1559,2,5,18.4,624.0,0,219,0,1.0
1559,2,6,16.21,1996985.0,243,0,0,3.994
1559,2,7,28.9,1722157.7,211,9,0,3.791
1559,2,8,15.49,1532542.7,189,37,0,3.66
1559,2,9,34.34,464248.8,40,209,0,3.245
1559,2,10,38.11,1781704.9,221,1,0,3.835
1559,2,11,16.92,183923.7,13,205,0,3.105
1559,2,12,10.26,1826940.0,230,1,0,3.986
1559,2,13,21.54,2030490.2,254,1,0,3.801
1559,2,14,19.74,1862137.9,234,1,0,3.835
1559,2,15,32.07,1961544.8,248,6,0,3.68
1559,2,16,36.08,1909727.0,229,0,0,3.982
1559,2,17,28.98,1659312.0,215,0,0,3.989
1559,2,18,8.04,1859217.0,231,0,0,3.984
1559,2,19,33.29,1844531.5,228,6,0,3.8
1559,2,20,17.79,6358.4,0,239,0,2.579
1559,2,21,16.53,1693746.4,205,5,0,3.728
1559,2,22,23.07,1707571.0,213,0,0,3.978
1559,2,23,23.06,1667660.0,213,0,0,3.978
1559,2,24,30.02,842669.2,80,151,0,3.454
1559,2,25,18.79,7435.3,0,212,0,2.415
1559,2,26,16.66,1842615.2,218,15,0,3.682
1559,2,27,27.9,1594050.0,201,0,0,3.983
1559,2,28,14.65,1408545.3,162,76,0,3.575
1559,2,29,36.0,1660549.0,210,1,0,3.965
1559,2,30,34.95,0.0,0,0,0,0.0
1559,2,31,15.56,0.0,0,0,0,0.0
1569,0,0,7.31,116792.0,6,412,0,2.038
1569,0,1,29.18,0.0,0,404,0,0.0
1569,0,2,26.27,3112281.0,398,0,0,3.922
1569,0,3,19.12,3216249.0,405,0,0,3.962
1569,0,4,15.72,37279.3,0,399,2,1.992
1569,0,5,15.24,3398298.0,417,0,0,3.87
1569,0,6,31.03,16976.9,0,405,0,1.715
1569,0,7,39.17,3511628.0,427,0,0,3.882
1569,0,8,35.65,907460.2,73,345,0,2.233
1569,0,9,14.73,3252542.0,415,1,0,3.668
1569,0,10,34.02,16423.8,0,414,0,1.878
1569,0,11,10.86,3328497.6,410,2,0,3.817
1569,0,12,13.55,2948982.0,371,0,0,3.894
1569,0,13,19.72,537057.0,41,326,0,2.233
1569,0,14,30.6,3285498.0,408,0,0,3.958
1569,0,15,28.59,3009347.0,378,0,0,3.536
1569,0,16,28.24,0.0,0,415,0,0.0
1569,0,17,31.34,3255700.0,398,1,0,3.014
1569,0,18,36.47,3191098.0,402,0,0,3.221
1569,0,19,5.84,1312.5,0,412,0,2.571
1569,0,20,17.27,3146635.0,406,0,0,3.967
1569,0,21,22.59,3526604.8,439,7,0,3.675
1569,0,22,29.89,37059.6,0,407,0,1.823
1569,0,23,15.03,20256.7,1,400,1,1.97
1569,0,24,29.93,0.0,0,0,0,0.0
1569,0,25,15.88,0.0,0,0,0,0.0
1569,0,26,12.33,0.0,0,0,0,0.0
1569,0,27,23.22,0.0,0,0,0,0.0
1569,0,28,22.59,0.0,0,0,0,0.0
1569,0,29,18.02,0.0,0,0,0,0.0
1569,0,30,31.52,0.0,0,0,0,0.0
1569,0,31,35.22,0.0,0,0,0,0.0
1569,1,0,20.0,40442.6,0,326,0,3.16
1569,1,1,22.2,2667584.0,332,0,0,3.992
1569,1,2,24.66,222985.3,14,341,0,3.388
1569,1,3,21.54,2675092.0,331,0,0,3.997
1569,1,4,33.76,677.6,0,366,0,3.1
1569,1,5,23.71,2782099.0,352,0,0,3.986
1569,1,6,10.08,2339660.0,286,35,0,3.724
1569,1,7,5.47,2818697.0,353,0,0,3.985
1569,1,8,9.6,2942554.0,368,0,0,3.991
1569,1,9,21.73,38158.4,0,368,0,3.247
1569,1,10,5.31,2744429.0,343,0,0,4.0
1569,1,11,36.07,2659247.0,334,0,0,3.938
1569,1,12,20.46,325.6,0,328,0,2.857
1569,1,13,34.32,2752010.3,337,2,1,3.876
1569,1,14,8.58,2879561.0,353,0,0,3.985
1569,1,15,13.3,2481840.5,309,17,0,3.784
1569,1,16,27.7,2658893.0,325,0,0,4.0
1569,1,17,12.23,2912538.0,361,0,0,3.973
1569,1,18,16.83,2287272.4,262,72,0,3.62
1569,1,19,38.02,384045.6,25,315,0,3.335
1569,1,20,37.85,2787150.0,343,0,0,3.993
1569,1,21,8.07,2345134.3,281,52,0,3.691
1569,1,22,27.42,2555389.0,319,0,0,3.965
1569,1,23,29.83,1013068.1,92,240,0,3.467
1569,1,24,36.07,5493.9,0,385,0,3.0
1569,1,25,17.54,220012.9,12,353,0,3.32
1569,1,26,27.33,2992612.0,376,0,0,3.994
1569,1,27,37.84,0.0,0,0,0,0.0
1569,1,28,36.11,0.0,0,0,0,0.0
1569,1,29,28.09,0.0,0,0,0,0.0
1569,1,30,27.63,0.0,0,0,0,0.0
1569,1,31,24.51,0.0,0,0,0,0.0
1569,2,0,7.74,176.7,0,231,0,3.5
1569,2,1,8.87,1759391.9,218,2,0,3.857
1569,2,2,26.78,220546.5,13,224,0,3.285
1569,2,3,17.07,1645906.0,203,0,0,3.931
1569,2,4,20.49,1732449.0,219,0,0,3.982
1569,2,5,18.4,385.7,0,219,0,1.667
1569,2,6,16.21,1996985.0,243,0,0,3.994
1569,2,7,28.9,1722683.4,211,9,0,3.806
1569,2,8,15.49,1502969.9,187,39,0,3.692
1569,2,9,34.34,459412.6,43,206,0,3.333
1569,2,10,38.11,1778083.0,221,1,0,3.846
1569,2,11,16.92,174677.3,12,206,0,3.184
1569,2,12,10.26,1826940.0,230,1,0,3.98
1569,2,13,21.54,2029579.1,254,1,0,3.832
1569,2,14,19.74,1861954.3,234,1,0,3.843
1569,2,15,32.07,1963822.3,248,6,0,3.725
1569,2,16,36.08,1909727.0,229,0,0,3.985
1569,2,17,28.98,1659312.0,215,0,0,3.989
1569,2,18,8.04,1859217.0,231,0,0,3.988
1569,2,19,33.29,1848285.2,228,6,0,3.836
1569,2,20,17.79,10305.0,0,239,0,2.623
1569,2,21,16.53,1668743.4,203,7,0,3.773
1569,2,22,23.07,1707571.0,213,0,0,3.988
1569,2,23,23.06,1667660.0,213,0,0,3.98
1569,2,24,30.02,879270.1,80,151,0,3.514
1569,2,25,18.79,6668.5,0,212,0,2.767
1569,2,26,16.66,1833208.5,216,17,0,3.72
1569,2,27,27.9,1594050.0,201,0,0,3.989
1569,2,28,14.65,1391107.5,163,75,0,3.621
1569,2,29,36.0,1660607.6,210,1,0,3.978
1569,2,30,34.95,0.0,0,0,0,0.0
1569,2,31,15.56,0.0,0,0,0,0.0
1579,0,0,7.31,112778.9,4,414,0,1.961
1579,0,1,29.18,0.0,0,404,0,0.0
1579,0,2,26.27,3112281.0,398,0,0,3.921
1579,0,3,19.12,3216249.0,405,0,0,3.958
1579,0,4,15.72,36294.1,0,399,2,1.928
1579,0,5,15.24,3398298.0,417,0,0,3.862
1579,0,6,31.03,15453.0,0,405,0,1.639
1579,0,7,39.17,3511628.0,427,0,0,3.877
1579,0,8,35.65,935417.0,76,342,0,2.187
1579,0,9,14.73,3250386.4,414,2,0,3.658
1579,0,10,34.02,14838.6,0,414,0,1.872
1579,0,11,10.86,3328497.6,410,2,0,3.809
1579,0,12,13.55,2948982.0,371,0,0,3.883
1579,0,13,19.72,529910.1,40,327,0,2.19
1579,0,14,30.6,3285498.0,408,0,0,3.959
1579,0,15,28.59,3009347.0,378,0,0,3.544
1579,0,16,28.24,0.0,0,415,0,0.0
1579,0,17,31.34,3260371.0,399,0,0,2.982
1579,0,18,36.47,3191098.0,402,0,0,3.216
1579,0,19,5.84,1376.3,0,412,0,2.75
1579,0,20,17.27,3146635.0,406,0,0,3.966
1579,0,21,22.59,3533931.1,439,7,0,3.676
1579,0,22,29.89,37894.3,0,407,0,1.735
1579,0,23,15.03,20116.8,1,400,1,1.896
1579,0,24,29.93,0.0,0,0,0,0.0
1579,0,25,15.88,0.0,0,0,0,0.0
1579,0,26,12.33,0.0,0,0,0,0.0
1579,0,27,23.22,0.0,0,0,0,0.0
1579,0,28,22.59,0.0,0,0,0,0.0
1579,0,29,18.02,0.0,0,0,0,0.0
1579,0,30,31.52,0.0,0,0,0,0.0
1579,0,31,35.22,0.0,0,0,0,0.0
1579,1,0,20.0,37885.5,1,325,0,3.124
1579,1,1,22.2,2667584.0,332,0,0,3.979
1579,1,2,24.66,230739.5,15,340,0,3.286
1579,1,3,21.54,2675092.0,331,0,0,3.999
1579,1,4,33.76,750.1,0,366,0,3.0
1579,1,5,23.71,2782099.0,352,0,0,3.979
1579,1,6,10.08,2349816.8,285,37,0,3.71
1579,1,7,5.47,2818697.0,353,0,0,3.981
1579,1,8,9.6,2942554.0,368,0,0,3.988
1579,1,9,21.73,35737.3,1,367,0,3.291
1579,1,10,5.31,2744429.0,343,0,0,4.0
1579,1,11,36.07,2659247.0,334,0,0,3.929
1579,1,12,20.46,307.3,0,328,0,2.857
1579,1,13,34.32,2754224.4,338,1,1,3.886
1579,1,14,8.58,2879561.0,353,0,0,3.981
1579,1,15,13.3,2496372.8,310,16,0,3.765
1579,1,16,27.7,2658893.0,325,0,0,4.0
1579,1,17,12.23,2912538.0,361,0,0,3.972
1579,1,18,16.83,2282531.4,261,73,0,3.595
1579,1,19,38.02,363313.7,23,317,0,3.298
1579,1,20,37.85,2787150.0,343,0,0,3.994
1579,1,21,8.07,2335739.6,278,55,0,3.673
1579,1,22,27.42,2555389.0,319,0,0,3.962
1579,1,23,29.83,1047838.8,101,231,0,3.424
1579,1,24,36.07,4384.7,0,385,0,2.955
1579,1,25,17.54,218258.0,12,353,0,3.292
1579,1,26,27.33,2992612.0,376,0,0,3.992
1579,1,27,37.84,0.0,0,0,0,0.0
1579,1,28,36.11,0.0,0,0,0,0.0
1579,1,29,28.09,0.0,0,0,0,0.0
1579,1,30,27.63,0.0,0,0,0,0.0
1579,1,31,24.51,0.0,0,0,0,0.0
1579,2,0,7.74,284.8,0,231,0,3.333
1579,2,1,8.87,1761612.6,219,1,0,3.844
1579,2,2,26.78,237822.1,15,222,0,3.199
1579,2,3,17.07,1645906.0,203,0,0,3.929
1579,2,4,20.49,1732449.0,219,0,0,3.984
1579,2,5,18.4,385.7,0,219,0,1.667
1579,2,6,16.21,1996985.0,243,0,0,3.996
1579,2,7,28.9,1716256.3,211,9,0,3.798
1579,2,8,15.49,1490607.5,186,40,0,3.683
1579,2,9,34.34,456815.2,44,205,0,3.299
1579,2,10,38.11,1787076.0,222,0,0,3.842
1579,2,11,16.92,167568.2,12,206,0,3.201
1579,2,12,10.26,1826940.0,230,1,0,3.99
1579,2,13,21.54,2028868.5,253,2,0,3.814
1579,2,14,19.74,1859491.4,233,2,0,3.865
1579,2,15,32.07,1969637.2,248,6,0,3.717
1579,2,16,36.08,1909727.0,229,0,0,3.988
1579,2,17,28.98,1659312.0,215,0,0,3.99
1579,2,18,8.04,1859217.0,231,0,0,3.988
1579,2,19,33.29,1850504.4,228,6,0,3.817
1579,2,20,17.79,11039.8,0,239,0,2.623
1579,2,21,16.53,1684789.4,204,6,0,3.751
1579,2,22,23.07,1707571.0,213,0,0,3.982
1579,2,23,23.06,1667660.0,213,0,0,3.981
1579,2,24,30.02,897748.2,85,146,0,3.48
1579,2,25,18.79,6761.7,0,212,0,2.537
1579,2,26,16.66,1832343.5,213,20,0,3.731
1579,2,27,27.9,1594050.0,201,0,0,3.985
1579,2,28,14.65,1379515.8,154,84,0,3.616
1579,2,29,36.0,1660769.4,210,1,0,3.974
1579,2,30,34.95,0.0,0,0,0,0.0
1579,2,31,15.56,0.0,0,0,0,0.0
1589,0,0,7.31,119223.8,5,413,0,2.054
1589,0,1,29.18,0.0,0,404,0,0.0
1589,0,2,26.27,3112281.0,398,0,0,3.922
1589,0,3,19.12,3204678.0,404,0,0,3.959
1589,0,4,15.72,40569.6,0,399,2,1.93
1589,0,5,15.24,3398298.0,417,0,0,3.868
1589,0,6,31.03,17066.5,0,405,0,1.711
1589,0,7,39.17,3511628.0,427,0,0,3.883
1589,0,8,35.65,895654.6,72,346,0,2.212
1589,0,9,14.73,3250386.4,414,2,0,3.673
1589,0,10,34.02,16271.6,1,413,0,1.99
1589,0,11,10.86,3331009.1,410,2,0,3.792
1589,0,12,13.55,2948982.0,371,0,0,3.898
1589,0,13,19.72,514388.8,39,328,0,2.204
1589,0,14,30.6,3270308.0,406,0,0,3.964
1589,0,15,28.59,3009347.0,378,0,0,3.535
1589,0,16,28.24,0.0,0,415,0,0.0
1589,0,17,31.34,3260371.0,399,0,0,2.97
1589,0,18,36.47,3191098.0,402,0,0,3.204
1589,0,19,5.84,1518.2,0,412,0,2.588
1589,0,20,17.27,3146635.0,406,0,0,3.966
1589,0,21,22.59,3523977.3,438,8,0,3.673
1589,0,22,29.89,38960.0,0,407,0,1.781
1589,0,23,15.03,21037.2,0,401,1,1.865
1589,0,24,29.93,0.0,0,0,0,0.0
1589,0,25,15.88,0.0,0,0,0,0.0
1589,0,26,12.33,0.0,0,0,0,0.0
1589,0,27,23.22,0.0,0,0,0,0.0
1589,0,28,22.59,0.0,0,0,0,0.0
1589,0,29,18.02,0.0,0,0,0,0.0
1589,0,30,31.52,0.0,0,0,0,0.0
1589,0,31,35.22,0.0,0,0,0,0.0
1589,1,0,20.0,39088.3,0,326,0,3.097
1589,1,1,22.2,2662558.0,331,0,0,3.986
1589,1,2,24.66,217539.6,17,338,0,3.316
1589,1,3,21.54,2675092.0,331,0,0,3.997
1589,1,4,33.76,703.9,0,366,0,3.308
1589,1,5,23.71,2782099.0,352,0,0,3.977
1589,1,6,10.08,2350282.9,289,32,0,3.692
1589,1,7,5.47,2818697.0,353,0,0,3.974
1589,1,8,9.6,2942554.0,368,0,0,3.984
1589,1,9,21.73,34406.3,0,368,0,3.174
1589,1,10,5.31,2744429.0,343,0,0,4.0
1589,1,11,36.07,2659247.0,334,0,0,3.927
1589,1,12,20.46,483.5,0,328,0,2.556
1589,1,13,34.32,2754222.8,338,1,1,3.871
1589,1,14,8.58,2879561.0,353,0,0,3.982
1589,1,15,13.3,2487019.7,311,15,0,3.745
1589,1,16,27.7,2658893.0,325,0,0,4.0
1589,1,17,12.23,2912538.0,361,0,0,3.97
1589,1,18,16.83,2292335.9,265,69,0,3.563
1589,1,19,38.02,380521.7,25,315,0,3.271
1589,1,20,37.85,2787150.0,343,0,0,3.988
1589,1,21,8.07,2302417.2,274,59,0,3.644
1589,1,22,27.42,2555389.0,319,0,0,3.96
1589,1,23,29.83,1047178.9,100,232,0,3.409
1589,1,24,36.07,4758.1,0,385,0,2.826
1589,1,25,17.54,224995.5,14,351,0,3.277
1589,1,26,27.33,2992612.0,376,0,0,3.994
1589,1,27,37.84,0.0,0,0,0,0.0
1589,1,28,36.11,0.0,0,0,0,0.0
1589,1,29,28.09,0.0,0,0,0,0.0
1589,1,30,27.63,0.0,0,0,0,0.0
1589,1,31,24.51,0.0,0,0,0,0.0
1589,2,0,7.74,175.5,0,231,0,3.0
1589,2,1,8.87,1766283.0,220,0,0,3.849
1589,2,2,26.78,232438.3,15,222,0,3.228
1589,2,3,17.07,1645906.0,203,0,0,3.904
1589,2,4,20.49,1732449.0,219,0,0,3.985
1589,2,5,18.4,386.0,0,219,0,1.667
1589,2,6,16.21,1996985.0,243,0,0,3.994
1589,2,7,28.9,1727388.1,212,8,0,3.812
1589,2,8,15.49,1505308.3,186,40,0,3.671
1589,2,9,34.34,485153.2,41,208,0,3.299
1589,2,10,38.11,1779769.3,221,1,0,3.849
1589,2,11,16.92,178563.8,14,204,0,3.21
1589,2,12,10.26,1826940.0,230,1,0,3.986
1589,2,13,21.54,2030479.1,253,2,0,3.801
1589,2,14,19.74,1861954.3,234,1,0,3.842
1589,2,15,32.07,1957435.3,248,6,0,3.682
1589,2,16,36.08,1909727.0,229,0,0,3.979
1589,2,17,28.98,1659312.0,215,0,0,3.987
1589,2,18,8.04,1859217.0,231,0,0,3.988
1589,2,19,33.29,1847149.8,228,6,0,3.818
1589,2,20,17.79,9410.5,0,239,0,2.56
1589,2,21,16.53,1682149.3,202,8,0,3.748
1589,2,22,23.07,1707571.0,213,0,0,3.984
1589,2,23,23.06,1667660.0,213,0,0,3.974
1589,2,24,30.02,878218.1,85,146,0,3.486
1589,2,25,18.79,6969.8,0,212,0,2.512
1589,2,26,16.66,1835611.8,216,17,0,3.692
1589,2,27,27.9,1594050.0,201,0,0,3.991
1589,2,28,14.65,1365581.0,155,83,0,3.612
1589,2,29,36.0,1660769.4,210,1,0,3.978
1589,2,30,34.95,0.0,0,0,0,0.0
1589,2,31,15.56,0.0,0,0,0,0.0
1599,0,0,7.31,119421.6,5,413,0,2.066
1599,0,1,29.18,0.0,0,404,0,0.0
1599,0,2,26.27,3112281.0,398,0,0,3.925
1599,0,3,19.12,3204678.0,404,0,0,3.963
1599,0,4,15.72,36487.7,0,399,2,1.95
1599,0,5,15.24,3398298.0,417,0,0,3.873
1599,0,6,31.03,16251.1,0,405,0,1.762
1599,0,7,39.17,3511628.0,427,0,0,3.887
1599,0,8,35.65,894717.2,70,348,0,2.235
1599,0,9,14.73,3241022.4,413,3,0,3.665
1599,0,10,34.02,16524.1,0,414,0,1.951
1599,0,11,10.86,3331101.8,410,2,0,3.796
1599,0,12,13.55,2948982.0,371,0,0,3.912
1599,0,13,19.72,524202.3,37,330,0,2.216
1599,0,14,30.6,3270308.0,406,0,0,3.96
1599,0,15,28.59,3009347.0,378,0,0,3.522
1599,0,16,28.24,0.0,0,415,0,0.0
1599,0,17,31.34,3260371.0,399,0,0,2.988
1599,0,18,36.47,3191098.0,402,0,0,3.194
1599,0,19,5.84,1816.6,0,412,0,2.353
1599,0,20,17.27,3146635.0,406,0,0,3.965
1599,0,21,22.59,3523977.3,438,8,0,3.669
1599,0,22,29.89,39234.2,0,407,0,1.82
1599,0,23,15.03,21370.9,0,401,1,1.962
1599,0,24,29.93,0.0,0,0,0,0.0
1599,0,25,15.88,0.0,0,0,0,0.0
1599,0,26,12.33,0.0,0,0,0,0.0
1599,0,27,23.22,0.0,0,0,0,0.0
1599,0,28,22.59,0.0,0,0,0,0.0
1599,0,29,18.02,0.0,0,0,0,0.0
1599,0,30,31.52,0.0,0,0,0,0.0
1599,0,31,35.22,0.0,0,0,0,0.0
1599,1,0,20.0,40243.6,0,326,0,3.031
1599,1,1,22.2,2667584.0,332,0,0,3.982
1599,1,2,24.66,222028.6,14,341,0,3.345
1599,1,3,21.54,2675092.0,331,0,0,3.999
1599,1,4,33.76,838.8,0,366,0,3.154
1599,1,5,23.71,2782099.0,352,0,0,3.985
1599,1,6,10.08,2337275.0,285,36,0,3.694
1599,1,7,5.47,2818697.0,353,0,0,3.978
1599,1,8,9.6,2942554.0,368,0,0,3.984
1599,1,9,21.73,37532.4,0,368,0,3.234
1599,1,10,5.31,2744429.0,343,0,0,3.999
1599,1,11,36.07,2659247.0,334,0,0,3.939
1599,1,12,20.46,540.1,0,328,0,2.7
1599,1,13,34.32,2755297.7,338,1,1,3.863
1599,1,14,8.58,2879561.0,353,0,0,3.987
1599,1,15,13.3,2483896.8,311,15,0,3.754
1599,1,16,27.7,2658893.0,325,0,0,4.0
1599,1,17,12.23,2912538.0,361,0,0,3.972
1599,1,18,16.83,2288442.2,269,65,0,3.594
1599,1,19,38.02,376260.2,25,315,0,3.289
1599,1,20,37.85,2787150.0,343,0,0,3.99
1599,1,21,8.07,2319008.9,281,52,0,3.655
1599,1,22,27.42,2555389.0,319,0,0,3.965
1599,1,23,29.83,1043940.6,98,234,0,3.416
1599,1,24,36.07,5336.0,0,385,0,3.037
1599,1,25,17.54,221990.7,12,353,0,3.315
1599,1,26,27.33,2992612.0,376,0,0,3.992
1599,1,27,37.84,0.0,0,0,0,0.0
1599,1,28,36.11,0.0,0,0,0,0.0
1599,1,29,28.09,0.0,0,0,0,0.0
1599,1,30,27.63,0.0,0,0,0,0.0
1599,1,31,24.51,0.0,0,0,0,0.0
1599,2,0,7.74,229.1,0,231,0,3.0
1599,2,1,8.87,1766283.0,220,0,0,3.855
1599,2,2,26.78,227146.7,18,220,0,3.18
1599,2,3,17.07,1645906.0,203,0,0,3.911
1599,2,4,20.49,1732449.0,219,0,0,3.985
1599,2,5,18.4,505.3,0,219,0,1.333
1599,2,6,16.21,1996985.0,243,0,0,3.994
1599,2,7,28.9,1726103.9,213,7,0,3.8
1599,2,8,15.49,1525964.4,189,37,0,3.671
1599,2,9,34.34,497160.6,42,207,0,3.31
1599,2,10,38.11,1778083.0,221,1,0,3.84
1599,2,11,16.92,169456.4,12,206,0,3.146
1599,2,12,10.26,1826940.0,230,1,0,3.988
1599,2,13,21.54,2027674.5,254,1,0,3.807
1599,2,14,19.74,1850945.1,232,3,0,3.835
1599,2,15,32.07,1965748.0,248,6,0,3.699
1599,2,16,36.08,1909727.0,229,0,0,3.984
1599,2,17,28.98,1659312.0,215,0,0,3.99
1599,2,18,8.04,1859217.0,231,0,0,3.99
1599,2,19,33.29,1843741.4,227,7,0,3.824
1599,2,20,17.79,8684.5,0,239,0,2.592
1599,2,21,16.53,1682498.7,204,6,0,3.722
1599,2,22,23.07,1707571.0,213,0,0,3.986
1599,2,23,23.06,1667660.0,213,0,0,3.976
1599,2,24,30.02,869030.7,85,146,0,3.489
1599,2,25,18.79,9378.2,0,212,0,2.462
1599,2,26,16.66,1832447.2,215,18,0,3.706
1599,2,27,27.9,1594050.0,201,0,0,3.989
1599,2,28,14.65,1366987.2,155,83,0,3.587
1599,2,29,36.0,1660549.0,210,1,0,3.967
1599,2,30,34.95,0.0,0,0,0,0.0
1599,2,31,15.56,0.0,0,0,0,0.0
1609,0,0,7.31,126587.8,6,412,0,2.233
1609,0,1,29.18,0.0,0,404,0,0.0
1609,0,2,26.27,3112281.0,398,0,0,3.942
1609,0,3,19.12,3204678.0,404,0,0,3.971
1609,0,4,15.72,37864.5,0,400,1,2.17
1609,0,5,15.24,3398298.0,417,0,0,3.882
1609,0,6,31.03,15938.4,0,405,0,2.014
1609,0,7,39.17,3511628.0,427,0,0,3.916
1609,0,8,35.65,933470.8,73,345,0,2.362
1609,0,9,14.73,3244455.4,413,3,0,3.712
1609,0,10,34.02,16005.4,0,414,0,2.162
1609,0,11,10.86,3331101.8,410,2,0,3.805
1609,0,12,13.55,2948982.0,371,0,0,3.936
1609,0,13,19.72,504177.7,34,333,0,2.369
1609,0,14,30.6,3270308.0,406,0,0,3.967
1609,0,15,28.59,3009347.0,378,0,0,3.577
1609,0,16,28.24,0.0,0,415,0,0.0
1609,0,17,31.34,3260371.0,399,0,0,3.081
1609,0,18,36.47,3191098.0,402,0,0,3.292
1609,0,19,5.84,1919.8,0,412,0,2.542
1609,0,20,17.27,3146635.0,406,0,0,3.973
1609,0,21,22.59,3511387.4,436,10,0,3.725
1609,0,22,29.89,40163.3,0,407,0,2.04
1609,0,23,15.03,21176.8,0,401,1,2.209
1609,0,24,29.93,0.0,0,0,0,0.0
1609,0,25,15.88,0.0,0,0,0,0.0
1609,0,26,12.33,0.0,0,0,0,0.0
1609,0,27,23.22,0.0,0,0,0,0.0
1609,0,28,22.59,0.0,0,0,0,0.0
1609,0,29,18.02,0.0,0,0,0,0.0
1609,0,30,31.52,0.0,0,0,0,0.0
1609,0,31,35.22,0.0,0,0,0,0.0
1609,1,0,20.0,38042.5,0,326,0,3.201
1609,1,1,22.2,2667584.0,332,0,0,3.992
1609,1,2,24.66,235847.3,14,341,0,3.441
1609,1,3,21.54,2675092.0,331,0,0,3.999
1609,1,4,33.76,1009.0,0,366,0,3.188
1609,1,5,23.71,2782099.0,352,0,0,3.99
1609,1,6,10.08,2340258.8,287,34,0,3.762
1609,1,7,5.47,2818697.0,353,0,0,3.986
1609,1,8,9.6,2942554.0,368,0,0,3.992
1609,1,9,21.73,41775.3,0,368,0,3.333
1609,1,10,5.31,2744429.0,343,0,0,4.0
1609,1,11,36.07,2659247.0,334,0,0,3.945
1609,1,12,20.46,697.8,0,328,0,3.067
1609,1,13,34.32,2752444.2,337,2,1,3.901
1609,1,14,8.58,2879561.0,353,0,0,3.986
1609,1,15,13.3,2479106.9,311,15,0,3.802
1609,1,16,27.7,2658893.0,325,0,0,4.0
1609,1,17,12.23,2912538.0,361,0,0,3.981
1609,1,18,16.83,2250467.1,257,77,0,3.661
1609,1,19,38.02,387850.6,25,315,0,3.409
1609,1,20,37.85,2787150.0,343,0,0,3.994
1609,1,21,8.07,2269401.1,272,61,0,3.728
1609,1,22,27.42,2555389.0,319,0,0,3.978
1609,1,23,29.83,1056739.5,94,238,0,3.496
1609,1,24,36.07,5401.1,0,385,0,3.29
1609,1,25,17.54,228795.8,14,351,0,3.402
1609,1,26,27.33,2992612.0,376,0,0,3.996
1609,1,27,37.84,0.0,0,0,0,0.0
1609,1,28,36.11,0.0,0,0,0,0.0
1609,1,29,28.09,0.0,0,0,0,0.0
1609,1,30,27.63,0.0,0,0,0,0.0
1609,1,31,24.51,0.0,0,0,0,0.0
1609,2,0,7.74,226.2,0,231,0,3.4
1609,2,1,8.87,1766283.0,220,0,0,3.884
1609,2,2,26.78,240472.3,17,220,0,3.292
1609,2,3,17.07,1645906.0,203,0,0,3.928
1609,2,4,20.49,1732449.0,219,0,0,3.985
1609,2,5,18.4,474.4,0,219,0,1.75
1609,2,6,16.21,1996985.0,243,0,0,3.998
1609,2,7,28.9,1720755.9,211,9,0,3.838
1609,2,8,15.49,1524835.7,188,38,0,3.714
1609,2,9,34.34,486316.7,39,210,0,3.42
1609,2,10,38.11,1779769.3,221,1,0,3.877
1609,2,11,16.92,177089.7,13,205,0,3.301
1609,2,12,10.26,1835399.0,231,0,0,3.986
1609,2,13,21.54,2030613.8,254,1,0,3.865
1609,2,14,19.74,1859526.1,233,2,0,3.882
1609,2,15,32.07,1957151.3,248,6,0,3.768
1609,2,16,36.08,1909727.0,229,0,0,3.987
1609,2,17,28.98,1659312.0,215,0,0,3.993
1609,2,18,8.04,1859217.0,231,0,0,3.99
1609,2,19,33.29,1846138.3,228,6,0,3.85
1609,2,20,17.79,9704.0,0,239,0,2.797
1609,2,21,16.53,1669615.8,201,9,0,3.795
1609,2,22,23.07,1707571.0,213,0,0,3.992
1609,2,23,23.06,1667660.0,213,0,0,3.984
1609,2,24,30.02,876490.5,82,149,0,3.577
1609,2,25,18.79,8171.7,0,212,0,2.851
1609,2,26,16.66,1834507.8,216,17,0,3.762
1609,2,27,27.9,1594050.0,201,0,0,3.989
1609,2,28,14.65,1361652.8,153,85,0,3.671
1609,2,29,36.0,1660549.0,210,1,0,3.978
1609,2,30,34.95,0.0,0,0,0,0.0
1609,2,31,15.56,0.0,0,0,0,0.0
1619,0,0,7.31,134662.1,5,413,0,2.37
1619,0,1,29.18,0.0,0,404,0,0.0
1619,0,2,26.27,3112281.0,398,0,0,3.938
1619,0,3,19.12,3204678.0,404,0,0,3.975
1619,0,4,15.72,41243.2,0,400,1,2.239
1619,0,5,15.24,3398298.0,417,0,0,3.904
1619,0,6,31.03,17112.9,0,405,0,2.123
1619,0,7,39.17,3511628.0,427,0,0,3.929
1619,0,8,35.65,897742.0,67,351,0,2.436
1619,0,9,14.73,3243178.0,414,2,0,3.742
1619,0,10,34.02,14543.3,0,414,0,2.196
1619,0,11,10.86,3331101.8,410,2,0,3.827
1619,0,12,13.55,2948982.0,371,0,0,3.94
1619,0,13,19.72,499772.8,33,334,0,2.415
1619,0,14,30.6,3270308.0,406,0,0,3.966
1619,0,15,28.59,3009347.0,378,0,0,3.593
1619,0,16,28.24,0.0,0,415,0,0.0
1619,0,17,31.34,3258633.7,397,2,0,3.117
1619,0,18,36.47,3191098.0,402,0,0,3.297
1619,0,19,5.84,1780.0,0,412,0,2.522
1619,0,20,17.27,3146635.0,406,0,0,3.975
1619,0,21,22.59,3526604.8,439,7,0,3.727
1619,0,22,29.89,39539.2,0,407,0,2.166
1619,0,23,15.03,22938.7,0,401,1,2.305
1619,0,24,29.93,0.0,0,0,0,0.0
1619,0,25,15.88,0.0,0,0,0,0.0
1619,0,26,12.33,0.0,0,0,0,0.0
1619,0,27,23.22,0.0,0,0,0,0.0
1619,0,28,22.59,0.0,0,0,0,0.0
1619,0,29,18.02,0.0,0,0,0,0.0
1619,0,30,31.52,0.0,0,0,0,0.0
1619,0,31,35.22,0.0,0,0,0,0.0
1619,1,0,20.0,38846.2,0,326,0,3.206
1619,1,1,22.2,2667584.0,332,0,0,3.993
1619,1,2,24.66,246156.3,13,342,0,3.483
1619,1,3,21.54,2675092.0,331,0,0,3.999
1619,1,4,33.76,1105.7,0,366,0,3.176
1619,1,5,23.71,2782099.0,352,0,0,3.993
1619,1,6,10.08,2334533.3,287,34,0,3.789
1619,1,7,5.47,2818697.0,353,0,0,3.986
1619,1,8,9.6,2942554.0,368,0,0,3.993
1619,1,9,21.73,40233.3,0,368,0,3.431
1619,1,10,5.31,2744429.0,343,0,0,4.0
1619,1,11,36.07,2659247.0,334,0,0,3.956
1619,1,12,20.46,658.1,0,328,0,3.312
1619,1,13,34.32,2750468.9,337,2,1,3.909
1619,1,14,8.58,2879561.0,353,0,0,3.986
1619,1,15,13.3,2479844.0,308,18,0,3.829
1619,1,16,27.7,2658893.0,325,0,0,4.0
1619,1,17,12.23,2912538.0,361,0,0,3.981
1619,1,18,16.83,2263745.0,256,78,0,3.691
1619,1,19,38.02,405264.7,26,314,0,3.442
1619,1,20,37.85,2787150.0,343,0,0,3.994
1619,1,21,8.07,2287985.5,272,61,0,3.744
1619,1,22,27.42,2555389.0,319,0,0,3.979
1619,1,23,29.83,984355.9,90,242,0,3.554
1619,1,24,36.07,6422.8,0,385,0,3.333
1619,1,25,17.54,228346.1,11,354,0,3.467
1619,1,26,27.33,2992612.0,376,0,0,3.996
1619,1,27,37.84,0.0,0,0,0,0.0
1619,1,28,36.11,0.0,0,0,0,0.0
1619,1,29,28.09,0.0,0,0,0,0.0
1619,1,30,27.63,0.0,0,0,0,0.0
1619,1,31,24.51,0.0,0,0,0,0.0
1619,2,0,7.74,247.6,0,231,0,3.5
1619,2,1,8.87,1762291.0,218,2,0,3.889
1619,2,2,26.78,252532.6,19,219,0,3.326
1619,2,3,17.07,1645906.0,203,0,0,3.942
1619,2,4,20.49,1732449.0,219,0,0,3.988
1619,2,5,18.4,474.4,0,219,0,1.75
1619,2,6,16.21,1996985.0,243,0,0,4.0
1619,2,7,28.9,1718569.2,212,8,0,3.862
1619,2,8,15.49,1527257.0,189,37,0,3.745
1619,2,9,34.34,483305.1,43,206,0,3.445
1619,2,10,38.11,1787076.0,222,0,0,3.879
1619,2,11,16.92,182675.5,13,205,0,3.322
1619,2,12,10.26,1826940.0,230,1,0,3.992
1619,2,13,21.54,2032087.0,255,0,0,3.862
1619,2,14,19.74,1855266.7,232,3,0,3.886
1619,2,15,32.07,1951091.7,247,7,0,3.781
1619,2,16,36.08,1909727.0,229,0,0,3.988
1619,2,17,28.98,1659312.0,215,0,0,3.996
1619,2,18,8.04,1859217.0,231,0,0,3.99
1619,2,19,33.29,1835609.3,226,8,0,3.851
1619,2,20,17.79,8797.0,0,239,0,2.959
1619,2,21,16.53,1671014.8,201,9,0,3.824
1619,2,22,23.07,1707571.0,213,0,0,3.992
1619,2,23,23.06,1667660.0,213,0,0,3.984
1619,2,24,30.02,860625.2,81,150,0,3.602
1619,2,25,18.79,7506.4,0,212,0,2.956
1619,2,26,16.66,1828820.7,215,18,0,3.764
1619,2,27,27.9,1594050.0,201,0,0,3.989
1619,2,28,14.65,1364688.2,149,89,0,3.678
1619,2,29,36.0,1660638.5,210,1,0,3.977
1619,2,30,34.95,0.0,0,0,0,0.0
1619,2,31,15.56,0.0,0,0,0,0.0
1629,0,0,7.31,139364.9,6,412,0,2.346
1629,0,1,29.18,0.0,0,404,0,0.0
1629,0,2,26.27,3112281.0,398,0,0,3.948
1629,0,3,19.12,3204678.0,404,0,0,3.97
1629,0,4,15.72,39232.7,0,400,1,2.226
1629,0,5,15.24,3398298.0,417,0,0,3.897
1629,0,6,31.03,16710.6,0,405,0,2.124
1629,0,7,39.17,3511628.0,427,0,0,3.921
1629,0,8,35.65,894839.3,70,348,0,2.435
1629,0,9,14.73,3225335.0,412,4,0,3.728
1629,0,10,34.02,14443.8,0,414,0,2.243
1629,0,11,10.86,3331101.8,410,2,0,3.823
1629,0,12,13.55,2948982.0,371,0,0,3.94
1629,0,13,19.72,502437.2,34,333,0,2.409
1629,0,14,30.6,3270308.0,406,0,0,3.966
1629,0,15,28.59,3009347.0,378,0,0,3.61
1629,0,16,28.24,0.0,0,415,0,0.0
1629,0,17,31.34,3257848.4,397,2,0,3.118
1629,0,18,36.47,3191098.0,402,0,0,3.3
1629,0,19,5.84,1659.6,0,412,0,2.591
1629,0,20,17.27,3146635.0,406,0,0,3.974
1629,0,21,22.59,3526604.8,439,7,0,3.727
1629,0,22,29.89,38989.1,0,407,0,2.166
1629,0,23,15.03,23346.3,0,402,0,2.299
1629,0,24,29.93,0.0,0,0,0,0.0
1629,0,25,15.88,0.0,0,0,0,0.0
1629,0,26,12.33,0.0,0,0,0,0.0
1629,0,27,23.22,0.0,0,0,0,0.0
1629,0,28,22.59,0.0,0,0,0,0.0
1629,0,29,18.02,0.0,0,0,0,0.0
1629,0,30,31.52,0.0,0,0,0,0.0
1629,0,31,35.22,0.0,0,0,0,0.0
1629,1,0,20.0,40243.2,0,326,0,3.33
1629,1,1,22.2,2667584.0,332,0,0,3.995
1629,1,2,24.66,234645.7,13,342,0,3.459
1629,1,3,21.54,2675092.0,331,0,0,3.997
1629,1,4,33.76,1055.3,0,366,0,3.381
1629,1,5,23.71,2782099.0,352,0,0,3.996
1629,1,6,10.08,2348857.6,286,35,0,3.78
1629,1,7,5.47,2818697.0,353,0,0,3.988
1629,1,8,9.6,2942554.0,368,0,0,3.989
1629,1,9,21.73,39629.4,0,368,0,3.457
1629,1,10,5.31,2744429.0,343,0,0,4.0
1629,1,11,36.07,2659247.0,334,0,0,3.953
1629,1,12,20.46,723.1,0,328,0,3.353
1629,1,13,34.32,2751729.5,336,3,1,3.913
1629,1,14,8.58,2879561.0,353,0,0,3.986
1629,1,15,13.3,2486675.8,308,18,0,3.821
1629,1,16,27.7,2658893.0,325,0,0,4.0
1629,1,17,12.23,2912538.0,361,0,0,3.981
1629,1,18,16.83,2250921.7,257,77,0,3.683
1629,1,19,38.02,396362.5,21,319,0,3.445
1629,1,20,37.85,2787150.0,343,0,0,3.994
1629,1,21,8.07,2300236.6,273,60,0,3.74
1629,1,22,27.42,2555389.0,319,0,0,3.976
1629,1,23,29.83,999999.9,92,239,0,3.543
1629,1,24,36.07,6821.7,0,385,0,3.3
1629,1,25,17.54,242887.1,13,352,0,3.459
1629,1,26,27.33,2992612.0,376,0,0,3.994
1629,1,27,37.84,0.0,0,0,0,0.0
1629,1,28,36.11,0.0,0,0,0,0.0
1629,1,29,28.09,0.0,0,0,0,0.0
1629,1,30,27.63,0.0,0,0,0,0.0
1629,1,31,24.51,0.0,0,0,0,0.0
1629,2,0,7.74,203.0,0,231,0,3.6
1629,2,1,8.87,1760718.9,218,2,0,3.898
1629,2,2,26.78,246155.2,18,219,0,3.351
1629,2,3,17.07,1645906.0,203,0,0,3.934
1629,2,4,20.49,1732449.0,219,0,0,3.985
1629,2,5,18.4,474.4,0,219,0,1.75
1629,2,6,16.21,1996985.0,243,0,0,4.0
1629,2,7,28.9,1730310.1,214,6,0,3.844
1629,2,8,15.49,1507149.3,188,38,0,3.743
1629,2,9,34.34,500048.4,41,208,0,3.436
1629,2,10,38.11,1779769.3,221,1,0,3.879
1629,2,11,16.92,172094.5,12,206,0,3.334
1629,2,12,10.26,1835399.0,231,0,0,3.986
1629,2,13,21.54,2031822.3,254,1,0,3.851
1629,2,14,19.74,1851700.4,231,4,0,3.884
1629,2,15,32.07,1954947.8,248,6,0,3.787
1629,2,16,36.08,1909727.0,229,0,0,3.988
1629,2,17,28.98,1659312.0,215,0,0,3.993
1629,2,18,8.04,1859217.0,231,0,0,3.984
1629,2,19,33.29,1836168.7,226,8,0,3.866
1629,2,20,17.79,9111.9,0,239,0,2.883
1629,2,21,16.53,1666142.8,200,10,0,3.828
1629,2,22,23.07,1707571.0,213,0,0,3.992
1629,2,23,23.06,1667660.0,213,0,0,3.983
1629,2,24,30.02,859826.0,82,149,0,3.588
1629,2,25,18.79,7562.2,0,212,0,3.0
1629,2,26,16.66,1810153.7,212,21,0,3.772
1629,2,27,27.9,1594050.0,201,0,0,3.989
1629,2,28,14.65,1352101.2,151,87,0,3.674
1629,2,29,36.0,1660677.0,210,1,0,3.985
1629,2,30,34.95,0.0,0,0,0,0.0
1629,2,31,15.56,0.0,0,0,0,0.0
1639,0,0,7.31,141481.5,5,413,0,2.462
1639,0,1,29.18,0.0,0,404,0,0.0
1639,0,2,26.27,3112281.0,398,0,0,3.95
1639,0,3,19.12,3204678.0,404,0,0,3.978
1639,0,4,15.72,37988.4,0,400,1,2.336
1639,0,5,15.24,3398298.0,417,0,0,3.906
1639,0,6,31.03,15659.4,0,405,0,2.323
1639,0,7,39.17,3511628.0,427,0,0,3.935
1639,0,8,35.65,891889.3,66,352,0,2.518
1639,0,9,14.73,3237247.0,413,3,0,3.76
1639,0,10,34.02,14296.5,0,414,0,2.347
1639,0,11,10.86,3331101.8,410,2,0,3.836
1639,0,12,13.55,2948982.0,371,0,0,3.947
1639,0,13,19.72,522277.8,31,336,0,2.498
1639,0,14,30.6,3270308.0,406,0,0,3.975
1639,0,15,28.59,3009347.0,378,0,0,3.63
1639,0,16,28.24,0.0,0,415,0,0.0
1639,0,17,31.34,3260039.8,398,1,0,3.18
1639,0,18,36.47,3191098.0,402,0,0,3.339
1639,0,19,5.84,1881.0,0,412,0,2.692
1639,0,20,17.27,3146635.0,406,0,0,3.98
1639,0,21,22.59,3533995.8,440,6,0,3.752
1639,0,22,29.89,39966.1,0,407,0,2.283
1639,0,23,15.03,22981.6,0,401,1,2.409
1639,0,24,29.93,0.0,0,0,0,0.0
1639,0,25,15.88,0.0,0,0,0,0.0
1639,0,26,12.33,0.0,0,0,0,0.0
1639,0,27,23.22,0.0,0,0,0,0.0
1639,0,28,22.59,0.0,0,0,0,0.0
1639,0,29,18.02,0.0,0,0,0,0.0
1639,0,30,31.52,0.0,0,0,0,0.0
1639,0,31,35.22,0.0,0,0,0,0.0
1639,1,0,20.0,39957.9,1,325,0,3.343
1639,1,1,22.2,2667584.0,332,0,0,3.987
1639,1,2,24.66,236311.4,13,342,0,3.538
1639,1,3,21.54,2675092.0,331,0,0,3.999
1639,1,4,33.76,1436.3,0,366,0,3.167
1639,1,5,23.71,2782099.0,352,0,0,3.992
1639,1,6,10.08,2323848.5,285,36,0,3.788
1639,1,7,5.47,2818697.0,353,0,0,3.986
1639,1,8,9.6,2942554.0,368,0,0,3.99
1639,1,9,21.73,41281.9,0,368,0,3.44
1639,1,10,5.31,2744429.0,343,0,0,4.0
1639,1,11,36.07,2659247.0,334,0,0,3.968
1639,1,12,20.46,784.6,0,328,0,3.353
1639,1,13,34.32,2755295.9,338,1,1,3.914
1639,1,14,8.58,2879561.0,353,0,0,3.99
1639,1,15,13.3,2478696.5,310,16,0,3.833
1639,1,16,27.7,2658893.0,325,0,0,4.0
1639,1,17,12.23,2912538.0,361,0,0,3.984
1639,1,18,16.83,2243624.4,260,74,0,3.712
1639,1,19,38.02,400349.7,27,313,0,3.497
1639,1,20,37.85,2787150.0,343,0,0,3.992
1639,1,21,8.07,2289317.3,273,60,0,3.763
1639,1,22,27.42,2555389.0,319,0,0,3.97
1639,1,23,29.83,1025078.5,95,237,0,3.568
1639,1,24,36.07,6606.6,0,385,0,3.267
1639,1,25,17.54,227158.2,10,355,0,3.527
1639,1,26,27.33,2992612.0,376,0,0,3.999
1639,1,27,37.84,0.0,0,0,0,0.0
1639,1,28,36.11,0.0,0,0,0,0.0
1639,1,29,28.09,0.0,0,0,0,0.0
1639,1,30,27.63,0.0,0,0,0,0.0
1639,1,31,24.51,0.0,0,0,0,0.0
1639,2,0,7.74,405.8,0,231,0,3.167
1639,2,1,8.87,1762413.8,219,1,0,3.885
1639,2,2,26.78,245645.0,16,221,0,3.384
1639,2,3,17.07,1645906.0,203,0,0,3.939
1639,2,4,20.49,1732449.0,219,0,0,3.992
1639,2,5,18.4,474.1,0,219,0,1.75
1639,2,6,16.21,1996985.0,243,0,0,4.0
1639,2,7,28.9,1719023.6,213,7,0,3.863
1639,2,8,15.49,1499244.4,184,42,0,3.754
1639,2,9,34.34,500680.3,44,205,0,3.46
1639,2,10,38.11,1778083.0,221,1,0,3.871
1639,2,11,16.92,178484.7,12,206,0,3.35
1639,2,12,10.26,1826940.0,230,1,0,3.988
1639,2,13,21.54,2029632.7,254,1,0,3.868
1639,2,14,19.74,1858963.4,233,2,0,3.885
1639,2,15,32.07,1965214.7,250,4,0,3.791
1639,2,16,36.08,1909727.0,229,0,0,3.987
1639,2,17,28.98,1659312.0,215,0,0,3.994
1639,2,18,8.04,1859217.0,231,0,0,3.993
1639,2,19,33.29,1836501.5,227,7,0,3.883
1639,2,20,17.79,10279.1,0,239,0,2.962
1639,2,21,16.53,1674140.5,201,9,0,3.833
1639,2,22,23.07,1707571.0,213,0,0,3.994
1639,2,23,23.06,1667660.0,213,0,0,3.987
1639,2,24,30.02,888657.9,82,149,0,3.594
1639,2,25,18.79,7592.3,0,212,0,3.0
1639,2,26,16.66,1825023.2,216,17,0,3.774
1639,2,27,27.9,1594050.0,201,0,0,3.989
1639,2,28,14.65,1356541.3,150,88,0,3.694
1639,2,29,36.0,1660549.0,210,1,0,3.984
1639,2,30,34.95,0.0,0,0,0,0.0
1639,2,31,15.56,0.0,0,0,0,0.0
1649,0,0,7.31,138872.4,3,415,0,2.512
1649,0,1,29.18,0.0,0,404,0,0.0
1649,0,2,26.27,3112281.0,398,0,0,3.953
1649,0,3,19.12,3204678.0,404,0,0,3.98
1649,0,4,15.72,36350.2,0,401,0,2.403
1649,0,5,15.24,3398298.0,417,0,0,3.921
1649,0,6,31.03,15313.5,0,405,0,2.364
1649,0,7,39.17,3511628.0,427,0,0,3.941
1649,0,8,35.65,907998.4,65,353,0,2.562
1649,0,9,14.73,3237247.0,413,3,0,3.759
1649,0,10,34.02,14034.0,0,414,0,2.376
1649,0,11,10.86,3330954.9,410,2,0,3.839
1649,0,12,13.55,2948982.0,371,0,0,3.948
1649,0,13,19.72,511568.6,31,336,0,2.549
1649,0,14,30.6,3270308.0,406,0,0,3.973
1649,0,15,28.59,3009347.0,378,0,0,3.643
1649,0,16,28.24,0.0,0,415,0,0.0
1649,0,17,31.34,3260371.0,399,0,0,3.192
1649,0,18,36.47,3191098.0,402,0,0,3.367
1649,0,19,5.84,1777.1,0,412,0,2.72
1649,0,20,17.27,3146635.0,406,0,0,3.986
1649,0,21,22.59,3526604.8,439,7,0,3.765
1649,0,22,29.89,39594.6,0,407,0,2.348
1649,0,23,15.03,23785.4,0,402,0,2.471
1649,0,24,29.93,0.0,0,0,0,0.0
1649,0,25,15.88,0.0,0,0,0,0.0
1649,0,26,12.33,0.0,0,0,0,0.0
1649,0,27,23.22,0.0,0,0,0,0.0
1649,0,28,22.59,0.0,0,0,0,0.0
1649,0,29,18.02,0.0,0,0,0,0.0
1649,0,30,31.52,0.0,0,0,0,0.0
1649,0,31,35.22,0.0,0,0,0,0.0
1649,1,0,20.0,41151.4,1,325,0,3.399
1649,1,1,22.2,2667584.0,332,0,0,3.994
1649,1,2,24.66,246360.0,12,343,0,3.538
1649,1,3,21.54,2675092.0,331,0,0,3.997
1649,1,4,33.76,1282.0,0,366,0,3.409
1649,1,5,23.71,2782099.0,352,0,0,3.993
1649,1,6,10.08,2325413.7,284,37,0,3.799
1649,1,7,5.47,2818697.0,353,0,0,3.988
1649,1,8,9.6,2942554.0,368,0,0,3.99
1649,1,9,21.73,41951.0,1,367,0,3.454
1649,1,10,5.31,2744429.0,343,0,0,4.0
1649,1,11,36.07,2659247.0,334,0,0,3.969
1649,1,12,20.46,775.5,0,328,0,3.389
1649,1,13,34.32,2746374.3,335,4,1,3.92
1649,1,14,8.58,2879561.0,353,0,0,3.993
1649,1,15,13.3,2474627.0,308,18,0,3.841
1649,1,16,27.7,2658893.0,325,0,0,4.0
1649,1,17,12.23,2912538.0,361,0,0,3.985
1649,1,18,16.83,2237843.6,253,81,0,3.723
1649,1,19,38.02,396916.8,19,321,0,3.506
1649,1,20,37.85,2787150.0,343,0,0,3.992
1649,1,21,8.07,2309271.8,273,60,0,3.77
1649,1,22,27.42,2555389.0,319,0,0,3.98
1649,1,23,29.83,1006611.8,90,242,0,3.583
1649,1,24,36.07,7149.0,0,385,0,3.3
1649,1,25,17.54,221162.3,11,354,0,3.547
1649,1,26,27.33,2992612.0,376,0,0,4.0
1649,1,27,37.84,0.0,0,0,0,0.0
1649,1,28,36.11,0.0,0,0,0,0.0
1649,1,29,28.09,0.0,0,0,0,0.0
1649,1,30,27.63,0.0,0,0,0,0.0
1649,1,31,24.51,0.0,0,0,0,0.0
1649,2,0,7.74,377.3,0,231,0,3.0
1649,2,1,8.87,1765926.0,219,1,0,3.896
1649,2,2,26.78,233302.5,14,223,0,3.364
1649,2,3,17.07,1645906.0,203,0,0,3.949
1649,2,4,20.49,1732449.0,219,0,0,3.992
1649,2,5,18.4,474.4,0,219,0,1.75
1649,2,6,16.21,1996985.0,243,0,0,4.0
1649,2,7,28.9,1717961.0,211,9,0,3.851
1649,2,8,15.49,1509705.1,189,37,0,3.753
1649,2,9,34.34,502133.3,40,209,0,3.451
1649,2,10,38.11,1787076.0,222,0,0,3.892
1649,2,11,16.92,177745.3,12,206,0,3.317
1649,2,12,10.26,1835399.0,231,0,0,3.984
1649,2,13,21.54,2031953.8,254,1,0,3.868
1649,2,14,19.74,1856301.8,232,3,0,3.888
1649,2,15,32.07,1951895.7,247,7,0,3.788
1649,2,16,36.08,1909727.0,229,0,0,3.987
1649,2,17,28.98,1659312.0,215,0,0,3.993
1649,2,18,8.04,1859217.0,231,0,0,3.991
1649,2,19,33.29,1840717.7,227,7,0,3.879
1649,2,20,17.79,8978.6,0,239,0,3.026
1649,2,21,16.53,1676220.6,204,6,0,3.832
1649,2,22,23.07,1707571.0,213,0,0,3.996
1649,2,23,23.06,1667660.0,213,0,0,3.986
1649,2,24,30.02,904644.0,86,145,0,3.623
1649,2,25,18.79,7346.2,0,212,0,2.986
1649,2,26,16.66,1828431.2,212,21,0,3.789
1649,2,27,27.9,1594050.0,201,0,0,3.989
1649,2,28,14.65,1358187.3,151,87,0,3.705
1649,2,29,36.0,1660838.9,210,1,0,3.979
1649,2,30,34.95,0.0,0,0,0,0.0
1649,2,31,15.56,0.0,0,0,0,0.0
1659,0,0,7.31,131756.4,5,413,0,2.407
1659,0,1,29.18,0.0,0,404,0,0.0
1659,0,2,26.27,3112281.0,398,0,0,3.943
1659,0,3,19.12,3216249.0,405,0,0,3.98
1659,0,4,15.72,36057.4,0,401,0,2.272
1659,0,5,15.24,3398298.0,417,0,0,3.916
1659,0,6,31.03,16680.8,0,405,0,2.253
1659,0,7,39.17,3511628.0,427,0,0,3.934
1659,0,8,35.65,910794.1,69,349,0,2.485
1659,0,9,14.73,3228769.9,412,4,0,3.736
1659,0,10,34.02,14102.2,0,414,0,2.235
1659,0,11,10.86,3330954.9,410,2,0,3.81
1659,0,12,13.55,2948982.0,371,0,0,3.945
1659,0,13,19.72,511136.7,31,336,0,2.466
1659,0,14,30.6,3270308.0,406,0,0,3.972
1659,0,15,28.59,3009347.0,378,0,0,3.631
1659,0,16,28.24,0.0,0,415,0,0.0
1659,0,17,31.34,3260371.0,399,0,0,3.142
1659,0,18,36.47,3191098.0,402,0,0,3.321
1659,0,19,5.84,2069.5,0,412,0,2.667
1659,0,20,17.27,3146635.0,406,0,0,3.978
1659,0,21,22.59,3526604.8,439,7,0,3.741
1659,0,22,29.89,39848.7,0,407,0,2.244
1659,0,23,15.03,23182.9,0,402,0,2.35
1659,0,24,29.93,0.0,0,0,0,0.0
1659,0,25,15.88,0.0,0,0,0,0.0
1659,0,26,12.33,0.0,0,0,0,0.0
1659,0,27,23.22,0.0,0,0,0,0.0
1659,0,28,22.59,0.0,0,0,0,0.0
1659,0,29,18.02,0.0,0,0,0,0.0
1659,0,30,31.52,0.0,0,0,0,0.0
1659,0,31,35.22,0.0,0,0,0,0.0
1659,1,0,20.0,44342.8,0,326,0,3.253
1659,1,1,22.2,2667584.0,332,0,0,3.99
1659,1,2,24.66,249797.8,14,341,0,3.505
1659,1,3,21.54,2675092.0,331,0,0,3.997
1659,1,4,33.76,955.1,0,366,0,3.333
1659,1,5,23.71,2782099.0,352,0,0,3.993
1659,1,6,10.08,2362836.2,289,32,0,3.775
1659,1,7,5.47,2818697.0,353,0,0,3.983
1659,1,8,9.6,2942554.0,368,0,0,3.987
1659,1,9,21.73,44789.3,1,367,0,3.387
1659,1,10,5.31,2744429.0,343,0,0,4.0
1659,1,11,36.07,2659247.0,334,0,0,3.963
1659,1,12,20.46,762.8,0,328,0,3.316
1659,1,13,34.32,2749639.9,337,2,1,3.906
1659,1,14,8.58,2879561.0,353,0,0,3.99
1659,1,15,13.3,2467640.0,307,19,0,3.827
1659,1,16,27.7,2658893.0,325,0,0,4.0
1659,1,17,12.23,2912538.0,361,0,0,3.98
1659,1,18,16.83,2255117.2,260,74,0,3.687
1659,1,19,38.02,364692.5,21,319,0,3.472
1659,1,20,37.85,2787150.0,343,0,0,3.991
1659,1,21,8.07,2294490.8,274,59,0,3.737
1659,1,22,27.42,2555389.0,319,0,0,3.977
1659,1,23,29.83,999630.6,95,237,0,3.537
1659,1,24,36.07,6357.3,0,385,0,3.278
1659,1,25,17.54,220828.9,13,352,0,3.47
1659,1,26,27.33,2992612.0,376,0,0,3.997
1659,1,27,37.84,0.0,0,0,0,0.0
1659,1,28,36.11,0.0,0,0,0,0.0
1659,1,29,28.09,0.0,0,0,0,0.0
1659,1,30,27.63,0.0,0,0,0,0.0
1659,1,31,24.51,0.0,0,0,0,0.0
1659,2,0,7.74,122.8,0,231,0,3.667
1659,2,1,8.87,1765938.4,219,1,0,3.875
1659,2,2,26.78,223769.5,11,226,0,3.342
1659,2,3,17.07,1645906.0,203,0,0,3.935
1659,2,4,20.49,1732449.0,219,0,0,3.985
1659,2,5,18.4,178.0,0,219,0,2.0
1659,2,6,16.21,1996985.0,243,0,0,4.0
1659,2,7,28.9,1712663.0,211,9,0,3.837
1659,2,8,15.49,1512559.7,190,36,0,3.735
1659,2,9,34.34,501872.8,43,206,0,3.409
1659,2,10,38.11,1785753.5,221,1,0,3.879
1659,2,11,16.92,184862.7,12,206,0,3.295
1659,2,12,10.26,1835399.0,231,0,0,3.99
1659,2,13,21.54,2032087.0,255,0,0,3.863
1659,2,14,19.74,1856909.3,232,3,0,3.88
1659,2,15,32.07,1952624.2,249,5,0,3.768
1659,2,16,36.08,1909727.0,229,0,0,3.985
1659,2,17,28.98,1659312.0,215,0,0,3.993
1659,2,18,8.04,1859217.0,231,0,0,3.988
1659,2,19,33.29,1844747.9,227,7,0,3.877
1659,2,20,17.79,10162.0,0,239,0,2.822
1659,2,21,16.53,1673371.3,203,7,0,3.811
1659,2,22,23.07,1707571.0,213,0,0,3.996
1659,2,23,23.06,1667660.0,213,0,0,3.983
1659,2,24,30.02,918193.5,85,146,0,3.598
1659,2,25,18.79,8048.9,0,212,0,2.838
1659,2,26,16.66,1824974.9,215,18,0,3.745
1659,2,27,27.9,1594050.0,201,0,0,3.987
1659,2,28,14.65,1371531.2,153,85,0,3.68
1659,2,29,36.0,1660638.5,210,1,0,3.979
1659,2,30,34.95,0.0,0,0,0,0.0
1659,2,31,15.56,0.0,0,0,0,0.0
1669,0,0,7.31,126489.7,5,413,0,2.336
1669,0,1,29.18,0.0,0,404,0,0.0
1669,0,2,26.27,3112281.0,398,0,0,3.944
1669,0,3,19.12,3204678.0,404,0,0,3.979
1669,0,4,15.72,35698.6,0,400,1,2.232
1669,0,5,15.24,3398298.0,417,0,0,3.902
1669,0,6,31.03,16861.2,0,405,0,2.166
1669,0,7,39.17,3511628.0,427,0,0,3.925
1669,0,8,35.65,901333.8,70,348,0,2.444
1669,0,9,14.73,3225335.0,412,4,0,3.729
1669,0,10,34.02,14909.0,0,414,0,2.138
1669,0,11,10.86,3330954.9,410,2,0,3.802
1669,0,12,13.55,2948982.0,371,0,0,3.947
1669,0,13,19.72,511506.3,38,329,0,2.44
1669,0,14,30.6,3265404.3,405,1,0,3.967
1669,0,15,28.59,3009347.0,378,0,0,3.604
1669,0,16,28.24,0.0,0,415,0,0.0
1669,0,17,31.34,3259042.6,398,1,0,3.121
1669,0,18,36.47,3191098.0,402,0,0,3.307
1669,0,19,5.84,1931.1,0,412,0,2.68
1669,0,20,17.27,3146635.0,406,0,0,3.979
1669,0,21,22.59,3526604.8,439,7,0,3.726
1669,0,22,29.89,37998.5,0,407,0,2.213
1669,0,23,15.03,22665.4,0,402,0,2.307
1669,0,24,29.93,0.0,0,0,0,0.0
1669,0,25,15.88,0.0,0,0,0,0.0
1669,0,26,12.33,0.0,0,0,0,0.0
1669,0,27,23.22,0.0,0,0,0,0.0
1669,0,28,22.59,0.0,0,0,0,0.0
1669,0,29,18.02,0.0,0,0,0,0.0
1669,0,30,31.52,0.0,0,0,0,0.0
1669,0,31,35.22,0.0,0,0,0,0.0
1669,1,0,20.0,40000.0,0,326,0,3.369
1669,1,1,22.2,2667584.0,332,0,0,3.993
1669,1,2,24.66,267380.5,13,342,0,3.49
1669,1,3,21.54,2675092.0,331,0,0,4.0
1669,1,4,33.76,1084.1,0,366,0,3.278
1669,1,5,23.71,2782099.0,352,0,0,3.992
1669,1,6,10.08,2331172.7,287,34,0,3.779
1669,1,7,5.47,2818697.0,353,0,0,3.986
1669,1,8,9.6,2942554.0,368,0,0,3.997
1669,1,9,21.73,41043.3,1,367,0,3.413
1669,1,10,5.31,2744429.0,343,0,0,4.0
1669,1,11,36.07,2659247.0,334,0,0,3.961
1669,1,12,20.46,779.0,0,328,0,2.923
1669,1,13,34.32,2755640.3,337,2,1,3.9
1669,1,14,8.58,2879561.0,353,0,0,3.986
1669,1,15,13.3,2489185.1,307,19,0,3.839
1669,1,16,27.7,2658893.0,325,0,0,4.0
1669,1,17,12.23,2912538.0,361,0,0,3.98
1669,1,18,16.83,2226705.7,258,76,0,3.68
1669,1,19,38.02,379234.4,24,316,0,3.43
1669,1,20,37.85,2787150.0,343,0,0,3.994
1669,1,21,8.07,2301154.1,273,60,0,3.764
1669,1,22,27.42,2555389.0,319,0,0,3.976
1669,1,23,29.83,1048870.4,99,233,0,3.531
1669,1,24,36.07,5873.0,0,385,0,3.394
1669,1,25,17.54,210870.5,10,355,0,3.506
1669,1,26,27.33,2992612.0,376,0,0,3.999
1669,1,27,37.84,0.0,0,0,0,0.0
1669,1,28,36.11,0.0,0,0,0,0.0
1669,1,29,28.09,0.0,0,0,0,0.0
1669,1,30,27.63,0.0,0,0,0,0.0
1669,1,31,24.51,0.0,0,0,0,0.0
1669,2,0,7.74,172.6,0,231,0,3.5
1669,2,1,8.87,1766283.0,220,0,0,3.898
1669,2,2,26.78,249781.0,17,221,0,3.349
1669,2,3,17.07,1645906.0,203,0,0,3.94
1669,2,4,20.49,1732449.0,219,0,0,3.99
1669,2,5,18.4,386.0,0,219,0,1.667
1669,2,6,16.21,1996985.0,243,0,0,4.0
1669,2,7,28.9,1723131.0,213,7,0,3.855
1669,2,8,15.49,1512006.9,189,37,0,3.748
1669,2,9,34.34,488215.5,42,207,0,3.432
1669,2,10,38.11,1783690.7,221,1,0,3.884
1669,2,11,16.92,166734.2,11,207,0,3.374
1669,2,12,10.26,1826940.0,230,1,0,3.986
1669,2,13,21.54,2032087.0,255,0,0,3.867
1669,2,14,19.74,1859420.6,233,2,0,3.89
1669,2,15,32.07,1957935.0,248,6,0,3.785
1669,2,16,36.08,1909727.0,229,0,0,3.988
1669,2,17,28.98,1659312.0,215,0,0,3.993
1669,2,18,8.04,1859217.0,231,0,0,3.991
1669,2,19,33.29,1853172.8,229,5,0,3.871
1669,2,20,17.79,8539.6,0,239,0,2.833
1669,2,21,16.53,1661964.0,200,10,0,3.804
1669,2,22,23.07,1707571.0,213,0,0,3.992
1669,2,23,23.06,1667660.0,213,0,0,3.987
1669,2,24,30.02,893666.2,82,149,0,3.581
1669,2,25,18.79,7700.7,0,212,0,2.875
1669,2,26,16.66,1832077.0,213,20,0,3.769
1669,2,27,27.9,1594050.0,201,0,0,3.989
1669,2,28,14.65,1352981.9,148,90,0,3.689
1669,2,29,36.0,1660769.4,210,1,0,3.982
1669,2,30,34.95,0.0,0,0,0,0.0
1669,2,31,15.56,0.0,0,0,0,0.0
1679,0,0,7.31,126561.2,6,412,0,2.229
1679,0,1,29.18,0.0,0,404,0,0.0
1679,0,2,26.27,3112281.0,398,0,0,3.928
1679,0,3,19.12,3204678.0,404,0,0,3.976
1679,0,4,15.72,35083.8,0,399,2,2.1
1679,0,5,15.24,3398298.0,417,0,0,3.889
1679,0,6,31.03,16796.9,0,405,0,1.929
1679,0,7,39.17,3511628.0,427,0,0,3.922
1679,0,8,35.65,852215.9,69,349,0,2.371
1679,0,9,14.73,3231810.3,412,4,0,3.713
1679,0,10,34.02,17785.4,0,414,0,2.008
1679,0,11,10.86,3333024.5,411,1,0,3.803
1679,0,12,13.55,2948982.0,371,0,0,3.938
1679,0,13,19.72,546172.4,42,325,0,2.317
1679,0,14,30.6,3265404.3,405,1,0,3.961
1679,0,15,28.59,3009347.0,378,0,0,3.574
1679,0,16,28.24,0.0,0,415,0,0.0
1679,0,17,31.34,3259042.6,398,1,0,3.06
1679,0,18,36.47,3191098.0,402,0,0,3.252
1679,0,19,5.84,2081.7,0,412,0,2.409
1679,0,20,17.27,3146635.0,406,0,0,3.972
1679,0,21,22.59,3536429.8,440,6,0,3.709
1679,0,22,29.89,40706.8,0,407,0,2.066
1679,0,23,15.03,21392.4,1,401,0,2.168
1679,0,24,29.93,0.0,0,0,0,0.0
1679,0,25,15.88,0.0,0,0,0,0.0
1679,0,26,12.33,0.0,0,0,0,0.0
1679,0,27,23.22,0.0,0,0,0,0.0
1679,0,28,22.59,0.0,0,0,0,0.0
1679,0,29,18.02,0.0,0,0,0,0.0
1679,0,30,31.52,0.0,0,0,0,0.0
1679,0,31,35.22,0.0,0,0,0,0.0
1679,1,0,20.0,35922.0,0,326,0,3.321
1679,1,1,22.2,2667584.0,332,0,0,3.994
1679,1,2,24.66,262674.7,14,341,0,3.452
1679,1,3,21.54,2675092.0,331,0,0,4.0
1679,1,4,33.76,979.8,0,366,0,3.133
1679,1,5,23.71,2782099.0,352,0,0,3.991
1679,1,6,10.08,2327641.2,289,32,0,3.747
1679,1,7,5.47,2818697.0,353,0,0,3.98
1679,1,8,9.6,2942554.0,368,0,0,3.99
1679,1,9,21.73,38289.0,2,366,0,3.265
1679,1,10,5.31,2744429.0,343,0,0,4.0
1679,1,11,36.07,2659247.0,334,0,0,3.958
1679,1,12,20.46,1062.9,0,328,0,2.733
1679,1,13,34.32,2755297.7,338,1,1,3.9
1679,1,14,8.58,2879561.0,353,0,0,3.985
1679,1,15,13.3,2461402.5,307,19,0,3.82
1679,1,16,27.7,2658893.0,325,0,0,4.0
1679,1,17,12.23,2912538.0,361,0,0,3.973
1679,1,18,16.83,2260798.4,266,68,0,3.655
1679,1,19,38.02,382755.0,24,316,0,3.403
1679,1,20,37.85,2787150.0,343,0,0,3.992
1679,1,21,8.07,2295123.6,273,60,0,3.75
1679,1,22,27.42,2555389.0,319,0,0,3.971
1679,1,23,29.83,1022216.7,94,238,0,3.508
1679,1,24,36.07,6288.0,0,385,0,3.343
1679,1,25,17.54,221896.1,10,355,0,3.472
1679,1,26,27.33,2992612.0,376,0,0,3.996
1679,1,27,37.84,0.0,0,0,0,0.0
1679,1,28,36.11,0.0,0,0,0,0.0
1679,1,29,28.09,0.0,0,0,0,0.0
1679,1,30,27.63,0.0,0,0,0,0.0
1679,1,31,24.51,0.0,0,0,0,0.0
1679,2,0,7.74,193.1,0,231,0,3.8
1679,2,1,8.87,1766283.0,220,0,0,3.895
1679,2,2,26.78,224703.9,16,222,0,3.332
1679,2,3,17.07,1645906.0,203,0,0,3.953
1679,2,4,20.49,1732449.0,219,0,0,3.987
1679,2,5,18.4,386.0,0,219,0,1.667
1679,2,6,16.21,1996985.0,243,0,0,4.0
1679,2,7,28.9,1711723.2,211,9,0,3.847
1679,2,8,15.49,1504660.4,189,37,0,3.722
1679,2,9,34.34,478363.3,42,207,0,3.38
1679,2,10,38.11,1781719.8,221,1,0,3.88
1679,2,11,16.92,184081.4,13,205,0,3.317
1679,2,12,10.26,1826940.0,230,1,0,3.988
1679,2,13,21.54,2032087.0,255,0,0,3.843
1679,2,14,19.74,1854116.2,232,3,0,3.876
1679,2,15,32.07,1965674.8,249,5,0,3.767
1679,2,16,36.08,1909727.0,229,0,0,3.987
1679,2,17,28.98,1659312.0,215,0,0,3.99
1679,2,18,8.04,1859217.0,231,0,0,3.991
1679,2,19,33.29,1836173.5,225,9,0,3.87
1679,2,20,17.79,7545.0,0,239,0,2.782
1679,2,21,16.53,1676384.2,202,8,0,3.807
1679,2,22,23.07,1707571.0,213,0,0,3.994
1679,2,23,23.06,1667660.0,213,0,0,3.984
1679,2,24,30.02,898656.7,85,146,0,3.57
1679,2,25,18.79,6852.0,0,212,0,2.75
1679,2,26,16.66,1829023.4,214,19,0,3.759
1679,2,27,27.9,1594050.0,201,0,0,3.992
1679,2,28,14.65,1364723.2,152,86,0,3.657
1679,2,29,36.0,1660677.0,210,1,0,3.983
1679,2,30,34.95,0.0,0,0,0,0.0
1679,2,31,15.56,0.0,0,0,0,0.0
1689,0,0,7.31,125769.7,5,413,0,2.299
1689,0,1,29.18,0.0,0,404,0,0.0
1689,0,2,26.27,3112281.0,398,0,0,3.944
1689,0,3,19.12,3204678.0,404,0,0,3.971
1689,0,4,15.72,35669.4,0,400,1,2.218
1689,0,5,15.24,3398298.0,417,0,0,3.89
1689,0,6,31.03,17934.1,0,405,0,2.0
1689,0,7,39.17,3511628.0,427,0,0,3.923
1689,0,8,35.65,854664.5,68,350,0,2.417
1689,0,9,14.73,3225335.0,412,4,0,3.707
1689,0,10,34.02,15972.0,0,414,0,2.188
1689,0,11,10.86,3330954.9,410,2,0,3.804
1689,0,12,13.55,2948982.0,371,0,0,3.937
1689,0,13,19.72,526244.4,38,329,0,2.382
1689,0,14,30.6,3265404.3,405,1,0,3.965
1689,0,15,28.59,3009347.0,378,0,0,3.578
1689,0,16,28.24,0.0,0,415,0,0.0
1689,0,17,31.34,3259042.6,398,1,0,3.093
1689,0,18,36.47,3191098.0,402,0,0,3.27
1689,0,19,5.84,2256.3,0,412,0,2.519
1689,0,20,17.27,3146635.0,406,0,0,3.977
1689,0,21,22.59,3526604.8,439,7,0,3.711
1689,0,22,29.89,40205.4,0,407,0,2.127
1689,0,23,15.03,24387.9,0,402,0,2.248
1689,0,24,29.93,0.0,0,0,0,0.0
1689,0,25,15.88,0.0,0,0,0,0.0
1689,0,26,12.33,0.0,0,0,0,0.0
1689,0,27,23.22,0.0,0,0,0,0.0
1689,0,28,22.59,0.0,0,0,0,0.0
1689,0,29,18.02,0.0,0,0,0,0.0
1689,0,30,31.52,0.0,0,0,0,0.0
1689,0,31,35.22,0.0,0,0,0,0.0
1689,1,0,20.0,34675.2,0,326,0,3.252
1689,1,1,22.2,2667584.0,332,0,0,3.991
1689,1,2,24.66,245658.5,14,341,0,3.464
1689,1,3,21.54,2675092.0,331,0,0,4.0
1689,1,4,33.76,630.5,0,366,0,3.462
1689,1,5,23.71,2782099.0,352,0,0,3.992
1689,1,6,10.08,2338636.0,286,35,0,3.78
1689,1,7,5.47,2818697.0,353,0,0,3.982
1689,1,8,9.6,2942554.0,368,0,0,3.992
1689,1,9,21.73,39996.8,1,367,0,3.328
1689,1,10,5.31,2744429.0,343,0,0,4.0
1689,1,11,36.07,2659247.0,334,0,0,3.953
1689,1,12,20.46,521.2,0,328,0,3.091
1689,1,13,34.32,2749711.9,337,2,1,3.901
1689,1,14,8.58,2879561.0,353,0,0,3.994
1689,1,15,13.3,2466622.4,308,18,0,3.815
1689,1,16,27.7,2658893.0,325,0,0,4.0
1689,1,17,12.23,2912538.0,361,0,0,3.983
1689,1,18,16.83,2245153.2,262,72,0,3.672
1689,1,19,38.02,372833.2,24,316,0,3.372
1689,1,20,37.85,2787150.0,343,0,0,3.99
1689,1,21,8.07,2305807.0,274,59,0,3.746
1689,1,22,27.42,2555389.0,319,0,0,3.972
1689,1,23,29.83,1016471.9,94,238,0,3.531
1689,1,24,36.07,6645.6,0,385,0,3.185
1689,1,25,17.54,224223.5,11,354,0,3.472
1689,1,26,27.33,2992612.0,376,0,0,3.997
1689,1,27,37.84,0.0,0,0,0,0.0
1689,1,28,36.11,0.0,0,0,0,0.0
1689,1,29,28.09,0.0,0,0,0,0.0
1689,1,30,27.63,0.0,0,0,0,0.0
1689,1,31,24.51,0.0,0,0,0,0.0
1689,2,0,7.74,269.8,0,231,0,3.333
1689,2,1,8.87,1765952.2,219,1,0,3.898
1689,2,2,26.78,236976.6,16,221,1,3.353
1689,2,3,17.07,1645906.0,203,0,0,3.95
1689,2,4,20.49,1732449.0,219,0,0,3.989
1689,2,5,18.4,386.0,0,219,0,1.667
1689,2,6,16.21,1996985.0,243,0,0,4.0
1689,2,7,28.9,1715535.3,212,8,0,3.857
1689,2,8,15.49,1493266.0,186,40,0,3.728
1689,2,9,34.34,495632.5,43,206,0,3.42
1689,2,10,38.11,1779772.7,221,1,0,3.88
1689,2,11,16.92,186781.4,11,207,0,3.291
1689,2,12,10.26,1835399.0,231,0,0,3.988
1689,2,13,21.54,2032087.0,255,0,0,3.85
1689,2,14,19.74,1855205.3,232,3,0,3.879
1689,2,15,32.07,1946486.4,246,8,0,3.782
1689,2,16,36.08,1909727.0,229,0,0,3.985
1689,2,17,28.98,1659312.0,215,0,0,3.991
1689,2,18,8.04,1859217.0,231,0,0,3.993
1689,2,19,33.29,1836891.7,226,8,0,3.859
1689,2,20,17.79,9234.5,0,239,0,2.866
1689,2,21,16.53,1684565.6,202,8,0,3.807
1689,2,22,23.07,1707571.0,213,0,0,3.994
1689,2,23,23.06,1667660.0,213,0,0,3.984
1689,2,24,30.02,864255.2,84,147,0,3.577
1689,2,25,18.79,6837.8,0,212,0,2.828
1689,2,26,16.66,1834174.6,215,18,0,3.756
1689,2,27,27.9,1594050.0,201,0,0,3.989
1689,2,28,14.65,1385847.5,156,82,0,3.651
1689,2,29,36.0,1660549.0,210,1,0,3.978
1689,2,30,34.95,0.0,0,0,0,0.0
1689,2,31,15.56,0.0,0,0,0,0.0
1699,0,0,7.31,133218.0,4,414,0,2.402
1699,0,1,29.18,0.0,0,404,0,0.0
1699,0,2,26.27,3112281.0,398,0,0,3.942
1699,0,3,19.12,3204678.0,404,0,0,3.976
1699,0,4,15.72,38108.0,0,399,2,2.332
1699,0,5,15.24,3398298.0,417,0,0,3.902
1699,0,6,31.03,15765.7,0,405,0,2.197
1699,0,7,39.17,3511628.0,427,0,0,3.934
1699,0,8,35.65,872632.2,67,351,0,2.465
1699,0,9,14.73,3246611.0,414,2,0,3.735
1699,0,10,34.02,16052.0,0,414,0,2.284
1699,0,11,10.86,3330954.9,410,2,0,3.824
1699,0,12,13.55,2948982.0,371,0,0,3.944
1699,0,13,19.72,525740.0,35,332,0,2.46
1699,0,14,30.6,3270308.0,406,0,0,3.97
1699,0,15,28.59,3009347.0,378,0,0,3.612
1699,0,16,28.24,0.0,0,415,0,0.0
1699,0,17,31.34,3258480.9,397,2,0,3.136
1699,0,18,36.47,3191098.0,402,0,0,3.328
1699,0,19,5.84,2167.6,0,412,0,2.69
1699,0,20,17.27,3146635.0,406,0,0,3.981
1699,0,21,22.59,3536429.8,440,6,0,3.729
1699,0,22,29.89,39567.7,0,407,0,2.223
1699,0,23,15.03,23458.3,0,402,0,2.409
1699,0,24,29.93,0.0,0,0,0,0.0
1699,0,25,15.88,0.0,0,0,0,0.0
1699,0,26,12.33,0.0,0,0,0,0.0
1699,0,27,23.22,0.0,0,0,0,0.0
1699,0,28,22.59,0.0,0,0,0,0.0
1699,0,29,18.02,0.0,0,0,0,0.0
1699,0,30,31.52,0.0,0,0,0,0.0
1699,0,31,35.22,0.0,0,0,0,0.0
1699,1,0,20.0,36119.2,0,326,0,3.339
1699,1,1,22.2,2667584.0,332,0,0,3.99
1699,1,2,24.66,239614.2,12,343,0,3.484
1699,1,3,21.54,2675092.0,331,0,0,4.0
1699,1,4,33.76,1100.2,0,366,0,3.167
1699,1,5,23.71,2782099.0,352,0,0,3.995
1699,1,6,10.08,2325310.0,285,36,0,3.786
1699,1,7,5.47,2818697.0,353,0,0,3.991
1699,1,8,9.6,2942554.0,368,0,0,3.996
1699,1,9,21.73,38491.5,0,368,0,3.438
1699,1,10,5.31,2744429.0,343,0,0,4.0
1699,1,11,36.07,2659247.0,334,0,0,3.956
1699,1,12,20.46,723.2,0,328,0,2.929
1699,1,13,34.32,2750180.9,336,3,1,3.925
1699,1,14,8.58,2879561.0,353,0,0,3.988
1699,1,15,13.3,2479636.5,310,16,0,3.85
1699,1,16,27.7,2658893.0,325,0,0,4.0
1699,1,17,12.23,2912538.0,361,0,0,3.983
1699,1,18,16.83,2234970.9,257,77,0,3.71
1699,1,19,38.02,378996.8,23,317,0,3.438
1699,1,20,37.85,2787150.0,343,0,0,3.987
1699,1,21,8.07,2273297.8,270,63,0,3.775
1699,1,22,27.42,2555389.0,319,0,0,3.973
1699,1,23,29.83,1032946.0,95,237,0,3.556
1699,1,24,36.07,6211.7,0,385,0,3.342
1699,1,25,17.54,236009.4,11,354,0,3.526
1699,1,26,27.33,2992612.0,376,0,0,3.998
1699,1,27,37.84,0.0,0,0,0,0.0
1699,1,28,36.11,0.0,0,0,0,0.0
1699,1,29,28.09,0.0,0,0,0,0.0
1699,1,30,27.63,0.0,0,0,0,0.0
1699,1,31,24.51,0.0,0,0,0,0.0
1699,2,0,7.74,269.8,0,231,0,3.333
1699,2,1,8.87,1766283.0,220,0,0,3.89
1699,2,2,26.78,244734.5,15,222,1,3.364
1699,2,3,17.07,1645906.0,203,0,0,3.945
1699,2,4,20.49,1732449.0,219,0,0,3.992
1699,2,5,18.4,474.1,0,219,0,1.75
1699,2,6,16.21,1996985.0,243,0,0,4.0
1699,2,7,28.9,1722273.7,213,7,0,3.858
1699,2,8,15.49,1493502.3,186,40,0,3.755
1699,2,9,34.34,456754.2,41,208,0,3.401
1699,2,10,38.11,1787076.0,222,0,0,3.89
1699,2,11,16.92,186384.1,11,207,0,3.352
1699,2,12,10.26,1835399.0,231,0,0,3.988
1699,2,13,21.54,2031834.1,254,1,0,3.866
1699,2,14,19.74,1856623.4,232,3,0,3.888
1699,2,15,32.07,1956974.1,246,8,0,3.781
1699,2,16,36.08,1909727.0,229,0,0,3.988
1699,2,17,28.98,1659312.0,215,0,0,3.991
1699,2,18,8.04,1859217.0,231,0,0,3.991
1699,2,19,33.29,1844623.3,226,8,0,3.874
1699,2,20,17.79,8615.7,0,239,0,3.015
1699,2,21,16.53,1670663.4,203,7,0,3.822
1699,2,22,23.07,1707571.0,213,0,0,3.992
1699,2,23,23.06,1667660.0,213,0,0,3.987
1699,2,24,30.02,889457.9,80,151,0,3.596
1699,2,25,18.79,6578.0,0,212,0,2.875
1699,2,26,16.66,1836314.8,215,18,0,3.772
1699,2,27,27.9,1594050.0,201,0,0,3.991
1699,2,28,14.65,1369965.4,155,83,0,3.68
1699,2,29,36.0,1660769.4,210,1,0,3.978
1699,2,30,34.95,0.0,0,0,0,0.0
1699,2,31,15.56,0.0,0,0,0,0.0
1709,0,0,7.31,140124.2,6,412,0,2.475
1709,0,1,29.18,0.0,0,404,0,0.0
1709,0,2,26.27,3112281.0,398,0,0,3.946
1709,0,3,19.12,3216249.0,405,0,0,3.98
1709,0,4,15.72,39224.3,0,400,1,2.387
1709,0,5,15.24,3398298.0,417,0,0,3.911
1709,0,6,31.03,16051.7,0,405,0,2.343
1709,0,7,39.17,3511628.0,427,0,0,3.946
1709,0,8,35.65,883493.0,70,348,0,2.526
1709,0,9,14.73,3243722.3,413,3,0,3.758
1709,0,10,34.02,16481.4,0,414,0,2.357
1709,0,11,10.86,3333024.5,411,1,0,3.844
1709,0,12,13.55,2948982.0,371,0,0,3.95
1709,0,13,19.72,511343.6,32,335,0,2.499
1709,0,14,30.6,3270308.0,406,0,0,3.967
1709,0,15,28.59,3009347.0,378,0,0,3.645
1709,0,16,28.24,0.0,0,415,0,0.0
1709,0,17,31.34,3258062.4,398,1,0,3.188
1709,0,18,36.47,3191098.0,402,0,0,3.371
1709,0,19,5.84,1993.7,0,412,0,2.714
1709,0,20,17.27,3146635.0,406,0,0,3.983
1709,0,21,22.59,3526604.8,439,7,0,3.75
1709,0,22,29.89,39213.3,0,407,0,2.292
1709,0,23,15.03,23117.2,0,402,0,2.475
1709,0,24,29.93,0.0,0,0,0,0.0
1709,0,25,15.88,0.0,0,0,0,0.0
1709,0,26,12.33,0.0,0,0,0,0.0
1709,0,27,23.22,0.0,0,0,0,0.0
1709,0,28,22.59,0.0,0,0,0,0.0
1709,0,29,18.02,0.0,0,0,0,0.0
1709,0,30,31.52,0.0,0,0,0,0.0
1709,0,31,35.22,0.0,0,0,0,0.0
1709,1,0,20.0,35085.7,0,326,0,3.404
1709,1,1,22.2,2667584.0,332,0,0,3.992
1709,1,2,24.66,238679.1,12,343,0,3.525
1709,1,3,21.54,2675092.0,331,0,0,3.999
1709,1,4,33.76,1290.3,0,366,0,3.333
1709,1,5,23.71,2782099.0,352,0,0,3.997
1709,1,6,10.08,2319528.0,284,37,0,3.813
1709,1,7,5.47,2818697.0,353,0,0,3.989
1709,1,8,9.6,2942554.0,368,0,0,3.997
1709,1,9,21.73,38372.4,1,367,0,3.454
1709,1,10,5.31,2744429.0,343,0,0,4.0
1709,1,11,36.07,2659247.0,334,0,0,3.963
1709,1,12,20.46,1152.1,0,328,0,2.95
1709,1,13,34.32,2751895.2,336,3,1,3.935
1709,1,14,8.58,2879561.0,353,0,0,3.992
1709,1,15,13.3,2481797.8,308,18,0,3.86
1709,1,16,27.7,2658893.0,325,0,0,4.0
1709,1,17,12.23,2912538.0,361,0,0,3.986
1709,1,18,16.83,2218773.1,251,83,0,3.736
1709,1,19,38.02,379887.1,24,316,0,3.495
1709,1,20,37.85,2787150.0,343,0,0,3.991
1709,1,21,8.07,2284291.3,268,65,0,3.789
1709,1,22,27.42,2555389.0,319,0,0,3.977
1709,1,23,29.83,1010937.8,90,242,0,3.59
1709,1,24,36.07,5796.7,0,385,0,3.389
1709,1,25,17.54,219421.4,11,354,0,3.55
1709,1,26,27.33,2992612.0,376,0,0,3.997
1709,1,27,37.84,0.0,0,0,0,0.0
1709,1,28,36.11,0.0,0,0,0,0.0
1709,1,29,28.09,0.0,0,0,0,0.0
1709,1,30,27.63,0.0,0,0,0,0.0
1709,1,31,24.51,0.0,0,0,0,0.0
1709,2,0,7.74,462.4,0,231,0,3.143
1709,2,1,8.87,1765915.7,219,1,0,3.904
1709,2,2,26.78,242658.2,16,222,0,3.433
1709,2,3,17.07,1645906.0,203,0,0,3.953
1709,2,4,20.49,1732449.0,219,0,0,3.989
1709,2,5,18.4,385.7,0,219,0,1.667
1709,2,6,16.21,1996985.0,243,0,0,3.998
1709,2,7,28.9,1707771.3,208,12,0,3.882
1709,2,8,15.49,1501283.4,187,39,0,3.777
1709,2,9,34.34,467578.2,43,206,0,3.483
1709,2,10,38.11,1787076.0,222,0,0,3.912
1709,2,11,16.92,185180.3,12,206,0,3.434
1709,2,12,10.26,1835399.0,231,0,0,3.992
1709,2,13,21.54,2032087.0,255,0,0,3.883
1709,2,14,19.74,1857662.5,233,2,0,3.906
1709,2,15,32.07,1960594.5,248,6,0,3.795
1709,2,16,36.08,1909727.0,229,0,0,3.996
1709,2,17,28.98,1659312.0,215,0,0,3.997
1709,2,18,8.04,1859217.0,231,0,0,3.997
1709,2,19,33.29,1831784.9,225,9,0,3.888
1709,2,20,17.79,8298.7,0,239,0,3.091
1709,2,21,16.53,1650769.7,200,10,0,3.857
1709,2,22,23.07,1707571.0,213,0,0,3.99
1709,2,23,23.06,1667660.0,213,0,0,3.989
1709,2,24,30.02,864666.5,80,151,0,3.628
1709,2,25,18.79,7979.1,0,212,0,2.841
1709,2,26,16.66,1829714.8,213,20,0,3.802
1709,2,27,27.9,1594050.0,201,0,0,3.991
1709,2,28,14.65,1354802.2,147,91,0,3.704
1709,2,29,36.0,1660677.0,210,1,0,3.987
1709,2,30,34.95,0.0,0,0,0,0.0
1709,2,31,15.56,0.0,0,0,0,0.0
1719,0,0,7.31,140215.7,5,413,0,2.597
1719,0,1,29.18,0.0,0,404,0,0.0
1719,0,2,26.27,3112281.0,398,0,0,3.958
1719,0,3,19.12,3216249.0,405,0,0,3.982
1719,0,4,15.72,39242.4,0,399,2,2.507
1719,0,5,15.24,3398298.0,417,0,0,3.923
1719,0,6,31.03,17099.4,0,405,0,2.485
1719,0,7,39.17,3511628.0,427,0,0,3.946
1719,0,8,35.65,846668.4,63,355,0,2.632
1719,0,9,14.73,3237247.0,413,3,0,3.774
1719,0,10,34.02,15140.9,0,414,0,2.443
1719,0,11,10.86,3331009.1,410,2,0,3.87
1719,0,12,13.55,2948982.0,371,0,0,3.954
1719,0,13,19.72,536282.5,32,335,0,2.606
1719,0,14,30.6,3265404.3,405,1,0,3.973
1719,0,15,28.59,3009347.0,378,0,0,3.679
1719,0,16,28.24,0.0,0,415,0,0.0
1719,0,17,31.34,3259460.7,398,1,0,3.243
1719,0,18,36.47,3191098.0,402,0,0,3.422
1719,0,19,5.84,2122.9,0,412,0,2.848
1719,0,20,17.27,3146635.0,406,0,0,3.984
1719,0,21,22.59,3532003.1,439,7,0,3.775
1719,0,22,29.89,38090.5,0,407,0,2.48
1719,0,23,15.03,24061.2,1,401,0,2.619
1719,0,24,29.93,0.0,0,0,0,0.0
1719,0,25,15.88,0.0,0,0,0,0.0
1719,0,26,12.33,0.0,0,0,0,0.0
1719,0,27,23.22,0.0,0,0,0,0.0
1719,0,28,22.59,0.0,0,0,0,0.0
1719,0,29,18.02,0.0,0,0,0,0.0
1719,0,30,31.52,0.0,0,0,0,0.0
1719,0,31,35.22,0.0,0,0,0,0.0
1719,1,0,20.0,39982.5,0,326,0,3.429
1719,1,1,22.2,2667584.0,332,0,0,3.992
1719,1,2,24.66,267609.8,14,341,0,3.57
1719,1,3,21.54,2675092.0,331,0,0,4.0
1719,1,4,33.76,1275.0,0,366,0,3.48
1719,1,5,23.71,2782099.0,352,0,0,3.998
1719,1,6,10.08,2305505.9,281,40,0,3.842
1719,1,7,5.47,2818697.0,353,0,0,3.991
1719,1,8,9.6,2942554.0,368,0,0,3.995
1719,1,9,21.73,36817.1,0,368,0,3.51
1719,1,10,5.31,2744429.0,343,0,0,4.0
1719,1,11,36.07,2659247.0,334,0,0,3.968
1719,1,12,20.46,992.1,0,328,0,3.056
1719,1,13,34.32,2750319.2,336,3,1,3.943
1719,1,14,8.58,2879561.0,353,0,0,3.99
1719,1,15,13.3,2466708.4,306,20,0,3.889
1719,1,16,27.7,2658893.0,325,0,0,4.0
1719,1,17,12.23,2912538.0,361,0,0,3.989
1719,1,18,16.83,2215167.9,252,82,0,3.77
1719,1,19,38.02,385337.7,23,317,0,3.544
1719,1,20,37.85,2787150.0,343,0,0,3.994
1719,1,21,8.07,2285129.9,268,65,0,3.824
1719,1,22,27.42,2555389.0,319,0,0,3.984
1719,1,23,29.83,993148.0,90,242,0,3.646
1719,1,24,36.07,5856.6,0,385,0,3.595
1719,1,25,17.54,226928.6,9,356,0,3.601
1719,1,26,27.33,2992612.0,376,0,0,4.0
1719,1,27,37.84,0.0,0,0,0,0.0
1719,1,28,36.11,0.0,0,0,0,0.0
1719,1,29,28.09,0.0,0,0,0,0.0
1719,1,30,27.63,0.0,0,0,0,0.0
1719,1,31,24.51,0.0,0,0,0,0.0
1719,2,0,7.74,191.3,0,231,0,3.8
1719,2,1,8.87,1766283.0,220,0,0,3.933
1719,2,2,26.78,257363.3,16,221,0,3.482
1719,2,3,17.07,1645906.0,203,0,0,3.957
1719,2,4,20.49,1732449.0,219,0,0,3.995
1719,2,5,18.4,231.5,0,219,0,2.333
1719,2,6,16.21,1996985.0,243,0,0,3.998
1719,2,7,28.9,1706698.2,209,11,0,3.903
1719,2,8,15.49,1489549.3,187,39,0,3.802
1719,2,9,34.34,461280.5,40,209,0,3.515
1719,2,10,38.11,1787076.0,222,0,0,3.918
1719,2,11,16.92,181692.2,12,206,0,3.483
1719,2,12,10.26,1826940.0,230,1,0,3.994
1719,2,13,21.54,2032087.0,255,0,0,3.897
1719,2,14,19.74,1855648.9,232,3,0,3.925
1719,2,15,32.07,1956462.4,247,7,0,3.827
1719,2,16,36.08,1909727.0,229,0,0,4.0
1719,2,17,28.98,1659312.0,215,0,0,3.997
1719,2,18,8.04,1859217.0,231,0,0,3.993
1719,2,19,33.29,1840311.4,227,7,0,3.918
1719,2,20,17.79,10185.5,0,239,0,3.239
1719,2,21,16.53,1666469.4,201,9,0,3.876
1719,2,22,23.07,1707571.0,213,0,0,3.992
1719,2,23,23.06,1667660.0,213,0,0,3.986
1719,2,24,30.02,848514.0,74,157,0,3.671
1719,2,25,18.79,6205.6,0,212,0,3.125
1719,2,26,16.66,1835711.8,216,17,0,3.837
1719,2,27,27.9,1594050.0,201,0,0,3.991
1719,2,28,14.65,1348671.2,147,91,0,3.754
1719,2,29,36.0,1660769.4,210,1,0,3.987
1719,2,30,34.95,0.0,0,0,0,0.0
1719,2,31,15.56,0.0,0,0,0,0.0
1729,0,0,7.31,135112.3,4,414,0,2.539
1729,0,1,29.18,0.0,0,404,0,0.0
1729,0,2,26.27,3112281.0,398,0,0,3.949
1729,0,3,19.12,3216249.0,405,0,0,3.98
1729,0,4,15.72,40557.6,0,399,2,2.441
1729,0,5,15.24,3398298.0,417,0,0,3.914
1729,0,6,31.03,15918.6,0,405,0,2.505
1729,0,7,39.17,3511628.0,427,0,0,3.947
1729,0,8,35.65,853236.4,66,352,0,2.58
1729,0,9,14.73,3237247.0,413,3,0,3.762
1729,0,10,34.02,14963.1,0,414,0,2.418
1729,0,11,10.86,3331009.1,410,2,0,3.864
1729,0,12,13.55,2948982.0,371,0,0,3.956
1729,0,13,19.72,534617.7,34,333,0,2.567
1729,0,14,30.6,3270308.0,406,0,0,3.968
1729,0,15,28.59,3009347.0,378,0,0,3.656
1729,0,16,28.24,0.0,0,415,0,0.0
1729,0,17,31.34,3258062.4,398,1,0,3.204
1729,0,18,36.47,3191098.0,402,0,0,3.395
1729,0,19,5.84,2363.2,0,412,0,2.788
1729,0,20,17.27,3146635.0,406,0,0,3.981
1729,0,21,22.59,3532003.1,439,7,0,3.762
1729,0,22,29.89,38666.3,0,407,0,2.399
1729,0,23,15.03,24050.2,0,402,0,2.543
1729,0,24,29.93,0.0,0,0,0,0.0
1729,0,25,15.88,0.0,0,0,0,0.0
1729,0,26,12.33,0.0,0,0,0,0.0
1729,0,27,23.22,0.0,0,0,0,0.0
1729,0,28,22.59,0.0,0,0,0,0.0
1729,0,29,18.02,0.0,0,0,0,0.0
1729,0,30,31.52,0.0,0,0,0,0.0
1729,0,31,35.22,0.0,0,0,0,0.0
1729,1,0,20.0,39175.3,1,325,0,3.407
1729,1,1,22.2,2667584.0,332,0,0,3.99
1729,1,2,24.66,243660.7,12,343,0,3.602
1729,1,3,21.54,2675092.0,331,0,0,4.0
1729,1,4,33.76,1175.9,0,366,0,3.409
1729,1,5,23.71,2782099.0,352,0,0,3.996
1729,1,6,10.08,2301253.7,282,39,0,3.842
1729,1,7,5.47,2818697.0,353,0,0,3.99
1729,1,8,9.6,2942554.0,368,0,0,3.997
1729,1,9,21.73,39408.5,0,368,0,3.58
1729,1,10,5.31,2744429.0,343,0,0,4.0
1729,1,11,36.07,2659247.0,334,0,0,3.969
1729,1,12,20.46,1161.1,0,328,0,2.9
1729,1,13,34.32,2752444.2,337,2,1,3.938
1729,1,14,8.58,2879561.0,353,0,0,3.995
1729,1,15,13.3,2479264.3,308,18,0,3.876
1729,1,16,27.7,2658893.0,325,0,0,4.0
1729,1,17,12.23,2912538.0,361,0,0,3.991
1729,1,18,16.83,2200256.6,247,87,0,3.769
1729,1,19,38.02,393362.9,23,317,0,3.523
1729,1,20,37.85,2787150.0,343,0,0,3.994
1729,1,21,8.07,2301731.8,273,60,0,3.816
1729,1,22,27.42,2555389.0,319,0,0,3.979
1729,1,23,29.83,971097.3,88,244,0,3.604
1729,1,24,36.07,5605.9,0,385,0,3.486
1729,1,25,17.54,226900.2,10,355,0,3.558
1729,1,26,27.33,2992612.0,376,0,0,3.999
1729,1,27,37.84,0.0,0,0,0,0.0
1729,1,28,36.11,0.0,0,0,0,0.0
1729,1,29,28.09,0.0,0,0,0,0.0
1729,1,30,27.63,0.0,0,0,0,0.0
1729,1,31,24.51,0.0,0,0,0,0.0
1729,2,0,7.74,225.0,0,231,0,3.4
1729,2,1,8.87,1766283.0,220,0,0,3.927
1729,2,2,26.78,251343.7,18,220,0,3.432
1729,2,3,17.07,1645906.0,203,0,0,3.951
1729,2,4,20.49,1732449.0,219,0,0,3.992
1729,2,5,18.4,385.7,0,219,0,1.667
1729,2,6,16.21,1996985.0,243,0,0,3.998
1729,2,7,28.9,1707991.2,211,9,0,3.886
1729,2,8,15.49,1475351.5,183,43,0,3.787
1729,2,9,34.34,438978.9,39,210,0,3.49
1729,2,10,38.11,1781719.8,221,1,0,3.911
1729,2,11,16.92,191839.2,12,206,0,3.408
1729,2,12,10.26,1826940.0,230,1,0,3.992
1729,2,13,21.54,2032087.0,255,0,0,3.897
1729,2,14,19.74,1852904.5,232,3,0,3.923
1729,2,15,32.07,1958611.3,249,5,0,3.817
1729,2,16,36.08,1909727.0,229,0,0,3.997
1729,2,17,28.98,1659312.0,215,0,0,3.994
1729,2,18,8.04,1859217.0,231,0,0,3.993
1729,2,19,33.29,1850434.3,228,6,0,3.897
1729,2,20,17.79,10470.9,0,239,0,3.055
1729,2,21,16.53,1664360.1,203,7,0,3.861
1729,2,22,23.07,1707571.0,213,0,0,3.994
1729,2,23,23.06,1667660.0,213,0,0,3.987
1729,2,24,30.02,862853.0,78,153,0,3.651
1729,2,25,18.79,6658.0,0,212,0,2.897
1729,2,26,16.66,1825667.5,213,20,0,3.818
1729,2,27,27.9,1594050.0,201,0,0,3.989
1729,2,28,14.65,1385467.4,154,84,0,3.748
1729,2,29,36.0,1660838.9,210,1,0,3.986
1729,2,30,34.95,0.0,0,0,0,0.0
1729,2,31,15.56,0.0,0,0,0,0.0
1739,0,0,7.31,133158.1,4,414,0,2.662
1739,0,1,29.18,0.0,0,404,0,0.0
1739,0,2,26.27,3112281.0,398,0,0,3.954
1739,0,3,19.12,3216249.0,405,0,0,3.983
1739,0,4,15.72,42415.0,0,400,1,2.497
1739,0,5,15.24,3398298.0,417,0,0,3.93
1739,0,6,31.03,16700.3,0,405,0,2.577
1739,0,7,39.17,3511628.0,427,0,0,3.948
1739,0,8,35.65,855441.8,63,355,0,2.651
1739,0,9,14.73,3237247.0,413,3,0,3.776
1739,0,10,34.02,16078.7,0,414,0,2.535
1739,0,11,10.86,3326942.6,409,3,0,3.876
1739,0,12,13.55,2948982.0,371,0,0,3.967
1739,0,13,19.72,530601.2,30,337,0,2.639
1739,0,14,30.6,3270308.0,406,0,0,3.973
1739,0,15,28.59,3009347.0,378,0,0,3.681
1739,0,16,28.24,0.0,0,415,0,0.0
1739,0,17,31.34,3257654.8,397,1,0,3.257
1739,0,18,36.47,3191098.0,402,0,0,3.437
1739,0,19,5.84,2486.3,0,412,0,2.811
1739,0,20,17.27,3146635.0,406,0,0,3.986
1739,0,21,22.59,3532003.1,439,7,0,3.784
1739,0,22,29.89,37773.6,0,407,0,2.5
1739,0,23,15.03,23253.4,0,402,0,2.607
1739,0,24,29.93,0.0,0,0,0,0.0
1739,0,25,15.88,0.0,0,0,0,0.0
1739,0,26,12.33,0.0,0,0,0,0.0
1739,0,27,23.22,0.0,0,0,0,0.0
1739,0,28,22.59,0.0,0,0,0,0.0
1739,0,29,18.02,0.0,0,0,0,0.0
1739,0,30,31.52,0.0,0,0,0,0.0
1739,0,31,35.22,0.0,0,0,0,0.0
1739,1,0,20.0,43246.9,0,326,0,3.424
1739,1,1,22.2,2667584.0,332,0,0,3.993
1739,1,2,24.66,266660.9,17,338,0,3.616
1739,1,3,21.54,2675092.0,331,0,0,4.0
1739,1,4,33.76,1310.1,0,366,0,3.423
1739,1,5,23.71,2782099.0,352,0,0,3.998
1739,1,6,10.08,2284612.1,279,42,0,3.857
1739,1,7,5.47,2818697.0,353,0,0,3.996
1739,1,8,9.6,2942554.0,368,0,0,3.994
1739,1,9,21.73,39840.9,0,368,0,3.584
1739,1,10,5.31,2744429.0,343,0,0,4.0
1739,1,11,36.07,2659247.0,334,0,0,3.972
1739,1,12,20.46,900.4,0,328,0,2.8
1739,1,13,34.32,2746116.3,335,4,1,3.947
1739,1,14,8.58,2879561.0,353,0,0,3.995
1739,1,15,13.3,2478563.1,308,18,0,3.893
1739,1,16,27.7,2658893.0,325,0,0,4.0
1739,1,17,12.23,2912538.0,361,0,0,3.989
1739,1,18,16.83,2183826.4,244,90,0,3.79
1739,1,19,38.02,387423.5,22,318,0,3.574
1739,1,20,37.85,2787150.0,343,0,0,3.996
1739,1,21,8.07,2287355.5,271,62,0,3.837
1739,1,22,27.42,2555389.0,319,0,0,3.984
1739,1,23,29.83,972195.3,88,243,0,3.673
1739,1,24,36.07,5935.6,0,385,0,3.533
1739,1,25,17.54,231219.8,9,356,0,3.627
1739,1,26,27.33,2992612.0,376,0,0,4.0
1739,1,27,37.84,0.0,0,0,0,0.0
1739,1,28,36.11,0.0,0,0,0,0.0
1739,1,29,28.09,0.0,0,0,0,0.0
1739,1,30,27.63,0.0,0,0,0,0.0
1739,1,31,24.51,0.0,0,0,0,0.0
1739,2,0,7.74,338.1,0,231,0,3.4
1739,2,1,8.87,1766283.0,220,0,0,3.939
1739,2,2,26.78,255203.5,12,225,0,3.533
1739,2,3,17.07,1645906.0,203,0,0,3.959
1739,2,4,20.49,1732449.0,219,0,0,3.995
1739,2,5,18.4,334.1,0,219,0,2.333
1739,2,6,16.21,1996985.0,243,0,0,4.0
1739,2,7,28.9,1715914.9,210,10,0,3.905
1739,2,8,15.49,1499212.7,188,38,0,3.816
1739,2,9,34.34,447660.5,37,212,0,3.536
1739,2,10,38.11,1779769.3,221,1,0,3.92
1739,2,11,16.92,179798.3,11,207,0,3.422
1739,2,12,10.26,1826940.0,230,1,0,3.99
1739,2,13,21.54,2032087.0,255,0,0,3.904
1739,2,14,19.74,1852280.9,232,3,0,3.927
1739,2,15,32.07,1962013.8,248,6,0,3.838
1739,2,16,36.08,1909727.0,229,0,0,3.999
1739,2,17,28.98,1659312.0,215,0,0,3.999
1739,2,18,8.04,1859217.0,231,0,0,3.995
1739,2,19,33.29,1838227.6,228,6,0,3.923
1739,2,20,17.79,10430.2,0,239,0,3.319
1739,2,21,16.53,1660129.0,202,8,0,3.877
1739,2,22,23.07,1707571.0,213,0,0,3.996
1739,2,23,23.06,1667660.0,213,0,0,3.991
1739,2,24,30.02,839414.7,75,156,0,3.682
1739,2,25,18.79,6661.8,0,212,0,3.044
1739,2,26,16.66,1835175.7,214,19,0,3.843
1739,2,27,27.9,1594050.0,201,0,0,3.991
1739,2,28,14.65,1356430.3,147,91,0,3.771
1739,2,29,36.0,1660769.4,210,1,0,3.99
1739,2,30,34.95,0.0,0,0,0,0.0
1739,2,31,15.56,0.0,0,0,0,0.0
1749,0,0,7.31,139533.5,4,414,0,2.508
1749,0,1,29.18,0.0,0,404,0,0.0
1749,0,2,26.27,3112281.0,398,0,0,3.942
1749,0,3,19.12,3216249.0,405,0,0,3.982
1749,0,4,15.72,37061.8,0,400,1,2.382
1749,0,5,15.24,3398298.0,417,0,0,3.917
1749,0,6,31.03,16311.7,0,405,0,2.347
1749,0,7,39.17,3511628.0,427,0,0,3.937
1749,0,8,35.65,845126.1,65,353,0,2.544
1749,0,9,14.73,3226442.5,412,4,0,3.746
1749,0,10,34.02,15246.2,0,414,0,2.435
1749,0,11,10.86,3330954.9,410,2,0,3.836
1749,0,12,13.55,2948982.0,371,0,0,3.948
1749,0,13,19.72,529496.4,33,334,0,2.529
1749,0,14,30.6,3270308.0,406,0,0,3.974
1749,0,15,28.59,3009347.0,378,0,0,3.636
1749,0,16,28.24,0.0,0,415,0,0.0
1749,0,17,31.34,3259599.0,398,1,0,3.185
1749,0,18,36.47,3191098.0,402,0,0,3.36
1749,0,19,5.84,2359.8,0,412,0,2.633
1749,0,20,17.27,3146635.0,406,0,0,3.98
1749,0,21,22.59,3536429.8,440,6,0,3.751
1749,0,22,29.89,38797.3,0,407,0,2.355
1749,0,23,15.03,23715.4,1,401,0,2.487
1749,0,24,29.93,0.0,0,0,0,0.0
1749,0,25,15.88,0.0,0,0,0,0.0
1749,0,26,12.33,0.0,0,0,0,0.0
1749,0,27,23.22,0.0,0,0,0,0.0
1749,0,28,22.59,0.0,0,0,0,0.0
1749,0,29,18.02,0.0,0,0,0,0.0
1749,0,30,31.52,0.0,0,0,0,0.0
1749,0,31,35.22,0.0,0,0,0,0.0
1749,1,0,20.0,38200.8,0,326,0,3.392
1749,1,1,22.2,2667584.0,332,0,0,3.986
1749,1,2,24.66,246946.8,12,343,0,3.578
1749,1,3,21.54,2675092.0,331,0,0,4.0
1749,1,4,33.76,1020.9,0,366,0,3.565
1749,1,5,23.71,2782099.0,352,0,0,3.996
1749,1,6,10.08,2314318.4,283,38,0,3.816
1749,1,7,5.47,2818697.0,353,0,0,3.988
1749,1,8,9.6,2942554.0,368,0,0,3.995
1749,1,9,21.73,42255.3,0,368,0,3.486
1749,1,10,5.31,2744429.0,343,0,0,4.0
1749,1,11,36.07,2659247.0,334,0,0,3.97
1749,1,12,20.46,754.5,0,328,0,2.615
1749,1,13,34.32,2750547.4,335,5,0,3.932
1749,1,14,8.58,2879561.0,353,0,0,3.991
1749,1,15,13.3,2478079.6,308,18,0,3.855
1749,1,16,27.7,2658893.0,325,0,0,4.0
1749,1,17,12.23,2912538.0,361,0,0,3.989
1749,1,18,16.83,2211839.1,249,85,0,3.729
1749,1,19,38.02,370857.0,21,319,0,3.504
1749,1,20,37.85,2787150.0,343,0,0,3.992
1749,1,21,8.07,2289879.1,275,58,0,3.789
1749,1,22,27.42,2555389.0,319,0,0,3.98
1749,1,23,29.83,1009621.2,93,239,0,3.57
1749,1,24,36.07,6014.5,0,385,0,3.42
1749,1,25,17.54,235694.0,11,354,0,3.517
1749,1,26,27.33,2992612.0,376,0,0,3.998
1749,1,27,37.84,0.0,0,0,0,0.0
1749,1,28,36.11,0.0,0,0,0,0.0
1749,1,29,28.09,0.0,0,0,0,0.0
1749,1,30,27.63,0.0,0,0,0,0.0
1749,1,31,24.51,0.0,0,0,0,0.0
1749,2,0,7.74,112.9,0,231,0,3.667
1749,2,1,8.87,1766283.0,220,0,0,3.907
1749,2,2,26.78,244558.6,19,218,0,3.4
1749,2,3,17.07,1645906.0,203,0,0,3.952
1749,2,4,20.49,1732449.0,219,0,0,3.994
1749,2,5,18.4,439.4,0,219,0,2.0
1749,2,6,16.21,1996985.0,243,0,0,4.0
1749,2,7,28.9,1723681.7,211,9,0,3.878
1749,2,8,15.49,1490197.8,188,38,0,3.771
1749,2,9,34.34,455723.6,39,210,0,3.438
1749,2,10,38.11,1787076.0,222,0,0,3.899
1749,2,11,16.92,184460.4,12,206,0,3.394
1749,2,12,10.26,1826940.0,230,1,0,3.99
1749,2,13,21.54,2032087.0,255,0,0,3.873
1749,2,14,19.74,1852500.0,232,3,0,3.884
1749,2,15,32.07,1964777.1,247,7,0,3.797
1749,2,16,36.08,1909727.0,229,0,0,3.993
1749,2,17,28.98,1659312.0,215,0,0,3.993
1749,2,18,8.04,1859217.0,231,0,0,3.995
1749,2,19,33.29,1834829.1,226,8,0,3.877
1749,2,20,17.79,8312.3,0,239,0,3.211
1749,2,21,16.53,1677654.4,202,8,0,3.829
1749,2,22,23.07,1707571.0,213,0,0,3.994
1749,2,23,23.06,1667660.0,213,0,0,3.989
1749,2,24,30.02,856456.9,82,149,0,3.578
1749,2,25,18.79,7713.6,0,212,0,2.851
1749,2,26,16.66,1843237.7,218,15,0,3.798
1749,2,27,27.9,1594050.0,201,0,0,3.994
1749,2,28,14.65,1349961.2,148,90,0,3.707
1749,2,29,36.0,1660769.4,210,1,0,3.986
1749,2,30,34.95,0.0,0,0,0,0.0
1749,2,31,15.56,0.0,0,0,0,0.0
1759,0,0,7.31,134035.4,4,414,0,2.489
1759,0,1,29.18,0.0,0,404,0,0.0
1759,0,2,26.27,3112281.0,398,0,0,3.946
1759,0,3,19.12,3216249.0,405,0,0,3.983
1759,0,4,15.72,37462.5,0,399,2,2.39
1759,0,5,15.24,3398298.0,417,0,0,3.922
1759,0,6,31.03,15967.0,0,405,0,2.409
1759,0,7,39.17,3511628.0,427,0,0,3.943
1759,0,8,35.65,848040.6,66,352,0,2.555
1759,0,9,14.73,3226442.5,412,4,0,3.758
1759,0,10,34.02,16252.3,0,414,0,2.405
1759,0,11,10.86,3330954.9,410,2,0,3.843
1759,0,12,13.55,2948982.0,371,0,0,3.951
1759,0,13,19.72,539683.0,35,332,0,2.545
1759,0,14,30.6,3270308.0,406,0,0,3.973
1759,0,15,28.59,3009347.0,378,0,0,3.648
1759,0,16,28.24,0.0,0,415,0,0.0
1759,0,17,31.34,3259599.0,398,1,0,3.177
1759,0,18,36.47,3191098.0,402,0,0,3.349
1759,0,19,5.84,2253.9,0,412,0,2.812
1759,0,20,17.27,3146635.0,406,0,0,3.981
1759,0,21,22.59,3536429.8,440,6,0,3.752
1759,0,22,29.89,38806.7,0,407,0,2.369
1759,0,23,15.03,24049.9,0,402,0,2.515
1759,0,24,29.93,0.0,0,0,0,0.0
1759,0,25,15.88,0.0,0,0,0,0.0
1759,0,26,12.33,0.0,0,0,0,0.0
1759,0,27,23.22,0.0,0,0,0,0.0
1759,0,28,22.59,0.0,0,0,0,0.0
1759,0,29,18.02,0.0,0,0,0,0.0
1759,0,30,31.52,0.0,0,0,0,0.0
1759,0,31,35.22,0.0,0,0,0,0.0
1759,1,0,20.0,40260.9,0,326,0,3.369
1759,1,1,22.2,2667584.0,332,0,0,3.985
1759,1,2,24.66,232501.8,13,342,0,3.524
1759,1,3,21.54,2675092.0,331,0,0,4.0
1759,1,4,33.76,1022.3,0,366,0,3.565
1759,1,5,23.71,2782099.0,352,0,0,3.99
1759,1,6,10.08,2331707.4,284,37,0,3.806
1759,1,7,5.47,2818697.0,353,0,0,3.986
1759,1,8,9.6,2942554.0,368,0,0,3.994
1759,1,9,21.73,42422.6,0,368,0,3.486
1759,1,10,5.31,2744429.0,343,0,0,3.999
1759,1,11,36.07,2659247.0,334,0,0,3.965
1759,1,12,20.46,594.5,0,328,0,3.0
1759,1,13,34.32,2754621.5,337,2,1,3.927
1759,1,14,8.58,2879561.0,353,0,0,3.994
1759,1,15,13.3,2464459.4,308,18,0,3.856
1759,1,16,27.7,2658893.0,325,0,0,4.0
1759,1,17,12.23,2912538.0,361,0,0,3.987
1759,1,18,16.83,2201061.3,250,84,0,3.727
1759,1,19,38.02,367516.6,22,318,0,3.509
1759,1,20,37.85,2787150.0,343,0,0,3.994
1759,1,21,8.07,2296123.2,273,60,0,3.79
1759,1,22,27.42,2555389.0,319,0,0,3.973
1759,1,23,29.83,1046207.2,95,237,0,3.575
1759,1,24,36.07,5840.2,0,385,0,3.385
1759,1,25,17.54,235545.2,12,353,0,3.525
1759,1,26,27.33,2992612.0,376,0,0,3.997
1759,1,27,37.84,0.0,0,0,0,0.0
1759,1,28,36.11,0.0,0,0,0,0.0
1759,1,29,28.09,0.0,0,0,0,0.0
1759,1,30,27.63,0.0,0,0,0,0.0
1759,1,31,24.51,0.0,0,0,0,0.0
1759,2,0,7.74,167.5,0,231,0,3.5
1759,2,1,8.87,1766283.0,220,0,0,3.913
1759,2,2,26.78,236498.2,15,223,0,3.406
1759,2,3,17.07,1645906.0,203,0,0,3.956
1759,2,4,20.49,1732449.0,219,0,0,3.989
1759,2,5,18.4,385.4,0,219,0,1.667
1759,2,6,16.21,1996985.0,243,0,0,3.998
1759,2,7,28.9,1720402.2,212,8,0,3.876
1759,2,8,15.49,1503813.8,187,39,0,3.78
1759,2,9,34.34,478800.6,40,209,0,3.429
1759,2,10,38.11,1779775.1,221,1,0,3.902
1759,2,11,16.92,180914.4,12,206,0,3.399
1759,2,12,10.26,1835399.0,231,0,0,3.986
1759,2,13,21.54,2032087.0,255,0,0,3.874
1759,2,14,19.74,1855129.1,232,3,0,3.888
1759,2,15,32.07,1966046.5,249,5,0,3.805
1759,2,16,36.08,1909727.0,229,0,0,3.988
1759,2,17,28.98,1659312.0,215,0,0,3.996
1759,2,18,8.04,1859217.0,231,0,0,3.995
1759,2,19,33.29,1831034.9,226,8,0,3.884
1759,2,20,17.79,8398.2,0,239,0,3.174
1759,2,21,16.53,1670998.9,201,9,0,3.834
1759,2,22,23.07,1707571.0,213,0,0,3.992
1759,2,23,23.06,1667660.0,213,0,0,3.991
1759,2,24,30.02,859026.6,78,153,0,3.611
1759,2,25,18.79,6917.0,0,212,0,2.885
1759,2,26,16.66,1838857.8,215,18,0,3.806
1759,2,27,27.9,1594050.0,201,0,0,3.994
1759,2,28,14.65,1356909.3,148,90,0,3.713
1759,2,29,36.0,1660769.4,210,1,0,3.987
1759,2,30,34.95,0.0,0,0,0,0.0
1759,2,31,15.56,0.0,0,0,0,0.0
1769,0,0,7.31,134164.4,3,415,0,2.622
1769,0,1,29.18,0.0,0,404,0,0.0
1769,0,2,26.27,3112281.0,398,0,0,3.95
1769,0,3,19.12,3216249.0,405,0,0,3.979
1769,0,4,15.72,40587.1,0,400,1,2.487
1769,0,5,15.24,3398298.0,417,0,0,3.923
1769,0,6,31.03,17896.4,0,405,0,2.502
1769,0,7,39.17,3511628.0,427,0,0,3.939
1769,0,8,35.65,831298.6,61,357,0,2.641
1769,0,9,14.73,3237247.0,413,3,0,3.776
1769,0,10,34.02,16141.6,0,414,0,2.513
1769,0,11,10.86,3331009.1,410,2,0,3.869
1769,0,12,13.55,2948982.0,371,0,0,3.968
1769,0,13,19.72,537529.7,33,334,0,2.591
1769,0,14,30.6,3270308.0,406,0,0,3.973
1769,0,15,28.59,3009347.0,378,0,0,3.665
1769,0,16,28.24,0.0,0,415,0,0.0
1769,0,17,31.34,3257912.2,397,2,0,3.235
1769,0,18,36.47,3191098.0,402,0,0,3.415
1769,0,19,5.84,2197.0,0,412,0,2.733
1769,0,20,17.27,3146635.0,406,0,0,3.983
1769,0,21,22.59,3521862.4,438,8,0,3.765
1769,0,22,29.89,40288.3,0,407,0,2.432
1769,0,23,15.03,24325.3,1,401,0,2.582
1769,0,24,29.93,0.0,0,0,0,0.0
1769,0,25,15.88,0.0,0,0,0,0.0
1769,0,26,12.33,0.0,0,0,0,0.0
1769,0,27,23.22,0.0,0,0,0,0.0
1769,0,28,22.59,0.0,0,0,0,0.0
1769,0,29,18.02,0.0,0,0,0,0.0
1769,0,30,31.52,0.0,0,0,0,0.0
1769,0,31,35.22,0.0,0,0,0,0.0
1769,1,0,20.0,35089.3,0,326,0,3.488
1769,1,1,22.2,2667584.0,332,0,0,3.992
1769,1,2,24.66,227696.9,13,342,0,3.621
1769,1,3,21.54,2675092.0,331,0,0,4.0
1769,1,4,33.76,1661.4,0,366,0,3.548
1769,1,5,23.71,2782099.0,352,0,0,3.998
1769,1,6,10.08,2326037.1,283,38,0,3.843
1769,1,7,5.47,2818697.0,353,0,0,3.995
1769,1,8,9.6,2942554.0,368,0,0,3.996
1769,1,9,21.73,45038.6,0,368,0,3.539
1769,1,10,5.31,2744429.0,343,0,0,4.0
1769,1,11,36.07,2659247.0,334,0,0,3.965
1769,1,12,20.46,810.2,0,328,0,3.118
1769,1,13,34.32,2753811.7,337,2,1,3.952
1769,1,14,8.58,2879561.0,353,0,0,3.995
1769,1,15,13.3,2467628.3,307,19,0,3.871
1769,1,16,27.7,2658893.0,325,0,0,4.0
1769,1,17,12.23,2912538.0,361,0,0,3.986
1769,1,18,16.83,2171888.1,248,86,0,3.767
1769,1,19,38.02,394756.0,19,321,0,3.544
1769,1,20,37.85,2787150.0,343,0,0,3.994
1769,1,21,8.07,2279463.5,268,65,0,3.817
1769,1,22,27.42,2555389.0,319,0,0,3.976
1769,1,23,29.83,1027733.3,95,237,0,3.623
1769,1,24,36.07,7277.3,0,385,0,3.483
1769,1,25,17.54,223237.3,10,355,0,3.61
1769,1,26,27.33,2992612.0,376,0,0,3.998
1769,1,27,37.84,0.0,0,0,0,0.0
1769,1,28,36.11,0.0,0,0,0,0.0
1769,1,29,28.09,0.0,0,0,0,0.0
1769,1,30,27.63,0.0,0,0,0,0.0
1769,1,31,24.51,0.0,0,0,0,0.0
1769,2,0,7.74,497.0,0,231,0,3.25
1769,2,1,8.87,1766283.0,220,0,0,3.931
1769,2,2,26.78,245122.9,18,219,0,3.507
1769,2,3,17.07,1645906.0,203,0,0,3.956
1769,2,4,20.49,1732449.0,219,0,0,3.992
1769,2,5,18.4,385.6,0,219,0,1.667
1769,2,6,16.21,1996985.0,243,0,0,4.0
1769,2,7,28.9,1727597.2,210,10,0,3.9
1769,2,8,15.49,1490246.4,187,39,0,3.799
1769,2,9,34.34,482261.6,40,209,0,3.488
1769,2,10,38.11,1787076.0,222,0,0,3.912
1769,2,11,16.92,186226.8,12,206,0,3.437
1769,2,12,10.26,1835399.0,231,0,0,3.992
1769,2,13,21.54,2032087.0,255,0,0,3.89
1769,2,14,19.74,1859249.7,233,2,0,3.914
1769,2,15,32.07,1951148.4,246,8,0,3.823
1769,2,16,36.08,1909727.0,229,0,0,3.997
1769,2,17,28.98,1659312.0,215,0,0,3.996
1769,2,18,8.04,1859217.0,231,0,0,3.997
1769,2,19,33.29,1847008.9,228,6,0,3.898
1769,2,20,17.79,9720.7,0,239,0,3.126
1769,2,21,16.53,1662306.2,202,8,0,3.864
1769,2,22,23.07,1707571.0,213,0,0,3.992
1769,2,23,23.06,1667660.0,213,0,0,3.991
1769,2,24,30.02,843812.6,81,150,0,3.652
1769,2,25,18.79,6639.7,0,212,0,2.938
1769,2,26,16.66,1816866.6,215,18,0,3.82
1769,2,27,27.9,1594050.0,201,0,0,3.994
1769,2,28,14.65,1358980.4,150,88,0,3.745
1769,2,29,36.0,1660769.4,210,1,0,3.988
1769,2,30,34.95,0.0,0,0,0,0.0
1769,2,31,15.56,0.0,0,0,0,0.0
1779,0,0,7.31,141945.9,3,415,0,2.727
1779,0,1,29.18,0.0,0,404,0,0.0
1779,0,2,26.27,3112281.0,398,0,0,3.95
1779,0,3,19.12,3216249.0,405,0,0,3.985
1779,0,4,15.72,42905.6,0,399,2,2.581
1779,0,5,15.24,3398298.0,417,0,0,3.932
1779,0,6,31.03,18681.0,0,405,0,2.662
1779,0,7,39.17,3511628.0,427,0,0,3.957
1779,0,8,35.65,817386.2,58,360,0,2.733
1779,0,9,14.73,3237247.0,413,3,0,3.791
1779,0,10,34.02,15566.9,0,414,0,2.596
1779,0,11,10.86,3331009.1,410,2,0,3.89
1779,0,12,13.55,2948982.0,371,0,0,3.956
1779,0,13,19.72,528529.5,33,334,0,2.7
1779,0,14,30.6,3270308.0,406,0,0,3.978
1779,0,15,28.59,3009347.0,378,0,0,3.702
1779,0,16,28.24,0.0,0,415,0,0.0
1779,0,17,31.34,3258062.4,398,1,0,3.304
1779,0,18,36.47,3191098.0,402,0,0,3.452
1779,0,19,5.84,2498.9,0,412,0,2.771
1779,0,20,17.27,3146635.0,406,0,0,3.987
1779,0,21,22.59,3526604.8,439,7,0,3.794
1779,0,22,29.89,37900.6,0,407,0,2.584
1779,0,23,15.03,23874.5,0,402,0,2.686
1779,0,24,29.93,0.0,0,0,0,0.0
1779,0,25,15.88,0.0,0,0,0,0.0
1779,0,26,12.33,0.0,0,0,0,0.0
1779,0,27,23.22,0.0,0,0,0,0.0
1779,0,28,22.59,0.0,0,0,0,0.0
1779,0,29,18.02,0.0,0,0,0,0.0
1779,0,30,31.52,0.0,0,0,0,0.0
1779,0,31,35.22,0.0,0,0,0,0.0
1779,1,0,20.0,45403.0,1,325,0,3.5
1779,1,1,22.2,2667584.0,332,0,0,3.993
1779,1,2,24.66,263217.0,14,341,0,3.624
1779,1,3,21.54,2675092.0,331,0,0,3.999
1779,1,4,33.76,1974.5,0,366,0,3.429
1779,1,5,23.71,2782099.0,352,0,0,3.997
1779,1,6,10.08,2316075.4,280,41,0,3.851
1779,1,7,5.47,2818697.0,353,0,0,3.993
1779,1,8,9.6,2942554.0,368,0,0,3.994
1779,1,9,21.73,40967.8,0,368,0,3.571
1779,1,10,5.31,2744429.0,343,0,0,4.0
1779,1,11,36.07,2659247.0,334,0,0,3.973
1779,1,12,20.46,880.0,0,328,0,3.25
1779,1,13,34.32,2752701.1,337,3,0,3.95
1779,1,14,8.58,2879561.0,353,0,0,3.99
1779,1,15,13.3,2450285.2,305,21,0,3.897
1779,1,16,27.7,2658893.0,325,0,0,3.999
1779,1,17,12.23,2912538.0,361,0,0,3.989
1779,1,18,16.83,2169277.2,245,89,0,3.799
1779,1,19,38.02,366844.6,22,318,0,3.589
1779,1,20,37.85,2787150.0,343,0,0,3.998
1779,1,21,8.07,2279920.4,271,62,0,3.844
1779,1,22,27.42,2555389.0,319,0,0,3.984
1779,1,23,29.83,999290.0,90,242,0,3.668
1779,1,24,36.07,6441.5,0,385,0,3.578
1779,1,25,17.54,225020.0,9,356,0,3.66
1779,1,26,27.33,2992612.0,376,0,0,3.998
1779,1,27,37.84,0.0,0,0,0,0.0
1779,1,28,36.11,0.0,0,0,0,0.0
1779,1,29,28.09,0.0,0,0,0,0.0
1779,1,30,27.63,0.0,0,0,0,0.0
1779,1,31,24.51,0.0,0,0,0,0.0
1779,2,0,7.74,182.9,0,231,0,3.8
1779,2,1,8.87,1766283.0,220,0,0,3.942
1779,2,2,26.78,256789.3,17,220,0,3.531
1779,2,3,17.07,1645906.0,203,0,0,3.957
1779,2,4,20.49,1732449.0,219,0,0,3.995
1779,2,5,18.4,405.0,0,219,0,2.25
1779,2,6,16.21,1996985.0,243,0,0,4.0
1779,2,7,28.9,1705069.7,211,9,0,3.907
1779,2,8,15.49,1503090.6,186,40,0,3.824
1779,2,9,34.34,452238.6,38,211,0,3.558
1779,2,10,38.11,1778083.0,221,1,0,3.925
1779,2,11,16.92,181409.0,11,207,0,3.497
1779,2,12,10.26,1830300.5,230,1,0,3.994
1779,2,13,21.54,2032087.0,255,0,0,3.913
1779,2,14,19.74,1847644.6,231,4,0,3.927
1779,2,15,32.07,1956240.2,247,7,0,3.837
1779,2,16,36.08,1909727.0,229,0,0,3.999
1779,2,17,28.98,1659312.0,215,0,0,3.997
1779,2,18,8.04,1859217.0,231,0,0,3.997
1779,2,19,33.29,1837329.9,225,9,0,3.922
1779,2,20,17.79,11487.7,0,239,0,3.339
1779,2,21,16.53,1653060.8,201,9,0,3.888
1779,2,22,23.07,1707571.0,213,0,0,3.998
1779,2,23,23.06,1667660.0,213,0,0,3.989
1779,2,24,30.02,858721.3,78,153,0,3.7
1779,2,25,18.79,7004.0,0,212,0,3.04
1779,2,26,16.66,1826160.9,214,19,0,3.855
1779,2,27,27.9,1594050.0,201,0,0,3.992
1779,2,28,14.65,1348907.8,152,86,0,3.769
1779,2,29,36.0,1660607.6,210,1,0,3.988
1779,2,30,34.95,0.0,0,0,0,0.0
1779,2,31,15.56,0.0,0,0,0,0.0
1789,0,0,7.31,138374.8,3,415,0,2.704
1789,0,1,29.18,0.0,0,404,0,0.0
1789,0,2,26.27,3112281.0,398,0,0,3.948
1789,0,3,19.12,3216249.0,405,0,0,3.983
1789,0,4,15.72,44083.8,0,399,2,2.559
1789,0,5,15.24,3398298.0,417,0,0,3.927
1789,0,6,31.03,18893.5,0,405,0,2.603
1789,0,7,39.17,3511628.0,427,0,0,3.956
1789,0,8,35.65,841728.4,63,355,0,2.694
1789,0,9,14.73,3237247.0,413,3,0,3.792
1789,0,10,34.02,15243.0,0,414,0,2.556
1789,0,11,10.86,3331009.1,410,2,0,3.898
1789,0,12,13.55,2948982.0,371,0,0,3.958
1789,0,13,19.72,512623.4,30,337,0,2.692
1789,0,14,30.6,3270308.0,406,0,0,3.977
1789,0,15,28.59,3009347.0,378,0,0,3.696
1789,0,16,28.24,0.0,0,415,0,0.0
1789,0,17,31.34,3258062.4,398,1,0,3.286
1789,0,18,36.47,3191098.0,402,0,0,3.428
1789,0,19,5.84,2066.3,0,412,0,2.781
1789,0,20,17.27,3146635.0,406,0,0,3.987
1789,0,21,22.59,3526604.8,439,7,0,3.794
1789,0,22,29.89,37945.9,0,407,0,2.568
1789,0,23,15.03,23587.2,0,402,0,2.676
1789,0,24,29.93,0.0,0,0,0,0.0
1789,0,25,15.88,0.0,0,0,0,0.0
1789,0,26,12.33,0.0,0,0,0,0.0
1789,0,27,23.22,0.0,0,0,0,0.0
1789,0,28,22.59,0.0,0,0,0,0.0
1789,0,29,18.02,0.0,0,0,0,0.0
1789,0,30,31.52,0.0,0,0,0,0.0
1789,0,31,35.22,0.0,0,0,0,0.0
1789,1,0,20.0,45228.5,0,326,0,3.456
1789,1,1,22.2,2667584.0,332,0,0,3.991
1789,1,2,24.66,261585.6,13,342,0,3.64
1789,1,3,21.54,2675092.0,331,0,0,4.0
1789,1,4,33.76,1606.4,0,366,0,3.407
1789,1,5,23.71,2782099.0,352,0,0,3.995
1789,1,6,10.08,2318836.2,283,38,0,3.854
1789,1,7,5.47,2818697.0,353,0,0,3.998
1789,1,8,9.6,2942554.0,368,0,0,3.997
1789,1,9,21.73,37518.8,0,368,0,3.569
1789,1,10,5.31,2744429.0,343,0,0,4.0
1789,1,11,36.07,2659247.0,334,0,0,3.973
1789,1,12,20.46,795.5,0,328,0,3.176
1789,1,13,34.32,2750346.6,336,3,1,3.939
1789,1,14,8.58,2879561.0,353,0,0,3.994
1789,1,15,13.3,2462451.4,307,19,0,3.895
1789,1,16,27.7,2658893.0,325,0,0,4.0
1789,1,17,12.23,2912538.0,361,0,0,3.989
1789,1,18,16.83,2192945.1,249,85,0,3.793
1789,1,19,38.02,378111.3,19,321,0,3.561
1789,1,20,37.85,2787150.0,343,0,0,3.994
1789,1,21,8.07,2291038.6,270,63,0,3.836
1789,1,22,27.42,2555389.0,319,0,0,3.98
1789,1,23,29.83,983508.1,89,243,0,3.656
1789,1,24,36.07,6467.1,0,385,0,3.602
1789,1,25,17.54,213023.4,8,357,0,3.638
1789,1,26,27.33,2992612.0,376,0,0,3.998
1789,1,27,37.84,0.0,0,0,0,0.0
1789,1,28,36.11,0.0,0,0,0,0.0
1789,1,29,28.09,0.0,0,0,0,0.0
1789,1,30,27.63,0.0,0,0,0,0.0
1789,1,31,24.51,0.0,0,0,0,0.0
1789,2,0,7.74,272.8,0,231,0,3.714
1789,2,1,8.87,1762847.6,219,1,0,3.933
1789,2,2,26.78,260477.5,18,219,0,3.514
1789,2,3,17.07,1645906.0,203,0,0,3.964
1789,2,4,20.49,1732449.0,219,0,0,3.992
1789,2,5,18.4,408.6,0,219,0,2.2
1789,2,6,16.21,1996985.0,243,0,0,3.998
1789,2,7,28.9,1723555.2,212,8,0,3.904
1789,2,8,15.49,1486604.3,184,42,0,3.809
1789,2,9,34.34,472057.8,40,209,0,3.548
1789,2,10,38.11,1787076.0,222,0,0,3.917
1789,2,11,16.92,183827.9,12,206,0,3.443
1789,2,12,10.26,1830300.5,230,1,0,3.992
1789,2,13,21.54,2032087.0,255,0,0,3.918
1789,2,14,19.74,1853577.3,232,3,0,3.926
1789,2,15,32.07,1961020.8,250,4,0,3.835
1789,2,16,36.08,1909727.0,229,0,0,3.994
1789,2,17,28.98,1659312.0,215,0,0,3.996
1789,2,18,8.04,1859217.0,231,0,0,3.995
1789,2,19,33.29,1849918.5,228,6,0,3.905
1789,2,20,17.79,11213.9,0,239,0,3.295
1789,2,21,16.53,1653482.5,200,10,0,3.874
1789,2,22,23.07,1707571.0,213,0,0,3.998
1789,2,23,23.06,1667660.0,213,0,0,3.989
1789,2,24,30.02,844673.7,80,151,0,3.676
1789,2,25,18.79,6275.3,0,212,0,3.151
1789,2,26,16.66,1827801.3,217,16,0,3.851
1789,2,27,27.9,1594050.0,201,0,0,3.994
1789,2,28,14.65,1332307.2,147,91,0,3.769
1789,2,29,36.0,1660769.4,210,1,0,3.987
1789,2,30,34.95,0.0,0,0,0,0.0
1789,2,31,15.56,0.0,0,0,0,0.0
1799,0,0,7.31,130242.5,4,414,0,2.583
1799,0,1,29.18,0.0,0,404,0,0.0
1799,0,2,26.27,3112281.0,398,0,0,3.947
1799,0,3,19.12,3216249.0,405,0,0,3.98
1799,0,4,15.72,42044.8,0,401,0,2.436
1799,0,5,15.24,3398298.0,417,0,0,3.917
1799,0,6,31.03,17108.9,0,405,0,2.51
1799,0,7,39.17,3511628.0,427,0,0,3.936
1799,0,8,35.65,811651.1,60,358,0,2.605
1799,0,9,14.73,3237247.0,413,3,0,3.756
1799,0,10,34.02,16892.6,0,414,0,2.464
1799,0,11,10.86,3331009.1,410,2,0,3.876
1799,0,12,13.55,2948982.0,371,0,0,3.949
1799,0,13,19.72,551979.9,37,330,0,2.571
1799,0,14,30.6,3270308.0,406,0,0,3.976
1799,0,15,28.59,3009347.0,378,0,0,3.66
1799,0,16,28.24,0.0,0,415,0,0.0
1799,0,17,31.34,3258062.4,398,1,0,3.216
1799,0,18,36.47,3191098.0,402,0,0,3.384
1799,0,19,5.84,2543.3,0,412,0,2.714
1799,0,20,17.27,3146635.0,406,0,0,3.98
1799,0,21,22.59,3526604.8,439,7,0,3.75
1799,0,22,29.89,39578.3,0,407,0,2.411
1799,0,23,15.03,23233.0,0,402,0,2.596
1799,0,24,29.93,0.0,0,0,0,0.0
1799,0,25,15.88,0.0,0,0,0,0.0
1799,0,26,12.33,0.0,0,0,0,0.0
1799,0,27,23.22,0.0,0,0,0,0.0
1799,0,28,22.59,0.0,0,0,0,0.0
1799,0,29,18.02,0.0,0,0,0,0.0
1799,0,30,31.52,0.0,0,0,0,0.0
1799,0,31,35.22,0.0,0,0,0,0.0
1799,1,0,20.0,39358.6,0,326,0,3.385
1799,1,1,22.2,2667584.0,332,0,0,3.988
1799,1,2,24.66,265027.3,14,341,0,3.611
1799,1,3,21.54,2675092.0,331,0,0,4.0
1799,1,4,33.76,1895.7,0,366,0,3.276
1799,1,5,23.71,2782099.0,352,0,0,3.993
1799,1,6,10.08,2325601.7,288,33,0,3.825
1799,1,7,5.47,2818697.0,353,0,0,3.995
1799,1,8,9.6,2942554.0,368,0,0,3.996
1799,1,9,21.73,34214.3,0,368,0,3.497
1799,1,10,5.31,2744429.0,343,0,0,4.0
1799,1,11,36.07,2659247.0,334,0,0,3.965
1799,1,12,20.46,1090.9,0,328,0,2.895
1799,1,13,34.32,2750921.9,337,3,0,3.946
1799,1,14,8.58,2879561.0,353,0,0,3.994
1799,1,15,13.3,2469319.6,307,19,0,3.873
1799,1,16,27.7,2658893.0,325,0,0,3.999
1799,1,17,12.23,2912538.0,361,0,0,3.987
1799,1,18,16.83,2199031.7,250,84,0,3.76
1799,1,19,38.02,373658.3,21,319,0,3.536
1799,1,20,37.85,2787150.0,343,0,0,3.995
1799,1,21,8.07,2287336.7,273,60,0,3.822
1799,1,22,27.42,2555389.0,319,0,0,3.975
1799,1,23,29.83,980972.7,87,245,0,3.624
1799,1,24,36.07,6582.8,0,385,0,3.457
1799,1,25,17.54,210950.6,8,357,0,3.621
1799,1,26,27.33,2992612.0,376,0,0,3.998
1799,1,27,37.84,0.0,0,0,0,0.0
1799,1,28,36.11,0.0,0,0,0,0.0
1799,1,29,28.09,0.0,0,0,0,0.0
1799,1,30,27.63,0.0,0,0,0,0.0
1799,1,31,24.51,0.0,0,0,0,0.0
1799,2,0,7.74,176.2,0,231,0,3.8
1799,2,1,8.87,1766283.0,220,0,0,3.921
1799,2,2,26.78,233397.0,13,225,0,3.448
1799,2,3,17.07,1645906.0,203,0,0,3.952
1799,2,4,20.49,1732449.0,219,0,0,3.992
1799,2,5,18.4,563.1,0,219,0,1.8
1799,2,6,16.21,1996985.0,243,0,0,3.996
1799,2,7,28.9,1731848.9,213,7,0,3.905
1799,2,8,15.49,1503283.8,189,37,0,3.789
1799,2,9,34.34,462217.6,41,208,0,3.486
1799,2,10,38.11,1787076.0,222,0,0,3.916
1799,2,11,16.92,186599.8,12,206,0,3.412
1799,2,12,10.26,1830300.5,230,1,0,3.99
1799,2,13,21.54,2032087.0,255,0,0,3.903
1799,2,14,19.74,1858282.0,233,2,0,3.918
1799,2,15,32.07,1958232.6,248,6,0,3.826
1799,2,16,36.08,1909727.0,229,0,0,3.993
1799,2,17,28.98,1659312.0,215,0,0,3.996
1799,2,18,8.04,1859217.0,231,0,0,3.995
1799,2,19,33.29,1841865.5,229,5,0,3.894
1799,2,20,17.79,9642.0,0,239,0,3.188
1799,2,21,16.53,1658315.0,201,9,0,3.865
1799,2,22,23.07,1707571.0,213,0,0,3.992
1799,2,23,23.06,1667660.0,213,0,0,3.989
1799,2,24,30.02,836396.5,75,156,0,3.651
1799,2,25,18.79,6409.5,0,212,0,3.078
1799,2,26,16.66,1824885.5,213,20,0,3.83
1799,2,27,27.9,1594050.0,201,0,0,3.992
1799,2,28,14.65,1372467.1,151,87,0,3.727
1799,2,29,36.0,1660549.0,210,1,0,3.979
1799,2,30,34.95,0.0,0,0,0,0.0
1799,2,31,15.56,0.0,0,0,0,0.0
1809,0,0,7.31,130649.9,4,414,0,2.654
1809,0,1,29.18,0.0,0,404,0,0.0
1809,0,2,26.27,3112281.0,398,0,0,3.95
1809,0,3,19.12,3216249.0,405,0,0,3.984
1809,0,4,15.72,41982.5,0,401,0,2.477
1809,0,5,15.24,3398298.0,417,0,0,3.919
1809,0,6,31.03,18822.8,0,405,0,2.516
1809,0,7,39.17,3511628.0,427,0,0,3.95
1809,0,8,35.65,828621.1,60,358,0,2.627
1809,0,9,14.73,3237247.0,413,3,0,3.778
1809,0,10,34.02,15609.8,0,414,0,2.49
1809,0,11,10.86,3331009.1,410,2,0,3.883
1809,0,12,13.55,2948982.0,371,0,0,3.954
1809,0,13,19.72,530428.5,33,334,0,2.612
1809,0,14,30.6,3270308.0,406,0,0,3.975
1809,0,15,28.59,3009347.0,378,0,0,3.665
1809,0,16,28.24,0.0,0,415,0,0.0
1809,0,17,31.34,3258288.2,398,1,0,3.252
1809,0,18,36.47,3191098.0,402,0,0,3.41
1809,0,19,5.84,2996.2,0,412,0,2.7
1809,0,20,17.27,3146635.0,406,0,0,3.983
1809,0,21,22.59,3526604.8,439,7,0,3.774
1809,0,22,29.89,40854.3,0,407,0,2.466
1809,0,23,15.03,24636.9,0,402,0,2.646
1809,0,24,29.93,0.0,0,0,0,0.0
1809,0,25,15.88,0.0,0,0,0,0.0
1809,0,26,12.33,0.0,0,0,0,0.0
1809,0,27,23.22,0.0,0,0,0,0.0
1809,0,28,22.59,0.0,0,0,0,0.0
1809,0,29,18.02,0.0,0,0,0,0.0
1809,0,30,31.52,0.0,0,0,0,0.0
1809,0,31,35.22,0.0,0,0,0,0.0
1809,1,0,20.0,39422.9,0,326,0,3.471
1809,1,1,22.2,2662558.0,331,0,0,3.994
1809,1,2,24.66,280802.9,14,341,0,3.606
1809,1,3,21.54,2675092.0,331,0,0,3.999
1809,1,4,33.76,2061.2,0,366,0,3.267
1809,1,5,23.71,2782099.0,352,0,0,3.993
1809,1,6,10.08,2323047.1,285,36,0,3.845
1809,1,7,5.47,2818697.0,353,0,0,3.996
1809,1,8,9.6,2942554.0,368,0,0,3.994
1809,1,9,21.73,36384.1,0,368,0,3.541
1809,1,10,5.31,2744429.0,343,0,0,4.0
1809,1,11,36.07,2659247.0,334,0,0,3.972
1809,1,12,20.46,1091.4,0,328,0,3.318
1809,1,13,34.32,2753742.7,336,3,1,3.945
1809,1,14,8.58,2879561.0,353,0,0,3.994
1809,1,15,13.3,2463531.9,307,19,0,3.886
1809,1,16,27.7,2658893.0,325,0,0,4.0
1809,1,17,12.23,2912538.0,361,0,0,3.988
1809,1,18,16.83,2173299.7,244,90,0,3.775
1809,1,19,38.02,361258.5,21,319,0,3.555
1809,1,20,37.85,2787150.0,343,0,0,3.996
1809,1,21,8.07,2304754.4,272,61,0,3.835
1809,1,22,27.42,2555389.0,319,0,0,3.985
1809,1,23,29.83,997695.5,92,239,0,3.631
1809,1,24,36.07,5840.1,0,385,0,3.456
1809,1,25,17.54,215737.3,9,356,0,3.613
1809,1,26,27.33,2992612.0,376,0,0,3.999
1809,1,27,37.84,0.0,0,0,0,0.0
1809,1,28,36.11,0.0,0,0,0,0.0
1809,1,29,28.09,0.0,0,0,0,0.0
1809,1,30,27.63,0.0,0,0,0,0.0
1809,1,31,24.51,0.0,0,0,0,0.0
1809,2,0,7.74,322.1,0,231,0,3.625
1809,2,1,8.87,1766283.0,220,0,0,3.936
1809,2,2,26.78,246671.9,17,221,0,3.501
1809,2,3,17.07,1645906.0,203,0,0,3.953
1809,2,4,20.49,1732449.0,219,0,0,3.992
1809,2,5,18.4,563.2,0,219,0,1.8
1809,2,6,16.21,1996985.0,243,0,0,3.998
1809,2,7,28.9,1729638.2,213,7,0,3.908
1809,2,8,15.49,1500084.8,189,37,0,3.806
1809,2,9,34.34,453412.0,40,209,0,3.563
1809,2,10,38.11,1778083.0,221,1,0,3.919
1809,2,11,16.92,177917.7,11,207,0,3.452
1809,2,12,10.26,1830300.5,230,1,0,3.992
1809,2,13,21.54,2032087.0,255,0,0,3.904
1809,2,14,19.74,1856688.5,232,3,0,3.928
1809,2,15,32.07,1953847.6,248,6,0,3.835
1809,2,16,36.08,1909727.0,229,0,0,3.999
1809,2,17,28.98,1659312.0,215,0,0,3.996
1809,2,18,8.04,1859217.0,231,0,0,3.997
1809,2,19,33.29,1841417.2,226,8,0,3.916
1809,2,20,17.79,9650.5,0,239,0,3.337
1809,2,21,16.53,1662965.0,203,7,0,3.876
1809,2,22,23.07,1707571.0,213,0,0,3.994
1809,2,23,23.06,1667660.0,213,0,0,3.989
1809,2,24,30.02,853089.4,79,152,0,3.678
1809,2,25,18.79,6323.2,0,212,0,3.016
1809,2,26,16.66,1827922.3,214,19,0,3.846
1809,2,27,27.9,1594050.0,201,0,0,3.994
1809,2,28,14.65,1336957.4,145,93,0,3.757
1809,2,29,36.0,1660549.0,210,1,0,3.986
1809,2,30,34.95,0.0,0,0,0,0.0
1809,2,31,15.56,0.0,0,0,0,0.0
1819,0,0,7.31,126607.4,4,414,0,2.706
1819,0,1,29.18,0.0,0,404,0,0.0
1819,0,2,26.27,3112281.0,398,0,0,3.952
1819,0,3,19.12,3216249.0,405,0,0,3.984
1819,0,4,15.72,42131.4,0,401,0,2.516
1819,0,5,15.24,3398298.0,417,0,0,3.921
1819,0,6,31.03,19717.0,0,405,0,2.534
1819,0,7,39.17,3511628.0,427,0,0,3.957
1819,0,8,35.65,830988.7,58,360,0,2.665
1819,0,9,14.73,3237247.0,413,3,0,3.78
1819,0,10,34.02,16041.1,0,414,0,2.541
1819,0,11,10.86,3331009.1,410,2,0,3.901
1819,0,12,13.55,2948982.0,371,0,0,3.952
1819,0,13,19.72,524390.7,35,332,0,2.652
1819,0,14,30.6,3270308.0,406,0,0,3.975
1819,0,15,28.59,3009347.0,378,0,0,3.683
1819,0,16,28.24,0.0,0,415,0,0.0
1819,0,17,31.34,3257872.7,397,2,0,3.265
1819,0,18,36.47,3191098.0,402,0,0,3.431
1819,0,19,5.84,3089.1,0,412,0,2.683
1819,0,20,17.27,3146635.0,406,0,0,3.986
1819,0,21,22.59,3526604.8,439,7,0,3.783
1819,0,22,29.89,41882.3,0,407,0,2.473
1819,0,23,15.03,24886.4,0,402,0,2.671
1819,0,24,29.93,0.0,0,0,0,0.0
1819,0,25,15.88,0.0,0,0,0,0.0
1819,0,26,12.33,0.0,0,0,0,0.0
1819,0,27,23.22,0.0,0,0,0,0.0
1819,0,28,22.59,0.0,0,0,0,0.0
1819,0,29,18.02,0.0,0,0,0,0.0
1819,0,30,31.52,0.0,0,0,0,0.0
1819,0,31,35.22,0.0,0,0,0,0.0
1819,1,0,20.0,41359.0,0,326,0,3.473
1819,1,1,22.2,2662558.0,331,0,0,3.997
1819,1,2,24.66,244711.0,11,344,0,3.621
1819,1,3,21.54,2675092.0,331,0,0,4.0
1819,1,4,33.76,1999.2,0,366,0,3.333
1819,1,5,23.71,2782099.0,352,0,0,3.994
1819,1,6,10.08,2330045.7,287,34,0,3.86
1819,1,7,5.47,2818697.0,353,0,0,3.996
1819,1,8,9.6,2942554.0,368,0,0,3.995
1819,1,9,21.73,36976.2,0,368,0,3.547
1819,1,10,5.31,2744429.0,343,0,0,4.0
1819,1,11,36.07,2659247.0,334,0,0,3.976
1819,1,12,20.46,768.9,0,328,0,3.474
1819,1,13,34.32,2752346.5,336,3,1,3.946
1819,1,14,8.58,2879561.0,353,0,0,3.995
1819,1,15,13.3,2474855.5,308,18,0,3.881
1819,1,16,27.7,2658893.0,325,0,0,4.0
1819,1,17,12.23,2912538.0,361,0,0,3.991
1819,1,18,16.83,2161014.8,245,89,0,3.775
1819,1,19,38.02,385140.8,18,322,0,3.573
1819,1,20,37.85,2787150.0,343,0,0,3.992
1819,1,21,8.07,2300402.0,272,61,0,3.843
1819,1,22,27.42,2555389.0,319,0,0,3.985
1819,1,23,29.83,1018428.7,89,242,0,3.65
1819,1,24,36.07,6580.8,0,385,0,3.482
1819,1,25,17.54,209852.2,8,357,0,3.617
1819,1,26,27.33,2992612.0,376,0,0,3.999
1819,1,27,37.84,0.0,0,0,0,0.0
1819,1,28,36.11,0.0,0,0,0,0.0
1819,1,29,28.09,0.0,0,0,0,0.0
1819,1,30,27.63,0.0,0,0,0,0.0
1819,1,31,24.51,0.0,0,0,0,0.0
1819,2,0,7.74,240.8,0,231,0,3.667
1819,2,1,8.87,1766283.0,220,0,0,3.936
1819,2,2,26.78,246558.0,15,223,0,3.489
1819,2,3,17.07,1645906.0,203,0,0,3.955
1819,2,4,20.49,1732449.0,219,0,0,3.995
1819,2,5,18.4,320.6,0,219,0,2.25
1819,2,6,16.21,1996985.0,243,0,0,4.0
1819,2,7,28.9,1704111.6,211,9,0,3.913
1819,2,8,15.49,1507325.6,187,39,0,3.822
1819,2,9,34.34,448614.9,39,210,0,3.553
1819,2,10,38.11,1778083.0,221,1,0,3.92
1819,2,11,16.92,177041.5,11,207,0,3.508
1819,2,12,10.26,1830300.5,230,1,0,3.992
1819,2,13,21.54,2032087.0,255,0,0,3.91
1819,2,14,19.74,1855246.3,233,2,0,3.934
1819,2,15,32.07,1955064.0,248,6,0,3.844
1819,2,16,36.08,1909727.0,229,0,0,3.999
1819,2,17,28.98,1659312.0,215,0,0,3.997
1819,2,18,8.04,1859217.0,231,0,0,3.997
1819,2,19,33.29,1843553.7,227,7,0,3.919
1819,2,20,17.79,10103.8,0,239,0,3.25
1819,2,21,16.53,1658928.9,200,10,0,3.886
1819,2,22,23.07,1707571.0,213,0,0,3.994
1819,2,23,23.06,1667660.0,213,0,0,3.991
1819,2,24,30.02,846181.0,79,152,0,3.683
1819,2,25,18.79,6201.2,0,212,0,2.984
1819,2,26,16.66,1834171.6,214,19,0,3.86
1819,2,27,27.9,1594050.0,201,0,0,3.994
1819,2,28,14.65,1356657.1,150,88,0,3.765
1819,2,29,36.0,1660549.0,210,1,0,3.987
1819,2,30,34.95,0.0,0,0,0,0.0
1819,2,31,15.56,0.0,0,0,0,0.0
1829,0,0,7.31,126012.4,4,414,0,2.622
1829,0,1,29.18,0.0,0,404,0,0.0
1829,0,2,26.27,3112281.0,398,0,0,3.948
1829,0,3,19.12,3216249.0,405,0,0,3.98
1829,0,4,15.72,40740.9,0,400,1,2.395
1829,0,5,15.24,3398298.0,417,0,0,3.915
1829,0,6,31.03,18583.8,0,405,0,2.49
1829,0,7,39.17,3511628.0,427,0,0,3.949
1829,0,8,35.65,840842.0,62,356,0,2.6
1829,0,9,14.73,3237247.0,413,3,0,3.769
1829,0,10,34.02,15759.0,0,414,0,2.483
1829,0,11,10.86,3331009.1,410,2,0,3.885
1829,0,12,13.55,2948982.0,371,0,0,3.952
1829,0,13,19.72,544200.9,36,331,0,2.581
1829,0,14,30.6,3270308.0,406,0,0,3.972
1829,0,15,28.59,3009347.0,378,0,0,3.663
1829,0,16,28.24,0.0,0,415,0,0.0
1829,0,17,31.34,3257624.2,397,2,0,3.239
1829,0,18,36.47,3191098.0,402,0,0,3.411
1829,0,19,5.84,2130.8,0,412,0,2.643
1829,0,20,17.27,3146635.0,406,0,0,3.986
1829,0,21,22.59,3531646.4,439,7,0,3.774
1829,0,22,29.89,40613.9,0,407,0,2.421
1829,0,23,15.03,21976.2,0,402,0,2.628
1829,0,24,29.93,0.0,0,0,0,0.0
1829,0,25,15.88,0.0,0,0,0,0.0
1829,0,26,12.33,0.0,0,0,0,0.0
1829,0,27,23.22,0.0,0,0,0,0.0
1829,0,28,22.59,0.0,0,0,0,0.0
1829,0,29,18.02,0.0,0,0,0,0.0
1829,0,30,31.52,0.0,0,0,0,0.0
1829,0,31,35.22,0.0,0,0,0,0.0
1829,1,0,20.0,36292.3,0,326,0,3.478
1829,1,1,22.2,2667584.0,332,0,0,3.99
1829,1,2,24.66,244792.7,12,343,0,3.603
1829,1,3,21.54,2675092.0,331,0,0,3.999
1829,1,4,33.76,1752.4,0,366,0,3.296
1829,1,5,23.71,2782099.0,352,0,0,3.995
1829,1,6,10.08,2322604.0,283,38,0,3.838
1829,1,7,5.47,2818697.0,353,0,0,3.998
1829,1,8,9.6,2942554.0,368,0,0,3.994
1829,1,9,21.73,34738.0,0,368,0,3.583
1829,1,10,5.31,2744429.0,343,0,0,4.0
1829,1,11,36.07,2659247.0,334,0,0,3.97
1829,1,12,20.46,1046.9,0,328,0,3.44
1829,1,13,34.32,2749244.8,335,4,1,3.942
1829,1,14,8.58,2879561.0,353,0,0,3.99
1829,1,15,13.3,2472737.5,306,20,0,3.889
1829,1,16,27.7,2658893.0,325,0,0,4.0
1829,1,17,12.23,2912538.0,361,0,0,3.987
1829,1,18,16.83,2207647.1,247,87,0,3.778
1829,1,19,38.02,377747.4,24,316,0,3.557
1829,1,20,37.85,2787150.0,343,0,0,3.995
1829,1,21,8.07,2299754.4,274,59,0,3.829
1829,1,22,27.42,2555389.0,319,0,0,3.982
1829,1,23,29.83,1010047.9,92,240,0,3.64
1829,1,24,36.07,6801.5,0,385,0,3.459
1829,1,25,17.54,204693.8,9,356,0,3.613
1829,1,26,27.33,2992612.0,376,0,0,3.996
1829,1,27,37.84,0.0,0,0,0,0.0
1829,1,28,36.11,0.0,0,0,0,0.0
1829,1,29,28.09,0.0,0,0,0,0.0
1829,1,30,27.63,0.0,0,0,0,0.0
1829,1,31,24.51,0.0,0,0,0,0.0
1829,2,0,7.74,271.7,0,231,0,3.714
1829,2,1,8.87,1762791.5,219,1,0,3.938
1829,2,2,26.78,253549.6,17,221,0,3.497
1829,2,3,17.07,1645906.0,203,0,0,3.957
1829,2,4,20.49,1732449.0,219,0,0,3.995
1829,2,5,18.4,474.5,0,219,0,1.75
1829,2,6,16.21,1996985.0,243,0,0,3.998
1829,2,7,28.9,1720677.3,209,11,0,3.905
1829,2,8,15.49,1488963.8,183,43,0,3.82
1829,2,9,34.34,450363.5,37,212,0,3.522
1829,2,10,38.11,1778083.0,221,1,0,3.922
1829,2,11,16.92,195211.7,12,206,0,3.468
1829,2,12,10.26,1826940.0,230,1,0,3.992
1829,2,13,21.54,2032087.0,255,0,0,3.904
1829,2,14,19.74,1853317.7,233,2,0,3.928
1829,2,15,32.07,1951433.2,248,6,0,3.85
1829,2,16,36.08,1909727.0,229,0,0,3.996
1829,2,17,28.98,1659312.0,215,0,0,3.997
1829,2,18,8.04,1859217.0,231,0,0,3.997
1829,2,19,33.29,1839563.3,227,7,0,3.924
1829,2,20,17.79,8360.3,0,239,0,3.347
1829,2,21,16.53,1660501.5,200,10,0,3.893
1829,2,22,23.07,1707571.0,213,0,0,3.994
1829,2,23,23.06,1667660.0,213,0,0,3.992
1829,2,24,30.02,854495.5,79,152,0,3.684
1829,2,25,18.79,6076.9,0,212,0,3.086
1829,2,26,16.66,1821884.9,214,19,0,3.845
1829,2,27,27.9,1594050.0,201,0,0,3.994
1829,2,28,14.65,1342212.9,149,89,0,3.755
1829,2,29,36.0,1660549.0,210,1,0,3.988
1829,2,30,34.95,0.0,0,0,0,0.0
1829,2,31,15.56,0.0,0,0,0,0.0
1839,0,0,7.31,129210.7,4,414,0,2.589
1839,0,1,29.18,0.0,0,404,0,0.0
1839,0,2,26.27,3112281.0,398,0,0,3.945
1839,0,3,19.12,3216249.0,405,0,0,3.981
1839,0,4,15.72,40058.5,0,400,1,2.431
1839,0,5,15.24,3398298.0,417,0,0,3.914
1839,0,6,31.03,17878.5,0,405,0,2.485
1839,0,7,39.17,3511628.0,427,0,0,3.949
1839,0,8,35.65,851764.5,65,353,0,2.582
1839,0,9,14.73,3246611.0,414,2,0,3.765
1839,0,10,34.02,15149.2,0,414,0,2.483
1839,0,11,10.86,3331009.1,410,2,0,3.881
1839,0,12,13.55,2948982.0,371,0,0,3.959
1839,0,13,19.72,536925.1,35,332,0,2.57
1839,0,14,30.6,3270308.0,406,0,0,3.971
1839,0,15,28.59,3009347.0,378,0,0,3.658
1839,0,16,28.24,0.0,0,415,0,0.0
1839,0,17,31.34,3257624.2,397,2,0,3.24
1839,0,18,36.47,3191098.0,402,0,0,3.409
1839,0,19,5.84,2113.5,0,412,0,2.774
1839,0,20,17.27,3146635.0,406,0,0,3.984
1839,0,21,22.59,3536429.8,440,6,0,3.771
1839,0,22,29.89,39155.8,0,407,0,2.406
1839,0,23,15.03,23138.2,0,402,0,2.586
1839,0,24,29.93,0.0,0,0,0,0.0
1839,0,25,15.88,0.0,0,0,0,0.0
1839,0,26,12.33,0.0,0,0,0,0.0
1839,0,27,23.22,0.0,0,0,0,0.0
1839,0,28,22.59,0.0,0,0,0,0.0
1839,0,29,18.02,0.0,0,0,0,0.0
1839,0,30,31.52,0.0,0,0,0,0.0
1839,0,31,35.22,0.0,0,0,0,0.0
1839,1,0,20.0,36186.4,0,326,0,3.439
1839,1,1,22.2,2662558.0,331,0,0,3.993
1839,1,2,24.66,241288.2,12,343,0,3.577
1839,1,3,21.54,2675092.0,331,0,0,3.999
1839,1,4,33.76,1418.1,0,366,0,3.32
1839,1,5,23.71,2782099.0,352,0,0,3.995
1839,1,6,10.08,2327680.8,284,37,0,3.839
1839,1,7,5.47,2818697.0,353,0,0,3.996
1839,1,8,9.6,2942554.0,368,0,0,3.992
1839,1,9,21.73,36215.8,0,368,0,3.489
1839,1,10,5.31,2744429.0,343,0,0,4.0
1839,1,11,36.07,2659247.0,334,0,0,3.965
1839,1,12,20.46,1028.7,0,328,0,3.25
1839,1,13,34.32,2751880.8,336,3,1,3.934
1839,1,14,8.58,2879561.0,353,0,0,3.989
1839,1,15,13.3,2470496.0,306,20,0,3.884
1839,1,16,27.7,2658893.0,325,0,0,3.999
1839,1,17,12.23,2912538.0,361,0,0,3.989
1839,1,18,16.83,2188172.3,248,86,0,3.756
1839,1,19,38.02,381604.2,22,318,0,3.53
1839,1,20,37.85,2787150.0,343,0,0,3.994
1839,1,21,8.07,2296254.9,275,58,0,3.815
1839,1,22,27.42,2555389.0,319,0,0,3.982
1839,1,23,29.83,1010508.8,92,239,0,3.624
1839,1,24,36.07,5759.9,0,385,0,3.403
1839,1,25,17.54,213363.0,9,356,0,3.578
1839,1,26,27.33,2992612.0,376,0,0,3.996
1839,1,27,37.84,0.0,0,0,0,0.0
1839,1,28,36.11,0.0,0,0,0,0.0
1839,1,29,28.09,0.0,0,0,0,0.0
1839,1,30,27.63,0.0,0,0,0,0.0
1839,1,31,24.51,0.0,0,0,0,0.0
1839,2,0,7.74,254.9,0,231,0,3.5
1839,2,1,8.87,1764388.0,219,1,0,3.931
1839,2,2,26.78,239765.5,14,224,0,3.475
1839,2,3,17.07,1645906.0,203,0,0,3.943
1839,2,4,20.49,1732449.0,219,0,0,3.99
1839,2,5,18.4,563.2,0,219,0,1.8
1839,2,6,16.21,1996985.0,243,0,0,4.0
1839,2,7,28.9,1719358.3,212,8,0,3.906
1839,2,8,15.49,1508470.5,186,40,0,3.803
1839,2,9,34.34,446859.2,37,212,0,3.501
1839,2,10,38.11,1787076.0,222,0,0,3.916
1839,2,11,16.92,181298.2,12,206,0,3.45
1839,2,12,10.26,1826940.0,230,1,0,3.99
1839,2,13,21.54,2032087.0,255,0,0,3.91
1839,2,14,19.74,1857136.6,232,3,0,3.916
1839,2,15,32.07,1962458.8,249,5,0,3.831
1839,2,16,36.08,1909727.0,229,0,0,3.994
1839,2,17,28.98,1659312.0,215,0,0,3.997
1839,2,18,8.04,1859217.0,231,0,0,3.997
1839,2,19,33.29,1838851.0,226,8,0,3.917
1839,2,20,17.79,9114.9,0,239,0,3.162
1839,2,21,16.53,1646321.4,198,12,0,3.868
1839,2,22,23.07,1707571.0,213,0,0,3.99
1839,2,23,23.06,1667660.0,213,0,0,3.992
1839,2,24,30.02,865077.5,80,151,0,3.662
1839,2,25,18.79,6416.3,0,212,0,3.159
1839,2,26,16.66,1834815.8,216,17,0,3.841
1839,2,27,27.9,1594050.0,201,0,0,3.991
1839,2,28,14.65,1350847.3,152,86,0,3.766
1839,2,29,36.0,1660549.0,210,1,0,3.987
1839,2,30,34.95,0.0,0,0,0,0.0
1839,2,31,15.56,0.0,0,0,0,0.0
1849,0,0,7.31,120957.3,4,414,0,2.535
1849,0,1,29.18,0.0,0,404,0,0.0
1849,0,2,26.27,3112281.0,398,0,0,3.94
1849,0,3,19.12,3216249.0,405,0,0,3.978
1849,0,4,15.72,42022.1,0,400,1,2.369
1849,0,5,15.24,3398298.0,417,0,0,3.921
1849,0,6,31.03,18396.5,0,405,0,2.344
1849,0,7,39.17,3511628.0,427,0,0,3.936
1849,0,8,35.65,839857.5,62,356,0,2.545
1849,0,9,14.73,3246611.0,414,2,0,3.763
1849,0,10,34.02,15561.9,0,414,0,2.496
1849,0,11,10.86,3323638.1,409,3,0,3.877
1849,0,12,13.55,2948982.0,371,0,0,3.958
1849,0,13,19.72,551949.1,38,329,0,2.532
1849,0,14,30.6,3270308.0,406,0,0,3.972
1849,0,15,28.59,3009347.0,378,0,0,3.655
1849,0,16,28.24,0.0,0,415,0,0.0
1849,0,17,31.34,3257410.0,397,2,0,3.216
1849,0,18,36.47,3191098.0,402,0,0,3.407
1849,0,19,5.84,1991.1,0,412,0,2.759
1849,0,20,17.27,3146635.0,406,0,0,3.983
1849,0,21,22.59,3543820.8,441,5,0,3.757
1849,0,22,29.89,39610.6,0,407,0,2.366
1849,0,23,15.03,22838.3,0,402,0,2.542
1849,0,24,29.93,0.0,0,0,0,0.0
1849,0,25,15.88,0.0,0,0,0,0.0
1849,0,26,12.33,0.0,0,0,0,0.0
1849,0,27,23.22,0.0,0,0,0,0.0
1849,0,28,22.59,0.0,0,0,0,0.0
1849,0,29,18.02,0.0,0,0,0,0.0
1849,0,30,31.52,0.0,0,0,0,0.0
1849,0,31,35.22,0.0,0,0,0,0.0
1849,1,0,20.0,38329.8,1,325,0,3.458
1849,1,1,22.2,2667584.0,332,0,0,3.991
1849,1,2,24.66,231324.1,13,342,0,3.575
1849,1,3,21.54,2675092.0,331,0,0,4.0
1849,1,4,33.76,1190.8,0,366,0,3.429
1849,1,5,23.71,2782099.0,352,0,0,3.994
1849,1,6,10.08,2318283.4,283,38,0,3.838
1849,1,7,5.47,2818697.0,353,0,0,3.996
1849,1,8,9.6,2942554.0,368,0,0,3.992
1849,1,9,21.73,33002.1,0,368,0,3.547
1849,1,10,5.31,2744429.0,343,0,0,3.999
1849,1,11,36.07,2659247.0,334,0,0,3.966
1849,1,12,20.46,1347.4,0,328,0,3.0
1849,1,13,34.32,2749578.1,335,4,1,3.938
1849,1,14,8.58,2879561.0,353,0,0,3.993
1849,1,15,13.3,2462999.3,307,18,0,3.886
1849,1,16,27.7,2658893.0,325,0,0,4.0
1849,1,17,12.23,2912538.0,361,0,0,3.989
1849,1,18,16.83,2229910.0,252,82,0,3.756
1849,1,19,38.02,389142.9,21,319,0,3.518
1849,1,20,37.85,2787150.0,343,0,0,3.996
1849,1,21,8.07,2286854.1,270,63,0,3.824
1849,1,22,27.42,2555389.0,319,0,0,3.976
1849,1,23,29.83,996876.3,89,242,0,3.597
1849,1,24,36.07,5847.0,0,385,0,3.36
1849,1,25,17.54,208694.6,10,355,0,3.581
1849,1,26,27.33,2992612.0,376,0,0,3.998
1849,1,27,37.84,0.0,0,0,0,0.0
1849,1,28,36.11,0.0,0,0,0,0.0
1849,1,29,28.09,0.0,0,0,0,0.0
1849,1,30,27.63,0.0,0,0,0,0.0
1849,1,31,24.51,0.0,0,0,0,0.0
1849,2,0,7.74,254.9,0,231,0,3.5
1849,2,1,8.87,1766283.0,220,0,0,3.935
1849,2,2,26.78,239244.2,16,222,0,3.476
1849,2,3,17.07,1645906.0,203,0,0,3.947
1849,2,4,20.49,1732449.0,219,0,0,3.993
1849,2,5,18.4,354.5,0,219,0,2.0
1849,2,6,16.21,1996985.0,243,0,0,3.998
1849,2,7,28.9,1715973.1,211,9,0,3.909
1849,2,8,15.49,1495493.3,183,43,0,3.802
1849,2,9,34.34,464793.8,40,209,0,3.508
1849,2,10,38.11,1787076.0,222,0,0,3.92
1849,2,11,16.92,183803.1,12,206,0,3.462
1849,2,12,10.26,1826940.0,230,1,0,3.992
1849,2,13,21.54,2031973.5,254,1,0,3.903
1849,2,14,19.74,1856796.5,233,2,0,3.922
1849,2,15,32.07,1952976.7,246,8,0,3.816
1849,2,16,36.08,1909727.0,229,0,0,3.996
1849,2,17,28.98,1659312.0,215,0,0,3.997
1849,2,18,8.04,1859217.0,231,0,0,3.995
1849,2,19,33.29,1839931.9,225,9,0,3.915
1849,2,20,17.79,8384.3,0,239,0,3.169
1849,2,21,16.53,1656409.7,201,9,0,3.87
1849,2,22,23.07,1707571.0,213,0,0,3.994
1849,2,23,23.06,1667660.0,213,0,0,3.992
1849,2,24,30.02,841988.6,72,159,0,3.664
1849,2,25,18.79,6143.2,0,212,0,2.906
1849,2,26,16.66,1825266.4,213,20,0,3.836
1849,2,27,27.9,1594050.0,201,0,0,3.99
1849,2,28,14.65,1356393.7,150,88,0,3.736
1849,2,29,36.0,1660769.4,210,1,0,3.989
1849,2,30,34.95,0.0,0,0,0,0.0
1849,2,31,15.56,0.0,0,0,0,0.0
1859,0,0,7.31,108670.5,4,414,0,2.529
1859,0,1,29.18,0.0,0,404,0,0.0
1859,0,2,26.27,3112281.0,398,0,0,3.945
1859,0,3,19.12,3216249.0,405,0,0,3.979
1859,0,4,15.72,43580.8,0,400,1,2.308
1859,0,5,15.24,3398298.0,417,0,0,3.907
1859,0,6,31.03,17908.3,0,405,0,2.378
1859,0,7,39.17,3511628.0,427,0,0,3.932
1859,0,8,35.65,847400.0,67,351,0,2.51
1859,0,9,14.73,3237247.0,413,3,0,3.746
1859,0,10,34.02,14734.4,0,414,0,2.397
1859,0,11,10.86,3331009.1,410,2,0,3.87
1859,0,12,13.55,2948982.0,371,0,0,3.942
1859,0,13,19.72,553860.5,39,328,0,2.51
1859,0,14,30.6,3265781.0,405,1,0,3.97
1859,0,15,28.59,3009347.0,378,0,0,3.644
1859,0,16,28.24,0.0,0,415,0,0.0
1859,0,17,31.34,3258062.4,398,1,0,3.185
1859,0,18,36.47,3191098.0,402,0,0,3.378
1859,0,19,5.84,2158.8,0,412,0,2.593
1859,0,20,17.27,3146635.0,406,0,0,3.981
1859,0,21,22.59,3526604.8,439,7,0,3.751
1859,0,22,29.89,41687.7,0,407,0,2.299
1859,0,23,15.03,23024.7,0,402,0,2.515
1859,0,24,29.93,0.0,0,0,0,0.0
1859,0,25,15.88,0.0,0,0,0,0.0
1859,0,26,12.33,0.0,0,0,0,0.0
1859,0,27,23.22,0.0,0,0,0,0.0
1859,0,28,22.59,0.0,0,0,0,0.0
1859,0,29,18.02,0.0,0,0,0,0.0
1859,0,30,31.52,0.0,0,0,0,0.0
1859,0,31,35.22,0.0,0,0,0,0.0
1859,1,0,20.0,35730.3,0,326,0,3.409
1859,1,1,22.2,2667584.0,332,0,0,3.995
1859,1,2,24.66,256875.2,13,342,0,3.531
1859,1,3,21.54,2675092.0,331,0,0,3.999
1859,1,4,33.76,1337.8,0,366,0,3.391
1859,1,5,23.71,2782099.0,352,0,0,3.992
1859,1,6,10.08,2323000.1,283,38,0,3.837
1859,1,7,5.47,2818697.0,353,0,0,3.992
1859,1,8,9.6,2942554.0,368,0,0,3.995
1859,1,9,21.73,33564.2,0,368,0,3.486
1859,1,10,5.31,2744429.0,343,0,0,3.999
1859,1,11,36.07,2659247.0,334,0,0,3.97
1859,1,12,20.46,663.6,0,328,0,3.071
1859,1,13,34.32,2752834.7,336,4,0,3.929
1859,1,14,8.58,2879561.0,353,0,0,3.995
1859,1,15,13.3,2470404.8,306,20,0,3.871
1859,1,16,27.7,2658893.0,325,0,0,4.0
1859,1,17,12.23,2912538.0,361,0,0,3.984
1859,1,18,16.83,2233769.8,254,80,0,3.741
1859,1,19,38.02,394753.8,25,315,0,3.486
1859,1,20,37.85,2787150.0,343,0,0,3.994
1859,1,21,8.07,2292369.7,274,59,0,3.802
1859,1,22,27.42,2555389.0,319,0,0,3.977
1859,1,23,29.83,966369.9,86,246,0,3.583
1859,1,24,36.07,5527.9,0,385,0,3.413
1859,1,25,17.54,215296.4,9,356,0,3.546
1859,1,26,27.33,2992612.0,376,0,0,3.999
1859,1,27,37.84,0.0,0,0,0,0.0
1859,1,28,36.11,0.0,0,0,0,0.0
1859,1,29,28.09,0.0,0,0,0,0.0
1859,1,30,27.63,0.0,0,0,0,0.0
1859,1,31,24.51,0.0,0,0,0,0.0
1859,2,0,7.74,287.4,0,231,0,3.571
1859,2,1,8.87,1766283.0,220,0,0,3.92
1859,2,2,26.78,242195.0,20,218,0,3.469
1859,2,3,17.07,1645906.0,203,0,0,3.95
1859,2,4,20.49,1732449.0,219,0,0,3.99
1859,2,5,18.4,440.1,0,219,0,2.0
1859,2,6,16.21,1996985.0,243,0,0,3.998
1859,2,7,28.9,1717690.7,212,8,0,3.899
1859,2,8,15.49,1476713.7,183,43,0,3.786
1859,2,9,34.34,466613.6,36,213,0,3.471
1859,2,10,38.11,1787076.0,222,0,0,3.915
1859,2,11,16.92,183091.6,13,205,0,3.383
1859,2,12,10.26,1826940.0,230,1,0,3.992
1859,2,13,21.54,2032087.0,255,0,0,3.892
1859,2,14,19.74,1855302.0,233,2,0,3.914
1859,2,15,32.07,1951470.4,247,7,0,3.815
1859,2,16,36.08,1909727.0,229,0,0,3.99
1859,2,17,28.98,1659312.0,215,0,0,3.993
1859,2,18,8.04,1859217.0,231,0,0,3.993
1859,2,19,33.29,1842352.0,228,6,0,3.894
1859,2,20,17.79,9019.2,0,239,0,3.046
1859,2,21,16.53,1683864.7,203,7,0,3.856
1859,2,22,23.07,1707571.0,213,0,0,3.99
1859,2,23,23.06,1667660.0,213,0,0,3.991
1859,2,24,30.02,841951.9,78,153,0,3.629
1859,2,25,18.79,6497.1,0,212,0,2.875
1859,2,26,16.66,1839071.5,214,19,0,3.818
1859,2,27,27.9,1594050.0,201,0,0,3.99
1859,2,28,14.65,1353564.5,152,86,0,3.726
1859,2,29,36.0,1660769.4,210,1,0,3.983
1859,2,30,34.95,0.0,0,0,0,0.0
1859,2,31,15.56,0.0,0,0,0,0.0
1869,0,0,7.31,102538.1,4,414,0,2.397
1869,0,1,29.18,0.0,0,404,0,0.0
1869,0,2,26.27,3112281.0,398,0,0,3.935
1869,0,3,19.12,3216249.0,405,0,0,3.976
1869,0,4,15.72,45887.3,0,400,1,2.199
1869,0,5,15.24,3398298.0,417,0,0,3.909
1869,0,6,31.03,16281.3,0,405,0,2.247
1869,0,7,39.17,3511628.0,427,0,0,3.91
1869,0,8,35.65,848739.0,63,355,0,2.453
1869,0,9,14.73,3246611.0,414,2,0,3.729
1869,0,10,34.02,16207.1,0,414,0,2.287
1869,0,11,10.86,3331009.1,410,2,0,3.855
1869,0,12,13.55,2948982.0,371,0,0,3.94
1869,0,13,19.72,575168.9,43,324,0,2.42
1869,0,14,30.6,3270308.0,406,0,0,3.964
1869,0,15,28.59,3009347.0,378,0,0,3.619
1869,0,16,28.24,0.0,0,415,0,0.0
1869,0,17,31.34,3260371.0,399,0,0,3.116
1869,0,18,36.47,3191098.0,402,0,0,3.316
1869,0,19,5.84,2322.1,0,412,0,2.5
1869,0,20,17.27,3146635.0,406,0,0,3.976
1869,0,21,22.59,3521292.7,437,9,0,3.711
1869,0,22,29.89,40356.5,0,407,0,2.192
1869,0,23,15.03,22662.5,1,399,2,2.312
1869,0,24,29.93,0.0,0,0,0,0.0
1869,0,25,15.88,0.0,0,0,0,0.0
1869,0,26,12.33,0.0,0,0,0,0.0
1869,0,27,23.22,0.0,0,0,0,0.0
1869,0,28,22.59,0.0,0,0,0,0.0
1869,0,29,18.02,0.0,0,0,0,0.0
1869,0,30,31.52,0.0,0,0,0,0.0
1869,0,31,35.22,0.0,0,0,0,0.0
1869,1,0,20.0,37141.4,0,326,0,3.321
1869,1,1,22.2,2667584.0,332,0,0,3.987
1869,1,2,24.66,234344.5,16,339,0,3.491
1869,1,3,21.54,2675092.0,331,0,0,3.999
1869,1,4,33.76,1201.5,0,366,0,3.2
1869,1,5,23.71,2782099.0,352,0,0,3.994
1869,1,6,10.08,2310172.7,281,40,0,3.799
1869,1,7,5.47,2818697.0,353,0,0,3.99
1869,1,8,9.6,2942554.0,368,0,0,3.995
1869,1,9,21.73,35623.9,0,368,0,3.404
1869,1,10,5.31,2744429.0,343,0,0,4.0
1869,1,11,36.07,2659247.0,334,0,0,3.954
1869,1,12,20.46,852.4,0,328,0,3.056
1869,1,13,34.32,2753444.7,337,2,1,3.906
1869,1,14,8.58,2879561.0,353,0,0,3.991
1869,1,15,13.3,2484703.4,308,17,0,3.859
1869,1,16,27.7,2658893.0,325,0,0,4.0
1869,1,17,12.23,2912538.0,361,0,0,3.986
1869,1,18,16.83,2216376.0,254,80,0,3.708
1869,1,19,38.02,343362.1,24,316,0,3.458
1869,1,20,37.85,2787150.0,343,0,0,3.993
1869,1,21,8.07,2275828.8,269,64,0,3.766
1869,1,22,27.42,2555389.0,319,0,0,3.979
1869,1,23,29.83,1025805.0,89,243,0,3.543
1869,1,24,36.07,6130.6,0,385,0,3.164
1869,1,25,17.54,211293.7,11,354,0,3.475
1869,1,26,27.33,2992612.0,376,0,0,3.995
1869,1,27,37.84,0.0,0,0,0,0.0
1869,1,28,36.11,0.0,0,0,0,0.0
1869,1,29,28.09,0.0,0,0,0,0.0
1869,1,30,27.63,0.0,0,0,0,0.0
1869,1,31,24.51,0.0,0,0,0,0.0
1869,2,0,7.74,321.5,0,231,0,3.0
1869,2,1,8.87,1766283.0,220,0,0,3.903
1869,2,2,26.78,222376.4,19,219,0,3.38
1869,2,3,17.07,1645906.0,203,0,0,3.943
1869,2,4,20.49,1732449.0,219,0,0,3.992
1869,2,5,18.4,474.1,0,219,0,1.75
1869,2,6,16.21,1996985.0,243,0,0,3.998
1869,2,7,28.9,1725892.9,211,9,0,3.891
1869,2,8,15.49,1492939.0,185,41,0,3.777
1869,2,9,34.34,464443.8,40,209,0,3.437
1869,2,10,38.11,1778083.0,221,1,0,3.904
1869,2,11,16.92,195588.9,12,206,0,3.342
1869,2,12,10.26,1826940.0,230,1,0,3.99
1869,2,13,21.54,2032087.0,255,0,0,3.864
1869,2,14,19.74,1856800.9,233,2,0,3.911
1869,2,15,32.07,1952134.4,246,8,0,3.802
1869,2,16,36.08,1909727.0,229,0,0,3.997
1869,2,17,28.98,1659312.0,215,0,0,3.993
1869,2,18,8.04,1859217.0,231,0,0,3.995
1869,2,19,33.29,1836994.2,228,6,0,3.889
1869,2,20,17.79,8898.1,0,239,0,2.842
1869,2,21,16.53,1685291.3,201,9,0,3.841
1869,2,22,23.07,1707571.0,213,0,0,3.988
1869,2,23,23.06,1667660.0,213,0,0,3.991
1869,2,24,30.02,842480.1,78,153,0,3.582
1869,2,25,18.79,6168.6,0,212,0,2.771
1869,2,26,16.66,1836007.2,217,16,0,3.795
1869,2,27,27.9,1594050.0,201,0,0,3.992
1869,2,28,14.65,1327048.9,152,86,0,3.691
1869,2,29,36.0,1660549.0,210,1,0,3.99
1869,2,30,34.95,0.0,0,0,0,0.0
1869,2,31,15.56,0.0,0,0,0,0.0
1879,0,0,7.31,105475.6,5,413,0,2.297
1879,0,1,29.18,0.0,0,404,0,0.0
1879,0,2,26.27,3112281.0,398,0,0,3.926
1879,0,3,19.12,3204678.0,404,0,0,3.975
1879,0,4,15.72,42769.7,0,399,2,2.104
1879,0,5,15.24,3398298.0,417,0,0,3.894
1879,0,6,31.03,18178.8,0,405,0,2.038
1879,0,7,39.17,3511628.0,427,0,0,3.913
1879,0,8,35.65,825172.5,63,355,0,2.384
1879,0,9,14.73,3246611.0,414,2,0,3.696
1879,0,10,34.02,15461.3,0,414,0,2.248
1879,0,11,10.86,3331155.9,410,2,0,3.841
1879,0,12,13.55,2948982.0,371,0,0,3.928
1879,0,13,19.72,564033.8,44,323,0,2.363
1879,0,14,30.6,3265781.0,405,1,0,3.963
1879,0,15,28.59,3009347.0,378,0,0,3.593
1879,0,16,28.24,0.0,0,415,0,0.0
1879,0,17,31.34,3260371.0,399,0,0,3.058
1879,0,18,36.47,3191098.0,402,0,0,3.271
1879,0,19,5.84,2302.4,0,412,0,2.2
1879,0,20,17.27,3146635.0,406,0,0,3.977
1879,0,21,22.59,3521212.4,437,9,0,3.699
1879,0,22,29.89,44126.8,0,407,0,2.034
1879,0,23,15.03,23058.3,1,400,1,2.236
1879,0,24,29.93,0.0,0,0,0,0.0
1879,0,25,15.88,0.0,0,0,0,0.0
1879,0,26,12.33,0.0,0,0,0,0.0
1879,0,27,23.22,0.0,0,0,0,0.0
1879,0,28,22.59,0.0,0,0,0,0.0
1879,0,29,18.02,0.0,0,0,0,0.0
1879,0,30,31.52,0.0,0,0,0,0.0
1879,0,31,35.22,0.0,0,0,0,0.0
1879,1,0,20.0,30990.6,0,326,0,3.329
1879,1,1,22.2,2667584.0,332,0,0,3.989
1879,1,2,24.66,230421.0,14,341,0,3.439
1879,1,3,21.54,2675092.0,331,0,0,3.999
1879,1,4,33.76,548.2,0,366,0,3.571
1879,1,5,23.71,2782099.0,352,0,0,3.991
1879,1,6,10.08,2320501.2,281,40,0,3.775
1879,1,7,5.47,2818697.0,353,0,0,3.989
1879,1,8,9.6,2942554.0,368,0,0,3.996
1879,1,9,21.73,34302.9,0,368,0,3.344
1879,1,10,5.31,2744429.0,343,0,0,3.999
1879,1,11,36.07,2659247.0,334,0,0,3.954
1879,1,12,20.46,843.3,0,328,0,2.692
1879,1,13,34.32,2748163.3,337,3,0,3.901
1879,1,14,8.58,2879561.0,353,0,0,3.989
1879,1,15,13.3,2486004.3,309,16,0,3.831
1879,1,16,27.7,2658893.0,325,0,0,3.999
1879,1,17,12.23,2912538.0,361,0,0,3.98
1879,1,18,16.83,2244459.9,259,75,0,3.682
1879,1,19,38.02,369405.6,24,316,0,3.378
1879,1,20,37.85,2787150.0,343,0,0,3.992
1879,1,21,8.07,2298833.6,272,61,0,3.738
1879,1,22,27.42,2555389.0,319,0,0,3.974
1879,1,23,29.83,1046402.0,101,231,0,3.494
1879,1,24,36.07,4371.9,0,385,0,3.204
1879,1,25,17.54,202646.0,10,355,0,3.482
1879,1,26,27.33,2992612.0,376,0,0,3.996
1879,1,27,37.84,0.0,0,0,0,0.0
1879,1,28,36.11,0.0,0,0,0,0.0
1879,1,29,28.09,0.0,0,0,0,0.0
1879,1,30,27.63,0.0,0,0,0,0.0
1879,1,31,24.51,0.0,0,0,0,0.0
1879,2,0,7.74,151.5,0,231,0,3.0
1879,2,1,8.87,1766283.0,220,0,0,3.891
1879,2,2,26.78,219539.8,19,218,1,3.374
1879,2,3,17.07,1645906.0,203,0,0,3.945
1879,2,4,20.49,1732449.0,219,0,0,3.992
1879,2,5,18.4,385.4,0,219,0,1.667
1879,2,6,16.21,1996985.0,243,0,0,4.0
1879,2,7,28.9,1723114.9,211,9,0,3.861
1879,2,8,15.49,1519750.9,192,34,0,3.744
1879,2,9,34.34,463360.5,40,209,0,3.408
1879,2,10,38.11,1787076.0,222,0,0,3.897
1879,2,11,16.92,184326.6,11,207,0,3.32
1879,2,12,10.26,1826940.0,230,1,0,3.992
1879,2,13,21.54,2032087.0,255,0,0,3.86
1879,2,14,19.74,1857955.1,233,2,0,3.893
1879,2,15,32.07,1962910.5,248,6,0,3.767
1879,2,16,36.08,1909727.0,229,0,0,3.987
1879,2,17,28.98,1659312.0,215,0,0,3.993
1879,2,18,8.04,1859217.0,231,0,0,3.993
1879,2,19,33.29,1834526.2,227,7,0,3.863
1879,2,20,17.79,8133.7,0,239,0,2.8
1879,2,21,16.53,1656514.9,201,9,0,3.825
1879,2,22,23.07,1707571.0,213,0,0,3.988
1879,2,23,23.06,1667660.0,213,0,0,3.987
1879,2,24,30.02,867752.9,80,151,0,3.532
1879,2,25,18.79,6093.2,0,212,0,2.628
1879,2,26,16.66,1836497.7,216,17,0,3.784
1879,2,27,27.9,1594050.0,201,0,0,3.992
1879,2,28,14.65,1362435.8,157,81,0,3.664
1879,2,29,36.0,1660549.0,210,1,0,3.983
1879,2,30,34.95,0.0,0,0,0,0.0
1879,2,31,15.56,0.0,0,0,0,0.0
1889,0,0,7.31,111047.2,4,414,0,2.319
1889,0,1,29.18,0.0,0,404,0,0.0
1889,0,2,26.27,3112281.0,398,0,0,3.931
1889,0,3,19.12,3204678.0,404,0,0,3.973
1889,0,4,15.72,43069.3,0,400,1,2.129
1889,0,5,15.24,3398298.0,417,0,0,3.896
1889,0,6,31.03,17407.1,0,405,0,2.084
1889,0,7,39.17,3511628.0,427,0,0,3.913
1889,0,8,35.65,811156.4,63,355,0,2.421
1889,0,9,14.73,3246611.0,414,2,0,3.71
1889,0,10,34.02,14635.4,0,414,0,2.232
1889,0,11,10.86,3331155.9,410,2,0,3.832
1889,0,12,13.55,2948982.0,371,0,0,3.93
1889,0,13,19.72,576000.3,41,326,0,2.372
1889,0,14,30.6,3270308.0,406,0,0,3.964
1889,0,15,28.59,3009347.0,378,0,0,3.589
1889,0,16,28.24,0.0,0,415,0,0.0
1889,0,17,31.34,3260371.0,399,0,0,3.071
1889,0,18,36.47,3191098.0,402,0,0,3.278
1889,0,19,5.84,2668.7,0,412,0,2.13
1889,0,20,17.27,3146635.0,406,0,0,3.975
1889,0,21,22.59,3521212.4,437,9,0,3.704
1889,0,22,29.89,42934.2,0,407,0,2.063
1889,0,23,15.03,23164.2,1,400,1,2.245
1889,0,24,29.93,0.0,0,0,0,0.0
1889,0,25,15.88,0.0,0,0,0,0.0
1889,0,26,12.33,0.0,0,0,0,0.0
1889,0,27,23.22,0.0,0,0,0,0.0
1889,0,28,22.59,0.0,0,0,0,0.0
1889,0,29,18.02,0.0,0,0,0,0.0
1889,0,30,31.52,0.0,0,0,0,0.0
1889,0,31,35.22,0.0,0,0,0,0.0
1889,1,0,20.0,36337.6,0,326,0,3.29
1889,1,1,22.2,2667584.0,332,0,0,3.986
1889,1,2,24.66,224525.5,15,340,0,3.472
1889,1,3,21.54,2675092.0,331,0,0,3.996
1889,1,4,33.76,563.0,0,366,0,3.643
1889,1,5,23.71,2782099.0,352,0,0,3.989
1889,1,6,10.08,2323666.1,283,38,0,3.775
1889,1,7,5.47,2818697.0,353,0,0,3.988
1889,1,8,9.6,2942554.0,368,0,0,3.995
1889,1,9,21.73,39542.8,0,368,0,3.397
1889,1,10,5.31,2744429.0,343,0,0,4.0
1889,1,11,36.07,2659247.0,334,0,0,3.957
1889,1,12,20.46,698.6,0,328,0,2.6
1889,1,13,34.32,2751728.5,336,4,0,3.903
1889,1,14,8.58,2879561.0,353,0,0,3.991
1889,1,15,13.3,2484634.8,308,17,0,3.841
1889,1,16,27.7,2658893.0,325,0,0,4.0
1889,1,17,12.23,2912538.0,361,0,0,3.979
1889,1,18,16.83,2237590.0,254,80,0,3.677
1889,1,19,38.02,380206.6,26,314,0,3.413
1889,1,20,37.85,2787150.0,343,0,0,3.989
1889,1,21,8.07,2289441.3,273,60,0,3.747
1889,1,22,27.42,2555389.0,319,0,0,3.979
1889,1,23,29.83,1027543.3,97,235,0,3.518
1889,1,24,36.07,4638.6,0,385,0,3.157
1889,1,25,17.54,199817.2,10,355,0,3.462
1889,1,26,27.33,2992612.0,376,0,0,3.996
1889,1,27,37.84,0.0,0,0,0,0.0
1889,1,28,36.11,0.0,0,0,0,0.0
1889,1,29,28.09,0.0,0,0,0,0.0
1889,1,30,27.63,0.0,0,0,0,0.0
1889,1,31,24.51,0.0,0,0,0,0.0
1889,2,0,7.74,433.5,0,231,0,3.0
1889,2,1,8.87,1762232.0,219,1,0,3.897
1889,2,2,26.78,226919.0,19,219,0,3.348
1889,2,3,17.07,1645906.0,203,0,0,3.949
1889,2,4,20.49,1732449.0,219,0,0,3.987
1889,2,5,18.4,385.4,0,219,0,1.667
1889,2,6,16.21,1996985.0,243,0,0,4.0
1889,2,7,28.9,1725796.1,213,7,0,3.86
1889,2,8,15.49,1503896.5,187,39,0,3.743
1889,2,9,34.34,457039.8,38,211,0,3.416
1889,2,10,38.11,1778083.0,221,1,0,3.896
1889,2,11,16.92,197504.4,13,205,0,3.325
1889,2,12,10.26,1826940.0,230,1,0,3.992
1889,2,13,21.54,2032087.0,255,0,0,3.859
1889,2,14,19.74,1851162.3,232,3,0,3.884
1889,2,15,32.07,1954619.3,247,7,0,3.781
1889,2,16,36.08,1909727.0,229,0,0,3.984
1889,2,17,28.98,1659312.0,215,0,0,3.99
1889,2,18,8.04,1859217.0,231,0,0,3.991
1889,2,19,33.29,1852690.9,229,5,0,3.864
1889,2,20,17.79,8198.1,0,239,0,2.841
1889,2,21,16.53,1671268.2,202,8,0,3.829
1889,2,22,23.07,1707571.0,213,0,0,3.99
1889,2,23,23.06,1667660.0,213,0,0,3.987
1889,2,24,30.02,838111.2,77,154,0,3.534
1889,2,25,18.79,6064.5,0,212,0,2.711
1889,2,26,16.66,1834353.7,216,17,0,3.78
1889,2,27,27.9,1594050.0,201,0,0,3.992
1889,2,28,14.65,1367465.1,150,88,0,3.673
1889,2,29,36.0,1660549.0,210,1,0,3.977
1889,2,30,34.95,0.0,0,0,0,0.0
1889,2,31,15.56,0.0,0,0,0,0.0
1899,0,0,7.31,113361.6,4,414,0,2.452
1899,0,1,29.18,0.0,0,404,0,0.0
1899,0,2,26.27,3112281.0,398,0,0,3.939
1899,0,3,19.12,3204678.0,404,0,0,3.982
1899,0,4,15.72,43741.5,0,400,1,2.29
1899,0,5,15.24,3398298.0,417,0,0,3.9
1899,0,6,31.03,18406.9,0,405,0,2.293
1899,0,7,39.17,3511628.0,427,0,0,3.925
1899,0,8,35.65,807619.3,64,354,0,2.499
1899,0,9,14.73,3246611.0,414,2,0,3.728
1899,0,10,34.02,14097.1,0,414,0,2.293
1899,0,11,10.86,3331101.8,410,2,0,3.857
1899,0,12,13.55,2948982.0,371,0,0,3.952
1899,0,13,19.72,569058.7,42,325,0,2.47
1899,0,14,30.6,3270308.0,406,0,0,3.964
1899,0,15,28.59,3009347.0,378,0,0,3.613
1899,0,16,28.24,0.0,0,415,0,0.0
1899,0,17,31.34,3260371.0,399,0,0,3.133
1899,0,18,36.47,3191098.0,402,0,0,3.335
1899,0,19,5.84,3328.2,0,412,0,2.553
1899,0,20,17.27,3146635.0,406,0,0,3.979
1899,0,21,22.59,3521212.4,437,9,0,3.716
1899,0,22,29.89,41896.5,0,407,0,2.277
1899,0,23,15.03,23551.2,1,401,0,2.423
1899,0,24,29.93,0.0,0,0,0,0.0
1899,0,25,15.88,0.0,0,0,0,0.0
1899,0,26,12.33,0.0,0,0,0,0.0
1899,0,27,23.22,0.0,0,0,0,0.0
1899,0,28,22.59,0.0,0,0,0,0.0
1899,0,29,18.02,0.0,0,0,0,0.0
1899,0,30,31.52,0.0,0,0,0,0.0
1899,0,31,35.22,0.0,0,0,0,0.0
1899,1,0,20.0,34027.7,0,326,0,3.333
1899,1,1,22.2,2667584.0,332,0,0,3.986
1899,1,2,24.66,250723.6,14,341,0,3.527
1899,1,3,21.54,2675092.0,331,0,0,3.999
1899,1,4,33.76,1014.4,0,366,0,3.591
1899,1,5,23.71,2782099.0,352,0,0,3.991
1899,1,6,10.08,2316840.6,283,38,0,3.796
1899,1,7,5.47,2818697.0,353,0,0,3.989
1899,1,8,9.6,2942554.0,368,0,0,3.994
1899,1,9,21.73,37087.7,0,368,0,3.431
1899,1,10,5.31,2744429.0,343,0,0,4.0
1899,1,11,36.07,2659247.0,334,0,0,3.961
1899,1,12,20.46,694.0,0,328,0,3.0
1899,1,13,34.32,2752456.8,337,2,1,3.92
1899,1,14,8.58,2879561.0,353,0,0,3.989
1899,1,15,13.3,2477030.2,307,19,0,3.851
1899,1,16,27.7,2658893.0,325,0,0,3.999
1899,1,17,12.23,2912538.0,361,0,0,3.985
1899,1,18,16.83,2234827.9,256,78,0,3.727
1899,1,19,38.02,368820.5,20,320,0,3.48
1899,1,20,37.85,2787150.0,343,0,0,3.992
1899,1,21,8.07,2290114.8,271,62,0,3.771
1899,1,22,27.42,2555389.0,319,0,0,3.98
1899,1,23,29.83,990930.4,94,238,0,3.566
1899,1,24,36.07,4866.2,0,385,0,3.424
1899,1,25,17.54,216703.0,9,356,0,3.527
1899,1,26,27.33,2992612.0,376,0,0,3.998
1899,1,27,37.84,0.0,0,0,0,0.0
1899,1,28,36.11,0.0,0,0,0,0.0
1899,1,29,28.09,0.0,0,0,0,0.0
1899,1,30,27.63,0.0,0,0,0,0.0
1899,1,31,24.51,0.0,0,0,0,0.0
1899,2,0,7.74,225.5,0,231,0,3.4
1899,2,1,8.87,1766283.0,220,0,0,3.906
1899,2,2,26.78,235948.8,19,219,0,3.364
1899,2,3,17.07,1645906.0,203,0,0,3.944
1899,2,4,20.49,1732449.0,219,0,0,3.987
1899,2,5,18.4,563.2,0,219,0,1.8
1899,2,6,16.21,1996985.0,243,0,0,4.0
1899,2,7,28.9,1714184.5,212,8,0,3.876
1899,2,8,15.49,1491410.2,186,40,0,3.767
1899,2,9,34.34,460723.9,37,212,0,3.462
1899,2,10,38.11,1780030.0,221,1,0,3.9
1899,2,11,16.92,183928.0,12,206,0,3.347
1899,2,12,10.26,1826940.0,230,1,0,3.988
1899,2,13,21.54,2026038.8,254,1,0,3.878
1899,2,14,19.74,1853373.3,233,2,0,3.893
1899,2,15,32.07,1961412.9,249,5,0,3.796
1899,2,16,36.08,1909727.0,229,0,0,3.987
1899,2,17,28.98,1659312.0,215,0,0,3.997
1899,2,18,8.04,1859217.0,231,0,0,3.993
1899,2,19,33.29,1855136.9,228,6,0,3.879
1899,2,20,17.79,10200.4,0,239,0,2.823
1899,2,21,16.53,1679136.4,202,8,0,3.85
1899,2,22,23.07,1707571.0,213,0,0,3.996
1899,2,23,23.06,1667660.0,213,0,0,3.991
1899,2,24,30.02,853617.8,76,155,0,3.593
1899,2,25,18.79,6958.0,0,212,0,2.731
1899,2,26,16.66,1838216.0,214,19,0,3.802
1899,2,27,27.9,1594050.0,201,0,0,3.992
1899,2,28,14.65,1329048.3,146,92,0,3.692
1899,2,29,36.0,1660549.0,210,1,0,3.986
1899,2,30,34.95,0.0,0,0,0,0.0
1899,2,31,15.56,0.0,0,0,0,0.0
1909,0,0,7.31,113789.8,4,414,0,2.446
1909,0,1,29.18,0.0,0,404,0,0.0
1909,0,2,26.27,3112281.0,398,0,0,3.938
1909,0,3,19.12,3204678.0,404,0,0,3.979
1909,0,4,15.72,43595.5,0,400,1,2.268
1909,0,5,15.24,3398298.0,417,0,0,3.899
1909,0,6,31.03,18820.2,0,405,0,2.311
1909,0,7,39.17,3511628.0,427,0,0,3.92
1909,0,8,35.65,799962.6,61,357,0,2.502
1909,0,9,14.73,3246611.0,414,2,0,3.731
1909,0,10,34.02,15110.1,0,414,0,2.268
1909,0,11,10.86,3331101.8,410,2,0,3.853
1909,0,12,13.55,2948982.0,371,0,0,3.945
1909,0,13,19.72,564576.9,41,326,0,2.47
1909,0,14,30.6,3270308.0,406,0,0,3.965
1909,0,15,28.59,3009347.0,378,0,0,3.613
1909,0,16,28.24,0.0,0,415,0,0.0
1909,0,17,31.34,3260371.0,399,0,0,3.138
1909,0,18,36.47,3191098.0,402,0,0,3.34
1909,0,19,5.84,3222.6,0,412,0,2.528
1909,0,20,17.27,3146635.0,406,0,0,3.982
1909,0,21,22.59,3521212.4,437,9,0,3.719
1909,0,22,29.89,42612.3,0,407,0,2.281
1909,0,23,15.03,24222.4,1,401,0,2.406
1909,0,24,29.93,0.0,0,0,0,0.0
1909,0,25,15.88,0.0,0,0,0,0.0
1909,0,26,12.33,0.0,0,0,0,0.0
1909,0,27,23.22,0.0,0,0,0,0.0
1909,0,28,22.59,0.0,0,0,0,0.0
1909,0,29,18.02,0.0,0,0,0,0.0
1909,0,30,31.52,0.0,0,0,0,0.0
1909,0,31,35.22,0.0,0,0,0,0.0
1909,1,0,20.0,32646.5,0,326,0,3.362
1909,1,1,22.2,2667584.0,332,0,0,3.99
1909,1,2,24.66,247267.5,14,341,0,3.538
1909,1,3,21.54,2675092.0,331,0,0,3.999
1909,1,4,33.76,935.1,0,366,0,3.5
1909,1,5,23.71,2782099.0,352,0,0,3.995
1909,1,6,10.08,2317477.9,285,36,0,3.802
1909,1,7,5.47,2818697.0,353,0,0,3.991
1909,1,8,9.6,2942554.0,368,0,0,3.996
1909,1,9,21.73,34201.7,0,368,0,3.456
1909,1,10,5.31,2744429.0,343,0,0,4.0
1909,1,11,36.07,2659247.0,334,0,0,3.965
1909,1,12,20.46,691.0,0,328,0,3.0
1909,1,13,34.32,2753839.1,337,2,1,3.926
1909,1,14,8.58,2879561.0,353,0,0,3.989
1909,1,15,13.3,2477108.3,307,18,0,3.853
1909,1,16,27.7,2658893.0,325,0,0,4.0
1909,1,17,12.23,2912538.0,361,0,0,3.985
1909,1,18,16.83,2227091.9,254,80,0,3.736
1909,1,19,38.02,370370.5,21,319,0,3.455
1909,1,20,37.85,2787150.0,343,0,0,3.994
1909,1,21,8.07,2268954.8,267,66,0,3.782
1909,1,22,27.42,2555389.0,319,0,0,3.979
1909,1,23,29.83,1004414.9,93,239,0,3.565
1909,1,24,36.07,5068.1,0,385,0,3.391
1909,1,25,17.54,231090.1,12,353,0,3.479
1909,1,26,27.33,2992612.0,376,0,0,3.997
1909,1,27,37.84,0.0,0,0,0,0.0
1909,1,28,36.11,0.0,0,0,0,0.0
1909,1,29,28.09,0.0,0,0,0,0.0
1909,1,30,27.63,0.0,0,0,0,0.0
1909,1,31,24.51,0.0,0,0,0,0.0
1909,2,0,7.74,151.0,0,231,0,3.75
1909,2,1,8.87,1766283.0,220,0,0,3.91
1909,2,2,26.78,231029.7,17,221,0,3.368
1909,2,3,17.07,1645906.0,203,0,0,3.956
1909,2,4,20.49,1732449.0,219,0,0,3.99
1909,2,5,18.4,439.7,0,219,0,2.0
1909,2,6,16.21,1996985.0,243,0,0,4.0
1909,2,7,28.9,1727597.0,214,6,0,3.887
1909,2,8,15.49,1510954.7,187,39,0,3.77
1909,2,9,34.34,451139.7,38,211,0,3.461
1909,2,10,38.11,1778083.0,221,1,0,3.897
1909,2,11,16.92,176372.4,13,205,0,3.327
1909,2,12,10.26,1826940.0,230,1,0,3.99
1909,2,13,21.54,2026101.9,254,1,0,3.881
1909,2,14,19.74,1852488.4,233,2,0,3.909
1909,2,15,32.07,1967270.6,248,6,0,3.789
1909,2,16,36.08,1909727.0,229,0,0,3.991
1909,2,17,28.98,1659312.0,215,0,0,3.993
1909,2,18,8.04,1859217.0,231,0,0,3.991
1909,2,19,33.29,1858560.7,228,6,0,3.875
1909,2,20,17.79,11118.5,0,239,0,2.746
1909,2,21,16.53,1668052.1,201,9,0,3.838
1909,2,22,23.07,1707571.0,213,0,0,3.992
1909,2,23,23.06,1667660.0,213,0,0,3.992
1909,2,24,30.02,859136.3,79,152,0,3.585
1909,2,25,18.79,6667.0,0,212,0,2.736
1909,2,26,16.66,1833946.6,216,17,0,3.803
1909,2,27,27.9,1594050.0,201,0,0,3.992
1909,2,28,14.65,1356140.7,156,82,0,3.692
1909,2,29,36.0,1660769.4,210,1,0,3.987
1909,2,30,34.95,0.0,0,0,0,0.0
1909,2,31,15.56,0.0,0,0,0,0.0
1919,0,0,7.31,108898.5,4,414,0,2.538
1919,0,1,29.18,0.0,0,404,0,0.0
1919,0,2,26.27,3112281.0,398,0,0,3.941
1919,0,3,19.12,3204678.0,404,0,0,3.984
1919,0,4,15.72,42178.9,0,400,1,2.401
1919,0,5,15.24,3398298.0,417,0,0,3.907
1919,0,6,31.03,18663.9,0,405,0,2.327
1919,0,7,39.17,3511628.0,427,0,0,3.934
1919,0,8,35.65,809946.8,60,358,0,2.562
1919,0,9,14.73,3246611.0,414,2,0,3.764
1919,0,10,34.02,14304.0,0,414,0,2.433
1919,0,11,10.86,3331155.9,410,2,0,3.878
1919,0,12,13.55,2948982.0,371,0,0,3.949
1919,0,13,19.72,576731.2,40,327,0,2.533
1919,0,14,30.6,3265781.0,405,1,0,3.968
1919,0,15,28.59,3009347.0,378,0,0,3.654
1919,0,16,28.24,0.0,0,415,0,0.0
1919,0,17,31.34,3260371.0,399,0,0,3.184
1919,0,18,36.47,3191098.0,402,0,0,3.372
1919,0,19,5.84,2841.7,0,412,0,2.622
1919,0,20,17.27,3146635.0,406,0,0,3.98
1919,0,21,22.59,3536429.8,440,6,0,3.742
1919,0,22,29.89,41858.0,0,407,0,2.335
1919,0,23,15.03,23258.2,1,401,0,2.546
1919,0,24,29.93,0.0,0,0,0,0.0
1919,0,25,15.88,0.0,0,0,0,0.0
1919,0,26,12.33,0.0,0,0,0,0.0
1919,0,27,23.22,0.0,0,0,0,0.0
1919,0,28,22.59,0.0,0,0,0,0.0
1919,0,29,18.02,0.0,0,0,0,0.0
1919,0,30,31.52,0.0,0,0,0,0.0
1919,0,31,35.22,0.0,0,0,0,0.0
1919,1,0,20.0,38794.1,0,326,0,3.378
1919,1,1,22.2,2667584.0,332,0,0,3.989
1919,1,2,24.66,244373.8,14,341,0,3.571
1919,1,3,21.54,2675092.0,331,0,0,4.0
1919,1,4,33.76,1377.9,0,366,0,3.333
1919,1,5,23.71,2782099.0,352,0,0,3.995
1919,1,6,10.08,2304858.2,283,38,0,3.824
1919,1,7,5.47,2818697.0,353,0,0,3.993
1919,1,8,9.6,2942554.0,368,0,0,3.994
1919,1,9,21.73,34489.9,0,368,0,3.491
1919,1,10,5.31,2744429.0,343,0,0,4.0
1919,1,11,36.07,2659247.0,334,0,0,3.96
1919,1,12,20.46,798.2,0,328,0,3.118
1919,1,13,34.32,2753811.7,337,2,1,3.924
1919,1,14,8.58,2879561.0,353,0,0,3.992
1919,1,15,13.3,2471024.7,307,18,0,3.865
1919,1,16,27.7,2658893.0,325,0,0,4.0
1919,1,17,12.23,2912538.0,361,0,0,3.985
1919,1,18,16.83,2216132.4,252,82,0,3.738
1919,1,19,38.02,381338.9,22,318,0,3.5
1919,1,20,37.85,2787150.0,343,0,0,3.992
1919,1,21,8.07,2294261.6,273,60,0,3.799
1919,1,22,27.42,2555389.0,319,0,0,3.985
1919,1,23,29.83,1035536.7,100,232,0,3.582
1919,1,24,36.07,4942.7,0,385,0,3.493
1919,1,25,17.54,214723.9,10,355,0,3.552
1919,1,26,27.33,2992612.0,376,0,0,3.997
1919,1,27,37.84,0.0,0,0,0,0.0
1919,1,28,36.11,0.0,0,0,0,0.0
1919,1,29,28.09,0.0,0,0,0,0.0
1919,1,30,27.63,0.0,0,0,0,0.0
1919,1,31,24.51,0.0,0,0,0,0.0
1919,2,0,7.74,393.5,0,231,0,2.8
1919,2,1,8.87,1766283.0,220,0,0,3.919
1919,2,2,26.78,240998.5,16,222,0,3.423
1919,2,3,17.07,1645906.0,203,0,0,3.948
1919,2,4,20.49,1732449.0,219,0,0,3.993
1919,2,5,18.4,474.6,0,219,0,1.75
1919,2,6,16.21,1996985.0,243,0,0,3.998
1919,2,7,28.9,1733412.3,213,7,0,3.893
1919,2,8,15.49,1501994.3,188,38,0,3.79
1919,2,9,34.34,459343.8,37,212,0,3.472
1919,2,10,38.11,1778083.0,221,1,0,3.91
1919,2,11,16.92,185833.3,12,206,0,3.381
1919,2,12,10.26,1826940.0,230,1,0,3.992
1919,2,13,21.54,2032087.0,255,0,0,3.89
1919,2,14,19.74,1861954.3,234,1,0,3.905
1919,2,15,32.07,1957503.5,247,7,0,3.806
1919,2,16,36.08,1909727.0,229,0,0,3.991
1919,2,17,28.98,1659312.0,215,0,0,3.994
1919,2,18,8.04,1859217.0,231,0,0,3.995
1919,2,19,33.29,1852440.5,229,5,0,3.889
1919,2,20,17.79,9353.9,0,239,0,3.06
1919,2,21,16.53,1665780.0,200,10,0,3.865
1919,2,22,23.07,1707571.0,213,0,0,3.994
1919,2,23,23.06,1667660.0,213,0,0,3.992
1919,2,24,30.02,836871.3,77,154,0,3.6
1919,2,25,18.79,7816.7,0,212,0,2.778
1919,2,26,16.66,1830118.2,216,17,0,3.82
1919,2,27,27.9,1594050.0,201,0,0,3.992
1919,2,28,14.65,1375058.1,155,83,0,3.721
1919,2,29,36.0,1660549.0,210,1,0,3.977
1919,2,30,34.95,0.0,0,0,0,0.0
1919,2,31,15.56,0.0,0,0,0,0.0
1929,0,0,7.31,98156.2,3,415,0,2.315
1929,0,1,29.18,0.0,0,404,0,0.0
1929,0,2,26.27,3112281.0,398,0,0,3.928
1929,0,3,19.12,3204678.0,404,0,0,3.978
1929,0,4,15.72,39431.4,0,399,2,2.104
1929,0,5,15.24,3398298.0,417,0,0,3.894
1929,0,6,31.03,18308.6,0,405,0,1.987
1929,0,7,39.17,3511628.0,427,0,0,3.913
1929,0,8,35.65,845201.8,65,353,0,2.398
1929,0,9,14.73,3237247.0,413,3,0,3.711
1929,0,10,34.02,14681.8,0,414,0,2.233
1929,0,11,10.86,3330954.9,410,2,0,3.837
1929,0,12,13.55,2948982.0,371,0,0,3.935
1929,0,13,19.72,573462.6,46,321,0,2.367
1929,0,14,30.6,3265781.0,405,1,0,3.962
1929,0,15,28.59,3009347.0,378,0,0,3.587
1929,0,16,28.24,0.0,0,415,0,0.0
1929,0,17,31.34,3260371.0,399,0,0,3.072
1929,0,18,36.47,3191098.0,402,0,0,3.295
1929,0,19,5.84,2110.0,0,412,0,2.35
1929,0,20,17.27,3146635.0,406,0,0,3.978
1929,0,21,22.59,3529750.7,437,9,0,3.686
1929,0,22,29.89,41245.6,0,407,0,2.065
1929,0,23,15.03,22548.7,1,400,1,2.287
1929,0,24,29.93,0.0,0,0,0,0.0
1929,0,25,15.88,0.0,0,0,0,0.0
1929,0,26,12.33,0.0,0,0,0,0.0
1929,0,27,23.22,0.0,0,0,0,0.0
1929,0,28,22.59,0.0,0,0,0,0.0
1929,0,29,18.02,0.0,0,0,0,0.0
1929,0,30,31.52,0.0,0,0,0,0.0
1929,0,31,35.22,0.0,0,0,0,0.0
1929,1,0,20.0,33489.9,0,326,0,3.284
1929,1,1,22.2,2662558.0,331,0,0,3.986
1929,1,2,24.66,236495.5,16,339,0,3.442
1929,1,3,21.54,2675092.0,331,0,0,3.999
1929,1,4,33.76,543.0,0,366,0,3.538
1929,1,5,23.71,2782099.0,352,0,0,3.994
1929,1,6,10.08,2310324.8,282,39,0,3.783
1929,1,7,5.47,2818697.0,353,0,0,3.99
1929,1,8,9.6,2942554.0,368,0,0,3.991
1929,1,9,21.73,33853.2,0,368,0,3.472
1929,1,10,5.31,2744429.0,343,0,0,3.999
1929,1,11,36.07,2659247.0,334,0,0,3.961
1929,1,12,20.46,857.3,0,328,0,2.3
1929,1,13,34.32,2753907.1,337,2,1,3.907
1929,1,14,8.58,2879561.0,353,0,0,3.99
1929,1,15,13.3,2480294.5,307,19,0,3.834
1929,1,16,27.7,2658893.0,325,0,0,3.999
1929,1,17,12.23,2912538.0,361,0,0,3.977
1929,1,18,16.83,2229174.0,256,78,0,3.686
1929,1,19,38.02,378733.8,23,317,0,3.418
1929,1,20,37.85,2787150.0,343,0,0,3.989
1929,1,21,8.07,2270057.8,270,63,0,3.742
1929,1,22,27.42,2555389.0,319,0,0,3.98
1929,1,23,29.83,1042556.5,95,237,0,3.519
1929,1,24,36.07,4383.3,0,385,0,3.156
1929,1,25,17.54,202501.8,11,354,0,3.458
1929,1,26,27.33,2992612.0,376,0,0,3.997
1929,1,27,37.84,0.0,0,0,0,0.0
1929,1,28,36.11,0.0,0,0,0,0.0
1929,1,29,28.09,0.0,0,0,0,0.0
1929,1,30,27.63,0.0,0,0,0,0.0
1929,1,31,24.51,0.0,0,0,0,0.0
1929,2,0,7.74,145.4,0,231,0,3.333
1929,2,1,8.87,1761988.4,219,1,0,3.884
1929,2,2,26.78,235955.8,19,219,0,3.339
1929,2,3,17.07,1645906.0,203,0,0,3.947
1929,2,4,20.49,1732449.0,219,0,0,3.99
1929,2,5,18.4,385.4,0,219,0,1.667
1929,2,6,16.21,1996985.0,243,0,0,3.998
1929,2,7,28.9,1716000.3,213,7,0,3.858
1929,2,8,15.49,1459774.6,180,46,0,3.752
1929,2,9,34.34,454775.3,40,209,0,3.365
1929,2,10,38.11,1780030.0,221,1,0,3.896
1929,2,11,16.92,182189.7,12,206,0,3.333
1929,2,12,10.26,1826940.0,230,1,0,3.99
1929,2,13,21.54,2030540.1,254,1,0,3.881
1929,2,14,19.74,1851378.2,232,3,0,3.885
1929,2,15,32.07,1965848.5,249,5,0,3.775
1929,2,16,36.08,1909727.0,229,0,0,3.991
1929,2,17,28.98,1659312.0,215,0,0,3.987
1929,2,18,8.04,1859217.0,231,0,0,3.991
1929,2,19,33.29,1852678.8,227,7,0,3.882
1929,2,20,17.79,7912.2,0,239,0,2.778
1929,2,21,16.53,1684528.8,203,7,0,3.812
1929,2,22,23.07,1707571.0,213,0,0,3.99
1929,2,23,23.06,1667660.0,213,0,0,3.987
1929,2,24,30.02,833615.2,76,155,0,3.546
1929,2,25,18.79,6831.7,0,212,0,2.617
1929,2,26,16.66,1839178.1,215,18,0,3.768
1929,2,27,27.9,1594050.0,201,0,0,3.992
1929,2,28,14.65,1358638.4,153,85,0,3.667
1929,2,29,36.0,1660549.0,210,1,0,3.986
1929,2,30,34.95,0.0,0,0,0,0.0
1929,2,31,15.56,0.0,0,0,0,0.0
1939,0,0,7.31,106834.2,4,414,0,2.502
1939,0,1,29.18,0.0,0,404,0,0.0
1939,0,2,26.27,3112281.0,398,0,0,3.931
1939,0,3,19.12,3216249.0,405,0,0,3.98
1939,0,4,15.72,43692.2,0,400,1,2.312
1939,0,5,15.24,3398298.0,417,0,0,3.907
1939,0,6,31.03,18032.6,0,405,0,2.354
1939,0,7,39.17,3511628.0,427,0,0,3.929
1939,0,8,35.65,806932.4,62,356,0,2.528
1939,0,9,14.73,3237247.0,413,3,0,3.754
1939,0,10,34.02,13895.5,0,414,0,2.378
1939,0,11,10.86,3331009.1,410,2,0,3.868
1939,0,12,13.55,2948982.0,371,0,0,3.953
1939,0,13,19.72,590562.5,42,325,0,2.489
1939,0,14,30.6,3265781.0,405,1,0,3.965
1939,0,15,28.59,3009347.0,378,0,0,3.637
1939,0,16,28.24,0.0,0,415,0,0.0
1939,0,17,31.34,3257514.5,397,1,0,3.168
1939,0,18,36.47,3191098.0,402,0,0,3.356
1939,0,19,5.84,2653.8,0,412,0,2.618
1939,0,20,17.27,3146635.0,406,0,0,3.979
1939,0,21,22.59,3536429.8,440,6,0,3.73
1939,0,22,29.89,40682.0,0,407,0,2.313
1939,0,23,15.03,23151.0,1,401,0,2.471
1939,0,24,29.93,0.0,0,0,0,0.0
1939,0,25,15.88,0.0,0,0,0,0.0
1939,0,26,12.33,0.0,0,0,0,0.0
1939,0,27,23.22,0.0,0,0,0,0.0
1939,0,28,22.59,0.0,0,0,0,0.0
1939,0,29,18.02,0.0,0,0,0,0.0
1939,0,30,31.52,0.0,0,0,0,0.0
1939,0,31,35.22,0.0,0,0,0,0.0
1939,1,0,20.0,35293.7,0,326,0,3.372
1939,1,1,22.2,2667584.0,332,0,0,3.991
1939,1,2,24.66,253166.4,14,341,0,3.524
1939,1,3,21.54,2675092.0,331,0,0,3.999
1939,1,4,33.76,1107.9,0,366,0,3.429
1939,1,5,23.71,2782099.0,352,0,0,3.995
1939,1,6,10.08,2318362.5,284,37,0,3.807
1939,1,7,5.47,2818697.0,353,0,0,3.991
1939,1,8,9.6,2942554.0,368,0,0,3.991
1939,1,9,21.73,37661.9,0,368,0,3.471
1939,1,10,5.31,2744429.0,343,0,0,4.0
1939,1,11,36.07,2659247.0,334,0,0,3.964
1939,1,12,20.46,904.4,0,328,0,3.0
1939,1,13,34.32,2756705.5,338,1,1,3.921
1939,1,14,8.58,2879561.0,353,0,0,3.993
1939,1,15,13.3,2459899.1,305,20,0,3.87
1939,1,16,27.7,2658893.0,325,0,0,4.0
1939,1,17,12.23,2912538.0,361,0,0,3.981
1939,1,18,16.83,2222395.9,251,83,0,3.735
1939,1,19,38.02,383498.6,21,319,0,3.502
1939,1,20,37.85,2787150.0,343,0,0,3.994
1939,1,21,8.07,2285719.6,271,62,0,3.79
1939,1,22,27.42,2555389.0,319,0,0,3.98
1939,1,23,29.83,1009621.7,92,240,0,3.563
1939,1,24,36.07,4924.9,0,385,0,3.365
1939,1,25,17.54,215595.6,11,354,0,3.5
1939,1,26,27.33,2992612.0,376,0,0,3.995
1939,1,27,37.84,0.0,0,0,0,0.0
1939,1,28,36.11,0.0,0,0,0,0.0
1939,1,29,28.09,0.0,0,0,0,0.0
1939,1,30,27.63,0.0,0,0,0,0.0
1939,1,31,24.51,0.0,0,0,0,0.0
1939,2,0,7.74,287.9,0,231,0,2.667
1939,2,1,8.87,1761455.9,219,1,0,3.914
1939,2,2,26.78,247742.6,18,220,0,3.423
1939,2,3,17.07,1645906.0,203,0,0,3.945
1939,2,4,20.49,1732449.0,219,0,0,3.989
1939,2,5,18.4,386.2,0,219,0,1.667
1939,2,6,16.21,1996985.0,243,0,0,3.996
1939,2,7,28.9,1721349.4,213,7,0,3.89
1939,2,8,15.49,1492582.2,182,44,0,3.787
1939,2,9,34.34,445932.5,36,213,0,3.494
1939,2,10,38.11,1778083.0,221,1,0,3.914
1939,2,11,16.92,194736.8,13,205,0,3.335
1939,2,12,10.26,1826940.0,230,1,0,3.992
1939,2,13,21.54,2032087.0,255,0,0,3.901
1939,2,14,19.74,1859259.4,233,2,0,3.908
1939,2,15,32.07,1952229.4,247,7,0,3.815
1939,2,16,36.08,1909727.0,229,0,0,3.991
1939,2,17,28.98,1659312.0,215,0,0,3.994
1939,2,18,8.04,1859217.0,231,0,0,3.995
1939,2,19,33.29,1845629.8,228,6,0,3.897
1939,2,20,17.79,7572.2,0,239,0,3.018
1939,2,21,16.53,1684211.0,203,7,0,3.85
1939,2,22,23.07,1707571.0,213,0,0,3.994
1939,2,23,23.06,1667660.0,213,0,0,3.994
1939,2,24,30.02,823184.5,78,153,0,3.603
1939,2,25,18.79,7286.3,0,212,0,2.867
1939,2,26,16.66,1835473.0,214,19,0,3.804
1939,2,27,27.9,1594050.0,201,0,0,3.992
1939,2,28,14.65,1353102.7,152,86,0,3.716
1939,2,29,36.0,1660549.0,210,1,0,3.983
1939,2,30,34.95,0.0,0,0,0,0.0
1939,2,31,15.56,0.0,0,0,0,0.0
1949,0,0,7.31,109816.4,4,414,0,2.501
1949,0,1,29.18,0.0,0,404,0,0.0
1949,0,2,26.27,3112281.0,398,0,0,3.938
1949,0,3,19.12,3204678.0,404,0,0,3.983
1949,0,4,15.72,44558.3,0,400,1,2.301
1949,0,5,15.24,3398298.0,417,0,0,3.912
1949,0,6,31.03,17645.1,0,405,0,2.346
1949,0,7,39.17,3511628.0,427,0,0,3.923
1949,0,8,35.65,813130.8,61,357,0,2.525
1949,0,9,14.73,3237247.0,413,3,0,3.751
1949,0,10,34.02,14476.1,0,413,1,2.387
1949,0,11,10.86,3331009.1,410,2,0,3.864
1949,0,12,13.55,2948982.0,371,0,0,3.955
1949,0,13,19.72,570974.0,39,328,0,2.498
1949,0,14,30.6,3265781.0,405,1,0,3.971
1949,0,15,28.59,3009347.0,378,0,0,3.634
1949,0,16,28.24,0.0,0,415,0,0.0
1949,0,17,31.34,3258062.4,398,1,0,3.17
1949,0,18,36.47,3191098.0,402,0,0,3.366
1949,0,19,5.84,2693.1,0,412,0,2.588
1949,0,20,17.27,3146635.0,406,0,0,3.982
1949,0,21,22.59,3526604.8,439,7,0,3.733
1949,0,22,29.89,41097.5,0,407,0,2.272
1949,0,23,15.03,24198.0,1,401,0,2.443
1949,0,24,29.93,0.0,0,0,0,0.0
1949,0,25,15.88,0.0,0,0,0,0.0
1949,0,26,12.33,0.0,0,0,0,0.0
1949,0,27,23.22,0.0,0,0,0,0.0
1949,0,28,22.59,0.0,0,0,0,0.0
1949,0,29,18.02,0.0,0,0,0,0.0
1949,0,30,31.52,0.0,0,0,0,0.0
1949,0,31,35.22,0.0,0,0,0,0.0
1949,1,0,20.0,36816.4,0,326,0,3.385
1949,1,1,22.2,2667584.0,332,0,0,3.99
1949,1,2,24.66,237654.5,14,341,0,3.526
1949,1,3,21.54,2675092.0,331,0,0,3.997
1949,1,4,33.76,1155.8,0,366,0,3.409
1949,1,5,23.71,2782099.0,352,0,0,3.993
1949,1,6,10.08,2315840.1,284,37,0,3.812
1949,1,7,5.47,2818697.0,353,0,0,3.99
1949,1,8,9.6,2942554.0,368,0,0,3.991
1949,1,9,21.73,36370.4,0,368,0,3.551
1949,1,10,5.31,2744429.0,343,0,0,4.0
1949,1,11,36.07,2659247.0,334,0,0,3.964
1949,1,12,20.46,939.5,0,328,0,2.938
1949,1,13,34.32,2755229.0,337,2,1,3.927
1949,1,14,8.58,2879561.0,353,0,0,3.99
1949,1,15,13.3,2477579.5,306,19,0,3.862
1949,1,16,27.7,2658893.0,325,0,0,4.0
1949,1,17,12.23,2912538.0,361,0,0,3.979
1949,1,18,16.83,2233739.5,253,81,0,3.729
1949,1,19,38.02,385070.2,22,318,0,3.511
1949,1,20,37.85,2787150.0,343,0,0,3.994
1949,1,21,8.07,2299053.6,270,63,0,3.796
1949,1,22,27.42,2555389.0,319,0,0,3.98
1949,1,23,29.83,998122.7,92,240,0,3.572
1949,1,24,36.07,6033.4,0,385,0,3.351
1949,1,25,17.54,203955.0,10,355,0,3.498
1949,1,26,27.33,2992612.0,376,0,0,3.998
1949,1,27,37.84,0.0,0,0,0,0.0
1949,1,28,36.11,0.0,0,0,0,0.0
1949,1,29,28.09,0.0,0,0,0,0.0
1949,1,30,27.63,0.0,0,0,0,0.0
1949,1,31,24.51,0.0,0,0,0,0.0
1949,2,0,7.74,369.7,0,231,0,3.0
1949,2,1,8.87,1762347.4,219,1,0,3.921
1949,2,2,26.78,236145.5,19,219,0,3.423
1949,2,3,17.07,1645906.0,203,0,0,3.949
1949,2,4,20.49,1732449.0,219,0,0,3.99
1949,2,5,18.4,385.6,0,219,0,1.667
1949,2,6,16.21,1996985.0,243,0,0,3.998
1949,2,7,28.9,1728050.9,214,6,0,3.887
1949,2,8,15.49,1509450.0,185,41,0,3.778
1949,2,9,34.34,466696.3,38,211,0,3.473
1949,2,10,38.11,1778083.0,221,1,0,3.913
1949,2,11,16.92,186597.9,12,206,0,3.365
1949,2,12,10.26,1826940.0,230,1,0,3.992
1949,2,13,21.54,2032087.0,255,0,0,3.892
1949,2,14,19.74,1856567.1,232,3,0,3.904
1949,2,15,32.07,1954283.7,247,7,0,3.806
1949,2,16,36.08,1909727.0,229,0,0,3.994
1949,2,17,28.98,1659312.0,215,0,0,3.994
1949,2,18,8.04,1859217.0,231,0,0,3.997
1949,2,19,33.29,1844298.1,228,6,0,3.88
1949,2,20,17.79,7709.9,0,239,0,3.097
1949,2,21,16.53,1677452.3,204,6,0,3.85
1949,2,22,23.07,1707571.0,213,0,0,3.99
1949,2,23,23.06,1667660.0,213,0,0,3.994
1949,2,24,30.02,817150.0,74,157,0,3.597
1949,2,25,18.79,6308.2,0,212,0,2.815
1949,2,26,16.66,1843182.3,216,17,0,3.801
1949,2,27,27.9,1594050.0,201,0,0,3.992
1949,2,28,14.65,1344915.6,152,86,0,3.713
1949,2,29,36.0,1660549.0,210,1,0,3.983
1949,2,30,34.95,0.0,0,0,0,0.0
1949,2,31,15.56,0.0,0,0,0,0.0
1959,0,0,7.31,106466.6,4,414,0,2.495
1959,0,1,29.18,0.0,0,404,0,0.0
1959,0,2,26.27,3112281.0,398,0,0,3.937
1959,0,3,19.12,3204678.0,404,0,0,3.983
1959,0,4,15.72,44424.5,0,400,1,2.287
1959,0,5,15.24,3398298.0,417,0,0,3.907
1959,0,6,31.03,18544.4,0,405,0,2.338
1959,0,7,39.17,3511628.0,427,0,0,3.926
1959,0,8,35.65,811650.8,61,357,0,2.507
1959,0,9,14.73,3237247.0,413,3,0,3.741
1959,0,10,34.02,15105.7,0,413,1,2.353
1959,0,11,10.86,3331009.1,410,2,0,3.866
1959,0,12,13.55,2948982.0,371,0,0,3.952
1959,0,13,19.72,566952.5,41,326,0,2.479
1959,0,14,30.6,3265781.0,405,1,0,3.966
1959,0,15,28.59,3009347.0,378,0,0,3.632
1959,0,16,28.24,0.0,0,415,0,0.0
1959,0,17,31.34,3258062.4,398,1,0,3.149
1959,0,18,36.47,3191098.0,402,0,0,3.356
1959,0,19,5.84,2562.1,0,412,0,2.562
1959,0,20,17.27,3146635.0,406,0,0,3.982
1959,0,21,22.59,3524448.7,438,8,0,3.726
1959,0,22,29.89,41250.6,0,407,0,2.278
1959,0,23,15.03,24639.0,1,401,0,2.388
1959,0,24,29.93,0.0,0,0,0,0.0
1959,0,25,15.88,0.0,0,0,0,0.0
1959,0,26,12.33,0.0,0,0,0,0.0
1959,0,27,23.22,0.0,0,0,0,0.0
1959,0,28,22.59,0.0,0,0,0,0.0
1959,0,29,18.02,0.0,0,0,0,0.0
1959,0,30,31.52,0.0,0,0,0,0.0
1959,0,31,35.22,0.0,0,0,0,0.0
1959,1,0,20.0,37596.3,0,326,0,3.383
1959,1,1,22.2,2667584.0,332,0,0,3.991
1959,1,2,24.66,249557.7,14,341,0,3.522
1959,1,3,21.54,2675092.0,331,0,0,3.997
1959,1,4,33.76,1154.6,0,366,0,3.35
1959,1,5,23.71,2782099.0,352,0,0,3.993
1959,1,6,10.08,2317879.3,284,37,0,3.804
1959,1,7,5.47,2818697.0,353,0,0,3.988
1959,1,8,9.6,2942554.0,368,0,0,3.991
1959,1,9,21.73,35847.6,0,368,0,3.525
1959,1,10,5.31,2744429.0,343,0,0,4.0
1959,1,11,36.07,2659247.0,334,0,0,3.962
1959,1,12,20.46,900.2,0,328,0,3.118
1959,1,13,34.32,2755229.0,337,2,1,3.928
1959,1,14,8.58,2879561.0,353,0,0,3.988
1959,1,15,13.3,2474200.6,306,19,0,3.866
1959,1,16,27.7,2658893.0,325,0,0,4.0
1959,1,17,12.23,2912538.0,361,0,0,3.979
1959,1,18,16.83,2203309.2,248,86,0,3.725
1959,1,19,38.02,388026.1,23,317,0,3.482
1959,1,20,37.85,2787150.0,343,0,0,3.993
1959,1,21,8.07,2283624.4,273,60,0,3.793
1959,1,22,27.42,2555389.0,319,0,0,3.983
1959,1,23,29.83,1027625.5,95,237,0,3.56
1959,1,24,36.07,5289.1,0,385,0,3.262
1959,1,25,17.54,205725.8,10,355,0,3.514
1959,1,26,27.33,2992612.0,376,0,0,3.998
1959,1,27,37.84,0.0,0,0,0,0.0
1959,1,28,36.11,0.0,0,0,0,0.0
1959,1,29,28.09,0.0,0,0,0,0.0
1959,1,30,27.63,0.0,0,0,0,0.0
1959,1,31,24.51,0.0,0,0,0,0.0
1959,2,0,7.74,303.4,0,231,0,3.25
1959,2,1,8.87,1764388.0,219,1,0,3.916
1959,2,2,26.78,233504.2,18,220,0,3.438
1959,2,3,17.07,1645906.0,203,0,0,3.946
1959,2,4,20.49,1732449.0,219,0,0,3.993
1959,2,5,18.4,297.2,0,219,0,1.5
1959,2,6,16.21,1996985.0,243,0,0,3.996
1959,2,7,28.9,1726521.4,214,6,0,3.887
1959,2,8,15.49,1505216.7,187,39,0,3.781
1959,2,9,34.34,463573.0,36,213,0,3.465
1959,2,10,38.11,1778083.0,221,1,0,3.914
1959,2,11,16.92,199364.8,12,206,0,3.35
1959,2,12,10.26,1826940.0,230,1,0,3.994
1959,2,13,21.54,2032087.0,255,0,0,3.893
1959,2,14,19.74,1858548.2,233,2,0,3.911
1959,2,15,32.07,1953601.7,247,7,0,3.811
1959,2,16,36.08,1909727.0,229,0,0,3.994
1959,2,17,28.98,1659312.0,215,0,0,3.996
1959,2,18,8.04,1859217.0,231,0,0,3.997
1959,2,19,33.29,1842507.0,227,7,0,3.895
1959,2,20,17.79,7473.5,0,239,0,3.035
1959,2,21,16.53,1681486.4,205,5,0,3.853
1959,2,22,23.07,1707571.0,213,0,0,3.99
1959,2,23,23.06,1667660.0,213,0,0,3.994
1959,2,24,30.02,824551.0,76,155,0,3.599
1959,2,25,18.79,5981.2,0,212,0,2.824
1959,2,26,16.66,1837811.8,216,17,0,3.802
1959,2,27,27.9,1594050.0,201,0,0,3.989
1959,2,28,14.65,1360130.4,154,84,0,3.708
1959,2,29,36.0,1660549.0,210,1,0,3.983
1959,2,30,34.95,0.0,0,0,0,0.0
1959,2,31,15.56,0.0,0,0,0,0.0
1969,0,0,7.31,117813.3,4,414,0,2.581
1969,0,1,29.18,0.0,0,404,0,0.0
1969,0,2,26.27,3112281.0,398,0,0,3.941
1969,0,3,19.12,3204678.0,404,0,0,3.981
1969,0,4,15.72,42004.7,0,400,1,2.403
1969,0,5,15.24,3398298.0,417,0,0,3.914
1969,0,6,31.03,18810.0,0,405,0,2.41
1969,0,7,39.17,3511628.0,427,0,0,3.945
1969,0,8,35.65,810131.2,62,356,0,2.58
1969,0,9,14.73,3237247.0,413,3,0,3.765
1969,0,10,34.02,15882.9,0,413,1,2.439
1969,0,11,10.86,3331009.1,410,2,0,3.877
1969,0,12,13.55,2948982.0,371,0,0,3.956
1969,0,13,19.72,567925.2,37,330,0,2.56
1969,0,14,30.6,3260877.3,404,2,0,3.975
1969,0,15,28.59,3009347.0,378,0,0,3.649
1969,0,16,28.24,0.0,0,415,0,0.0
1969,0,17,31.34,3258062.4,398,1,0,3.208
1969,0,18,36.47,3191098.0,402,0,0,3.389
1969,0,19,5.84,2846.6,0,412,0,2.622
1969,0,20,17.27,3146635.0,406,0,0,3.983
1969,0,21,22.59,3526604.8,439,7,0,3.75
1969,0,22,29.89,41593.2,0,407,0,2.374
1969,0,23,15.03,24007.3,0,402,0,2.538
1969,0,24,29.93,0.0,0,0,0,0.0
1969,0,25,15.88,0.0,0,0,0,0.0
1969,0,26,12.33,0.0,0,0,0,0.0
1969,0,27,23.22,0.0,0,0,0,0.0
1969,0,28,22.59,0.0,0,0,0,0.0
1969,0,29,18.02,0.0,0,0,0,0.0
1969,0,30,31.52,0.0,0,0,0,0.0
1969,0,31,35.22,0.0,0,0,0,0.0
1969,1,0,20.0,38455.4,0,326,0,3.458
1969,1,1,22.2,2667584.0,332,0,0,3.992
1969,1,2,24.66,279663.6,14,341,0,3.553
1969,1,3,21.54,2675092.0,331,0,0,4.0
1969,1,4,33.76,1884.0,0,366,0,3.231
1969,1,5,23.71,2782099.0,352,0,0,3.993
1969,1,6,10.08,2312191.6,284,37,0,3.841
1969,1,7,5.47,2818697.0,353,0,0,3.992
1969,1,8,9.6,2942554.0,368,0,0,3.997
1969,1,9,21.73,35969.4,0,368,0,3.503
1969,1,10,5.31,2744429.0,343,0,0,4.0
1969,1,11,36.07,2659247.0,334,0,0,3.969
1969,1,12,20.46,1251.4,0,328,0,2.9
1969,1,13,34.32,2752242.8,337,2,1,3.94
1969,1,14,8.58,2879561.0,353,0,0,3.996
1969,1,15,13.3,2479180.8,305,20,0,3.884
1969,1,16,27.7,2658893.0,325,0,0,4.0
1969,1,17,12.23,2912538.0,361,0,0,3.989
1969,1,18,16.83,2188673.5,244,90,0,3.747
1969,1,19,38.02,396028.6,24,316,0,3.523
1969,1,20,37.85,2787150.0,343,0,0,3.996
1969,1,21,8.07,2261294.8,268,65,0,3.814
1969,1,22,27.42,2555389.0,319,0,0,3.984
1969,1,23,29.83,1006059.5,94,237,0,3.592
1969,1,24,36.07,5582.7,0,385,0,3.392
1969,1,25,17.54,208168.9,7,358,0,3.582
1969,1,26,27.33,2992612.0,376,0,0,3.999
1969,1,27,37.84,0.0,0,0,0,0.0
1969,1,28,36.11,0.0,0,0,0,0.0
1969,1,29,28.09,0.0,0,0,0,0.0
1969,1,30,27.63,0.0,0,0,0,0.0
1969,1,31,24.51,0.0,0,0,0,0.0
1969,2,0,7.74,145.4,0,231,0,3.75
1969,2,1,8.87,1760907.0,219,1,0,3.927
1969,2,2,26.78,249587.3,19,219,0,3.43
1969,2,3,17.07,1645906.0,203,0,0,3.952
1969,2,4,20.49,1732449.0,219,0,0,3.995
1969,2,5,18.4,440.0,0,219,0,2.0
1969,2,6,16.21,1996985.0,243,0,0,3.996
1969,2,7,28.9,1710127.7,213,7,0,3.899
1969,2,8,15.49,1494343.7,186,40,0,3.792
1969,2,9,34.34,461085.0,39,210,0,3.48
1969,2,10,38.11,1778083.0,221,1,0,3.924
1969,2,11,16.92,188483.2,12,206,0,3.439
1969,2,12,10.26,1826940.0,230,1,0,3.99
1969,2,13,21.54,2032087.0,255,0,0,3.903
1969,2,14,19.74,1857568.3,233,2,0,3.916
1969,2,15,32.07,1961475.7,248,6,0,3.823
1969,2,16,36.08,1909727.0,229,0,0,3.999
1969,2,17,28.98,1659312.0,215,0,0,3.997
1969,2,18,8.04,1859217.0,231,0,0,3.997
1969,2,19,33.29,1845426.0,228,6,0,3.905
1969,2,20,17.79,7260.3,0,239,0,3.119
1969,2,21,16.53,1673350.4,203,7,0,3.869
1969,2,22,23.07,1707571.0,213,0,0,3.988
1969,2,23,23.06,1667660.0,213,0,0,3.991
1969,2,24,30.02,829600.6,73,158,0,3.622
1969,2,25,18.79,6491.9,0,212,0,3.079
1969,2,26,16.66,1839248.1,217,16,0,3.829
1969,2,27,27.9,1594050.0,201,0,0,3.992
1969,2,28,14.65,1369706.0,154,84,0,3.726
1969,2,29,36.0,1660549.0,210,1,0,3.988
1969,2,30,34.95,0.0,0,0,0,0.0
1969,2,31,15.56,0.0,0,0,0,0.0
1979,0,0,7.31,109289.6,4,414,0,2.482
1979,0,1,29.18,0.0,0,404,0,0.0
1979,0,2,26.27,3112281.0,398,0,0,3.934
1979,0,3,19.12,3204678.0,404,0,0,3.98
1979,0,4,15.72,45751.2,0,400,1,2.274
1979,0,5,15.24,3398298.0,417,0,0,3.906
1979,0,6,31.03,17791.2,0,405,0,2.328
1979,0,7,39.17,3511628.0,427,0,0,3.928
1979,0,8,35.65,803184.3,62,356,0,2.515
1979,0,9,14.73,3237247.0,413,3,0,3.742
1979,0,10,34.02,13937.8,0,413,1,2.379
1979,0,11,10.86,3331009.1,410,2,0,3.865
1979,0,12,13.55,2948982.0,371,0,0,3.949
1979,0,13,19.72,577542.2,42,325,0,2.477
1979,0,14,30.6,3265781.0,405,1,0,3.973
1979,0,15,28.59,3009347.0,378,0,0,3.626
1979,0,16,28.24,0.0,0,415,0,0.0
1979,0,17,31.34,3258062.4,398,1,0,3.155
1979,0,18,36.47,3191098.0,402,0,0,3.362
1979,0,19,5.84,2446.2,0,412,0,2.533
1979,0,20,17.27,3146635.0,406,0,0,3.982
1979,0,21,22.59,3536429.8,440,6,0,3.729
1979,0,22,29.89,42201.3,0,407,0,2.262
1979,0,23,15.03,23977.6,1,401,0,2.403
1979,0,24,29.93,0.0,0,0,0,0.0
1979,0,25,15.88,0.0,0,0,0,0.0
1979,0,26,12.33,0.0,0,0,0,0.0
1979,0,27,23.22,0.0,0,0,0,0.0
1979,0,28,22.59,0.0,0,0,0,0.0
1979,0,29,18.02,0.0,0,0,0,0.0
1979,0,30,31.52,0.0,0,0,0,0.0
1979,0,31,35.22,0.0,0,0,0,0.0
1979,1,0,20.0,35230.8,0,326,0,3.37
1979,1,1,22.2,2667584.0,332,0,0,3.991
1979,1,2,24.66,245286.8,13,342,0,3.523
1979,1,3,21.54,2675092.0,331,0,0,3.999
1979,1,4,33.76,1247.5,0,366,0,3.2
1979,1,5,23.71,2782099.0,352,0,0,3.992
1979,1,6,10.08,2321970.8,287,34,0,3.814
1979,1,7,5.47,2818697.0,353,0,0,3.989
1979,1,8,9.6,2942554.0,368,0,0,3.992
1979,1,9,21.73,35234.2,0,368,0,3.5
1979,1,10,5.31,2744429.0,343,0,0,4.0
1979,1,11,36.07,2659247.0,334,0,0,3.963
1979,1,12,20.46,901.9,0,328,0,3.118
1979,1,13,34.32,2749740.4,336,3,1,3.925
1979,1,14,8.58,2879561.0,353,0,0,3.991
1979,1,15,13.3,2476147.3,306,19,0,3.868
1979,1,16,27.7,2658893.0,325,0,0,4.0
1979,1,17,12.23,2912538.0,361,0,0,3.982
1979,1,18,16.83,2233855.6,255,79,0,3.726
1979,1,19,38.02,381396.4,23,317,0,3.504
1979,1,20,37.85,2787150.0,343,0,0,3.994
1979,1,21,8.07,2271636.5,269,64,0,3.789
1979,1,22,27.42,2555389.0,319,0,0,3.98
1979,1,23,29.83,1027557.4,93,239,0,3.562
1979,1,24,36.07,5884.6,0,385,0,3.348
1979,1,25,17.54,208468.1,10,355,0,3.5
1979,1,26,27.33,2992612.0,376,0,0,3.998
1979,1,27,37.84,0.0,0,0,0,0.0
1979,1,28,36.11,0.0,0,0,0,0.0
1979,1,29,28.09,0.0,0,0,0,0.0
1979,1,30,27.63,0.0,0,0,0,0.0
1979,1,31,24.51,0.0,0,0,0,0.0
1979,2,0,7.74,285.7,0,231,0,2.667
1979,2,1,8.87,1766283.0,220,0,0,3.91
1979,2,2,26.78,246069.3,18,220,0,3.415
1979,2,3,17.07,1645906.0,203,0,0,3.952
1979,2,4,20.49,1732449.0,219,0,0,3.992
1979,2,5,18.4,297.2,0,219,0,1.5
1979,2,6,16.21,1996985.0,243,0,0,3.998
1979,2,7,28.9,1724639.0,214,6,0,3.887
1979,2,8,15.49,1525723.6,190,36,0,3.783
1979,2,9,34.34,452391.3,37,212,0,3.457
1979,2,10,38.11,1778083.0,221,1,0,3.918
1979,2,11,16.92,192541.6,12,206,0,3.344
1979,2,12,10.26,1826940.0,230,1,0,3.992
1979,2,13,21.54,2032087.0,255,0,0,3.895
1979,2,14,19.74,1857214.0,232,3,0,3.904
1979,2,15,32.07,1946887.2,246,8,0,3.794
1979,2,16,36.08,1909727.0,229,0,0,3.997
1979,2,17,28.98,1659312.0,215,0,0,3.993
1979,2,18,8.04,1859217.0,231,0,0,3.997
1979,2,19,33.29,1852192.8,229,5,0,3.894
1979,2,20,17.79,7355.9,0,239,0,2.942
1979,2,21,16.53,1677109.0,203,7,0,3.854
1979,2,22,23.07,1707571.0,213,0,0,3.99
1979,2,23,23.06,1667660.0,213,0,0,3.992
1979,2,24,30.02,836138.6,78,153,0,3.591
1979,2,25,18.79,7309.6,0,212,0,2.814
1979,2,26,16.66,1832613.3,216,17,0,3.802
1979,2,27,27.9,1594050.0,201,0,0,3.991
1979,2,28,14.65,1343619.4,156,82,0,3.718
1979,2,29,36.0,1660549.0,210,1,0,3.981
1979,2,30,34.95,0.0,0,0,0,0.0
1979,2,31,15.56,0.0,0,0,0,0.0
1989,0,0,7.31,106504.3,4,414,0,2.462
1989,0,1,29.18,0.0,0,404,0,0.0
1989,0,2,26.27,3112281.0,398,0,0,3.934
1989,0,3,19.12,3216249.0,405,0,0,3.982
1989,0,4,15.72,46517.9,0,400,1,2.232
1989,0,5,15.24,3398298.0,417,0,0,3.906
1989,0,6,31.03,17444.6,0,405,0,2.294
1989,0,7,39.17,3511628.0,427,0,0,3.927
1989,0,8,35.65,806659.5,62,356,0,2.502
1989,0,9,14.73,3237247.0,413,3,0,3.741
1989,0,10,34.02,14456.0,0,414,0,2.341
1989,0,11,10.86,3331009.1,410,2,0,3.863
1989,0,12,13.55,2948982.0,371,0,0,3.95
1989,0,13,19.72,579572.1,43,324,0,2.459
1989,0,14,30.6,3265781.0,405,1,0,3.97
1989,0,15,28.59,3009347.0,378,0,0,3.623
1989,0,16,28.24,0.0,0,415,0,0.0
1989,0,17,31.34,3258062.4,398,1,0,3.142
1989,0,18,36.47,3191098.0,402,0,0,3.352
1989,0,19,5.84,2286.8,0,412,0,2.571
1989,0,20,17.27,3146635.0,406,0,0,3.98
1989,0,21,22.59,3536429.8,440,6,0,3.73
1989,0,22,29.89,41622.2,0,407,0,2.237
1989,0,23,15.03,23395.3,1,401,0,2.393
1989,0,24,29.93,0.0,0,0,0,0.0
1989,0,25,15.88,0.0,0,0,0,0.0
1989,0,26,12.33,0.0,0,0,0,0.0
1989,0,27,23.22,0.0,0,0,0,0.0
1989,0,28,22.59,0.0,0,0,0,0.0
1989,0,29,18.02,0.0,0,0,0,0.0
1989,0,30,31.52,0.0,0,0,0,0.0
1989,0,31,35.22,0.0,0,0,0,0.0
1989,1,0,20.0,36275.6,0,326,0,3.407
1989,1,1,22.2,2667584.0,332,0,0,3.99
1989,1,2,24.66,254931.1,14,341,0,3.521
1989,1,3,21.54,2675092.0,331,0,0,3.999
1989,1,4,33.76,1094.5,0,366,0,3.059
1989,1,5,23.71,2782099.0,352,0,0,3.992
1989,1,6,10.08,2315473.1,284,37,0,3.811
1989,1,7,5.47,2818697.0,353,0,0,3.989
1989,1,8,9.6,2942554.0,368,0,0,3.991
1989,1,9,21.73,38044.2,0,368,0,3.456
1989,1,10,5.31,2744429.0,343,0,0,4.0
1989,1,11,36.07,2659247.0,334,0,0,3.962
1989,1,12,20.46,887.4,0,328,0,3.176
1989,1,13,34.32,2753644.8,337,2,1,3.916
1989,1,14,8.58,2879561.0,353,0,0,3.992
1989,1,15,13.3,2466691.3,305,20,0,3.861
1989,1,16,27.7,2658893.0,325,0,0,4.0
1989,1,17,12.23,2912538.0,361,0,0,3.981
1989,1,18,16.83,2232184.6,253,81,0,3.724
1989,1,19,38.02,382016.0,23,317,0,3.496
1989,1,20,37.85,2787150.0,343,0,0,3.995
1989,1,21,8.07,2289827.9,269,64,0,3.791
1989,1,22,27.42,2555389.0,319,0,0,3.98
1989,1,23,29.83,1018912.4,94,238,0,3.558
1989,1,24,36.07,5897.1,0,385,0,3.294
1989,1,25,17.54,209321.9,8,357,0,3.525
1989,1,26,27.33,2992612.0,376,0,0,3.998
1989,1,27,37.84,0.0,0,0,0,0.0
1989,1,28,36.11,0.0,0,0,0,0.0
1989,1,29,28.09,0.0,0,0,0,0.0
1989,1,30,27.63,0.0,0,0,0,0.0
1989,1,31,24.51,0.0,0,0,0,0.0
1989,2,0,7.74,287.9,0,231,0,2.667
1989,2,1,8.87,1766283.0,220,0,0,3.909
1989,2,2,26.78,242700.6,20,218,0,3.426
1989,2,3,17.07,1645906.0,203,0,0,3.946
1989,2,4,20.49,1732449.0,219,0,0,3.99
1989,2,5,18.4,385.6,0,219,0,1.667
1989,2,6,16.21,1996985.0,243,0,0,3.998
1989,2,7,28.9,1712999.0,213,7,0,3.879
1989,2,8,15.49,1517776.8,190,36,0,3.784
1989,2,9,34.34,459931.7,37,212,0,3.46
1989,2,10,38.11,1778083.0,221,1,0,3.92
1989,2,11,16.92,196740.0,12,206,0,3.343
1989,2,12,10.26,1826940.0,230,1,0,3.992
1989,2,13,21.54,2032087.0,255,0,0,3.886
1989,2,14,19.74,1856889.8,232,3,0,3.903
1989,2,15,32.07,1963427.7,247,7,0,3.797
1989,2,16,36.08,1909727.0,229,0,0,3.994
1989,2,17,28.98,1659312.0,215,0,0,3.993
1989,2,18,8.04,1859217.0,231,0,0,3.997
1989,2,19,33.29,1853920.0,229,5,0,3.884
1989,2,20,17.79,7678.4,0,239,0,2.925
1989,2,21,16.53,1684062.1,203,7,0,3.846
1989,2,22,23.07,1707571.0,213,0,0,3.994
1989,2,23,23.06,1667660.0,213,0,0,3.991
1989,2,24,30.02,835848.3,79,152,0,3.575
1989,2,25,18.79,6913.4,0,212,0,2.764
1989,2,26,16.66,1821720.4,215,18,0,3.803
1989,2,27,27.9,1594050.0,201,0,0,3.99
1989,2,28,14.65,1334523.3,153,85,0,3.712
1989,2,29,36.0,1660549.0,210,1,0,3.984
1989,2,30,34.95,0.0,0,0,0,0.0
1989,2,31,15.56,0.0,0,0,0,0.0
1999,0,0,7.31,107031.1,4,414,0,2.461
1999,0,1,29.18,0.0,0,404,0,0.0
1999,0,2,26.27,3112281.0,398,0,0,3.935
1999,0,3,19.12,3216249.0,405,0,0,3.982
1999,0,4,15.72,45878.2,0,400,1,2.242
1999,0,5,15.24,3398298.0,417,0,0,3.905
1999,0,6,31.03,17815.9,0,405,0,2.297
1999,0,7,39.17,3511628.0,427,0,0,3.929
1999,0,8,35.65,806590.8,62,356,0,2.503
1999,0,9,14.73,3237247.0,413,3,0,3.739
1999,0,10,34.02,14664.0,0,414,0,2.331
1999,0,11,10.86,3331009.1,410,2,0,3.863
1999,0,12,13.55,2948982.0,371,0,0,3.95
1999,0,13,19.72,574769.7,43,324,0,2.465
1999,0,14,30.6,3265781.0,405,1,0,3.968
1999,0,15,28.59,3009347.0,378,0,0,3.623
1999,0,16,28.24,0.0,0,415,0,0.0
1999,0,17,31.34,3258062.4,398,1,0,3.143
1999,0,18,36.47,3191098.0,402,0,0,3.353
1999,0,19,5.84,2286.8,0,412,0,2.571
1999,0,20,17.27,3146635.0,406,0,0,3.98
1999,0,21,22.59,3536429.8,440,6,0,3.729
1999,0,22,29.89,41649.4,0,407,0,2.242
1999,0,23,15.03,23536.5,1,401,0,2.394
1999,0,24,29.93,0.0,0,0,0,0.0
1999,0,25,15.88,0.0,0,0,0,0.0
1999,0,26,12.33,0.0,0,0,0,0.0
1999,0,27,23.22,0.0,0,0,0,0.0
1999,0,28,22.59,0.0,0,0,0,0.0
1999,0,29,18.02,0.0,0,0,0,0.0
1999,0,30,31.52,0.0,0,0,0,0.0
1999,0,31,35.22,0.0,0,0,0,0.0
1999,1,0,20.0,35981.6,0,326,0,3.415
1999,1,1,22.2,2667584.0,332,0,0,3.99
1999,1,2,24.66,252570.2,14,341,0,3.518
1999,1,3,21.54,2675092.0,331,0,0,3.999
1999,1,4,33.76,1131.2,0,366,0,3.111
1999,1,5,23.71,2782099.0,352,0,0,3.992
1999,1,6,10.08,2315999.4,284,37,0,3.812
1999,1,7,5.47,2818697.0,353,0,0,3.99
1999,1,8,9.6,2942554.0,368,0,0,3.991
1999,1,9,21.73,37262.1,0,368,0,3.449
1999,1,10,5.31,2744429.0,343,0,0,4.0
1999,1,11,36.07,2659247.0,334,0,0,3.962
1999,1,12,20.46,887.4,0,328,0,3.176
1999,1,13,34.32,2753644.8,337,2,1,3.918
1999,1,14,8.58,2879561.0,353,0,0,3.992
1999,1,15,13.3,2467067.2,305,20,0,3.862
1999,1,16,27.7,2658893.0,325,0,0,4.0
1999,1,17,12.23,2912538.0,361,0,0,3.981
1999,1,18,16.83,2232454.3,254,80,0,3.725
1999,1,19,38.02,377340.1,23,317,0,3.499
1999,1,20,37.85,2787150.0,343,0,0,3.995
1999,1,21,8.07,2287608.1,269,64,0,3.792
1999,1,22,27.42,2555389.0,319,0,0,3.981
1999,1,23,29.83,1015387.3,92,240,0,3.565
1999,1,24,36.07,5895.2,0,385,0,3.294
1999,1,25,17.54,209619.4,9,356,0,3.536
1999,1,26,27.33,2992612.0,376,0,0,3.998
1999,1,27,37.84,0.0,0,0,0,0.0
1999,1,28,36.11,0.0,0,0,0,0.0
1999,1,29,28.09,0.0,0,0,0,0.0
1999,1,30,27.63,0.0,0,0,0,0.0
1999,1,31,24.51,0.0,0,0,0,0.0
1999,2,0,7.74,287.9,0,231,0,2.667
1999,2,1,8.87,1766283.0,220,0,0,3.909
1999,2,2,26.78,241155.6,19,219,0,3.421
1999,2,3,17.07,1645906.0,203,0,0,3.946
1999,2,4,20.49,1732449.0,219,0,0,3.99
1999,2,5,18.4,385.6,0,219,0,1.667
1999,2,6,16.21,1996985.0,243,0,0,3.998
1999,2,7,28.9,1712999.0,213,7,0,3.883
1999,2,8,15.49,1518775.6,190,36,0,3.787
1999,2,9,34.34,463680.4,38,211,0,3.464
1999,2,10,38.11,1778083.0,221,1,0,3.919
1999,2,11,16.92,196725.6,12,206,0,3.346
1999,2,12,10.26,1826940.0,230,1,0,3.992
1999,2,13,21.54,2032087.0,255,0,0,3.89
1999,2,14,19.74,1856889.8,232,3,0,3.904
1999,2,15,32.07,1963427.7,247,7,0,3.795
1999,2,16,36.08,1909727.0,229,0,0,3.994
1999,2,17,28.98,1659312.0,215,0,0,3.993
1999,2,18,8.04,1859217.0,231,0,0,3.997
1999,2,19,33.29,1853920.0,229,5,0,3.882
1999,2,20,17.79,7648.5,0,239,0,2.904
1999,2,21,16.53,1684062.1,203,7,0,3.848
1999,2,22,23.07,1707571.0,213,0,0,3.994
1999,2,23,23.06,1667660.0,213,0,0,3.991
1999,2,24,30.02,832737.2,79,152,0,3.579
1999,2,25,18.79,7055.1,0,212,0,2.768
1999,2,26,16.66,1821279.4,215,18,0,3.807
1999,2,27,27.9,1594050.0,201,0,0,3.99
1999,2,28,14.65,1335011.3,152,86,0,3.713
1999,2,29,36.0,1660549.0,210,1,0,3.986
1999,2,30,34.95,0.0,0,0,0,0.0
1999,2,31,15.56,0.0,0,0,0,0.0
