{
  "run_dir": "/home/MYH/ML_DRL_Scheduler/PaperMain/runs/19_base_cqi4_ftp3_lr2000_s2024_20260911_gpu4",
  "resume": null,
  "version": 1,
  "recipe": "base",
  "config": {
    "age_norm_max": 50.0,
    "b_norm": 8000.0,
    "b_tx_epsilon": 1.0,
    "beta_rate": 1.0,
    "bs_ant_cols": 4,
    "bs_ant_rows": 4,
    "bs_polarization": "dual",
    "carrier_frequency": 3500000000.0,
    "codebook_size": 256,
    "cqi_mode": "nr4bit",
    "cqi_norm_const": 8.0,
    "deadline_max": 12,
    "deadline_min": 3,
    "debug": false,
    "decode_order": "rbg_major",
    "enable_pathloss": true,
    "enable_shadow_fading": true,
    "encoder_hidden": 128,
    "encoder_out_dim": 64,
    "episode_len_debug": 200,
    "episode_len_main": 1000,
    "eta_d": 1.0,
    "eta_data": 1.0,
    "indoor_probability": 0.0,
    "l_max": 4,
    "la_beta": 1.0,
    "la_beta_by_depth": [
      1.0162,
      0.8509,
      0.7732,
      0.728
    ],
    "la_mode": "post_rzf",
    "lambda_c": 1.0,
    "lambda_m": 2.0,
    "lambda_s": 1.0,
    "max_retx": 4,
    "mu_aware_la": false,
    "n_active_max": 32,
    "n_active_min": 16,
    "no_user_head_hidden": [
      128,
      64
    ],
    "noise_mode": "calibration",
    "num_bs_ant": 32,
    "num_rb_per_rbg": 8,
    "num_rbg": 8,
    "num_sc_per_rb": 12,
    "num_sym_per_rb": 14,
    "num_ue": 32,
    "num_ue_ant": 1,
    "o2i_model": "low",
    "p_arrival": 0.22,
    "p_arrival_ablation": [
      0.1,
      0.2,
      0.4
    ],
    "p_arrival_max": 0.5,
    "p_arrival_min": 0.15,
    "p_csi": 0.6,
    "p_csi_ablation": [
      1.0,
      0.5,
      0.2,
      0.1
    ],
    "p_total": 8.0,
    "packet_size_max": 12000,
    "packet_size_min": 4000,
    "pf_epsilon": 1.0,
    "pmi_mode": "type2_sparse_56bit",
    "ppo_batch_verify_every": 25,
    "ppo_batch_verify_slots": 4,
    "ppo_batch_verify_tol": 0.001,
    "ppo_batched_replay": true,
    "ppo_clip_eps": 0.2,
    "ppo_critic_v2": true,
    "ppo_entropy_coef": 0.02,
    "ppo_epochs": 4,
    "ppo_eval_episodes": 3,
    "ppo_eval_every": 10,
    "ppo_force_full_rank": false,
    "ppo_gae_lambda": 0.95,
    "ppo_gamma": 0.99,
    "ppo_learning_rate": 0.0003,
    "ppo_max_grad_norm": 0.5,
    "ppo_minibatch_size": 256,
    "ppo_no_user_scale": 1.0,
    "ppo_save_every": 1,
    "ppo_target_kl": 0.02,
    "ppo_value_coef": 0.25,
    "queue_size": 8,
    "rzf_alpha_mode": "noise",
    "scenario": "umi",
    "score_net_hidden": [
      128,
      64
    ],
    "seed": 2024,
    "share_critic_encoder": true,
    "speed_ablation_kmh": [
      3.0,
      10.0,
      30.0,
      60.0
    ],
    "subcarrier_spacing": 30000.0,
    "sus_ortho_threshold": 0.75,
    "t_c": 100,
    "target_snr_ablation_db": [
      5.0,
      10.0,
      15.0
    ],
    "target_snr_db": 10.0,
    "traffic_model": "ftp3",
    "type2_L": 4,
    "type2_O1": 4,
    "type2_O2": 4,
    "type2_amp_bits": 3,
    "type2_phase_bits": 2,
    "ue_speed_kmh": 3.0,
    "ue_speed_max": 40.0,
    "ue_speed_min": 5.0,
    "ue_speed_mix": [],
    "value_head_hidden": [
      128,
      64
    ]
  },
  "artifact_config_sha256": "8bbcd8e83195713cf9baefe96af8d4e6ed4035481d791ef7ccd63f2f043be81c",
  "source_sha256": {
    "paper_train.py": "3095c067ce9ed3cf0dea43bcac5263e839986b85599e53ef4df43b84be3f64cc",
    "train_phase2.py": "2079a90c356a92d8cd591b378d6708b6b06d3185a84fc206d887d9bb9b3e4eca",
    "config.py": "734936660c5ea80ad64c8b58b1d9f2e6942e5e52787f5df7d07370cb0e8845a8",
    "env.py": "e91c83165b2717c3c021433c67fb6531ae20e6f714b934b936b6ff95aff5015d",
    "channel.py": "b308c63d369a181ba08788bc0f52f6f620c1ac3ff65ad210ae5367cd0d47e755",
    "csi.py": "e6084b6b514c1269e0a56c76637a07c2cffcf04cfa889683a38d23b10d71f356",
    "codebook.py": "93234f7b2aae3d7f5b593deca8aa8c4aace3c0756e2a20abe577e1ffbe381abf",
    "phy.py": "f18d9d7cf57a981c6e835a955eea0a0195e2efdf6aad675312566b61b0b66846",
    "la_planner.py": "ddb6028d2fd138b6b4517ecc5a73ea109915f1029081350a42a152343bb3d39d",
    "traffic.py": "3a4c341b240924110c82c296eec3b7bf67dfcf2d7d8e2043557462ae843cdf01",
    "transmission.py": "317e0ece855e33de44445a7c4ecb90cddbad5dbcc70dd9357435864f5887276e",
    "policy.py": "b668806d4604abe7f69683a4b78136dd4a811abe1597dadb640c22d4507af9f5",
    "ppo.py": "dc3157aed774fe410f729b142db5f914fd095ba824d0366d8f619c50b27fd298",
    "baselines.py": "c227fdc61c836969f1c8f7d7bf2cbccce0efd7e1a36b4940cc6b4dddd0e17e07",
    "metrics.py": "cba7a47dd1de4c5487bf5ee91925f3b0a869436430496044ad5bf9bada9a8809",
    "calibration/profile.py": "35e4c3ff438eaa29770b905229ad67d47fd4bd73acc298ac00e5708cc0a98d92"
  },
  "schedule": {
    "lr_final": 0.0,
    "lr_decay_updates": 2000
  },
  "schedule_origin": "override",
  "replay_origin": "override",
  "traffic_origin": "override",
  "target_updates": 2000,
  "smoke_slots": null,
  "purpose": "training",
  "execution": {
    "device": "cuda",
    "gpu": "4",
    "threads": 4
  },
  "runtime": {
    "python": "3.11.0rc1",
    "system": "Linux",
    "machine": "x86_64",
    "packages": {
      "numpy": "1.26.4",
      "torch": "2.7.1+cu118",
      "tensorflow": "2.15.0",
      "sionna": "1.2.1",
      "tensorboard": "2.15.1",
      "scipy": "1.17.0"
    },
    "torch_cuda": "11.8",
    "gpu_name": "NVIDIA GeForce RTX 4090"
  },
  "calibration_profile": {
    "path": "/home/MYH/ML_DRL_Scheduler/PaperMain/results/cqi4_hl_corrected_v2/summary.json",
    "file_sha256": "258e90406be65d7621d0938bb7755034b35c6d4f1485f4a28e7da2c506009110",
    "document_sha256": "0a8a6ff47855f24c33b8e348019ab30a4f73e05d7ef02e553eae18f5ee72e39e",
    "document": {
      "schema_version": 1,
      "protocol": "cqi4-feasible-v1",
      "status": "validated",
      "config": {
        "seed": 2024,
        "num_bs_ant": 32,
        "num_ue_ant": 1,
        "bs_ant_rows": 4,
        "bs_ant_cols": 4,
        "bs_polarization": "dual",
        "num_ue": 32,
        "n_active_min": 16,
        "n_active_max": 32,
        "ue_speed_min": 5.0,
        "ue_speed_max": 40.0,
        "num_rbg": 8,
        "num_rb_per_rbg": 8,
        "num_sc_per_rb": 12,
        "num_sym_per_rb": 14,
        "subcarrier_spacing": 30000.0,
        "carrier_frequency": 3500000000.0,
        "l_max": 4,
        "scenario": "umi",
        "o2i_model": "low",
        "enable_pathloss": true,
        "enable_shadow_fading": true,
        "indoor_probability": 0.0,
        "ue_speed_kmh": 3.0,
        "speed_ablation_kmh": [
          3.0,
          10.0,
          30.0,
          60.0
        ],
        "ue_speed_mix": [],
        "pmi_mode": "type2_sparse_56bit",
        "codebook_size": 256,
        "type2_O1": 4,
        "type2_O2": 4,
        "type2_L": 4,
        "type2_amp_bits": 3,
        "type2_phase_bits": 2,
        "p_csi": 0.6,
        "p_csi_ablation": [
          1.0,
          0.5,
          0.2,
          0.1
        ],
        "cqi_mode": "nr4bit",
        "p_arrival": 0.22,
        "p_arrival_min": 0.15,
        "p_arrival_max": 0.5,
        "p_arrival_ablation": [
          0.1,
          0.2,
          0.4
        ],
        "packet_size_min": 4000,
        "packet_size_max": 12000,
        "deadline_min": 3,
        "deadline_max": 12,
        "queue_size": 8,
        "eta_data": 1.0,
        "beta_rate": 1.0,
        "la_beta": 1.0,
        "la_beta_by_depth": [],
        "b_tx_epsilon": 1.0,
        "mu_aware_la": false,
        "la_mode": "post_rzf",
        "decode_order": "rbg_major",
        "p_total": 8.0,
        "target_snr_db": 10.0,
        "target_snr_ablation_db": [
          5.0,
          10.0,
          15.0
        ],
        "noise_mode": "calibration",
        "rzf_alpha_mode": "noise",
        "max_retx": 4,
        "lambda_s": 1.0,
        "lambda_c": 1.0,
        "lambda_m": 2.0,
        "eta_d": 1.0,
        "b_norm": 8000.0,
        "t_c": 100,
        "sus_ortho_threshold": 0.75,
        "pf_epsilon": 1.0,
        "cqi_norm_const": 8.0,
        "age_norm_max": 50.0,
        "ppo_gamma": 0.99,
        "ppo_gae_lambda": 0.95,
        "ppo_clip_eps": 0.2,
        "ppo_learning_rate": 0.0003,
        "ppo_value_coef": 0.25,
        "ppo_entropy_coef": 0.02,
        "ppo_max_grad_norm": 0.5,
        "ppo_epochs": 4,
        "ppo_minibatch_size": 256,
        "ppo_target_kl": 0.02,
        "ppo_critic_v2": true,
        "ppo_batched_replay": false,
        "ppo_force_full_rank": false,
        "ppo_no_user_scale": 1.0,
        "ppo_batch_verify_every": 25,
        "ppo_batch_verify_slots": 4,
        "ppo_batch_verify_tol": 0.001,
        "encoder_hidden": 128,
        "encoder_out_dim": 64,
        "score_net_hidden": [
          128,
          64
        ],
        "no_user_head_hidden": [
          128,
          64
        ],
        "value_head_hidden": [
          128,
          64
        ],
        "share_critic_encoder": true,
        "ppo_eval_every": 10,
        "ppo_eval_episodes": 3,
        "ppo_save_every": 1,
        "episode_len_main": 1000,
        "episode_len_debug": 200,
        "debug": false
      },
      "reference_config_sha256": "8bbcd8e83195713cf9baefe96af8d4e6ed4035481d791ef7ccd63f2f043be81c",
      "source_sha256": {
        "calibration/beta_m_calib_holdout.py": "f57ab3a07175f66504f9410e9cb560b298adbda0d22e431d36ebd61c81966987",
        "calibration/cqi4.py": "be2aaeeee46cca8bd72fdd335ad06e86f0614d418414365c0462e2796f85fc20",
        "calibration/profile.py": "35e4c3ff438eaa29770b905229ad67d47fd4bd73acc298ac00e5708cc0a98d92",
        "channel.py": "b308c63d369a181ba08788bc0f52f6f620c1ac3ff65ad210ae5367cd0d47e755",
        "codebook.py": "93234f7b2aae3d7f5b593deca8aa8c4aace3c0756e2a20abe577e1ffbe381abf",
        "config.py": "5ab93d0212e1a86449896252514ffd4ddb7666410117a720efc527bb7db47658",
        "csi.py": "e6084b6b514c1269e0a56c76637a07c2cffcf04cfa889683a38d23b10d71f356",
        "env.py": "e91c83165b2717c3c021433c67fb6531ae20e6f714b934b936b6ff95aff5015d",
        "la_planner.py": "ddb6028d2fd138b6b4517ecc5a73ea109915f1029081350a42a152343bb3d39d",
        "paper_calibration.py": "4fa79689189ca4fd5135cc6a0865e36a4f34faf8e48d83c44902d7893d85c88d",
        "phy.py": "f18d9d7cf57a981c6e835a955eea0a0195e2efdf6aad675312566b61b0b66846",
        "traffic.py": "49f1822387d29c4b8333cc73ea22f64af9fa153800651dcf7c14cb139e3fd4aa",
        "transmission.py": "317e0ece855e33de44445a7c4ecb90cddbad5dbcc70dd9357435864f5887276e"
      },
      "created_at": "2026-09-09T01:58:32.525402+00:00",
      "threads": 4,
      "sampling": {
        "every_slots": 7,
        "groups_per_depth_per_sample": 2,
        "law": "uniform_without_replacement_over_feedback_eligible_UEs",
        "traffic": "empty actions; all-new full-capacity reference groups",
        "insufficient_population": "skip draw without redrawing RBG",
        "membership": "frozen beta times every raw cap must pass runtime epsilon"
      },
      "target_coverage": {
        "target_first_ack": 0.9,
        "interpretation": "reference-group estimate; not a policy or BLER guarantee"
      },
      "calibration": {
        "start": 50000,
        "episodes": 36,
        "sampler_seed": 777,
        "slots": 1000,
        "membership": {
          "1": {
            "member_count": 10296,
            "below_epsilon_members": 0,
            "minimum_raw_cap": 204.6911999999998,
            "minimum_scaled_cap": 208.0071974399998,
            "epsilon": 1.0
          },
          "2": {
            "member_count": 20592,
            "below_epsilon_members": 0,
            "minimum_raw_cap": 24.751201510432686,
            "minimum_scaled_cap": 21.060797365227174,
            "epsilon": 1.0
          },
          "3": {
            "member_count": 30888,
            "below_epsilon_members": 0,
            "minimum_raw_cap": 9.693088419334057,
            "minimum_scaled_cap": 7.494695965829092,
            "epsilon": 1.0
          },
          "4": {
            "member_count": 41184,
            "below_epsilon_members": 0,
            "minimum_raw_cap": 5.406800226721885,
            "minimum_scaled_cap": 3.9361505650535324,
            "epsilon": 1.0
          }
        },
        "diagnostics": {
          "1": [
            {
              "draws": 286,
              "groups": 286,
              "members": 286,
              "skipped_insufficient": 0,
              "candidate_slots": 9152,
              "excluded_candidates": 900,
              "cqi_zero_candidates": 900,
              "real_zero_mi_members": 0
            },
            {
              "draws": 286,
              "groups": 286,
              "members": 286,
              "skipped_insufficient": 0,
              "candidate_slots": 9152,
              "excluded_candidates": 274,
              "cqi_zero_candidates": 274,
              "real_zero_mi_members": 0
            },
            {
              "draws": 286,
              "groups": 286,
              "members": 286,
              "skipped_insufficient": 0,
              "candidate_slots": 9152,
              "excluded_candidates": 366,
              "cqi_zero_candidates": 366,
              "real_zero_mi_members": 0
            },
            {
              "draws": 286,
              "groups": 286,
              "members": 286,
              "skipped_insufficient": 0,
              "candidate_slots": 9152,
              "excluded_candidates": 1,
              "cqi_zero_candidates": 1,
              "real_zero_mi_members": 0
            },
            {
              "draws": 286,
              "groups": 286,
              "members": 286,
              "skipped_insufficient": 0,
              "candidate_slots": 9152,
              "excluded_candidates": 849,
              "cqi_zero_candidates": 849,
              "real_zero_mi_members": 0
            },
            {
              "draws": 286,
              "groups": 286,
              "members": 286,
              "skipped_insufficient": 0,
              "candidate_slots": 9152,
              "excluded_candidates": 166,
              "cqi_zero_candidates": 166,
              "real_zero_mi_members": 0
            },
            {
              "draws": 286,
              "groups": 286,
              "members": 286,
              "skipped_insufficient": 0,
              "candidate_slots": 9152,
              "excluded_candidates": 214,
              "cqi_zero_candidates": 214,
              "real_zero_mi_members": 0
            },
            {
              "draws": 286,
              "groups": 286,
              "members": 286,
              "skipped_insufficient": 0,
              "candidate_slots": 9152,
              "excluded_candidates": 984,
              "cqi_zero_candidates": 984,
              "real_zero_mi_members": 0
            },
            {
              "draws": 286,
              "groups": 286,
              "members": 286,
              "skipped_insufficient": 0,
              "candidate_slots": 9152,
              "excluded_candidates": 46,
              "cqi_zero_candidates": 46,
              "real_zero_mi_members": 0
            },
            {
              "draws": 286,
              "groups": 286,
              "members": 286,
              "skipped_insufficient": 0,
              "candidate_slots": 9152,
              "excluded_candidates": 151,
              "cqi_zero_candidates": 151,
              "real_zero_mi_members": 0
            },
            {
              "draws": 286,
              "groups": 286,
              "members": 286,
              "skipped_insufficient": 0,
              "candidate_slots": 9152,
              "excluded_candidates": 447,
              "cqi_zero_candidates": 447,
              "real_zero_mi_members": 0
            },
            {
              "draws": 286,
              "groups": 286,
              "members": 286,
              "skipped_insufficient": 0,
              "candidate_slots": 9152,
              "excluded_candidates": 96,
              "cqi_zero_candidates": 96,
              "real_zero_mi_members": 0
            },
            {
              "draws": 286,
              "groups": 286,
              "members": 286,
              "skipped_insufficient": 0,
              "candidate_slots": 9152,
              "excluded_candidates": 844,
              "cqi_zero_candidates": 844,
              "real_zero_mi_members": 0
            },
            {
              "draws": 286,
              "groups": 286,
              "members": 286,
              "skipped_insufficient": 0,
              "candidate_slots": 9152,
              "excluded_candidates": 133,
              "cqi_zero_candidates": 133,
              "real_zero_mi_members": 0
            },
            {
              "draws": 286,
              "groups": 286,
              "members": 286,
              "skipped_insufficient": 0,
              "candidate_slots": 9152,
              "excluded_candidates": 8,
              "cqi_zero_candidates": 8,
              "real_zero_mi_members": 0
            },
            {
              "draws": 286,
              "groups": 286,
              "members": 286,
              "skipped_insufficient": 0,
              "candidate_slots": 9152,
              "excluded_candidates": 622,
              "cqi_zero_candidates": 622,
              "real_zero_mi_members": 0
            },
            {
              "draws": 286,
              "groups": 286,
              "members": 286,
              "skipped_insufficient": 0,
              "candidate_slots": 9152,
              "excluded_candidates": 276,
              "cqi_zero_candidates": 276,
              "real_zero_mi_members": 0
            },
            {
              "draws": 286,
              "groups": 286,
              "members": 286,
              "skipped_insufficient": 0,
              "candidate_slots": 9152,
              "excluded_candidates": 21,
              "cqi_zero_candidates": 21,
              "real_zero_mi_members": 0
            },
            {
              "draws": 286,
              "groups": 286,
              "members": 286,
              "skipped_insufficient": 0,
              "candidate_slots": 9152,
              "excluded_candidates": 77,
              "cqi_zero_candidates": 77,
              "real_zero_mi_members": 0
            },
            {
              "draws": 286,
              "groups": 286,
              "members": 286,
              "skipped_insufficient": 0,
              "candidate_slots": 9152,
              "excluded_candidates": 384,
              "cqi_zero_candidates": 384,
              "real_zero_mi_members": 0
            },
            {
              "draws": 286,
              "groups": 286,
              "members": 286,
              "skipped_insufficient": 0,
              "candidate_slots": 9152,
              "excluded_candidates": 187,
              "cqi_zero_candidates": 187,
              "real_zero_mi_members": 0
            },
            {
              "draws": 286,
              "groups": 286,
              "members": 286,
              "skipped_insufficient": 0,
              "candidate_slots": 9152,
              "excluded_candidates": 1037,
              "cqi_zero_candidates": 1037,
              "real_zero_mi_members": 0
            },
            {
              "draws": 286,
              "groups": 286,
              "members": 286,
              "skipped_insufficient": 0,
              "candidate_slots": 9152,
              "excluded_candidates": 249,
              "cqi_zero_candidates": 249,
              "real_zero_mi_members": 0
            },
            {
              "draws": 286,
              "groups": 286,
              "members": 286,
              "skipped_insufficient": 0,
              "candidate_slots": 9152,
              "excluded_candidates": 1298,
              "cqi_zero_candidates": 1298,
              "real_zero_mi_members": 0
            },
            {
              "draws": 286,
              "groups": 286,
              "members": 286,
              "skipped_insufficient": 0,
              "candidate_slots": 9152,
              "excluded_candidates": 775,
              "cqi_zero_candidates": 775,
              "real_zero_mi_members": 0
            },
            {
              "draws": 286,
              "groups": 286,
              "members": 286,
              "skipped_insufficient": 0,
              "candidate_slots": 9152,
              "excluded_candidates": 992,
              "cqi_zero_candidates": 992,
              "real_zero_mi_members": 0
            },
            {
              "draws": 286,
              "groups": 286,
              "members": 286,
              "skipped_insufficient": 0,
              "candidate_slots": 9152,
              "excluded_candidates": 815,
              "cqi_zero_candidates": 815,
              "real_zero_mi_members": 0
            },
            {
              "draws": 286,
              "groups": 286,
              "members": 286,
              "skipped_insufficient": 0,
              "candidate_slots": 9152,
              "excluded_candidates": 115,
              "cqi_zero_candidates": 115,
              "real_zero_mi_members": 0
            },
            {
              "draws": 286,
              "groups": 286,
              "members": 286,
              "skipped_insufficient": 0,
              "candidate_slots": 9152,
              "excluded_candidates": 530,
              "cqi_zero_candidates": 530,
              "real_zero_mi_members": 0
            },
            {
              "draws": 286,
              "groups": 286,
              "members": 286,
              "skipped_insufficient": 0,
              "candidate_slots": 9152,
              "excluded_candidates": 938,
              "cqi_zero_candidates": 938,
              "real_zero_mi_members": 0
            },
            {
              "draws": 286,
              "groups": 286,
              "members": 286,
              "skipped_insufficient": 0,
              "candidate_slots": 9152,
              "excluded_candidates": 60,
              "cqi_zero_candidates": 60,
              "real_zero_mi_members": 0
            },
            {
              "draws": 286,
              "groups": 286,
              "members": 286,
              "skipped_insufficient": 0,
              "candidate_slots": 9152,
              "excluded_candidates": 916,
              "cqi_zero_candidates": 916,
              "real_zero_mi_members": 0
            },
            {
              "draws": 286,
              "groups": 286,
              "members": 286,
              "skipped_insufficient": 0,
              "candidate_slots": 9152,
              "excluded_candidates": 309,
              "cqi_zero_candidates": 309,
              "real_zero_mi_members": 0
            },
            {
              "draws": 286,
              "groups": 286,
              "members": 286,
              "skipped_insufficient": 0,
              "candidate_slots": 9152,
              "excluded_candidates": 505,
              "cqi_zero_candidates": 505,
              "real_zero_mi_members": 0
            },
            {
              "draws": 286,
              "groups": 286,
              "members": 286,
              "skipped_insufficient": 0,
              "candidate_slots": 9152,
              "excluded_candidates": 235,
              "cqi_zero_candidates": 235,
              "real_zero_mi_members": 0
            },
            {
              "draws": 286,
              "groups": 286,
              "members": 286,
              "skipped_insufficient": 0,
              "candidate_slots": 9152,
              "excluded_candidates": 1294,
              "cqi_zero_candidates": 1294,
              "real_zero_mi_members": 0
            }
          ],
          "2": [
            {
              "draws": 286,
              "groups": 286,
              "members": 572,
              "skipped_insufficient": 0,
              "candidate_slots": 9152,
              "excluded_candidates": 927,
              "cqi_zero_candidates": 927,
              "real_zero_mi_members": 0
            },
            {
              "draws": 286,
              "groups": 286,
              "members": 572,
              "skipped_insufficient": 0,
              "candidate_slots": 9152,
              "excluded_candidates": 300,
              "cqi_zero_candidates": 300,
              "real_zero_mi_members": 0
            },
            {
              "draws": 286,
              "groups": 286,
              "members": 572,
              "skipped_insufficient": 0,
              "candidate_slots": 9152,
              "excluded_candidates": 375,
              "cqi_zero_candidates": 375,
              "real_zero_mi_members": 0
            },
            {
              "draws": 286,
              "groups": 286,
              "members": 572,
              "skipped_insufficient": 0,
              "candidate_slots": 9152,
              "excluded_candidates": 1,
              "cqi_zero_candidates": 1,
              "real_zero_mi_members": 0
            },
            {
              "draws": 286,
              "groups": 286,
              "members": 572,
              "skipped_insufficient": 0,
              "candidate_slots": 9152,
              "excluded_candidates": 867,
              "cqi_zero_candidates": 867,
              "real_zero_mi_members": 0
            },
            {
              "draws": 286,
              "groups": 286,
              "members": 572,
              "skipped_insufficient": 0,
              "candidate_slots": 9152,
              "excluded_candidates": 192,
              "cqi_zero_candidates": 192,
              "real_zero_mi_members": 0
            },
            {
              "draws": 286,
              "groups": 286,
              "members": 572,
              "skipped_insufficient": 0,
              "candidate_slots": 9152,
              "excluded_candidates": 216,
              "cqi_zero_candidates": 216,
              "real_zero_mi_members": 0
            },
            {
              "draws": 286,
              "groups": 286,
              "members": 572,
              "skipped_insufficient": 0,
              "candidate_slots": 9152,
              "excluded_candidates": 998,
              "cqi_zero_candidates": 998,
              "real_zero_mi_members": 0
            },
            {
              "draws": 286,
              "groups": 286,
              "members": 572,
              "skipped_insufficient": 0,
              "candidate_slots": 9152,
              "excluded_candidates": 47,
              "cqi_zero_candidates": 47,
              "real_zero_mi_members": 0
            },
            {
              "draws": 286,
              "groups": 286,
              "members": 572,
              "skipped_insufficient": 0,
              "candidate_slots": 9152,
              "excluded_candidates": 152,
              "cqi_zero_candidates": 152,
              "real_zero_mi_members": 0
            },
            {
              "draws": 286,
              "groups": 286,
              "members": 572,
              "skipped_insufficient": 0,
              "candidate_slots": 9152,
              "excluded_candidates": 449,
              "cqi_zero_candidates": 449,
              "real_zero_mi_members": 0
            },
            {
              "draws": 286,
              "groups": 286,
              "members": 572,
              "skipped_insufficient": 0,
              "candidate_slots": 9152,
              "excluded_candidates": 98,
              "cqi_zero_candidates": 98,
              "real_zero_mi_members": 0
            },
            {
              "draws": 286,
              "groups": 286,
              "members": 572,
              "skipped_insufficient": 0,
              "candidate_slots": 9152,
              "excluded_candidates": 811,
              "cqi_zero_candidates": 811,
              "real_zero_mi_members": 0
            },
            {
              "draws": 286,
              "groups": 286,
              "members": 572,
              "skipped_insufficient": 0,
              "candidate_slots": 9152,
              "excluded_candidates": 139,
              "cqi_zero_candidates": 139,
              "real_zero_mi_members": 0
            },
            {
              "draws": 286,
              "groups": 286,
              "members": 572,
              "skipped_insufficient": 0,
              "candidate_slots": 9152,
              "excluded_candidates": 3,
              "cqi_zero_candidates": 3,
              "real_zero_mi_members": 0
            },
            {
              "draws": 286,
              "groups": 286,
              "members": 572,
              "skipped_insufficient": 0,
              "candidate_slots": 9152,
              "excluded_candidates": 623,
              "cqi_zero_candidates": 623,
              "real_zero_mi_members": 0
            },
            {
              "draws": 286,
              "groups": 286,
              "members": 572,
              "skipped_insufficient": 0,
              "candidate_slots": 9152,
              "excluded_candidates": 273,
              "cqi_zero_candidates": 273,
              "real_zero_mi_members": 0
            },
            {
              "draws": 286,
              "groups": 286,
              "members": 572,
              "skipped_insufficient": 0,
              "candidate_slots": 9152,
              "excluded_candidates": 20,
              "cqi_zero_candidates": 20,
              "real_zero_mi_members": 0
            },
            {
              "draws": 286,
              "groups": 286,
              "members": 572,
              "skipped_insufficient": 0,
              "candidate_slots": 9152,
              "excluded_candidates": 72,
              "cqi_zero_candidates": 72,
              "real_zero_mi_members": 0
            },
            {
              "draws": 286,
              "groups": 286,
              "members": 572,
              "skipped_insufficient": 0,
              "candidate_slots": 9152,
              "excluded_candidates": 398,
              "cqi_zero_candidates": 398,
              "real_zero_mi_members": 0
            },
            {
              "draws": 286,
              "groups": 286,
              "members": 572,
              "skipped_insufficient": 0,
              "candidate_slots": 9152,
              "excluded_candidates": 198,
              "cqi_zero_candidates": 198,
              "real_zero_mi_members": 0
            },
            {
              "draws": 286,
              "groups": 286,
              "members": 572,
              "skipped_insufficient": 0,
              "candidate_slots": 9152,
              "excluded_candidates": 1046,
              "cqi_zero_candidates": 1046,
              "real_zero_mi_members": 0
            },
            {
              "draws": 286,
              "groups": 286,
              "members": 572,
              "skipped_insufficient": 0,
              "candidate_slots": 9152,
              "excluded_candidates": 257,
              "cqi_zero_candidates": 257,
              "real_zero_mi_members": 0
            },
            {
              "draws": 286,
              "groups": 286,
              "members": 572,
              "skipped_insufficient": 0,
              "candidate_slots": 9152,
              "excluded_candidates": 1284,
              "cqi_zero_candidates": 1284,
              "real_zero_mi_members": 0
            },
            {
              "draws": 286,
              "groups": 286,
              "members": 572,
              "skipped_insufficient": 0,
              "candidate_slots": 9152,
              "excluded_candidates": 789,
              "cqi_zero_candidates": 789,
              "real_zero_mi_members": 0
            },
            {
              "draws": 286,
              "groups": 286,
              "members": 572,
              "skipped_insufficient": 0,
              "candidate_slots": 9152,
              "excluded_candidates": 977,
              "cqi_zero_candidates": 977,
              "real_zero_mi_members": 0
            },
            {
              "draws": 286,
              "groups": 286,
              "members": 572,
              "skipped_insufficient": 0,
              "candidate_slots": 9152,
              "excluded_candidates": 803,
              "cqi_zero_candidates": 803,
              "real_zero_mi_members": 0
            },
            {
              "draws": 286,
              "groups": 286,
              "members": 572,
              "skipped_insufficient": 0,
              "candidate_slots": 9152,
              "excluded_candidates": 120,
              "cqi_zero_candidates": 120,
              "real_zero_mi_members": 0
            },
            {
              "draws": 286,
              "groups": 286,
              "members": 572,
              "skipped_insufficient": 0,
              "candidate_slots": 9152,
              "excluded_candidates": 540,
              "cqi_zero_candidates": 540,
              "real_zero_mi_members": 0
            },
            {
              "draws": 286,
              "groups": 286,
              "members": 572,
              "skipped_insufficient": 0,
              "candidate_slots": 9152,
              "excluded_candidates": 941,
              "cqi_zero_candidates": 941,
              "real_zero_mi_members": 0
            },
            {
              "draws": 286,
              "groups": 286,
              "members": 572,
              "skipped_insufficient": 0,
              "candidate_slots": 9152,
              "excluded_candidates": 77,
              "cqi_zero_candidates": 77,
              "real_zero_mi_members": 0
            },
            {
              "draws": 286,
              "groups": 286,
              "members": 572,
              "skipped_insufficient": 0,
              "candidate_slots": 9152,
              "excluded_candidates": 907,
              "cqi_zero_candidates": 907,
              "real_zero_mi_members": 0
            },
            {
              "draws": 286,
              "groups": 286,
              "members": 572,
              "skipped_insufficient": 0,
              "candidate_slots": 9152,
              "excluded_candidates": 307,
              "cqi_zero_candidates": 307,
              "real_zero_mi_members": 0
            },
            {
              "draws": 286,
              "groups": 286,
              "members": 572,
              "skipped_insufficient": 0,
              "candidate_slots": 9152,
              "excluded_candidates": 495,
              "cqi_zero_candidates": 495,
              "real_zero_mi_members": 0
            },
            {
              "draws": 286,
              "groups": 286,
              "members": 572,
              "skipped_insufficient": 0,
              "candidate_slots": 9152,
              "excluded_candidates": 208,
              "cqi_zero_candidates": 208,
              "real_zero_mi_members": 0
            },
            {
              "draws": 286,
              "groups": 286,
              "members": 572,
              "skipped_insufficient": 0,
              "candidate_slots": 9152,
              "excluded_candidates": 1310,
              "cqi_zero_candidates": 1310,
              "real_zero_mi_members": 0
            }
          ],
          "3": [
            {
              "draws": 286,
              "groups": 286,
              "members": 858,
              "skipped_insufficient": 0,
              "candidate_slots": 9152,
              "excluded_candidates": 912,
              "cqi_zero_candidates": 912,
              "real_zero_mi_members": 0
            },
            {
              "draws": 286,
              "groups": 286,
              "members": 858,
              "skipped_insufficient": 0,
              "candidate_slots": 9152,
              "excluded_candidates": 278,
              "cqi_zero_candidates": 278,
              "real_zero_mi_members": 0
            },
            {
              "draws": 286,
              "groups": 286,
              "members": 858,
              "skipped_insufficient": 0,
              "candidate_slots": 9152,
              "excluded_candidates": 372,
              "cqi_zero_candidates": 372,
              "real_zero_mi_members": 0
            },
            {
              "draws": 286,
              "groups": 286,
              "members": 858,
              "skipped_insufficient": 0,
              "candidate_slots": 9152,
              "excluded_candidates": 0,
              "cqi_zero_candidates": 0,
              "real_zero_mi_members": 0
            },
            {
              "draws": 286,
              "groups": 286,
              "members": 858,
              "skipped_insufficient": 0,
              "candidate_slots": 9152,
              "excluded_candidates": 859,
              "cqi_zero_candidates": 859,
              "real_zero_mi_members": 0
            },
            {
              "draws": 286,
              "groups": 286,
              "members": 858,
              "skipped_insufficient": 0,
              "candidate_slots": 9152,
              "excluded_candidates": 176,
              "cqi_zero_candidates": 176,
              "real_zero_mi_members": 0
            },
            {
              "draws": 286,
              "groups": 286,
              "members": 858,
              "skipped_insufficient": 0,
              "candidate_slots": 9152,
              "excluded_candidates": 216,
              "cqi_zero_candidates": 216,
              "real_zero_mi_members": 0
            },
            {
              "draws": 286,
              "groups": 286,
              "members": 858,
              "skipped_insufficient": 0,
              "candidate_slots": 9152,
              "excluded_candidates": 992,
              "cqi_zero_candidates": 992,
              "real_zero_mi_members": 0
            },
            {
              "draws": 286,
              "groups": 286,
              "members": 858,
              "skipped_insufficient": 0,
              "candidate_slots": 9152,
              "excluded_candidates": 39,
              "cqi_zero_candidates": 39,
              "real_zero_mi_members": 0
            },
            {
              "draws": 286,
              "groups": 286,
              "members": 858,
              "skipped_insufficient": 0,
              "candidate_slots": 9152,
              "excluded_candidates": 139,
              "cqi_zero_candidates": 139,
              "real_zero_mi_members": 0
            },
            {
              "draws": 286,
              "groups": 286,
              "members": 858,
              "skipped_insufficient": 0,
              "candidate_slots": 9152,
              "excluded_candidates": 435,
              "cqi_zero_candidates": 435,
              "real_zero_mi_members": 0
            },
            {
              "draws": 286,
              "groups": 286,
              "members": 858,
              "skipped_insufficient": 0,
              "candidate_slots": 9152,
              "excluded_candidates": 108,
              "cqi_zero_candidates": 108,
              "real_zero_mi_members": 0
            },
            {
              "draws": 286,
              "groups": 286,
              "members": 858,
              "skipped_insufficient": 0,
              "candidate_slots": 9152,
              "excluded_candidates": 825,
              "cqi_zero_candidates": 825,
              "real_zero_mi_members": 0
            },
            {
              "draws": 286,
              "groups": 286,
              "members": 858,
              "skipped_insufficient": 0,
              "candidate_slots": 9152,
              "excluded_candidates": 136,
              "cqi_zero_candidates": 136,
              "real_zero_mi_members": 0
            },
            {
              "draws": 286,
              "groups": 286,
              "members": 858,
              "skipped_insufficient": 0,
              "candidate_slots": 9152,
              "excluded_candidates": 8,
              "cqi_zero_candidates": 8,
              "real_zero_mi_members": 0
            },
            {
              "draws": 286,
              "groups": 286,
              "members": 858,
              "skipped_insufficient": 0,
              "candidate_slots": 9152,
              "excluded_candidates": 621,
              "cqi_zero_candidates": 621,
              "real_zero_mi_members": 0
            },
            {
              "draws": 286,
              "groups": 286,
              "members": 858,
              "skipped_insufficient": 0,
              "candidate_slots": 9152,
              "excluded_candidates": 273,
              "cqi_zero_candidates": 273,
              "real_zero_mi_members": 0
            },
            {
              "draws": 286,
              "groups": 286,
              "members": 858,
              "skipped_insufficient": 0,
              "candidate_slots": 9152,
              "excluded_candidates": 10,
              "cqi_zero_candidates": 10,
              "real_zero_mi_members": 0
            },
            {
              "draws": 286,
              "groups": 286,
              "members": 858,
              "skipped_insufficient": 0,
              "candidate_slots": 9152,
              "excluded_candidates": 73,
              "cqi_zero_candidates": 73,
              "real_zero_mi_members": 0
            },
            {
              "draws": 286,
              "groups": 286,
              "members": 858,
              "skipped_insufficient": 0,
              "candidate_slots": 9152,
              "excluded_candidates": 400,
              "cqi_zero_candidates": 400,
              "real_zero_mi_members": 0
            },
            {
              "draws": 286,
              "groups": 286,
              "members": 858,
              "skipped_insufficient": 0,
              "candidate_slots": 9152,
              "excluded_candidates": 179,
              "cqi_zero_candidates": 179,
              "real_zero_mi_members": 0
            },
            {
              "draws": 286,
              "groups": 286,
              "members": 858,
              "skipped_insufficient": 0,
              "candidate_slots": 9152,
              "excluded_candidates": 1040,
              "cqi_zero_candidates": 1040,
              "real_zero_mi_members": 0
            },
            {
              "draws": 286,
              "groups": 286,
              "members": 858,
              "skipped_insufficient": 0,
              "candidate_slots": 9152,
              "excluded_candidates": 268,
              "cqi_zero_candidates": 268,
              "real_zero_mi_members": 0
            },
            {
              "draws": 286,
              "groups": 286,
              "members": 858,
              "skipped_insufficient": 0,
              "candidate_slots": 9152,
              "excluded_candidates": 1297,
              "cqi_zero_candidates": 1297,
              "real_zero_mi_members": 0
            },
            {
              "draws": 286,
              "groups": 286,
              "members": 858,
              "skipped_insufficient": 0,
              "candidate_slots": 9152,
              "excluded_candidates": 797,
              "cqi_zero_candidates": 797,
              "real_zero_mi_members": 0
            },
            {
              "draws": 286,
              "groups": 286,
              "members": 858,
              "skipped_insufficient": 0,
              "candidate_slots": 9152,
              "excluded_candidates": 1000,
              "cqi_zero_candidates": 1000,
              "real_zero_mi_members": 0
            },
            {
              "draws": 286,
              "groups": 286,
              "members": 858,
              "skipped_insufficient": 0,
              "candidate_slots": 9152,
              "excluded_candidates": 810,
              "cqi_zero_candidates": 810,
              "real_zero_mi_members": 0
            },
            {
              "draws": 286,
              "groups": 286,
              "members": 858,
              "skipped_insufficient": 0,
              "candidate_slots": 9152,
              "excluded_candidates": 120,
              "cqi_zero_candidates": 120,
              "real_zero_mi_members": 0
            },
            {
              "draws": 286,
              "groups": 286,
              "members": 858,
              "skipped_insufficient": 0,
              "candidate_slots": 9152,
              "excluded_candidates": 538,
              "cqi_zero_candidates": 538,
              "real_zero_mi_members": 0
            },
            {
              "draws": 286,
              "groups": 286,
              "members": 858,
              "skipped_insufficient": 0,
              "candidate_slots": 9152,
              "excluded_candidates": 936,
              "cqi_zero_candidates": 936,
              "real_zero_mi_members": 0
            },
            {
              "draws": 286,
              "groups": 286,
              "members": 858,
              "skipped_insufficient": 0,
              "candidate_slots": 9152,
              "excluded_candidates": 81,
              "cqi_zero_candidates": 81,
              "real_zero_mi_members": 0
            },
            {
              "draws": 286,
              "groups": 286,
              "members": 858,
              "skipped_insufficient": 0,
              "candidate_slots": 9152,
              "excluded_candidates": 880,
              "cqi_zero_candidates": 880,
              "real_zero_mi_members": 0
            },
            {
              "draws": 286,
              "groups": 286,
              "members": 858,
              "skipped_insufficient": 0,
              "candidate_slots": 9152,
              "excluded_candidates": 317,
              "cqi_zero_candidates": 317,
              "real_zero_mi_members": 0
            },
            {
              "draws": 286,
              "groups": 286,
              "members": 858,
              "skipped_insufficient": 0,
              "candidate_slots": 9152,
              "excluded_candidates": 486,
              "cqi_zero_candidates": 486,
              "real_zero_mi_members": 0
            },
            {
              "draws": 286,
              "groups": 286,
              "members": 858,
              "skipped_insufficient": 0,
              "candidate_slots": 9152,
              "excluded_candidates": 215,
              "cqi_zero_candidates": 215,
              "real_zero_mi_members": 0
            },
            {
              "draws": 286,
              "groups": 286,
              "members": 858,
              "skipped_insufficient": 0,
              "candidate_slots": 9152,
              "excluded_candidates": 1276,
              "cqi_zero_candidates": 1276,
              "real_zero_mi_members": 0
            }
          ],
          "4": [
            {
              "draws": 286,
              "groups": 286,
              "members": 1144,
              "skipped_insufficient": 0,
              "candidate_slots": 9152,
              "excluded_candidates": 899,
              "cqi_zero_candidates": 899,
              "real_zero_mi_members": 0
            },
            {
              "draws": 286,
              "groups": 286,
              "members": 1144,
              "skipped_insufficient": 0,
              "candidate_slots": 9152,
              "excluded_candidates": 262,
              "cqi_zero_candidates": 262,
              "real_zero_mi_members": 0
            },
            {
              "draws": 286,
              "groups": 286,
              "members": 1144,
              "skipped_insufficient": 0,
              "candidate_slots": 9152,
              "excluded_candidates": 374,
              "cqi_zero_candidates": 374,
              "real_zero_mi_members": 0
            },
            {
              "draws": 286,
              "groups": 286,
              "members": 1144,
              "skipped_insufficient": 0,
              "candidate_slots": 9152,
              "excluded_candidates": 0,
              "cqi_zero_candidates": 0,
              "real_zero_mi_members": 0
            },
            {
              "draws": 286,
              "groups": 286,
              "members": 1144,
              "skipped_insufficient": 0,
              "candidate_slots": 9152,
              "excluded_candidates": 844,
              "cqi_zero_candidates": 844,
              "real_zero_mi_members": 0
            },
            {
              "draws": 286,
              "groups": 286,
              "members": 1144,
              "skipped_insufficient": 0,
              "candidate_slots": 9152,
              "excluded_candidates": 182,
              "cqi_zero_candidates": 182,
              "real_zero_mi_members": 0
            },
            {
              "draws": 286,
              "groups": 286,
              "members": 1144,
              "skipped_insufficient": 0,
              "candidate_slots": 9152,
              "excluded_candidates": 198,
              "cqi_zero_candidates": 198,
              "real_zero_mi_members": 0
            },
            {
              "draws": 286,
              "groups": 286,
              "members": 1144,
              "skipped_insufficient": 0,
              "candidate_slots": 9152,
              "excluded_candidates": 968,
              "cqi_zero_candidates": 968,
              "real_zero_mi_members": 0
            },
            {
              "draws": 286,
              "groups": 286,
              "members": 1144,
              "skipped_insufficient": 0,
              "candidate_slots": 9152,
              "excluded_candidates": 50,
              "cqi_zero_candidates": 50,
              "real_zero_mi_members": 0
            },
            {
              "draws": 286,
              "groups": 286,
              "members": 1144,
              "skipped_insufficient": 0,
              "candidate_slots": 9152,
              "excluded_candidates": 145,
              "cqi_zero_candidates": 145,
              "real_zero_mi_members": 0
            },
            {
              "draws": 286,
              "groups": 286,
              "members": 1144,
              "skipped_insufficient": 0,
              "candidate_slots": 9152,
              "excluded_candidates": 434,
              "cqi_zero_candidates": 434,
              "real_zero_mi_members": 0
            },
            {
              "draws": 286,
              "groups": 286,
              "members": 1144,
              "skipped_insufficient": 0,
              "candidate_slots": 9152,
              "excluded_candidates": 115,
              "cqi_zero_candidates": 115,
              "real_zero_mi_members": 0
            },
            {
              "draws": 286,
              "groups": 286,
              "members": 1144,
              "skipped_insufficient": 0,
              "candidate_slots": 9152,
              "excluded_candidates": 832,
              "cqi_zero_candidates": 832,
              "real_zero_mi_members": 0
            },
            {
              "draws": 286,
              "groups": 286,
              "members": 1144,
              "skipped_insufficient": 0,
              "candidate_slots": 9152,
              "excluded_candidates": 124,
              "cqi_zero_candidates": 124,
              "real_zero_mi_members": 0
            },
            {
              "draws": 286,
              "groups": 286,
              "members": 1144,
              "skipped_insufficient": 0,
              "candidate_slots": 9152,
              "excluded_candidates": 5,
              "cqi_zero_candidates": 5,
              "real_zero_mi_members": 0
            },
            {
              "draws": 286,
              "groups": 286,
              "members": 1144,
              "skipped_insufficient": 0,
              "candidate_slots": 9152,
              "excluded_candidates": 621,
              "cqi_zero_candidates": 621,
              "real_zero_mi_members": 0
            },
            {
              "draws": 286,
              "groups": 286,
              "members": 1144,
              "skipped_insufficient": 0,
              "candidate_slots": 9152,
              "excluded_candidates": 273,
              "cqi_zero_candidates": 273,
              "real_zero_mi_members": 0
            },
            {
              "draws": 286,
              "groups": 286,
              "members": 1144,
              "skipped_insufficient": 0,
              "candidate_slots": 9152,
              "excluded_candidates": 21,
              "cqi_zero_candidates": 21,
              "real_zero_mi_members": 0
            },
            {
              "draws": 286,
              "groups": 286,
              "members": 1144,
              "skipped_insufficient": 0,
              "candidate_slots": 9152,
              "excluded_candidates": 70,
              "cqi_zero_candidates": 70,
              "real_zero_mi_members": 0
            },
            {
              "draws": 286,
              "groups": 286,
              "members": 1144,
              "skipped_insufficient": 0,
              "candidate_slots": 9152,
              "excluded_candidates": 391,
              "cqi_zero_candidates": 391,
              "real_zero_mi_members": 0
            },
            {
              "draws": 286,
              "groups": 286,
              "members": 1144,
              "skipped_insufficient": 0,
              "candidate_slots": 9152,
              "excluded_candidates": 176,
              "cqi_zero_candidates": 176,
              "real_zero_mi_members": 0
            },
            {
              "draws": 286,
              "groups": 286,
              "members": 1144,
              "skipped_insufficient": 0,
              "candidate_slots": 9152,
              "excluded_candidates": 1038,
              "cqi_zero_candidates": 1038,
              "real_zero_mi_members": 0
            },
            {
              "draws": 286,
              "groups": 286,
              "members": 1144,
              "skipped_insufficient": 0,
              "candidate_slots": 9152,
              "excluded_candidates": 247,
              "cqi_zero_candidates": 247,
              "real_zero_mi_members": 0
            },
            {
              "draws": 286,
              "groups": 286,
              "members": 1144,
              "skipped_insufficient": 0,
              "candidate_slots": 9152,
              "excluded_candidates": 1311,
              "cqi_zero_candidates": 1311,
              "real_zero_mi_members": 0
            },
            {
              "draws": 286,
              "groups": 286,
              "members": 1144,
              "skipped_insufficient": 0,
              "candidate_slots": 9152,
              "excluded_candidates": 772,
              "cqi_zero_candidates": 772,
              "real_zero_mi_members": 0
            },
            {
              "draws": 286,
              "groups": 286,
              "members": 1144,
              "skipped_insufficient": 0,
              "candidate_slots": 9152,
              "excluded_candidates": 991,
              "cqi_zero_candidates": 991,
              "real_zero_mi_members": 0
            },
            {
              "draws": 286,
              "groups": 286,
              "members": 1144,
              "skipped_insufficient": 0,
              "candidate_slots": 9152,
              "excluded_candidates": 803,
              "cqi_zero_candidates": 803,
              "real_zero_mi_members": 0
            },
            {
              "draws": 286,
              "groups": 286,
              "members": 1144,
              "skipped_insufficient": 0,
              "candidate_slots": 9152,
              "excluded_candidates": 128,
              "cqi_zero_candidates": 128,
              "real_zero_mi_members": 0
            },
            {
              "draws": 286,
              "groups": 286,
              "members": 1144,
              "skipped_insufficient": 0,
              "candidate_slots": 9152,
              "excluded_candidates": 532,
              "cqi_zero_candidates": 532,
              "real_zero_mi_members": 0
            },
            {
              "draws": 286,
              "groups": 286,
              "members": 1144,
              "skipped_insufficient": 0,
              "candidate_slots": 9152,
              "excluded_candidates": 933,
              "cqi_zero_candidates": 933,
              "real_zero_mi_members": 0
            },
            {
              "draws": 286,
              "groups": 286,
              "members": 1144,
              "skipped_insufficient": 0,
              "candidate_slots": 9152,
              "excluded_candidates": 79,
              "cqi_zero_candidates": 79,
              "real_zero_mi_members": 0
            },
            {
              "draws": 286,
              "groups": 286,
              "members": 1144,
              "skipped_insufficient": 0,
              "candidate_slots": 9152,
              "excluded_candidates": 867,
              "cqi_zero_candidates": 867,
              "real_zero_mi_members": 0
            },
            {
              "draws": 286,
              "groups": 286,
              "members": 1144,
              "skipped_insufficient": 0,
              "candidate_slots": 9152,
              "excluded_candidates": 308,
              "cqi_zero_candidates": 308,
              "real_zero_mi_members": 0
            },
            {
              "draws": 286,
              "groups": 286,
              "members": 1144,
              "skipped_insufficient": 0,
              "candidate_slots": 9152,
              "excluded_candidates": 492,
              "cqi_zero_candidates": 492,
              "real_zero_mi_members": 0
            },
            {
              "draws": 286,
              "groups": 286,
              "members": 1144,
              "skipped_insufficient": 0,
              "candidate_slots": 9152,
              "excluded_candidates": 211,
              "cqi_zero_candidates": 211,
              "real_zero_mi_members": 0
            },
            {
              "draws": 286,
              "groups": 286,
              "members": 1144,
              "skipped_insufficient": 0,
              "candidate_slots": 9152,
              "excluded_candidates": 1277,
              "cqi_zero_candidates": 1277,
              "real_zero_mi_members": 0
            }
          ]
        }
      },
      "holdout": {
        "start": 70000,
        "episodes": 12,
        "sampler_seed": 20250713,
        "slots": 1000,
        "beta_rounded": [
          1.0162,
          0.8509,
          0.7732,
          0.728
        ],
        "membership": {
          "1": {
            "member_count": 3432,
            "below_epsilon_members": 0,
            "minimum_raw_cap": 204.69120000000018,
            "minimum_scaled_cap": 208.00719744000017,
            "epsilon": 1.0
          },
          "2": {
            "member_count": 6864,
            "below_epsilon_members": 0,
            "minimum_raw_cap": 24.83146334764119,
            "minimum_scaled_cap": 21.129092162507888,
            "epsilon": 1.0
          },
          "3": {
            "member_count": 10296,
            "below_epsilon_members": 0,
            "minimum_raw_cap": 15.130924034278772,
            "minimum_scaled_cap": 11.699230463304346,
            "epsilon": 1.0
          },
          "4": {
            "member_count": 13728,
            "below_epsilon_members": 0,
            "minimum_raw_cap": 8.418378779521934,
            "minimum_scaled_cap": 6.1285797514919675,
            "epsilon": 1.0
          }
        },
        "diagnostics": {
          "1": [
            {
              "draws": 286,
              "groups": 286,
              "members": 286,
              "skipped_insufficient": 0,
              "candidate_slots": 9152,
              "excluded_candidates": 1035,
              "cqi_zero_candidates": 1035,
              "real_zero_mi_members": 0
            },
            {
              "draws": 286,
              "groups": 286,
              "members": 286,
              "skipped_insufficient": 0,
              "candidate_slots": 9152,
              "excluded_candidates": 1726,
              "cqi_zero_candidates": 1726,
              "real_zero_mi_members": 0
            },
            {
              "draws": 286,
              "groups": 286,
              "members": 286,
              "skipped_insufficient": 0,
              "candidate_slots": 9152,
              "excluded_candidates": 889,
              "cqi_zero_candidates": 889,
              "real_zero_mi_members": 0
            },
            {
              "draws": 286,
              "groups": 286,
              "members": 286,
              "skipped_insufficient": 0,
              "candidate_slots": 9152,
              "excluded_candidates": 1585,
              "cqi_zero_candidates": 1585,
              "real_zero_mi_members": 0
            },
            {
              "draws": 286,
              "groups": 286,
              "members": 286,
              "skipped_insufficient": 0,
              "candidate_slots": 9152,
              "excluded_candidates": 34,
              "cqi_zero_candidates": 34,
              "real_zero_mi_members": 0
            },
            {
              "draws": 286,
              "groups": 286,
              "members": 286,
              "skipped_insufficient": 0,
              "candidate_slots": 9152,
              "excluded_candidates": 741,
              "cqi_zero_candidates": 741,
              "real_zero_mi_members": 0
            },
            {
              "draws": 286,
              "groups": 286,
              "members": 286,
              "skipped_insufficient": 0,
              "candidate_slots": 9152,
              "excluded_candidates": 415,
              "cqi_zero_candidates": 415,
              "real_zero_mi_members": 0
            },
            {
              "draws": 286,
              "groups": 286,
              "members": 286,
              "skipped_insufficient": 0,
              "candidate_slots": 9152,
              "excluded_candidates": 1581,
              "cqi_zero_candidates": 1581,
              "real_zero_mi_members": 0
            },
            {
              "draws": 286,
              "groups": 286,
              "members": 286,
              "skipped_insufficient": 0,
              "candidate_slots": 9152,
              "excluded_candidates": 1371,
              "cqi_zero_candidates": 1371,
              "real_zero_mi_members": 0
            },
            {
              "draws": 286,
              "groups": 286,
              "members": 286,
              "skipped_insufficient": 0,
              "candidate_slots": 9152,
              "excluded_candidates": 35,
              "cqi_zero_candidates": 35,
              "real_zero_mi_members": 0
            },
            {
              "draws": 286,
              "groups": 286,
              "members": 286,
              "skipped_insufficient": 0,
              "candidate_slots": 9152,
              "excluded_candidates": 145,
              "cqi_zero_candidates": 145,
              "real_zero_mi_members": 0
            },
            {
              "draws": 286,
              "groups": 286,
              "members": 286,
              "skipped_insufficient": 0,
              "candidate_slots": 9152,
              "excluded_candidates": 16,
              "cqi_zero_candidates": 16,
              "real_zero_mi_members": 0
            }
          ],
          "2": [
            {
              "draws": 286,
              "groups": 286,
              "members": 572,
              "skipped_insufficient": 0,
              "candidate_slots": 9152,
              "excluded_candidates": 1043,
              "cqi_zero_candidates": 1043,
              "real_zero_mi_members": 0
            },
            {
              "draws": 286,
              "groups": 286,
              "members": 572,
              "skipped_insufficient": 0,
              "candidate_slots": 9152,
              "excluded_candidates": 1707,
              "cqi_zero_candidates": 1707,
              "real_zero_mi_members": 0
            },
            {
              "draws": 286,
              "groups": 286,
              "members": 572,
              "skipped_insufficient": 0,
              "candidate_slots": 9152,
              "excluded_candidates": 888,
              "cqi_zero_candidates": 888,
              "real_zero_mi_members": 0
            },
            {
              "draws": 286,
              "groups": 286,
              "members": 572,
              "skipped_insufficient": 0,
              "candidate_slots": 9152,
              "excluded_candidates": 1569,
              "cqi_zero_candidates": 1569,
              "real_zero_mi_members": 0
            },
            {
              "draws": 286,
              "groups": 286,
              "members": 572,
              "skipped_insufficient": 0,
              "candidate_slots": 9152,
              "excluded_candidates": 26,
              "cqi_zero_candidates": 26,
              "real_zero_mi_members": 0
            },
            {
              "draws": 286,
              "groups": 286,
              "members": 572,
              "skipped_insufficient": 0,
              "candidate_slots": 9152,
              "excluded_candidates": 736,
              "cqi_zero_candidates": 736,
              "real_zero_mi_members": 0
            },
            {
              "draws": 286,
              "groups": 286,
              "members": 572,
              "skipped_insufficient": 0,
              "candidate_slots": 9152,
              "excluded_candidates": 419,
              "cqi_zero_candidates": 419,
              "real_zero_mi_members": 0
            },
            {
              "draws": 286,
              "groups": 286,
              "members": 572,
              "skipped_insufficient": 0,
              "candidate_slots": 9152,
              "excluded_candidates": 1573,
              "cqi_zero_candidates": 1573,
              "real_zero_mi_members": 0
            },
            {
              "draws": 286,
              "groups": 286,
              "members": 572,
              "skipped_insufficient": 0,
              "candidate_slots": 9152,
              "excluded_candidates": 1370,
              "cqi_zero_candidates": 1370,
              "real_zero_mi_members": 0
            },
            {
              "draws": 286,
              "groups": 286,
              "members": 572,
              "skipped_insufficient": 0,
              "candidate_slots": 9152,
              "excluded_candidates": 39,
              "cqi_zero_candidates": 39,
              "real_zero_mi_members": 0
            },
            {
              "draws": 286,
              "groups": 286,
              "members": 572,
              "skipped_insufficient": 0,
              "candidate_slots": 9152,
              "excluded_candidates": 142,
              "cqi_zero_candidates": 142,
              "real_zero_mi_members": 0
            },
            {
              "draws": 286,
              "groups": 286,
              "members": 572,
              "skipped_insufficient": 0,
              "candidate_slots": 9152,
              "excluded_candidates": 17,
              "cqi_zero_candidates": 17,
              "real_zero_mi_members": 0
            }
          ],
          "3": [
            {
              "draws": 286,
              "groups": 286,
              "members": 858,
              "skipped_insufficient": 0,
              "candidate_slots": 9152,
              "excluded_candidates": 1032,
              "cqi_zero_candidates": 1032,
              "real_zero_mi_members": 0
            },
            {
              "draws": 286,
              "groups": 286,
              "members": 858,
              "skipped_insufficient": 0,
              "candidate_slots": 9152,
              "excluded_candidates": 1732,
              "cqi_zero_candidates": 1732,
              "real_zero_mi_members": 0
            },
            {
              "draws": 286,
              "groups": 286,
              "members": 858,
              "skipped_insufficient": 0,
              "candidate_slots": 9152,
              "excluded_candidates": 882,
              "cqi_zero_candidates": 882,
              "real_zero_mi_members": 0
            },
            {
              "draws": 286,
              "groups": 286,
              "members": 858,
              "skipped_insufficient": 0,
              "candidate_slots": 9152,
              "excluded_candidates": 1580,
              "cqi_zero_candidates": 1580,
              "real_zero_mi_members": 0
            },
            {
              "draws": 286,
              "groups": 286,
              "members": 858,
              "skipped_insufficient": 0,
              "candidate_slots": 9152,
              "excluded_candidates": 31,
              "cqi_zero_candidates": 31,
              "real_zero_mi_members": 0
            },
            {
              "draws": 286,
              "groups": 286,
              "members": 858,
              "skipped_insufficient": 0,
              "candidate_slots": 9152,
              "excluded_candidates": 760,
              "cqi_zero_candidates": 760,
              "real_zero_mi_members": 0
            },
            {
              "draws": 286,
              "groups": 286,
              "members": 858,
              "skipped_insufficient": 0,
              "candidate_slots": 9152,
              "excluded_candidates": 413,
              "cqi_zero_candidates": 413,
              "real_zero_mi_members": 0
            },
            {
              "draws": 286,
              "groups": 286,
              "members": 858,
              "skipped_insufficient": 0,
              "candidate_slots": 9152,
              "excluded_candidates": 1591,
              "cqi_zero_candidates": 1591,
              "real_zero_mi_members": 0
            },
            {
              "draws": 286,
              "groups": 286,
              "members": 858,
              "skipped_insufficient": 0,
              "candidate_slots": 9152,
              "excluded_candidates": 1368,
              "cqi_zero_candidates": 1368,
              "real_zero_mi_members": 0
            },
            {
              "draws": 286,
              "groups": 286,
              "members": 858,
              "skipped_insufficient": 0,
              "candidate_slots": 9152,
              "excluded_candidates": 44,
              "cqi_zero_candidates": 44,
              "real_zero_mi_members": 0
            },
            {
              "draws": 286,
              "groups": 286,
              "members": 858,
              "skipped_insufficient": 0,
              "candidate_slots": 9152,
              "excluded_candidates": 141,
              "cqi_zero_candidates": 141,
              "real_zero_mi_members": 0
            },
            {
              "draws": 286,
              "groups": 286,
              "members": 858,
              "skipped_insufficient": 0,
              "candidate_slots": 9152,
              "excluded_candidates": 22,
              "cqi_zero_candidates": 22,
              "real_zero_mi_members": 0
            }
          ],
          "4": [
            {
              "draws": 286,
              "groups": 286,
              "members": 1144,
              "skipped_insufficient": 0,
              "candidate_slots": 9152,
              "excluded_candidates": 1031,
              "cqi_zero_candidates": 1031,
              "real_zero_mi_members": 0
            },
            {
              "draws": 286,
              "groups": 286,
              "members": 1144,
              "skipped_insufficient": 0,
              "candidate_slots": 9152,
              "excluded_candidates": 1719,
              "cqi_zero_candidates": 1719,
              "real_zero_mi_members": 0
            },
            {
              "draws": 286,
              "groups": 286,
              "members": 1144,
              "skipped_insufficient": 0,
              "candidate_slots": 9152,
              "excluded_candidates": 880,
              "cqi_zero_candidates": 880,
              "real_zero_mi_members": 0
            },
            {
              "draws": 286,
              "groups": 286,
              "members": 1144,
              "skipped_insufficient": 0,
              "candidate_slots": 9152,
              "excluded_candidates": 1587,
              "cqi_zero_candidates": 1587,
              "real_zero_mi_members": 0
            },
            {
              "draws": 286,
              "groups": 286,
              "members": 1144,
              "skipped_insufficient": 0,
              "candidate_slots": 9152,
              "excluded_candidates": 33,
              "cqi_zero_candidates": 33,
              "real_zero_mi_members": 0
            },
            {
              "draws": 286,
              "groups": 286,
              "members": 1144,
              "skipped_insufficient": 0,
              "candidate_slots": 9152,
              "excluded_candidates": 753,
              "cqi_zero_candidates": 753,
              "real_zero_mi_members": 0
            },
            {
              "draws": 286,
              "groups": 286,
              "members": 1144,
              "skipped_insufficient": 0,
              "candidate_slots": 9152,
              "excluded_candidates": 388,
              "cqi_zero_candidates": 388,
              "real_zero_mi_members": 0
            },
            {
              "draws": 286,
              "groups": 286,
              "members": 1144,
              "skipped_insufficient": 0,
              "candidate_slots": 9152,
              "excluded_candidates": 1598,
              "cqi_zero_candidates": 1598,
              "real_zero_mi_members": 0
            },
            {
              "draws": 286,
              "groups": 286,
              "members": 1144,
              "skipped_insufficient": 0,
              "candidate_slots": 9152,
              "excluded_candidates": 1356,
              "cqi_zero_candidates": 1356,
              "real_zero_mi_members": 0
            },
            {
              "draws": 286,
              "groups": 286,
              "members": 1144,
              "skipped_insufficient": 0,
              "candidate_slots": 9152,
              "excluded_candidates": 41,
              "cqi_zero_candidates": 41,
              "real_zero_mi_members": 0
            },
            {
              "draws": 286,
              "groups": 286,
              "members": 1144,
              "skipped_insufficient": 0,
              "candidate_slots": 9152,
              "excluded_candidates": 160,
              "cqi_zero_candidates": 160,
              "real_zero_mi_members": 0
            },
            {
              "draws": 286,
              "groups": 286,
              "members": 1144,
              "skipped_insufficient": 0,
              "candidate_slots": 9152,
              "excluded_candidates": 23,
              "cqi_zero_candidates": 23,
              "real_zero_mi_members": 0
            }
          ]
        },
        "by_depth": {
          "1": {
            "first_ack": 0.9000582750582751,
            "episode_cluster_ci95": [
              0.8892773892773893,
              0.909965034965035
            ],
            "member_count": 3432,
            "acks": 3089,
            "episode_member_counts": [
              286,
              286,
              286,
              286,
              286,
              286,
              286,
              286,
              286,
              286,
              286,
              286
            ],
            "episode_ack_counts": [
              263,
              251,
              253,
              256,
              262,
              265,
              261,
              260,
              260,
              252,
              258,
              248
            ],
            "zero_member_episodes": 0,
            "bootstrap_undefined_fraction": 0.0,
            "ack_tolerance_bits": 1e-06,
            "strict_ratio_first_ack": 0.9000582750582751
          },
          "2": {
            "first_ack": 0.9277389277389277,
            "episode_cluster_ci95": [
              0.9166666666666666,
              0.9392482517482518
            ],
            "member_count": 6864,
            "acks": 6368,
            "episode_member_counts": [
              572,
              572,
              572,
              572,
              572,
              572,
              572,
              572,
              572,
              572,
              572,
              572
            ],
            "episode_ack_counts": [
              539,
              551,
              540,
              526,
              542,
              523,
              522,
              542,
              525,
              524,
              509,
              525
            ],
            "zero_member_episodes": 0,
            "bootstrap_undefined_fraction": 0.0,
            "ack_tolerance_bits": 1e-06,
            "strict_ratio_first_ack": 0.9277389277389277
          },
          "3": {
            "first_ack": 0.932012432012432,
            "episode_cluster_ci95": [
              0.9221056721056721,
              0.9417249417249417
            ],
            "member_count": 10296,
            "acks": 9596,
            "episode_member_counts": [
              858,
              858,
              858,
              858,
              858,
              858,
              858,
              858,
              858,
              858,
              858,
              858
            ],
            "episode_ack_counts": [
              819,
              817,
              819,
              792,
              807,
              789,
              803,
              803,
              809,
              786,
              779,
              773
            ],
            "zero_member_episodes": 0,
            "bootstrap_undefined_fraction": 0.0,
            "ack_tolerance_bits": 1e-06,
            "strict_ratio_first_ack": 0.932012432012432
          },
          "4": {
            "first_ack": 0.93254662004662,
            "episode_cluster_ci95": [
              0.9208916083916084,
              0.9444201631701632
            ],
            "member_count": 13728,
            "acks": 12802,
            "episode_member_counts": [
              1144,
              1144,
              1144,
              1144,
              1144,
              1144,
              1144,
              1144,
              1144,
              1144,
              1144,
              1144
            ],
            "episode_ack_counts": [
              1096,
              1107,
              1087,
              1067,
              1076,
              1050,
              1076,
              1057,
              1081,
              1033,
              1031,
              1041
            ],
            "zero_member_episodes": 0,
            "bootstrap_undefined_fraction": 0.0,
            "ack_tolerance_bits": 1e-06,
            "strict_ratio_first_ack": 0.93254662004662
          }
        }
      },
      "beta_raw": [
        1.0162281097433123,
        0.850860841514678,
        0.773227004455956,
        0.7280035717320891
      ],
      "beta_rounded": [
        1.0162,
        0.8509,
        0.7732,
        0.728
      ],
      "membership_verified_calibration": true,
      "old_beta_on_same_holdout": {
        "1": {
          "beta": 1.0018,
          "first_ack": 0.9548368298368298
        },
        "2": {
          "beta": 0.7499,
          "first_ack": 0.9637237762237763
        },
        "3": {
          "beta": 0.6592,
          "first_ack": 0.9655205905205905
        },
        "4": {
          "beta": 0.6058,
          "first_ack": 0.965472027972028
        }
      },
      "membership_verified_holdout": true,
      "calibration_fit_sha256": "c9f5b00b41914f91b9ca12c6e151e358e8330f24f13883e9b68316f8771ea8dd",
      "samples_sha256": {
        "calibration_samples.npz": "6847401ef45003723d1345ce06cea9c68ee042379701323880a03aec0ae0f966",
        "holdout_samples.npz": "66a6031d34481b2e63300698be653f139f4b065d3b5b23cdb5c7277ba6770eab"
      },
      "completed_at": "2026-09-09T02:04:57.719919+00:00"
    }
  },
  "calibration_reference_root": "provenance/before_ftp3_sources",
  "calibration_application": "Bernoulli Base-calibrated beta transferred to FTP3 traffic; no FTP3 holdout validation"
}
2026-09-11 00:25:55.465171: E external/local_xla/xla/stream_executor/cuda/cuda_dnn.cc:9261] Unable to register cuDNN factory: Attempting to register factory for plugin cuDNN when one has already been registered
2026-09-11 00:25:55.465235: E external/local_xla/xla/stream_executor/cuda/cuda_fft.cc:607] Unable to register cuFFT factory: Attempting to register factory for plugin cuFFT when one has already been registered
2026-09-11 00:25:55.467584: E external/local_xla/xla/stream_executor/cuda/cuda_blas.cc:1515] Unable to register cuBLAS factory: Attempting to register factory for plugin cuBLAS when one has already been registered
git: sha256:c1634  (clean py)
=== ML DRL Scheduler -- Config ===
  cell        : 1 BS (32 ant) x 32 UE (1 ant), DL
  resource    : 8 RBG x 4 layers = 32 positions
  RE per RBG  : 1344
  bandwidth   : RBG 2.88 MHz, total 23.04 MHz
  slot        : 0.500 ms
  channel     : TR38.901 UMI, UE speed 3.0 km/h
  codebook    : type2_sparse_56bit, L=4, atoms=512, payload=56 bit/(UE,RBG)
  feedback    : p_csi=0.6, cqi=nr4bit
  traffic     : ftp3, mean_arrivals_per_ue_slot=0.22, size U[4000,12000] bits, deadline U[3,12] slots
  power/noise : P_total=8.0, P_r=1.0, target SNR 10.0 dB (calibration)
  retx        : max_retx=4 (5 attempts total)
  reward      : lambda_s/c/m=1.0/1.0/2.0, eta_D=1.0, B_norm=8000.0
  episode     : 1000 slots

run_dir: /home/MYH/ML_DRL_Scheduler/PaperMain/runs/19_base_cqi4_ftp3_lr2000_s2024_20260911_gpu4
num_updates: 2000
device: cuda
actor-critic params: 98,755

lr anneal: 0.0003 -> 0.0 over 2000 updates from global update 0 (linear, resume-safe)
    [batch-verify] update 0: 4 slots, max scaled |diff| 7.63e-06 OK
[   0/2000] rew= 2876.8  thr=73.35Mbps  comp=0.554  drop=0.000  SINR= 18.1dB  KL= 0.0018  ent=2.429  clip=0.008  ev=-0.00  t=61s
[   5/2000] rew= 4346.0  thr=63.22Mbps  comp=0.646  drop=0.001  SINR=  8.7dB  KL= 0.0007  ent=2.052  clip=0.000  ev=+0.00  t=322s
  --- eval at update 9 ---
    PPO           reward  5003.74  thrpt  86.87Mbps  comp 0.625  totfail 0.371  depth 3.96  eval_s=118.2
    SUS+CQI       reward  5202.40  thrpt  88.67Mbps  comp 0.628  totfail 0.369  depth 3.96  eval_s=11.0
    SUS+Deadline-PF  reward  3504.29  thrpt  82.95Mbps  comp 0.573  totfail 0.424  depth 3.99  eval_s=11.8
    SUS+PF        reward  3482.69  thrpt  83.54Mbps  comp 0.573  totfail 0.424  depth 3.99  eval_s=11.3
    SUS+Random    reward  2573.55  thrpt  80.16Mbps  comp 0.540  totfail 0.456  depth 3.99  eval_s=12.4
    SUS+MW        reward  4894.14  thrpt  88.60Mbps  comp 0.613  totfail 0.383  depth 3.98  eval_s=11.4
    SUS+EDF       reward  -344.54  thrpt  67.34Mbps  comp 0.438  totfail 0.555  depth 4.00  eval_s=12.2
    SU+CQI        reward  1986.31  thrpt  74.31Mbps  comp 0.538  totfail 0.458  depth 1.00  eval_s=7.3
    SU+Deadline-PF  reward -1811.23  thrpt  59.28Mbps  comp 0.409  totfail 0.586  depth 1.00  eval_s=7.6
    SU+PF         reward -2110.68  thrpt  61.32Mbps  comp 0.411  totfail 0.585  depth 1.00  eval_s=7.4
    SU+Random     reward -4756.86  thrpt  53.57Mbps  comp 0.323  totfail 0.672  depth 1.00  eval_s=7.8
    SU+MW         reward  1141.39  thrpt  72.53Mbps  comp 0.502  totfail 0.494  depth 1.00  eval_s=7.5
    SU+EDF        reward -8788.24  thrpt  32.74Mbps  comp 0.212  totfail 0.781  depth 1.00  eval_s=7.7
  [eval-time] update 9: 233.6s total
  >>> new best eval reward 5003.74, saved best.pt
[  10/2000] rew= 4243.7  thr=62.92Mbps  comp=0.644  drop=0.000  SINR=  9.7dB  KL= 0.0030  ent=2.065  clip=0.018  ev=+0.00  t=820s
    [kl-stop] update 13: minibatch KL 0.0338 > 0.0300 (epoch 1/4) -- actor frozen, value-only for remaining passes
[  15/2000] rew= 1727.6  thr=71.53Mbps  comp=0.513  drop=0.001  SINR=  8.0dB  KL= 0.0033  ent=2.483  clip=0.042  ev=-0.01  t=1079s
  --- eval at update 19 ---
    PPO           reward  4820.28  thrpt  86.94Mbps  comp 0.618  totfail 0.379  depth 4.00  eval_s=101.3
  [eval-time] update 19: 101.3s total
[  20/2000] rew= 2484.4  thr=31.32Mbps  comp=0.695  drop=0.008  SINR=  7.8dB  KL= 0.0040  ent=0.696  clip=0.045  ev=+0.05  t=1441s
    [batch-verify] update 25: 4 slots, max scaled |diff| 2.29e-05 OK
[  25/2000] rew=  956.2  thr=80.33Mbps  comp=0.482  drop=0.000  SINR=  8.7dB  KL= 0.0028  ent=2.790  clip=0.027  ev=-0.03  t=1723s
  --- eval at update 29 ---
    PPO           reward  4876.44  thrpt  86.91Mbps  comp 0.620  totfail 0.377  depth 3.99  eval_s=107.3
  [eval-time] update 29: 107.3s total
[  30/2000] rew= 1553.4  thr=96.36Mbps  comp=0.492  drop=0.000  SINR= 16.4dB  KL= 0.0074  ent=2.681  clip=0.092  ev=+0.04  t=2122s
[  35/2000] rew= 6555.6  thr=68.23Mbps  comp=0.763  drop=0.001  SINR= 11.6dB  KL= 0.0065  ent=1.896  clip=0.092  ev=+0.07  t=2391s
  --- eval at update 39 ---
    PPO           reward  5252.29  thrpt  87.38Mbps  comp 0.633  totfail 0.363  depth 3.53  eval_s=97.7
  [eval-time] update 39: 97.7s total
  >>> new best eval reward 5252.29, saved best.pt
[  40/2000] rew=-1573.4  thr=79.49Mbps  comp=0.426  drop=0.000  SINR= 13.8dB  KL= 0.0014  ent=2.619  clip=0.007  ev=+0.07  t=2756s
[  45/2000] rew= 4658.1  thr=56.97Mbps  comp=0.702  drop=0.000  SINR= 13.9dB  KL= 0.0047  ent=2.007  clip=0.050  ev=+0.03  t=3040s
    [kl-stop] update 47: minibatch KL 0.0322 > 0.0300 (epoch 4/4) -- actor frozen, value-only for remaining passes
  --- eval at update 49 ---
    PPO           reward  5344.65  thrpt  87.25Mbps  comp 0.638  totfail 0.359  depth 3.15  eval_s=94.7
  [eval-time] update 49: 94.7s total
  >>> new best eval reward 5344.65, saved best.pt
    [batch-verify] update 50: 4 slots, max scaled |diff| 1.53e-05 OK
[  50/2000] rew=-3326.2  thr=102.75Mbps  comp=0.401  drop=0.000  SINR= 15.8dB  KL= 0.0072  ent=2.972  clip=0.103  ev=+0.12  t=3411s
[  55/2000] rew= 1611.8  thr=54.36Mbps  comp=0.537  drop=0.002  SINR= 11.4dB  KL= 0.0057  ent=1.448  clip=0.075  ev=+0.07  t=3684s
  --- eval at update 59 ---
    PPO           reward  5161.45  thrpt  86.08Mbps  comp 0.633  totfail 0.364  depth 2.79  eval_s=88.8
  [eval-time] update 59: 88.8s total
[  60/2000] rew= 1958.1  thr=54.16Mbps  comp=0.552  drop=0.001  SINR=  7.4dB  KL= 0.0098  ent=1.848  clip=0.149  ev=+0.10  t=4048s
[  65/2000] rew= 1865.0  thr=101.34Mbps  comp=0.503  drop=0.000  SINR= 12.4dB  KL= 0.0072  ent=2.747  clip=0.097  ev=+0.07  t=4329s
  --- eval at update 69 ---
    PPO           reward  5161.48  thrpt  85.98Mbps  comp 0.634  totfail 0.363  depth 2.89  eval_s=90.6
  [eval-time] update 69: 90.6s total
[  70/2000] rew= 2782.5  thr=62.17Mbps  comp=0.566  drop=0.000  SINR=  9.7dB  KL= 0.0091  ent=2.284  clip=0.131  ev=+0.22  t=4694s
    [batch-verify] update 75: 4 slots, max scaled |diff| 7.63e-06 OK
[  75/2000] rew= 6021.8  thr=52.14Mbps  comp=0.872  drop=0.000  SINR= 13.6dB  KL= 0.0031  ent=1.187  clip=0.026  ev=-0.03  t=4947s
    [kl-stop] update 78: minibatch KL 0.0344 > 0.0300 (epoch 2/4) -- actor frozen, value-only for remaining passes
  --- eval at update 79 ---
    PPO           reward  5095.36  thrpt  85.68Mbps  comp 0.632  totfail 0.365  depth 2.70  eval_s=84.0
  [eval-time] update 79: 84.0s total
[  80/2000] rew= 4196.9  thr=59.01Mbps  comp=0.657  drop=0.000  SINR= 15.3dB  KL= 0.0092  ent=2.162  clip=0.138  ev=+0.13  t=5294s
    [kl-stop] update 82: minibatch KL 0.0310 > 0.0300 (epoch 2/4) -- actor frozen, value-only for remaining passes
    [kl-stop] update 85: minibatch KL 0.0426 > 0.0300 (epoch 4/4) -- actor frozen, value-only for remaining passes
[  85/2000] rew= 3578.6  thr=48.39Mbps  comp=0.672  drop=0.002  SINR= 12.2dB  KL= 0.0169  ent=1.619  clip=0.223  ev=+0.22  t=5548s
    [kl-stop] update 86: minibatch KL 0.0560 > 0.0300 (epoch 1/4) -- actor frozen, value-only for remaining passes
    [kl-stop] update 87: minibatch KL 0.0419 > 0.0300 (epoch 1/4) -- actor frozen, value-only for remaining passes
  --- eval at update 89 ---
    PPO           reward  5038.77  thrpt  86.37Mbps  comp 0.627  totfail 0.370  depth 3.55  eval_s=99.4
  [eval-time] update 89: 99.4s total
[  90/2000] rew= 2731.3  thr=79.08Mbps  comp=0.545  drop=0.000  SINR= 14.3dB  KL= 0.0088  ent=2.098  clip=0.138  ev=+0.14  t=5916s
    [kl-stop] update 92: minibatch KL 0.0304 > 0.0300 (epoch 3/4) -- actor frozen, value-only for remaining passes
[  95/2000] rew= 5947.3  thr=64.77Mbps  comp=0.746  drop=0.000  SINR=  9.5dB  KL= 0.0073  ent=1.565  clip=0.101  ev=+0.01  t=6183s
    [kl-stop] update 97: minibatch KL 0.0327 > 0.0300 (epoch 3/4) -- actor frozen, value-only for remaining passes
  --- eval at update 99 ---
    PPO           reward  5079.18  thrpt  86.74Mbps  comp 0.628  totfail 0.369  depth 3.65  eval_s=100.9
  [eval-time] update 99: 100.9s total
    [batch-verify] update 100: 4 slots, max scaled |diff| 7.63e-06 OK
    [kl-stop] update 100: minibatch KL 0.0362 > 0.0300 (epoch 2/4) -- actor frozen, value-only for remaining passes
[ 100/2000] rew= 1804.0  thr=92.50Mbps  comp=0.503  drop=0.000  SINR= 11.1dB  KL= 0.0223  ent=2.506  clip=0.302  ev=+0.25  t=6552s
    [kl-stop] update 103: minibatch KL 0.0344 > 0.0300 (epoch 3/4) -- actor frozen, value-only for remaining passes
[ 105/2000] rew= 5145.1  thr=96.21Mbps  comp=0.596  drop=0.000  SINR= 14.1dB  KL= 0.0131  ent=2.444  clip=0.193  ev=+0.12  t=6823s
  --- eval at update 109 ---
    PPO           reward  5268.18  thrpt  87.02Mbps  comp 0.636  totfail 0.361  depth 3.09  eval_s=90.7
  [eval-time] update 109: 90.7s total
[ 110/2000] rew= 5226.6  thr=52.48Mbps  comp=0.786  drop=0.001  SINR= 14.4dB  KL= 0.0056  ent=0.916  clip=0.071  ev=-0.09  t=7172s
[ 115/2000] rew= 1665.3  thr=87.56Mbps  comp=0.508  drop=0.000  SINR= 14.1dB  KL= 0.0097  ent=2.086  clip=0.139  ev=+0.12  t=7461s
    [kl-stop] update 119: minibatch KL 0.0368 > 0.0300 (epoch 2/4) -- actor frozen, value-only for remaining passes
  --- eval at update 119 ---
    PPO           reward  5312.27  thrpt  87.37Mbps  comp 0.636  totfail 0.361  depth 3.31  eval_s=100.7
  [eval-time] update 119: 100.7s total
[ 120/2000] rew= 5299.2  thr=72.89Mbps  comp=0.662  drop=0.000  SINR= 11.0dB  KL= 0.0104  ent=2.000  clip=0.154  ev=+0.15  t=7849s
    [batch-verify] update 125: 4 slots, max scaled |diff| 3.81e-06 OK
[ 125/2000] rew= 5688.0  thr=68.23Mbps  comp=0.706  drop=0.000  SINR= 10.2dB  KL= 0.0057  ent=1.284  clip=0.080  ev=+0.13  t=8107s
    [kl-stop] update 127: minibatch KL 0.0355 > 0.0300 (epoch 3/4) -- actor frozen, value-only for remaining passes
  --- eval at update 129 ---
    PPO           reward  5391.55  thrpt  87.49Mbps  comp 0.640  totfail 0.357  depth 3.12  eval_s=95.1
  [eval-time] update 129: 95.1s total
  >>> new best eval reward 5391.55, saved best.pt
    [kl-stop] update 130: minibatch KL 0.0312 > 0.0300 (epoch 2/4) -- actor frozen, value-only for remaining passes
[ 130/2000] rew= 1841.8  thr=73.78Mbps  comp=0.514  drop=0.000  SINR=  7.1dB  KL= 0.0255  ent=2.237  clip=0.333  ev=+0.27  t=8462s
    [kl-stop] update 133: minibatch KL 0.0323 > 0.0300 (epoch 3/4) -- actor frozen, value-only for remaining passes
[ 135/2000] rew= 2790.4  thr=58.14Mbps  comp=0.586  drop=0.001  SINR= 13.8dB  KL= 0.0114  ent=1.769  clip=0.176  ev=+0.12  t=8733s
  --- eval at update 139 ---
    PPO           reward  5484.68  thrpt  87.90Mbps  comp 0.642  totfail 0.355  depth 3.12  eval_s=89.3
  [eval-time] update 139: 89.3s total
  >>> new best eval reward 5484.68, saved best.pt
[ 140/2000] rew= 2630.1  thr=92.52Mbps  comp=0.527  drop=0.000  SINR= 12.8dB  KL= 0.0107  ent=2.296  clip=0.158  ev=+0.13  t=9078s
    [kl-stop] update 144: minibatch KL 0.0377 > 0.0300 (epoch 4/4) -- actor frozen, value-only for remaining passes
    [kl-stop] update 145: minibatch KL 0.0313 > 0.0300 (epoch 1/4) -- actor frozen, value-only for remaining passes
[ 145/2000] rew= 3414.2  thr=34.47Mbps  comp=0.785  drop=0.002  SINR= 10.6dB  KL= 0.0298  ent=0.767  clip=0.345  ev=-0.00  t=9321s
    [kl-stop] update 146: minibatch KL 0.0323 > 0.0300 (epoch 3/4) -- actor frozen, value-only for remaining passes
    [kl-stop] update 149: minibatch KL 0.0308 > 0.0300 (epoch 4/4) -- actor frozen, value-only for remaining passes
  --- eval at update 149 ---
    PPO           reward  5511.42  thrpt  87.68Mbps  comp 0.644  totfail 0.353  depth 2.90  eval_s=85.0
  [eval-time] update 149: 85.0s total
  >>> new best eval reward 5511.42, saved best.pt
    [batch-verify] update 150: 4 slots, max scaled |diff| 7.63e-06 OK
[ 150/2000] rew= 5367.9  thr=97.90Mbps  comp=0.606  drop=0.000  SINR= 10.6dB  KL= 0.0110  ent=1.831  clip=0.154  ev=+0.10  t=9667s
    [kl-stop] update 151: minibatch KL 0.0335 > 0.0300 (epoch 3/4) -- actor frozen, value-only for remaining passes
    [kl-stop] update 153: minibatch KL 0.0416 > 0.0300 (epoch 1/4) -- actor frozen, value-only for remaining passes
[ 155/2000] rew= 3637.4  thr=34.39Mbps  comp=0.814  drop=0.001  SINR= 11.6dB  KL= 0.0047  ent=0.315  clip=0.057  ev=-0.11  t=9897s
    [kl-stop] update 156: minibatch KL 0.0327 > 0.0300 (epoch 2/4) -- actor frozen, value-only for remaining passes
  --- eval at update 159 ---
    PPO           reward  5471.42  thrpt  87.63Mbps  comp 0.643  totfail 0.354  depth 2.87  eval_s=85.4
  [eval-time] update 159: 85.4s total
[ 160/2000] rew= 3915.2  thr=85.58Mbps  comp=0.578  drop=0.000  SINR= 12.8dB  KL= 0.0145  ent=1.841  clip=0.225  ev=+0.15  t=10227s
[ 165/2000] rew=  -48.9  thr=53.73Mbps  comp=0.470  drop=0.001  SINR=  5.1dB  KL= 0.0153  ent=1.586  clip=0.213  ev=+0.13  t=10469s
    [kl-stop] update 167: minibatch KL 0.0317 > 0.0300 (epoch 3/4) -- actor frozen, value-only for remaining passes
  --- eval at update 169 ---
    PPO           reward  5442.17  thrpt  87.42Mbps  comp 0.642  totfail 0.355  depth 2.88  eval_s=83.7
  [eval-time] update 169: 83.7s total
[ 170/2000] rew= 5331.9  thr=58.14Mbps  comp=0.746  drop=0.001  SINR= 14.4dB  KL= 0.0115  ent=1.022  clip=0.164  ev=+0.10  t=10783s
    [batch-verify] update 175: 4 slots, max scaled |diff| 3.81e-06 OK
[ 175/2000] rew= 4377.1  thr=61.28Mbps  comp=0.663  drop=0.001  SINR= 11.9dB  KL= 0.0127  ent=1.217  clip=0.191  ev=+0.11  t=11023s
    [kl-stop] update 176: minibatch KL 0.0323 > 0.0300 (epoch 4/4) -- actor frozen, value-only for remaining passes
  --- eval at update 179 ---
    PPO           reward  5532.91  thrpt  87.90Mbps  comp 0.644  totfail 0.353  depth 3.04  eval_s=87.7
  [eval-time] update 179: 87.7s total
  >>> new best eval reward 5532.91, saved best.pt
[ 180/2000] rew= 6170.1  thr=68.12Mbps  comp=0.736  drop=0.001  SINR=  7.8dB  KL= 0.0117  ent=1.301  clip=0.172  ev=+0.18  t=11365s
    [kl-stop] update 184: minibatch KL 0.0337 > 0.0300 (epoch 3/4) -- actor frozen, value-only for remaining passes
[ 185/2000] rew= 1752.2  thr=120.38Mbps  comp=0.502  drop=0.000  SINR= 12.0dB  KL= 0.0163  ent=2.159  clip=0.243  ev=+0.11  t=11628s
    [kl-stop] update 187: minibatch KL 0.0318 > 0.0300 (epoch 4/4) -- actor frozen, value-only for remaining passes
    [kl-stop] update 189: minibatch KL 0.0334 > 0.0300 (epoch 2/4) -- actor frozen, value-only for remaining passes
  --- eval at update 189 ---
    PPO           reward  5545.51  thrpt  87.93Mbps  comp 0.644  totfail 0.353  depth 3.09  eval_s=87.7
  [eval-time] update 189: 87.7s total
  >>> new best eval reward 5545.51, saved best.pt
[ 190/2000] rew= 5334.6  thr=68.26Mbps  comp=0.687  drop=0.000  SINR= 11.9dB  KL= 0.0137  ent=1.651  clip=0.194  ev=+0.13  t=11971s
    [kl-stop] update 195: minibatch KL 0.0317 > 0.0300 (epoch 2/4) -- actor frozen, value-only for remaining passes
[ 195/2000] rew= 7438.0  thr=75.04Mbps  comp=0.780  drop=0.000  SINR=  8.9dB  KL= 0.0265  ent=1.402  clip=0.336  ev=-0.06  t=12224s
  --- eval at update 199 ---
    PPO           reward  5529.97  thrpt  87.89Mbps  comp 0.644  totfail 0.353  depth 3.18  eval_s=88.9
  [eval-time] update 199: 88.9s total
    [batch-verify] update 200: 4 slots, max scaled |diff| 7.63e-06 OK
[ 200/2000] rew= 5424.4  thr=57.55Mbps  comp=0.756  drop=0.001  SINR= 14.5dB  KL= 0.0104  ent=0.966  clip=0.151  ev=+0.12  t=12561s
    [kl-stop] update 205: minibatch KL 0.0332 > 0.0300 (epoch 3/4) -- actor frozen, value-only for remaining passes
[ 205/2000] rew= 1250.0  thr=71.79Mbps  comp=0.505  drop=0.000  SINR=  7.4dB  KL= 0.0197  ent=1.879  clip=0.266  ev=+0.22  t=12817s
  --- eval at update 209 ---
    PPO           reward  5520.20  thrpt  87.87Mbps  comp 0.643  totfail 0.353  depth 3.15  eval_s=88.5
  [eval-time] update 209: 88.5s total
    [kl-stop] update 210: minibatch KL 0.0366 > 0.0300 (epoch 4/4) -- actor frozen, value-only for remaining passes
[ 210/2000] rew= 5702.2  thr=69.53Mbps  comp=0.703  drop=0.000  SINR=  9.0dB  KL= 0.0161  ent=1.609  clip=0.229  ev=+0.20  t=13151s
[ 215/2000] rew= 3947.1  thr=48.66Mbps  comp=0.697  drop=0.001  SINR=  7.4dB  KL= 0.0136  ent=1.372  clip=0.203  ev=+0.20  t=13405s
    [kl-stop] update 216: minibatch KL 0.0429 > 0.0300 (epoch 4/4) -- actor frozen, value-only for remaining passes
    [kl-stop] update 218: minibatch KL 0.0364 > 0.0300 (epoch 4/4) -- actor frozen, value-only for remaining passes
  --- eval at update 219 ---
    PPO           reward  5571.93  thrpt  88.15Mbps  comp 0.645  totfail 0.352  depth 3.09  eval_s=88.2
  [eval-time] update 219: 88.2s total
  >>> new best eval reward 5571.93, saved best.pt
    [kl-stop] update 220: minibatch KL 0.0370 > 0.0300 (epoch 3/4) -- actor frozen, value-only for remaining passes
[ 220/2000] rew=11439.4  thr=121.33Mbps  comp=0.755  drop=0.000  SINR= 17.2dB  KL= 0.0195  ent=1.492  clip=0.249  ev=+0.01  t=13755s
    [kl-stop] update 223: minibatch KL 0.0333 > 0.0300 (epoch 2/4) -- actor frozen, value-only for remaining passes
    [kl-stop] update 224: minibatch KL 0.0423 > 0.0300 (epoch 1/4) -- actor frozen, value-only for remaining passes
    [batch-verify] update 225: 4 slots, max scaled |diff| 7.63e-06 OK
[ 225/2000] rew= 4872.8  thr=75.04Mbps  comp=0.638  drop=0.000  SINR= 10.5dB  KL= 0.0176  ent=1.485  clip=0.264  ev=+0.25  t=14006s
    [kl-stop] update 226: minibatch KL 0.0303 > 0.0300 (epoch 3/4) -- actor frozen, value-only for remaining passes
  --- eval at update 229 ---
    PPO           reward  5569.63  thrpt  87.94Mbps  comp 0.645  totfail 0.352  depth 2.93  eval_s=84.6
  [eval-time] update 229: 84.6s total
    [kl-stop] update 230: minibatch KL 0.0428 > 0.0300 (epoch 3/4) -- actor frozen, value-only for remaining passes
[ 230/2000] rew= 6662.2  thr=103.81Mbps  comp=0.638  drop=0.000  SINR= 13.7dB  KL= 0.0203  ent=1.412  clip=0.259  ev=+0.11  t=14349s
[ 235/2000] rew= 3211.4  thr=99.82Mbps  comp=0.540  drop=0.000  SINR= 11.9dB  KL= 0.0122  ent=1.887  clip=0.191  ev=+0.26  t=14618s
    [kl-stop] update 238: minibatch KL 0.0370 > 0.0300 (epoch 2/4) -- actor frozen, value-only for remaining passes
  --- eval at update 239 ---
    PPO           reward  5589.82  thrpt  88.21Mbps  comp 0.645  totfail 0.352  depth 3.02  eval_s=95.0
  [eval-time] update 239: 95.0s total
  >>> new best eval reward 5589.82, saved best.pt
[ 240/2000] rew= 4494.3  thr=108.49Mbps  comp=0.570  drop=0.000  SINR= 22.5dB  KL= 0.0135  ent=1.624  clip=0.205  ev=+0.15  t=14988s
    [kl-stop] update 241: minibatch KL 0.0304 > 0.0300 (epoch 3/4) -- actor frozen, value-only for remaining passes
    [kl-stop] update 244: minibatch KL 0.0390 > 0.0300 (epoch 2/4) -- actor frozen, value-only for remaining passes
[ 245/2000] rew= 6263.8  thr=80.55Mbps  comp=0.684  drop=0.000  SINR=  8.3dB  KL= 0.0091  ent=1.574  clip=0.134  ev=+0.01  t=15244s
    [kl-stop] update 246: minibatch KL 0.0321 > 0.0300 (epoch 3/4) -- actor frozen, value-only for remaining passes
    [kl-stop] update 249: minibatch KL 0.0356 > 0.0300 (epoch 3/4) -- actor frozen, value-only for remaining passes
  --- eval at update 249 ---
    PPO           reward  5524.74  thrpt  87.87Mbps  comp 0.644  totfail 0.353  depth 2.97  eval_s=85.7
  [eval-time] update 249: 85.7s total
    [batch-verify] update 250: 4 slots, max scaled |diff| 7.63e-06 OK
    [kl-stop] update 250: minibatch KL 0.0385 > 0.0300 (epoch 3/4) -- actor frozen, value-only for remaining passes
[ 250/2000] rew= 1979.3  thr=123.42Mbps  comp=0.508  drop=0.000  SINR= 10.7dB  KL= 0.0224  ent=1.909  clip=0.295  ev=+0.21  t=15579s
    [kl-stop] update 251: minibatch KL 0.0313 > 0.0300 (epoch 3/4) -- actor frozen, value-only for remaining passes
    [kl-stop] update 252: minibatch KL 0.0318 > 0.0300 (epoch 4/4) -- actor frozen, value-only for remaining passes
[ 255/2000] rew= 4695.1  thr=48.77Mbps  comp=0.765  drop=0.002  SINR=  7.9dB  KL= 0.0075  ent=0.672  clip=0.097  ev=+0.10  t=15820s
  --- eval at update 259 ---
    PPO           reward  5563.19  thrpt  87.91Mbps  comp 0.645  totfail 0.352  depth 2.98  eval_s=86.6
  [eval-time] update 259: 86.6s total
    [kl-stop] update 260: minibatch KL 0.0307 > 0.0300 (epoch 3/4) -- actor frozen, value-only for remaining passes
[ 260/2000] rew= 4049.4  thr=67.58Mbps  comp=0.622  drop=0.000  SINR=  8.0dB  KL= 0.0183  ent=1.190  clip=0.259  ev=+0.01  t=16156s
[ 265/2000] rew= 2253.0  thr=116.26Mbps  comp=0.517  drop=0.000  SINR= 10.1dB  KL= 0.0125  ent=1.743  clip=0.175  ev=+0.04  t=16407s
  --- eval at update 269 ---
    PPO           reward  5542.23  thrpt  87.79Mbps  comp 0.645  totfail 0.352  depth 2.88  eval_s=85.6
  [eval-time] update 269: 85.6s total
[ 270/2000] rew= 5160.2  thr=46.99Mbps  comp=0.840  drop=0.001  SINR= 12.0dB  KL= 0.0074  ent=0.488  clip=0.099  ev=+0.10  t=16724s
    [kl-stop] update 273: minibatch KL 0.0307 > 0.0300 (epoch 4/4) -- actor frozen, value-only for remaining passes
    [batch-verify] update 275: 4 slots, max scaled |diff| 1.53e-05 OK
    [kl-stop] update 275: minibatch KL 0.0307 > 0.0300 (epoch 4/4) -- actor frozen, value-only for remaining passes
[ 275/2000] rew= 4996.3  thr=91.92Mbps  comp=0.601  drop=0.000  SINR= 13.9dB  KL= 0.0131  ent=1.577  clip=0.185  ev=+0.10  t=16975s
  --- eval at update 279 ---
    PPO           reward  5564.35  thrpt  87.90Mbps  comp 0.645  totfail 0.352  depth 2.85  eval_s=85.3
  [eval-time] update 279: 85.3s total
    [kl-stop] update 280: minibatch KL 0.0319 > 0.0300 (epoch 4/4) -- actor frozen, value-only for remaining passes
[ 280/2000] rew= 1775.1  thr=126.64Mbps  comp=0.506  drop=0.000  SINR= 12.2dB  KL= 0.0145  ent=1.646  clip=0.208  ev=+0.14  t=17303s
[ 285/2000] rew= 4016.7  thr=93.36Mbps  comp=0.573  drop=0.000  SINR=  9.5dB  KL= 0.0128  ent=1.469  clip=0.183  ev=+0.19  t=17545s
    [kl-stop] update 287: minibatch KL 0.0327 > 0.0300 (epoch 4/4) -- actor frozen, value-only for remaining passes
    [kl-stop] update 288: minibatch KL 0.0353 > 0.0300 (epoch 4/4) -- actor frozen, value-only for remaining passes
  --- eval at update 289 ---
    PPO           reward  5603.10  thrpt  88.14Mbps  comp 0.646  totfail 0.351  depth 2.96  eval_s=86.0
  [eval-time] update 289: 86.0s total
  >>> new best eval reward 5603.10, saved best.pt
[ 290/2000] rew= 6521.2  thr=63.12Mbps  comp=0.802  drop=0.000  SINR= 10.0dB  KL= 0.0064  ent=0.658  clip=0.082  ev=-0.14  t=17881s
    [kl-stop] update 292: minibatch KL 0.0326 > 0.0300 (epoch 3/4) -- actor frozen, value-only for remaining passes
/home/MYH/ML_DRL_Scheduler/PaperMain/env.py:363: RuntimeWarning: divide by zero encountered in log10
  slot_sinr_db = (float(10.0 * np.log10(sinr_map[occ].mean()))
    [kl-stop] update 295: minibatch KL 0.0305 > 0.0300 (epoch 3/4) -- actor frozen, value-only for remaining passes
[ 295/2000] rew= 3966.3  thr=113.67Mbps  comp=0.545  drop=0.000  SINR= 11.8dB  KL= 0.0213  ent=2.091  clip=0.289  ev=+0.32  t=18121s
    [kl-stop] update 296: minibatch KL 0.0322 > 0.0300 (epoch 4/4) -- actor frozen, value-only for remaining passes
  --- eval at update 299 ---
    PPO           reward  5631.91  thrpt  88.48Mbps  comp 0.646  totfail 0.351  depth 3.06  eval_s=89.4
  [eval-time] update 299: 89.4s total
  >>> new best eval reward 5631.91, saved best.pt
    [batch-verify] update 300: 4 slots, max scaled |diff| 7.63e-06 OK
[ 300/2000] rew= 4422.9  thr=73.89Mbps  comp=0.617  drop=0.000  SINR= 10.9dB  KL= 0.0147  ent=1.508  clip=0.219  ev=+0.22  t=18460s
    [kl-stop] update 304: minibatch KL 0.0311 > 0.0300 (epoch 4/4) -- actor frozen, value-only for remaining passes
[ 305/2000] rew= 4567.0  thr=64.78Mbps  comp=0.657  drop=0.001  SINR= 12.7dB  KL= 0.0145  ent=1.438  clip=0.213  ev=+0.21  t=18697s
    [kl-stop] update 307: minibatch KL 0.0313 > 0.0300 (epoch 3/4) -- actor frozen, value-only for remaining passes
    [kl-stop] update 308: minibatch KL 0.0307 > 0.0300 (epoch 3/4) -- actor frozen, value-only for remaining passes
  --- eval at update 309 ---
    PPO           reward  5599.32  thrpt  88.28Mbps  comp 0.646  totfail 0.351  depth 3.00  eval_s=86.7
  [eval-time] update 309: 86.7s total
[ 310/2000] rew= 6019.7  thr=78.82Mbps  comp=0.681  drop=0.001  SINR= 15.5dB  KL= 0.0109  ent=1.364  clip=0.158  ev=+0.09  t=19039s
    [kl-stop] update 311: minibatch KL 0.0386 > 0.0300 (epoch 3/4) -- actor frozen, value-only for remaining passes
    [kl-stop] update 312: minibatch KL 0.0321 > 0.0300 (epoch 1/4) -- actor frozen, value-only for remaining passes
[ 315/2000] rew= 3986.2  thr=96.89Mbps  comp=0.563  drop=0.000  SINR=  8.3dB  KL= 0.0158  ent=1.882  clip=0.234  ev=+0.27  t=19277s
    [kl-stop] update 316: minibatch KL 0.0348 > 0.0300 (epoch 3/4) -- actor frozen, value-only for remaining passes
    [kl-stop] update 319: minibatch KL 0.0307 > 0.0300 (epoch 2/4) -- actor frozen, value-only for remaining passes
  --- eval at update 319 ---
    PPO           reward  5647.08  thrpt  88.37Mbps  comp 0.647  totfail 0.350  depth 2.85  eval_s=84.6
  [eval-time] update 319: 84.6s total
  >>> new best eval reward 5647.08, saved best.pt
[ 320/2000] rew= 2728.0  thr=100.79Mbps  comp=0.530  drop=0.000  SINR=  9.0dB  KL= 0.0127  ent=1.643  clip=0.193  ev=+0.23  t=19594s
    [kl-stop] update 323: minibatch KL 0.0308 > 0.0300 (epoch 1/4) -- actor frozen, value-only for remaining passes
    [batch-verify] update 325: 4 slots, max scaled |diff| 7.63e-06 OK
[ 325/2000] rew= 4232.3  thr=103.49Mbps  comp=0.565  drop=0.000  SINR= 12.8dB  KL= 0.0116  ent=1.604  clip=0.166  ev=+0.21  t=19848s
    [kl-stop] update 329: minibatch KL 0.0320 > 0.0300 (epoch 4/4) -- actor frozen, value-only for remaining passes
  --- eval at update 329 ---
    PPO           reward  5665.00  thrpt  88.31Mbps  comp 0.648  totfail 0.349  depth 2.84  eval_s=83.3
  [eval-time] update 329: 83.3s total
  >>> new best eval reward 5665.00, saved best.pt
[ 330/2000] rew= 4953.3  thr=54.27Mbps  comp=0.745  drop=0.000  SINR= 14.6dB  KL= 0.0113  ent=1.249  clip=0.167  ev=+0.15  t=20160s
    [kl-stop] update 335: minibatch KL 0.0303 > 0.0300 (epoch 4/4) -- actor frozen, value-only for remaining passes
[ 335/2000] rew= 5912.4  thr=92.69Mbps  comp=0.631  drop=0.000  SINR= 10.4dB  KL= 0.0160  ent=1.684  clip=0.229  ev=+0.21  t=20413s
    [kl-stop] update 336: minibatch KL 0.0340 > 0.0300 (epoch 4/4) -- actor frozen, value-only for remaining passes
  --- eval at update 339 ---
    PPO           reward  5629.13  thrpt  88.23Mbps  comp 0.647  totfail 0.350  depth 2.80  eval_s=84.2
  [eval-time] update 339: 84.2s total
    [kl-stop] update 340: minibatch KL 0.0400 > 0.0300 (epoch 3/4) -- actor frozen, value-only for remaining passes
[ 340/2000] rew= 7617.1  thr=90.48Mbps  comp=0.707  drop=0.000  SINR= 21.4dB  KL= 0.0175  ent=1.724  clip=0.233  ev=+0.25  t=20748s
    [kl-stop] update 343: minibatch KL 0.0334 > 0.0300 (epoch 1/4) -- actor frozen, value-only for remaining passes
    [kl-stop] update 345: minibatch KL 0.0331 > 0.0300 (epoch 3/4) -- actor frozen, value-only for remaining passes
[ 345/2000] rew= 5285.4  thr=82.58Mbps  comp=0.634  drop=0.000  SINR= 13.2dB  KL= 0.0202  ent=1.317  clip=0.252  ev=+0.30  t=20991s
    [kl-stop] update 346: minibatch KL 0.0344 > 0.0300 (epoch 4/4) -- actor frozen, value-only for remaining passes
    [kl-stop] update 347: minibatch KL 0.0370 > 0.0300 (epoch 3/4) -- actor frozen, value-only for remaining passes
  --- eval at update 349 ---
    PPO           reward  5523.82  thrpt  87.77Mbps  comp 0.644  totfail 0.353  depth 2.70  eval_s=82.0
  [eval-time] update 349: 82.0s total
    [batch-verify] update 350: 4 slots, max scaled |diff| 3.81e-06 OK
    [kl-stop] update 350: minibatch KL 0.0334 > 0.0300 (epoch 4/4) -- actor frozen, value-only for remaining passes
[ 350/2000] rew= 6700.5  thr=69.72Mbps  comp=0.762  drop=0.000  SINR= 15.1dB  KL= 0.0163  ent=1.255  clip=0.239  ev=+0.15  t=21313s
[ 355/2000] rew= 5131.8  thr=83.48Mbps  comp=0.623  drop=0.000  SINR= 14.3dB  KL= 0.0162  ent=1.263  clip=0.236  ev=+0.16  t=21551s
    [kl-stop] update 357: minibatch KL 0.0339 > 0.0300 (epoch 4/4) -- actor frozen, value-only for remaining passes
    [kl-stop] update 358: minibatch KL 0.0330 > 0.0300 (epoch 3/4) -- actor frozen, value-only for remaining passes
  --- eval at update 359 ---
    PPO           reward  5570.05  thrpt  87.93Mbps  comp 0.645  totfail 0.352  depth 2.72  eval_s=82.1
  [eval-time] update 359: 82.1s total
[ 360/2000] rew= 4212.1  thr=66.87Mbps  comp=0.628  drop=0.000  SINR= 13.6dB  KL= 0.0126  ent=1.105  clip=0.182  ev=+0.21  t=21871s
    [kl-stop] update 364: minibatch KL 0.0311 > 0.0300 (epoch 2/4) -- actor frozen, value-only for remaining passes
[ 365/2000] rew= 5452.4  thr=55.59Mbps  comp=0.776  drop=0.001  SINR= 17.3dB  KL= 0.0094  ent=0.923  clip=0.138  ev=+0.17  t=22096s
  --- eval at update 369 ---
    PPO           reward  5494.44  thrpt  87.57Mbps  comp 0.643  totfail 0.354  depth 2.67  eval_s=80.8
  [eval-time] update 369: 80.8s total
    [kl-stop] update 370: minibatch KL 0.0340 > 0.0300 (epoch 3/4) -- actor frozen, value-only for remaining passes
[ 370/2000] rew= 1680.5  thr=80.91Mbps  comp=0.521  drop=0.000  SINR= 12.7dB  KL= 0.0191  ent=1.114  clip=0.253  ev=+0.15  t=22412s
    [kl-stop] update 373: minibatch KL 0.0311 > 0.0300 (epoch 2/4) -- actor frozen, value-only for remaining passes
    [kl-stop] update 374: minibatch KL 0.0383 > 0.0300 (epoch 1/4) -- actor frozen, value-only for remaining passes
    [batch-verify] update 375: 4 slots, max scaled |diff| 3.81e-06 OK
[ 375/2000] rew= 4353.8  thr=68.02Mbps  comp=0.636  drop=0.000  SINR= 13.9dB  KL= 0.0127  ent=0.828  clip=0.182  ev=+0.18  t=22634s
    [kl-stop] update 376: minibatch KL 0.0324 > 0.0300 (epoch 2/4) -- actor frozen, value-only for remaining passes
    [kl-stop] update 379: minibatch KL 0.0374 > 0.0300 (epoch 4/4) -- actor frozen, value-only for remaining passes
  --- eval at update 379 ---
    PPO           reward  5672.94  thrpt  88.33Mbps  comp 0.648  totfail 0.349  depth 2.77  eval_s=82.6
  [eval-time] update 379: 82.6s total
  >>> new best eval reward 5672.94, saved best.pt
[ 380/2000] rew= 4450.7  thr=83.56Mbps  comp=0.603  drop=0.000  SINR= 11.7dB  KL= 0.0126  ent=1.162  clip=0.183  ev=+0.21  t=22959s
    [kl-stop] update 381: minibatch KL 0.0314 > 0.0300 (epoch 3/4) -- actor frozen, value-only for remaining passes
    [kl-stop] update 382: minibatch KL 0.0328 > 0.0300 (epoch 2/4) -- actor frozen, value-only for remaining passes
    [kl-stop] update 383: minibatch KL 0.0323 > 0.0300 (epoch 3/4) -- actor frozen, value-only for remaining passes
    [kl-stop] update 385: minibatch KL 0.0369 > 0.0300 (epoch 4/4) -- actor frozen, value-only for remaining passes
[ 385/2000] rew= 6959.3  thr=73.39Mbps  comp=0.758  drop=0.000  SINR= 14.9dB  KL= 0.0128  ent=1.458  clip=0.187  ev=+0.10  t=23204s
    [kl-stop] update 387: minibatch KL 0.0415 > 0.0300 (epoch 4/4) -- actor frozen, value-only for remaining passes
    [kl-stop] update 388: minibatch KL 0.0308 > 0.0300 (epoch 2/4) -- actor frozen, value-only for remaining passes
    [kl-stop] update 389: minibatch KL 0.0444 > 0.0300 (epoch 1/4) -- actor frozen, value-only for remaining passes
  --- eval at update 389 ---
    PPO           reward  5581.92  thrpt  88.08Mbps  comp 0.645  totfail 0.352  depth 2.76  eval_s=83.2
  [eval-time] update 389: 83.2s total
    [kl-stop] update 390: minibatch KL 0.0338 > 0.0300 (epoch 4/4) -- actor frozen, value-only for remaining passes
[ 390/2000] rew= 3914.4  thr=67.34Mbps  comp=0.614  drop=0.000  SINR= 14.0dB  KL= 0.0140  ent=1.053  clip=0.189  ev=+0.25  t=23522s
    [kl-stop] update 392: minibatch KL 0.0353 > 0.0300 (epoch 4/4) -- actor frozen, value-only for remaining passes
    [kl-stop] update 393: minibatch KL 0.0319 > 0.0300 (epoch 4/4) -- actor frozen, value-only for remaining passes
    [kl-stop] update 394: minibatch KL 0.0325 > 0.0300 (epoch 4/4) -- actor frozen, value-only for remaining passes
    [kl-stop] update 395: minibatch KL 0.0351 > 0.0300 (epoch 4/4) -- actor frozen, value-only for remaining passes
[ 395/2000] rew= 4711.4  thr=48.08Mbps  comp=0.775  drop=0.000  SINR=  9.6dB  KL= 0.0133  ent=0.675  clip=0.185  ev=+0.18  t=23752s
    [kl-stop] update 399: minibatch KL 0.0323 > 0.0300 (epoch 4/4) -- actor frozen, value-only for remaining passes
  --- eval at update 399 ---
    PPO           reward  5604.08  thrpt  88.06Mbps  comp 0.646  totfail 0.351  depth 2.77  eval_s=82.6
  [eval-time] update 399: 82.6s total
    [batch-verify] update 400: 4 slots, max scaled |diff| 3.81e-06 OK
[ 400/2000] rew= 5675.4  thr=54.58Mbps  comp=0.807  drop=0.001  SINR= 17.3dB  KL= 0.0150  ent=0.644  clip=0.203  ev=-0.04  t=24072s
[ 405/2000] rew= 6188.5  thr=62.06Mbps  comp=0.781  drop=0.000  SINR= 13.4dB  KL= 0.0164  ent=1.098  clip=0.244  ev=+0.25  t=24311s
    [kl-stop] update 406: minibatch KL 0.0411 > 0.0300 (epoch 3/4) -- actor frozen, value-only for remaining passes
  --- eval at update 409 ---
    PPO           reward  5603.33  thrpt  88.03Mbps  comp 0.646  totfail 0.351  depth 2.75  eval_s=83.0
  [eval-time] update 409: 83.0s total
    [kl-stop] update 410: minibatch KL 0.0317 > 0.0300 (epoch 3/4) -- actor frozen, value-only for remaining passes
[ 410/2000] rew= 4877.9  thr=74.02Mbps  comp=0.639  drop=0.000  SINR= 11.0dB  KL= 0.0170  ent=1.080  clip=0.231  ev=+0.27  t=24633s
    [kl-stop] update 413: minibatch KL 0.0303 > 0.0300 (epoch 4/4) -- actor frozen, value-only for remaining passes
[ 415/2000] rew= 3515.7  thr=90.14Mbps  comp=0.565  drop=0.000  SINR=  9.2dB  KL= 0.0079  ent=1.099  clip=0.109  ev=+0.14  t=24879s
    [kl-stop] update 417: minibatch KL 0.0304 > 0.0300 (epoch 4/4) -- actor frozen, value-only for remaining passes
  --- eval at update 419 ---
    PPO           reward  5611.12  thrpt  88.06Mbps  comp 0.646  totfail 0.351  depth 2.69  eval_s=82.2
  [eval-time] update 419: 82.2s total
[ 420/2000] rew= 4675.6  thr=75.11Mbps  comp=0.630  drop=0.000  SINR= 10.0dB  KL= 0.0090  ent=0.907  clip=0.126  ev=+0.14  t=25180s
    [kl-stop] update 422: minibatch KL 0.0301 > 0.0300 (epoch 3/4) -- actor frozen, value-only for remaining passes
    [batch-verify] update 425: 4 slots, max scaled |diff| 3.81e-06 OK
[ 425/2000] rew= 7877.0  thr=77.90Mbps  comp=0.787  drop=0.000  SINR= 12.4dB  KL= 0.0078  ent=0.844  clip=0.106  ev=+0.16  t=25425s
    [kl-stop] update 427: minibatch KL 0.0302 > 0.0300 (epoch 2/4) -- actor frozen, value-only for remaining passes
  --- eval at update 429 ---
    PPO           reward  5567.12  thrpt  87.90Mbps  comp 0.645  totfail 0.352  depth 2.65  eval_s=81.4
  [eval-time] update 429: 81.4s total
[ 430/2000] rew= 4085.0  thr=57.88Mbps  comp=0.660  drop=0.001  SINR= 12.3dB  KL= 0.0119  ent=1.150  clip=0.184  ev=+0.23  t=25745s
[ 435/2000] rew= 4653.9  thr=75.27Mbps  comp=0.631  drop=0.000  SINR= 13.4dB  KL= 0.0104  ent=0.859  clip=0.155  ev=+0.29  t=25985s
    [kl-stop] update 436: minibatch KL 0.0311 > 0.0300 (epoch 2/4) -- actor frozen, value-only for remaining passes
    [kl-stop] update 437: minibatch KL 0.0338 > 0.0300 (epoch 2/4) -- actor frozen, value-only for remaining passes
  --- eval at update 439 ---
    PPO           reward  5608.50  thrpt  88.22Mbps  comp 0.646  totfail 0.351  depth 2.74  eval_s=82.8
  [eval-time] update 439: 82.8s total
[ 440/2000] rew= 6098.8  thr=54.71Mbps  comp=0.849  drop=0.000  SINR= 16.3dB  KL= 0.0116  ent=0.694  clip=0.176  ev=+0.14  t=26303s
    [kl-stop] update 441: minibatch KL 0.0304 > 0.0300 (epoch 4/4) -- actor frozen, value-only for remaining passes
[ 445/2000] rew= 5150.9  thr=69.73Mbps  comp=0.670  drop=0.000  SINR=  9.2dB  KL= 0.0162  ent=1.114  clip=0.239  ev=+0.14  t=26538s
    [kl-stop] update 446: minibatch KL 0.0311 > 0.0300 (epoch 4/4) -- actor frozen, value-only for remaining passes
  --- eval at update 449 ---
    PPO           reward  5594.32  thrpt  88.12Mbps  comp 0.645  totfail 0.352  depth 2.76  eval_s=84.2
  [eval-time] update 449: 84.2s total
    [batch-verify] update 450: 4 slots, max scaled |diff| 7.63e-06 OK
    [kl-stop] update 450: minibatch KL 0.0372 > 0.0300 (epoch 3/4) -- actor frozen, value-only for remaining passes
[ 450/2000] rew= 1817.6  thr=69.01Mbps  comp=0.527  drop=0.000  SINR=  9.8dB  KL= 0.0197  ent=1.353  clip=0.264  ev=+0.31  t=26882s
[ 455/2000] rew= 4271.7  thr=38.20Mbps  comp=0.855  drop=0.001  SINR= 14.0dB  KL= 0.0083  ent=0.440  clip=0.113  ev=+0.03  t=27113s
  --- eval at update 459 ---
    PPO           reward  5566.09  thrpt  87.90Mbps  comp 0.645  totfail 0.352  depth 2.73  eval_s=81.5
  [eval-time] update 459: 81.5s total
    [kl-stop] update 460: minibatch KL 0.0321 > 0.0300 (epoch 4/4) -- actor frozen, value-only for remaining passes
[ 460/2000] rew= 5795.7  thr=68.92Mbps  comp=0.709  drop=0.000  SINR= 10.1dB  KL= 0.0178  ent=1.214  clip=0.250  ev=-0.03  t=27421s
[ 465/2000] rew= 4904.8  thr=48.72Mbps  comp=0.787  drop=0.000  SINR= 13.8dB  KL= 0.0132  ent=0.775  clip=0.185  ev=+0.01  t=27647s
  --- eval at update 469 ---
    PPO           reward  5582.63  thrpt  87.87Mbps  comp 0.646  totfail 0.351  depth 2.74  eval_s=93.1
  [eval-time] update 469: 93.1s total
[ 470/2000] rew= 4477.3  thr=93.67Mbps  comp=0.583  drop=0.000  SINR= 15.2dB  KL= 0.0141  ent=1.471  clip=0.213  ev=+0.32  t=27974s
    [batch-verify] update 475: 4 slots, max scaled |diff| 5.72e-06 OK
[ 475/2000] rew= 6184.3  thr=68.78Mbps  comp=0.736  drop=0.000  SINR= 12.8dB  KL= 0.0119  ent=1.062  clip=0.179  ev=+0.20  t=28205s
    [kl-stop] update 478: minibatch KL 0.0308 > 0.0300 (epoch 3/4) -- actor frozen, value-only for remaining passes
  --- eval at update 479 ---
    PPO           reward  5554.17  thrpt  87.75Mbps  comp 0.645  totfail 0.352  depth 2.72  eval_s=95.4
  [eval-time] update 479: 95.4s total
[ 480/2000] rew= 4437.5  thr=92.15Mbps  comp=0.587  drop=0.000  SINR= 13.8dB  KL= 0.0125  ent=1.144  clip=0.183  ev=+0.14  t=28571s
    [kl-stop] update 481: minibatch KL 0.0423 > 0.0300 (epoch 2/4) -- actor frozen, value-only for remaining passes
    [kl-stop] update 482: minibatch KL 0.0375 > 0.0300 (epoch 3/4) -- actor frozen, value-only for remaining passes
[ 485/2000] rew= 3244.7  thr=79.15Mbps  comp=0.568  drop=0.000  SINR= 13.7dB  KL= 0.0120  ent=0.869  clip=0.175  ev=+0.20  t=28845s
    [kl-stop] update 488: minibatch KL 0.0304 > 0.0300 (epoch 2/4) -- actor frozen, value-only for remaining passes
  --- eval at update 489 ---
    PPO           reward  5576.33  thrpt  87.95Mbps  comp 0.645  totfail 0.352  depth 2.80  eval_s=93.7
  [eval-time] update 489: 93.7s total
    [kl-stop] update 490: minibatch KL 0.0302 > 0.0300 (epoch 4/4) -- actor frozen, value-only for remaining passes
[ 490/2000] rew= 7231.8  thr=75.05Mbps  comp=0.762  drop=0.000  SINR= 10.9dB  KL= 0.0172  ent=1.172  clip=0.235  ev=+0.31  t=29193s
    [kl-stop] update 492: minibatch KL 0.0314 > 0.0300 (epoch 3/4) -- actor frozen, value-only for remaining passes
[ 495/2000] rew= 4893.5  thr=48.42Mbps  comp=0.792  drop=0.001  SINR= 14.4dB  KL= 0.0111  ent=0.508  clip=0.156  ev=+0.17  t=29451s
    [kl-stop] update 496: minibatch KL 0.0402 > 0.0300 (epoch 2/4) -- actor frozen, value-only for remaining passes
  --- eval at update 499 ---
    PPO           reward  5622.40  thrpt  88.26Mbps  comp 0.646  totfail 0.351  depth 2.88  eval_s=86.0
  [eval-time] update 499: 86.0s total
    [batch-verify] update 500: 4 slots, max scaled |diff| 3.81e-06 OK
[ 500/2000] rew= 5231.9  thr=88.59Mbps  comp=0.618  drop=0.000  SINR= 12.5dB  KL= 0.0136  ent=1.225  clip=0.203  ev=+0.19  t=29799s
    [kl-stop] update 501: minibatch KL 0.0301 > 0.0300 (epoch 4/4) -- actor frozen, value-only for remaining passes
[ 505/2000] rew= 3301.4  thr=117.64Mbps  comp=0.535  drop=0.000  SINR= 10.3dB  KL= 0.0135  ent=1.736  clip=0.197  ev=+0.27  t=30020s
    [kl-stop] update 506: minibatch KL 0.0303 > 0.0300 (epoch 4/4) -- actor frozen, value-only for remaining passes
    [kl-stop] update 507: minibatch KL 0.0334 > 0.0300 (epoch 3/4) -- actor frozen, value-only for remaining passes
  --- eval at update 509 ---
    PPO           reward  5594.83  thrpt  88.20Mbps  comp 0.645  totfail 0.352  depth 2.88  eval_s=87.7
  [eval-time] update 509: 87.7s total
[ 510/2000] rew= 6534.1  thr=105.82Mbps  comp=0.628  drop=0.000  SINR= 10.7dB  KL= 0.0181  ent=1.415  clip=0.250  ev=+0.18  t=30359s
    [kl-stop] update 511: minibatch KL 0.0300 > 0.0300 (epoch 3/4) -- actor frozen, value-only for remaining passes
    [kl-stop] update 512: minibatch KL 0.0370 > 0.0300 (epoch 3/4) -- actor frozen, value-only for remaining passes
    [kl-stop] update 513: minibatch KL 0.0328 > 0.0300 (epoch 3/4) -- actor frozen, value-only for remaining passes
[ 515/2000] rew= 3931.1  thr=48.68Mbps  comp=0.700  drop=0.002  SINR= 16.6dB  KL= 0.0087  ent=0.489  clip=0.109  ev=+0.16  t=30611s
    [kl-stop] update 516: minibatch KL 0.0418 > 0.0300 (epoch 4/4) -- actor frozen, value-only for remaining passes
    [kl-stop] update 517: minibatch KL 0.0349 > 0.0300 (epoch 4/4) -- actor frozen, value-only for remaining passes
  --- eval at update 519 ---
    PPO           reward  5589.74  thrpt  88.24Mbps  comp 0.645  totfail 0.352  depth 2.97  eval_s=87.7
  [eval-time] update 519: 87.7s total
    [kl-stop] update 520: minibatch KL 0.0326 > 0.0300 (epoch 3/4) -- actor frozen, value-only for remaining passes
[ 520/2000] rew= 4253.1  thr=55.18Mbps  comp=0.683  drop=0.001  SINR= 11.2dB  KL= 0.0193  ent=0.681  clip=0.244  ev=+0.24  t=30923s
    [batch-verify] update 525: 4 slots, max scaled |diff| 2.86e-06 OK
    [kl-stop] update 525: minibatch KL 0.0325 > 0.0300 (epoch 3/4) -- actor frozen, value-only for remaining passes
[ 525/2000] rew= 4304.1  thr=44.58Mbps  comp=0.766  drop=0.000  SINR= 12.1dB  KL= 0.0210  ent=0.693  clip=0.261  ev=+0.30  t=31149s
    [kl-stop] update 528: minibatch KL 0.0370 > 0.0300 (epoch 2/4) -- actor frozen, value-only for remaining passes
    [kl-stop] update 529: minibatch KL 0.0413 > 0.0300 (epoch 3/4) -- actor frozen, value-only for remaining passes
  --- eval at update 529 ---
    PPO           reward  5624.20  thrpt  88.31Mbps  comp 0.646  totfail 0.351  depth 2.91  eval_s=85.7
  [eval-time] update 529: 85.7s total
[ 530/2000] rew= 4937.6  thr=70.23Mbps  comp=0.656  drop=0.000  SINR= 12.6dB  KL= 0.0116  ent=1.028  clip=0.178  ev=+0.24  t=31496s
[ 535/2000] rew= 2990.1  thr=43.67Mbps  comp=0.650  drop=0.001  SINR= 10.0dB  KL= 0.0087  ent=0.571  clip=0.117  ev=+0.18  t=31716s
    [kl-stop] update 538: minibatch KL 0.0349 > 0.0300 (epoch 1/4) -- actor frozen, value-only for remaining passes
  --- eval at update 539 ---
    PPO           reward  5613.41  thrpt  88.42Mbps  comp 0.645  totfail 0.352  depth 2.95  eval_s=87.6
  [eval-time] update 539: 87.6s total
    [kl-stop] update 540: minibatch KL 0.0323 > 0.0300 (epoch 4/4) -- actor frozen, value-only for remaining passes
[ 540/2000] rew= 1998.5  thr=128.68Mbps  comp=0.507  drop=0.000  SINR= 14.0dB  KL= 0.0133  ent=1.721  clip=0.194  ev=+0.29  t=32073s
    [kl-stop] update 541: minibatch KL 0.0316 > 0.0300 (epoch 2/4) -- actor frozen, value-only for remaining passes
    [kl-stop] update 542: minibatch KL 0.0374 > 0.0300 (epoch 1/4) -- actor frozen, value-only for remaining passes
    [kl-stop] update 543: minibatch KL 0.0329 > 0.0300 (epoch 3/4) -- actor frozen, value-only for remaining passes
[ 545/2000] rew= 4770.3  thr=43.46Mbps  comp=0.834  drop=0.001  SINR= 18.4dB  KL= 0.0081  ent=0.388  clip=0.109  ev=-0.04  t=32296s
    [kl-stop] update 547: minibatch KL 0.0313 > 0.0300 (epoch 2/4) -- actor frozen, value-only for remaining passes
  --- eval at update 549 ---
    PPO           reward  5595.49  thrpt  88.36Mbps  comp 0.645  totfail 0.352  depth 2.92  eval_s=91.7
  [eval-time] update 549: 91.7s total
    [batch-verify] update 550: 4 slots, max scaled |diff| 1.14e-05 OK
[ 550/2000] rew= 5222.1  thr=94.46Mbps  comp=0.605  drop=0.000  SINR= 16.2dB  KL= 0.0157  ent=1.348  clip=0.232  ev=+0.28  t=32636s
    [kl-stop] update 551: minibatch KL 0.0342 > 0.0300 (epoch 3/4) -- actor frozen, value-only for remaining passes
[ 555/2000] rew= 5904.6  thr=78.55Mbps  comp=0.676  drop=0.000  SINR= 12.1dB  KL= 0.0147  ent=0.875  clip=0.212  ev=+0.22  t=32887s
    [kl-stop] update 556: minibatch KL 0.0337 > 0.0300 (epoch 2/4) -- actor frozen, value-only for remaining passes
    [kl-stop] update 557: minibatch KL 0.0303 > 0.0300 (epoch 4/4) -- actor frozen, value-only for remaining passes
    [kl-stop] update 558: minibatch KL 0.0301 > 0.0300 (epoch 3/4) -- actor frozen, value-only for remaining passes
  --- eval at update 559 ---
    PPO           reward  5612.83  thrpt  88.29Mbps  comp 0.645  totfail 0.351  depth 2.89  eval_s=99.2
  [eval-time] update 559: 99.2s total
[ 560/2000] rew= 5014.0  thr=109.62Mbps  comp=0.579  drop=0.000  SINR= 17.2dB  KL= 0.0142  ent=1.332  clip=0.202  ev=+0.27  t=33248s
    [kl-stop] update 562: minibatch KL 0.0303 > 0.0300 (epoch 3/4) -- actor frozen, value-only for remaining passes
    [kl-stop] update 563: minibatch KL 0.0324 > 0.0300 (epoch 4/4) -- actor frozen, value-only for remaining passes
    [kl-stop] update 565: minibatch KL 0.0382 > 0.0300 (epoch 2/4) -- actor frozen, value-only for remaining passes
[ 565/2000] rew=  886.1  thr=38.53Mbps  comp=0.514  drop=0.000  SINR=  9.3dB  KL= 0.0263  ent=0.843  clip=0.333  ev=+0.22  t=33485s
    [kl-stop] update 566: minibatch KL 0.0420 > 0.0300 (epoch 1/4) -- actor frozen, value-only for remaining passes
    [kl-stop] update 567: minibatch KL 0.0335 > 0.0300 (epoch 4/4) -- actor frozen, value-only for remaining passes
  --- eval at update 569 ---
    PPO           reward  5568.88  thrpt  87.95Mbps  comp 0.644  totfail 0.352  depth 2.76  eval_s=86.1
  [eval-time] update 569: 86.1s total
[ 570/2000] rew= 5180.3  thr=99.00Mbps  comp=0.602  drop=0.000  SINR= 10.9dB  KL= 0.0100  ent=1.066  clip=0.140  ev=+0.08  t=33805s
    [kl-stop] update 571: minibatch KL 0.0364 > 0.0300 (epoch 4/4) -- actor frozen, value-only for remaining passes
    [batch-verify] update 575: 4 slots, max scaled |diff| 3.81e-06 OK
[ 575/2000] rew= 3629.9  thr=48.59Mbps  comp=0.671  drop=0.000  SINR= 19.8dB  KL= 0.0127  ent=0.815  clip=0.183  ev=+0.10  t=34041s
    [kl-stop] update 576: minibatch KL 0.0316 > 0.0300 (epoch 2/4) -- actor frozen, value-only for remaining passes
  --- eval at update 579 ---
    PPO           reward  5614.37  thrpt  88.20Mbps  comp 0.646  totfail 0.351  depth 2.77  eval_s=85.4
  [eval-time] update 579: 85.4s total
[ 580/2000] rew= 3855.7  thr=53.09Mbps  comp=0.664  drop=0.000  SINR= 12.3dB  KL= 0.0129  ent=0.855  clip=0.200  ev=+0.22  t=34383s
    [kl-stop] update 581: minibatch KL 0.0322 > 0.0300 (epoch 2/4) -- actor frozen, value-only for remaining passes
[ 585/2000] rew= 6225.4  thr=63.60Mbps  comp=0.772  drop=0.000  SINR= 14.9dB  KL= 0.0134  ent=0.965  clip=0.192  ev=+0.20  t=34615s
  --- eval at update 589 ---
    PPO           reward  5574.10  thrpt  88.11Mbps  comp 0.644  totfail 0.353  depth 2.82  eval_s=86.6
  [eval-time] update 589: 86.6s total
[ 590/2000] rew= 5450.1  thr=55.21Mbps  comp=0.778  drop=0.000  SINR= 11.5dB  KL= 0.0113  ent=0.866  clip=0.167  ev=+0.16  t=34937s
    [kl-stop] update 595: minibatch KL 0.0301 > 0.0300 (epoch 3/4) -- actor frozen, value-only for remaining passes
[ 595/2000] rew= 6634.9  thr=82.07Mbps  comp=0.697  drop=0.000  SINR= 11.9dB  KL= 0.0200  ent=1.134  clip=0.287  ev=+0.14  t=35222s
    [kl-stop] update 596: minibatch KL 0.0304 > 0.0300 (epoch 4/4) -- actor frozen, value-only for remaining passes
  --- eval at update 599 ---
    PPO           reward  5597.79  thrpt  88.26Mbps  comp 0.645  totfail 0.352  depth 2.88  eval_s=89.5
  [eval-time] update 599: 89.5s total
    [batch-verify] update 600: 4 slots, max scaled |diff| 3.81e-06 OK
[ 600/2000] rew= 4355.8  thr=84.56Mbps  comp=0.593  drop=0.000  SINR= 11.7dB  KL= 0.0141  ent=1.397  clip=0.211  ev=+0.21  t=35580s
    [kl-stop] update 603: minibatch KL 0.0303 > 0.0300 (epoch 3/4) -- actor frozen, value-only for remaining passes
[ 605/2000] rew= 6286.8  thr=121.82Mbps  comp=0.594  drop=0.000  SINR= 13.7dB  KL= 0.0118  ent=1.694  clip=0.192  ev=+0.21  t=35832s
    [kl-stop] update 607: minibatch KL 0.0312 > 0.0300 (epoch 3/4) -- actor frozen, value-only for remaining passes
  --- eval at update 609 ---
    PPO           reward  5626.14  thrpt  88.41Mbps  comp 0.645  totfail 0.352  depth 2.87  eval_s=88.2
  [eval-time] update 609: 88.2s total
[ 610/2000] rew= 5073.8  thr=60.64Mbps  comp=0.708  drop=0.000  SINR= 10.1dB  KL= 0.0149  ent=0.811  clip=0.199  ev=+0.17  t=36166s
    [kl-stop] update 615: minibatch KL 0.0339 > 0.0300 (epoch 1/4) -- actor frozen, value-only for remaining passes
[ 615/2000] rew= 6360.9  thr=62.75Mbps  comp=0.790  drop=0.000  SINR= 16.6dB  KL= 0.0283  ent=0.955  clip=0.356  ev=+0.22  t=36405s
    [kl-stop] update 618: minibatch KL 0.0311 > 0.0300 (epoch 2/4) -- actor frozen, value-only for remaining passes
  --- eval at update 619 ---
    PPO           reward  5650.89  thrpt  88.47Mbps  comp 0.646  totfail 0.351  depth 2.91  eval_s=100.4
  [eval-time] update 619: 100.4s total
    [kl-stop] update 620: minibatch KL 0.0343 > 0.0300 (epoch 2/4) -- actor frozen, value-only for remaining passes
[ 620/2000] rew= 3727.3  thr=99.85Mbps  comp=0.556  drop=0.000  SINR= 11.7dB  KL= 0.0232  ent=1.394  clip=0.297  ev=+0.33  t=36787s
    [kl-stop] update 622: minibatch KL 0.0350 > 0.0300 (epoch 4/4) -- actor frozen, value-only for remaining passes
    [kl-stop] update 623: minibatch KL 0.0303 > 0.0300 (epoch 1/4) -- actor frozen, value-only for remaining passes
    [kl-stop] update 624: minibatch KL 0.0341 > 0.0300 (epoch 3/4) -- actor frozen, value-only for remaining passes
    [batch-verify] update 625: 4 slots, max scaled |diff| 7.63e-06 OK
[ 625/2000] rew= 5500.5  thr=78.96Mbps  comp=0.655  drop=0.000  SINR= 13.1dB  KL= 0.0165  ent=1.154  clip=0.238  ev=+0.20  t=37056s
    [kl-stop] update 627: minibatch KL 0.0303 > 0.0300 (epoch 4/4) -- actor frozen, value-only for remaining passes
    [kl-stop] update 628: minibatch KL 0.0317 > 0.0300 (epoch 4/4) -- actor frozen, value-only for remaining passes
  --- eval at update 629 ---
    PPO           reward  5614.51  thrpt  88.19Mbps  comp 0.645  totfail 0.352  depth 2.83  eval_s=89.0
  [eval-time] update 629: 89.0s total
[ 630/2000] rew= 5192.1  thr=92.60Mbps  comp=0.604  drop=0.000  SINR=  9.7dB  KL= 0.0154  ent=1.609  clip=0.232  ev=+0.28  t=37404s
    [kl-stop] update 632: minibatch KL 0.0407 > 0.0300 (epoch 2/4) -- actor frozen, value-only for remaining passes
[ 635/2000] rew= 5373.4  thr=63.00Mbps  comp=0.715  drop=0.000  SINR= 10.9dB  KL= 0.0097  ent=0.875  clip=0.142  ev=+0.12  t=37685s
    [kl-stop] update 637: minibatch KL 0.0301 > 0.0300 (epoch 4/4) -- actor frozen, value-only for remaining passes
    [kl-stop] update 638: minibatch KL 0.0343 > 0.0300 (epoch 4/4) -- actor frozen, value-only for remaining passes
    [kl-stop] update 639: minibatch KL 0.0306 > 0.0300 (epoch 3/4) -- actor frozen, value-only for remaining passes
  --- eval at update 639 ---
    PPO           reward  5610.74  thrpt  88.27Mbps  comp 0.645  totfail 0.352  depth 2.89  eval_s=99.6
  [eval-time] update 639: 99.6s total
[ 640/2000] rew= 6148.8  thr=90.04Mbps  comp=0.648  drop=0.000  SINR= 11.5dB  KL= 0.0117  ent=1.203  clip=0.165  ev=+0.28  t=38065s
    [kl-stop] update 641: minibatch KL 0.0310 > 0.0300 (epoch 2/4) -- actor frozen, value-only for remaining passes
[ 645/2000] rew= 5283.3  thr=94.77Mbps  comp=0.608  drop=0.000  SINR= 14.7dB  KL= 0.0129  ent=1.177  clip=0.205  ev=+0.23  t=38325s
    [kl-stop] update 646: minibatch KL 0.0308 > 0.0300 (epoch 4/4) -- actor frozen, value-only for remaining passes
    [kl-stop] update 648: minibatch KL 0.0372 > 0.0300 (epoch 2/4) -- actor frozen, value-only for remaining passes
    [kl-stop] update 649: minibatch KL 0.0309 > 0.0300 (epoch 1/4) -- actor frozen, value-only for remaining passes
  --- eval at update 649 ---
    PPO           reward  5592.48  thrpt  88.08Mbps  comp 0.645  totfail 0.352  depth 2.76  eval_s=92.5
  [eval-time] update 649: 92.5s total
    [batch-verify] update 650: 4 slots, max scaled |diff| 3.81e-06 OK
[ 650/2000] rew= 6629.5  thr=109.83Mbps  comp=0.624  drop=0.000  SINR= 12.0dB  KL= 0.0117  ent=1.325  clip=0.168  ev=+0.34  t=38688s
    [kl-stop] update 651: minibatch KL 0.0311 > 0.0300 (epoch 2/4) -- actor frozen, value-only for remaining passes
    [kl-stop] update 652: minibatch KL 0.0440 > 0.0300 (epoch 2/4) -- actor frozen, value-only for remaining passes
    [kl-stop] update 654: minibatch KL 0.0329 > 0.0300 (epoch 3/4) -- actor frozen, value-only for remaining passes
[ 655/2000] rew= 6002.1  thr=81.23Mbps  comp=0.666  drop=0.000  SINR=  9.6dB  KL= 0.0156  ent=1.147  clip=0.221  ev=+0.27  t=38936s
    [kl-stop] update 656: minibatch KL 0.0360 > 0.0300 (epoch 3/4) -- actor frozen, value-only for remaining passes
  --- eval at update 659 ---
    PPO           reward  5549.51  thrpt  87.87Mbps  comp 0.644  totfail 0.353  depth 2.67  eval_s=85.6
  [eval-time] update 659: 85.6s total
[ 660/2000] rew= 4429.6  thr=114.16Mbps  comp=0.557  drop=0.000  SINR= 12.8dB  KL= 0.0113  ent=1.824  clip=0.167  ev=+0.23  t=39280s
    [kl-stop] update 661: minibatch KL 0.0401 > 0.0300 (epoch 4/4) -- actor frozen, value-only for remaining passes
    [kl-stop] update 665: minibatch KL 0.0352 > 0.0300 (epoch 2/4) -- actor frozen, value-only for remaining passes
[ 665/2000] rew= 2581.8  thr=51.66Mbps  comp=0.588  drop=0.000  SINR= 14.6dB  KL= 0.0256  ent=0.892  clip=0.333  ev=+0.25  t=39557s
    [kl-stop] update 666: minibatch KL 0.0307 > 0.0300 (epoch 3/4) -- actor frozen, value-only for remaining passes
    [kl-stop] update 669: minibatch KL 0.0306 > 0.0300 (epoch 2/4) -- actor frozen, value-only for remaining passes
  --- eval at update 669 ---
    PPO           reward  5568.20  thrpt  87.94Mbps  comp 0.644  totfail 0.353  depth 2.67  eval_s=86.5
  [eval-time] update 669: 86.5s total
[ 670/2000] rew= 6975.2  thr=81.05Mbps  comp=0.719  drop=0.000  SINR= 10.6dB  KL= 0.0129  ent=0.887  clip=0.170  ev=+0.15  t=39902s
    [kl-stop] update 672: minibatch KL 0.0419 > 0.0300 (epoch 4/4) -- actor frozen, value-only for remaining passes
    [kl-stop] update 673: minibatch KL 0.0304 > 0.0300 (epoch 4/4) -- actor frozen, value-only for remaining passes
    [batch-verify] update 675: 4 slots, max scaled |diff| 7.63e-06 OK
[ 675/2000] rew= 4612.0  thr=98.05Mbps  comp=0.581  drop=0.000  SINR= 11.2dB  KL= 0.0145  ent=1.310  clip=0.219  ev=+0.35  t=40168s
  --- eval at update 679 ---
    PPO           reward  5562.43  thrpt  87.94Mbps  comp 0.644  totfail 0.353  depth 2.62  eval_s=84.1
  [eval-time] update 679: 84.1s total
[ 680/2000] rew= 2955.1  thr=49.81Mbps  comp=0.617  drop=0.000  SINR= 11.0dB  KL= 0.0096  ent=0.750  clip=0.132  ev=+0.31  t=40480s
    [kl-stop] update 683: minibatch KL 0.0337 > 0.0300 (epoch 2/4) -- actor frozen, value-only for remaining passes
    [kl-stop] update 684: minibatch KL 0.0353 > 0.0300 (epoch 2/4) -- actor frozen, value-only for remaining passes
[ 685/2000] rew= 5161.1  thr=87.93Mbps  comp=0.615  drop=0.000  SINR= 13.9dB  KL= 0.0119  ent=1.242  clip=0.177  ev=+0.16  t=40749s
    [kl-stop] update 687: minibatch KL 0.0335 > 0.0300 (epoch 4/4) -- actor frozen, value-only for remaining passes
    [kl-stop] update 689: minibatch KL 0.0354 > 0.0300 (epoch 2/4) -- actor frozen, value-only for remaining passes
  --- eval at update 689 ---
    PPO           reward  5575.08  thrpt  87.99Mbps  comp 0.644  totfail 0.353  depth 2.65  eval_s=84.8
  [eval-time] update 689: 84.8s total
    [kl-stop] update 690: minibatch KL 0.0322 > 0.0300 (epoch 2/4) -- actor frozen, value-only for remaining passes
[ 690/2000] rew= 2512.3  thr=95.86Mbps  comp=0.529  drop=0.000  SINR= 11.7dB  KL= 0.0266  ent=1.198  clip=0.359  ev=+0.18  t=41076s
    [kl-stop] update 691: minibatch KL 0.0376 > 0.0300 (epoch 3/4) -- actor frozen, value-only for remaining passes
    [kl-stop] update 692: minibatch KL 0.0333 > 0.0300 (epoch 3/4) -- actor frozen, value-only for remaining passes
    [kl-stop] update 694: minibatch KL 0.0308 > 0.0300 (epoch 2/4) -- actor frozen, value-only for remaining passes
    [kl-stop] update 695: minibatch KL 0.0357 > 0.0300 (epoch 2/4) -- actor frozen, value-only for remaining passes
[ 695/2000] rew=10239.9  thr=90.65Mbps  comp=0.853  drop=0.000  SINR= 13.2dB  KL= 0.0290  ent=0.835  clip=0.326  ev=-0.25  t=41324s
    [kl-stop] update 696: minibatch KL 0.0301 > 0.0300 (epoch 2/4) -- actor frozen, value-only for remaining passes
  --- eval at update 699 ---
    PPO           reward  5596.23  thrpt  88.11Mbps  comp 0.645  totfail 0.352  depth 2.72  eval_s=92.7
  [eval-time] update 699: 92.7s total
    [batch-verify] update 700: 4 slots, max scaled |diff| 1.91e-06 OK
    [kl-stop] update 700: minibatch KL 0.0479 > 0.0300 (epoch 2/4) -- actor frozen, value-only for remaining passes
[ 700/2000] rew= 2656.9  thr=42.59Mbps  comp=0.629  drop=0.001  SINR= 10.5dB  KL= 0.0294  ent=0.685  clip=0.322  ev=-0.16  t=41674s
[ 705/2000] rew= 2875.4  thr=84.20Mbps  comp=0.549  drop=0.000  SINR=  8.2dB  KL= 0.0158  ent=1.207  clip=0.234  ev=+0.07  t=41921s
    [kl-stop] update 708: minibatch KL 0.0394 > 0.0300 (epoch 2/4) -- actor frozen, value-only for remaining passes
  --- eval at update 709 ---
    PPO           reward  5614.67  thrpt  88.20Mbps  comp 0.645  totfail 0.351  depth 2.70  eval_s=86.7
  [eval-time] update 709: 86.7s total
[ 710/2000] rew= 3739.2  thr=102.09Mbps  comp=0.555  drop=0.000  SINR=  9.8dB  KL= 0.0153  ent=1.299  clip=0.212  ev=-0.01  t=42267s
    [kl-stop] update 711: minibatch KL 0.0329 > 0.0300 (epoch 4/4) -- actor frozen, value-only for remaining passes
    [kl-stop] update 713: minibatch KL 0.0371 > 0.0300 (epoch 3/4) -- actor frozen, value-only for remaining passes
[ 715/2000] rew= 6136.5  thr=54.80Mbps  comp=0.848  drop=0.000  SINR= 17.2dB  KL= 0.0079  ent=0.637  clip=0.103  ev=-0.01  t=42511s
    [kl-stop] update 717: minibatch KL 0.0301 > 0.0300 (epoch 2/4) -- actor frozen, value-only for remaining passes
  --- eval at update 719 ---
    PPO           reward  5609.39  thrpt  88.10Mbps  comp 0.645  totfail 0.352  depth 2.62  eval_s=87.6
  [eval-time] update 719: 87.6s total
[ 720/2000] rew= 4072.2  thr=49.13Mbps  comp=0.704  drop=0.001  SINR= 14.9dB  KL= 0.0095  ent=0.656  clip=0.128  ev=+0.18  t=42827s
    [kl-stop] update 721: minibatch KL 0.0311 > 0.0300 (epoch 2/4) -- actor frozen, value-only for remaining passes
    [kl-stop] update 722: minibatch KL 0.0310 > 0.0300 (epoch 3/4) -- actor frozen, value-only for remaining passes
    [batch-verify] update 725: 4 slots, max scaled |diff| 1.53e-05 OK
[ 725/2000] rew= 4527.2  thr=114.02Mbps  comp=0.563  drop=0.000  SINR= 11.7dB  KL= 0.0165  ent=1.540  clip=0.240  ev=+0.23  t=43135s
    [kl-stop] update 728: minibatch KL 0.0338 > 0.0300 (epoch 2/4) -- actor frozen, value-only for remaining passes
  --- eval at update 729 ---
    PPO           reward  5704.86  thrpt  88.43Mbps  comp 0.649  totfail 0.348  depth 2.72  eval_s=97.7
  [eval-time] update 729: 97.7s total
  >>> new best eval reward 5704.86, saved best.pt
[ 730/2000] rew= 5098.9  thr=76.96Mbps  comp=0.644  drop=0.000  SINR=  9.8dB  KL= 0.0145  ent=0.817  clip=0.188  ev=+0.19  t=43494s
    [kl-stop] update 732: minibatch KL 0.0321 > 0.0300 (epoch 2/4) -- actor frozen, value-only for remaining passes
    [kl-stop] update 735: minibatch KL 0.0315 > 0.0300 (epoch 4/4) -- actor frozen, value-only for remaining passes
[ 735/2000] rew= 3698.5  thr=115.78Mbps  comp=0.545  drop=0.000  SINR= 10.6dB  KL= 0.0158  ent=1.220  clip=0.224  ev=+0.26  t=43784s
    [kl-stop] update 738: minibatch KL 0.0321 > 0.0300 (epoch 4/4) -- actor frozen, value-only for remaining passes
  --- eval at update 739 ---
    PPO           reward  5698.50  thrpt  88.50Mbps  comp 0.648  totfail 0.349  depth 2.80  eval_s=96.9
  [eval-time] update 739: 96.9s total
[ 740/2000] rew= 4036.2  thr=91.64Mbps  comp=0.572  drop=0.000  SINR= 10.2dB  KL= 0.0132  ent=1.325  clip=0.195  ev=+0.28  t=44172s
    [kl-stop] update 741: minibatch KL 0.0448 > 0.0300 (epoch 2/4) -- actor frozen, value-only for remaining passes
    [kl-stop] update 742: minibatch KL 0.0353 > 0.0300 (epoch 3/4) -- actor frozen, value-only for remaining passes
[ 745/2000] rew= 2011.4  thr=125.10Mbps  comp=0.513  drop=0.000  SINR= 13.5dB  KL= 0.0145  ent=1.245  clip=0.211  ev=+0.07  t=44442s
  --- eval at update 749 ---
    PPO           reward  5659.02  thrpt  88.35Mbps  comp 0.647  totfail 0.350  depth 2.70  eval_s=94.9
  [eval-time] update 749: 94.9s total
    [batch-verify] update 750: 4 slots, max scaled |diff| 9.54e-07 OK
    [kl-stop] update 750: minibatch KL 0.0346 > 0.0300 (epoch 2/4) -- actor frozen, value-only for remaining passes
[ 750/2000] rew= 2591.3  thr=47.55Mbps  comp=0.603  drop=0.000  SINR= 16.0dB  KL= 0.0266  ent=0.633  clip=0.335  ev=+0.21  t=44780s
    [kl-stop] update 751: minibatch KL 0.0333 > 0.0300 (epoch 2/4) -- actor frozen, value-only for remaining passes
    [kl-stop] update 755: minibatch KL 0.0446 > 0.0300 (epoch 2/4) -- actor frozen, value-only for remaining passes
[ 755/2000] rew= 3074.0  thr=62.66Mbps  comp=0.591  drop=0.000  SINR= 19.1dB  KL= 0.0280  ent=0.666  clip=0.315  ev=+0.30  t=45019s
    [kl-stop] update 758: minibatch KL 0.0324 > 0.0300 (epoch 4/4) -- actor frozen, value-only for remaining passes
  --- eval at update 759 ---
    PPO           reward  5576.43  thrpt  87.86Mbps  comp 0.645  totfail 0.352  depth 2.57  eval_s=82.7
  [eval-time] update 759: 82.7s total
[ 760/2000] rew= 6090.8  thr=72.45Mbps  comp=0.710  drop=0.000  SINR= 11.1dB  KL= 0.0116  ent=0.772  clip=0.165  ev=+0.27  t=45318s
    [kl-stop] update 761: minibatch KL 0.0308 > 0.0300 (epoch 2/4) -- actor frozen, value-only for remaining passes
    [kl-stop] update 762: minibatch KL 0.0321 > 0.0300 (epoch 4/4) -- actor frozen, value-only for remaining passes
    [kl-stop] update 763: minibatch KL 0.0320 > 0.0300 (epoch 2/4) -- actor frozen, value-only for remaining passes
[ 765/2000] rew= 7571.3  thr=80.50Mbps  comp=0.750  drop=0.000  SINR= 12.9dB  KL= 0.0133  ent=1.184  clip=0.193  ev=+0.20  t=45561s
    [kl-stop] update 769: minibatch KL 0.0337 > 0.0300 (epoch 2/4) -- actor frozen, value-only for remaining passes
  --- eval at update 769 ---
    PPO           reward  5536.56  thrpt  87.66Mbps  comp 0.644  totfail 0.353  depth 2.54  eval_s=83.9
  [eval-time] update 769: 83.9s total
[ 770/2000] rew= 4783.4  thr=84.55Mbps  comp=0.611  drop=0.000  SINR= 15.2dB  KL= 0.0156  ent=0.925  clip=0.218  ev=+0.35  t=45898s
    [batch-verify] update 775: 4 slots, max scaled |diff| 3.81e-06 OK
[ 775/2000] rew= 5876.2  thr=77.72Mbps  comp=0.677  drop=0.000  SINR= 12.7dB  KL= 0.0122  ent=0.906  clip=0.172  ev=+0.09  t=46139s
    [kl-stop] update 777: minibatch KL 0.0313 > 0.0300 (epoch 2/4) -- actor frozen, value-only for remaining passes
    [kl-stop] update 779: minibatch KL 0.0302 > 0.0300 (epoch 2/4) -- actor frozen, value-only for remaining passes
  --- eval at update 779 ---
    PPO           reward  5440.07  thrpt  87.23Mbps  comp 0.641  totfail 0.356  depth 2.41  eval_s=80.0
  [eval-time] update 779: 80.0s total
    [kl-stop] update 780: minibatch KL 0.0363 > 0.0300 (epoch 3/4) -- actor frozen, value-only for remaining passes
[ 780/2000] rew= 3955.1  thr=110.13Mbps  comp=0.553  drop=0.000  SINR= 11.1dB  KL= 0.0274  ent=1.344  clip=0.338  ev=+0.40  t=46456s
    [kl-stop] update 784: minibatch KL 0.0317 > 0.0300 (epoch 4/4) -- actor frozen, value-only for remaining passes
[ 785/2000] rew= 3878.5  thr=55.31Mbps  comp=0.657  drop=0.000  SINR= 13.7dB  KL= 0.0118  ent=0.528  clip=0.168  ev=+0.33  t=46667s
  --- eval at update 789 ---
    PPO           reward  5510.72  thrpt  87.56Mbps  comp 0.643  totfail 0.354  depth 2.51  eval_s=89.8
  [eval-time] update 789: 89.8s total
    [kl-stop] update 790: minibatch KL 0.0567 > 0.0300 (epoch 1/4) -- actor frozen, value-only for remaining passes
[ 790/2000] rew= 6738.0  thr=101.72Mbps  comp=0.638  drop=0.000  SINR= 13.0dB  KL= 0.0388  ent=1.433  clip=0.408  ev=-0.05  t=46988s
    [kl-stop] update 791: minibatch KL 0.0445 > 0.0300 (epoch 1/4) -- actor frozen, value-only for remaining passes
    [kl-stop] update 792: minibatch KL 0.0342 > 0.0300 (epoch 4/4) -- actor frozen, value-only for remaining passes
    [kl-stop] update 794: minibatch KL 0.0327 > 0.0300 (epoch 4/4) -- actor frozen, value-only for remaining passes
    [kl-stop] update 795: minibatch KL 0.0360 > 0.0300 (epoch 3/4) -- actor frozen, value-only for remaining passes
[ 795/2000] rew= 3686.6  thr=115.91Mbps  comp=0.545  drop=0.000  SINR= 15.2dB  KL= 0.0265  ent=1.364  clip=0.333  ev=+0.42  t=47229s
    [kl-stop] update 796: minibatch KL 0.0486 > 0.0300 (epoch 3/4) -- actor frozen, value-only for remaining passes
    [kl-stop] update 797: minibatch KL 0.0319 > 0.0300 (epoch 1/4) -- actor frozen, value-only for remaining passes
    [kl-stop] update 798: minibatch KL 0.0318 > 0.0300 (epoch 4/4) -- actor frozen, value-only for remaining passes
  --- eval at update 799 ---
    PPO           reward  5497.37  thrpt  87.62Mbps  comp 0.642  totfail 0.355  depth 2.52  eval_s=82.0
  [eval-time] update 799: 82.0s total
    [batch-verify] update 800: 4 slots, max scaled |diff| 2.86e-06 OK
    [kl-stop] update 800: minibatch KL 0.0341 > 0.0300 (epoch 4/4) -- actor frozen, value-only for remaining passes
[ 800/2000] rew= 7298.9  thr=59.09Mbps  comp=0.922  drop=0.000  SINR= 13.5dB  KL= 0.0156  ent=0.500  clip=0.202  ev=+0.10  t=47533s
    [kl-stop] update 801: minibatch KL 0.0315 > 0.0300 (epoch 3/4) -- actor frozen, value-only for remaining passes
    [kl-stop] update 802: minibatch KL 0.0317 > 0.0300 (epoch 1/4) -- actor frozen, value-only for remaining passes
    [kl-stop] update 805: minibatch KL 0.0308 > 0.0300 (epoch 2/4) -- actor frozen, value-only for remaining passes
[ 805/2000] rew= 3267.4  thr=54.23Mbps  comp=0.625  drop=0.001  SINR= 12.9dB  KL= 0.0216  ent=0.517  clip=0.256  ev=+0.09  t=47756s
    [kl-stop] update 806: minibatch KL 0.0410 > 0.0300 (epoch 1/4) -- actor frozen, value-only for remaining passes
    [kl-stop] update 807: minibatch KL 0.0302 > 0.0300 (epoch 2/4) -- actor frozen, value-only for remaining passes
    [kl-stop] update 808: minibatch KL 0.0307 > 0.0300 (epoch 2/4) -- actor frozen, value-only for remaining passes
    [kl-stop] update 809: minibatch KL 0.0336 > 0.0300 (epoch 2/4) -- actor frozen, value-only for remaining passes
  --- eval at update 809 ---
    PPO           reward  5305.39  thrpt  86.82Mbps  comp 0.636  totfail 0.361  depth 2.36  eval_s=78.3
  [eval-time] update 809: 78.3s total
[ 810/2000] rew= 3578.3  thr=52.65Mbps  comp=0.648  drop=0.000  SINR= 13.2dB  KL= 0.0107  ent=0.586  clip=0.143  ev=-0.02  t=48068s
    [kl-stop] update 812: minibatch KL 0.0322 > 0.0300 (epoch 3/4) -- actor frozen, value-only for remaining passes
    [kl-stop] update 813: minibatch KL 0.0310 > 0.0300 (epoch 3/4) -- actor frozen, value-only for remaining passes
    [kl-stop] update 814: minibatch KL 0.0309 > 0.0300 (epoch 2/4) -- actor frozen, value-only for remaining passes
[ 815/2000] rew= 5175.5  thr=112.11Mbps  comp=0.583  drop=0.000  SINR= 16.2dB  KL= 0.0167  ent=1.081  clip=0.235  ev=+0.17  t=48326s
    [kl-stop] update 816: minibatch KL 0.0332 > 0.0300 (epoch 3/4) -- actor frozen, value-only for remaining passes
  --- eval at update 819 ---
    PPO           reward  5348.46  thrpt  87.03Mbps  comp 0.637  totfail 0.360  depth 2.42  eval_s=79.4
  [eval-time] update 819: 79.4s total
[ 820/2000] rew= 5486.0  thr=97.71Mbps  comp=0.608  drop=0.000  SINR= 16.0dB  KL= 0.0129  ent=1.153  clip=0.183  ev=+0.24  t=48661s
    [kl-stop] update 821: minibatch KL 0.0306 > 0.0300 (epoch 4/4) -- actor frozen, value-only for remaining passes
    [batch-verify] update 825: 4 slots, max scaled |diff| 5.72e-06 OK
    [kl-stop] update 825: minibatch KL 0.0344 > 0.0300 (epoch 2/4) -- actor frozen, value-only for remaining passes
[ 825/2000] rew=  155.5  thr=79.89Mbps  comp=0.480  drop=0.000  SINR=  9.4dB  KL= 0.0231  ent=0.852  clip=0.294  ev=+0.35  t=48900s
    [kl-stop] update 826: minibatch KL 0.0329 > 0.0300 (epoch 3/4) -- actor frozen, value-only for remaining passes
  --- eval at update 829 ---
    PPO           reward  5312.53  thrpt  86.84Mbps  comp 0.636  totfail 0.361  depth 2.39  eval_s=85.5
  [eval-time] update 829: 85.5s total
    [kl-stop] update 830: minibatch KL 0.0396 > 0.0300 (epoch 3/4) -- actor frozen, value-only for remaining passes
[ 830/2000] rew=   70.1  thr=107.87Mbps  comp=0.478  drop=0.000  SINR=  7.7dB  KL= 0.0174  ent=1.362  clip=0.218  ev=+0.17  t=49209s
    [kl-stop] update 831: minibatch KL 0.0332 > 0.0300 (epoch 2/4) -- actor frozen, value-only for remaining passes
[ 835/2000] rew= 3508.7  thr=93.71Mbps  comp=0.559  drop=0.000  SINR=  9.4dB  KL= 0.0136  ent=0.968  clip=0.195  ev=+0.25  t=49447s
    [kl-stop] update 836: minibatch KL 0.0315 > 0.0300 (epoch 3/4) -- actor frozen, value-only for remaining passes
  --- eval at update 839 ---
    PPO           reward  5352.44  thrpt  86.92Mbps  comp 0.638  totfail 0.359  depth 2.41  eval_s=78.3
  [eval-time] update 839: 78.3s total
[ 840/2000] rew= 4704.0  thr=49.86Mbps  comp=0.753  drop=0.000  SINR= 17.3dB  KL= 0.0094  ent=0.442  clip=0.126  ev=+0.17  t=49731s
    [kl-stop] update 844: minibatch KL 0.0311 > 0.0300 (epoch 2/4) -- actor frozen, value-only for remaining passes
[ 845/2000] rew= 5074.4  thr=43.62Mbps  comp=0.877  drop=0.002  SINR= 16.7dB  KL= 0.0088  ent=0.303  clip=0.113  ev=+0.05  t=49963s
    [kl-stop] update 846: minibatch KL 0.0330 > 0.0300 (epoch 2/4) -- actor frozen, value-only for remaining passes
    [kl-stop] update 847: minibatch KL 0.0319 > 0.0300 (epoch 2/4) -- actor frozen, value-only for remaining passes
    [kl-stop] update 848: minibatch KL 0.0327 > 0.0300 (epoch 4/4) -- actor frozen, value-only for remaining passes
  --- eval at update 849 ---
    PPO           reward  5475.36  thrpt  87.51Mbps  comp 0.642  totfail 0.355  depth 2.52  eval_s=91.7
  [eval-time] update 849: 91.7s total
    [batch-verify] update 850: 4 slots, max scaled |diff| 3.81e-06 OK
    [kl-stop] update 850: minibatch KL 0.0324 > 0.0300 (epoch 2/4) -- actor frozen, value-only for remaining passes
[ 850/2000] rew= 5472.1  thr=68.11Mbps  comp=0.695  drop=0.000  SINR= 12.9dB  KL= 0.0182  ent=0.654  clip=0.234  ev=+0.21  t=50314s
    [kl-stop] update 852: minibatch KL 0.0305 > 0.0300 (epoch 4/4) -- actor frozen, value-only for remaining passes
    [kl-stop] update 855: minibatch KL 0.0336 > 0.0300 (epoch 2/4) -- actor frozen, value-only for remaining passes
[ 855/2000] rew= 5333.4  thr=85.84Mbps  comp=0.627  drop=0.000  SINR=  9.6dB  KL= 0.0231  ent=1.045  clip=0.329  ev=+0.25  t=50585s
  --- eval at update 859 ---
    PPO           reward  5503.32  thrpt  87.72Mbps  comp 0.642  totfail 0.355  depth 2.56  eval_s=90.7
  [eval-time] update 859: 90.7s total
[ 860/2000] rew= 6009.3  thr=74.37Mbps  comp=0.694  drop=0.000  SINR= 10.1dB  KL= 0.0117  ent=0.810  clip=0.155  ev=+0.23  t=50936s
    [kl-stop] update 862: minibatch KL 0.0300 > 0.0300 (epoch 4/4) -- actor frozen, value-only for remaining passes
    [kl-stop] update 864: minibatch KL 0.0367 > 0.0300 (epoch 2/4) -- actor frozen, value-only for remaining passes
    [kl-stop] update 865: minibatch KL 0.0311 > 0.0300 (epoch 2/4) -- actor frozen, value-only for remaining passes
[ 865/2000] rew= 8411.8  thr=111.49Mbps  comp=0.674  drop=0.000  SINR= 12.7dB  KL= 0.0189  ent=1.223  clip=0.253  ev=+0.33  t=51186s
    [kl-stop] update 867: minibatch KL 0.0443 > 0.0300 (epoch 2/4) -- actor frozen, value-only for remaining passes
    [kl-stop] update 869: minibatch KL 0.0444 > 0.0300 (epoch 2/4) -- actor frozen, value-only for remaining passes
  --- eval at update 869 ---
    PPO           reward  5652.47  thrpt  88.37Mbps  comp 0.647  totfail 0.350  depth 2.70  eval_s=92.0
  [eval-time] update 869: 92.0s total
    [kl-stop] update 870: minibatch KL 0.0353 > 0.0300 (epoch 3/4) -- actor frozen, value-only for remaining passes
[ 870/2000] rew= 2881.7  thr=45.58Mbps  comp=0.633  drop=0.001  SINR= 10.3dB  KL= 0.0195  ent=0.407  clip=0.228  ev=+0.13  t=51520s
    [kl-stop] update 871: minibatch KL 0.0380 > 0.0300 (epoch 1/4) -- actor frozen, value-only for remaining passes
    [kl-stop] update 872: minibatch KL 0.0344 > 0.0300 (epoch 2/4) -- actor frozen, value-only for remaining passes
    [kl-stop] update 873: minibatch KL 0.0341 > 0.0300 (epoch 3/4) -- actor frozen, value-only for remaining passes
    [batch-verify] update 875: 4 slots, max scaled |diff| 7.63e-06 OK
[ 875/2000] rew= 4260.7  thr=125.25Mbps  comp=0.547  drop=0.000  SINR= 12.3dB  KL= 0.0172  ent=1.348  clip=0.250  ev=+0.41  t=51778s
    [kl-stop] update 877: minibatch KL 0.0342 > 0.0300 (epoch 2/4) -- actor frozen, value-only for remaining passes
  --- eval at update 879 ---
    PPO           reward  5571.18  thrpt  87.97Mbps  comp 0.645  totfail 0.352  depth 2.63  eval_s=90.8
  [eval-time] update 879: 90.8s total
    [kl-stop] update 880: minibatch KL 0.0369 > 0.0300 (epoch 4/4) -- actor frozen, value-only for remaining passes
[ 880/2000] rew= 3919.8  thr=68.53Mbps  comp=0.613  drop=0.000  SINR=  9.9dB  KL= 0.0174  ent=0.677  clip=0.228  ev=+0.23  t=52122s
    [kl-stop] update 882: minibatch KL 0.0339 > 0.0300 (epoch 4/4) -- actor frozen, value-only for remaining passes
    [kl-stop] update 883: minibatch KL 0.0414 > 0.0300 (epoch 3/4) -- actor frozen, value-only for remaining passes
[ 885/2000] rew= 5146.2  thr=60.71Mbps  comp=0.711  drop=0.000  SINR= 14.2dB  KL= 0.0125  ent=0.572  clip=0.172  ev=-0.05  t=52378s
    [kl-stop] update 887: minibatch KL 0.0304 > 0.0300 (epoch 4/4) -- actor frozen, value-only for remaining passes
    [kl-stop] update 889: minibatch KL 0.0313 > 0.0300 (epoch 2/4) -- actor frozen, value-only for remaining passes
  --- eval at update 889 ---
    PPO           reward  5623.20  thrpt  88.29Mbps  comp 0.646  totfail 0.351  depth 2.70  eval_s=93.4
  [eval-time] update 889: 93.4s total
    [kl-stop] update 890: minibatch KL 0.0378 > 0.0300 (epoch 2/4) -- actor frozen, value-only for remaining passes
[ 890/2000] rew= 8360.9  thr=84.40Mbps  comp=0.777  drop=0.000  SINR= 12.0dB  KL= 0.0312  ent=0.734  clip=0.350  ev=+0.15  t=52729s
    [kl-stop] update 891: minibatch KL 0.0343 > 0.0300 (epoch 2/4) -- actor frozen, value-only for remaining passes
    [kl-stop] update 894: minibatch KL 0.0317 > 0.0300 (epoch 3/4) -- actor frozen, value-only for remaining passes
    [kl-stop] update 895: minibatch KL 0.0442 > 0.0300 (epoch 2/4) -- actor frozen, value-only for remaining passes
[ 895/2000] rew= 8685.8  thr=95.26Mbps  comp=0.739  drop=0.000  SINR= 15.0dB  KL= 0.0343  ent=0.953  clip=0.361  ev=+0.20  t=52994s
    [kl-stop] update 897: minibatch KL 0.0343 > 0.0300 (epoch 2/4) -- actor frozen, value-only for remaining passes
  --- eval at update 899 ---
    PPO           reward  5631.81  thrpt  88.30Mbps  comp 0.646  totfail 0.351  depth 2.69  eval_s=91.9
  [eval-time] update 899: 91.9s total
    [batch-verify] update 900: 4 slots, max scaled |diff| 3.74e-06 OK
[ 900/2000] rew= 4777.6  thr=57.96Mbps  comp=0.705  drop=0.000  SINR= 15.0dB  KL= 0.0132  ent=0.499  clip=0.190  ev=+0.21  t=53323s
    [kl-stop] update 905: minibatch KL 0.0356 > 0.0300 (epoch 2/4) -- actor frozen, value-only for remaining passes
[ 905/2000] rew= 7716.0  thr=94.02Mbps  comp=0.700  drop=0.000  SINR= 13.7dB  KL= 0.0249  ent=1.018  clip=0.317  ev=+0.26  t=53570s
    [kl-stop] update 907: minibatch KL 0.0357 > 0.0300 (epoch 2/4) -- actor frozen, value-only for remaining passes
    [kl-stop] update 908: minibatch KL 0.0304 > 0.0300 (epoch 3/4) -- actor frozen, value-only for remaining passes
  --- eval at update 909 ---
    PPO           reward  5633.32  thrpt  88.27Mbps  comp 0.646  totfail 0.351  depth 2.69  eval_s=91.9
  [eval-time] update 909: 91.9s total
[ 910/2000] rew= 5307.4  thr=63.92Mbps  comp=0.705  drop=0.001  SINR= 10.5dB  KL= 0.0139  ent=0.728  clip=0.182  ev=+0.36  t=53913s
    [kl-stop] update 913: minibatch KL 0.0358 > 0.0300 (epoch 3/4) -- actor frozen, value-only for remaining passes
[ 915/2000] rew= 5845.7  thr=56.77Mbps  comp=0.798  drop=0.000  SINR= 13.7dB  KL= 0.0084  ent=0.376  clip=0.115  ev=+0.07  t=54149s
    [kl-stop] update 916: minibatch KL 0.0393 > 0.0300 (epoch 2/4) -- actor frozen, value-only for remaining passes
    [kl-stop] update 917: minibatch KL 0.0385 > 0.0300 (epoch 1/4) -- actor frozen, value-only for remaining passes
    [kl-stop] update 919: minibatch KL 0.0309 > 0.0300 (epoch 3/4) -- actor frozen, value-only for remaining passes
  --- eval at update 919 ---
    PPO           reward  5640.49  thrpt  88.35Mbps  comp 0.646  totfail 0.351  depth 2.73  eval_s=92.8
  [eval-time] update 919: 92.8s total
    [kl-stop] update 920: minibatch KL 0.0327 > 0.0300 (epoch 2/4) -- actor frozen, value-only for remaining passes
[ 920/2000] rew= 7465.8  thr=93.74Mbps  comp=0.689  drop=0.000  SINR= 13.5dB  KL= 0.0260  ent=1.144  clip=0.346  ev=+0.10  t=54521s
    [kl-stop] update 921: minibatch KL 0.0335 > 0.0300 (epoch 2/4) -- actor frozen, value-only for remaining passes
    [kl-stop] update 922: minibatch KL 0.0329 > 0.0300 (epoch 2/4) -- actor frozen, value-only for remaining passes
    [kl-stop] update 923: minibatch KL 0.0410 > 0.0300 (epoch 2/4) -- actor frozen, value-only for remaining passes
    [batch-verify] update 925: 4 slots, max scaled |diff| 3.81e-06 OK
    [kl-stop] update 925: minibatch KL 0.0383 > 0.0300 (epoch 2/4) -- actor frozen, value-only for remaining passes
[ 925/2000] rew= 2029.7  thr=50.87Mbps  comp=0.566  drop=0.001  SINR= 10.5dB  KL= 0.0288  ent=0.427  clip=0.292  ev=+0.05  t=54754s
    [kl-stop] update 926: minibatch KL 0.0348 > 0.0300 (epoch 3/4) -- actor frozen, value-only for remaining passes
    [kl-stop] update 928: minibatch KL 0.0359 > 0.0300 (epoch 2/4) -- actor frozen, value-only for remaining passes
  --- eval at update 929 ---
    PPO           reward  5583.95  thrpt  88.16Mbps  comp 0.644  totfail 0.353  depth 2.66  eval_s=93.3
  [eval-time] update 929: 93.3s total
    [kl-stop] update 930: minibatch KL 0.0325 > 0.0300 (epoch 2/4) -- actor frozen, value-only for remaining passes
[ 930/2000] rew= 8354.9  thr=92.04Mbps  comp=0.741  drop=0.000  SINR= 13.5dB  KL= 0.0292  ent=0.758  clip=0.326  ev=+0.09  t=55111s
    [kl-stop] update 931: minibatch KL 0.0405 > 0.0300 (epoch 3/4) -- actor frozen, value-only for remaining passes
    [kl-stop] update 932: minibatch KL 0.0476 > 0.0300 (epoch 2/4) -- actor frozen, value-only for remaining passes
    [kl-stop] update 933: minibatch KL 0.0316 > 0.0300 (epoch 2/4) -- actor frozen, value-only for remaining passes
    [kl-stop] update 934: minibatch KL 0.0311 > 0.0300 (epoch 2/4) -- actor frozen, value-only for remaining passes
    [kl-stop] update 935: minibatch KL 0.0377 > 0.0300 (epoch 2/4) -- actor frozen, value-only for remaining passes
[ 935/2000] rew= 6760.6  thr=122.25Mbps  comp=0.606  drop=0.000  SINR= 15.8dB  KL= 0.0356  ent=1.229  clip=0.383  ev=+0.33  t=55370s
    [kl-stop] update 936: minibatch KL 0.0332 > 0.0300 (epoch 1/4) -- actor frozen, value-only for remaining passes
    [kl-stop] update 938: minibatch KL 0.0361 > 0.0300 (epoch 4/4) -- actor frozen, value-only for remaining passes
    [kl-stop] update 939: minibatch KL 0.0413 > 0.0300 (epoch 2/4) -- actor frozen, value-only for remaining passes
  --- eval at update 939 ---
    PPO           reward  5592.16  thrpt  88.17Mbps  comp 0.645  totfail 0.352  depth 2.62  eval_s=89.1
  [eval-time] update 939: 89.1s total
    [kl-stop] update 940: minibatch KL 0.0362 > 0.0300 (epoch 2/4) -- actor frozen, value-only for remaining passes
[ 940/2000] rew= 5012.7  thr=47.21Mbps  comp=0.822  drop=0.001  SINR= 29.9dB  KL= 0.0253  ent=0.316  clip=0.275  ev=-0.30  t=55681s
    [kl-stop] update 941: minibatch KL 0.0301 > 0.0300 (epoch 3/4) -- actor frozen, value-only for remaining passes
    [kl-stop] update 942: minibatch KL 0.0327 > 0.0300 (epoch 3/4) -- actor frozen, value-only for remaining passes
    [kl-stop] update 945: minibatch KL 0.0397 > 0.0300 (epoch 3/4) -- actor frozen, value-only for remaining passes
[ 945/2000] rew= 3530.0  thr=75.40Mbps  comp=0.585  drop=0.000  SINR= 12.6dB  KL= 0.0193  ent=0.669  clip=0.243  ev=+0.26  t=55921s
    [kl-stop] update 948: minibatch KL 0.0307 > 0.0300 (epoch 4/4) -- actor frozen, value-only for remaining passes
  --- eval at update 949 ---
    PPO           reward  5496.21  thrpt  87.69Mbps  comp 0.642  totfail 0.355  depth 2.49  eval_s=88.5
  [eval-time] update 949: 88.5s total
    [batch-verify] update 950: 4 slots, max scaled |diff| 1.14e-05 OK
[ 950/2000] rew= 5925.9  thr=94.31Mbps  comp=0.628  drop=0.000  SINR= 13.1dB  KL= 0.0148  ent=0.950  clip=0.198  ev=+0.33  t=56271s
    [kl-stop] update 951: minibatch KL 0.0424 > 0.0300 (epoch 2/4) -- actor frozen, value-only for remaining passes
    [kl-stop] update 954: minibatch KL 0.0407 > 0.0300 (epoch 2/4) -- actor frozen, value-only for remaining passes
    [kl-stop] update 955: minibatch KL 0.0352 > 0.0300 (epoch 2/4) -- actor frozen, value-only for remaining passes
[ 955/2000] rew= 6347.9  thr=91.55Mbps  comp=0.654  drop=0.000  SINR= 13.1dB  KL= 0.0282  ent=0.984  clip=0.355  ev=+0.20  t=56542s
    [kl-stop] update 956: minibatch KL 0.0482 > 0.0300 (epoch 3/4) -- actor frozen, value-only for remaining passes
    [kl-stop] update 957: minibatch KL 0.0503 > 0.0300 (epoch 2/4) -- actor frozen, value-only for remaining passes
    [kl-stop] update 959: minibatch KL 0.0358 > 0.0300 (epoch 2/4) -- actor frozen, value-only for remaining passes
  --- eval at update 959 ---
    PPO           reward  5421.83  thrpt  87.37Mbps  comp 0.640  totfail 0.357  depth 2.44  eval_s=86.1
  [eval-time] update 959: 86.1s total
[ 960/2000] rew= 4789.6  thr=59.28Mbps  comp=0.699  drop=0.000  SINR= 13.9dB  KL= 0.0120  ent=0.509  clip=0.159  ev=+0.16  t=56875s
    [kl-stop] update 962: minibatch KL 0.0351 > 0.0300 (epoch 2/4) -- actor frozen, value-only for remaining passes
    [kl-stop] update 963: minibatch KL 0.0319 > 0.0300 (epoch 3/4) -- actor frozen, value-only for remaining passes
    [kl-stop] update 965: minibatch KL 0.0313 > 0.0300 (epoch 4/4) -- actor frozen, value-only for remaining passes
[ 965/2000] rew= 4364.0  thr=67.00Mbps  comp=0.641  drop=0.000  SINR= 15.2dB  KL= 0.0146  ent=0.556  clip=0.187  ev=+0.11  t=57115s
    [kl-stop] update 967: minibatch KL 0.0417 > 0.0300 (epoch 2/4) -- actor frozen, value-only for remaining passes
  --- eval at update 969 ---
    PPO           reward  5428.08  thrpt  87.40Mbps  comp 0.640  totfail 0.357  depth 2.45  eval_s=88.1
  [eval-time] update 969: 88.1s total
[ 970/2000] rew= 4501.9  thr=63.04Mbps  comp=0.661  drop=0.000  SINR= 14.6dB  KL= 0.0112  ent=0.609  clip=0.155  ev=+0.24  t=57430s
    [kl-stop] update 974: minibatch KL 0.0442 > 0.0300 (epoch 2/4) -- actor frozen, value-only for remaining passes
    [batch-verify] update 975: 4 slots, max scaled |diff| 1.14e-05 OK
    [kl-stop] update 975: minibatch KL 0.0450 > 0.0300 (epoch 1/4) -- actor frozen, value-only for remaining passes
[ 975/2000] rew= 1625.6  thr=113.74Mbps  comp=0.507  drop=0.000  SINR= 11.1dB  KL= 0.0372  ent=1.092  clip=0.426  ev=+0.19  t=57667s
    [kl-stop] update 976: minibatch KL 0.0453 > 0.0300 (epoch 2/4) -- actor frozen, value-only for remaining passes
    [kl-stop] update 977: minibatch KL 0.0353 > 0.0300 (epoch 2/4) -- actor frozen, value-only for remaining passes
    [kl-stop] update 978: minibatch KL 0.0308 > 0.0300 (epoch 2/4) -- actor frozen, value-only for remaining passes
    [kl-stop] update 979: minibatch KL 0.0313 > 0.0300 (epoch 3/4) -- actor frozen, value-only for remaining passes
  --- eval at update 979 ---
    PPO           reward  5105.60  thrpt  86.00Mbps  comp 0.630  totfail 0.367  depth 2.22  eval_s=85.1
  [eval-time] update 979: 85.1s total
[ 980/2000] rew= 2977.2  thr=47.20Mbps  comp=0.633  drop=0.000  SINR= 12.7dB  KL= 0.0088  ent=0.461  clip=0.107  ev=+0.02  t=57977s
    [kl-stop] update 981: minibatch KL 0.0392 > 0.0300 (epoch 2/4) -- actor frozen, value-only for remaining passes
    [kl-stop] update 982: minibatch KL 0.0342 > 0.0300 (epoch 2/4) -- actor frozen, value-only for remaining passes
    [kl-stop] update 983: minibatch KL 0.0426 > 0.0300 (epoch 2/4) -- actor frozen, value-only for remaining passes
    [kl-stop] update 984: minibatch KL 0.0603 > 0.0300 (epoch 1/4) -- actor frozen, value-only for remaining passes
[ 985/2000] rew= 4116.7  thr=55.22Mbps  comp=0.671  drop=0.000  SINR= 11.2dB  KL= 0.0112  ent=0.619  clip=0.159  ev=+0.26  t=58214s
    [kl-stop] update 986: minibatch KL 0.0320 > 0.0300 (epoch 2/4) -- actor frozen, value-only for remaining passes
    [kl-stop] update 987: minibatch KL 0.0349 > 0.0300 (epoch 2/4) -- actor frozen, value-only for remaining passes
    [kl-stop] update 989: minibatch KL 0.0418 > 0.0300 (epoch 3/4) -- actor frozen, value-only for remaining passes
  --- eval at update 989 ---
    PPO           reward  5427.02  thrpt  87.30Mbps  comp 0.640  totfail 0.357  depth 2.42  eval_s=85.4
  [eval-time] update 989: 85.4s total
    [kl-stop] update 990: minibatch KL 0.0447 > 0.0300 (epoch 2/4) -- actor frozen, value-only for remaining passes
[ 990/2000] rew= 6558.3  thr=94.62Mbps  comp=0.652  drop=0.000  SINR= 17.9dB  KL= 0.0350  ent=0.835  clip=0.404  ev=+0.25  t=58548s
    [kl-stop] update 995: minibatch KL 0.0398 > 0.0300 (epoch 3/4) -- actor frozen, value-only for remaining passes
[ 995/2000] rew=  746.0  thr=61.61Mbps  comp=0.499  drop=0.000  SINR=  8.7dB  KL= 0.0219  ent=0.557  clip=0.235  ev=+0.29  t=58764s
    [kl-stop] update 996: minibatch KL 0.0355 > 0.0300 (epoch 1/4) -- actor frozen, value-only for remaining passes
    [kl-stop] update 997: minibatch KL 0.0492 > 0.0300 (epoch 2/4) -- actor frozen, value-only for remaining passes
    [kl-stop] update 998: minibatch KL 0.0319 > 0.0300 (epoch 3/4) -- actor frozen, value-only for remaining passes
  --- eval at update 999 ---
    PPO           reward  5387.95  thrpt  87.21Mbps  comp 0.639  totfail 0.358  depth 2.42  eval_s=86.9
  [eval-time] update 999: 86.9s total
    [batch-verify] update 1000: 4 slots, max scaled |diff| 1.91e-06 OK
[1000/2000] rew= 4148.9  thr=93.36Mbps  comp=0.578  drop=0.000  SINR= 16.2dB  KL= 0.0106  ent=0.707  clip=0.147  ev=+0.23  t=59098s
    [kl-stop] update 1003: minibatch KL 0.0327 > 0.0300 (epoch 3/4) -- actor frozen, value-only for remaining passes
    [kl-stop] update 1005: minibatch KL 0.0345 > 0.0300 (epoch 2/4) -- actor frozen, value-only for remaining passes
[1005/2000] rew= 6869.2  thr=101.09Mbps  comp=0.649  drop=0.000  SINR= 14.6dB  KL= 0.0296  ent=0.859  clip=0.326  ev=+0.14  t=59334s
    [kl-stop] update 1006: minibatch KL 0.0302 > 0.0300 (epoch 3/4) -- actor frozen, value-only for remaining passes
    [kl-stop] update 1009: minibatch KL 0.0330 > 0.0300 (epoch 4/4) -- actor frozen, value-only for remaining passes
  --- eval at update 1009 ---
    PPO           reward  5438.51  thrpt  87.46Mbps  comp 0.640  totfail 0.357  depth 2.46  eval_s=86.9
  [eval-time] update 1009: 86.9s total
[1010/2000] rew= 5945.0  thr=96.04Mbps  comp=0.628  drop=0.000  SINR= 14.2dB  KL= 0.0136  ent=0.863  clip=0.191  ev=+0.20  t=59655s
    [kl-stop] update 1011: minibatch KL 0.0308 > 0.0300 (epoch 4/4) -- actor frozen, value-only for remaining passes
    [kl-stop] update 1013: minibatch KL 0.0334 > 0.0300 (epoch 2/4) -- actor frozen, value-only for remaining passes
    [kl-stop] update 1014: minibatch KL 0.0315 > 0.0300 (epoch 3/4) -- actor frozen, value-only for remaining passes
    [kl-stop] update 1015: minibatch KL 0.0321 > 0.0300 (epoch 4/4) -- actor frozen, value-only for remaining passes
[1015/2000] rew= 4274.9  thr=56.73Mbps  comp=0.677  drop=0.000  SINR= 13.2dB  KL= 0.0136  ent=0.463  clip=0.176  ev=+0.22  t=59900s
    [kl-stop] update 1017: minibatch KL 0.0314 > 0.0300 (epoch 3/4) -- actor frozen, value-only for remaining passes
    [kl-stop] update 1018: minibatch KL 0.0346 > 0.0300 (epoch 2/4) -- actor frozen, value-only for remaining passes
    [kl-stop] update 1019: minibatch KL 0.0375 > 0.0300 (epoch 2/4) -- actor frozen, value-only for remaining passes
  --- eval at update 1019 ---
    PPO           reward  5345.84  thrpt  86.97Mbps  comp 0.638  totfail 0.359  depth 2.36  eval_s=86.6
  [eval-time] update 1019: 86.6s total
    [kl-stop] update 1020: minibatch KL 0.0311 > 0.0300 (epoch 3/4) -- actor frozen, value-only for remaining passes
[1020/2000] rew= 6747.9  thr=62.84Mbps  comp=0.820  drop=0.000  SINR= 21.5dB  KL= 0.0157  ent=0.533  clip=0.208  ev=+0.12  t=60240s
    [kl-stop] update 1021: minibatch KL 0.0355 > 0.0300 (epoch 2/4) -- actor frozen, value-only for remaining passes
    [kl-stop] update 1023: minibatch KL 0.0413 > 0.0300 (epoch 2/4) -- actor frozen, value-only for remaining passes
    [kl-stop] update 1024: minibatch KL 0.0333 > 0.0300 (epoch 1/4) -- actor frozen, value-only for remaining passes
    [batch-verify] update 1025: 4 slots, max scaled |diff| 1.43e-06 OK
    [kl-stop] update 1025: minibatch KL 0.0425 > 0.0300 (epoch 2/4) -- actor frozen, value-only for remaining passes
[1025/2000] rew= 3340.8  thr=56.68Mbps  comp=0.619  drop=0.000  SINR= 15.8dB  KL= 0.0290  ent=0.440  clip=0.301  ev=-0.11  t=60468s
    [kl-stop] update 1027: minibatch KL 0.0355 > 0.0300 (epoch 2/4) -- actor frozen, value-only for remaining passes
    [kl-stop] update 1028: minibatch KL 0.0313 > 0.0300 (epoch 2/4) -- actor frozen, value-only for remaining passes
    [kl-stop] update 1029: minibatch KL 0.0432 > 0.0300 (epoch 2/4) -- actor frozen, value-only for remaining passes
  --- eval at update 1029 ---
    PPO           reward  5299.54  thrpt  86.71Mbps  comp 0.637  totfail 0.360  depth 2.35  eval_s=86.7
  [eval-time] update 1029: 86.7s total
    [kl-stop] update 1030: minibatch KL 0.0366 > 0.0300 (epoch 3/4) -- actor frozen, value-only for remaining passes
[1030/2000] rew= 3653.1  thr=39.73Mbps  comp=0.746  drop=0.001  SINR= 18.5dB  KL= 0.0185  ent=0.339  clip=0.176  ev=-0.03  t=60786s
    [kl-stop] update 1032: minibatch KL 0.0458 > 0.0300 (epoch 2/4) -- actor frozen, value-only for remaining passes
    [kl-stop] update 1033: minibatch KL 0.0383 > 0.0300 (epoch 3/4) -- actor frozen, value-only for remaining passes
    [kl-stop] update 1035: minibatch KL 0.0316 > 0.0300 (epoch 2/4) -- actor frozen, value-only for remaining passes
[1035/2000] rew= 6065.8  thr=93.68Mbps  comp=0.635  drop=0.000  SINR= 17.2dB  KL= 0.0273  ent=1.014  clip=0.325  ev=+0.41  t=61044s
    [kl-stop] update 1036: minibatch KL 0.0308 > 0.0300 (epoch 2/4) -- actor frozen, value-only for remaining passes
  --- eval at update 1039 ---
    PPO           reward  5168.59  thrpt  86.26Mbps  comp 0.632  totfail 0.365  depth 2.25  eval_s=84.5
  [eval-time] update 1039: 84.5s total
[1040/2000] rew= 4769.2  thr=55.67Mbps  comp=0.714  drop=0.000  SINR= 15.4dB  KL= 0.0077  ent=0.501  clip=0.102  ev=+0.33  t=61378s
    [kl-stop] update 1041: minibatch KL 0.0402 > 0.0300 (epoch 2/4) -- actor frozen, value-only for remaining passes
    [kl-stop] update 1042: minibatch KL 0.0304 > 0.0300 (epoch 2/4) -- actor frozen, value-only for remaining passes
    [kl-stop] update 1044: minibatch KL 0.0362 > 0.0300 (epoch 4/4) -- actor frozen, value-only for remaining passes
[1045/2000] rew= 4455.9  thr=55.81Mbps  comp=0.692  drop=0.000  SINR= 20.9dB  KL= 0.0086  ent=0.441  clip=0.115  ev=+0.05  t=61593s
    [kl-stop] update 1046: minibatch KL 0.0331 > 0.0300 (epoch 2/4) -- actor frozen, value-only for remaining passes
    [kl-stop] update 1047: minibatch KL 0.0404 > 0.0300 (epoch 1/4) -- actor frozen, value-only for remaining passes
    [kl-stop] update 1048: minibatch KL 0.0317 > 0.0300 (epoch 2/4) -- actor frozen, value-only for remaining passes
  --- eval at update 1049 ---
    PPO           reward  5182.39  thrpt  86.27Mbps  comp 0.633  totfail 0.364  depth 2.22  eval_s=85.1
  [eval-time] update 1049: 85.1s total
    [batch-verify] update 1050: 4 slots, max scaled |diff| 3.81e-06 OK
    [kl-stop] update 1050: minibatch KL 0.0304 > 0.0300 (epoch 2/4) -- actor frozen, value-only for remaining passes
[1050/2000] rew= 6619.3  thr=95.37Mbps  comp=0.653  drop=0.000  SINR= 19.9dB  KL= 0.0252  ent=0.892  clip=0.318  ev=+0.23  t=61921s
    [kl-stop] update 1054: minibatch KL 0.0351 > 0.0300 (epoch 3/4) -- actor frozen, value-only for remaining passes
    [kl-stop] update 1055: minibatch KL 0.0326 > 0.0300 (epoch 2/4) -- actor frozen, value-only for remaining passes
[1055/2000] rew= 4089.3  thr=66.71Mbps  comp=0.628  drop=0.001  SINR= 15.5dB  KL= 0.0298  ent=0.482  clip=0.315  ev=+0.29  t=62159s
    [kl-stop] update 1056: minibatch KL 0.0326 > 0.0300 (epoch 2/4) -- actor frozen, value-only for remaining passes
    [kl-stop] update 1057: minibatch KL 0.0453 > 0.0300 (epoch 2/4) -- actor frozen, value-only for remaining passes
    [kl-stop] update 1058: minibatch KL 0.0385 > 0.0300 (epoch 3/4) -- actor frozen, value-only for remaining passes
  --- eval at update 1059 ---
    PPO           reward  5148.62  thrpt  86.06Mbps  comp 0.632  totfail 0.365  depth 2.20  eval_s=77.1
  [eval-time] update 1059: 77.1s total
[1060/2000] rew= 4333.9  thr=74.00Mbps  comp=0.618  drop=0.000  SINR= 12.1dB  KL= 0.0132  ent=0.661  clip=0.187  ev=+0.39  t=62480s
[1065/2000] rew= 4910.2  thr=58.89Mbps  comp=0.707  drop=0.000  SINR=  9.7dB  KL= 0.0093  ent=0.592  clip=0.126  ev=+0.22  t=62708s
  --- eval at update 1069 ---
    PPO           reward  5193.72  thrpt  86.38Mbps  comp 0.633  totfail 0.364  depth 2.25  eval_s=85.5
  [eval-time] update 1069: 85.5s total
    [kl-stop] update 1070: minibatch KL 0.0442 > 0.0300 (epoch 2/4) -- actor frozen, value-only for remaining passes
[1070/2000] rew= 2351.6  thr=55.04Mbps  comp=0.575  drop=0.001  SINR= 17.5dB  KL= 0.0278  ent=0.485  clip=0.285  ev=+0.32  t=63015s
    [batch-verify] update 1075: 4 slots, max scaled |diff| 7.63e-06 OK
    [kl-stop] update 1075: minibatch KL 0.0378 > 0.0300 (epoch 3/4) -- actor frozen, value-only for remaining passes
[1075/2000] rew= 1742.0  thr=122.21Mbps  comp=0.504  drop=0.000  SINR= 12.3dB  KL= 0.0231  ent=1.207  clip=0.286  ev=+0.30  t=63254s
    [kl-stop] update 1076: minibatch KL 0.0376 > 0.0300 (epoch 2/4) -- actor frozen, value-only for remaining passes
    [kl-stop] update 1079: minibatch KL 0.0305 > 0.0300 (epoch 2/4) -- actor frozen, value-only for remaining passes
  --- eval at update 1079 ---
    PPO           reward  5130.16  thrpt  86.21Mbps  comp 0.631  totfail 0.366  depth 2.29  eval_s=85.5
  [eval-time] update 1079: 85.5s total
    [kl-stop] update 1080: minibatch KL 0.0348 > 0.0300 (epoch 2/4) -- actor frozen, value-only for remaining passes
[1080/2000] rew= 5154.2  thr=113.09Mbps  comp=0.582  drop=0.000  SINR= 15.4dB  KL= 0.0255  ent=0.935  clip=0.322  ev=+0.39  t=63572s
    [kl-stop] update 1081: minibatch KL 0.0331 > 0.0300 (epoch 2/4) -- actor frozen, value-only for remaining passes
[1085/2000] rew= 4998.1  thr=97.31Mbps  comp=0.595  drop=0.000  SINR= 15.3dB  KL= 0.0121  ent=0.868  clip=0.170  ev=+0.35  t=63831s
    [kl-stop] update 1089: minibatch KL 0.0392 > 0.0300 (epoch 3/4) -- actor frozen, value-only for remaining passes
  --- eval at update 1089 ---
    PPO           reward  5177.27  thrpt  86.30Mbps  comp 0.632  totfail 0.364  depth 2.26  eval_s=85.8
  [eval-time] update 1089: 85.8s total
    [kl-stop] update 1090: minibatch KL 0.0315 > 0.0300 (epoch 3/4) -- actor frozen, value-only for remaining passes
[1090/2000] rew= 3989.0  thr=108.62Mbps  comp=0.557  drop=0.000  SINR= 15.1dB  KL= 0.0166  ent=0.798  clip=0.224  ev=+0.23  t=64143s
    [kl-stop] update 1091: minibatch KL 0.0309 > 0.0300 (epoch 3/4) -- actor frozen, value-only for remaining passes
    [kl-stop] update 1092: minibatch KL 0.0316 > 0.0300 (epoch 2/4) -- actor frozen, value-only for remaining passes
    [kl-stop] update 1094: minibatch KL 0.0314 > 0.0300 (epoch 2/4) -- actor frozen, value-only for remaining passes
[1095/2000] rew= 4966.9  thr=104.63Mbps  comp=0.581  drop=0.000  SINR= 13.7dB  KL= 0.0160  ent=0.983  clip=0.225  ev=+0.46  t=64385s
    [kl-stop] update 1097: minibatch KL 0.0308 > 0.0300 (epoch 2/4) -- actor frozen, value-only for remaining passes
    [kl-stop] update 1099: minibatch KL 0.0433 > 0.0300 (epoch 2/4) -- actor frozen, value-only for remaining passes
  --- eval at update 1099 ---
    PPO           reward  4896.31  thrpt  85.14Mbps  comp 0.624  totfail 0.373  depth 2.13  eval_s=81.8
  [eval-time] update 1099: 81.8s total
    [batch-verify] update 1100: 4 slots, max scaled |diff| 3.81e-06 OK
    [kl-stop] update 1100: minibatch KL 0.0357 > 0.0300 (epoch 3/4) -- actor frozen, value-only for remaining passes
[1100/2000] rew= 4613.7  thr=101.15Mbps  comp=0.579  drop=0.000  SINR= 13.2dB  KL= 0.0221  ent=0.922  clip=0.276  ev=+0.48  t=64681s
    [kl-stop] update 1103: minibatch KL 0.0313 > 0.0300 (epoch 4/4) -- actor frozen, value-only for remaining passes
[1105/2000] rew= 4398.5  thr=71.02Mbps  comp=0.628  drop=0.000  SINR= 12.5dB  KL= 0.0103  ent=0.607  clip=0.133  ev=+0.30  t=64906s
    [kl-stop] update 1107: minibatch KL 0.0435 > 0.0300 (epoch 2/4) -- actor frozen, value-only for remaining passes
  --- eval at update 1109 ---
    PPO           reward  5033.39  thrpt  85.73Mbps  comp 0.628  totfail 0.369  depth 2.17  eval_s=82.7
  [eval-time] update 1109: 82.7s total
[1110/2000] rew= 4361.8  thr=43.41Mbps  comp=0.785  drop=0.000  SINR= 24.4dB  KL= 0.0109  ent=0.291  clip=0.145  ev=+0.08  t=65237s
    [kl-stop] update 1112: minibatch KL 0.0442 > 0.0300 (epoch 3/4) -- actor frozen, value-only for remaining passes
    [kl-stop] update 1113: minibatch KL 0.0525 > 0.0300 (epoch 3/4) -- actor frozen, value-only for remaining passes
    [kl-stop] update 1115: minibatch KL 0.0357 > 0.0300 (epoch 1/4) -- actor frozen, value-only for remaining passes
[1115/2000] rew= 7493.4  thr=95.12Mbps  comp=0.688  drop=0.000  SINR= 20.7dB  KL= 0.0290  ent=0.705  clip=0.358  ev=+0.25  t=65452s
    [kl-stop] update 1117: minibatch KL 0.0403 > 0.0300 (epoch 2/4) -- actor frozen, value-only for remaining passes
  --- eval at update 1119 ---
    PPO           reward  4808.92  thrpt  84.76Mbps  comp 0.621  totfail 0.376  depth 2.05  eval_s=82.4
  [eval-time] update 1119: 82.4s total
[1120/2000] rew= 4470.2  thr=71.10Mbps  comp=0.631  drop=0.000  SINR= 18.9dB  KL= 0.0138  ent=0.526  clip=0.191  ev=+0.24  t=65763s
    [kl-stop] update 1122: minibatch KL 0.0350 > 0.0300 (epoch 2/4) -- actor frozen, value-only for remaining passes
    [batch-verify] update 1125: 4 slots, max scaled |diff| 3.81e-06 OK
    [kl-stop] update 1125: minibatch KL 0.0483 > 0.0300 (epoch 2/4) -- actor frozen, value-only for remaining passes
[1125/2000] rew=  690.0  thr=93.96Mbps  comp=0.495  drop=0.000  SINR= 15.2dB  KL= 0.0320  ent=0.654  clip=0.298  ev=+0.32  t=65988s
    [kl-stop] update 1126: minibatch KL 0.0376 > 0.0300 (epoch 2/4) -- actor frozen, value-only for remaining passes
    [kl-stop] update 1127: minibatch KL 0.0417 > 0.0300 (epoch 1/4) -- actor frozen, value-only for remaining passes
  --- eval at update 1129 ---
    PPO           reward  4688.06  thrpt  84.30Mbps  comp 0.618  totfail 0.379  depth 2.01  eval_s=80.7
  [eval-time] update 1129: 80.7s total
[1130/2000] rew= 4211.7  thr=61.66Mbps  comp=0.652  drop=0.000  SINR= 17.1dB  KL= 0.0089  ent=0.387  clip=0.111  ev=+0.15  t=66279s
    [kl-stop] update 1132: minibatch KL 0.0371 > 0.0300 (epoch 2/4) -- actor frozen, value-only for remaining passes
    [kl-stop] update 1133: minibatch KL 0.0326 > 0.0300 (epoch 2/4) -- actor frozen, value-only for remaining passes
    [kl-stop] update 1134: minibatch KL 0.0323 > 0.0300 (epoch 2/4) -- actor frozen, value-only for remaining passes
[1135/2000] rew= 5613.1  thr=73.27Mbps  comp=0.680  drop=0.000  SINR= 20.4dB  KL= 0.0120  ent=0.594  clip=0.163  ev=+0.23  t=66501s
    [kl-stop] update 1138: minibatch KL 0.0379 > 0.0300 (epoch 2/4) -- actor frozen, value-only for remaining passes
  --- eval at update 1139 ---
    PPO           reward  4855.81  thrpt  84.92Mbps  comp 0.623  totfail 0.374  depth 2.09  eval_s=75.3
  [eval-time] update 1139: 75.3s total
[1140/2000] rew= 3393.0  thr=50.93Mbps  comp=0.646  drop=0.002  SINR= 13.8dB  KL= 0.0111  ent=0.331  clip=0.143  ev=+0.16  t=66785s
    [kl-stop] update 1142: minibatch KL 0.0368 > 0.0300 (epoch 3/4) -- actor frozen, value-only for remaining passes
    [kl-stop] update 1143: minibatch KL 0.0324 > 0.0300 (epoch 2/4) -- actor frozen, value-only for remaining passes
[1145/2000] rew= 5806.7  thr=58.30Mbps  comp=0.780  drop=0.000  SINR= 11.9dB  KL= 0.0113  ent=0.374  clip=0.146  ev=+0.09  t=66987s
    [kl-stop] update 1146: minibatch KL 0.0371 > 0.0300 (epoch 3/4) -- actor frozen, value-only for remaining passes
    [kl-stop] update 1147: minibatch KL 0.0404 > 0.0300 (epoch 4/4) -- actor frozen, value-only for remaining passes
    [kl-stop] update 1148: minibatch KL 0.0312 > 0.0300 (epoch 2/4) -- actor frozen, value-only for remaining passes
  --- eval at update 1149 ---
    PPO           reward  4696.96  thrpt  84.34Mbps  comp 0.618  totfail 0.379  depth 1.98  eval_s=81.2
  [eval-time] update 1149: 81.2s total
    [batch-verify] update 1150: 4 slots, max scaled |diff| 5.72e-06 OK
    [kl-stop] update 1150: minibatch KL 0.0314 > 0.0300 (epoch 2/4) -- actor frozen, value-only for remaining passes
[1150/2000] rew= 3503.4  thr=98.99Mbps  comp=0.553  drop=0.000  SINR= 17.8dB  KL= 0.0243  ent=0.707  clip=0.291  ev=+0.43  t=67275s
    [kl-stop] update 1154: minibatch KL 0.0309 > 0.0300 (epoch 3/4) -- actor frozen, value-only for remaining passes
[1155/2000] rew= 5998.6  thr=46.73Mbps  comp=0.956  drop=0.000  SINR= 19.3dB  KL= 0.0047  ent=0.203  clip=0.056  ev=-0.40  t=67489s
    [kl-stop] update 1157: minibatch KL 0.0608 > 0.0300 (epoch 3/4) -- actor frozen, value-only for remaining passes
  --- eval at update 1159 ---
    PPO           reward  4503.57  thrpt  83.51Mbps  comp 0.612  totfail 0.385  depth 1.89  eval_s=71.7
  [eval-time] update 1159: 71.7s total
[1160/2000] rew= 4815.3  thr=115.91Mbps  comp=0.571  drop=0.000  SINR= 15.8dB  KL= 0.0142  ent=0.879  clip=0.181  ev=+0.44  t=67786s
    [kl-stop] update 1163: minibatch KL 0.0300 > 0.0300 (epoch 3/4) -- actor frozen, value-only for remaining passes
    [kl-stop] update 1164: minibatch KL 0.0304 > 0.0300 (epoch 2/4) -- actor frozen, value-only for remaining passes
[1165/2000] rew= 4516.0  thr=65.76Mbps  comp=0.652  drop=0.000  SINR= 17.2dB  KL= 0.0074  ent=0.369  clip=0.104  ev=+0.04  t=67997s
    [kl-stop] update 1166: minibatch KL 0.0440 > 0.0300 (epoch 2/4) -- actor frozen, value-only for remaining passes
    [kl-stop] update 1167: minibatch KL 0.0375 > 0.0300 (epoch 2/4) -- actor frozen, value-only for remaining passes
    [kl-stop] update 1168: minibatch KL 0.0341 > 0.0300 (epoch 3/4) -- actor frozen, value-only for remaining passes
  --- eval at update 1169 ---
    PPO           reward  4119.63  thrpt  81.93Mbps  comp 0.601  totfail 0.395  depth 1.74  eval_s=74.4
  [eval-time] update 1169: 74.4s total
[1170/2000] rew= 3940.2  thr=60.59Mbps  comp=0.640  drop=0.001  SINR= 14.6dB  KL= 0.0110  ent=0.355  clip=0.142  ev=+0.35  t=68271s
    [batch-verify] update 1175: 4 slots, max scaled |diff| 3.81e-06 OK
    [kl-stop] update 1175: minibatch KL 0.0316 > 0.0300 (epoch 2/4) -- actor frozen, value-only for remaining passes
[1175/2000] rew= 6606.4  thr=127.89Mbps  comp=0.599  drop=0.000  SINR= 25.3dB  KL= 0.0259  ent=0.810  clip=0.318  ev=+0.36  t=68485s
    [kl-stop] update 1178: minibatch KL 0.0333 > 0.0300 (epoch 3/4) -- actor frozen, value-only for remaining passes
  --- eval at update 1179 ---
    PPO           reward  4161.58  thrpt  82.20Mbps  comp 0.602  totfail 0.395  depth 1.77  eval_s=69.0
  [eval-time] update 1179: 69.0s total
    [kl-stop] update 1180: minibatch KL 0.0416 > 0.0300 (epoch 3/4) -- actor frozen, value-only for remaining passes
[1180/2000] rew= 6055.2  thr=62.13Mbps  comp=0.769  drop=0.000  SINR= 28.0dB  KL= 0.0184  ent=0.360  clip=0.194  ev=+0.28  t=68759s
[1185/2000] rew= 4713.8  thr=65.66Mbps  comp=0.664  drop=0.000  SINR= 27.3dB  KL= 0.0089  ent=0.385  clip=0.120  ev=+0.33  t=68972s
    [kl-stop] update 1187: minibatch KL 0.0428 > 0.0300 (epoch 3/4) -- actor frozen, value-only for remaining passes
  --- eval at update 1189 ---
    PPO           reward  4178.16  thrpt  82.23Mbps  comp 0.602  totfail 0.394  depth 1.77  eval_s=77.3
  [eval-time] update 1189: 77.3s total
    [kl-stop] update 1190: minibatch KL 0.0304 > 0.0300 (epoch 3/4) -- actor frozen, value-only for remaining passes
[1190/2000] rew= 2172.9  thr=91.83Mbps  comp=0.524  drop=0.000  SINR= 19.7dB  KL= 0.0197  ent=0.609  clip=0.233  ev=+0.40  t=69266s
    [kl-stop] update 1192: minibatch KL 0.0488 > 0.0300 (epoch 2/4) -- actor frozen, value-only for remaining passes
    [kl-stop] update 1193: minibatch KL 0.0351 > 0.0300 (epoch 4/4) -- actor frozen, value-only for remaining passes
    [kl-stop] update 1194: minibatch KL 0.0396 > 0.0300 (epoch 4/4) -- actor frozen, value-only for remaining passes
[1195/2000] rew= 3180.5  thr=54.97Mbps  comp=0.616  drop=0.000  SINR= 14.8dB  KL= 0.0085  ent=0.323  clip=0.110  ev=+0.11  t=69461s
    [kl-stop] update 1199: minibatch KL 0.0301 > 0.0300 (epoch 3/4) -- actor frozen, value-only for remaining passes
  --- eval at update 1199 ---
    PPO           reward  4114.19  thrpt  82.04Mbps  comp 0.600  totfail 0.396  depth 1.74  eval_s=76.1
  [eval-time] update 1199: 76.1s total
    [batch-verify] update 1200: 4 slots, max scaled |diff| 1.91e-06 OK
    [kl-stop] update 1200: minibatch KL 0.0308 > 0.0300 (epoch 4/4) -- actor frozen, value-only for remaining passes
[1200/2000] rew= 5299.0  thr=69.39Mbps  comp=0.679  drop=0.000  SINR= 19.6dB  KL= 0.0127  ent=0.401  clip=0.161  ev=+0.27  t=69728s
    [kl-stop] update 1204: minibatch KL 0.0377 > 0.0300 (epoch 2/4) -- actor frozen, value-only for remaining passes
    [kl-stop] update 1205: minibatch KL 0.0365 > 0.0300 (epoch 2/4) -- actor frozen, value-only for remaining passes
[1205/2000] rew= 6432.7  thr=59.48Mbps  comp=0.829  drop=0.000  SINR= 25.6dB  KL= 0.0243  ent=0.242  clip=0.252  ev=+0.05  t=69932s
    [kl-stop] update 1209: minibatch KL 0.0395 > 0.0300 (epoch 3/4) -- actor frozen, value-only for remaining passes
  --- eval at update 1209 ---
    PPO           reward  4257.32  thrpt  82.58Mbps  comp 0.605  totfail 0.392  depth 1.78  eval_s=69.3
  [eval-time] update 1209: 69.3s total
[1210/2000] rew= 5161.1  thr=71.69Mbps  comp=0.662  drop=0.000  SINR= 29.9dB  KL= 0.0139  ent=0.429  clip=0.180  ev=+0.30  t=70212s
    [kl-stop] update 1214: minibatch KL 0.0340 > 0.0300 (epoch 2/4) -- actor frozen, value-only for remaining passes
[1215/2000] rew= 6388.2  thr=75.88Mbps  comp=0.709  drop=0.000  SINR= 23.5dB  KL= 0.0146  ent=0.474  clip=0.191  ev=+0.43  t=70413s
    [kl-stop] update 1216: minibatch KL 0.0353 > 0.0300 (epoch 2/4) -- actor frozen, value-only for remaining passes
    [kl-stop] update 1218: minibatch KL 0.0390 > 0.0300 (epoch 4/4) -- actor frozen, value-only for remaining passes
    [kl-stop] update 1219: minibatch KL 0.0420 > 0.0300 (epoch 3/4) -- actor frozen, value-only for remaining passes
  --- eval at update 1219 ---
    PPO           reward  4017.77  thrpt  81.66Mbps  comp 0.598  totfail 0.399  depth 1.70  eval_s=67.8
  [eval-time] update 1219: 67.8s total
[1220/2000] rew= 4892.6  thr=66.19Mbps  comp=0.672  drop=0.000  SINR= 20.3dB  KL= 0.0124  ent=0.319  clip=0.161  ev=+0.16  t=70672s
    [batch-verify] update 1225: 4 slots, max scaled |diff| 1.91e-06 OK
[1225/2000] rew= 4520.5  thr=46.81Mbps  comp=0.765  drop=0.000  SINR= 15.3dB  KL= 0.0090  ent=0.196  clip=0.114  ev=+0.22  t=70862s
  --- eval at update 1229 ---
    PPO           reward  4205.60  thrpt  82.45Mbps  comp 0.603  totfail 0.394  depth 1.77  eval_s=77.0
  [eval-time] update 1229: 77.0s total
[1230/2000] rew= 5751.6  thr=66.04Mbps  comp=0.724  drop=0.000  SINR= 22.0dB  KL= 0.0095  ent=0.318  clip=0.127  ev=+0.27  t=71162s
    [kl-stop] update 1231: minibatch KL 0.0331 > 0.0300 (epoch 3/4) -- actor frozen, value-only for remaining passes
    [kl-stop] update 1232: minibatch KL 0.0412 > 0.0300 (epoch 2/4) -- actor frozen, value-only for remaining passes
    [kl-stop] update 1233: minibatch KL 0.0348 > 0.0300 (epoch 3/4) -- actor frozen, value-only for remaining passes
    [kl-stop] update 1234: minibatch KL 0.0314 > 0.0300 (epoch 2/4) -- actor frozen, value-only for remaining passes
[1235/2000] rew= 4325.6  thr=96.28Mbps  comp=0.579  drop=0.000  SINR= 14.6dB  KL= 0.0106  ent=0.641  clip=0.154  ev=+0.42  t=71381s
    [kl-stop] update 1237: minibatch KL 0.0324 > 0.0300 (epoch 3/4) -- actor frozen, value-only for remaining passes
  --- eval at update 1239 ---
    PPO           reward  3916.96  thrpt  81.23Mbps  comp 0.595  totfail 0.402  depth 1.67  eval_s=67.3
  [eval-time] update 1239: 67.3s total
[1240/2000] rew= 3492.7  thr=74.54Mbps  comp=0.584  drop=0.000  SINR= 21.6dB  KL= 0.0114  ent=0.358  clip=0.143  ev=+0.24  t=71642s
    [kl-stop] update 1242: minibatch KL 0.0369 > 0.0300 (epoch 2/4) -- actor frozen, value-only for remaining passes
    [kl-stop] update 1243: minibatch KL 0.0328 > 0.0300 (epoch 2/4) -- actor frozen, value-only for remaining passes
    [kl-stop] update 1244: minibatch KL 0.0351 > 0.0300 (epoch 4/4) -- actor frozen, value-only for remaining passes
    [kl-stop] update 1245: minibatch KL 0.0392 > 0.0300 (epoch 2/4) -- actor frozen, value-only for remaining passes
[1245/2000] rew= 1175.7  thr=67.24Mbps  comp=0.513  drop=0.000  SINR= 13.5dB  KL= 0.0261  ent=0.330  clip=0.256  ev=+0.41  t=71858s
    [kl-stop] update 1247: minibatch KL 0.0357 > 0.0300 (epoch 2/4) -- actor frozen, value-only for remaining passes
  --- eval at update 1249 ---
    PPO           reward  3828.20  thrpt  80.88Mbps  comp 0.592  totfail 0.405  depth 1.62  eval_s=68.0
  [eval-time] update 1249: 68.0s total
    [batch-verify] update 1250: 4 slots, max scaled |diff| 2.86e-06 OK
[1250/2000] rew= 2947.4  thr=85.82Mbps  comp=0.552  drop=0.000  SINR= 14.0dB  KL= 0.0105  ent=0.476  clip=0.137  ev=+0.35  t=72118s
    [kl-stop] update 1251: minibatch KL 0.0303 > 0.0300 (epoch 2/4) -- actor frozen, value-only for remaining passes
[1255/2000] rew= 3490.9  thr=78.69Mbps  comp=0.576  drop=0.000  SINR= 17.4dB  KL= 0.0093  ent=0.431  clip=0.122  ev=+0.27  t=72329s
    [kl-stop] update 1257: minibatch KL 0.0525 > 0.0300 (epoch 2/4) -- actor frozen, value-only for remaining passes
    [kl-stop] update 1258: minibatch KL 0.0306 > 0.0300 (epoch 2/4) -- actor frozen, value-only for remaining passes
  --- eval at update 1259 ---
    PPO           reward  3939.07  thrpt  81.32Mbps  comp 0.595  totfail 0.401  depth 1.68  eval_s=68.2
  [eval-time] update 1259: 68.2s total
[1260/2000] rew= 5033.7  thr=86.61Mbps  comp=0.617  drop=0.000  SINR= 17.1dB  KL= 0.0155  ent=0.491  clip=0.202  ev=+0.47  t=72609s
    [kl-stop] update 1261: minibatch KL 0.0373 > 0.0300 (epoch 3/4) -- actor frozen, value-only for remaining passes
    [kl-stop] update 1262: minibatch KL 0.0358 > 0.0300 (epoch 2/4) -- actor frozen, value-only for remaining passes
    [kl-stop] update 1263: minibatch KL 0.0301 > 0.0300 (epoch 3/4) -- actor frozen, value-only for remaining passes
    [kl-stop] update 1264: minibatch KL 0.0438 > 0.0300 (epoch 4/4) -- actor frozen, value-only for remaining passes
    [kl-stop] update 1265: minibatch KL 0.0324 > 0.0300 (epoch 2/4) -- actor frozen, value-only for remaining passes
[1265/2000] rew= 4913.4  thr=60.94Mbps  comp=0.695  drop=0.000  SINR= 22.8dB  KL= 0.0185  ent=0.244  clip=0.174  ev=+0.26  t=72797s
    [kl-stop] update 1267: minibatch KL 0.0307 > 0.0300 (epoch 3/4) -- actor frozen, value-only for remaining passes
    [kl-stop] update 1268: minibatch KL 0.0300 > 0.0300 (epoch 3/4) -- actor frozen, value-only for remaining passes
  --- eval at update 1269 ---
    PPO           reward  3774.20  thrpt  80.65Mbps  comp 0.590  totfail 0.406  depth 1.60  eval_s=65.9
  [eval-time] update 1269: 65.9s total
[1270/2000] rew= 3094.4  thr=100.51Mbps  comp=0.544  drop=0.000  SINR= 13.8dB  KL= 0.0143  ent=0.592  clip=0.196  ev=+0.34  t=73063s
    [batch-verify] update 1275: 4 slots, max scaled |diff| 5.72e-06 OK
    [kl-stop] update 1275: minibatch KL 0.0338 > 0.0300 (epoch 3/4) -- actor frozen, value-only for remaining passes
[1275/2000] rew= 2196.0  thr=92.32Mbps  comp=0.526  drop=0.000  SINR= 16.2dB  KL= 0.0196  ent=0.476  clip=0.232  ev=+0.53  t=73264s
    [kl-stop] update 1276: minibatch KL 0.0446 > 0.0300 (epoch 3/4) -- actor frozen, value-only for remaining passes
  --- eval at update 1279 ---
    PPO           reward  3704.62  thrpt  80.44Mbps  comp 0.588  totfail 0.408  depth 1.60  eval_s=67.1
  [eval-time] update 1279: 67.1s total
[1280/2000] rew= 1923.1  thr=116.58Mbps  comp=0.514  drop=0.000  SINR= 21.0dB  KL= 0.0136  ent=0.620  clip=0.178  ev=+0.38  t=73553s
    [kl-stop] update 1281: minibatch KL 0.0335 > 0.0300 (epoch 3/4) -- actor frozen, value-only for remaining passes
    [kl-stop] update 1283: minibatch KL 0.0492 > 0.0300 (epoch 3/4) -- actor frozen, value-only for remaining passes
[1285/2000] rew= 1273.3  thr=114.26Mbps  comp=0.502  drop=0.000  SINR= 18.1dB  KL= 0.0160  ent=0.616  clip=0.193  ev=+0.42  t=73755s
  --- eval at update 1289 ---
    PPO           reward  3679.16  thrpt  80.38Mbps  comp 0.587  totfail 0.409  depth 1.58  eval_s=65.2
  [eval-time] update 1289: 65.3s total
[1290/2000] rew= 4618.4  thr=47.75Mbps  comp=0.768  drop=0.000  SINR= 13.2dB  KL= 0.0091  ent=0.169  clip=0.116  ev=-0.67  t=74002s
    [kl-stop] update 1291: minibatch KL 0.0360 > 0.0300 (epoch 3/4) -- actor frozen, value-only for remaining passes
    [kl-stop] update 1294: minibatch KL 0.0303 > 0.0300 (epoch 4/4) -- actor frozen, value-only for remaining passes
    [kl-stop] update 1295: minibatch KL 0.0321 > 0.0300 (epoch 4/4) -- actor frozen, value-only for remaining passes
[1295/2000] rew= 6391.9  thr=64.63Mbps  comp=0.775  drop=0.000  SINR= 18.1dB  KL= 0.0122  ent=0.225  clip=0.129  ev=+0.38  t=74205s
  --- eval at update 1299 ---
    PPO           reward  3594.10  thrpt  80.00Mbps  comp 0.585  totfail 0.412  depth 1.53  eval_s=66.1
  [eval-time] update 1299: 66.1s total
    [batch-verify] update 1300: 4 slots, max scaled |diff| 5.72e-06 OK
    [kl-stop] update 1300: minibatch KL 0.0405 > 0.0300 (epoch 3/4) -- actor frozen, value-only for remaining passes
[1300/2000] rew=  733.0  thr=105.53Mbps  comp=0.493  drop=0.000  SINR= 16.8dB  KL= 0.0211  ent=0.596  clip=0.234  ev=+0.35  t=74474s
    [kl-stop] update 1303: minibatch KL 0.0446 > 0.0300 (epoch 3/4) -- actor frozen, value-only for remaining passes
    [kl-stop] update 1304: minibatch KL 0.0303 > 0.0300 (epoch 2/4) -- actor frozen, value-only for remaining passes
[1305/2000] rew= 4583.6  thr=54.01Mbps  comp=0.714  drop=0.000  SINR= 21.4dB  KL= 0.0095  ent=0.200  clip=0.126  ev=-0.18  t=74662s
  --- eval at update 1309 ---
    PPO           reward  3772.78  thrpt  80.74Mbps  comp 0.590  totfail 0.406  depth 1.60  eval_s=65.6
  [eval-time] update 1309: 65.6s total
    [kl-stop] update 1310: minibatch KL 0.0316 > 0.0300 (epoch 2/4) -- actor frozen, value-only for remaining passes
[1310/2000] rew=  913.7  thr=99.65Mbps  comp=0.497  drop=0.000  SINR= 16.6dB  KL= 0.0207  ent=0.543  clip=0.236  ev=+0.36  t=74911s
[1315/2000] rew= 3587.7  thr=58.66Mbps  comp=0.627  drop=0.000  SINR= 23.6dB  KL= 0.0115  ent=0.242  clip=0.139  ev=+0.02  t=75094s
  --- eval at update 1319 ---
    PPO           reward  3827.15  thrpt  80.87Mbps  comp 0.592  totfail 0.405  depth 1.62  eval_s=66.5
  [eval-time] update 1319: 66.5s total
[1320/2000] rew= 3321.0  thr=91.87Mbps  comp=0.555  drop=0.000  SINR= 21.0dB  KL= 0.0115  ent=0.540  clip=0.157  ev=+0.28  t=75357s
    [kl-stop] update 1322: minibatch KL 0.0304 > 0.0300 (epoch 4/4) -- actor frozen, value-only for remaining passes
    [kl-stop] update 1324: minibatch KL 0.0312 > 0.0300 (epoch 3/4) -- actor frozen, value-only for remaining passes
    [batch-verify] update 1325: 4 slots, max scaled |diff| 3.81e-06 OK
[1325/2000] rew= 2287.2  thr=88.27Mbps  comp=0.532  drop=0.000  SINR= 18.0dB  KL= 0.0153  ent=0.563  clip=0.190  ev=+0.40  t=75547s
    [kl-stop] update 1328: minibatch KL 0.0320 > 0.0300 (epoch 4/4) -- actor frozen, value-only for remaining passes
    [kl-stop] update 1329: minibatch KL 0.0300 > 0.0300 (epoch 2/4) -- actor frozen, value-only for remaining passes
  --- eval at update 1329 ---
    PPO           reward  3821.79  thrpt  80.85Mbps  comp 0.592  totfail 0.405  depth 1.62  eval_s=67.5
  [eval-time] update 1329: 67.5s total
    [kl-stop] update 1330: minibatch KL 0.0444 > 0.0300 (epoch 2/4) -- actor frozen, value-only for remaining passes
[1330/2000] rew=  538.5  thr=112.86Mbps  comp=0.489  drop=0.000  SINR= 15.2dB  KL= 0.0241  ent=0.652  clip=0.260  ev=+0.31  t=75830s
    [kl-stop] update 1331: minibatch KL 0.0311 > 0.0300 (epoch 4/4) -- actor frozen, value-only for remaining passes
[1335/2000] rew= 2247.4  thr=74.09Mbps  comp=0.542  drop=0.000  SINR= 19.6dB  KL= 0.0101  ent=0.294  clip=0.129  ev=+0.32  t=76029s
    [kl-stop] update 1338: minibatch KL 0.0389 > 0.0300 (epoch 4/4) -- actor frozen, value-only for remaining passes
  --- eval at update 1339 ---
    PPO           reward  3876.70  thrpt  81.06Mbps  comp 0.593  totfail 0.403  depth 1.62  eval_s=66.3
  [eval-time] update 1339: 66.3s total
    [kl-stop] update 1340: minibatch KL 0.0335 > 0.0300 (epoch 2/4) -- actor frozen, value-only for remaining passes
[1340/2000] rew= -397.9  thr=102.21Mbps  comp=0.474  drop=0.000  SINR= 13.5dB  KL= 0.0230  ent=0.575  clip=0.259  ev=+0.38  t=76291s
[1345/2000] rew= 3327.9  thr=50.67Mbps  comp=0.643  drop=0.000  SINR= 18.6dB  KL= 0.0060  ent=0.210  clip=0.078  ev=-0.00  t=76475s
    [kl-stop] update 1346: minibatch KL 0.0304 > 0.0300 (epoch 3/4) -- actor frozen, value-only for remaining passes
    [kl-stop] update 1349: minibatch KL 0.0302 > 0.0300 (epoch 4/4) -- actor frozen, value-only for remaining passes
  --- eval at update 1349 ---
    PPO           reward  3929.49  thrpt  81.31Mbps  comp 0.595  totfail 0.402  depth 1.66  eval_s=67.4
  [eval-time] update 1349: 67.4s total
    [batch-verify] update 1350: 4 slots, max scaled |diff| 1.55e-06 OK
[1350/2000] rew= 3671.9  thr=82.30Mbps  comp=0.579  drop=0.000  SINR= 19.6dB  KL= 0.0062  ent=0.428  clip=0.086  ev=+0.24  t=76740s
    [kl-stop] update 1354: minibatch KL 0.0329 > 0.0300 (epoch 4/4) -- actor frozen, value-only for remaining passes
[1355/2000] rew= 3723.8  thr=93.65Mbps  comp=0.566  drop=0.000  SINR= 18.3dB  KL= 0.0090  ent=0.499  clip=0.128  ev=+0.44  t=76949s
    [kl-stop] update 1359: minibatch KL 0.0361 > 0.0300 (epoch 3/4) -- actor frozen, value-only for remaining passes
  --- eval at update 1359 ---
    PPO           reward  3977.13  thrpt  81.46Mbps  comp 0.597  totfail 0.400  depth 1.68  eval_s=66.5
  [eval-time] update 1359: 66.5s total
[1360/2000] rew= 3776.9  thr=44.33Mbps  comp=0.715  drop=0.000  SINR= 15.6dB  KL= 0.0055  ent=0.149  clip=0.077  ev=+0.20  t=77201s
    [kl-stop] update 1364: minibatch KL 0.0326 > 0.0300 (epoch 3/4) -- actor frozen, value-only for remaining passes
[1365/2000] rew= 6190.6  thr=79.48Mbps  comp=0.682  drop=0.000  SINR= 18.9dB  KL= 0.0122  ent=0.406  clip=0.168  ev=+0.36  t=77396s
  --- eval at update 1369 ---
    PPO           reward  4105.43  thrpt  81.77Mbps  comp 0.601  totfail 0.396  depth 1.71  eval_s=67.6
  [eval-time] update 1369: 67.6s total
[1370/2000] rew= 4795.1  thr=86.91Mbps  comp=0.607  drop=0.000  SINR= 18.5dB  KL= 0.0124  ent=0.416  clip=0.152  ev=+0.49  t=77653s
    [batch-verify] update 1375: 4 slots, max scaled |diff| 3.81e-06 OK
[1375/2000] rew= 4986.2  thr=103.34Mbps  comp=0.589  drop=0.000  SINR= 15.3dB  KL= 0.0103  ent=0.613  clip=0.144  ev=+0.47  t=77848s
    [kl-stop] update 1377: minibatch KL 0.0445 > 0.0300 (epoch 2/4) -- actor frozen, value-only for remaining passes
  --- eval at update 1379 ---
    PPO           reward  4266.01  thrpt  82.60Mbps  comp 0.605  totfail 0.392  depth 1.78  eval_s=77.2
  [eval-time] update 1379: 77.2s total
[1380/2000] rew= 4166.9  thr=85.65Mbps  comp=0.588  drop=0.000  SINR= 15.0dB  KL= 0.0093  ent=0.454  clip=0.128  ev=+0.34  t=78135s
    [kl-stop] update 1384: minibatch KL 0.0346 > 0.0300 (epoch 3/4) -- actor frozen, value-only for remaining passes
[1385/2000] rew= 3451.5  thr=63.11Mbps  comp=0.607  drop=0.000  SINR= 18.5dB  KL= 0.0060  ent=0.309  clip=0.087  ev=+0.41  t=78344s
  --- eval at update 1389 ---
    PPO           reward  4309.42  thrpt  82.88Mbps  comp 0.606  totfail 0.391  depth 1.80  eval_s=69.5
  [eval-time] update 1389: 69.5s total
[1390/2000] rew= 2302.5  thr=78.59Mbps  comp=0.540  drop=0.000  SINR= 15.2dB  KL= 0.0147  ent=0.424  clip=0.190  ev=+0.57  t=78606s
[1395/2000] rew= 4713.6  thr=69.34Mbps  comp=0.650  drop=0.000  SINR= 17.8dB  KL= 0.0093  ent=0.323  clip=0.122  ev=+0.09  t=78804s
  --- eval at update 1399 ---
    PPO           reward  4256.02  thrpt  82.61Mbps  comp 0.605  totfail 0.392  depth 1.78  eval_s=69.5
  [eval-time] update 1399: 69.5s total
    [batch-verify] update 1400: 4 slots, max scaled |diff| 1.91e-06 OK
[1400/2000] rew= 3293.8  thr=38.39Mbps  comp=0.716  drop=0.000  SINR= 22.7dB  KL= 0.0039  ent=0.141  clip=0.049  ev=+0.19  t=79061s
    [kl-stop] update 1401: minibatch KL 0.0379 > 0.0300 (epoch 4/4) -- actor frozen, value-only for remaining passes
    [kl-stop] update 1402: minibatch KL 0.0433 > 0.0300 (epoch 3/4) -- actor frozen, value-only for remaining passes
[1405/2000] rew= 3781.1  thr=66.75Mbps  comp=0.613  drop=0.000  SINR= 13.9dB  KL= 0.0081  ent=0.336  clip=0.114  ev=+0.32  t=79269s
    [kl-stop] update 1408: minibatch KL 0.0307 > 0.0300 (epoch 4/4) -- actor frozen, value-only for remaining passes
  --- eval at update 1409 ---
    PPO           reward  4210.62  thrpt  82.44Mbps  comp 0.603  totfail 0.394  depth 1.79  eval_s=70.3
  [eval-time] update 1409: 70.3s total
    [kl-stop] update 1410: minibatch KL 0.0313 > 0.0300 (epoch 3/4) -- actor frozen, value-only for remaining passes
[1410/2000] rew= 5907.9  thr=64.45Mbps  comp=0.743  drop=0.000  SINR= 15.1dB  KL= 0.0179  ent=0.314  clip=0.213  ev=-0.56  t=79528s
    [kl-stop] update 1412: minibatch KL 0.0499 > 0.0300 (epoch 3/4) -- actor frozen, value-only for remaining passes
[1415/2000] rew= 5038.2  thr=102.63Mbps  comp=0.591  drop=0.000  SINR= 19.7dB  KL= 0.0108  ent=0.576  clip=0.150  ev=+0.43  t=79734s
  --- eval at update 1419 ---
    PPO           reward  4408.86  thrpt  83.11Mbps  comp 0.610  totfail 0.387  depth 1.86  eval_s=71.2
  [eval-time] update 1419: 71.2s total
[1420/2000] rew= 2162.8  thr=81.03Mbps  comp=0.537  drop=0.000  SINR=  9.2dB  KL= 0.0124  ent=0.564  clip=0.150  ev=+0.49  t=80019s
    [batch-verify] update 1425: 4 slots, max scaled |diff| 1.43e-06 OK
[1425/2000] rew= 5165.8  thr=59.77Mbps  comp=0.719  drop=0.000  SINR= 20.3dB  KL= 0.0070  ent=0.264  clip=0.087  ev=+0.35  t=80204s
    [kl-stop] update 1428: minibatch KL 0.0345 > 0.0300 (epoch 4/4) -- actor frozen, value-only for remaining passes
  --- eval at update 1429 ---
    PPO           reward  4315.55  thrpt  82.84Mbps  comp 0.607  totfail 0.390  depth 1.82  eval_s=70.1
  [eval-time] update 1429: 70.1s total
[1430/2000] rew= 3283.9  thr=51.75Mbps  comp=0.635  drop=0.001  SINR= 15.7dB  KL= 0.0080  ent=0.226  clip=0.104  ev=-0.21  t=80465s
    [kl-stop] update 1434: minibatch KL 0.0467 > 0.0300 (epoch 2/4) -- actor frozen, value-only for remaining passes
[1435/2000] rew= 4382.1  thr=107.81Mbps  comp=0.567  drop=0.000  SINR= 18.0dB  KL= 0.0085  ent=0.542  clip=0.112  ev=+0.28  t=80681s
  --- eval at update 1439 ---
    PPO           reward  4388.37  thrpt  83.16Mbps  comp 0.609  totfail 0.388  depth 1.86  eval_s=78.2
  [eval-time] update 1439: 78.2s total
[1440/2000] rew= 5030.6  thr=56.65Mbps  comp=0.731  drop=0.000  SINR= 17.7dB  KL= 0.0070  ent=0.216  clip=0.095  ev=+0.31  t=80959s
[1445/2000] rew= 3317.8  thr=57.56Mbps  comp=0.615  drop=0.000  SINR= 17.7dB  KL= 0.0060  ent=0.249  clip=0.071  ev=+0.36  t=81174s
    [kl-stop] update 1446: minibatch KL 0.0315 > 0.0300 (epoch 3/4) -- actor frozen, value-only for remaining passes
  --- eval at update 1449 ---
    PPO           reward  4427.48  thrpt  83.31Mbps  comp 0.610  totfail 0.387  depth 1.91  eval_s=70.3
  [eval-time] update 1449: 70.3s total
    [batch-verify] update 1450: 4 slots, max scaled |diff| 2.86e-06 OK
    [kl-stop] update 1450: minibatch KL 0.0306 > 0.0300 (epoch 4/4) -- actor frozen, value-only for remaining passes
[1450/2000] rew= 6031.1  thr=69.25Mbps  comp=0.722  drop=0.000  SINR= 20.8dB  KL= 0.0142  ent=0.336  clip=0.171  ev=+0.54  t=81456s
[1455/2000] rew= 3498.6  thr=42.93Mbps  comp=0.703  drop=0.000  SINR= 20.4dB  KL= 0.0047  ent=0.139  clip=0.055  ev=+0.19  t=81641s
  --- eval at update 1459 ---
    PPO           reward  4480.46  thrpt  83.51Mbps  comp 0.612  totfail 0.385  depth 1.90  eval_s=75.8
  [eval-time] update 1459: 75.8s total
[1460/2000] rew= 6362.5  thr=73.53Mbps  comp=0.720  drop=0.000  SINR= 22.3dB  KL= 0.0116  ent=0.349  clip=0.158  ev=+0.35  t=81930s
[1465/2000] rew= 4754.5  thr=59.59Mbps  comp=0.694  drop=0.000  SINR= 22.8dB  KL= 0.0057  ent=0.258  clip=0.075  ev=+0.30  t=82128s
  --- eval at update 1469 ---
    PPO           reward  4483.25  thrpt  83.54Mbps  comp 0.612  totfail 0.385  depth 1.89  eval_s=71.2
  [eval-time] update 1469: 71.2s total
[1470/2000] rew= 4471.5  thr=55.00Mbps  comp=0.701  drop=0.001  SINR= 16.6dB  KL= 0.0038  ent=0.228  clip=0.045  ev=+0.18  t=82392s
    [batch-verify] update 1475: 4 slots, max scaled |diff| 3.81e-06 OK
[1475/2000] rew= 2706.4  thr=74.79Mbps  comp=0.556  drop=0.000  SINR= 11.9dB  KL= 0.0095  ent=0.477  clip=0.126  ev=+0.50  t=82621s
    [kl-stop] update 1476: minibatch KL 0.0370 > 0.0300 (epoch 4/4) -- actor frozen, value-only for remaining passes
  --- eval at update 1479 ---
    PPO           reward  4443.29  thrpt  83.38Mbps  comp 0.610  totfail 0.386  depth 1.87  eval_s=78.5
  [eval-time] update 1479: 78.5s total
[1480/2000] rew= 2318.6  thr=117.53Mbps  comp=0.518  drop=0.000  SINR= 11.6dB  KL= 0.0114  ent=0.820  clip=0.161  ev=+0.23  t=82925s
    [kl-stop] update 1481: minibatch KL 0.0463 > 0.0300 (epoch 3/4) -- actor frozen, value-only for remaining passes
    [kl-stop] update 1484: minibatch KL 0.0342 > 0.0300 (epoch 4/4) -- actor frozen, value-only for remaining passes
[1485/2000] rew= 3920.4  thr=88.08Mbps  comp=0.578  drop=0.000  SINR= 15.8dB  KL= 0.0084  ent=0.523  clip=0.115  ev=+0.57  t=83154s
    [kl-stop] update 1487: minibatch KL 0.0336 > 0.0300 (epoch 4/4) -- actor frozen, value-only for remaining passes
    [kl-stop] update 1488: minibatch KL 0.0376 > 0.0300 (epoch 3/4) -- actor frozen, value-only for remaining passes
  --- eval at update 1489 ---
    PPO           reward  4459.93  thrpt  83.45Mbps  comp 0.611  totfail 0.386  depth 1.85  eval_s=77.6
  [eval-time] update 1489: 77.6s total
[1490/2000] rew= 6963.7  thr=74.11Mbps  comp=0.754  drop=0.000  SINR= 20.7dB  KL= 0.0104  ent=0.397  clip=0.131  ev=+0.28  t=83447s
    [kl-stop] update 1491: minibatch KL 0.0490 > 0.0300 (epoch 3/4) -- actor frozen, value-only for remaining passes
    [kl-stop] update 1492: minibatch KL 0.0352 > 0.0300 (epoch 3/4) -- actor frozen, value-only for remaining passes
[1495/2000] rew= 6039.1  thr=79.35Mbps  comp=0.679  drop=0.000  SINR= 20.7dB  KL= 0.0126  ent=0.412  clip=0.151  ev=+0.26  t=83657s
  --- eval at update 1499 ---
    PPO           reward  4253.97  thrpt  82.67Mbps  comp 0.605  totfail 0.392  depth 1.75  eval_s=72.2
  [eval-time] update 1499: 72.2s total
    [batch-verify] update 1500: 4 slots, max scaled |diff| 3.81e-06 OK
    [kl-stop] update 1500: minibatch KL 0.0398 > 0.0300 (epoch 2/4) -- actor frozen, value-only for remaining passes
[1500/2000] rew= 1346.8  thr=118.57Mbps  comp=0.503  drop=0.000  SINR= 15.8dB  KL= 0.0251  ent=0.770  clip=0.261  ev=+0.49  t=83936s
    [kl-stop] update 1501: minibatch KL 0.0351 > 0.0300 (epoch 4/4) -- actor frozen, value-only for remaining passes
[1505/2000] rew= 2519.0  thr=102.17Mbps  comp=0.530  drop=0.000  SINR= 12.6dB  KL= 0.0116  ent=0.680  clip=0.151  ev=+0.45  t=84148s
    [kl-stop] update 1507: minibatch KL 0.0337 > 0.0300 (epoch 4/4) -- actor frozen, value-only for remaining passes
    [kl-stop] update 1509: minibatch KL 0.0303 > 0.0300 (epoch 3/4) -- actor frozen, value-only for remaining passes
  --- eval at update 1509 ---
    PPO           reward  4119.81  thrpt  82.12Mbps  comp 0.600  totfail 0.396  depth 1.73  eval_s=70.9
  [eval-time] update 1509: 70.9s total
[1510/2000] rew= 3676.2  thr=55.55Mbps  comp=0.645  drop=0.001  SINR= 18.0dB  KL= 0.0069  ent=0.209  clip=0.089  ev=-0.16  t=84411s
    [kl-stop] update 1513: minibatch KL 0.0316 > 0.0300 (epoch 4/4) -- actor frozen, value-only for remaining passes
[1515/2000] rew= 4085.9  thr=66.60Mbps  comp=0.626  drop=0.000  SINR= 18.7dB  KL= 0.0041  ent=0.281  clip=0.054  ev=+0.36  t=84609s
  --- eval at update 1519 ---
    PPO           reward  4178.27  thrpt  82.25Mbps  comp 0.603  totfail 0.394  depth 1.71  eval_s=77.6
  [eval-time] update 1519: 77.6s total
[1520/2000] rew= 2795.7  thr=51.66Mbps  comp=0.605  drop=0.001  SINR= 18.8dB  KL= 0.0078  ent=0.217  clip=0.084  ev=+0.32  t=84894s
    [batch-verify] update 1525: 4 slots, max scaled |diff| 5.72e-06 OK
[1525/2000] rew= 2935.1  thr=105.39Mbps  comp=0.536  drop=0.000  SINR= 17.1dB  KL= 0.0086  ent=0.647  clip=0.114  ev=+0.44  t=85119s
  --- eval at update 1529 ---
    PPO           reward  4086.63  thrpt  82.08Mbps  comp 0.599  totfail 0.397  depth 1.72  eval_s=70.9
  [eval-time] update 1529: 70.9s total
[1530/2000] rew= 5179.0  thr=53.83Mbps  comp=0.764  drop=0.000  SINR= 27.0dB  KL= 0.0067  ent=0.190  clip=0.087  ev=+0.35  t=85381s
    [kl-stop] update 1535: minibatch KL 0.0437 > 0.0300 (epoch 3/4) -- actor frozen, value-only for remaining passes
[1535/2000] rew= 6219.6  thr=108.71Mbps  comp=0.616  drop=0.000  SINR= 24.6dB  KL= 0.0212  ent=0.591  clip=0.208  ev=+0.47  t=85597s
  --- eval at update 1539 ---
    PPO           reward  4171.85  thrpt  82.24Mbps  comp 0.603  totfail 0.394  depth 1.71  eval_s=77.8
  [eval-time] update 1539: 77.8s total
[1540/2000] rew= 3647.1  thr=69.46Mbps  comp=0.600  drop=0.000  SINR= 20.4dB  KL= 0.0033  ent=0.319  clip=0.038  ev=+0.05  t=85899s
    [kl-stop] update 1541: minibatch KL 0.0397 > 0.0300 (epoch 3/4) -- actor frozen, value-only for remaining passes
[1545/2000] rew= 3344.0  thr=69.95Mbps  comp=0.589  drop=0.000  SINR= 22.3dB  KL= 0.0045  ent=0.322  clip=0.050  ev=+0.31  t=86120s
  --- eval at update 1549 ---
    PPO           reward  4158.08  thrpt  82.29Mbps  comp 0.602  totfail 0.395  depth 1.69  eval_s=70.4
  [eval-time] update 1549: 70.4s total
    [batch-verify] update 1550: 4 slots, max scaled |diff| 3.81e-06 OK
    [kl-stop] update 1550: minibatch KL 0.0473 > 0.0300 (epoch 3/4) -- actor frozen, value-only for remaining passes
[1550/2000] rew=  899.3  thr=118.30Mbps  comp=0.495  drop=0.000  SINR= 15.9dB  KL= 0.0259  ent=0.740  clip=0.271  ev=+0.41  t=86398s
[1555/2000] rew= 6690.7  thr=71.42Mbps  comp=0.752  drop=0.000  SINR= 21.8dB  KL= 0.0112  ent=0.307  clip=0.135  ev=+0.31  t=86588s
    [kl-stop] update 1557: minibatch KL 0.0338 > 0.0300 (epoch 3/4) -- actor frozen, value-only for remaining passes
    [kl-stop] update 1558: minibatch KL 0.0391 > 0.0300 (epoch 4/4) -- actor frozen, value-only for remaining passes
  --- eval at update 1559 ---
    PPO           reward  4044.63  thrpt  81.75Mbps  comp 0.599  totfail 0.398  depth 1.66  eval_s=69.7
  [eval-time] update 1559: 69.7s total
    [kl-stop] update 1560: minibatch KL 0.0319 > 0.0300 (epoch 3/4) -- actor frozen, value-only for remaining passes
[1560/2000] rew= 1599.1  thr=73.53Mbps  comp=0.523  drop=0.000  SINR= 13.5dB  KL= 0.0167  ent=0.385  clip=0.159  ev=+0.35  t=86861s
[1565/2000] rew= 6072.5  thr=78.42Mbps  comp=0.683  drop=0.000  SINR= 15.9dB  KL= 0.0115  ent=0.443  clip=0.161  ev=+0.41  t=87071s
  --- eval at update 1569 ---
    PPO           reward  4091.35  thrpt  81.89Mbps  comp 0.600  totfail 0.396  depth 1.66  eval_s=69.1
  [eval-time] update 1569: 69.1s total
[1570/2000] rew= 3835.1  thr=113.94Mbps  comp=0.553  drop=0.000  SINR= 15.9dB  KL= 0.0063  ent=0.763  clip=0.081  ev=+0.39  t=87341s
    [batch-verify] update 1575: 4 slots, max scaled |diff| 3.81e-06 OK
    [kl-stop] update 1575: minibatch KL 0.0333 > 0.0300 (epoch 4/4) -- actor frozen, value-only for remaining passes
[1575/2000] rew= 1526.9  thr=116.08Mbps  comp=0.505  drop=0.000  SINR= 14.0dB  KL= 0.0147  ent=0.730  clip=0.194  ev=+0.56  t=87558s
  --- eval at update 1579 ---
    PPO           reward  4089.40  thrpt  81.96Mbps  comp 0.600  totfail 0.397  depth 1.68  eval_s=69.5
  [eval-time] update 1579: 69.5s total
[1580/2000] rew= 4206.4  thr=77.20Mbps  comp=0.606  drop=0.000  SINR= 15.1dB  KL= 0.0059  ent=0.425  clip=0.073  ev=+0.46  t=87843s
[1585/2000] rew= 4527.6  thr=78.05Mbps  comp=0.617  drop=0.000  SINR= 15.2dB  KL= 0.0059  ent=0.393  clip=0.076  ev=+0.15  t=88045s
    [kl-stop] update 1589: minibatch KL 0.0303 > 0.0300 (epoch 4/4) -- actor frozen, value-only for remaining passes
  --- eval at update 1589 ---
    PPO           reward  3993.65  thrpt  81.55Mbps  comp 0.597  totfail 0.400  depth 1.65  eval_s=74.2
  [eval-time] update 1589: 74.2s total
[1590/2000] rew= 3820.4  thr=49.19Mbps  comp=0.684  drop=0.000  SINR= 20.9dB  KL= 0.0034  ent=0.168  clip=0.042  ev=+0.01  t=88331s
[1595/2000] rew= 1552.2  thr=40.44Mbps  comp=0.563  drop=0.002  SINR= 15.4dB  KL= 0.0056  ent=0.149  clip=0.063  ev=-0.12  t=88528s
    [kl-stop] update 1599: minibatch KL 0.0308 > 0.0300 (epoch 4/4) -- actor frozen, value-only for remaining passes
  --- eval at update 1599 ---
    PPO           reward  3920.76  thrpt  81.21Mbps  comp 0.595  totfail 0.402  depth 1.64  eval_s=69.1
  [eval-time] update 1599: 69.1s total
    [batch-verify] update 1600: 4 slots, max scaled |diff| 4.77e-06 OK
[1600/2000] rew= 3963.3  thr=66.17Mbps  comp=0.624  drop=0.000  SINR= 25.5dB  KL= 0.0048  ent=0.260  clip=0.060  ev=+0.21  t=88796s
    [kl-stop] update 1601: minibatch KL 0.0317 > 0.0300 (epoch 3/4) -- actor frozen, value-only for remaining passes
[1605/2000] rew= 3852.6  thr=76.69Mbps  comp=0.594  drop=0.000  SINR= 15.1dB  KL= 0.0095  ent=0.396  clip=0.124  ev=+0.45  t=89000s
    [kl-stop] update 1606: minibatch KL 0.0349 > 0.0300 (epoch 4/4) -- actor frozen, value-only for remaining passes
  --- eval at update 1609 ---
    PPO           reward  3875.48  thrpt  81.11Mbps  comp 0.593  totfail 0.403  depth 1.63  eval_s=69.0
  [eval-time] update 1609: 69.0s total
[1610/2000] rew= 4163.6  thr=57.33Mbps  comp=0.666  drop=0.000  SINR= 12.8dB  KL= 0.0051  ent=0.220  clip=0.063  ev=+0.33  t=89256s
[1615/2000] rew= 5097.8  thr=62.69Mbps  comp=0.701  drop=0.000  SINR= 19.2dB  KL= 0.0070  ent=0.225  clip=0.081  ev=+0.20  t=89461s
  --- eval at update 1619 ---
    PPO           reward  3943.04  thrpt  81.35Mbps  comp 0.596  totfail 0.401  depth 1.66  eval_s=75.8
  [eval-time] update 1619: 75.8s total
[1620/2000] rew= 5405.8  thr=71.52Mbps  comp=0.676  drop=0.000  SINR= 18.6dB  KL= 0.0096  ent=0.319  clip=0.132  ev=+0.44  t=89754s
    [kl-stop] update 1624: minibatch KL 0.0304 > 0.0300 (epoch 3/4) -- actor frozen, value-only for remaining passes
    [batch-verify] update 1625: 4 slots, max scaled |diff| 2.38e-06 OK
[1625/2000] rew= 4499.2  thr=56.68Mbps  comp=0.692  drop=0.000  SINR= 20.3dB  KL= 0.0035  ent=0.189  clip=0.039  ev=+0.26  t=89958s
    [kl-stop] update 1628: minibatch KL 0.0410 > 0.0300 (epoch 4/4) -- actor frozen, value-only for remaining passes
  --- eval at update 1629 ---
    PPO           reward  3978.76  thrpt  81.54Mbps  comp 0.596  totfail 0.400  depth 1.67  eval_s=69.9
  [eval-time] update 1629: 69.9s total
[1630/2000] rew= 4593.1  thr=110.02Mbps  comp=0.571  drop=0.000  SINR= 21.4dB  KL= 0.0098  ent=0.554  clip=0.135  ev=+0.35  t=90228s
    [kl-stop] update 1635: minibatch KL 0.0304 > 0.0300 (epoch 4/4) -- actor frozen, value-only for remaining passes
[1635/2000] rew= 6579.7  thr=97.30Mbps  comp=0.650  drop=0.000  SINR= 17.9dB  KL= 0.0158  ent=0.521  clip=0.183  ev=+0.50  t=90426s
  --- eval at update 1639 ---
    PPO           reward  4071.03  thrpt  81.82Mbps  comp 0.599  totfail 0.397  depth 1.70  eval_s=75.5
  [eval-time] update 1639: 75.5s total
[1640/2000] rew= 4784.5  thr=102.56Mbps  comp=0.585  drop=0.000  SINR= 18.8dB  KL= 0.0060  ent=0.536  clip=0.077  ev=+0.36  t=90718s
[1645/2000] rew= 2744.7  thr=112.71Mbps  comp=0.528  drop=0.000  SINR= 15.8dB  KL= 0.0061  ent=0.595  clip=0.075  ev=+0.47  t=90928s
  --- eval at update 1649 ---
    PPO           reward  4059.87  thrpt  81.76Mbps  comp 0.599  totfail 0.398  depth 1.69  eval_s=71.9
  [eval-time] update 1649: 71.9s total
    [batch-verify] update 1650: 4 slots, max scaled |diff| 2.86e-06 OK
[1650/2000] rew= 1926.5  thr=90.21Mbps  comp=0.523  drop=0.000  SINR= 16.6dB  KL= 0.0100  ent=0.439  clip=0.137  ev=+0.51  t=91213s
[1655/2000] rew= 1778.4  thr=77.17Mbps  comp=0.527  drop=0.000  SINR= 19.6dB  KL= 0.0030  ent=0.384  clip=0.030  ev=+0.42  t=91425s
    [kl-stop] update 1656: minibatch KL 0.0371 > 0.0300 (epoch 4/4) -- actor frozen, value-only for remaining passes
    [kl-stop] update 1657: minibatch KL 0.0345 > 0.0300 (epoch 3/4) -- actor frozen, value-only for remaining passes
  --- eval at update 1659 ---
    PPO           reward  4089.73  thrpt  81.92Mbps  comp 0.600  totfail 0.397  depth 1.72  eval_s=70.5
  [eval-time] update 1659: 70.5s total
[1660/2000] rew= 5207.7  thr=89.16Mbps  comp=0.618  drop=0.000  SINR= 21.7dB  KL= 0.0071  ent=0.410  clip=0.086  ev=+0.32  t=91712s
    [kl-stop] update 1665: minibatch KL 0.0313 > 0.0300 (epoch 3/4) -- actor frozen, value-only for remaining passes
[1665/2000] rew= 5781.4  thr=92.95Mbps  comp=0.630  drop=0.000  SINR= 18.2dB  KL= 0.0178  ent=0.483  clip=0.215  ev=+0.27  t=91931s
  --- eval at update 1669 ---
    PPO           reward  4170.16  thrpt  82.36Mbps  comp 0.602  totfail 0.395  depth 1.74  eval_s=75.6
  [eval-time] update 1669: 75.6s total
[1670/2000] rew= 4350.4  thr=60.21Mbps  comp=0.664  drop=0.000  SINR= 17.4dB  KL= 0.0032  ent=0.235  clip=0.041  ev=+0.42  t=92233s
    [kl-stop] update 1671: minibatch KL 0.0302 > 0.0300 (epoch 4/4) -- actor frozen, value-only for remaining passes
    [batch-verify] update 1675: 4 slots, max scaled |diff| 1.91e-06 OK
[1675/2000] rew= 5055.2  thr=64.35Mbps  comp=0.688  drop=0.000  SINR= 15.9dB  KL= 0.0047  ent=0.309  clip=0.056  ev=+0.36  t=92451s
    [kl-stop] update 1676: minibatch KL 0.0326 > 0.0300 (epoch 3/4) -- actor frozen, value-only for remaining passes
    [kl-stop] update 1679: minibatch KL 0.0381 > 0.0300 (epoch 3/4) -- actor frozen, value-only for remaining passes
  --- eval at update 1679 ---
    PPO           reward  4350.46  thrpt  83.08Mbps  comp 0.607  totfail 0.389  depth 1.80  eval_s=73.6
  [eval-time] update 1679: 73.6s total
[1680/2000] rew= 2468.4  thr=31.69Mbps  comp=0.687  drop=0.003  SINR= 17.4dB  KL= 0.0054  ent=0.094  clip=0.064  ev=+0.33  t=92732s
[1685/2000] rew= 4719.2  thr=57.70Mbps  comp=0.702  drop=0.000  SINR= 17.3dB  KL= 0.0032  ent=0.201  clip=0.034  ev=+0.34  t=92917s
    [kl-stop] update 1686: minibatch KL 0.0394 > 0.0300 (epoch 4/4) -- actor frozen, value-only for remaining passes
  --- eval at update 1689 ---
    PPO           reward  4111.63  thrpt  82.14Mbps  comp 0.600  totfail 0.397  depth 1.74  eval_s=74.5
  [eval-time] update 1689: 74.5s total
[1690/2000] rew= 4915.4  thr=64.54Mbps  comp=0.678  drop=0.000  SINR= 20.2dB  KL= 0.0041  ent=0.265  clip=0.042  ev=+0.12  t=93190s
[1695/2000] rew= 6029.4  thr=84.24Mbps  comp=0.662  drop=0.000  SINR= 25.2dB  KL= 0.0082  ent=0.397  clip=0.111  ev=+0.49  t=93393s
  --- eval at update 1699 ---
    PPO           reward  4202.99  thrpt  82.48Mbps  comp 0.603  totfail 0.394  depth 1.74  eval_s=75.6
  [eval-time] update 1699: 75.6s total
    [batch-verify] update 1700: 4 slots, max scaled |diff| 1.43e-06 OK
    [kl-stop] update 1700: minibatch KL 0.0342 > 0.0300 (epoch 4/4) -- actor frozen, value-only for remaining passes
[1700/2000] rew= 6497.5  thr=78.11Mbps  comp=0.705  drop=0.000  SINR= 22.9dB  KL= 0.0143  ent=0.377  clip=0.173  ev=+0.45  t=93660s
[1705/2000] rew= 4738.0  thr=77.28Mbps  comp=0.626  drop=0.000  SINR= 20.9dB  KL= 0.0064  ent=0.388  clip=0.080  ev=+0.56  t=93881s
    [kl-stop] update 1709: minibatch KL 0.0302 > 0.0300 (epoch 4/4) -- actor frozen, value-only for remaining passes
  --- eval at update 1709 ---
    PPO           reward  4309.87  thrpt  82.75Mbps  comp 0.607  totfail 0.390  depth 1.79  eval_s=79.9
  [eval-time] update 1709: 79.9s total
    [kl-stop] update 1710: minibatch KL 0.0325 > 0.0300 (epoch 3/4) -- actor frozen, value-only for remaining passes
[1710/2000] rew=  475.0  thr=93.03Mbps  comp=0.488  drop=0.000  SINR= 13.9dB  KL= 0.0185  ent=0.460  clip=0.205  ev=+0.53  t=94187s
[1715/2000] rew= 3982.6  thr=57.44Mbps  comp=0.654  drop=0.000  SINR= 14.6dB  KL= 0.0050  ent=0.199  clip=0.065  ev=+0.38  t=94414s
  --- eval at update 1719 ---
    PPO           reward  4322.25  thrpt  82.81Mbps  comp 0.607  totfail 0.390  depth 1.79  eval_s=76.1
  [eval-time] update 1719: 76.1s total
[1720/2000] rew= 3985.6  thr=37.58Mbps  comp=0.815  drop=0.000  SINR= 21.9dB  KL= 0.0033  ent=0.099  clip=0.037  ev=+0.10  t=94699s
    [batch-verify] update 1725: 4 slots, max scaled |diff| 5.72e-06 OK
[1725/2000] rew= 3360.8  thr=88.76Mbps  comp=0.562  drop=0.000  SINR= 16.7dB  KL= 0.0062  ent=0.434  clip=0.083  ev=+0.61  t=94914s
  --- eval at update 1729 ---
    PPO           reward  4352.01  thrpt  83.09Mbps  comp 0.607  totfail 0.390  depth 1.83  eval_s=78.3
  [eval-time] update 1729: 78.3s total
[1730/2000] rew= 6403.2  thr=68.81Mbps  comp=0.748  drop=0.000  SINR= 22.3dB  KL= 0.0053  ent=0.299  clip=0.074  ev=+0.20  t=95224s
[1735/2000] rew= 6011.6  thr=88.29Mbps  comp=0.651  drop=0.000  SINR= 17.3dB  KL= 0.0063  ent=0.472  clip=0.082  ev=+0.62  t=95439s
  --- eval at update 1739 ---
    PPO           reward  4368.82  thrpt  82.97Mbps  comp 0.608  totfail 0.388  depth 1.83  eval_s=78.8
  [eval-time] update 1739: 78.8s total
[1740/2000] rew= 3087.8  thr=79.06Mbps  comp=0.561  drop=0.000  SINR= 17.6dB  KL= 0.0105  ent=0.366  clip=0.126  ev=+0.40  t=95731s
    [kl-stop] update 1741: minibatch KL 0.0301 > 0.0300 (epoch 4/4) -- actor frozen, value-only for remaining passes
    [kl-stop] update 1742: minibatch KL 0.0395 > 0.0300 (epoch 4/4) -- actor frozen, value-only for remaining passes
[1745/2000] rew= 3154.0  thr=63.16Mbps  comp=0.593  drop=0.000  SINR= 18.3dB  KL= 0.0066  ent=0.256  clip=0.076  ev=+0.39  t=95958s
  --- eval at update 1749 ---
    PPO           reward  4271.80  thrpt  82.61Mbps  comp 0.605  totfail 0.391  depth 1.81  eval_s=77.7
  [eval-time] update 1749: 77.7s total
    [batch-verify] update 1750: 4 slots, max scaled |diff| 2.86e-06 OK
[1750/2000] rew= 2973.5  thr=77.11Mbps  comp=0.565  drop=0.000  SINR= 18.3dB  KL= 0.0048  ent=0.324  clip=0.063  ev=+0.46  t=96248s
[1755/2000] rew= 5671.7  thr=78.04Mbps  comp=0.666  drop=0.000  SINR= 17.5dB  KL= 0.0054  ent=0.357  clip=0.069  ev=+0.41  t=96469s
  --- eval at update 1759 ---
    PPO           reward  4378.48  thrpt  83.10Mbps  comp 0.608  totfail 0.388  depth 1.83  eval_s=77.4
  [eval-time] update 1759: 77.4s total
[1760/2000] rew= 4906.5  thr=83.07Mbps  comp=0.621  drop=0.000  SINR= 20.1dB  KL= 0.0027  ent=0.365  clip=0.024  ev=+0.44  t=96773s
    [kl-stop] update 1763: minibatch KL 0.0301 > 0.0300 (epoch 4/4) -- actor frozen, value-only for remaining passes
[1765/2000] rew= 1997.4  thr=96.15Mbps  comp=0.522  drop=0.000  SINR= 16.9dB  KL= 0.0089  ent=0.508  clip=0.115  ev=+0.59  t=96987s
  --- eval at update 1769 ---
    PPO           reward  4492.47  thrpt  83.49Mbps  comp 0.612  totfail 0.385  depth 1.89  eval_s=79.7
  [eval-time] update 1769: 79.7s total
[1770/2000] rew= 3949.7  thr=42.00Mbps  comp=0.757  drop=0.001  SINR= 18.1dB  KL= 0.0016  ent=0.133  clip=0.014  ev=-0.10  t=97281s
    [batch-verify] update 1775: 4 slots, max scaled |diff| 7.63e-06 OK
[1775/2000] rew= 2056.6  thr=68.36Mbps  comp=0.541  drop=0.000  SINR= 15.3dB  KL= 0.0056  ent=0.312  clip=0.063  ev=+0.56  t=97497s
    [kl-stop] update 1778: minibatch KL 0.0329 > 0.0300 (epoch 4/4) -- actor frozen, value-only for remaining passes
  --- eval at update 1779 ---
    PPO           reward  4537.75  thrpt  83.72Mbps  comp 0.613  totfail 0.383  depth 1.93  eval_s=80.4
  [eval-time] update 1779: 80.4s total
[1780/2000] rew= 7033.1  thr=80.84Mbps  comp=0.722  drop=0.000  SINR= 21.4dB  KL= 0.0059  ent=0.373  clip=0.078  ev=+0.43  t=97799s
[1785/2000] rew= 5557.9  thr=95.25Mbps  comp=0.619  drop=0.000  SINR= 18.0dB  KL= 0.0095  ent=0.488  clip=0.114  ev=+0.49  t=98034s
  --- eval at update 1789 ---
    PPO           reward  4615.50  thrpt  84.14Mbps  comp 0.615  totfail 0.382  depth 1.94  eval_s=80.0
  [eval-time] update 1789: 80.0s total
[1790/2000] rew= 5185.0  thr=84.33Mbps  comp=0.628  drop=0.000  SINR= 17.9dB  KL= 0.0057  ent=0.385  clip=0.073  ev=+0.18  t=98343s
[1795/2000] rew= 5444.6  thr=74.40Mbps  comp=0.669  drop=0.000  SINR= 21.7dB  KL= 0.0033  ent=0.339  clip=0.033  ev=+0.36  t=98562s
  --- eval at update 1799 ---
    PPO           reward  4583.44  thrpt  83.98Mbps  comp 0.614  totfail 0.382  depth 1.92  eval_s=78.6
  [eval-time] update 1799: 78.6s total
    [batch-verify] update 1800: 4 slots, max scaled |diff| 5.72e-06 OK
[1800/2000] rew= 3299.5  thr=88.41Mbps  comp=0.559  drop=0.000  SINR= 18.6dB  KL= 0.0025  ent=0.425  clip=0.025  ev=+0.56  t=98865s
    [kl-stop] update 1805: minibatch KL 0.0308 > 0.0300 (epoch 4/4) -- actor frozen, value-only for remaining passes
[1805/2000] rew= 1741.3  thr=113.36Mbps  comp=0.512  drop=0.000  SINR= 11.5dB  KL= 0.0116  ent=0.705  clip=0.145  ev=+0.44  t=99098s
  --- eval at update 1809 ---
    PPO           reward  4661.87  thrpt  84.14Mbps  comp 0.617  totfail 0.380  depth 1.96  eval_s=78.6
  [eval-time] update 1809: 78.6s total
[1810/2000] rew= 4809.3  thr=64.67Mbps  comp=0.671  drop=0.000  SINR= 22.1dB  KL= 0.0020  ent=0.239  clip=0.018  ev=+0.44  t=99379s
[1815/2000] rew= 6288.1  thr=65.21Mbps  comp=0.765  drop=0.000  SINR= 14.5dB  KL= 0.0031  ent=0.279  clip=0.032  ev=+0.30  t=99604s
  --- eval at update 1819 ---
    PPO           reward  4693.60  thrpt  84.25Mbps  comp 0.618  totfail 0.379  depth 1.99  eval_s=81.4
  [eval-time] update 1819: 81.4s total
[1820/2000] rew= 5470.9  thr=95.61Mbps  comp=0.614  drop=0.000  SINR= 14.6dB  KL= 0.0029  ent=0.474  clip=0.034  ev=+0.18  t=99920s
    [batch-verify] update 1825: 4 slots, max scaled |diff| 2.86e-06 OK
[1825/2000] rew= 6966.2  thr=75.73Mbps  comp=0.744  drop=0.000  SINR= 17.3dB  KL= 0.0070  ent=0.383  clip=0.089  ev=+0.29  t=100141s
  --- eval at update 1829 ---
    PPO           reward  4718.72  thrpt  84.43Mbps  comp 0.619  totfail 0.378  depth 2.02  eval_s=81.5
  [eval-time] update 1829: 81.5s total
[1830/2000] rew= 4314.4  thr=50.98Mbps  comp=0.715  drop=0.000  SINR= 14.5dB  KL= 0.0013  ent=0.182  clip=0.009  ev=+0.06  t=100443s
[1835/2000] rew= 4007.6  thr=64.69Mbps  comp=0.631  drop=0.000  SINR= 15.0dB  KL= 0.0010  ent=0.282  clip=0.007  ev=+0.20  t=100672s
  --- eval at update 1839 ---
    PPO           reward  4719.16  thrpt  84.45Mbps  comp 0.619  totfail 0.378  depth 2.00  eval_s=79.6
  [eval-time] update 1839: 79.6s total
[1840/2000] rew= 4135.8  thr=120.16Mbps  comp=0.553  drop=0.000  SINR= 12.3dB  KL= 0.0091  ent=0.772  clip=0.120  ev=+0.58  t=101003s
[1845/2000] rew= 5440.3  thr=77.93Mbps  comp=0.657  drop=0.000  SINR= 18.7dB  KL= 0.0018  ent=0.348  clip=0.015  ev=+0.14  t=101231s
  --- eval at update 1849 ---
    PPO           reward  4750.01  thrpt  84.62Mbps  comp 0.619  totfail 0.377  depth 2.01  eval_s=81.3
  [eval-time] update 1849: 81.3s total
    [batch-verify] update 1850: 4 slots, max scaled |diff| 1.91e-06 OK
[1850/2000] rew= 9236.0  thr=90.13Mbps  comp=0.794  drop=0.000  SINR= 22.2dB  KL= 0.0015  ent=0.480  clip=0.013  ev=+0.21  t=101521s
[1855/2000] rew= 4198.6  thr=81.90Mbps  comp=0.597  drop=0.000  SINR= 15.4dB  KL= 0.0033  ent=0.397  clip=0.039  ev=+0.51  t=101756s
  --- eval at update 1859 ---
    PPO           reward  4639.91  thrpt  84.12Mbps  comp 0.616  totfail 0.381  depth 2.00  eval_s=84.5
  [eval-time] update 1859: 84.5s total
[1860/2000] rew= 2910.5  thr=96.74Mbps  comp=0.541  drop=0.000  SINR= 11.1dB  KL= 0.0048  ent=0.539  clip=0.059  ev=+0.39  t=102067s
[1865/2000] rew= 1960.1  thr=75.69Mbps  comp=0.531  drop=0.000  SINR= 12.5dB  KL= 0.0086  ent=0.314  clip=0.095  ev=+0.32  t=102294s
  --- eval at update 1869 ---
    PPO           reward  4600.05  thrpt  83.95Mbps  comp 0.615  totfail 0.382  depth 2.00  eval_s=79.3
  [eval-time] update 1869: 79.3s total
[1870/2000] rew= 2861.5  thr=90.35Mbps  comp=0.547  drop=0.000  SINR= 12.5dB  KL= 0.0048  ent=0.456  clip=0.055  ev=+0.25  t=102596s
    [batch-verify] update 1875: 4 slots, max scaled |diff| 7.63e-06 OK
[1875/2000] rew= 3147.7  thr=74.48Mbps  comp=0.570  drop=0.000  SINR= 20.4dB  KL= 0.0034  ent=0.339  clip=0.033  ev=+0.51  t=102809s
  --- eval at update 1879 ---
    PPO           reward  4577.54  thrpt  83.85Mbps  comp 0.614  totfail 0.382  depth 2.01  eval_s=78.7
  [eval-time] update 1879: 78.7s total
[1880/2000] rew= 4707.3  thr=90.19Mbps  comp=0.601  drop=0.000  SINR= 11.6dB  KL= 0.0035  ent=0.485  clip=0.044  ev=+0.38  t=103107s
[1885/2000] rew= 3774.5  thr=65.00Mbps  comp=0.617  drop=0.000  SINR= 21.6dB  KL= 0.0023  ent=0.230  clip=0.024  ev=+0.30  t=103338s
  --- eval at update 1889 ---
    PPO           reward  4574.33  thrpt  83.93Mbps  comp 0.614  totfail 0.383  depth 1.99  eval_s=78.8
  [eval-time] update 1889: 78.8s total
[1890/2000] rew= 3119.3  thr=105.36Mbps  comp=0.541  drop=0.000  SINR= 13.8dB  KL= 0.0031  ent=0.464  clip=0.035  ev=+0.52  t=103628s
[1895/2000] rew= 1622.4  thr=66.85Mbps  comp=0.527  drop=0.000  SINR= 12.7dB  KL= 0.0050  ent=0.250  clip=0.063  ev=+0.55  t=103845s
  --- eval at update 1899 ---
    PPO           reward  4589.37  thrpt  83.83Mbps  comp 0.615  totfail 0.382  depth 2.00  eval_s=80.1
  [eval-time] update 1899: 80.1s total
    [batch-verify] update 1900: 4 slots, max scaled |diff| 3.81e-06 OK
[1900/2000] rew= 5778.0  thr=85.71Mbps  comp=0.648  drop=0.000  SINR= 14.3dB  KL= 0.0025  ent=0.379  clip=0.025  ev=+0.33  t=104138s
[1905/2000] rew= 2476.9  thr=74.84Mbps  comp=0.548  drop=0.000  SINR= 14.2dB  KL= 0.0016  ent=0.290  clip=0.013  ev=+0.51  t=104355s
  --- eval at update 1909 ---
    PPO           reward  4508.64  thrpt  83.69Mbps  comp 0.612  totfail 0.385  depth 1.96  eval_s=77.7
  [eval-time] update 1909: 77.7s total
[1910/2000] rew= 3967.1  thr=74.94Mbps  comp=0.601  drop=0.000  SINR= 19.7dB  KL= 0.0011  ent=0.305  clip=0.005  ev=+0.20  t=104649s
[1915/2000] rew= 6560.2  thr=65.76Mbps  comp=0.783  drop=0.000  SINR= 22.8dB  KL= 0.0011  ent=0.214  clip=0.006  ev=-0.10  t=104860s
  --- eval at update 1919 ---
    PPO           reward  4565.29  thrpt  83.78Mbps  comp 0.614  totfail 0.383  depth 1.99  eval_s=79.8
  [eval-time] update 1919: 79.8s total
[1920/2000] rew= 5677.2  thr=60.05Mbps  comp=0.759  drop=0.000  SINR= 23.0dB  KL= 0.0016  ent=0.192  clip=0.011  ev=+0.11  t=105135s
    [batch-verify] update 1925: 4 slots, max scaled |diff| 2.86e-06 OK
[1925/2000] rew= 4762.5  thr=49.16Mbps  comp=0.764  drop=0.000  SINR= 19.2dB  KL= 0.0004  ent=0.147  clip=0.000  ev=-0.23  t=105354s
  --- eval at update 1929 ---
    PPO           reward  4523.66  thrpt  83.64Mbps  comp 0.613  totfail 0.384  depth 1.99  eval_s=79.5
  [eval-time] update 1929: 79.5s total
[1930/2000] rew= 5410.4  thr=50.74Mbps  comp=0.819  drop=0.000  SINR= 21.9dB  KL= 0.0003  ent=0.134  clip=0.000  ev=-0.13  t=105647s
[1935/2000] rew= 5333.7  thr=107.57Mbps  comp=0.593  drop=0.000  SINR= 16.2dB  KL= 0.0012  ent=0.565  clip=0.004  ev=+0.46  t=105882s
  --- eval at update 1939 ---
    PPO           reward  4568.03  thrpt  83.96Mbps  comp 0.613  totfail 0.383  depth 2.02  eval_s=79.8
  [eval-time] update 1939: 79.8s total
[1940/2000] rew= 4370.8  thr=105.99Mbps  comp=0.570  drop=0.000  SINR= 14.4dB  KL= 0.0004  ent=0.484  clip=0.001  ev=+0.29  t=106183s
[1945/2000] rew= 4809.5  thr=53.18Mbps  comp=0.737  drop=0.000  SINR= 22.3dB  KL= 0.0004  ent=0.161  clip=0.000  ev=+0.22  t=106399s
  --- eval at update 1949 ---
    PPO           reward  4666.25  thrpt  84.26Mbps  comp 0.617  totfail 0.380  depth 2.08  eval_s=79.5
  [eval-time] update 1949: 79.5s total
    [batch-verify] update 1950: 4 slots, max scaled |diff| 1.45e-06 OK
[1950/2000] rew= 6387.3  thr=62.95Mbps  comp=0.788  drop=0.000  SINR= 23.2dB  KL= 0.0015  ent=0.201  clip=0.010  ev=+0.13  t=106689s
[1955/2000] rew= 1255.3  thr=33.46Mbps  comp=0.557  drop=0.001  SINR= 22.1dB  KL= 0.0001  ent=0.103  clip=0.000  ev=+0.21  t=106913s
  --- eval at update 1959 ---
    PPO           reward  4656.05  thrpt  84.24Mbps  comp 0.617  totfail 0.380  depth 2.06  eval_s=79.6
  [eval-time] update 1959: 79.6s total
[1960/2000] rew= 4385.7  thr=81.78Mbps  comp=0.605  drop=0.000  SINR= 14.0dB  KL= 0.0001  ent=0.349  clip=0.000  ev=+0.56  t=107219s
[1965/2000] rew= 4924.5  thr=84.06Mbps  comp=0.618  drop=0.000  SINR= 14.8dB  KL= 0.0013  ent=0.399  clip=0.009  ev=+0.36  t=107436s
  --- eval at update 1969 ---
    PPO           reward  4713.55  thrpt  84.41Mbps  comp 0.619  totfail 0.378  depth 2.09  eval_s=78.2
  [eval-time] update 1969: 78.3s total
[1970/2000] rew= 3186.6  thr=77.52Mbps  comp=0.568  drop=0.000  SINR= 13.4dB  KL= 0.0002  ent=0.323  clip=0.000  ev=+0.11  t=107723s
    [batch-verify] update 1975: 4 slots, max scaled |diff| 3.81e-06 OK
[1975/2000] rew= 5841.4  thr=61.94Mbps  comp=0.752  drop=0.000  SINR= 19.6dB  KL= 0.0000  ent=0.201  clip=0.000  ev=+0.44  t=107911s
  --- eval at update 1979 ---
    PPO           reward  4680.99  thrpt  84.33Mbps  comp 0.617  totfail 0.379  depth 2.08  eval_s=79.8
  [eval-time] update 1979: 79.8s total
[1980/2000] rew= 2056.8  thr=60.21Mbps  comp=0.549  drop=0.000  SINR= 15.0dB  KL= 0.0002  ent=0.214  clip=0.000  ev=+0.46  t=108210s
[1985/2000] rew= 4895.8  thr=66.83Mbps  comp=0.668  drop=0.000  SINR= 12.8dB  KL= 0.0000  ent=0.304  clip=0.000  ev=+0.49  t=108428s
  --- eval at update 1989 ---
    PPO           reward  4662.67  thrpt  84.26Mbps  comp 0.617  totfail 0.380  depth 2.08  eval_s=81.6
  [eval-time] update 1989: 81.6s total
[1990/2000] rew= 1399.7  thr=112.50Mbps  comp=0.503  drop=0.000  SINR=  9.7dB  KL= 0.0001  ent=0.650  clip=0.000  ev=+0.48  t=108739s
[1995/2000] rew= 2415.0  thr=44.36Mbps  comp=0.603  drop=0.000  SINR= 17.5dB  KL= 0.0000  ent=0.147  clip=0.000  ev=+0.22  t=108945s
[1999/2000] rew= 5677.3  thr=59.14Mbps  comp=0.764  drop=0.000  SINR= 22.0dB  KL= 0.0000  ent=0.183  clip=0.000  ev=+0.18  t=109142s
  --- eval at update 1999 ---
    PPO           reward  4678.38  thrpt  84.31Mbps  comp 0.617  totfail 0.380  depth 2.08  eval_s=79.9
  [eval-time] update 1999: 79.9s total
latest.pt saved at update 1999

Done. 2000 updates in 109222s  (54.6s/update). Best eval reward: 5704.86
