{
  "run_dir": "/home/MYH/ML_DRL_Scheduler/PaperMain/runs/21_base_hl_cqi4_bernoulli_lr2000_s2024_20260911_gpu3",
  "resume": null,
  "version": 1,
  "recipe": "base",
  "config": {
    "age_norm_max": 50.0,
    "b_norm": 8000.0,
    "b_tx_epsilon": 1.0,
    "beta_rate": 1.0,
    "bs_ant_cols": 4,
    "bs_ant_rows": 4,
    "bs_polarization": "dual",
    "carrier_frequency": 3500000000.0,
    "codebook_size": 256,
    "cqi_mode": "nr4bit",
    "cqi_norm_const": 8.0,
    "deadline_max": 12,
    "deadline_min": 3,
    "debug": false,
    "decode_order": "rbg_major",
    "enable_pathloss": true,
    "enable_shadow_fading": true,
    "encoder_hidden": 128,
    "encoder_out_dim": 64,
    "episode_len_debug": 200,
    "episode_len_main": 1000,
    "eta_d": 1.0,
    "eta_data": 1.0,
    "indoor_probability": 0.0,
    "l_max": 4,
    "la_beta": 1.0,
    "la_beta_by_depth": [
      1.0162,
      0.8509,
      0.7732,
      0.728
    ],
    "la_mode": "post_rzf",
    "lambda_c": 1.0,
    "lambda_m": 2.0,
    "lambda_s": 1.0,
    "max_retx": 4,
    "mu_aware_la": false,
    "n_active_max": 32,
    "n_active_min": 16,
    "no_user_head_hidden": [
      128,
      64
    ],
    "noise_mode": "calibration",
    "num_bs_ant": 32,
    "num_rb_per_rbg": 8,
    "num_rbg": 8,
    "num_sc_per_rb": 12,
    "num_sym_per_rb": 14,
    "num_ue": 32,
    "num_ue_ant": 1,
    "o2i_model": "low",
    "p_arrival": 0.22,
    "p_arrival_ablation": [
      0.1,
      0.2,
      0.4
    ],
    "p_arrival_max": 0.5,
    "p_arrival_min": 0.15,
    "p_csi": 0.6,
    "p_csi_ablation": [
      1.0,
      0.5,
      0.2,
      0.1
    ],
    "p_total": 8.0,
    "packet_size_max": 12000,
    "packet_size_min": 4000,
    "pf_epsilon": 1.0,
    "pmi_mode": "type2_sparse_56bit",
    "ppo_batch_verify_every": 25,
    "ppo_batch_verify_slots": 4,
    "ppo_batch_verify_tol": 0.001,
    "ppo_batched_replay": true,
    "ppo_clip_eps": 0.2,
    "ppo_critic_v2": true,
    "ppo_entropy_coef": 0.02,
    "ppo_epochs": 4,
    "ppo_eval_episodes": 3,
    "ppo_eval_every": 10,
    "ppo_force_full_rank": false,
    "ppo_gae_lambda": 0.95,
    "ppo_gamma": 0.99,
    "ppo_learning_rate": 0.0003,
    "ppo_max_grad_norm": 0.5,
    "ppo_minibatch_size": 256,
    "ppo_no_user_scale": 1.0,
    "ppo_save_every": 1,
    "ppo_target_kl": 0.02,
    "ppo_value_coef": 0.25,
    "queue_size": 8,
    "rzf_alpha_mode": "noise",
    "scenario": "umi",
    "score_net_hidden": [
      128,
      64
    ],
    "seed": 2024,
    "share_critic_encoder": true,
    "speed_ablation_kmh": [
      3.0,
      10.0,
      30.0,
      60.0
    ],
    "subcarrier_spacing": 30000.0,
    "sus_ortho_threshold": 0.75,
    "t_c": 100,
    "target_snr_ablation_db": [
      5.0,
      10.0,
      15.0
    ],
    "target_snr_db": 10.0,
    "traffic_model": "bernoulli",
    "type2_L": 4,
    "type2_O1": 4,
    "type2_O2": 4,
    "type2_amp_bits": 3,
    "type2_phase_bits": 2,
    "ue_speed_kmh": 3.0,
    "ue_speed_max": 40.0,
    "ue_speed_min": 5.0,
    "ue_speed_mix": [],
    "value_head_hidden": [
      128,
      64
    ]
  },
  "artifact_config_sha256": "8bbcd8e83195713cf9baefe96af8d4e6ed4035481d791ef7ccd63f2f043be81c",
  "source_sha256": {
    "paper_train.py": "3095c067ce9ed3cf0dea43bcac5263e839986b85599e53ef4df43b84be3f64cc",
    "train_phase2.py": "2079a90c356a92d8cd591b378d6708b6b06d3185a84fc206d887d9bb9b3e4eca",
    "config.py": "734936660c5ea80ad64c8b58b1d9f2e6942e5e52787f5df7d07370cb0e8845a8",
    "env.py": "e91c83165b2717c3c021433c67fb6531ae20e6f714b934b936b6ff95aff5015d",
    "channel.py": "b308c63d369a181ba08788bc0f52f6f620c1ac3ff65ad210ae5367cd0d47e755",
    "csi.py": "e6084b6b514c1269e0a56c76637a07c2cffcf04cfa889683a38d23b10d71f356",
    "codebook.py": "93234f7b2aae3d7f5b593deca8aa8c4aace3c0756e2a20abe577e1ffbe381abf",
    "phy.py": "f18d9d7cf57a981c6e835a955eea0a0195e2efdf6aad675312566b61b0b66846",
    "la_planner.py": "ddb6028d2fd138b6b4517ecc5a73ea109915f1029081350a42a152343bb3d39d",
    "traffic.py": "3a4c341b240924110c82c296eec3b7bf67dfcf2d7d8e2043557462ae843cdf01",
    "transmission.py": "317e0ece855e33de44445a7c4ecb90cddbad5dbcc70dd9357435864f5887276e",
    "policy.py": "b668806d4604abe7f69683a4b78136dd4a811abe1597dadb640c22d4507af9f5",
    "ppo.py": "dc3157aed774fe410f729b142db5f914fd095ba824d0366d8f619c50b27fd298",
    "baselines.py": "c227fdc61c836969f1c8f7d7bf2cbccce0efd7e1a36b4940cc6b4dddd0e17e07",
    "metrics.py": "cba7a47dd1de4c5487bf5ee91925f3b0a869436430496044ad5bf9bada9a8809",
    "calibration/profile.py": "35e4c3ff438eaa29770b905229ad67d47fd4bd73acc298ac00e5708cc0a98d92"
  },
  "schedule": {
    "lr_final": 0.0,
    "lr_decay_updates": 2000
  },
  "schedule_origin": "override",
  "replay_origin": "override",
  "traffic_origin": "override",
  "target_updates": 2000,
  "smoke_slots": null,
  "purpose": "training",
  "execution": {
    "device": "cuda",
    "gpu": "3",
    "threads": 4
  },
  "runtime": {
    "python": "3.11.0rc1",
    "system": "Linux",
    "machine": "x86_64",
    "packages": {
      "numpy": "1.26.4",
      "torch": "2.7.1+cu118",
      "tensorflow": "2.15.0",
      "sionna": "1.2.1",
      "tensorboard": "2.15.1",
      "scipy": "1.17.0"
    },
    "torch_cuda": "11.8",
    "gpu_name": "NVIDIA GeForce RTX 4090"
  },
  "calibration_profile": {
    "path": "/home/MYH/ML_DRL_Scheduler/PaperMain/results/cqi4_hl_corrected_v2/summary.json",
    "file_sha256": "258e90406be65d7621d0938bb7755034b35c6d4f1485f4a28e7da2c506009110",
    "document_sha256": "0a8a6ff47855f24c33b8e348019ab30a4f73e05d7ef02e553eae18f5ee72e39e",
    "document": {
      "schema_version": 1,
      "protocol": "cqi4-feasible-v1",
      "status": "validated",
      "config": {
        "seed": 2024,
        "num_bs_ant": 32,
        "num_ue_ant": 1,
        "bs_ant_rows": 4,
        "bs_ant_cols": 4,
        "bs_polarization": "dual",
        "num_ue": 32,
        "n_active_min": 16,
        "n_active_max": 32,
        "ue_speed_min": 5.0,
        "ue_speed_max": 40.0,
        "num_rbg": 8,
        "num_rb_per_rbg": 8,
        "num_sc_per_rb": 12,
        "num_sym_per_rb": 14,
        "subcarrier_spacing": 30000.0,
        "carrier_frequency": 3500000000.0,
        "l_max": 4,
        "scenario": "umi",
        "o2i_model": "low",
        "enable_pathloss": true,
        "enable_shadow_fading": true,
        "indoor_probability": 0.0,
        "ue_speed_kmh": 3.0,
        "speed_ablation_kmh": [
          3.0,
          10.0,
          30.0,
          60.0
        ],
        "ue_speed_mix": [],
        "pmi_mode": "type2_sparse_56bit",
        "codebook_size": 256,
        "type2_O1": 4,
        "type2_O2": 4,
        "type2_L": 4,
        "type2_amp_bits": 3,
        "type2_phase_bits": 2,
        "p_csi": 0.6,
        "p_csi_ablation": [
          1.0,
          0.5,
          0.2,
          0.1
        ],
        "cqi_mode": "nr4bit",
        "p_arrival": 0.22,
        "p_arrival_min": 0.15,
        "p_arrival_max": 0.5,
        "p_arrival_ablation": [
          0.1,
          0.2,
          0.4
        ],
        "packet_size_min": 4000,
        "packet_size_max": 12000,
        "deadline_min": 3,
        "deadline_max": 12,
        "queue_size": 8,
        "eta_data": 1.0,
        "beta_rate": 1.0,
        "la_beta": 1.0,
        "la_beta_by_depth": [],
        "b_tx_epsilon": 1.0,
        "mu_aware_la": false,
        "la_mode": "post_rzf",
        "decode_order": "rbg_major",
        "p_total": 8.0,
        "target_snr_db": 10.0,
        "target_snr_ablation_db": [
          5.0,
          10.0,
          15.0
        ],
        "noise_mode": "calibration",
        "rzf_alpha_mode": "noise",
        "max_retx": 4,
        "lambda_s": 1.0,
        "lambda_c": 1.0,
        "lambda_m": 2.0,
        "eta_d": 1.0,
        "b_norm": 8000.0,
        "t_c": 100,
        "sus_ortho_threshold": 0.75,
        "pf_epsilon": 1.0,
        "cqi_norm_const": 8.0,
        "age_norm_max": 50.0,
        "ppo_gamma": 0.99,
        "ppo_gae_lambda": 0.95,
        "ppo_clip_eps": 0.2,
        "ppo_learning_rate": 0.0003,
        "ppo_value_coef": 0.25,
        "ppo_entropy_coef": 0.02,
        "ppo_max_grad_norm": 0.5,
        "ppo_epochs": 4,
        "ppo_minibatch_size": 256,
        "ppo_target_kl": 0.02,
        "ppo_critic_v2": true,
        "ppo_batched_replay": false,
        "ppo_force_full_rank": false,
        "ppo_no_user_scale": 1.0,
        "ppo_batch_verify_every": 25,
        "ppo_batch_verify_slots": 4,
        "ppo_batch_verify_tol": 0.001,
        "encoder_hidden": 128,
        "encoder_out_dim": 64,
        "score_net_hidden": [
          128,
          64
        ],
        "no_user_head_hidden": [
          128,
          64
        ],
        "value_head_hidden": [
          128,
          64
        ],
        "share_critic_encoder": true,
        "ppo_eval_every": 10,
        "ppo_eval_episodes": 3,
        "ppo_save_every": 1,
        "episode_len_main": 1000,
        "episode_len_debug": 200,
        "debug": false
      },
      "reference_config_sha256": "8bbcd8e83195713cf9baefe96af8d4e6ed4035481d791ef7ccd63f2f043be81c",
      "source_sha256": {
        "calibration/beta_m_calib_holdout.py": "f57ab3a07175f66504f9410e9cb560b298adbda0d22e431d36ebd61c81966987",
        "calibration/cqi4.py": "be2aaeeee46cca8bd72fdd335ad06e86f0614d418414365c0462e2796f85fc20",
        "calibration/profile.py": "35e4c3ff438eaa29770b905229ad67d47fd4bd73acc298ac00e5708cc0a98d92",
        "channel.py": "b308c63d369a181ba08788bc0f52f6f620c1ac3ff65ad210ae5367cd0d47e755",
        "codebook.py": "93234f7b2aae3d7f5b593deca8aa8c4aace3c0756e2a20abe577e1ffbe381abf",
        "config.py": "5ab93d0212e1a86449896252514ffd4ddb7666410117a720efc527bb7db47658",
        "csi.py": "e6084b6b514c1269e0a56c76637a07c2cffcf04cfa889683a38d23b10d71f356",
        "env.py": "e91c83165b2717c3c021433c67fb6531ae20e6f714b934b936b6ff95aff5015d",
        "la_planner.py": "ddb6028d2fd138b6b4517ecc5a73ea109915f1029081350a42a152343bb3d39d",
        "paper_calibration.py": "4fa79689189ca4fd5135cc6a0865e36a4f34faf8e48d83c44902d7893d85c88d",
        "phy.py": "f18d9d7cf57a981c6e835a955eea0a0195e2efdf6aad675312566b61b0b66846",
        "traffic.py": "49f1822387d29c4b8333cc73ea22f64af9fa153800651dcf7c14cb139e3fd4aa",
        "transmission.py": "317e0ece855e33de44445a7c4ecb90cddbad5dbcc70dd9357435864f5887276e"
      },
      "created_at": "2026-09-09T01:58:32.525402+00:00",
      "threads": 4,
      "sampling": {
        "every_slots": 7,
        "groups_per_depth_per_sample": 2,
        "law": "uniform_without_replacement_over_feedback_eligible_UEs",
        "traffic": "empty actions; all-new full-capacity reference groups",
        "insufficient_population": "skip draw without redrawing RBG",
        "membership": "frozen beta times every raw cap must pass runtime epsilon"
      },
      "target_coverage": {
        "target_first_ack": 0.9,
        "interpretation": "reference-group estimate; not a policy or BLER guarantee"
      },
      "calibration": {
        "start": 50000,
        "episodes": 36,
        "sampler_seed": 777,
        "slots": 1000,
        "membership": {
          "1": {
            "member_count": 10296,
            "below_epsilon_members": 0,
            "minimum_raw_cap": 204.6911999999998,
            "minimum_scaled_cap": 208.0071974399998,
            "epsilon": 1.0
          },
          "2": {
            "member_count": 20592,
            "below_epsilon_members": 0,
            "minimum_raw_cap": 24.751201510432686,
            "minimum_scaled_cap": 21.060797365227174,
            "epsilon": 1.0
          },
          "3": {
            "member_count": 30888,
            "below_epsilon_members": 0,
            "minimum_raw_cap": 9.693088419334057,
            "minimum_scaled_cap": 7.494695965829092,
            "epsilon": 1.0
          },
          "4": {
            "member_count": 41184,
            "below_epsilon_members": 0,
            "minimum_raw_cap": 5.406800226721885,
            "minimum_scaled_cap": 3.9361505650535324,
            "epsilon": 1.0
          }
        },
        "diagnostics": {
          "1": [
            {
              "draws": 286,
              "groups": 286,
              "members": 286,
              "skipped_insufficient": 0,
              "candidate_slots": 9152,
              "excluded_candidates": 900,
              "cqi_zero_candidates": 900,
              "real_zero_mi_members": 0
            },
            {
              "draws": 286,
              "groups": 286,
              "members": 286,
              "skipped_insufficient": 0,
              "candidate_slots": 9152,
              "excluded_candidates": 274,
              "cqi_zero_candidates": 274,
              "real_zero_mi_members": 0
            },
            {
              "draws": 286,
              "groups": 286,
              "members": 286,
              "skipped_insufficient": 0,
              "candidate_slots": 9152,
              "excluded_candidates": 366,
              "cqi_zero_candidates": 366,
              "real_zero_mi_members": 0
            },
            {
              "draws": 286,
              "groups": 286,
              "members": 286,
              "skipped_insufficient": 0,
              "candidate_slots": 9152,
              "excluded_candidates": 1,
              "cqi_zero_candidates": 1,
              "real_zero_mi_members": 0
            },
            {
              "draws": 286,
              "groups": 286,
              "members": 286,
              "skipped_insufficient": 0,
              "candidate_slots": 9152,
              "excluded_candidates": 849,
              "cqi_zero_candidates": 849,
              "real_zero_mi_members": 0
            },
            {
              "draws": 286,
              "groups": 286,
              "members": 286,
              "skipped_insufficient": 0,
              "candidate_slots": 9152,
              "excluded_candidates": 166,
              "cqi_zero_candidates": 166,
              "real_zero_mi_members": 0
            },
            {
              "draws": 286,
              "groups": 286,
              "members": 286,
              "skipped_insufficient": 0,
              "candidate_slots": 9152,
              "excluded_candidates": 214,
              "cqi_zero_candidates": 214,
              "real_zero_mi_members": 0
            },
            {
              "draws": 286,
              "groups": 286,
              "members": 286,
              "skipped_insufficient": 0,
              "candidate_slots": 9152,
              "excluded_candidates": 984,
              "cqi_zero_candidates": 984,
              "real_zero_mi_members": 0
            },
            {
              "draws": 286,
              "groups": 286,
              "members": 286,
              "skipped_insufficient": 0,
              "candidate_slots": 9152,
              "excluded_candidates": 46,
              "cqi_zero_candidates": 46,
              "real_zero_mi_members": 0
            },
            {
              "draws": 286,
              "groups": 286,
              "members": 286,
              "skipped_insufficient": 0,
              "candidate_slots": 9152,
              "excluded_candidates": 151,
              "cqi_zero_candidates": 151,
              "real_zero_mi_members": 0
            },
            {
              "draws": 286,
              "groups": 286,
              "members": 286,
              "skipped_insufficient": 0,
              "candidate_slots": 9152,
              "excluded_candidates": 447,
              "cqi_zero_candidates": 447,
              "real_zero_mi_members": 0
            },
            {
              "draws": 286,
              "groups": 286,
              "members": 286,
              "skipped_insufficient": 0,
              "candidate_slots": 9152,
              "excluded_candidates": 96,
              "cqi_zero_candidates": 96,
              "real_zero_mi_members": 0
            },
            {
              "draws": 286,
              "groups": 286,
              "members": 286,
              "skipped_insufficient": 0,
              "candidate_slots": 9152,
              "excluded_candidates": 844,
              "cqi_zero_candidates": 844,
              "real_zero_mi_members": 0
            },
            {
              "draws": 286,
              "groups": 286,
              "members": 286,
              "skipped_insufficient": 0,
              "candidate_slots": 9152,
              "excluded_candidates": 133,
              "cqi_zero_candidates": 133,
              "real_zero_mi_members": 0
            },
            {
              "draws": 286,
              "groups": 286,
              "members": 286,
              "skipped_insufficient": 0,
              "candidate_slots": 9152,
              "excluded_candidates": 8,
              "cqi_zero_candidates": 8,
              "real_zero_mi_members": 0
            },
            {
              "draws": 286,
              "groups": 286,
              "members": 286,
              "skipped_insufficient": 0,
              "candidate_slots": 9152,
              "excluded_candidates": 622,
              "cqi_zero_candidates": 622,
              "real_zero_mi_members": 0
            },
            {
              "draws": 286,
              "groups": 286,
              "members": 286,
              "skipped_insufficient": 0,
              "candidate_slots": 9152,
              "excluded_candidates": 276,
              "cqi_zero_candidates": 276,
              "real_zero_mi_members": 0
            },
            {
              "draws": 286,
              "groups": 286,
              "members": 286,
              "skipped_insufficient": 0,
              "candidate_slots": 9152,
              "excluded_candidates": 21,
              "cqi_zero_candidates": 21,
              "real_zero_mi_members": 0
            },
            {
              "draws": 286,
              "groups": 286,
              "members": 286,
              "skipped_insufficient": 0,
              "candidate_slots": 9152,
              "excluded_candidates": 77,
              "cqi_zero_candidates": 77,
              "real_zero_mi_members": 0
            },
            {
              "draws": 286,
              "groups": 286,
              "members": 286,
              "skipped_insufficient": 0,
              "candidate_slots": 9152,
              "excluded_candidates": 384,
              "cqi_zero_candidates": 384,
              "real_zero_mi_members": 0
            },
            {
              "draws": 286,
              "groups": 286,
              "members": 286,
              "skipped_insufficient": 0,
              "candidate_slots": 9152,
              "excluded_candidates": 187,
              "cqi_zero_candidates": 187,
              "real_zero_mi_members": 0
            },
            {
              "draws": 286,
              "groups": 286,
              "members": 286,
              "skipped_insufficient": 0,
              "candidate_slots": 9152,
              "excluded_candidates": 1037,
              "cqi_zero_candidates": 1037,
              "real_zero_mi_members": 0
            },
            {
              "draws": 286,
              "groups": 286,
              "members": 286,
              "skipped_insufficient": 0,
              "candidate_slots": 9152,
              "excluded_candidates": 249,
              "cqi_zero_candidates": 249,
              "real_zero_mi_members": 0
            },
            {
              "draws": 286,
              "groups": 286,
              "members": 286,
              "skipped_insufficient": 0,
              "candidate_slots": 9152,
              "excluded_candidates": 1298,
              "cqi_zero_candidates": 1298,
              "real_zero_mi_members": 0
            },
            {
              "draws": 286,
              "groups": 286,
              "members": 286,
              "skipped_insufficient": 0,
              "candidate_slots": 9152,
              "excluded_candidates": 775,
              "cqi_zero_candidates": 775,
              "real_zero_mi_members": 0
            },
            {
              "draws": 286,
              "groups": 286,
              "members": 286,
              "skipped_insufficient": 0,
              "candidate_slots": 9152,
              "excluded_candidates": 992,
              "cqi_zero_candidates": 992,
              "real_zero_mi_members": 0
            },
            {
              "draws": 286,
              "groups": 286,
              "members": 286,
              "skipped_insufficient": 0,
              "candidate_slots": 9152,
              "excluded_candidates": 815,
              "cqi_zero_candidates": 815,
              "real_zero_mi_members": 0
            },
            {
              "draws": 286,
              "groups": 286,
              "members": 286,
              "skipped_insufficient": 0,
              "candidate_slots": 9152,
              "excluded_candidates": 115,
              "cqi_zero_candidates": 115,
              "real_zero_mi_members": 0
            },
            {
              "draws": 286,
              "groups": 286,
              "members": 286,
              "skipped_insufficient": 0,
              "candidate_slots": 9152,
              "excluded_candidates": 530,
              "cqi_zero_candidates": 530,
              "real_zero_mi_members": 0
            },
            {
              "draws": 286,
              "groups": 286,
              "members": 286,
              "skipped_insufficient": 0,
              "candidate_slots": 9152,
              "excluded_candidates": 938,
              "cqi_zero_candidates": 938,
              "real_zero_mi_members": 0
            },
            {
              "draws": 286,
              "groups": 286,
              "members": 286,
              "skipped_insufficient": 0,
              "candidate_slots": 9152,
              "excluded_candidates": 60,
              "cqi_zero_candidates": 60,
              "real_zero_mi_members": 0
            },
            {
              "draws": 286,
              "groups": 286,
              "members": 286,
              "skipped_insufficient": 0,
              "candidate_slots": 9152,
              "excluded_candidates": 916,
              "cqi_zero_candidates": 916,
              "real_zero_mi_members": 0
            },
            {
              "draws": 286,
              "groups": 286,
              "members": 286,
              "skipped_insufficient": 0,
              "candidate_slots": 9152,
              "excluded_candidates": 309,
              "cqi_zero_candidates": 309,
              "real_zero_mi_members": 0
            },
            {
              "draws": 286,
              "groups": 286,
              "members": 286,
              "skipped_insufficient": 0,
              "candidate_slots": 9152,
              "excluded_candidates": 505,
              "cqi_zero_candidates": 505,
              "real_zero_mi_members": 0
            },
            {
              "draws": 286,
              "groups": 286,
              "members": 286,
              "skipped_insufficient": 0,
              "candidate_slots": 9152,
              "excluded_candidates": 235,
              "cqi_zero_candidates": 235,
              "real_zero_mi_members": 0
            },
            {
              "draws": 286,
              "groups": 286,
              "members": 286,
              "skipped_insufficient": 0,
              "candidate_slots": 9152,
              "excluded_candidates": 1294,
              "cqi_zero_candidates": 1294,
              "real_zero_mi_members": 0
            }
          ],
          "2": [
            {
              "draws": 286,
              "groups": 286,
              "members": 572,
              "skipped_insufficient": 0,
              "candidate_slots": 9152,
              "excluded_candidates": 927,
              "cqi_zero_candidates": 927,
              "real_zero_mi_members": 0
            },
            {
              "draws": 286,
              "groups": 286,
              "members": 572,
              "skipped_insufficient": 0,
              "candidate_slots": 9152,
              "excluded_candidates": 300,
              "cqi_zero_candidates": 300,
              "real_zero_mi_members": 0
            },
            {
              "draws": 286,
              "groups": 286,
              "members": 572,
              "skipped_insufficient": 0,
              "candidate_slots": 9152,
              "excluded_candidates": 375,
              "cqi_zero_candidates": 375,
              "real_zero_mi_members": 0
            },
            {
              "draws": 286,
              "groups": 286,
              "members": 572,
              "skipped_insufficient": 0,
              "candidate_slots": 9152,
              "excluded_candidates": 1,
              "cqi_zero_candidates": 1,
              "real_zero_mi_members": 0
            },
            {
              "draws": 286,
              "groups": 286,
              "members": 572,
              "skipped_insufficient": 0,
              "candidate_slots": 9152,
              "excluded_candidates": 867,
              "cqi_zero_candidates": 867,
              "real_zero_mi_members": 0
            },
            {
              "draws": 286,
              "groups": 286,
              "members": 572,
              "skipped_insufficient": 0,
              "candidate_slots": 9152,
              "excluded_candidates": 192,
              "cqi_zero_candidates": 192,
              "real_zero_mi_members": 0
            },
            {
              "draws": 286,
              "groups": 286,
              "members": 572,
              "skipped_insufficient": 0,
              "candidate_slots": 9152,
              "excluded_candidates": 216,
              "cqi_zero_candidates": 216,
              "real_zero_mi_members": 0
            },
            {
              "draws": 286,
              "groups": 286,
              "members": 572,
              "skipped_insufficient": 0,
              "candidate_slots": 9152,
              "excluded_candidates": 998,
              "cqi_zero_candidates": 998,
              "real_zero_mi_members": 0
            },
            {
              "draws": 286,
              "groups": 286,
              "members": 572,
              "skipped_insufficient": 0,
              "candidate_slots": 9152,
              "excluded_candidates": 47,
              "cqi_zero_candidates": 47,
              "real_zero_mi_members": 0
            },
            {
              "draws": 286,
              "groups": 286,
              "members": 572,
              "skipped_insufficient": 0,
              "candidate_slots": 9152,
              "excluded_candidates": 152,
              "cqi_zero_candidates": 152,
              "real_zero_mi_members": 0
            },
            {
              "draws": 286,
              "groups": 286,
              "members": 572,
              "skipped_insufficient": 0,
              "candidate_slots": 9152,
              "excluded_candidates": 449,
              "cqi_zero_candidates": 449,
              "real_zero_mi_members": 0
            },
            {
              "draws": 286,
              "groups": 286,
              "members": 572,
              "skipped_insufficient": 0,
              "candidate_slots": 9152,
              "excluded_candidates": 98,
              "cqi_zero_candidates": 98,
              "real_zero_mi_members": 0
            },
            {
              "draws": 286,
              "groups": 286,
              "members": 572,
              "skipped_insufficient": 0,
              "candidate_slots": 9152,
              "excluded_candidates": 811,
              "cqi_zero_candidates": 811,
              "real_zero_mi_members": 0
            },
            {
              "draws": 286,
              "groups": 286,
              "members": 572,
              "skipped_insufficient": 0,
              "candidate_slots": 9152,
              "excluded_candidates": 139,
              "cqi_zero_candidates": 139,
              "real_zero_mi_members": 0
            },
            {
              "draws": 286,
              "groups": 286,
              "members": 572,
              "skipped_insufficient": 0,
              "candidate_slots": 9152,
              "excluded_candidates": 3,
              "cqi_zero_candidates": 3,
              "real_zero_mi_members": 0
            },
            {
              "draws": 286,
              "groups": 286,
              "members": 572,
              "skipped_insufficient": 0,
              "candidate_slots": 9152,
              "excluded_candidates": 623,
              "cqi_zero_candidates": 623,
              "real_zero_mi_members": 0
            },
            {
              "draws": 286,
              "groups": 286,
              "members": 572,
              "skipped_insufficient": 0,
              "candidate_slots": 9152,
              "excluded_candidates": 273,
              "cqi_zero_candidates": 273,
              "real_zero_mi_members": 0
            },
            {
              "draws": 286,
              "groups": 286,
              "members": 572,
              "skipped_insufficient": 0,
              "candidate_slots": 9152,
              "excluded_candidates": 20,
              "cqi_zero_candidates": 20,
              "real_zero_mi_members": 0
            },
            {
              "draws": 286,
              "groups": 286,
              "members": 572,
              "skipped_insufficient": 0,
              "candidate_slots": 9152,
              "excluded_candidates": 72,
              "cqi_zero_candidates": 72,
              "real_zero_mi_members": 0
            },
            {
              "draws": 286,
              "groups": 286,
              "members": 572,
              "skipped_insufficient": 0,
              "candidate_slots": 9152,
              "excluded_candidates": 398,
              "cqi_zero_candidates": 398,
              "real_zero_mi_members": 0
            },
            {
              "draws": 286,
              "groups": 286,
              "members": 572,
              "skipped_insufficient": 0,
              "candidate_slots": 9152,
              "excluded_candidates": 198,
              "cqi_zero_candidates": 198,
              "real_zero_mi_members": 0
            },
            {
              "draws": 286,
              "groups": 286,
              "members": 572,
              "skipped_insufficient": 0,
              "candidate_slots": 9152,
              "excluded_candidates": 1046,
              "cqi_zero_candidates": 1046,
              "real_zero_mi_members": 0
            },
            {
              "draws": 286,
              "groups": 286,
              "members": 572,
              "skipped_insufficient": 0,
              "candidate_slots": 9152,
              "excluded_candidates": 257,
              "cqi_zero_candidates": 257,
              "real_zero_mi_members": 0
            },
            {
              "draws": 286,
              "groups": 286,
              "members": 572,
              "skipped_insufficient": 0,
              "candidate_slots": 9152,
              "excluded_candidates": 1284,
              "cqi_zero_candidates": 1284,
              "real_zero_mi_members": 0
            },
            {
              "draws": 286,
              "groups": 286,
              "members": 572,
              "skipped_insufficient": 0,
              "candidate_slots": 9152,
              "excluded_candidates": 789,
              "cqi_zero_candidates": 789,
              "real_zero_mi_members": 0
            },
            {
              "draws": 286,
              "groups": 286,
              "members": 572,
              "skipped_insufficient": 0,
              "candidate_slots": 9152,
              "excluded_candidates": 977,
              "cqi_zero_candidates": 977,
              "real_zero_mi_members": 0
            },
            {
              "draws": 286,
              "groups": 286,
              "members": 572,
              "skipped_insufficient": 0,
              "candidate_slots": 9152,
              "excluded_candidates": 803,
              "cqi_zero_candidates": 803,
              "real_zero_mi_members": 0
            },
            {
              "draws": 286,
              "groups": 286,
              "members": 572,
              "skipped_insufficient": 0,
              "candidate_slots": 9152,
              "excluded_candidates": 120,
              "cqi_zero_candidates": 120,
              "real_zero_mi_members": 0
            },
            {
              "draws": 286,
              "groups": 286,
              "members": 572,
              "skipped_insufficient": 0,
              "candidate_slots": 9152,
              "excluded_candidates": 540,
              "cqi_zero_candidates": 540,
              "real_zero_mi_members": 0
            },
            {
              "draws": 286,
              "groups": 286,
              "members": 572,
              "skipped_insufficient": 0,
              "candidate_slots": 9152,
              "excluded_candidates": 941,
              "cqi_zero_candidates": 941,
              "real_zero_mi_members": 0
            },
            {
              "draws": 286,
              "groups": 286,
              "members": 572,
              "skipped_insufficient": 0,
              "candidate_slots": 9152,
              "excluded_candidates": 77,
              "cqi_zero_candidates": 77,
              "real_zero_mi_members": 0
            },
            {
              "draws": 286,
              "groups": 286,
              "members": 572,
              "skipped_insufficient": 0,
              "candidate_slots": 9152,
              "excluded_candidates": 907,
              "cqi_zero_candidates": 907,
              "real_zero_mi_members": 0
            },
            {
              "draws": 286,
              "groups": 286,
              "members": 572,
              "skipped_insufficient": 0,
              "candidate_slots": 9152,
              "excluded_candidates": 307,
              "cqi_zero_candidates": 307,
              "real_zero_mi_members": 0
            },
            {
              "draws": 286,
              "groups": 286,
              "members": 572,
              "skipped_insufficient": 0,
              "candidate_slots": 9152,
              "excluded_candidates": 495,
              "cqi_zero_candidates": 495,
              "real_zero_mi_members": 0
            },
            {
              "draws": 286,
              "groups": 286,
              "members": 572,
              "skipped_insufficient": 0,
              "candidate_slots": 9152,
              "excluded_candidates": 208,
              "cqi_zero_candidates": 208,
              "real_zero_mi_members": 0
            },
            {
              "draws": 286,
              "groups": 286,
              "members": 572,
              "skipped_insufficient": 0,
              "candidate_slots": 9152,
              "excluded_candidates": 1310,
              "cqi_zero_candidates": 1310,
              "real_zero_mi_members": 0
            }
          ],
          "3": [
            {
              "draws": 286,
              "groups": 286,
              "members": 858,
              "skipped_insufficient": 0,
              "candidate_slots": 9152,
              "excluded_candidates": 912,
              "cqi_zero_candidates": 912,
              "real_zero_mi_members": 0
            },
            {
              "draws": 286,
              "groups": 286,
              "members": 858,
              "skipped_insufficient": 0,
              "candidate_slots": 9152,
              "excluded_candidates": 278,
              "cqi_zero_candidates": 278,
              "real_zero_mi_members": 0
            },
            {
              "draws": 286,
              "groups": 286,
              "members": 858,
              "skipped_insufficient": 0,
              "candidate_slots": 9152,
              "excluded_candidates": 372,
              "cqi_zero_candidates": 372,
              "real_zero_mi_members": 0
            },
            {
              "draws": 286,
              "groups": 286,
              "members": 858,
              "skipped_insufficient": 0,
              "candidate_slots": 9152,
              "excluded_candidates": 0,
              "cqi_zero_candidates": 0,
              "real_zero_mi_members": 0
            },
            {
              "draws": 286,
              "groups": 286,
              "members": 858,
              "skipped_insufficient": 0,
              "candidate_slots": 9152,
              "excluded_candidates": 859,
              "cqi_zero_candidates": 859,
              "real_zero_mi_members": 0
            },
            {
              "draws": 286,
              "groups": 286,
              "members": 858,
              "skipped_insufficient": 0,
              "candidate_slots": 9152,
              "excluded_candidates": 176,
              "cqi_zero_candidates": 176,
              "real_zero_mi_members": 0
            },
            {
              "draws": 286,
              "groups": 286,
              "members": 858,
              "skipped_insufficient": 0,
              "candidate_slots": 9152,
              "excluded_candidates": 216,
              "cqi_zero_candidates": 216,
              "real_zero_mi_members": 0
            },
            {
              "draws": 286,
              "groups": 286,
              "members": 858,
              "skipped_insufficient": 0,
              "candidate_slots": 9152,
              "excluded_candidates": 992,
              "cqi_zero_candidates": 992,
              "real_zero_mi_members": 0
            },
            {
              "draws": 286,
              "groups": 286,
              "members": 858,
              "skipped_insufficient": 0,
              "candidate_slots": 9152,
              "excluded_candidates": 39,
              "cqi_zero_candidates": 39,
              "real_zero_mi_members": 0
            },
            {
              "draws": 286,
              "groups": 286,
              "members": 858,
              "skipped_insufficient": 0,
              "candidate_slots": 9152,
              "excluded_candidates": 139,
              "cqi_zero_candidates": 139,
              "real_zero_mi_members": 0
            },
            {
              "draws": 286,
              "groups": 286,
              "members": 858,
              "skipped_insufficient": 0,
              "candidate_slots": 9152,
              "excluded_candidates": 435,
              "cqi_zero_candidates": 435,
              "real_zero_mi_members": 0
            },
            {
              "draws": 286,
              "groups": 286,
              "members": 858,
              "skipped_insufficient": 0,
              "candidate_slots": 9152,
              "excluded_candidates": 108,
              "cqi_zero_candidates": 108,
              "real_zero_mi_members": 0
            },
            {
              "draws": 286,
              "groups": 286,
              "members": 858,
              "skipped_insufficient": 0,
              "candidate_slots": 9152,
              "excluded_candidates": 825,
              "cqi_zero_candidates": 825,
              "real_zero_mi_members": 0
            },
            {
              "draws": 286,
              "groups": 286,
              "members": 858,
              "skipped_insufficient": 0,
              "candidate_slots": 9152,
              "excluded_candidates": 136,
              "cqi_zero_candidates": 136,
              "real_zero_mi_members": 0
            },
            {
              "draws": 286,
              "groups": 286,
              "members": 858,
              "skipped_insufficient": 0,
              "candidate_slots": 9152,
              "excluded_candidates": 8,
              "cqi_zero_candidates": 8,
              "real_zero_mi_members": 0
            },
            {
              "draws": 286,
              "groups": 286,
              "members": 858,
              "skipped_insufficient": 0,
              "candidate_slots": 9152,
              "excluded_candidates": 621,
              "cqi_zero_candidates": 621,
              "real_zero_mi_members": 0
            },
            {
              "draws": 286,
              "groups": 286,
              "members": 858,
              "skipped_insufficient": 0,
              "candidate_slots": 9152,
              "excluded_candidates": 273,
              "cqi_zero_candidates": 273,
              "real_zero_mi_members": 0
            },
            {
              "draws": 286,
              "groups": 286,
              "members": 858,
              "skipped_insufficient": 0,
              "candidate_slots": 9152,
              "excluded_candidates": 10,
              "cqi_zero_candidates": 10,
              "real_zero_mi_members": 0
            },
            {
              "draws": 286,
              "groups": 286,
              "members": 858,
              "skipped_insufficient": 0,
              "candidate_slots": 9152,
              "excluded_candidates": 73,
              "cqi_zero_candidates": 73,
              "real_zero_mi_members": 0
            },
            {
              "draws": 286,
              "groups": 286,
              "members": 858,
              "skipped_insufficient": 0,
              "candidate_slots": 9152,
              "excluded_candidates": 400,
              "cqi_zero_candidates": 400,
              "real_zero_mi_members": 0
            },
            {
              "draws": 286,
              "groups": 286,
              "members": 858,
              "skipped_insufficient": 0,
              "candidate_slots": 9152,
              "excluded_candidates": 179,
              "cqi_zero_candidates": 179,
              "real_zero_mi_members": 0
            },
            {
              "draws": 286,
              "groups": 286,
              "members": 858,
              "skipped_insufficient": 0,
              "candidate_slots": 9152,
              "excluded_candidates": 1040,
              "cqi_zero_candidates": 1040,
              "real_zero_mi_members": 0
            },
            {
              "draws": 286,
              "groups": 286,
              "members": 858,
              "skipped_insufficient": 0,
              "candidate_slots": 9152,
              "excluded_candidates": 268,
              "cqi_zero_candidates": 268,
              "real_zero_mi_members": 0
            },
            {
              "draws": 286,
              "groups": 286,
              "members": 858,
              "skipped_insufficient": 0,
              "candidate_slots": 9152,
              "excluded_candidates": 1297,
              "cqi_zero_candidates": 1297,
              "real_zero_mi_members": 0
            },
            {
              "draws": 286,
              "groups": 286,
              "members": 858,
              "skipped_insufficient": 0,
              "candidate_slots": 9152,
              "excluded_candidates": 797,
              "cqi_zero_candidates": 797,
              "real_zero_mi_members": 0
            },
            {
              "draws": 286,
              "groups": 286,
              "members": 858,
              "skipped_insufficient": 0,
              "candidate_slots": 9152,
              "excluded_candidates": 1000,
              "cqi_zero_candidates": 1000,
              "real_zero_mi_members": 0
            },
            {
              "draws": 286,
              "groups": 286,
              "members": 858,
              "skipped_insufficient": 0,
              "candidate_slots": 9152,
              "excluded_candidates": 810,
              "cqi_zero_candidates": 810,
              "real_zero_mi_members": 0
            },
            {
              "draws": 286,
              "groups": 286,
              "members": 858,
              "skipped_insufficient": 0,
              "candidate_slots": 9152,
              "excluded_candidates": 120,
              "cqi_zero_candidates": 120,
              "real_zero_mi_members": 0
            },
            {
              "draws": 286,
              "groups": 286,
              "members": 858,
              "skipped_insufficient": 0,
              "candidate_slots": 9152,
              "excluded_candidates": 538,
              "cqi_zero_candidates": 538,
              "real_zero_mi_members": 0
            },
            {
              "draws": 286,
              "groups": 286,
              "members": 858,
              "skipped_insufficient": 0,
              "candidate_slots": 9152,
              "excluded_candidates": 936,
              "cqi_zero_candidates": 936,
              "real_zero_mi_members": 0
            },
            {
              "draws": 286,
              "groups": 286,
              "members": 858,
              "skipped_insufficient": 0,
              "candidate_slots": 9152,
              "excluded_candidates": 81,
              "cqi_zero_candidates": 81,
              "real_zero_mi_members": 0
            },
            {
              "draws": 286,
              "groups": 286,
              "members": 858,
              "skipped_insufficient": 0,
              "candidate_slots": 9152,
              "excluded_candidates": 880,
              "cqi_zero_candidates": 880,
              "real_zero_mi_members": 0
            },
            {
              "draws": 286,
              "groups": 286,
              "members": 858,
              "skipped_insufficient": 0,
              "candidate_slots": 9152,
              "excluded_candidates": 317,
              "cqi_zero_candidates": 317,
              "real_zero_mi_members": 0
            },
            {
              "draws": 286,
              "groups": 286,
              "members": 858,
              "skipped_insufficient": 0,
              "candidate_slots": 9152,
              "excluded_candidates": 486,
              "cqi_zero_candidates": 486,
              "real_zero_mi_members": 0
            },
            {
              "draws": 286,
              "groups": 286,
              "members": 858,
              "skipped_insufficient": 0,
              "candidate_slots": 9152,
              "excluded_candidates": 215,
              "cqi_zero_candidates": 215,
              "real_zero_mi_members": 0
            },
            {
              "draws": 286,
              "groups": 286,
              "members": 858,
              "skipped_insufficient": 0,
              "candidate_slots": 9152,
              "excluded_candidates": 1276,
              "cqi_zero_candidates": 1276,
              "real_zero_mi_members": 0
            }
          ],
          "4": [
            {
              "draws": 286,
              "groups": 286,
              "members": 1144,
              "skipped_insufficient": 0,
              "candidate_slots": 9152,
              "excluded_candidates": 899,
              "cqi_zero_candidates": 899,
              "real_zero_mi_members": 0
            },
            {
              "draws": 286,
              "groups": 286,
              "members": 1144,
              "skipped_insufficient": 0,
              "candidate_slots": 9152,
              "excluded_candidates": 262,
              "cqi_zero_candidates": 262,
              "real_zero_mi_members": 0
            },
            {
              "draws": 286,
              "groups": 286,
              "members": 1144,
              "skipped_insufficient": 0,
              "candidate_slots": 9152,
              "excluded_candidates": 374,
              "cqi_zero_candidates": 374,
              "real_zero_mi_members": 0
            },
            {
              "draws": 286,
              "groups": 286,
              "members": 1144,
              "skipped_insufficient": 0,
              "candidate_slots": 9152,
              "excluded_candidates": 0,
              "cqi_zero_candidates": 0,
              "real_zero_mi_members": 0
            },
            {
              "draws": 286,
              "groups": 286,
              "members": 1144,
              "skipped_insufficient": 0,
              "candidate_slots": 9152,
              "excluded_candidates": 844,
              "cqi_zero_candidates": 844,
              "real_zero_mi_members": 0
            },
            {
              "draws": 286,
              "groups": 286,
              "members": 1144,
              "skipped_insufficient": 0,
              "candidate_slots": 9152,
              "excluded_candidates": 182,
              "cqi_zero_candidates": 182,
              "real_zero_mi_members": 0
            },
            {
              "draws": 286,
              "groups": 286,
              "members": 1144,
              "skipped_insufficient": 0,
              "candidate_slots": 9152,
              "excluded_candidates": 198,
              "cqi_zero_candidates": 198,
              "real_zero_mi_members": 0
            },
            {
              "draws": 286,
              "groups": 286,
              "members": 1144,
              "skipped_insufficient": 0,
              "candidate_slots": 9152,
              "excluded_candidates": 968,
              "cqi_zero_candidates": 968,
              "real_zero_mi_members": 0
            },
            {
              "draws": 286,
              "groups": 286,
              "members": 1144,
              "skipped_insufficient": 0,
              "candidate_slots": 9152,
              "excluded_candidates": 50,
              "cqi_zero_candidates": 50,
              "real_zero_mi_members": 0
            },
            {
              "draws": 286,
              "groups": 286,
              "members": 1144,
              "skipped_insufficient": 0,
              "candidate_slots": 9152,
              "excluded_candidates": 145,
              "cqi_zero_candidates": 145,
              "real_zero_mi_members": 0
            },
            {
              "draws": 286,
              "groups": 286,
              "members": 1144,
              "skipped_insufficient": 0,
              "candidate_slots": 9152,
              "excluded_candidates": 434,
              "cqi_zero_candidates": 434,
              "real_zero_mi_members": 0
            },
            {
              "draws": 286,
              "groups": 286,
              "members": 1144,
              "skipped_insufficient": 0,
              "candidate_slots": 9152,
              "excluded_candidates": 115,
              "cqi_zero_candidates": 115,
              "real_zero_mi_members": 0
            },
            {
              "draws": 286,
              "groups": 286,
              "members": 1144,
              "skipped_insufficient": 0,
              "candidate_slots": 9152,
              "excluded_candidates": 832,
              "cqi_zero_candidates": 832,
              "real_zero_mi_members": 0
            },
            {
              "draws": 286,
              "groups": 286,
              "members": 1144,
              "skipped_insufficient": 0,
              "candidate_slots": 9152,
              "excluded_candidates": 124,
              "cqi_zero_candidates": 124,
              "real_zero_mi_members": 0
            },
            {
              "draws": 286,
              "groups": 286,
              "members": 1144,
              "skipped_insufficient": 0,
              "candidate_slots": 9152,
              "excluded_candidates": 5,
              "cqi_zero_candidates": 5,
              "real_zero_mi_members": 0
            },
            {
              "draws": 286,
              "groups": 286,
              "members": 1144,
              "skipped_insufficient": 0,
              "candidate_slots": 9152,
              "excluded_candidates": 621,
              "cqi_zero_candidates": 621,
              "real_zero_mi_members": 0
            },
            {
              "draws": 286,
              "groups": 286,
              "members": 1144,
              "skipped_insufficient": 0,
              "candidate_slots": 9152,
              "excluded_candidates": 273,
              "cqi_zero_candidates": 273,
              "real_zero_mi_members": 0
            },
            {
              "draws": 286,
              "groups": 286,
              "members": 1144,
              "skipped_insufficient": 0,
              "candidate_slots": 9152,
              "excluded_candidates": 21,
              "cqi_zero_candidates": 21,
              "real_zero_mi_members": 0
            },
            {
              "draws": 286,
              "groups": 286,
              "members": 1144,
              "skipped_insufficient": 0,
              "candidate_slots": 9152,
              "excluded_candidates": 70,
              "cqi_zero_candidates": 70,
              "real_zero_mi_members": 0
            },
            {
              "draws": 286,
              "groups": 286,
              "members": 1144,
              "skipped_insufficient": 0,
              "candidate_slots": 9152,
              "excluded_candidates": 391,
              "cqi_zero_candidates": 391,
              "real_zero_mi_members": 0
            },
            {
              "draws": 286,
              "groups": 286,
              "members": 1144,
              "skipped_insufficient": 0,
              "candidate_slots": 9152,
              "excluded_candidates": 176,
              "cqi_zero_candidates": 176,
              "real_zero_mi_members": 0
            },
            {
              "draws": 286,
              "groups": 286,
              "members": 1144,
              "skipped_insufficient": 0,
              "candidate_slots": 9152,
              "excluded_candidates": 1038,
              "cqi_zero_candidates": 1038,
              "real_zero_mi_members": 0
            },
            {
              "draws": 286,
              "groups": 286,
              "members": 1144,
              "skipped_insufficient": 0,
              "candidate_slots": 9152,
              "excluded_candidates": 247,
              "cqi_zero_candidates": 247,
              "real_zero_mi_members": 0
            },
            {
              "draws": 286,
              "groups": 286,
              "members": 1144,
              "skipped_insufficient": 0,
              "candidate_slots": 9152,
              "excluded_candidates": 1311,
              "cqi_zero_candidates": 1311,
              "real_zero_mi_members": 0
            },
            {
              "draws": 286,
              "groups": 286,
              "members": 1144,
              "skipped_insufficient": 0,
              "candidate_slots": 9152,
              "excluded_candidates": 772,
              "cqi_zero_candidates": 772,
              "real_zero_mi_members": 0
            },
            {
              "draws": 286,
              "groups": 286,
              "members": 1144,
              "skipped_insufficient": 0,
              "candidate_slots": 9152,
              "excluded_candidates": 991,
              "cqi_zero_candidates": 991,
              "real_zero_mi_members": 0
            },
            {
              "draws": 286,
              "groups": 286,
              "members": 1144,
              "skipped_insufficient": 0,
              "candidate_slots": 9152,
              "excluded_candidates": 803,
              "cqi_zero_candidates": 803,
              "real_zero_mi_members": 0
            },
            {
              "draws": 286,
              "groups": 286,
              "members": 1144,
              "skipped_insufficient": 0,
              "candidate_slots": 9152,
              "excluded_candidates": 128,
              "cqi_zero_candidates": 128,
              "real_zero_mi_members": 0
            },
            {
              "draws": 286,
              "groups": 286,
              "members": 1144,
              "skipped_insufficient": 0,
              "candidate_slots": 9152,
              "excluded_candidates": 532,
              "cqi_zero_candidates": 532,
              "real_zero_mi_members": 0
            },
            {
              "draws": 286,
              "groups": 286,
              "members": 1144,
              "skipped_insufficient": 0,
              "candidate_slots": 9152,
              "excluded_candidates": 933,
              "cqi_zero_candidates": 933,
              "real_zero_mi_members": 0
            },
            {
              "draws": 286,
              "groups": 286,
              "members": 1144,
              "skipped_insufficient": 0,
              "candidate_slots": 9152,
              "excluded_candidates": 79,
              "cqi_zero_candidates": 79,
              "real_zero_mi_members": 0
            },
            {
              "draws": 286,
              "groups": 286,
              "members": 1144,
              "skipped_insufficient": 0,
              "candidate_slots": 9152,
              "excluded_candidates": 867,
              "cqi_zero_candidates": 867,
              "real_zero_mi_members": 0
            },
            {
              "draws": 286,
              "groups": 286,
              "members": 1144,
              "skipped_insufficient": 0,
              "candidate_slots": 9152,
              "excluded_candidates": 308,
              "cqi_zero_candidates": 308,
              "real_zero_mi_members": 0
            },
            {
              "draws": 286,
              "groups": 286,
              "members": 1144,
              "skipped_insufficient": 0,
              "candidate_slots": 9152,
              "excluded_candidates": 492,
              "cqi_zero_candidates": 492,
              "real_zero_mi_members": 0
            },
            {
              "draws": 286,
              "groups": 286,
              "members": 1144,
              "skipped_insufficient": 0,
              "candidate_slots": 9152,
              "excluded_candidates": 211,
              "cqi_zero_candidates": 211,
              "real_zero_mi_members": 0
            },
            {
              "draws": 286,
              "groups": 286,
              "members": 1144,
              "skipped_insufficient": 0,
              "candidate_slots": 9152,
              "excluded_candidates": 1277,
              "cqi_zero_candidates": 1277,
              "real_zero_mi_members": 0
            }
          ]
        }
      },
      "holdout": {
        "start": 70000,
        "episodes": 12,
        "sampler_seed": 20250713,
        "slots": 1000,
        "beta_rounded": [
          1.0162,
          0.8509,
          0.7732,
          0.728
        ],
        "membership": {
          "1": {
            "member_count": 3432,
            "below_epsilon_members": 0,
            "minimum_raw_cap": 204.69120000000018,
            "minimum_scaled_cap": 208.00719744000017,
            "epsilon": 1.0
          },
          "2": {
            "member_count": 6864,
            "below_epsilon_members": 0,
            "minimum_raw_cap": 24.83146334764119,
            "minimum_scaled_cap": 21.129092162507888,
            "epsilon": 1.0
          },
          "3": {
            "member_count": 10296,
            "below_epsilon_members": 0,
            "minimum_raw_cap": 15.130924034278772,
            "minimum_scaled_cap": 11.699230463304346,
            "epsilon": 1.0
          },
          "4": {
            "member_count": 13728,
            "below_epsilon_members": 0,
            "minimum_raw_cap": 8.418378779521934,
            "minimum_scaled_cap": 6.1285797514919675,
            "epsilon": 1.0
          }
        },
        "diagnostics": {
          "1": [
            {
              "draws": 286,
              "groups": 286,
              "members": 286,
              "skipped_insufficient": 0,
              "candidate_slots": 9152,
              "excluded_candidates": 1035,
              "cqi_zero_candidates": 1035,
              "real_zero_mi_members": 0
            },
            {
              "draws": 286,
              "groups": 286,
              "members": 286,
              "skipped_insufficient": 0,
              "candidate_slots": 9152,
              "excluded_candidates": 1726,
              "cqi_zero_candidates": 1726,
              "real_zero_mi_members": 0
            },
            {
              "draws": 286,
              "groups": 286,
              "members": 286,
              "skipped_insufficient": 0,
              "candidate_slots": 9152,
              "excluded_candidates": 889,
              "cqi_zero_candidates": 889,
              "real_zero_mi_members": 0
            },
            {
              "draws": 286,
              "groups": 286,
              "members": 286,
              "skipped_insufficient": 0,
              "candidate_slots": 9152,
              "excluded_candidates": 1585,
              "cqi_zero_candidates": 1585,
              "real_zero_mi_members": 0
            },
            {
              "draws": 286,
              "groups": 286,
              "members": 286,
              "skipped_insufficient": 0,
              "candidate_slots": 9152,
              "excluded_candidates": 34,
              "cqi_zero_candidates": 34,
              "real_zero_mi_members": 0
            },
            {
              "draws": 286,
              "groups": 286,
              "members": 286,
              "skipped_insufficient": 0,
              "candidate_slots": 9152,
              "excluded_candidates": 741,
              "cqi_zero_candidates": 741,
              "real_zero_mi_members": 0
            },
            {
              "draws": 286,
              "groups": 286,
              "members": 286,
              "skipped_insufficient": 0,
              "candidate_slots": 9152,
              "excluded_candidates": 415,
              "cqi_zero_candidates": 415,
              "real_zero_mi_members": 0
            },
            {
              "draws": 286,
              "groups": 286,
              "members": 286,
              "skipped_insufficient": 0,
              "candidate_slots": 9152,
              "excluded_candidates": 1581,
              "cqi_zero_candidates": 1581,
              "real_zero_mi_members": 0
            },
            {
              "draws": 286,
              "groups": 286,
              "members": 286,
              "skipped_insufficient": 0,
              "candidate_slots": 9152,
              "excluded_candidates": 1371,
              "cqi_zero_candidates": 1371,
              "real_zero_mi_members": 0
            },
            {
              "draws": 286,
              "groups": 286,
              "members": 286,
              "skipped_insufficient": 0,
              "candidate_slots": 9152,
              "excluded_candidates": 35,
              "cqi_zero_candidates": 35,
              "real_zero_mi_members": 0
            },
            {
              "draws": 286,
              "groups": 286,
              "members": 286,
              "skipped_insufficient": 0,
              "candidate_slots": 9152,
              "excluded_candidates": 145,
              "cqi_zero_candidates": 145,
              "real_zero_mi_members": 0
            },
            {
              "draws": 286,
              "groups": 286,
              "members": 286,
              "skipped_insufficient": 0,
              "candidate_slots": 9152,
              "excluded_candidates": 16,
              "cqi_zero_candidates": 16,
              "real_zero_mi_members": 0
            }
          ],
          "2": [
            {
              "draws": 286,
              "groups": 286,
              "members": 572,
              "skipped_insufficient": 0,
              "candidate_slots": 9152,
              "excluded_candidates": 1043,
              "cqi_zero_candidates": 1043,
              "real_zero_mi_members": 0
            },
            {
              "draws": 286,
              "groups": 286,
              "members": 572,
              "skipped_insufficient": 0,
              "candidate_slots": 9152,
              "excluded_candidates": 1707,
              "cqi_zero_candidates": 1707,
              "real_zero_mi_members": 0
            },
            {
              "draws": 286,
              "groups": 286,
              "members": 572,
              "skipped_insufficient": 0,
              "candidate_slots": 9152,
              "excluded_candidates": 888,
              "cqi_zero_candidates": 888,
              "real_zero_mi_members": 0
            },
            {
              "draws": 286,
              "groups": 286,
              "members": 572,
              "skipped_insufficient": 0,
              "candidate_slots": 9152,
              "excluded_candidates": 1569,
              "cqi_zero_candidates": 1569,
              "real_zero_mi_members": 0
            },
            {
              "draws": 286,
              "groups": 286,
              "members": 572,
              "skipped_insufficient": 0,
              "candidate_slots": 9152,
              "excluded_candidates": 26,
              "cqi_zero_candidates": 26,
              "real_zero_mi_members": 0
            },
            {
              "draws": 286,
              "groups": 286,
              "members": 572,
              "skipped_insufficient": 0,
              "candidate_slots": 9152,
              "excluded_candidates": 736,
              "cqi_zero_candidates": 736,
              "real_zero_mi_members": 0
            },
            {
              "draws": 286,
              "groups": 286,
              "members": 572,
              "skipped_insufficient": 0,
              "candidate_slots": 9152,
              "excluded_candidates": 419,
              "cqi_zero_candidates": 419,
              "real_zero_mi_members": 0
            },
            {
              "draws": 286,
              "groups": 286,
              "members": 572,
              "skipped_insufficient": 0,
              "candidate_slots": 9152,
              "excluded_candidates": 1573,
              "cqi_zero_candidates": 1573,
              "real_zero_mi_members": 0
            },
            {
              "draws": 286,
              "groups": 286,
              "members": 572,
              "skipped_insufficient": 0,
              "candidate_slots": 9152,
              "excluded_candidates": 1370,
              "cqi_zero_candidates": 1370,
              "real_zero_mi_members": 0
            },
            {
              "draws": 286,
              "groups": 286,
              "members": 572,
              "skipped_insufficient": 0,
              "candidate_slots": 9152,
              "excluded_candidates": 39,
              "cqi_zero_candidates": 39,
              "real_zero_mi_members": 0
            },
            {
              "draws": 286,
              "groups": 286,
              "members": 572,
              "skipped_insufficient": 0,
              "candidate_slots": 9152,
              "excluded_candidates": 142,
              "cqi_zero_candidates": 142,
              "real_zero_mi_members": 0
            },
            {
              "draws": 286,
              "groups": 286,
              "members": 572,
              "skipped_insufficient": 0,
              "candidate_slots": 9152,
              "excluded_candidates": 17,
              "cqi_zero_candidates": 17,
              "real_zero_mi_members": 0
            }
          ],
          "3": [
            {
              "draws": 286,
              "groups": 286,
              "members": 858,
              "skipped_insufficient": 0,
              "candidate_slots": 9152,
              "excluded_candidates": 1032,
              "cqi_zero_candidates": 1032,
              "real_zero_mi_members": 0
            },
            {
              "draws": 286,
              "groups": 286,
              "members": 858,
              "skipped_insufficient": 0,
              "candidate_slots": 9152,
              "excluded_candidates": 1732,
              "cqi_zero_candidates": 1732,
              "real_zero_mi_members": 0
            },
            {
              "draws": 286,
              "groups": 286,
              "members": 858,
              "skipped_insufficient": 0,
              "candidate_slots": 9152,
              "excluded_candidates": 882,
              "cqi_zero_candidates": 882,
              "real_zero_mi_members": 0
            },
            {
              "draws": 286,
              "groups": 286,
              "members": 858,
              "skipped_insufficient": 0,
              "candidate_slots": 9152,
              "excluded_candidates": 1580,
              "cqi_zero_candidates": 1580,
              "real_zero_mi_members": 0
            },
            {
              "draws": 286,
              "groups": 286,
              "members": 858,
              "skipped_insufficient": 0,
              "candidate_slots": 9152,
              "excluded_candidates": 31,
              "cqi_zero_candidates": 31,
              "real_zero_mi_members": 0
            },
            {
              "draws": 286,
              "groups": 286,
              "members": 858,
              "skipped_insufficient": 0,
              "candidate_slots": 9152,
              "excluded_candidates": 760,
              "cqi_zero_candidates": 760,
              "real_zero_mi_members": 0
            },
            {
              "draws": 286,
              "groups": 286,
              "members": 858,
              "skipped_insufficient": 0,
              "candidate_slots": 9152,
              "excluded_candidates": 413,
              "cqi_zero_candidates": 413,
              "real_zero_mi_members": 0
            },
            {
              "draws": 286,
              "groups": 286,
              "members": 858,
              "skipped_insufficient": 0,
              "candidate_slots": 9152,
              "excluded_candidates": 1591,
              "cqi_zero_candidates": 1591,
              "real_zero_mi_members": 0
            },
            {
              "draws": 286,
              "groups": 286,
              "members": 858,
              "skipped_insufficient": 0,
              "candidate_slots": 9152,
              "excluded_candidates": 1368,
              "cqi_zero_candidates": 1368,
              "real_zero_mi_members": 0
            },
            {
              "draws": 286,
              "groups": 286,
              "members": 858,
              "skipped_insufficient": 0,
              "candidate_slots": 9152,
              "excluded_candidates": 44,
              "cqi_zero_candidates": 44,
              "real_zero_mi_members": 0
            },
            {
              "draws": 286,
              "groups": 286,
              "members": 858,
              "skipped_insufficient": 0,
              "candidate_slots": 9152,
              "excluded_candidates": 141,
              "cqi_zero_candidates": 141,
              "real_zero_mi_members": 0
            },
            {
              "draws": 286,
              "groups": 286,
              "members": 858,
              "skipped_insufficient": 0,
              "candidate_slots": 9152,
              "excluded_candidates": 22,
              "cqi_zero_candidates": 22,
              "real_zero_mi_members": 0
            }
          ],
          "4": [
            {
              "draws": 286,
              "groups": 286,
              "members": 1144,
              "skipped_insufficient": 0,
              "candidate_slots": 9152,
              "excluded_candidates": 1031,
              "cqi_zero_candidates": 1031,
              "real_zero_mi_members": 0
            },
            {
              "draws": 286,
              "groups": 286,
              "members": 1144,
              "skipped_insufficient": 0,
              "candidate_slots": 9152,
              "excluded_candidates": 1719,
              "cqi_zero_candidates": 1719,
              "real_zero_mi_members": 0
            },
            {
              "draws": 286,
              "groups": 286,
              "members": 1144,
              "skipped_insufficient": 0,
              "candidate_slots": 9152,
              "excluded_candidates": 880,
              "cqi_zero_candidates": 880,
              "real_zero_mi_members": 0
            },
            {
              "draws": 286,
              "groups": 286,
              "members": 1144,
              "skipped_insufficient": 0,
              "candidate_slots": 9152,
              "excluded_candidates": 1587,
              "cqi_zero_candidates": 1587,
              "real_zero_mi_members": 0
            },
            {
              "draws": 286,
              "groups": 286,
              "members": 1144,
              "skipped_insufficient": 0,
              "candidate_slots": 9152,
              "excluded_candidates": 33,
              "cqi_zero_candidates": 33,
              "real_zero_mi_members": 0
            },
            {
              "draws": 286,
              "groups": 286,
              "members": 1144,
              "skipped_insufficient": 0,
              "candidate_slots": 9152,
              "excluded_candidates": 753,
              "cqi_zero_candidates": 753,
              "real_zero_mi_members": 0
            },
            {
              "draws": 286,
              "groups": 286,
              "members": 1144,
              "skipped_insufficient": 0,
              "candidate_slots": 9152,
              "excluded_candidates": 388,
              "cqi_zero_candidates": 388,
              "real_zero_mi_members": 0
            },
            {
              "draws": 286,
              "groups": 286,
              "members": 1144,
              "skipped_insufficient": 0,
              "candidate_slots": 9152,
              "excluded_candidates": 1598,
              "cqi_zero_candidates": 1598,
              "real_zero_mi_members": 0
            },
            {
              "draws": 286,
              "groups": 286,
              "members": 1144,
              "skipped_insufficient": 0,
              "candidate_slots": 9152,
              "excluded_candidates": 1356,
              "cqi_zero_candidates": 1356,
              "real_zero_mi_members": 0
            },
            {
              "draws": 286,
              "groups": 286,
              "members": 1144,
              "skipped_insufficient": 0,
              "candidate_slots": 9152,
              "excluded_candidates": 41,
              "cqi_zero_candidates": 41,
              "real_zero_mi_members": 0
            },
            {
              "draws": 286,
              "groups": 286,
              "members": 1144,
              "skipped_insufficient": 0,
              "candidate_slots": 9152,
              "excluded_candidates": 160,
              "cqi_zero_candidates": 160,
              "real_zero_mi_members": 0
            },
            {
              "draws": 286,
              "groups": 286,
              "members": 1144,
              "skipped_insufficient": 0,
              "candidate_slots": 9152,
              "excluded_candidates": 23,
              "cqi_zero_candidates": 23,
              "real_zero_mi_members": 0
            }
          ]
        },
        "by_depth": {
          "1": {
            "first_ack": 0.9000582750582751,
            "episode_cluster_ci95": [
              0.8892773892773893,
              0.909965034965035
            ],
            "member_count": 3432,
            "acks": 3089,
            "episode_member_counts": [
              286,
              286,
              286,
              286,
              286,
              286,
              286,
              286,
              286,
              286,
              286,
              286
            ],
            "episode_ack_counts": [
              263,
              251,
              253,
              256,
              262,
              265,
              261,
              260,
              260,
              252,
              258,
              248
            ],
            "zero_member_episodes": 0,
            "bootstrap_undefined_fraction": 0.0,
            "ack_tolerance_bits": 1e-06,
            "strict_ratio_first_ack": 0.9000582750582751
          },
          "2": {
            "first_ack": 0.9277389277389277,
            "episode_cluster_ci95": [
              0.9166666666666666,
              0.9392482517482518
            ],
            "member_count": 6864,
            "acks": 6368,
            "episode_member_counts": [
              572,
              572,
              572,
              572,
              572,
              572,
              572,
              572,
              572,
              572,
              572,
              572
            ],
            "episode_ack_counts": [
              539,
              551,
              540,
              526,
              542,
              523,
              522,
              542,
              525,
              524,
              509,
              525
            ],
            "zero_member_episodes": 0,
            "bootstrap_undefined_fraction": 0.0,
            "ack_tolerance_bits": 1e-06,
            "strict_ratio_first_ack": 0.9277389277389277
          },
          "3": {
            "first_ack": 0.932012432012432,
            "episode_cluster_ci95": [
              0.9221056721056721,
              0.9417249417249417
            ],
            "member_count": 10296,
            "acks": 9596,
            "episode_member_counts": [
              858,
              858,
              858,
              858,
              858,
              858,
              858,
              858,
              858,
              858,
              858,
              858
            ],
            "episode_ack_counts": [
              819,
              817,
              819,
              792,
              807,
              789,
              803,
              803,
              809,
              786,
              779,
              773
            ],
            "zero_member_episodes": 0,
            "bootstrap_undefined_fraction": 0.0,
            "ack_tolerance_bits": 1e-06,
            "strict_ratio_first_ack": 0.932012432012432
          },
          "4": {
            "first_ack": 0.93254662004662,
            "episode_cluster_ci95": [
              0.9208916083916084,
              0.9444201631701632
            ],
            "member_count": 13728,
            "acks": 12802,
            "episode_member_counts": [
              1144,
              1144,
              1144,
              1144,
              1144,
              1144,
              1144,
              1144,
              1144,
              1144,
              1144,
              1144
            ],
            "episode_ack_counts": [
              1096,
              1107,
              1087,
              1067,
              1076,
              1050,
              1076,
              1057,
              1081,
              1033,
              1031,
              1041
            ],
            "zero_member_episodes": 0,
            "bootstrap_undefined_fraction": 0.0,
            "ack_tolerance_bits": 1e-06,
            "strict_ratio_first_ack": 0.93254662004662
          }
        }
      },
      "beta_raw": [
        1.0162281097433123,
        0.850860841514678,
        0.773227004455956,
        0.7280035717320891
      ],
      "beta_rounded": [
        1.0162,
        0.8509,
        0.7732,
        0.728
      ],
      "membership_verified_calibration": true,
      "old_beta_on_same_holdout": {
        "1": {
          "beta": 1.0018,
          "first_ack": 0.9548368298368298
        },
        "2": {
          "beta": 0.7499,
          "first_ack": 0.9637237762237763
        },
        "3": {
          "beta": 0.6592,
          "first_ack": 0.9655205905205905
        },
        "4": {
          "beta": 0.6058,
          "first_ack": 0.965472027972028
        }
      },
      "membership_verified_holdout": true,
      "calibration_fit_sha256": "c9f5b00b41914f91b9ca12c6e151e358e8330f24f13883e9b68316f8771ea8dd",
      "samples_sha256": {
        "calibration_samples.npz": "6847401ef45003723d1345ce06cea9c68ee042379701323880a03aec0ae0f966",
        "holdout_samples.npz": "66a6031d34481b2e63300698be653f139f4b065d3b5b23cdb5c7277ba6770eab"
      },
      "completed_at": "2026-09-09T02:04:57.719919+00:00"
    }
  },
  "calibration_reference_root": "provenance/before_ftp3_sources",
  "calibration_application": "Base-calibrated beta transferred from frozen traffic implementation"
}
git: sha256:c1634  (clean py)
=== ML DRL Scheduler -- Config ===
  cell        : 1 BS (32 ant) x 32 UE (1 ant), DL
  resource    : 8 RBG x 4 layers = 32 positions
  RE per RBG  : 1344
  bandwidth   : RBG 2.88 MHz, total 23.04 MHz
  slot        : 0.500 ms
  channel     : TR38.901 UMI, UE speed 3.0 km/h
  codebook    : type2_sparse_56bit, L=4, atoms=512, payload=56 bit/(UE,RBG)
  feedback    : p_csi=0.6, cqi=nr4bit
  traffic     : bernoulli, p_arrival=0.22, size U[4000,12000] bits, deadline U[3,12] slots
  power/noise : P_total=8.0, P_r=1.0, target SNR 10.0 dB (calibration)
  retx        : max_retx=4 (5 attempts total)
  reward      : lambda_s/c/m=1.0/1.0/2.0, eta_D=1.0, B_norm=8000.0
  episode     : 1000 slots

run_dir: /home/MYH/ML_DRL_Scheduler/PaperMain/runs/21_base_hl_cqi4_bernoulli_lr2000_s2024_20260911_gpu3
num_updates: 2000
device: cuda
actor-critic params: 98,755

lr anneal: 0.0003 -> 0.0 over 2000 updates from global update 0 (linear, resume-safe)
    [batch-verify] update 0: 4 slots, max scaled |diff| 1.53e-05 OK
[   0/2000] rew= 3201.9  thr=75.56Mbps  comp=0.561  drop=0.000  SINR= 17.9dB  KL= 0.0014  ent=2.491  clip=0.006  ev=+0.00  t=64s
[   5/2000] rew= 4504.4  thr=64.67Mbps  comp=0.651  drop=0.000  SINR=  9.0dB  KL= 0.0002  ent=2.128  clip=0.000  ev=+0.00  t=341s
  --- eval at update 9 ---
    PPO           reward  5019.47  thrpt  87.42Mbps  comp 0.625  totfail 0.373  depth 3.96  eval_s=127.4
    SUS+CQI       reward  5205.67  thrpt  89.48Mbps  comp 0.627  totfail 0.371  depth 3.97  eval_s=11.8
    SUS+Deadline-PF  reward  3532.64  thrpt  84.15Mbps  comp 0.571  totfail 0.426  depth 3.99  eval_s=12.5
    SUS+PF        reward  3420.13  thrpt  84.45Mbps  comp 0.569  totfail 0.428  depth 3.99  eval_s=12.0
    SUS+Random    reward  2632.80  thrpt  81.67Mbps  comp 0.539  totfail 0.458  depth 4.00  eval_s=13.3
    SUS+MW        reward  4874.76  thrpt  89.55Mbps  comp 0.610  totfail 0.387  depth 3.98  eval_s=12.0
    SUS+EDF       reward  -182.24  thrpt  67.98Mbps  comp 0.439  totfail 0.554  depth 4.00  eval_s=13.0
    SU+CQI        reward  1889.87  thrpt  74.82Mbps  comp 0.535  totfail 0.461  depth 1.00  eval_s=7.7
    SU+Deadline-PF  reward -1913.28  thrpt  59.59Mbps  comp 0.403  totfail 0.591  depth 1.00  eval_s=7.9
    SU+PF         reward -2234.92  thrpt  61.59Mbps  comp 0.406  totfail 0.589  depth 1.00  eval_s=7.7
    SU+Random     reward -4815.05  thrpt  54.00Mbps  comp 0.320  totfail 0.674  depth 1.00  eval_s=8.1
    SU+MW         reward  1199.93  thrpt  73.51Mbps  comp 0.503  totfail 0.493  depth 1.00  eval_s=7.8
    SU+EDF        reward -8940.89  thrpt  32.47Mbps  comp 0.208  totfail 0.785  depth 1.00  eval_s=8.0
  [eval-time] update 9: 249.2s total
  >>> new best eval reward 5019.47, saved best.pt
[  10/2000] rew= 4545.8  thr=63.79Mbps  comp=0.659  drop=0.000  SINR=  9.5dB  KL= 0.0059  ent=2.113  clip=0.075  ev=+0.00  t=884s
[  15/2000] rew= 2115.3  thr=73.43Mbps  comp=0.524  drop=0.000  SINR=  8.3dB  KL= 0.0073  ent=2.578  clip=0.107  ev=-0.03  t=1159s
  --- eval at update 19 ---
    PPO           reward  4923.56  thrpt  87.01Mbps  comp 0.622  totfail 0.376  depth 3.99  eval_s=104.5
  [eval-time] update 19: 104.5s total
[  20/2000] rew= 2447.2  thr=31.37Mbps  comp=0.691  drop=0.007  SINR=  7.7dB  KL= 0.0042  ent=0.773  clip=0.055  ev=-0.00  t=1525s
    [batch-verify] update 25: 4 slots, max scaled |diff| 1.53e-05 OK
[  25/2000] rew=  721.4  thr=81.94Mbps  comp=0.475  drop=0.000  SINR=  8.9dB  KL= 0.0033  ent=2.879  clip=0.027  ev=+0.00  t=1794s
  --- eval at update 29 ---
    PPO           reward  4962.42  thrpt  87.14Mbps  comp 0.623  totfail 0.374  depth 4.00  eval_s=104.9
  [eval-time] update 29: 104.9s total
[  30/2000] rew= 1845.5  thr=97.32Mbps  comp=0.497  drop=0.000  SINR= 16.4dB  KL= 0.0070  ent=2.738  clip=0.103  ev=+0.03  t=2173s
[  35/2000] rew= 6845.2  thr=68.80Mbps  comp=0.782  drop=0.001  SINR= 11.8dB  KL= 0.0042  ent=1.929  clip=0.042  ev=+0.08  t=2443s
  --- eval at update 39 ---
    PPO           reward  5042.09  thrpt  87.24Mbps  comp 0.626  totfail 0.371  depth 3.76  eval_s=100.8
  [eval-time] update 39: 100.8s total
  >>> new best eval reward 5042.09, saved best.pt
[  40/2000] rew=-1164.6  thr=81.26Mbps  comp=0.433  drop=0.000  SINR= 13.8dB  KL= 0.0055  ent=2.683  clip=0.063  ev=+0.05  t=2811s
[  45/2000] rew= 4567.6  thr=57.09Mbps  comp=0.695  drop=0.000  SINR= 14.1dB  KL= 0.0043  ent=2.117  clip=0.050  ev=-0.02  t=3076s
    [kl-stop] update 48: minibatch KL 0.0420 > 0.0300 (epoch 2/4) -- actor frozen, value-only for remaining passes
  --- eval at update 49 ---
    PPO           reward  4936.43  thrpt  85.48Mbps  comp 0.627  totfail 0.371  depth 3.00  eval_s=86.2
  [eval-time] update 49: 86.2s total
    [batch-verify] update 50: 4 slots, max scaled |diff| 1.53e-05 OK
[  50/2000] rew=-3674.6  thr=101.85Mbps  comp=0.391  drop=0.000  SINR= 15.4dB  KL= 0.0032  ent=3.062  clip=0.034  ev=+0.14  t=3427s
[  55/2000] rew= 1874.4  thr=55.71Mbps  comp=0.547  drop=0.002  SINR= 11.4dB  KL= 0.0096  ent=1.556  clip=0.139  ev=+0.08  t=3689s
    [kl-stop] update 59: minibatch KL 0.0338 > 0.0300 (epoch 3/4) -- actor frozen, value-only for remaining passes
  --- eval at update 59 ---
    PPO           reward  3979.97  thrpt  80.93Mbps  comp 0.600  totfail 0.397  depth 2.53  eval_s=77.7
  [eval-time] update 59: 77.7s total
    [kl-stop] update 60: minibatch KL 0.0322 > 0.0300 (epoch 4/4) -- actor frozen, value-only for remaining passes
[  60/2000] rew= 2047.9  thr=54.35Mbps  comp=0.557  drop=0.001  SINR=  7.6dB  KL= 0.0141  ent=1.938  clip=0.185  ev=+0.11  t=4032s
[  65/2000] rew= 1444.4  thr=96.22Mbps  comp=0.495  drop=0.000  SINR= 12.3dB  KL= 0.0126  ent=2.873  clip=0.189  ev=+0.06  t=4295s
    [kl-stop] update 68: minibatch KL 0.0305 > 0.0300 (epoch 4/4) -- actor frozen, value-only for remaining passes
  --- eval at update 69 ---
    PPO           reward  3772.11  thrpt  80.05Mbps  comp 0.594  totfail 0.403  depth 2.26  eval_s=73.2
  [eval-time] update 69: 73.2s total
[  70/2000] rew= 3045.8  thr=62.72Mbps  comp=0.579  drop=0.000  SINR= 10.2dB  KL= 0.0065  ent=2.383  clip=0.096  ev=+0.19  t=4629s
    [batch-verify] update 75: 4 slots, max scaled |diff| 7.63e-06 OK
[  75/2000] rew= 6164.9  thr=52.99Mbps  comp=0.879  drop=0.000  SINR= 15.0dB  KL= 0.0100  ent=1.348  clip=0.137  ev=+0.03  t=4874s
    [kl-stop] update 77: minibatch KL 0.0318 > 0.0300 (epoch 3/4) -- actor frozen, value-only for remaining passes
    [kl-stop] update 78: minibatch KL 0.0458 > 0.0300 (epoch 1/4) -- actor frozen, value-only for remaining passes
  --- eval at update 79 ---
    PPO           reward  3344.11  thrpt  78.64Mbps  comp 0.580  totfail 0.417  depth 1.87  eval_s=68.7
  [eval-time] update 79: 68.7s total
[  80/2000] rew= 4010.2  thr=56.61Mbps  comp=0.655  drop=0.000  SINR= 16.3dB  KL= 0.0112  ent=2.176  clip=0.171  ev=+0.19  t=5199s
    [kl-stop] update 81: minibatch KL 0.0413 > 0.0300 (epoch 1/4) -- actor frozen, value-only for remaining passes
    [kl-stop] update 84: minibatch KL 0.0350 > 0.0300 (epoch 4/4) -- actor frozen, value-only for remaining passes
    [kl-stop] update 85: minibatch KL 0.0375 > 0.0300 (epoch 3/4) -- actor frozen, value-only for remaining passes
[  85/2000] rew= 3813.0  thr=49.64Mbps  comp=0.683  drop=0.001  SINR= 13.5dB  KL= 0.0233  ent=1.740  clip=0.311  ev=-0.05  t=5442s
    [kl-stop] update 86: minibatch KL 0.0563 > 0.0300 (epoch 1/4) -- actor frozen, value-only for remaining passes
  --- eval at update 89 ---
    PPO           reward  4254.74  thrpt  82.40Mbps  comp 0.607  totfail 0.390  depth 2.46  eval_s=76.9
  [eval-time] update 89: 76.9s total
[  90/2000] rew= 2542.1  thr=78.74Mbps  comp=0.537  drop=0.000  SINR= 15.1dB  KL= 0.0159  ent=2.244  clip=0.242  ev=+0.14  t=5779s
[  95/2000] rew= 5865.8  thr=64.76Mbps  comp=0.740  drop=0.000  SINR= 11.7dB  KL= 0.0077  ent=1.757  clip=0.109  ev=+0.04  t=6039s
    [kl-stop] update 99: minibatch KL 0.0393 > 0.0300 (epoch 2/4) -- actor frozen, value-only for remaining passes
  --- eval at update 99 ---
    PPO           reward  4929.05  thrpt  85.75Mbps  comp 0.625  totfail 0.372  depth 3.00  eval_s=87.6
  [eval-time] update 99: 87.6s total
    [batch-verify] update 100: 4 slots, max scaled |diff| 1.53e-05 OK
[ 100/2000] rew= 2219.5  thr=94.18Mbps  comp=0.512  drop=0.000  SINR= 12.2dB  KL= 0.0047  ent=2.674  clip=0.057  ev=+0.24  t=6389s
    [kl-stop] update 103: minibatch KL 0.0394 > 0.0300 (epoch 3/4) -- actor frozen, value-only for remaining passes
[ 105/2000] rew= 5173.6  thr=98.47Mbps  comp=0.593  drop=0.000  SINR= 14.7dB  KL= 0.0160  ent=2.563  clip=0.233  ev=+0.11  t=6656s
    [kl-stop] update 107: minibatch KL 0.0344 > 0.0300 (epoch 4/4) -- actor frozen, value-only for remaining passes
    [kl-stop] update 108: minibatch KL 0.0336 > 0.0300 (epoch 1/4) -- actor frozen, value-only for remaining passes
    [kl-stop] update 109: minibatch KL 0.0356 > 0.0300 (epoch 4/4) -- actor frozen, value-only for remaining passes
  --- eval at update 109 ---
    PPO           reward  5107.14  thrpt  86.93Mbps  comp 0.629  totfail 0.368  depth 3.47  eval_s=96.7
  [eval-time] update 109: 96.7s total
  >>> new best eval reward 5107.14, saved best.pt
    [kl-stop] update 110: minibatch KL 0.0333 > 0.0300 (epoch 4/4) -- actor frozen, value-only for remaining passes
[ 110/2000] rew= 4854.4  thr=49.36Mbps  comp=0.780  drop=0.001  SINR= 14.3dB  KL= 0.0184  ent=0.879  clip=0.247  ev=-0.04  t=7007s
    [kl-stop] update 111: minibatch KL 0.0329 > 0.0300 (epoch 2/4) -- actor frozen, value-only for remaining passes
    [kl-stop] update 113: minibatch KL 0.0322 > 0.0300 (epoch 2/4) -- actor frozen, value-only for remaining passes
[ 115/2000] rew= 2334.0  thr=89.18Mbps  comp=0.523  drop=0.000  SINR= 13.6dB  KL= 0.0113  ent=2.045  clip=0.184  ev=+0.17  t=7274s
    [kl-stop] update 118: minibatch KL 0.0341 > 0.0300 (epoch 2/4) -- actor frozen, value-only for remaining passes
    [kl-stop] update 119: minibatch KL 0.0393 > 0.0300 (epoch 2/4) -- actor frozen, value-only for remaining passes
  --- eval at update 119 ---
    PPO           reward  4955.44  thrpt  86.83Mbps  comp 0.623  totfail 0.374  depth 3.75  eval_s=100.4
  [eval-time] update 119: 100.4s total
[ 120/2000] rew= 5200.7  thr=71.42Mbps  comp=0.664  drop=0.000  SINR= 10.3dB  KL= 0.0098  ent=1.974  clip=0.145  ev=+0.07  t=7646s
    [kl-stop] update 123: minibatch KL 0.0361 > 0.0300 (epoch 2/4) -- actor frozen, value-only for remaining passes
    [batch-verify] update 125: 4 slots, max scaled |diff| 1.14e-05 OK
    [kl-stop] update 125: minibatch KL 0.0328 > 0.0300 (epoch 1/4) -- actor frozen, value-only for remaining passes
[ 125/2000] rew= 5637.0  thr=68.79Mbps  comp=0.702  drop=0.000  SINR=  9.3dB  KL= 0.0299  ent=1.280  clip=0.382  ev=+0.12  t=7916s
    [kl-stop] update 126: minibatch KL 0.0338 > 0.0300 (epoch 2/4) -- actor frozen, value-only for remaining passes
  --- eval at update 129 ---
    PPO           reward  5009.88  thrpt  87.02Mbps  comp 0.625  totfail 0.372  depth 3.68  eval_s=99.5
  [eval-time] update 129: 99.5s total
[ 130/2000] rew= 2288.7  thr=74.02Mbps  comp=0.529  drop=0.000  SINR=  6.7dB  KL= 0.0074  ent=2.270  clip=0.106  ev=+0.24  t=8281s
[ 135/2000] rew= 3058.9  thr=60.61Mbps  comp=0.593  drop=0.001  SINR= 13.1dB  KL= 0.0094  ent=1.855  clip=0.134  ev=+0.09  t=8553s
  --- eval at update 139 ---
    PPO           reward  5043.43  thrpt  87.12Mbps  comp 0.626  totfail 0.371  depth 3.70  eval_s=99.8
  [eval-time] update 139: 99.8s total
[ 140/2000] rew= 2832.2  thr=92.06Mbps  comp=0.534  drop=0.000  SINR= 12.5dB  KL= 0.0103  ent=2.325  clip=0.158  ev=+0.18  t=8927s
[ 145/2000] rew= 3552.8  thr=34.78Mbps  comp=0.797  drop=0.001  SINR=  8.8dB  KL= 0.0051  ent=0.760  clip=0.064  ev=-0.62  t=9189s
    [kl-stop] update 147: minibatch KL 0.0304 > 0.0300 (epoch 2/4) -- actor frozen, value-only for remaining passes
    [kl-stop] update 148: minibatch KL 0.0306 > 0.0300 (epoch 2/4) -- actor frozen, value-only for remaining passes
  --- eval at update 149 ---
    PPO           reward  5030.22  thrpt  87.04Mbps  comp 0.626  totfail 0.372  depth 3.68  eval_s=100.9
  [eval-time] update 149: 100.9s total
    [batch-verify] update 150: 4 slots, max scaled |diff| 7.63e-06 OK
    [kl-stop] update 150: minibatch KL 0.0308 > 0.0300 (epoch 4/4) -- actor frozen, value-only for remaining passes
[ 150/2000] rew= 5878.9  thr=100.98Mbps  comp=0.617  drop=0.000  SINR= 10.0dB  KL= 0.0161  ent=1.855  clip=0.231  ev=+0.09  t=9570s
/home/MYH/ML_DRL_Scheduler/PaperMain/env.py:363: RuntimeWarning: divide by zero encountered in log10
  slot_sinr_db = (float(10.0 * np.log10(sinr_map[occ].mean()))
[ 155/2000] rew= 3751.0  thr=35.38Mbps  comp=0.820  drop=0.000  SINR= 10.6dB  KL= 0.0034  ent=0.295  clip=0.041  ev=+0.02  t=9822s
    [kl-stop] update 156: minibatch KL 0.0349 > 0.0300 (epoch 4/4) -- actor frozen, value-only for remaining passes
  --- eval at update 159 ---
    PPO           reward  5084.18  thrpt  87.43Mbps  comp 0.627  totfail 0.371  depth 3.73  eval_s=100.8
  [eval-time] update 159: 100.8s total
[ 160/2000] rew= 3714.2  thr=87.22Mbps  comp=0.566  drop=0.000  SINR= 11.9dB  KL= 0.0145  ent=1.858  clip=0.213  ev=+0.14  t=10200s
    [kl-stop] update 163: minibatch KL 0.0320 > 0.0300 (epoch 2/4) -- actor frozen, value-only for remaining passes
    [kl-stop] update 165: minibatch KL 0.0320 > 0.0300 (epoch 3/4) -- actor frozen, value-only for remaining passes
[ 165/2000] rew= -332.1  thr=52.34Mbps  comp=0.459  drop=0.001  SINR=  3.7dB  KL= 0.0198  ent=1.653  clip=0.265  ev=+0.07  t=10461s
    [kl-stop] update 166: minibatch KL 0.0315 > 0.0300 (epoch 4/4) -- actor frozen, value-only for remaining passes
    [kl-stop] update 167: minibatch KL 0.0321 > 0.0300 (epoch 3/4) -- actor frozen, value-only for remaining passes
  --- eval at update 169 ---
    PPO           reward  5130.51  thrpt  87.58Mbps  comp 0.628  totfail 0.369  depth 3.74  eval_s=101.0
  [eval-time] update 169: 101.0s total
  >>> new best eval reward 5130.51, saved best.pt
[ 170/2000] rew= 5098.1  thr=57.15Mbps  comp=0.735  drop=0.000  SINR= 12.5dB  KL= 0.0129  ent=1.084  clip=0.201  ev=+0.09  t=10815s
    [kl-stop] update 172: minibatch KL 0.0302 > 0.0300 (epoch 4/4) -- actor frozen, value-only for remaining passes
    [batch-verify] update 175: 4 slots, max scaled |diff| 7.63e-06 OK
[ 175/2000] rew= 4511.7  thr=63.18Mbps  comp=0.663  drop=0.001  SINR= 10.2dB  KL= 0.0101  ent=1.305  clip=0.153  ev=+0.08  t=11080s
    [kl-stop] update 176: minibatch KL 0.0323 > 0.0300 (epoch 2/4) -- actor frozen, value-only for remaining passes
    [kl-stop] update 177: minibatch KL 0.0349 > 0.0300 (epoch 2/4) -- actor frozen, value-only for remaining passes
    [kl-stop] update 179: minibatch KL 0.0357 > 0.0300 (epoch 2/4) -- actor frozen, value-only for remaining passes
  --- eval at update 179 ---
    PPO           reward  5062.81  thrpt  87.60Mbps  comp 0.626  totfail 0.372  depth 3.84  eval_s=102.2
  [eval-time] update 179: 102.2s total
[ 180/2000] rew= 6495.9  thr=69.35Mbps  comp=0.754  drop=0.001  SINR=  6.4dB  KL= 0.0134  ent=1.346  clip=0.203  ev=+0.07  t=11449s
    [kl-stop] update 184: minibatch KL 0.0312 > 0.0300 (epoch 3/4) -- actor frozen, value-only for remaining passes
    [kl-stop] update 185: minibatch KL 0.0319 > 0.0300 (epoch 4/4) -- actor frozen, value-only for remaining passes
[ 185/2000] rew= 1970.2  thr=122.02Mbps  comp=0.506  drop=0.000  SINR= 11.7dB  KL= 0.0172  ent=2.161  clip=0.247  ev=+0.15  t=11722s
    [kl-stop] update 189: minibatch KL 0.0322 > 0.0300 (epoch 3/4) -- actor frozen, value-only for remaining passes
  --- eval at update 189 ---
    PPO           reward  5148.40  thrpt  87.82Mbps  comp 0.628  totfail 0.369  depth 3.77  eval_s=100.3
  [eval-time] update 189: 100.3s total
  >>> new best eval reward 5148.40, saved best.pt
    [kl-stop] update 190: minibatch KL 0.0304 > 0.0300 (epoch 3/4) -- actor frozen, value-only for remaining passes
[ 190/2000] rew= 5104.7  thr=67.90Mbps  comp=0.676  drop=0.000  SINR= 10.3dB  KL= 0.0164  ent=1.738  clip=0.224  ev=+0.19  t=12090s
    [kl-stop] update 193: minibatch KL 0.0336 > 0.0300 (epoch 4/4) -- actor frozen, value-only for remaining passes
    [kl-stop] update 194: minibatch KL 0.0312 > 0.0300 (epoch 3/4) -- actor frozen, value-only for remaining passes
[ 195/2000] rew= 7403.5  thr=75.21Mbps  comp=0.777  drop=0.000  SINR=  8.3dB  KL= 0.0109  ent=1.453  clip=0.161  ev=+0.24  t=12356s
    [kl-stop] update 197: minibatch KL 0.0329 > 0.0300 (epoch 1/4) -- actor frozen, value-only for remaining passes
    [kl-stop] update 198: minibatch KL 0.0368 > 0.0300 (epoch 1/4) -- actor frozen, value-only for remaining passes
  --- eval at update 199 ---
    PPO           reward  5142.94  thrpt  87.89Mbps  comp 0.628  totfail 0.369  depth 3.81  eval_s=100.0
  [eval-time] update 199: 100.0s total
    [batch-verify] update 200: 4 slots, max scaled |diff| 1.14e-05 OK
[ 200/2000] rew= 5726.4  thr=58.68Mbps  comp=0.775  drop=0.001  SINR= 11.8dB  KL= 0.0087  ent=0.953  clip=0.125  ev=-0.08  t=12717s
[ 205/2000] rew= 1546.1  thr=72.97Mbps  comp=0.514  drop=0.000  SINR=  7.1dB  KL= 0.0155  ent=1.947  clip=0.217  ev=+0.18  t=12982s
  --- eval at update 209 ---
    PPO           reward  5254.55  thrpt  88.14Mbps  comp 0.632  totfail 0.366  depth 3.71  eval_s=98.4
  [eval-time] update 209: 98.4s total
  >>> new best eval reward 5254.55, saved best.pt
[ 210/2000] rew= 5767.8  thr=69.23Mbps  comp=0.708  drop=0.000  SINR=  8.2dB  KL= 0.0142  ent=1.705  clip=0.208  ev=+0.18  t=13342s
    [kl-stop] update 211: minibatch KL 0.0330 > 0.0300 (epoch 2/4) -- actor frozen, value-only for remaining passes
    [kl-stop] update 213: minibatch KL 0.0367 > 0.0300 (epoch 4/4) -- actor frozen, value-only for remaining passes
[ 215/2000] rew= 4103.2  thr=49.10Mbps  comp=0.707  drop=0.000  SINR=  5.8dB  KL= 0.0116  ent=1.369  clip=0.187  ev=+0.10  t=13615s
    [kl-stop] update 216: minibatch KL 0.0315 > 0.0300 (epoch 4/4) -- actor frozen, value-only for remaining passes
  --- eval at update 219 ---
    PPO           reward  5148.25  thrpt  87.94Mbps  comp 0.628  totfail 0.369  depth 3.86  eval_s=100.8
  [eval-time] update 219: 100.8s total
    [kl-stop] update 220: minibatch KL 0.0355 > 0.0300 (epoch 3/4) -- actor frozen, value-only for remaining passes
[ 220/2000] rew=11556.5  thr=123.39Mbps  comp=0.755  drop=0.000  SINR= 16.3dB  KL= 0.0192  ent=1.421  clip=0.258  ev=+0.11  t=13987s
    [kl-stop] update 224: minibatch KL 0.0352 > 0.0300 (epoch 4/4) -- actor frozen, value-only for remaining passes
    [batch-verify] update 225: 4 slots, max scaled |diff| 3.81e-06 OK
[ 225/2000] rew= 5241.5  thr=75.63Mbps  comp=0.653  drop=0.000  SINR=  9.3dB  KL= 0.0107  ent=1.440  clip=0.153  ev=+0.15  t=14258s
    [kl-stop] update 226: minibatch KL 0.0345 > 0.0300 (epoch 4/4) -- actor frozen, value-only for remaining passes
    [kl-stop] update 229: minibatch KL 0.0334 > 0.0300 (epoch 4/4) -- actor frozen, value-only for remaining passes
  --- eval at update 229 ---
    PPO           reward  5287.99  thrpt  88.13Mbps  comp 0.633  totfail 0.364  depth 3.66  eval_s=98.5
  [eval-time] update 229: 98.5s total
  >>> new best eval reward 5287.99, saved best.pt
    [kl-stop] update 230: minibatch KL 0.0331 > 0.0300 (epoch 3/4) -- actor frozen, value-only for remaining passes
[ 230/2000] rew= 7186.3  thr=106.14Mbps  comp=0.650  drop=0.000  SINR= 13.1dB  KL= 0.0189  ent=1.385  clip=0.262  ev=+0.09  t=14629s
    [kl-stop] update 232: minibatch KL 0.0300 > 0.0300 (epoch 4/4) -- actor frozen, value-only for remaining passes
[ 235/2000] rew= 3480.6  thr=100.96Mbps  comp=0.547  drop=0.000  SINR= 11.2dB  KL= 0.0196  ent=1.857  clip=0.283  ev=+0.12  t=14892s
    [kl-stop] update 237: minibatch KL 0.0403 > 0.0300 (epoch 3/4) -- actor frozen, value-only for remaining passes
    [kl-stop] update 238: minibatch KL 0.0397 > 0.0300 (epoch 3/4) -- actor frozen, value-only for remaining passes
  --- eval at update 239 ---
    PPO           reward  5283.33  thrpt  88.29Mbps  comp 0.633  totfail 0.365  depth 3.76  eval_s=100.1
  [eval-time] update 239: 100.1s total
[ 240/2000] rew= 4617.1  thr=108.29Mbps  comp=0.573  drop=0.000  SINR= 20.8dB  KL= 0.0156  ent=1.685  clip=0.226  ev=+0.09  t=15264s
    [kl-stop] update 244: minibatch KL 0.0344 > 0.0300 (epoch 3/4) -- actor frozen, value-only for remaining passes
[ 245/2000] rew= 6279.3  thr=79.93Mbps  comp=0.688  drop=0.000  SINR=  7.1dB  KL= 0.0134  ent=1.548  clip=0.200  ev=+0.17  t=15532s
    [kl-stop] update 248: minibatch KL 0.0331 > 0.0300 (epoch 2/4) -- actor frozen, value-only for remaining passes
    [kl-stop] update 249: minibatch KL 0.0370 > 0.0300 (epoch 3/4) -- actor frozen, value-only for remaining passes
  --- eval at update 249 ---
    PPO           reward  5316.95  thrpt  88.22Mbps  comp 0.634  totfail 0.363  depth 3.65  eval_s=99.3
  [eval-time] update 249: 99.3s total
  >>> new best eval reward 5316.95, saved best.pt
    [batch-verify] update 250: 4 slots, max scaled |diff| 7.63e-06 OK
    [kl-stop] update 250: minibatch KL 0.0367 > 0.0300 (epoch 3/4) -- actor frozen, value-only for remaining passes
[ 250/2000] rew= 2879.4  thr=125.10Mbps  comp=0.522  drop=0.000  SINR= 10.4dB  KL= 0.0180  ent=1.850  clip=0.250  ev=+0.17  t=15903s
    [kl-stop] update 251: minibatch KL 0.0316 > 0.0300 (epoch 4/4) -- actor frozen, value-only for remaining passes
    [kl-stop] update 252: minibatch KL 0.0325 > 0.0300 (epoch 4/4) -- actor frozen, value-only for remaining passes
[ 255/2000] rew= 4797.9  thr=48.83Mbps  comp=0.777  drop=0.002  SINR=  6.2dB  KL= 0.0112  ent=0.697  clip=0.159  ev=+0.08  t=16162s
    [kl-stop] update 257: minibatch KL 0.0332 > 0.0300 (epoch 2/4) -- actor frozen, value-only for remaining passes
    [kl-stop] update 258: minibatch KL 0.0369 > 0.0300 (epoch 3/4) -- actor frozen, value-only for remaining passes
    [kl-stop] update 259: minibatch KL 0.0394 > 0.0300 (epoch 1/4) -- actor frozen, value-only for remaining passes
  --- eval at update 259 ---
    PPO           reward  5298.71  thrpt  88.30Mbps  comp 0.633  totfail 0.364  depth 3.71  eval_s=112.1
  [eval-time] update 259: 112.1s total
    [kl-stop] update 260: minibatch KL 0.0332 > 0.0300 (epoch 1/4) -- actor frozen, value-only for remaining passes
[ 260/2000] rew= 4237.7  thr=68.87Mbps  comp=0.628  drop=0.000  SINR=  6.6dB  KL= 0.0277  ent=1.170  clip=0.378  ev=+0.11  t=16547s
    [kl-stop] update 261: minibatch KL 0.0324 > 0.0300 (epoch 2/4) -- actor frozen, value-only for remaining passes
    [kl-stop] update 262: minibatch KL 0.0387 > 0.0300 (epoch 4/4) -- actor frozen, value-only for remaining passes
[ 265/2000] rew= 3112.2  thr=118.70Mbps  comp=0.530  drop=0.000  SINR=  9.7dB  KL= 0.0146  ent=1.705  clip=0.218  ev=+0.14  t=16813s
    [kl-stop] update 269: minibatch KL 0.0301 > 0.0300 (epoch 2/4) -- actor frozen, value-only for remaining passes
  --- eval at update 269 ---
    PPO           reward  5278.88  thrpt  88.31Mbps  comp 0.633  totfail 0.365  depth 3.72  eval_s=98.8
  [eval-time] update 269: 98.8s total
[ 270/2000] rew= 5212.9  thr=47.44Mbps  comp=0.842  drop=0.001  SINR= 10.1dB  KL= 0.0095  ent=0.478  clip=0.127  ev=+0.06  t=17164s
    [kl-stop] update 272: minibatch KL 0.0337 > 0.0300 (epoch 4/4) -- actor frozen, value-only for remaining passes
    [kl-stop] update 273: minibatch KL 0.0318 > 0.0300 (epoch 3/4) -- actor frozen, value-only for remaining passes
    [batch-verify] update 275: 4 slots, max scaled |diff| 7.63e-06 OK
[ 275/2000] rew= 5368.6  thr=93.51Mbps  comp=0.611  drop=0.000  SINR= 11.8dB  KL= 0.0137  ent=1.594  clip=0.206  ev=+0.21  t=17433s
    [kl-stop] update 278: minibatch KL 0.0302 > 0.0300 (epoch 3/4) -- actor frozen, value-only for remaining passes
    [kl-stop] update 279: minibatch KL 0.0595 > 0.0300 (epoch 3/4) -- actor frozen, value-only for remaining passes
  --- eval at update 279 ---
    PPO           reward  5233.68  thrpt  88.26Mbps  comp 0.631  totfail 0.367  depth 3.85  eval_s=102.2
  [eval-time] update 279: 102.2s total
    [kl-stop] update 280: minibatch KL 0.0324 > 0.0300 (epoch 3/4) -- actor frozen, value-only for remaining passes
[ 280/2000] rew= 2665.8  thr=129.37Mbps  comp=0.519  drop=0.000  SINR= 11.3dB  KL= 0.0199  ent=1.693  clip=0.271  ev=+0.23  t=17804s
    [kl-stop] update 283: minibatch KL 0.0351 > 0.0300 (epoch 4/4) -- actor frozen, value-only for remaining passes
[ 285/2000] rew= 4386.2  thr=95.61Mbps  comp=0.580  drop=0.000  SINR=  8.7dB  KL= 0.0120  ent=1.475  clip=0.184  ev=+0.13  t=18072s
    [kl-stop] update 287: minibatch KL 0.0306 > 0.0300 (epoch 4/4) -- actor frozen, value-only for remaining passes
    [kl-stop] update 288: minibatch KL 0.0336 > 0.0300 (epoch 4/4) -- actor frozen, value-only for remaining passes
  --- eval at update 289 ---
    PPO           reward  5270.81  thrpt  88.38Mbps  comp 0.632  totfail 0.366  depth 3.81  eval_s=105.2
  [eval-time] update 289: 105.2s total
[ 290/2000] rew= 6765.5  thr=65.73Mbps  comp=0.803  drop=0.000  SINR=  8.6dB  KL= 0.0088  ent=0.690  clip=0.124  ev=+0.10  t=18454s
    [kl-stop] update 295: minibatch KL 0.0304 > 0.0300 (epoch 4/4) -- actor frozen, value-only for remaining passes
[ 295/2000] rew= 4602.7  thr=113.89Mbps  comp=0.561  drop=0.000  SINR= 11.7dB  KL= 0.0148  ent=2.109  clip=0.210  ev=+0.26  t=18717s
    [kl-stop] update 297: minibatch KL 0.0320 > 0.0300 (epoch 4/4) -- actor frozen, value-only for remaining passes
  --- eval at update 299 ---
    PPO           reward  5325.04  thrpt  88.56Mbps  comp 0.633  totfail 0.364  depth 3.78  eval_s=99.6
  [eval-time] update 299: 99.6s total
  >>> new best eval reward 5325.04, saved best.pt
    [batch-verify] update 300: 4 slots, max scaled |diff| 1.14e-05 OK
[ 300/2000] rew= 4165.2  thr=75.51Mbps  comp=0.603  drop=0.000  SINR=  9.9dB  KL= 0.0137  ent=1.593  clip=0.202  ev=+0.14  t=19087s
    [kl-stop] update 302: minibatch KL 0.0346 > 0.0300 (epoch 1/4) -- actor frozen, value-only for remaining passes
    [kl-stop] update 303: minibatch KL 0.0321 > 0.0300 (epoch 2/4) -- actor frozen, value-only for remaining passes
    [kl-stop] update 304: minibatch KL 0.0317 > 0.0300 (epoch 1/4) -- actor frozen, value-only for remaining passes
    [kl-stop] update 305: minibatch KL 0.0342 > 0.0300 (epoch 4/4) -- actor frozen, value-only for remaining passes
[ 305/2000] rew= 4015.8  thr=62.59Mbps  comp=0.635  drop=0.000  SINR= 10.8dB  KL= 0.0179  ent=1.549  clip=0.247  ev=+0.08  t=19371s
    [kl-stop] update 307: minibatch KL 0.0407 > 0.0300 (epoch 2/4) -- actor frozen, value-only for remaining passes
  --- eval at update 309 ---
    PPO           reward  5427.08  thrpt  88.79Mbps  comp 0.637  totfail 0.361  depth 3.64  eval_s=97.4
  [eval-time] update 309: 97.4s total
  >>> new best eval reward 5427.08, saved best.pt
    [kl-stop] update 310: minibatch KL 0.0325 > 0.0300 (epoch 3/4) -- actor frozen, value-only for remaining passes
[ 310/2000] rew= 5974.4  thr=78.74Mbps  comp=0.678  drop=0.001  SINR= 14.1dB  KL= 0.0194  ent=1.535  clip=0.275  ev=+0.12  t=19743s
    [kl-stop] update 311: minibatch KL 0.0414 > 0.0300 (epoch 4/4) -- actor frozen, value-only for remaining passes
    [kl-stop] update 312: minibatch KL 0.0557 > 0.0300 (epoch 1/4) -- actor frozen, value-only for remaining passes
    [kl-stop] update 313: minibatch KL 0.0368 > 0.0300 (epoch 1/4) -- actor frozen, value-only for remaining passes
    [kl-stop] update 314: minibatch KL 0.0322 > 0.0300 (epoch 1/4) -- actor frozen, value-only for remaining passes
    [kl-stop] update 315: minibatch KL 0.0542 > 0.0300 (epoch 1/4) -- actor frozen, value-only for remaining passes
[ 315/2000] rew= 3957.7  thr=98.09Mbps  comp=0.559  drop=0.000  SINR=  8.1dB  KL= 0.0511  ent=2.149  clip=0.488  ev=+0.21  t=20002s
    [kl-stop] update 318: minibatch KL 0.0308 > 0.0300 (epoch 3/4) -- actor frozen, value-only for remaining passes
    [kl-stop] update 319: minibatch KL 0.0364 > 0.0300 (epoch 3/4) -- actor frozen, value-only for remaining passes
  --- eval at update 319 ---
    PPO           reward  5559.90  thrpt  88.81Mbps  comp 0.642  totfail 0.356  depth 3.16  eval_s=89.7
  [eval-time] update 319: 89.7s total
  >>> new best eval reward 5559.90, saved best.pt
    [kl-stop] update 320: minibatch KL 0.0301 > 0.0300 (epoch 1/4) -- actor frozen, value-only for remaining passes
[ 320/2000] rew= 3104.7  thr=102.37Mbps  comp=0.538  drop=0.000  SINR=  9.0dB  KL= 0.0249  ent=1.990  clip=0.346  ev=+0.16  t=20339s
    [kl-stop] update 322: minibatch KL 0.0347 > 0.0300 (epoch 4/4) -- actor frozen, value-only for remaining passes
    [kl-stop] update 323: minibatch KL 0.0451 > 0.0300 (epoch 2/4) -- actor frozen, value-only for remaining passes
    [kl-stop] update 324: minibatch KL 0.0441 > 0.0300 (epoch 3/4) -- actor frozen, value-only for remaining passes
    [batch-verify] update 325: 4 slots, max scaled |diff| 3.81e-06 OK
[ 325/2000] rew= 3880.5  thr=101.33Mbps  comp=0.558  drop=0.000  SINR= 12.8dB  KL= 0.0135  ent=1.906  clip=0.208  ev=+0.21  t=20629s
    [kl-stop] update 327: minibatch KL 0.0364 > 0.0300 (epoch 4/4) -- actor frozen, value-only for remaining passes
  --- eval at update 329 ---
    PPO           reward  5595.01  thrpt  88.88Mbps  comp 0.643  totfail 0.354  depth 3.15  eval_s=99.2
  [eval-time] update 329: 99.2s total
  >>> new best eval reward 5595.01, saved best.pt
[ 330/2000] rew= 5010.7  thr=54.95Mbps  comp=0.743  drop=0.000  SINR= 13.1dB  KL= 0.0111  ent=1.502  clip=0.167  ev=+0.07  t=20986s
    [kl-stop] update 331: minibatch KL 0.0318 > 0.0300 (epoch 2/4) -- actor frozen, value-only for remaining passes
    [kl-stop] update 334: minibatch KL 0.0355 > 0.0300 (epoch 2/4) -- actor frozen, value-only for remaining passes
    [kl-stop] update 335: minibatch KL 0.0302 > 0.0300 (epoch 4/4) -- actor frozen, value-only for remaining passes
[ 335/2000] rew= 6065.4  thr=90.17Mbps  comp=0.643  drop=0.000  SINR= 10.0dB  KL= 0.0127  ent=1.964  clip=0.191  ev=+0.13  t=21279s
    [kl-stop] update 337: minibatch KL 0.0379 > 0.0300 (epoch 2/4) -- actor frozen, value-only for remaining passes
  --- eval at update 339 ---
    PPO           reward  5590.81  thrpt  88.88Mbps  comp 0.643  totfail 0.355  depth 3.07  eval_s=89.6
  [eval-time] update 339: 89.6s total
[ 340/2000] rew= 7497.7  thr=90.29Mbps  comp=0.701  drop=0.000  SINR= 21.3dB  KL= 0.0124  ent=1.973  clip=0.184  ev=+0.17  t=21634s
    [kl-stop] update 341: minibatch KL 0.0304 > 0.0300 (epoch 3/4) -- actor frozen, value-only for remaining passes
    [kl-stop] update 342: minibatch KL 0.0566 > 0.0300 (epoch 1/4) -- actor frozen, value-only for remaining passes
    [kl-stop] update 343: minibatch KL 0.0345 > 0.0300 (epoch 1/4) -- actor frozen, value-only for remaining passes
    [kl-stop] update 344: minibatch KL 0.0310 > 0.0300 (epoch 2/4) -- actor frozen, value-only for remaining passes
    [kl-stop] update 345: minibatch KL 0.0404 > 0.0300 (epoch 3/4) -- actor frozen, value-only for remaining passes
[ 345/2000] rew= 5197.1  thr=80.64Mbps  comp=0.635  drop=0.000  SINR= 12.0dB  KL= 0.0237  ent=1.614  clip=0.313  ev=+0.18  t=21894s
    [kl-stop] update 346: minibatch KL 0.0337 > 0.0300 (epoch 2/4) -- actor frozen, value-only for remaining passes
    [kl-stop] update 347: minibatch KL 0.0328 > 0.0300 (epoch 4/4) -- actor frozen, value-only for remaining passes
    [kl-stop] update 349: minibatch KL 0.0301 > 0.0300 (epoch 4/4) -- actor frozen, value-only for remaining passes
  --- eval at update 349 ---
    PPO           reward  5572.09  thrpt  88.73Mbps  comp 0.642  totfail 0.355  depth 3.04  eval_s=88.4
  [eval-time] update 349: 88.4s total
    [batch-verify] update 350: 4 slots, max scaled |diff| 7.63e-06 OK
    [kl-stop] update 350: minibatch KL 0.0421 > 0.0300 (epoch 2/4) -- actor frozen, value-only for remaining passes
[ 350/2000] rew= 6775.0  thr=69.20Mbps  comp=0.773  drop=0.000  SINR= 13.9dB  KL= 0.0300  ent=1.512  clip=0.365  ev=+0.14  t=22239s
    [kl-stop] update 351: minibatch KL 0.0308 > 0.0300 (epoch 2/4) -- actor frozen, value-only for remaining passes
    [kl-stop] update 352: minibatch KL 0.0508 > 0.0300 (epoch 1/4) -- actor frozen, value-only for remaining passes
    [kl-stop] update 353: minibatch KL 0.0331 > 0.0300 (epoch 1/4) -- actor frozen, value-only for remaining passes
    [kl-stop] update 354: minibatch KL 0.0311 > 0.0300 (epoch 2/4) -- actor frozen, value-only for remaining passes
[ 355/2000] rew= 5562.7  thr=88.03Mbps  comp=0.631  drop=0.000  SINR= 14.1dB  KL= 0.0126  ent=1.612  clip=0.195  ev=+0.12  t=22490s
    [kl-stop] update 356: minibatch KL 0.0303 > 0.0300 (epoch 4/4) -- actor frozen, value-only for remaining passes
    [kl-stop] update 357: minibatch KL 0.0309 > 0.0300 (epoch 4/4) -- actor frozen, value-only for remaining passes
    [kl-stop] update 358: minibatch KL 0.0365 > 0.0300 (epoch 1/4) -- actor frozen, value-only for remaining passes
  --- eval at update 359 ---
    PPO           reward  5567.29  thrpt  88.72Mbps  comp 0.642  totfail 0.355  depth 2.96  eval_s=86.4
  [eval-time] update 359: 86.4s total
    [kl-stop] update 360: minibatch KL 0.0309 > 0.0300 (epoch 3/4) -- actor frozen, value-only for remaining passes
[ 360/2000] rew= 4446.4  thr=67.72Mbps  comp=0.640  drop=0.001  SINR= 13.4dB  KL= 0.0156  ent=1.392  clip=0.219  ev=+0.14  t=22827s
    [kl-stop] update 363: minibatch KL 0.0381 > 0.0300 (epoch 2/4) -- actor frozen, value-only for remaining passes
    [kl-stop] update 364: minibatch KL 0.0686 > 0.0300 (epoch 1/4) -- actor frozen, value-only for remaining passes
    [kl-stop] update 365: minibatch KL 0.0367 > 0.0300 (epoch 1/4) -- actor frozen, value-only for remaining passes
[ 365/2000] rew= 5175.7  thr=54.88Mbps  comp=0.758  drop=0.000  SINR= 16.7dB  KL= 0.0326  ent=1.268  clip=0.395  ev=+0.12  t=23066s
    [kl-stop] update 367: minibatch KL 0.0316 > 0.0300 (epoch 4/4) -- actor frozen, value-only for remaining passes
    [kl-stop] update 368: minibatch KL 0.0340 > 0.0300 (epoch 3/4) -- actor frozen, value-only for remaining passes
    [kl-stop] update 369: minibatch KL 0.0357 > 0.0300 (epoch 4/4) -- actor frozen, value-only for remaining passes
  --- eval at update 369 ---
    PPO           reward  5304.44  thrpt  87.38Mbps  comp 0.634  totfail 0.363  depth 2.63  eval_s=80.6
  [eval-time] update 369: 80.6s total
[ 370/2000] rew= 1966.3  thr=83.65Mbps  comp=0.525  drop=0.000  SINR= 13.1dB  KL= 0.0131  ent=1.642  clip=0.193  ev=+0.07  t=23395s
    [kl-stop] update 371: minibatch KL 0.0370 > 0.0300 (epoch 1/4) -- actor frozen, value-only for remaining passes
    [batch-verify] update 375: 4 slots, max scaled |diff| 3.81e-06 OK
    [kl-stop] update 375: minibatch KL 0.0316 > 0.0300 (epoch 3/4) -- actor frozen, value-only for remaining passes
[ 375/2000] rew= 4588.6  thr=69.14Mbps  comp=0.644  drop=0.000  SINR= 14.8dB  KL= 0.0175  ent=1.159  clip=0.230  ev=+0.08  t=23630s
    [kl-stop] update 376: minibatch KL 0.0345 > 0.0300 (epoch 3/4) -- actor frozen, value-only for remaining passes
    [kl-stop] update 377: minibatch KL 0.0328 > 0.0300 (epoch 3/4) -- actor frozen, value-only for remaining passes
    [kl-stop] update 378: minibatch KL 0.0372 > 0.0300 (epoch 3/4) -- actor frozen, value-only for remaining passes
  --- eval at update 379 ---
    PPO           reward  5591.21  thrpt  88.80Mbps  comp 0.643  totfail 0.355  depth 3.06  eval_s=86.9
  [eval-time] update 379: 86.9s total
[ 380/2000] rew= 4355.4  thr=81.57Mbps  comp=0.603  drop=0.000  SINR= 11.4dB  KL= 0.0159  ent=1.505  clip=0.241  ev=+0.08  t=23971s
    [kl-stop] update 384: minibatch KL 0.0397 > 0.0300 (epoch 3/4) -- actor frozen, value-only for remaining passes
    [kl-stop] update 385: minibatch KL 0.0363 > 0.0300 (epoch 3/4) -- actor frozen, value-only for remaining passes
[ 385/2000] rew= 6775.3  thr=72.51Mbps  comp=0.751  drop=0.000  SINR= 15.3dB  KL= 0.0214  ent=1.802  clip=0.290  ev=-0.08  t=24225s
    [kl-stop] update 386: minibatch KL 0.0417 > 0.0300 (epoch 4/4) -- actor frozen, value-only for remaining passes
    [kl-stop] update 387: minibatch KL 0.0383 > 0.0300 (epoch 3/4) -- actor frozen, value-only for remaining passes
    [kl-stop] update 388: minibatch KL 0.0343 > 0.0300 (epoch 4/4) -- actor frozen, value-only for remaining passes
    [kl-stop] update 389: minibatch KL 0.0311 > 0.0300 (epoch 4/4) -- actor frozen, value-only for remaining passes
  --- eval at update 389 ---
    PPO           reward  5650.17  thrpt  89.23Mbps  comp 0.644  totfail 0.353  depth 3.25  eval_s=91.1
  [eval-time] update 389: 91.1s total
  >>> new best eval reward 5650.17, saved best.pt
[ 390/2000] rew= 4185.2  thr=67.47Mbps  comp=0.628  drop=0.000  SINR= 12.8dB  KL= 0.0143  ent=1.272  clip=0.214  ev=+0.20  t=24566s
    [kl-stop] update 395: minibatch KL 0.0305 > 0.0300 (epoch 2/4) -- actor frozen, value-only for remaining passes
[ 395/2000] rew= 4709.4  thr=48.36Mbps  comp=0.773  drop=0.001  SINR=  8.2dB  KL= 0.0199  ent=0.958  clip=0.264  ev=+0.06  t=24814s
    [kl-stop] update 398: minibatch KL 0.0301 > 0.0300 (epoch 3/4) -- actor frozen, value-only for remaining passes
  --- eval at update 399 ---
    PPO           reward  5629.45  thrpt  89.11Mbps  comp 0.644  totfail 0.354  depth 3.21  eval_s=91.8
  [eval-time] update 399: 91.8s total
    [batch-verify] update 400: 4 slots, max scaled |diff| 5.72e-06 OK
[ 400/2000] rew= 5707.1  thr=53.30Mbps  comp=0.826  drop=0.002  SINR= 16.5dB  KL= 0.0114  ent=0.864  clip=0.160  ev=+0.14  t=25160s
[ 405/2000] rew= 6166.1  thr=60.84Mbps  comp=0.790  drop=0.000  SINR= 11.9dB  KL= 0.0114  ent=1.413  clip=0.158  ev=+0.15  t=25410s
    [kl-stop] update 408: minibatch KL 0.0411 > 0.0300 (epoch 2/4) -- actor frozen, value-only for remaining passes
  --- eval at update 409 ---
    PPO           reward  5628.43  thrpt  89.16Mbps  comp 0.644  totfail 0.354  depth 3.27  eval_s=91.8
  [eval-time] update 409: 91.8s total
    [kl-stop] update 410: minibatch KL 0.0365 > 0.0300 (epoch 3/4) -- actor frozen, value-only for remaining passes
[ 410/2000] rew= 4951.0  thr=74.21Mbps  comp=0.641  drop=0.000  SINR= 10.5dB  KL= 0.0190  ent=1.317  clip=0.264  ev=+0.20  t=25756s
    [kl-stop] update 411: minibatch KL 0.0309 > 0.0300 (epoch 3/4) -- actor frozen, value-only for remaining passes
    [kl-stop] update 413: minibatch KL 0.0341 > 0.0300 (epoch 3/4) -- actor frozen, value-only for remaining passes
[ 415/2000] rew= 4127.9  thr=93.98Mbps  comp=0.577  drop=0.000  SINR=  8.5dB  KL= 0.0122  ent=1.321  clip=0.170  ev=+0.14  t=26017s
    [kl-stop] update 417: minibatch KL 0.0315 > 0.0300 (epoch 4/4) -- actor frozen, value-only for remaining passes
  --- eval at update 419 ---
    PPO           reward  5603.50  thrpt  89.05Mbps  comp 0.643  totfail 0.354  depth 3.31  eval_s=92.7
  [eval-time] update 419: 92.7s total
    [kl-stop] update 420: minibatch KL 0.0332 > 0.0300 (epoch 1/4) -- actor frozen, value-only for remaining passes
[ 420/2000] rew= 4813.2  thr=75.80Mbps  comp=0.636  drop=0.000  SINR=  8.9dB  KL= 0.0257  ent=1.159  clip=0.334  ev=+0.16  t=26351s
    [kl-stop] update 421: minibatch KL 0.0332 > 0.0300 (epoch 1/4) -- actor frozen, value-only for remaining passes
    [kl-stop] update 422: minibatch KL 0.0315 > 0.0300 (epoch 4/4) -- actor frozen, value-only for remaining passes
    [kl-stop] update 424: minibatch KL 0.0316 > 0.0300 (epoch 3/4) -- actor frozen, value-only for remaining passes
    [batch-verify] update 425: 4 slots, max scaled |diff| 1.14e-05 OK
    [kl-stop] update 425: minibatch KL 0.0310 > 0.0300 (epoch 4/4) -- actor frozen, value-only for remaining passes
[ 425/2000] rew= 7956.8  thr=77.82Mbps  comp=0.795  drop=0.000  SINR= 11.7dB  KL= 0.0152  ent=1.027  clip=0.195  ev=+0.14  t=26610s
    [kl-stop] update 426: minibatch KL 0.0344 > 0.0300 (epoch 4/4) -- actor frozen, value-only for remaining passes
    [kl-stop] update 429: minibatch KL 0.0438 > 0.0300 (epoch 2/4) -- actor frozen, value-only for remaining passes
  --- eval at update 429 ---
    PPO           reward  5620.76  thrpt  88.95Mbps  comp 0.644  totfail 0.354  depth 3.24  eval_s=91.6
  [eval-time] update 429: 91.6s total
[ 430/2000] rew= 4011.5  thr=56.88Mbps  comp=0.659  drop=0.000  SINR= 10.1dB  KL= 0.0106  ent=1.475  clip=0.165  ev=+0.18  t=26960s
    [kl-stop] update 432: minibatch KL 0.0324 > 0.0300 (epoch 4/4) -- actor frozen, value-only for remaining passes
[ 435/2000] rew= 4933.9  thr=77.99Mbps  comp=0.635  drop=0.000  SINR= 12.2dB  KL= 0.0119  ent=1.113  clip=0.186  ev=+0.17  t=27222s
    [kl-stop] update 437: minibatch KL 0.0312 > 0.0300 (epoch 2/4) -- actor frozen, value-only for remaining passes
  --- eval at update 439 ---
    PPO           reward  5572.04  thrpt  88.76Mbps  comp 0.642  totfail 0.355  depth 3.13  eval_s=89.1
  [eval-time] update 439: 89.1s total
[ 440/2000] rew= 6316.0  thr=56.85Mbps  comp=0.848  drop=0.001  SINR= 15.0dB  KL= 0.0070  ent=0.952  clip=0.096  ev=+0.06  t=27559s
    [kl-stop] update 441: minibatch KL 0.0350 > 0.0300 (epoch 3/4) -- actor frozen, value-only for remaining passes
    [kl-stop] update 445: minibatch KL 0.0317 > 0.0300 (epoch 1/4) -- actor frozen, value-only for remaining passes
[ 445/2000] rew= 5570.4  thr=72.13Mbps  comp=0.683  drop=0.000  SINR=  8.2dB  KL= 0.0317  ent=1.408  clip=0.425  ev=+0.05  t=27812s
    [kl-stop] update 448: minibatch KL 0.0320 > 0.0300 (epoch 4/4) -- actor frozen, value-only for remaining passes
  --- eval at update 449 ---
    PPO           reward  5644.80  thrpt  89.04Mbps  comp 0.645  totfail 0.353  depth 3.11  eval_s=89.6
  [eval-time] update 449: 89.6s total
    [batch-verify] update 450: 4 slots, max scaled |diff| 1.14e-05 OK
    [kl-stop] update 450: minibatch KL 0.0384 > 0.0300 (epoch 2/4) -- actor frozen, value-only for remaining passes
[ 450/2000] rew= 1985.7  thr=68.16Mbps  comp=0.533  drop=0.000  SINR=  8.5dB  KL= 0.0299  ent=1.655  clip=0.360  ev=+0.26  t=28167s
    [kl-stop] update 452: minibatch KL 0.0303 > 0.0300 (epoch 4/4) -- actor frozen, value-only for remaining passes
    [kl-stop] update 454: minibatch KL 0.0320 > 0.0300 (epoch 3/4) -- actor frozen, value-only for remaining passes
[ 455/2000] rew= 4306.1  thr=37.90Mbps  comp=0.865  drop=0.001  SINR= 12.1dB  KL= 0.0088  ent=0.652  clip=0.121  ev=-0.25  t=28410s
  --- eval at update 459 ---
    PPO           reward  5642.04  thrpt  89.20Mbps  comp 0.644  totfail 0.353  depth 3.23  eval_s=93.1
  [eval-time] update 459: 93.1s total
[ 460/2000] rew= 5389.3  thr=66.38Mbps  comp=0.698  drop=0.000  SINR=  8.1dB  KL= 0.0137  ent=1.618  clip=0.205  ev=+0.12  t=28752s
[ 465/2000] rew= 4860.3  thr=47.82Mbps  comp=0.794  drop=0.001  SINR= 11.9dB  KL= 0.0096  ent=1.015  clip=0.132  ev=+0.10  t=28997s
    [kl-stop] update 469: minibatch KL 0.0447 > 0.0300 (epoch 1/4) -- actor frozen, value-only for remaining passes
  --- eval at update 469 ---
    PPO           reward  5673.05  thrpt  89.21Mbps  comp 0.645  totfail 0.352  depth 3.25  eval_s=91.7
  [eval-time] update 469: 91.7s total
  >>> new best eval reward 5673.05, saved best.pt
[ 470/2000] rew= 4207.0  thr=91.66Mbps  comp=0.578  drop=0.000  SINR= 14.0dB  KL= 0.0137  ent=1.847  clip=0.210  ev=+0.23  t=29343s
    [kl-stop] update 471: minibatch KL 0.0341 > 0.0300 (epoch 2/4) -- actor frozen, value-only for remaining passes
    [batch-verify] update 475: 4 slots, max scaled |diff| 7.63e-06 OK
[ 475/2000] rew= 6212.8  thr=68.37Mbps  comp=0.741  drop=0.000  SINR= 11.1dB  KL= 0.0156  ent=1.413  clip=0.233  ev=+0.26  t=29592s
  --- eval at update 479 ---
    PPO           reward  5633.20  thrpt  89.21Mbps  comp 0.643  totfail 0.354  depth 3.29  eval_s=92.4
  [eval-time] update 479: 92.4s total
    [kl-stop] update 480: minibatch KL 0.0303 > 0.0300 (epoch 3/4) -- actor frozen, value-only for remaining passes
[ 480/2000] rew= 4480.8  thr=93.24Mbps  comp=0.587  drop=0.000  SINR= 13.0dB  KL= 0.0169  ent=1.470  clip=0.243  ev=+0.25  t=29941s
    [kl-stop] update 482: minibatch KL 0.0332 > 0.0300 (epoch 3/4) -- actor frozen, value-only for remaining passes
[ 485/2000] rew= 3462.0  thr=78.99Mbps  comp=0.577  drop=0.001  SINR= 12.4dB  KL= 0.0113  ent=1.174  clip=0.171  ev=+0.23  t=30205s
    [kl-stop] update 488: minibatch KL 0.0341 > 0.0300 (epoch 3/4) -- actor frozen, value-only for remaining passes
    [kl-stop] update 489: minibatch KL 0.0309 > 0.0300 (epoch 4/4) -- actor frozen, value-only for remaining passes
  --- eval at update 489 ---
    PPO           reward  5645.68  thrpt  89.27Mbps  comp 0.644  totfail 0.353  depth 3.35  eval_s=93.3
  [eval-time] update 489: 93.3s total
[ 490/2000] rew= 7310.2  thr=77.14Mbps  comp=0.757  drop=0.000  SINR=  9.6dB  KL= 0.0134  ent=1.605  clip=0.210  ev=+0.21  t=30546s
    [kl-stop] update 491: minibatch KL 0.0325 > 0.0300 (epoch 1/4) -- actor frozen, value-only for remaining passes
    [kl-stop] update 494: minibatch KL 0.0311 > 0.0300 (epoch 3/4) -- actor frozen, value-only for remaining passes
[ 495/2000] rew= 4882.4  thr=48.23Mbps  comp=0.793  drop=0.001  SINR= 11.9dB  KL= 0.0083  ent=0.704  clip=0.118  ev=+0.02  t=30799s
  --- eval at update 499 ---
    PPO           reward  5673.97  thrpt  89.30Mbps  comp 0.645  totfail 0.352  depth 3.29  eval_s=91.8
  [eval-time] update 499: 91.8s total
  >>> new best eval reward 5673.97, saved best.pt
    [batch-verify] update 500: 4 slots, max scaled |diff| 3.81e-06 OK
    [kl-stop] update 500: minibatch KL 0.0318 > 0.0300 (epoch 4/4) -- actor frozen, value-only for remaining passes
[ 500/2000] rew= 5686.6  thr=89.89Mbps  comp=0.632  drop=0.000  SINR= 12.3dB  KL= 0.0185  ent=1.484  clip=0.263  ev=+0.19  t=31157s
[ 505/2000] rew= 3647.0  thr=121.04Mbps  comp=0.537  drop=0.000  SINR= 10.3dB  KL= 0.0134  ent=1.949  clip=0.198  ev=+0.30  t=31398s
    [kl-stop] update 508: minibatch KL 0.0330 > 0.0300 (epoch 3/4) -- actor frozen, value-only for remaining passes
  --- eval at update 509 ---
    PPO           reward  5671.19  thrpt  89.32Mbps  comp 0.645  totfail 0.352  depth 3.34  eval_s=93.1
  [eval-time] update 509: 93.1s total
[ 510/2000] rew= 6712.3  thr=107.08Mbps  comp=0.632  drop=0.000  SINR= 10.3dB  KL= 0.0186  ent=1.677  clip=0.246  ev=+0.12  t=31758s
    [kl-stop] update 512: minibatch KL 0.0318 > 0.0300 (epoch 4/4) -- actor frozen, value-only for remaining passes
[ 515/2000] rew= 4035.5  thr=48.81Mbps  comp=0.708  drop=0.004  SINR= 13.8dB  KL= 0.0144  ent=0.685  clip=0.193  ev=+0.07  t=32010s
    [kl-stop] update 516: minibatch KL 0.0372 > 0.0300 (epoch 1/4) -- actor frozen, value-only for remaining passes
    [kl-stop] update 517: minibatch KL 0.0300 > 0.0300 (epoch 3/4) -- actor frozen, value-only for remaining passes
  --- eval at update 519 ---
    PPO           reward  5585.34  thrpt  89.32Mbps  comp 0.642  totfail 0.356  depth 3.55  eval_s=96.9
  [eval-time] update 519: 96.9s total
[ 520/2000] rew= 4610.1  thr=57.24Mbps  comp=0.698  drop=0.001  SINR=  8.3dB  KL= 0.0102  ent=1.006  clip=0.163  ev=+0.10  t=32355s
    [batch-verify] update 525: 4 slots, max scaled |diff| 4.51e-06 OK
[ 525/2000] rew= 4149.8  thr=44.87Mbps  comp=0.750  drop=0.001  SINR=  8.8dB  KL= 0.0130  ent=1.016  clip=0.195  ev=+0.18  t=32611s
    [kl-stop] update 529: minibatch KL 0.0357 > 0.0300 (epoch 3/4) -- actor frozen, value-only for remaining passes
  --- eval at update 529 ---
    PPO           reward  5574.69  thrpt  89.33Mbps  comp 0.641  totfail 0.356  depth 3.61  eval_s=98.1
  [eval-time] update 529: 98.1s total
[ 530/2000] rew= 5001.6  thr=71.07Mbps  comp=0.657  drop=0.000  SINR=  9.1dB  KL= 0.0116  ent=1.459  clip=0.168  ev=+0.16  t=32978s
    [kl-stop] update 531: minibatch KL 0.0320 > 0.0300 (epoch 3/4) -- actor frozen, value-only for remaining passes
[ 535/2000] rew= 2987.5  thr=44.00Mbps  comp=0.649  drop=0.004  SINR=  6.7dB  KL= 0.0087  ent=0.867  clip=0.134  ev=+0.12  t=33234s
  --- eval at update 539 ---
    PPO           reward  5614.56  thrpt  89.45Mbps  comp 0.643  totfail 0.355  depth 3.62  eval_s=98.6
  [eval-time] update 539: 98.6s total
[ 540/2000] rew= 2776.6  thr=133.44Mbps  comp=0.516  drop=0.000  SINR= 14.1dB  KL= 0.0149  ent=1.988  clip=0.213  ev=+0.13  t=33608s
    [kl-stop] update 542: minibatch KL 0.0311 > 0.0300 (epoch 3/4) -- actor frozen, value-only for remaining passes
[ 545/2000] rew= 4800.2  thr=44.35Mbps  comp=0.833  drop=0.002  SINR= 15.1dB  KL= 0.0091  ent=0.534  clip=0.132  ev=+0.15  t=33858s
    [kl-stop] update 546: minibatch KL 0.0421 > 0.0300 (epoch 2/4) -- actor frozen, value-only for remaining passes
    [kl-stop] update 547: minibatch KL 0.0363 > 0.0300 (epoch 2/4) -- actor frozen, value-only for remaining passes
  --- eval at update 549 ---
    PPO           reward  5521.30  thrpt  89.35Mbps  comp 0.639  totfail 0.358  depth 3.73  eval_s=99.2
  [eval-time] update 549: 99.2s total
    [batch-verify] update 550: 4 slots, max scaled |diff| 3.81e-06 OK
[ 550/2000] rew= 4720.4  thr=92.51Mbps  comp=0.593  drop=0.000  SINR= 15.1dB  KL= 0.0115  ent=1.714  clip=0.187  ev=+0.22  t=34219s
[ 555/2000] rew= 6233.4  thr=81.53Mbps  comp=0.682  drop=0.000  SINR= 11.1dB  KL= 0.0088  ent=1.120  clip=0.122  ev=+0.08  t=34488s
    [kl-stop] update 556: minibatch KL 0.0362 > 0.0300 (epoch 4/4) -- actor frozen, value-only for remaining passes
    [kl-stop] update 557: minibatch KL 0.0421 > 0.0300 (epoch 2/4) -- actor frozen, value-only for remaining passes
  --- eval at update 559 ---
    PPO           reward  5584.45  thrpt  89.38Mbps  comp 0.642  totfail 0.356  depth 3.62  eval_s=98.2
  [eval-time] update 559: 98.2s total
[ 560/2000] rew= 5259.8  thr=110.44Mbps  comp=0.585  drop=0.000  SINR= 16.4dB  KL= 0.0121  ent=1.569  clip=0.195  ev=+0.33  t=34850s
    [kl-stop] update 562: minibatch KL 0.0321 > 0.0300 (epoch 4/4) -- actor frozen, value-only for remaining passes
    [kl-stop] update 563: minibatch KL 0.0325 > 0.0300 (epoch 1/4) -- actor frozen, value-only for remaining passes
    [kl-stop] update 565: minibatch KL 0.0314 > 0.0300 (epoch 2/4) -- actor frozen, value-only for remaining passes
[ 565/2000] rew=  684.4  thr=38.36Mbps  comp=0.504  drop=0.000  SINR=  5.6dB  KL= 0.0210  ent=1.239  clip=0.300  ev=+0.23  t=35116s
    [kl-stop] update 566: minibatch KL 0.0410 > 0.0300 (epoch 2/4) -- actor frozen, value-only for remaining passes
    [kl-stop] update 567: minibatch KL 0.0428 > 0.0300 (epoch 1/4) -- actor frozen, value-only for remaining passes
  --- eval at update 569 ---
    PPO           reward  5660.66  thrpt  89.45Mbps  comp 0.644  totfail 0.353  depth 3.48  eval_s=95.9
  [eval-time] update 569: 95.9s total
[ 570/2000] rew= 5793.5  thr=102.70Mbps  comp=0.613  drop=0.000  SINR= 10.5dB  KL= 0.0118  ent=1.222  clip=0.185  ev=+0.18  t=35472s
    [kl-stop] update 571: minibatch KL 0.0306 > 0.0300 (epoch 3/4) -- actor frozen, value-only for remaining passes
    [batch-verify] update 575: 4 slots, max scaled |diff| 5.72e-06 OK
[ 575/2000] rew= 3687.2  thr=49.91Mbps  comp=0.670  drop=0.000  SINR= 14.5dB  KL= 0.0122  ent=1.146  clip=0.182  ev=+0.22  t=35731s
    [kl-stop] update 576: minibatch KL 0.0305 > 0.0300 (epoch 3/4) -- actor frozen, value-only for remaining passes
    [kl-stop] update 578: minibatch KL 0.0309 > 0.0300 (epoch 4/4) -- actor frozen, value-only for remaining passes
  --- eval at update 579 ---
    PPO           reward  5637.71  thrpt  89.51Mbps  comp 0.643  totfail 0.354  depth 3.53  eval_s=97.6
  [eval-time] update 579: 97.6s total
[ 580/2000] rew= 3519.3  thr=52.09Mbps  comp=0.647  drop=0.000  SINR=  8.8dB  KL= 0.0108  ent=1.163  clip=0.167  ev=+0.27  t=36099s
    [kl-stop] update 581: minibatch KL 0.0336 > 0.0300 (epoch 3/4) -- actor frozen, value-only for remaining passes
[ 585/2000] rew= 6161.3  thr=64.31Mbps  comp=0.766  drop=0.000  SINR= 12.3dB  KL= 0.0132  ent=1.166  clip=0.192  ev=+0.14  t=36348s
  --- eval at update 589 ---
    PPO           reward  5552.85  thrpt  89.35Mbps  comp 0.641  totfail 0.357  depth 3.66  eval_s=100.9
  [eval-time] update 589: 100.9s total
[ 590/2000] rew= 5421.3  thr=56.10Mbps  comp=0.771  drop=0.000  SINR=  8.1dB  KL= 0.0081  ent=1.080  clip=0.114  ev=+0.09  t=36714s
    [kl-stop] update 591: minibatch KL 0.0306 > 0.0300 (epoch 4/4) -- actor frozen, value-only for remaining passes
    [kl-stop] update 593: minibatch KL 0.0344 > 0.0300 (epoch 2/4) -- actor frozen, value-only for remaining passes
[ 595/2000] rew= 6617.0  thr=81.80Mbps  comp=0.699  drop=0.000  SINR=  9.9dB  KL= 0.0125  ent=1.266  clip=0.183  ev=+0.12  t=36983s
  --- eval at update 599 ---
    PPO           reward  5563.22  thrpt  89.32Mbps  comp 0.641  totfail 0.356  depth 3.61  eval_s=100.0
  [eval-time] update 599: 100.0s total
    [batch-verify] update 600: 4 slots, max scaled |diff| 7.63e-06 OK
[ 600/2000] rew= 4492.5  thr=84.69Mbps  comp=0.599  drop=0.000  SINR= 10.7dB  KL= 0.0130  ent=1.523  clip=0.203  ev=+0.23  t=37355s
[ 605/2000] rew= 6769.3  thr=124.89Mbps  comp=0.603  drop=0.000  SINR= 13.1dB  KL= 0.0110  ent=1.817  clip=0.158  ev=+0.18  t=37624s
  --- eval at update 609 ---
    PPO           reward  5600.36  thrpt  89.45Mbps  comp 0.642  totfail 0.355  depth 3.57  eval_s=97.9
  [eval-time] update 609: 97.9s total
[ 610/2000] rew= 5092.7  thr=61.28Mbps  comp=0.709  drop=0.001  SINR=  7.7dB  KL= 0.0102  ent=0.873  clip=0.150  ev=+0.17  t=37982s
[ 615/2000] rew= 6602.4  thr=63.95Mbps  comp=0.803  drop=0.000  SINR= 13.5dB  KL= 0.0132  ent=1.046  clip=0.200  ev=+0.10  t=38238s
    [kl-stop] update 618: minibatch KL 0.0324 > 0.0300 (epoch 2/4) -- actor frozen, value-only for remaining passes
  --- eval at update 619 ---
    PPO           reward  5656.60  thrpt  89.44Mbps  comp 0.644  totfail 0.353  depth 3.52  eval_s=98.4
  [eval-time] update 619: 98.4s total
[ 620/2000] rew= 4326.7  thr=102.31Mbps  comp=0.570  drop=0.000  SINR= 11.4dB  KL= 0.0104  ent=1.470  clip=0.165  ev=+0.31  t=38603s
    [kl-stop] update 623: minibatch KL 0.0326 > 0.0300 (epoch 2/4) -- actor frozen, value-only for remaining passes
    [batch-verify] update 625: 4 slots, max scaled |diff| 1.14e-05 OK
[ 625/2000] rew= 5316.8  thr=78.49Mbps  comp=0.650  drop=0.000  SINR= 11.4dB  KL= 0.0122  ent=1.218  clip=0.190  ev=+0.22  t=38866s
  --- eval at update 629 ---
    PPO           reward  5674.08  thrpt  89.44Mbps  comp 0.645  totfail 0.352  depth 3.39  eval_s=93.7
  [eval-time] update 629: 93.7s total
  >>> new best eval reward 5674.08, saved best.pt
[ 630/2000] rew= 5917.9  thr=94.98Mbps  comp=0.625  drop=0.000  SINR=  9.2dB  KL= 0.0113  ent=1.611  clip=0.169  ev=+0.23  t=39219s
    [kl-stop] update 635: minibatch KL 0.0338 > 0.0300 (epoch 3/4) -- actor frozen, value-only for remaining passes
[ 635/2000] rew= 5886.5  thr=66.03Mbps  comp=0.733  drop=0.000  SINR=  7.8dB  KL= 0.0197  ent=0.982  clip=0.255  ev=+0.16  t=39481s
  --- eval at update 639 ---
    PPO           reward  5663.45  thrpt  89.56Mbps  comp 0.644  totfail 0.353  depth 3.41  eval_s=94.6
  [eval-time] update 639: 94.6s total
[ 640/2000] rew= 6751.2  thr=91.86Mbps  comp=0.668  drop=0.000  SINR= 10.9dB  KL= 0.0137  ent=1.200  clip=0.200  ev=+0.23  t=39845s
    [kl-stop] update 641: minibatch KL 0.0307 > 0.0300 (epoch 3/4) -- actor frozen, value-only for remaining passes
[ 645/2000] rew= 5773.7  thr=97.35Mbps  comp=0.621  drop=0.000  SINR= 14.0dB  KL= 0.0117  ent=1.161  clip=0.169  ev=+0.26  t=40113s
    [kl-stop] update 646: minibatch KL 0.0340 > 0.0300 (epoch 4/4) -- actor frozen, value-only for remaining passes
    [kl-stop] update 648: minibatch KL 0.0350 > 0.0300 (epoch 2/4) -- actor frozen, value-only for remaining passes
    [kl-stop] update 649: minibatch KL 0.0311 > 0.0300 (epoch 2/4) -- actor frozen, value-only for remaining passes
  --- eval at update 649 ---
    PPO           reward  5727.90  thrpt  89.58Mbps  comp 0.647  totfail 0.350  depth 3.26  eval_s=94.1
  [eval-time] update 649: 94.1s total
  >>> new best eval reward 5727.90, saved best.pt
    [batch-verify] update 650: 4 slots, max scaled |diff| 7.63e-06 OK
[ 650/2000] rew= 7134.9  thr=112.50Mbps  comp=0.634  drop=0.000  SINR= 11.7dB  KL= 0.0115  ent=1.297  clip=0.166  ev=+0.27  t=40462s
[ 655/2000] rew= 6038.3  thr=82.64Mbps  comp=0.665  drop=0.000  SINR=  8.5dB  KL= 0.0141  ent=1.178  clip=0.208  ev=+0.24  t=40721s
    [kl-stop] update 656: minibatch KL 0.0313 > 0.0300 (epoch 2/4) -- actor frozen, value-only for remaining passes
    [kl-stop] update 659: minibatch KL 0.0322 > 0.0300 (epoch 4/4) -- actor frozen, value-only for remaining passes
  --- eval at update 659 ---
    PPO           reward  5708.49  thrpt  89.47Mbps  comp 0.646  totfail 0.351  depth 3.21  eval_s=93.4
  [eval-time] update 659: 93.4s total
[ 660/2000] rew= 5360.4  thr=116.49Mbps  comp=0.578  drop=0.000  SINR= 12.5dB  KL= 0.0124  ent=1.782  clip=0.193  ev=+0.28  t=41077s
[ 665/2000] rew= 2517.3  thr=52.30Mbps  comp=0.582  drop=0.001  SINR= 11.5dB  KL= 0.0132  ent=1.028  clip=0.195  ev=+0.28  t=41344s
    [kl-stop] update 666: minibatch KL 0.0304 > 0.0300 (epoch 4/4) -- actor frozen, value-only for remaining passes
  --- eval at update 669 ---
    PPO           reward  5717.02  thrpt  89.52Mbps  comp 0.647  totfail 0.351  depth 3.21  eval_s=102.2
  [eval-time] update 669: 102.2s total
[ 670/2000] rew= 7018.7  thr=82.17Mbps  comp=0.719  drop=0.000  SINR=  9.0dB  KL= 0.0112  ent=0.879  clip=0.148  ev=+0.19  t=41705s
    [batch-verify] update 675: 4 slots, max scaled |diff| 1.14e-05 OK
[ 675/2000] rew= 5354.2  thr=98.73Mbps  comp=0.604  drop=0.000  SINR= 10.3dB  KL= 0.0151  ent=1.311  clip=0.239  ev=+0.28  t=42004s
  --- eval at update 679 ---
    PPO           reward  5703.36  thrpt  89.52Mbps  comp 0.646  totfail 0.351  depth 3.24  eval_s=98.2
  [eval-time] update 679: 98.2s total
[ 680/2000] rew= 3272.9  thr=51.74Mbps  comp=0.633  drop=0.000  SINR=  7.7dB  KL= 0.0113  ent=0.859  clip=0.169  ev=+0.22  t=42373s
    [kl-stop] update 684: minibatch KL 0.0349 > 0.0300 (epoch 3/4) -- actor frozen, value-only for remaining passes
[ 685/2000] rew= 5377.2  thr=90.82Mbps  comp=0.620  drop=0.000  SINR= 11.7dB  KL= 0.0117  ent=1.284  clip=0.180  ev=+0.28  t=42667s
    [kl-stop] update 689: minibatch KL 0.0309 > 0.0300 (epoch 3/4) -- actor frozen, value-only for remaining passes
  --- eval at update 689 ---
    PPO           reward  5693.20  thrpt  89.48Mbps  comp 0.646  totfail 0.352  depth 3.28  eval_s=93.6
  [eval-time] update 689: 93.6s total
[ 690/2000] rew= 2966.8  thr=97.99Mbps  comp=0.541  drop=0.000  SINR= 10.6dB  KL= 0.0163  ent=1.253  clip=0.250  ev=+0.36  t=43021s
    [kl-stop] update 691: minibatch KL 0.0320 > 0.0300 (epoch 3/4) -- actor frozen, value-only for remaining passes
    [kl-stop] update 692: minibatch KL 0.0311 > 0.0300 (epoch 3/4) -- actor frozen, value-only for remaining passes
    [kl-stop] update 694: minibatch KL 0.0313 > 0.0300 (epoch 2/4) -- actor frozen, value-only for remaining passes
    [kl-stop] update 695: minibatch KL 0.0457 > 0.0300 (epoch 2/4) -- actor frozen, value-only for remaining passes
[ 695/2000] rew=10086.0  thr=89.50Mbps  comp=0.855  drop=0.000  SINR= 11.8dB  KL= 0.0273  ent=0.837  clip=0.312  ev=+0.07  t=43284s
  --- eval at update 699 ---
    PPO           reward  5677.74  thrpt  89.56Mbps  comp 0.645  totfail 0.353  depth 3.37  eval_s=103.4
  [eval-time] update 699: 103.4s total
    [batch-verify] update 700: 4 slots, max scaled |diff| 5.72e-06 OK
    [kl-stop] update 700: minibatch KL 0.0307 > 0.0300 (epoch 4/4) -- actor frozen, value-only for remaining passes
[ 700/2000] rew= 2710.5  thr=42.57Mbps  comp=0.636  drop=0.001  SINR=  6.9dB  KL= 0.0181  ent=0.833  clip=0.257  ev=+0.14  t=43668s
[ 705/2000] rew= 3287.0  thr=85.16Mbps  comp=0.561  drop=0.000  SINR=  7.1dB  KL= 0.0115  ent=1.208  clip=0.169  ev=+0.12  t=43932s
  --- eval at update 709 ---
    PPO           reward  5660.37  thrpt  89.50Mbps  comp 0.644  totfail 0.353  depth 3.39  eval_s=95.4
  [eval-time] update 709: 95.4s total
[ 710/2000] rew= 3744.9  thr=101.98Mbps  comp=0.556  drop=0.000  SINR=  9.1dB  KL= 0.0132  ent=1.298  clip=0.203  ev=+0.18  t=44298s
    [kl-stop] update 713: minibatch KL 0.0334 > 0.0300 (epoch 4/4) -- actor frozen, value-only for remaining passes
[ 715/2000] rew= 6527.4  thr=57.26Mbps  comp=0.865  drop=0.000  SINR= 12.9dB  KL= 0.0088  ent=0.673  clip=0.117  ev=+0.00  t=44556s
  --- eval at update 719 ---
    PPO           reward  5701.45  thrpt  89.53Mbps  comp 0.646  totfail 0.352  depth 3.28  eval_s=93.8
  [eval-time] update 719: 93.8s total
[ 720/2000] rew= 4360.4  thr=49.53Mbps  comp=0.728  drop=0.000  SINR= 11.0dB  KL= 0.0123  ent=0.723  clip=0.171  ev=+0.13  t=44885s
    [kl-stop] update 721: minibatch KL 0.0379 > 0.0300 (epoch 4/4) -- actor frozen, value-only for remaining passes
    [batch-verify] update 725: 4 slots, max scaled |diff| 7.63e-06 OK
[ 725/2000] rew= 5143.1  thr=117.70Mbps  comp=0.574  drop=0.000  SINR= 11.7dB  KL= 0.0090  ent=1.497  clip=0.136  ev=+0.13  t=45155s
  --- eval at update 729 ---
    PPO           reward  5709.10  thrpt  89.55Mbps  comp 0.646  totfail 0.351  depth 3.29  eval_s=93.4
  [eval-time] update 729: 93.4s total
[ 730/2000] rew= 5470.9  thr=77.34Mbps  comp=0.661  drop=0.000  SINR=  8.6dB  KL= 0.0094  ent=0.818  clip=0.132  ev=+0.17  t=45496s
    [kl-stop] update 732: minibatch KL 0.0373 > 0.0300 (epoch 3/4) -- actor frozen, value-only for remaining passes
[ 735/2000] rew= 4463.0  thr=120.64Mbps  comp=0.557  drop=0.000  SINR= 10.1dB  KL= 0.0120  ent=1.286  clip=0.170  ev=+0.22  t=45764s
  --- eval at update 739 ---
    PPO           reward  5709.04  thrpt  89.58Mbps  comp 0.646  totfail 0.351  depth 3.26  eval_s=102.9
  [eval-time] update 739: 102.9s total
[ 740/2000] rew= 4488.8  thr=93.37Mbps  comp=0.585  drop=0.000  SINR=  9.6dB  KL= 0.0123  ent=1.346  clip=0.184  ev=+0.26  t=46151s
    [kl-stop] update 741: minibatch KL 0.0398 > 0.0300 (epoch 2/4) -- actor frozen, value-only for remaining passes
[ 745/2000] rew= 2838.2  thr=128.41Mbps  comp=0.524  drop=0.000  SINR= 13.0dB  KL= 0.0143  ent=1.302  clip=0.209  ev=+0.08  t=46426s
  --- eval at update 749 ---
    PPO           reward  5689.94  thrpt  89.37Mbps  comp 0.646  totfail 0.352  depth 3.21  eval_s=92.6
  [eval-time] update 749: 92.6s total
    [batch-verify] update 750: 4 slots, max scaled |diff| 1.91e-06 OK
    [kl-stop] update 750: minibatch KL 0.0375 > 0.0300 (epoch 3/4) -- actor frozen, value-only for remaining passes
[ 750/2000] rew= 2800.0  thr=47.94Mbps  comp=0.619  drop=0.000  SINR= 12.4dB  KL= 0.0193  ent=0.773  clip=0.235  ev=+0.21  t=46756s
    [kl-stop] update 755: minibatch KL 0.0338 > 0.0300 (epoch 4/4) -- actor frozen, value-only for remaining passes
[ 755/2000] rew= 3465.8  thr=64.85Mbps  comp=0.604  drop=0.000  SINR= 15.6dB  KL= 0.0127  ent=0.774  clip=0.172  ev=+0.06  t=47005s
    [kl-stop] update 758: minibatch KL 0.0328 > 0.0300 (epoch 2/4) -- actor frozen, value-only for remaining passes
  --- eval at update 759 ---
    PPO           reward  5683.96  thrpt  89.46Mbps  comp 0.645  totfail 0.352  depth 3.26  eval_s=92.0
  [eval-time] update 759: 92.0s total
[ 760/2000] rew= 6325.1  thr=74.09Mbps  comp=0.717  drop=0.000  SINR=  8.6dB  KL= 0.0130  ent=0.894  clip=0.189  ev=+0.20  t=47343s
    [kl-stop] update 761: minibatch KL 0.0316 > 0.0300 (epoch 4/4) -- actor frozen, value-only for remaining passes
[ 765/2000] rew= 7871.4  thr=81.19Mbps  comp=0.764  drop=0.000  SINR= 10.9dB  KL= 0.0174  ent=1.296  clip=0.254  ev=+0.29  t=47603s
    [kl-stop] update 769: minibatch KL 0.0314 > 0.0300 (epoch 3/4) -- actor frozen, value-only for remaining passes
  --- eval at update 769 ---
    PPO           reward  5665.01  thrpt  89.37Mbps  comp 0.645  totfail 0.353  depth 3.27  eval_s=92.9
  [eval-time] update 769: 92.9s total
[ 770/2000] rew= 4954.3  thr=84.86Mbps  comp=0.618  drop=0.000  SINR= 13.2dB  KL= 0.0120  ent=1.030  clip=0.177  ev=+0.33  t=47952s
    [batch-verify] update 775: 4 slots, max scaled |diff| 3.81e-06 OK
[ 775/2000] rew= 5897.4  thr=79.06Mbps  comp=0.675  drop=0.000  SINR= 10.0dB  KL= 0.0110  ent=1.089  clip=0.167  ev=+0.31  t=48217s
    [kl-stop] update 776: minibatch KL 0.0302 > 0.0300 (epoch 3/4) -- actor frozen, value-only for remaining passes
  --- eval at update 779 ---
    PPO           reward  5683.92  thrpt  89.46Mbps  comp 0.645  totfail 0.352  depth 3.23  eval_s=92.7
  [eval-time] update 779: 92.7s total
[ 780/2000] rew= 4792.4  thr=113.48Mbps  comp=0.569  drop=0.000  SINR= 10.3dB  KL= 0.0106  ent=1.473  clip=0.161  ev=+0.32  t=48581s
    [kl-stop] update 784: minibatch KL 0.0307 > 0.0300 (epoch 4/4) -- actor frozen, value-only for remaining passes
[ 785/2000] rew= 4222.9  thr=56.59Mbps  comp=0.675  drop=0.000  SINR= 10.7dB  KL= 0.0112  ent=0.658  clip=0.167  ev=+0.15  t=48814s
    [kl-stop] update 787: minibatch KL 0.0334 > 0.0300 (epoch 2/4) -- actor frozen, value-only for remaining passes
  --- eval at update 789 ---
    PPO           reward  5659.73  thrpt  89.34Mbps  comp 0.645  totfail 0.353  depth 3.19  eval_s=91.0
  [eval-time] update 789: 91.0s total
    [kl-stop] update 790: minibatch KL 0.0379 > 0.0300 (epoch 2/4) -- actor frozen, value-only for remaining passes
[ 790/2000] rew= 6954.1  thr=105.43Mbps  comp=0.639  drop=0.000  SINR= 12.1dB  KL= 0.0264  ent=1.611  clip=0.312  ev=+0.26  t=49150s
[ 795/2000] rew= 4145.7  thr=117.24Mbps  comp=0.552  drop=0.000  SINR= 14.6dB  KL= 0.0144  ent=1.483  clip=0.206  ev=+0.32  t=49404s
    [kl-stop] update 796: minibatch KL 0.0336 > 0.0300 (epoch 2/4) -- actor frozen, value-only for remaining passes
    [kl-stop] update 797: minibatch KL 0.0303 > 0.0300 (epoch 2/4) -- actor frozen, value-only for remaining passes
  --- eval at update 799 ---
    PPO           reward  5670.07  thrpt  89.39Mbps  comp 0.645  totfail 0.353  depth 3.19  eval_s=92.4
  [eval-time] update 799: 92.4s total
    [batch-verify] update 800: 4 slots, max scaled |diff| 1.91e-06 OK
[ 800/2000] rew= 7661.1  thr=61.79Mbps  comp=0.931  drop=0.000  SINR= 10.6dB  KL= 0.0092  ent=0.610  clip=0.128  ev=+0.04  t=49742s
[ 805/2000] rew= 3365.3  thr=55.45Mbps  comp=0.626  drop=0.001  SINR=  9.3dB  KL= 0.0165  ent=0.702  clip=0.246  ev=+0.03  t=49985s
    [kl-stop] update 806: minibatch KL 0.0405 > 0.0300 (epoch 2/4) -- actor frozen, value-only for remaining passes
    [kl-stop] update 807: minibatch KL 0.0308 > 0.0300 (epoch 2/4) -- actor frozen, value-only for remaining passes
    [kl-stop] update 808: minibatch KL 0.0327 > 0.0300 (epoch 2/4) -- actor frozen, value-only for remaining passes
    [kl-stop] update 809: minibatch KL 0.0337 > 0.0300 (epoch 2/4) -- actor frozen, value-only for remaining passes
  --- eval at update 809 ---
    PPO           reward  5669.05  thrpt  89.37Mbps  comp 0.645  totfail 0.353  depth 3.20  eval_s=91.6
  [eval-time] update 809: 91.6s total
[ 810/2000] rew= 3978.9  thr=55.25Mbps  comp=0.665  drop=0.000  SINR=  8.9dB  KL= 0.0130  ent=0.895  clip=0.175  ev=-0.19  t=50332s
    [kl-stop] update 812: minibatch KL 0.0362 > 0.0300 (epoch 2/4) -- actor frozen, value-only for remaining passes
    [kl-stop] update 813: minibatch KL 0.0360 > 0.0300 (epoch 3/4) -- actor frozen, value-only for remaining passes
    [kl-stop] update 814: minibatch KL 0.0309 > 0.0300 (epoch 2/4) -- actor frozen, value-only for remaining passes
    [kl-stop] update 815: minibatch KL 0.0359 > 0.0300 (epoch 2/4) -- actor frozen, value-only for remaining passes
[ 815/2000] rew= 5776.4  thr=113.35Mbps  comp=0.594  drop=0.000  SINR= 14.4dB  KL= 0.0249  ent=1.255  clip=0.332  ev=+0.13  t=50585s
  --- eval at update 819 ---
    PPO           reward  5658.82  thrpt  89.43Mbps  comp 0.644  totfail 0.353  depth 3.31  eval_s=92.9
  [eval-time] update 819: 92.9s total
[ 820/2000] rew= 5820.3  thr=99.68Mbps  comp=0.614  drop=0.000  SINR= 14.1dB  KL= 0.0129  ent=1.342  clip=0.201  ev=+0.23  t=50944s
    [batch-verify] update 825: 4 slots, max scaled |diff| 3.81e-06 OK
[ 825/2000] rew=   41.4  thr=81.41Mbps  comp=0.473  drop=0.000  SINR=  6.9dB  KL= 0.0148  ent=1.096  clip=0.214  ev=+0.18  t=51218s
  --- eval at update 829 ---
    PPO           reward  5667.22  thrpt  89.51Mbps  comp 0.644  totfail 0.353  depth 3.29  eval_s=93.6
  [eval-time] update 829: 93.6s total
    [kl-stop] update 830: minibatch KL 0.0325 > 0.0300 (epoch 2/4) -- actor frozen, value-only for remaining passes
[ 830/2000] rew=  568.5  thr=110.09Mbps  comp=0.482  drop=0.000  SINR=  6.9dB  KL= 0.0192  ent=1.482  clip=0.257  ev=+0.06  t=51562s
[ 835/2000] rew= 4294.5  thr=95.54Mbps  comp=0.579  drop=0.000  SINR=  7.6dB  KL= 0.0133  ent=1.073  clip=0.188  ev=+0.29  t=51815s
  --- eval at update 839 ---
    PPO           reward  5667.83  thrpt  89.41Mbps  comp 0.645  totfail 0.353  depth 3.24  eval_s=92.4
  [eval-time] update 839: 92.4s total
[ 840/2000] rew= 5058.8  thr=52.43Mbps  comp=0.768  drop=0.000  SINR= 11.6dB  KL= 0.0081  ent=0.643  clip=0.108  ev=+0.11  t=52155s
    [kl-stop] update 841: minibatch KL 0.0301 > 0.0300 (epoch 3/4) -- actor frozen, value-only for remaining passes
[ 845/2000] rew= 5270.5  thr=45.26Mbps  comp=0.879  drop=0.000  SINR= 11.7dB  KL= 0.0079  ent=0.484  clip=0.111  ev=+0.11  t=52399s
  --- eval at update 849 ---
    PPO           reward  5662.41  thrpt  89.50Mbps  comp 0.644  totfail 0.353  depth 3.28  eval_s=92.2
  [eval-time] update 849: 92.2s total
    [batch-verify] update 850: 4 slots, max scaled |diff| 3.81e-06 OK
[ 850/2000] rew= 5545.4  thr=69.73Mbps  comp=0.693  drop=0.000  SINR=  9.2dB  KL= 0.0131  ent=0.821  clip=0.184  ev=+0.25  t=52751s
[ 855/2000] rew= 6027.0  thr=89.75Mbps  comp=0.645  drop=0.000  SINR=  7.8dB  KL= 0.0098  ent=1.201  clip=0.145  ev=+0.21  t=53017s
  --- eval at update 859 ---
    PPO           reward  5685.57  thrpt  89.49Mbps  comp 0.645  totfail 0.352  depth 3.25  eval_s=92.3
  [eval-time] update 859: 92.3s total
[ 860/2000] rew= 6428.7  thr=76.64Mbps  comp=0.707  drop=0.000  SINR=  8.6dB  KL= 0.0121  ent=0.915  clip=0.177  ev=+0.14  t=53364s
    [kl-stop] update 865: minibatch KL 0.0373 > 0.0300 (epoch 2/4) -- actor frozen, value-only for remaining passes
[ 865/2000] rew= 8740.3  thr=113.28Mbps  comp=0.681  drop=0.000  SINR= 11.5dB  KL= 0.0241  ent=1.303  clip=0.288  ev=+0.27  t=53616s
    [kl-stop] update 866: minibatch KL 0.0306 > 0.0300 (epoch 1/4) -- actor frozen, value-only for remaining passes
    [kl-stop] update 867: minibatch KL 0.0313 > 0.0300 (epoch 4/4) -- actor frozen, value-only for remaining passes
    [kl-stop] update 869: minibatch KL 0.0324 > 0.0300 (epoch 4/4) -- actor frozen, value-only for remaining passes
  --- eval at update 869 ---
    PPO           reward  5668.02  thrpt  89.56Mbps  comp 0.644  totfail 0.353  depth 3.38  eval_s=100.0
  [eval-time] update 869: 100.0s total
[ 870/2000] rew= 2930.7  thr=44.15Mbps  comp=0.646  drop=0.000  SINR=  7.4dB  KL= 0.0116  ent=0.563  clip=0.160  ev=+0.15  t=53982s
    [kl-stop] update 871: minibatch KL 0.0423 > 0.0300 (epoch 2/4) -- actor frozen, value-only for remaining passes
    [kl-stop] update 872: minibatch KL 0.0316 > 0.0300 (epoch 4/4) -- actor frozen, value-only for remaining passes
    [kl-stop] update 873: minibatch KL 0.0335 > 0.0300 (epoch 3/4) -- actor frozen, value-only for remaining passes
    [kl-stop] update 874: minibatch KL 0.0319 > 0.0300 (epoch 3/4) -- actor frozen, value-only for remaining passes
    [batch-verify] update 875: 4 slots, max scaled |diff| 7.63e-06 OK
[ 875/2000] rew= 4791.7  thr=126.24Mbps  comp=0.557  drop=0.000  SINR= 11.6dB  KL= 0.0133  ent=1.359  clip=0.196  ev=+0.26  t=54256s
    [kl-stop] update 877: minibatch KL 0.0329 > 0.0300 (epoch 3/4) -- actor frozen, value-only for remaining passes
  --- eval at update 879 ---
    PPO           reward  5653.95  thrpt  89.52Mbps  comp 0.644  totfail 0.354  depth 3.37  eval_s=95.7
  [eval-time] update 879: 95.7s total
[ 880/2000] rew= 4296.4  thr=71.55Mbps  comp=0.623  drop=0.000  SINR=  7.1dB  KL= 0.0143  ent=0.853  clip=0.217  ev=+0.29  t=54613s
[ 885/2000] rew= 5156.8  thr=61.35Mbps  comp=0.710  drop=0.000  SINR= 11.0dB  KL= 0.0089  ent=0.748  clip=0.122  ev=+0.26  t=54876s
    [kl-stop] update 887: minibatch KL 0.0335 > 0.0300 (epoch 4/4) -- actor frozen, value-only for remaining passes
  --- eval at update 889 ---
    PPO           reward  5654.91  thrpt  89.55Mbps  comp 0.644  totfail 0.354  depth 3.36  eval_s=94.6
  [eval-time] update 889: 94.6s total
[ 890/2000] rew= 8815.4  thr=86.23Mbps  comp=0.794  drop=0.000  SINR= 10.3dB  KL= 0.0148  ent=0.734  clip=0.212  ev=+0.17  t=55229s
    [kl-stop] update 891: minibatch KL 0.0306 > 0.0300 (epoch 3/4) -- actor frozen, value-only for remaining passes
    [kl-stop] update 895: minibatch KL 0.0324 > 0.0300 (epoch 4/4) -- actor frozen, value-only for remaining passes
[ 895/2000] rew= 8827.8  thr=97.01Mbps  comp=0.739  drop=0.000  SINR= 13.7dB  KL= 0.0206  ent=0.977  clip=0.289  ev=+0.20  t=55495s
    [kl-stop] update 897: minibatch KL 0.0320 > 0.0300 (epoch 3/4) -- actor frozen, value-only for remaining passes
  --- eval at update 899 ---
    PPO           reward  5659.36  thrpt  89.48Mbps  comp 0.644  totfail 0.353  depth 3.36  eval_s=95.1
  [eval-time] update 899: 95.1s total
    [batch-verify] update 900: 4 slots, max scaled |diff| 3.81e-06 OK
[ 900/2000] rew= 4601.3  thr=57.24Mbps  comp=0.697  drop=0.001  SINR= 10.8dB  KL= 0.0096  ent=0.659  clip=0.136  ev=+0.22  t=55835s
    [kl-stop] update 905: minibatch KL 0.0330 > 0.0300 (epoch 3/4) -- actor frozen, value-only for remaining passes
[ 905/2000] rew= 8162.5  thr=96.29Mbps  comp=0.712  drop=0.000  SINR= 11.9dB  KL= 0.0188  ent=1.145  clip=0.251  ev=+0.28  t=56090s
    [kl-stop] update 909: minibatch KL 0.0312 > 0.0300 (epoch 3/4) -- actor frozen, value-only for remaining passes
  --- eval at update 909 ---
    PPO           reward  5690.80  thrpt  89.56Mbps  comp 0.645  totfail 0.352  depth 3.35  eval_s=95.9
  [eval-time] update 909: 95.9s total
[ 910/2000] rew= 5543.9  thr=65.33Mbps  comp=0.713  drop=0.000  SINR=  7.7dB  KL= 0.0141  ent=0.864  clip=0.210  ev=+0.25  t=56446s
[ 915/2000] rew= 5907.1  thr=57.34Mbps  comp=0.799  drop=0.000  SINR= 10.5dB  KL= 0.0073  ent=0.459  clip=0.094  ev=+0.25  t=56684s
    [kl-stop] update 916: minibatch KL 0.0302 > 0.0300 (epoch 4/4) -- actor frozen, value-only for remaining passes
    [kl-stop] update 917: minibatch KL 0.0357 > 0.0300 (epoch 2/4) -- actor frozen, value-only for remaining passes
  --- eval at update 919 ---
    PPO           reward  5625.36  thrpt  89.47Mbps  comp 0.643  totfail 0.355  depth 3.43  eval_s=95.9
  [eval-time] update 919: 95.9s total
    [kl-stop] update 920: minibatch KL 0.0312 > 0.0300 (epoch 2/4) -- actor frozen, value-only for remaining passes
[ 920/2000] rew= 7951.1  thr=96.06Mbps  comp=0.704  drop=0.000  SINR= 12.3dB  KL= 0.0196  ent=1.155  clip=0.269  ev=+0.18  t=57054s
    [kl-stop] update 922: minibatch KL 0.0444 > 0.0300 (epoch 2/4) -- actor frozen, value-only for remaining passes
    [kl-stop] update 923: minibatch KL 0.0303 > 0.0300 (epoch 4/4) -- actor frozen, value-only for remaining passes
    [batch-verify] update 925: 4 slots, max scaled |diff| 2.86e-06 OK
    [kl-stop] update 925: minibatch KL 0.0387 > 0.0300 (epoch 3/4) -- actor frozen, value-only for remaining passes
[ 925/2000] rew= 2086.8  thr=51.96Mbps  comp=0.567  drop=0.000  SINR=  7.0dB  KL= 0.0197  ent=0.535  clip=0.221  ev=+0.22  t=57314s
    [kl-stop] update 926: minibatch KL 0.0304 > 0.0300 (epoch 3/4) -- actor frozen, value-only for remaining passes
    [kl-stop] update 928: minibatch KL 0.0337 > 0.0300 (epoch 2/4) -- actor frozen, value-only for remaining passes
  --- eval at update 929 ---
    PPO           reward  5650.09  thrpt  89.50Mbps  comp 0.644  totfail 0.354  depth 3.47  eval_s=96.7
  [eval-time] update 929: 96.7s total
[ 930/2000] rew= 8691.9  thr=93.13Mbps  comp=0.755  drop=0.000  SINR= 12.9dB  KL= 0.0100  ent=0.757  clip=0.124  ev=+0.14  t=57675s
    [kl-stop] update 931: minibatch KL 0.0388 > 0.0300 (epoch 2/4) -- actor frozen, value-only for remaining passes
    [kl-stop] update 932: minibatch KL 0.0343 > 0.0300 (epoch 2/4) -- actor frozen, value-only for remaining passes
    [kl-stop] update 934: minibatch KL 0.0344 > 0.0300 (epoch 2/4) -- actor frozen, value-only for remaining passes
    [kl-stop] update 935: minibatch KL 0.0397 > 0.0300 (epoch 2/4) -- actor frozen, value-only for remaining passes
[ 935/2000] rew= 7710.8  thr=124.97Mbps  comp=0.626  drop=0.000  SINR= 15.1dB  KL= 0.0260  ent=1.296  clip=0.314  ev=+0.42  t=57944s
    [kl-stop] update 936: minibatch KL 0.0317 > 0.0300 (epoch 2/4) -- actor frozen, value-only for remaining passes
    [kl-stop] update 939: minibatch KL 0.0481 > 0.0300 (epoch 2/4) -- actor frozen, value-only for remaining passes
  --- eval at update 939 ---
    PPO           reward  5647.65  thrpt  89.51Mbps  comp 0.644  totfail 0.354  depth 3.44  eval_s=96.8
  [eval-time] update 939: 96.8s total
[ 940/2000] rew= 5088.0  thr=47.57Mbps  comp=0.823  drop=0.001  SINR= 17.4dB  KL= 0.0101  ent=0.409  clip=0.126  ev=+0.03  t=58279s
    [kl-stop] update 941: minibatch KL 0.0349 > 0.0300 (epoch 3/4) -- actor frozen, value-only for remaining passes
    [kl-stop] update 945: minibatch KL 0.0310 > 0.0300 (epoch 4/4) -- actor frozen, value-only for remaining passes
[ 945/2000] rew= 3583.1  thr=76.08Mbps  comp=0.585  drop=0.000  SINR=  8.9dB  KL= 0.0196  ent=0.832  clip=0.280  ev=+0.15  t=58540s
    [kl-stop] update 947: minibatch KL 0.0343 > 0.0300 (epoch 3/4) -- actor frozen, value-only for remaining passes
    [kl-stop] update 948: minibatch KL 0.0326 > 0.0300 (epoch 4/4) -- actor frozen, value-only for remaining passes
  --- eval at update 949 ---
    PPO           reward  5665.45  thrpt  89.57Mbps  comp 0.644  totfail 0.353  depth 3.42  eval_s=96.4
  [eval-time] update 949: 96.4s total
    [batch-verify] update 950: 4 slots, max scaled |diff| 3.81e-06 OK
[ 950/2000] rew= 6573.0  thr=97.20Mbps  comp=0.644  drop=0.000  SINR= 11.3dB  KL= 0.0118  ent=1.037  clip=0.171  ev=+0.30  t=58900s
    [kl-stop] update 951: minibatch KL 0.0478 > 0.0300 (epoch 2/4) -- actor frozen, value-only for remaining passes
[ 955/2000] rew= 6490.8  thr=92.39Mbps  comp=0.657  drop=0.000  SINR= 10.9dB  KL= 0.0118  ent=1.024  clip=0.163  ev=+0.34  t=59177s
    [kl-stop] update 956: minibatch KL 0.0324 > 0.0300 (epoch 3/4) -- actor frozen, value-only for remaining passes
    [kl-stop] update 957: minibatch KL 0.0338 > 0.0300 (epoch 4/4) -- actor frozen, value-only for remaining passes
  --- eval at update 959 ---
    PPO           reward  5679.52  thrpt  89.54Mbps  comp 0.645  totfail 0.353  depth 3.34  eval_s=94.3
  [eval-time] update 959: 94.3s total
[ 960/2000] rew= 5420.7  thr=62.38Mbps  comp=0.727  drop=0.001  SINR=  9.8dB  KL= 0.0089  ent=0.560  clip=0.127  ev=-0.06  t=59529s
    [kl-stop] update 962: minibatch KL 0.0357 > 0.0300 (epoch 2/4) -- actor frozen, value-only for remaining passes
    [kl-stop] update 963: minibatch KL 0.0391 > 0.0300 (epoch 3/4) -- actor frozen, value-only for remaining passes
[ 965/2000] rew= 4436.8  thr=66.06Mbps  comp=0.648  drop=0.000  SINR= 11.2dB  KL= 0.0122  ent=0.629  clip=0.168  ev=+0.03  t=59776s
    [kl-stop] update 966: minibatch KL 0.0307 > 0.0300 (epoch 3/4) -- actor frozen, value-only for remaining passes
    [kl-stop] update 967: minibatch KL 0.0300 > 0.0300 (epoch 2/4) -- actor frozen, value-only for remaining passes
  --- eval at update 969 ---
    PPO           reward  5661.11  thrpt  89.49Mbps  comp 0.644  totfail 0.353  depth 3.39  eval_s=93.9
  [eval-time] update 969: 93.9s total
[ 970/2000] rew= 4477.6  thr=64.49Mbps  comp=0.653  drop=0.000  SINR=  9.0dB  KL= 0.0148  ent=0.779  clip=0.214  ev=+0.24  t=60131s
    [kl-stop] update 974: minibatch KL 0.0370 > 0.0300 (epoch 3/4) -- actor frozen, value-only for remaining passes
    [batch-verify] update 975: 4 slots, max scaled |diff| 1.14e-05 OK
    [kl-stop] update 975: minibatch KL 0.0324 > 0.0300 (epoch 2/4) -- actor frozen, value-only for remaining passes
[ 975/2000] rew= 2418.4  thr=119.47Mbps  comp=0.517  drop=0.000  SINR= 10.0dB  KL= 0.0246  ent=1.194  clip=0.310  ev=+0.20  t=60382s
    [kl-stop] update 976: minibatch KL 0.0341 > 0.0300 (epoch 2/4) -- actor frozen, value-only for remaining passes
    [kl-stop] update 977: minibatch KL 0.0301 > 0.0300 (epoch 4/4) -- actor frozen, value-only for remaining passes
    [kl-stop] update 978: minibatch KL 0.0304 > 0.0300 (epoch 2/4) -- actor frozen, value-only for remaining passes
    [kl-stop] update 979: minibatch KL 0.0301 > 0.0300 (epoch 3/4) -- actor frozen, value-only for remaining passes
  --- eval at update 979 ---
    PPO           reward  5662.20  thrpt  89.47Mbps  comp 0.644  totfail 0.353  depth 3.31  eval_s=94.6
  [eval-time] update 979: 94.6s total
    [kl-stop] update 980: minibatch KL 0.0306 > 0.0300 (epoch 4/4) -- actor frozen, value-only for remaining passes
[ 980/2000] rew= 3302.2  thr=48.02Mbps  comp=0.651  drop=0.000  SINR=  7.3dB  KL= 0.0177  ent=0.625  clip=0.229  ev=+0.03  t=60721s
    [kl-stop] update 981: minibatch KL 0.0506 > 0.0300 (epoch 2/4) -- actor frozen, value-only for remaining passes
    [kl-stop] update 982: minibatch KL 0.0406 > 0.0300 (epoch 1/4) -- actor frozen, value-only for remaining passes
    [kl-stop] update 983: minibatch KL 0.0327 > 0.0300 (epoch 2/4) -- actor frozen, value-only for remaining passes
    [kl-stop] update 984: minibatch KL 0.0360 > 0.0300 (epoch 1/4) -- actor frozen, value-only for remaining passes
    [kl-stop] update 985: minibatch KL 0.0311 > 0.0300 (epoch 1/4) -- actor frozen, value-only for remaining passes
[ 985/2000] rew= 4631.6  thr=57.65Mbps  comp=0.694  drop=0.000  SINR=  5.4dB  KL= 0.0233  ent=0.855  clip=0.320  ev=+0.14  t=60985s
    [kl-stop] update 986: minibatch KL 0.0326 > 0.0300 (epoch 3/4) -- actor frozen, value-only for remaining passes
    [kl-stop] update 987: minibatch KL 0.0384 > 0.0300 (epoch 3/4) -- actor frozen, value-only for remaining passes
    [kl-stop] update 988: minibatch KL 0.0352 > 0.0300 (epoch 4/4) -- actor frozen, value-only for remaining passes
    [kl-stop] update 989: minibatch KL 0.0356 > 0.0300 (epoch 2/4) -- actor frozen, value-only for remaining passes
  --- eval at update 989 ---
    PPO           reward  5584.86  thrpt  89.51Mbps  comp 0.641  totfail 0.356  depth 3.57  eval_s=98.8
  [eval-time] update 989: 98.8s total
    [kl-stop] update 990: minibatch KL 0.0307 > 0.0300 (epoch 3/4) -- actor frozen, value-only for remaining passes
[ 990/2000] rew= 6465.5  thr=94.31Mbps  comp=0.651  drop=0.000  SINR= 14.2dB  KL= 0.0211  ent=0.955  clip=0.298  ev=+0.22  t=61353s
    [kl-stop] update 991: minibatch KL 0.0351 > 0.0300 (epoch 1/4) -- actor frozen, value-only for remaining passes
    [kl-stop] update 995: minibatch KL 0.0326 > 0.0300 (epoch 2/4) -- actor frozen, value-only for remaining passes
[ 995/2000] rew=  841.0  thr=62.10Mbps  comp=0.501  drop=0.000  SINR=  5.4dB  KL= 0.0236  ent=0.674  clip=0.301  ev=+0.24  t=61603s
    [kl-stop] update 997: minibatch KL 0.0329 > 0.0300 (epoch 2/4) -- actor frozen, value-only for remaining passes
    [kl-stop] update 998: minibatch KL 0.0377 > 0.0300 (epoch 3/4) -- actor frozen, value-only for remaining passes
  --- eval at update 999 ---
    PPO           reward  5629.52  thrpt  89.54Mbps  comp 0.643  totfail 0.354  depth 3.49  eval_s=97.6
  [eval-time] update 999: 97.6s total
    [batch-verify] update 1000: 4 slots, max scaled |diff| 3.81e-06 OK
[1000/2000] rew= 4710.9  thr=94.87Mbps  comp=0.593  drop=0.000  SINR= 11.9dB  KL= 0.0112  ent=0.832  clip=0.170  ev=+0.21  t=61965s
    [kl-stop] update 1001: minibatch KL 0.0320 > 0.0300 (epoch 2/4) -- actor frozen, value-only for remaining passes
    [kl-stop] update 1005: minibatch KL 0.0359 > 0.0300 (epoch 2/4) -- actor frozen, value-only for remaining passes
[1005/2000] rew= 7353.1  thr=104.93Mbps  comp=0.657  drop=0.000  SINR= 12.9dB  KL= 0.0231  ent=0.954  clip=0.283  ev=+0.11  t=62218s
  --- eval at update 1009 ---
    PPO           reward  5583.71  thrpt  89.43Mbps  comp 0.641  totfail 0.356  depth 3.56  eval_s=97.4
  [eval-time] update 1009: 97.4s total
[1010/2000] rew= 6054.4  thr=96.69Mbps  comp=0.630  drop=0.000  SINR= 11.9dB  KL= 0.0113  ent=0.938  clip=0.178  ev=+0.31  t=62581s
    [kl-stop] update 1013: minibatch KL 0.0327 > 0.0300 (epoch 4/4) -- actor frozen, value-only for remaining passes
[1015/2000] rew= 4579.4  thr=57.76Mbps  comp=0.694  drop=0.000  SINR=  8.3dB  KL= 0.0111  ent=0.680  clip=0.161  ev=+0.21  t=62845s
    [kl-stop] update 1017: minibatch KL 0.0362 > 0.0300 (epoch 3/4) -- actor frozen, value-only for remaining passes
    [kl-stop] update 1018: minibatch KL 0.0401 > 0.0300 (epoch 2/4) -- actor frozen, value-only for remaining passes
    [kl-stop] update 1019: minibatch KL 0.0348 > 0.0300 (epoch 2/4) -- actor frozen, value-only for remaining passes
  --- eval at update 1019 ---
    PPO           reward  5642.29  thrpt  89.51Mbps  comp 0.644  totfail 0.354  depth 3.44  eval_s=95.9
  [eval-time] update 1019: 95.9s total
[1020/2000] rew= 7059.9  thr=64.69Mbps  comp=0.834  drop=0.000  SINR= 11.9dB  KL= 0.0114  ent=0.712  clip=0.166  ev=+0.27  t=63228s
    [kl-stop] update 1021: minibatch KL 0.0361 > 0.0300 (epoch 3/4) -- actor frozen, value-only for remaining passes
    [kl-stop] update 1024: minibatch KL 0.0402 > 0.0300 (epoch 3/4) -- actor frozen, value-only for remaining passes
    [batch-verify] update 1025: 4 slots, max scaled |diff| 3.81e-06 OK
[1025/2000] rew= 3762.1  thr=58.74Mbps  comp=0.636  drop=0.001  SINR= 10.4dB  KL= 0.0165  ent=0.580  clip=0.224  ev=-0.17  t=63474s
    [kl-stop] update 1027: minibatch KL 0.0381 > 0.0300 (epoch 2/4) -- actor frozen, value-only for remaining passes
    [kl-stop] update 1028: minibatch KL 0.0316 > 0.0300 (epoch 3/4) -- actor frozen, value-only for remaining passes
    [kl-stop] update 1029: minibatch KL 0.0451 > 0.0300 (epoch 2/4) -- actor frozen, value-only for remaining passes
  --- eval at update 1029 ---
    PPO           reward  5636.14  thrpt  89.44Mbps  comp 0.643  totfail 0.354  depth 3.40  eval_s=94.4
  [eval-time] update 1029: 94.4s total
[1030/2000] rew= 3877.2  thr=42.58Mbps  comp=0.743  drop=0.000  SINR= 13.3dB  KL= 0.0086  ent=0.494  clip=0.115  ev=-0.02  t=63826s
    [kl-stop] update 1031: minibatch KL 0.0317 > 0.0300 (epoch 4/4) -- actor frozen, value-only for remaining passes
    [kl-stop] update 1032: minibatch KL 0.0408 > 0.0300 (epoch 2/4) -- actor frozen, value-only for remaining passes
    [kl-stop] update 1033: minibatch KL 0.0316 > 0.0300 (epoch 3/4) -- actor frozen, value-only for remaining passes
    [kl-stop] update 1035: minibatch KL 0.0331 > 0.0300 (epoch 3/4) -- actor frozen, value-only for remaining passes
[1035/2000] rew= 6900.8  thr=97.03Mbps  comp=0.657  drop=0.000  SINR= 12.8dB  KL= 0.0219  ent=1.142  clip=0.268  ev=-0.05  t=64097s
  --- eval at update 1039 ---
    PPO           reward  5661.19  thrpt  89.49Mbps  comp 0.644  totfail 0.353  depth 3.40  eval_s=94.8
  [eval-time] update 1039: 94.8s total
[1040/2000] rew= 5242.6  thr=57.59Mbps  comp=0.739  drop=0.000  SINR=  8.8dB  KL= 0.0113  ent=0.676  clip=0.164  ev=+0.31  t=64460s
[1045/2000] rew= 4962.5  thr=59.51Mbps  comp=0.708  drop=0.000  SINR= 11.9dB  KL= 0.0107  ent=0.693  clip=0.149  ev=-0.03  t=64705s
    [kl-stop] update 1046: minibatch KL 0.0372 > 0.0300 (epoch 3/4) -- actor frozen, value-only for remaining passes
    [kl-stop] update 1047: minibatch KL 0.0303 > 0.0300 (epoch 2/4) -- actor frozen, value-only for remaining passes
    [kl-stop] update 1048: minibatch KL 0.0311 > 0.0300 (epoch 4/4) -- actor frozen, value-only for remaining passes
  --- eval at update 1049 ---
    PPO           reward  5640.95  thrpt  89.49Mbps  comp 0.644  totfail 0.354  depth 3.45  eval_s=96.2
  [eval-time] update 1049: 96.2s total
    [batch-verify] update 1050: 4 slots, max scaled |diff| 5.72e-06 OK
    [kl-stop] update 1050: minibatch KL 0.0369 > 0.0300 (epoch 3/4) -- actor frozen, value-only for remaining passes
[1050/2000] rew= 7134.4  thr=97.77Mbps  comp=0.667  drop=0.000  SINR= 16.4dB  KL= 0.0211  ent=0.985  clip=0.271  ev=+0.33  t=65070s
    [kl-stop] update 1054: minibatch KL 0.0347 > 0.0300 (epoch 2/4) -- actor frozen, value-only for remaining passes
[1055/2000] rew= 4401.8  thr=67.13Mbps  comp=0.643  drop=0.000  SINR= 11.2dB  KL= 0.0138  ent=0.557  clip=0.186  ev=+0.23  t=65333s
  --- eval at update 1059 ---
    PPO           reward  5647.38  thrpt  89.48Mbps  comp 0.644  totfail 0.354  depth 3.41  eval_s=94.7
  [eval-time] update 1059: 94.7s total
    [kl-stop] update 1060: minibatch KL 0.0336 > 0.0300 (epoch 3/4) -- actor frozen, value-only for remaining passes
[1060/2000] rew= 4645.1  thr=77.05Mbps  comp=0.622  drop=0.000  SINR=  8.2dB  KL= 0.0171  ent=0.771  clip=0.220  ev=+0.36  t=65705s
[1065/2000] rew= 5343.5  thr=61.47Mbps  comp=0.723  drop=0.000  SINR=  4.6dB  KL= 0.0109  ent=0.702  clip=0.147  ev=+0.26  t=65968s
  --- eval at update 1069 ---
    PPO           reward  5669.94  thrpt  89.54Mbps  comp 0.645  totfail 0.353  depth 3.44  eval_s=95.5
  [eval-time] update 1069: 95.5s total
[1070/2000] rew= 2738.4  thr=55.88Mbps  comp=0.592  drop=0.001  SINR= 12.8dB  KL= 0.0121  ent=0.610  clip=0.165  ev=+0.25  t=66307s
    [batch-verify] update 1075: 4 slots, max scaled |diff| 7.63e-06 OK
    [kl-stop] update 1075: minibatch KL 0.0305 > 0.0300 (epoch 3/4) -- actor frozen, value-only for remaining passes
[1075/2000] rew= 2930.3  thr=128.84Mbps  comp=0.520  drop=0.000  SINR= 11.4dB  KL= 0.0183  ent=1.277  clip=0.242  ev=+0.25  t=66559s
    [kl-stop] update 1076: minibatch KL 0.0303 > 0.0300 (epoch 4/4) -- actor frozen, value-only for remaining passes
    [kl-stop] update 1078: minibatch KL 0.0348 > 0.0300 (epoch 4/4) -- actor frozen, value-only for remaining passes
    [kl-stop] update 1079: minibatch KL 0.0355 > 0.0300 (epoch 2/4) -- actor frozen, value-only for remaining passes
  --- eval at update 1079 ---
    PPO           reward  5645.84  thrpt  89.39Mbps  comp 0.644  totfail 0.353  depth 3.44  eval_s=97.1
  [eval-time] update 1079: 97.1s total
    [kl-stop] update 1080: minibatch KL 0.0370 > 0.0300 (epoch 3/4) -- actor frozen, value-only for remaining passes
[1080/2000] rew= 6120.4  thr=118.69Mbps  comp=0.597  drop=0.000  SINR= 13.6dB  KL= 0.0182  ent=1.060  clip=0.238  ev=+0.32  t=66914s
    [kl-stop] update 1081: minibatch KL 0.0317 > 0.0300 (epoch 2/4) -- actor frozen, value-only for remaining passes
    [kl-stop] update 1084: minibatch KL 0.0352 > 0.0300 (epoch 4/4) -- actor frozen, value-only for remaining passes
[1085/2000] rew= 5355.4  thr=100.93Mbps  comp=0.600  drop=0.000  SINR= 12.4dB  KL= 0.0123  ent=0.952  clip=0.176  ev=+0.32  t=67190s
  --- eval at update 1089 ---
    PPO           reward  5614.74  thrpt  89.39Mbps  comp 0.643  totfail 0.355  depth 3.48  eval_s=99.4
  [eval-time] update 1089: 99.4s total
[1090/2000] rew= 4176.5  thr=110.65Mbps  comp=0.560  drop=0.000  SINR= 12.0dB  KL= 0.0110  ent=0.925  clip=0.157  ev=+0.32  t=67541s
    [kl-stop] update 1092: minibatch KL 0.0325 > 0.0300 (epoch 4/4) -- actor frozen, value-only for remaining passes
    [kl-stop] update 1094: minibatch KL 0.0301 > 0.0300 (epoch 3/4) -- actor frozen, value-only for remaining passes
[1095/2000] rew= 5322.4  thr=107.88Mbps  comp=0.588  drop=0.000  SINR= 10.8dB  KL= 0.0128  ent=1.074  clip=0.189  ev=+0.25  t=67806s
    [kl-stop] update 1097: minibatch KL 0.0555 > 0.0300 (epoch 2/4) -- actor frozen, value-only for remaining passes
    [kl-stop] update 1099: minibatch KL 0.0504 > 0.0300 (epoch 2/4) -- actor frozen, value-only for remaining passes
  --- eval at update 1099 ---
    PPO           reward  5648.72  thrpt  89.34Mbps  comp 0.644  totfail 0.353  depth 3.38  eval_s=94.7
  [eval-time] update 1099: 94.7s total
    [batch-verify] update 1100: 4 slots, max scaled |diff| 7.63e-06 OK
    [kl-stop] update 1100: minibatch KL 0.0314 > 0.0300 (epoch 3/4) -- actor frozen, value-only for remaining passes
[1100/2000] rew= 5981.1  thr=105.71Mbps  comp=0.612  drop=0.000  SINR=  9.8dB  KL= 0.0140  ent=0.962  clip=0.181  ev=+0.27  t=68149s
[1105/2000] rew= 5338.2  thr=73.86Mbps  comp=0.664  drop=0.000  SINR=  6.1dB  KL= 0.0111  ent=0.773  clip=0.165  ev=+0.32  t=68405s
    [kl-stop] update 1107: minibatch KL 0.0302 > 0.0300 (epoch 2/4) -- actor frozen, value-only for remaining passes
  --- eval at update 1109 ---
    PPO           reward  5644.03  thrpt  89.36Mbps  comp 0.644  totfail 0.353  depth 3.38  eval_s=96.2
  [eval-time] update 1109: 96.2s total
[1110/2000] rew= 4421.4  thr=44.64Mbps  comp=0.778  drop=0.001  SINR= 15.0dB  KL= 0.0162  ent=0.449  clip=0.209  ev=+0.18  t=68761s
[1115/2000] rew= 8311.2  thr=98.44Mbps  comp=0.712  drop=0.000  SINR= 16.2dB  KL= 0.0091  ent=0.783  clip=0.131  ev=+0.22  t=69015s
  --- eval at update 1119 ---
    PPO           reward  5662.50  thrpt  89.43Mbps  comp 0.645  totfail 0.353  depth 3.39  eval_s=96.5
  [eval-time] update 1119: 96.5s total
[1120/2000] rew= 5351.4  thr=76.49Mbps  comp=0.656  drop=0.000  SINR= 10.9dB  KL= 0.0154  ent=0.711  clip=0.214  ev=+0.25  t=69369s
    [batch-verify] update 1125: 4 slots, max scaled |diff| 3.81e-06 OK
    [kl-stop] update 1125: minibatch KL 0.0396 > 0.0300 (epoch 3/4) -- actor frozen, value-only for remaining passes
[1125/2000] rew= 1067.8  thr=95.09Mbps  comp=0.499  drop=0.000  SINR= 12.5dB  KL= 0.0226  ent=0.768  clip=0.266  ev=+0.36  t=69622s
    [kl-stop] update 1126: minibatch KL 0.0490 > 0.0300 (epoch 2/4) -- actor frozen, value-only for remaining passes
    [kl-stop] update 1127: minibatch KL 0.0451 > 0.0300 (epoch 2/4) -- actor frozen, value-only for remaining passes
  --- eval at update 1129 ---
    PPO           reward  5626.24  thrpt  89.24Mbps  comp 0.644  totfail 0.354  depth 3.28  eval_s=92.7
  [eval-time] update 1129: 92.7s total
[1130/2000] rew= 4712.2  thr=63.90Mbps  comp=0.674  drop=0.001  SINR= 12.3dB  KL= 0.0105  ent=0.433  clip=0.139  ev=+0.11  t=69946s
    [kl-stop] update 1132: minibatch KL 0.0332 > 0.0300 (epoch 2/4) -- actor frozen, value-only for remaining passes
    [kl-stop] update 1133: minibatch KL 0.0308 > 0.0300 (epoch 2/4) -- actor frozen, value-only for remaining passes
[1135/2000] rew= 6542.7  thr=79.03Mbps  comp=0.706  drop=0.000  SINR= 10.3dB  KL= 0.0127  ent=0.709  clip=0.186  ev=+0.26  t=70207s
    [kl-stop] update 1138: minibatch KL 0.0339 > 0.0300 (epoch 2/4) -- actor frozen, value-only for remaining passes
  --- eval at update 1139 ---
    PPO           reward  5643.93  thrpt  89.32Mbps  comp 0.644  totfail 0.353  depth 3.31  eval_s=95.5
  [eval-time] update 1139: 95.5s total
[1140/2000] rew= 3695.0  thr=51.94Mbps  comp=0.664  drop=0.001  SINR=  9.4dB  KL= 0.0093  ent=0.430  clip=0.128  ev=+0.20  t=70562s
[1145/2000] rew= 6253.4  thr=59.95Mbps  comp=0.809  drop=0.000  SINR=  7.0dB  KL= 0.0090  ent=0.376  clip=0.124  ev=+0.16  t=70811s
    [kl-stop] update 1148: minibatch KL 0.0376 > 0.0300 (epoch 2/4) -- actor frozen, value-only for remaining passes
  --- eval at update 1149 ---
    PPO           reward  5647.01  thrpt  89.39Mbps  comp 0.644  totfail 0.353  depth 3.36  eval_s=94.1
  [eval-time] update 1149: 94.1s total
    [batch-verify] update 1150: 4 slots, max scaled |diff| 5.72e-06 OK
[1150/2000] rew= 4725.5  thr=104.03Mbps  comp=0.577  drop=0.000  SINR= 13.9dB  KL= 0.0147  ent=0.866  clip=0.205  ev=+0.19  t=71149s
    [kl-stop] update 1152: minibatch KL 0.0326 > 0.0300 (epoch 2/4) -- actor frozen, value-only for remaining passes
    [kl-stop] update 1154: minibatch KL 0.0300 > 0.0300 (epoch 3/4) -- actor frozen, value-only for remaining passes
[1155/2000] rew= 6166.5  thr=47.74Mbps  comp=0.963  drop=0.000  SINR= 12.7dB  KL= 0.0053  ent=0.256  clip=0.070  ev=-0.57  t=71401s
    [kl-stop] update 1157: minibatch KL 0.0320 > 0.0300 (epoch 2/4) -- actor frozen, value-only for remaining passes
    [kl-stop] update 1159: minibatch KL 0.0316 > 0.0300 (epoch 3/4) -- actor frozen, value-only for remaining passes
  --- eval at update 1159 ---
    PPO           reward  5654.61  thrpt  89.34Mbps  comp 0.645  totfail 0.353  depth 3.35  eval_s=106.5
  [eval-time] update 1159: 106.5s total
    [kl-stop] update 1160: minibatch KL 0.0304 > 0.0300 (epoch 4/4) -- actor frozen, value-only for remaining passes
[1160/2000] rew= 6273.4  thr=122.00Mbps  comp=0.596  drop=0.000  SINR= 12.3dB  KL= 0.0183  ent=1.011  clip=0.253  ev=+0.34  t=71790s
[1165/2000] rew= 5619.4  thr=68.96Mbps  comp=0.702  drop=0.000  SINR=  9.5dB  KL= 0.0111  ent=0.520  clip=0.160  ev=+0.22  t=72056s
    [kl-stop] update 1166: minibatch KL 0.0370 > 0.0300 (epoch 2/4) -- actor frozen, value-only for remaining passes
  --- eval at update 1169 ---
    PPO           reward  5661.40  thrpt  89.41Mbps  comp 0.645  totfail 0.353  depth 3.31  eval_s=93.9
  [eval-time] update 1169: 93.9s total
[1170/2000] rew= 4615.8  thr=61.85Mbps  comp=0.675  drop=0.001  SINR=  7.3dB  KL= 0.0101  ent=0.561  clip=0.147  ev=+0.20  t=72394s
    [batch-verify] update 1175: 4 slots, max scaled |diff| 5.72e-06 OK
    [kl-stop] update 1175: minibatch KL 0.0416 > 0.0300 (epoch 2/4) -- actor frozen, value-only for remaining passes
[1175/2000] rew= 9248.4  thr=139.97Mbps  comp=0.643  drop=0.000  SINR= 16.9dB  KL= 0.0268  ent=1.033  clip=0.308  ev=+0.19  t=72662s
    [kl-stop] update 1178: minibatch KL 0.0300 > 0.0300 (epoch 4/4) -- actor frozen, value-only for remaining passes
    [kl-stop] update 1179: minibatch KL 0.0331 > 0.0300 (epoch 3/4) -- actor frozen, value-only for remaining passes
  --- eval at update 1179 ---
    PPO           reward  5622.29  thrpt  89.37Mbps  comp 0.643  totfail 0.354  depth 3.39  eval_s=95.7
  [eval-time] update 1179: 95.7s total
[1180/2000] rew= 7285.3  thr=67.56Mbps  comp=0.825  drop=0.000  SINR= 13.8dB  KL= 0.0163  ent=0.654  clip=0.231  ev=+0.16  t=73032s
[1185/2000] rew= 5681.0  thr=71.42Mbps  comp=0.693  drop=0.000  SINR= 13.0dB  KL= 0.0095  ent=0.630  clip=0.148  ev=+0.25  t=73298s
    [kl-stop] update 1187: minibatch KL 0.0305 > 0.0300 (epoch 4/4) -- actor frozen, value-only for remaining passes
    [kl-stop] update 1188: minibatch KL 0.0309 > 0.0300 (epoch 3/4) -- actor frozen, value-only for remaining passes
    [kl-stop] update 1189: minibatch KL 0.0364 > 0.0300 (epoch 2/4) -- actor frozen, value-only for remaining passes
  --- eval at update 1189 ---
    PPO           reward  5645.66  thrpt  89.48Mbps  comp 0.644  totfail 0.354  depth 3.38  eval_s=94.5
  [eval-time] update 1189: 94.5s total
    [kl-stop] update 1190: minibatch KL 0.0324 > 0.0300 (epoch 4/4) -- actor frozen, value-only for remaining passes
[1190/2000] rew= 4313.6  thr=103.18Mbps  comp=0.566  drop=0.000  SINR= 13.3dB  KL= 0.0164  ent=0.872  clip=0.231  ev=+0.31  t=73660s
    [kl-stop] update 1192: minibatch KL 0.0385 > 0.0300 (epoch 2/4) -- actor frozen, value-only for remaining passes
    [kl-stop] update 1193: minibatch KL 0.0306 > 0.0300 (epoch 3/4) -- actor frozen, value-only for remaining passes
    [kl-stop] update 1195: minibatch KL 0.0344 > 0.0300 (epoch 4/4) -- actor frozen, value-only for remaining passes
[1195/2000] rew= 3847.1  thr=59.04Mbps  comp=0.640  drop=0.000  SINR=  7.9dB  KL= 0.0120  ent=0.625  clip=0.159  ev=+0.16  t=73903s
    [kl-stop] update 1199: minibatch KL 0.0306 > 0.0300 (epoch 3/4) -- actor frozen, value-only for remaining passes
  --- eval at update 1199 ---
    PPO           reward  5681.33  thrpt  89.56Mbps  comp 0.645  totfail 0.352  depth 3.34  eval_s=94.1
  [eval-time] update 1199: 94.1s total
    [batch-verify] update 1200: 4 slots, max scaled |diff| 3.81e-06 OK
[1200/2000] rew= 6455.1  thr=76.29Mbps  comp=0.714  drop=0.000  SINR= 11.0dB  KL= 0.0096  ent=0.719  clip=0.128  ev=+0.19  t=74245s
    [kl-stop] update 1203: minibatch KL 0.0338 > 0.0300 (epoch 2/4) -- actor frozen, value-only for remaining passes
    [kl-stop] update 1204: minibatch KL 0.0305 > 0.0300 (epoch 4/4) -- actor frozen, value-only for remaining passes
[1205/2000] rew= 6685.4  thr=60.88Mbps  comp=0.840  drop=0.000  SINR= 15.9dB  KL= 0.0089  ent=0.295  clip=0.124  ev=+0.07  t=74489s
    [kl-stop] update 1209: minibatch KL 0.0339 > 0.0300 (epoch 4/4) -- actor frozen, value-only for remaining passes
  --- eval at update 1209 ---
    PPO           reward  5638.62  thrpt  89.43Mbps  comp 0.644  totfail 0.354  depth 3.38  eval_s=95.8
  [eval-time] update 1209: 95.8s total
[1210/2000] rew= 6296.7  thr=77.37Mbps  comp=0.700  drop=0.000  SINR= 12.5dB  KL= 0.0127  ent=0.675  clip=0.171  ev=+0.17  t=74855s
    [kl-stop] update 1212: minibatch KL 0.0301 > 0.0300 (epoch 2/4) -- actor frozen, value-only for remaining passes
    [kl-stop] update 1215: minibatch KL 0.0332 > 0.0300 (epoch 4/4) -- actor frozen, value-only for remaining passes
[1215/2000] rew= 7816.4  thr=82.67Mbps  comp=0.756  drop=0.000  SINR= 12.9dB  KL= 0.0164  ent=0.611  clip=0.221  ev=+0.29  t=75124s
    [kl-stop] update 1216: minibatch KL 0.0366 > 0.0300 (epoch 3/4) -- actor frozen, value-only for remaining passes
    [kl-stop] update 1218: minibatch KL 0.0476 > 0.0300 (epoch 3/4) -- actor frozen, value-only for remaining passes
    [kl-stop] update 1219: minibatch KL 0.0304 > 0.0300 (epoch 3/4) -- actor frozen, value-only for remaining passes
  --- eval at update 1219 ---
    PPO           reward  5665.28  thrpt  89.45Mbps  comp 0.645  totfail 0.353  depth 3.29  eval_s=93.1
  [eval-time] update 1219: 93.1s total
[1220/2000] rew= 5498.5  thr=67.06Mbps  comp=0.704  drop=0.000  SINR= 11.5dB  KL= 0.0126  ent=0.483  clip=0.168  ev=+0.17  t=75450s
    [kl-stop] update 1224: minibatch KL 0.0335 > 0.0300 (epoch 2/4) -- actor frozen, value-only for remaining passes
    [batch-verify] update 1225: 4 slots, max scaled |diff| 1.91e-06 OK
[1225/2000] rew= 5144.8  thr=50.37Mbps  comp=0.796  drop=0.000  SINR=  8.7dB  KL= 0.0111  ent=0.353  clip=0.153  ev=+0.08  t=75690s
  --- eval at update 1229 ---
    PPO           reward  5677.03  thrpt  89.48Mbps  comp 0.645  totfail 0.352  depth 3.26  eval_s=91.3
  [eval-time] update 1229: 91.3s total
[1230/2000] rew= 6951.5  thr=71.13Mbps  comp=0.772  drop=0.000  SINR= 12.3dB  KL= 0.0141  ent=0.517  clip=0.190  ev=+0.22  t=76043s
    [kl-stop] update 1231: minibatch KL 0.0334 > 0.0300 (epoch 4/4) -- actor frozen, value-only for remaining passes
    [kl-stop] update 1232: minibatch KL 0.0308 > 0.0300 (epoch 2/4) -- actor frozen, value-only for remaining passes
    [kl-stop] update 1235: minibatch KL 0.0317 > 0.0300 (epoch 3/4) -- actor frozen, value-only for remaining passes
[1235/2000] rew= 6799.6  thr=106.18Mbps  comp=0.637  drop=0.000  SINR=  9.7dB  KL= 0.0172  ent=0.745  clip=0.224  ev=+0.31  t=76295s
  --- eval at update 1239 ---
    PPO           reward  5691.61  thrpt  89.45Mbps  comp 0.646  totfail 0.352  depth 3.22  eval_s=90.1
  [eval-time] update 1239: 90.1s total
[1240/2000] rew= 4537.6  thr=80.76Mbps  comp=0.611  drop=0.000  SINR= 12.2dB  KL= 0.0103  ent=0.673  clip=0.142  ev=+0.35  t=76630s
    [kl-stop] update 1241: minibatch KL 0.0369 > 0.0300 (epoch 3/4) -- actor frozen, value-only for remaining passes
    [kl-stop] update 1242: minibatch KL 0.0304 > 0.0300 (epoch 4/4) -- actor frozen, value-only for remaining passes
    [kl-stop] update 1243: minibatch KL 0.0321 > 0.0300 (epoch 3/4) -- actor frozen, value-only for remaining passes
    [kl-stop] update 1245: minibatch KL 0.0387 > 0.0300 (epoch 2/4) -- actor frozen, value-only for remaining passes
[1245/2000] rew= 2022.3  thr=70.93Mbps  comp=0.535  drop=0.000  SINR=  7.6dB  KL= 0.0254  ent=0.432  clip=0.283  ev=+0.15  t=76880s
    [kl-stop] update 1247: minibatch KL 0.0329 > 0.0300 (epoch 4/4) -- actor frozen, value-only for remaining passes
    [kl-stop] update 1249: minibatch KL 0.0312 > 0.0300 (epoch 4/4) -- actor frozen, value-only for remaining passes
  --- eval at update 1249 ---
    PPO           reward  5664.82  thrpt  89.36Mbps  comp 0.645  totfail 0.352  depth 3.20  eval_s=88.7
  [eval-time] update 1249: 88.7s total
    [batch-verify] update 1250: 4 slots, max scaled |diff| 3.81e-06 OK
[1250/2000] rew= 5418.6  thr=97.97Mbps  comp=0.609  drop=0.000  SINR=  8.3dB  KL= 0.0116  ent=0.675  clip=0.161  ev=+0.12  t=77217s
    [kl-stop] update 1252: minibatch KL 0.0303 > 0.0300 (epoch 2/4) -- actor frozen, value-only for remaining passes
    [kl-stop] update 1254: minibatch KL 0.0334 > 0.0300 (epoch 2/4) -- actor frozen, value-only for remaining passes
[1255/2000] rew= 5946.7  thr=89.03Mbps  comp=0.645  drop=0.000  SINR=  9.2dB  KL= 0.0118  ent=0.686  clip=0.169  ev=+0.25  t=77484s
    [kl-stop] update 1257: minibatch KL 0.0412 > 0.0300 (epoch 3/4) -- actor frozen, value-only for remaining passes
  --- eval at update 1259 ---
    PPO           reward  5667.92  thrpt  89.44Mbps  comp 0.645  totfail 0.352  depth 3.32  eval_s=90.2
  [eval-time] update 1259: 90.2s total
[1260/2000] rew= 7380.7  thr=95.93Mbps  comp=0.683  drop=0.000  SINR=  9.2dB  KL= 0.0128  ent=0.604  clip=0.176  ev=+0.30  t=77834s
    [kl-stop] update 1262: minibatch KL 0.0310 > 0.0300 (epoch 3/4) -- actor frozen, value-only for remaining passes
    [kl-stop] update 1263: minibatch KL 0.0316 > 0.0300 (epoch 3/4) -- actor frozen, value-only for remaining passes
[1265/2000] rew= 5791.1  thr=64.48Mbps  comp=0.735  drop=0.000  SINR= 10.9dB  KL= 0.0092  ent=0.579  clip=0.135  ev=+0.10  t=78071s
    [kl-stop] update 1267: minibatch KL 0.0329 > 0.0300 (epoch 4/4) -- actor frozen, value-only for remaining passes
    [kl-stop] update 1268: minibatch KL 0.0328 > 0.0300 (epoch 2/4) -- actor frozen, value-only for remaining passes
  --- eval at update 1269 ---
    PPO           reward  5680.07  thrpt  89.46Mbps  comp 0.645  totfail 0.352  depth 3.26  eval_s=89.5
  [eval-time] update 1269: 89.5s total
    [kl-stop] update 1270: minibatch KL 0.0330 > 0.0300 (epoch 4/4) -- actor frozen, value-only for remaining passes
[1270/2000] rew= 6227.7  thr=115.71Mbps  comp=0.604  drop=0.000  SINR=  8.9dB  KL= 0.0184  ent=0.772  clip=0.235  ev=+0.19  t=78413s
    [kl-stop] update 1272: minibatch KL 0.0332 > 0.0300 (epoch 3/4) -- actor frozen, value-only for remaining passes
    [batch-verify] update 1275: 4 slots, max scaled |diff| 3.81e-06 OK
[1275/2000] rew= 4061.3  thr=98.91Mbps  comp=0.567  drop=0.000  SINR=  9.9dB  KL= 0.0153  ent=0.656  clip=0.206  ev=+0.39  t=78667s
  --- eval at update 1279 ---
    PPO           reward  5684.77  thrpt  89.41Mbps  comp 0.646  totfail 0.352  depth 3.17  eval_s=90.2
  [eval-time] update 1279: 90.2s total
[1280/2000] rew= 4243.4  thr=128.33Mbps  comp=0.549  drop=0.000  SINR= 15.3dB  KL= 0.0137  ent=0.818  clip=0.202  ev=+0.23  t=79007s
    [kl-stop] update 1281: minibatch KL 0.0309 > 0.0300 (epoch 2/4) -- actor frozen, value-only for remaining passes
    [kl-stop] update 1283: minibatch KL 0.0326 > 0.0300 (epoch 3/4) -- actor frozen, value-only for remaining passes
    [kl-stop] update 1284: minibatch KL 0.0333 > 0.0300 (epoch 2/4) -- actor frozen, value-only for remaining passes
[1285/2000] rew= 3294.6  thr=121.70Mbps  comp=0.534  drop=0.000  SINR= 13.5dB  KL= 0.0135  ent=0.793  clip=0.193  ev=+0.19  t=79259s
  --- eval at update 1289 ---
    PPO           reward  5668.82  thrpt  89.32Mbps  comp 0.645  totfail 0.352  depth 3.15  eval_s=89.4
  [eval-time] update 1289: 89.4s total
[1290/2000] rew= 4979.9  thr=49.36Mbps  comp=0.791  drop=0.002  SINR=  6.9dB  KL= 0.0072  ent=0.459  clip=0.089  ev=-0.29  t=79574s
    [kl-stop] update 1292: minibatch KL 0.0304 > 0.0300 (epoch 2/4) -- actor frozen, value-only for remaining passes
    [kl-stop] update 1295: minibatch KL 0.0380 > 0.0300 (epoch 3/4) -- actor frozen, value-only for remaining passes
[1295/2000] rew= 8156.9  thr=73.20Mbps  comp=0.847  drop=0.000  SINR=  9.5dB  KL= 0.0183  ent=0.449  clip=0.202  ev=-0.52  t=79806s
    [kl-stop] update 1296: minibatch KL 0.0343 > 0.0300 (epoch 4/4) -- actor frozen, value-only for remaining passes
    [kl-stop] update 1297: minibatch KL 0.0321 > 0.0300 (epoch 4/4) -- actor frozen, value-only for remaining passes
    [kl-stop] update 1299: minibatch KL 0.0312 > 0.0300 (epoch 4/4) -- actor frozen, value-only for remaining passes
  --- eval at update 1299 ---
    PPO           reward  5686.41  thrpt  89.42Mbps  comp 0.646  totfail 0.352  depth 3.12  eval_s=90.0
  [eval-time] update 1299: 90.0s total
    [batch-verify] update 1300: 4 slots, max scaled |diff| 5.72e-06 OK
    [kl-stop] update 1300: minibatch KL 0.0322 > 0.0300 (epoch 4/4) -- actor frozen, value-only for remaining passes
[1300/2000] rew= 1949.1  thr=111.59Mbps  comp=0.513  drop=0.000  SINR= 12.8dB  KL= 0.0170  ent=0.710  clip=0.238  ev=+0.11  t=80153s
    [kl-stop] update 1304: minibatch KL 0.0339 > 0.0300 (epoch 3/4) -- actor frozen, value-only for remaining passes
[1305/2000] rew= 5024.8  thr=54.96Mbps  comp=0.742  drop=0.000  SINR= 13.0dB  KL= 0.0085  ent=0.423  clip=0.115  ev=+0.13  t=80372s
  --- eval at update 1309 ---
    PPO           reward  5683.17  thrpt  89.36Mbps  comp 0.646  totfail 0.352  depth 3.12  eval_s=89.7
  [eval-time] update 1309: 89.7s total
    [kl-stop] update 1310: minibatch KL 0.0313 > 0.0300 (epoch 4/4) -- actor frozen, value-only for remaining passes
[1310/2000] rew= 3447.6  thr=111.01Mbps  comp=0.542  drop=0.000  SINR= 11.2dB  KL= 0.0177  ent=0.756  clip=0.254  ev=+0.28  t=80693s
    [kl-stop] update 1312: minibatch KL 0.0333 > 0.0300 (epoch 4/4) -- actor frozen, value-only for remaining passes
    [kl-stop] update 1314: minibatch KL 0.0302 > 0.0300 (epoch 2/4) -- actor frozen, value-only for remaining passes
[1315/2000] rew= 4301.6  thr=61.40Mbps  comp=0.658  drop=0.001  SINR= 12.9dB  KL= 0.0096  ent=0.503  clip=0.131  ev=-0.10  t=80924s
    [kl-stop] update 1318: minibatch KL 0.0314 > 0.0300 (epoch 2/4) -- actor frozen, value-only for remaining passes
  --- eval at update 1319 ---
    PPO           reward  5664.43  thrpt  89.24Mbps  comp 0.645  totfail 0.352  depth 3.04  eval_s=87.5
  [eval-time] update 1319: 87.5s total
    [kl-stop] update 1320: minibatch KL 0.0330 > 0.0300 (epoch 2/4) -- actor frozen, value-only for remaining passes
[1320/2000] rew= 7180.0  thr=109.60Mbps  comp=0.636  drop=0.000  SINR= 10.4dB  KL= 0.0237  ent=0.867  clip=0.279  ev=+0.30  t=81252s
    [kl-stop] update 1322: minibatch KL 0.0328 > 0.0300 (epoch 4/4) -- actor frozen, value-only for remaining passes
    [batch-verify] update 1325: 4 slots, max scaled |diff| 3.81e-06 OK
    [kl-stop] update 1325: minibatch KL 0.0350 > 0.0300 (epoch 4/4) -- actor frozen, value-only for remaining passes
[1325/2000] rew= 5440.0  thr=102.20Mbps  comp=0.603  drop=0.000  SINR=  9.8dB  KL= 0.0149  ent=0.768  clip=0.202  ev=+0.27  t=81491s
    [kl-stop] update 1327: minibatch KL 0.0335 > 0.0300 (epoch 3/4) -- actor frozen, value-only for remaining passes
    [kl-stop] update 1328: minibatch KL 0.0302 > 0.0300 (epoch 3/4) -- actor frozen, value-only for remaining passes
  --- eval at update 1329 ---
    PPO           reward  5688.57  thrpt  89.39Mbps  comp 0.646  totfail 0.351  depth 3.12  eval_s=88.1
  [eval-time] update 1329: 88.1s total
[1330/2000] rew= 3560.0  thr=125.46Mbps  comp=0.536  drop=0.000  SINR= 11.7dB  KL= 0.0101  ent=0.814  clip=0.141  ev=+0.37  t=81841s
    [kl-stop] update 1332: minibatch KL 0.0302 > 0.0300 (epoch 2/4) -- actor frozen, value-only for remaining passes
    [kl-stop] update 1333: minibatch KL 0.0351 > 0.0300 (epoch 4/4) -- actor frozen, value-only for remaining passes
[1335/2000] rew= 3861.8  thr=81.31Mbps  comp=0.585  drop=0.000  SINR= 12.2dB  KL= 0.0131  ent=0.552  clip=0.182  ev=+0.26  t=82095s
    [kl-stop] update 1336: minibatch KL 0.0344 > 0.0300 (epoch 4/4) -- actor frozen, value-only for remaining passes
    [kl-stop] update 1338: minibatch KL 0.0305 > 0.0300 (epoch 2/4) -- actor frozen, value-only for remaining passes
  --- eval at update 1339 ---
    PPO           reward  5707.84  thrpt  89.41Mbps  comp 0.647  totfail 0.351  depth 3.13  eval_s=88.5
  [eval-time] update 1339: 88.5s total
    [kl-stop] update 1340: minibatch KL 0.0406 > 0.0300 (epoch 4/4) -- actor frozen, value-only for remaining passes
[1340/2000] rew= 2685.2  thr=116.83Mbps  comp=0.523  drop=0.000  SINR=  9.6dB  KL= 0.0166  ent=0.747  clip=0.218  ev=+0.35  t=82425s
    [kl-stop] update 1342: minibatch KL 0.0312 > 0.0300 (epoch 2/4) -- actor frozen, value-only for remaining passes
[1345/2000] rew= 3841.0  thr=52.44Mbps  comp=0.669  drop=0.000  SINR= 11.4dB  KL= 0.0087  ent=0.479  clip=0.127  ev=+0.20  t=82659s
    [kl-stop] update 1347: minibatch KL 0.0342 > 0.0300 (epoch 3/4) -- actor frozen, value-only for remaining passes
  --- eval at update 1349 ---
    PPO           reward  5685.35  thrpt  89.42Mbps  comp 0.646  totfail 0.352  depth 3.17  eval_s=88.9
  [eval-time] update 1349: 88.9s total
    [batch-verify] update 1350: 4 slots, max scaled |diff| 5.72e-06 OK
[1350/2000] rew= 4571.7  thr=88.16Mbps  comp=0.601  drop=0.000  SINR= 12.4dB  KL= 0.0107  ent=0.494  clip=0.148  ev=+0.36  t=82995s
    [kl-stop] update 1352: minibatch KL 0.0372 > 0.0300 (epoch 3/4) -- actor frozen, value-only for remaining passes
    [kl-stop] update 1353: minibatch KL 0.0402 > 0.0300 (epoch 2/4) -- actor frozen, value-only for remaining passes
[1355/2000] rew= 5227.6  thr=99.68Mbps  comp=0.602  drop=0.000  SINR= 11.7dB  KL= 0.0106  ent=0.599  clip=0.153  ev=+0.35  t=83253s
    [kl-stop] update 1359: minibatch KL 0.0315 > 0.0300 (epoch 3/4) -- actor frozen, value-only for remaining passes
  --- eval at update 1359 ---
    PPO           reward  5665.05  thrpt  89.39Mbps  comp 0.645  totfail 0.353  depth 3.19  eval_s=88.7
  [eval-time] update 1359: 88.7s total
[1360/2000] rew= 3957.4  thr=44.83Mbps  comp=0.730  drop=0.001  SINR=  7.9dB  KL= 0.0098  ent=0.355  clip=0.132  ev=+0.19  t=83575s
    [kl-stop] update 1362: minibatch KL 0.0321 > 0.0300 (epoch 4/4) -- actor frozen, value-only for remaining passes
    [kl-stop] update 1364: minibatch KL 0.0302 > 0.0300 (epoch 3/4) -- actor frozen, value-only for remaining passes
    [kl-stop] update 1365: minibatch KL 0.0366 > 0.0300 (epoch 2/4) -- actor frozen, value-only for remaining passes
[1365/2000] rew= 8291.9  thr=89.84Mbps  comp=0.745  drop=0.000  SINR= 10.1dB  KL= 0.0263  ent=0.552  clip=0.308  ev=+0.02  t=83817s
    [kl-stop] update 1366: minibatch KL 0.0305 > 0.0300 (epoch 2/4) -- actor frozen, value-only for remaining passes
  --- eval at update 1369 ---
    PPO           reward  5666.14  thrpt  89.49Mbps  comp 0.645  totfail 0.353  depth 3.28  eval_s=90.5
  [eval-time] update 1369: 90.5s total
[1370/2000] rew= 6716.4  thr=94.43Mbps  comp=0.660  drop=0.000  SINR= 12.1dB  KL= 0.0166  ent=0.607  clip=0.230  ev=+0.19  t=84164s
    [batch-verify] update 1375: 4 slots, max scaled |diff| 5.72e-06 OK
    [kl-stop] update 1375: minibatch KL 0.0417 > 0.0300 (epoch 4/4) -- actor frozen, value-only for remaining passes
[1375/2000] rew= 7476.5  thr=114.60Mbps  comp=0.639  drop=0.000  SINR=  9.6dB  KL= 0.0151  ent=0.694  clip=0.198  ev=+0.36  t=84408s
    [kl-stop] update 1377: minibatch KL 0.0334 > 0.0300 (epoch 3/4) -- actor frozen, value-only for remaining passes
  --- eval at update 1379 ---
    PPO           reward  5635.65  thrpt  89.43Mbps  comp 0.644  totfail 0.354  depth 3.34  eval_s=90.9
  [eval-time] update 1379: 90.9s total
[1380/2000] rew= 5869.7  thr=92.68Mbps  comp=0.632  drop=0.000  SINR=  9.0dB  KL= 0.0101  ent=0.584  clip=0.150  ev=+0.28  t=84740s
    [kl-stop] update 1381: minibatch KL 0.0314 > 0.0300 (epoch 4/4) -- actor frozen, value-only for remaining passes
    [kl-stop] update 1383: minibatch KL 0.0307 > 0.0300 (epoch 3/4) -- actor frozen, value-only for remaining passes
    [kl-stop] update 1384: minibatch KL 0.0351 > 0.0300 (epoch 3/4) -- actor frozen, value-only for remaining passes
    [kl-stop] update 1385: minibatch KL 0.0338 > 0.0300 (epoch 4/4) -- actor frozen, value-only for remaining passes
[1385/2000] rew= 4119.0  thr=66.13Mbps  comp=0.629  drop=0.000  SINR= 10.6dB  KL= 0.0132  ent=0.552  clip=0.169  ev=+0.16  t=84994s
    [kl-stop] update 1387: minibatch KL 0.0369 > 0.0300 (epoch 4/4) -- actor frozen, value-only for remaining passes
  --- eval at update 1389 ---
    PPO           reward  5643.02  thrpt  89.46Mbps  comp 0.644  totfail 0.354  depth 3.30  eval_s=92.0
  [eval-time] update 1389: 92.0s total
[1390/2000] rew= 4319.7  thr=89.80Mbps  comp=0.586  drop=0.000  SINR=  9.9dB  KL= 0.0123  ent=0.617  clip=0.177  ev=+0.39  t=85330s
    [kl-stop] update 1392: minibatch KL 0.0311 > 0.0300 (epoch 3/4) -- actor frozen, value-only for remaining passes
[1395/2000] rew= 5429.8  thr=71.28Mbps  comp=0.680  drop=0.000  SINR=  9.9dB  KL= 0.0096  ent=0.443  clip=0.131  ev=+0.17  t=85572s
  --- eval at update 1399 ---
    PPO           reward  5661.38  thrpt  89.43Mbps  comp 0.645  totfail 0.353  depth 3.27  eval_s=88.9
  [eval-time] update 1399: 88.9s total
    [batch-verify] update 1400: 4 slots, max scaled |diff| 4.77e-06 OK
[1400/2000] rew= 3746.2  thr=39.74Mbps  comp=0.756  drop=0.000  SINR= 14.0dB  KL= 0.0092  ent=0.337  clip=0.127  ev=-0.02  t=85894s
    [kl-stop] update 1401: minibatch KL 0.0301 > 0.0300 (epoch 4/4) -- actor frozen, value-only for remaining passes
[1405/2000] rew= 5064.1  thr=71.24Mbps  comp=0.662  drop=0.000  SINR=  8.2dB  KL= 0.0090  ent=0.400  clip=0.123  ev=+0.19  t=86146s
  --- eval at update 1409 ---
    PPO           reward  5669.79  thrpt  89.45Mbps  comp 0.645  totfail 0.352  depth 3.30  eval_s=89.3
  [eval-time] update 1409: 89.3s total
[1410/2000] rew= 6998.5  thr=69.80Mbps  comp=0.788  drop=0.000  SINR=  8.2dB  KL= 0.0079  ent=0.448  clip=0.109  ev=+0.09  t=86463s
    [kl-stop] update 1411: minibatch KL 0.0327 > 0.0300 (epoch 3/4) -- actor frozen, value-only for remaining passes
    [kl-stop] update 1412: minibatch KL 0.0310 > 0.0300 (epoch 2/4) -- actor frozen, value-only for remaining passes
[1415/2000] rew= 6911.2  thr=112.49Mbps  comp=0.627  drop=0.000  SINR= 13.9dB  KL= 0.0132  ent=0.712  clip=0.191  ev=+0.15  t=86725s
  --- eval at update 1419 ---
    PPO           reward  5658.44  thrpt  89.45Mbps  comp 0.645  totfail 0.353  depth 3.37  eval_s=92.4
  [eval-time] update 1419: 92.4s total
[1420/2000] rew= 3467.6  thr=85.31Mbps  comp=0.568  drop=0.000  SINR=  5.6dB  KL= 0.0135  ent=0.605  clip=0.173  ev=+0.30  t=87076s
    [kl-stop] update 1423: minibatch KL 0.0346 > 0.0300 (epoch 2/4) -- actor frozen, value-only for remaining passes
    [batch-verify] update 1425: 4 slots, max scaled |diff| 2.86e-06 OK
[1425/2000] rew= 6307.8  thr=65.29Mbps  comp=0.768  drop=0.000  SINR= 11.0dB  KL= 0.0092  ent=0.505  clip=0.129  ev=+0.13  t=87317s
  --- eval at update 1429 ---
    PPO           reward  5660.69  thrpt  89.51Mbps  comp 0.645  totfail 0.353  depth 3.41  eval_s=91.7
  [eval-time] update 1429: 91.7s total
[1430/2000] rew= 3619.2  thr=54.48Mbps  comp=0.645  drop=0.001  SINR=  9.4dB  KL= 0.0062  ent=0.450  clip=0.077  ev=+0.18  t=87656s
    [kl-stop] update 1432: minibatch KL 0.0378 > 0.0300 (epoch 4/4) -- actor frozen, value-only for remaining passes
[1435/2000] rew= 5636.6  thr=113.55Mbps  comp=0.590  drop=0.000  SINR= 13.4dB  KL= 0.0106  ent=0.700  clip=0.144  ev=+0.33  t=87913s
  --- eval at update 1439 ---
    PPO           reward  5661.91  thrpt  89.51Mbps  comp 0.645  totfail 0.353  depth 3.41  eval_s=91.9
  [eval-time] update 1439: 91.9s total
[1440/2000] rew= 5622.6  thr=59.88Mbps  comp=0.756  drop=0.000  SINR= 10.9dB  KL= 0.0077  ent=0.414  clip=0.110  ev=-0.10  t=88244s
[1445/2000] rew= 3898.7  thr=60.68Mbps  comp=0.637  drop=0.000  SINR=  9.9dB  KL= 0.0077  ent=0.552  clip=0.101  ev=+0.23  t=88485s
    [kl-stop] update 1447: minibatch KL 0.0336 > 0.0300 (epoch 4/4) -- actor frozen, value-only for remaining passes
  --- eval at update 1449 ---
    PPO           reward  5661.81  thrpt  89.53Mbps  comp 0.645  totfail 0.353  depth 3.38  eval_s=91.0
  [eval-time] update 1449: 91.0s total
    [batch-verify] update 1450: 4 slots, max scaled |diff| 5.72e-06 OK
[1450/2000] rew= 7956.4  thr=76.92Mbps  comp=0.801  drop=0.000  SINR= 10.3dB  KL= 0.0133  ent=0.583  clip=0.198  ev=-0.27  t=88829s
    [kl-stop] update 1452: minibatch KL 0.0459 > 0.0300 (epoch 2/4) -- actor frozen, value-only for remaining passes
    [kl-stop] update 1453: minibatch KL 0.0319 > 0.0300 (epoch 4/4) -- actor frozen, value-only for remaining passes
[1455/2000] rew= 3829.7  thr=43.97Mbps  comp=0.727  drop=0.002  SINR= 12.2dB  KL= 0.0098  ent=0.273  clip=0.134  ev=+0.08  t=89071s
    [kl-stop] update 1459: minibatch KL 0.0345 > 0.0300 (epoch 3/4) -- actor frozen, value-only for remaining passes
  --- eval at update 1459 ---
    PPO           reward  5648.06  thrpt  89.52Mbps  comp 0.644  totfail 0.353  depth 3.42  eval_s=91.8
  [eval-time] update 1459: 91.8s total
[1460/2000] rew= 7285.6  thr=76.76Mbps  comp=0.760  drop=0.000  SINR= 11.7dB  KL= 0.0099  ent=0.454  clip=0.139  ev=+0.23  t=89415s
    [kl-stop] update 1461: minibatch KL 0.0338 > 0.0300 (epoch 4/4) -- actor frozen, value-only for remaining passes
    [kl-stop] update 1464: minibatch KL 0.0400 > 0.0300 (epoch 4/4) -- actor frozen, value-only for remaining passes
[1465/2000] rew= 5358.8  thr=60.86Mbps  comp=0.729  drop=0.000  SINR= 12.9dB  KL= 0.0113  ent=0.533  clip=0.163  ev=+0.16  t=89663s
    [kl-stop] update 1468: minibatch KL 0.0336 > 0.0300 (epoch 4/4) -- actor frozen, value-only for remaining passes
  --- eval at update 1469 ---
    PPO           reward  5654.54  thrpt  89.56Mbps  comp 0.644  totfail 0.353  depth 3.40  eval_s=92.8
  [eval-time] update 1469: 92.8s total
[1470/2000] rew= 4874.5  thr=56.27Mbps  comp=0.726  drop=0.003  SINR=  9.6dB  KL= 0.0092  ent=0.334  clip=0.118  ev=-0.08  t=90002s
    [batch-verify] update 1475: 4 slots, max scaled |diff| 9.54e-06 OK
[1475/2000] rew= 4281.4  thr=83.13Mbps  comp=0.595  drop=0.000  SINR=  7.0dB  KL= 0.0102  ent=0.665  clip=0.139  ev=+0.18  t=90262s
    [kl-stop] update 1476: minibatch KL 0.0355 > 0.0300 (epoch 4/4) -- actor frozen, value-only for remaining passes
  --- eval at update 1479 ---
    PPO           reward  5665.54  thrpt  89.55Mbps  comp 0.645  totfail 0.353  depth 3.36  eval_s=92.5
  [eval-time] update 1479: 92.5s total
[1480/2000] rew= 4129.9  thr=127.81Mbps  comp=0.543  drop=0.000  SINR=  9.4dB  KL= 0.0090  ent=0.993  clip=0.137  ev=+0.23  t=90611s
[1485/2000] rew= 5908.2  thr=98.25Mbps  comp=0.620  drop=0.000  SINR= 10.0dB  KL= 0.0135  ent=0.752  clip=0.197  ev=+0.32  t=90859s
    [kl-stop] update 1486: minibatch KL 0.0312 > 0.0300 (epoch 4/4) -- actor frozen, value-only for remaining passes
    [kl-stop] update 1487: minibatch KL 0.0304 > 0.0300 (epoch 4/4) -- actor frozen, value-only for remaining passes
    [kl-stop] update 1488: minibatch KL 0.0384 > 0.0300 (epoch 3/4) -- actor frozen, value-only for remaining passes
  --- eval at update 1489 ---
    PPO           reward  5665.25  thrpt  89.60Mbps  comp 0.645  totfail 0.353  depth 3.39  eval_s=93.3
  [eval-time] update 1489: 93.3s total
    [kl-stop] update 1490: minibatch KL 0.0359 > 0.0300 (epoch 3/4) -- actor frozen, value-only for remaining passes
[1490/2000] rew= 8093.4  thr=77.31Mbps  comp=0.809  drop=0.000  SINR= 13.9dB  KL= 0.0168  ent=0.376  clip=0.205  ev=+0.05  t=91204s
    [kl-stop] update 1491: minibatch KL 0.0338 > 0.0300 (epoch 2/4) -- actor frozen, value-only for remaining passes
    [kl-stop] update 1494: minibatch KL 0.0320 > 0.0300 (epoch 4/4) -- actor frozen, value-only for remaining passes
[1495/2000] rew= 7071.7  thr=84.40Mbps  comp=0.712  drop=0.000  SINR= 12.7dB  KL= 0.0130  ent=0.478  clip=0.179  ev=+0.12  t=91450s
  --- eval at update 1499 ---
    PPO           reward  5657.82  thrpt  89.61Mbps  comp 0.644  totfail 0.353  depth 3.37  eval_s=93.3
  [eval-time] update 1499: 93.3s total
    [batch-verify] update 1500: 4 slots, max scaled |diff| 5.72e-06 OK
    [kl-stop] update 1500: minibatch KL 0.0431 > 0.0300 (epoch 3/4) -- actor frozen, value-only for remaining passes
[1500/2000] rew= 3017.4  thr=128.33Mbps  comp=0.524  drop=0.000  SINR= 12.9dB  KL= 0.0200  ent=0.910  clip=0.241  ev=+0.21  t=91788s
[1505/2000] rew= 4645.4  thr=114.64Mbps  comp=0.567  drop=0.000  SINR=  8.6dB  KL= 0.0148  ent=0.844  clip=0.206  ev=+0.14  t=92048s
    [kl-stop] update 1507: minibatch KL 0.0407 > 0.0300 (epoch 3/4) -- actor frozen, value-only for remaining passes
  --- eval at update 1509 ---
    PPO           reward  5682.13  thrpt  89.65Mbps  comp 0.645  totfail 0.352  depth 3.28  eval_s=92.0
  [eval-time] update 1509: 92.0s total
[1510/2000] rew= 3747.7  thr=55.61Mbps  comp=0.651  drop=0.001  SINR= 10.4dB  KL= 0.0056  ent=0.330  clip=0.071  ev=+0.02  t=92364s
[1515/2000] rew= 5172.0  thr=71.25Mbps  comp=0.665  drop=0.000  SINR= 10.3dB  KL= 0.0085  ent=0.467  clip=0.127  ev=+0.26  t=92610s
    [kl-stop] update 1516: minibatch KL 0.0338 > 0.0300 (epoch 3/4) -- actor frozen, value-only for remaining passes
  --- eval at update 1519 ---
    PPO           reward  5668.49  thrpt  89.61Mbps  comp 0.645  totfail 0.353  depth 3.35  eval_s=91.7
  [eval-time] update 1519: 91.7s total
[1520/2000] rew= 3133.5  thr=53.14Mbps  comp=0.621  drop=0.000  SINR=  9.4dB  KL= 0.0044  ent=0.497  clip=0.049  ev=+0.24  t=92935s
    [kl-stop] update 1521: minibatch KL 0.0328 > 0.0300 (epoch 4/4) -- actor frozen, value-only for remaining passes
    [batch-verify] update 1525: 4 slots, max scaled |diff| 7.63e-06 OK
[1525/2000] rew= 5000.3  thr=113.39Mbps  comp=0.576  drop=0.000  SINR= 12.2dB  KL= 0.0088  ent=0.792  clip=0.129  ev=+0.36  t=93189s
  --- eval at update 1529 ---
    PPO           reward  5669.08  thrpt  89.65Mbps  comp 0.645  totfail 0.353  depth 3.36  eval_s=92.0
  [eval-time] update 1529: 92.0s total
[1530/2000] rew= 5900.8  thr=56.32Mbps  comp=0.809  drop=0.000  SINR= 11.2dB  KL= 0.0050  ent=0.451  clip=0.064  ev=+0.12  t=93525s
    [kl-stop] update 1535: minibatch KL 0.0346 > 0.0300 (epoch 3/4) -- actor frozen, value-only for remaining passes
[1535/2000] rew= 8213.9  thr=116.80Mbps  comp=0.657  drop=0.000  SINR= 16.9dB  KL= 0.0169  ent=0.730  clip=0.208  ev=+0.15  t=93782s
    [kl-stop] update 1538: minibatch KL 0.0311 > 0.0300 (epoch 3/4) -- actor frozen, value-only for remaining passes
  --- eval at update 1539 ---
    PPO           reward  5669.63  thrpt  89.65Mbps  comp 0.645  totfail 0.353  depth 3.41  eval_s=95.0
  [eval-time] update 1539: 95.0s total
[1540/2000] rew= 5132.7  thr=74.67Mbps  comp=0.653  drop=0.000  SINR= 10.7dB  KL= 0.0123  ent=0.534  clip=0.181  ev=+0.19  t=94138s
    [kl-stop] update 1541: minibatch KL 0.0322 > 0.0300 (epoch 4/4) -- actor frozen, value-only for remaining passes
    [kl-stop] update 1543: minibatch KL 0.0301 > 0.0300 (epoch 3/4) -- actor frozen, value-only for remaining passes
    [kl-stop] update 1544: minibatch KL 0.0315 > 0.0300 (epoch 4/4) -- actor frozen, value-only for remaining passes
[1545/2000] rew= 3788.8  thr=69.67Mbps  comp=0.607  drop=0.000  SINR= 15.9dB  KL= 0.0081  ent=0.380  clip=0.115  ev=+0.23  t=94398s
  --- eval at update 1549 ---
    PPO           reward  5662.99  thrpt  89.65Mbps  comp 0.644  totfail 0.353  depth 3.44  eval_s=93.1
  [eval-time] update 1549: 93.1s total
    [batch-verify] update 1550: 4 slots, max scaled |diff| 7.63e-06 OK
    [kl-stop] update 1550: minibatch KL 0.0350 > 0.0300 (epoch 3/4) -- actor frozen, value-only for remaining passes
[1550/2000] rew= 3159.9  thr=128.09Mbps  comp=0.524  drop=0.000  SINR= 12.0dB  KL= 0.0180  ent=0.910  clip=0.225  ev=+0.32  t=94741s
[1555/2000] rew= 7986.3  thr=79.31Mbps  comp=0.788  drop=0.000  SINR= 11.1dB  KL= 0.0050  ent=0.492  clip=0.066  ev=+0.03  t=94991s
    [kl-stop] update 1557: minibatch KL 0.0344 > 0.0300 (epoch 2/4) -- actor frozen, value-only for remaining passes
    [kl-stop] update 1558: minibatch KL 0.0437 > 0.0300 (epoch 2/4) -- actor frozen, value-only for remaining passes
    [kl-stop] update 1559: minibatch KL 0.0307 > 0.0300 (epoch 4/4) -- actor frozen, value-only for remaining passes
  --- eval at update 1559 ---
    PPO           reward  5664.60  thrpt  89.64Mbps  comp 0.644  totfail 0.353  depth 3.38  eval_s=94.1
  [eval-time] update 1559: 94.1s total
    [kl-stop] update 1560: minibatch KL 0.0363 > 0.0300 (epoch 4/4) -- actor frozen, value-only for remaining passes
[1560/2000] rew= 2507.5  thr=78.63Mbps  comp=0.546  drop=0.000  SINR=  7.7dB  KL= 0.0123  ent=0.517  clip=0.153  ev=+0.13  t=95338s
    [kl-stop] update 1562: minibatch KL 0.0343 > 0.0300 (epoch 4/4) -- actor frozen, value-only for remaining passes
    [kl-stop] update 1563: minibatch KL 0.0324 > 0.0300 (epoch 3/4) -- actor frozen, value-only for remaining passes
[1565/2000] rew= 7894.3  thr=85.97Mbps  comp=0.746  drop=0.000  SINR=  8.0dB  KL= 0.0096  ent=0.491  clip=0.127  ev=+0.10  t=95595s
  --- eval at update 1569 ---
    PPO           reward  5651.18  thrpt  89.64Mbps  comp 0.644  totfail 0.354  depth 3.45  eval_s=95.7
  [eval-time] update 1569: 95.7s total
[1570/2000] rew= 6213.5  thr=125.29Mbps  comp=0.590  drop=0.000  SINR= 11.9dB  KL= 0.0096  ent=0.893  clip=0.139  ev=+0.30  t=95953s
    [kl-stop] update 1572: minibatch KL 0.0310 > 0.0300 (epoch 3/4) -- actor frozen, value-only for remaining passes
    [kl-stop] update 1574: minibatch KL 0.0325 > 0.0300 (epoch 3/4) -- actor frozen, value-only for remaining passes
    [batch-verify] update 1575: 4 slots, max scaled |diff| 7.63e-06 OK
    [kl-stop] update 1575: minibatch KL 0.0309 > 0.0300 (epoch 3/4) -- actor frozen, value-only for remaining passes
[1575/2000] rew= 3753.5  thr=126.57Mbps  comp=0.541  drop=0.000  SINR= 11.3dB  KL= 0.0197  ent=0.860  clip=0.250  ev=+0.18  t=96217s
  --- eval at update 1579 ---
    PPO           reward  5658.49  thrpt  89.69Mbps  comp 0.644  totfail 0.354  depth 3.43  eval_s=94.6
  [eval-time] update 1579: 94.6s total
[1580/2000] rew= 6560.2  thr=87.83Mbps  comp=0.674  drop=0.000  SINR=  8.5dB  KL= 0.0061  ent=0.574  clip=0.082  ev=+0.27  t=96576s
[1585/2000] rew= 5518.9  thr=80.74Mbps  comp=0.651  drop=0.000  SINR=  7.7dB  KL= 0.0075  ent=0.533  clip=0.106  ev=+0.06  t=96827s
  --- eval at update 1589 ---
    PPO           reward  5659.71  thrpt  89.63Mbps  comp 0.644  totfail 0.353  depth 3.43  eval_s=93.3
  [eval-time] update 1589: 93.3s total
[1590/2000] rew= 4707.1  thr=52.07Mbps  comp=0.737  drop=0.000  SINR= 10.8dB  KL= 0.0085  ent=0.423  clip=0.118  ev=-0.17  t=97176s
[1595/2000] rew= 1949.3  thr=43.98Mbps  comp=0.577  drop=0.001  SINR=  7.8dB  KL= 0.0050  ent=0.439  clip=0.065  ev=+0.13  t=97415s
  --- eval at update 1599 ---
    PPO           reward  5657.48  thrpt  89.62Mbps  comp 0.644  totfail 0.353  depth 3.43  eval_s=93.3
  [eval-time] update 1599: 93.3s total
    [batch-verify] update 1600: 4 slots, max scaled |diff| 4.77e-06 OK
[1600/2000] rew= 4587.5  thr=68.39Mbps  comp=0.648  drop=0.000  SINR= 14.8dB  KL= 0.0064  ent=0.465  clip=0.087  ev=+0.15  t=97757s
    [kl-stop] update 1602: minibatch KL 0.0313 > 0.0300 (epoch 4/4) -- actor frozen, value-only for remaining passes
    [kl-stop] update 1603: minibatch KL 0.0367 > 0.0300 (epoch 4/4) -- actor frozen, value-only for remaining passes
[1605/2000] rew= 6206.4  thr=86.78Mbps  comp=0.662  drop=0.000  SINR=  7.0dB  KL= 0.0086  ent=0.659  clip=0.125  ev=+0.09  t=98019s
  --- eval at update 1609 ---
    PPO           reward  5628.86  thrpt  89.61Mbps  comp 0.643  totfail 0.355  depth 3.51  eval_s=95.2
  [eval-time] update 1609: 95.2s total
[1610/2000] rew= 5654.5  thr=64.13Mbps  comp=0.731  drop=0.001  SINR=  5.7dB  KL= 0.0066  ent=0.359  clip=0.088  ev=+0.09  t=98361s
    [kl-stop] update 1614: minibatch KL 0.0375 > 0.0300 (epoch 3/4) -- actor frozen, value-only for remaining passes
[1615/2000] rew= 5892.1  thr=65.34Mbps  comp=0.740  drop=0.000  SINR= 10.6dB  KL= 0.0098  ent=0.393  clip=0.144  ev=-0.04  t=98612s
  --- eval at update 1619 ---
    PPO           reward  5604.58  thrpt  89.57Mbps  comp 0.642  totfail 0.355  depth 3.54  eval_s=95.2
  [eval-time] update 1619: 95.2s total
[1620/2000] rew= 6010.5  thr=74.18Mbps  comp=0.701  drop=0.000  SINR= 11.8dB  KL= 0.0060  ent=0.397  clip=0.083  ev=-0.05  t=98961s
    [kl-stop] update 1621: minibatch KL 0.0328 > 0.0300 (epoch 4/4) -- actor frozen, value-only for remaining passes
    [kl-stop] update 1624: minibatch KL 0.0318 > 0.0300 (epoch 3/4) -- actor frozen, value-only for remaining passes
    [batch-verify] update 1625: 4 slots, max scaled |diff| 2.86e-06 OK
[1625/2000] rew= 5510.9  thr=61.78Mbps  comp=0.734  drop=0.000  SINR=  9.2dB  KL= 0.0055  ent=0.469  clip=0.072  ev=-0.14  t=99220s
  --- eval at update 1629 ---
    PPO           reward  5600.77  thrpt  89.55Mbps  comp 0.642  totfail 0.355  depth 3.54  eval_s=97.5
  [eval-time] update 1629: 97.5s total
    [kl-stop] update 1630: minibatch KL 0.0302 > 0.0300 (epoch 4/4) -- actor frozen, value-only for remaining passes
[1630/2000] rew= 7068.9  thr=121.61Mbps  comp=0.617  drop=0.000  SINR= 15.0dB  KL= 0.0142  ent=0.691  clip=0.182  ev=+0.28  t=99580s
    [kl-stop] update 1635: minibatch KL 0.0320 > 0.0300 (epoch 4/4) -- actor frozen, value-only for remaining passes
[1635/2000] rew= 8167.3  thr=103.12Mbps  comp=0.690  drop=0.000  SINR= 11.2dB  KL= 0.0119  ent=0.548  clip=0.158  ev=+0.19  t=99837s
  --- eval at update 1639 ---
    PPO           reward  5616.21  thrpt  89.59Mbps  comp 0.643  totfail 0.355  depth 3.56  eval_s=96.3
  [eval-time] update 1639: 96.3s total
[1640/2000] rew= 6285.6  thr=112.44Mbps  comp=0.610  drop=0.000  SINR= 12.2dB  KL= 0.0057  ent=0.674  clip=0.079  ev=+0.31  t=100181s
    [kl-stop] update 1641: minibatch KL 0.0327 > 0.0300 (epoch 4/4) -- actor frozen, value-only for remaining passes
[1645/2000] rew= 3994.5  thr=119.06Mbps  comp=0.549  drop=0.000  SINR= 12.4dB  KL= 0.0098  ent=0.685  clip=0.137  ev=+0.34  t=100432s
  --- eval at update 1649 ---
    PPO           reward  5589.40  thrpt  89.60Mbps  comp 0.642  totfail 0.356  depth 3.57  eval_s=96.7
  [eval-time] update 1649: 96.7s total
    [batch-verify] update 1650: 4 slots, max scaled |diff| 5.72e-06 OK
[1650/2000] rew= 3533.5  thr=98.67Mbps  comp=0.552  drop=0.000  SINR= 11.1dB  KL= 0.0059  ent=0.629  clip=0.074  ev=+0.31  t=100791s
[1655/2000] rew= 3177.6  thr=82.17Mbps  comp=0.562  drop=0.000  SINR= 13.9dB  KL= 0.0057  ent=0.510  clip=0.071  ev=+0.42  t=101059s
    [kl-stop] update 1657: minibatch KL 0.0339 > 0.0300 (epoch 4/4) -- actor frozen, value-only for remaining passes
  --- eval at update 1659 ---
    PPO           reward  5624.85  thrpt  89.62Mbps  comp 0.643  totfail 0.355  depth 3.55  eval_s=95.0
  [eval-time] update 1659: 95.0s total
[1660/2000] rew= 6473.6  thr=94.30Mbps  comp=0.651  drop=0.000  SINR= 14.4dB  KL= 0.0024  ent=0.600  clip=0.021  ev=+0.17  t=101405s
    [kl-stop] update 1661: minibatch KL 0.0308 > 0.0300 (epoch 4/4) -- actor frozen, value-only for remaining passes
[1665/2000] rew= 6297.7  thr=95.67Mbps  comp=0.643  drop=0.000  SINR= 12.3dB  KL= 0.0081  ent=0.533  clip=0.119  ev=+0.27  t=101666s
  --- eval at update 1669 ---
    PPO           reward  5618.03  thrpt  89.59Mbps  comp 0.643  totfail 0.355  depth 3.54  eval_s=97.2
  [eval-time] update 1669: 97.2s total
[1670/2000] rew= 5628.1  thr=64.91Mbps  comp=0.721  drop=0.000  SINR=  6.8dB  KL= 0.0055  ent=0.469  clip=0.069  ev=-0.02  t=102023s
    [batch-verify] update 1675: 4 slots, max scaled |diff| 1.91e-06 OK
[1675/2000] rew= 5902.6  thr=69.15Mbps  comp=0.719  drop=0.000  SINR=  7.6dB  KL= 0.0074  ent=0.432  clip=0.098  ev=+0.11  t=102282s
    [kl-stop] update 1676: minibatch KL 0.0364 > 0.0300 (epoch 4/4) -- actor frozen, value-only for remaining passes
    [kl-stop] update 1678: minibatch KL 0.0324 > 0.0300 (epoch 4/4) -- actor frozen, value-only for remaining passes
    [kl-stop] update 1679: minibatch KL 0.0316 > 0.0300 (epoch 3/4) -- actor frozen, value-only for remaining passes
  --- eval at update 1679 ---
    PPO           reward  5634.07  thrpt  89.56Mbps  comp 0.643  totfail 0.354  depth 3.50  eval_s=94.9
  [eval-time] update 1679: 94.9s total
[1680/2000] rew= 2629.0  thr=31.72Mbps  comp=0.707  drop=0.002  SINR=  7.5dB  KL= 0.0053  ent=0.301  clip=0.069  ev=-0.07  t=102620s
[1685/2000] rew= 5378.5  thr=60.56Mbps  comp=0.733  drop=0.000  SINR=  7.9dB  KL= 0.0055  ent=0.469  clip=0.068  ev=+0.05  t=102861s
  --- eval at update 1689 ---
    PPO           reward  5618.24  thrpt  89.53Mbps  comp 0.643  totfail 0.355  depth 3.52  eval_s=94.5
  [eval-time] update 1689: 94.5s total
[1690/2000] rew= 5854.9  thr=70.81Mbps  comp=0.705  drop=0.000  SINR=  9.4dB  KL= 0.0056  ent=0.593  clip=0.071  ev=+0.27  t=103212s
[1695/2000] rew= 8801.7  thr=94.41Mbps  comp=0.749  drop=0.000  SINR= 13.8dB  KL= 0.0050  ent=0.602  clip=0.062  ev=+0.06  t=103464s
  --- eval at update 1699 ---
    PPO           reward  5601.60  thrpt  89.56Mbps  comp 0.642  totfail 0.355  depth 3.55  eval_s=94.4
  [eval-time] update 1699: 94.4s total
    [batch-verify] update 1700: 4 slots, max scaled |diff| 4.77e-06 OK
    [kl-stop] update 1700: minibatch KL 0.0312 > 0.0300 (epoch 4/4) -- actor frozen, value-only for remaining passes
[1700/2000] rew= 8967.4  thr=89.50Mbps  comp=0.785  drop=0.000  SINR= 11.7dB  KL= 0.0116  ent=0.574  clip=0.155  ev=+0.19  t=103818s
[1705/2000] rew= 6180.5  thr=83.32Mbps  comp=0.672  drop=0.000  SINR= 10.8dB  KL= 0.0060  ent=0.506  clip=0.085  ev=+0.23  t=104077s
  --- eval at update 1709 ---
    PPO           reward  5572.58  thrpt  89.48Mbps  comp 0.641  totfail 0.356  depth 3.57  eval_s=98.7
  [eval-time] update 1709: 98.7s total
    [kl-stop] update 1710: minibatch KL 0.0315 > 0.0300 (epoch 3/4) -- actor frozen, value-only for remaining passes
[1710/2000] rew= 1854.1  thr=96.13Mbps  comp=0.512  drop=0.000  SINR=  8.7dB  KL= 0.0178  ent=0.599  clip=0.218  ev=+0.32  t=104439s
[1715/2000] rew= 4775.1  thr=62.33Mbps  comp=0.681  drop=0.000  SINR=  6.3dB  KL= 0.0071  ent=0.415  clip=0.098  ev=-0.16  t=104700s
    [kl-stop] update 1717: minibatch KL 0.0352 > 0.0300 (epoch 4/4) -- actor frozen, value-only for remaining passes
  --- eval at update 1719 ---
    PPO           reward  5552.01  thrpt  89.46Mbps  comp 0.640  totfail 0.357  depth 3.63  eval_s=97.5
  [eval-time] update 1719: 97.5s total
[1720/2000] rew= 4427.9  thr=41.26Mbps  comp=0.831  drop=0.001  SINR= 10.8dB  KL= 0.0023  ent=0.360  clip=0.022  ev=-0.21  t=105061s
    [batch-verify] update 1725: 4 slots, max scaled |diff| 1.14e-05 OK
[1725/2000] rew= 4528.5  thr=96.86Mbps  comp=0.581  drop=0.000  SINR= 10.2dB  KL= 0.0090  ent=0.611  clip=0.126  ev=+0.42  t=105327s
  --- eval at update 1729 ---
    PPO           reward  5567.91  thrpt  89.45Mbps  comp 0.641  totfail 0.356  depth 3.59  eval_s=98.5
  [eval-time] update 1729: 98.5s total
[1730/2000] rew= 8181.3  thr=76.17Mbps  comp=0.822  drop=0.000  SINR= 10.0dB  KL= 0.0052  ent=0.448  clip=0.062  ev=+0.03  t=105695s
[1735/2000] rew= 7977.8  thr=97.37Mbps  comp=0.702  drop=0.000  SINR= 10.3dB  KL= 0.0085  ent=0.572  clip=0.115  ev=+0.39  t=105951s
  --- eval at update 1739 ---
    PPO           reward  5534.98  thrpt  89.41Mbps  comp 0.640  totfail 0.358  depth 3.63  eval_s=98.3
  [eval-time] update 1739: 98.3s total
[1740/2000] rew= 4808.2  thr=86.24Mbps  comp=0.606  drop=0.000  SINR= 10.4dB  KL= 0.0102  ent=0.621  clip=0.145  ev=+0.12  t=106306s
    [kl-stop] update 1742: minibatch KL 0.0307 > 0.0300 (epoch 4/4) -- actor frozen, value-only for remaining passes
[1745/2000] rew= 3781.9  thr=66.68Mbps  comp=0.612  drop=0.000  SINR= 10.4dB  KL= 0.0064  ent=0.553  clip=0.082  ev=+0.34  t=106577s
  --- eval at update 1749 ---
    PPO           reward  5580.80  thrpt  89.48Mbps  comp 0.642  totfail 0.356  depth 3.58  eval_s=96.2
  [eval-time] update 1749: 96.2s total
    [batch-verify] update 1750: 4 slots, max scaled |diff| 5.72e-06 OK
[1750/2000] rew= 2748.9  thr=79.35Mbps  comp=0.551  drop=0.000  SINR= 12.6dB  KL= 0.0059  ent=0.549  clip=0.073  ev=+0.27  t=106923s
[1755/2000] rew= 7040.5  thr=83.06Mbps  comp=0.716  drop=0.000  SINR=  9.8dB  KL= 0.0083  ent=0.396  clip=0.108  ev=+0.02  t=107187s
  --- eval at update 1759 ---
    PPO           reward  5582.16  thrpt  89.51Mbps  comp 0.642  totfail 0.356  depth 3.58  eval_s=95.7
  [eval-time] update 1759: 95.7s total
[1760/2000] rew= 5878.6  thr=89.00Mbps  comp=0.644  drop=0.000  SINR= 12.3dB  KL= 0.0035  ent=0.527  clip=0.034  ev=+0.25  t=107546s
[1765/2000] rew= 3112.0  thr=101.49Mbps  comp=0.541  drop=0.000  SINR= 13.3dB  KL= 0.0101  ent=0.606  clip=0.148  ev=+0.41  t=107812s
  --- eval at update 1769 ---
    PPO           reward  5564.27  thrpt  89.45Mbps  comp 0.641  totfail 0.356  depth 3.61  eval_s=97.7
  [eval-time] update 1769: 97.7s total
[1770/2000] rew= 4142.9  thr=42.92Mbps  comp=0.770  drop=0.001  SINR=  8.7dB  KL= 0.0033  ent=0.356  clip=0.040  ev=-0.47  t=108162s
    [batch-verify] update 1775: 4 slots, max scaled |diff| 7.63e-06 OK
[1775/2000] rew= 3283.4  thr=75.89Mbps  comp=0.571  drop=0.000  SINR=  8.4dB  KL= 0.0064  ent=0.511  clip=0.082  ev=+0.33  t=108427s
  --- eval at update 1779 ---
    PPO           reward  5537.74  thrpt  89.38Mbps  comp 0.640  totfail 0.357  depth 3.65  eval_s=96.9
  [eval-time] update 1779: 96.9s total
[1780/2000] rew= 8021.2  thr=85.60Mbps  comp=0.755  drop=0.000  SINR= 15.3dB  KL= 0.0035  ent=0.342  clip=0.042  ev=-0.08  t=108777s
[1785/2000] rew= 6903.0  thr=102.66Mbps  comp=0.647  drop=0.000  SINR= 12.4dB  KL= 0.0103  ent=0.631  clip=0.140  ev=+0.16  t=109047s
  --- eval at update 1789 ---
    PPO           reward  5552.04  thrpt  89.42Mbps  comp 0.641  totfail 0.357  depth 3.64  eval_s=97.9
  [eval-time] update 1789: 97.9s total
[1790/2000] rew= 5669.8  thr=86.49Mbps  comp=0.641  drop=0.000  SINR= 12.5dB  KL= 0.0056  ent=0.520  clip=0.066  ev=+0.15  t=109410s
[1795/2000] rew= 6442.4  thr=80.32Mbps  comp=0.696  drop=0.000  SINR= 10.3dB  KL= 0.0047  ent=0.408  clip=0.056  ev=+0.25  t=109661s
  --- eval at update 1799 ---
    PPO           reward  5567.19  thrpt  89.43Mbps  comp 0.641  totfail 0.356  depth 3.60  eval_s=96.8
  [eval-time] update 1799: 96.8s total
    [batch-verify] update 1800: 4 slots, max scaled |diff| 7.63e-06 OK
[1800/2000] rew= 4705.3  thr=98.10Mbps  comp=0.582  drop=0.000  SINR= 12.4dB  KL= 0.0059  ent=0.591  clip=0.077  ev=+0.28  t=110023s
[1805/2000] rew= 3513.1  thr=122.14Mbps  comp=0.536  drop=0.000  SINR=  9.6dB  KL= 0.0057  ent=0.831  clip=0.076  ev=+0.36  t=110291s
  --- eval at update 1809 ---
    PPO           reward  5554.51  thrpt  89.41Mbps  comp 0.641  totfail 0.357  depth 3.62  eval_s=96.6
  [eval-time] update 1809: 96.6s total
[1810/2000] rew= 5208.6  thr=67.29Mbps  comp=0.683  drop=0.000  SINR=  9.0dB  KL= 0.0050  ent=0.532  clip=0.063  ev=+0.28  t=110645s
[1815/2000] rew= 6742.8  thr=67.68Mbps  comp=0.785  drop=0.000  SINR=  6.8dB  KL= 0.0043  ent=0.449  clip=0.049  ev=+0.11  t=110902s
  --- eval at update 1819 ---
    PPO           reward  5544.86  thrpt  89.41Mbps  comp 0.640  totfail 0.357  depth 3.63  eval_s=95.8
  [eval-time] update 1819: 95.8s total
[1820/2000] rew= 6134.1  thr=99.15Mbps  comp=0.629  drop=0.000  SINR=  9.5dB  KL= 0.0035  ent=0.635  clip=0.041  ev=+0.04  t=111263s
    [batch-verify] update 1825: 4 slots, max scaled |diff| 4.77e-06 OK
[1825/2000] rew= 8428.0  thr=83.36Mbps  comp=0.792  drop=0.000  SINR= 10.9dB  KL= 0.0036  ent=0.441  clip=0.040  ev=+0.16  t=111521s
  --- eval at update 1829 ---
    PPO           reward  5551.47  thrpt  89.43Mbps  comp 0.641  totfail 0.357  depth 3.62  eval_s=95.3
  [eval-time] update 1829: 95.3s total
[1830/2000] rew= 4893.9  thr=52.95Mbps  comp=0.751  drop=0.000  SINR=  5.5dB  KL= 0.0037  ent=0.408  clip=0.036  ev=-0.09  t=111878s
[1835/2000] rew= 4017.7  thr=64.87Mbps  comp=0.631  drop=0.000  SINR=  8.4dB  KL= 0.0013  ent=0.537  clip=0.005  ev=-0.02  t=112130s
  --- eval at update 1839 ---
    PPO           reward  5565.93  thrpt  89.45Mbps  comp 0.641  totfail 0.356  depth 3.61  eval_s=97.1
  [eval-time] update 1839: 97.1s total
[1840/2000] rew= 5708.3  thr=127.73Mbps  comp=0.577  drop=0.000  SINR= 10.4dB  KL= 0.0055  ent=0.888  clip=0.073  ev=+0.30  t=112503s
[1845/2000] rew= 5885.7  thr=81.21Mbps  comp=0.667  drop=0.000  SINR= 11.5dB  KL= 0.0051  ent=0.550  clip=0.070  ev=+0.13  t=112772s
  --- eval at update 1849 ---
    PPO           reward  5550.72  thrpt  89.43Mbps  comp 0.640  totfail 0.357  depth 3.60  eval_s=96.6
  [eval-time] update 1849: 96.6s total
    [batch-verify] update 1850: 4 slots, max scaled |diff| 9.54e-06 OK
[1850/2000] rew=10655.1  thr=94.97Mbps  comp=0.849  drop=0.000  SINR= 15.6dB  KL= 0.0026  ent=0.439  clip=0.025  ev=-0.01  t=113110s
[1855/2000] rew= 5077.5  thr=87.73Mbps  comp=0.616  drop=0.000  SINR= 10.6dB  KL= 0.0054  ent=0.594  clip=0.071  ev=+0.28  t=113377s
  --- eval at update 1859 ---
    PPO           reward  5577.32  thrpt  89.45Mbps  comp 0.642  totfail 0.356  depth 3.58  eval_s=95.0
  [eval-time] update 1859: 95.1s total
[1860/2000] rew= 4069.3  thr=102.45Mbps  comp=0.564  drop=0.000  SINR=  7.9dB  KL= 0.0046  ent=0.685  clip=0.060  ev=+0.16  t=113733s
[1865/2000] rew= 2578.3  thr=78.77Mbps  comp=0.545  drop=0.000  SINR=  7.7dB  KL= 0.0030  ent=0.474  clip=0.032  ev=+0.23  t=113994s
  --- eval at update 1869 ---
    PPO           reward  5582.28  thrpt  89.42Mbps  comp 0.642  totfail 0.356  depth 3.53  eval_s=94.6
  [eval-time] update 1869: 94.6s total
[1870/2000] rew= 3742.1  thr=95.12Mbps  comp=0.564  drop=0.000  SINR=  9.3dB  KL= 0.0062  ent=0.598  clip=0.088  ev=+0.11  t=114344s
    [batch-verify] update 1875: 4 slots, max scaled |diff| 4.77e-06 OK
[1875/2000] rew= 4306.6  thr=81.31Mbps  comp=0.599  drop=0.000  SINR= 12.5dB  KL= 0.0035  ent=0.512  clip=0.038  ev=+0.12  t=114591s
  --- eval at update 1879 ---
    PPO           reward  5619.29  thrpt  89.49Mbps  comp 0.643  totfail 0.354  depth 3.50  eval_s=95.5
  [eval-time] update 1879: 95.5s total
[1880/2000] rew= 6026.8  thr=95.87Mbps  comp=0.634  drop=0.000  SINR=  7.6dB  KL= 0.0005  ent=0.635  clip=0.001  ev=+0.29  t=114940s
[1885/2000] rew= 4527.8  thr=68.90Mbps  comp=0.643  drop=0.000  SINR= 13.2dB  KL= 0.0022  ent=0.439  clip=0.017  ev=-0.09  t=115201s
  --- eval at update 1889 ---
    PPO           reward  5595.79  thrpt  89.47Mbps  comp 0.642  totfail 0.355  depth 3.50  eval_s=95.5
  [eval-time] update 1889: 95.5s total
[1890/2000] rew= 3875.2  thr=112.32Mbps  comp=0.550  drop=0.000  SINR= 10.4dB  KL= 0.0052  ent=0.648  clip=0.069  ev=+0.38  t=115554s
[1895/2000] rew= 2415.2  thr=73.22Mbps  comp=0.543  drop=0.000  SINR=  6.3dB  KL= 0.0021  ent=0.459  clip=0.013  ev=+0.19  t=115812s
  --- eval at update 1899 ---
    PPO           reward  5574.97  thrpt  89.43Mbps  comp 0.641  totfail 0.356  depth 3.56  eval_s=96.5
  [eval-time] update 1899: 96.5s total
    [batch-verify] update 1900: 4 slots, max scaled |diff| 7.63e-06 OK
[1900/2000] rew= 6484.9  thr=88.62Mbps  comp=0.669  drop=0.000  SINR=  9.4dB  KL= 0.0029  ent=0.435  clip=0.025  ev=+0.15  t=116158s
[1905/2000] rew= 3043.5  thr=78.45Mbps  comp=0.561  drop=0.000  SINR=  8.8dB  KL= 0.0005  ent=0.474  clip=0.001  ev=+0.25  t=116428s
  --- eval at update 1909 ---
    PPO           reward  5586.81  thrpt  89.45Mbps  comp 0.642  totfail 0.355  depth 3.56  eval_s=96.7
  [eval-time] update 1909: 96.7s total
[1910/2000] rew= 5198.1  thr=81.35Mbps  comp=0.635  drop=0.000  SINR= 12.5dB  KL= 0.0026  ent=0.567  clip=0.029  ev=+0.30  t=116783s
[1915/2000] rew= 7404.8  thr=69.98Mbps  comp=0.819  drop=0.000  SINR= 12.5dB  KL= 0.0025  ent=0.341  clip=0.027  ev=-0.09  t=117039s
  --- eval at update 1919 ---
    PPO           reward  5592.83  thrpt  89.49Mbps  comp 0.642  totfail 0.355  depth 3.57  eval_s=95.7
  [eval-time] update 1919: 95.7s total
[1920/2000] rew= 6304.4  thr=62.48Mbps  comp=0.790  drop=0.000  SINR= 10.2dB  KL= 0.0046  ent=0.404  clip=0.056  ev=+0.23  t=117391s
    [batch-verify] update 1925: 4 slots, max scaled |diff| 2.86e-06 OK
[1925/2000] rew= 5230.2  thr=51.79Mbps  comp=0.791  drop=0.001  SINR=  8.4dB  KL= 0.0008  ent=0.450  clip=0.002  ev=-0.22  t=117661s
  --- eval at update 1929 ---
    PPO           reward  5585.09  thrpt  89.42Mbps  comp 0.642  totfail 0.356  depth 3.50  eval_s=96.6
  [eval-time] update 1929: 96.6s total
[1930/2000] rew= 5734.7  thr=51.57Mbps  comp=0.849  drop=0.000  SINR= 11.7dB  KL= 0.0050  ent=0.330  clip=0.068  ev=-0.14  t=118014s
[1935/2000] rew= 7606.1  thr=118.05Mbps  comp=0.637  drop=0.000  SINR= 13.0dB  KL= 0.0006  ent=0.796  clip=0.001  ev=+0.21  t=118287s
  --- eval at update 1939 ---
    PPO           reward  5573.62  thrpt  89.45Mbps  comp 0.641  totfail 0.356  depth 3.56  eval_s=99.1
  [eval-time] update 1939: 99.1s total
[1940/2000] rew= 5518.9  thr=112.24Mbps  comp=0.588  drop=0.000  SINR= 10.9dB  KL= 0.0012  ent=0.657  clip=0.004  ev=+0.11  t=118669s
[1945/2000] rew= 5205.9  thr=55.04Mbps  comp=0.758  drop=0.000  SINR= 10.2dB  KL= 0.0003  ent=0.434  clip=0.000  ev=-0.02  t=118927s
  --- eval at update 1949 ---
    PPO           reward  5572.89  thrpt  89.44Mbps  comp 0.641  totfail 0.356  depth 3.56  eval_s=95.4
  [eval-time] update 1949: 95.4s total
    [batch-verify] update 1950: 4 slots, max scaled |diff| 2.86e-06 OK
[1950/2000] rew= 6972.0  thr=64.42Mbps  comp=0.828  drop=0.000  SINR= 10.6dB  KL= 0.0024  ent=0.372  clip=0.021  ev=+0.16  t=119280s
[1955/2000] rew= 1477.7  thr=34.95Mbps  comp=0.570  drop=0.002  SINR= 13.0dB  KL= 0.0034  ent=0.386  clip=0.038  ev=+0.03  t=119534s
  --- eval at update 1959 ---
    PPO           reward  5580.77  thrpt  89.45Mbps  comp 0.642  totfail 0.356  depth 3.56  eval_s=95.6
  [eval-time] update 1959: 95.6s total
[1960/2000] rew= 4661.6  thr=83.24Mbps  comp=0.612  drop=0.000  SINR=  9.1dB  KL= 0.0002  ent=0.508  clip=0.000  ev=+0.23  t=119886s
[1965/2000] rew= 6734.9  thr=93.90Mbps  comp=0.661  drop=0.000  SINR=  9.4dB  KL= 0.0007  ent=0.617  clip=0.001  ev=+0.12  t=120135s
  --- eval at update 1969 ---
    PPO           reward  5564.87  thrpt  89.43Mbps  comp 0.641  totfail 0.356  depth 3.59  eval_s=95.8
  [eval-time] update 1969: 95.8s total
[1970/2000] rew= 3693.6  thr=81.27Mbps  comp=0.579  drop=0.000  SINR=  8.6dB  KL= 0.0002  ent=0.558  clip=0.000  ev=+0.12  t=120491s
    [batch-verify] update 1975: 4 slots, max scaled |diff| 4.29e-06 OK
[1975/2000] rew= 6738.5  thr=66.70Mbps  comp=0.790  drop=0.000  SINR=  9.5dB  KL= 0.0003  ent=0.429  clip=0.000  ev=-0.07  t=120745s
  --- eval at update 1979 ---
    PPO           reward  5594.14  thrpt  89.46Mbps  comp 0.642  totfail 0.355  depth 3.55  eval_s=97.5
  [eval-time] update 1979: 97.5s total
[1980/2000] rew= 2718.3  thr=63.69Mbps  comp=0.571  drop=0.000  SINR=  8.1dB  KL= 0.0003  ent=0.431  clip=0.000  ev=+0.30  t=121107s
[1985/2000] rew= 6083.5  thr=72.24Mbps  comp=0.713  drop=0.000  SINR=  6.4dB  KL= 0.0001  ent=0.469  clip=0.000  ev=+0.02  t=121363s
  --- eval at update 1989 ---
    PPO           reward  5589.79  thrpt  89.48Mbps  comp 0.642  totfail 0.355  depth 3.54  eval_s=94.8
  [eval-time] update 1989: 94.8s total
[1990/2000] rew= 2778.9  thr=119.07Mbps  comp=0.525  drop=0.000  SINR=  8.5dB  KL= 0.0000  ent=0.840  clip=0.000  ev=+0.40  t=121717s
[1995/2000] rew= 2822.1  thr=46.93Mbps  comp=0.621  drop=0.000  SINR=  8.2dB  KL= 0.0000  ent=0.450  clip=0.000  ev=+0.08  t=121975s
[1999/2000] rew= 6351.0  thr=61.71Mbps  comp=0.801  drop=0.000  SINR= 12.2dB  KL= 0.0000  ent=0.346  clip=0.000  ev=+0.06  t=122187s
  --- eval at update 1999 ---
    PPO           reward  5588.18  thrpt  89.47Mbps  comp 0.642  totfail 0.355  depth 3.55  eval_s=96.9
  [eval-time] update 1999: 96.9s total
latest.pt saved at update 1999

Done. 2000 updates in 122284s  (61.1s/update). Best eval reward: 5727.90
