{
  "run_dir": "/home/MYH/ML_DRL_Scheduler/PaperMain/runs/22_narrow_mean_hl_cqi4_bernoulli_lr2000_s2024_20260911_gpu5",
  "resume": null,
  "version": 1,
  "recipe": "narrow_mean",
  "config": {
    "age_norm_max": 50.0,
    "b_norm": 8000.0,
    "b_tx_epsilon": 1.0,
    "beta_rate": 1.0,
    "bs_ant_cols": 4,
    "bs_ant_rows": 4,
    "bs_polarization": "dual",
    "carrier_frequency": 3500000000.0,
    "codebook_size": 256,
    "cqi_mode": "nr4bit",
    "cqi_norm_const": 8.0,
    "deadline_max": 12,
    "deadline_min": 3,
    "debug": false,
    "decode_order": "rbg_major",
    "enable_pathloss": true,
    "enable_shadow_fading": true,
    "encoder_hidden": 128,
    "encoder_out_dim": 64,
    "episode_len_debug": 200,
    "episode_len_main": 1000,
    "eta_d": 1.0,
    "eta_data": 1.0,
    "indoor_probability": 0.0,
    "l_max": 4,
    "la_beta": 1.0,
    "la_beta_by_depth": [
      1.0162,
      0.8509,
      0.7732,
      0.728
    ],
    "la_mode": "post_rzf",
    "lambda_c": 1.0,
    "lambda_m": 2.0,
    "lambda_s": 1.0,
    "max_retx": 4,
    "mu_aware_la": false,
    "n_active_max": 24,
    "n_active_min": 24,
    "no_user_head_hidden": [
      128,
      64
    ],
    "noise_mode": "calibration",
    "num_bs_ant": 32,
    "num_rb_per_rbg": 8,
    "num_rbg": 8,
    "num_sc_per_rb": 12,
    "num_sym_per_rb": 14,
    "num_ue": 32,
    "num_ue_ant": 1,
    "o2i_model": "low",
    "p_arrival": 0.22,
    "p_arrival_ablation": [
      0.1,
      0.2,
      0.4
    ],
    "p_arrival_max": 0.325,
    "p_arrival_min": 0.325,
    "p_csi": 0.6,
    "p_csi_ablation": [
      1.0,
      0.5,
      0.2,
      0.1
    ],
    "p_total": 8.0,
    "packet_size_max": 12000,
    "packet_size_min": 4000,
    "pf_epsilon": 1.0,
    "pmi_mode": "type2_sparse_56bit",
    "ppo_batch_verify_every": 25,
    "ppo_batch_verify_slots": 4,
    "ppo_batch_verify_tol": 0.001,
    "ppo_batched_replay": true,
    "ppo_clip_eps": 0.2,
    "ppo_critic_v2": true,
    "ppo_entropy_coef": 0.02,
    "ppo_epochs": 4,
    "ppo_eval_episodes": 3,
    "ppo_eval_every": 10,
    "ppo_force_full_rank": false,
    "ppo_gae_lambda": 0.95,
    "ppo_gamma": 0.99,
    "ppo_learning_rate": 0.0003,
    "ppo_max_grad_norm": 0.5,
    "ppo_minibatch_size": 256,
    "ppo_no_user_scale": 1.0,
    "ppo_save_every": 1,
    "ppo_target_kl": 0.02,
    "ppo_value_coef": 0.25,
    "queue_size": 8,
    "rzf_alpha_mode": "noise",
    "scenario": "umi",
    "score_net_hidden": [
      128,
      64
    ],
    "seed": 2024,
    "share_critic_encoder": true,
    "speed_ablation_kmh": [
      3.0,
      10.0,
      30.0,
      60.0
    ],
    "subcarrier_spacing": 30000.0,
    "sus_ortho_threshold": 0.75,
    "t_c": 100,
    "target_snr_ablation_db": [
      5.0,
      10.0,
      15.0
    ],
    "target_snr_db": 10.0,
    "traffic_model": "bernoulli",
    "type2_L": 4,
    "type2_O1": 4,
    "type2_O2": 4,
    "type2_amp_bits": 3,
    "type2_phase_bits": 2,
    "ue_speed_kmh": 3.0,
    "ue_speed_max": 22.5,
    "ue_speed_min": 22.5,
    "ue_speed_mix": [],
    "value_head_hidden": [
      128,
      64
    ]
  },
  "artifact_config_sha256": "92a1ad1ea73067053bc73734839b9751a67ac21ed5ab710979f867c47aca08cb",
  "source_sha256": {
    "paper_train.py": "3095c067ce9ed3cf0dea43bcac5263e839986b85599e53ef4df43b84be3f64cc",
    "train_phase2.py": "2079a90c356a92d8cd591b378d6708b6b06d3185a84fc206d887d9bb9b3e4eca",
    "config.py": "734936660c5ea80ad64c8b58b1d9f2e6942e5e52787f5df7d07370cb0e8845a8",
    "env.py": "e91c83165b2717c3c021433c67fb6531ae20e6f714b934b936b6ff95aff5015d",
    "channel.py": "b308c63d369a181ba08788bc0f52f6f620c1ac3ff65ad210ae5367cd0d47e755",
    "csi.py": "e6084b6b514c1269e0a56c76637a07c2cffcf04cfa889683a38d23b10d71f356",
    "codebook.py": "93234f7b2aae3d7f5b593deca8aa8c4aace3c0756e2a20abe577e1ffbe381abf",
    "phy.py": "f18d9d7cf57a981c6e835a955eea0a0195e2efdf6aad675312566b61b0b66846",
    "la_planner.py": "ddb6028d2fd138b6b4517ecc5a73ea109915f1029081350a42a152343bb3d39d",
    "traffic.py": "3a4c341b240924110c82c296eec3b7bf67dfcf2d7d8e2043557462ae843cdf01",
    "transmission.py": "317e0ece855e33de44445a7c4ecb90cddbad5dbcc70dd9357435864f5887276e",
    "policy.py": "b668806d4604abe7f69683a4b78136dd4a811abe1597dadb640c22d4507af9f5",
    "ppo.py": "dc3157aed774fe410f729b142db5f914fd095ba824d0366d8f619c50b27fd298",
    "baselines.py": "c227fdc61c836969f1c8f7d7bf2cbccce0efd7e1a36b4940cc6b4dddd0e17e07",
    "metrics.py": "cba7a47dd1de4c5487bf5ee91925f3b0a869436430496044ad5bf9bada9a8809",
    "calibration/profile.py": "35e4c3ff438eaa29770b905229ad67d47fd4bd73acc298ac00e5708cc0a98d92"
  },
  "schedule": {
    "lr_final": 0.0,
    "lr_decay_updates": 2000
  },
  "schedule_origin": "override",
  "replay_origin": "override",
  "traffic_origin": "override",
  "target_updates": 2000,
  "smoke_slots": null,
  "purpose": "training",
  "execution": {
    "device": "cuda",
    "gpu": "5",
    "threads": 4
  },
  "runtime": {
    "python": "3.11.0rc1",
    "system": "Linux",
    "machine": "x86_64",
    "packages": {
      "numpy": "1.26.4",
      "torch": "2.7.1+cu118",
      "tensorflow": "2.15.0",
      "sionna": "1.2.1",
      "tensorboard": "2.15.1",
      "scipy": "1.17.0"
    },
    "torch_cuda": "11.8",
    "gpu_name": "NVIDIA GeForce RTX 4090"
  },
  "calibration_profile": {
    "path": "/home/MYH/ML_DRL_Scheduler/PaperMain/results/cqi4_hl_corrected_v2/summary.json",
    "file_sha256": "258e90406be65d7621d0938bb7755034b35c6d4f1485f4a28e7da2c506009110",
    "document_sha256": "0a8a6ff47855f24c33b8e348019ab30a4f73e05d7ef02e553eae18f5ee72e39e",
    "document": {
      "schema_version": 1,
      "protocol": "cqi4-feasible-v1",
      "status": "validated",
      "config": {
        "seed": 2024,
        "num_bs_ant": 32,
        "num_ue_ant": 1,
        "bs_ant_rows": 4,
        "bs_ant_cols": 4,
        "bs_polarization": "dual",
        "num_ue": 32,
        "n_active_min": 16,
        "n_active_max": 32,
        "ue_speed_min": 5.0,
        "ue_speed_max": 40.0,
        "num_rbg": 8,
        "num_rb_per_rbg": 8,
        "num_sc_per_rb": 12,
        "num_sym_per_rb": 14,
        "subcarrier_spacing": 30000.0,
        "carrier_frequency": 3500000000.0,
        "l_max": 4,
        "scenario": "umi",
        "o2i_model": "low",
        "enable_pathloss": true,
        "enable_shadow_fading": true,
        "indoor_probability": 0.0,
        "ue_speed_kmh": 3.0,
        "speed_ablation_kmh": [
          3.0,
          10.0,
          30.0,
          60.0
        ],
        "ue_speed_mix": [],
        "pmi_mode": "type2_sparse_56bit",
        "codebook_size": 256,
        "type2_O1": 4,
        "type2_O2": 4,
        "type2_L": 4,
        "type2_amp_bits": 3,
        "type2_phase_bits": 2,
        "p_csi": 0.6,
        "p_csi_ablation": [
          1.0,
          0.5,
          0.2,
          0.1
        ],
        "cqi_mode": "nr4bit",
        "p_arrival": 0.22,
        "p_arrival_min": 0.15,
        "p_arrival_max": 0.5,
        "p_arrival_ablation": [
          0.1,
          0.2,
          0.4
        ],
        "packet_size_min": 4000,
        "packet_size_max": 12000,
        "deadline_min": 3,
        "deadline_max": 12,
        "queue_size": 8,
        "eta_data": 1.0,
        "beta_rate": 1.0,
        "la_beta": 1.0,
        "la_beta_by_depth": [],
        "b_tx_epsilon": 1.0,
        "mu_aware_la": false,
        "la_mode": "post_rzf",
        "decode_order": "rbg_major",
        "p_total": 8.0,
        "target_snr_db": 10.0,
        "target_snr_ablation_db": [
          5.0,
          10.0,
          15.0
        ],
        "noise_mode": "calibration",
        "rzf_alpha_mode": "noise",
        "max_retx": 4,
        "lambda_s": 1.0,
        "lambda_c": 1.0,
        "lambda_m": 2.0,
        "eta_d": 1.0,
        "b_norm": 8000.0,
        "t_c": 100,
        "sus_ortho_threshold": 0.75,
        "pf_epsilon": 1.0,
        "cqi_norm_const": 8.0,
        "age_norm_max": 50.0,
        "ppo_gamma": 0.99,
        "ppo_gae_lambda": 0.95,
        "ppo_clip_eps": 0.2,
        "ppo_learning_rate": 0.0003,
        "ppo_value_coef": 0.25,
        "ppo_entropy_coef": 0.02,
        "ppo_max_grad_norm": 0.5,
        "ppo_epochs": 4,
        "ppo_minibatch_size": 256,
        "ppo_target_kl": 0.02,
        "ppo_critic_v2": true,
        "ppo_batched_replay": false,
        "ppo_force_full_rank": false,
        "ppo_no_user_scale": 1.0,
        "ppo_batch_verify_every": 25,
        "ppo_batch_verify_slots": 4,
        "ppo_batch_verify_tol": 0.001,
        "encoder_hidden": 128,
        "encoder_out_dim": 64,
        "score_net_hidden": [
          128,
          64
        ],
        "no_user_head_hidden": [
          128,
          64
        ],
        "value_head_hidden": [
          128,
          64
        ],
        "share_critic_encoder": true,
        "ppo_eval_every": 10,
        "ppo_eval_episodes": 3,
        "ppo_save_every": 1,
        "episode_len_main": 1000,
        "episode_len_debug": 200,
        "debug": false
      },
      "reference_config_sha256": "8bbcd8e83195713cf9baefe96af8d4e6ed4035481d791ef7ccd63f2f043be81c",
      "source_sha256": {
        "calibration/beta_m_calib_holdout.py": "f57ab3a07175f66504f9410e9cb560b298adbda0d22e431d36ebd61c81966987",
        "calibration/cqi4.py": "be2aaeeee46cca8bd72fdd335ad06e86f0614d418414365c0462e2796f85fc20",
        "calibration/profile.py": "35e4c3ff438eaa29770b905229ad67d47fd4bd73acc298ac00e5708cc0a98d92",
        "channel.py": "b308c63d369a181ba08788bc0f52f6f620c1ac3ff65ad210ae5367cd0d47e755",
        "codebook.py": "93234f7b2aae3d7f5b593deca8aa8c4aace3c0756e2a20abe577e1ffbe381abf",
        "config.py": "5ab93d0212e1a86449896252514ffd4ddb7666410117a720efc527bb7db47658",
        "csi.py": "e6084b6b514c1269e0a56c76637a07c2cffcf04cfa889683a38d23b10d71f356",
        "env.py": "e91c83165b2717c3c021433c67fb6531ae20e6f714b934b936b6ff95aff5015d",
        "la_planner.py": "ddb6028d2fd138b6b4517ecc5a73ea109915f1029081350a42a152343bb3d39d",
        "paper_calibration.py": "4fa79689189ca4fd5135cc6a0865e36a4f34faf8e48d83c44902d7893d85c88d",
        "phy.py": "f18d9d7cf57a981c6e835a955eea0a0195e2efdf6aad675312566b61b0b66846",
        "traffic.py": "49f1822387d29c4b8333cc73ea22f64af9fa153800651dcf7c14cb139e3fd4aa",
        "transmission.py": "317e0ece855e33de44445a7c4ecb90cddbad5dbcc70dd9357435864f5887276e"
      },
      "created_at": "2026-09-09T01:58:32.525402+00:00",
      "threads": 4,
      "sampling": {
        "every_slots": 7,
        "groups_per_depth_per_sample": 2,
        "law": "uniform_without_replacement_over_feedback_eligible_UEs",
        "traffic": "empty actions; all-new full-capacity reference groups",
        "insufficient_population": "skip draw without redrawing RBG",
        "membership": "frozen beta times every raw cap must pass runtime epsilon"
      },
      "target_coverage": {
        "target_first_ack": 0.9,
        "interpretation": "reference-group estimate; not a policy or BLER guarantee"
      },
      "calibration": {
        "start": 50000,
        "episodes": 36,
        "sampler_seed": 777,
        "slots": 1000,
        "membership": {
          "1": {
            "member_count": 10296,
            "below_epsilon_members": 0,
            "minimum_raw_cap": 204.6911999999998,
            "minimum_scaled_cap": 208.0071974399998,
            "epsilon": 1.0
          },
          "2": {
            "member_count": 20592,
            "below_epsilon_members": 0,
            "minimum_raw_cap": 24.751201510432686,
            "minimum_scaled_cap": 21.060797365227174,
            "epsilon": 1.0
          },
          "3": {
            "member_count": 30888,
            "below_epsilon_members": 0,
            "minimum_raw_cap": 9.693088419334057,
            "minimum_scaled_cap": 7.494695965829092,
            "epsilon": 1.0
          },
          "4": {
            "member_count": 41184,
            "below_epsilon_members": 0,
            "minimum_raw_cap": 5.406800226721885,
            "minimum_scaled_cap": 3.9361505650535324,
            "epsilon": 1.0
          }
        },
        "diagnostics": {
          "1": [
            {
              "draws": 286,
              "groups": 286,
              "members": 286,
              "skipped_insufficient": 0,
              "candidate_slots": 9152,
              "excluded_candidates": 900,
              "cqi_zero_candidates": 900,
              "real_zero_mi_members": 0
            },
            {
              "draws": 286,
              "groups": 286,
              "members": 286,
              "skipped_insufficient": 0,
              "candidate_slots": 9152,
              "excluded_candidates": 274,
              "cqi_zero_candidates": 274,
              "real_zero_mi_members": 0
            },
            {
              "draws": 286,
              "groups": 286,
              "members": 286,
              "skipped_insufficient": 0,
              "candidate_slots": 9152,
              "excluded_candidates": 366,
              "cqi_zero_candidates": 366,
              "real_zero_mi_members": 0
            },
            {
              "draws": 286,
              "groups": 286,
              "members": 286,
              "skipped_insufficient": 0,
              "candidate_slots": 9152,
              "excluded_candidates": 1,
              "cqi_zero_candidates": 1,
              "real_zero_mi_members": 0
            },
            {
              "draws": 286,
              "groups": 286,
              "members": 286,
              "skipped_insufficient": 0,
              "candidate_slots": 9152,
              "excluded_candidates": 849,
              "cqi_zero_candidates": 849,
              "real_zero_mi_members": 0
            },
            {
              "draws": 286,
              "groups": 286,
              "members": 286,
              "skipped_insufficient": 0,
              "candidate_slots": 9152,
              "excluded_candidates": 166,
              "cqi_zero_candidates": 166,
              "real_zero_mi_members": 0
            },
            {
              "draws": 286,
              "groups": 286,
              "members": 286,
              "skipped_insufficient": 0,
              "candidate_slots": 9152,
              "excluded_candidates": 214,
              "cqi_zero_candidates": 214,
              "real_zero_mi_members": 0
            },
            {
              "draws": 286,
              "groups": 286,
              "members": 286,
              "skipped_insufficient": 0,
              "candidate_slots": 9152,
              "excluded_candidates": 984,
              "cqi_zero_candidates": 984,
              "real_zero_mi_members": 0
            },
            {
              "draws": 286,
              "groups": 286,
              "members": 286,
              "skipped_insufficient": 0,
              "candidate_slots": 9152,
              "excluded_candidates": 46,
              "cqi_zero_candidates": 46,
              "real_zero_mi_members": 0
            },
            {
              "draws": 286,
              "groups": 286,
              "members": 286,
              "skipped_insufficient": 0,
              "candidate_slots": 9152,
              "excluded_candidates": 151,
              "cqi_zero_candidates": 151,
              "real_zero_mi_members": 0
            },
            {
              "draws": 286,
              "groups": 286,
              "members": 286,
              "skipped_insufficient": 0,
              "candidate_slots": 9152,
              "excluded_candidates": 447,
              "cqi_zero_candidates": 447,
              "real_zero_mi_members": 0
            },
            {
              "draws": 286,
              "groups": 286,
              "members": 286,
              "skipped_insufficient": 0,
              "candidate_slots": 9152,
              "excluded_candidates": 96,
              "cqi_zero_candidates": 96,
              "real_zero_mi_members": 0
            },
            {
              "draws": 286,
              "groups": 286,
              "members": 286,
              "skipped_insufficient": 0,
              "candidate_slots": 9152,
              "excluded_candidates": 844,
              "cqi_zero_candidates": 844,
              "real_zero_mi_members": 0
            },
            {
              "draws": 286,
              "groups": 286,
              "members": 286,
              "skipped_insufficient": 0,
              "candidate_slots": 9152,
              "excluded_candidates": 133,
              "cqi_zero_candidates": 133,
              "real_zero_mi_members": 0
            },
            {
              "draws": 286,
              "groups": 286,
              "members": 286,
              "skipped_insufficient": 0,
              "candidate_slots": 9152,
              "excluded_candidates": 8,
              "cqi_zero_candidates": 8,
              "real_zero_mi_members": 0
            },
            {
              "draws": 286,
              "groups": 286,
              "members": 286,
              "skipped_insufficient": 0,
              "candidate_slots": 9152,
              "excluded_candidates": 622,
              "cqi_zero_candidates": 622,
              "real_zero_mi_members": 0
            },
            {
              "draws": 286,
              "groups": 286,
              "members": 286,
              "skipped_insufficient": 0,
              "candidate_slots": 9152,
              "excluded_candidates": 276,
              "cqi_zero_candidates": 276,
              "real_zero_mi_members": 0
            },
            {
              "draws": 286,
              "groups": 286,
              "members": 286,
              "skipped_insufficient": 0,
              "candidate_slots": 9152,
              "excluded_candidates": 21,
              "cqi_zero_candidates": 21,
              "real_zero_mi_members": 0
            },
            {
              "draws": 286,
              "groups": 286,
              "members": 286,
              "skipped_insufficient": 0,
              "candidate_slots": 9152,
              "excluded_candidates": 77,
              "cqi_zero_candidates": 77,
              "real_zero_mi_members": 0
            },
            {
              "draws": 286,
              "groups": 286,
              "members": 286,
              "skipped_insufficient": 0,
              "candidate_slots": 9152,
              "excluded_candidates": 384,
              "cqi_zero_candidates": 384,
              "real_zero_mi_members": 0
            },
            {
              "draws": 286,
              "groups": 286,
              "members": 286,
              "skipped_insufficient": 0,
              "candidate_slots": 9152,
              "excluded_candidates": 187,
              "cqi_zero_candidates": 187,
              "real_zero_mi_members": 0
            },
            {
              "draws": 286,
              "groups": 286,
              "members": 286,
              "skipped_insufficient": 0,
              "candidate_slots": 9152,
              "excluded_candidates": 1037,
              "cqi_zero_candidates": 1037,
              "real_zero_mi_members": 0
            },
            {
              "draws": 286,
              "groups": 286,
              "members": 286,
              "skipped_insufficient": 0,
              "candidate_slots": 9152,
              "excluded_candidates": 249,
              "cqi_zero_candidates": 249,
              "real_zero_mi_members": 0
            },
            {
              "draws": 286,
              "groups": 286,
              "members": 286,
              "skipped_insufficient": 0,
              "candidate_slots": 9152,
              "excluded_candidates": 1298,
              "cqi_zero_candidates": 1298,
              "real_zero_mi_members": 0
            },
            {
              "draws": 286,
              "groups": 286,
              "members": 286,
              "skipped_insufficient": 0,
              "candidate_slots": 9152,
              "excluded_candidates": 775,
              "cqi_zero_candidates": 775,
              "real_zero_mi_members": 0
            },
            {
              "draws": 286,
              "groups": 286,
              "members": 286,
              "skipped_insufficient": 0,
              "candidate_slots": 9152,
              "excluded_candidates": 992,
              "cqi_zero_candidates": 992,
              "real_zero_mi_members": 0
            },
            {
              "draws": 286,
              "groups": 286,
              "members": 286,
              "skipped_insufficient": 0,
              "candidate_slots": 9152,
              "excluded_candidates": 815,
              "cqi_zero_candidates": 815,
              "real_zero_mi_members": 0
            },
            {
              "draws": 286,
              "groups": 286,
              "members": 286,
              "skipped_insufficient": 0,
              "candidate_slots": 9152,
              "excluded_candidates": 115,
              "cqi_zero_candidates": 115,
              "real_zero_mi_members": 0
            },
            {
              "draws": 286,
              "groups": 286,
              "members": 286,
              "skipped_insufficient": 0,
              "candidate_slots": 9152,
              "excluded_candidates": 530,
              "cqi_zero_candidates": 530,
              "real_zero_mi_members": 0
            },
            {
              "draws": 286,
              "groups": 286,
              "members": 286,
              "skipped_insufficient": 0,
              "candidate_slots": 9152,
              "excluded_candidates": 938,
              "cqi_zero_candidates": 938,
              "real_zero_mi_members": 0
            },
            {
              "draws": 286,
              "groups": 286,
              "members": 286,
              "skipped_insufficient": 0,
              "candidate_slots": 9152,
              "excluded_candidates": 60,
              "cqi_zero_candidates": 60,
              "real_zero_mi_members": 0
            },
            {
              "draws": 286,
              "groups": 286,
              "members": 286,
              "skipped_insufficient": 0,
              "candidate_slots": 9152,
              "excluded_candidates": 916,
              "cqi_zero_candidates": 916,
              "real_zero_mi_members": 0
            },
            {
              "draws": 286,
              "groups": 286,
              "members": 286,
              "skipped_insufficient": 0,
              "candidate_slots": 9152,
              "excluded_candidates": 309,
              "cqi_zero_candidates": 309,
              "real_zero_mi_members": 0
            },
            {
              "draws": 286,
              "groups": 286,
              "members": 286,
              "skipped_insufficient": 0,
              "candidate_slots": 9152,
              "excluded_candidates": 505,
              "cqi_zero_candidates": 505,
              "real_zero_mi_members": 0
            },
            {
              "draws": 286,
              "groups": 286,
              "members": 286,
              "skipped_insufficient": 0,
              "candidate_slots": 9152,
              "excluded_candidates": 235,
              "cqi_zero_candidates": 235,
              "real_zero_mi_members": 0
            },
            {
              "draws": 286,
              "groups": 286,
              "members": 286,
              "skipped_insufficient": 0,
              "candidate_slots": 9152,
              "excluded_candidates": 1294,
              "cqi_zero_candidates": 1294,
              "real_zero_mi_members": 0
            }
          ],
          "2": [
            {
              "draws": 286,
              "groups": 286,
              "members": 572,
              "skipped_insufficient": 0,
              "candidate_slots": 9152,
              "excluded_candidates": 927,
              "cqi_zero_candidates": 927,
              "real_zero_mi_members": 0
            },
            {
              "draws": 286,
              "groups": 286,
              "members": 572,
              "skipped_insufficient": 0,
              "candidate_slots": 9152,
              "excluded_candidates": 300,
              "cqi_zero_candidates": 300,
              "real_zero_mi_members": 0
            },
            {
              "draws": 286,
              "groups": 286,
              "members": 572,
              "skipped_insufficient": 0,
              "candidate_slots": 9152,
              "excluded_candidates": 375,
              "cqi_zero_candidates": 375,
              "real_zero_mi_members": 0
            },
            {
              "draws": 286,
              "groups": 286,
              "members": 572,
              "skipped_insufficient": 0,
              "candidate_slots": 9152,
              "excluded_candidates": 1,
              "cqi_zero_candidates": 1,
              "real_zero_mi_members": 0
            },
            {
              "draws": 286,
              "groups": 286,
              "members": 572,
              "skipped_insufficient": 0,
              "candidate_slots": 9152,
              "excluded_candidates": 867,
              "cqi_zero_candidates": 867,
              "real_zero_mi_members": 0
            },
            {
              "draws": 286,
              "groups": 286,
              "members": 572,
              "skipped_insufficient": 0,
              "candidate_slots": 9152,
              "excluded_candidates": 192,
              "cqi_zero_candidates": 192,
              "real_zero_mi_members": 0
            },
            {
              "draws": 286,
              "groups": 286,
              "members": 572,
              "skipped_insufficient": 0,
              "candidate_slots": 9152,
              "excluded_candidates": 216,
              "cqi_zero_candidates": 216,
              "real_zero_mi_members": 0
            },
            {
              "draws": 286,
              "groups": 286,
              "members": 572,
              "skipped_insufficient": 0,
              "candidate_slots": 9152,
              "excluded_candidates": 998,
              "cqi_zero_candidates": 998,
              "real_zero_mi_members": 0
            },
            {
              "draws": 286,
              "groups": 286,
              "members": 572,
              "skipped_insufficient": 0,
              "candidate_slots": 9152,
              "excluded_candidates": 47,
              "cqi_zero_candidates": 47,
              "real_zero_mi_members": 0
            },
            {
              "draws": 286,
              "groups": 286,
              "members": 572,
              "skipped_insufficient": 0,
              "candidate_slots": 9152,
              "excluded_candidates": 152,
              "cqi_zero_candidates": 152,
              "real_zero_mi_members": 0
            },
            {
              "draws": 286,
              "groups": 286,
              "members": 572,
              "skipped_insufficient": 0,
              "candidate_slots": 9152,
              "excluded_candidates": 449,
              "cqi_zero_candidates": 449,
              "real_zero_mi_members": 0
            },
            {
              "draws": 286,
              "groups": 286,
              "members": 572,
              "skipped_insufficient": 0,
              "candidate_slots": 9152,
              "excluded_candidates": 98,
              "cqi_zero_candidates": 98,
              "real_zero_mi_members": 0
            },
            {
              "draws": 286,
              "groups": 286,
              "members": 572,
              "skipped_insufficient": 0,
              "candidate_slots": 9152,
              "excluded_candidates": 811,
              "cqi_zero_candidates": 811,
              "real_zero_mi_members": 0
            },
            {
              "draws": 286,
              "groups": 286,
              "members": 572,
              "skipped_insufficient": 0,
              "candidate_slots": 9152,
              "excluded_candidates": 139,
              "cqi_zero_candidates": 139,
              "real_zero_mi_members": 0
            },
            {
              "draws": 286,
              "groups": 286,
              "members": 572,
              "skipped_insufficient": 0,
              "candidate_slots": 9152,
              "excluded_candidates": 3,
              "cqi_zero_candidates": 3,
              "real_zero_mi_members": 0
            },
            {
              "draws": 286,
              "groups": 286,
              "members": 572,
              "skipped_insufficient": 0,
              "candidate_slots": 9152,
              "excluded_candidates": 623,
              "cqi_zero_candidates": 623,
              "real_zero_mi_members": 0
            },
            {
              "draws": 286,
              "groups": 286,
              "members": 572,
              "skipped_insufficient": 0,
              "candidate_slots": 9152,
              "excluded_candidates": 273,
              "cqi_zero_candidates": 273,
              "real_zero_mi_members": 0
            },
            {
              "draws": 286,
              "groups": 286,
              "members": 572,
              "skipped_insufficient": 0,
              "candidate_slots": 9152,
              "excluded_candidates": 20,
              "cqi_zero_candidates": 20,
              "real_zero_mi_members": 0
            },
            {
              "draws": 286,
              "groups": 286,
              "members": 572,
              "skipped_insufficient": 0,
              "candidate_slots": 9152,
              "excluded_candidates": 72,
              "cqi_zero_candidates": 72,
              "real_zero_mi_members": 0
            },
            {
              "draws": 286,
              "groups": 286,
              "members": 572,
              "skipped_insufficient": 0,
              "candidate_slots": 9152,
              "excluded_candidates": 398,
              "cqi_zero_candidates": 398,
              "real_zero_mi_members": 0
            },
            {
              "draws": 286,
              "groups": 286,
              "members": 572,
              "skipped_insufficient": 0,
              "candidate_slots": 9152,
              "excluded_candidates": 198,
              "cqi_zero_candidates": 198,
              "real_zero_mi_members": 0
            },
            {
              "draws": 286,
              "groups": 286,
              "members": 572,
              "skipped_insufficient": 0,
              "candidate_slots": 9152,
              "excluded_candidates": 1046,
              "cqi_zero_candidates": 1046,
              "real_zero_mi_members": 0
            },
            {
              "draws": 286,
              "groups": 286,
              "members": 572,
              "skipped_insufficient": 0,
              "candidate_slots": 9152,
              "excluded_candidates": 257,
              "cqi_zero_candidates": 257,
              "real_zero_mi_members": 0
            },
            {
              "draws": 286,
              "groups": 286,
              "members": 572,
              "skipped_insufficient": 0,
              "candidate_slots": 9152,
              "excluded_candidates": 1284,
              "cqi_zero_candidates": 1284,
              "real_zero_mi_members": 0
            },
            {
              "draws": 286,
              "groups": 286,
              "members": 572,
              "skipped_insufficient": 0,
              "candidate_slots": 9152,
              "excluded_candidates": 789,
              "cqi_zero_candidates": 789,
              "real_zero_mi_members": 0
            },
            {
              "draws": 286,
              "groups": 286,
              "members": 572,
              "skipped_insufficient": 0,
              "candidate_slots": 9152,
              "excluded_candidates": 977,
              "cqi_zero_candidates": 977,
              "real_zero_mi_members": 0
            },
            {
              "draws": 286,
              "groups": 286,
              "members": 572,
              "skipped_insufficient": 0,
              "candidate_slots": 9152,
              "excluded_candidates": 803,
              "cqi_zero_candidates": 803,
              "real_zero_mi_members": 0
            },
            {
              "draws": 286,
              "groups": 286,
              "members": 572,
              "skipped_insufficient": 0,
              "candidate_slots": 9152,
              "excluded_candidates": 120,
              "cqi_zero_candidates": 120,
              "real_zero_mi_members": 0
            },
            {
              "draws": 286,
              "groups": 286,
              "members": 572,
              "skipped_insufficient": 0,
              "candidate_slots": 9152,
              "excluded_candidates": 540,
              "cqi_zero_candidates": 540,
              "real_zero_mi_members": 0
            },
            {
              "draws": 286,
              "groups": 286,
              "members": 572,
              "skipped_insufficient": 0,
              "candidate_slots": 9152,
              "excluded_candidates": 941,
              "cqi_zero_candidates": 941,
              "real_zero_mi_members": 0
            },
            {
              "draws": 286,
              "groups": 286,
              "members": 572,
              "skipped_insufficient": 0,
              "candidate_slots": 9152,
              "excluded_candidates": 77,
              "cqi_zero_candidates": 77,
              "real_zero_mi_members": 0
            },
            {
              "draws": 286,
              "groups": 286,
              "members": 572,
              "skipped_insufficient": 0,
              "candidate_slots": 9152,
              "excluded_candidates": 907,
              "cqi_zero_candidates": 907,
              "real_zero_mi_members": 0
            },
            {
              "draws": 286,
              "groups": 286,
              "members": 572,
              "skipped_insufficient": 0,
              "candidate_slots": 9152,
              "excluded_candidates": 307,
              "cqi_zero_candidates": 307,
              "real_zero_mi_members": 0
            },
            {
              "draws": 286,
              "groups": 286,
              "members": 572,
              "skipped_insufficient": 0,
              "candidate_slots": 9152,
              "excluded_candidates": 495,
              "cqi_zero_candidates": 495,
              "real_zero_mi_members": 0
            },
            {
              "draws": 286,
              "groups": 286,
              "members": 572,
              "skipped_insufficient": 0,
              "candidate_slots": 9152,
              "excluded_candidates": 208,
              "cqi_zero_candidates": 208,
              "real_zero_mi_members": 0
            },
            {
              "draws": 286,
              "groups": 286,
              "members": 572,
              "skipped_insufficient": 0,
              "candidate_slots": 9152,
              "excluded_candidates": 1310,
              "cqi_zero_candidates": 1310,
              "real_zero_mi_members": 0
            }
          ],
          "3": [
            {
              "draws": 286,
              "groups": 286,
              "members": 858,
              "skipped_insufficient": 0,
              "candidate_slots": 9152,
              "excluded_candidates": 912,
              "cqi_zero_candidates": 912,
              "real_zero_mi_members": 0
            },
            {
              "draws": 286,
              "groups": 286,
              "members": 858,
              "skipped_insufficient": 0,
              "candidate_slots": 9152,
              "excluded_candidates": 278,
              "cqi_zero_candidates": 278,
              "real_zero_mi_members": 0
            },
            {
              "draws": 286,
              "groups": 286,
              "members": 858,
              "skipped_insufficient": 0,
              "candidate_slots": 9152,
              "excluded_candidates": 372,
              "cqi_zero_candidates": 372,
              "real_zero_mi_members": 0
            },
            {
              "draws": 286,
              "groups": 286,
              "members": 858,
              "skipped_insufficient": 0,
              "candidate_slots": 9152,
              "excluded_candidates": 0,
              "cqi_zero_candidates": 0,
              "real_zero_mi_members": 0
            },
            {
              "draws": 286,
              "groups": 286,
              "members": 858,
              "skipped_insufficient": 0,
              "candidate_slots": 9152,
              "excluded_candidates": 859,
              "cqi_zero_candidates": 859,
              "real_zero_mi_members": 0
            },
            {
              "draws": 286,
              "groups": 286,
              "members": 858,
              "skipped_insufficient": 0,
              "candidate_slots": 9152,
              "excluded_candidates": 176,
              "cqi_zero_candidates": 176,
              "real_zero_mi_members": 0
            },
            {
              "draws": 286,
              "groups": 286,
              "members": 858,
              "skipped_insufficient": 0,
              "candidate_slots": 9152,
              "excluded_candidates": 216,
              "cqi_zero_candidates": 216,
              "real_zero_mi_members": 0
            },
            {
              "draws": 286,
              "groups": 286,
              "members": 858,
              "skipped_insufficient": 0,
              "candidate_slots": 9152,
              "excluded_candidates": 992,
              "cqi_zero_candidates": 992,
              "real_zero_mi_members": 0
            },
            {
              "draws": 286,
              "groups": 286,
              "members": 858,
              "skipped_insufficient": 0,
              "candidate_slots": 9152,
              "excluded_candidates": 39,
              "cqi_zero_candidates": 39,
              "real_zero_mi_members": 0
            },
            {
              "draws": 286,
              "groups": 286,
              "members": 858,
              "skipped_insufficient": 0,
              "candidate_slots": 9152,
              "excluded_candidates": 139,
              "cqi_zero_candidates": 139,
              "real_zero_mi_members": 0
            },
            {
              "draws": 286,
              "groups": 286,
              "members": 858,
              "skipped_insufficient": 0,
              "candidate_slots": 9152,
              "excluded_candidates": 435,
              "cqi_zero_candidates": 435,
              "real_zero_mi_members": 0
            },
            {
              "draws": 286,
              "groups": 286,
              "members": 858,
              "skipped_insufficient": 0,
              "candidate_slots": 9152,
              "excluded_candidates": 108,
              "cqi_zero_candidates": 108,
              "real_zero_mi_members": 0
            },
            {
              "draws": 286,
              "groups": 286,
              "members": 858,
              "skipped_insufficient": 0,
              "candidate_slots": 9152,
              "excluded_candidates": 825,
              "cqi_zero_candidates": 825,
              "real_zero_mi_members": 0
            },
            {
              "draws": 286,
              "groups": 286,
              "members": 858,
              "skipped_insufficient": 0,
              "candidate_slots": 9152,
              "excluded_candidates": 136,
              "cqi_zero_candidates": 136,
              "real_zero_mi_members": 0
            },
            {
              "draws": 286,
              "groups": 286,
              "members": 858,
              "skipped_insufficient": 0,
              "candidate_slots": 9152,
              "excluded_candidates": 8,
              "cqi_zero_candidates": 8,
              "real_zero_mi_members": 0
            },
            {
              "draws": 286,
              "groups": 286,
              "members": 858,
              "skipped_insufficient": 0,
              "candidate_slots": 9152,
              "excluded_candidates": 621,
              "cqi_zero_candidates": 621,
              "real_zero_mi_members": 0
            },
            {
              "draws": 286,
              "groups": 286,
              "members": 858,
              "skipped_insufficient": 0,
              "candidate_slots": 9152,
              "excluded_candidates": 273,
              "cqi_zero_candidates": 273,
              "real_zero_mi_members": 0
            },
            {
              "draws": 286,
              "groups": 286,
              "members": 858,
              "skipped_insufficient": 0,
              "candidate_slots": 9152,
              "excluded_candidates": 10,
              "cqi_zero_candidates": 10,
              "real_zero_mi_members": 0
            },
            {
              "draws": 286,
              "groups": 286,
              "members": 858,
              "skipped_insufficient": 0,
              "candidate_slots": 9152,
              "excluded_candidates": 73,
              "cqi_zero_candidates": 73,
              "real_zero_mi_members": 0
            },
            {
              "draws": 286,
              "groups": 286,
              "members": 858,
              "skipped_insufficient": 0,
              "candidate_slots": 9152,
              "excluded_candidates": 400,
              "cqi_zero_candidates": 400,
              "real_zero_mi_members": 0
            },
            {
              "draws": 286,
              "groups": 286,
              "members": 858,
              "skipped_insufficient": 0,
              "candidate_slots": 9152,
              "excluded_candidates": 179,
              "cqi_zero_candidates": 179,
              "real_zero_mi_members": 0
            },
            {
              "draws": 286,
              "groups": 286,
              "members": 858,
              "skipped_insufficient": 0,
              "candidate_slots": 9152,
              "excluded_candidates": 1040,
              "cqi_zero_candidates": 1040,
              "real_zero_mi_members": 0
            },
            {
              "draws": 286,
              "groups": 286,
              "members": 858,
              "skipped_insufficient": 0,
              "candidate_slots": 9152,
              "excluded_candidates": 268,
              "cqi_zero_candidates": 268,
              "real_zero_mi_members": 0
            },
            {
              "draws": 286,
              "groups": 286,
              "members": 858,
              "skipped_insufficient": 0,
              "candidate_slots": 9152,
              "excluded_candidates": 1297,
              "cqi_zero_candidates": 1297,
              "real_zero_mi_members": 0
            },
            {
              "draws": 286,
              "groups": 286,
              "members": 858,
              "skipped_insufficient": 0,
              "candidate_slots": 9152,
              "excluded_candidates": 797,
              "cqi_zero_candidates": 797,
              "real_zero_mi_members": 0
            },
            {
              "draws": 286,
              "groups": 286,
              "members": 858,
              "skipped_insufficient": 0,
              "candidate_slots": 9152,
              "excluded_candidates": 1000,
              "cqi_zero_candidates": 1000,
              "real_zero_mi_members": 0
            },
            {
              "draws": 286,
              "groups": 286,
              "members": 858,
              "skipped_insufficient": 0,
              "candidate_slots": 9152,
              "excluded_candidates": 810,
              "cqi_zero_candidates": 810,
              "real_zero_mi_members": 0
            },
            {
              "draws": 286,
              "groups": 286,
              "members": 858,
              "skipped_insufficient": 0,
              "candidate_slots": 9152,
              "excluded_candidates": 120,
              "cqi_zero_candidates": 120,
              "real_zero_mi_members": 0
            },
            {
              "draws": 286,
              "groups": 286,
              "members": 858,
              "skipped_insufficient": 0,
              "candidate_slots": 9152,
              "excluded_candidates": 538,
              "cqi_zero_candidates": 538,
              "real_zero_mi_members": 0
            },
            {
              "draws": 286,
              "groups": 286,
              "members": 858,
              "skipped_insufficient": 0,
              "candidate_slots": 9152,
              "excluded_candidates": 936,
              "cqi_zero_candidates": 936,
              "real_zero_mi_members": 0
            },
            {
              "draws": 286,
              "groups": 286,
              "members": 858,
              "skipped_insufficient": 0,
              "candidate_slots": 9152,
              "excluded_candidates": 81,
              "cqi_zero_candidates": 81,
              "real_zero_mi_members": 0
            },
            {
              "draws": 286,
              "groups": 286,
              "members": 858,
              "skipped_insufficient": 0,
              "candidate_slots": 9152,
              "excluded_candidates": 880,
              "cqi_zero_candidates": 880,
              "real_zero_mi_members": 0
            },
            {
              "draws": 286,
              "groups": 286,
              "members": 858,
              "skipped_insufficient": 0,
              "candidate_slots": 9152,
              "excluded_candidates": 317,
              "cqi_zero_candidates": 317,
              "real_zero_mi_members": 0
            },
            {
              "draws": 286,
              "groups": 286,
              "members": 858,
              "skipped_insufficient": 0,
              "candidate_slots": 9152,
              "excluded_candidates": 486,
              "cqi_zero_candidates": 486,
              "real_zero_mi_members": 0
            },
            {
              "draws": 286,
              "groups": 286,
              "members": 858,
              "skipped_insufficient": 0,
              "candidate_slots": 9152,
              "excluded_candidates": 215,
              "cqi_zero_candidates": 215,
              "real_zero_mi_members": 0
            },
            {
              "draws": 286,
              "groups": 286,
              "members": 858,
              "skipped_insufficient": 0,
              "candidate_slots": 9152,
              "excluded_candidates": 1276,
              "cqi_zero_candidates": 1276,
              "real_zero_mi_members": 0
            }
          ],
          "4": [
            {
              "draws": 286,
              "groups": 286,
              "members": 1144,
              "skipped_insufficient": 0,
              "candidate_slots": 9152,
              "excluded_candidates": 899,
              "cqi_zero_candidates": 899,
              "real_zero_mi_members": 0
            },
            {
              "draws": 286,
              "groups": 286,
              "members": 1144,
              "skipped_insufficient": 0,
              "candidate_slots": 9152,
              "excluded_candidates": 262,
              "cqi_zero_candidates": 262,
              "real_zero_mi_members": 0
            },
            {
              "draws": 286,
              "groups": 286,
              "members": 1144,
              "skipped_insufficient": 0,
              "candidate_slots": 9152,
              "excluded_candidates": 374,
              "cqi_zero_candidates": 374,
              "real_zero_mi_members": 0
            },
            {
              "draws": 286,
              "groups": 286,
              "members": 1144,
              "skipped_insufficient": 0,
              "candidate_slots": 9152,
              "excluded_candidates": 0,
              "cqi_zero_candidates": 0,
              "real_zero_mi_members": 0
            },
            {
              "draws": 286,
              "groups": 286,
              "members": 1144,
              "skipped_insufficient": 0,
              "candidate_slots": 9152,
              "excluded_candidates": 844,
              "cqi_zero_candidates": 844,
              "real_zero_mi_members": 0
            },
            {
              "draws": 286,
              "groups": 286,
              "members": 1144,
              "skipped_insufficient": 0,
              "candidate_slots": 9152,
              "excluded_candidates": 182,
              "cqi_zero_candidates": 182,
              "real_zero_mi_members": 0
            },
            {
              "draws": 286,
              "groups": 286,
              "members": 1144,
              "skipped_insufficient": 0,
              "candidate_slots": 9152,
              "excluded_candidates": 198,
              "cqi_zero_candidates": 198,
              "real_zero_mi_members": 0
            },
            {
              "draws": 286,
              "groups": 286,
              "members": 1144,
              "skipped_insufficient": 0,
              "candidate_slots": 9152,
              "excluded_candidates": 968,
              "cqi_zero_candidates": 968,
              "real_zero_mi_members": 0
            },
            {
              "draws": 286,
              "groups": 286,
              "members": 1144,
              "skipped_insufficient": 0,
              "candidate_slots": 9152,
              "excluded_candidates": 50,
              "cqi_zero_candidates": 50,
              "real_zero_mi_members": 0
            },
            {
              "draws": 286,
              "groups": 286,
              "members": 1144,
              "skipped_insufficient": 0,
              "candidate_slots": 9152,
              "excluded_candidates": 145,
              "cqi_zero_candidates": 145,
              "real_zero_mi_members": 0
            },
            {
              "draws": 286,
              "groups": 286,
              "members": 1144,
              "skipped_insufficient": 0,
              "candidate_slots": 9152,
              "excluded_candidates": 434,
              "cqi_zero_candidates": 434,
              "real_zero_mi_members": 0
            },
            {
              "draws": 286,
              "groups": 286,
              "members": 1144,
              "skipped_insufficient": 0,
              "candidate_slots": 9152,
              "excluded_candidates": 115,
              "cqi_zero_candidates": 115,
              "real_zero_mi_members": 0
            },
            {
              "draws": 286,
              "groups": 286,
              "members": 1144,
              "skipped_insufficient": 0,
              "candidate_slots": 9152,
              "excluded_candidates": 832,
              "cqi_zero_candidates": 832,
              "real_zero_mi_members": 0
            },
            {
              "draws": 286,
              "groups": 286,
              "members": 1144,
              "skipped_insufficient": 0,
              "candidate_slots": 9152,
              "excluded_candidates": 124,
              "cqi_zero_candidates": 124,
              "real_zero_mi_members": 0
            },
            {
              "draws": 286,
              "groups": 286,
              "members": 1144,
              "skipped_insufficient": 0,
              "candidate_slots": 9152,
              "excluded_candidates": 5,
              "cqi_zero_candidates": 5,
              "real_zero_mi_members": 0
            },
            {
              "draws": 286,
              "groups": 286,
              "members": 1144,
              "skipped_insufficient": 0,
              "candidate_slots": 9152,
              "excluded_candidates": 621,
              "cqi_zero_candidates": 621,
              "real_zero_mi_members": 0
            },
            {
              "draws": 286,
              "groups": 286,
              "members": 1144,
              "skipped_insufficient": 0,
              "candidate_slots": 9152,
              "excluded_candidates": 273,
              "cqi_zero_candidates": 273,
              "real_zero_mi_members": 0
            },
            {
              "draws": 286,
              "groups": 286,
              "members": 1144,
              "skipped_insufficient": 0,
              "candidate_slots": 9152,
              "excluded_candidates": 21,
              "cqi_zero_candidates": 21,
              "real_zero_mi_members": 0
            },
            {
              "draws": 286,
              "groups": 286,
              "members": 1144,
              "skipped_insufficient": 0,
              "candidate_slots": 9152,
              "excluded_candidates": 70,
              "cqi_zero_candidates": 70,
              "real_zero_mi_members": 0
            },
            {
              "draws": 286,
              "groups": 286,
              "members": 1144,
              "skipped_insufficient": 0,
              "candidate_slots": 9152,
              "excluded_candidates": 391,
              "cqi_zero_candidates": 391,
              "real_zero_mi_members": 0
            },
            {
              "draws": 286,
              "groups": 286,
              "members": 1144,
              "skipped_insufficient": 0,
              "candidate_slots": 9152,
              "excluded_candidates": 176,
              "cqi_zero_candidates": 176,
              "real_zero_mi_members": 0
            },
            {
              "draws": 286,
              "groups": 286,
              "members": 1144,
              "skipped_insufficient": 0,
              "candidate_slots": 9152,
              "excluded_candidates": 1038,
              "cqi_zero_candidates": 1038,
              "real_zero_mi_members": 0
            },
            {
              "draws": 286,
              "groups": 286,
              "members": 1144,
              "skipped_insufficient": 0,
              "candidate_slots": 9152,
              "excluded_candidates": 247,
              "cqi_zero_candidates": 247,
              "real_zero_mi_members": 0
            },
            {
              "draws": 286,
              "groups": 286,
              "members": 1144,
              "skipped_insufficient": 0,
              "candidate_slots": 9152,
              "excluded_candidates": 1311,
              "cqi_zero_candidates": 1311,
              "real_zero_mi_members": 0
            },
            {
              "draws": 286,
              "groups": 286,
              "members": 1144,
              "skipped_insufficient": 0,
              "candidate_slots": 9152,
              "excluded_candidates": 772,
              "cqi_zero_candidates": 772,
              "real_zero_mi_members": 0
            },
            {
              "draws": 286,
              "groups": 286,
              "members": 1144,
              "skipped_insufficient": 0,
              "candidate_slots": 9152,
              "excluded_candidates": 991,
              "cqi_zero_candidates": 991,
              "real_zero_mi_members": 0
            },
            {
              "draws": 286,
              "groups": 286,
              "members": 1144,
              "skipped_insufficient": 0,
              "candidate_slots": 9152,
              "excluded_candidates": 803,
              "cqi_zero_candidates": 803,
              "real_zero_mi_members": 0
            },
            {
              "draws": 286,
              "groups": 286,
              "members": 1144,
              "skipped_insufficient": 0,
              "candidate_slots": 9152,
              "excluded_candidates": 128,
              "cqi_zero_candidates": 128,
              "real_zero_mi_members": 0
            },
            {
              "draws": 286,
              "groups": 286,
              "members": 1144,
              "skipped_insufficient": 0,
              "candidate_slots": 9152,
              "excluded_candidates": 532,
              "cqi_zero_candidates": 532,
              "real_zero_mi_members": 0
            },
            {
              "draws": 286,
              "groups": 286,
              "members": 1144,
              "skipped_insufficient": 0,
              "candidate_slots": 9152,
              "excluded_candidates": 933,
              "cqi_zero_candidates": 933,
              "real_zero_mi_members": 0
            },
            {
              "draws": 286,
              "groups": 286,
              "members": 1144,
              "skipped_insufficient": 0,
              "candidate_slots": 9152,
              "excluded_candidates": 79,
              "cqi_zero_candidates": 79,
              "real_zero_mi_members": 0
            },
            {
              "draws": 286,
              "groups": 286,
              "members": 1144,
              "skipped_insufficient": 0,
              "candidate_slots": 9152,
              "excluded_candidates": 867,
              "cqi_zero_candidates": 867,
              "real_zero_mi_members": 0
            },
            {
              "draws": 286,
              "groups": 286,
              "members": 1144,
              "skipped_insufficient": 0,
              "candidate_slots": 9152,
              "excluded_candidates": 308,
              "cqi_zero_candidates": 308,
              "real_zero_mi_members": 0
            },
            {
              "draws": 286,
              "groups": 286,
              "members": 1144,
              "skipped_insufficient": 0,
              "candidate_slots": 9152,
              "excluded_candidates": 492,
              "cqi_zero_candidates": 492,
              "real_zero_mi_members": 0
            },
            {
              "draws": 286,
              "groups": 286,
              "members": 1144,
              "skipped_insufficient": 0,
              "candidate_slots": 9152,
              "excluded_candidates": 211,
              "cqi_zero_candidates": 211,
              "real_zero_mi_members": 0
            },
            {
              "draws": 286,
              "groups": 286,
              "members": 1144,
              "skipped_insufficient": 0,
              "candidate_slots": 9152,
              "excluded_candidates": 1277,
              "cqi_zero_candidates": 1277,
              "real_zero_mi_members": 0
            }
          ]
        }
      },
      "holdout": {
        "start": 70000,
        "episodes": 12,
        "sampler_seed": 20250713,
        "slots": 1000,
        "beta_rounded": [
          1.0162,
          0.8509,
          0.7732,
          0.728
        ],
        "membership": {
          "1": {
            "member_count": 3432,
            "below_epsilon_members": 0,
            "minimum_raw_cap": 204.69120000000018,
            "minimum_scaled_cap": 208.00719744000017,
            "epsilon": 1.0
          },
          "2": {
            "member_count": 6864,
            "below_epsilon_members": 0,
            "minimum_raw_cap": 24.83146334764119,
            "minimum_scaled_cap": 21.129092162507888,
            "epsilon": 1.0
          },
          "3": {
            "member_count": 10296,
            "below_epsilon_members": 0,
            "minimum_raw_cap": 15.130924034278772,
            "minimum_scaled_cap": 11.699230463304346,
            "epsilon": 1.0
          },
          "4": {
            "member_count": 13728,
            "below_epsilon_members": 0,
            "minimum_raw_cap": 8.418378779521934,
            "minimum_scaled_cap": 6.1285797514919675,
            "epsilon": 1.0
          }
        },
        "diagnostics": {
          "1": [
            {
              "draws": 286,
              "groups": 286,
              "members": 286,
              "skipped_insufficient": 0,
              "candidate_slots": 9152,
              "excluded_candidates": 1035,
              "cqi_zero_candidates": 1035,
              "real_zero_mi_members": 0
            },
            {
              "draws": 286,
              "groups": 286,
              "members": 286,
              "skipped_insufficient": 0,
              "candidate_slots": 9152,
              "excluded_candidates": 1726,
              "cqi_zero_candidates": 1726,
              "real_zero_mi_members": 0
            },
            {
              "draws": 286,
              "groups": 286,
              "members": 286,
              "skipped_insufficient": 0,
              "candidate_slots": 9152,
              "excluded_candidates": 889,
              "cqi_zero_candidates": 889,
              "real_zero_mi_members": 0
            },
            {
              "draws": 286,
              "groups": 286,
              "members": 286,
              "skipped_insufficient": 0,
              "candidate_slots": 9152,
              "excluded_candidates": 1585,
              "cqi_zero_candidates": 1585,
              "real_zero_mi_members": 0
            },
            {
              "draws": 286,
              "groups": 286,
              "members": 286,
              "skipped_insufficient": 0,
              "candidate_slots": 9152,
              "excluded_candidates": 34,
              "cqi_zero_candidates": 34,
              "real_zero_mi_members": 0
            },
            {
              "draws": 286,
              "groups": 286,
              "members": 286,
              "skipped_insufficient": 0,
              "candidate_slots": 9152,
              "excluded_candidates": 741,
              "cqi_zero_candidates": 741,
              "real_zero_mi_members": 0
            },
            {
              "draws": 286,
              "groups": 286,
              "members": 286,
              "skipped_insufficient": 0,
              "candidate_slots": 9152,
              "excluded_candidates": 415,
              "cqi_zero_candidates": 415,
              "real_zero_mi_members": 0
            },
            {
              "draws": 286,
              "groups": 286,
              "members": 286,
              "skipped_insufficient": 0,
              "candidate_slots": 9152,
              "excluded_candidates": 1581,
              "cqi_zero_candidates": 1581,
              "real_zero_mi_members": 0
            },
            {
              "draws": 286,
              "groups": 286,
              "members": 286,
              "skipped_insufficient": 0,
              "candidate_slots": 9152,
              "excluded_candidates": 1371,
              "cqi_zero_candidates": 1371,
              "real_zero_mi_members": 0
            },
            {
              "draws": 286,
              "groups": 286,
              "members": 286,
              "skipped_insufficient": 0,
              "candidate_slots": 9152,
              "excluded_candidates": 35,
              "cqi_zero_candidates": 35,
              "real_zero_mi_members": 0
            },
            {
              "draws": 286,
              "groups": 286,
              "members": 286,
              "skipped_insufficient": 0,
              "candidate_slots": 9152,
              "excluded_candidates": 145,
              "cqi_zero_candidates": 145,
              "real_zero_mi_members": 0
            },
            {
              "draws": 286,
              "groups": 286,
              "members": 286,
              "skipped_insufficient": 0,
              "candidate_slots": 9152,
              "excluded_candidates": 16,
              "cqi_zero_candidates": 16,
              "real_zero_mi_members": 0
            }
          ],
          "2": [
            {
              "draws": 286,
              "groups": 286,
              "members": 572,
              "skipped_insufficient": 0,
              "candidate_slots": 9152,
              "excluded_candidates": 1043,
              "cqi_zero_candidates": 1043,
              "real_zero_mi_members": 0
            },
            {
              "draws": 286,
              "groups": 286,
              "members": 572,
              "skipped_insufficient": 0,
              "candidate_slots": 9152,
              "excluded_candidates": 1707,
              "cqi_zero_candidates": 1707,
              "real_zero_mi_members": 0
            },
            {
              "draws": 286,
              "groups": 286,
              "members": 572,
              "skipped_insufficient": 0,
              "candidate_slots": 9152,
              "excluded_candidates": 888,
              "cqi_zero_candidates": 888,
              "real_zero_mi_members": 0
            },
            {
              "draws": 286,
              "groups": 286,
              "members": 572,
              "skipped_insufficient": 0,
              "candidate_slots": 9152,
              "excluded_candidates": 1569,
              "cqi_zero_candidates": 1569,
              "real_zero_mi_members": 0
            },
            {
              "draws": 286,
              "groups": 286,
              "members": 572,
              "skipped_insufficient": 0,
              "candidate_slots": 9152,
              "excluded_candidates": 26,
              "cqi_zero_candidates": 26,
              "real_zero_mi_members": 0
            },
            {
              "draws": 286,
              "groups": 286,
              "members": 572,
              "skipped_insufficient": 0,
              "candidate_slots": 9152,
              "excluded_candidates": 736,
              "cqi_zero_candidates": 736,
              "real_zero_mi_members": 0
            },
            {
              "draws": 286,
              "groups": 286,
              "members": 572,
              "skipped_insufficient": 0,
              "candidate_slots": 9152,
              "excluded_candidates": 419,
              "cqi_zero_candidates": 419,
              "real_zero_mi_members": 0
            },
            {
              "draws": 286,
              "groups": 286,
              "members": 572,
              "skipped_insufficient": 0,
              "candidate_slots": 9152,
              "excluded_candidates": 1573,
              "cqi_zero_candidates": 1573,
              "real_zero_mi_members": 0
            },
            {
              "draws": 286,
              "groups": 286,
              "members": 572,
              "skipped_insufficient": 0,
              "candidate_slots": 9152,
              "excluded_candidates": 1370,
              "cqi_zero_candidates": 1370,
              "real_zero_mi_members": 0
            },
            {
              "draws": 286,
              "groups": 286,
              "members": 572,
              "skipped_insufficient": 0,
              "candidate_slots": 9152,
              "excluded_candidates": 39,
              "cqi_zero_candidates": 39,
              "real_zero_mi_members": 0
            },
            {
              "draws": 286,
              "groups": 286,
              "members": 572,
              "skipped_insufficient": 0,
              "candidate_slots": 9152,
              "excluded_candidates": 142,
              "cqi_zero_candidates": 142,
              "real_zero_mi_members": 0
            },
            {
              "draws": 286,
              "groups": 286,
              "members": 572,
              "skipped_insufficient": 0,
              "candidate_slots": 9152,
              "excluded_candidates": 17,
              "cqi_zero_candidates": 17,
              "real_zero_mi_members": 0
            }
          ],
          "3": [
            {
              "draws": 286,
              "groups": 286,
              "members": 858,
              "skipped_insufficient": 0,
              "candidate_slots": 9152,
              "excluded_candidates": 1032,
              "cqi_zero_candidates": 1032,
              "real_zero_mi_members": 0
            },
            {
              "draws": 286,
              "groups": 286,
              "members": 858,
              "skipped_insufficient": 0,
              "candidate_slots": 9152,
              "excluded_candidates": 1732,
              "cqi_zero_candidates": 1732,
              "real_zero_mi_members": 0
            },
            {
              "draws": 286,
              "groups": 286,
              "members": 858,
              "skipped_insufficient": 0,
              "candidate_slots": 9152,
              "excluded_candidates": 882,
              "cqi_zero_candidates": 882,
              "real_zero_mi_members": 0
            },
            {
              "draws": 286,
              "groups": 286,
              "members": 858,
              "skipped_insufficient": 0,
              "candidate_slots": 9152,
              "excluded_candidates": 1580,
              "cqi_zero_candidates": 1580,
              "real_zero_mi_members": 0
            },
            {
              "draws": 286,
              "groups": 286,
              "members": 858,
              "skipped_insufficient": 0,
              "candidate_slots": 9152,
              "excluded_candidates": 31,
              "cqi_zero_candidates": 31,
              "real_zero_mi_members": 0
            },
            {
              "draws": 286,
              "groups": 286,
              "members": 858,
              "skipped_insufficient": 0,
              "candidate_slots": 9152,
              "excluded_candidates": 760,
              "cqi_zero_candidates": 760,
              "real_zero_mi_members": 0
            },
            {
              "draws": 286,
              "groups": 286,
              "members": 858,
              "skipped_insufficient": 0,
              "candidate_slots": 9152,
              "excluded_candidates": 413,
              "cqi_zero_candidates": 413,
              "real_zero_mi_members": 0
            },
            {
              "draws": 286,
              "groups": 286,
              "members": 858,
              "skipped_insufficient": 0,
              "candidate_slots": 9152,
              "excluded_candidates": 1591,
              "cqi_zero_candidates": 1591,
              "real_zero_mi_members": 0
            },
            {
              "draws": 286,
              "groups": 286,
              "members": 858,
              "skipped_insufficient": 0,
              "candidate_slots": 9152,
              "excluded_candidates": 1368,
              "cqi_zero_candidates": 1368,
              "real_zero_mi_members": 0
            },
            {
              "draws": 286,
              "groups": 286,
              "members": 858,
              "skipped_insufficient": 0,
              "candidate_slots": 9152,
              "excluded_candidates": 44,
              "cqi_zero_candidates": 44,
              "real_zero_mi_members": 0
            },
            {
              "draws": 286,
              "groups": 286,
              "members": 858,
              "skipped_insufficient": 0,
              "candidate_slots": 9152,
              "excluded_candidates": 141,
              "cqi_zero_candidates": 141,
              "real_zero_mi_members": 0
            },
            {
              "draws": 286,
              "groups": 286,
              "members": 858,
              "skipped_insufficient": 0,
              "candidate_slots": 9152,
              "excluded_candidates": 22,
              "cqi_zero_candidates": 22,
              "real_zero_mi_members": 0
            }
          ],
          "4": [
            {
              "draws": 286,
              "groups": 286,
              "members": 1144,
              "skipped_insufficient": 0,
              "candidate_slots": 9152,
              "excluded_candidates": 1031,
              "cqi_zero_candidates": 1031,
              "real_zero_mi_members": 0
            },
            {
              "draws": 286,
              "groups": 286,
              "members": 1144,
              "skipped_insufficient": 0,
              "candidate_slots": 9152,
              "excluded_candidates": 1719,
              "cqi_zero_candidates": 1719,
              "real_zero_mi_members": 0
            },
            {
              "draws": 286,
              "groups": 286,
              "members": 1144,
              "skipped_insufficient": 0,
              "candidate_slots": 9152,
              "excluded_candidates": 880,
              "cqi_zero_candidates": 880,
              "real_zero_mi_members": 0
            },
            {
              "draws": 286,
              "groups": 286,
              "members": 1144,
              "skipped_insufficient": 0,
              "candidate_slots": 9152,
              "excluded_candidates": 1587,
              "cqi_zero_candidates": 1587,
              "real_zero_mi_members": 0
            },
            {
              "draws": 286,
              "groups": 286,
              "members": 1144,
              "skipped_insufficient": 0,
              "candidate_slots": 9152,
              "excluded_candidates": 33,
              "cqi_zero_candidates": 33,
              "real_zero_mi_members": 0
            },
            {
              "draws": 286,
              "groups": 286,
              "members": 1144,
              "skipped_insufficient": 0,
              "candidate_slots": 9152,
              "excluded_candidates": 753,
              "cqi_zero_candidates": 753,
              "real_zero_mi_members": 0
            },
            {
              "draws": 286,
              "groups": 286,
              "members": 1144,
              "skipped_insufficient": 0,
              "candidate_slots": 9152,
              "excluded_candidates": 388,
              "cqi_zero_candidates": 388,
              "real_zero_mi_members": 0
            },
            {
              "draws": 286,
              "groups": 286,
              "members": 1144,
              "skipped_insufficient": 0,
              "candidate_slots": 9152,
              "excluded_candidates": 1598,
              "cqi_zero_candidates": 1598,
              "real_zero_mi_members": 0
            },
            {
              "draws": 286,
              "groups": 286,
              "members": 1144,
              "skipped_insufficient": 0,
              "candidate_slots": 9152,
              "excluded_candidates": 1356,
              "cqi_zero_candidates": 1356,
              "real_zero_mi_members": 0
            },
            {
              "draws": 286,
              "groups": 286,
              "members": 1144,
              "skipped_insufficient": 0,
              "candidate_slots": 9152,
              "excluded_candidates": 41,
              "cqi_zero_candidates": 41,
              "real_zero_mi_members": 0
            },
            {
              "draws": 286,
              "groups": 286,
              "members": 1144,
              "skipped_insufficient": 0,
              "candidate_slots": 9152,
              "excluded_candidates": 160,
              "cqi_zero_candidates": 160,
              "real_zero_mi_members": 0
            },
            {
              "draws": 286,
              "groups": 286,
              "members": 1144,
              "skipped_insufficient": 0,
              "candidate_slots": 9152,
              "excluded_candidates": 23,
              "cqi_zero_candidates": 23,
              "real_zero_mi_members": 0
            }
          ]
        },
        "by_depth": {
          "1": {
            "first_ack": 0.9000582750582751,
            "episode_cluster_ci95": [
              0.8892773892773893,
              0.909965034965035
            ],
            "member_count": 3432,
            "acks": 3089,
            "episode_member_counts": [
              286,
              286,
              286,
              286,
              286,
              286,
              286,
              286,
              286,
              286,
              286,
              286
            ],
            "episode_ack_counts": [
              263,
              251,
              253,
              256,
              262,
              265,
              261,
              260,
              260,
              252,
              258,
              248
            ],
            "zero_member_episodes": 0,
            "bootstrap_undefined_fraction": 0.0,
            "ack_tolerance_bits": 1e-06,
            "strict_ratio_first_ack": 0.9000582750582751
          },
          "2": {
            "first_ack": 0.9277389277389277,
            "episode_cluster_ci95": [
              0.9166666666666666,
              0.9392482517482518
            ],
            "member_count": 6864,
            "acks": 6368,
            "episode_member_counts": [
              572,
              572,
              572,
              572,
              572,
              572,
              572,
              572,
              572,
              572,
              572,
              572
            ],
            "episode_ack_counts": [
              539,
              551,
              540,
              526,
              542,
              523,
              522,
              542,
              525,
              524,
              509,
              525
            ],
            "zero_member_episodes": 0,
            "bootstrap_undefined_fraction": 0.0,
            "ack_tolerance_bits": 1e-06,
            "strict_ratio_first_ack": 0.9277389277389277
          },
          "3": {
            "first_ack": 0.932012432012432,
            "episode_cluster_ci95": [
              0.9221056721056721,
              0.9417249417249417
            ],
            "member_count": 10296,
            "acks": 9596,
            "episode_member_counts": [
              858,
              858,
              858,
              858,
              858,
              858,
              858,
              858,
              858,
              858,
              858,
              858
            ],
            "episode_ack_counts": [
              819,
              817,
              819,
              792,
              807,
              789,
              803,
              803,
              809,
              786,
              779,
              773
            ],
            "zero_member_episodes": 0,
            "bootstrap_undefined_fraction": 0.0,
            "ack_tolerance_bits": 1e-06,
            "strict_ratio_first_ack": 0.932012432012432
          },
          "4": {
            "first_ack": 0.93254662004662,
            "episode_cluster_ci95": [
              0.9208916083916084,
              0.9444201631701632
            ],
            "member_count": 13728,
            "acks": 12802,
            "episode_member_counts": [
              1144,
              1144,
              1144,
              1144,
              1144,
              1144,
              1144,
              1144,
              1144,
              1144,
              1144,
              1144
            ],
            "episode_ack_counts": [
              1096,
              1107,
              1087,
              1067,
              1076,
              1050,
              1076,
              1057,
              1081,
              1033,
              1031,
              1041
            ],
            "zero_member_episodes": 0,
            "bootstrap_undefined_fraction": 0.0,
            "ack_tolerance_bits": 1e-06,
            "strict_ratio_first_ack": 0.93254662004662
          }
        }
      },
      "beta_raw": [
        1.0162281097433123,
        0.850860841514678,
        0.773227004455956,
        0.7280035717320891
      ],
      "beta_rounded": [
        1.0162,
        0.8509,
        0.7732,
        0.728
      ],
      "membership_verified_calibration": true,
      "old_beta_on_same_holdout": {
        "1": {
          "beta": 1.0018,
          "first_ack": 0.9548368298368298
        },
        "2": {
          "beta": 0.7499,
          "first_ack": 0.9637237762237763
        },
        "3": {
          "beta": 0.6592,
          "first_ack": 0.9655205905205905
        },
        "4": {
          "beta": 0.6058,
          "first_ack": 0.965472027972028
        }
      },
      "membership_verified_holdout": true,
      "calibration_fit_sha256": "c9f5b00b41914f91b9ca12c6e151e358e8330f24f13883e9b68316f8771ea8dd",
      "samples_sha256": {
        "calibration_samples.npz": "6847401ef45003723d1345ce06cea9c68ee042379701323880a03aec0ae0f966",
        "holdout_samples.npz": "66a6031d34481b2e63300698be653f139f4b065d3b5b23cdb5c7277ba6770eab"
      },
      "completed_at": "2026-09-09T02:04:57.719919+00:00"
    }
  },
  "calibration_reference_root": "provenance/before_ftp3_sources",
  "calibration_application": "Bernoulli Base-calibrated beta transferred unchanged to mean-matched NARROW; no NARROW-specific holdout validation",
  "variant_provenance": {
    "schema_version": 1,
    "name": "narrow_mean",
    "source_sha256": {
      "paper_train_variants.py": "e9d08de6e9e4cbb2a19a37fa55eb5192d4c542572a1e8432308a4c8017665f2e"
    },
    "base_recipe_sha256": "8bbcd8e83195713cf9baefe96af8d4e6ed4035481d791ef7ccd63f2f043be81c",
    "derived_recipe_sha256": "92a1ad1ea73067053bc73734839b9751a67ac21ed5ab710979f867c47aca08cb",
    "changed_ranges": {
      "n_active_min": {
        "base": 16,
        "variant": 24
      },
      "n_active_max": {
        "base": 32,
        "variant": 24
      },
      "ue_speed_min": {
        "base": 5.0,
        "variant": 22.5
      },
      "ue_speed_max": {
        "base": 40.0,
        "variant": 22.5
      },
      "p_arrival_min": {
        "base": 0.15,
        "variant": 0.325
      },
      "p_arrival_max": {
        "base": 0.5,
        "variant": 0.325
      }
    }
  }
}
git: sha256:c1634  (clean py)
=== ML DRL Scheduler -- Config ===
  cell        : 1 BS (32 ant) x 32 UE (1 ant), DL
  resource    : 8 RBG x 4 layers = 32 positions
  RE per RBG  : 1344
  bandwidth   : RBG 2.88 MHz, total 23.04 MHz
  slot        : 0.500 ms
  channel     : TR38.901 UMI, UE speed 3.0 km/h
  codebook    : type2_sparse_56bit, L=4, atoms=512, payload=56 bit/(UE,RBG)
  feedback    : p_csi=0.6, cqi=nr4bit
  traffic     : bernoulli, p_arrival=0.22, size U[4000,12000] bits, deadline U[3,12] slots
  power/noise : P_total=8.0, P_r=1.0, target SNR 10.0 dB (calibration)
  retx        : max_retx=4 (5 attempts total)
  reward      : lambda_s/c/m=1.0/1.0/2.0, eta_D=1.0, B_norm=8000.0
  episode     : 1000 slots

run_dir: /home/MYH/ML_DRL_Scheduler/PaperMain/runs/22_narrow_mean_hl_cqi4_bernoulli_lr2000_s2024_20260911_gpu5
num_updates: 2000
device: cuda
actor-critic params: 98,755

lr anneal: 0.0003 -> 0.0 over 2000 updates from global update 0 (linear, resume-safe)
    [batch-verify] update 0: 4 slots, max scaled |diff| 1.53e-05 OK
[   0/2000] rew= 2514.1  thr=74.53Mbps  comp=0.537  drop=0.000  SINR= 16.4dB  KL= 0.0055  ent=2.684  clip=0.071  ev=-0.00  t=69s
[   5/2000] rew= 2087.7  thr=72.73Mbps  comp=0.524  drop=0.000  SINR=  9.1dB  KL= 0.0007  ent=2.651  clip=0.001  ev=+0.00  t=369s
  --- eval at update 9 ---
    PPO           reward  5492.31  thrpt  82.43Mbps  comp 0.645  totfail 0.352  depth 4.00  eval_s=132.5
    SUS+CQI       reward  5885.13  thrpt  85.42Mbps  comp 0.653  totfail 0.344  depth 3.93  eval_s=11.6
    SUS+Deadline-PF  reward  4889.99  thrpt  82.34Mbps  comp 0.616  totfail 0.381  depth 3.98  eval_s=12.5
    SUS+PF        reward  4811.95  thrpt  82.44Mbps  comp 0.614  totfail 0.382  depth 3.97  eval_s=11.8
    SUS+Random    reward  4071.49  thrpt  79.85Mbps  comp 0.588  totfail 0.408  depth 3.99  eval_s=13.1
    SUS+MW        reward  5703.78  thrpt  85.53Mbps  comp 0.644  totfail 0.353  depth 3.95  eval_s=12.3
    SUS+EDF       reward  1798.08  thrpt  69.08Mbps  comp 0.494  totfail 0.500  depth 4.00  eval_s=12.9
    SU+CQI        reward  2739.44  thrpt  71.95Mbps  comp 0.560  totfail 0.437  depth 1.00  eval_s=7.9
    SU+Deadline-PF  reward   -64.87  thrpt  60.17Mbps  comp 0.447  totfail 0.548  depth 1.00  eval_s=8.2
    SU+PF         reward  -301.01  thrpt  62.33Mbps  comp 0.451  totfail 0.545  depth 1.00  eval_s=8.1
    SU+Random     reward -2714.19  thrpt  55.03Mbps  comp 0.366  totfail 0.629  depth 1.00  eval_s=8.4
    SU+MW         reward  2085.83  thrpt  70.19Mbps  comp 0.530  totfail 0.466  depth 1.00  eval_s=8.5
    SU+EDF        reward -7239.04  thrpt  32.75Mbps  comp 0.221  totfail 0.772  depth 1.00  eval_s=8.9
  [eval-time] update 9: 256.8s total
  >>> new best eval reward 5492.31, saved best.pt
[  10/2000] rew= 4312.3  thr=81.48Mbps  comp=0.594  drop=0.001  SINR= 10.2dB  KL= 0.0045  ent=2.465  clip=0.058  ev=-0.00  t=928s
[  15/2000] rew= 1588.1  thr=71.73Mbps  comp=0.508  drop=0.000  SINR=  8.3dB  KL= 0.0047  ent=2.530  clip=0.047  ev=-0.03  t=1226s
  --- eval at update 19 ---
    PPO           reward  5759.98  thrpt  84.06Mbps  comp 0.652  totfail 0.345  depth 4.00  eval_s=112.3
  [eval-time] update 19: 112.3s total
  >>> new best eval reward 5759.98, saved best.pt
[  20/2000] rew= 4544.9  thr=79.71Mbps  comp=0.614  drop=0.001  SINR=  7.7dB  KL= 0.0017  ent=1.921  clip=0.012  ev=-0.11  t=1628s
    [kl-stop] update 21: minibatch KL 0.0315 > 0.0300 (epoch 2/4) -- actor frozen, value-only for remaining passes
    [kl-stop] update 22: minibatch KL 0.0407 > 0.0300 (epoch 1/4) -- actor frozen, value-only for remaining passes
    [batch-verify] update 25: 4 slots, max scaled |diff| 7.63e-06 OK
    [kl-stop] update 25: minibatch KL 0.0348 > 0.0300 (epoch 2/4) -- actor frozen, value-only for remaining passes
[  25/2000] rew= 4496.2  thr=82.98Mbps  comp=0.597  drop=0.001  SINR=  8.8dB  KL= 0.0306  ent=2.457  clip=0.389  ev=-0.21  t=1920s
    [kl-stop] update 29: minibatch KL 0.0309 > 0.0300 (epoch 4/4) -- actor frozen, value-only for remaining passes
  --- eval at update 29 ---
    PPO           reward  5726.73  thrpt  84.07Mbps  comp 0.650  totfail 0.347  depth 4.00  eval_s=112.5
  [eval-time] update 29: 112.5s total
[  30/2000] rew= 4256.1  thr=81.60Mbps  comp=0.590  drop=0.000  SINR= 14.8dB  KL= 0.0039  ent=2.456  clip=0.050  ev=-0.09  t=2333s
    [kl-stop] update 34: minibatch KL 0.0304 > 0.0300 (epoch 4/4) -- actor frozen, value-only for remaining passes
    [kl-stop] update 35: minibatch KL 0.0500 > 0.0300 (epoch 1/4) -- actor frozen, value-only for remaining passes
[  35/2000] rew= 5845.4  thr=86.78Mbps  comp=0.643  drop=0.000  SINR= 11.3dB  KL= 0.0383  ent=2.347  clip=0.413  ev=-0.30  t=2625s
  --- eval at update 39 ---
    PPO           reward  5679.81  thrpt  83.90Mbps  comp 0.649  totfail 0.348  depth 4.00  eval_s=112.3
  [eval-time] update 39: 112.3s total
[  40/2000] rew= 2491.4  thr=74.69Mbps  comp=0.537  drop=0.000  SINR= 12.5dB  KL= 0.0091  ent=2.510  clip=0.132  ev=-0.07  t=3033s
[  45/2000] rew= 6039.3  thr=87.45Mbps  comp=0.649  drop=0.000  SINR= 14.1dB  KL= 0.0032  ent=2.424  clip=0.038  ev=-0.14  t=3328s
  --- eval at update 49 ---
    PPO           reward  5679.04  thrpt  83.87Mbps  comp 0.649  totfail 0.348  depth 4.00  eval_s=110.4
  [eval-time] update 49: 110.4s total
    [batch-verify] update 50: 4 slots, max scaled |diff| 7.63e-06 OK
[  50/2000] rew= 4290.6  thr=80.70Mbps  comp=0.591  drop=0.000  SINR= 12.2dB  KL= 0.0093  ent=2.432  clip=0.140  ev=-0.05  t=3731s
    [kl-stop] update 52: minibatch KL 0.0325 > 0.0300 (epoch 2/4) -- actor frozen, value-only for remaining passes
[  55/2000] rew= 1863.2  thr=68.27Mbps  comp=0.534  drop=0.002  SINR=  9.2dB  KL= 0.0070  ent=1.686  clip=0.089  ev=-0.03  t=4027s
  --- eval at update 59 ---
    PPO           reward  5681.57  thrpt  83.94Mbps  comp 0.649  totfail 0.348  depth 4.00  eval_s=111.5
  [eval-time] update 59: 111.5s total
    [kl-stop] update 60: minibatch KL 0.0337 > 0.0300 (epoch 4/4) -- actor frozen, value-only for remaining passes
[  60/2000] rew= 2232.6  thr=71.28Mbps  comp=0.541  drop=0.001  SINR=  7.0dB  KL= 0.0112  ent=1.786  clip=0.148  ev=-0.06  t=4437s
[  65/2000] rew= 3286.4  thr=76.37Mbps  comp=0.568  drop=0.000  SINR=  9.5dB  KL= 0.0101  ent=2.377  clip=0.157  ev=+0.05  t=4742s
    [kl-stop] update 66: minibatch KL 0.0325 > 0.0300 (epoch 3/4) -- actor frozen, value-only for remaining passes
  --- eval at update 69 ---
    PPO           reward  5643.89  thrpt  83.85Mbps  comp 0.647  totfail 0.350  depth 4.00  eval_s=107.4
  [eval-time] update 69: 107.4s total
[  70/2000] rew= 2440.7  thr=72.70Mbps  comp=0.538  drop=0.000  SINR=  8.9dB  KL= 0.0065  ent=2.328  clip=0.083  ev=-0.05  t=5141s
    [kl-stop] update 72: minibatch KL 0.0305 > 0.0300 (epoch 2/4) -- actor frozen, value-only for remaining passes
    [batch-verify] update 75: 4 slots, max scaled |diff| 1.53e-05 OK
    [kl-stop] update 75: minibatch KL 0.0388 > 0.0300 (epoch 3/4) -- actor frozen, value-only for remaining passes
[  75/2000] rew= 5765.2  thr=87.20Mbps  comp=0.639  drop=0.000  SINR= 11.2dB  KL= 0.0177  ent=2.277  clip=0.236  ev=+0.01  t=5437s
    [kl-stop] update 77: minibatch KL 0.0322 > 0.0300 (epoch 4/4) -- actor frozen, value-only for remaining passes
  --- eval at update 79 ---
    PPO           reward  5655.69  thrpt  83.78Mbps  comp 0.648  totfail 0.349  depth 4.00  eval_s=110.8
  [eval-time] update 79: 110.8s total
[  80/2000] rew= 3290.7  thr=78.41Mbps  comp=0.559  drop=0.000  SINR= 14.2dB  KL= 0.0100  ent=2.351  clip=0.150  ev=+0.05  t=5845s
    [kl-stop] update 82: minibatch KL 0.0390 > 0.0300 (epoch 2/4) -- actor frozen, value-only for remaining passes
    [kl-stop] update 83: minibatch KL 0.0328 > 0.0300 (epoch 2/4) -- actor frozen, value-only for remaining passes
[  85/2000] rew= 4660.7  thr=81.49Mbps  comp=0.614  drop=0.001  SINR= 10.9dB  KL= 0.0107  ent=1.863  clip=0.157  ev=+0.07  t=6146s
    [kl-stop] update 87: minibatch KL 0.0326 > 0.0300 (epoch 3/4) -- actor frozen, value-only for remaining passes
    [kl-stop] update 88: minibatch KL 0.0355 > 0.0300 (epoch 4/4) -- actor frozen, value-only for remaining passes
  --- eval at update 89 ---
    PPO           reward  5620.52  thrpt  83.69Mbps  comp 0.647  totfail 0.350  depth 4.00  eval_s=113.0
  [eval-time] update 89: 113.0s total
[  90/2000] rew= 2978.5  thr=75.13Mbps  comp=0.558  drop=0.000  SINR= 12.4dB  KL= 0.0096  ent=2.149  clip=0.150  ev=+0.06  t=6559s
[  95/2000] rew= 5050.0  thr=83.99Mbps  comp=0.619  drop=0.000  SINR=  8.2dB  KL= 0.0093  ent=2.255  clip=0.141  ev=-0.04  t=6857s
    [kl-stop] update 99: minibatch KL 0.0308 > 0.0300 (epoch 2/4) -- actor frozen, value-only for remaining passes
  --- eval at update 99 ---
    PPO           reward  5635.03  thrpt  83.73Mbps  comp 0.647  totfail 0.349  depth 4.00  eval_s=111.5
  [eval-time] update 99: 111.5s total
    [batch-verify] update 100: 4 slots, max scaled |diff| 7.63e-06 OK
[ 100/2000] rew= 4218.1  thr=81.41Mbps  comp=0.590  drop=0.000  SINR=  9.5dB  KL= 0.0056  ent=2.307  clip=0.072  ev=-0.03  t=7263s
    [kl-stop] update 105: minibatch KL 0.0410 > 0.0300 (epoch 2/4) -- actor frozen, value-only for remaining passes
[ 105/2000] rew= 7145.8  thr=91.36Mbps  comp=0.685  drop=0.000  SINR= 12.6dB  KL= 0.0259  ent=2.135  clip=0.322  ev=+0.02  t=7559s
  --- eval at update 109 ---
    PPO           reward  5640.83  thrpt  83.58Mbps  comp 0.648  totfail 0.349  depth 4.00  eval_s=112.8
  [eval-time] update 109: 112.8s total
    [kl-stop] update 110: minibatch KL 0.0309 > 0.0300 (epoch 2/4) -- actor frozen, value-only for remaining passes
[ 110/2000] rew= 5559.7  thr=83.31Mbps  comp=0.644  drop=0.000  SINR= 10.9dB  KL= 0.0238  ent=1.842  clip=0.297  ev=+0.07  t=7978s
    [kl-stop] update 111: minibatch KL 0.0368 > 0.0300 (epoch 4/4) -- actor frozen, value-only for remaining passes
    [kl-stop] update 112: minibatch KL 0.0358 > 0.0300 (epoch 4/4) -- actor frozen, value-only for remaining passes
[ 115/2000] rew= 2276.6  thr=74.02Mbps  comp=0.531  drop=0.000  SINR= 11.0dB  KL= 0.0095  ent=2.210  clip=0.128  ev=+0.13  t=8277s
  --- eval at update 119 ---
    PPO           reward  5626.69  thrpt  83.57Mbps  comp 0.648  totfail 0.349  depth 4.00  eval_s=114.2
  [eval-time] update 119: 114.2s total
[ 120/2000] rew= 5194.3  thr=83.62Mbps  comp=0.625  drop=0.000  SINR= 10.6dB  KL= 0.0138  ent=2.085  clip=0.199  ev=+0.06  t=8692s
    [kl-stop] update 122: minibatch KL 0.0314 > 0.0300 (epoch 3/4) -- actor frozen, value-only for remaining passes
    [kl-stop] update 124: minibatch KL 0.0309 > 0.0300 (epoch 3/4) -- actor frozen, value-only for remaining passes
    [batch-verify] update 125: 4 slots, max scaled |diff| 7.63e-06 OK
    [kl-stop] update 125: minibatch KL 0.0322 > 0.0300 (epoch 3/4) -- actor frozen, value-only for remaining passes
[ 125/2000] rew= 4115.2  thr=80.01Mbps  comp=0.592  drop=0.000  SINR=  7.9dB  KL= 0.0181  ent=1.962  clip=0.263  ev=+0.11  t=8992s
  --- eval at update 129 ---
    PPO           reward  5611.60  thrpt  83.50Mbps  comp 0.647  totfail 0.350  depth 4.00  eval_s=110.5
  [eval-time] update 129: 110.5s total
    [kl-stop] update 130: minibatch KL 0.0360 > 0.0300 (epoch 3/4) -- actor frozen, value-only for remaining passes
[ 130/2000] rew= 2028.1  thr=73.55Mbps  comp=0.518  drop=0.000  SINR=  6.1dB  KL= 0.0214  ent=2.380  clip=0.278  ev=+0.04  t=9394s
    [kl-stop] update 131: minibatch KL 0.0393 > 0.0300 (epoch 2/4) -- actor frozen, value-only for remaining passes
    [kl-stop] update 134: minibatch KL 0.0338 > 0.0300 (epoch 2/4) -- actor frozen, value-only for remaining passes
[ 135/2000] rew= 3787.1  thr=76.46Mbps  comp=0.590  drop=0.001  SINR= 13.6dB  KL= 0.0097  ent=1.982  clip=0.139  ev=+0.07  t=9693s
    [kl-stop] update 137: minibatch KL 0.0385 > 0.0300 (epoch 3/4) -- actor frozen, value-only for remaining passes
  --- eval at update 139 ---
    PPO           reward  5614.08  thrpt  83.39Mbps  comp 0.647  totfail 0.350  depth 4.00  eval_s=113.7
  [eval-time] update 139: 113.7s total
[ 140/2000] rew= 4599.3  thr=81.87Mbps  comp=0.604  drop=0.000  SINR= 11.3dB  KL= 0.0125  ent=2.282  clip=0.192  ev=+0.13  t=10118s
[ 145/2000] rew= 3812.0  thr=78.64Mbps  comp=0.583  drop=0.001  SINR=  9.2dB  KL= 0.0087  ent=2.181  clip=0.119  ev=+0.20  t=10416s
    [kl-stop] update 148: minibatch KL 0.0319 > 0.0300 (epoch 2/4) -- actor frozen, value-only for remaining passes
  --- eval at update 149 ---
    PPO           reward  5663.83  thrpt  83.55Mbps  comp 0.649  totfail 0.348  depth 4.00  eval_s=112.5
  [eval-time] update 149: 112.5s total
    [batch-verify] update 150: 4 slots, max scaled |diff| 1.14e-05 OK
    [kl-stop] update 150: minibatch KL 0.0304 > 0.0300 (epoch 2/4) -- actor frozen, value-only for remaining passes
[ 150/2000] rew= 5330.2  thr=82.51Mbps  comp=0.637  drop=0.000  SINR=  8.6dB  KL= 0.0243  ent=1.973  clip=0.324  ev=+0.13  t=10827s
[ 155/2000] rew= 3911.9  thr=78.64Mbps  comp=0.585  drop=0.000  SINR=  5.3dB  KL= 0.0091  ent=2.062  clip=0.131  ev=+0.09  t=11120s
  --- eval at update 159 ---
    PPO           reward  5658.54  thrpt  83.55Mbps  comp 0.648  totfail 0.348  depth 4.00  eval_s=109.9
  [eval-time] update 159: 109.9s total
[ 160/2000] rew= 4895.9  thr=82.70Mbps  comp=0.616  drop=0.000  SINR= 10.9dB  KL= 0.0151  ent=2.182  clip=0.228  ev=+0.07  t=11519s
    [kl-stop] update 161: minibatch KL 0.0302 > 0.0300 (epoch 2/4) -- actor frozen, value-only for remaining passes
    [kl-stop] update 164: minibatch KL 0.0349 > 0.0300 (epoch 3/4) -- actor frozen, value-only for remaining passes
[ 165/2000] rew= 1885.7  thr=70.39Mbps  comp=0.526  drop=0.000  SINR=  4.7dB  KL= 0.0093  ent=2.208  clip=0.131  ev=+0.10  t=11810s
    [kl-stop] update 167: minibatch KL 0.0301 > 0.0300 (epoch 3/4) -- actor frozen, value-only for remaining passes
  --- eval at update 169 ---
    PPO           reward  5683.47  thrpt  83.45Mbps  comp 0.650  totfail 0.347  depth 4.00  eval_s=109.6
  [eval-time] update 169: 109.6s total
    [kl-stop] update 170: minibatch KL 0.0389 > 0.0300 (epoch 4/4) -- actor frozen, value-only for remaining passes
[ 170/2000] rew= 5965.7  thr=85.14Mbps  comp=0.657  drop=0.000  SINR= 15.4dB  KL= 0.0145  ent=1.938  clip=0.185  ev=+0.08  t=12211s
    [batch-verify] update 175: 4 slots, max scaled |diff| 1.53e-05 OK
[ 175/2000] rew= 4738.9  thr=81.34Mbps  comp=0.615  drop=0.000  SINR=  9.5dB  KL= 0.0079  ent=2.136  clip=0.117  ev=+0.10  t=12502s
    [kl-stop] update 176: minibatch KL 0.0330 > 0.0300 (epoch 3/4) -- actor frozen, value-only for remaining passes
    [kl-stop] update 179: minibatch KL 0.0331 > 0.0300 (epoch 3/4) -- actor frozen, value-only for remaining passes
  --- eval at update 179 ---
    PPO           reward  5686.75  thrpt  83.56Mbps  comp 0.650  totfail 0.347  depth 4.00  eval_s=105.9
  [eval-time] update 179: 105.9s total
    [kl-stop] update 180: minibatch KL 0.0307 > 0.0300 (epoch 3/4) -- actor frozen, value-only for remaining passes
[ 180/2000] rew= 6285.8  thr=87.07Mbps  comp=0.659  drop=0.000  SINR=  7.2dB  KL= 0.0164  ent=2.141  clip=0.223  ev=+0.09  t=12891s
    [kl-stop] update 182: minibatch KL 0.0305 > 0.0300 (epoch 3/4) -- actor frozen, value-only for remaining passes
    [kl-stop] update 184: minibatch KL 0.0342 > 0.0300 (epoch 3/4) -- actor frozen, value-only for remaining passes
    [kl-stop] update 185: minibatch KL 0.0318 > 0.0300 (epoch 2/4) -- actor frozen, value-only for remaining passes
[ 185/2000] rew= 1620.4  thr=70.13Mbps  comp=0.515  drop=0.000  SINR=  8.4dB  KL= 0.0207  ent=2.235  clip=0.276  ev=+0.18  t=13181s
    [kl-stop] update 186: minibatch KL 0.0320 > 0.0300 (epoch 4/4) -- actor frozen, value-only for remaining passes
  --- eval at update 189 ---
    PPO           reward  5738.66  thrpt  83.67Mbps  comp 0.652  totfail 0.345  depth 4.00  eval_s=109.0
  [eval-time] update 189: 109.0s total
[ 190/2000] rew= 3813.3  thr=79.32Mbps  comp=0.582  drop=0.000  SINR= 11.4dB  KL= 0.0090  ent=2.109  clip=0.130  ev=+0.07  t=13580s
    [kl-stop] update 191: minibatch KL 0.0307 > 0.0300 (epoch 2/4) -- actor frozen, value-only for remaining passes
[ 195/2000] rew= 5364.4  thr=84.75Mbps  comp=0.629  drop=0.000  SINR=  8.2dB  KL= 0.0093  ent=2.209  clip=0.143  ev=+0.18  t=13873s
  --- eval at update 199 ---
    PPO           reward  5727.72  thrpt  83.70Mbps  comp 0.651  totfail 0.346  depth 4.00  eval_s=106.0
  [eval-time] update 199: 106.0s total
    [batch-verify] update 200: 4 slots, max scaled |diff| 7.63e-06 OK
[ 200/2000] rew= 3659.2  thr=78.59Mbps  comp=0.579  drop=0.000  SINR= 10.4dB  KL= 0.0078  ent=1.843  clip=0.117  ev=+0.08  t=14264s
    [kl-stop] update 202: minibatch KL 0.0339 > 0.0300 (epoch 3/4) -- actor frozen, value-only for remaining passes
[ 205/2000] rew= 1890.7  thr=71.03Mbps  comp=0.522  drop=0.000  SINR=  6.6dB  KL= 0.0108  ent=2.276  clip=0.158  ev=+0.22  t=14556s
    [kl-stop] update 206: minibatch KL 0.0319 > 0.0300 (epoch 3/4) -- actor frozen, value-only for remaining passes
  --- eval at update 209 ---
    PPO           reward  5774.75  thrpt  83.86Mbps  comp 0.652  totfail 0.344  depth 4.00  eval_s=105.9
  [eval-time] update 209: 105.9s total
  >>> new best eval reward 5774.75, saved best.pt
[ 210/2000] rew= 4802.0  thr=80.67Mbps  comp=0.617  drop=0.000  SINR=  7.7dB  KL= 0.0104  ent=2.108  clip=0.158  ev=+0.19  t=14949s
    [kl-stop] update 213: minibatch KL 0.0359 > 0.0300 (epoch 3/4) -- actor frozen, value-only for remaining passes
[ 215/2000] rew= 4576.4  thr=81.47Mbps  comp=0.605  drop=0.000  SINR= 12.2dB  KL= 0.0140  ent=2.186  clip=0.207  ev=+0.09  t=15241s
    [kl-stop] update 218: minibatch KL 0.0384 > 0.0300 (epoch 4/4) -- actor frozen, value-only for remaining passes
    [kl-stop] update 219: minibatch KL 0.0355 > 0.0300 (epoch 2/4) -- actor frozen, value-only for remaining passes
  --- eval at update 219 ---
    PPO           reward  5780.87  thrpt  83.92Mbps  comp 0.652  totfail 0.344  depth 4.00  eval_s=108.7
  [eval-time] update 219: 108.7s total
  >>> new best eval reward 5780.87, saved best.pt
    [kl-stop] update 220: minibatch KL 0.0324 > 0.0300 (epoch 2/4) -- actor frozen, value-only for remaining passes
[ 220/2000] rew= 6996.0  thr=89.04Mbps  comp=0.689  drop=0.000  SINR= 14.5dB  KL= 0.0223  ent=1.797  clip=0.291  ev=+0.09  t=15640s
    [batch-verify] update 225: 4 slots, max scaled |diff| 7.63e-06 OK
[ 225/2000] rew= 4721.8  thr=81.77Mbps  comp=0.611  drop=0.000  SINR=  9.2dB  KL= 0.0106  ent=1.993  clip=0.167  ev=+0.19  t=15930s
    [kl-stop] update 228: minibatch KL 0.0335 > 0.0300 (epoch 3/4) -- actor frozen, value-only for remaining passes
  --- eval at update 229 ---
    PPO           reward  5821.46  thrpt  84.09Mbps  comp 0.654  totfail 0.343  depth 4.00  eval_s=108.0
  [eval-time] update 229: 108.1s total
  >>> new best eval reward 5821.46, saved best.pt
    [kl-stop] update 230: minibatch KL 0.0319 > 0.0300 (epoch 3/4) -- actor frozen, value-only for remaining passes
[ 230/2000] rew= 5879.8  thr=84.35Mbps  comp=0.657  drop=0.001  SINR= 11.4dB  KL= 0.0226  ent=1.493  clip=0.293  ev=+0.08  t=16326s
    [kl-stop] update 235: minibatch KL 0.0301 > 0.0300 (epoch 4/4) -- actor frozen, value-only for remaining passes
[ 235/2000] rew= 3665.9  thr=78.01Mbps  comp=0.579  drop=0.000  SINR= 10.1dB  KL= 0.0158  ent=1.964  clip=0.219  ev=+0.10  t=16612s
    [kl-stop] update 236: minibatch KL 0.0312 > 0.0300 (epoch 4/4) -- actor frozen, value-only for remaining passes
    [kl-stop] update 237: minibatch KL 0.0307 > 0.0300 (epoch 3/4) -- actor frozen, value-only for remaining passes
  --- eval at update 239 ---
    PPO           reward  5821.64  thrpt  84.16Mbps  comp 0.654  totfail 0.343  depth 4.00  eval_s=108.4
  [eval-time] update 239: 108.4s total
  >>> new best eval reward 5821.64, saved best.pt
    [kl-stop] update 240: minibatch KL 0.0324 > 0.0300 (epoch 3/4) -- actor frozen, value-only for remaining passes
[ 240/2000] rew= 2791.2  thr=73.46Mbps  comp=0.557  drop=0.000  SINR= 20.9dB  KL= 0.0154  ent=1.913  clip=0.211  ev=+0.19  t=17007s
    [kl-stop] update 245: minibatch KL 0.0358 > 0.0300 (epoch 3/4) -- actor frozen, value-only for remaining passes
[ 245/2000] rew= 6314.1  thr=87.43Mbps  comp=0.662  drop=0.000  SINR=  7.3dB  KL= 0.0218  ent=1.882  clip=0.286  ev=+0.15  t=17300s
    [kl-stop] update 246: minibatch KL 0.0369 > 0.0300 (epoch 3/4) -- actor frozen, value-only for remaining passes
  --- eval at update 249 ---
    PPO           reward  5817.84  thrpt  84.12Mbps  comp 0.654  totfail 0.343  depth 4.00  eval_s=109.2
  [eval-time] update 249: 109.2s total
    [batch-verify] update 250: 4 slots, max scaled |diff| 1.14e-05 OK
    [kl-stop] update 250: minibatch KL 0.0319 > 0.0300 (epoch 3/4) -- actor frozen, value-only for remaining passes
[ 250/2000] rew= 3001.7  thr=74.55Mbps  comp=0.561  drop=0.000  SINR=  7.1dB  KL= 0.0194  ent=2.008  clip=0.245  ev=+0.18  t=17701s
    [kl-stop] update 251: minibatch KL 0.0357 > 0.0300 (epoch 3/4) -- actor frozen, value-only for remaining passes
[ 255/2000] rew= 5872.6  thr=84.88Mbps  comp=0.652  drop=0.000  SINR=  6.8dB  KL= 0.0112  ent=1.885  clip=0.174  ev=+0.10  t=17991s
    [kl-stop] update 259: minibatch KL 0.0354 > 0.0300 (epoch 2/4) -- actor frozen, value-only for remaining passes
  --- eval at update 259 ---
    PPO           reward  5868.91  thrpt  84.33Mbps  comp 0.655  totfail 0.342  depth 3.99  eval_s=108.0
  [eval-time] update 259: 108.0s total
  >>> new best eval reward 5868.91, saved best.pt
[ 260/2000] rew= 5607.8  thr=84.15Mbps  comp=0.644  drop=0.000  SINR=  7.4dB  KL= 0.0080  ent=1.754  clip=0.110  ev=+0.25  t=18390s
    [kl-stop] update 263: minibatch KL 0.0317 > 0.0300 (epoch 4/4) -- actor frozen, value-only for remaining passes
    [kl-stop] update 264: minibatch KL 0.0301 > 0.0300 (epoch 3/4) -- actor frozen, value-only for remaining passes
[ 265/2000] rew= 4042.7  thr=78.31Mbps  comp=0.596  drop=0.001  SINR=  7.5dB  KL= 0.0095  ent=1.799  clip=0.142  ev=+0.18  t=18678s
    [kl-stop] update 268: minibatch KL 0.0333 > 0.0300 (epoch 3/4) -- actor frozen, value-only for remaining passes
  --- eval at update 269 ---
    PPO           reward  5879.88  thrpt  84.30Mbps  comp 0.656  totfail 0.341  depth 3.98  eval_s=107.3
  [eval-time] update 269: 107.4s total
  >>> new best eval reward 5879.88, saved best.pt
    [kl-stop] update 270: minibatch KL 0.0332 > 0.0300 (epoch 4/4) -- actor frozen, value-only for remaining passes
[ 270/2000] rew= 7110.5  thr=90.34Mbps  comp=0.688  drop=0.000  SINR=  8.3dB  KL= 0.0166  ent=1.849  clip=0.242  ev=+0.16  t=19072s
    [batch-verify] update 275: 4 slots, max scaled |diff| 7.63e-06 OK
[ 275/2000] rew= 5316.7  thr=84.05Mbps  comp=0.629  drop=0.000  SINR= 11.5dB  KL= 0.0126  ent=2.062  clip=0.189  ev=+0.21  t=19360s
    [kl-stop] update 276: minibatch KL 0.0442 > 0.0300 (epoch 3/4) -- actor frozen, value-only for remaining passes
  --- eval at update 279 ---
    PPO           reward  5838.44  thrpt  84.09Mbps  comp 0.654  totfail 0.342  depth 3.97  eval_s=107.6
  [eval-time] update 279: 107.7s total
    [kl-stop] update 280: minibatch KL 0.0431 > 0.0300 (epoch 3/4) -- actor frozen, value-only for remaining passes
[ 280/2000] rew= 1670.8  thr=68.31Mbps  comp=0.525  drop=0.000  SINR=  8.4dB  KL= 0.0211  ent=1.735  clip=0.264  ev=+0.21  t=19754s
    [kl-stop] update 283: minibatch KL 0.0324 > 0.0300 (epoch 4/4) -- actor frozen, value-only for remaining passes
[ 285/2000] rew= 4147.7  thr=77.16Mbps  comp=0.603  drop=0.000  SINR=  8.1dB  KL= 0.0112  ent=1.535  clip=0.168  ev=+0.12  t=20045s
    [kl-stop] update 288: minibatch KL 0.0306 > 0.0300 (epoch 3/4) -- actor frozen, value-only for remaining passes
  --- eval at update 289 ---
    PPO           reward  5851.59  thrpt  84.14Mbps  comp 0.655  totfail 0.342  depth 3.96  eval_s=108.2
  [eval-time] update 289: 108.2s total
    [kl-stop] update 290: minibatch KL 0.0387 > 0.0300 (epoch 3/4) -- actor frozen, value-only for remaining passes
[ 290/2000] rew= 9310.4  thr=97.25Mbps  comp=0.764  drop=0.000  SINR=  9.1dB  KL= 0.0159  ent=1.506  clip=0.215  ev=+0.08  t=20447s
    [kl-stop] update 291: minibatch KL 0.0387 > 0.0300 (epoch 2/4) -- actor frozen, value-only for remaining passes
    [kl-stop] update 292: minibatch KL 0.0324 > 0.0300 (epoch 2/4) -- actor frozen, value-only for remaining passes
    [kl-stop] update 295: minibatch KL 0.0303 > 0.0300 (epoch 3/4) -- actor frozen, value-only for remaining passes
[ 295/2000] rew= 7481.2  thr=91.68Mbps  comp=0.699  drop=0.000  SINR= 10.6dB  KL= 0.0175  ent=1.963  clip=0.236  ev=+0.24  t=20738s
    [kl-stop] update 296: minibatch KL 0.0310 > 0.0300 (epoch 2/4) -- actor frozen, value-only for remaining passes
    [kl-stop] update 297: minibatch KL 0.0325 > 0.0300 (epoch 4/4) -- actor frozen, value-only for remaining passes
    [kl-stop] update 298: minibatch KL 0.0324 > 0.0300 (epoch 2/4) -- actor frozen, value-only for remaining passes
  --- eval at update 299 ---
    PPO           reward  5839.89  thrpt  84.16Mbps  comp 0.654  totfail 0.342  depth 3.99  eval_s=107.9
  [eval-time] update 299: 107.9s total
    [batch-verify] update 300: 4 slots, max scaled |diff| 3.81e-06 OK
[ 300/2000] rew= 5535.9  thr=85.79Mbps  comp=0.635  drop=0.000  SINR= 10.5dB  KL= 0.0105  ent=1.901  clip=0.159  ev=+0.14  t=21130s
    [kl-stop] update 304: minibatch KL 0.0324 > 0.0300 (epoch 3/4) -- actor frozen, value-only for remaining passes
[ 305/2000] rew= 5077.9  thr=83.23Mbps  comp=0.623  drop=0.000  SINR= 11.6dB  KL= 0.0110  ent=1.811  clip=0.168  ev=+0.21  t=21415s
    [kl-stop] update 307: minibatch KL 0.0356 > 0.0300 (epoch 3/4) -- actor frozen, value-only for remaining passes
    [kl-stop] update 308: minibatch KL 0.0318 > 0.0300 (epoch 3/4) -- actor frozen, value-only for remaining passes
  --- eval at update 309 ---
    PPO           reward  5870.61  thrpt  84.25Mbps  comp 0.656  totfail 0.341  depth 3.98  eval_s=108.1
  [eval-time] update 309: 108.1s total
    [kl-stop] update 310: minibatch KL 0.0304 > 0.0300 (epoch 4/4) -- actor frozen, value-only for remaining passes
[ 310/2000] rew= 5992.0  thr=85.61Mbps  comp=0.655  drop=0.000  SINR= 15.1dB  KL= 0.0172  ent=1.735  clip=0.232  ev=+0.18  t=21809s
    [kl-stop] update 311: minibatch KL 0.0335 > 0.0300 (epoch 4/4) -- actor frozen, value-only for remaining passes
[ 315/2000] rew= 4909.2  thr=81.23Mbps  comp=0.623  drop=0.000  SINR=  6.9dB  KL= 0.0079  ent=1.721  clip=0.113  ev=+0.24  t=22096s
  --- eval at update 319 ---
    PPO           reward  5890.85  thrpt  84.38Mbps  comp 0.656  totfail 0.341  depth 3.97  eval_s=109.1
  [eval-time] update 319: 109.1s total
  >>> new best eval reward 5890.85, saved best.pt
    [kl-stop] update 320: minibatch KL 0.0310 > 0.0300 (epoch 4/4) -- actor frozen, value-only for remaining passes
[ 320/2000] rew= 3254.2  thr=75.75Mbps  comp=0.569  drop=0.000  SINR=  6.9dB  KL= 0.0170  ent=1.925  clip=0.235  ev=+0.22  t=22492s
    [kl-stop] update 321: minibatch KL 0.0326 > 0.0300 (epoch 3/4) -- actor frozen, value-only for remaining passes
    [batch-verify] update 325: 4 slots, max scaled |diff| 7.63e-06 OK
[ 325/2000] rew= 5681.2  thr=84.44Mbps  comp=0.647  drop=0.000  SINR= 11.8dB  KL= 0.0093  ent=1.705  clip=0.141  ev=+0.18  t=22787s
    [kl-stop] update 328: minibatch KL 0.0354 > 0.0300 (epoch 3/4) -- actor frozen, value-only for remaining passes
    [kl-stop] update 329: minibatch KL 0.0360 > 0.0300 (epoch 2/4) -- actor frozen, value-only for remaining passes
  --- eval at update 329 ---
    PPO           reward  5956.16  thrpt  84.61Mbps  comp 0.658  totfail 0.339  depth 3.89  eval_s=107.4
  [eval-time] update 329: 107.4s total
  >>> new best eval reward 5956.16, saved best.pt
[ 330/2000] rew= 5383.5  thr=84.55Mbps  comp=0.631  drop=0.000  SINR= 11.9dB  KL= 0.0093  ent=2.006  clip=0.143  ev=+0.18  t=23190s
    [kl-stop] update 335: minibatch KL 0.0327 > 0.0300 (epoch 4/4) -- actor frozen, value-only for remaining passes
[ 335/2000] rew= 6958.0  thr=89.38Mbps  comp=0.683  drop=0.000  SINR=  9.7dB  KL= 0.0145  ent=2.020  clip=0.208  ev=+0.24  t=23480s
    [kl-stop] update 336: minibatch KL 0.0338 > 0.0300 (epoch 4/4) -- actor frozen, value-only for remaining passes
  --- eval at update 339 ---
    PPO           reward  5945.90  thrpt  84.57Mbps  comp 0.658  totfail 0.339  depth 3.91  eval_s=106.2
  [eval-time] update 339: 106.2s total
[ 340/2000] rew= 6298.8  thr=86.91Mbps  comp=0.659  drop=0.000  SINR= 20.5dB  KL= 0.0137  ent=2.140  clip=0.210  ev=+0.21  t=23875s
    [kl-stop] update 341: minibatch KL 0.0304 > 0.0300 (epoch 4/4) -- actor frozen, value-only for remaining passes
[ 345/2000] rew= 5076.4  thr=80.08Mbps  comp=0.632  drop=0.000  SINR= 10.1dB  KL= 0.0077  ent=1.812  clip=0.109  ev=+0.20  t=24167s
  --- eval at update 349 ---
    PPO           reward  5955.64  thrpt  84.66Mbps  comp 0.658  totfail 0.339  depth 3.89  eval_s=108.6
  [eval-time] update 349: 108.6s total
    [batch-verify] update 350: 4 slots, max scaled |diff| 7.63e-06 OK
[ 350/2000] rew= 5915.6  thr=84.94Mbps  comp=0.653  drop=0.000  SINR= 10.4dB  KL= 0.0132  ent=1.946  clip=0.200  ev=+0.22  t=24569s
[ 355/2000] rew= 5441.2  thr=84.50Mbps  comp=0.636  drop=0.000  SINR= 12.1dB  KL= 0.0107  ent=1.791  clip=0.164  ev=+0.17  t=24858s
    [kl-stop] update 359: minibatch KL 0.0302 > 0.0300 (epoch 2/4) -- actor frozen, value-only for remaining passes
  --- eval at update 359 ---
    PPO           reward  6030.45  thrpt  84.86Mbps  comp 0.661  totfail 0.336  depth 3.81  eval_s=108.5
  [eval-time] update 359: 108.5s total
  >>> new best eval reward 6030.45, saved best.pt
[ 360/2000] rew= 4366.8  thr=78.67Mbps  comp=0.608  drop=0.000  SINR= 12.2dB  KL= 0.0150  ent=1.844  clip=0.236  ev=+0.26  t=25260s
    [kl-stop] update 364: minibatch KL 0.0319 > 0.0300 (epoch 3/4) -- actor frozen, value-only for remaining passes
[ 365/2000] rew= 6100.5  thr=86.21Mbps  comp=0.660  drop=0.000  SINR= 13.1dB  KL= 0.0094  ent=1.744  clip=0.136  ev=+0.19  t=25551s
  --- eval at update 369 ---
    PPO           reward  6081.43  thrpt  84.99Mbps  comp 0.662  totfail 0.335  depth 3.82  eval_s=107.8
  [eval-time] update 369: 107.8s total
  >>> new best eval reward 6081.43, saved best.pt
[ 370/2000] rew=  882.8  thr=65.71Mbps  comp=0.504  drop=0.001  SINR=  9.9dB  KL= 0.0118  ent=1.392  clip=0.175  ev=+0.15  t=25951s
    [kl-stop] update 374: minibatch KL 0.0382 > 0.0300 (epoch 4/4) -- actor frozen, value-only for remaining passes
    [batch-verify] update 375: 4 slots, max scaled |diff| 7.63e-06 OK
[ 375/2000] rew= 2017.9  thr=70.47Mbps  comp=0.533  drop=0.000  SINR= 10.4dB  KL= 0.0134  ent=1.624  clip=0.192  ev=+0.17  t=26249s
  --- eval at update 379 ---
    PPO           reward  6045.75  thrpt  84.97Mbps  comp 0.661  totfail 0.336  depth 3.82  eval_s=109.2
  [eval-time] update 379: 109.2s total
[ 380/2000] rew= 3520.7  thr=76.60Mbps  comp=0.581  drop=0.000  SINR=  9.3dB  KL= 0.0134  ent=1.633  clip=0.187  ev=+0.21  t=26647s
[ 385/2000] rew= 5462.4  thr=85.03Mbps  comp=0.632  drop=0.000  SINR= 11.1dB  KL= 0.0101  ent=1.978  clip=0.146  ev=+0.25  t=26933s
    [kl-stop] update 389: minibatch KL 0.0321 > 0.0300 (epoch 3/4) -- actor frozen, value-only for remaining passes
  --- eval at update 389 ---
    PPO           reward  6007.08  thrpt  84.83Mbps  comp 0.660  totfail 0.337  depth 3.85  eval_s=107.0
  [eval-time] update 389: 107.0s total
[ 390/2000] rew= 4979.2  thr=80.77Mbps  comp=0.625  drop=0.000  SINR= 12.4dB  KL= 0.0077  ent=1.630  clip=0.112  ev=+0.23  t=27330s
    [kl-stop] update 392: minibatch KL 0.0359 > 0.0300 (epoch 2/4) -- actor frozen, value-only for remaining passes
[ 395/2000] rew= 5669.3  thr=83.77Mbps  comp=0.648  drop=0.000  SINR=  9.1dB  KL= 0.0102  ent=1.596  clip=0.152  ev=+0.26  t=27619s
    [kl-stop] update 397: minibatch KL 0.0332 > 0.0300 (epoch 4/4) -- actor frozen, value-only for remaining passes
    [kl-stop] update 398: minibatch KL 0.0316 > 0.0300 (epoch 3/4) -- actor frozen, value-only for remaining passes
    [kl-stop] update 399: minibatch KL 0.0344 > 0.0300 (epoch 3/4) -- actor frozen, value-only for remaining passes
  --- eval at update 399 ---
    PPO           reward  6026.82  thrpt  84.86Mbps  comp 0.660  totfail 0.337  depth 3.87  eval_s=110.3
  [eval-time] update 399: 110.3s total
    [batch-verify] update 400: 4 slots, max scaled |diff| 7.63e-06 OK
[ 400/2000] rew= 5396.8  thr=82.87Mbps  comp=0.635  drop=0.000  SINR= 11.7dB  KL= 0.0125  ent=1.884  clip=0.186  ev=+0.20  t=28025s
    [kl-stop] update 404: minibatch KL 0.0309 > 0.0300 (epoch 3/4) -- actor frozen, value-only for remaining passes
    [kl-stop] update 405: minibatch KL 0.0309 > 0.0300 (epoch 3/4) -- actor frozen, value-only for remaining passes
[ 405/2000] rew= 6187.3  thr=86.28Mbps  comp=0.660  drop=0.000  SINR= 12.5dB  KL= 0.0196  ent=1.784  clip=0.271  ev=+0.25  t=28322s
    [kl-stop] update 407: minibatch KL 0.0324 > 0.0300 (epoch 2/4) -- actor frozen, value-only for remaining passes
    [kl-stop] update 408: minibatch KL 0.0332 > 0.0300 (epoch 2/4) -- actor frozen, value-only for remaining passes
  --- eval at update 409 ---
    PPO           reward  6022.76  thrpt  84.86Mbps  comp 0.660  totfail 0.337  depth 3.88  eval_s=109.0
  [eval-time] update 409: 109.0s total
[ 410/2000] rew= 5706.0  thr=85.52Mbps  comp=0.643  drop=0.000  SINR= 10.1dB  KL= 0.0156  ent=1.695  clip=0.244  ev=+0.31  t=28730s
    [kl-stop] update 413: minibatch KL 0.0315 > 0.0300 (epoch 4/4) -- actor frozen, value-only for remaining passes
    [kl-stop] update 414: minibatch KL 0.0309 > 0.0300 (epoch 2/4) -- actor frozen, value-only for remaining passes
    [kl-stop] update 415: minibatch KL 0.0313 > 0.0300 (epoch 2/4) -- actor frozen, value-only for remaining passes
[ 415/2000] rew= 4361.4  thr=77.54Mbps  comp=0.613  drop=0.000  SINR=  7.1dB  KL= 0.0231  ent=1.195  clip=0.312  ev=+0.24  t=29018s
    [kl-stop] update 416: minibatch KL 0.0304 > 0.0300 (epoch 2/4) -- actor frozen, value-only for remaining passes
  --- eval at update 419 ---
    PPO           reward  6081.51  thrpt  85.12Mbps  comp 0.662  totfail 0.335  depth 3.84  eval_s=105.5
  [eval-time] update 419: 105.5s total
  >>> new best eval reward 6081.51, saved best.pt
[ 420/2000] rew= 4937.1  thr=80.41Mbps  comp=0.628  drop=0.000  SINR=  6.9dB  KL= 0.0111  ent=1.468  clip=0.166  ev=+0.13  t=29409s
    [kl-stop] update 422: minibatch KL 0.0349 > 0.0300 (epoch 2/4) -- actor frozen, value-only for remaining passes
    [kl-stop] update 424: minibatch KL 0.0306 > 0.0300 (epoch 4/4) -- actor frozen, value-only for remaining passes
    [batch-verify] update 425: 4 slots, max scaled |diff| 3.81e-06 OK
[ 425/2000] rew= 7023.9  thr=88.59Mbps  comp=0.693  drop=0.000  SINR= 10.9dB  KL= 0.0139  ent=1.547  clip=0.200  ev=+0.24  t=29700s
    [kl-stop] update 426: minibatch KL 0.0395 > 0.0300 (epoch 3/4) -- actor frozen, value-only for remaining passes
    [kl-stop] update 429: minibatch KL 0.0388 > 0.0300 (epoch 3/4) -- actor frozen, value-only for remaining passes
  --- eval at update 429 ---
    PPO           reward  6056.81  thrpt  85.08Mbps  comp 0.661  totfail 0.336  depth 3.83  eval_s=110.2
  [eval-time] update 429: 110.2s total
[ 430/2000] rew= 4781.0  thr=81.43Mbps  comp=0.618  drop=0.000  SINR=  9.0dB  KL= 0.0125  ent=1.675  clip=0.204  ev=+0.20  t=30102s
[ 435/2000] rew= 5249.9  thr=81.28Mbps  comp=0.637  drop=0.000  SINR=  8.6dB  KL= 0.0114  ent=1.569  clip=0.178  ev=+0.22  t=30396s
    [kl-stop] update 437: minibatch KL 0.0451 > 0.0300 (epoch 3/4) -- actor frozen, value-only for remaining passes
    [kl-stop] update 439: minibatch KL 0.0340 > 0.0300 (epoch 3/4) -- actor frozen, value-only for remaining passes
  --- eval at update 439 ---
    PPO           reward  6039.15  thrpt  84.99Mbps  comp 0.661  totfail 0.336  depth 3.87  eval_s=108.9
  [eval-time] update 439: 108.9s total
    [kl-stop] update 440: minibatch KL 0.0345 > 0.0300 (epoch 4/4) -- actor frozen, value-only for remaining passes
[ 440/2000] rew= 7216.4  thr=89.97Mbps  comp=0.694  drop=0.000  SINR= 11.4dB  KL= 0.0157  ent=1.658  clip=0.215  ev=+0.20  t=30795s
    [kl-stop] update 441: minibatch KL 0.0365 > 0.0300 (epoch 3/4) -- actor frozen, value-only for remaining passes
    [kl-stop] update 442: minibatch KL 0.0373 > 0.0300 (epoch 2/4) -- actor frozen, value-only for remaining passes
    [kl-stop] update 443: minibatch KL 0.0388 > 0.0300 (epoch 3/4) -- actor frozen, value-only for remaining passes
[ 445/2000] rew= 6190.6  thr=86.73Mbps  comp=0.660  drop=0.000  SINR=  7.4dB  KL= 0.0103  ent=1.581  clip=0.161  ev=+0.25  t=31085s
    [kl-stop] update 446: minibatch KL 0.0306 > 0.0300 (epoch 3/4) -- actor frozen, value-only for remaining passes
  --- eval at update 449 ---
    PPO           reward  5986.01  thrpt  84.85Mbps  comp 0.659  totfail 0.338  depth 3.92  eval_s=110.0
  [eval-time] update 449: 110.0s total
    [batch-verify] update 450: 4 slots, max scaled |diff| 7.63e-06 OK
    [kl-stop] update 450: minibatch KL 0.0334 > 0.0300 (epoch 2/4) -- actor frozen, value-only for remaining passes
[ 450/2000] rew= 2091.9  thr=69.85Mbps  comp=0.536  drop=0.000  SINR=  7.5dB  KL= 0.0196  ent=1.663  clip=0.252  ev=+0.20  t=31489s
    [kl-stop] update 451: minibatch KL 0.0333 > 0.0300 (epoch 2/4) -- actor frozen, value-only for remaining passes
[ 455/2000] rew= 4520.8  thr=79.59Mbps  comp=0.610  drop=0.000  SINR=  7.9dB  KL= 0.0097  ent=1.706  clip=0.147  ev=+0.27  t=31784s
  --- eval at update 459 ---
    PPO           reward  6041.35  thrpt  84.97Mbps  comp 0.661  totfail 0.336  depth 3.90  eval_s=110.9
  [eval-time] update 459: 110.9s total
[ 460/2000] rew= 8145.0  thr=92.54Mbps  comp=0.727  drop=0.000  SINR=  8.4dB  KL= 0.0082  ent=1.668  clip=0.120  ev=+0.22  t=32190s
[ 465/2000] rew= 4414.4  thr=79.24Mbps  comp=0.607  drop=0.000  SINR=  8.8dB  KL= 0.0110  ent=1.728  clip=0.170  ev=+0.22  t=32485s
  --- eval at update 469 ---
    PPO           reward  6020.56  thrpt  84.95Mbps  comp 0.660  totfail 0.337  depth 3.91  eval_s=107.3
  [eval-time] update 469: 107.3s total
[ 470/2000] rew= 5003.6  thr=81.07Mbps  comp=0.626  drop=0.000  SINR= 12.6dB  KL= 0.0100  ent=1.677  clip=0.140  ev=+0.22  t=32884s
    [batch-verify] update 475: 4 slots, max scaled |diff| 7.63e-06 OK
[ 475/2000] rew= 4132.8  thr=79.15Mbps  comp=0.593  drop=0.000  SINR= 11.0dB  KL= 0.0110  ent=1.761  clip=0.170  ev=+0.26  t=33173s
  --- eval at update 479 ---
    PPO           reward  6064.94  thrpt  85.07Mbps  comp 0.662  totfail 0.335  depth 3.85  eval_s=106.8
  [eval-time] update 479: 106.8s total
[ 480/2000] rew= 4849.2  thr=80.41Mbps  comp=0.624  drop=0.000  SINR= 11.0dB  KL= 0.0110  ent=1.479  clip=0.160  ev=+0.15  t=33566s
[ 485/2000] rew= 5318.4  thr=81.15Mbps  comp=0.643  drop=0.000  SINR= 10.7dB  KL= 0.0094  ent=1.277  clip=0.133  ev=+0.18  t=33854s
  --- eval at update 489 ---
    PPO           reward  6054.85  thrpt  85.15Mbps  comp 0.661  totfail 0.336  depth 3.85  eval_s=108.0
  [eval-time] update 489: 108.0s total
    [kl-stop] update 490: minibatch KL 0.0305 > 0.0300 (epoch 3/4) -- actor frozen, value-only for remaining passes
[ 490/2000] rew= 6276.3  thr=87.08Mbps  comp=0.659  drop=0.000  SINR=  9.2dB  KL= 0.0160  ent=1.854  clip=0.223  ev=+0.25  t=34252s
[ 495/2000] rew= 5796.3  thr=84.18Mbps  comp=0.654  drop=0.000  SINR= 10.6dB  KL= 0.0147  ent=1.348  clip=0.215  ev=+0.07  t=34543s
  --- eval at update 499 ---
    PPO           reward  6066.02  thrpt  85.10Mbps  comp 0.662  totfail 0.335  depth 3.87  eval_s=109.0
  [eval-time] update 499: 109.0s total
    [batch-verify] update 500: 4 slots, max scaled |diff| 7.63e-06 OK
[ 500/2000] rew= 5074.8  thr=81.38Mbps  comp=0.627  drop=0.000  SINR= 10.7dB  KL= 0.0123  ent=1.777  clip=0.185  ev=+0.18  t=34944s
[ 505/2000] rew= 4810.8  thr=80.97Mbps  comp=0.620  drop=0.000  SINR=  6.5dB  KL= 0.0114  ent=1.469  clip=0.174  ev=+0.27  t=35233s
    [kl-stop] update 509: minibatch KL 0.0303 > 0.0300 (epoch 2/4) -- actor frozen, value-only for remaining passes
  --- eval at update 509 ---
    PPO           reward  6094.03  thrpt  85.15Mbps  comp 0.662  totfail 0.334  depth 3.80  eval_s=107.4
  [eval-time] update 509: 107.4s total
  >>> new best eval reward 6094.03, saved best.pt
[ 510/2000] rew= 6963.4  thr=88.23Mbps  comp=0.689  drop=0.000  SINR=  8.0dB  KL= 0.0124  ent=1.564  clip=0.187  ev=+0.07  t=35631s
[ 515/2000] rew= 4523.7  thr=79.51Mbps  comp=0.613  drop=0.001  SINR= 12.8dB  KL= 0.0125  ent=1.244  clip=0.185  ev=+0.30  t=35925s
    [kl-stop] update 516: minibatch KL 0.0320 > 0.0300 (epoch 3/4) -- actor frozen, value-only for remaining passes
    [kl-stop] update 517: minibatch KL 0.0316 > 0.0300 (epoch 2/4) -- actor frozen, value-only for remaining passes
    [kl-stop] update 518: minibatch KL 0.0318 > 0.0300 (epoch 2/4) -- actor frozen, value-only for remaining passes
  --- eval at update 519 ---
    PPO           reward  6007.34  thrpt  84.89Mbps  comp 0.659  totfail 0.337  depth 3.93  eval_s=108.5
  [eval-time] update 519: 108.5s total
    [kl-stop] update 520: minibatch KL 0.0355 > 0.0300 (epoch 2/4) -- actor frozen, value-only for remaining passes
[ 520/2000] rew= 3552.6  thr=76.26Mbps  comp=0.579  drop=0.000  SINR=  7.8dB  KL= 0.0245  ent=1.365  clip=0.304  ev=+0.27  t=36326s
    [batch-verify] update 525: 4 slots, max scaled |diff| 7.63e-06 OK
    [kl-stop] update 525: minibatch KL 0.0328 > 0.0300 (epoch 3/4) -- actor frozen, value-only for remaining passes
[ 525/2000] rew= 4534.2  thr=79.34Mbps  comp=0.613  drop=0.000  SINR=  8.8dB  KL= 0.0186  ent=1.481  clip=0.254  ev=+0.34  t=36615s
    [kl-stop] update 526: minibatch KL 0.0340 > 0.0300 (epoch 2/4) -- actor frozen, value-only for remaining passes
    [kl-stop] update 527: minibatch KL 0.0306 > 0.0300 (epoch 2/4) -- actor frozen, value-only for remaining passes
    [kl-stop] update 529: minibatch KL 0.0326 > 0.0300 (epoch 3/4) -- actor frozen, value-only for remaining passes
  --- eval at update 529 ---
    PPO           reward  5995.09  thrpt  84.84Mbps  comp 0.659  totfail 0.338  depth 3.96  eval_s=108.9
  [eval-time] update 529: 109.0s total
[ 530/2000] rew= 5728.8  thr=84.74Mbps  comp=0.647  drop=0.000  SINR=  9.8dB  KL= 0.0158  ent=1.409  clip=0.234  ev=+0.16  t=37008s
    [kl-stop] update 532: minibatch KL 0.0321 > 0.0300 (epoch 2/4) -- actor frozen, value-only for remaining passes
    [kl-stop] update 533: minibatch KL 0.0326 > 0.0300 (epoch 2/4) -- actor frozen, value-only for remaining passes
    [kl-stop] update 534: minibatch KL 0.0317 > 0.0300 (epoch 2/4) -- actor frozen, value-only for remaining passes
    [kl-stop] update 535: minibatch KL 0.0334 > 0.0300 (epoch 3/4) -- actor frozen, value-only for remaining passes
[ 535/2000] rew= 2859.6  thr=73.07Mbps  comp=0.561  drop=0.001  SINR= 13.4dB  KL= 0.0182  ent=1.360  clip=0.255  ev=+0.27  t=37293s
  --- eval at update 539 ---
    PPO           reward  6037.60  thrpt  84.95Mbps  comp 0.661  totfail 0.336  depth 3.89  eval_s=108.4
  [eval-time] update 539: 108.4s total
[ 540/2000] rew= 5001.4  thr=81.37Mbps  comp=0.627  drop=0.000  SINR= 12.2dB  KL= 0.0145  ent=1.455  clip=0.206  ev=+0.13  t=37691s
    [kl-stop] update 543: minibatch KL 0.0346 > 0.0300 (epoch 3/4) -- actor frozen, value-only for remaining passes
    [kl-stop] update 545: minibatch KL 0.0307 > 0.0300 (epoch 3/4) -- actor frozen, value-only for remaining passes
[ 545/2000] rew= 7400.4  thr=91.00Mbps  comp=0.700  drop=0.000  SINR= 14.2dB  KL= 0.0177  ent=1.379  clip=0.238  ev=+0.19  t=37984s
    [kl-stop] update 547: minibatch KL 0.0316 > 0.0300 (epoch 3/4) -- actor frozen, value-only for remaining passes
  --- eval at update 549 ---
    PPO           reward  6001.88  thrpt  84.86Mbps  comp 0.659  totfail 0.338  depth 3.92  eval_s=107.0
  [eval-time] update 549: 107.0s total
    [batch-verify] update 550: 4 slots, max scaled |diff| 7.63e-06 OK
    [kl-stop] update 550: minibatch KL 0.0448 > 0.0300 (epoch 2/4) -- actor frozen, value-only for remaining passes
[ 550/2000] rew= 4055.9  thr=77.50Mbps  comp=0.596  drop=0.000  SINR= 15.3dB  KL= 0.0253  ent=1.558  clip=0.306  ev=+0.29  t=38382s
[ 555/2000] rew= 5987.2  thr=84.88Mbps  comp=0.657  drop=0.000  SINR=  9.9dB  KL= 0.0109  ent=1.497  clip=0.166  ev=+0.19  t=38676s
  --- eval at update 559 ---
    PPO           reward  6051.39  thrpt  84.98Mbps  comp 0.661  totfail 0.336  depth 3.82  eval_s=109.0
  [eval-time] update 559: 109.0s total
[ 560/2000] rew= 4921.5  thr=81.31Mbps  comp=0.623  drop=0.000  SINR= 15.3dB  KL= 0.0125  ent=1.309  clip=0.197  ev=+0.21  t=39073s
    [kl-stop] update 561: minibatch KL 0.0329 > 0.0300 (epoch 3/4) -- actor frozen, value-only for remaining passes
    [kl-stop] update 564: minibatch KL 0.0416 > 0.0300 (epoch 3/4) -- actor frozen, value-only for remaining passes
    [kl-stop] update 565: minibatch KL 0.0322 > 0.0300 (epoch 2/4) -- actor frozen, value-only for remaining passes
[ 565/2000] rew=  527.3  thr=63.37Mbps  comp=0.488  drop=0.000  SINR=  7.1dB  KL= 0.0231  ent=1.476  clip=0.303  ev=+0.16  t=39361s
  --- eval at update 569 ---
    PPO           reward  6069.12  thrpt  84.99Mbps  comp 0.662  totfail 0.335  depth 3.83  eval_s=107.2
  [eval-time] update 569: 107.2s total
[ 570/2000] rew= 3959.0  thr=76.86Mbps  comp=0.598  drop=0.001  SINR= 10.8dB  KL= 0.0144  ent=1.255  clip=0.220  ev=+0.18  t=39758s
    [kl-stop] update 571: minibatch KL 0.0341 > 0.0300 (epoch 3/4) -- actor frozen, value-only for remaining passes
    [kl-stop] update 574: minibatch KL 0.0343 > 0.0300 (epoch 2/4) -- actor frozen, value-only for remaining passes
    [batch-verify] update 575: 4 slots, max scaled |diff| 7.63e-06 OK
    [kl-stop] update 575: minibatch KL 0.0352 > 0.0300 (epoch 4/4) -- actor frozen, value-only for remaining passes
[ 575/2000] rew= 3091.5  thr=75.34Mbps  comp=0.563  drop=0.000  SINR= 13.8dB  KL= 0.0182  ent=1.454  clip=0.251  ev=+0.26  t=40050s
    [kl-stop] update 576: minibatch KL 0.0323 > 0.0300 (epoch 4/4) -- actor frozen, value-only for remaining passes
    [kl-stop] update 578: minibatch KL 0.0330 > 0.0300 (epoch 2/4) -- actor frozen, value-only for remaining passes
  --- eval at update 579 ---
    PPO           reward  6069.31  thrpt  85.06Mbps  comp 0.662  totfail 0.335  depth 3.80  eval_s=106.5
  [eval-time] update 579: 106.5s total
[ 580/2000] rew= 4793.3  thr=80.80Mbps  comp=0.620  drop=0.000  SINR=  9.0dB  KL= 0.0108  ent=1.394  clip=0.172  ev=+0.22  t=40453s
    [kl-stop] update 581: minibatch KL 0.0302 > 0.0300 (epoch 3/4) -- actor frozen, value-only for remaining passes
    [kl-stop] update 585: minibatch KL 0.0300 > 0.0300 (epoch 3/4) -- actor frozen, value-only for remaining passes
[ 585/2000] rew= 5020.4  thr=81.95Mbps  comp=0.624  drop=0.000  SINR= 12.7dB  KL= 0.0193  ent=1.560  clip=0.255  ev=+0.25  t=40741s
    [kl-stop] update 588: minibatch KL 0.0407 > 0.0300 (epoch 3/4) -- actor frozen, value-only for remaining passes
  --- eval at update 589 ---
    PPO           reward  6059.98  thrpt  85.04Mbps  comp 0.661  totfail 0.336  depth 3.84  eval_s=108.4
  [eval-time] update 589: 108.4s total
    [kl-stop] update 590: minibatch KL 0.0428 > 0.0300 (epoch 2/4) -- actor frozen, value-only for remaining passes
[ 590/2000] rew= 7222.2  thr=88.47Mbps  comp=0.700  drop=0.000  SINR=  9.0dB  KL= 0.0278  ent=1.491  clip=0.324  ev=+0.09  t=41137s
    [kl-stop] update 591: minibatch KL 0.0342 > 0.0300 (epoch 3/4) -- actor frozen, value-only for remaining passes
    [kl-stop] update 592: minibatch KL 0.0305 > 0.0300 (epoch 2/4) -- actor frozen, value-only for remaining passes
    [kl-stop] update 593: minibatch KL 0.0348 > 0.0300 (epoch 2/4) -- actor frozen, value-only for remaining passes
    [kl-stop] update 595: minibatch KL 0.0315 > 0.0300 (epoch 3/4) -- actor frozen, value-only for remaining passes
[ 595/2000] rew= 7346.6  thr=89.39Mbps  comp=0.703  drop=0.000  SINR= 10.0dB  KL= 0.0206  ent=1.365  clip=0.268  ev=+0.17  t=41426s
    [kl-stop] update 596: minibatch KL 0.0342 > 0.0300 (epoch 2/4) -- actor frozen, value-only for remaining passes
  --- eval at update 599 ---
    PPO           reward  6128.89  thrpt  85.18Mbps  comp 0.664  totfail 0.333  depth 3.76  eval_s=106.3
  [eval-time] update 599: 106.3s total
  >>> new best eval reward 6128.89, saved best.pt
    [batch-verify] update 600: 4 slots, max scaled |diff| 7.63e-06 OK
    [kl-stop] update 600: minibatch KL 0.0307 > 0.0300 (epoch 2/4) -- actor frozen, value-only for remaining passes
[ 600/2000] rew= 4426.9  thr=78.28Mbps  comp=0.610  drop=0.000  SINR= 10.3dB  KL= 0.0189  ent=1.438  clip=0.247  ev=+0.32  t=41823s
    [kl-stop] update 602: minibatch KL 0.0322 > 0.0300 (epoch 4/4) -- actor frozen, value-only for remaining passes
    [kl-stop] update 604: minibatch KL 0.0311 > 0.0300 (epoch 3/4) -- actor frozen, value-only for remaining passes
[ 605/2000] rew= 8125.5  thr=93.14Mbps  comp=0.725  drop=0.000  SINR= 11.9dB  KL= 0.0173  ent=1.313  clip=0.254  ev=+0.17  t=42112s
    [kl-stop] update 606: minibatch KL 0.0306 > 0.0300 (epoch 2/4) -- actor frozen, value-only for remaining passes
    [kl-stop] update 607: minibatch KL 0.0362 > 0.0300 (epoch 2/4) -- actor frozen, value-only for remaining passes
  --- eval at update 609 ---
    PPO           reward  6160.50  thrpt  85.27Mbps  comp 0.665  totfail 0.332  depth 3.73  eval_s=105.9
  [eval-time] update 609: 105.9s total
  >>> new best eval reward 6160.50, saved best.pt
[ 610/2000] rew= 5870.5  thr=83.86Mbps  comp=0.655  drop=0.000  SINR=  8.4dB  KL= 0.0119  ent=1.228  clip=0.176  ev=+0.30  t=42506s
    [kl-stop] update 612: minibatch KL 0.0378 > 0.0300 (epoch 2/4) -- actor frozen, value-only for remaining passes
    [kl-stop] update 613: minibatch KL 0.0360 > 0.0300 (epoch 2/4) -- actor frozen, value-only for remaining passes
    [kl-stop] update 614: minibatch KL 0.0384 > 0.0300 (epoch 2/4) -- actor frozen, value-only for remaining passes
    [kl-stop] update 615: minibatch KL 0.0304 > 0.0300 (epoch 4/4) -- actor frozen, value-only for remaining passes
[ 615/2000] rew= 6357.7  thr=86.86Mbps  comp=0.667  drop=0.000  SINR= 13.4dB  KL= 0.0166  ent=1.474  clip=0.245  ev=+0.24  t=42795s
    [kl-stop] update 616: minibatch KL 0.0328 > 0.0300 (epoch 4/4) -- actor frozen, value-only for remaining passes
    [kl-stop] update 617: minibatch KL 0.0335 > 0.0300 (epoch 2/4) -- actor frozen, value-only for remaining passes
    [kl-stop] update 618: minibatch KL 0.0482 > 0.0300 (epoch 3/4) -- actor frozen, value-only for remaining passes
  --- eval at update 619 ---
    PPO           reward  6116.66  thrpt  85.19Mbps  comp 0.663  totfail 0.334  depth 3.79  eval_s=106.8
  [eval-time] update 619: 106.8s total
    [kl-stop] update 620: minibatch KL 0.0546 > 0.0300 (epoch 2/4) -- actor frozen, value-only for remaining passes
[ 620/2000] rew= 3643.2  thr=76.61Mbps  comp=0.584  drop=0.000  SINR= 10.2dB  KL= 0.0413  ent=1.307  clip=0.396  ev=+0.21  t=43190s
    [kl-stop] update 622: minibatch KL 0.0418 > 0.0300 (epoch 2/4) -- actor frozen, value-only for remaining passes
    [kl-stop] update 623: minibatch KL 0.0412 > 0.0300 (epoch 1/4) -- actor frozen, value-only for remaining passes
    [batch-verify] update 625: 4 slots, max scaled |diff| 7.63e-06 OK
[ 625/2000] rew= 6249.6  thr=86.57Mbps  comp=0.665  drop=0.000  SINR= 11.1dB  KL= 0.0167  ent=1.274  clip=0.233  ev=+0.31  t=43483s
  --- eval at update 629 ---
    PPO           reward  6212.82  thrpt  85.36Mbps  comp 0.667  totfail 0.330  depth 3.67  eval_s=102.5
  [eval-time] update 629: 102.5s total
  >>> new best eval reward 6212.82, saved best.pt
[ 630/2000] rew= 6414.1  thr=86.24Mbps  comp=0.669  drop=0.000  SINR=  8.6dB  KL= 0.0111  ent=1.595  clip=0.167  ev=+0.19  t=43873s
[ 635/2000] rew= 5898.5  thr=85.05Mbps  comp=0.653  drop=0.000  SINR=  7.8dB  KL= 0.0107  ent=1.266  clip=0.157  ev=+0.27  t=44150s
  --- eval at update 639 ---
    PPO           reward  6160.10  thrpt  85.23Mbps  comp 0.665  totfail 0.332  depth 3.71  eval_s=106.0
  [eval-time] update 639: 106.0s total
[ 640/2000] rew= 6149.4  thr=84.84Mbps  comp=0.664  drop=0.000  SINR= 10.1dB  KL= 0.0103  ent=1.373  clip=0.163  ev=+0.36  t=44545s
    [kl-stop] update 641: minibatch KL 0.0309 > 0.0300 (epoch 2/4) -- actor frozen, value-only for remaining passes
    [kl-stop] update 642: minibatch KL 0.0440 > 0.0300 (epoch 1/4) -- actor frozen, value-only for remaining passes
    [kl-stop] update 643: minibatch KL 0.0335 > 0.0300 (epoch 3/4) -- actor frozen, value-only for remaining passes
    [kl-stop] update 645: minibatch KL 0.0318 > 0.0300 (epoch 2/4) -- actor frozen, value-only for remaining passes
[ 645/2000] rew= 4747.4  thr=79.55Mbps  comp=0.620  drop=0.000  SINR= 11.9dB  KL= 0.0201  ent=1.363  clip=0.283  ev=+0.27  t=44834s
  --- eval at update 649 ---
    PPO           reward  6207.90  thrpt  85.30Mbps  comp 0.667  totfail 0.330  depth 3.67  eval_s=105.4
  [eval-time] update 649: 105.4s total
    [batch-verify] update 650: 4 slots, max scaled |diff| 7.63e-06 OK
    [kl-stop] update 650: minibatch KL 0.0308 > 0.0300 (epoch 3/4) -- actor frozen, value-only for remaining passes
[ 650/2000] rew= 7938.9  thr=92.18Mbps  comp=0.721  drop=0.000  SINR= 10.3dB  KL= 0.0174  ent=1.248  clip=0.233  ev=+0.07  t=45229s
    [kl-stop] update 652: minibatch KL 0.0320 > 0.0300 (epoch 3/4) -- actor frozen, value-only for remaining passes
    [kl-stop] update 655: minibatch KL 0.0303 > 0.0300 (epoch 2/4) -- actor frozen, value-only for remaining passes
[ 655/2000] rew= 7000.4  thr=89.64Mbps  comp=0.684  drop=0.000  SINR=  7.9dB  KL= 0.0183  ent=1.590  clip=0.253  ev=+0.23  t=45514s
  --- eval at update 659 ---
    PPO           reward  6202.29  thrpt  85.33Mbps  comp 0.667  totfail 0.330  depth 3.69  eval_s=106.2
  [eval-time] update 659: 106.2s total
[ 660/2000] rew= 6420.4  thr=86.51Mbps  comp=0.671  drop=0.000  SINR= 10.4dB  KL= 0.0113  ent=1.482  clip=0.171  ev=-0.27  t=45914s
    [kl-stop] update 662: minibatch KL 0.0302 > 0.0300 (epoch 3/4) -- actor frozen, value-only for remaining passes
[ 665/2000] rew= 3460.3  thr=75.89Mbps  comp=0.577  drop=0.000  SINR= 10.9dB  KL= 0.0147  ent=1.413  clip=0.224  ev=+0.17  t=46206s
  --- eval at update 669 ---
    PPO           reward  6168.13  thrpt  85.31Mbps  comp 0.665  totfail 0.332  depth 3.72  eval_s=106.6
  [eval-time] update 669: 106.6s total
[ 670/2000] rew= 7551.8  thr=91.44Mbps  comp=0.705  drop=0.000  SINR=  8.0dB  KL= 0.0142  ent=1.200  clip=0.203  ev=+0.15  t=46600s
    [kl-stop] update 671: minibatch KL 0.0358 > 0.0300 (epoch 2/4) -- actor frozen, value-only for remaining passes
    [kl-stop] update 672: minibatch KL 0.0305 > 0.0300 (epoch 3/4) -- actor frozen, value-only for remaining passes
    [batch-verify] update 675: 4 slots, max scaled |diff| 5.72e-06 OK
[ 675/2000] rew= 5465.4  thr=82.69Mbps  comp=0.643  drop=0.000  SINR=  9.3dB  KL= 0.0126  ent=1.329  clip=0.197  ev=+0.22  t=46888s
    [kl-stop] update 678: minibatch KL 0.0327 > 0.0300 (epoch 2/4) -- actor frozen, value-only for remaining passes
  --- eval at update 679 ---
    PPO           reward  6167.71  thrpt  85.34Mbps  comp 0.665  totfail 0.332  depth 3.74  eval_s=104.7
  [eval-time] update 679: 104.7s total
[ 680/2000] rew= 5068.2  thr=80.88Mbps  comp=0.630  drop=0.000  SINR=  7.0dB  KL= 0.0116  ent=1.374  clip=0.169  ev=+0.19  t=47283s
    [kl-stop] update 682: minibatch KL 0.0317 > 0.0300 (epoch 4/4) -- actor frozen, value-only for remaining passes
[ 685/2000] rew= 5992.9  thr=86.14Mbps  comp=0.653  drop=0.000  SINR= 10.8dB  KL= 0.0119  ent=1.413  clip=0.173  ev=+0.32  t=47568s
    [kl-stop] update 687: minibatch KL 0.0302 > 0.0300 (epoch 2/4) -- actor frozen, value-only for remaining passes
    [kl-stop] update 688: minibatch KL 0.0384 > 0.0300 (epoch 2/4) -- actor frozen, value-only for remaining passes
    [kl-stop] update 689: minibatch KL 0.0592 > 0.0300 (epoch 1/4) -- actor frozen, value-only for remaining passes
  --- eval at update 689 ---
    PPO           reward  6209.64  thrpt  85.38Mbps  comp 0.667  totfail 0.330  depth 3.65  eval_s=107.9
  [eval-time] update 689: 107.9s total
    [kl-stop] update 690: minibatch KL 0.0632 > 0.0300 (epoch 1/4) -- actor frozen, value-only for remaining passes
[ 690/2000] rew= 1545.3  thr=66.90Mbps  comp=0.522  drop=0.000  SINR=  8.7dB  KL= 0.0515  ent=1.267  clip=0.488  ev=+0.35  t=47968s
    [kl-stop] update 691: minibatch KL 0.0482 > 0.0300 (epoch 1/4) -- actor frozen, value-only for remaining passes
    [kl-stop] update 694: minibatch KL 0.0319 > 0.0300 (epoch 4/4) -- actor frozen, value-only for remaining passes
[ 695/2000] rew= 8179.0  thr=92.95Mbps  comp=0.729  drop=0.000  SINR= 10.6dB  KL= 0.0163  ent=1.246  clip=0.241  ev=-0.03  t=48252s
  --- eval at update 699 ---
    PPO           reward  6272.02  thrpt  85.52Mbps  comp 0.669  totfail 0.328  depth 3.59  eval_s=102.3
  [eval-time] update 699: 102.3s total
  >>> new best eval reward 6272.02, saved best.pt
    [batch-verify] update 700: 4 slots, max scaled |diff| 7.63e-06 OK
    [kl-stop] update 700: minibatch KL 0.0302 > 0.0300 (epoch 3/4) -- actor frozen, value-only for remaining passes
[ 700/2000] rew= 4204.7  thr=79.10Mbps  comp=0.602  drop=0.000  SINR=  6.7dB  KL= 0.0182  ent=1.308  clip=0.240  ev=+0.27  t=48642s
    [kl-stop] update 702: minibatch KL 0.0327 > 0.0300 (epoch 2/4) -- actor frozen, value-only for remaining passes
[ 705/2000] rew= 3508.1  thr=75.65Mbps  comp=0.581  drop=0.000  SINR=  6.5dB  KL= 0.0111  ent=1.312  clip=0.168  ev=+0.22  t=48926s
  --- eval at update 709 ---
    PPO           reward  6310.70  thrpt  85.55Mbps  comp 0.671  totfail 0.326  depth 3.49  eval_s=98.7
  [eval-time] update 709: 98.7s total
  >>> new best eval reward 6310.70, saved best.pt
[ 710/2000] rew= 3779.3  thr=76.48Mbps  comp=0.590  drop=0.000  SINR=  8.0dB  KL= 0.0142  ent=1.266  clip=0.213  ev=+0.13  t=49306s
    [kl-stop] update 713: minibatch KL 0.0306 > 0.0300 (epoch 2/4) -- actor frozen, value-only for remaining passes
[ 715/2000] rew= 7904.7  thr=93.34Mbps  comp=0.712  drop=0.000  SINR= 12.8dB  KL= 0.0125  ent=1.350  clip=0.197  ev=+0.25  t=49587s
    [kl-stop] update 719: minibatch KL 0.0323 > 0.0300 (epoch 2/4) -- actor frozen, value-only for remaining passes
  --- eval at update 719 ---
    PPO           reward  6328.04  thrpt  85.60Mbps  comp 0.671  totfail 0.326  depth 3.43  eval_s=99.6
  [eval-time] update 719: 99.6s total
  >>> new best eval reward 6328.04, saved best.pt
    [kl-stop] update 720: minibatch KL 0.0339 > 0.0300 (epoch 2/4) -- actor frozen, value-only for remaining passes
[ 720/2000] rew= 4205.5  thr=77.71Mbps  comp=0.604  drop=0.000  SINR=  9.9dB  KL= 0.0267  ent=1.247  clip=0.336  ev=+0.30  t=49969s
    [batch-verify] update 725: 4 slots, max scaled |diff| 7.63e-06 OK
[ 725/2000] rew= 5804.2  thr=84.22Mbps  comp=0.653  drop=0.000  SINR= 10.5dB  KL= 0.0124  ent=1.261  clip=0.199  ev=+0.12  t=50249s
  --- eval at update 729 ---
    PPO           reward  6365.93  thrpt  85.64Mbps  comp 0.673  totfail 0.324  depth 3.38  eval_s=96.0
  [eval-time] update 729: 96.0s total
  >>> new best eval reward 6365.93, saved best.pt
[ 730/2000] rew= 6201.8  thr=84.50Mbps  comp=0.669  drop=0.000  SINR=  7.6dB  KL= 0.0116  ent=1.168  clip=0.165  ev=+0.17  t=50623s
    [kl-stop] update 732: minibatch KL 0.0324 > 0.0300 (epoch 3/4) -- actor frozen, value-only for remaining passes
[ 735/2000] rew= 5193.0  thr=82.10Mbps  comp=0.635  drop=0.000  SINR=  9.7dB  KL= 0.0130  ent=0.843  clip=0.172  ev=+0.22  t=50905s
    [kl-stop] update 739: minibatch KL 0.0327 > 0.0300 (epoch 3/4) -- actor frozen, value-only for remaining passes
  --- eval at update 739 ---
    PPO           reward  6362.36  thrpt  85.60Mbps  comp 0.673  totfail 0.324  depth 3.33  eval_s=100.1
  [eval-time] update 739: 100.1s total
[ 740/2000] rew= 4021.3  thr=76.48Mbps  comp=0.598  drop=0.000  SINR=  8.1dB  KL= 0.0152  ent=1.299  clip=0.222  ev=+0.27  t=51289s
    [kl-stop] update 741: minibatch KL 0.0305 > 0.0300 (epoch 2/4) -- actor frozen, value-only for remaining passes
[ 745/2000] rew= 5898.4  thr=84.78Mbps  comp=0.657  drop=0.001  SINR= 12.0dB  KL= 0.0143  ent=1.003  clip=0.211  ev=+0.32  t=51568s
    [kl-stop] update 747: minibatch KL 0.0409 > 0.0300 (epoch 2/4) -- actor frozen, value-only for remaining passes
  --- eval at update 749 ---
    PPO           reward  6377.52  thrpt  85.59Mbps  comp 0.674  totfail 0.323  depth 3.38  eval_s=100.0
  [eval-time] update 749: 100.0s total
  >>> new best eval reward 6377.52, saved best.pt
    [batch-verify] update 750: 4 slots, max scaled |diff| 7.63e-06 OK
[ 750/2000] rew= 3740.8  thr=75.45Mbps  comp=0.591  drop=0.000  SINR=  9.9dB  KL= 0.0137  ent=1.158  clip=0.207  ev=+0.22  t=51942s
    [kl-stop] update 751: minibatch KL 0.0337 > 0.0300 (epoch 2/4) -- actor frozen, value-only for remaining passes
    [kl-stop] update 752: minibatch KL 0.0315 > 0.0300 (epoch 2/4) -- actor frozen, value-only for remaining passes
    [kl-stop] update 754: minibatch KL 0.0409 > 0.0300 (epoch 4/4) -- actor frozen, value-only for remaining passes
[ 755/2000] rew= 4177.9  thr=77.72Mbps  comp=0.607  drop=0.000  SINR= 16.3dB  KL= 0.0089  ent=0.895  clip=0.133  ev=+0.09  t=52218s
    [kl-stop] update 757: minibatch KL 0.0332 > 0.0300 (epoch 2/4) -- actor frozen, value-only for remaining passes
    [kl-stop] update 759: minibatch KL 0.0313 > 0.0300 (epoch 2/4) -- actor frozen, value-only for remaining passes
  --- eval at update 759 ---
    PPO           reward  6396.63  thrpt  85.71Mbps  comp 0.674  totfail 0.323  depth 3.30  eval_s=100.1
  [eval-time] update 759: 100.1s total
  >>> new best eval reward 6396.63, saved best.pt
[ 760/2000] rew= 6044.5  thr=85.04Mbps  comp=0.661  drop=0.000  SINR=  8.5dB  KL= 0.0149  ent=1.141  clip=0.223  ev=+0.09  t=52603s
    [kl-stop] update 762: minibatch KL 0.0327 > 0.0300 (epoch 4/4) -- actor frozen, value-only for remaining passes
    [kl-stop] update 763: minibatch KL 0.0334 > 0.0300 (epoch 3/4) -- actor frozen, value-only for remaining passes
[ 765/2000] rew= 6573.7  thr=87.19Mbps  comp=0.671  drop=0.000  SINR= 11.1dB  KL= 0.0133  ent=1.582  clip=0.204  ev=+0.32  t=52889s
    [kl-stop] update 766: minibatch KL 0.0370 > 0.0300 (epoch 2/4) -- actor frozen, value-only for remaining passes
  --- eval at update 769 ---
    PPO           reward  6369.36  thrpt  85.62Mbps  comp 0.673  totfail 0.324  depth 3.36  eval_s=97.7
  [eval-time] update 769: 97.7s total
[ 770/2000] rew= 4300.9  thr=77.06Mbps  comp=0.610  drop=0.000  SINR= 13.0dB  KL= 0.0128  ent=1.055  clip=0.200  ev=+0.27  t=53264s
    [batch-verify] update 775: 4 slots, max scaled |diff| 1.14e-05 OK
[ 775/2000] rew= 6983.6  thr=88.37Mbps  comp=0.690  drop=0.000  SINR= 10.2dB  KL= 0.0111  ent=1.245  clip=0.162  ev=+0.24  t=53541s
    [kl-stop] update 777: minibatch KL 0.0465 > 0.0300 (epoch 2/4) -- actor frozen, value-only for remaining passes
    [kl-stop] update 779: minibatch KL 0.0332 > 0.0300 (epoch 2/4) -- actor frozen, value-only for remaining passes
  --- eval at update 779 ---
    PPO           reward  6422.52  thrpt  85.66Mbps  comp 0.675  totfail 0.322  depth 3.27  eval_s=98.6
  [eval-time] update 779: 98.6s total
  >>> new best eval reward 6422.52, saved best.pt
[ 780/2000] rew= 5150.2  thr=82.86Mbps  comp=0.629  drop=0.000  SINR=  9.5dB  KL= 0.0137  ent=1.180  clip=0.196  ev=+0.37  t=53927s
    [kl-stop] update 784: minibatch KL 0.0306 > 0.0300 (epoch 3/4) -- actor frozen, value-only for remaining passes
[ 785/2000] rew= 4831.6  thr=79.56Mbps  comp=0.627  drop=0.000  SINR= 10.5dB  KL= 0.0167  ent=0.960  clip=0.232  ev=+0.15  t=54191s
    [kl-stop] update 789: minibatch KL 0.0334 > 0.0300 (epoch 3/4) -- actor frozen, value-only for remaining passes
  --- eval at update 789 ---
    PPO           reward  6420.84  thrpt  85.55Mbps  comp 0.676  totfail 0.321  depth 3.16  eval_s=95.1
  [eval-time] update 789: 95.1s total
    [kl-stop] update 790: minibatch KL 0.0391 > 0.0300 (epoch 2/4) -- actor frozen, value-only for remaining passes
[ 790/2000] rew= 9824.7  thr=99.89Mbps  comp=0.773  drop=0.000  SINR= 12.5dB  KL= 0.0250  ent=1.400  clip=0.316  ev=+0.29  t=54555s
    [kl-stop] update 791: minibatch KL 0.0322 > 0.0300 (epoch 2/4) -- actor frozen, value-only for remaining passes
    [kl-stop] update 794: minibatch KL 0.0314 > 0.0300 (epoch 3/4) -- actor frozen, value-only for remaining passes
[ 795/2000] rew= 5342.1  thr=82.38Mbps  comp=0.639  drop=0.000  SINR=  9.1dB  KL= 0.0140  ent=1.054  clip=0.199  ev=+0.28  t=54836s
    [kl-stop] update 796: minibatch KL 0.0332 > 0.0300 (epoch 2/4) -- actor frozen, value-only for remaining passes
    [kl-stop] update 797: minibatch KL 0.0317 > 0.0300 (epoch 4/4) -- actor frozen, value-only for remaining passes
    [kl-stop] update 799: minibatch KL 0.0434 > 0.0300 (epoch 2/4) -- actor frozen, value-only for remaining passes
  --- eval at update 799 ---
    PPO           reward  6440.61  thrpt  85.66Mbps  comp 0.676  totfail 0.321  depth 3.25  eval_s=101.6
  [eval-time] update 799: 101.6s total
  >>> new best eval reward 6440.61, saved best.pt
    [batch-verify] update 800: 4 slots, max scaled |diff| 7.63e-06 OK
    [kl-stop] update 800: minibatch KL 0.0389 > 0.0300 (epoch 2/4) -- actor frozen, value-only for remaining passes
[ 800/2000] rew= 9445.6  thr=97.36Mbps  comp=0.769  drop=0.000  SINR= 10.0dB  KL= 0.0281  ent=1.237  clip=0.341  ev=+0.27  t=55221s
    [kl-stop] update 805: minibatch KL 0.0305 > 0.0300 (epoch 2/4) -- actor frozen, value-only for remaining passes
[ 805/2000] rew= 3100.7  thr=72.09Mbps  comp=0.575  drop=0.001  SINR=  9.3dB  KL= 0.0247  ent=0.840  clip=0.298  ev=+0.07  t=55501s
    [kl-stop] update 806: minibatch KL 0.0401 > 0.0300 (epoch 2/4) -- actor frozen, value-only for remaining passes
    [kl-stop] update 807: minibatch KL 0.0314 > 0.0300 (epoch 3/4) -- actor frozen, value-only for remaining passes
  --- eval at update 809 ---
    PPO           reward  6426.05  thrpt  85.62Mbps  comp 0.676  totfail 0.321  depth 3.21  eval_s=94.1
  [eval-time] update 809: 94.1s total
[ 810/2000] rew= 3782.2  thr=75.44Mbps  comp=0.593  drop=0.000  SINR=  8.6dB  KL= 0.0165  ent=1.035  clip=0.236  ev=+0.35  t=55866s
    [kl-stop] update 813: minibatch KL 0.0313 > 0.0300 (epoch 2/4) -- actor frozen, value-only for remaining passes
    [kl-stop] update 814: minibatch KL 0.0337 > 0.0300 (epoch 2/4) -- actor frozen, value-only for remaining passes
    [kl-stop] update 815: minibatch KL 0.0316 > 0.0300 (epoch 2/4) -- actor frozen, value-only for remaining passes
[ 815/2000] rew= 7082.9  thr=88.93Mbps  comp=0.693  drop=0.000  SINR= 13.3dB  KL= 0.0215  ent=1.127  clip=0.283  ev=+0.27  t=56138s
    [kl-stop] update 818: minibatch KL 0.0327 > 0.0300 (epoch 2/4) -- actor frozen, value-only for remaining passes
  --- eval at update 819 ---
    PPO           reward  6410.39  thrpt  85.73Mbps  comp 0.675  totfail 0.322  depth 3.32  eval_s=100.9
  [eval-time] update 819: 100.9s total
[ 820/2000] rew= 6539.0  thr=86.99Mbps  comp=0.674  drop=0.000  SINR= 12.2dB  KL= 0.0161  ent=1.198  clip=0.240  ev=+0.23  t=56525s
    [kl-stop] update 822: minibatch KL 0.0327 > 0.0300 (epoch 3/4) -- actor frozen, value-only for remaining passes
    [kl-stop] update 823: minibatch KL 0.0381 > 0.0300 (epoch 2/4) -- actor frozen, value-only for remaining passes
    [kl-stop] update 824: minibatch KL 0.0312 > 0.0300 (epoch 2/4) -- actor frozen, value-only for remaining passes
    [batch-verify] update 825: 4 slots, max scaled |diff| 3.81e-06 OK
    [kl-stop] update 825: minibatch KL 0.0486 > 0.0300 (epoch 2/4) -- actor frozen, value-only for remaining passes
[ 825/2000] rew= 2797.5  thr=73.05Mbps  comp=0.558  drop=0.000  SINR=  7.0dB  KL= 0.0422  ent=1.027  clip=0.431  ev=+0.20  t=56820s
    [kl-stop] update 827: minibatch KL 0.0343 > 0.0300 (epoch 2/4) -- actor frozen, value-only for remaining passes
    [kl-stop] update 829: minibatch KL 0.0426 > 0.0300 (epoch 2/4) -- actor frozen, value-only for remaining passes
  --- eval at update 829 ---
    PPO           reward  6428.44  thrpt  85.63Mbps  comp 0.676  totfail 0.321  depth 3.13  eval_s=95.5
  [eval-time] update 829: 95.5s total
    [kl-stop] update 830: minibatch KL 0.0329 > 0.0300 (epoch 1/4) -- actor frozen, value-only for remaining passes
[ 830/2000] rew= 3498.7  thr=75.13Mbps  comp=0.582  drop=0.000  SINR=  5.8dB  KL= 0.0284  ent=1.089  clip=0.351  ev=+0.27  t=57184s
    [kl-stop] update 833: minibatch KL 0.0325 > 0.0300 (epoch 3/4) -- actor frozen, value-only for remaining passes
    [kl-stop] update 834: minibatch KL 0.0322 > 0.0300 (epoch 2/4) -- actor frozen, value-only for remaining passes
[ 835/2000] rew= 4686.0  thr=78.39Mbps  comp=0.624  drop=0.000  SINR=  7.8dB  KL= 0.0129  ent=0.892  clip=0.191  ev=+0.22  t=57447s
  --- eval at update 839 ---
    PPO           reward  6385.57  thrpt  85.44Mbps  comp 0.675  totfail 0.322  depth 3.08  eval_s=95.7
  [eval-time] update 839: 95.7s total
[ 840/2000] rew= 6784.4  thr=88.11Mbps  comp=0.683  drop=0.000  SINR= 12.4dB  KL= 0.0130  ent=0.960  clip=0.185  ev=+0.17  t=57814s
    [kl-stop] update 845: minibatch KL 0.0367 > 0.0300 (epoch 2/4) -- actor frozen, value-only for remaining passes
[ 845/2000] rew= 8670.4  thr=94.88Mbps  comp=0.740  drop=0.000  SINR=  9.7dB  KL= 0.0261  ent=1.142  clip=0.333  ev=+0.21  t=58085s
    [kl-stop] update 846: minibatch KL 0.0334 > 0.0300 (epoch 2/4) -- actor frozen, value-only for remaining passes
    [kl-stop] update 848: minibatch KL 0.0374 > 0.0300 (epoch 2/4) -- actor frozen, value-only for remaining passes
  --- eval at update 849 ---
    PPO           reward  6395.59  thrpt  85.60Mbps  comp 0.674  totfail 0.323  depth 3.24  eval_s=98.0
  [eval-time] update 849: 98.0s total
    [batch-verify] update 850: 4 slots, max scaled |diff| 5.72e-06 OK
[ 850/2000] rew= 5736.5  thr=82.87Mbps  comp=0.652  drop=0.000  SINR=  9.1dB  KL= 0.0104  ent=0.991  clip=0.154  ev=+0.10  t=58463s
    [kl-stop] update 851: minibatch KL 0.0323 > 0.0300 (epoch 2/4) -- actor frozen, value-only for remaining passes
[ 855/2000] rew= 4395.4  thr=79.02Mbps  comp=0.607  drop=0.000  SINR=  7.7dB  KL= 0.0101  ent=1.143  clip=0.150  ev=+0.37  t=58745s
    [kl-stop] update 856: minibatch KL 0.0426 > 0.0300 (epoch 2/4) -- actor frozen, value-only for remaining passes
    [kl-stop] update 857: minibatch KL 0.0363 > 0.0300 (epoch 2/4) -- actor frozen, value-only for remaining passes
    [kl-stop] update 858: minibatch KL 0.0327 > 0.0300 (epoch 3/4) -- actor frozen, value-only for remaining passes
    [kl-stop] update 859: minibatch KL 0.0358 > 0.0300 (epoch 2/4) -- actor frozen, value-only for remaining passes
  --- eval at update 859 ---
    PPO           reward  6385.15  thrpt  85.56Mbps  comp 0.674  totfail 0.323  depth 3.25  eval_s=94.5
  [eval-time] update 859: 94.5s total
[ 860/2000] rew= 6912.2  thr=88.72Mbps  comp=0.686  drop=0.000  SINR=  9.9dB  KL= 0.0138  ent=1.018  clip=0.194  ev=+0.16  t=59119s
    [kl-stop] update 862: minibatch KL 0.0304 > 0.0300 (epoch 2/4) -- actor frozen, value-only for remaining passes
    [kl-stop] update 865: minibatch KL 0.0438 > 0.0300 (epoch 2/4) -- actor frozen, value-only for remaining passes
[ 865/2000] rew= 8863.8  thr=95.52Mbps  comp=0.748  drop=0.000  SINR= 11.7dB  KL= 0.0272  ent=1.010  clip=0.304  ev=+0.15  t=59391s
    [kl-stop] update 866: minibatch KL 0.0335 > 0.0300 (epoch 2/4) -- actor frozen, value-only for remaining passes
    [kl-stop] update 869: minibatch KL 0.0401 > 0.0300 (epoch 2/4) -- actor frozen, value-only for remaining passes
  --- eval at update 869 ---
    PPO           reward  6392.28  thrpt  85.59Mbps  comp 0.674  totfail 0.323  depth 3.34  eval_s=98.0
  [eval-time] update 869: 98.0s total
    [kl-stop] update 870: minibatch KL 0.0374 > 0.0300 (epoch 3/4) -- actor frozen, value-only for remaining passes
[ 870/2000] rew= 4184.3  thr=76.92Mbps  comp=0.607  drop=0.000  SINR=  6.6dB  KL= 0.0207  ent=0.833  clip=0.236  ev=+0.24  t=59767s
    [kl-stop] update 871: minibatch KL 0.0513 > 0.0300 (epoch 1/4) -- actor frozen, value-only for remaining passes
    [kl-stop] update 872: minibatch KL 0.0388 > 0.0300 (epoch 1/4) -- actor frozen, value-only for remaining passes
    [batch-verify] update 875: 4 slots, max scaled |diff| 3.81e-06 OK
[ 875/2000] rew= 5651.5  thr=82.43Mbps  comp=0.652  drop=0.000  SINR= 10.8dB  KL= 0.0104  ent=0.919  clip=0.151  ev=+0.35  t=60045s
  --- eval at update 879 ---
    PPO           reward  6401.27  thrpt  85.58Mbps  comp 0.675  totfail 0.322  depth 3.23  eval_s=99.2
  [eval-time] update 879: 99.2s total
    [kl-stop] update 880: minibatch KL 0.0381 > 0.0300 (epoch 2/4) -- actor frozen, value-only for remaining passes
[ 880/2000] rew= 3674.1  thr=75.93Mbps  comp=0.588  drop=0.000  SINR=  6.9dB  KL= 0.0271  ent=0.906  clip=0.312  ev=+0.38  t=60420s
    [kl-stop] update 881: minibatch KL 0.0330 > 0.0300 (epoch 2/4) -- actor frozen, value-only for remaining passes
    [kl-stop] update 882: minibatch KL 0.0412 > 0.0300 (epoch 2/4) -- actor frozen, value-only for remaining passes
    [kl-stop] update 883: minibatch KL 0.0327 > 0.0300 (epoch 2/4) -- actor frozen, value-only for remaining passes
[ 885/2000] rew= 7556.4  thr=89.77Mbps  comp=0.712  drop=0.000  SINR= 11.8dB  KL= 0.0136  ent=0.918  clip=0.202  ev=+0.24  t=60701s
    [kl-stop] update 887: minibatch KL 0.0409 > 0.0300 (epoch 2/4) -- actor frozen, value-only for remaining passes
  --- eval at update 889 ---
    PPO           reward  6390.61  thrpt  85.51Mbps  comp 0.675  totfail 0.322  depth 3.16  eval_s=98.7
  [eval-time] update 889: 98.7s total
[ 890/2000] rew= 7055.2  thr=88.95Mbps  comp=0.690  drop=0.000  SINR=  9.8dB  KL= 0.0154  ent=0.999  clip=0.221  ev=+0.37  t=61078s
    [kl-stop] update 891: minibatch KL 0.0409 > 0.0300 (epoch 2/4) -- actor frozen, value-only for remaining passes
    [kl-stop] update 894: minibatch KL 0.0361 > 0.0300 (epoch 2/4) -- actor frozen, value-only for remaining passes
    [kl-stop] update 895: minibatch KL 0.0420 > 0.0300 (epoch 2/4) -- actor frozen, value-only for remaining passes
[ 895/2000] rew= 8880.8  thr=95.94Mbps  comp=0.748  drop=0.000  SINR= 14.2dB  KL= 0.0359  ent=1.105  clip=0.387  ev=+0.20  t=61365s
    [kl-stop] update 897: minibatch KL 0.0378 > 0.0300 (epoch 2/4) -- actor frozen, value-only for remaining passes
    [kl-stop] update 898: minibatch KL 0.0308 > 0.0300 (epoch 4/4) -- actor frozen, value-only for remaining passes
  --- eval at update 899 ---
    PPO           reward  6415.22  thrpt  85.64Mbps  comp 0.675  totfail 0.322  depth 3.17  eval_s=98.3
  [eval-time] update 899: 98.3s total
    [batch-verify] update 900: 4 slots, max scaled |diff| 3.81e-06 OK
[ 900/2000] rew= 5882.6  thr=83.47Mbps  comp=0.659  drop=0.000  SINR= 11.8dB  KL= 0.0101  ent=0.848  clip=0.140  ev=+0.13  t=61739s
    [kl-stop] update 903: minibatch KL 0.0313 > 0.0300 (epoch 3/4) -- actor frozen, value-only for remaining passes
[ 905/2000] rew= 7463.6  thr=88.97Mbps  comp=0.710  drop=0.000  SINR= 12.3dB  KL= 0.0168  ent=0.993  clip=0.238  ev=+0.13  t=62027s
    [kl-stop] update 906: minibatch KL 0.0411 > 0.0300 (epoch 2/4) -- actor frozen, value-only for remaining passes
    [kl-stop] update 907: minibatch KL 0.0322 > 0.0300 (epoch 2/4) -- actor frozen, value-only for remaining passes
    [kl-stop] update 908: minibatch KL 0.0304 > 0.0300 (epoch 3/4) -- actor frozen, value-only for remaining passes
    [kl-stop] update 909: minibatch KL 0.0303 > 0.0300 (epoch 2/4) -- actor frozen, value-only for remaining passes
  --- eval at update 909 ---
    PPO           reward  6390.29  thrpt  85.55Mbps  comp 0.674  totfail 0.323  depth 3.24  eval_s=97.7
  [eval-time] update 909: 97.7s total
    [kl-stop] update 910: minibatch KL 0.0464 > 0.0300 (epoch 2/4) -- actor frozen, value-only for remaining passes
[ 910/2000] rew= 4944.7  thr=81.01Mbps  comp=0.625  drop=0.000  SINR=  8.5dB  KL= 0.0337  ent=1.122  clip=0.382  ev=+0.31  t=62412s
    [kl-stop] update 911: minibatch KL 0.0317 > 0.0300 (epoch 3/4) -- actor frozen, value-only for remaining passes
    [kl-stop] update 912: minibatch KL 0.0407 > 0.0300 (epoch 2/4) -- actor frozen, value-only for remaining passes
    [kl-stop] update 913: minibatch KL 0.0336 > 0.0300 (epoch 2/4) -- actor frozen, value-only for remaining passes
[ 915/2000] rew= 7804.2  thr=90.80Mbps  comp=0.720  drop=0.000  SINR= 11.6dB  KL= 0.0162  ent=0.872  clip=0.233  ev=+0.37  t=62692s
    [kl-stop] update 916: minibatch KL 0.0347 > 0.0300 (epoch 2/4) -- actor frozen, value-only for remaining passes
    [kl-stop] update 917: minibatch KL 0.0356 > 0.0300 (epoch 2/4) -- actor frozen, value-only for remaining passes
  --- eval at update 919 ---
    PPO           reward  6378.31  thrpt  85.58Mbps  comp 0.674  totfail 0.323  depth 3.32  eval_s=97.2
  [eval-time] update 919: 97.2s total
    [kl-stop] update 920: minibatch KL 0.0320 > 0.0300 (epoch 2/4) -- actor frozen, value-only for remaining passes
[ 920/2000] rew= 5751.0  thr=83.78Mbps  comp=0.649  drop=0.000  SINR= 11.0dB  KL= 0.0220  ent=1.156  clip=0.262  ev=+0.22  t=63078s
    [kl-stop] update 921: minibatch KL 0.0398 > 0.0300 (epoch 1/4) -- actor frozen, value-only for remaining passes
    [kl-stop] update 922: minibatch KL 0.0628 > 0.0300 (epoch 1/4) -- actor frozen, value-only for remaining passes
    [kl-stop] update 923: minibatch KL 0.0472 > 0.0300 (epoch 1/4) -- actor frozen, value-only for remaining passes
    [kl-stop] update 924: minibatch KL 0.0426 > 0.0300 (epoch 1/4) -- actor frozen, value-only for remaining passes
    [batch-verify] update 925: 4 slots, max scaled |diff| 5.72e-06 OK
    [kl-stop] update 925: minibatch KL 0.0323 > 0.0300 (epoch 1/4) -- actor frozen, value-only for remaining passes
[ 925/2000] rew= 3013.1  thr=73.09Mbps  comp=0.568  drop=0.000  SINR=  7.4dB  KL= 0.0319  ent=0.868  clip=0.363  ev=+0.09  t=63348s
    [kl-stop] update 929: minibatch KL 0.0374 > 0.0300 (epoch 2/4) -- actor frozen, value-only for remaining passes
  --- eval at update 929 ---
    PPO           reward  6414.97  thrpt  85.58Mbps  comp 0.675  totfail 0.322  depth 3.15  eval_s=95.1
  [eval-time] update 929: 95.1s total
    [kl-stop] update 930: minibatch KL 0.0360 > 0.0300 (epoch 2/4) -- actor frozen, value-only for remaining passes
[ 930/2000] rew= 7854.0  thr=91.26Mbps  comp=0.722  drop=0.000  SINR= 12.3dB  KL= 0.0240  ent=0.898  clip=0.302  ev=+0.16  t=63721s
    [kl-stop] update 931: minibatch KL 0.0398 > 0.0300 (epoch 3/4) -- actor frozen, value-only for remaining passes
    [kl-stop] update 935: minibatch KL 0.0301 > 0.0300 (epoch 2/4) -- actor frozen, value-only for remaining passes
[ 935/2000] rew= 7191.3  thr=88.87Mbps  comp=0.697  drop=0.000  SINR= 12.5dB  KL= 0.0209  ent=0.994  clip=0.290  ev=+0.21  t=63993s
    [kl-stop] update 936: minibatch KL 0.0376 > 0.0300 (epoch 2/4) -- actor frozen, value-only for remaining passes
    [kl-stop] update 937: minibatch KL 0.0301 > 0.0300 (epoch 2/4) -- actor frozen, value-only for remaining passes
    [kl-stop] update 939: minibatch KL 0.0311 > 0.0300 (epoch 2/4) -- actor frozen, value-only for remaining passes
  --- eval at update 939 ---
    PPO           reward  6401.65  thrpt  85.52Mbps  comp 0.675  totfail 0.322  depth 3.22  eval_s=96.1
  [eval-time] update 939: 96.1s total
    [kl-stop] update 940: minibatch KL 0.0364 > 0.0300 (epoch 3/4) -- actor frozen, value-only for remaining passes
[ 940/2000] rew= 8576.0  thr=92.43Mbps  comp=0.748  drop=0.000  SINR= 15.1dB  KL= 0.0212  ent=1.061  clip=0.263  ev=+0.13  t=64375s
    [kl-stop] update 941: minibatch KL 0.0356 > 0.0300 (epoch 2/4) -- actor frozen, value-only for remaining passes
    [kl-stop] update 945: minibatch KL 0.0346 > 0.0300 (epoch 1/4) -- actor frozen, value-only for remaining passes
[ 945/2000] rew= 3786.7  thr=75.67Mbps  comp=0.594  drop=0.000  SINR=  9.5dB  KL= 0.0286  ent=0.864  clip=0.364  ev=+0.28  t=64655s
    [kl-stop] update 946: minibatch KL 0.0323 > 0.0300 (epoch 2/4) -- actor frozen, value-only for remaining passes
    [kl-stop] update 948: minibatch KL 0.0310 > 0.0300 (epoch 3/4) -- actor frozen, value-only for remaining passes
  --- eval at update 949 ---
    PPO           reward  6390.14  thrpt  85.48Mbps  comp 0.675  totfail 0.322  depth 3.15  eval_s=99.1
  [eval-time] update 949: 99.1s total
    [batch-verify] update 950: 4 slots, max scaled |diff| 3.81e-06 OK
[ 950/2000] rew= 6169.3  thr=85.71Mbps  comp=0.661  drop=0.000  SINR= 10.6dB  KL= 0.0100  ent=1.172  clip=0.147  ev=+0.46  t=65031s
    [kl-stop] update 951: minibatch KL 0.0412 > 0.0300 (epoch 2/4) -- actor frozen, value-only for remaining passes
    [kl-stop] update 952: minibatch KL 0.0397 > 0.0300 (epoch 1/4) -- actor frozen, value-only for remaining passes
[ 955/2000] rew= 6328.1  thr=85.25Mbps  comp=0.672  drop=0.000  SINR= 11.2dB  KL= 0.0093  ent=0.994  clip=0.132  ev=+0.24  t=65315s
    [kl-stop] update 957: minibatch KL 0.0329 > 0.0300 (epoch 2/4) -- actor frozen, value-only for remaining passes
    [kl-stop] update 959: minibatch KL 0.0318 > 0.0300 (epoch 4/4) -- actor frozen, value-only for remaining passes
  --- eval at update 959 ---
    PPO           reward  6369.92  thrpt  85.30Mbps  comp 0.674  totfail 0.323  depth 3.02  eval_s=92.5
  [eval-time] update 959: 92.5s total
[ 960/2000] rew= 5916.7  thr=83.89Mbps  comp=0.660  drop=0.000  SINR=  9.5dB  KL= 0.0109  ent=0.873  clip=0.150  ev=-0.00  t=65673s
[ 965/2000] rew= 6567.7  thr=86.59Mbps  comp=0.681  drop=0.000  SINR= 13.2dB  KL= 0.0072  ent=0.713  clip=0.099  ev=+0.12  t=65925s
  --- eval at update 969 ---
    PPO           reward  6362.85  thrpt  85.24Mbps  comp 0.674  totfail 0.323  depth 2.98  eval_s=93.4
  [eval-time] update 969: 93.4s total
[ 970/2000] rew= 6293.7  thr=85.20Mbps  comp=0.670  drop=0.000  SINR= 11.1dB  KL= 0.0106  ent=0.959  clip=0.158  ev=+0.24  t=66288s
    [kl-stop] update 974: minibatch KL 0.0309 > 0.0300 (epoch 2/4) -- actor frozen, value-only for remaining passes
    [batch-verify] update 975: 4 slots, max scaled |diff| 3.81e-06 OK
[ 975/2000] rew= 4013.4  thr=76.73Mbps  comp=0.599  drop=0.000  SINR=  8.1dB  KL= 0.0208  ent=0.897  clip=0.287  ev=+0.33  t=66565s
    [kl-stop] update 976: minibatch KL 0.0330 > 0.0300 (epoch 2/4) -- actor frozen, value-only for remaining passes
  --- eval at update 979 ---
    PPO           reward  6307.54  thrpt  85.04Mbps  comp 0.673  totfail 0.325  depth 2.95  eval_s=92.5
  [eval-time] update 979: 92.5s total
[ 980/2000] rew= 5251.6  thr=81.10Mbps  comp=0.641  drop=0.000  SINR=  8.6dB  KL= 0.0089  ent=0.904  clip=0.124  ev=+0.10  t=66923s
    [kl-stop] update 981: minibatch KL 0.0305 > 0.0300 (epoch 4/4) -- actor frozen, value-only for remaining passes
    [kl-stop] update 984: minibatch KL 0.0378 > 0.0300 (epoch 2/4) -- actor frozen, value-only for remaining passes
[ 985/2000] rew= 5003.9  thr=79.00Mbps  comp=0.631  drop=0.000  SINR=  7.9dB  KL= 0.0132  ent=1.046  clip=0.193  ev=+0.40  t=67195s
    [kl-stop] update 986: minibatch KL 0.0348 > 0.0300 (epoch 4/4) -- actor frozen, value-only for remaining passes
    [kl-stop] update 987: minibatch KL 0.0389 > 0.0300 (epoch 3/4) -- actor frozen, value-only for remaining passes
  --- eval at update 989 ---
    PPO           reward  6366.57  thrpt  85.27Mbps  comp 0.674  totfail 0.323  depth 3.03  eval_s=93.5
  [eval-time] update 989: 93.6s total
[ 990/2000] rew= 6588.3  thr=86.87Mbps  comp=0.677  drop=0.000  SINR= 15.3dB  KL= 0.0141  ent=0.960  clip=0.192  ev=+0.30  t=67557s
    [kl-stop] update 995: minibatch KL 0.0407 > 0.0300 (epoch 2/4) -- actor frozen, value-only for remaining passes
[ 995/2000] rew= 2470.2  thr=71.11Mbps  comp=0.552  drop=0.000  SINR=  8.0dB  KL= 0.0303  ent=0.799  clip=0.352  ev=+0.32  t=67824s
    [kl-stop] update 996: minibatch KL 0.0352 > 0.0300 (epoch 1/4) -- actor frozen, value-only for remaining passes
    [kl-stop] update 998: minibatch KL 0.0316 > 0.0300 (epoch 2/4) -- actor frozen, value-only for remaining passes
    [kl-stop] update 999: minibatch KL 0.0377 > 0.0300 (epoch 2/4) -- actor frozen, value-only for remaining passes
  --- eval at update 999 ---
    PPO           reward  6306.07  thrpt  84.96Mbps  comp 0.673  totfail 0.325  depth 2.89  eval_s=94.2
  [eval-time] update 999: 94.2s total
    [batch-verify] update 1000: 4 slots, max scaled |diff| 4.01e-06 OK
[1000/2000] rew= 6739.9  thr=86.25Mbps  comp=0.689  drop=0.000  SINR= 13.7dB  KL= 0.0108  ent=0.714  clip=0.140  ev=+0.06  t=68169s
    [kl-stop] update 1001: minibatch KL 0.0318 > 0.0300 (epoch 3/4) -- actor frozen, value-only for remaining passes
    [kl-stop] update 1004: minibatch KL 0.0349 > 0.0300 (epoch 2/4) -- actor frozen, value-only for remaining passes
[1005/2000] rew= 5550.1  thr=81.32Mbps  comp=0.652  drop=0.000  SINR= 12.7dB  KL= 0.0113  ent=0.870  clip=0.158  ev=+0.22  t=68431s
    [kl-stop] update 1007: minibatch KL 0.0302 > 0.0300 (epoch 3/4) -- actor frozen, value-only for remaining passes
    [kl-stop] update 1008: minibatch KL 0.0373 > 0.0300 (epoch 3/4) -- actor frozen, value-only for remaining passes
  --- eval at update 1009 ---
    PPO           reward  6393.09  thrpt  85.35Mbps  comp 0.675  totfail 0.322  depth 3.00  eval_s=92.9
  [eval-time] update 1009: 92.9s total
[1010/2000] rew= 6167.9  thr=84.30Mbps  comp=0.667  drop=0.000  SINR= 11.5dB  KL= 0.0116  ent=1.031  clip=0.179  ev=+0.32  t=68790s
    [kl-stop] update 1011: minibatch KL 0.0377 > 0.0300 (epoch 2/4) -- actor frozen, value-only for remaining passes
    [kl-stop] update 1012: minibatch KL 0.0393 > 0.0300 (epoch 2/4) -- actor frozen, value-only for remaining passes
    [kl-stop] update 1013: minibatch KL 0.0410 > 0.0300 (epoch 2/4) -- actor frozen, value-only for remaining passes
    [kl-stop] update 1014: minibatch KL 0.0309 > 0.0300 (epoch 2/4) -- actor frozen, value-only for remaining passes
[1015/2000] rew= 6371.1  thr=84.63Mbps  comp=0.676  drop=0.000  SINR=  9.8dB  KL= 0.0102  ent=0.915  clip=0.150  ev=+0.28  t=69074s
    [kl-stop] update 1016: minibatch KL 0.0308 > 0.0300 (epoch 2/4) -- actor frozen, value-only for remaining passes
    [kl-stop] update 1017: minibatch KL 0.0333 > 0.0300 (epoch 2/4) -- actor frozen, value-only for remaining passes
    [kl-stop] update 1018: minibatch KL 0.0626 > 0.0300 (epoch 1/4) -- actor frozen, value-only for remaining passes
    [kl-stop] update 1019: minibatch KL 0.0525 > 0.0300 (epoch 1/4) -- actor frozen, value-only for remaining passes
  --- eval at update 1019 ---
    PPO           reward  6375.74  thrpt  85.42Mbps  comp 0.674  totfail 0.323  depth 3.11  eval_s=95.3
  [eval-time] update 1019: 95.3s total
    [kl-stop] update 1020: minibatch KL 0.0323 > 0.0300 (epoch 3/4) -- actor frozen, value-only for remaining passes
[1020/2000] rew= 8244.3  thr=94.45Mbps  comp=0.724  drop=0.000  SINR= 13.0dB  KL= 0.0186  ent=1.115  clip=0.251  ev=+0.41  t=69455s
    [kl-stop] update 1022: minibatch KL 0.0372 > 0.0300 (epoch 3/4) -- actor frozen, value-only for remaining passes
    [kl-stop] update 1023: minibatch KL 0.0512 > 0.0300 (epoch 2/4) -- actor frozen, value-only for remaining passes
    [kl-stop] update 1024: minibatch KL 0.0408 > 0.0300 (epoch 1/4) -- actor frozen, value-only for remaining passes
    [batch-verify] update 1025: 4 slots, max scaled |diff| 4.77e-06 OK
    [kl-stop] update 1025: minibatch KL 0.0347 > 0.0300 (epoch 1/4) -- actor frozen, value-only for remaining passes
[1025/2000] rew= 4459.5  thr=79.02Mbps  comp=0.613  drop=0.001  SINR= 12.1dB  KL= 0.0317  ent=0.725  clip=0.372  ev=+0.36  t=69721s
    [kl-stop] update 1027: minibatch KL 0.0354 > 0.0300 (epoch 2/4) -- actor frozen, value-only for remaining passes
    [kl-stop] update 1028: minibatch KL 0.0456 > 0.0300 (epoch 2/4) -- actor frozen, value-only for remaining passes
    [kl-stop] update 1029: minibatch KL 0.0528 > 0.0300 (epoch 2/4) -- actor frozen, value-only for remaining passes
  --- eval at update 1029 ---
    PPO           reward  6384.31  thrpt  85.48Mbps  comp 0.674  totfail 0.323  depth 3.10  eval_s=95.8
  [eval-time] update 1029: 95.8s total
    [kl-stop] update 1030: minibatch KL 0.0391 > 0.0300 (epoch 3/4) -- actor frozen, value-only for remaining passes
[1030/2000] rew= 3189.8  thr=74.24Mbps  comp=0.575  drop=0.000  SINR= 13.3dB  KL= 0.0233  ent=0.777  clip=0.249  ev=-0.02  t=70091s
    [kl-stop] update 1031: minibatch KL 0.0430 > 0.0300 (epoch 1/4) -- actor frozen, value-only for remaining passes
    [kl-stop] update 1032: minibatch KL 0.0396 > 0.0300 (epoch 3/4) -- actor frozen, value-only for remaining passes
[1035/2000] rew= 6355.3  thr=85.49Mbps  comp=0.671  drop=0.000  SINR= 13.4dB  KL= 0.0100  ent=1.111  clip=0.146  ev=+0.01  t=70373s
    [kl-stop] update 1036: minibatch KL 0.0341 > 0.0300 (epoch 2/4) -- actor frozen, value-only for remaining passes
  --- eval at update 1039 ---
    PPO           reward  6375.21  thrpt  85.38Mbps  comp 0.674  totfail 0.323  depth 3.04  eval_s=93.8
  [eval-time] update 1039: 93.8s total
    [kl-stop] update 1040: minibatch KL 0.0373 > 0.0300 (epoch 2/4) -- actor frozen, value-only for remaining passes
[1040/2000] rew= 2791.0  thr=71.76Mbps  comp=0.560  drop=0.000  SINR= 10.2dB  KL= 0.0275  ent=0.939  clip=0.330  ev=+0.35  t=70745s
    [kl-stop] update 1041: minibatch KL 0.0304 > 0.0300 (epoch 2/4) -- actor frozen, value-only for remaining passes
    [kl-stop] update 1043: minibatch KL 0.0374 > 0.0300 (epoch 3/4) -- actor frozen, value-only for remaining passes
[1045/2000] rew= 5420.9  thr=81.42Mbps  comp=0.645  drop=0.000  SINR= 14.4dB  KL= 0.0138  ent=0.819  clip=0.204  ev=+0.31  t=71002s
    [kl-stop] update 1046: minibatch KL 0.0356 > 0.0300 (epoch 2/4) -- actor frozen, value-only for remaining passes
  --- eval at update 1049 ---
    PPO           reward  6347.25  thrpt  85.22Mbps  comp 0.674  totfail 0.323  depth 2.98  eval_s=94.3
  [eval-time] update 1049: 94.3s total
    [batch-verify] update 1050: 4 slots, max scaled |diff| 3.81e-06 OK
[1050/2000] rew= 7222.5  thr=88.66Mbps  comp=0.699  drop=0.000  SINR= 17.5dB  KL= 0.0134  ent=0.995  clip=0.190  ev=+0.41  t=71367s
    [kl-stop] update 1054: minibatch KL 0.0531 > 0.0300 (epoch 2/4) -- actor frozen, value-only for remaining passes
[1055/2000] rew= 5095.0  thr=79.73Mbps  comp=0.637  drop=0.000  SINR= 11.4dB  KL= 0.0108  ent=0.820  clip=0.155  ev=+0.14  t=71627s
  --- eval at update 1059 ---
    PPO           reward  6338.72  thrpt  85.22Mbps  comp 0.673  totfail 0.324  depth 2.97  eval_s=92.7
  [eval-time] update 1059: 92.7s total
[1060/2000] rew= 6238.7  thr=86.47Mbps  comp=0.664  drop=0.000  SINR=  9.3dB  KL= 0.0131  ent=1.009  clip=0.189  ev=+0.00  t=71986s
[1065/2000] rew= 5983.4  thr=84.03Mbps  comp=0.660  drop=0.000  SINR=  6.4dB  KL= 0.0108  ent=1.067  clip=0.163  ev=+0.10  t=72261s
  --- eval at update 1069 ---
    PPO           reward  6355.99  thrpt  85.35Mbps  comp 0.674  totfail 0.324  depth 3.01  eval_s=94.1
  [eval-time] update 1069: 94.1s total
    [kl-stop] update 1070: minibatch KL 0.0359 > 0.0300 (epoch 2/4) -- actor frozen, value-only for remaining passes
[1070/2000] rew= 4024.9  thr=76.62Mbps  comp=0.602  drop=0.001  SINR= 11.3dB  KL= 0.0236  ent=0.668  clip=0.288  ev=+0.17  t=72617s
    [kl-stop] update 1071: minibatch KL 0.0304 > 0.0300 (epoch 2/4) -- actor frozen, value-only for remaining passes
    [batch-verify] update 1075: 4 slots, max scaled |diff| 5.72e-06 OK
    [kl-stop] update 1075: minibatch KL 0.0332 > 0.0300 (epoch 3/4) -- actor frozen, value-only for remaining passes
[1075/2000] rew= 7359.2  thr=88.63Mbps  comp=0.705  drop=0.000  SINR= 10.6dB  KL= 0.0199  ent=1.017  clip=0.266  ev=+0.25  t=72874s
  --- eval at update 1079 ---
    PPO           reward  6333.03  thrpt  85.21Mbps  comp 0.673  totfail 0.324  depth 2.93  eval_s=92.3
  [eval-time] update 1079: 92.3s total
[1080/2000] rew= 5888.6  thr=83.18Mbps  comp=0.659  drop=0.000  SINR= 13.1dB  KL= 0.0100  ent=0.874  clip=0.140  ev=+0.20  t=73231s
    [kl-stop] update 1083: minibatch KL 0.0380 > 0.0300 (epoch 2/4) -- actor frozen, value-only for remaining passes
    [kl-stop] update 1084: minibatch KL 0.0346 > 0.0300 (epoch 2/4) -- actor frozen, value-only for remaining passes
[1085/2000] rew= 5215.6  thr=81.54Mbps  comp=0.637  drop=0.000  SINR= 13.2dB  KL= 0.0103  ent=0.835  clip=0.154  ev=+0.38  t=73500s
    [kl-stop] update 1089: minibatch KL 0.0388 > 0.0300 (epoch 3/4) -- actor frozen, value-only for remaining passes
  --- eval at update 1089 ---
    PPO           reward  6354.74  thrpt  85.30Mbps  comp 0.674  totfail 0.324  depth 3.01  eval_s=92.9
  [eval-time] update 1089: 92.9s total
    [kl-stop] update 1090: minibatch KL 0.0513 > 0.0300 (epoch 2/4) -- actor frozen, value-only for remaining passes
[1090/2000] rew= 2340.7  thr=70.35Mbps  comp=0.549  drop=0.000  SINR= 11.2dB  KL= 0.0325  ent=0.778  clip=0.363  ev=+0.25  t=73862s
    [kl-stop] update 1092: minibatch KL 0.0463 > 0.0300 (epoch 3/4) -- actor frozen, value-only for remaining passes
[1095/2000] rew= 5213.1  thr=80.95Mbps  comp=0.635  drop=0.000  SINR=  9.4dB  KL= 0.0132  ent=0.967  clip=0.191  ev=+0.31  t=74132s
    [kl-stop] update 1097: minibatch KL 0.0420 > 0.0300 (epoch 2/4) -- actor frozen, value-only for remaining passes
    [kl-stop] update 1099: minibatch KL 0.0325 > 0.0300 (epoch 1/4) -- actor frozen, value-only for remaining passes
  --- eval at update 1099 ---
    PPO           reward  6343.02  thrpt  85.22Mbps  comp 0.673  totfail 0.324  depth 2.92  eval_s=93.1
  [eval-time] update 1099: 93.1s total
    [batch-verify] update 1100: 4 slots, max scaled |diff| 5.72e-06 OK
    [kl-stop] update 1100: minibatch KL 0.0391 > 0.0300 (epoch 4/4) -- actor frozen, value-only for remaining passes
[1100/2000] rew= 6071.7  thr=85.22Mbps  comp=0.661  drop=0.000  SINR= 10.5dB  KL= 0.0162  ent=0.911  clip=0.217  ev=+0.16  t=74486s
    [kl-stop] update 1103: minibatch KL 0.0402 > 0.0300 (epoch 2/4) -- actor frozen, value-only for remaining passes
[1105/2000] rew= 6344.8  thr=84.86Mbps  comp=0.672  drop=0.000  SINR=  7.3dB  KL= 0.0115  ent=1.084  clip=0.171  ev=+0.40  t=74763s
    [kl-stop] update 1106: minibatch KL 0.0310 > 0.0300 (epoch 3/4) -- actor frozen, value-only for remaining passes
    [kl-stop] update 1108: minibatch KL 0.0322 > 0.0300 (epoch 2/4) -- actor frozen, value-only for remaining passes
    [kl-stop] update 1109: minibatch KL 0.0336 > 0.0300 (epoch 2/4) -- actor frozen, value-only for remaining passes
  --- eval at update 1109 ---
    PPO           reward  6377.93  thrpt  85.49Mbps  comp 0.674  totfail 0.323  depth 3.04  eval_s=93.5
  [eval-time] update 1109: 93.5s total
    [kl-stop] update 1110: minibatch KL 0.0348 > 0.0300 (epoch 2/4) -- actor frozen, value-only for remaining passes
[1110/2000] rew= 4823.2  thr=78.18Mbps  comp=0.628  drop=0.000  SINR= 14.8dB  KL= 0.0253  ent=0.879  clip=0.287  ev=+0.35  t=75130s
    [kl-stop] update 1112: minibatch KL 0.0364 > 0.0300 (epoch 2/4) -- actor frozen, value-only for remaining passes
    [kl-stop] update 1113: minibatch KL 0.0400 > 0.0300 (epoch 1/4) -- actor frozen, value-only for remaining passes
[1115/2000] rew= 7250.0  thr=87.84Mbps  comp=0.704  drop=0.000  SINR= 16.7dB  KL= 0.0136  ent=0.920  clip=0.190  ev=+0.24  t=75388s
    [kl-stop] update 1116: minibatch KL 0.0365 > 0.0300 (epoch 2/4) -- actor frozen, value-only for remaining passes
    [kl-stop] update 1117: minibatch KL 0.0439 > 0.0300 (epoch 2/4) -- actor frozen, value-only for remaining passes
    [kl-stop] update 1118: minibatch KL 0.0420 > 0.0300 (epoch 2/4) -- actor frozen, value-only for remaining passes
    [kl-stop] update 1119: minibatch KL 0.0385 > 0.0300 (epoch 2/4) -- actor frozen, value-only for remaining passes
  --- eval at update 1119 ---
    PPO           reward  6253.60  thrpt  84.80Mbps  comp 0.671  totfail 0.326  depth 2.84  eval_s=90.9
  [eval-time] update 1119: 90.9s total
    [kl-stop] update 1120: minibatch KL 0.0341 > 0.0300 (epoch 3/4) -- actor frozen, value-only for remaining passes
[1120/2000] rew= 5726.3  thr=82.46Mbps  comp=0.654  drop=0.000  SINR= 12.4dB  KL= 0.0199  ent=0.839  clip=0.263  ev=+0.27  t=75726s
    [kl-stop] update 1122: minibatch KL 0.0322 > 0.0300 (epoch 3/4) -- actor frozen, value-only for remaining passes
    [kl-stop] update 1123: minibatch KL 0.0310 > 0.0300 (epoch 2/4) -- actor frozen, value-only for remaining passes
    [batch-verify] update 1125: 4 slots, max scaled |diff| 1.91e-06 OK
    [kl-stop] update 1125: minibatch KL 0.0381 > 0.0300 (epoch 3/4) -- actor frozen, value-only for remaining passes
[1125/2000] rew=  955.7  thr=64.34Mbps  comp=0.506  drop=0.000  SINR= 11.4dB  KL= 0.0218  ent=0.705  clip=0.280  ev=+0.17  t=75970s
    [kl-stop] update 1126: minibatch KL 0.0431 > 0.0300 (epoch 2/4) -- actor frozen, value-only for remaining passes
    [kl-stop] update 1127: minibatch KL 0.0410 > 0.0300 (epoch 2/4) -- actor frozen, value-only for remaining passes
    [kl-stop] update 1128: minibatch KL 0.0310 > 0.0300 (epoch 2/4) -- actor frozen, value-only for remaining passes
  --- eval at update 1129 ---
    PPO           reward  6156.94  thrpt  84.43Mbps  comp 0.668  totfail 0.329  depth 2.77  eval_s=82.8
  [eval-time] update 1129: 82.8s total
[1130/2000] rew= 4849.2  thr=79.40Mbps  comp=0.629  drop=0.001  SINR= 14.7dB  KL= 0.0095  ent=0.607  clip=0.123  ev=+0.02  t=76286s
    [kl-stop] update 1131: minibatch KL 0.0385 > 0.0300 (epoch 2/4) -- actor frozen, value-only for remaining passes
    [kl-stop] update 1132: minibatch KL 0.0501 > 0.0300 (epoch 2/4) -- actor frozen, value-only for remaining passes
    [kl-stop] update 1133: minibatch KL 0.0345 > 0.0300 (epoch 1/4) -- actor frozen, value-only for remaining passes
    [kl-stop] update 1134: minibatch KL 0.0318 > 0.0300 (epoch 2/4) -- actor frozen, value-only for remaining passes
[1135/2000] rew= 6033.9  thr=84.27Mbps  comp=0.662  drop=0.000  SINR= 13.4dB  KL= 0.0120  ent=0.888  clip=0.172  ev=+0.38  t=76534s
    [kl-stop] update 1138: minibatch KL 0.0313 > 0.0300 (epoch 2/4) -- actor frozen, value-only for remaining passes
  --- eval at update 1139 ---
    PPO           reward  6245.72  thrpt  84.77Mbps  comp 0.671  totfail 0.327  depth 2.82  eval_s=87.2
  [eval-time] update 1139: 87.2s total
[1140/2000] rew= 5113.6  thr=80.89Mbps  comp=0.636  drop=0.000  SINR= 10.4dB  KL= 0.0083  ent=0.703  clip=0.116  ev=+0.35  t=76864s
    [kl-stop] update 1145: minibatch KL 0.0409 > 0.0300 (epoch 2/4) -- actor frozen, value-only for remaining passes
[1145/2000] rew= 7262.6  thr=89.13Mbps  comp=0.700  drop=0.000  SINR= 13.9dB  KL= 0.0262  ent=0.870  clip=0.322  ev=+0.38  t=77107s
    [kl-stop] update 1146: minibatch KL 0.0315 > 0.0300 (epoch 4/4) -- actor frozen, value-only for remaining passes
    [kl-stop] update 1147: minibatch KL 0.0383 > 0.0300 (epoch 2/4) -- actor frozen, value-only for remaining passes
    [kl-stop] update 1149: minibatch KL 0.0607 > 0.0300 (epoch 2/4) -- actor frozen, value-only for remaining passes
  --- eval at update 1149 ---
    PPO           reward  6313.29  thrpt  85.13Mbps  comp 0.672  totfail 0.325  depth 2.92  eval_s=88.6
  [eval-time] update 1149: 88.6s total
    [batch-verify] update 1150: 4 slots, max scaled |diff| 7.63e-06 OK
    [kl-stop] update 1150: minibatch KL 0.0382 > 0.0300 (epoch 2/4) -- actor frozen, value-only for remaining passes
[1150/2000] rew= 6568.3  thr=86.40Mbps  comp=0.678  drop=0.000  SINR= 14.1dB  KL= 0.0313  ent=0.847  clip=0.368  ev=+0.48  t=77451s
    [kl-stop] update 1154: minibatch KL 0.0320 > 0.0300 (epoch 2/4) -- actor frozen, value-only for remaining passes
    [kl-stop] update 1155: minibatch KL 0.0305 > 0.0300 (epoch 2/4) -- actor frozen, value-only for remaining passes
[1155/2000] rew= 7169.0  thr=88.22Mbps  comp=0.698  drop=0.000  SINR= 11.6dB  KL= 0.0204  ent=0.928  clip=0.257  ev=+0.39  t=77700s
    [kl-stop] update 1157: minibatch KL 0.0446 > 0.0300 (epoch 2/4) -- actor frozen, value-only for remaining passes
    [kl-stop] update 1159: minibatch KL 0.0379 > 0.0300 (epoch 2/4) -- actor frozen, value-only for remaining passes
  --- eval at update 1159 ---
    PPO           reward  6320.45  thrpt  85.16Mbps  comp 0.673  totfail 0.325  depth 2.94  eval_s=88.6
  [eval-time] update 1159: 88.6s total
    [kl-stop] update 1160: minibatch KL 0.0560 > 0.0300 (epoch 2/4) -- actor frozen, value-only for remaining passes
[1160/2000] rew= 7828.3  thr=90.83Mbps  comp=0.719  drop=0.000  SINR= 12.0dB  KL= 0.0418  ent=0.876  clip=0.434  ev=+0.11  t=78040s
    [kl-stop] update 1161: minibatch KL 0.0354 > 0.0300 (epoch 3/4) -- actor frozen, value-only for remaining passes
[1165/2000] rew= 5662.6  thr=82.84Mbps  comp=0.651  drop=0.000  SINR= 11.1dB  KL= 0.0095  ent=0.779  clip=0.141  ev=+0.29  t=78285s
  --- eval at update 1169 ---
    PPO           reward  6326.86  thrpt  85.26Mbps  comp 0.673  totfail 0.325  depth 2.93  eval_s=88.3
  [eval-time] update 1169: 88.3s total
[1170/2000] rew= 6090.9  thr=83.95Mbps  comp=0.668  drop=0.000  SINR=  8.3dB  KL= 0.0092  ent=0.715  clip=0.126  ev=+0.22  t=78624s
    [kl-stop] update 1174: minibatch KL 0.0332 > 0.0300 (epoch 2/4) -- actor frozen, value-only for remaining passes
    [batch-verify] update 1175: 4 slots, max scaled |diff| 1.14e-05 OK
    [kl-stop] update 1175: minibatch KL 0.0400 > 0.0300 (epoch 3/4) -- actor frozen, value-only for remaining passes
[1175/2000] rew= 8713.7  thr=95.34Mbps  comp=0.743  drop=0.000  SINR= 16.6dB  KL= 0.0226  ent=0.812  clip=0.254  ev=+0.21  t=78865s
    [kl-stop] update 1179: minibatch KL 0.0334 > 0.0300 (epoch 2/4) -- actor frozen, value-only for remaining passes
  --- eval at update 1179 ---
    PPO           reward  6364.29  thrpt  85.38Mbps  comp 0.674  totfail 0.323  depth 2.97  eval_s=88.2
  [eval-time] update 1179: 88.2s total
    [kl-stop] update 1180: minibatch KL 0.0372 > 0.0300 (epoch 2/4) -- actor frozen, value-only for remaining passes
[1180/2000] rew= 8304.5  thr=92.29Mbps  comp=0.735  drop=0.000  SINR= 16.7dB  KL= 0.0292  ent=0.832  clip=0.383  ev=+0.09  t=79199s
    [kl-stop] update 1181: minibatch KL 0.0440 > 0.0300 (epoch 3/4) -- actor frozen, value-only for remaining passes
[1185/2000] rew= 5752.1  thr=83.32Mbps  comp=0.654  drop=0.000  SINR= 15.4dB  KL= 0.0106  ent=0.763  clip=0.155  ev=+0.12  t=79451s
    [kl-stop] update 1186: minibatch KL 0.0308 > 0.0300 (epoch 3/4) -- actor frozen, value-only for remaining passes
    [kl-stop] update 1187: minibatch KL 0.0313 > 0.0300 (epoch 2/4) -- actor frozen, value-only for remaining passes
    [kl-stop] update 1188: minibatch KL 0.0339 > 0.0300 (epoch 3/4) -- actor frozen, value-only for remaining passes
  --- eval at update 1189 ---
    PPO           reward  6385.54  thrpt  85.42Mbps  comp 0.675  totfail 0.322  depth 3.00  eval_s=89.2
  [eval-time] update 1189: 89.2s total
[1190/2000] rew= 4777.3  thr=79.62Mbps  comp=0.622  drop=0.000  SINR= 13.0dB  KL= 0.0127  ent=0.859  clip=0.192  ev=+0.20  t=79795s
    [kl-stop] update 1192: minibatch KL 0.0507 > 0.0300 (epoch 2/4) -- actor frozen, value-only for remaining passes
    [kl-stop] update 1194: minibatch KL 0.0384 > 0.0300 (epoch 2/4) -- actor frozen, value-only for remaining passes
[1195/2000] rew= 3332.7  thr=74.31Mbps  comp=0.579  drop=0.000  SINR=  9.0dB  KL= 0.0126  ent=0.644  clip=0.164  ev=+0.15  t=80042s
    [kl-stop] update 1197: minibatch KL 0.0370 > 0.0300 (epoch 2/4) -- actor frozen, value-only for remaining passes
    [kl-stop] update 1198: minibatch KL 0.0381 > 0.0300 (epoch 2/4) -- actor frozen, value-only for remaining passes
  --- eval at update 1199 ---
    PPO           reward  6393.07  thrpt  85.57Mbps  comp 0.675  totfail 0.323  depth 3.10  eval_s=92.0
  [eval-time] update 1199: 92.0s total
    [batch-verify] update 1200: 4 slots, max scaled |diff| 3.81e-06 OK
[1200/2000] rew= 4651.7  thr=78.36Mbps  comp=0.621  drop=0.000  SINR=  7.5dB  KL= 0.0158  ent=0.796  clip=0.223  ev=+0.40  t=80392s
    [kl-stop] update 1201: minibatch KL 0.0529 > 0.0300 (epoch 2/4) -- actor frozen, value-only for remaining passes
    [kl-stop] update 1202: minibatch KL 0.0487 > 0.0300 (epoch 2/4) -- actor frozen, value-only for remaining passes
    [kl-stop] update 1203: minibatch KL 0.0369 > 0.0300 (epoch 2/4) -- actor frozen, value-only for remaining passes
    [kl-stop] update 1204: minibatch KL 0.0359 > 0.0300 (epoch 2/4) -- actor frozen, value-only for remaining passes
    [kl-stop] update 1205: minibatch KL 0.0354 > 0.0300 (epoch 2/4) -- actor frozen, value-only for remaining passes
[1205/2000] rew= 7781.0  thr=90.70Mbps  comp=0.719  drop=0.000  SINR= 14.0dB  KL= 0.0285  ent=0.730  clip=0.366  ev=+0.14  t=80658s
    [kl-stop] update 1209: minibatch KL 0.0385 > 0.0300 (epoch 2/4) -- actor frozen, value-only for remaining passes
  --- eval at update 1209 ---
    PPO           reward  6415.64  thrpt  85.75Mbps  comp 0.675  totfail 0.322  depth 3.19  eval_s=91.8
  [eval-time] update 1209: 91.8s total
[1210/2000] rew= 6073.1  thr=84.59Mbps  comp=0.663  drop=0.000  SINR= 10.8dB  KL= 0.0110  ent=0.740  clip=0.163  ev=+0.10  t=81018s
[1215/2000] rew= 7982.2  thr=92.26Mbps  comp=0.720  drop=0.000  SINR= 13.3dB  KL= 0.0140  ent=0.925  clip=0.208  ev=+0.28  t=81287s
    [kl-stop] update 1217: minibatch KL 0.0557 > 0.0300 (epoch 2/4) -- actor frozen, value-only for remaining passes
    [kl-stop] update 1219: minibatch KL 0.0348 > 0.0300 (epoch 2/4) -- actor frozen, value-only for remaining passes
  --- eval at update 1219 ---
    PPO           reward  6398.76  thrpt  85.63Mbps  comp 0.674  totfail 0.323  depth 3.11  eval_s=91.2
  [eval-time] update 1219: 91.2s total
    [kl-stop] update 1220: minibatch KL 0.0362 > 0.0300 (epoch 2/4) -- actor frozen, value-only for remaining passes
[1220/2000] rew= 4941.3  thr=79.52Mbps  comp=0.631  drop=0.000  SINR= 11.1dB  KL= 0.0315  ent=0.699  clip=0.365  ev=+0.21  t=81626s
    [kl-stop] update 1221: minibatch KL 0.0317 > 0.0300 (epoch 3/4) -- actor frozen, value-only for remaining passes
    [kl-stop] update 1224: minibatch KL 0.0462 > 0.0300 (epoch 2/4) -- actor frozen, value-only for remaining passes
    [batch-verify] update 1225: 4 slots, max scaled |diff| 3.81e-06 OK
    [kl-stop] update 1225: minibatch KL 0.0305 > 0.0300 (epoch 1/4) -- actor frozen, value-only for remaining passes
[1225/2000] rew= 5633.0  thr=83.67Mbps  comp=0.645  drop=0.000  SINR=  8.7dB  KL= 0.0267  ent=0.871  clip=0.335  ev=+0.23  t=81871s
  --- eval at update 1229 ---
    PPO           reward  6386.24  thrpt  85.57Mbps  comp 0.674  totfail 0.323  depth 3.03  eval_s=90.2
  [eval-time] update 1229: 90.2s total
[1230/2000] rew= 6885.2  thr=88.26Mbps  comp=0.686  drop=0.000  SINR= 13.4dB  KL= 0.0118  ent=0.788  clip=0.178  ev=+0.16  t=82218s
    [kl-stop] update 1231: minibatch KL 0.0478 > 0.0300 (epoch 2/4) -- actor frozen, value-only for remaining passes
    [kl-stop] update 1233: minibatch KL 0.0345 > 0.0300 (epoch 2/4) -- actor frozen, value-only for remaining passes
    [kl-stop] update 1234: minibatch KL 0.0423 > 0.0300 (epoch 2/4) -- actor frozen, value-only for remaining passes
[1235/2000] rew= 6499.4  thr=84.82Mbps  comp=0.681  drop=0.000  SINR= 10.1dB  KL= 0.0129  ent=0.764  clip=0.181  ev=+0.34  t=82468s
  --- eval at update 1239 ---
    PPO           reward  6374.90  thrpt  85.45Mbps  comp 0.674  totfail 0.323  depth 2.97  eval_s=88.1
  [eval-time] update 1239: 88.1s total
    [kl-stop] update 1240: minibatch KL 0.0341 > 0.0300 (epoch 2/4) -- actor frozen, value-only for remaining passes
[1240/2000] rew= 4191.4  thr=77.53Mbps  comp=0.605  drop=0.000  SINR= 14.0dB  KL= 0.0193  ent=0.659  clip=0.259  ev=+0.34  t=82797s
    [kl-stop] update 1242: minibatch KL 0.0338 > 0.0300 (epoch 2/4) -- actor frozen, value-only for remaining passes
    [kl-stop] update 1243: minibatch KL 0.0471 > 0.0300 (epoch 2/4) -- actor frozen, value-only for remaining passes
    [kl-stop] update 1244: minibatch KL 0.0316 > 0.0300 (epoch 3/4) -- actor frozen, value-only for remaining passes
    [kl-stop] update 1245: minibatch KL 0.0437 > 0.0300 (epoch 2/4) -- actor frozen, value-only for remaining passes
[1245/2000] rew= 2939.5  thr=70.38Mbps  comp=0.570  drop=0.000  SINR=  7.0dB  KL= 0.0382  ent=0.712  clip=0.391  ev=+0.24  t=83045s
    [kl-stop] update 1246: minibatch KL 0.0366 > 0.0300 (epoch 2/4) -- actor frozen, value-only for remaining passes
    [kl-stop] update 1247: minibatch KL 0.0423 > 0.0300 (epoch 2/4) -- actor frozen, value-only for remaining passes
  --- eval at update 1249 ---
    PPO           reward  6311.81  thrpt  85.13Mbps  comp 0.672  totfail 0.325  depth 2.89  eval_s=86.6
  [eval-time] update 1249: 86.6s total
    [batch-verify] update 1250: 4 slots, max scaled |diff| 1.14e-05 OK
[1250/2000] rew= 5499.5  thr=82.62Mbps  comp=0.646  drop=0.000  SINR=  8.7dB  KL= 0.0112  ent=0.729  clip=0.156  ev=+0.30  t=83385s
    [kl-stop] update 1253: minibatch KL 0.0317 > 0.0300 (epoch 2/4) -- actor frozen, value-only for remaining passes
[1255/2000] rew= 6373.9  thr=85.37Mbps  comp=0.673  drop=0.000  SINR= 10.6dB  KL= 0.0110  ent=0.794  clip=0.159  ev=+0.20  t=83644s
  --- eval at update 1259 ---
    PPO           reward  6332.28  thrpt  85.17Mbps  comp 0.673  totfail 0.324  depth 2.91  eval_s=88.3
  [eval-time] update 1259: 88.3s total
[1260/2000] rew= 6542.1  thr=85.18Mbps  comp=0.683  drop=0.000  SINR=  9.8dB  KL= 0.0076  ent=0.731  clip=0.104  ev=+0.32  t=83982s
    [kl-stop] update 1261: minibatch KL 0.0324 > 0.0300 (epoch 2/4) -- actor frozen, value-only for remaining passes
    [kl-stop] update 1262: minibatch KL 0.0336 > 0.0300 (epoch 3/4) -- actor frozen, value-only for remaining passes
    [kl-stop] update 1263: minibatch KL 0.0342 > 0.0300 (epoch 3/4) -- actor frozen, value-only for remaining passes
    [kl-stop] update 1265: minibatch KL 0.0340 > 0.0300 (epoch 2/4) -- actor frozen, value-only for remaining passes
[1265/2000] rew= 6991.6  thr=86.77Mbps  comp=0.695  drop=0.000  SINR= 12.0dB  KL= 0.0225  ent=0.792  clip=0.265  ev=+0.33  t=84228s
    [kl-stop] update 1267: minibatch KL 0.0371 > 0.0300 (epoch 2/4) -- actor frozen, value-only for remaining passes
    [kl-stop] update 1268: minibatch KL 0.0358 > 0.0300 (epoch 2/4) -- actor frozen, value-only for remaining passes
    [kl-stop] update 1269: minibatch KL 0.0352 > 0.0300 (epoch 4/4) -- actor frozen, value-only for remaining passes
  --- eval at update 1269 ---
    PPO           reward  6292.18  thrpt  85.01Mbps  comp 0.672  totfail 0.325  depth 2.88  eval_s=85.3
  [eval-time] update 1269: 85.3s total
[1270/2000] rew= 5842.1  thr=83.60Mbps  comp=0.658  drop=0.000  SINR=  9.1dB  KL= 0.0068  ent=0.683  clip=0.091  ev=+0.37  t=84558s
    [kl-stop] update 1272: minibatch KL 0.0350 > 0.0300 (epoch 3/4) -- actor frozen, value-only for remaining passes
    [kl-stop] update 1273: minibatch KL 0.0302 > 0.0300 (epoch 3/4) -- actor frozen, value-only for remaining passes
    [batch-verify] update 1275: 4 slots, max scaled |diff| 5.72e-06 OK
    [kl-stop] update 1275: minibatch KL 0.0300 > 0.0300 (epoch 3/4) -- actor frozen, value-only for remaining passes
[1275/2000] rew= 4276.7  thr=77.77Mbps  comp=0.609  drop=0.000  SINR= 11.2dB  KL= 0.0166  ent=0.572  clip=0.221  ev=+0.34  t=84794s
    [kl-stop] update 1276: minibatch KL 0.0404 > 0.0300 (epoch 2/4) -- actor frozen, value-only for remaining passes
    [kl-stop] update 1278: minibatch KL 0.0308 > 0.0300 (epoch 2/4) -- actor frozen, value-only for remaining passes
    [kl-stop] update 1279: minibatch KL 0.0320 > 0.0300 (epoch 2/4) -- actor frozen, value-only for remaining passes
  --- eval at update 1279 ---
    PPO           reward  6183.64  thrpt  84.55Mbps  comp 0.669  totfail 0.329  depth 2.79  eval_s=85.2
  [eval-time] update 1279: 85.2s total
    [kl-stop] update 1280: minibatch KL 0.0323 > 0.0300 (epoch 2/4) -- actor frozen, value-only for remaining passes
[1280/2000] rew= 4478.1  thr=78.48Mbps  comp=0.614  drop=0.000  SINR= 16.0dB  KL= 0.0257  ent=0.571  clip=0.321  ev=+0.26  t=85106s
    [kl-stop] update 1281: minibatch KL 0.0330 > 0.0300 (epoch 2/4) -- actor frozen, value-only for remaining passes
    [kl-stop] update 1282: minibatch KL 0.0308 > 0.0300 (epoch 2/4) -- actor frozen, value-only for remaining passes
    [kl-stop] update 1283: minibatch KL 0.0325 > 0.0300 (epoch 3/4) -- actor frozen, value-only for remaining passes
[1285/2000] rew= 2356.2  thr=69.15Mbps  comp=0.552  drop=0.000  SINR= 13.3dB  KL= 0.0156  ent=0.505  clip=0.220  ev=+0.11  t=85340s
    [kl-stop] update 1286: minibatch KL 0.0316 > 0.0300 (epoch 3/4) -- actor frozen, value-only for remaining passes
  --- eval at update 1289 ---
    PPO           reward  6127.98  thrpt  84.33Mbps  comp 0.667  totfail 0.330  depth 2.75  eval_s=87.0
  [eval-time] update 1289: 87.0s total
    [kl-stop] update 1290: minibatch KL 0.0443 > 0.0300 (epoch 2/4) -- actor frozen, value-only for remaining passes
[1290/2000] rew= 8149.9  thr=91.68Mbps  comp=0.731  drop=0.000  SINR=  9.2dB  KL= 0.0312  ent=0.724  clip=0.318  ev=-0.03  t=85656s
    [kl-stop] update 1291: minibatch KL 0.0360 > 0.0300 (epoch 2/4) -- actor frozen, value-only for remaining passes
    [kl-stop] update 1292: minibatch KL 0.0339 > 0.0300 (epoch 2/4) -- actor frozen, value-only for remaining passes
    [kl-stop] update 1295: minibatch KL 0.0432 > 0.0300 (epoch 2/4) -- actor frozen, value-only for remaining passes
[1295/2000] rew= 7657.4  thr=89.47Mbps  comp=0.715  drop=0.000  SINR= 10.7dB  KL= 0.0347  ent=0.717  clip=0.378  ev=+0.10  t=85898s
    [kl-stop] update 1296: minibatch KL 0.0440 > 0.0300 (epoch 2/4) -- actor frozen, value-only for remaining passes
    [kl-stop] update 1297: minibatch KL 0.0366 > 0.0300 (epoch 3/4) -- actor frozen, value-only for remaining passes
    [kl-stop] update 1298: minibatch KL 0.0302 > 0.0300 (epoch 3/4) -- actor frozen, value-only for remaining passes
  --- eval at update 1299 ---
    PPO           reward  6265.19  thrpt  84.92Mbps  comp 0.671  totfail 0.326  depth 2.87  eval_s=90.0
  [eval-time] update 1299: 90.0s total
    [batch-verify] update 1300: 4 slots, max scaled |diff| 1.91e-06 OK
    [kl-stop] update 1300: minibatch KL 0.0351 > 0.0300 (epoch 2/4) -- actor frozen, value-only for remaining passes
[1300/2000] rew= 2018.9  thr=68.02Mbps  comp=0.539  drop=0.000  SINR=  9.2dB  KL= 0.0206  ent=0.502  clip=0.255  ev=+0.11  t=86223s
    [kl-stop] update 1302: minibatch KL 0.0391 > 0.0300 (epoch 2/4) -- actor frozen, value-only for remaining passes
    [kl-stop] update 1303: minibatch KL 0.0329 > 0.0300 (epoch 1/4) -- actor frozen, value-only for remaining passes
[1305/2000] rew= 5810.5  thr=82.85Mbps  comp=0.657  drop=0.000  SINR= 12.9dB  KL= 0.0121  ent=0.630  clip=0.175  ev=+0.29  t=86466s
    [kl-stop] update 1306: minibatch KL 0.0364 > 0.0300 (epoch 2/4) -- actor frozen, value-only for remaining passes
    [kl-stop] update 1308: minibatch KL 0.0353 > 0.0300 (epoch 2/4) -- actor frozen, value-only for remaining passes
  --- eval at update 1309 ---
    PPO           reward  6276.49  thrpt  85.00Mbps  comp 0.671  totfail 0.326  depth 2.88  eval_s=86.4
  [eval-time] update 1309: 86.4s total
[1310/2000] rew= 5460.0  thr=82.23Mbps  comp=0.646  drop=0.000  SINR= 11.8dB  KL= 0.0090  ent=0.553  clip=0.126  ev=+0.05  t=86793s
    [kl-stop] update 1311: minibatch KL 0.0324 > 0.0300 (epoch 2/4) -- actor frozen, value-only for remaining passes
    [kl-stop] update 1312: minibatch KL 0.0320 > 0.0300 (epoch 2/4) -- actor frozen, value-only for remaining passes
    [kl-stop] update 1314: minibatch KL 0.0311 > 0.0300 (epoch 2/4) -- actor frozen, value-only for remaining passes
[1315/2000] rew= 4848.4  thr=79.66Mbps  comp=0.627  drop=0.000  SINR= 14.8dB  KL= 0.0082  ent=0.515  clip=0.102  ev=+0.34  t=87025s
    [kl-stop] update 1316: minibatch KL 0.0307 > 0.0300 (epoch 2/4) -- actor frozen, value-only for remaining passes
  --- eval at update 1319 ---
    PPO           reward  6280.85  thrpt  84.97Mbps  comp 0.672  totfail 0.326  depth 2.84  eval_s=84.9
  [eval-time] update 1319: 84.9s total
    [kl-stop] update 1320: minibatch KL 0.0346 > 0.0300 (epoch 2/4) -- actor frozen, value-only for remaining passes
[1320/2000] rew= 8866.4  thr=94.83Mbps  comp=0.746  drop=0.000  SINR=  8.7dB  KL= 0.0271  ent=0.927  clip=0.343  ev=+0.12  t=87356s
    [kl-stop] update 1324: minibatch KL 0.0408 > 0.0300 (epoch 2/4) -- actor frozen, value-only for remaining passes
    [batch-verify] update 1325: 4 slots, max scaled |diff| 2.86e-06 OK
    [kl-stop] update 1325: minibatch KL 0.0401 > 0.0300 (epoch 3/4) -- actor frozen, value-only for remaining passes
[1325/2000] rew= 6589.3  thr=85.08Mbps  comp=0.685  drop=0.000  SINR= 11.2dB  KL= 0.0191  ent=0.637  clip=0.223  ev=+0.24  t=87605s
    [kl-stop] update 1326: minibatch KL 0.0412 > 0.0300 (epoch 3/4) -- actor frozen, value-only for remaining passes
    [kl-stop] update 1328: minibatch KL 0.0329 > 0.0300 (epoch 2/4) -- actor frozen, value-only for remaining passes
    [kl-stop] update 1329: minibatch KL 0.0326 > 0.0300 (epoch 2/4) -- actor frozen, value-only for remaining passes
  --- eval at update 1329 ---
    PPO           reward  6309.87  thrpt  85.09Mbps  comp 0.673  totfail 0.325  depth 2.88  eval_s=87.2
  [eval-time] update 1329: 87.2s total
[1330/2000] rew= 6547.5  thr=86.41Mbps  comp=0.678  drop=0.000  SINR= 11.5dB  KL= 0.0158  ent=0.602  clip=0.217  ev=+0.29  t=87935s
    [kl-stop] update 1332: minibatch KL 0.0373 > 0.0300 (epoch 2/4) -- actor frozen, value-only for remaining passes
    [kl-stop] update 1333: minibatch KL 0.0307 > 0.0300 (epoch 2/4) -- actor frozen, value-only for remaining passes
[1335/2000] rew= 5447.0  thr=81.53Mbps  comp=0.646  drop=0.000  SINR= 13.7dB  KL= 0.0068  ent=0.543  clip=0.098  ev=+0.46  t=88173s
    [kl-stop] update 1338: minibatch KL 0.0418 > 0.0300 (epoch 2/4) -- actor frozen, value-only for remaining passes
  --- eval at update 1339 ---
    PPO           reward  6294.33  thrpt  85.02Mbps  comp 0.672  totfail 0.325  depth 2.87  eval_s=84.9
  [eval-time] update 1339: 84.9s total
[1340/2000] rew= 5350.4  thr=80.54Mbps  comp=0.646  drop=0.000  SINR=  9.6dB  KL= 0.0107  ent=0.548  clip=0.148  ev=+0.29  t=88497s
    [kl-stop] update 1343: minibatch KL 0.0309 > 0.0300 (epoch 3/4) -- actor frozen, value-only for remaining passes
[1345/2000] rew= 3979.6  thr=76.64Mbps  comp=0.599  drop=0.000  SINR= 12.2dB  KL= 0.0155  ent=0.528  clip=0.211  ev=+0.33  t=88737s
    [kl-stop] update 1348: minibatch KL 0.0377 > 0.0300 (epoch 2/4) -- actor frozen, value-only for remaining passes
    [kl-stop] update 1349: minibatch KL 0.0374 > 0.0300 (epoch 3/4) -- actor frozen, value-only for remaining passes
  --- eval at update 1349 ---
    PPO           reward  6262.82  thrpt  84.88Mbps  comp 0.671  totfail 0.326  depth 2.82  eval_s=85.3
  [eval-time] update 1349: 85.3s total
    [batch-verify] update 1350: 4 slots, max scaled |diff| 2.38e-06 OK
[1350/2000] rew= 6317.4  thr=85.41Mbps  comp=0.674  drop=0.000  SINR= 13.9dB  KL= 0.0137  ent=0.501  clip=0.182  ev=+0.26  t=89056s
    [kl-stop] update 1352: minibatch KL 0.0416 > 0.0300 (epoch 2/4) -- actor frozen, value-only for remaining passes
    [kl-stop] update 1353: minibatch KL 0.0341 > 0.0300 (epoch 2/4) -- actor frozen, value-only for remaining passes
    [kl-stop] update 1354: minibatch KL 0.0353 > 0.0300 (epoch 4/4) -- actor frozen, value-only for remaining passes
[1355/2000] rew= 4881.7  thr=79.35Mbps  comp=0.630  drop=0.001  SINR= 13.2dB  KL= 0.0128  ent=0.487  clip=0.173  ev=+0.23  t=89289s
    [kl-stop] update 1358: minibatch KL 0.0380 > 0.0300 (epoch 2/4) -- actor frozen, value-only for remaining passes
  --- eval at update 1359 ---
    PPO           reward  6248.57  thrpt  84.86Mbps  comp 0.671  totfail 0.327  depth 2.82  eval_s=84.2
  [eval-time] update 1359: 84.2s total
    [kl-stop] update 1360: minibatch KL 0.0311 > 0.0300 (epoch 3/4) -- actor frozen, value-only for remaining passes
[1360/2000] rew= 6852.8  thr=87.41Mbps  comp=0.689  drop=0.000  SINR=  8.8dB  KL= 0.0184  ent=0.637  clip=0.230  ev=+0.32  t=89603s
    [kl-stop] update 1362: minibatch KL 0.0309 > 0.0300 (epoch 2/4) -- actor frozen, value-only for remaining passes
    [kl-stop] update 1364: minibatch KL 0.0359 > 0.0300 (epoch 2/4) -- actor frozen, value-only for remaining passes
    [kl-stop] update 1365: minibatch KL 0.0311 > 0.0300 (epoch 1/4) -- actor frozen, value-only for remaining passes
[1365/2000] rew= 7487.1  thr=90.01Mbps  comp=0.706  drop=0.000  SINR= 10.4dB  KL= 0.0240  ent=0.728  clip=0.316  ev=+0.52  t=89836s
    [kl-stop] update 1366: minibatch KL 0.0304 > 0.0300 (epoch 1/4) -- actor frozen, value-only for remaining passes
    [kl-stop] update 1369: minibatch KL 0.0332 > 0.0300 (epoch 3/4) -- actor frozen, value-only for remaining passes
  --- eval at update 1369 ---
    PPO           reward  6336.05  thrpt  85.19Mbps  comp 0.673  totfail 0.324  depth 2.90  eval_s=89.3
  [eval-time] update 1369: 89.3s total
[1370/2000] rew= 6041.7  thr=84.10Mbps  comp=0.663  drop=0.000  SINR= 12.9dB  KL= 0.0083  ent=0.629  clip=0.109  ev=+0.43  t=90170s
    [kl-stop] update 1373: minibatch KL 0.0408 > 0.0300 (epoch 2/4) -- actor frozen, value-only for remaining passes
    [batch-verify] update 1375: 4 slots, max scaled |diff| 3.81e-06 OK
    [kl-stop] update 1375: minibatch KL 0.0309 > 0.0300 (epoch 3/4) -- actor frozen, value-only for remaining passes
[1375/2000] rew= 6739.1  thr=87.57Mbps  comp=0.683  drop=0.000  SINR=  9.7dB  KL= 0.0184  ent=0.624  clip=0.233  ev=+0.24  t=90412s
    [kl-stop] update 1377: minibatch KL 0.0485 > 0.0300 (epoch 2/4) -- actor frozen, value-only for remaining passes
  --- eval at update 1379 ---
    PPO           reward  6347.44  thrpt  85.27Mbps  comp 0.674  totfail 0.324  depth 2.93  eval_s=88.3
  [eval-time] update 1379: 88.3s total
[1380/2000] rew= 6752.2  thr=87.69Mbps  comp=0.682  drop=0.000  SINR=  9.4dB  KL= 0.0113  ent=0.694  clip=0.170  ev=+0.39  t=90749s
    [kl-stop] update 1382: minibatch KL 0.0344 > 0.0300 (epoch 2/4) -- actor frozen, value-only for remaining passes
    [kl-stop] update 1383: minibatch KL 0.0369 > 0.0300 (epoch 3/4) -- actor frozen, value-only for remaining passes
    [kl-stop] update 1384: minibatch KL 0.0347 > 0.0300 (epoch 1/4) -- actor frozen, value-only for remaining passes
    [kl-stop] update 1385: minibatch KL 0.0414 > 0.0300 (epoch 1/4) -- actor frozen, value-only for remaining passes
[1385/2000] rew= 1116.3  thr=64.04Mbps  comp=0.510  drop=0.000  SINR= 11.0dB  KL= 0.0321  ent=0.490  clip=0.354  ev=+0.37  t=90989s
    [kl-stop] update 1386: minibatch KL 0.0333 > 0.0300 (epoch 2/4) -- actor frozen, value-only for remaining passes
    [kl-stop] update 1387: minibatch KL 0.0353 > 0.0300 (epoch 2/4) -- actor frozen, value-only for remaining passes
    [kl-stop] update 1388: minibatch KL 0.0384 > 0.0300 (epoch 3/4) -- actor frozen, value-only for remaining passes
  --- eval at update 1389 ---
    PPO           reward  6334.90  thrpt  85.20Mbps  comp 0.673  totfail 0.324  depth 2.86  eval_s=86.9
  [eval-time] update 1389: 86.9s total
[1390/2000] rew= 5224.9  thr=80.75Mbps  comp=0.638  drop=0.000  SINR= 11.4dB  KL= 0.0127  ent=0.630  clip=0.182  ev=+0.44  t=91317s
    [kl-stop] update 1391: minibatch KL 0.0303 > 0.0300 (epoch 2/4) -- actor frozen, value-only for remaining passes
    [kl-stop] update 1393: minibatch KL 0.0384 > 0.0300 (epoch 2/4) -- actor frozen, value-only for remaining passes
    [kl-stop] update 1394: minibatch KL 0.0330 > 0.0300 (epoch 1/4) -- actor frozen, value-only for remaining passes
    [kl-stop] update 1395: minibatch KL 0.0352 > 0.0300 (epoch 2/4) -- actor frozen, value-only for remaining passes
[1395/2000] rew= 6477.5  thr=85.72Mbps  comp=0.678  drop=0.000  SINR= 11.9dB  KL= 0.0275  ent=0.579  clip=0.341  ev=+0.21  t=91553s
    [kl-stop] update 1398: minibatch KL 0.0352 > 0.0300 (epoch 3/4) -- actor frozen, value-only for remaining passes
  --- eval at update 1399 ---
    PPO           reward  6339.89  thrpt  85.25Mbps  comp 0.673  totfail 0.324  depth 2.89  eval_s=84.9
  [eval-time] update 1399: 84.9s total
    [batch-verify] update 1400: 4 slots, max scaled |diff| 3.81e-06 OK
[1400/2000] rew= 4747.8  thr=78.31Mbps  comp=0.625  drop=0.000  SINR= 14.0dB  KL= 0.0109  ent=0.579  clip=0.154  ev=+0.38  t=91871s
    [kl-stop] update 1402: minibatch KL 0.0369 > 0.0300 (epoch 2/4) -- actor frozen, value-only for remaining passes
    [kl-stop] update 1403: minibatch KL 0.0391 > 0.0300 (epoch 2/4) -- actor frozen, value-only for remaining passes
[1405/2000] rew= 3461.5  thr=73.04Mbps  comp=0.586  drop=0.000  SINR=  8.9dB  KL= 0.0099  ent=0.530  clip=0.125  ev=+0.35  t=92109s
  --- eval at update 1409 ---
    PPO           reward  6378.06  thrpt  85.39Mbps  comp 0.675  totfail 0.323  depth 2.92  eval_s=88.0
  [eval-time] update 1409: 88.0s total
    [kl-stop] update 1410: minibatch KL 0.0366 > 0.0300 (epoch 2/4) -- actor frozen, value-only for remaining passes
[1410/2000] rew= 8136.3  thr=91.47Mbps  comp=0.730  drop=0.000  SINR=  8.3dB  KL= 0.0269  ent=0.750  clip=0.317  ev=+0.40  t=92448s
    [kl-stop] update 1411: minibatch KL 0.0301 > 0.0300 (epoch 2/4) -- actor frozen, value-only for remaining passes
[1415/2000] rew= 6793.8  thr=87.54Mbps  comp=0.686  drop=0.000  SINR= 14.3dB  KL= 0.0096  ent=0.599  clip=0.131  ev=+0.02  t=92701s
    [kl-stop] update 1417: minibatch KL 0.0316 > 0.0300 (epoch 3/4) -- actor frozen, value-only for remaining passes
  --- eval at update 1419 ---
    PPO           reward  6382.36  thrpt  85.49Mbps  comp 0.674  totfail 0.323  depth 2.95  eval_s=88.7
  [eval-time] update 1419: 88.7s total
[1420/2000] rew= 5415.5  thr=81.89Mbps  comp=0.644  drop=0.000  SINR=  6.5dB  KL= 0.0085  ent=0.669  clip=0.112  ev=+0.37  t=93036s
    [kl-stop] update 1423: minibatch KL 0.0408 > 0.0300 (epoch 2/4) -- actor frozen, value-only for remaining passes
    [batch-verify] update 1425: 4 slots, max scaled |diff| 7.63e-06 OK
[1425/2000] rew= 4934.9  thr=80.68Mbps  comp=0.627  drop=0.000  SINR= 12.4dB  KL= 0.0095  ent=0.581  clip=0.141  ev=+0.14  t=93277s
  --- eval at update 1429 ---
    PPO           reward  6371.71  thrpt  85.44Mbps  comp 0.674  totfail 0.323  depth 2.96  eval_s=90.7
  [eval-time] update 1429: 90.7s total
[1430/2000] rew= 4142.5  thr=77.28Mbps  comp=0.605  drop=0.000  SINR= 10.7dB  KL= 0.0114  ent=0.509  clip=0.155  ev=+0.25  t=93609s
    [kl-stop] update 1432: minibatch KL 0.0422 > 0.0300 (epoch 3/4) -- actor frozen, value-only for remaining passes
    [kl-stop] update 1433: minibatch KL 0.0368 > 0.0300 (epoch 3/4) -- actor frozen, value-only for remaining passes
    [kl-stop] update 1435: minibatch KL 0.0303 > 0.0300 (epoch 3/4) -- actor frozen, value-only for remaining passes
[1435/2000] rew= 7020.8  thr=88.34Mbps  comp=0.692  drop=0.000  SINR= 14.2dB  KL= 0.0145  ent=0.587  clip=0.180  ev=+0.37  t=93859s
    [kl-stop] update 1436: minibatch KL 0.0344 > 0.0300 (epoch 2/4) -- actor frozen, value-only for remaining passes
    [kl-stop] update 1439: minibatch KL 0.0308 > 0.0300 (epoch 3/4) -- actor frozen, value-only for remaining passes
  --- eval at update 1439 ---
    PPO           reward  6386.52  thrpt  85.56Mbps  comp 0.674  totfail 0.323  depth 3.00  eval_s=87.7
  [eval-time] update 1439: 87.7s total
[1440/2000] rew= 6746.2  thr=86.89Mbps  comp=0.685  drop=0.000  SINR= 11.4dB  KL= 0.0135  ent=0.588  clip=0.194  ev=+0.34  t=94191s
[1445/2000] rew= 4613.1  thr=78.63Mbps  comp=0.621  drop=0.000  SINR= 11.5dB  KL= 0.0079  ent=0.537  clip=0.100  ev=+0.15  t=94432s
    [kl-stop] update 1446: minibatch KL 0.0358 > 0.0300 (epoch 3/4) -- actor frozen, value-only for remaining passes
    [kl-stop] update 1447: minibatch KL 0.0323 > 0.0300 (epoch 2/4) -- actor frozen, value-only for remaining passes
    [kl-stop] update 1449: minibatch KL 0.0316 > 0.0300 (epoch 4/4) -- actor frozen, value-only for remaining passes
  --- eval at update 1449 ---
    PPO           reward  6417.51  thrpt  85.65Mbps  comp 0.675  totfail 0.322  depth 3.04  eval_s=90.7
  [eval-time] update 1449: 90.7s total
    [batch-verify] update 1450: 4 slots, max scaled |diff| 7.63e-06 OK
    [kl-stop] update 1450: minibatch KL 0.0354 > 0.0300 (epoch 3/4) -- actor frozen, value-only for remaining passes
[1450/2000] rew= 8320.5  thr=92.64Mbps  comp=0.735  drop=0.000  SINR= 11.4dB  KL= 0.0195  ent=0.773  clip=0.242  ev=+0.12  t=94777s
    [kl-stop] update 1451: minibatch KL 0.0431 > 0.0300 (epoch 2/4) -- actor frozen, value-only for remaining passes
    [kl-stop] update 1453: minibatch KL 0.0303 > 0.0300 (epoch 2/4) -- actor frozen, value-only for remaining passes
[1455/2000] rew= 5157.9  thr=80.19Mbps  comp=0.637  drop=0.000  SINR= 10.4dB  KL= 0.0074  ent=0.706  clip=0.106  ev=+0.00  t=95036s
    [kl-stop] update 1458: minibatch KL 0.0342 > 0.0300 (epoch 3/4) -- actor frozen, value-only for remaining passes
  --- eval at update 1459 ---
    PPO           reward  6412.97  thrpt  85.72Mbps  comp 0.675  totfail 0.322  depth 3.08  eval_s=89.6
  [eval-time] update 1459: 89.6s total
    [kl-stop] update 1460: minibatch KL 0.0325 > 0.0300 (epoch 3/4) -- actor frozen, value-only for remaining passes
[1460/2000] rew= 8074.6  thr=92.12Mbps  comp=0.727  drop=0.000  SINR= 12.1dB  KL= 0.0175  ent=0.692  clip=0.221  ev=-0.03  t=95372s
    [kl-stop] update 1461: minibatch KL 0.0453 > 0.0300 (epoch 2/4) -- actor frozen, value-only for remaining passes
    [kl-stop] update 1464: minibatch KL 0.0388 > 0.0300 (epoch 2/4) -- actor frozen, value-only for remaining passes
[1465/2000] rew= 4873.3  thr=78.73Mbps  comp=0.630  drop=0.000  SINR= 14.4dB  KL= 0.0091  ent=0.650  clip=0.128  ev=+0.10  t=95628s
    [kl-stop] update 1468: minibatch KL 0.0430 > 0.0300 (epoch 3/4) -- actor frozen, value-only for remaining passes
  --- eval at update 1469 ---
    PPO           reward  6447.68  thrpt  85.88Mbps  comp 0.676  totfail 0.321  depth 3.17  eval_s=91.6
  [eval-time] update 1469: 91.6s total
  >>> new best eval reward 6447.68, saved best.pt
[1470/2000] rew= 6438.9  thr=85.93Mbps  comp=0.677  drop=0.001  SINR=  8.3dB  KL= 0.0117  ent=0.636  clip=0.156  ev=+0.32  t=95973s
    [kl-stop] update 1471: minibatch KL 0.0500 > 0.0300 (epoch 3/4) -- actor frozen, value-only for remaining passes
    [kl-stop] update 1473: minibatch KL 0.0308 > 0.0300 (epoch 4/4) -- actor frozen, value-only for remaining passes
    [batch-verify] update 1475: 4 slots, max scaled |diff| 5.72e-06 OK
[1475/2000] rew= 5345.3  thr=81.69Mbps  comp=0.641  drop=0.000  SINR=  7.2dB  KL= 0.0100  ent=0.801  clip=0.150  ev=+0.38  t=96240s
  --- eval at update 1479 ---
    PPO           reward  6443.37  thrpt  85.87Mbps  comp 0.676  totfail 0.321  depth 3.20  eval_s=93.9
  [eval-time] update 1479: 93.9s total
[1480/2000] rew= 6009.8  thr=84.27Mbps  comp=0.660  drop=0.000  SINR=  7.1dB  KL= 0.0090  ent=0.730  clip=0.126  ev=+0.39  t=96599s
    [kl-stop] update 1481: minibatch KL 0.0317 > 0.0300 (epoch 3/4) -- actor frozen, value-only for remaining passes
    [kl-stop] update 1483: minibatch KL 0.0404 > 0.0300 (epoch 3/4) -- actor frozen, value-only for remaining passes
[1485/2000] rew= 6507.0  thr=85.89Mbps  comp=0.675  drop=0.000  SINR=  9.4dB  KL= 0.0132  ent=0.812  clip=0.186  ev=+0.11  t=96867s
    [kl-stop] update 1487: minibatch KL 0.0302 > 0.0300 (epoch 3/4) -- actor frozen, value-only for remaining passes
    [kl-stop] update 1489: minibatch KL 0.0379 > 0.0300 (epoch 3/4) -- actor frozen, value-only for remaining passes
  --- eval at update 1489 ---
    PPO           reward  6446.50  thrpt  85.93Mbps  comp 0.676  totfail 0.321  depth 3.24  eval_s=93.8
  [eval-time] update 1489: 93.8s total
[1490/2000] rew= 5285.5  thr=81.92Mbps  comp=0.639  drop=0.000  SINR= 12.7dB  KL= 0.0079  ent=0.652  clip=0.115  ev=+0.16  t=97226s
    [kl-stop] update 1491: minibatch KL 0.0342 > 0.0300 (epoch 3/4) -- actor frozen, value-only for remaining passes
    [kl-stop] update 1495: minibatch KL 0.0363 > 0.0300 (epoch 3/4) -- actor frozen, value-only for remaining passes
[1495/2000] rew= 7763.0  thr=90.95Mbps  comp=0.718  drop=0.000  SINR= 13.8dB  KL= 0.0217  ent=0.620  clip=0.263  ev=+0.15  t=97487s
  --- eval at update 1499 ---
    PPO           reward  6433.94  thrpt  85.87Mbps  comp 0.675  totfail 0.322  depth 3.22  eval_s=93.4
  [eval-time] update 1499: 93.4s total
    [batch-verify] update 1500: 4 slots, max scaled |diff| 1.91e-06 OK
    [kl-stop] update 1500: minibatch KL 0.0339 > 0.0300 (epoch 3/4) -- actor frozen, value-only for remaining passes
[1500/2000] rew= 4051.0  thr=77.93Mbps  comp=0.598  drop=0.000  SINR= 11.6dB  KL= 0.0184  ent=0.683  clip=0.242  ev=+0.25  t=97844s
    [kl-stop] update 1501: minibatch KL 0.0335 > 0.0300 (epoch 2/4) -- actor frozen, value-only for remaining passes
    [kl-stop] update 1503: minibatch KL 0.0340 > 0.0300 (epoch 3/4) -- actor frozen, value-only for remaining passes
    [kl-stop] update 1505: minibatch KL 0.0385 > 0.0300 (epoch 3/4) -- actor frozen, value-only for remaining passes
[1505/2000] rew= 7295.8  thr=89.70Mbps  comp=0.700  drop=0.000  SINR=  7.9dB  KL= 0.0163  ent=0.756  clip=0.202  ev=+0.20  t=98108s
    [kl-stop] update 1508: minibatch KL 0.0341 > 0.0300 (epoch 3/4) -- actor frozen, value-only for remaining passes
  --- eval at update 1509 ---
    PPO           reward  6437.49  thrpt  85.92Mbps  comp 0.675  totfail 0.322  depth 3.21  eval_s=93.6
  [eval-time] update 1509: 93.6s total
[1510/2000] rew= 5267.9  thr=82.39Mbps  comp=0.636  drop=0.000  SINR= 10.0dB  KL= 0.0087  ent=0.624  clip=0.120  ev=+0.29  t=98462s
    [kl-stop] update 1511: minibatch KL 0.0307 > 0.0300 (epoch 3/4) -- actor frozen, value-only for remaining passes
    [kl-stop] update 1513: minibatch KL 0.0324 > 0.0300 (epoch 3/4) -- actor frozen, value-only for remaining passes
    [kl-stop] update 1515: minibatch KL 0.0345 > 0.0300 (epoch 4/4) -- actor frozen, value-only for remaining passes
[1515/2000] rew= 4225.8  thr=76.69Mbps  comp=0.608  drop=0.000  SINR= 10.3dB  KL= 0.0139  ent=0.643  clip=0.187  ev=+0.29  t=98723s
    [kl-stop] update 1518: minibatch KL 0.0316 > 0.0300 (epoch 3/4) -- actor frozen, value-only for remaining passes
  --- eval at update 1519 ---
    PPO           reward  6433.46  thrpt  85.94Mbps  comp 0.675  totfail 0.322  depth 3.29  eval_s=93.3
  [eval-time] update 1519: 93.3s total
    [kl-stop] update 1520: minibatch KL 0.0418 > 0.0300 (epoch 2/4) -- actor frozen, value-only for remaining passes
[1520/2000] rew= 2098.0  thr=69.04Mbps  comp=0.540  drop=0.000  SINR= 10.1dB  KL= 0.0266  ent=0.576  clip=0.335  ev=+0.46  t=99076s
    [kl-stop] update 1521: minibatch KL 0.0339 > 0.0300 (epoch 4/4) -- actor frozen, value-only for remaining passes
    [kl-stop] update 1524: minibatch KL 0.0390 > 0.0300 (epoch 2/4) -- actor frozen, value-only for remaining passes
    [batch-verify] update 1525: 4 slots, max scaled |diff| 5.72e-06 OK
    [kl-stop] update 1525: minibatch KL 0.0300 > 0.0300 (epoch 2/4) -- actor frozen, value-only for remaining passes
[1525/2000] rew= 5201.4  thr=80.92Mbps  comp=0.636  drop=0.000  SINR= 10.9dB  KL= 0.0229  ent=0.682  clip=0.295  ev=+0.41  t=99343s
    [kl-stop] update 1526: minibatch KL 0.0313 > 0.0300 (epoch 2/4) -- actor frozen, value-only for remaining passes
    [kl-stop] update 1527: minibatch KL 0.0475 > 0.0300 (epoch 2/4) -- actor frozen, value-only for remaining passes
  --- eval at update 1529 ---
    PPO           reward  6438.47  thrpt  85.89Mbps  comp 0.676  totfail 0.321  depth 3.16  eval_s=91.2
  [eval-time] update 1529: 91.2s total
[1530/2000] rew= 6993.6  thr=87.58Mbps  comp=0.693  drop=0.000  SINR= 13.4dB  KL= 0.0083  ent=0.794  clip=0.121  ev=+0.20  t=99697s
    [kl-stop] update 1531: minibatch KL 0.0300 > 0.0300 (epoch 3/4) -- actor frozen, value-only for remaining passes
    [kl-stop] update 1534: minibatch KL 0.0313 > 0.0300 (epoch 2/4) -- actor frozen, value-only for remaining passes
[1535/2000] rew= 8351.3  thr=93.58Mbps  comp=0.732  drop=0.000  SINR= 15.4dB  KL= 0.0113  ent=0.834  clip=0.154  ev=+0.35  t=99959s
    [kl-stop] update 1536: minibatch KL 0.0329 > 0.0300 (epoch 2/4) -- actor frozen, value-only for remaining passes
    [kl-stop] update 1537: minibatch KL 0.0335 > 0.0300 (epoch 3/4) -- actor frozen, value-only for remaining passes
    [kl-stop] update 1538: minibatch KL 0.0306 > 0.0300 (epoch 2/4) -- actor frozen, value-only for remaining passes
    [kl-stop] update 1539: minibatch KL 0.0309 > 0.0300 (epoch 4/4) -- actor frozen, value-only for remaining passes
  --- eval at update 1539 ---
    PPO           reward  6438.98  thrpt  85.89Mbps  comp 0.676  totfail 0.322  depth 3.13  eval_s=91.1
  [eval-time] update 1539: 91.1s total
[1540/2000] rew= 5929.0  thr=83.87Mbps  comp=0.659  drop=0.000  SINR= 11.4dB  KL= 0.0068  ent=0.696  clip=0.097  ev=+0.08  t=100313s
    [kl-stop] update 1541: minibatch KL 0.0363 > 0.0300 (epoch 3/4) -- actor frozen, value-only for remaining passes
[1545/2000] rew= 5246.3  thr=80.35Mbps  comp=0.642  drop=0.000  SINR= 14.9dB  KL= 0.0117  ent=0.521  clip=0.162  ev=+0.02  t=100569s
  --- eval at update 1549 ---
    PPO           reward  6429.78  thrpt  85.78Mbps  comp 0.676  totfail 0.321  depth 3.10  eval_s=89.4
  [eval-time] update 1549: 89.4s total
    [batch-verify] update 1550: 4 slots, max scaled |diff| 5.72e-06 OK
[1550/2000] rew= 5834.3  thr=84.23Mbps  comp=0.654  drop=0.000  SINR=  9.3dB  KL= 0.0073  ent=0.662  clip=0.102  ev=-0.07  t=100916s
    [kl-stop] update 1554: minibatch KL 0.0339 > 0.0300 (epoch 3/4) -- actor frozen, value-only for remaining passes
    [kl-stop] update 1555: minibatch KL 0.0390 > 0.0300 (epoch 4/4) -- actor frozen, value-only for remaining passes
[1555/2000] rew= 8967.2  thr=95.67Mbps  comp=0.752  drop=0.000  SINR= 12.2dB  KL= 0.0105  ent=0.710  clip=0.115  ev=+0.15  t=101171s
    [kl-stop] update 1556: minibatch KL 0.0359 > 0.0300 (epoch 2/4) -- actor frozen, value-only for remaining passes
    [kl-stop] update 1558: minibatch KL 0.0315 > 0.0300 (epoch 3/4) -- actor frozen, value-only for remaining passes
  --- eval at update 1559 ---
    PPO           reward  6424.01  thrpt  85.75Mbps  comp 0.675  totfail 0.322  depth 3.10  eval_s=91.7
  [eval-time] update 1559: 91.7s total
    [kl-stop] update 1560: minibatch KL 0.0314 > 0.0300 (epoch 2/4) -- actor frozen, value-only for remaining passes
[1560/2000] rew= 1895.7  thr=68.42Mbps  comp=0.535  drop=0.000  SINR=  8.0dB  KL= 0.0219  ent=0.527  clip=0.272  ev=+0.06  t=101517s
    [kl-stop] update 1563: minibatch KL 0.0371 > 0.0300 (epoch 3/4) -- actor frozen, value-only for remaining passes
    [kl-stop] update 1564: minibatch KL 0.0492 > 0.0300 (epoch 2/4) -- actor frozen, value-only for remaining passes
[1565/2000] rew= 7006.7  thr=87.53Mbps  comp=0.696  drop=0.000  SINR=  8.3dB  KL= 0.0130  ent=0.667  clip=0.184  ev=+0.23  t=101781s
    [kl-stop] update 1568: minibatch KL 0.0332 > 0.0300 (epoch 3/4) -- actor frozen, value-only for remaining passes
  --- eval at update 1569 ---
    PPO           reward  6418.61  thrpt  85.73Mbps  comp 0.675  totfail 0.322  depth 3.10  eval_s=92.4
  [eval-time] update 1569: 92.4s total
    [kl-stop] update 1570: minibatch KL 0.0355 > 0.0300 (epoch 3/4) -- actor frozen, value-only for remaining passes
[1570/2000] rew= 7658.5  thr=90.42Mbps  comp=0.715  drop=0.000  SINR= 11.3dB  KL= 0.0183  ent=0.674  clip=0.237  ev=-0.22  t=102138s
    [kl-stop] update 1572: minibatch KL 0.0428 > 0.0300 (epoch 3/4) -- actor frozen, value-only for remaining passes
    [kl-stop] update 1574: minibatch KL 0.0345 > 0.0300 (epoch 3/4) -- actor frozen, value-only for remaining passes
    [batch-verify] update 1575: 4 slots, max scaled |diff| 7.63e-06 OK
    [kl-stop] update 1575: minibatch KL 0.0382 > 0.0300 (epoch 2/4) -- actor frozen, value-only for remaining passes
[1575/2000] rew= 3246.2  thr=74.02Mbps  comp=0.576  drop=0.000  SINR=  9.7dB  KL= 0.0259  ent=0.569  clip=0.331  ev=+0.51  t=102393s
    [kl-stop] update 1576: minibatch KL 0.0310 > 0.0300 (epoch 4/4) -- actor frozen, value-only for remaining passes
  --- eval at update 1579 ---
    PPO           reward  6427.61  thrpt  85.77Mbps  comp 0.675  totfail 0.322  depth 3.08  eval_s=90.6
  [eval-time] update 1579: 90.6s total
[1580/2000] rew= 5969.5  thr=84.80Mbps  comp=0.657  drop=0.000  SINR=  7.9dB  KL= 0.0078  ent=0.834  clip=0.112  ev=+0.42  t=102744s
    [kl-stop] update 1584: minibatch KL 0.0304 > 0.0300 (epoch 4/4) -- actor frozen, value-only for remaining passes
    [kl-stop] update 1585: minibatch KL 0.0362 > 0.0300 (epoch 2/4) -- actor frozen, value-only for remaining passes
[1585/2000] rew= 4123.1  thr=76.91Mbps  comp=0.604  drop=0.000  SINR=  7.6dB  KL= 0.0212  ent=0.560  clip=0.272  ev=+0.13  t=102994s
    [kl-stop] update 1588: minibatch KL 0.0341 > 0.0300 (epoch 3/4) -- actor frozen, value-only for remaining passes
  --- eval at update 1589 ---
    PPO           reward  6401.50  thrpt  85.61Mbps  comp 0.675  totfail 0.322  depth 3.06  eval_s=91.3
  [eval-time] update 1589: 91.3s total
    [kl-stop] update 1590: minibatch KL 0.0301 > 0.0300 (epoch 4/4) -- actor frozen, value-only for remaining passes
[1590/2000] rew= 4050.2  thr=76.57Mbps  comp=0.601  drop=0.000  SINR= 12.4dB  KL= 0.0120  ent=0.582  clip=0.163  ev=+0.16  t=103341s
[1595/2000] rew= 1969.4  thr=69.18Mbps  comp=0.538  drop=0.000  SINR=  8.7dB  KL= 0.0068  ent=0.499  clip=0.082  ev=+0.23  t=103584s
    [kl-stop] update 1596: minibatch KL 0.0345 > 0.0300 (epoch 4/4) -- actor frozen, value-only for remaining passes
    [kl-stop] update 1598: minibatch KL 0.0316 > 0.0300 (epoch 4/4) -- actor frozen, value-only for remaining passes
    [kl-stop] update 1599: minibatch KL 0.0355 > 0.0300 (epoch 3/4) -- actor frozen, value-only for remaining passes
  --- eval at update 1599 ---
    PPO           reward  6392.38  thrpt  85.68Mbps  comp 0.674  totfail 0.323  depth 3.07  eval_s=91.1
  [eval-time] update 1599: 91.1s total
    [batch-verify] update 1600: 4 slots, max scaled |diff| 3.81e-06 OK
[1600/2000] rew= 4444.6  thr=78.29Mbps  comp=0.614  drop=0.000  SINR= 15.5dB  KL= 0.0064  ent=0.524  clip=0.078  ev=-0.05  t=103925s
    [kl-stop] update 1601: minibatch KL 0.0314 > 0.0300 (epoch 3/4) -- actor frozen, value-only for remaining passes
    [kl-stop] update 1604: minibatch KL 0.0323 > 0.0300 (epoch 3/4) -- actor frozen, value-only for remaining passes
    [kl-stop] update 1605: minibatch KL 0.0335 > 0.0300 (epoch 2/4) -- actor frozen, value-only for remaining passes
[1605/2000] rew= 3584.3  thr=75.37Mbps  comp=0.585  drop=0.000  SINR=  7.3dB  KL= 0.0192  ent=0.626  clip=0.269  ev=-0.04  t=104188s
    [kl-stop] update 1606: minibatch KL 0.0329 > 0.0300 (epoch 2/4) -- actor frozen, value-only for remaining passes
    [kl-stop] update 1607: minibatch KL 0.0343 > 0.0300 (epoch 3/4) -- actor frozen, value-only for remaining passes
  --- eval at update 1609 ---
    PPO           reward  6392.68  thrpt  85.62Mbps  comp 0.674  totfail 0.323  depth 3.07  eval_s=88.9
  [eval-time] update 1609: 88.9s total
    [kl-stop] update 1610: minibatch KL 0.0305 > 0.0300 (epoch 3/4) -- actor frozen, value-only for remaining passes
[1610/2000] rew= 6589.1  thr=86.70Mbps  comp=0.679  drop=0.000  SINR=  5.9dB  KL= 0.0178  ent=0.807  clip=0.234  ev=-0.11  t=104527s
    [kl-stop] update 1613: minibatch KL 0.0328 > 0.0300 (epoch 4/4) -- actor frozen, value-only for remaining passes
    [kl-stop] update 1614: minibatch KL 0.0360 > 0.0300 (epoch 3/4) -- actor frozen, value-only for remaining passes
    [kl-stop] update 1615: minibatch KL 0.0441 > 0.0300 (epoch 3/4) -- actor frozen, value-only for remaining passes
[1615/2000] rew= 7624.1  thr=90.54Mbps  comp=0.712  drop=0.000  SINR= 10.7dB  KL= 0.0274  ent=0.724  clip=0.304  ev=+0.06  t=104784s
    [kl-stop] update 1617: minibatch KL 0.0432 > 0.0300 (epoch 4/4) -- actor frozen, value-only for remaining passes
    [kl-stop] update 1618: minibatch KL 0.0415 > 0.0300 (epoch 3/4) -- actor frozen, value-only for remaining passes
    [kl-stop] update 1619: minibatch KL 0.0362 > 0.0300 (epoch 3/4) -- actor frozen, value-only for remaining passes
  --- eval at update 1619 ---
    PPO           reward  6423.61  thrpt  85.77Mbps  comp 0.675  totfail 0.322  depth 3.14  eval_s=92.4
  [eval-time] update 1619: 92.4s total
[1620/2000] rew= 4506.3  thr=77.40Mbps  comp=0.620  drop=0.000  SINR= 11.3dB  KL= 0.0072  ent=0.544  clip=0.096  ev=-0.16  t=105137s
    [kl-stop] update 1621: minibatch KL 0.0410 > 0.0300 (epoch 3/4) -- actor frozen, value-only for remaining passes
    [kl-stop] update 1623: minibatch KL 0.0300 > 0.0300 (epoch 3/4) -- actor frozen, value-only for remaining passes
    [kl-stop] update 1624: minibatch KL 0.0321 > 0.0300 (epoch 3/4) -- actor frozen, value-only for remaining passes
    [batch-verify] update 1625: 4 slots, max scaled |diff| 9.54e-06 OK
[1625/2000] rew= 5936.6  thr=84.54Mbps  comp=0.656  drop=0.000  SINR= 10.1dB  KL= 0.0069  ent=0.684  clip=0.103  ev=+0.07  t=105405s
    [kl-stop] update 1627: minibatch KL 0.0319 > 0.0300 (epoch 4/4) -- actor frozen, value-only for remaining passes
    [kl-stop] update 1628: minibatch KL 0.0341 > 0.0300 (epoch 3/4) -- actor frozen, value-only for remaining passes
    [kl-stop] update 1629: minibatch KL 0.0316 > 0.0300 (epoch 4/4) -- actor frozen, value-only for remaining passes
  --- eval at update 1629 ---
    PPO           reward  6405.81  thrpt  85.71Mbps  comp 0.675  totfail 0.323  depth 3.16  eval_s=92.3
  [eval-time] update 1629: 92.3s total
    [kl-stop] update 1630: minibatch KL 0.0312 > 0.0300 (epoch 4/4) -- actor frozen, value-only for remaining passes
[1630/2000] rew= 6820.4  thr=87.81Mbps  comp=0.686  drop=0.000  SINR= 14.6dB  KL= 0.0146  ent=0.632  clip=0.179  ev=-0.29  t=105754s
    [kl-stop] update 1633: minibatch KL 0.0307 > 0.0300 (epoch 4/4) -- actor frozen, value-only for remaining passes
    [kl-stop] update 1634: minibatch KL 0.0308 > 0.0300 (epoch 4/4) -- actor frozen, value-only for remaining passes
    [kl-stop] update 1635: minibatch KL 0.0330 > 0.0300 (epoch 3/4) -- actor frozen, value-only for remaining passes
[1635/2000] rew= 8324.2  thr=92.53Mbps  comp=0.736  drop=0.000  SINR= 11.3dB  KL= 0.0182  ent=0.715  clip=0.253  ev=+0.07  t=106017s
    [kl-stop] update 1636: minibatch KL 0.0325 > 0.0300 (epoch 2/4) -- actor frozen, value-only for remaining passes
  --- eval at update 1639 ---
    PPO           reward  6397.32  thrpt  85.74Mbps  comp 0.674  totfail 0.323  depth 3.18  eval_s=92.5
  [eval-time] update 1639: 92.5s total
[1640/2000] rew= 5398.2  thr=81.51Mbps  comp=0.644  drop=0.000  SINR= 10.0dB  KL= 0.0093  ent=0.683  clip=0.139  ev=+0.01  t=106371s
    [kl-stop] update 1641: minibatch KL 0.0313 > 0.0300 (epoch 2/4) -- actor frozen, value-only for remaining passes
    [kl-stop] update 1644: minibatch KL 0.0326 > 0.0300 (epoch 4/4) -- actor frozen, value-only for remaining passes
[1645/2000] rew= 5340.6  thr=80.47Mbps  comp=0.644  drop=0.000  SINR= 10.6dB  KL= 0.0055  ent=0.630  clip=0.067  ev=-0.06  t=106636s
    [kl-stop] update 1646: minibatch KL 0.0312 > 0.0300 (epoch 4/4) -- actor frozen, value-only for remaining passes
    [kl-stop] update 1647: minibatch KL 0.0321 > 0.0300 (epoch 4/4) -- actor frozen, value-only for remaining passes
    [kl-stop] update 1649: minibatch KL 0.0364 > 0.0300 (epoch 4/4) -- actor frozen, value-only for remaining passes
  --- eval at update 1649 ---
    PPO           reward  6373.85  thrpt  85.72Mbps  comp 0.673  totfail 0.324  depth 3.22  eval_s=93.8
  [eval-time] update 1649: 93.8s total
    [batch-verify] update 1650: 4 slots, max scaled |diff| 2.86e-06 OK
    [kl-stop] update 1650: minibatch KL 0.0322 > 0.0300 (epoch 3/4) -- actor frozen, value-only for remaining passes
[1650/2000] rew= 4162.2  thr=77.24Mbps  comp=0.603  drop=0.000  SINR= 10.1dB  KL= 0.0175  ent=0.723  clip=0.234  ev=+0.02  t=106996s
    [kl-stop] update 1653: minibatch KL 0.0316 > 0.0300 (epoch 4/4) -- actor frozen, value-only for remaining passes
[1655/2000] rew= 5043.0  thr=79.98Mbps  comp=0.634  drop=0.000  SINR= 12.7dB  KL= 0.0084  ent=0.648  clip=0.123  ev=+0.15  t=107265s
    [kl-stop] update 1656: minibatch KL 0.0316 > 0.0300 (epoch 4/4) -- actor frozen, value-only for remaining passes
    [kl-stop] update 1657: minibatch KL 0.0326 > 0.0300 (epoch 3/4) -- actor frozen, value-only for remaining passes
    [kl-stop] update 1658: minibatch KL 0.0303 > 0.0300 (epoch 3/4) -- actor frozen, value-only for remaining passes
    [kl-stop] update 1659: minibatch KL 0.0379 > 0.0300 (epoch 3/4) -- actor frozen, value-only for remaining passes
  --- eval at update 1659 ---
    PPO           reward  6394.92  thrpt  85.79Mbps  comp 0.674  totfail 0.323  depth 3.26  eval_s=95.6
  [eval-time] update 1659: 95.6s total
[1660/2000] rew= 6593.4  thr=86.19Mbps  comp=0.681  drop=0.000  SINR= 14.9dB  KL= 0.0033  ent=0.619  clip=0.036  ev=+0.36  t=107622s
    [kl-stop] update 1661: minibatch KL 0.0311 > 0.0300 (epoch 3/4) -- actor frozen, value-only for remaining passes
    [kl-stop] update 1663: minibatch KL 0.0304 > 0.0300 (epoch 3/4) -- actor frozen, value-only for remaining passes
[1665/2000] rew= 6374.6  thr=86.18Mbps  comp=0.672  drop=0.000  SINR= 11.5dB  KL= 0.0077  ent=0.637  clip=0.118  ev=+0.27  t=107895s
    [kl-stop] update 1666: minibatch KL 0.0365 > 0.0300 (epoch 4/4) -- actor frozen, value-only for remaining passes
  --- eval at update 1669 ---
    PPO           reward  6387.31  thrpt  85.78Mbps  comp 0.674  totfail 0.324  depth 3.27  eval_s=95.3
  [eval-time] update 1669: 95.3s total
[1670/2000] rew= 5439.0  thr=83.02Mbps  comp=0.640  drop=0.000  SINR=  8.6dB  KL= 0.0094  ent=0.689  clip=0.133  ev=+0.10  t=108256s
    [kl-stop] update 1672: minibatch KL 0.0310 > 0.0300 (epoch 4/4) -- actor frozen, value-only for remaining passes
    [kl-stop] update 1673: minibatch KL 0.0326 > 0.0300 (epoch 4/4) -- actor frozen, value-only for remaining passes
    [batch-verify] update 1675: 4 slots, max scaled |diff| 9.54e-06 OK
[1675/2000] rew= 6559.4  thr=86.77Mbps  comp=0.678  drop=0.000  SINR=  8.0dB  KL= 0.0099  ent=0.732  clip=0.141  ev=+0.07  t=108524s
    [kl-stop] update 1676: minibatch KL 0.0310 > 0.0300 (epoch 3/4) -- actor frozen, value-only for remaining passes
    [kl-stop] update 1679: minibatch KL 0.0338 > 0.0300 (epoch 4/4) -- actor frozen, value-only for remaining passes
  --- eval at update 1679 ---
    PPO           reward  6396.59  thrpt  85.76Mbps  comp 0.674  totfail 0.323  depth 3.21  eval_s=92.3
  [eval-time] update 1679: 92.3s total
    [kl-stop] update 1680: minibatch KL 0.0300 > 0.0300 (epoch 2/4) -- actor frozen, value-only for remaining passes
[1680/2000] rew= 4281.5  thr=78.56Mbps  comp=0.605  drop=0.000  SINR=  7.8dB  KL= 0.0224  ent=0.645  clip=0.275  ev=+0.38  t=108884s
    [kl-stop] update 1684: minibatch KL 0.0306 > 0.0300 (epoch 3/4) -- actor frozen, value-only for remaining passes
[1685/2000] rew= 6604.6  thr=87.33Mbps  comp=0.678  drop=0.000  SINR=  9.6dB  KL= 0.0086  ent=0.660  clip=0.115  ev=-0.01  t=109150s
    [kl-stop] update 1686: minibatch KL 0.0302 > 0.0300 (epoch 4/4) -- actor frozen, value-only for remaining passes
    [kl-stop] update 1687: minibatch KL 0.0305 > 0.0300 (epoch 3/4) -- actor frozen, value-only for remaining passes
    [kl-stop] update 1688: minibatch KL 0.0361 > 0.0300 (epoch 3/4) -- actor frozen, value-only for remaining passes
  --- eval at update 1689 ---
    PPO           reward  6397.21  thrpt  85.73Mbps  comp 0.674  totfail 0.323  depth 3.14  eval_s=90.9
  [eval-time] update 1689: 90.9s total
[1690/2000] rew= 5875.4  thr=84.42Mbps  comp=0.656  drop=0.000  SINR= 11.1dB  KL= 0.0047  ent=0.645  clip=0.058  ev=+0.11  t=109500s
    [kl-stop] update 1693: minibatch KL 0.0337 > 0.0300 (epoch 4/4) -- actor frozen, value-only for remaining passes
[1695/2000] rew= 8793.7  thr=94.59Mbps  comp=0.750  drop=0.000  SINR= 13.8dB  KL= 0.0049  ent=0.757  clip=0.066  ev=+0.44  t=109761s
    [kl-stop] update 1698: minibatch KL 0.0364 > 0.0300 (epoch 3/4) -- actor frozen, value-only for remaining passes
  --- eval at update 1699 ---
    PPO           reward  6414.29  thrpt  85.77Mbps  comp 0.675  totfail 0.322  depth 3.17  eval_s=91.6
  [eval-time] update 1699: 91.6s total
    [batch-verify] update 1700: 4 slots, max scaled |diff| 7.63e-06 OK
    [kl-stop] update 1700: minibatch KL 0.0328 > 0.0300 (epoch 4/4) -- actor frozen, value-only for remaining passes
[1700/2000] rew= 9126.6  thr=96.40Mbps  comp=0.757  drop=0.000  SINR= 12.5dB  KL= 0.0131  ent=0.817  clip=0.173  ev=+0.29  t=110121s
    [kl-stop] update 1705: minibatch KL 0.0349 > 0.0300 (epoch 3/4) -- actor frozen, value-only for remaining passes
[1705/2000] rew= 5518.1  thr=82.83Mbps  comp=0.644  drop=0.000  SINR= 10.8dB  KL= 0.0191  ent=0.734  clip=0.247  ev=+0.26  t=110387s
    [kl-stop] update 1706: minibatch KL 0.0302 > 0.0300 (epoch 3/4) -- actor frozen, value-only for remaining passes
    [kl-stop] update 1709: minibatch KL 0.0302 > 0.0300 (epoch 4/4) -- actor frozen, value-only for remaining passes
  --- eval at update 1709 ---
    PPO           reward  6396.90  thrpt  85.71Mbps  comp 0.674  totfail 0.323  depth 3.13  eval_s=91.8
  [eval-time] update 1709: 91.8s total
    [kl-stop] update 1710: minibatch KL 0.0314 > 0.0300 (epoch 3/4) -- actor frozen, value-only for remaining passes
[1710/2000] rew= 3625.5  thr=74.80Mbps  comp=0.585  drop=0.000  SINR=  7.8dB  KL= 0.0184  ent=0.653  clip=0.242  ev=+0.39  t=110747s
    [kl-stop] update 1715: minibatch KL 0.0406 > 0.0300 (epoch 4/4) -- actor frozen, value-only for remaining passes
[1715/2000] rew= 3646.2  thr=75.36Mbps  comp=0.586  drop=0.000  SINR=  7.3dB  KL= 0.0158  ent=0.629  clip=0.195  ev=+0.28  t=111011s
    [kl-stop] update 1717: minibatch KL 0.0318 > 0.0300 (epoch 3/4) -- actor frozen, value-only for remaining passes
  --- eval at update 1719 ---
    PPO           reward  6406.13  thrpt  85.69Mbps  comp 0.675  totfail 0.322  depth 3.08  eval_s=91.1
  [eval-time] update 1719: 91.1s total
[1720/2000] rew= 7655.5  thr=90.87Mbps  comp=0.711  drop=0.000  SINR= 11.9dB  KL= 0.0089  ent=0.786  clip=0.127  ev=+0.19  t=111369s
    [batch-verify] update 1725: 4 slots, max scaled |diff| 2.86e-06 OK
[1725/2000] rew= 5845.9  thr=82.83Mbps  comp=0.659  drop=0.000  SINR= 10.2dB  KL= 0.0089  ent=0.665  clip=0.126  ev=-0.01  t=111635s
  --- eval at update 1729 ---
    PPO           reward  6408.14  thrpt  85.70Mbps  comp 0.675  totfail 0.322  depth 3.04  eval_s=90.9
  [eval-time] update 1729: 90.9s total
[1730/2000] rew= 6129.7  thr=84.49Mbps  comp=0.666  drop=0.000  SINR= 12.8dB  KL= 0.0106  ent=0.635  clip=0.154  ev=+0.22  t=111984s
    [kl-stop] update 1732: minibatch KL 0.0317 > 0.0300 (epoch 3/4) -- actor frozen, value-only for remaining passes
[1735/2000] rew= 6385.4  thr=84.99Mbps  comp=0.677  drop=0.000  SINR= 10.6dB  KL= 0.0071  ent=0.638  clip=0.096  ev=+0.41  t=112240s
  --- eval at update 1739 ---
    PPO           reward  6401.72  thrpt  85.62Mbps  comp 0.675  totfail 0.322  depth 2.99  eval_s=90.4
  [eval-time] update 1739: 90.4s total
[1740/2000] rew= 6820.9  thr=87.12Mbps  comp=0.686  drop=0.000  SINR= 11.7dB  KL= 0.0044  ent=0.676  clip=0.052  ev=-0.10  t=112583s
    [kl-stop] update 1743: minibatch KL 0.0325 > 0.0300 (epoch 3/4) -- actor frozen, value-only for remaining passes
[1745/2000] rew= 4026.6  thr=76.71Mbps  comp=0.601  drop=0.000  SINR= 12.2dB  KL= 0.0062  ent=0.568  clip=0.085  ev=+0.29  t=112840s
  --- eval at update 1749 ---
    PPO           reward  6388.90  thrpt  85.56Mbps  comp 0.674  totfail 0.323  depth 2.97  eval_s=88.8
  [eval-time] update 1749: 88.8s total
    [batch-verify] update 1750: 4 slots, max scaled |diff| 2.86e-06 OK
[1750/2000] rew= 5202.6  thr=81.84Mbps  comp=0.636  drop=0.000  SINR= 13.0dB  KL= 0.0058  ent=0.572  clip=0.080  ev=+0.33  t=113171s
[1755/2000] rew= 7407.2  thr=89.97Mbps  comp=0.705  drop=0.000  SINR= 10.6dB  KL= 0.0070  ent=0.558  clip=0.088  ev=-0.13  t=113422s
  --- eval at update 1759 ---
    PPO           reward  6379.67  thrpt  85.53Mbps  comp 0.674  totfail 0.323  depth 2.99  eval_s=89.1
  [eval-time] update 1759: 89.1s total
[1760/2000] rew= 5136.2  thr=81.40Mbps  comp=0.635  drop=0.000  SINR= 13.4dB  KL= 0.0047  ent=0.507  clip=0.063  ev=-0.12  t=113755s
    [kl-stop] update 1762: minibatch KL 0.0387 > 0.0300 (epoch 4/4) -- actor frozen, value-only for remaining passes
    [kl-stop] update 1763: minibatch KL 0.0352 > 0.0300 (epoch 3/4) -- actor frozen, value-only for remaining passes
    [kl-stop] update 1764: minibatch KL 0.0345 > 0.0300 (epoch 4/4) -- actor frozen, value-only for remaining passes
[1765/2000] rew= 4400.3  thr=77.59Mbps  comp=0.614  drop=0.000  SINR= 12.9dB  KL= 0.0032  ent=0.531  clip=0.034  ev=+0.17  t=114010s
    [kl-stop] update 1767: minibatch KL 0.0336 > 0.0300 (epoch 4/4) -- actor frozen, value-only for remaining passes
    [kl-stop] update 1768: minibatch KL 0.0335 > 0.0300 (epoch 3/4) -- actor frozen, value-only for remaining passes
  --- eval at update 1769 ---
    PPO           reward  6414.41  thrpt  85.74Mbps  comp 0.675  totfail 0.322  depth 3.05  eval_s=89.2
  [eval-time] update 1769: 89.2s total
[1770/2000] rew= 4731.6  thr=79.58Mbps  comp=0.621  drop=0.000  SINR= 10.9dB  KL= 0.0101  ent=0.539  clip=0.155  ev=+0.04  t=114347s
    [kl-stop] update 1774: minibatch KL 0.0510 > 0.0300 (epoch 4/4) -- actor frozen, value-only for remaining passes
    [batch-verify] update 1775: 4 slots, max scaled |diff| 4.77e-06 OK
[1775/2000] rew= 4668.8  thr=79.20Mbps  comp=0.619  drop=0.000  SINR=  8.4dB  KL= 0.0080  ent=0.632  clip=0.115  ev=-0.29  t=114605s
    [kl-stop] update 1778: minibatch KL 0.0324 > 0.0300 (epoch 4/4) -- actor frozen, value-only for remaining passes
  --- eval at update 1779 ---
    PPO           reward  6400.57  thrpt  85.65Mbps  comp 0.675  totfail 0.322  depth 3.07  eval_s=89.5
  [eval-time] update 1779: 89.5s total
[1780/2000] rew= 4332.9  thr=77.60Mbps  comp=0.611  drop=0.000  SINR= 15.9dB  KL= 0.0045  ent=0.532  clip=0.055  ev=-0.09  t=114939s
[1785/2000] rew= 7729.2  thr=90.46Mbps  comp=0.717  drop=0.000  SINR= 12.9dB  KL= 0.0087  ent=0.604  clip=0.114  ev=-0.29  t=115191s
  --- eval at update 1789 ---
    PPO           reward  6402.13  thrpt  85.67Mbps  comp 0.675  totfail 0.322  depth 3.08  eval_s=91.3
  [eval-time] update 1789: 91.3s total
    [kl-stop] update 1790: minibatch KL 0.0373 > 0.0300 (epoch 4/4) -- actor frozen, value-only for remaining passes
[1790/2000] rew= 6717.9  thr=86.30Mbps  comp=0.687  drop=0.000  SINR= 13.2dB  KL= 0.0121  ent=0.584  clip=0.157  ev=-0.01  t=115537s
    [kl-stop] update 1794: minibatch KL 0.0339 > 0.0300 (epoch 4/4) -- actor frozen, value-only for remaining passes
[1795/2000] rew= 5259.6  thr=82.00Mbps  comp=0.636  drop=0.000  SINR= 11.6dB  KL= 0.0048  ent=0.579  clip=0.056  ev=-0.06  t=115787s
  --- eval at update 1799 ---
    PPO           reward  6390.45  thrpt  85.66Mbps  comp 0.674  totfail 0.323  depth 3.08  eval_s=91.9
  [eval-time] update 1799: 91.9s total
    [batch-verify] update 1800: 4 slots, max scaled |diff| 7.63e-06 OK
[1800/2000] rew= 6152.5  thr=84.14Mbps  comp=0.666  drop=0.000  SINR= 11.1dB  KL= 0.0025  ent=0.706  clip=0.022  ev=+0.12  t=116143s
[1805/2000] rew= 5328.6  thr=80.91Mbps  comp=0.645  drop=0.000  SINR=  7.8dB  KL= 0.0049  ent=0.587  clip=0.059  ev=-0.25  t=116409s
    [kl-stop] update 1807: minibatch KL 0.0322 > 0.0300 (epoch 4/4) -- actor frozen, value-only for remaining passes
    [kl-stop] update 1808: minibatch KL 0.0343 > 0.0300 (epoch 4/4) -- actor frozen, value-only for remaining passes
  --- eval at update 1809 ---
    PPO           reward  6399.66  thrpt  85.79Mbps  comp 0.674  totfail 0.323  depth 3.07  eval_s=90.1
  [eval-time] update 1809: 90.1s total
[1810/2000] rew= 6850.9  thr=86.98Mbps  comp=0.689  drop=0.000  SINR= 11.2dB  KL= 0.0017  ent=0.647  clip=0.010  ev=+0.14  t=116759s
    [kl-stop] update 1811: minibatch KL 0.0463 > 0.0300 (epoch 4/4) -- actor frozen, value-only for remaining passes
    [kl-stop] update 1815: minibatch KL 0.0308 > 0.0300 (epoch 4/4) -- actor frozen, value-only for remaining passes
[1815/2000] rew= 8247.5  thr=92.94Mbps  comp=0.730  drop=0.000  SINR=  8.4dB  KL= 0.0120  ent=0.730  clip=0.152  ev=+0.04  t=117017s
  --- eval at update 1819 ---
    PPO           reward  6413.18  thrpt  85.78Mbps  comp 0.675  totfail 0.322  depth 3.07  eval_s=91.1
  [eval-time] update 1819: 91.1s total
[1820/2000] rew= 2999.0  thr=72.45Mbps  comp=0.568  drop=0.000  SINR=  8.1dB  KL= 0.0085  ent=0.576  clip=0.115  ev=-0.10  t=117371s
    [kl-stop] update 1824: minibatch KL 0.0304 > 0.0300 (epoch 4/4) -- actor frozen, value-only for remaining passes
    [batch-verify] update 1825: 4 slots, max scaled |diff| 3.81e-06 OK
    [kl-stop] update 1825: minibatch KL 0.0318 > 0.0300 (epoch 4/4) -- actor frozen, value-only for remaining passes
[1825/2000] rew= 7503.2  thr=90.61Mbps  comp=0.707  drop=0.000  SINR= 11.3dB  KL= 0.0119  ent=0.676  clip=0.159  ev=-0.04  t=117628s
    [kl-stop] update 1828: minibatch KL 0.0302 > 0.0300 (epoch 4/4) -- actor frozen, value-only for remaining passes
  --- eval at update 1829 ---
    PPO           reward  6418.51  thrpt  85.76Mbps  comp 0.675  totfail 0.322  depth 3.09  eval_s=90.3
  [eval-time] update 1829: 90.3s total
[1830/2000] rew= 5644.8  thr=83.03Mbps  comp=0.649  drop=0.000  SINR=  7.4dB  KL= 0.0044  ent=0.707  clip=0.048  ev=+0.14  t=117982s
[1835/2000] rew= 4449.5  thr=78.44Mbps  comp=0.615  drop=0.000  SINR= 10.4dB  KL= 0.0013  ent=0.562  clip=0.005  ev=-0.25  t=118235s
  --- eval at update 1839 ---
    PPO           reward  6407.07  thrpt  85.78Mbps  comp 0.675  totfail 0.322  depth 3.13  eval_s=91.0
  [eval-time] update 1839: 91.0s total
[1840/2000] rew= 6858.2  thr=87.81Mbps  comp=0.688  drop=0.000  SINR=  7.5dB  KL= 0.0087  ent=0.638  clip=0.120  ev=-0.08  t=118593s
[1845/2000] rew= 6649.1  thr=87.34Mbps  comp=0.681  drop=0.000  SINR= 13.2dB  KL= 0.0052  ent=0.622  clip=0.064  ev=+0.11  t=118847s
  --- eval at update 1849 ---
    PPO           reward  6403.61  thrpt  85.77Mbps  comp 0.674  totfail 0.323  depth 3.18  eval_s=93.9
  [eval-time] update 1849: 93.9s total
    [batch-verify] update 1850: 4 slots, max scaled |diff| 3.81e-06 OK
[1850/2000] rew= 8833.4  thr=94.76Mbps  comp=0.751  drop=0.000  SINR= 14.9dB  KL= 0.0074  ent=0.605  clip=0.098  ev=+0.14  t=119199s
    [kl-stop] update 1854: minibatch KL 0.0336 > 0.0300 (epoch 4/4) -- actor frozen, value-only for remaining passes
[1855/2000] rew= 7214.5  thr=88.00Mbps  comp=0.702  drop=0.000  SINR= 11.7dB  KL= 0.0015  ent=0.646  clip=0.007  ev=-0.15  t=119468s
  --- eval at update 1859 ---
    PPO           reward  6407.70  thrpt  85.76Mbps  comp 0.675  totfail 0.322  depth 3.09  eval_s=90.8
  [eval-time] update 1859: 90.8s total
[1860/2000] rew= 3324.1  thr=74.47Mbps  comp=0.576  drop=0.000  SINR=  7.3dB  KL= 0.0018  ent=0.614  clip=0.012  ev=+0.23  t=119823s
[1865/2000] rew= 2871.9  thr=73.04Mbps  comp=0.562  drop=0.000  SINR=  7.7dB  KL= 0.0068  ent=0.557  clip=0.086  ev=+0.02  t=120083s
  --- eval at update 1869 ---
    PPO           reward  6412.66  thrpt  85.75Mbps  comp 0.675  totfail 0.322  depth 3.14  eval_s=89.9
  [eval-time] update 1869: 89.9s total
[1870/2000] rew= 4929.5  thr=80.34Mbps  comp=0.628  drop=0.000  SINR= 10.0dB  KL= 0.0076  ent=0.579  clip=0.105  ev=-0.04  t=120422s
    [batch-verify] update 1875: 4 slots, max scaled |diff| 3.81e-06 OK
[1875/2000] rew= 4479.2  thr=80.12Mbps  comp=0.609  drop=0.000  SINR= 12.1dB  KL= 0.0052  ent=0.613  clip=0.065  ev=-0.07  t=120678s
  --- eval at update 1879 ---
    PPO           reward  6416.16  thrpt  85.74Mbps  comp 0.675  totfail 0.322  depth 3.06  eval_s=89.0
  [eval-time] update 1879: 89.0s total
[1880/2000] rew= 4377.8  thr=78.47Mbps  comp=0.610  drop=0.000  SINR=  6.7dB  KL= 0.0061  ent=0.588  clip=0.075  ev=-0.23  t=121020s
[1885/2000] rew= 5234.2  thr=80.67Mbps  comp=0.640  drop=0.000  SINR= 14.3dB  KL= 0.0016  ent=0.517  clip=0.006  ev=-0.06  t=121273s
  --- eval at update 1889 ---
    PPO           reward  6416.39  thrpt  85.70Mbps  comp 0.675  totfail 0.322  depth 3.08  eval_s=90.5
  [eval-time] update 1889: 90.5s total
[1890/2000] rew= 4601.8  thr=80.49Mbps  comp=0.613  drop=0.000  SINR= 10.2dB  KL= 0.0027  ent=0.579  clip=0.024  ev=+0.13  t=121623s
[1895/2000] rew= 4393.6  thr=78.54Mbps  comp=0.610  drop=0.000  SINR=  7.6dB  KL= 0.0037  ent=0.555  clip=0.041  ev=+0.16  t=121875s
  --- eval at update 1899 ---
    PPO           reward  6413.50  thrpt  85.72Mbps  comp 0.675  totfail 0.322  depth 3.09  eval_s=91.2
  [eval-time] update 1899: 91.2s total
    [batch-verify] update 1900: 4 slots, max scaled |diff| 5.72e-06 OK
[1900/2000] rew= 7063.0  thr=87.46Mbps  comp=0.700  drop=0.000  SINR= 13.6dB  KL= 0.0022  ent=0.483  clip=0.019  ev=-0.95  t=122221s
[1905/2000] rew= 4827.4  thr=78.90Mbps  comp=0.627  drop=0.000  SINR=  9.3dB  KL= 0.0010  ent=0.555  clip=0.002  ev=-0.43  t=122493s
  --- eval at update 1909 ---
    PPO           reward  6399.83  thrpt  85.73Mbps  comp 0.674  totfail 0.323  depth 3.09  eval_s=92.2
  [eval-time] update 1909: 92.2s total
[1910/2000] rew= 4575.6  thr=79.74Mbps  comp=0.613  drop=0.000  SINR= 13.1dB  KL= 0.0013  ent=0.648  clip=0.005  ev=-0.49  t=122847s
[1915/2000] rew= 8260.4  thr=92.93Mbps  comp=0.733  drop=0.000  SINR= 13.2dB  KL= 0.0006  ent=0.577  clip=0.001  ev=-0.25  t=123107s
  --- eval at update 1919 ---
    PPO           reward  6409.91  thrpt  85.73Mbps  comp 0.675  totfail 0.322  depth 3.09  eval_s=92.5
  [eval-time] update 1919: 92.5s total
[1920/2000] rew= 6837.2  thr=87.52Mbps  comp=0.687  drop=0.000  SINR= 11.4dB  KL= 0.0021  ent=0.539  clip=0.017  ev=+0.31  t=123459s
    [batch-verify] update 1925: 4 slots, max scaled |diff| 5.72e-06 OK
[1925/2000] rew= 5287.1  thr=81.39Mbps  comp=0.637  drop=0.000  SINR= 10.1dB  KL= 0.0008  ent=0.681  clip=0.001  ev=+0.13  t=123729s
  --- eval at update 1929 ---
    PPO           reward  6409.25  thrpt  85.77Mbps  comp 0.675  totfail 0.322  depth 3.13  eval_s=92.6
  [eval-time] update 1929: 92.6s total
[1930/2000] rew= 7665.1  thr=90.95Mbps  comp=0.712  drop=0.000  SINR= 13.3dB  KL= 0.0024  ent=0.586  clip=0.018  ev=-0.06  t=124085s
[1935/2000] rew= 9206.5  thr=97.28Mbps  comp=0.759  drop=0.000  SINR= 12.6dB  KL= 0.0002  ent=0.678  clip=0.000  ev=+0.08  t=124344s
  --- eval at update 1939 ---
    PPO           reward  6400.00  thrpt  85.75Mbps  comp 0.674  totfail 0.323  depth 3.13  eval_s=91.9
  [eval-time] update 1939: 91.9s total
[1940/2000] rew= 6403.8  thr=86.66Mbps  comp=0.671  drop=0.000  SINR= 10.5dB  KL= 0.0009  ent=0.607  clip=0.003  ev=-0.09  t=124700s
[1945/2000] rew= 5808.2  thr=83.50Mbps  comp=0.654  drop=0.000  SINR= 13.3dB  KL= 0.0007  ent=0.616  clip=0.001  ev=+0.35  t=124966s
  --- eval at update 1949 ---
    PPO           reward  6406.18  thrpt  85.78Mbps  comp 0.675  totfail 0.322  depth 3.09  eval_s=92.6
  [eval-time] update 1949: 92.6s total
    [batch-verify] update 1950: 4 slots, max scaled |diff| 5.72e-06 OK
[1950/2000] rew= 6567.9  thr=86.93Mbps  comp=0.676  drop=0.000  SINR= 11.5dB  KL= 0.0010  ent=0.577  clip=0.003  ev=+0.17  t=125322s
[1955/2000] rew= 3295.5  thr=74.83Mbps  comp=0.574  drop=0.000  SINR= 12.3dB  KL= 0.0008  ent=0.592  clip=0.002  ev=-0.41  t=125588s
  --- eval at update 1959 ---
    PPO           reward  6400.18  thrpt  85.73Mbps  comp 0.674  totfail 0.323  depth 3.09  eval_s=92.1
  [eval-time] update 1959: 92.1s total
[1960/2000] rew= 4423.7  thr=78.29Mbps  comp=0.613  drop=0.000  SINR=  9.7dB  KL= 0.0003  ent=0.532  clip=0.000  ev=+0.07  t=125945s
[1965/2000] rew= 6275.0  thr=85.92Mbps  comp=0.667  drop=0.000  SINR=  9.0dB  KL= 0.0003  ent=0.658  clip=0.000  ev=-0.43  t=126201s
  --- eval at update 1969 ---
    PPO           reward  6405.70  thrpt  85.76Mbps  comp 0.675  totfail 0.322  depth 3.18  eval_s=93.1
  [eval-time] update 1969: 93.1s total
[1970/2000] rew= 2924.2  thr=72.77Mbps  comp=0.564  drop=0.000  SINR=  8.2dB  KL= 0.0002  ent=0.609  clip=0.000  ev=-0.26  t=126562s
    [batch-verify] update 1975: 4 slots, max scaled |diff| 7.63e-06 OK
[1975/2000] rew= 7367.2  thr=88.99Mbps  comp=0.704  drop=0.000  SINR= 11.7dB  KL= 0.0004  ent=0.659  clip=0.000  ev=+0.08  t=126824s
  --- eval at update 1979 ---
    PPO           reward  6405.77  thrpt  85.76Mbps  comp 0.675  totfail 0.322  depth 3.13  eval_s=92.4
  [eval-time] update 1979: 92.4s total
[1980/2000] rew= 4221.4  thr=77.92Mbps  comp=0.603  drop=0.000  SINR=  8.8dB  KL= 0.0002  ent=0.585  clip=0.000  ev=-0.19  t=127184s
[1985/2000] rew= 5174.2  thr=80.95Mbps  comp=0.636  drop=0.000  SINR=  6.4dB  KL= 0.0001  ent=0.684  clip=0.000  ev=+0.16  t=127449s
  --- eval at update 1989 ---
    PPO           reward  6416.40  thrpt  85.77Mbps  comp 0.675  totfail 0.322  depth 3.14  eval_s=92.3
  [eval-time] update 1989: 92.3s total
[1990/2000] rew= 3741.7  thr=75.86Mbps  comp=0.589  drop=0.000  SINR=  6.4dB  KL= 0.0000  ent=0.639  clip=0.000  ev=+0.03  t=127801s
[1995/2000] rew= 4081.4  thr=77.75Mbps  comp=0.600  drop=0.000  SINR= 10.0dB  KL= 0.0000  ent=0.575  clip=0.000  ev=-0.44  t=128058s
[1999/2000] rew= 7955.4  thr=90.97Mbps  comp=0.726  drop=0.000  SINR= 16.5dB  KL= 0.0000  ent=0.550  clip=0.000  ev=+0.24  t=128263s
  --- eval at update 1999 ---
    PPO           reward  6411.35  thrpt  85.77Mbps  comp 0.675  totfail 0.322  depth 3.14  eval_s=92.4
  [eval-time] update 1999: 92.4s total
latest.pt saved at update 1999

Done. 2000 updates in 128355s  (64.2s/update). Best eval reward: 6447.68
