update,reward,throughput_mbps,completion_rate,deadline_miss_rate,retx_drop_rate,retx_overflow_drop,mean_sinr_db,direction_corr,jain,n_arrivals,n_active,mean_speed_kmh,mu_depth,mean_delay,p95_delay,mean_qlen,buffer_overflow_rate
0,4622.959330973834,52.73790382368742,0.7242320819112628,0.2737201365187713,0.0,0,26.211125862791885,0.860840004940814,0.7873751535609916,4395,20,17.715005084939897,1.7150247888277916,1.8231228400879673,5.0,10.03,0.0
1,5098.948258572921,57.73895708629107,0.7224642190416926,0.27276498651732006,0.0008297033810412777,0,18.12968655373076,0.8510790014149802,0.7896491636841284,4821,22,19.512842939025468,1.9476012958279647,2.1415446454206144,6.0,11.97,0.0
2,4040.9795039295104,64.11213404361438,0.625304927630509,0.37095462676858026,0.0008131403480240689,0,19.92218512448942,0.8698261249340724,0.6950346442224855,6149,28,18.00649250535391,2.2454644624034468,2.1250975292587775,5.0,18.619,0.0
3,5574.039528043153,73.4894460258418,0.6701201201201201,0.3267267267267267,0.00015015015015015014,0,14.65896743367127,0.8874594805550177,0.7362368339131856,6660,30,18.250114482349236,2.473766320980011,2.4042124131749945,6.0,19.811,0.0
4,5981.938762843924,54.80477188707683,0.8272186415468518,0.16931085770946952,0.0,0,19.534944902438653,0.8661257257496228,0.8852415806405094,4034,18,17.78964979052596,1.9309773153327596,2.1174707821396463,5.0,7.88,0.0
5,5551.565387613456,56.67454830823837,0.7677261613691931,0.23027339408757502,0.0006668148477439431,0,13.615662484181623,0.8550293731795398,0.8300897429943216,4499,20,17.558604538562438,2.083784556508681,2.272437753329473,5.0,10.82,0.0
6,4783.978728245237,45.777365095617746,0.7981677640996279,0.19839679358717435,0.0008588605782994561,0,12.372839080331318,0.8640802260080025,0.8797097036213792,3493,16,19.43081881436943,2.0144009257494444,2.2277618364418936,5.0,7.506,0.0
7,3230.050170474483,49.40494040197515,0.6340271877655055,0.3623619371282923,0.0004248088360237893,0,8.760274611701474,0.8605897946765595,0.6826385662627349,4708,21,16.846426299217686,2.108528139531595,2.4341708542713567,5.0,14.972,0.0
8,5237.983488391808,71.87852763542969,0.6604169791510425,0.3367331633418329,0.00044997750112494374,0,10.86124210432626,0.8772479840384092,0.7160350457237509,6667,30,18.702445825282535,2.5143701345061986,2.4778560072677718,5.0,20.535,0.0
9,8454.436690563418,74.89416966348244,0.8407095830285296,0.15508412582297001,0.002377468910021946,0,14.564004599267154,0.8783846016592974,0.912864617993713,5468,25,18.924356563055127,2.6257443273752092,2.4196214922775723,6.0,11.196,0.0
10,5775.5183717670825,61.92578894276095,0.7474807350326023,0.24896265560165975,0.0013831258644536654,0,13.739716054285644,0.8795404841169272,0.7827264561852336,5061,23,18.634617545339307,2.163484105667235,2.132434575733545,4.0,12.084,0.0
11,4250.507935469302,60.375030294318535,0.6511710432931157,0.3461674946770759,0.0,0,14.16527196009194,0.8728551789791742,0.7191306264841474,5636,26,16.852879545205568,2.3844107736680864,2.320435967302452,5.0,17.117,0.0
12,3482.305564570859,52.08061771222091,0.647117296222664,0.3500994035785288,0.00019880715705765408,0,14.60179104777379,0.8734382845318622,0.6592484564446419,5030,23,15.882014715800517,1.8940609322483297,1.8623655913978494,3.0,14.204,0.0
13,3880.0054758154706,43.9859169451522,0.7255801403130059,0.2717215326497571,0.0002698327037236913,0,13.630304410683081,0.8979516373077094,0.7763571546025784,3706,17,15.988971398990916,1.9335011583411121,2.1201190033469692,5.0,9.281,0.0
14,5679.0785887730335,69.48466606944247,0.690268347882315,0.30455868089233756,0.0019398642095053346,0,10.122299640676157,0.8624939756209521,0.7478508461399223,6186,28,17.555402811106774,2.7962902259830735,2.65480093676815,6.0,18.419,0.0
15,5098.450026414419,62.86552090490083,0.6921835783434923,0.3042309071351739,0.0014342058085335247,0,10.491969366713445,0.8722649159096921,0.7332134591242776,5578,25,18.70882588222451,2.6037720113036653,2.5242165242165244,5.0,16.537,0.0
16,3919.5354624336364,50.39620713150566,0.6734423331860362,0.3219178082191781,0.0030932390631904553,0,12.270719767859813,0.8883246408313695,0.77260881874448,4526,20,18.489397159253855,2.6615252368407747,2.693241469816273,7.0,13.925,0.0
17,3267.50068591228,64.18535703836626,0.5930179839806559,0.40305274293486476,0.0,0,11.60774359699806,0.8851372218762341,0.6231759843181853,6617,30,16.795356031683596,2.2848554428830234,2.058868501529052,4.0,21.58,0.0
18,3974.683358281911,68.67863864188963,0.6039055668901195,0.3896823083649082,0.002477411833284757,0,8.724345653282164,0.8761126652326101,0.6696372389383145,6862,31,18.697296104003385,3.0013252793905005,2.728281853281853,6.0,23.512,0.0
19,4711.886230939778,62.079858264072186,0.6727336366818341,0.32306615330766536,0.001400070003500175,0,10.01720786215169,0.8713178649674838,0.7258846968387337,5714,26,19.07862141010402,2.495693243559575,2.4417273673257025,5.0,17.099,0.0
20,3138.315578575227,40.147227815542855,0.6870443073471677,0.3095905776780707,0.0005608524957936063,0,11.793185619208712,0.8731272740103876,0.724136239770598,3566,16,17.736849977957775,1.7152516372566229,1.8138775510204082,3.0,9.24,0.0
21,3115.939465847871,43.91259869100913,0.6547063160481691,0.34136151388547553,0.001966085033177685,0,12.61686230691553,0.8685384049362075,0.7176956653906901,4069,18,17.016397906251534,2.1280280598115375,2.290915915915916,6.0,12.315,0.0
22,4230.845775671311,49.72175405850086,0.7084417119886498,0.2884842752423741,0.0011823126034523528,0,12.299559642599412,0.857049257563681,0.7660798785846433,4229,19,17.526696645635205,2.1967552320823494,2.185580774365821,5.0,11.004,0.0
23,4445.4102169305,51.88252945651713,0.7032345623162181,0.2870391314182312,0.0081429540827867,0,7.6906389274083455,0.8583390694076314,0.7864216418011282,4421,20,16.864824558905447,2.7018859093272165,2.9392087487938245,7.0,13.683,0.0
24,3959.502318334319,47.69267325380602,0.7020140742538219,0.2950740111623392,0.000485319097306479,0,12.791963006348661,0.8650264307380944,0.7640247857505772,4121,19,15.070462690878696,2.30235401423329,2.3128240580712065,5.0,11.477,0.0
25,5605.616492747075,74.23905814304153,0.6642508504659074,0.3299807720751368,0.00236651382931519,0,10.036124495593764,0.8491134424283627,0.7305001974881364,6761,30,17.93104018226611,2.9199642645298325,2.72166555332888,6.0,21.557,0.0
26,6625.684399278147,74.84140865665094,0.7074692031810386,0.28333073444565726,0.005613597380321222,0,7.8562246864485985,0.8575266143233391,0.8129416148532472,6413,29,17.201959734221067,3.391510929260789,3.211373154066564,7.0,20.674,0.0
27,6548.154659411578,77.99952072001919,0.6906760936809545,0.3003387833259685,0.005155398438650758,0,14.40954292584017,0.8611098761661736,0.7989955543582189,6789,31,19.079746347127532,3.2747157905821846,2.9509490296438474,7.0,21.395,0.0
28,4853.449228610544,48.88784566238737,0.7717765422292825,0.2255758538522637,0.0018533227429176596,0,13.773686483802003,0.854681210477333,0.8688319046770355,3777,17,20.592303205036856,2.3204128588597066,2.411663807890223,6.0,9.173,0.0
29,1777.2713141309284,42.91598834938592,0.5472943246810382,0.4458864936207655,0.0013198416190057193,0,10.319370468329973,0.8590565599049539,0.6868349396000616,4546,20,16.423724014886982,2.7370592572974166,2.904742765273312,8.0,17.218,0.0
30,6822.844506479443,67.9276937200734,0.7729076138295863,0.22142452295484602,0.002645002833931608,0,15.76603228433909,0.8614273326424738,0.8684520291907903,5293,24,16.0672690823722,2.843073230852816,2.6181862625274994,7.0,13.249,0.0
31,6522.115803937888,78.31485971965162,0.6908586448598131,0.3014018691588785,0.004234813084112149,0,12.761613576885438,0.8550726894139888,0.7810612130154463,6848,31,17.76099282466835,3.0389429834120794,2.6653984358486578,6.0,20.328,0.0
32,7990.238759797655,70.1367591101414,0.846260662566951,0.14739139059710374,0.004364213449712359,0,15.223298838072349,0.84727250036407,0.920261624771979,5041,23,17.4127624529025,2.8085598925729807,2.7691045475855605,6.0,11.384,0.0
33,6418.690087790799,79.65078427373426,0.6840005698817495,0.3108704943724177,0.0024219974355321272,0,13.230120502578647,0.864090295509624,0.7598598734313989,7019,32,19.3743872721152,3.0617841791908456,2.6790252030826913,6.0,21.218,0.0
34,7518.607563243708,76.43601653385828,0.7616715638263141,0.23228860594188705,0.00277505713352922,0,15.854460735179952,0.8617471935694225,0.8365188670089242,6126,28,17.74564737503072,2.8126804577681037,2.5775825117873983,6.0,15.717,0.0
35,7410.69059393769,62.34248474386449,0.8879390018484289,0.10951940850277264,0.0006931608133086876,0,17.867152572028477,0.8574970429303452,0.9163925200165277,4328,20,17.228493217957258,1.9883455539773025,2.0135310954983088,4.0,6.71,0.0
36,5718.8590352058745,59.08137234518774,0.7612100407637846,0.2344990345419438,0.001930916112422227,0,14.731013938439963,0.8552065005658781,0.8193571032391875,4661,21,17.34670271922772,2.3552055599025334,2.3528748590755355,5.0,11.511,0.0
37,6848.340623182121,73.71970764649268,0.7248213125406108,0.26949317738791423,0.0022742040285899934,0,11.685729175069422,0.841451298758925,0.8533026095453898,6156,28,17.791666959891494,3.201831632054669,3.1302106678619452,7.0,18.661,0.0
38,7996.388248336735,84.64996307418215,0.7438195749602429,0.2514095706231025,0.0031805696111030794,0,15.015004946786174,0.8578880767127897,0.8239359070727731,6917,32,16.454490899420104,3.0463898306944976,2.8402332361516036,7.0,19.645,0.0
39,5579.4501984486415,54.05057450434392,0.7924801156905278,0.20486864304651722,0.0,0,19.21681621975431,0.8601718564194127,0.8496408870788897,4149,19,18.408725094677266,2.136028691706816,2.406934306569343,5.0,9.768,0.0
40,4178.253457045733,54.431455456730376,0.6699834162520729,0.32607794361525705,0.0012437810945273632,0,15.904972719810647,0.8623312078104968,0.77612686176802,4824,22,17.1763178608151,2.463744967533744,2.6318069306930694,7.0,14.719,0.0002072538860103627
41,6218.752320231178,66.80295985042122,0.7446148229280759,0.2522818546914932,0.00018254837531945966,0,21.607432138377668,0.8543452021994452,0.8016894388090717,5478,25,17.474054565585966,2.1758387168502704,2.1399852905123806,5.0,13.206,0.0
42,6089.883975886784,70.65878865360017,0.7094171880144879,0.28531445505432995,0.0029634507737899243,0,13.076826054691697,0.8659131249121098,0.7714083293202181,6074,28,18.231213077946308,2.598505639669573,2.5595265722905545,6.0,17.352,0.0
43,6561.011493912797,63.08548093735822,0.791002044989775,0.20552147239263804,0.001226993865030675,0,11.105622941374207,0.8487400889290035,0.8582078222928312,4890,22,16.938731226328805,2.537237364872944,2.7670630816959667,6.0,12.529,0.0
44,6982.118384710246,78.13293726587992,0.7244913338357196,0.27083647324792764,0.0012057272042200451,0,16.388791623947284,0.8637094659891947,0.7848000162143994,6635,30,17.26543227407696,2.5794746316874693,2.3790305804035783,6.0,17.385,0.0
45,6382.788772467741,68.70381239315363,0.7403176869534178,0.2564697483490987,0.000892379082634303,0,17.374973415405314,0.8587613568636461,0.8198253584437528,5603,25,17.38069449637013,2.441369614216765,2.357762777242044,5.0,14.41,0.0
46,4789.968097293179,73.63099831900226,0.6319581802769144,0.36422718282000566,0.00014128284826222097,0,17.741657840858068,0.8417928437943476,0.6924060819452029,7078,32,18.39311887192858,2.434425701899199,2.290409121395037,6.0,22.079,0.0
47,7431.399843276488,64.5112187037548,0.8552859618717504,0.1425476603119584,0.0012998266897746968,0,12.126755201153802,0.8551758498740207,0.9286551067922363,4616,21,15.34127912270861,2.5148374529232393,2.707193515704154,6.0,10.047,0.0
48,5669.565654321052,76.43289457922423,0.6569270239452679,0.33808437856328394,0.0011402508551881414,0,15.096020211835047,0.8405903344866954,0.7471777998657206,7016,32,15.496539874975825,2.8205761450083546,2.7576480798437837,7.0,22.274,0.0
49,5684.793526626841,53.19930980183164,0.8184568835098336,0.18078668683812404,0.0,0,16.77960014885187,0.8617509522959949,0.8706426515682445,3966,18,17.974376919025122,1.8566988073285557,2.0646950092421443,5.0,7.744,0.0
50,7068.232562112811,77.24850502041411,0.7268201617921594,0.2686683260734288,0.0010889856876166771,0,16.71658296714149,0.8403231727890408,0.8224932546735035,6428,29,17.416868185057357,2.8194331037723126,2.7733304794520546,7.0,18.164,0.0
51,5412.144254814655,67.96936699355031,0.6880519913347776,0.309615064155974,0.0003332777870354941,0,18.65470055361412,0.8472355549078833,0.7335128676256067,6001,27,18.126156261453602,2.2660778642262893,2.208525066602083,5.0,16.604,0.0
52,3615.172160448532,45.0209736655998,0.6843447220805712,0.31310555838857723,0.00025497195308516065,0,14.988144994183505,0.8560143343666315,0.809354750970744,3922,18,17.168475608809793,2.25778047510337,2.7667660208643814,7.0,12.051,0.0
53,5557.360873171019,61.66690904642039,0.7258597241111328,0.2694773654556052,0.0015543034777540316,0,15.690108551422268,0.8512125078278975,0.8185031224546767,5147,23,16.54850705741168,2.3962823855956534,2.563169164882227,7.0,14.163,0.0
54,6732.38191356976,62.25152460859585,0.8204134366925064,0.17635658914728683,0.0006459948320413437,0,14.740433706154523,0.8646552030620184,0.8732316750498245,4644,21,17.961142206813037,2.173516466938354,2.2818897637795277,5.0,9.747,0.0
55,1580.241080014334,40.742379662027055,0.5583545181418997,0.4388721978275942,0.0,0,16.312598613833224,0.8641447809363109,0.6117175606785668,4327,20,14.652269433497136,1.5626409500017613,1.5985099337748345,3.0,13.732,0.0
56,4985.939947295994,63.03283343922222,0.6791820906046183,0.3160585228274282,0.0017627357659086903,0,12.156780084403643,0.8777456140636896,0.7554118313331967,5673,26,18.34309053239217,2.5231434467690255,2.556968595899299,6.0,16.874,0.0
57,3390.9927785356745,50.927792056836765,0.6381187102074348,0.3577736701581434,0.00041076196344218524,0,10.927888139405573,0.869803399549708,0.6888522687614705,4869,22,16.172640727372343,2.116207363887737,2.3031863533955583,5.0,15.12,0.0
58,6234.530247064489,72.63034627569718,0.7142403051493961,0.28210425937698663,0.0,0,13.230139229134647,0.8637914094715738,0.7436278012036263,6292,29,17.55655182699155,2.250709721382217,2.2047174009790833,4.0,16.799,0.0
59,4027.1931985615915,51.24593637900673,0.6841650464463167,0.31324260099373513,0.0,0,12.332976969234275,0.8664425045652969,0.7458715158803768,4629,21,15.801764559394861,2.0550988754493895,2.183770129460057,5.0,12.718,0.0
60,3050.897323735429,61.6510093011784,0.5878209142141515,0.4077958672510958,0.00015654351909830932,0,11.769147296204697,0.8621368974639234,0.6253316028621222,6388,29,16.815085662410223,2.1659875958810932,2.0870838881491345,4.0,20.774,0.0
61,5872.650112028704,60.90495472363315,0.7613399916770703,0.23595505617977527,0.0012484394506866417,0,20.21641664056631,0.871165700549202,0.845687808237469,4806,22,17.873645092930936,2.1373453852747915,2.000819896146488,5.0,10.688,0.0
62,4470.191169040498,65.55724756952958,0.6456380104878436,0.34991260130303514,0.001430160495788972,0,10.270490576310793,0.8714875084614299,0.6803307565797926,6293,29,15.81600946495567,2.3985452592126997,2.5584543440807286,6.0,19.986,0.0
63,2847.2950824996906,52.050467213796665,0.6040357890729107,0.3923472301541976,0.0,0,14.237845941709539,0.8741235047477619,0.648706438190001,5253,24,16.449734746980546,2.0268272529331424,2.2288055468011345,5.0,16.877,0.0
64,2434.0560298270216,43.96869181556001,0.596074851665906,0.39867640346873573,0.001597444089456869,0,11.234058334186987,0.8669439067951344,0.6963416505898381,4382,20,18.553915422124668,2.296619224646466,2.599157733537519,7.0,15.036,0.0
65,5021.903333959755,68.86572798792996,0.6566312787196957,0.3394073839328157,0.00031690698779908097,0,13.906614226707784,0.8612027556433312,0.7307674647587157,6311,29,18.226784505544163,2.4295130018869306,2.325772200772201,6.0,18.813,0.0
66,7268.411149736514,83.05105223847812,0.7168750878179008,0.28003372207390753,0.00042152592384431644,0,15.692586260075652,0.8629472169547715,0.765730560654623,7117,32,16.206926388733493,2.616626069257075,2.3604468835750687,5.0,19.433,0.0
67,5781.457533968022,70.25845711656923,0.6955958549222798,0.3008419689119171,0.0012953367875647669,0,9.7508398733057,0.8540223628119592,0.7583947784106474,6176,28,15.98805725111881,2.603663334072131,2.59683426443203,6.0,18.371,0.0
68,7432.519267408491,64.99037051214911,0.8573886857388686,0.1408905140890514,0.00021510002151000216,0,17.626311976837485,0.8664922088609599,0.9010227861280256,4649,21,16.162337885901067,2.126332801846592,2.1196688409433015,5.0,8.239,0.0
69,5387.886830782603,61.05835984742527,0.7131619339984651,0.2806983883346124,0.0024942440521872602,0,14.307855364271457,0.8586380868098286,0.8094930161332843,5212,24,17.33920657184641,2.6151792747345435,2.706483723432876,7.0,15.029,0.0
70,5648.507399869358,68.73387076043905,0.6877286331892252,0.3097771865646824,0.0004988360492184902,0,11.778543999909257,0.8485452755110584,0.7721795803311505,6014,27,16.25431683866677,2.8186503824198437,2.8957930367504834,7.0,18.835,0.0
71,5843.25037088383,66.21775611095813,0.7098095068541926,0.2818230372084743,0.005875022253872174,0,11.602731321436561,0.8523493977052369,0.8195368158393671,5617,26,18.629104191741256,2.843348494030384,2.943315776272887,7.0,17.07,0.0
72,6144.627219283422,53.26548358288555,0.8572574178027266,0.13980219192729218,0.0005346164127238706,0,16.45400359232285,0.8436869435749461,0.9448300038009134,3741,17,17.759365466093236,2.357454785497639,2.7605238540692234,7.0,8.265,0.0
73,4831.372912419477,68.66214273249838,0.6488668115492083,0.34740763737969577,0.001552312946289972,0,14.450643518625064,0.8513691593195921,0.7281462038407485,6442,29,18.676870891132527,2.5565515732404456,2.54066985645933,6.0,20.383,0.0
74,4148.139769390548,43.70109718666178,0.753041018387553,0.24497878359264497,0.0002828854314002829,0,15.349165731975734,0.8450045308058999,0.8263389939391791,3535,16,15.087164313445072,1.9542976200067406,2.282870022539444,6.0,8.745,0.0
75,7330.4887949967,59.35490899625688,0.9149413818907458,0.08306310800698428,0.0002494387627837366,0,18.14668257098337,0.865259105600841,0.9545053876552368,4009,18,17.833184617708604,2.022159768464706,2.1284078516902945,5.0,5.829,0.0
75,7330.4887949967,59.35490899625688,0.9149413818907458,0.08306310800698428,0.0002494387627837366,0,18.14668257098337,0.865259105600841,0.9545053876552368,4009,18,17.833184617708604,2.022159768464706,2.1284078516902945,5.0,5.829,0.0
76,5564.301599687455,49.26681901200722,0.8495726495726496,0.14814814814814814,0.0008547008547008547,0,23.005185797379376,0.8596302889204608,0.933129115849708,3510,16,18.296553486127387,1.8915729202016762,2.056338028169014,5.0,6.07,0.0
77,4143.702744277884,68.90444100906018,0.6204819277108434,0.3767264178665883,0.0004407875404055245,0,15.400770076523626,0.8405717027378554,0.6636750592448304,6806,31,17.602325814661146,2.2300490560030806,2.209566658773384,5.0,21.153,0.0
78,4410.800985201572,66.93292684668123,0.6334530688739654,0.3629548649070748,0.0007808839606434484,0,17.306581532756184,0.853343298094481,0.7180178685458039,6403,29,18.974071534289514,2.411511658227741,2.385848126232742,6.0,19.932,0.0
79,5977.653060321126,50.85452584228721,0.87034444133296,0.12629515541865025,0.0022402688322598714,0,20.767173169672752,0.8539710215357093,0.9575737251294228,3571,16,20.318156586096542,2.3403894645654537,2.7258687258687258,6.0,7.604,0.0
80,6876.37412247067,75.46125019420859,0.7240611075747931,0.27196053469127945,0.0006365372374283895,0,17.085567233204706,0.8596590817612312,0.8148842341586184,6284,29,18.099809291303355,2.778614206340558,2.675604395604396,7.0,17.592,0.0
81,1824.6201516381925,37.17223573081427,0.5823856122718858,0.41417614387728113,0.0005289605924358636,0,14.451354142608334,0.8520563648470513,0.6528754339332663,3781,17,18.0394035969385,1.8815456436036138,2.4200726612170755,6.0,13.088,0.0
82,6520.996691267062,52.34752211332119,0.9176837922225376,0.08032926483110985,0.0,0,13.335699180955729,0.8592882367935756,0.9752445110239196,3523,16,16.55363332901107,2.117491326818161,2.422208475100526,6.0,5.93,0.0
83,8062.165472749614,81.68183979351458,0.7621737139368036,0.23248359029155855,0.0019844298580369408,0,17.292996238657736,0.8519471524369685,0.8546536000931239,6551,30,19.32304951502741,2.843201523423204,2.6959743641097536,7.0,17.288,0.0
84,5703.586799938164,59.891133521973444,0.7554449284380834,0.24185853557353246,0.00041485169052063887,0,12.126094508583467,0.8628813772494784,0.811544936972477,4821,22,16.60342314902631,2.0811160532465953,2.2331136738056014,5.0,11.416,0.0
85,5424.97972134009,68.39750978581455,0.6895473251028806,0.30814814814814817,0.0,0,18.41197254334139,0.8656350874967614,0.718782415841812,6075,27,16.712807680880164,2.0039786596712705,2.000954881833373,4.0,16.059,0.0
86,4781.423905560134,51.13588689707904,0.7503617945007236,0.2467438494934877,0.0,0,17.739380118205496,0.8599419949084476,0.7961226117415631,4146,19,15.591004032331186,1.750177335026086,2.0099646415943426,5.0,9.253,0.0
87,4442.598083237507,58.71928807869388,0.6595301250473664,0.337059492231906,0.0011367942402425162,0,19.635491612351892,0.8532299236510813,0.7937250184008146,5278,24,16.763813600972828,2.721402502398657,2.817006607296754,8.0,17.008,0.0
88,2661.176594094493,44.828663297767946,0.6064604185623294,0.3885350318471338,0.0015923566878980893,0,16.569036126159688,0.8582933681582701,0.7035077959246725,4396,20,19.307265538931823,2.284814983139575,2.7873218304576146,8.0,15.248,0.0
89,3865.3954967903414,62.697055439748155,0.6212842831335195,0.37526687469206765,0.0008211528986697323,0,17.30078717636188,0.8619753224941811,0.6718331078872032,6089,28,18.281555693853534,2.3079692119744872,2.305577583928099,6.0,19.307,0.0
90,4827.699274699413,53.462580373244116,0.7259963768115942,0.2719655797101449,0.00022644927536231884,0,15.478511677759808,0.8548310841023458,0.8189667848807207,4416,20,16.835213406399312,2.3456223028121492,2.574235807860262,7.0,11.928,0.0
91,6736.331209081534,77.75824340480729,0.7100840336134454,0.28781512605042014,0.0007503001200480192,0,18.82382983469547,0.8568847680986178,0.7897920577745471,6664,30,19.982071405956034,2.7708668875910214,2.607142857142857,6.0,18.962,0.0
92,6561.823018963414,65.55523233520961,0.7781243907194385,0.21934100214466756,0.0003899395593682979,0,17.20911447654396,0.8454343896720976,0.8324047080704302,5129,23,16.98247915073679,2.1963961305627167,2.240541217739915,5.0,11.684,0.0
93,6573.815189813808,77.21092872297557,0.7026300059772863,0.29243873281530186,0.0008965929468021519,0,13.81385317340172,0.8523906928253152,0.7764175328597235,6692,31,17.767838367869533,2.7508439878292594,2.5752871118672904,6.0,19.088,0.0
94,7657.320426879146,63.79426477483741,0.8865183840217885,0.11053109396277803,0.0006808896958692692,0,10.25503145702472,0.8476684339099809,0.9583068321695282,4406,20,18.962295236499216,2.5518261586624584,2.6530977982590884,6.0,8.845,0.0
95,5633.623370448748,51.42263816979019,0.8259249401117913,0.17088102209209477,0.0007985094490284802,0,13.543240477572187,0.850231923753543,0.9201237012886048,3757,17,18.25189208725837,2.245112794679096,2.4447309055752497,6.0,8.081,0.0
96,7159.363298832663,73.53023692492512,0.7565543071161048,0.23646578140960164,0.003575076608784474,0,18.831045546418046,0.8661050836159582,0.8372802103384043,5874,27,18.019622528588457,2.850719996362195,2.6908190819081907,6.0,15.497,0.0
97,7996.804188292982,81.84406208720507,0.7493520353712456,0.24271992681811252,0.004421405702088733,0,10.614352270693388,0.833676886235549,0.8586067073094893,6559,30,18.441942395129022,3.332982933440985,3.2115971515768056,7.0,19.773,0.0
98,4892.338635194951,47.9102773001507,0.7836889008911693,0.2128004320820956,0.0008101539292465569,0,19.410718663310014,0.8439112748518214,0.86792147756049,3703,17,15.733042745373798,2.32238440923609,2.5606478290833907,7.0,9.242,0.0
99,6133.653935365382,63.37522276570944,0.7670131398313395,0.23102569131202197,0.0,0,20.867829017112115,0.848570923050497,0.8030782334697917,5099,23,16.551060104015548,1.8414304859143806,1.8253643569419586,4.0,10.76,0.0
100,6853.669789628889,72.5673221292301,0.7442485306465155,0.25205709487825356,0.0011754827875734676,0,15.018661440845483,0.8427049681093775,0.8145425177949986,5955,27,19.385690886899965,2.644531299466099,2.70735559566787,6.0,16.513,0.0
101,6676.424584525121,73.74961102433915,0.7147472136973025,0.2797609433047973,0.002745921498950089,0,12.673537571921248,0.8410171504894869,0.8543215863610821,6191,28,17.186984707299025,3.160960321482785,3.129039548022599,7.0,19.012,0.0
102,7221.017011245401,79.50911938412797,0.7293887971166841,0.26565550382940384,0.0022525904790509084,0,11.067402960936153,0.8503825715436751,0.7952355842024104,6659,30,15.909450499288765,2.792916570004833,2.631253860407659,6.0,18.585,0.0
103,6759.980250379203,71.66940996594217,0.739292997960571,0.2545887151597553,0.00424881033310673,0,8.656897578223155,0.8467178162767769,0.8311937727039816,5884,27,17.54362623559293,2.928682938246779,2.978390804597701,6.0,17.187,0.0
104,4237.894808134022,56.392718129173346,0.6602150537634408,0.3345063538611926,0.0013685239491691105,0,8.944440071947595,0.8401663217498577,0.7585203403094347,5115,23,15.644727110299185,2.516621631258791,2.946106011252591,7.0,16.989,0.0
105,8310.07525328851,80.5615058327517,0.7908204062050216,0.20710059171597633,0.00015992323684631377,0,17.665543843729594,0.8558336199975319,0.8394443271929704,6253,28,16.28487433163515,2.5114044400011912,2.4088978766430738,6.0,14.547,0.0
106,6549.674233382273,61.658359555082775,0.8052755736650226,0.19129315891057258,0.0004289084280506112,0,14.939397721672687,0.8561631185905357,0.8835826647903745,4663,21,16.563030601292034,2.3658306635648914,2.4620505992010653,6.0,10.724,0.0
107,6876.561766594946,79.23694081047164,0.7089146717579674,0.2868262593626083,0.001174915552944632,0,14.779127194570957,0.8582159491356394,0.7903121168711142,6809,31,18.448440609594577,2.8707251458969036,2.6710171949451005,6.0,19.603,0.0
108,6323.919744394105,72.41083201588928,0.7128824476650564,0.28276972624798713,0.0011272141706924316,0,12.636514611645424,0.8576707059667259,0.7715195998457933,6210,28,17.848380327162694,2.705308499069186,2.64038852496047,6.0,18.174,0.0
109,4292.370237404135,46.31789318611693,0.7374802319451766,0.2569847127042699,0.0010542962572482868,0,14.822005511326575,0.8625589034879328,0.8146644248879966,3794,17,21.082170038505296,2.1944142391547907,2.4832022873481057,6.0,10.043,0.0
110,4835.296425442619,47.86439846953041,0.787516960651289,0.208955223880597,0.0008141112618724559,0,18.79174174360325,0.8791865955015479,0.849657210575799,3685,17,18.31812856373546,1.7627060582522516,1.8914541695382494,4.0,7.376,0.0
111,6768.472222155676,74.6546192296446,0.730432010202455,0.26558265582655827,0.001275306870715766,0,13.784669445958011,0.8519272824380353,0.7919312139108589,6273,29,17.136014661022795,2.509603215971608,2.456787429070275,6.0,16.957,0.0
112,5832.253668970284,70.60665323065494,0.6943097316521177,0.3021338506304559,0.0006466214031684449,0,11.830859106841096,0.8531981517444395,0.7636086398719466,6186,28,17.565962652290324,2.6135948212299405,2.548544819557625,6.0,18.026,0.0
113,7373.466314571747,65.62418095998554,0.840510033444816,0.15865384615384615,0.00020903010033444816,0,14.789353502936756,0.8527452515281213,0.901980538414022,4784,22,18.033396332410202,2.4873095379809076,2.4824670479980107,6.0,10.112,0.0
114,4517.283989840255,55.98269151386237,0.6866312346688471,0.3090760425183974,0.0010220768601798855,0,10.065886485955499,0.8472539205007854,0.760394237417959,4892,22,17.01858028738726,2.516202957390396,2.73474248288181,6.099999999999909,14.996,0.0
115,5503.241639364198,55.29802546369998,0.7662721893491125,0.22917614929449248,0.0013654984069185253,0,13.798675273334926,0.8597912288770818,0.8450942239855052,4394,20,19.347432221257748,2.6633768186158657,2.7778437778437777,7.0,11.692,0.0
116,5694.459938469054,65.34835681636599,0.7130727047585352,0.28321245356447905,0.0,0,14.616407144102492,0.8520315786619426,0.7648041197837305,5653,26,15.832511222312812,2.5547276556293146,2.629620441577772,6.0,16.24,0.0
117,6009.773519280397,62.18484164446132,0.7578716620167397,0.23854125149461938,0.0009964129135113591,0,13.511506906468448,0.8647448380490736,0.8143142794370503,5018,23,18.422038717038358,2.4098447682965367,2.4877728109387327,5.0,12.941,0.0
118,4939.975399376647,68.09827062063356,0.655616653574234,0.33904163393558523,0.0010997643362136685,0,14.979964428434236,0.8652511564068527,0.7159412574295198,6365,29,17.25694853194491,2.5390401457318137,2.5171339563862927,6.0,19.888,0.0
119,4770.408208001642,53.453907304075045,0.7274553571428571,0.2714285714285714,0.0,0,15.154590357540247,0.8673753670576083,0.801710180497615,4480,20,19.101198576042236,2.1163118215888277,2.079165388155876,6.0,11.072,0.0
120,7372.08815356998,72.6391653588814,0.7774267158153414,0.21713182376689485,0.00315955766192733,0,11.975147858953854,0.8669441057105083,0.849897744391544,5697,26,16.893804263568462,2.872053925727594,2.7385414314743732,6.0,14.748,0.0
121,5025.523129092708,53.811237978539296,0.7502266545784225,0.2456935630099728,0.0,0,12.824556841779259,0.8645377622260025,0.7719624791570802,4412,20,14.65948047958156,1.7688488430120493,1.8601208459214502,3.0,9.85,0.0
122,6830.531041395487,74.71283531272596,0.733140655105973,0.26204238921001927,0.0020873474630700066,0,14.275495704492226,0.8650457585065557,0.7946915298075616,6228,28,17.230115404741156,2.7175832235120296,2.4673674989049497,6.0,16.334,0.0
123,5823.4462985507935,69.96421452592226,0.6980173685072915,0.297230870063903,0.0009831230542356219,0,12.1719960773489,0.8561461726413181,0.7568294586477412,6103,27,17.814335894662314,2.5666185696430914,2.4288732394366197,5.0,17.475,0.0
124,6136.0678911603045,58.185139841714246,0.7956747015093489,0.2002703311556657,0.0020274836674926784,0,14.772873861185312,0.8620977995423724,0.9043910065713187,4439,20,16.84020071856309,2.7603430970988376,2.757361268403171,7.0,11.069,0.0
125,5011.997616077379,50.27853741540132,0.7781147333838767,0.21961081627495577,0.0,0,13.651960126732984,0.8688511478125045,0.8253344456227615,3957,18,17.412075981623392,2.0319088349508347,2.215004871711595,5.0,9.01,0.0
126,6469.819456845129,65.9124999458607,0.7617596648257475,0.23538373643115598,0.0011426394972386211,0,13.531924836507834,0.8575232991156438,0.8351363782492615,5251,24,16.309846804333393,2.7126232351139326,2.57325,6.0,13.534,0.0
127,7096.483895508944,73.74593359137235,0.7467911318553092,0.2427071178529755,0.008501416902817137,0,13.720674842074043,0.8693136455064938,0.8439198693941797,5999,27,16.374081329165712,3.040121701079409,2.8917410714285716,7.0,16.72,0.0
128,6003.597342601177,54.18795379329114,0.8381240544629349,0.16061522945032777,0.0,0,16.215407256412377,0.8421470856998661,0.8907826775639034,3966,18,18.54945233592835,1.9962704665360345,2.1110108303249095,4.0,7.63,0.0
129,7651.906833818452,75.35241174503956,0.7779655288948969,0.21730314295370057,0.0018587360594795538,0,12.078938613587516,0.8373561029043498,0.8444358299131719,5918,27,17.615708004825755,2.7494036100921466,2.752606429192007,6.0,15.497,0.0
130,5926.0290005069455,60.667199281067255,0.7506193228736582,0.24194880264244426,0.0037159372419488025,0,6.628394144663224,0.8541299143872089,0.8727822617753761,4844,22,15.046931049706734,3.1284502585430114,3.3998899889989,7.0,15.074,0.0
131,5648.138460372781,64.46640670296209,0.7117689792953142,0.28078459861968763,0.004540501271340356,0,10.035276645486313,0.8543535569036442,0.7947222237300072,5506,25,14.975305006809746,2.792743071907279,2.8548099004848178,6.0,16.303,0.0
132,6452.194071958982,67.79912089941439,0.7432383040935673,0.24689327485380116,0.00712719298245614,0,19.12151687427974,0.8365454811728431,0.8515044528765433,5472,25,19.327947644971424,2.9010929194189146,2.6862552249815588,7.0,14.826,0.0
133,7126.768263728114,62.48967122781704,0.8504057907435841,0.14564597499451634,0.0019741171309497698,0,15.14824722647008,0.8653756906711608,0.896310989060904,4559,21,18.060555610889097,2.408202006232765,2.476141346401857,5.0,9.602,0.0
134,4751.124654914615,49.18439385748563,0.7573114417650076,0.2388404309902514,0.002308876346844536,0,22.873070884088364,0.8726377942030455,0.8621945799414972,3898,18,17.301075087633528,2.363720509792752,2.535569105691057,7.0,9.676,0.0
135,4066.138144290059,63.83877020271831,0.6279031996101998,0.3680363813545558,0.0017865843755075525,0,16.322397338401622,0.8364416568824522,0.6794059664150631,6157,28,17.834745297783783,2.5124266959886223,2.408949818934299,5.0,19.51,0.0
136,8242.353565233167,82.13701131193086,0.7680602520750077,0.22625268982477714,0.00261297264063941,0,14.994885990756286,0.8541640761023662,0.8525938653939072,6506,30,17.21801598771033,3.1445874386225983,2.90074044426656,6.0,17.723,0.0
137,4517.45540738641,53.272873608699825,0.7032919119250054,0.2908218879441901,0.003052103771528232,0,16.40294124144263,0.859441321661745,0.7813463593580826,4587,21,18.44386213470235,2.483961546102489,2.5619962802231866,6.0,13.064,0.0
138,6005.543525418338,66.50845857720627,0.7178423236514523,0.2691683204041133,0.00938120151542486,0,14.191113705310638,0.8545708159888717,0.8345952001356735,5543,25,18.33034244828667,3.0020919000544626,2.8808745916059313,7.0,16.232,0.0
139,3761.082879273323,42.68858505492122,0.7171492204899778,0.27783964365256125,0.0025055679287305124,0,8.898802880142458,0.8579912733399543,0.8040864088682383,3592,16,16.25140172779793,2.372668202138759,2.767857142857143,7.0,10.403,0.0
140,6546.909618913627,71.08306380368143,0.7284555593105779,0.26394052044609667,0.004900304156809733,0,11.948408215885607,0.8587819377975539,0.8243231803723337,5918,27,17.684311163171092,3.030905481147679,2.8705636743215033,6.0,17.285,0.0
141,5658.625054815165,61.55247877846782,0.7360732372419166,0.2600311647837943,0.0015582391897156214,0,12.312964894442203,0.8479201344530295,0.8055767210420716,5134,23,19.46054633841238,2.4430149743647136,2.591690923524742,6.0,14.114,0.0
142,7098.20737000307,73.60909347058868,0.7506671114076051,0.24516344229486325,0.0020013342228152103,0,9.493888659852017,0.8613791428924116,0.8269193222091479,5996,27,16.395312032206093,2.9796253066179053,2.8864696734059097,6.0,17.147,0.0
143,6509.237334210748,69.71374355318805,0.7397188964081207,0.2554225229914975,0.0019087280930071143,0,13.120314857847607,0.8589200695187612,0.8154154294049254,5763,27,14.983440692389426,2.8034613280525993,2.710063335679099,6.0,15.982,0.0
144,6499.082128143411,67.65313741367373,0.7509613623878411,0.24427760483427943,0.0014649331624244644,0,12.947808756896954,0.8567456074007028,0.8341206294382887,5461,25,18.358758383468196,2.83100048030568,2.827115337722507,6.0,15.069,0.0
145,4581.835021186744,45.06567462052818,0.7840616966580977,0.21079691516709512,0.001999428734647244,0,12.28003905976115,0.8726513411378491,0.8573577028345146,3501,16,16.590054675460365,2.1210900047099708,2.403642987249545,6.0,8.117,0.0
146,6973.4300887910385,75.6276752281138,0.727287091167641,0.26844683204297676,0.0015800284405119293,0,11.13617955264618,0.847541763411843,0.8224076325330696,6329,29,18.11678228620392,3.054221457702144,2.838800782098631,7.0,17.956,0.0
147,5613.6916694352385,65.73101969153241,0.7064236418333039,0.2891523624137321,0.0015926384710670677,0,10.733063467634206,0.864884252801632,0.784342323676286,5651,26,17.20087692813851,2.638132846903141,2.5536072144288577,6.0,16.192,0.0
148,5789.792857811075,71.21053437977889,0.6909377462568952,0.3041765169424744,0.001260835303388495,0,9.81824248386197,0.851132056285579,0.7439213383136998,6345,29,17.946373449685836,2.6965026610177025,2.6608120437956204,5.0,19.114,0.0
149,3635.836068012439,50.27265913067192,0.6520702362887492,0.34381096900065033,0.0015174506828528073,0,14.020732209069537,0.8628031909726609,0.7734923696928365,4613,21,16.708768499280907,2.6723442772667556,2.6555851063829787,7.0,14.315,0.0
150,5218.333798819688,60.67418696496536,0.7111408882082695,0.28560490045941805,0.0005742725880551302,0,12.301894179275525,0.8515443414241365,0.7681546721000405,5224,24,18.811804685072097,2.363998676792884,2.3623149394347243,5.0,14.436,0.0
151,6557.694302885241,72.47079978436749,0.7219950940310711,0.27260834014717905,0.0019623875715453804,0,8.828531763552535,0.8634122779269406,0.8219702597510855,6115,28,17.228193882255617,3.112304532161208,2.9440543601359,6.0,18.303,0.0
152,7878.629748743827,79.36382959700838,0.769511421319797,0.22715736040609136,0.0006345177664974619,0,16.218021039934115,0.8579412584315745,0.8286270691931025,6304,29,17.49455412252275,2.737328770599913,2.447742733457019,6.0,15.574,0.0
153,4432.8436002598,53.25135825170669,0.699048031155344,0.29705755084379054,0.0008654262224145391,0,14.181179373043966,0.8540424425363138,0.7795829353131858,4622,21,16.86151785445187,2.276639384494738,2.389662643144537,6.0,12.668,0.0
154,2100.0096589863074,37.42639166989531,0.6053125838475986,0.39012610678830156,0.0005366246310705661,0,8.90613261023571,0.857308776585035,0.6644295790938344,3727,17,17.75906915278373,1.9339262090199705,2.176418439716312,4.0,11.916,0.0
155,5127.044790538814,48.046880070093785,0.816471229888192,0.1805290428142896,0.0002727024815925825,0,12.080392823927781,0.8471632744564833,0.8222611194501186,3667,17,19.53293941872966,1.7574924854903249,1.979625918503674,4.0,7.135,0.0
156,5019.585623233688,55.81243730874293,0.7255499891091266,0.27118274885645827,0.0015247222827270747,0,11.743689233733424,0.8561050679649636,0.8211657811155111,4591,21,18.763298702545942,2.517052006814904,2.652356649654758,6.0,12.739,0.0
157,4250.910761495346,52.479052721602656,0.6864608076009501,0.3113798315698553,0.0004318721658389117,0,11.141703337649238,0.8534412820233108,0.7766044305352008,4631,21,16.254057911541363,2.4673886352225827,2.6844919786096257,7.0,13.951,0.0
158,6161.550445153723,50.60432921964194,0.9017574186113512,0.09593777009507347,0.0002881014116969173,0,13.856480397842576,0.8582646595758646,0.9403777514172883,3471,16,17.96079610537046,2.1252522651418433,2.273482428115016,5.0,5.778,0.0
159,3585.6863383957484,43.29672454547359,0.6995696611081227,0.2961269499731038,0.002420656266810113,0,17.78537772163794,0.8539623056944581,0.7912403168187916,3718,17,16.755099840952315,2.127076148248726,2.3314109957708573,7.0,10.216,0.0
160,5698.870564423475,55.45128842091954,0.7813233223838574,0.21187236039418114,0.004927264195213514,0,12.134896970239373,0.8705084686495119,0.8806219564896375,4262,20,19.21884093638635,2.677939670986336,2.776876876876877,7.0,10.972,0.0
161,3525.7226722945175,67.20679327366638,0.5940948831876165,0.4011752902393579,0.0007166403898523721,0,8.215797271180676,0.8623969685942425,0.6438421690326672,6977,32,18.36451320438319,2.539912629413516,2.558986731001206,5.0,24.119,0.0
162,6554.938155931517,75.15589905066457,0.7219092331768389,0.27417840375586855,0.0012519561815336462,0,17.090595462895628,0.8596948355969042,0.7444822180969272,6390,30,15.937863875815516,2.2697139597072993,2.118361153262519,4.0,16.164,0.0
163,3426.0890768421573,44.672782041295804,0.6758706467661691,0.3201492537313433,0.0002487562189054726,0,11.252363371001303,0.8644964182605614,0.7331513822891151,4020,18,19.5756867716009,2.0607546581545675,2.375782112624218,5.0,11.92,0.0
164,1161.8792115822614,31.80241878882287,0.5462962962962963,0.44907407407407407,0.00028935185185185184,0,5.257432811202979,0.8673093213420004,0.6210428793125959,3456,16,16.339529642955405,2.088267781413706,2.780720338983051,7.0,13.109,0.0
165,1485.129844112477,38.9148354057944,0.5527744982290437,0.44415584415584414,0.0002361275088547816,0,6.299894569082605,0.8633830921088483,0.6282490712182466,4235,19,19.705172926396322,2.2224536370490036,2.6488680051260145,6.0,15.532,0.0
166,2857.942464114741,42.65678234636444,0.6423430131546289,0.35318937701662945,0.0,0,15.241839001536295,0.8790090142530038,0.7017977805133525,4029,18,17.75094774606903,1.8266099205490747,1.9134466769706338,4.0,11.416,0.0
167,7166.361738923618,61.781599016693875,0.8690503302209064,0.12912776132999318,0.0002277385561375541,0,13.911387696679283,0.8790357198075657,0.9040168418917315,4391,20,18.673051481187244,2.1079231342692712,2.1884171907756813,5.0,7.858,0.0
168,5586.64517572105,49.01694413636251,0.8528838116466982,0.14349400947339092,0.0008358874338255781,0,14.412440782567984,0.8824660772272863,0.878140067921753,3589,16,17.388112254989256,1.7788440611433212,2.1029075465534137,5.0,6.466,0.0
169,4348.922571025516,65.08924500360514,0.6373942200223535,0.3579754111448188,0.0004790036723614881,0,11.216099971070129,0.8829298769867913,0.6898381793653958,6263,28,18.98457321684213,2.476230794453658,2.5365731462925853,6.0,20.165,0.0
170,5096.2480886967305,51.155522701883946,0.7791563275434243,0.21935483870967742,0.0,0,18.23839530781884,0.8894602285491002,0.8219516261496351,4030,18,17.826979297960165,1.8166883718521223,1.9423566878980891,5.0,8.404,0.0
171,3012.0402302904185,51.175813595108025,0.6173428798727129,0.3794749403341289,0.0,0,12.812529103228904,0.8766922499336945,0.660408675456123,5028,23,16.81596157369313,1.9339384009008291,2.0093427835051547,4.0,15.248,0.0
172,3094.132640759763,47.28877326950063,0.6325706594885598,0.3645132346343652,0.00022431583669807088,0,18.024802560645302,0.8715241581285476,0.71232204747191,4458,20,19.26346745409431,2.1725811948226235,2.279787234042553,6.0,13.62,0.0
173,2862.6098046512125,63.18332027242945,0.5748172460092495,0.42145308071012977,0.0001491869312248247,0,12.402191132356776,0.8611409251477095,0.6248455280566831,6703,31,14.807557981822011,2.2146962907164744,2.1668829483519336,4.0,22.638,0.0
174,4938.549487856369,46.74424174303486,0.8032786885245902,0.19389485585076313,0.0008479366873940079,0,12.26265298347236,0.8641951075236775,0.885746924915997,3538,16,18.739374082096298,2.3119704184282153,2.6541168191414495,6.0,8.609,0.0
175,4369.499914645027,46.71091036561469,0.7504616196254287,0.24769190187285678,0.0005275652862041678,0,15.446709722544423,0.8711730904498313,0.7883216231479112,3791,17,17.237728491482756,1.8426710904140802,2.114235500878735,5.0,8.887,0.0
176,7755.826661501768,73.52183554158024,0.8040147913365029,0.19387216059165346,0.00017608733932030288,0,14.627753953185447,0.8478809372152321,0.8460740456246091,5679,26,17.593430331910874,2.377102506709362,2.281646955759965,5.0,12.466,0.0
177,3514.1930763986434,58.408781665734274,0.6195426195426196,0.3762993762993763,0.0010395010395010396,0,14.78101905303375,0.8778668502990358,0.6661319758843437,5772,26,18.003552666386057,2.1625414158954372,2.157158836689038,5.0,17.793,0.0
178,5540.481858700698,62.804832132584224,0.7186919360832404,0.2768487551096247,0.0018580453363062058,0,10.66759841170451,0.8782787698601996,0.7636988795839654,5382,25,17.453456067206574,2.5210283103077176,2.611685625646329,6.0,15.105,0.0
179,7671.198510991902,77.77904825244235,0.7602065515572051,0.23446829110860093,0.002097789252864289,0,14.042203769748404,0.8645201973890777,0.8545383432797206,6197,28,19.721582571734587,2.9003350138605906,2.648482275525366,7.0,16.086,0.0
180,5643.223507176374,52.797917325142016,0.8165230613279271,0.18119614799797262,0.00025342118601115053,0,12.286946683773138,0.8515948875800154,0.8693828622221265,3946,18,18.284270448980003,2.011055365773857,2.1945996275605215,4.0,8.358,0.0
181,6663.493863866398,70.92819982163124,0.7363481228668942,0.25648464163822526,0.0037542662116040954,0,9.760657636741039,0.865653089169089,0.8290314514359388,5860,27,18.887183687726974,2.954850065558256,2.8637311703360373,7.0,16.758,0.0
182,6215.182413931582,77.61063048794287,0.6823275862068966,0.3129310344827586,0.001867816091954023,0,11.287089441921447,0.8519826124322232,0.7520330025243132,6960,32,15.097519263385282,2.8568122112287786,2.7308907138344916,6.0,21.335,0.0
183,5204.0735658047815,61.200737758305365,0.7097815764482431,0.28679962013295346,0.0003798670465337132,0,14.76856928114142,0.851922232147997,0.752562996558508,5265,24,17.347491925694463,2.18147599093448,2.242708054589243,5.0,14.004,0.0
184,4177.968775651114,67.78145864430977,0.6174895895300416,0.3779000594883998,0.000148720999405116,0,12.153973053102263,0.8753564178645903,0.6916489463060556,6724,30,17.159788146294765,2.7102359548322617,2.624518304431599,7.0,22.197,0.0
185,5493.313961800925,75.9684470100599,0.6525543324865933,0.34292972057578325,0.000846740050804403,0,11.878462922881177,0.8558021330759585,0.7367877765777401,7086,32,17.023543402198104,2.8509595878142253,2.6671712802768166,7.0,22.57,0.0
186,7984.197585474958,84.49234018579007,0.7456655681329704,0.2504656827625734,0.0004298610116062473,0,16.134449474286072,0.8603732162684948,0.8011625734191351,6979,32,16.89384437517561,2.7491569411086623,2.4782859338970025,6.0,18.099,0.0
187,4890.016129336196,51.6746853004537,0.7454890788224121,0.25047483380816715,0.0011870845204178537,0,13.436372430517824,0.8526993407642638,0.8376490267830579,4212,19,16.39877020669962,2.365530616525248,2.6181528662420384,6.0,11.252,0.0
188,9246.357960338446,86.57711838613469,0.8019257221458047,0.1937948953079627,0.0021396912731163073,0,11.875218565284483,0.8523128909333549,0.8867802223829039,6543,30,17.391086571761054,3.0513160653313043,2.8111301696207356,6.0,16.457,0.0
189,6354.656214522122,51.36870526204124,0.9195965417867435,0.08011527377521614,0.00028818443804034583,0,17.28094173225572,0.8519454078227972,0.94384315722789,3470,16,17.4156213649742,1.8189329238880934,1.9924788467565027,4.0,4.683,0.0
190,6949.59502425219,76.72690600256385,0.7248353715898401,0.26983380370021953,0.0021950454687989967,0,13.586595930267297,0.8690892476052194,0.8114538512009778,6378,29,17.40446168597242,2.8631568535926384,2.6223231667748217,7.0,17.738,0.0
191,6577.291211639202,71.999881380249,0.734978180597516,0.2620006713662303,0.0010070493454179255,0,15.587740425349324,0.8708860303816165,0.7947849851484097,5958,27,19.200261319631863,2.5154529707527016,2.384562685544645,5.0,15.588,0.0
192,5165.639648779376,49.2177832214152,0.810501066098081,0.1871002132196162,0.00026652452025586353,0,15.659289225390143,0.8552522110443426,0.822729871628956,3752,17,18.331151218979024,1.5498603991374729,1.7241039131864517,3.0,6.597,0.0
193,6677.7862929711,78.80780821987568,0.7022833723653396,0.2937646370023419,0.0019028103044496487,0,14.684445100067872,0.8601347116658064,0.7745809172982415,6832,31,17.598064828584242,2.79808238909012,2.555022926219258,6.0,19.496,0.0
194,5234.644127828125,55.61673389015413,0.748900615655233,0.24890061565523308,0.00043975373790677223,0,13.062886816263797,0.8532748846733906,0.8113356193381893,4548,21,18.569045459650418,2.2651228969364805,2.4768056371109806,5.0,11.936,0.0
195,6740.647133357414,53.72095494026411,0.9315804353972293,0.06615776081424936,0.0,0,12.627330252031674,0.8670074091780056,0.9717772818034447,3537,16,16.641111148920583,1.988654225789841,2.2591805766312594,5.0,5.283,0.0
196,3708.2019594844746,62.32513840945328,0.6138178262994949,0.38080495356037153,0.0004888381945576015,0,13.069918700320969,0.8551810315893147,0.6681366674562831,6137,28,15.861317011498755,2.316925420923424,2.301566233076719,5.0,19.533,0.0
197,6602.451146375202,62.482099485990645,0.7997486384583159,0.19648093841642228,0.0020946795140343527,0,13.744983795802616,0.8496108052198722,0.8789202221684457,4774,22,16.840190199043263,2.5150003136622843,2.6011000523834467,6.0,11.357,0.0
198,7259.621390358233,81.53989188704283,0.7213851057664445,0.2726745870762098,0.0024630541871921183,0,14.189579834119348,0.8459516770736143,0.7663045927200143,6902,31,18.932562153613752,2.6935320277012824,2.5800361518377186,6.0,19.287,0.0
199,6223.224611294528,67.34114503052704,0.7376166547020818,0.25825556353194545,0.0010768126346015793,0,10.82521545431165,0.8335645168841567,0.8012149362777443,5572,25,14.941473217478288,2.489949766782761,2.589294403892944,5.0,15.361,0.0
200,5564.688414068617,51.13347341749549,0.8262011026516146,0.17274875295353112,0.0,0,19.671173223351104,0.8439442331148979,0.8724992737692341,3809,17,18.715955017980164,1.9223413028637746,2.17318080711789,5.0,7.54,0.0
201,6427.387817563385,55.031070685257326,0.8685361461281194,0.12914844352971444,0.0012863390789812194,0,14.974902407987143,0.8546356616120243,0.9281972147034429,3887,18,16.491083220178037,2.254638372046548,2.422097156398104,5.0,7.637,0.0
202,7211.217994110018,75.76364024027039,0.7495937601559961,0.24585635359116023,0.0011374715632109197,0,11.680295267608551,0.8511049693540307,0.8021526460456943,6154,28,18.735475256093558,2.7041390609643075,2.6104487318447864,5.0,16.426,0.0
203,5165.97018537276,74.17375226402658,0.6492971744995031,0.34630129206304133,0.0008519096975720574,0,14.578560975593115,0.8431784683230773,0.7039774834982302,7043,32,18.046447628011045,2.4799888825239313,2.282090531379838,5.0,21.141,0.0
204,6821.4606841065915,76.46686009185353,0.7116687192118226,0.28048029556650245,0.0049261083743842365,0,10.61647400632417,0.8448898616849265,0.8293374827656975,6496,29,18.75091144974915,3.2697441852697873,3.144494916720744,7.0,20.116,0.0
205,4334.956804727957,56.21058408539228,0.6677885567214413,0.3266679865373193,0.0019798059790140567,0,8.92374632828664,0.8558306271421602,0.7595627412961627,5051,23,17.183030157446666,2.735106040202631,2.923806700266825,7.0,16.17,0.0
206,4489.8251015324695,64.42218546487,0.639504132231405,0.3543801652892562,0.0021487603305785125,0,11.960691391627156,0.8449592212206831,0.7435739016109475,6050,27,16.32802882326611,2.838672301410749,2.8299302145257172,7.0,20.295,0.0
207,6632.763392598533,63.91334309014261,0.7909128289473685,0.20456414473684212,0.0010279605263157894,0,12.633100499001646,0.8556788382096419,0.8853157339134397,4864,22,15.973144426227083,2.6656917000819402,2.6904081102157527,7.0,12.107,0.0
200,5564.688414068617,51.13347341749549,0.8262011026516146,0.17274875295353112,0.0,0,19.671173223351104,0.8439442331148979,0.8724992737692341,3809,17,18.715955017980164,1.9223413028637746,2.17318080711789,5.0,7.54,0.0
201,6427.387817563385,55.031070685257326,0.8685361461281194,0.12914844352971444,0.0012863390789812194,0,14.974902407987143,0.8546356616120243,0.9281972147034429,3887,18,16.491083220178037,2.254638372046548,2.422097156398104,5.0,7.637,0.0
202,7184.421929424721,75.64754833605464,0.7489437764055898,0.2468313292167696,0.0012999675008124798,0,11.431387298338304,0.8511049693540307,0.8021441376398504,6154,28,18.735475256093558,2.700879701714072,2.6257322629637665,5.0,16.489,0.0
203,5123.396414799264,74.01251388885262,0.6473093852051682,0.3478631265085901,0.0011358795967627432,0,14.94190839565842,0.8431784683230773,0.7017284964926914,7043,32,18.046447628011045,2.4494269091378946,2.259486729545953,5.0,21.115,0.0
204,6776.861944752958,76.32231920010508,0.7099753694581281,0.28125,0.006003694581280788,0,11.042161225161614,0.8448898616849265,0.8244552758857324,6496,29,18.75091144974915,3.194946151598709,3.0780572419774503,7.0,19.957,0.0
205,4423.411830254454,56.436136449996184,0.6747178776479905,0.32112452979607997,0.001187883587408434,0,9.298710240415037,0.8558306271421602,0.7586939431765689,5051,23,17.183030157446666,2.6411354890091534,2.898767605633803,7.0,15.996,0.0
200,5564.688414068617,51.13347341749549,0.8262011026516146,0.17274875295353112,0.0,0,19.671173223351104,0.8439442331148979,0.8724992737692341,3809,17,18.715955017980164,1.9223413028637746,2.17318080711789,5.0,7.54,0.0
201,6427.387817563385,55.031070685257326,0.8685361461281194,0.12914844352971444,0.0012863390789812194,0,14.974902407987143,0.8546356616120243,0.9281972147034429,3887,18,16.491083220178037,2.254638372046548,2.422097156398104,5.0,7.637,0.0
202,7167.724760301111,75.65589062753814,0.7487812804679883,0.24764380890477738,0.0008124796880077998,0,11.471628592230015,0.8511049693540307,0.8013345993779374,6154,28,18.735475256093558,2.703137734818385,2.6256510416666665,5.0,16.533,0.0
203,5169.473964005565,74.15121575603007,0.6480193099531449,0.34743717165980403,0.0007099247479767144,0,13.975779066173622,0.8431784683230773,0.7056829193057378,7043,32,18.046447628011045,2.574096162078485,2.3470639789658194,5.0,21.432,0.0
204,6759.776811416153,76.05985621380944,0.7076662561576355,0.28078817733990147,0.008928571428571428,0,9.755041628425504,0.8448898616849265,0.8305120514819028,6496,29,18.75091144974915,3.402647410117598,3.217533173809006,7.0,20.424,0.0
205,4311.860493495455,56.042031657333126,0.665214808948723,0.3282518313205306,0.002969708968521085,0,7.956886965273337,0.8558306271421602,0.7643321474169312,5051,23,17.183030157446666,2.937703669937843,3.0889880952380953,7.0,16.649,0.0
206,4326.30296101309,63.83970866815428,0.6274380165289256,0.3626446280991735,0.005785123966942148,0,9.704824004123195,0.8449592212206831,0.7511067021736437,6050,27,16.32802882326611,3.2751989236384835,3.0015806111696524,7.0,21.079,0.0
207,6560.979030683886,63.58840105776428,0.7835115131578947,0.2080592105263158,0.004523026315789474,0,11.631699132014079,0.8556788382096419,0.8887874687946669,4864,22,15.973144426227083,2.9513040646200097,2.792705326685909,7.0,12.461,0.0
208,4985.00225166181,65.93082820661496,0.6570996978851964,0.3293051359516616,0.011581067472306143,0,9.876656299051307,0.8590646379115832,0.7852277058653152,5958,27,18.625088894803685,3.2812743047158457,3.029374201787995,7.0,19.583,0.0
209,5768.213379242287,50.12863305034043,0.85194514413658,0.1399384270920795,0.0041981528127623844,0,12.783032281839052,0.8586904345498626,0.9374863471123648,3573,16,19.5960627275395,2.5894301738047103,2.8324572930354797,6.0,8.102,0.0
210,6847.986667852782,76.85538055210868,0.7162162162162162,0.2754914004914005,0.004453316953316954,0,9.830382920793669,0.8678370135430176,0.8013938589115502,6512,30,16.507781562089605,3.153333336368001,2.8799313893653515,6.0,19.544,0.0
211,6928.074473440453,60.2684786388166,0.8576074332171894,0.1391405342624855,0.0011614401858304297,0,12.20119467044529,0.8589459336228813,0.9084016779562119,4305,20,17.313676515841678,2.4891923928921225,2.5102925243770313,5.0,8.833,0.0
212,4809.806633623092,67.03507535202003,0.6414221938775511,0.3478954081632653,0.006377551020408163,0,6.156616203228671,0.8632211034684298,0.7512225642622478,6272,28,16.021877669271593,3.2945730066419365,3.2234650758140693,7.0,21.889,0.0
213,5393.414613889142,57.10098357697147,0.7334472447671935,0.25971806920119606,0.003630926954293037,0,9.158109333548714,0.8479239927812554,0.8524921133759242,4682,21,16.62980835925158,3.119057945406487,3.2489807804309843,8.0,14.529,0.0
214,4044.453089474253,48.65986941217786,0.6963313609467455,0.3003550295857988,0.0,0,10.81893079956565,0.8520892212930545,0.7597796722472445,4225,19,15.945091672076906,2.352246043706791,2.5696804894629506,5.0,12.351,0.0
215,5254.687063047927,51.402698985188174,0.7761606022584693,0.21606022584692597,0.0035131744040150566,0,8.406932481602418,0.8695766103086049,0.8871703125781208,3985,18,17.363964014100116,2.8321847810641665,3.1083090850307147,7.0,11.162,0.0
216,6089.675983685794,53.23271552213842,0.8615303150648663,0.13635160180037068,0.0013238019592268996,0,14.299173415179338,0.8854103145733639,0.9092449403268991,3777,17,17.47966140072166,1.9720475406924791,2.141364474492932,4.0,6.786,0.0
217,4963.133671080102,70.58611636387658,0.6489906598373004,0.3436275986742995,0.003163603495028623,0,12.824140391637563,0.8643369335701557,0.6934938365807184,6638,30,18.661745509941163,2.7096552068113566,2.4846796657381613,5.0,20.596,0.0
218,6166.200032455085,66.48212119051782,0.740584236634209,0.2546389858533897,0.00275583318023149,0,9.892321514999724,0.8543055337094757,0.8006203465339959,5443,25,16.83180554399771,2.552521904172193,2.5616472339369882,5.0,14.669,0.0
219,4729.269286440698,71.14597460970165,0.6402116402116402,0.35552616108171664,0.0014697236919459142,0,14.71307026799795,0.8836237262838308,0.6793965261577277,6804,31,15.718680654809356,2.4492148485446905,2.234848484848485,5.0,20.437,0.0
220,7927.272385426087,64.8814645643313,0.9116502632181277,0.08606088349736782,0.00022888532845044633,0,23.658957687912423,0.8695961337755058,0.9427680130794647,4369,20,17.681960394135317,2.002511629066231,1.9229224202862165,5.0,5.797,0.0
221,4392.855406771453,58.51497610145632,0.6650292839599471,0.33156999811071225,0.0005667863215567731,0,18.331477749938404,0.8613862028159065,0.7732524358935394,5293,24,16.735806822932524,2.5418393720782686,2.461931818181818,7.0,15.543,0.0
222,4257.856167429286,62.726824917367026,0.6415062478892266,0.3554542384329618,0.00016886187098953058,0,12.494311555332423,0.8575621189941468,0.700258985747106,5922,27,18.29817294322212,2.5175389209208223,2.476177941563569,6.0,18.405,0.0
223,5690.106466547042,54.58700986259331,0.7978977544194935,0.19947443860487338,0.000716674629718108,0,19.529423813045824,0.8516781906152352,0.859158048999059,4186,19,16.869508206578786,2.3219328194983415,2.421556886227545,6.0,9.678,0.0
224,7931.40305765491,82.2771781303189,0.7471692491060786,0.24448748510131108,0.004916567342073897,0,13.012537487293482,0.8646075555063039,0.8432304388409562,6712,31,17.919828917840583,3.113868465736139,2.780259222333001,6.0,18.333,0.0
225,4909.566120693808,50.13848157581276,0.7711543319019954,0.2275827229098257,0.00025258903763576663,0,16.047121290812587,0.8615639333206593,0.8165864995065562,3959,18,19.244369948886828,2.0042881392508494,2.1306911234850965,4.0,8.993,0.0
226,6913.091968616632,81.01089010508609,0.6984397163120567,0.2970212765957447,0.0019858156028368795,0,9.827427003460347,0.8415254616103219,0.7943696685427493,7050,32,19.465406293755468,3.234588012131184,2.9788789601949635,7.0,21.827,0.0
227,7375.215349391229,83.53269695009115,0.7125655191953535,0.28134296642583934,0.003824904377390565,0,14.910015199819034,0.8679855860638912,0.8179968891129864,7059,32,14.743546919808207,3.166361635525274,2.7673956262425445,7.0,20.375,0.0
228,3485.0931650584894,58.428074676631624,0.612005600280014,0.38291914595729787,0.001575078753937697,0,11.28634688119966,0.8669276186166436,0.6861194300951593,5714,26,16.167670474200957,2.61972457551276,2.4389476694309407,6.0,18.481,0.0
229,6439.5896167252495,75.51015707974412,0.7012055547077675,0.29497939874866475,0.000610407446970853,0,11.23254222719411,0.8685260822059155,0.7839820571094199,6553,30,17.173123758590382,2.8961602910448296,2.675734494015234,6.0,19.4,0.0
230,4977.125350646367,56.39245462605718,0.723373090604729,0.2734881774429797,0.0010462439840970914,0,17.466390976781728,0.8618121183133064,0.7700011782553433,4779,22,16.354581301177152,2.2336059058792297,2.1564940700028927,5.0,12.126,0.0
231,6119.340358970515,56.32396646973987,0.8164963156643689,0.17993819824102686,0.0014261944378416924,0,15.012927196625672,0.8591260974000732,0.8973639147898278,4207,19,17.64086704475164,2.375277323416155,2.2998544395924307,5.0,8.773,0.0
232,6227.918661548502,59.35481058195734,0.8,0.1951912568306011,0.0024043715846994535,0,14.813924924043608,0.868355510816448,0.8533321301317869,4575,21,17.342690948259275,2.3617925812012635,2.3584699453551914,5.0,10.259,0.0
233,4588.686554225437,69.48379658569401,0.6303239352129574,0.364877024595081,0.0022495500899820035,0,8.635343447416489,0.8553387152063526,0.7030666560165035,6668,30,17.739763925667692,2.893472339814381,2.806090887461337,6.0,22.322,0.0
234,5925.332210704296,60.80094131475607,0.7508757469606429,0.24397280032969298,0.002678755409025345,0,13.300764807946425,0.8674536607909162,0.867388712894246,4853,22,17.55808337694957,2.8440067323897433,2.7793633369923163,7.0,13.064,0.0
235,5390.909447576275,74.47189570254254,0.6487656994369857,0.34603724556084886,0.00259852750108272,0,12.232993552786027,0.8451581388762226,0.7294220430578915,6927,31,19.317572306040706,2.981078457275261,2.762572318647085,6.0,22.466,0.0
236,5827.93422147017,60.127241046590456,0.7501547348875593,0.24386218279348051,0.002682071384361461,0,12.731513305370312,0.8607664810135444,0.8502196739547492,4847,22,16.03516071664367,2.752680558939549,2.7684268426842684,7.0,13.075,0.0
237,4254.395527392789,46.00114949580832,0.739073196419168,0.25829383886255924,0.0,0,9.618133080530583,0.8651626282376143,0.8092833311566201,3798,17,17.208173749276803,2.3174587886240574,2.613822586391165,6.0,10.506,0.0
238,6844.343854827581,75.98464932672158,0.7232919254658385,0.2711180124223602,0.002173913043478261,0,10.886519067398886,0.8635519103931971,0.7862577531297079,6440,29,17.780130202605438,2.862446516924191,2.692786603692572,6.0,18.416,0.0
239,4285.202591934195,48.86394998043314,0.716258783620063,0.2791373879331233,0.001453840562151684,0,9.96885132999431,0.8455592910595876,0.7882633545454525,4127,19,16.058270984680426,2.3771988530536587,2.577807848443843,5.0,11.483,0.0
240,4404.456336174231,64.86370944124849,0.6429854646415156,0.3524416135881104,0.0008165931732810714,0,24.154523249620684,0.8720556059000637,0.6973681547175284,6123,28,16.97730804093038,2.442110964435603,2.209550419100838,5.0,18.572,0.0
241,5413.826691818609,69.82135616400923,0.6711547600190084,0.32456835102170123,0.0017424362426738476,0,9.42619890963643,0.8458661082106746,0.7526739348530856,6313,29,18.663493447171092,2.9326432123775197,2.815907481708756,6.0,20.282,0.0
242,3311.1331339021563,47.39049442646709,0.6525096525096525,0.344083579377697,0.001589825119236884,0,11.241748406958878,0.864404841159244,0.7023823308987297,4403,20,19.116073950767365,2.178430887248864,2.2662721893491122,5.0,13.202,0.0
243,6051.594733989927,69.70614499045105,0.7063359034528998,0.2871270533020449,0.003352329869259135,0,14.990794008074197,0.8733064679308785,0.8040997786556756,5966,27,18.257195539031287,3.07344162361783,2.8398196487897485,6.0,17.985,0.0
244,4547.053720007206,70.46603255978961,0.628114922310173,0.36734095573145703,0.0021987686895338612,0,9.423162346094799,0.855466067453813,0.6952814781833635,6822,31,18.506519771273794,2.822408036809844,2.722287047841307,6.0,22.676,0.0
245,6755.752782400809,68.03855632444171,0.7690875232774674,0.2260707635009311,0.0016759776536312849,0,9.774181379937986,0.8641502925967226,0.8235210578669725,5370,25,17.9649320931643,2.6892280542882685,2.637046004842615,6.0,13.82,0.0
246,7020.454161559637,78.92938676434856,0.7178343001636174,0.2774059199762011,0.00178491744756805,0,14.766426244766036,0.8562439295214149,0.788364253687214,6723,30,17.329928208793177,2.884541371833478,2.6257770410277663,6.0,19.095,0.0
247,7428.114278613195,68.21411729472663,0.8119725220804711,0.18253189401373895,0.0035328753680078507,0,18.235941370958436,0.8593294060898725,0.9193875552829449,5095,23,17.535330799375203,3.0369682629958907,2.841914430746918,7.0,12.567,0.0
248,6103.405144533179,67.79241601447367,0.7223891146845732,0.27248630500088356,0.0026506449902809685,0,9.250897107559574,0.84774314954779,0.7983647959548785,5659,26,18.810912696329744,2.8860067907518903,2.778375733855186,6.0,16.626,0.0
249,1522.4035278445524,37.44104819371664,0.5517069524046848,0.4425616745576875,0.00199352105656616,0,7.673265784545599,0.8703881530745471,0.6623218292621742,4013,18,17.942688380608274,2.585672105247548,3.05420054200542,8.0,15.504,0.0
250,5257.14225911716,70.91665734714688,0.656822027380403,0.3376403630210737,0.001999692355022304,0,10.313116669371936,0.8726024367228576,0.7480589788855683,6501,30,17.794006928800876,2.8689171457992537,2.683606557377049,7.0,20.853,0.0
251,4102.235268975079,60.10067128293588,0.6347948582496918,0.36027469624933967,0.002641310089804543,0,10.774167257690376,0.8687219646394069,0.7405356642898078,5679,26,16.60337451548352,2.885121790071866,2.8033287101248265,7.0,18.982,0.0
252,3362.988097767606,53.68271213654069,0.6162234551367898,0.37784580065046874,0.0007652573177731012,0,8.609062540629589,0.8515031511263728,0.7092618357070236,5227,24,14.715176180037677,2.6134155504534826,2.7885749767153056,7.0,17.844,0.0
253,3801.5557201863007,57.34290878209616,0.6414990859232176,0.3572212065813528,0.00018281535648994517,0,12.588092251573414,0.8487855045141237,0.6750444571115767,5470,25,16.570661523506487,2.131231522145473,2.183528070675406,4.0,16.653,0.0
254,6238.790888875758,70.18156612857814,0.7250464448572876,0.27191352812024994,0.0008444519506840061,0,17.211579291367837,0.8753619875788691,0.7723100271949949,5921,27,16.792935998966605,2.3803701898107015,2.219426974143955,5.0,15.278,0.0
255,4802.9356263032105,47.654208285575805,0.7835820895522388,0.21428571428571427,0.00026652452025586353,0,10.319233422023462,0.8491558805806704,0.82344163366754,3752,17,18.385900291293577,1.965241998648646,2.17687074829932,4.0,8.304,0.0
256,6820.472274190987,76.27264782590723,0.7258513931888545,0.27043343653250773,0.00030959752321981426,0,14.796977691713355,0.8707635374859042,0.7769523103179549,6460,29,19.203154607688816,2.491098708664132,2.343570057581574,5.0,17.201,0.0
257,6003.321538828204,59.53699586631312,0.769989281886388,0.22593783494105038,0.0012861736334405145,0,13.794884971745338,0.8488345714749427,0.8817602790817654,4665,21,16.303841684471095,2.711861434004518,2.6854120267260577,7.0,12.257,0.0
258,5167.582094262509,69.24168359333682,0.664275690004678,0.3304225791361297,0.0021830656479026977,0,8.335321462438278,0.8700809991409105,0.7236591993231043,6413,29,16.955317374665757,2.723426795165789,2.6981220657276994,6.0,20.289,0.0
259,4850.462267705337,71.63201518124379,0.6375571618232778,0.3586074642277622,0.0010326006785661601,0,11.40590883983097,0.8539829276745762,0.7072897206127643,6779,31,17.32413404590112,2.7843881950659726,2.606894956038871,7.0,21.84,0.0
260,3984.9603717162663,48.90513987554744,0.6938202247191011,0.3017322097378277,0.0011704119850187266,0,9.818634893638961,0.8621338002736264,0.7493849297361368,4272,20,19.165778616560335,2.2248618782598384,2.432186234817814,5.0,12.374,0.0
261,6696.298221357016,75.40998275045133,0.7234836702954899,0.27200622083981335,0.0017107309486780716,0,17.216952002295294,0.8644094053226055,0.7706282036072093,6430,29,17.859738366849207,2.6219612172589275,2.3929492691315564,5.0,17.429,0.0
262,4071.207678154388,68.16691742771275,0.6205985915492958,0.37544014084507044,0.00029342723004694836,0,11.26589834559119,0.8637117090547599,0.64731170005,6816,31,20.506782783221524,2.32887171990622,2.249172576832151,4.0,21.585,0.0
263,2128.5660197199722,37.16867980915603,0.606863009997298,0.3890840313428803,0.0010807889759524452,0,10.196231043582117,0.8617488472770576,0.6762487991620044,3701,17,19.34799701628655,2.202902501028939,2.3726625111308994,6.0,12.007,0.0
264,7022.488977768669,72.67589740146866,0.7537339353942341,0.24105592219520666,0.002952414032650226,0,16.902966703054624,0.8643859172164325,0.8426933268084834,5758,26,18.099528603607883,2.8272967597239047,2.5018433179723503,6.0,14.562,0.0
265,4691.398663667286,67.1952692064953,0.648751788837653,0.34679599300365715,0.0007950389569088886,0,10.564896909927214,0.8839867633420968,0.6913492817740713,6289,28,17.32705883447441,2.618772535158613,2.425,5.0,19.46,0.0
266,6368.734500396176,66.52453734583742,0.7455928743737242,0.24902579328261273,0.0027834477639636294,0,10.412198360250189,0.8588607254137925,0.8449244139416394,5389,25,16.566229231053764,2.9996955230225666,2.927078148332504,7.0,15.542,0.0
267,3523.8420729668815,55.23054441868619,0.6312734082397004,0.36629213483146067,0.0,0,9.869132621955533,0.8836966547254403,0.6827872374565219,5340,24,18.04854427986492,2.3112907633958035,2.4001779887273806,5.0,17.035,0.0
268,3235.8775925345126,67.3991921361756,0.5825940008449514,0.41332206731446275,0.0004224757076468103,0,12.182448553225566,0.8675594976982568,0.624569172325791,7101,32,17.256683714371448,2.3896095902118177,2.2342277012327774,5.0,23.68,0.0
269,4983.618749664801,57.413112832964835,0.7182839632277834,0.2786516853932584,0.0006128702757916241,0,9.913364417687859,0.8700115761240145,0.7648688635986941,4895,22,17.242912602551606,2.206235747652789,2.319397042093288,4.0,13.142,0.0
270,7104.492209173061,65.97025972320394,0.8177598385469222,0.18002018163471242,0.0004036326942482341,0,12.379033113137837,0.8632178941999067,0.8552565277955722,4955,22,17.22175949895908,2.3787148855267186,2.388450148075025,5.0,10.898,0.0
271,4144.690449701188,68.92795163119956,0.6161704611792177,0.37901342673671923,0.0014594279042615295,0,14.25324435439681,0.8631350980078207,0.6736471639378221,6852,31,17.54171920792752,2.533792211733603,2.3178588346755093,6.0,21.783,0.0
272,6617.785868502879,78.6957904011122,0.7000291375291375,0.2950174825174825,0.0007284382284382285,0,9.60968511069638,0.8709023009229422,0.7631942846345102,6864,31,15.472754078827366,2.8306788196497803,2.660353798126951,6.0,20.531,0.0
273,8040.434265346794,75.78801975346425,0.8015597920277296,0.1901213171577123,0.005545927209705373,0,13.409704603615861,0.862021131227904,0.8701939853723591,5770,26,17.71698249602939,2.810997096087829,2.5316756756756758,6.0,13.582,0.0
274,3629.0852048001207,47.05102034744814,0.6741920152091255,0.3224809885931559,0.0004752851711026616,0,12.20593573282828,0.8770858022493233,0.748153235169485,4208,19,17.709176200120396,2.3445523250691953,2.413464927740571,6.0,12.532,0.0
275,6513.5414826135775,59.794805110074435,0.8163036155400853,0.1798787334381316,0.0020211093644733886,0,16.098801957771315,0.8540974785171186,0.9054237490659994,4453,20,17.041405386716658,2.639248303866414,2.68363136176066,6.0,10.494,0.0
276,5910.274720757865,72.65011099658717,0.6781430129303629,0.31562548683595576,0.003583112634366724,0,11.957430808064549,0.8630876810241653,0.8043577767012448,6419,29,17.27558360024329,3.2472493466626595,2.974270617964622,8.0,20.309,0.0
277,5244.84236336284,59.000741543796266,0.7132279367620572,0.2819691815089053,0.0022013207924754855,0,8.775460438955275,0.860611321396979,0.815221426267504,4997,23,19.01715267550789,2.9465901600477435,3.0036475869809203,7.0,15.377,0.0
278,3882.613827384909,49.30736537182029,0.6801192387067186,0.316441183214859,0.0016051364365971107,0,13.238052533465464,0.8582285652903043,0.7609816471532966,4361,20,16.924546611640167,2.3132858781053565,2.3776129467296023,6.0,12.742,0.0
279,7073.947792559032,65.59982863562503,0.8083904800322711,0.18797902379991932,0.0026220250100847118,0,11.983330810796584,0.8685239154557061,0.9025337964068599,4958,23,17.884826401619424,2.799480707566992,2.781187624750499,7.0,12.247,0.0
280,3132.562347138026,66.3781559157636,0.5787282905124157,0.4178268982345342,0.0007176690110521028,0,13.227518982809913,0.8560698450380783,0.6351052845055547,6967,32,19.920315911995843,2.4479600970253106,2.234623015873016,5.0,23.443,0.0
281,4396.525788088835,50.96207354216398,0.7118954847581939,0.28558331423332567,0.0,0,11.975902657539194,0.8750034333121022,0.7865275959670011,4363,20,16.180918885964942,2.352760458549387,2.3934320669671605,6.0,11.864,0.0
282,3776.2477858746684,42.3023011832115,0.7224398433128147,0.2742025741466144,0.0002797985450475658,0,11.511133180337245,0.8700174414537015,0.7954539548567359,3574,16,16.650972924985247,2.297036258923144,2.597986057319907,6.0,10.2,0.0
283,2023.7066832941023,43.36664873559174,0.5787410150294053,0.41733827052929645,0.001306904813766064,0,9.70230606170835,0.8669430564264397,0.6242032006306839,4591,21,17.593680386301905,2.182043895950391,2.277004140007527,5.0,15.572,0.0
284,6618.335339564392,75.2179648503021,0.7168646813763309,0.2803579694491591,0.001080080234531708,0,9.231100506414487,0.8885069392030522,0.7702383664978576,6481,30,17.821911393316523,2.8637369924327145,2.6681015927679725,5.0,18.66,0.0
285,4552.805696252895,60.56557588546153,0.6700827040632866,0.3259618842143114,0.0012585400934915498,0,10.699513201773609,0.8711489887032007,0.719248617685337,5562,25,17.632988230458217,2.4049599979438705,2.436007512744835,5.0,16.584,0.0
286,4433.938792009513,49.99232862712369,0.7241706161137441,0.2722748815165877,0.00047393364928909954,0,11.543998940329512,0.9003764198380895,0.7686593797717178,4220,19,16.90454545923272,2.277268175050384,2.395942408376963,5.0,11.474,0.0
287,7916.914090446652,79.36693351485103,0.7682734719596723,0.2277882797731569,0.0011027095148078135,0,7.370303672805053,0.8727784854685913,0.81913739362273,6348,29,16.492528184250727,3.007057565693102,2.9401271273323766,6.0,17.813,0.0
288,6366.981018527958,59.00994140748181,0.818733153638814,0.17902066486972149,0.00022461814914645105,0,12.236865850884882,0.9168287160582825,0.8539341336825297,4452,20,19.006862630088474,2.3456436251305575,2.427434842249657,5.0,9.867,0.0
289,6405.08532400985,63.6560809139767,0.7757936507936508,0.22083333333333333,0.0011904761904761906,0,7.931811775392489,0.8964726462381971,0.8273873962800645,5040,23,16.630895733155533,2.6074595471834088,2.638618925831202,5.0,12.834,0.0
290,5496.6616975451425,51.9642180796631,0.8115539858728557,0.1856710393541877,0.0002522704339051463,0,12.695845810553205,0.8991186076741636,0.8275521908074546,3964,18,18.464126462020346,1.8110047965775964,1.9400062169723344,4.0,7.651,0.0
291,5454.288821010058,73.89848658253973,0.6639705882352941,0.3313235294117647,0.0004411764705882353,0,12.608403532623012,0.8919998904767901,0.6934814350293546,6800,31,16.510763620549504,2.4875097426543973,2.30609080841639,5.0,19.895,0.0
292,7374.615745537142,62.80242089522534,0.8754512635379061,0.12364620938628158,0.0,0,11.057642216021586,0.8751983178167172,0.9148783134109578,4432,20,17.235024348253795,2.222398190648183,2.2551546391752577,4.0,8.139,0.0
293,6009.619098332685,52.44222487043075,0.86340685623173,0.13473292585702898,0.00026574541589157585,0,17.515063200103118,0.8715873611899725,0.8890450764276917,3763,17,16.906692387903263,1.7465697699925662,1.765158510310865,3.0,5.542,0.0
294,4288.899194592758,51.41678129493791,0.7037877069630302,0.2946246314356997,0.0,0,14.459904430718101,0.8681849670188241,0.7633299051068426,4409,20,20.788239181202727,2.1283551066876227,2.2136641959394137,5.0,11.667,0.0
295,7712.30854747044,81.10172496754107,0.7434515791049244,0.2517587187546774,0.001796138302649304,0,10.785701935116027,0.8576027273495789,0.8221963545582902,6681,30,16.86508128078501,3.0147191484994584,2.843366217032414,6.0,18.968,0.0
296,6113.27366336963,53.63905356096723,0.8490615224191866,0.1465067778936392,0.0031282586027111575,0,10.406170439237425,0.8545283012578275,0.9343668218191431,3836,18,15.684654586565227,2.5018642951718473,2.645686214307645,6.0,8.36,0.0
297,6109.727903779165,58.07503563396247,0.8056633934688285,0.1915962548527061,0.00045672527974423386,0,16.85732178533975,0.8468623524120715,0.8582584269217001,4379,20,15.491239282106443,2.1532493536709807,2.183390022675737,5.0,9.323,0.0
298,6232.581726541281,65.0932875265084,0.7425195349723651,0.2504288164665523,0.005145797598627788,0,12.113316136904132,0.8612920555671316,0.8635274835934653,5247,24,18.807220088542437,2.9471592742951316,3.0664784394250515,7.0,15.556,0.0
299,6192.7206804496145,77.83984276333149,0.681331238394515,0.3149550064276532,0.0008570204256534781,0,12.965562118304438,0.8489078337035727,0.7451521918726429,7001,32,17.88643243583381,2.753991787909805,2.650104821802935,6.0,21.389,0.0
300,5740.806097093759,59.02792509112351,0.7490494296577946,0.23975496408956484,0.005914659907055344,0,11.817586554811024,0.8591098351554552,0.873794053613496,4734,21,16.66604277621687,2.7559832504179633,2.8874788494077834,7.0,13.049,0.0
301,5607.793886523457,59.99700032502497,0.7391393864525427,0.25036030471484455,0.007206094296891085,0,15.643003972565294,0.8643549258610309,0.8291705197513667,4857,22,17.311990365331525,2.656260435690093,2.7512534818941505,7.0,13.462,0.0
302,6474.482540122163,57.421008813274504,0.8423847453536085,0.1537533188510741,0.0009654839488293508,0,16.216881450867394,0.8500735413900978,0.9194777382646114,4143,19,16.688391536731253,2.4626308675502266,2.4744985673352438,6.0,8.723,0.0
303,6550.343729244989,61.584147802583345,0.7990492653414002,0.1942523768366465,0.004753673292999135,0,11.913737625513203,0.8475266747549814,0.9064299743903959,4628,21,15.056878386133118,2.9258456837822,2.89697133585722,7.0,11.901,0.0
304,1314.2041331544856,37.183069392086416,0.5441498418876186,0.44952566285575285,0.0017027487229384578,0,10.77158583698222,0.8541034276716105,0.6172334437521149,4111,19,17.695633238621888,2.405756478954981,2.373714796602593,7.0,14.739,0.0
305,5819.21164475788,68.312437376002,0.6979557069846678,0.2950596252129472,0.004258943781942078,0,11.877524099518944,0.8556718063387082,0.8046575223526485,5870,27,17.33951879464622,3.1729767483729288,2.725652916768367,7.0,17.387,0.0
306,6646.449811308587,59.391272891031164,0.8267608844312743,0.16799635286072487,0.0018235696375655346,0,8.419261215382733,0.8354477596241121,0.924005776327044,4387,20,17.028807095443828,2.860394887727428,2.940998070030328,6.0,11.056,0.0
307,6638.997727787529,74.90556059237359,0.7092676807276148,0.28179394699702054,0.0058021013015524545,0,9.774144736912723,0.8535747500942958,0.8097968113700481,6377,29,17.104127226438983,3.329470366154648,3.095290736237011,7.0,19.989,0.0
308,4742.484700997776,68.78856775106091,0.6386192017259978,0.3505933117583603,0.006934812760055479,0,12.426303062841688,0.8730156555874888,0.7279156230384245,6489,30,18.20272101861071,3.151031466782967,2.8262548262548264,7.0,21.333,0.0
309,7258.196895707511,74.1350971873612,0.7546979865771812,0.23557046979865773,0.009060402684563758,0,13.995837490285584,0.8647112772928949,0.8560627773150395,5960,27,19.13752347879098,3.133456672049328,2.76878612716763,7.0,16.171,0.0
310,5942.991166211839,74.0709160876961,0.6882013952077647,0.30664240218380345,0.0016681831968456172,0,17.356697948384788,0.8667055156045994,0.7352565350002854,6594,30,14.492471749564354,2.627457889463945,2.363596297928603,5.0,18.896,0.0
311,4591.712062286228,60.181504017690294,0.6643560744253922,0.32670558190441445,0.005472455308281649,0,8.356660859384519,0.8584708649563554,0.7465552159216042,5482,25,17.066093695522635,2.9228397875567174,2.7937946183415705,7.0,17.501,0.0
312,4600.547331841893,51.67529906722585,0.7225274725274725,0.2735805860805861,0.0009157509157509158,0,10.663830545669166,0.8627483742075379,0.776721682185734,4368,20,16.035875764642036,2.5219630179063746,2.472750316856781,6.0,12.022,0.0
313,4247.909384328306,57.25235554711948,0.663558515699334,0.3330161750713606,0.0007611798287345385,0,14.098679569660884,0.8854092732644481,0.7143049169993719,5255,24,17.425464707459554,2.5115359524012972,2.4817895038715228,5.0,15.945,0.0
314,5130.506014599332,63.844834383244745,0.6871024734982332,0.30848056537102475,0.0012367491166077739,0,11.679751462082423,0.8681745143341993,0.7327975342106519,5660,26,18.195645218335976,2.656139387862233,2.592954487014657,6.0,16.85,0.0
315,6568.835374417599,80.32302346916582,0.6857424071991001,0.3077896512935883,0.002952755905511811,0,8.503607219214556,0.8584515513111979,0.7580995680037987,7112,32,16.612695614060073,3.155481131853474,3.041418905064589,6.0,22.996,0.0
316,5625.060867483946,61.90255116186984,0.7298861663129461,0.2647115570133127,0.003279953694771368,0,10.290380959830186,0.8721700675138758,0.801074586400087,5183,24,12.521414483047163,2.575443595192264,2.5881575469204336,5.0,14.241,0.0
317,4960.592856833276,46.94747220104025,0.808685779165484,0.1881918819188192,0.0005676979846721544,0,10.689686725253045,0.8610038181691045,0.8688129337671376,3523,16,19.63333584602686,2.042695812037449,2.239031239031239,4.0,7.646,0.0
318,5093.314851826487,73.36145318935637,0.643691420331651,0.3519826964671954,0.0023071377072819035,0,11.592473413966948,0.8655207139463059,0.726233683408992,6935,31,16.663385306288582,2.942297284216005,2.7215501792114694,7.0,22.772,0.0
319,6200.910547078242,70.45524176838384,0.7123310528950442,0.2813282162522943,0.0030035040881027865,0,9.34043530434107,0.869688478131692,0.7972804162351166,5993,27,16.956311535539733,3.041833005828986,2.8971656125556335,6.0,17.93,0.0
320,4676.508620828218,65.01474118129313,0.6486620416253717,0.3442352163858606,0.002642880740006607,0,8.266986538644206,0.8638212934627764,0.7256117527832234,6054,28,15.944086773943978,3.054512411324798,2.7591036414565826,6.0,19.561,0.0
321,3817.8224525588134,45.71818266592165,0.695575221238938,0.2968394437420986,0.00404551201011378,0,7.07609588828938,0.8638680946994362,0.7784475871870994,3955,18,18.21928020567529,2.6577203124567856,2.947655398037077,7.0,12.365,0.0
322,5640.156843832139,74.74682171028354,0.6695957820738138,0.3263034563561804,0.0004393673110720562,0,11.03940555716507,0.8679584143430905,0.7077529061236095,6828,31,18.16303945802087,2.6056991403151644,2.454286964129484,5.0,20.703,0.0
323,5286.292361711759,75.09083733141871,0.6513566986998304,0.34553420011305824,0.0014132278123233466,0,12.415077181270258,0.8832098842829411,0.7057275412494352,7076,32,16.626186752012195,2.771924718648034,2.487524408765459,5.0,22.127,0.0
324,6482.571057996319,74.38617289070206,0.7042297487123459,0.28406430466677074,0.008896519431871391,0,7.489188537040045,0.8541782512062238,0.7926194589805111,6407,29,18.884180611827638,3.1650780127651768,2.9745124113475176,6.0,19.831,0.0
325,5113.761187111183,73.27319357982336,0.6489998539932836,0.34734997809899254,0.0011680537304716017,0,14.538488908917133,0.8631939913325433,0.6984046975474646,6849,31,15.713974194811199,2.633449504565928,2.3714285714285714,5.0,21.162,0.0
326,5184.3856788509775,63.17034440619294,0.6873751135331517,0.3079019073569482,0.0014532243415077202,0,10.107156287402104,0.8553414275735615,0.7666154662839478,5505,25,16.552275694167875,2.9538339521527375,2.873150105708245,7.0,17.091,0.0
327,5568.922316886135,70.38336066909366,0.6773581924474641,0.3167957023226418,0.0025280455048190867,0,11.373472150001668,0.8682162990987391,0.758645263716228,6329,29,17.02512786666241,2.854403340991752,2.6808957312806156,6.0,19.332,0.0
328,2010.4419658381594,36.63653443044057,0.5919714050041243,0.40087984602694526,0.0035743744844652188,0,5.427474342278318,0.8628796163960408,0.6861990508847882,3637,17,17.643803584485617,2.5456037930239455,3.000928936367859,7.0,13.447,0.0
329,3000.689719888835,55.313415905769396,0.595191099946169,0.39960523954781985,0.002512111968419164,0,8.884779359432432,0.8496164726220502,0.666117754042474,5573,25,18.17793014905814,2.704360677591089,2.731082303286102,6.0,19.665,0.0
330,5936.971976732591,70.72780473198094,0.6861030126336248,0.3062844185293165,0.005344995140913508,0,11.671121874386564,0.8484451437346398,0.8095882776518853,6174,28,18.090607328123845,3.225583849300836,3.057837582625118,7.0,19.707,0.0
330,5936.971976732591,70.72780473198094,0.6861030126336248,0.3062844185293165,0.005344995140913508,0,11.671121874386564,0.8484451437346398,0.8095882776518853,6174,28,18.090607328123845,3.225583849300836,3.057837582625118,7.0,19.707,0.0
331,6402.335861196087,78.56479278791181,0.6843463302752294,0.30891628440366975,0.0040137614678899085,0,9.757900971727654,0.8484639207880236,0.7703314270207364,6976,32,17.781362798734868,3.105734794504394,2.922496857980729,7.0,22.106,0.0
332,4712.782727895082,52.34089121544826,0.7309273640931933,0.2663316582914573,0.00045682960255824577,0,10.902545148278563,0.8687081384468297,0.7839557665689696,4378,20,17.952755181343342,2.2274697235654353,2.28875,5.0,11.333,0.0
333,7477.812928848405,78.83449061944324,0.7420665937158043,0.24871033296857903,0.0065655776145068,0,14.812784288852574,0.8667405229144726,0.8449538465459215,6397,29,17.00851558330313,3.1411127654265356,2.7073941436696862,7.0,17.244,0.0
334,4801.3683262962295,53.75067865731325,0.725232373611426,0.27046021310360463,0.0022670596236681025,0,13.642232747459893,0.8671091996992277,0.8073814518865859,4411,20,18.56289482119435,2.443131912625413,2.3557361675523603,5.0,11.669,0.0
335,7634.118777595608,73.53078800551522,0.7861690838344535,0.20923240183940572,0.002476123098691192,0,10.400660478987518,0.8537613934323316,0.8779606423233732,5654,26,17.91181090912025,3.0360475350971754,2.92103487064117,7.0,15.077,0.0
336,4542.272661410475,54.85249089428844,0.69405337255726,0.30090355116621137,0.002311409960075646,0,13.959087025252249,0.8587658229013856,0.7798063686101486,4759,22,19.243319876485,2.63589633382167,2.7417499243112324,6.0,14.508,0.0
337,7446.955814675426,69.95552879104622,0.7979420018709074,0.19550982226379796,0.0037418147801683817,0,11.934939529644488,0.8594914667267313,0.8865290279615146,5345,24,16.734868203466938,3.0057758472461065,2.948651817116061,7.0,13.872,0.0
338,4105.9284220433165,47.447600142908854,0.7083023543990087,0.2850061957868649,0.002973977695167286,0,14.364639138690421,0.8493693604932415,0.7927029218876377,4035,18,17.62036083572507,2.54334351204919,2.6301609517144855,7.0,11.81,0.0
339,5393.202107467609,64.88475152322428,0.6947960618846695,0.299929676511955,0.0024613220815752463,0,17.534130529118613,0.8510142946783059,0.7694582997383542,5688,26,16.063467335891207,2.7678391984367527,2.624746963562753,6.0,17.012,0.0
340,8674.937845633422,72.69112070748095,0.8767987384190814,0.1192588212103292,0.0017740981667652277,0,21.3347865024675,0.8528269397265474,0.953567952041709,5073,23,15.31860755348189,2.8601040313228245,2.771357913669065,6.0,10.758,0.0
341,7380.536238730878,76.41326345514005,0.7458340074421614,0.24640025885779,0.005500728037534379,0,14.422900616934811,0.8382629842251292,0.8569821619162152,6181,28,16.894087674080275,3.13556290357664,2.9746203904555313,7.0,17.837,0.0
342,5122.646295265387,57.45545902901442,0.7132429614181439,0.27820646506777896,0.005213764337851929,0,11.262012094369329,0.847394165806395,0.8310452838044348,4795,22,17.72448621982941,3.00886002310791,3.008771929824561,7.0,14.504,0.0
343,5303.387276897116,57.02634101437463,0.7332193244976486,0.2625053441641727,0.0021376656690893546,0,11.04201072914603,0.8582424864398253,0.8452442253482746,4678,21,15.671386339820135,2.772222068792951,2.8008746355685132,7.0,13.184,0.0
344,5855.21837696379,51.922391160582656,0.8343898573692552,0.16059165346011622,0.0021130480718436345,0,8.746188455385726,0.8382232408400485,0.9339069766946373,3786,17,17.715696117519325,2.6951569970791724,2.9803735359290915,7.0,9.138,0.0
345,5204.234936034242,61.05810783821056,0.7049056603773585,0.2911320754716981,0.0007547169811320754,0,15.80941794175547,0.8463733638798089,0.7802535407568726,5300,24,17.534216754225056,2.5545679464877957,2.468950749464668,6.0,14.947,0.0
346,4912.972736021582,53.23051478201437,0.736734693877551,0.2585034013605442,0.0020408163265306124,0,9.994900401445882,0.8437337747101207,0.8041795175761762,4410,20,15.042484222294185,2.5970871222307013,2.5949522930132347,5.0,12.156,0.0
347,7018.113029691505,78.16894892798204,0.7108797344197978,0.28021729289271163,0.006639505055077713,0,8.566882859796875,0.8460515494047753,0.8372399531773604,6627,30,15.920009677709626,3.4734896774429327,3.3154319677350883,8.0,21.311,0.0
348,7288.424740261076,73.85772848169137,0.7691268366829928,0.22597534200304004,0.0021955750717784156,0,12.767137778689538,0.8464436862615892,0.7929378086247448,5921,27,16.437216668393777,2.591953067679298,2.4101888449714535,5.0,14.641,0.0
349,4944.333631562782,48.1813954042734,0.7816216216216216,0.21216216216216216,0.002702702702702703,0,9.781663006044727,0.8469951287801153,0.8843054084214542,3700,17,18.595568803126753,2.7227878762634883,2.7804287690179805,6.0,9.719,0.0
350,7692.979086227945,68.47960847385754,0.8306658763090299,0.1638016202331555,0.0043469670025686625,0,14.728451385773118,0.8470678391187468,0.9229427386216936,5061,23,18.958476597491348,2.9744156723479653,2.845147478591817,7.0,11.94,0.0
351,5545.048953996845,63.54563732250504,0.70702045328911,0.28560899207665374,0.0029482218536944905,0,7.974136716350957,0.8542182808473971,0.7939462172755853,5427,25,13.885909846070854,2.9687428745585716,2.912170966901225,6.0,16.504,0.0
352,4752.096885556441,56.28054338793233,0.707221187668115,0.28988206083178153,0.0002069108214359611,0,14.037102458163847,0.8530300975221974,0.7592128353412201,4833,22,17.196709723448727,2.1909689357370867,2.2267407840842597,4.0,12.869,0.0
353,6526.312911248334,73.4962491066732,0.7174757281553398,0.2754045307443366,0.004207119741100324,0,11.146187440848866,0.8614833073867363,0.78971903627321,6180,28,16.083707117706787,2.9947249321043863,2.8660351826792962,6.0,18.13,0.0
354,7501.429962125326,76.38923625424398,0.7577629653714844,0.23752235408876604,0.0027637782474394406,0,13.383342856397908,0.8573201633633494,0.8437519838492807,6151,28,16.38840395805037,2.931981346438085,2.796395623256812,6.0,16.835,0.0
350,7692.979086227945,68.47960847385754,0.8306658763090299,0.1638016202331555,0.0043469670025686625,0,14.728451385773118,0.8470678391187468,0.9229427386216936,5061,23,18.958476597491348,2.9744156723479653,2.845147478591817,7.0,11.94,0.0
351,5545.048953996845,63.54563732250504,0.70702045328911,0.28560899207665374,0.0029482218536944905,0,7.974136716350957,0.8542182808473971,0.7939462172755853,5427,25,13.885909846070854,2.9687428745585716,2.912170966901225,6.0,16.504,0.0
352,4752.096885556441,56.28054338793233,0.707221187668115,0.28988206083178153,0.0002069108214359611,0,14.037102458163847,0.8530300975221974,0.7592128353412201,4833,22,17.196709723448727,2.1909689357370867,2.2267407840842597,4.0,12.869,0.0
353,6526.312911248334,73.4962491066732,0.7174757281553398,0.2754045307443366,0.004207119741100324,0,11.146187440848866,0.8614833073867363,0.78971903627321,6180,28,16.083707117706787,2.9947249321043863,2.8660351826792962,6.0,18.13,0.0
354,7501.429962125326,76.38923625424398,0.7577629653714844,0.23752235408876604,0.0027637782474394406,0,13.383342856397908,0.8573201633633494,0.8437519838492807,6151,28,16.38840395805037,2.931981346438085,2.796395623256812,6.0,16.835,0.0
355,5848.183788213194,59.0583675296353,0.7702586206896552,0.22370689655172413,0.004310344827586207,0,16.098407981400385,0.8545404927952125,0.8442562812366609,4640,21,20.110219268666974,2.492053810896775,2.5137101287073307,6.0,11.615,0.0
356,6679.029404976833,68.78043804554102,0.7494178756940713,0.24377574780583916,0.0041196489342647325,0,8.234610279847683,0.8487062062295935,0.8566801738656901,5583,26,15.583038709289518,3.1050357033811555,3.0303537284894837,7.0,16.302,0.0
357,7587.394686855215,73.99309590431848,0.781603199443575,0.21387584767866458,0.001564945226917058,0,10.362500859511536,0.8549234613354603,0.856724940285929,5751,26,16.54102488467242,2.9976964775726915,2.974416017797553,6.0,15.683,0.0
358,7220.9846134617355,74.22891239505726,0.7589013224821973,0.2373685995252628,0.0013563919972872161,0,13.52647291880259,0.8662002816985892,0.8372376445068281,5898,27,18.040277339131066,2.6212989688445445,2.53485254691689,6.0,15.184,0.0
359,3179.269713165039,39.4133439062316,0.6808074897600936,0.31158572264482154,0.004388531304856641,0,5.766497463133197,0.8543085060556056,0.8155689087006647,3418,16,18.877542998833697,2.629297374016775,3.008165019338204,7.0,11.035,0.0
360,4617.286124277281,45.006301465054946,0.7904347826086957,0.20782608695652174,0.0002898550724637681,0,16.850324549426443,0.8569730504289309,0.8731819688345505,3450,16,19.7311534349514,1.9726033283017415,2.411074440777411,7.0,7.976,0.0
361,4885.376563321858,55.16210742465713,0.7230902777777778,0.2732204861111111,0.0006510416666666666,0,14.149145675946421,0.8547535342831624,0.7943775915692539,4608,21,16.365059065060557,2.055094090480717,2.4111644657863147,6.0,12.526,0.0
362,2664.094690236875,54.31410874736451,0.586709886547812,0.4100486223662885,0.0,0,14.556892852992085,0.863660707091044,0.6338289245726564,5553,25,18.46400071397037,1.7021295428360779,1.9447513812154695,4.0,17.604,0.0
363,4574.144721491188,54.51551308757834,0.7098804279421019,0.28760226557583385,0.0,0,13.940864362787186,0.8738259941702173,0.7376068487187933,4767,21,16.923073356095333,1.5938733289786544,1.8735224586288417,4.0,11.732,0.0
364,-162.27129208647233,31.680609335883396,0.45717791411042946,0.5366871165644171,0.00049079754601227,0,10.203287110003957,0.8634088322301274,0.5486791445144602,4075,19,19.600187221503354,1.6702197111458001,2.3349436392914655,7.0,16.333,0.0
365,5970.663987418663,66.99292344109689,0.7320121406891626,0.2660239242992323,0.0,0,24.401529188604776,0.8759601725297389,0.7988090347155815,5601,25,16.699725382505306,1.3192855026250567,1.707560975609756,5.0,12.266,0.0
366,4867.235336583912,72.59022252273033,0.6430840311868322,0.3534507652324574,0.0,0,13.695109189961519,0.8597391443965899,0.6857679191482231,6926,31,15.828844842864175,1.8276685572472424,2.151998203861697,5.0,20.862,0.0
367,5388.2673602259265,66.19180823314672,0.6969905417024935,0.3000859845227859,0.00017196904557179707,0,19.92115995509895,0.8699492646215297,0.7648603891603852,5815,26,16.948464800861032,1.4536303616001425,2.005428077966938,7.0,14.894,0.0
368,5103.179806862185,69.82785539043647,0.6674922600619195,0.32972136222910214,0.0,0,22.45616691243729,0.8845785025817686,0.71217240739599,6460,29,17.62156529308117,1.3696193105644874,1.7919758812615956,5.0,16.959,0.0
369,3019.1044072801747,65.39605259280088,0.5816252362261957,0.41517662450937637,0.0,0,19.62127254897429,0.8643507831473107,0.6143467030229343,6879,31,17.13338786295234,1.4093067233464476,1.6625843539115222,3.0,20.894,0.0
370,1881.774353575233,63.189162875253345,0.5406813063063063,0.4567849099099099,0.0,0,18.668517258514903,0.8777434517181014,0.5713033914411279,7104,32,17.578703478659374,1.3437782129556939,1.473834938818016,3.0,22.829,0.0
371,3697.110046003147,41.712665867343034,0.728789186079954,0.26862237561115904,0.0,0,18.40865146096645,0.8685110846970318,0.799896202474273,3477,16,17.777631233860028,1.5189157293760829,1.888318863456985,5.0,7.969,0.0
372,4335.846005625008,71.30009893651493,0.6223556317895941,0.3737850200114351,0.0001429388221841052,0,18.386214249333925,0.8511862133095265,0.6731820609841896,6996,32,16.94421479311721,1.810265336173857,2.062700964630225,5.0,21.169,0.0
373,6215.807667500592,64.44646438941224,0.7592057065741277,0.23809523809523808,0.000385579332947754,0,18.458899788082487,0.8576550359096204,0.8257206386321356,5187,24,19.026432701193848,2.079567850153659,2.313610970035551,6.0,12.469,0.0
374,7814.458191872877,69.58589611095155,0.8501583531274742,0.1490498812351544,0.000395882818685669,0,18.307070043002113,0.8547969162114745,0.8861901275080606,5052,23,16.822787680815225,1.9501239187763961,2.0060535506402792,4.0,8.981,0.0
375,3669.536339153749,46.69472073337419,0.6875455207574654,0.3102694828841952,0.00048555474629764507,0,16.29854321156538,0.8615400201902668,0.7373424719947251,4119,19,16.784470079038428,1.8718441615646342,1.9809322033898304,4.0,10.66,0.0
376,6593.328402775152,72.69136695419182,0.7231867596949537,0.2725945156579588,0.0022716209638163234,0,13.518637775195328,0.8460890047212976,0.8078400400931042,6163,28,17.004169028195598,2.7882996789245693,2.940767332286291,7.0,18.463,0.0
377,5815.063350004629,66.24325572719853,0.7084507042253522,0.28538732394366195,0.002992957746478873,0,8.806406776220616,0.8590267946479548,0.8081460322120262,5680,26,18.75033913473188,2.953214071791856,3.103131212723658,7.0,17.691,0.0
378,4051.3265879262667,57.33946947535183,0.6522388059701493,0.34421641791044777,0.001119402985074627,0,12.161120572741842,0.8643561465777893,0.7057124792273554,5360,24,18.10269182906113,2.5337429317273643,2.5389016018306636,6.0,16.73,0.0
379,5490.701955271551,76.29749501570278,0.655148095909732,0.3394922425952045,0.0029619181946403386,0,11.002671730913075,0.8739602578420197,0.7128832725221885,7090,32,15.99319519560714,2.8808187486204107,2.5468245425188374,6.0,22.06,0.0
380,4078.852681698293,55.687497078342034,0.6600393700787401,0.33484251968503936,0.002952755905511811,0,11.93666764660869,0.8674234017285092,0.7314638285263757,5080,23,18.71236693676794,2.5445030407319438,2.4658514762898895,6.0,15.5,0.0
381,5902.901435502387,76.76125318625353,0.6781922525107604,0.31807747489239596,0.0018651362984218078,0,13.587820789921366,0.8679703360234741,0.7102632896219419,6970,32,18.17969831262289,2.5009385229853383,2.270150200973133,5.0,19.9,0.0
382,5686.927829657005,58.169945921411625,0.7678765485763964,0.22908063464464246,0.0010867202782003911,0,14.120897956983212,0.8672480203194451,0.832754534984928,4601,21,17.316182365049464,2.2883030040160928,2.0362298330031137,4.0,10.201,0.0
383,5929.743286226108,71.46544561237395,0.6956591126715608,0.2976380466007022,0.0028726460261729973,0,11.64063447811722,0.851527651663016,0.7633233244646855,6266,29,17.74361575473565,2.7059616623314975,2.5352144987382426,6.0,18.062,0.0
384,6467.697150959296,58.81062353365552,0.8322981366459627,0.16609155739590523,0.00046008741660915573,0,14.034278305260921,0.8577629398758657,0.874820716226535,4347,20,16.192251661143594,2.1813061224014847,2.239911553344389,5.0,8.808,0.0
385,8792.350200607347,87.33022599722484,0.7703703703703704,0.22745098039215686,0.0008714596949891067,0,16.359857519005235,0.8626287502495266,0.869650770965691,6885,31,18.78384698691398,2.9586900878842197,2.7494343891402715,7.0,17.893,0.0
386,5868.807126617396,68.37390822397685,0.7116104868913857,0.2858358869594825,0.0006809669731018045,0,17.254519234638003,0.8391184351279652,0.7811917671354407,5874,27,17.541773864084952,2.2600722817111207,2.2035885167464113,5.0,15.455,0.0
387,7105.077197802286,72.35778666778697,0.7649208282582217,0.2317730990081782,0.0017400382808421785,0,12.957050215183962,0.8425286536237337,0.8318980403517271,5747,26,18.266501609056995,2.703496564448225,2.600545950864422,6.0,14.825,0.0
388,4543.305166842815,47.70463259918636,0.7524598653547385,0.24313827032625582,0.001294665976178146,0,13.111805648468929,0.8451416804348388,0.8166195690304504,3862,18,18.38758047330451,2.3833866692518164,2.431520991052994,5.0,10.011,0.0
389,4693.407679484941,52.43733776515651,0.7164654976087451,0.27396948303347757,0.00614894101571396,0,9.425924681746096,0.8617957127773194,0.8230454726156787,4391,20,19.192299502358154,3.0272039397767894,2.9125874125874125,7.0,13.023,0.0
390,3852.021950145187,42.41820938705562,0.7332570120206068,0.2644533485975959,0.0005724098454493417,0,15.269068415540094,0.8511866099100814,0.8047120374297227,3494,16,15.261690836467324,2.322688801749771,2.4742388758782203,6.0,9.328,0.0
391,7174.960749087293,72.72020247505888,0.7572135905753798,0.23663991804678164,0.0025610380740993684,0,11.75682881179975,0.8641867080024639,0.8521103827900016,5857,27,16.430958614497186,3.102376589299237,2.950845546786922,7.0,16.597,0.0
392,2868.592852706568,45.91759297098536,0.6179245283018868,0.3775831087151842,0.0006738544474393531,0,10.893156677568001,0.8576927483952508,0.7154009406615491,4452,20,18.297514969625773,2.6670847634858115,2.796801163213377,7.0,15.077,0.0
393,4202.145569140757,56.21837249240114,0.6656862745098039,0.33,0.000980392156862745,0,12.188464018374514,0.8502310982206714,0.7409426174638452,5100,23,17.9709043113593,2.4206360983300597,2.35699558173785,5.0,14.921,0.0
394,6331.380780516217,78.05854593923823,0.6908803222094362,0.30422899884925203,0.00028768699654775604,0,13.914222170353469,0.8633512643659619,0.729859591789961,6952,31,16.55321267309931,2.5820556992915313,2.4701228398917343,6.0,20.342,0.0
395,4858.647861203553,48.55000508458956,0.772954485661668,0.22099447513812154,0.002630886608787161,0,8.789106005590705,0.8668272734375416,0.8570819029037732,3801,17,19.03234192386013,2.5149716126663826,2.602791014295439,6.0,9.72,0.0
396,4293.865806045147,44.278656428033614,0.7587482219061167,0.23669985775248933,0.001991465149359886,0,11.87483132270249,0.8713897417483208,0.8428790545486567,3515,16,19.190593051170683,2.435100209035576,2.5286839145106863,6.0,9.029,0.0
397,3942.237121604446,55.40598898354818,0.6559139784946236,0.34017595307917886,0.0011730205278592375,0,18.388013979561695,0.8550859405531389,0.7027218965498788,5115,23,16.74189480819858,2.0969660798676104,2.0533532041728764,5.0,14.651,0.0
398,5959.659729398656,59.82182508037216,0.7701467148628535,0.22517541994471613,0.001488411652136934,0,14.291445970809653,0.8572968215827711,0.8537011888948733,4703,21,19.136211186381654,2.509145520018863,2.5795140806184427,6.0,11.925,0.0
399,6818.376657875213,63.52820427374782,0.8077244258872651,0.1883089770354906,0.0022964509394572024,0,13.659903659655036,0.8599034473533619,0.8982965619900876,4790,22,18.456157209006577,2.622297407236482,2.5980873610752133,6.599999999999909,11.148,0.0
400,5107.584986507096,47.08766853915828,0.8290451686678102,0.17066895368782162,0.0002858776443682104,0,21.66637212592495,0.8576245994446519,0.8782434790681797,3498,16,17.785814801194444,1.5871854561632188,1.7210344827586206,3.0,5.871,0.0
401,4081.920501053175,48.468605797742505,0.7102490421455939,0.2868773946360153,0.0,0,18.537624045505172,0.8388010764931333,0.7674094354514671,4176,19,19.422047678180817,1.7923886078020268,1.9244774106540796,4.0,10.337,0.0
402,4762.467148316718,54.59447193800542,0.7155746509129968,0.2807733619763695,0.0008592910848549946,0,8.244693159525609,0.8445211150312217,0.7803901746176314,4655,21,18.605928225195758,2.269449376556498,2.5857099969978985,6.0,13.101,0.0
403,4495.483882832344,44.54401977232892,0.7781004937554459,0.21696195178623293,0.0011617775196049957,0,6.687021891749909,0.8398051113519305,0.8638048550159583,3443,16,18.72231631501616,2.1656767703697577,2.6461366181410972,5.099999999999909,8.781,0.0
404,6400.162968879575,56.87810037858171,0.8475845410628019,0.15072463768115943,0.00024154589371980676,0,22.15175899103125,0.8614745186018491,0.9020363420344221,4140,19,17.066153851371304,1.6546585239576108,1.957537760045597,5.0,7.122,0.0
405,7467.590689797368,74.1419829539919,0.7755102040816326,0.22208883553421369,0.0,0,13.72367088774313,0.8613495645712274,0.8484063002701612,5831,27,17.00117947407459,2.6041064827927416,2.6598850066342328,6.0,14.874,0.0
406,7288.961375926539,74.8582471408439,0.7631139325091881,0.2347143334447043,0.0003341129301703976,0,24.16752250930164,0.8673893809334254,0.8358545320997043,5986,27,18.667686850138026,2.1510224168051244,2.2620402802101576,6.0,14.333,0.0
407,4446.52211628282,53.963121802151846,0.6941902532453713,0.3021919557352628,0.00021281123643328368,0,19.281372322573972,0.8561501390704642,0.7839306328306126,4699,21,16.24529272194011,2.0077762055449333,2.3341508277130596,7.0,12.887,0.0
408,5065.119406593978,63.40931806035011,0.6903157147924796,0.30684639943242287,0.0,0,19.090993941490733,0.8506343829748109,0.7342742930345838,5638,26,16.013110743754623,1.9222167409727613,2.035971223021583,4.449999999999818,14.683,0.0
409,5604.529879650647,59.60086121379916,0.7512731717254023,0.245060093705439,0.00020370747606437156,0,16.367853433265616,0.857191354293918,0.7782742625019514,4909,22,16.924095519387553,1.8327000240309206,2.009761388286334,4.0,11.269,0.0
410,5119.886007519093,47.66428305065304,0.8168109466629433,0.1798380340686959,0.00027925160569673273,0,15.600467756311494,0.8642619184873933,0.8577763433299189,3581,16,17.56337229034899,1.8216564640729618,2.28,6.0,7.59,0.0
411,5740.81334213035,67.73267295906109,0.7124427092174503,0.2846715328467153,0.00016975046681378373,0,17.821942344888612,0.8372241263049439,0.7417954447842469,5891,27,18.574533368887167,1.7321323062836513,1.927805575411008,4.0,14.507,0.0
412,6748.486746076326,77.9841274883585,0.7147093712930012,0.28247330960854095,0.0001482799525504152,0,19.030010969412878,0.8494503515320718,0.7764295624148184,6744,30,16.249334080069648,2.1167575371413156,2.301452282157676,6.0,17.723,0.0
413,7015.818935433806,71.15929155655762,0.7694071983062809,0.22741707833450953,0.000529287226534933,0,13.041289840100152,0.8683465026173616,0.8081520450898823,5668,26,16.236230971817115,2.1437156324014306,2.3882137124512726,6.0,13.806,0.0
414,5128.564349741548,64.77377928808285,0.6875975715524718,0.3092801387684302,0.0005203816131830009,0,15.101159686702117,0.8743597432441693,0.7353682571476354,5765,26,19.54536607693411,1.8294455048263685,2.114026236125126,5.0,15.471,0.0
415,2866.8811012559154,53.79588342277656,0.6036151177651999,0.3932809932444769,0.0,0,14.112331403455462,0.8657605360531078,0.624810526121422,5477,25,16.804794097205583,1.5230644731066787,1.6715063520871143,3.0,15.979,0.0
416,3501.1493862987318,47.74502740949915,0.6662833486660533,0.3311867525298988,0.0,0,18.55220422863513,0.8615853661052425,0.7295082938493015,4348,20,15.06014163512965,1.5587116957730085,2.026234035208837,6.0,11.864,0.0
417,2948.115581146797,45.41230222405008,0.6335664335664336,0.362004662004662,0.0009324009324009324,0,22.098753735221194,0.8650664141115975,0.7272484820831899,4290,19,17.08573746336399,1.5120108779486892,2.123620309050773,7.0,12.731,0.0
418,7071.532001519135,75.09162639574853,0.7479806138933764,0.25008077544426494,0.00032310177705977385,0,15.950025261177254,0.8626338841778435,0.8005884652285217,6190,28,18.70257827328865,2.193756161438672,2.3833693304535637,6.0,15.597,0.0
419,5431.955007721815,54.89101743227071,0.775255391600454,0.22292849035187287,0.00022701475595913735,0,12.135901397333333,0.8811070686256893,0.8025122178085741,4405,20,17.9614495105453,1.830477642924064,2.084626647144949,4.0,9.669,0.0
420,3826.313906540919,45.28729530813064,0.7098606091894683,0.28600929272070214,0.0,0,12.348915892759273,0.8574742352354412,0.7688237866257951,3874,18,15.678536236403302,1.7318449569653922,2.142909090909091,5.0,9.953,0.0
421,5304.664173338679,62.33671906788212,0.709417712038944,0.2873993634150908,0.0001872308556450103,0,15.989867675590126,0.8667382881630485,0.7728481796729779,5341,24,18.29310168677697,2.08731077658668,2.2639218791237794,5.0,14.425,0.0
422,3881.428466086616,63.57156322945865,0.6218282368249838,0.3757319453480807,0.0,0,23.181370284659316,0.8709194604717329,0.6907280264779534,6148,28,18.798044414617017,1.8415934655386994,2.1140465602929637,6.0,18.761,0.0
423,7266.96778007444,66.38621118476927,0.8273845533373664,0.17019560395240976,0.0,0,18.62461208893731,0.8632740203922302,0.8684070864885512,4959,23,17.708431186077817,2.065666150245421,2.205215695832318,5.0,9.941,0.0
424,6996.456221213131,71.31116861781699,0.770891364902507,0.22719359331476324,0.0005222841225626741,0,14.621530283262414,0.8605063030250772,0.79989488237423,5744,27,19.47088545378155,2.1041107981956837,2.1373080397470643,4.0,13.144,0.0
425,5872.849133708927,53.00470000751008,0.8411431513903193,0.15705458290422245,0.00025746652935118434,0,16.499220675817416,0.8463078579228754,0.8744355752498031,3884,18,16.3978054743204,1.7281705565892245,1.8898071625344353,4.0,6.669,0.0
426,7330.480060924863,56.923230458001555,0.9520474137931034,0.04418103448275862,0.0016163793103448276,0,17.795377767142277,0.8525849834284979,0.9898950836070598,3712,17,18.16361936718073,2.073642381299468,2.122241086587436,5.0,4.676,0.0
427,5595.5501013821095,62.727424887836975,0.7240463085974568,0.2731068513949516,0.0003795786676788764,0,13.462671503548243,0.8438680770230337,0.797161851313619,5269,24,17.10932669934992,2.379642714411036,2.524246395806029,6.0,14.568,0.0
428,5131.334894297653,56.66158370916838,0.7299055613850997,0.2675760755508919,0.0,0,14.227293771555122,0.840758444121415,0.7868464268870926,4765,22,18.02894428793976,2.331118304922133,2.530764807360552,6.0,12.729,0.0
429,4631.186700987993,66.17741901640329,0.648583386992917,0.34771410173857054,0.0008048937540244687,0,14.46490474653702,0.8598896824196154,0.713074428698992,6212,29,18.35313086336727,2.368516914732933,2.486969471332837,6.0,19.365,0.0
430,5484.116452702657,75.03224769441599,0.6616552119129439,0.33591065292096217,0.000286368843069874,0,14.201012434766934,0.848939258220805,0.6993093172831248,6984,32,17.440621125271633,2.35822665450757,2.37935511793984,5.0,20.818,0.0
431,6144.329750245892,56.11996887962098,0.8206863218946351,0.17689705171580475,0.0007249879168680521,0,14.625507907503106,0.8504016197008911,0.9008376874694473,4138,19,18.005137273264843,2.4019311127229686,2.785924617196702,7.0,10.078,0.0
432,5000.232954749299,61.80334366151606,0.6936755270394134,0.30320806599450045,0.0,0,21.560316528170993,0.8581523272424568,0.7445200816041644,5455,25,14.848754739593078,1.90798308725804,2.0383192389006344,5.0,14.422,0.0
433,4896.718380092304,49.9518201230546,0.7620010106114199,0.23496715512885297,0.0,0,10.505482853346415,0.8570124332543334,0.8537562845126402,3958,18,17.11861584664718,2.3176019826335286,2.7171750663129974,7.0,10.677,0.0
434,5881.635971754111,63.30128808008351,0.7412878787878788,0.25492424242424244,0.0003787878787878788,0,11.801999632075184,0.8616716080945926,0.7990483391159767,5280,24,16.930503100548734,2.2956850171096486,2.5378129790495656,5.0,14.265,0.0
435,3314.0389452722848,42.31212677031278,0.6855227882037533,0.3112600536193029,0.0,0,16.602682162785563,0.8534253011083298,0.7543053716851639,3730,17,17.481615470192985,1.6152074877343006,1.9096597575283536,5.0,9.587,0.0
436,6244.7197439182555,66.03553396885309,0.7531914893617021,0.24347826086956523,0.0005550416281221092,0,20.980680318832103,0.8513033712593445,0.7838950817936748,5405,24,17.828355611227895,1.9115881877528818,2.0756570867108817,5.0,12.541,0.0
437,8300.954064229516,66.19407333838714,0.934156378600823,0.06378600823045268,0.00022862368541380886,0,24.162465286624588,0.8473715641251699,0.9663676624828438,4374,20,15.707948261721166,1.7517981217459213,1.7912383749388154,4.0,4.8,0.0
438,6700.1163562051315,80.94308913041931,0.6995252722703156,0.29768221167271713,0.0006981290142418319,0,20.294646316616863,0.8462292903773311,0.7565087189053357,7162,32,16.960964387874412,2.2326947345958517,2.3233532934131738,5.0,19.708,0.0
439,4215.050235775468,68.01519187334948,0.6272699757869249,0.37091404358353514,0.0,0,22.569744025689484,0.8441242973147823,0.6770146406925458,6608,30,18.049571448824587,1.8828585365761268,1.9942098914354645,5.0,19.783,0.0
440,6091.242128030909,53.48046705103649,0.8605207226354942,0.1373538788522848,0.0,0,21.48542974956839,0.8504898454564589,0.9271367127615594,3764,17,16.99383868262855,1.8172566827035026,2.0049397962334052,4.0,6.213,0.0
441,6419.914546938216,78.0345213683122,0.6952422396286626,0.3005512039454598,0.0002901073397156948,0,22.785852488124224,0.8425670325999121,0.7614396056383387,6894,31,17.237445582202607,2.1428644521232147,2.2574587940746924,6.0,19.033,0.0
442,4764.085662715835,49.69693764201233,0.7595381526104418,0.2382028112449799,0.0,0,18.895232508793573,0.8641378669685825,0.825092535472788,3984,18,15.492566439274679,1.829112626742068,2.0482485128883012,5.0,9.044,0.0
443,4433.672371470894,57.17283368876814,0.6785574284594277,0.31928655429243435,0.0,0,11.302224269893992,0.8401285609518768,0.7349949081940608,5102,23,20.263367958304997,2.0968352856678876,2.3694396302715193,5.0,15.08,0.0
444,7561.833671610971,79.93751307022941,0.7464958553127355,0.24958553127354935,0.0006028636021100226,0,16.086301428773467,0.8366932940869256,0.8017222934431731,6635,30,16.67965739214564,2.318906417876112,2.4256006460730872,6.0,17.014,0.0
445,5194.595510158928,57.987779254732075,0.7297241663235899,0.2665706051873199,0.0016467682173734047,0,12.100261736584354,0.8361139445515536,0.7725050596045212,4858,22,16.30951816499074,2.03280232616371,2.365303244005642,5.0,12.934,0.0
446,7915.332619416344,84.64986592319222,0.7367215461703651,0.25969935576234787,0.0010021474588403723,0,11.642516546430151,0.8468840213135514,0.8348537647978372,6985,32,14.553723961679047,2.7747516491785653,2.896424407306646,7.0,20.337,0.0
447,6943.999811796045,70.0865637437609,0.7725306416726748,0.22458543619322277,0.0007209805335255948,0,15.10627882273603,0.8444135460850332,0.8249271951077904,5548,25,15.80995284271607,2.3156828562718896,2.4234717685487634,5.0,13.728,0.0
448,6756.13872929412,74.13756826969268,0.7306261122795664,0.26759424041417246,0.0006471444750040447,0,12.531940951474414,0.8543106597697743,0.8030110684326534,6181,28,16.278407156907342,2.5518338745420883,2.7059344552701505,6.0,17.215,0.0
449,7288.5203811193915,66.37945976069213,0.820955439582497,0.17583299879566439,0.0010036130068245685,0,10.23145011710784,0.8377251783707997,0.8927288782826704,4982,23,17.44648137533099,2.554584548896768,2.869926650366748,6.0,12.304,0.0
450,3497.880334948847,56.04794385970457,0.6233480176211453,0.3738986784140969,0.00018355359765051394,0,15.040485057574992,0.844053958726995,0.6893535456571305,5448,25,18.88805447120631,2.048151190783877,2.5424028268551235,6.0,17.704,0.0
451,6510.260658783981,78.59347694202843,0.7021276595744681,0.29454334925459547,0.0002894774931249095,0,17.50759340436553,0.8507357571656167,0.7368643399164206,6909,32,16.65782588292227,2.0424935837712814,2.1552257266542982,5.0,18.399,0.0
452,7115.06928581514,71.46742649761077,0.775593340417995,0.22192702798441374,0.0,0,21.655045581847826,0.8472942797210563,0.8298699786698269,5646,26,14.943880884866413,2.0545111983551663,2.1849737382964145,5.0,12.93,0.0
453,8892.832998531609,88.50670748074513,0.7669575007036308,0.22910216718266255,0.0007036307345904869,0,11.803113389853404,0.8338066315419229,0.854834395658936,7106,32,16.927545052310464,2.915640996663288,2.9504587155963304,6.0,19.571,0.0
454,6740.595074766251,66.57889465089914,0.7786885245901639,0.2167365611894777,0.001715592832634388,0,9.993232709071469,0.8487823956750644,0.8368909036431998,5246,24,17.16174420585579,2.497333229944496,2.6871481028151774,6.0,13.59,0.0
455,5740.032964529393,52.11881141582496,0.8345705196182397,0.16436903499469777,0.0005302226935312832,0,14.086618322605647,0.8611701702511546,0.9074646504237666,3772,17,16.042213353593358,2.002536435539194,2.2766836086404068,5.0,7.557,0.0
456,4743.12833722394,61.17428815363917,0.6775836972343523,0.3185953420669578,0.0009097525473071324,0,13.900656120431542,0.8637290631016549,0.7401366286672996,5496,25,16.80414600845933,2.1338431624399874,2.3759398496240602,6.0,15.687,0.0
457,5838.453623586579,54.914823549952445,0.8114478114478114,0.18734968734968735,0.0,0,13.264024720847916,0.8666233626622443,0.8582900426409467,4158,19,17.277757332678462,2.0373617741308507,2.3503260225251927,5.0,9.291,0.0
458,566.9349998321534,45.715647015111216,0.49557202241098863,0.5000903668895716,0.0005422013374299657,0,19.85497437461144,0.8578271903526083,0.5700331764932979,5533,25,16.876094157406442,1.7175016901478475,2.0331874544128374,6.0,20.612,0.0
459,5673.509215333478,58.51529720881372,0.7629042621546369,0.23431141572071107,0.00042835724994645533,0,16.32649896736191,0.8525911446527905,0.8066998220901568,4669,21,16.987087388704126,1.9813693390507356,2.295901179112858,5.0,11.334,0.0
460,6695.658297560699,79.90058627047203,0.7014903983949555,0.29607337345944396,0.00014330753797649757,0,12.950805131260932,0.8503016437895938,0.764972737005697,6978,32,15.111204119744151,2.3753523857269743,2.5199182839632277,6.0,19.995,0.0
461,4123.353541530933,43.899486302066805,0.7494292237442922,0.24743150684931506,0.0,0,14.401208472321494,0.8691046226885281,0.8488667114297259,3504,16,17.092332603159008,1.7251325754771618,2.1976389946686976,7.0,8.509,0.0
462,5664.834362556563,56.11589501087334,0.7852333931777379,0.2114003590664273,0.0,0,16.232074923375464,0.8611110676639423,0.8005636508046706,4456,20,15.853910972200802,1.6436515920200807,1.9628465275793083,4.0,9.251,0.0
463,2897.6146510386216,47.295075624039434,0.6224917309812569,0.37508269018743107,0.0,0,14.887110360451267,0.861714619859304,0.70598771931954,4535,21,19.583195402559117,1.5488874187345936,1.9259652851576337,6.0,13.305,0.0
464,4854.990471356959,55.30646330156772,0.7276239536381197,0.27001502468340843,0.0,0,16.530805559428586,0.8600716386126068,0.7550564964927974,4659,21,16.921638105919243,1.4144639254479658,1.6890855457227139,3.0,10.455,0.0
465,5704.547781350781,64.86323720623713,0.7238095238095238,0.27380952380952384,0.0,0,19.74789697960261,0.848191601655289,0.7778205663553327,5460,25,17.597643365912898,1.5775533674983424,2.0867914979757085,6.0,13.41,0.0
466,6126.837660144392,61.02720143111276,0.7829554995801847,0.21515533165407222,0.0,0,27.044963962217928,0.8477927490793103,0.8469074435135129,4764,22,17.064647467786273,1.5896451554444673,2.0772117962466488,5.0,10.197,0.0
467,5383.407518094664,71.99214697394821,0.6736174070716229,0.32290722272589906,0.0001511030522816561,0,21.568984955701804,0.8544154633073461,0.7099353861527755,6618,30,18.24084039896323,1.5839192547928946,1.8476895468820098,4.0,17.358,0.0
468,5862.824501160878,64.65670711054939,0.7349530646051905,0.2624700901895822,0.00018406037180195104,0,23.68525331480834,0.8662710869092864,0.7847067745121385,5433,25,16.513614294419,1.5952213086219322,2.0418231905835214,6.0,12.819,0.0
469,4793.623609490072,49.62628069517114,0.7640192844455722,0.23420451662014716,0.0002537427048972342,0,23.660636085771568,0.855459782305739,0.8409890404414526,3941,18,18.420186667089894,1.5504552994606944,2.141149119893723,6.0,9.075,0.0
470,5363.553566095789,70.16954462891923,0.6761274046042258,0.3196152633238726,0.0,0,23.92057517945215,0.8517134867201958,0.7299041834869747,6342,29,17.392201310446254,1.696756611192817,2.096315298507463,6.0,17.352,0.0
471,6715.269410714316,66.08999787179819,0.7918692861311029,0.2059910523244505,0.0,0,26.189786620234873,0.8522282292688447,0.8117752498457866,5141,23,17.36705139662257,1.5992957524540388,1.7757307786784573,4.0,9.752,0.0
472,4233.6718063553735,57.569321627591215,0.6631299734748011,0.332701780977643,0.0009473285335354301,0,14.57868470529016,0.8567355111527531,0.7355351930044596,5278,24,19.412264417699816,1.9051990383742503,2.3688571428571428,6.0,15.548,0.0
473,6681.883238991993,55.0512173986391,0.9030883919062833,0.09558040468583599,0.0,0,19.720457768233807,0.8608083074164018,0.9333914518410381,3756,17,17.317904140611247,1.8132812771919138,2.1170400943396226,5.0,5.692,0.0
474,5943.951365715893,71.10575853829822,0.7040257648953301,0.29307568438003223,0.0,0,14.157370132878999,0.8611261017259619,0.7484485414193158,6210,29,20.62040031376508,2.037554757434552,2.262580054894785,5.0,17.043,0.0
475,7071.30703876873,81.13684486821518,0.7186159565341721,0.278381469831284,0.0005719187875321705,0,15.750960892740025,0.8494184240288866,0.758858045607326,6994,32,16.461715833926267,2.2309125722707006,2.3754476721050537,5.0,19.183,0.0
476,5901.255086633707,74.8060905118047,0.685124703087886,0.3122030878859858,0.0,0,15.40910079551422,0.8632879063042859,0.7406599122268411,6736,31,15.899096032590284,2.0217104212955346,2.277789815817985,6.0,18.933,0.0
477,4050.5648012448946,54.604693958695314,0.6699702675916749,0.32626362735381564,0.0,0,10.836975076436403,0.8495850067261773,0.7050068474499375,5045,23,18.287095421483386,1.7991965338899365,2.1227810650887573,4.0,14.342,0.0
478,7111.977699651555,72.08030488752371,0.7735457063711911,0.22454986149584488,0.0,0,15.797199394159367,0.8723918236013783,0.807438383880485,5776,26,18.821289804102058,2.050099055370884,2.1242166517457477,4.0,12.907,0.0
479,3962.7211554958744,59.58030851325154,0.6425205096875546,0.3541630301972421,0.0,0,17.37021623682804,0.8579337984813845,0.6889740575526044,5729,27,19.101677349951338,1.74602065917299,2.047269763651182,5.0,16.802,0.0
480,4528.440694132448,56.84782059143717,0.6886120996441281,0.30782918149466193,0.00019770660340055358,0,17.24735026039666,0.8665200368456702,0.7435406561327581,5058,23,17.271054023369842,1.8421342697678154,2.1165661785816825,5.0,13.782,0.0
481,6989.9769717579275,79.534690507328,0.7186025943396226,0.2787441037735849,0.00029481132075471697,0,17.08900239486497,0.8493209324159994,0.7766150684464477,6784,31,18.39969473115487,2.2465298672921143,2.4276923076923076,6.0,18.752,0.0
482,3008.158145259162,59.04401877038953,0.5953851153721157,0.4021774455638609,0.0,0,19.516382477921866,0.8741558007630681,0.6392155749606533,6154,28,17.112266529123108,1.6739623276273565,2.027292576419214,5.0,19.499,0.0
483,6863.995079854423,75.00415636804979,0.7370020796672533,0.2599584066549352,0.0007998720204767237,0,16.4922169939878,0.8486159401392233,0.7894143156307233,6251,29,20.401498984158813,2.1828954789100727,2.3928803993922294,6.0,16.179,0.0
484,5081.1355787103685,68.35796872460476,0.6695638432364096,0.32664348925410874,0.0,0,19.436899907808534,0.8609954506857685,0.7018662982987107,6328,29,16.918188578993387,1.7252585541861405,1.8952088742034459,5.0,16.974,0.0
485,3255.7790657661462,59.17169181049541,0.6091514143094842,0.38885191347753745,0.0,0,19.1879218637185,0.8502469638322327,0.635011580599372,6010,27,18.29203158740299,1.5343752568083078,1.7246653919694073,4.0,17.38,0.0
486,4474.661973908046,44.76832931226225,0.7832624113475177,0.2153191489361702,0.00028368794326241134,0,17.76750698289578,0.8477817271653667,0.819981974451108,3525,16,18.131017283092916,1.5057119106540118,1.7526258601955813,4.0,6.996,0.0
487,5338.544265779829,53.378656585234985,0.7767060525681215,0.2204002893658066,0.0004822763443453099,0,19.695068403693575,0.8496326051307237,0.8804581048147918,4147,19,19.741303109536503,1.8035957193534025,2.1946600434647623,7.0,9.19,0.0
488,8125.456260229606,67.9720601086069,0.8897338403041825,0.10709759188846642,0.0,0,21.279727922861337,0.8441303865606227,0.915592517094132,4734,21,18.138808752810952,1.9048949007476197,1.9952516619183285,4.0,7.214,0.0
489,5275.2436460097415,54.53875709448807,0.7610478359908884,0.23712984054669703,0.00045558086560364467,0,17.52561239918418,0.8543358024377438,0.8302157089993872,4390,20,17.60173122827542,1.9538265822768217,2.336126908111344,6.0,10.665,0.0
490,8334.913797663097,78.28418240459332,0.8043225270157939,0.1936824605153782,0.00033250207813798836,0,13.807105633946628,0.8330757021611216,0.8642082641148539,6015,27,17.314340285475062,2.5008543463898802,2.6717651922281935,6.0,14.798,0.0
491,4822.099941523223,54.64667136130293,0.7258309797957854,0.27112752552683034,0.0,0,19.164621442717767,0.854892769965459,0.7684428782125501,4603,21,17.203123684879372,1.7940353109925469,2.1068542352589046,5.0,11.518,0.0
492,7834.33831803932,84.65423822541143,0.7404418011894648,0.2564429340130275,0.0,0,19.957604176924267,0.853370219254033,0.7809171810535322,7062,32,20.02532687579236,2.3454954644736805,2.345190284949321,6.0,18.16,0.0
493,4107.953092837037,52.3639758912009,0.6773568661213948,0.3189840723202755,0.00043047783039173483,0,17.629733039725586,0.8695344574023958,0.7738969822140066,4646,21,15.994013220969219,2.2729835470676014,2.762313314267556,7.0,14.218,0.0
494,3557.4239233902013,62.77052617897226,0.607780612244898,0.3882334183673469,0.00031887755102040814,0,15.445761673417735,0.8701061709909352,0.6575005604214341,6272,28,20.075280039825635,2.070448248016707,2.180745015739769,6.0,19.946,0.0
495,6230.530326714222,61.536929149873174,0.7876783130039281,0.2104610295637792,0.0006202191440975812,0,15.583201835750826,0.8760005732648651,0.8168811679123328,4837,22,18.699761754258013,2.007082124511432,2.0664041994750657,5.0,10.337,0.0
496,6365.755434762766,66.17947877713962,0.7574901074053138,0.23949500659506312,0.000942151874882231,0,20.042352458079876,0.8750125346943689,0.827339898183271,5307,24,19.195187363593732,2.182518109327449,2.2296019900497512,6.0,12.566,0.0
497,3413.4158303459058,55.540939163530524,0.6281296023564065,0.36855670103092786,0.0,0,18.39564165046622,0.8674492676889557,0.6574226407869156,5432,25,16.064446700664952,1.7863324771879652,1.7365181711606097,4.0,15.463,0.0
498,5455.692428153776,75.22059239947806,0.6608061749571184,0.33633504859919955,0.0002858776443682104,0,12.999159508455161,0.8880842220955572,0.7001531614419341,6996,32,14.851285710234334,2.341263496822018,2.318840579710145,5.0,20.9,0.0
499,4412.685853748921,57.596870374293346,0.674765639946432,0.3219820164530323,0.0,0,14.867878468815196,0.8574834772445553,0.7306403285821687,5227,24,17.8406110992294,2.1678174369116623,2.3555429543521407,6.0,15.273,0.0
500,5553.7084842974755,55.1448827825412,0.7744501637810014,0.22157229761347683,0.0018717828731867104,0,12.77860554198855,0.8628207874559434,0.8692040456836475,4274,20,19.26282757384751,2.5232333344051794,2.6386706948640484,6.0,10.878,0.0
501,3256.6158172953874,52.907435264002046,0.6220975232198143,0.375,0.0003869969040247678,0,15.572778084128625,0.8511978675397127,0.6874521028234611,5168,23,17.93408192822152,2.076034555732902,2.231104199066874,6.0,16.322,0.0
502,6558.80359760395,59.180159934255144,0.839183298921771,0.15783436568020187,0.00022941041523285156,0,12.284100209254792,0.8568793370970054,0.8543030231271608,4359,20,17.626642652679664,1.921846989077915,2.0248769819573536,4.0,7.961,0.0
503,5534.40140846909,48.66594153072139,0.852957906712173,0.14448236632536973,0.0002844141069397042,0,14.231095292295965,0.8561285874140072,0.8951459995472022,3516,16,17.15967118325061,1.9208784019966902,2.1397132377459154,5.0,6.38,0.0
504,6093.750363122276,59.876850808107406,0.7825618945102261,0.21420882669537136,0.00021528525296017224,0,14.867093349508519,0.8514470649031648,0.8477386097111923,4645,21,15.892607625948243,2.2305545305678436,2.404951856946355,5.0,10.917,0.0
505,6508.2420748792265,76.99204711046363,0.7031482031482031,0.294030294030294,0.000594000594000594,0,10.916363928046982,0.8790548977031671,0.7620064096163478,6734,30,17.298939574578398,2.6222171354142203,2.6747624076029566,6.0,19.951,0.0
506,6062.747711470284,71.51615113439908,0.7037933817594835,0.29265536723163843,0.0008071025020177562,0,11.287949316116858,0.8687017978258199,0.7732247291499464,6195,28,16.962726153811445,2.661072740527383,2.655275229357798,6.0,18.095,0.0
507,5292.944933657528,55.99372864314036,0.7427195095248522,0.25224436172542153,0.001532734836873221,0,8.511612231932121,0.8597900580737806,0.8288214870558318,4567,21,16.986486185656545,2.6286683665110755,2.8611438679245285,7.0,13.078,0.0
508,3711.136910309422,55.27503694720561,0.6380988738308837,0.3586562321053636,0.0,0,10.699180378689672,0.862756412181826,0.7124402268576381,5239,24,18.363152470377507,2.4340780357258898,2.6192043075082263,6.0,16.958,0.0
509,4869.043005845957,70.0942517127947,0.6445956160241875,0.35147392290249435,0.0007558578987150416,0,8.441023706643712,0.8646858320667339,0.7082278690086709,6615,30,18.99308249422716,2.7205501004853567,2.5727016885553473,5.0,21.265,0.0
510,6646.376025815638,77.08554575428002,0.7126419379258138,0.2829674489023467,0.0004542013626040878,0,12.185051500763961,0.8668833731039711,0.7444225776644099,6605,30,17.825464878131974,2.5550829080516944,2.385171021882303,5.0,18.085,0.0
511,6873.575052589107,55.75539789550867,0.9212938005390836,0.0784366576819407,0.0,0,14.96162594256506,0.8651197885978815,0.947171438607844,3710,17,15.144427836264338,1.9133153627100148,2.053540081919251,4.0,5.26,0.0
512,7794.732047534299,73.6760668650438,0.8069862769559794,0.1905186241311709,0.0008911067545891997,0,13.635625500608842,0.8677694476643166,0.8485321850738333,5611,26,17.363310845004484,2.5684497423384536,2.4553886925795054,5.0,12.892,0.0
513,6472.606089057645,66.83471142252453,0.7596296296296297,0.2364814814814815,0.002037037037037037,0,14.142991287200138,0.8553473566971552,0.8040732470558761,5400,25,21.159886722964675,2.430812829203261,2.4707459775719163,5.0,13.745,0.0
514,5888.790212241968,57.84052827116316,0.7850613154960981,0.21137123745819397,0.0011148272017837235,0,11.28850096927843,0.8652157138902633,0.8388146328878818,4485,20,18.905123274862632,2.3884144250447163,2.6117580232888384,6.0,11.273,0.0
515,5301.88961433832,68.13263035690338,0.6844075520833334,0.3116861979166667,0.0003255208333333333,0,18.512731168715092,0.8697082994821614,0.70405403940168,6144,28,20.324553331154014,1.995947137976286,2.002140309155767,4.0,16.458,0.0
516,7322.5840062557845,65.90615571359317,0.8371757925072046,0.16055990119390695,0.0002058460271716756,0,18.343575006711596,0.864899389632704,0.8814933010477751,4858,22,15.98924790216684,2.076743473444426,2.1435947873125154,5.0,9.22,0.00020580366330520683
517,5822.917909037071,50.60546499307271,0.8666666666666667,0.12997198879551822,0.0008403361344537816,0,25.348248144608366,0.8599395823334857,0.9187022768343932,3570,16,17.377987282250068,1.5956038084135984,1.8561732385261798,5.0,5.445,0.0
518,5699.174720238459,63.297426223752275,0.7370123691722169,0.2608943862987631,0.00019029495718363463,0,21.37762595166628,0.8441864374089111,0.7695658999939016,5255,24,16.93518079973772,1.6449234393832395,1.7350890782339272,4.0,11.71,0.0
519,6302.933886627317,58.9949186572511,0.8095130237825594,0.18799546998867497,0.00022650056625141563,0,13.640825870856048,0.8609285476183164,0.9039375798506375,4415,20,15.918930712831713,2.19698762975568,2.3528259653049806,6.0,9.586,0.0
520,5248.285748250122,65.41907831624492,0.6889155799588195,0.3086822237474262,0.00034317089910775565,0,14.875230738321006,0.8326411813344691,0.727075246329511,5828,26,20.310632295577793,2.1595860529509774,2.3877957658779576,5.0,16.676,0.0
521,4790.733883127739,67.56494284582034,0.6539193906696287,0.34084417645192,0.002221516978736909,0,12.07339592658961,0.8422574357931206,0.6945980723382698,6302,29,18.497010721254487,2.4054696678246135,2.568308662945887,6.0,19.775,0.0
522,3853.797682672922,51.32407152014759,0.6715454154111064,0.32587171760654327,0.00021523891519586742,0,11.550357484837601,0.8465066673010931,0.7192067355301525,4646,21,15.813399124663725,2.110162458075627,2.4278846153846154,6.0,13.804,0.0
523,7856.693822555863,64.95860075365601,0.8890611160318866,0.10739592559787423,0.001771479185119575,0,9.748352938671935,0.8360605497613002,0.9479500738930754,4516,21,17.273477279146466,2.633584714118229,2.8453300124533003,6.0,9.789,0.0
524,6911.914308734517,58.136926741864904,0.8840943301555444,0.11364776718514802,0.0002508780732563974,0,15.394814784177338,0.8445082756336778,0.9457808815934637,3986,18,19.68346441327843,2.309624356696188,2.644154370034052,6.0,8.15,0.0
525,4902.58202077329,48.681195486279385,0.7763332448925444,0.22048288670734942,0.0010612894667020429,0,12.749874838395158,0.8457350900447955,0.8770571950153873,3769,17,16.70506806164837,2.184447143093853,2.5580997949419,6.0,9.226,0.0
526,8270.471065383605,74.64386682272584,0.8303346527527887,0.1658870097157251,0.0008996041741633681,0,14.418121666270636,0.8536082336059964,0.8821109936973867,5558,26,18.99271666522445,2.3701259538061143,2.448537378114843,5.0,11.988,0.0
527,6301.556222602457,70.98246435296569,0.7217145705266655,0.27645788336933047,0.0,0,17.68577066202605,0.8422599997366964,0.7967931774484565,6019,27,18.975848583740063,2.183393009461917,2.465009208103131,6.0,16.17,0.0
528,6334.550275073448,78.41604621495884,0.6911218955181273,0.30516699971453043,0.00028546959748786756,0,11.292185496762055,0.8518613136926179,0.7157025483407391,7006,32,18.136644140505073,2.247338662304189,2.442379182156134,5.0,20.324,0.0
529,6691.28269437657,62.76049371157853,0.8193823216187434,0.17976570820021298,0.0,0,25.354027581956853,0.8501840255480788,0.8492908066223245,4695,21,17.41658830869096,1.588240871783769,1.8299974005718742,4.0,8.398,0.0
530,5335.7285807965945,72.09039597956361,0.6681756450882752,0.32910819375282935,0.0001508978421608571,0,20.76766778055937,0.8318601497784063,0.720808792464421,6627,30,17.124212594125147,1.8033311077032494,2.0528455284552845,5.0,18.256,0.0
531,7477.9592735671295,71.1022332900984,0.8070596932175199,0.19164664572167806,0.0,0,21.394975020397986,0.8401261360777059,0.8478586391714266,5411,25,16.133119984735004,1.9372077038607995,2.1486146095717884,5.0,11.265,0.0
532,5361.538791592363,52.847204873928355,0.7878197320341047,0.210231425091352,0.000243605359317905,0,20.138112146786366,0.8286827905429448,0.83977834474281,4105,19,16.23200268050821,1.7936023390380602,2.2210884353741496,5.0,9.191,0.0
533,5771.807962422463,65.2320752689697,0.7267148014440433,0.2712996389891697,0.00036101083032490973,0,15.84318350467326,0.8454711135744459,0.7663745028380989,5540,25,17.036424489812703,1.9752770024635913,2.258569299552906,5.0,14.453,0.0
534,6164.7715136395045,70.15917184101424,0.7222315577213914,0.2747437405478071,0.00016803898504453034,0,19.37008294851691,0.8447001249962446,0.7571602172559984,5951,27,17.879344681626403,2.031891168839289,2.302233597021871,5.0,15.892,0.0
535,3079.3921844606552,42.53990342571275,0.6645194537490338,0.33084256634887915,0.0002576655501159495,0,14.668764894841361,0.846896491768657,0.7008262031460795,3881,18,18.782187743008343,1.2887726695878923,1.7056998836758432,4.0,10.089,0.0
536,5580.671869078894,74.00401656521865,0.6747882929728124,0.32268607933442284,0.0,0,26.78702394148438,0.8571397365885974,0.7140649198328812,6731,30,16.009297750981133,1.6375956629423452,1.9132540730955525,5.0,17.613,0.0
537,7320.159603506847,81.87014099939992,0.7294713975380159,0.268356263577118,0.0001448225923244026,0,20.726879760667266,0.8543486794158089,0.7783323422943923,6905,31,18.21655359135965,2.0498942656738204,2.1899940440738535,6.0,17.446,0.0
538,5227.664182189144,71.55718053094813,0.665050015156108,0.33222188541982417,0.0,0,25.811246426066397,0.8696600353667079,0.7184341600340965,6598,30,18.193995197789913,1.7203891079280351,1.9744758432087512,5.0,17.863,0.0
539,4492.485896293146,66.21190361385837,0.6494125119085424,0.3480469990473166,0.0,0,17.191341041690368,0.856390405545002,0.6687059871471269,6298,28,17.77246429182528,1.6659409070792657,1.960880195599022,4.0,18.045,0.0
540,4825.059426330122,73.73397657484566,0.638119585286181,0.3590399091038205,0.000142025280499929,0,17.67602453463573,0.8508162732346624,0.690017122795482,7041,32,17.33955368856075,1.8225234540750432,2.027375918094814,5.0,20.805,0.0
541,3490.891939840712,60.83724413009219,0.6127715172301159,0.3821656050955414,0.0006532745386248571,0,13.401618442147502,0.8772599076536283,0.6487820180109649,6123,28,18.763739596363003,1.7248184903096868,2.048507462686567,4.0,18.956,0.0
542,3423.45472736413,42.54240075532944,0.6895150365754538,0.3085884584123544,0.000541858574911948,0,14.906345102946359,0.8845721414051344,0.7818677339125397,3691,17,17.334747649119254,1.7910836016875624,2.520628683693517,7.0,10.694,0.0
543,5244.249810359921,57.24150794356428,0.7438434013891813,0.2532098505577773,0.0,0,20.89550274416122,0.865850346675387,0.7655275216552696,4751,21,16.51033954452049,1.4382440703587025,1.687040181097906,4.0,10.102,0.0
544,5546.543182716526,73.30237779215372,0.6753188964698903,0.32201127261940077,0.0002966478789676654,0,22.013712429420977,0.870032041994969,0.7162876136654556,6742,31,18.823664572900007,1.8373574523310205,2.0336042169997803,5.0,18.264,0.0
545,5992.103888046019,58.01012012737421,0.802088061733999,0.19677712210621878,0.0,0,22.739391363300303,0.8527083900076138,0.8572662903380894,4406,20,18.847529043393642,1.3806910682702689,1.6723259762308997,4.0,7.737,0.0
546,6747.851032331113,58.38431274595714,0.8695756413330137,0.12946535602972908,0.0,0,19.236082786596302,0.8597163136873177,0.896181652501969,4171,19,17.978156080384842,1.567868121283313,1.7775020678246485,3.0,6.043,0.0
547,8404.807903928853,73.94454880631567,0.8531990300317105,0.14437604924454392,0.00018653236336504383,0,21.521639403676964,0.8743426358165666,0.8990855442042379,5361,24,17.844547751374606,1.9212589817231305,2.089855706165282,5.0,9.435,0.0
548,6894.032881791688,71.88851721025566,0.76008930104757,0.23767817276318048,0.0001717327837884252,0,23.852319106747466,0.8614422060617524,0.8148544970683347,5823,27,17.55262858721839,1.79170120342542,2.019204699502937,5.0,13.137,0.0
549,5805.729116101747,56.61288145130772,0.7935811590856615,0.20364811821750173,0.0,0,30.44214959742897,0.855375973062339,0.8632949286110084,4331,20,17.59987273580269,1.5191957571365515,1.9717777131219087,6.0,8.677,0.0
550,5659.132448970654,74.60497745820425,0.6713194240376139,0.32559506317954745,0.0,0,20.35831967461991,0.8507223384791665,0.7441495324779012,6806,31,16.84907577814012,2.123423582520341,2.289560078791858,6.0,19.483,0.0
551,7129.037380472357,69.98314784956804,0.7824490545254268,0.21461354874242702,0.0007343491830365339,0,24.265055300402626,0.8623984055432921,0.8689336290217232,5447,25,16.341795302309954,2.139940149835353,2.4084936649460347,6.0,12.746,0.0
552,7001.041267365934,74.98037836128243,0.7389409105586051,0.25702292541168875,0.00048433968356474005,0,18.27311014038203,0.8566069556389642,0.8169772081445128,6194,28,16.97064250552886,2.4847950783038,2.662442648022722,6.0,16.987,0.0
553,4568.173122259003,56.199036438002636,0.6974004874086109,0.299553208773355,0.0006092607636068237,0,17.1034048195362,0.8545026149782428,0.749017686750856,4924,23,16.74301635343985,1.7338980466148823,1.9580663948747816,5.0,12.546,0.0
554,5858.607878665743,72.55809418091724,0.6936032138442522,0.3046971569839308,0.0,0,18.03924119529381,0.8446260384306588,0.735454755389538,6472,29,17.571718374543156,2.020846596082393,2.114724883047449,5.0,17.132,0.0
555,4785.187013670556,50.57959740196255,0.7509051412020276,0.2440260680666184,0.0002413709872073377,0,15.544141858291319,0.8558758963147646,0.8171616259018185,4143,19,15.712659368960715,1.8087812333314524,2.0784313725490198,5.0,9.654,0.0
556,5241.819878632581,62.5991863956924,0.7053994892375045,0.29204669828529733,0.00018241517694272163,0,11.981958543844744,0.8471514924830903,0.7466594435989357,5482,25,17.758639610865416,2.0321053747383435,2.234548745797776,4.0,14.938,0.0
557,4406.068518759176,59.89087310724258,0.6652757619738752,0.33218432510885343,0.000362844702467344,0,15.736497316719479,0.859849048240922,0.7084188803119085,5512,25,18.67040823971201,2.135228163356768,2.344968639214617,5.0,16.54,0.0
558,7093.02050357538,71.06142835386017,0.7702368328031106,0.22534464475079533,0.0007069635913750442,0,15.426209071475911,0.8547607397478095,0.8401203358542121,5658,26,17.175822277113276,2.4289966393036653,2.5564479118861865,6.0,14.125,0.0
559,5991.928087945352,63.082765607583916,0.7528199144301828,0.24484636328276935,0.0,0,18.23876275560383,0.8439186888372716,0.8059374755831448,5142,23,18.88488327207238,2.096964325613106,2.272797726685611,5.0,12.687,0.0
560,5718.932178633858,74.88975929885446,0.6761497641509434,0.3200176886792453,0.0010318396226415094,0,23.04082658582174,0.858532198047767,0.7243887731970234,6784,31,17.50704128947213,2.02406321465936,2.028340963592762,5.0,18.058,0.0
561,7324.143053007423,78.6857338520089,0.7368421052631579,0.2587592901562263,0.0004550280600637039,0,16.23811919685376,0.8544066421134605,0.8233729905903177,6593,30,15.393249619429296,2.618927373295342,2.596335940716344,7.0,17.712,0.0
562,6538.685656636932,59.66266964910705,0.82650983940285,0.17032345623162182,0.0013571590137977834,0,10.937571236398645,0.8631792036059387,0.8781543560927125,4421,20,18.00471852747834,2.2602774194457873,2.3921729611384785,5.0,9.491,0.0
563,6215.302764393305,56.91339336501775,0.8261385199240987,0.17148956356736242,0.0004743833017077799,0,24.22599925601621,0.8583894000419191,0.8906291774740037,4216,19,15.902803683805743,1.9284446396086756,2.1983921906402526,6.0,8.178,0.0
564,5659.210241920549,71.56112063788034,0.6842926220558415,0.31118390266729057,0.0012478552487911402,0,15.953811414363004,0.8569523103677102,0.72946813431386,6411,29,16.981111704750262,2.282719708799424,2.280145885571005,5.0,18.137,0.0
565,1788.6020776021742,36.42645540986529,0.5717333333333333,0.424,0.0005333333333333334,0,7.507362588944943,0.8600265017114935,0.7026720762665509,3750,17,17.00778948433909,2.4373273758886116,3.1641791044776117,8.0,14.05,0.0
566,2251.0122797361705,36.096313892653185,0.6143995446784292,0.3799089356858281,0.001707455890722823,0,6.135065865966284,0.8424619470041985,0.7413171706339422,3514,16,18.229410749044018,2.3415112342296864,3.287633163501621,7.0,12.627,0.0
567,4152.686244311887,48.43008127813767,0.7031853281853282,0.2902992277992278,0.0026544401544401543,0,16.308830036741302,0.8675985287494559,0.8073835995958992,4144,19,19.704294559458134,2.313028007701809,2.6674673987645847,7.0,12.144,0.0
568,7626.308194235643,73.92423927199351,0.7869136229877098,0.20772027003635105,0.0010386013501817552,0,12.947294747878663,0.864052335373665,0.8553542302129394,5777,26,15.164109195970385,2.5119884876617267,2.4852617685877694,6.0,13.808,0.0
569,6950.799672742479,57.704454755976386,0.8914631075295896,0.10475950642155628,0.002014605892722236,0,11.634294328307549,0.8875073593894693,0.9610794376719121,3971,18,14.90871218524983,2.3135899562712683,2.4322033898305087,5.0,7.105,0.0
570,3927.271716328741,51.974135076488245,0.6729051467460655,0.32305401956614205,0.0002126754572522331,0,14.160171853440794,0.8798149218220827,0.730602268755314,4702,21,18.623471843541598,1.8529580381774065,2.0673198482932995,5.0,12.899,0.0
571,3805.27207745663,67.6655428095154,0.6071794871794872,0.3901831501831502,0.0,0,11.579888607158857,0.8738185679736353,0.6471198913234976,6825,31,15.749850428181562,2.4021024811129323,2.4862451737451736,5.0,23.164,0.0
572,6794.5533780599835,71.0594492605353,0.7514430645443414,0.24540843099527723,0.00034983382893125764,0,16.571886518455166,0.868988213092379,0.8286897537441956,5717,27,15.553692642808825,2.5967171447624002,2.5391061452513966,6.0,14.708,0.0
573,5133.972406651908,58.714434307120975,0.7234642497482376,0.2747230614300101,0.0,0,18.740129188887884,0.8405823038960155,0.7508507771958812,4965,22,15.582457601047057,1.8794804464772839,1.986358574610245,4.0,12.154,0.0
574,9729.390163695347,91.96451470147817,0.7985275378734249,0.197083392326207,0.0014158289678606825,0,20.255430809366754,0.8691375030632547,0.8741919134666613,7063,32,18.892788364543918,2.9980733379569724,2.609042553191489,6.0,17.162,0.0
575,4578.744497884694,54.55365657256628,0.7012959422137243,0.2946675164648396,0.0006373486297004461,0,21.42589937694174,0.8523014171593115,0.7757788906062473,4707,21,16.4681744888707,2.126461707332265,2.2302332626476824,6.0,12.51,0.0
576,7108.201800327246,71.66858987025266,0.772887323943662,0.2234154929577465,0.0019366197183098592,0,16.105724272865704,0.8640573086243604,0.8213155101781193,5680,26,18.03730242886794,2.4181580385420687,2.3300683371298407,5.0,13.383,0.0
577,7330.155416106031,82.2204281199597,0.7188801148600144,0.27781765972720746,0.0008614501076812635,0,11.641019364378007,0.8565389523012236,0.7897479594043195,6965,32,17.669300865640412,2.962293574858357,2.829239065308568,7.0,20.423,0.0
578,4864.464995294161,65.63903558749377,0.6602799066977674,0.33588803732089306,0.000999666777740753,0,8.597374588745971,0.8595127886000146,0.7254987875133828,6002,27,18.1123881303907,2.6799252804265428,2.8357305071915215,6.0,19.281,0.0
579,6690.866627922612,62.57265774060609,0.8082682978274626,0.18983336848766083,0.0006327778949588694,0,13.457351888719138,0.8717752447452435,0.8788979869565282,4741,22,16.761839618127006,2.576298666703419,2.6991127348643005,6.0,11.492,0.0
580,4365.731799838642,48.67359002966361,0.7212829438090502,0.274241670810542,0.0014917951268025858,0,12.433982749033392,0.8549659379799354,0.8321098914109001,4022,18,16.141446426928304,2.3486900619075133,2.706997587038952,7.0,11.48,0.0
581,5784.263375083834,61.93767065671316,0.7480750246791708,0.24876604146100692,0.0005923000987166831,0,14.25798152443123,0.8604984918831432,0.7902369926305768,5065,23,16.754671977234718,1.9794208139484863,2.0306149379783585,4.0,11.877,0.0
582,5486.250143719417,53.24889700210975,0.8009316008825692,0.1978426084824712,0.0,0,17.543941490717543,0.861110882767349,0.817221658889162,4079,18,15.994678569478253,1.5819796543873308,1.6835016835016836,3.0,7.272,0.0
583,4270.823173846495,43.95494968626523,0.7699625252234074,0.2280196021908331,0.0,0,15.941662220935516,0.8658637140582978,0.8180456075468994,3469,16,16.24817876103112,1.5329340802892504,1.569449644327967,3.0,6.553,0.0
584,5840.469262186505,68.7325212746515,0.7065767284991569,0.28988195615514334,0.000505902192242833,0,18.650540382123392,0.8453133909609569,0.7694553414366844,5930,27,16.076818912319183,2.1855007556890733,2.2463007159904533,5.0,15.752,0.0
585,6718.612787301229,63.66831656105257,0.8003663003663004,0.1978021978021978,0.0,0,15.366258988961622,0.8510414115544372,0.8637818543098231,4914,22,16.953775052415768,2.4255667016718694,2.517925247902365,6.0,11.712,0.0
586,7157.878387682908,76.59784384301535,0.7400601932520197,0.2561381276730556,0.0001584032947885316,0,12.794630287463653,0.8548928323099946,0.7997234550362198,6313,29,17.96734772112367,2.663418747805436,2.658390410958904,6.0,17.147,0.0
587,4094.5327073777526,47.64371096928692,0.7130391423585141,0.2849663425579656,0.0,0,17.66479966679687,0.8563839616266261,0.7768675634285354,4011,18,16.515157324044097,2.006812494919438,2.2423076923076923,5.0,10.582,0.0
588,7780.988529576966,84.55277897754266,0.7335047129391602,0.2634961439588689,0.0018566123964581548,0,12.694051862699885,0.8752793830947408,0.8060271327273565,7002,31,16.581306047007704,2.901074886261302,2.715732087227414,7.0,19.47,0.0
589,4220.120027550178,46.70003182540393,0.7267032106499608,0.2725137039937353,0.0,0,13.32716656129621,0.8542263544424914,0.8463806777726409,3831,17,16.23801423679811,2.2913156520855402,2.5398706896551726,7.0,10.335,0.0
590,6417.564288888696,66.26708248368041,0.7547240411599626,0.24059869036482695,0.0009354536950420954,0,11.506493026729785,0.8551454633195713,0.838612328909285,5345,24,18.729097430197204,2.5462793528781233,2.6296479920674267,6.0,14.069,0.0
591,6418.528509669932,76.72516347973465,0.6946152692365382,0.2992350382480876,0.0034498275086245686,0,12.405995163086093,0.866217781419222,0.7914999972492155,6667,30,17.15023680862763,2.8908826508938072,2.8620168430144677,7.0,20.357,0.0
592,4016.2279528874965,48.70804726375147,0.6917024320457796,0.3049594659036719,0.0004768717215069146,0,13.829692886281702,0.866066532372095,0.7905869292114017,4194,19,18.601782601891408,2.2786888580131395,2.55084453636677,7.0,11.975,0.0
593,1816.3561053910232,42.10462315365992,0.5698685090260753,0.4265656340539336,0.0,0,12.706358026178446,0.8726847173417032,0.6099359338481927,4487,20,17.21390134489584,2.022703698443285,2.289792725850606,5.0,15.26,0.0
594,4904.535869619086,59.53530603643888,0.7005802707930368,0.2970986460348162,0.0005802707930367504,0,15.110928399406278,0.8645183564645884,0.7437141574055489,5170,23,17.701389642796457,2.0859673167521664,2.0960795140806185,4.0,13.608,0.0
595,5964.635718828284,65.59704752255452,0.7363986078036271,0.26158637113024363,0.00018318373328448433,0,15.052949105316584,0.8521932884736875,0.7788761176209643,5459,25,16.679945870051352,2.280433787391196,2.2398009950248756,5.0,13.845,0.0
596,4164.685414682027,57.47390014049564,0.6545039908779932,0.3403648802736602,0.0019004180919802356,0,11.472069765227872,0.8635818234611375,0.7477780539013308,5262,24,18.421112921644294,2.6192917616321436,2.6890243902439024,7.0,16.576,0.0
597,5404.087226231884,49.12436457343909,0.8322109988776656,0.16301907968574636,0.0028058361391694723,0,17.757089029028833,0.8730469971446905,0.9004039291391194,3564,16,17.933947863333486,2.1682908368377576,2.325691166554282,6.0,7.242,0.0
598,4793.492584981932,61.98872493153947,0.6799073744210902,0.3167082294264339,0.0003562522265764161,0,11.157319136191129,0.8664213309658019,0.715031417116664,5614,25,18.77173715283528,2.153276513809429,2.250720461095101,4.0,15.933,0.0
599,5879.155032570458,64.65114688716756,0.7364369501466276,0.26081378299120234,0.0007331378299120235,0,12.148919381286369,0.856386412748077,0.7634289277004682,5456,25,18.89764439784704,2.2138003977345226,2.277252364360378,5.0,14.026,0.0
600,5508.4870004683335,65.18630820904487,0.7007222124361459,0.29487405319711113,0.0010568962480183195,0,12.4426541304868,0.8540204108438163,0.7656018919314043,5677,26,16.901138940167538,2.732163748014221,2.69079939668175,6.0,16.937,0.0
601,6838.631181119262,76.11797232075799,0.7187791965119901,0.2737464964185612,0.004360012457178449,0,17.781178711058196,0.860913622720591,0.8113560863812483,6422,29,17.34735178671331,2.9179640289313706,2.718804159445407,7.0,18.488,0.0
602,6450.7733283252755,70.67333851606185,0.7340300016854879,0.2604078880836002,0.0006741951795044666,0,18.850722249096872,0.8643977943220229,0.7847869540949668,5933,27,15.696034917006767,2.342426225497648,2.188748564867968,5.0,14.705,0.0
603,4980.608644415191,50.46950444697579,0.7682252388134742,0.22800402212166918,0.001005530417295123,0,18.372894092576924,0.8491442868898261,0.8458712951016613,3978,18,19.599430839040668,2.2140842333663198,2.37270942408377,5.0,9.634,0.0
604,4695.500617420382,54.25051711967215,0.7117330462863294,0.28568353067814856,0.0004305705059203445,0,12.323732486556437,0.8720209502516962,0.7692818034322294,4645,21,17.464273648701216,2.4031329211369234,2.561705989110708,6.0,13.112,0.0
605,7563.554845988416,80.6349747994447,0.7414053075995175,0.25376960193003617,0.0019601930036188178,0,14.975466719116158,0.8541092177404969,0.8091941217542307,6632,30,16.879063197450918,2.8179457082116968,2.6481594468171648,6.0,18.204,0.0
606,6958.647130456725,81.17221307071574,0.703486710488711,0.2943698199485567,0.0007144898542440697,0,13.543805578160942,0.8628279892359789,0.7855898604208479,6998,32,15.356832418356042,3.0471872763142196,2.7257769652650823,7.0,20.674,0.00014287755393627662
607,5920.336513029739,67.80760904263119,0.7129310344827586,0.28206896551724137,0.0017241379310344827,0,10.492203264882374,0.858623342463235,0.7614971339010763,5800,27,14.921149911459732,2.7462658626380323,2.7494558645707374,6.0,16.932,0.0
