update,reward,throughput_mbps,completion_rate,deadline_miss_rate,retx_drop_rate,retx_overflow_drop,mean_sinr_db,direction_corr,jain,n_arrivals,n_active,mean_speed_kmh,mu_depth,mean_delay,p95_delay,mean_qlen,buffer_overflow_rate,p_arrival_ep,first_ack_rate,attempts_per_acked,pinned_fraction,goodput_mbps,acks_m1,units_m1,first_ack_m1,acks_m2,units_m2,first_ack_m2,acks_m3,units_m3,first_ack_m3,acks_m4,units_m4,first_ack_m4
0,3201.932057332169,75.5596357478189,0.5609502791120343,0.43463585615993766,0.0003894586524730624,0,17.895281454489677,0.8575429367024466,0.6923065787676524,7703,20,22.801007118915855,3.7705936182675446,2.721360796112011,7.0,27.708,0.0,0.38654096829344864,0.9736323851203501,1.0237110761462183,0.02433817250213493,68.742554,573,597,0.9597989949748744,1220,1257,0.9705648369132857,1879,1942,0.9675592173017508,23025,23624,0.9746444293938368
1,4486.431218289528,74.13742743957435,0.6192614047791456,0.3761042722664736,0.0015930485155684288,0,12.522520804711942,0.8470221528221535,0.720428919256085,6905,22,25.31798011463565,3.736021270064565,2.3655285313376986,5.0,21.761,0.0,0.31590725608456316,0.9523755226149753,1.0435348125478194,0.04514770995136822,68.605304,597,643,0.9284603421461898,1323,1383,0.9566160520607375,2009,2117,0.9489844119036372,21128,22167,0.953128524383092
2,-751.6050361499226,69.09558985107802,0.43376318874560377,0.5624853458382181,0.0007033997655334115,0,14.228334500152766,0.8648336475676387,0.6255534291640473,8530,28,23.209089507495477,3.8518725607518443,3.2513513513513512,8.0,37.674,0.0,0.3063399523001814,0.9668704328274311,1.0302474146754668,0.03117767188563649,58.109386,377,398,0.9472361809045227,821,850,0.9658823529411765,1112,1152,0.9652777777777778,25211,26064,0.9672728667894414
3,-2184.583415057581,87.8316301768857,0.4076243770219463,0.5880912826790242,0.0003497420652268952,0,12.479704032266783,0.8836854612250045,0.6300838604411955,11437,30,23.550160275288928,3.8799647667756725,3.9682539682539684,9.0,54.76,0.00026223776223776224,0.38311641507095484,0.9757393002775588,1.0209609692297101,0.021492757510729613,73.296582,347,364,0.9532967032967034,619,640,0.9671875,971,997,0.9739217652958877,26538,27182,0.9763078507836068
4,5061.392810652293,66.77339396827257,0.6742199755970019,0.3228168032072512,0.0006972285166463308,0,13.702703684367133,0.8620950049712292,0.829335973073423,5737,18,22.905509706736346,3.713810173657715,2.7476732161323683,8.0,17.301,0.0,0.31912176118933583,0.9667249771828414,1.0315038712384148,0.03181148748159057,60.660902,668,719,0.9290681502086231,1452,1509,0.9622266401590457,2373,2439,0.972939729397294,20928,21629,0.9675898099773452
5,4493.380392591108,64.43539336859986,0.6508750220965176,0.34435213010429555,0.00017677214071062401,0,9.082298142320791,0.8508386009206991,0.7816858914664624,5657,20,22.58204635398741,3.7004789646504506,2.4579033134166215,7.0,17.205,0.0,0.2841357358532791,0.9566579028765853,1.0420693134629564,0.04118628359592215,58.66598,666,723,0.921161825726141,1550,1612,0.9615384615384616,2353,2436,0.965927750410509,20174,21093,0.9564310434741383
6,4151.002637527536,62.27691349154813,0.640107430617726,0.35720680393912263,0.0,0,8.522737218171185,0.8597390435326607,0.7803041178450298,5585,16,25.203146340117208,3.705702405546754,2.6674125874125876,7.0,17.756,0.0,0.34766762706575505,0.9718677823634092,1.025606929827894,0.025424354243542436,56.621232,713,760,0.9381578947368421,1547,1594,0.9705144291091593,2207,2267,0.9735333039258932,21201,21790,0.9729692519504359
7,-3165.9625272017265,62.38867667527417,0.37103218645948943,0.6229744728079911,0.0006659267480577136,0,5.1839179449704575,0.8570254622989834,0.5863064547508586,9010,21,21.584996818904756,3.8542518721568433,4.2153754113072095,9.0,44.353,0.00044375416019525185,0.4292821228968472,0.9649780893952673,1.0304953287502203,0.03101433521299001,51.622222,357,392,0.9107142857142857,706,755,0.9350993377483444,1281,1323,0.9682539682539683,25182,26055,0.9664939550949914
8,3274.3107520608855,60.00855667572848,0.598590308370044,0.3970044052863436,0.0003524229074889868,0,7.290613168590853,0.8743970817500154,0.717756422419621,5675,30,24.18342415539555,3.770362292493238,2.67942302031204,6.0,19.291,0.0,0.1910980226633026,0.980916445960164,1.01777664679366,0.01816692195347843,53.901598,586,621,0.9436392914653784,1269,1290,0.9837209302325581,1857,1898,0.9783983140147524,23325,23754,0.9819398838090427
9,5810.288459329233,78.4986713025977,0.6673703256936068,0.3299155609167672,0.0,0,12.49858768808876,0.8723841568437979,0.8513269138776686,6632,25,24.494099188277183,3.8111299401994203,2.7401717126073204,8.0,20.352,0.0,0.26469972660188823,0.9622098254453842,1.0360484016615497,0.035042022643606306,69.60117,405,429,0.9440559440559441,991,1034,0.9584139264990329,1774,1849,0.9594375338020552,23565,24473,0.9628978874678217
10,4496.336828340978,63.675038388171295,0.6567774027358323,0.3394919168591224,0.00017765144785930004,0,9.485692790550885,0.8757309062551323,0.7658101964241943,5629,23,24.088464563475032,3.721230763941855,2.299431971869083,6.0,16.317,0.0,0.24744299819367094,0.9751790334070713,1.022691352449763,0.023326497729603046,59.100606,652,691,0.9435600578871202,1474,1510,0.976158940397351,2534,2598,0.9753656658968437,21349,21872,0.9760881492318947
11,1511.3571969082896,75.84222537014995,0.5038132113105714,0.49278423090461104,0.00035198873636043646,0,11.729045048271642,0.8699708074436692,0.6480983978393993,8523,26,21.59403136328779,3.861659966098308,3.258267349790405,8.0,35.108,0.00011731581417175035,0.33308325562045793,0.9773261440619383,1.0207018517234205,0.021046220477769505,67.6703,366,380,0.9631578947368421,771,787,0.9796696315120712,1209,1240,0.975,25930,26525,0.9775683317624883
12,1718.279181011635,94.22407628212987,0.5034318660199506,0.4930905097464995,9.151642719868216e-05,0,11.699788240754177,0.8698642467533757,0.6191401215018991,10927,23,20.234820602120728,3.8029806932688444,3.3762952190510815,8.0,45.185,0.0005487972194274216,0.4768226927499829,0.9689400521285838,1.028978139298424,0.028589513661778667,86.633692,473,508,0.9311023622047244,1134,1164,0.9742268041237113,1773,1830,0.9688524590163935,23386,24122,0.969488433794876
13,3653.7133381850635,43.97284198242685,0.7096600107933081,0.28737182946573125,0.0005396654074473826,0,11.009664523008562,0.8946380981667,0.7772881823968159,3706,17,20.384559958587285,3.146816982222327,1.6391634980988594,5.0,8.294,0.0,0.22087043934785006,0.9838874268220635,1.014536448799397,0.015180366021368878,41.700092,2122,2210,0.9601809954751132,3866,3906,0.9897593445980543,4444,4499,0.9877750611246944,7887,8004,0.9853823088455772
14,-4341.068657922857,93.09065564397885,0.3771995788840427,0.6177620694841329,0.0002255978342607911,0,9.749125871237032,0.857947725481505,0.6095834761851795,13298,28,22.577563935549485,3.909916794994833,4.47707336523126,9.0,65.868,0.00015037593984962405,0.47414207844492984,0.9646627516208969,1.0298227035151846,0.03012444854151577,77.660568,225,238,0.9453781512605042,509,530,0.960377358490566,809,840,0.9630952380952381,26875,27851,0.9649563749955118
15,2217.580993344544,73.90983097981147,0.5272358753483658,0.469217126931847,0.0001266784899923993,0,8.302439845328411,0.8676869503074869,0.672250923733342,7894,25,24.19235623511431,3.864795259774258,3.0134550696780393,8.0,30.928,0.0,0.3140965612542561,0.9672737422371084,1.0301660710531848,0.03008358431186762,65.423608,320,337,0.9495548961424333,805,831,0.9687123947051745,1207,1250,0.9656,25392,26244,0.9675354366712391
16,1663.4352573206606,65.40931589348003,0.5158696572154041,0.47947524333474395,0.0001410636196924813,0,11.894178213760952,0.886029158074971,0.6510066409680763,7089,20,23.8851560229554,3.8126773607252615,2.5099808586272903,7.0,26.289,0.0,0.3485002595742827,0.9764217841440931,1.0213576335742,0.021950965773138677,57.845544,432,466,0.927038626609442,1011,1035,0.9768115942028985,1681,1723,0.975623911781776,24415,24980,0.9773819055244195
17,2771.380068657775,61.83843456012754,0.5767369242779079,0.41904761904761906,0.000936768149882904,0,7.698384933027312,0.8829583179070677,0.627113961110156,6405,30,21.513498444357033,3.709888415633841,1.8795343800757986,4.0,20.565,0.0,0.2112254587618823,0.9748187858652975,1.024094106967244,0.0248858783684288,59.309322,671,712,0.9424157303370787,1593,1630,0.9773006134969325,2412,2468,0.9773095623987034,21145,21678,0.9754128609650337
18,-8711.71518338855,90.55342872139214,0.31582800851970183,0.6787806176783813,6.656017039403621e-05,0,8.83124833971322,0.8733837617264376,0.5444347503029486,15024,31,24.176214545604736,3.922873804260888,4.915279241306639,10.0,79.82,0.0005986828976252245,0.48567918280495614,0.9581841518611093,1.0365675446049278,0.03547809089428246,74.079416,168,178,0.9438202247191011,407,426,0.9553990610328639,741,763,0.9711664482306684,27052,28239,0.9579659336378767
19,3471.702103580813,65.33920341367212,0.5951900698215671,0.3975174553917766,0.0013964313421256788,0,6.817320207063534,0.8676737589565238,0.6920799656946943,6445,26,24.710069974145625,3.8216916412449646,2.6266944734098017,7.0,22.047,0.0,0.25059049786341114,0.951096244046104,1.0466561848696478,0.046954050869776144,60.254274,396,433,0.9145496535796767,905,951,0.9516298633017876,1548,1621,0.9549660703269587,23309,24498,0.9514654257490407
20,2453.335921380351,31.33710064809124,0.6918819188191881,0.2985239852398524,0.008487084870848708,0,7.628704135847894,0.8699067115019625,0.7583076908811053,2710,16,22.831589969140886,2.869721934053555,1.3845333333333334,3.0,6.038,0.0,0.16779412382968034,0.9642378783819984,1.0310961214165262,0.039001158450251,29.661694,2653,2861,0.9272981475008738,3968,4086,0.9711209006363192,3625,3716,0.9755113024757804,4152,4269,0.9725931131412509
21,2788.3695564891677,50.975870002426134,0.6045094454600853,0.39041235019297177,0.0020312817387771686,0,9.456716073575716,0.8643187469153437,0.6856014993057136,4923,18,21.822957068752142,3.377099446253975,1.7936827956989247,5.0,14.607,0.0,0.27190782645721295,0.9582760831730329,1.0397959652589495,0.04169592696629214,47.62756,1296,1366,0.9487554904831625,2924,3009,0.9717514124293786,4348,4483,0.9698862368949365,12355,12976,0.9521424167694205
22,3437.8926510120273,53.619365179209936,0.635061529150696,0.36150897720395403,0.0012104095218882388,0,7.637590471145602,0.8516925138579368,0.7354592732595802,4957,19,22.537375303889288,3.681702454434812,1.9590216010165185,6.0,14.174,0.0,0.2599581308446675,0.9587511751801943,1.0397103388563107,0.03990371958328632,49.729142,714,757,0.9431968295904888,1671,1723,0.9698200812536274,2757,2873,0.9596240863209189,19333,20175,0.9582651796778191
23,2428.1883923573578,48.305489304784636,0.5840280824923212,0.41355857832382625,0.0,0,5.020611499417921,0.8547022899843597,0.7476781041017891,4558,20,21.61075438246763,3.7218123124773874,2.5612321562734786,7.0,15.702,0.0,0.22911221665902043,0.962788629035247,1.0347984666344114,0.03418528064146621,42.15383,536,576,0.9305555555555556,1254,1311,0.9565217391304348,2060,2120,0.9716981132075472,22127,22974,0.9631322364411944
24,3027.8743061287887,46.49067144355122,0.6383431952662721,0.3569230769230769,0.0021301775147928993,0,9.051232758460173,0.8612101856218021,0.7387404685742369,4225,19,19.098647767230172,3.6506579088539124,2.0341119762699296,5.0,12.261,0.0,0.22944434360814214,0.9773381015315246,1.0216544633120423,0.023088023088023088,42.875814,753,795,0.9471698113207547,1936,1983,0.9762985375693394,2985,3046,0.9799737360472751,19469,19902,0.9782433926238568
25,875.1725650131082,82.49916933482974,0.47919519646054987,0.5169071947750974,0.00021068155482987464,0,8.730401962077913,0.8445918290269303,0.6547794692200645,9493,30,23.103456255172553,3.902894241441186,3.4708727192789626,8.0,40.991,0.00021063717746182202,0.3113770523526626,0.9325198677825445,1.0632033406468964,0.06005618905965956,72.088942,215,231,0.9307359307359307,465,501,0.9281437125748503,897,952,0.9422268907563025,24942,26754,0.9322718098228302
26,-6626.256215520047,82.80814772284883,0.3176377328577091,0.6756242568370987,0.0,0,9.525977691368876,0.8533788423950301,0.6561261891287281,12615,29,22.082743627909494,3.9219049209552996,5.242076366358872,10.0,67.974,0.0004753981459472308,0.43390693362292587,0.9561959654178674,1.0370927489658472,0.03582753097316204,61.157088,176,193,0.9119170984455959,421,442,0.9524886877828054,711,736,0.9660326086956522,26895,28124,0.9563006684682122
27,3219.0142947637737,67.39131264657385,0.5743589743589743,0.4228438228438228,0.0001554001554001554,0,14.395174274479977,0.8568662982785827,0.7641779908817693,6435,31,24.711644885978547,3.840258011290741,2.8566017316017316,8.0,23.464,0.0,0.20827551991659904,0.9468338015993084,1.0505156504432784,0.048692732070040774,57.8128,359,389,0.922879177377892,864,909,0.9504950495049505,1318,1375,0.9585454545454546,23745,25089,0.9464307066842043
28,3459.607482329333,77.01634758857031,0.5710059171597633,0.42642140468227424,0.00038590172369436584,0,12.160386732231139,0.8485718076639774,0.715121112035087,7774,17,26.829224487051597,3.7694553795844277,2.535480964181122,8.0,27.088,0.000257201646090535,0.457908779687333,0.9460208130568242,1.049200723872719,0.048172165609634436,70.199946,507,542,0.9354243542435424,1191,1250,0.9528,1796,1881,0.9548112706007443,21778,23041,0.9451846708042185
29,-102.19142905277357,41.29850255578633,0.4506033953773778,0.5438740028635712,0.0006136224176723256,0,8.163797517428131,0.856025010929641,0.6145252303819339,4889,20,20.99321362084177,3.7717507794056266,2.2936904221516112,6.900000000000091,19.632,0.0,0.2382222131574784,0.9770865056921181,1.0213717151891832,0.021706746116194935,34.708354,541,574,0.9425087108013938,1176,1205,0.9759336099585062,2123,2171,0.977890373099954,23110,23632,0.9779113067027759
30,1985.6893909398698,97.68437322227258,0.5005085529357374,0.49477577438742487,0.0,0,16.550978233234314,0.8587858223147917,0.687319621622611,10815,24,20.494176715321082,3.884216656453742,3.066506558285609,9.0,43.789,0.00018489414810021263,0.450607596633978,0.9613105491628195,1.0329689397883046,0.03227312129092485,85.216276,254,282,0.900709219858156,640,663,0.9653092006033183,1044,1084,0.9630996309963099,25965,26997,0.9617735303922658
31,3338.1724668824095,68.9210077987646,0.5784328470446684,0.41765679049481125,0.0004511956685215822,0,10.905528526267085,0.8498085540326925,0.748705741018086,6649,31,22.86538995453569,3.8798658776742645,2.77743109724389,7.0,23.716,0.0,0.21627833162365417,0.9508975712777191,1.0474355802198578,0.04622822036458858,60.903444,318,335,0.9492537313432836,587,620,0.9467741935483871,1050,1101,0.9536784741144414,25060,26354,0.9508992942247856
32,1770.3364866644224,92.20735401980245,0.49379310344827587,0.5026600985221675,0.0,0,13.903596860541334,0.842145893381459,0.723395265402392,10150,23,22.377867434063496,3.898858504806436,3.583998403830806,9.0,42.942,0.00019700551615445234,0.4390856902655479,0.9176814071067436,1.0756284388822959,0.07015394802185068,77.608242,205,222,0.9234234234234234,491,526,0.9334600760456274,824,891,0.9248035914702581,24254,26447,0.9170794419026733
33,-1094.5288717965934,91.14970474076414,0.4300272335939559,0.5650531494333656,8.785030308354564e-05,0,13.615295016587448,0.8606999721973582,0.6334257253746889,11383,32,25.124142180961282,3.9256376347211575,3.812461695607763,9.0,52.92,0.0,0.356651653032072,0.9501501296574314,1.0440852819807427,0.04256639770017314,76.165218,175,193,0.9067357512953368,408,437,0.9336384439359268,613,655,0.9358778625954198,26651,28023,0.9510402169646361
34,3668.327260072265,93.12570404836318,0.5503672612801679,0.444700944386149,0.0003147953830010493,0,14.101385231221844,0.8566773635870875,0.7050364025641755,9530,28,22.843906325043015,3.879598321668426,2.897616777883699,7.0,35.85,0.0,0.3364546625413385,0.9337268008248596,1.0613642066023872,0.05876447359614484,82.30039,260,280,0.9285714285714286,590,623,0.9470304975922953,1113,1173,0.948849104859335,24299,26050,0.9327831094049904
35,6859.811299484698,68.75728349056773,0.7829010566762729,0.2138328530259366,0.0007684918347742555,0,11.734036265251891,0.8530913887588707,0.8935391441102816,5205,20,22.119890505140166,3.692169692292002,2.5209815950920245,7.0,12.249,0.0,0.2626015840651657,0.9424255605203844,1.056818632702456,0.05461682242990654,64.5534,656,707,0.9278642149929278,1599,1680,0.9517857142857142,2650,2779,0.9535804246131702,18928,20123,0.940615216419023
36,2951.777008728718,76.21947392433427,0.5490997318350147,0.44668624696718173,0.0005107904482186183,0,10.890962274346867,0.8503222520941365,0.7102816319683996,7831,21,22.28538380691881,3.8453308584721966,2.9067441860465117,8.0,29.37,0.0,0.37368847507517944,0.9389671361502347,1.0567876099760052,0.055722275269403904,68.008524,329,352,0.9346590909090909,786,826,0.9515738498789347,1264,1343,0.9411764705882353,23621,25169,0.9384957686042353
37,3601.062760770368,63.850304317326035,0.5987826086956521,0.39704347826086955,0.0,0,10.286382736168465,0.836904274095295,0.8351445929580924,5750,28,22.90833374384809,3.848553284979181,3.083938425791461,8.0,20.383,0.0,0.2051834928470918,0.9469553062614243,1.0522436358406444,0.049822912409753436,53.517296,334,355,0.9408450704225352,826,849,0.9729093050647821,1250,1317,0.9491268033409264,24011,25380,0.9460598896769109
38,-749.1313143889067,100.6514327718512,0.4398054316984191,0.5568706931495744,8.107012565869477e-05,0,14.29069366530504,0.8526111986188036,0.6524447843395892,12335,32,21.036287259188146,3.9211059602654594,3.530875576036866,9.0,55.595,8.106355382619974e-05,0.38955279056872893,0.9298502264019506,1.0642292142731586,0.060628864967444296,84.317808,176,191,0.9214659685863874,392,413,0.9491525423728814,699,740,0.9445945945945946,25429,27366,0.9292187385807206
39,3883.6970935149916,52.759740650538475,0.6648947951273533,0.3300110741971207,0.0017718715393133999,0,12.958165913696721,0.8555970946958661,0.8283013285264512,4515,19,23.77221513254817,3.72666195422064,2.8384410393071287,7.0,14.255,0.0,0.23563151776795768,0.9462522012097083,1.0524049367526624,0.051109738820879796,47.43997,580,626,0.9265175718849841,1315,1410,0.9326241134751773,2181,2310,0.9441558441558442,20642,21776,0.9479243203526818
40,-761.6807554260224,83.273970877752,0.44368275730743595,0.5518423307626392,0.0,0,13.913151708906451,0.8591869966248449,0.5875794087807327,10503,22,22.046845005141137,3.8817768857451553,2.9008583690987124,8.0,44.393,0.00019038553069966683,0.47349878819362656,0.9556574923547401,1.0408312958435209,0.03923074354779473,73.95652,275,286,0.9615384615384616,598,629,0.9507154213036566,1087,1140,0.9535087719298245,25540,26721,0.9558025522996894
41,4557.8463603396285,104.99196473782938,0.5665954084952133,0.42940793754066364,9.294544102611767e-05,0,16.378974743997986,0.8492527162534248,0.6856390267389624,10759,25,22.463676391820357,3.8699363168575793,2.4353674540682415,7.0,37.228,0.00046451133407655144,0.43374709211504925,0.939443535188216,1.0572471286987013,0.05430686406460296,96.420146,275,300,0.9166666666666666,697,749,0.9305740987983978,1217,1275,0.9545098039215686,24215,25782,0.9392211620510433
42,3206.77174061115,63.64050542373192,0.5869987063389392,0.41025226390685643,0.00016170763260025875,0,9.713457075557727,0.8615243464275824,0.7451916974499222,6184,28,23.52369830912483,3.8461969998388588,2.537465564738292,8.0,20.708,0.0,0.2248964055525123,0.9574611509259916,1.0413373210852381,0.040574579617400776,56.744196,328,352,0.9318181818181818,838,876,0.95662100456621,1413,1469,0.9618788291354663,24408,25489,0.9575895484326572
43,4933.24576107104,60.31208660907811,0.6984222089075295,0.29698422208907527,0.000798881565807869,0,7.8471700521941425,0.8445335259375082,0.8428182962341971,5007,22,21.714223716860328,3.7361820637232506,2.6396911638547325,8.0,14.124,0.0,0.2257130890628954,0.9590744648779017,1.0404654853213435,0.039629401758894,54.983112,556,598,0.9297658862876255,1328,1371,0.9686360320933625,2444,2540,0.9622047244094488,21122,22027,0.9589140600172515
44,4619.389504712711,80.78718870791677,0.609324130746191,0.3865086599817685,0.0006511264487563485,0,13.936545138374862,0.860753612303522,0.7266886941442388,7679,30,22.171605183707747,3.8676075227518356,2.2581748236802737,7.0,24.367,0.0,0.2554038279866522,0.961907429451719,1.0354884047786366,0.03555630592605099,73.859594,318,330,0.9636363636363636,728,756,0.9629629629629629,1289,1334,0.9662668665667167,25139,26142,0.9616326218345956
45,4678.282350983589,57.43666129309471,0.7007004882190617,0.2950541286351093,0.00021226915729144556,0,13.345023757462682,0.8552691505198591,0.8271500319668276,4711,25,22.332972294918186,3.7786779139043567,2.002726446531354,6.0,11.964,0.0,0.18976441949670875,0.9689493364616174,1.0295057872496785,0.029045347761087775,52.324902,547,581,0.9414802065404475,1164,1206,0.9651741293532339,2133,2194,0.9721969006381039,22587,23297,0.9695239730437395
46,979.8340366940467,94.57699552373063,0.48616424948838866,0.5088531008096806,0.00026692766260343444,0,15.771537845784165,0.8374252578601115,0.5993094661244094,11239,32,23.750366420700004,3.9184383368746696,2.7547584187408494,7.0,45.149,8.896797153024912e-05,0.3492351939291658,0.9308887724812293,1.0654885289674314,0.06231580326151025,86.328156,171,181,0.9447513812154696,403,428,0.9415887850467289,694,742,0.9353099730458221,25388,27284,0.9305087230611347
47,5278.413616096775,72.09567211760809,0.6620445017736214,0.33360206385037083,0.0,0,8.801566585623865,0.8521729999391305,0.8469179506304226,6202,21,19.47779077179205,3.8529926370573655,2.840233804188992,8.0,19.486,0.0,0.2949295496976143,0.9449790720137373,1.0524992818155703,0.049896332551578805,64.30471,308,335,0.9194029850746268,764,810,0.9432098765432099,1296,1372,0.9446064139941691,24047,25436,0.9453923572888819
48,786.5012285377506,86.39463721882707,0.47735849056603774,0.5181727904667329,0.00019860973187686197,0,11.705558093298635,0.836272463407224,0.6337050252264568,10070,32,19.695155824966157,3.939581541014093,2.851882671104639,8.0,41.124,0.0,0.31724511702170277,0.9174315128249869,1.078819639842431,0.07331349848004656,75.778106,116,126,0.9206349206349206,313,334,0.937125748502994,486,530,0.9169811320754717,25374,27665,0.9171877823965299
49,4700.571043146572,74.67082697680517,0.6254719721173395,0.36973569561428987,0.0007261109497531223,0,11.260362142215941,0.8561926840734648,0.7921375861389434,6886,18,23.16412768663517,3.804187585393265,2.712328767123288,8.0,22.051,0.0,0.37910257515086465,0.9252748080108417,1.0737552614614538,0.07053883834849545,67.92192,401,434,0.923963133640553,985,1051,0.9372026641294006,1778,1903,0.9343142406726221,21415,23176,0.9240162236796686
50,-2376.519214449962,106.02186490276442,0.4162396811841731,0.5797039567321378,7.116424708226587e-05,0,15.166757330493063,0.835102402073198,0.6176864348970956,14052,29,22.383615459080296,3.9443623984796843,3.8300564199008376,9.0,64.994,0.000355694671693818,0.4826979247676434,0.8815040286481647,1.1107400820296904,0.09942595459236327,91.558518,103,109,0.944954128440367,272,306,0.8888888888888888,444,506,0.8774703557312253,23797,27004,0.8812398163235077
51,1755.9747645127077,85.80527619834977,0.5065816536404771,0.48940765117235707,0.00010283833813245579,0,14.63991016252365,0.8428630067085948,0.6418195962901112,9724,27,23.376618766035048,3.8941760638759075,2.883069427527406,8.0,38.59,0.00020563438206868187,0.35775227927466796,0.9280305710848489,1.0677192857397442,0.06407921316687089,77.277328,208,221,0.9411764705882353,476,493,0.9655172413793104,942,997,0.9448345035105316,24602,26551,0.9265941019170653
52,1374.2828985880938,51.81672715883616,0.5189645874528133,0.47744023009167713,0.0,0,11.205916938454214,0.8542008319796343,0.6964767389066437,5563,18,22.03586585233371,3.780756533080944,2.313474194665743,8.0,20.184,0.0,0.30824968293683286,0.9709638685732999,1.028075548749362,0.02756351284410162,44.697874,523,545,0.9596330275229358,1155,1181,0.9779847586790855,2150,2217,0.9697789806044204,22857,23540,0.9709855564995752
53,4114.304579175304,65.49305140154625,0.6285857238158773,0.3685790527018012,0.00066711140760507,0,10.727847234949303,0.8472343562333946,0.7642696818381572,5996,23,21.16790988037635,3.846455083882975,2.2523215707084105,7.0,18.311,0.0,0.2579349946511865,0.953518260683303,1.0448311669710315,0.043993174061433445,59.48627,336,359,0.935933147632312,802,834,0.9616306954436451,1578,1636,0.9645476772616137,23993,25182,0.95278373441347
54,3624.73542766004,98.10460918052301,0.5440358919340681,0.45069735687115964,0.00019506485906563932,0,11.094501144989028,0.8592261820504745,0.7190499066835536,10253,21,23.14559908953826,3.9193018904993604,3.1464682681964864,9.0,39.267,0.0004874244492103724,0.48816865953051003,0.9411297013274337,1.0549599721545422,0.05272119981662191,87.886686,183,197,0.9289340101522843,418,431,0.9698375870069605,742,778,0.9537275064267352,25882,27522,0.9404113073177821
55,1884.7276272890558,55.800181140259,0.5479814692256784,0.44523494374586364,0.0028127068166776967,0,10.094065617350845,0.8606727765780893,0.5917260727876079,6044,20,18.513177206895985,3.5979993706303377,1.4302536231884058,3.0,18.861,0.0,0.3041550392596996,0.9630500226813477,1.0357807652533608,0.03827238835567542,53.636214,867,917,0.945474372955289,2222,2281,0.9741341516878562,3891,3990,0.975187969924812,16373,17061,0.9596741105445167
56,2370.8955941214017,70.3160854064425,0.5393151982676953,0.45811341182839355,0.00013533631073216944,0,9.47645765464384,0.8734316121523069,0.6832119715374135,7389,26,23.680326745349042,3.910549502564334,2.6,8.0,27.056,0.00027059937762143147,0.2813370994584813,0.9600956610864366,1.0379951217836407,0.03799382107408138,62.257756,172,193,0.8911917098445595,493,520,0.948076923076923,908,945,0.9608465608465608,26529,27612,0.9607779226423294
57,39.65218169857955,77.35470906436692,0.46715557883708747,0.5284442116291252,0.0,0,7.613784845110708,0.8674290194999792,0.5826079898351388,9545,22,20.64169701832128,3.8987820105505486,2.4521193092621663,8.0,37.877,0.00020948989211270555,0.4390167927716412,0.9673905620432971,1.0295689714246556,0.028978779840848807,70.109718,245,259,0.9459459459459459,557,578,0.9636678200692042,1028,1064,0.9661654135338346,26501,27385,0.9677195545006391
58,3945.8493985754244,100.61573434287294,0.5544002268645429,0.4413460629549107,9.452689290103034e-05,0,10.290285870574252,0.860755901883586,0.67532277287489,10579,29,22.579172557788176,3.9310548409106696,2.9940323955669226,8.0,39.565,0.0,0.36618140564780133,0.9539015524679825,1.0439050995364059,0.042512360135310956,92.576076,160,170,0.9411764705882353,382,397,0.9622166246851386,598,630,0.9492063492063492,26940,28240,0.9539660056657224
59,3526.792388076633,62.17559459881147,0.610797342192691,0.3852159468438538,0.0009966777408637873,0,8.138464200495994,0.8637468801318764,0.6983249674687073,6020,21,20.122470383152805,3.8397484993742417,1.9945607832472123,6.0,18.116,0.0,0.28449846160844117,0.9771051337874851,1.021361204954955,0.022181019090784234,58.511022,347,370,0.9378378378378378,997,1017,0.9803343166175025,1757,1796,0.9782850779510023,24725,25295,0.9774659023522435
60,2069.011213982113,54.487866823185314,0.5580187045375823,0.4379979217180464,0.0012123311395912711,0,6.256337607350306,0.858044392492003,0.6380722906031149,5774,29,21.54111992737431,3.792205717289963,1.6297330850403475,4.0,18.254,0.0,0.19915325737837564,0.970577498722348,1.0273113864652834,0.028994754005387778,51.187046,485,519,0.9344894026974951,1243,1278,0.9726134585289515,2147,2199,0.9763528876762164,22713,23398,0.9707239935037183
61,5321.831179244946,66.52612482691308,0.6966110812264659,0.301416532185763,0.0,0,15.269764486423597,0.8673909345353883,0.8009340200464994,5577,22,23.023103130103316,3.8218775403014233,1.7971685971685971,5.0,13.494,0.0,0.26050568595018,0.9640495718466597,1.0349974639518875,0.03443343566843427,61.887488,408,432,0.9444444444444444,1099,1128,0.974290780141844,2060,2108,0.9772296015180265,23115,24009,0.9627639635136823
62,-648.0820506049449,92.73113549668685,0.4518814235963646,0.5457402531215493,0.0,0,8.3050471146877,0.86825979859833,0.5806997052251865,11773,29,20.14241325093794,3.935025254769147,3.1793233082706767,8.0,50.917,8.493290300662476e-05,0.4069932845568526,0.948901639900859,1.0467149296544187,0.04540740260582096,83.249772,125,131,0.9541984732824428,367,389,0.9434447300771208,648,686,0.9446064139941691,26808,28247,0.9490565369773781
63,-2074.4675691160455,87.37329295783817,0.4231352079474659,0.5716450580905876,8.418925745074928e-05,0,11.713448320255456,0.8714007570287263,0.5464647408901586,11878,24,21.02962864577277,3.9092837360818837,3.271985674492638,8.0,53.426,0.0005889777029869583,0.49677914939683465,0.9633472117944167,1.0337467452377689,0.03322445478240787,79.074952,225,241,0.9336099585062241,524,543,0.9650092081031307,890,919,0.9684439608269858,26589,27599,0.9634044711764919
64,1027.0460784268034,34.94964731180407,0.5248149163696189,0.4705237181244859,0.0,0,7.089640456394356,0.8626751795017804,0.7029625526250617,3647,20,23.975481590974532,3.7299576867142687,2.140543364681296,7.0,12.972,0.0,0.18198735303078095,0.9762639979165891,1.022973073767435,0.02290159584136101,29.915286,633,668,0.9476047904191617,1400,1436,0.9749303621169917,2433,2484,0.9794685990338164,21775,22291,0.9768516441613208
65,2312.9844598458963,99.33995825701585,0.5166918899670614,0.4795691266803169,0.00017804682631532092,0,11.806618010854187,0.8571468419350887,0.6231775817141598,11233,29,23.51749830776183,3.9138428553940803,2.4467608545830464,6.0,42.239,8.901548869503294e-05,0.3959367867480309,0.9443541414490749,1.0526992734730767,0.05062875529434941,92.16883,191,207,0.9227053140096618,424,452,0.9380530973451328,821,867,0.9469434832756632,25870,27389,0.9445397787432911
66,-983.4081188929761,119.47635884649893,0.44630450605439026,0.5497915701713756,0.0,0,14.663176235932502,0.8589119316277914,0.6007325717106812,15113,32,20.689696944226895,3.9377337046766288,3.113120830244626,9.0,65.131,0.00039685164362722404,0.4732133411595728,0.952314830494124,1.0429238689441205,0.04148677162798247,105.810778,152,161,0.9440993788819876,381,400,0.9525,557,575,0.9686956521739131,27029,28391,0.952027050825966
67,4575.469060417011,60.14698803501247,0.6788586748372271,0.3163538873994638,0.0021064726158559937,0,6.620215877888418,0.8496297712437189,0.7625365338367381,5222,28,20.383280151566332,3.674162447988475,2.0098730606488013,6.0,13.941,0.0,0.18666128866599743,0.9600360459193669,1.0377506881635863,0.03907985392116261,56.22588,717,772,0.9287564766839378,1714,1773,0.9667230682459109,2783,2877,0.967327076816128,19289,20101,0.959603999801005
68,7055.693459678647,105.51150474228025,0.6419231957170802,0.3549881601976732,0.00041181921136621024,0,14.338291005227468,0.861589483963811,0.7622144141278838,9713,21,20.6272730402615,3.8391989610883726,2.37514033680834,7.0,29.069,0.0003087690407575134,0.4656580668679712,0.9482579209874771,1.0467232352410183,0.04554950512003836,98.590426,359,386,0.9300518134715026,826,862,0.9582366589327146,1471,1542,0.9539559014267186,23771,25079,0.9478448103991387
69,3750.2081162027403,48.49885653102783,0.6828850855745722,0.3136919315403423,0.0004889975550122249,0,10.79142263739346,0.8537102721250687,0.8295008458325165,4090,24,22.274889200584973,3.7037338141140075,2.3064804869316147,7.0,11.461,0.0,0.17665220589364503,0.9617103235747304,1.0394457524412366,0.038482906774324976,43.65004,601,648,0.9274691358024691,1641,1699,0.9658622719246616,2969,3079,0.9642741149723937,19755,20534,0.9620629200350638
70,3186.2474470421757,63.37284216429521,0.5848250944325833,0.41172606339300377,0.00016423057973394647,0,9.2267154882539,0.8450594595522976,0.7414740797404282,6089,27,20.75604357413348,3.8608959302445487,2.6057287278854253,7.0,20.885,0.0,0.2246834636087809,0.9491144923921178,1.0500035742369005,0.0479050042408821,55.955084,319,341,0.9354838709677419,763,799,0.9549436795994993,1355,1411,0.9603118355776046,24198,25512,0.9484948259642522
71,-3015.3934177508036,92.95628915842003,0.400613303978613,0.5943544582481523,7.862871520679352e-05,0,12.040958571148899,0.8470830391864179,0.5863544605801752,12718,26,24.080745868437756,3.921260156963811,3.5894013738959765,9.0,59.171,0.0010211295263529965,0.4933150507766886,0.9034129328445852,1.0895296449810776,0.0822718662224835,79.790304,128,144,0.8888888888888888,400,437,0.9153318077803204,679,755,0.8993377483443709,24178,26763,0.9034114262227703
72,4944.977054857012,47.80193663263493,0.8052995391705069,0.19153225806451613,0.000576036866359447,0,12.465921552573215,0.8399623717882121,0.9314559304231675,3472,17,22.86311165253053,3.538845725470212,2.3987839771101576,6.0,7.596,0.0,0.20543068117065438,0.9471871906340119,1.053076723914732,0.05070687259949334,43.914284,996,1063,0.9369708372530574,2297,2396,0.9586811352253757,3620,3776,0.9586864406779662,15093,15998,0.9434304288036004
73,2978.588935996739,56.831742711374865,0.5949756009398156,0.40104825591903126,0.0007229351165732876,0,9.69619318984938,0.8456895575353319,0.7136409840371943,5533,29,24.14761924758554,3.8369727103955196,2.176184690157959,6.0,17.882,0.0,0.18679853942008295,0.9502519798416127,1.0496551226030117,0.047978067169294036,51.564572,354,375,0.944,818,868,0.9423963133640553,1613,1689,0.9550029603315572,23613,24848,0.9502978106889891
74,2774.1667065189004,31.090681923655325,0.7363083164300203,0.2612576064908722,0.0008113590263691683,0,9.105856479170635,0.8412809759009509,0.857391274499974,2465,16,19.122030038823098,3.2584787001060898,2.059504132231405,6.0,5.736,0.0,0.15927816222817207,0.9691880988401412,1.0303612023238191,0.030365263312307468,28.409556,1794,1866,0.9614147909967846,3399,3471,0.9792566983578219,4545,4649,0.9776295977629598,9481,9844,0.9631247460381959
75,6222.397438470712,53.26516661646851,0.883599339570721,0.1147495872317006,0.0,0,11.789952394229562,0.8596598806138881,0.959303071550741,3634,18,22.966458464792048,3.484227728630025,2.0143257552164435,6.0,5.492,0.0,0.2015180069127866,0.9473586309523809,1.054403058132488,0.052019044260271555,50.73817,1221,1319,0.9257012888551933,2802,2912,0.9622252747252747,3902,4066,0.9596655189375307,12447,13207,0.9424547588400091
76,5504.249920211711,64.87383137747494,0.7150557620817843,0.2827137546468402,0.0001858736059479554,0,14.976218902041689,0.8559223389049945,0.8423947347586267,5380,16,23.61517488057834,3.7340151431852635,1.9298154406030674,6.0,12.905,0.0,0.33399161363174024,0.9506030575401399,1.048916814432195,0.04689730917078528,60.162622,545,589,0.9252971137521222,1449,1514,0.9570673712021136,2897,3027,0.9570531879748926,19857,20904,0.9499138920780712
77,2825.0593365024365,76.82855156160743,0.5528078937751248,0.44378121573882323,0.0,0,10.306946362650516,0.8361230728595853,0.6300901568845116,8209,31,22.643256140525608,3.8475769410110394,2.152930806522697,6.0,28.326,0.0,0.2656414554200499,0.9446321996117063,1.0546542649073474,0.05255986647136969,72.037674,310,334,0.9281437125748503,775,818,0.9474327628361858,1430,1497,0.9552438209752839,23759,25165,0.9441287502483608
78,-2835.766912267115,103.4981684773459,0.41731894788801915,0.5785205556730837,7.051688879486637e-05,0,15.1669395740514,0.8475517552371612,0.5545999000820122,14181,29,24.563700148005324,3.905219597007711,2.952686718485975,9.0,62.278,0.000986262768580486,0.49206409332848644,0.9366658493011525,1.0570873786407766,0.05429669383157755,92.91011,252,271,0.9298892988929889,482,513,0.9395711500974658,893,944,0.9459745762711864,25112,26819,0.936351094373392
79,4152.416799125939,48.08703175411623,0.7187335092348285,0.279155672823219,0.0002638522427440633,0,15.681289771053288,0.848543386374589,0.9269817243986401,3790,16,26.445419220535154,3.6718218257873994,3.041116005873715,8.0,11.257,0.0,0.2413234418811381,0.9546685505710585,1.043935692331941,0.04261075414271221,42.324052,688,741,0.9284750337381916,1674,1771,0.9452286843591191,2809,2942,0.9547926580557444,19153,20025,0.95645443196005
80,4013.250366010384,56.729447892335266,0.6554621848739496,0.34105349456855916,0.0,0,14.396655646809261,0.8560857873054257,0.8391705859376113,4879,29,23.339733007824698,3.7582846529729843,2.424953095684803,7.0,14.585,0.0,0.16876304674892248,0.9556395762362895,1.04266185969656,0.04106687726603726,50.187826,541,571,0.9474605954465849,1288,1336,0.9640718562874252,2084,2189,0.9520328917313842,21615,22617,0.955697042048017
81,261.7658622514809,43.90657664372839,0.4765446224256293,0.5196414950419527,0.0,0,11.381133270170679,0.8489880245531684,0.5965600524012373,5244,17,23.2551650357139,3.5958217649778086,2.328531412565026,7.0,20.521,0.0,0.31177635003755133,0.963416652872041,1.033970099667774,0.03316928740047213,39.400772,957,1024,0.9345703125,2181,2248,0.9701957295373665,3556,3652,0.9737130339539978,16586,17240,0.9620649651972157
82,5918.5667971953235,55.11050461059189,0.8227126208777585,0.17480783535829408,0.0,0,9.125442045733154,0.856101890786014,0.9490452440091344,4033,16,21.1750866606155,3.5283627191580424,2.444243520192887,6.0,8.546,0.0,0.250637692937276,0.9576590461512116,1.042447369549372,0.04077861278797585,51.80265,1068,1143,0.9343832020997376,2291,2360,0.9707627118644068,3686,3815,0.9661861074705111,15324,16040,0.9553615960099751
83,3340.649612304287,96.180168415016,0.5386313465783664,0.4573550070238812,0.0,0,17.7493672449125,0.8476496929510445,0.7117463325961126,9966,30,25.052269321038374,3.8939192255289927,2.7119970193740683,8.0,37.214,0.0,0.3329895427015155,0.9285536646889544,1.0691996997533688,0.06482158282942388,84.272,222,243,0.9135802469135802,549,589,0.9320882852292021,867,928,0.9342672413793104,24498,26387,0.9284117178913859
84,5071.384132869112,56.56605858016157,0.7378961267605634,0.25880281690140844,0.0008802816901408451,0,7.851636454477501,0.8608444194670761,0.8201842718089599,4544,22,21.244792408636833,3.587815700653266,1.9152997315836564,5.0,10.17,0.0,0.20763210069647695,0.9736637313127176,1.0259175722780398,0.026282204674164474,53.336298,982,1034,0.9497098646034816,2279,2328,0.9789518900343642,3472,3545,0.979407616361072,17039,17508,0.9732122458304775
85,3807.5587270852866,49.71842006263298,0.6819976771196283,0.31382113821138213,0.0013937282229965157,0,10.79929941151673,0.8631058773589002,0.7562762942883454,4305,27,21.39793075323223,3.6322900836603393,1.8821525885558583,5.0,11.108,0.0,0.15419379375853193,0.9698255352894528,1.0288052763319957,0.029813425658780535,46.78229,830,877,0.9464082098061574,1980,2023,0.9787444389520514,3139,3219,0.9751475613544579,18510,19101,0.9690592115596042
86,4909.822878129654,73.06752754019836,0.6459358687546607,0.34944071588366893,0.0011931394481730052,0,12.156290497607479,0.8549007469459359,0.7235834993078304,6705,19,19.82740564526366,3.72847522247819,1.8517663357192333,5.0,18.414,0.0,0.3544171969860298,0.9567387048481825,1.0416570327552988,0.04231306521579296,69.212236,612,652,0.9386503067484663,1464,1525,0.96,2728,2825,0.9656637168141593,20120,21049,0.9558648866929546
87,-1450.8335720194273,80.43103128278209,0.4272228109045371,0.5688276659281379,0.0,0,19.66175842906421,0.8501544362313485,0.590952699220997,10381,24,21.46933904136196,3.896655737412226,2.5186020293122886,9.0,43.315,0.00038517091959557054,0.4288572897296571,0.9719521316379955,1.025552674672489,0.0251226302532149,69.387816,258,271,0.9520295202952029,557,573,0.9720767888307156,994,1016,0.9783464566929134,26780,27554,0.9719097045800973
88,1044.7905985346033,37.32558381162941,0.520579268292683,0.4715447154471545,0.002540650406504065,0,13.786306611459187,0.8538983443039277,0.695970738316903,3936,20,25.03017175450455,3.608119799205396,2.3142996583699365,8.0,14.128,0.0,0.1958784253589972,0.9723792343154941,1.0256699122877606,0.02744746383874615,32.050368,871,930,0.9365591397849462,2039,2106,0.9681861348528015,3231,3313,0.9752490190159976,18115,18596,0.9741342224134223
89,-432.78324291436513,98.08998992025874,0.4613352545629203,0.5346621837976305,0.0001601024655779699,0,16.457686029330457,0.8582572783624349,0.5398599511567311,12492,28,23.59417797139495,3.8623229258800196,2.252125629012667,5.0,50.074,8.004482510205715e-05,0.45174397168143954,0.923400703944265,1.0747902225465158,0.06992676588707772,91.47652,275,286,0.9615384615384616,742,790,0.9392405063291139,1167,1245,0.9373493975903614,23264,25238,0.9217846105079642
90,2454.367212839406,78.47356656966625,0.5353107344632768,0.4609227871939736,0.00035310734463276836,0,14.576290729034234,0.8512090884830579,0.6607272027103533,8496,20,21.569298768959037,3.7806521231639065,2.278364116094987,6.0,30.346,0.0,0.4262455802433808,0.9471114424152068,1.0500168343870413,0.048075217314174204,71.913464,515,537,0.9590316573556797,1115,1174,0.9497444633730835,1912,1992,0.9598393574297188,21869,23127,0.9456047044579928
91,1708.6614626532971,92.47681801280638,0.5002880184331797,0.4959677419354839,9.600614439324117e-05,0,18.82734678329334,0.8524175940533354,0.6644575969969404,10416,30,25.974899968338452,3.8945632920329367,2.7693341009403185,8.0,41.129,0.0,0.3486196669805258,0.9393193643650682,1.0582349197369352,0.055518661176783106,81.691212,238,251,0.9482071713147411,564,589,0.9575551782682513,892,934,0.9550321199143469,25024,26670,0.9382827146606674
92,5734.476220510247,68.23919646657893,0.7103472343395568,0.2861629733030885,0.00017448961786773688,0,12.524646177298216,0.8418660051173931,0.8027439921965769,5731,23,21.775470811031504,3.7554538637708124,2.1451731761238024,6.0,14.64,0.0,0.24623618843024014,0.9420005388138398,1.0587849312953528,0.055884597216670905,64.072716,565,618,0.9142394822006472,1319,1383,0.9537237888647867,2337,2465,0.9480730223123732,20255,21517,0.9413487010270949
93,935.976592899816,102.3328394784963,0.4809135130678539,0.5139747712094979,0.00016489405556929673,0,12.513907666113134,0.8479450400745022,0.6264668495033905,12129,31,22.874973715017347,3.9265404423341352,2.9415395165438025,8.0,49.54,0.0004120652711389484,0.39834180149354503,0.9263930131004366,1.0700706328847032,0.06612945321675584,91.53991,172,185,0.9297297297297298,346,361,0.9584487534626038,610,649,0.9399075500770416,25390,27430,0.9256288734961721
94,6329.63839871731,83.6578952643529,0.672852233676976,0.3241237113402062,0.0001374570446735395,0,8.32112463317268,0.8436678148298887,0.8413232901534058,7275,20,24.5472133310989,3.8259080656378246,2.6449438202247193,7.0,21.86,0.0,0.3616428121394442,0.9344015287935026,1.0626500683388127,0.05912658621762733,76.653004,395,423,0.933806146572104,904,943,0.95864262990456,1518,1586,0.957124842370744,22609,24259,0.9319840059359413
95,5808.383149262739,64.682669257072,0.7369435343996916,0.2595875891308537,0.0003854307188282906,0,9.166979625107771,0.846517421267184,0.8401495138188066,5189,17,23.55264892216172,3.7173129423238027,2.052039748953975,6.0,11.945,0.0,0.30313165610037873,0.9516285570092007,1.0491229434872233,0.047162831989346746,60.845428,618,656,0.9420731707317073,1605,1677,0.9570661896243292,2690,2808,0.957977207977208,19600,20618,0.9506256668930061
96,44.22144203059796,99.37871290044973,0.460314816357125,0.5352710918630799,8.328475056217206e-05,0,17.452341321238777,0.8612269775419111,0.651769176215762,12007,27,23.227471540023846,3.9293629696314043,2.812375610638683,9.0,49.418,0.0002497918401332223,0.4452922188254773,0.9396827581460964,1.0549828178694158,0.05236558087971568,85.712126,166,182,0.9120879120879121,351,375,0.936,609,642,0.9485981308411215,26184,27864,0.9397071490094746
97,4953.406559516866,72.2820245515493,0.6465831615665134,0.35103852861899476,0.00031710797526557794,0,9.79862656823032,0.8286399962752286,0.8264705252579614,6307,30,23.818719353180633,3.8878620170079565,2.8052967140755274,8.0,20.274,0.0,0.21140496766334663,0.9274478330658106,1.0720094579586572,0.06755138694871284,63.857984,227,251,0.9043824701195219,536,558,0.9605734767025089,1072,1140,0.9403508771929825,24166,26086,0.9263973012343786
98,3769.2522092013182,51.73328368088545,0.6645907473309609,0.3329626334519573,0.00022241992882562276,0,15.483676876457253,0.8397608701040155,0.8103495622827963,4496,17,20.026259843523317,3.7660752188276696,2.4447791164658637,7.0,13.241,0.0,0.26632037377885504,0.9643885157576205,1.033612201080921,0.032939581028514325,47.135716,526,573,0.9179755671902269,1164,1201,0.9691923397169026,2381,2450,0.9718367346938775,22062,22874,0.9645011803794702
99,6877.934778251995,95.52121626310128,0.660604656550446,0.3355728020386888,0.00034750376462411677,0,12.63798996294792,0.8443820820255958,0.7401088969195474,8633,23,21.17148414562177,3.8632437311013237,2.361038050149044,6.0,25.621,0.00011582117211026175,0.3756784637728522,0.9040428281336533,1.0942800935377306,0.08666329455403811,90.799948,256,270,0.9481481481481482,671,722,0.9293628808864266,1308,1404,0.9316239316239316,22251,24689,0.9012515695248896
100,1484.8926492766036,92.17127460948662,0.49324898498725334,0.5016523463317911,0.0006609385327164573,0,11.361983722074044,0.8377013192346251,0.6784448484821841,10591,27,25.139967241659953,3.9404863617473502,3.4831546707503827,9.0,44.675,0.0,0.38954648481023013,0.9086626353536774,1.0853558864290538,0.07966090726719731,81.057806,139,149,0.9328859060402684,270,296,0.9121621621621622,500,544,0.9191176470588235,24937,27455,0.9082862866508833
101,1301.3206423022348,85.55333724780452,0.4872651356993737,0.5083507306889353,0.00010438413361169103,0,13.560118855271618,0.8366350142875643,0.6998463288641023,9580,28,22.061778590218637,3.9328688371350937,3.1263924592973438,9.0,38.786,0.00010437323870159691,0.3415113134487734,0.9338029628094893,1.0624088351739946,0.0589171974522293,72.556952,133,139,0.9568345323741008,398,424,0.9386792452830188,535,564,0.9485815602836879,25976,27832,0.933314170738718
102,-2048.7542577998984,113.10223713408922,0.42884033613445377,0.5661176470588235,0.0,0,10.96267259441541,0.8473223127901891,0.5999889939695122,14875,30,20.273230699004273,3.937700768480776,3.1782411036212572,9.0,65.519,0.0007389493483810291,0.49270926203895726,0.9325467804072647,1.0617395223073456,0.057908551800123144,99.647588,144,152,0.9473684210526315,341,358,0.952513966480447,534,566,0.9434628975265018,26092,27996,0.9319902843263324
103,-2478.263565167458,99.31378580067751,0.41392576946288473,0.5810199155099578,0.00022631261315630657,0,8.744831662524252,0.8423495079884114,0.5963880439223415,13256,27,22.561076729830102,3.9195677570476026,3.2795698924731185,9.0,59.809,0.0009044317154054868,0.49560987974359105,0.9071692482592013,1.0866195414259572,0.07998038895244321,85.96777,149,164,0.9085365853658537,407,433,0.9399538106235565,720,773,0.9314359637774903,24259,26778,0.9059302412428113
104,2696.80834685573,46.47046691085515,0.6110225461170576,0.3823730357549533,0.0013664313368253246,0,5.356382400634027,0.8355323172127617,0.7529255506698801,4391,23,19.902617954418858,3.7307887327460763,2.537085352217667,7.0,14.486,0.0,0.19053393101537622,0.9622839969947408,1.0368236755901954,0.036798494771501974,41.83039,558,589,0.9473684210526315,1436,1479,0.9709263015551048,2328,2402,0.9691923397169026,21294,22150,0.9613544018058691
105,4797.393259426391,97.61819537173709,0.5823438306659783,0.413939081053175,0.0,0,14.598478530195498,0.852363521354945,0.7351159053425591,9685,28,20.798824064289207,3.90630238297222,2.647340425531915,8.0,33.581,0.0,0.3421708759641673,0.9430470027484953,1.0545054330736172,0.05173039490613968,88.090438,220,232,0.9482758620689655,488,513,0.9512670565302144,851,892,0.9540358744394619,25547,27106,0.9424850586585996
106,4983.195634651713,51.48712274215002,0.7720739219712526,0.22433264887063656,0.0002566735112936345,0,10.635694100070587,0.8524265512110072,0.896017267909535,3896,21,21.18824284180885,3.6581751418104846,2.0877659574468086,6.0,8.399,0.0,0.18592150405235822,0.9612846808172351,1.039315762191475,0.038302752293577984,47.527116,766,809,0.9468479604449939,1819,1894,0.9604012671594508,3176,3300,0.9624242424242424,18423,19155,0.9617854346123728
107,4214.292109613585,60.24763645359009,0.6533841754051477,0.34318398474737843,0.0005719733079122975,0,12.257224753307563,0.8544729725674217,0.8070373402174399,5245,31,23.827816853432406,3.814754725147536,2.4161073825503356,7.0,15.589,0.0,0.17061282067432768,0.9608318264014467,1.0375893472660644,0.03745735570563253,53.787608,416,448,0.9285714285714286,1005,1043,0.9635666347075743,1723,1781,0.9674340258281864,23423,24378,0.9608253343178276
108,-69.8218712777988,100.57884651131391,0.46318919787815466,0.532390290950008,8.037293039704228e-05,0,12.454432769215565,0.8547076744575995,0.6089734042781829,12442,28,22.98773245802777,3.9000534904967794,2.842616692694777,8.0,51.65,0.00040170322165983773,0.448900524735223,0.9521981252810349,1.0447958297132929,0.0429673276175974,89.994016,227,239,0.9497907949790795,573,609,0.9408866995073891,820,861,0.9523809523809523,25909,27202,0.9524667303874715
109,3298.2364023162604,62.75067878087543,0.595253682487725,0.4004909983633388,0.00016366612111292964,0,10.849214144451697,0.8565084474187363,0.7038774351533013,6110,17,27.515038053907414,3.6591724301446087,2.0932086884795162,7.0,19.023,0.0,0.35745465217350925,0.9664217027597529,1.0319040526769616,0.031058253162639195,57.719246,758,809,0.9369592088998764,1783,1843,0.967444384156267,2833,2921,0.9698733310510099,19349,20009,0.9670148433205058
110,4827.314242321659,49.33958193781813,0.7778651980068187,0.22029897718332023,0.0005245213742460005,0,14.10748579127646,0.8762213050374035,0.8414951840601064,3813,17,23.645379989229646,3.098055487683887,1.5896830748482804,4.0,6.88,0.0,0.23108021047078098,0.9626307034220533,1.0364536722152615,0.03657489554118253,47.25749,2432,2619,0.928598701794578,3790,3926,0.9653591441670912,3783,3879,0.9752513534416086,6198,6408,0.9672284644194756
111,2391.7576936865244,115.67592358028837,0.5095799834698325,0.486512886016981,0.0,0,12.651282251443414,0.8472772500906783,0.6390588056798064,13309,29,21.99042052543191,3.875761624013455,2.8268947213211444,7.0,51.702,0.00022536057692307694,0.45797906288337975,0.9058548351728675,1.0909425761538178,0.0831043495744253,106.403204,253,266,0.9511278195488722,552,595,0.9277310924369748,1159,1240,0.9346774193548387,22822,25261,0.9034480028502434
112,192.30464229991742,110.65665377184492,0.4712038106235566,0.5243937644341802,0.0001443418013856813,0,11.092686321185884,0.8486803068035006,0.5952672706358018,13856,28,22.592347713206458,3.8882384415151603,2.9390412007964466,8.0,57.211,0.0008653014133256418,0.49447628131666677,0.9082150101419878,1.0871980411504587,0.08053020715380003,102.438384,223,231,0.9653679653679653,538,579,0.9291882556131261,1028,1106,0.9294755877034359,23285,25692,0.9063132492604702
113,6482.523742092492,68.9026469798585,0.7576549663928305,0.24066467513069456,0.00018670649738610905,0,12.110072797968973,0.8479640104940821,0.8609236141035173,5356,22,23.24675486537428,3.6168159313691706,2.102513553474618,6.0,12.053,0.0,0.2413425816905,0.9574158031088082,1.041179811749432,0.03972634688641841,64.461332,844,906,0.9315673289183223,1921,1995,0.962907268170426,3272,3393,0.9643383436486884,17615,18410,0.9568169473112439
114,1071.0414834851913,84.10529568996257,0.49272874166834985,0.5040395879620279,0.0003029690971520905,0,9.279363260833545,0.84263144065718,0.6066563049504867,9902,22,21.826012402342165,3.8245608049408237,2.5843410534945686,7.0,38.666,0.0004037956793862306,0.447163753469763,0.9306872473355384,1.0649816822706584,0.0617564911554774,77.128436,356,384,0.9270833333333334,884,931,0.949516648764769,1509,1596,0.9454887218045113,22575,24299,0.9290505782130952
115,1722.785897860365,87.36414345472416,0.5060070671378092,0.489449772841999,0.00020191822311963655,0,14.221357091022178,0.8548098162441496,0.6420943301727219,9905,20,25.086405109760847,3.7738343522149824,2.4054269752593775,7.0,37.038,0.0003027856277755349,0.4929393932451107,0.9521033676159358,1.0448234679405837,0.043674324468273976,79.303562,497,519,0.9576107899807321,1199,1255,0.9553784860557769,1880,1968,0.9552845528455285,22067,23191,0.9515329222543228
116,3596.2533769008683,65.2698474363653,0.6021623315575055,0.39329363835788156,0.00031338138514572234,0,12.295059710922608,0.8508331173892916,0.7338359971227528,6382,26,20.165515711237937,3.8129869987836384,2.5914650013010667,7.0,21.273,0.0,0.24676110306560514,0.9592294880150627,1.038915308382038,0.03790148401031143,59.53718,451,486,0.9279835390946503,999,1038,0.9624277456647399,1704,1760,0.9681818181818181,23338,24334,0.9590696145311087
117,4055.0528757739544,84.64025186334298,0.5797477307556289,0.4169515501591418,0.00011788282447247436,0,12.771909744063699,0.8604859053966731,0.709787230474423,8483,23,23.7908542038537,3.8007998776841303,2.5262301748678326,8.0,29.046,0.00011786892975011787,0.36992554313294695,0.9384928716904277,1.0580880437613962,0.05517458540340074,77.356724,411,444,0.9256756756756757,1065,1111,0.9585958595859586,1698,1799,0.9438576987215119,22170,23651,0.9373810832522937
118,2864.8396412469588,84.4713360161431,0.5444273804300132,0.451952610794208,0.00021939447125932427,0,14.172007528886109,0.8611401872715175,0.6450178982791349,9116,29,22.159727944722878,3.8054238840731847,2.2542816844650413,7.0,31.946,0.0,0.31300244748649864,0.9492183209460696,1.0492285084496693,0.04726524347704758,78.67266,407,438,0.9292237442922374,1042,1083,0.9621421975992613,1676,1759,0.9528140989198408,22801,24033,0.94873715308118
119,6288.849906078605,100.3155762394035,0.6324475814822503,0.3647498443014324,0.0,0,14.247542387054095,0.8628151162209419,0.6808637808043462,9634,20,24.741678006459132,3.6585287197903917,1.7456097160676185,5.0,26.857,0.0005187260089220873,0.4792159946781923,0.9386171871875875,1.0618432662228283,0.05854227844288833,96.822794,700,734,0.9536784741144414,1692,1766,0.9580973952434881,2677,2825,0.9476106194690266,18403,19682,0.9350167665887613
120,4985.600827447199,70.78908318247191,0.6540618490626502,0.34177215189873417,0.0003204614645088928,0,10.683329445603562,0.8625511926894356,0.8155796944114984,6241,26,21.65132596899584,3.7961040619704147,2.379715825575698,8.0,18.346,0.0,0.24124776659898925,0.9528180176195216,1.046124231879766,0.04445070620971434,64.065214,447,490,0.9122448979591836,1089,1153,0.9444926279271466,1838,1924,0.9553014553014553,22475,23562,0.9538663950428656
121,5979.8485666132965,90.21585520071562,0.6383907503539406,0.3567720622935347,0.00011798017932987259,0,8.865233601311894,0.862234602913054,0.7380636868516717,8476,20,18.523272671414183,3.7632884827047857,2.7120680096100536,7.0,26.976,0.00011796626164916834,0.41868183805668,0.9490544046321013,1.0490968739394397,0.047214759090094933,86.08979,536,557,0.9622980251346499,1299,1344,0.9665178571428571,2133,2230,0.9565022421524664,21274,22466,0.9469420457580343
122,3404.655856253156,113.5307511593886,0.5328705919897878,0.46290090952608903,0.0,0,13.200403511069377,0.8606827671812164,0.6486487251479152,12534,28,22.122161566637615,3.880376179562371,2.490642311723312,7.0,45.679,0.0001595405232929164,0.45062064819135184,0.932871849485268,1.0646013277178956,0.060812162432486494,105.193842,235,248,0.9475806451612904,592,624,0.9487179487179487,1104,1187,0.9300758213984835,24348,26111,0.9324805637470798
123,4603.48178506177,68.94802595022874,0.6437856689917565,0.35256816740646796,0.0001585288522511097,0,9.582375201058206,0.8515347339629094,0.7321982045251957,6308,27,22.940070252527235,3.7997091607211098,2.0418616104407783,5.0,18.082,0.0,0.22890678205957976,0.9553515924964348,1.0437956204379562,0.042304324986867446,64.266814,435,462,0.9415584415584416,1047,1093,0.9579139981701739,1892,1982,0.9545913218970736,22752,23810,0.955564888702226
124,4564.635482986228,56.79546591160026,0.6958535045253631,0.3016207114291728,0.0,0,11.685944981689097,0.8593840851145437,0.8565235869523595,4751,20,21.576281005988328,3.727570087544971,2.2447065940713853,7.0,12.347,0.0,0.23742436242450585,0.9732095690891254,1.026530612244898,0.02591244900209505,51.472742,637,668,0.9535928143712575,1663,1706,0.9747948417350527,2578,2631,0.9798555682250095,20914,21497,0.9728799367353584
125,5518.865023362629,68.54323291122437,0.6961770623742455,0.301140174379611,0.00016767270288397049,0,9.78740407344229,0.8659132285276012,0.7716722399684238,5964,18,22.376906374272746,3.5416215095365513,2.0763487475915223,6.0,15.473,0.0,0.32496243757127485,0.948706915099617,1.0507721508066603,0.04863470749580382,65.681948,1048,1104,0.9492753623188406,2419,2497,0.9687625150180216,3646,3780,0.9645502645502646,14934,15858,0.9417328793038214
126,4854.231247490443,97.03768965020198,0.5887013788845441,0.40882897715579336,0.00010290183165260341,0,13.190192886886873,0.8545064535334131,0.6956478562638815,9718,24,20.83378552606675,3.840736623529123,2.2389442405173923,7.0,31.595,0.00010289124395513942,0.4039205641240533,0.9381342418092201,1.0597101871404646,0.056264322604918426,90.47047,357,377,0.946949602122016,849,887,0.9571589627959414,1405,1464,0.9596994535519126,23274,24864,0.9360521235521235
127,924.8736408385528,101.96196620592781,0.4810725552050473,0.5145276440312136,0.0,0,14.760359932888964,0.8666411899675727,0.6326740944605407,12046,27,20.92371386083199,3.900914905615254,2.6379637618636758,8.0,47.303,0.0002489833181176861,0.4527294399432714,0.9326821727215234,1.0620968313603176,0.05895189287485535,90.599082,208,226,0.9203539823008849,513,544,0.9430147058823529,924,986,0.9371196754563894,24901,26706,0.9324121920167753
128,4905.956819258276,44.163903587599584,0.8498086734693877,0.14732142857142858,0.0015943877551020409,0,11.246238479787237,0.8357280485739751,0.9030632644711505,3136,18,23.969233270299693,3.1535989193195237,1.8945590994371482,4.0,5.292,0.0,0.1740829454061713,0.9342238186103939,1.0670117594103414,0.06457370852582948,42.261754,2081,2204,0.9441923774954628,3588,3739,0.9596148702861728,4008,4215,0.9508896797153025,6969,7660,0.9097911227154047
129,2147.033038569083,107.60007427474507,0.5022461814914645,0.4930164175447194,0.0,0,12.215909821207326,0.8331602210274777,0.6777313702535616,12243,27,22.661991206756053,3.8962399862052792,3.3820133355017075,8.0,50.59,0.0006530079177210023,0.4577337444400238,0.8865375462234101,1.10703567855952,0.0962842868014426,96.499748,167,181,0.9226519337016574,482,516,0.9341085271317829,821,920,0.8923913043478261,22744,25696,0.885118306351183
130,1896.3846780306883,72.8819151630064,0.5149017121116043,0.4800253646163602,0.00012682308180088776,0,7.177639456130198,0.8503545445137295,0.6914839231382767,7885,22,19.065703469589426,3.8463139840285097,3.023645320197044,8.0,31.078,0.0,0.35904486309736505,0.9454441383751296,1.0516423488823403,0.04941168469019928,63.575054,311,334,0.9311377245508982,826,868,0.9516129032258065,1378,1452,0.9490358126721763,23913,25299,0.9452152258982568
131,3660.5150392157752,67.77226168486695,0.5977848581398877,0.3978152025489304,0.0004551661356395084,0,8.448401454771222,0.8500328626524752,0.7279243698869787,6591,25,18.965427009533645,3.8125736270525574,2.5949238578680203,7.0,21.926,0.0,0.2620347893001448,0.9356067611051522,1.0629323811649185,0.05997496697030805,61.356762,376,411,0.9148418491484185,933,1016,0.9183070866141733,1712,1820,0.9406593406593406,22275,23790,0.9363177805800756
132,3260.233472125325,107.28842197325208,0.5348876642645188,0.4618906316235693,8.47816871555744e-05,0,20.382712480947042,0.8302289444975958,0.6444560057666506,11795,25,25.059126702959997,3.8502232387186894,2.336820415279759,7.0,42.376,0.000423728813559322,0.4698990892102679,0.9083881943930764,1.086813720001493,0.08027756990271447,99.335242,290,311,0.932475884244373,732,797,0.918444165621079,1247,1351,0.923019985196151,22292,24579,0.9069530900362097
133,6442.30981729035,79.3292663544664,0.695859398272267,0.3002680965147453,0.0002978850163836759,0,13.917683480429053,0.8602924721869505,0.8233226567644849,6714,21,23.284777855244737,3.787613302867483,2.5961044520547945,7.0,19.138,0.0,0.32120903661758304,0.9516456724908574,1.0476931628682602,0.046191247974068074,73.977384,439,464,0.9461206896551724,1130,1190,0.9495798319327731,1961,2056,0.9537937743190662,22232,23361,0.9516715894011386
134,3468.180427713078,40.61944075203906,0.7170613236187007,0.27838494231936856,0.0009107468123861566,0,19.50226918484719,0.8673893993370718,0.8561416316792965,3294,18,22.221505122686942,3.445160434020673,2.0690093141405588,7.0,8.002,0.0,0.1804222877367487,0.9649547369364525,1.0351153275482217,0.03532056547490381,37.174238,1184,1295,0.9142857142857143,2713,2817,0.9630812921547746,4383,4536,0.9662698412698413,13252,13666,0.9697058393092346
135,3035.0929375021087,60.48572631697223,0.591897233201581,0.40464426877470355,0.0006587615283267457,0,13.195464870521718,0.8319921556652279,0.6667329312949474,6072,28,22.968643416897294,3.764726659571249,1.9140233722871451,5.0,18.602,0.0,0.21496432231718016,0.959592567718827,1.0391011235955057,0.039079305894163203,57.206644,514,562,0.9145907473309609,1301,1356,0.9594395280235988,2263,2350,0.9629787234042553,21641,22534,0.9603709949409781
136,1774.8727329441663,106.9801658244383,0.49661030793106264,0.49914236706689535,0.0002450379808870375,0,16.997486279465758,0.8510975979191011,0.6705613994151401,12243,30,22.105222382794466,3.9262016222132123,2.9643092105263156,9.0,49.344,0.00016333197223356472,0.4088485235575564,0.9459774448976793,1.049556850708694,0.04790966352273098,94.753014,176,189,0.9312169312169312,421,439,0.958997722095672,626,657,0.9528158295281582,26374,27888,0.9457114170969593
137,3262.7254302343654,47.53661654141056,0.6493567251461988,0.34362573099415206,0.0030409356725146198,0,13.715450140421373,0.85512109782318,0.7618286570754609,4275,21,23.82140698858329,3.5584854590075414,2.0936599423631126,7.0,12.011,0.0,0.20476234854001202,0.9745619459905174,1.0232192376143372,0.02598184884748213,43.762276,943,1014,0.9299802761341223,2337,2410,0.9697095435684647,3764,3869,0.9728612044455932,16594,16962,0.9783044452305153
138,2567.3158691734584,86.89270066218486,0.530295019562229,0.4660040181875859,0.00010574177857671566,0,15.15445838181149,0.8485096011805843,0.6705060615257304,9457,25,23.662479427601337,3.849333318083852,2.4045862412761716,7.0,34.722,0.00010573059843518714,0.37649402147936384,0.9350865151898277,1.0613767008658954,0.05862549733056755,78.490106,321,350,0.9171428571428571,715,759,0.9420289855072463,1422,1529,0.9300196206671026,23428,25045,0.9354362148133359
139,3006.509998514553,38.270699821410325,0.6884944920440637,0.3081395348837209,0.0009179926560587516,0,6.2474573671920535,0.8549015647927714,0.7934076064042864,3268,16,20.751962418917106,3.2831018767994204,2.115111111111111,7.0,8.679,0.0,0.19938445414947797,0.9750660581311554,1.023978044200491,0.02473879023567446,35.448922,1603,1695,0.9457227138643067,3423,3501,0.9777206512425022,4726,4821,0.9802945447002697,10544,10798,0.9764771253935914
140,2405.7853995000687,90.83055832342363,0.5220903560386955,0.47392041487982445,0.0,0,12.92582166939656,0.8541103456313088,0.6751226334960183,10027,27,22.75803562843953,3.8791532347938293,2.566380133715377,8.0,37.386,0.0,0.36942662642278057,0.9358951592854352,1.0612091760165798,0.057821649657018574,81.899812,250,270,0.9259259259259259,603,645,0.9348837209302325,1081,1142,0.946584938704028,24418,26100,0.9355555555555556
141,4779.4410310942285,65.46181862632086,0.6651770367823995,0.3308697146785837,0.0005156411137848057,0,8.931204036805603,0.8431670399561597,0.7631707554153138,5818,23,25.244764873777335,3.7542962400999627,2.4813953488372094,7.0,17.164,0.00017185083347654237,0.25196671819225164,0.9335545638326277,1.0665671413259838,0.06331058630176141,61.677584,469,504,0.9305555555555556,1219,1303,0.9355333844973139,2221,2347,0.9463144439710268,20566,22063,0.9321488464850655
142,5233.600215852318,56.13934982625576,0.7533905967450272,0.24254068716094032,0.0009041591320072332,0,7.602416841081236,0.8572261503434145,0.84775469184777,4424,27,20.953436845088532,3.6059557444187353,2.1344134413441345,6.0,10.11,0.0,0.1599632983361616,0.9619051482818776,1.0374705356417133,0.03684745232885277,52.788946,858,914,0.9387308533916849,2080,2158,0.963855421686747,3385,3487,0.9707484944078004,17387,18090,0.9611387506909895
143,4882.639090278919,55.4255350182261,0.7284635879218473,0.26798401420959145,0.0004440497335701599,0,10.79966496546161,0.8556262694700452,0.8271987982285792,4504,27,18.976816969345194,3.6591856165472896,2.2395611094178602,6.0,11.577,0.0,0.16531289189158907,0.9638464259048218,1.0355497815046653,0.034635811836115325,51.77541,751,797,0.9422835633626098,1811,1872,0.9674145299145299,3082,3172,0.9716267339218159,18883,19606,0.9631235336121595
144,5207.8290785068975,62.64083534566522,0.7052651659671881,0.29111026325829836,0.00038153376573826786,0,11.232886901777935,0.852180063239822,0.8093731105889362,5242,25,23.702261736855473,3.749774255691546,2.4306194211522856,7.0,14.211,0.0,0.21004869851293526,0.9475525805347431,1.0510893204624365,0.049043365040326956,58.331018,513,541,0.9482439926062847,1389,1464,0.9487704918032787,2500,2605,0.9596928982725528,20512,21683,0.9459945579486233
145,3558.590030464547,34.81694455722188,0.7977142857142857,0.19847619047619047,0.0015238095238095239,0,9.632484139407545,0.8677148211707725,0.8775499068693272,2625,16,21.22607654564451,2.915112747583678,1.8500477554918815,6.0,4.83,0.0,0.1645581114091434,0.9628784999366528,1.0359547706771695,0.03596946564885496,32.844744,2617,2780,0.9413669064748201,3960,4084,0.9696376101860921,3884,4013,0.9678544729628706,4739,4909,0.9653697290690568
146,3194.067301446538,103.41573287445837,0.5332022522119939,0.4630440611314684,0.0,0,11.49488494346568,0.8433884451296846,0.6539240936313686,11189,29,23.363495200685485,3.8909433937740125,2.5179349648005362,7.0,40.937,0.0,0.3863948501210309,0.9268014404392627,1.0719501718213058,0.06702814184019693,93.930864,220,234,0.9401709401709402,584,609,0.9589490968801314,1085,1149,0.9442993907745866,24105,26055,0.9251583189407023
147,3826.406539962654,96.6276742669887,0.5584835423197492,0.43789184952978055,0.0,0,9.815335318033078,0.8602231669839973,0.6664790582524931,10208,26,22.081227699393914,3.8611765465834793,2.4553587089984212,8.0,35.693,0.0,0.3911849547218904,0.9479944772896237,1.0488699056771666,0.047061601781256325,90.144132,287,308,0.9318181818181818,745,792,0.9406565656565656,1206,1267,0.9518547750591949,24540,25880,0.9482225656877898
148,-1410.4490584685952,108.86594720026419,0.4416812609457093,0.5541155866900175,0.00021015761821366024,0,9.169566169943867,0.8454528250168007,0.5736888239798085,14275,29,23.12492282956017,3.900839916687485,3.2342585249801745,8.0,62.673,0.0006300756090730887,0.4933722944591874,0.90729215382955,1.0879527245042235,0.08099976857208979,98.918604,196,209,0.937799043062201,465,497,0.9356136820925554,918,994,0.9235412474849095,23641,26097,0.9058895658504809
149,2121.058324741877,78.85130095654996,0.5289425706472197,0.46798085688240654,0.00034184138559708297,0,14.46670112691631,0.8582689892856968,0.608552762219282,8776,21,21.39227589899327,3.6775177133971786,1.7871607065919861,5.0,29.869,0.00045558086560364467,0.41799569938692527,0.9533717330825595,1.044988409099839,0.04369168509011878,73.633964,716,762,0.9396325459317585,1669,1727,0.9664157498552403,2698,2787,0.9680660208109078,19248,20245,0.9507532724129415
150,5695.897998232956,100.14571341794802,0.6118156199677939,0.38446054750402575,0.00010064412238325282,0,10.655549274364017,0.8476841424078948,0.6656872724696066,9936,24,24.336526559100935,3.7754657182570934,2.0569172561276527,5.0,30.563,0.00010063399416322834,0.41244946901731006,0.9421305790670793,1.057230493005162,0.05487031294051311,96.575544,448,475,0.9431578947368421,1130,1169,0.9666381522668948,2033,2106,0.9653371320037987,21656,23069,0.9387489704798647
151,4959.602219085042,65.3952540314612,0.675742139469524,0.31916388547338836,0.0007026172492534692,0,7.426966508373672,0.8595498116893348,0.791854802792608,5693,28,22.119471435157863,3.7862063280196425,2.3049129191577853,7.0,16.111,0.0,0.20647038644275603,0.9616117914497323,1.0369444546557365,0.03625441696113074,60.139942,483,511,0.9452054794520548,1197,1234,0.9700162074554295,2044,2108,0.969639468690702,22503,23421,0.9608044063020367
152,5992.921993986336,94.90713180980681,0.630140056022409,0.3661624649859944,0.00022408963585434174,0,14.764016798676016,0.8546162815325749,0.7367282211814471,8925,29,22.492375771531847,3.8678487689018795,2.3508179231863444,7.0,27.583,0.0,0.3051122553939679,0.9437375604208132,1.0549493652831265,0.05259613441982625,88.526568,278,296,0.9391891891891891,666,699,0.9527896995708155,1285,1348,0.9532640949554896,24324,25793,0.9430465630209747
153,3477.037539717173,68.21588887111585,0.591941391941392,0.4045421245421245,0.00014652014652014652,0,11.351640017739882,0.8487248112496885,0.6956257124343174,6825,21,21.60612499623261,3.666443376535794,2.1396039603960397,7.0,21.728,0.0,0.32895811914416884,0.9389774821700457,1.059872047640124,0.05737054802281225,63.635084,650,694,0.9365994236311239,1798,1883,0.9548592671269251,3184,3336,0.9544364508393285,17803,19045,0.9347860330795484
154,2102.8883419409667,66.71986055560545,0.5406455068970135,0.45386366680058926,0.0005356903709655819,0,6.3343812329278215,0.8528272732125006,0.5961899644624379,7467,17,22.862696813897223,3.551052911433079,2.202625712162497,6.0,26.405,0.0005354035604336768,0.44080288070131624,0.9410031981147955,1.056701030927835,0.05499661987513421,64.260232,910,960,0.9479166666666666,2230,2293,0.9725250763192325,3293,3434,0.9589400116482236,15929,17077,0.9327750775897405
155,3754.146414401926,35.38778251360086,0.820839580209895,0.17766116941529236,0.0003748125937031484,0,11.905791104377187,0.8419418106021415,0.817791884933258,2668,17,25.346115186221525,2.328440869211098,1.387214611872146,3.0,3.835,0.0,0.15752287106020718,0.9232997481108313,1.0787649653434153,0.0738364633150589,35.33052,2282,2457,0.9287749287749287,2192,2333,0.939562794684955,1562,1712,0.9123831775700935,1295,1438,0.9005563282336578
156,4150.8571187634725,59.155148020548815,0.6557991380925614,0.3410155518081319,0.0007494847292486415,0,9.312633761528158,0.8518836695729377,0.7519657884866767,5337,21,24.26861818356432,3.608249716508129,2.234857142857143,6.0,15.576,0.0,0.25607121580430514,0.9337096841143996,1.0646425890399533,0.062132596254914935,55.04268,799,857,0.9323220536756126,1962,2074,0.9459980713596914,3081,3236,0.9521013597033374,16652,17924,0.9290336978353047
157,2204.5474435121628,84.9460933651435,0.5270074503311258,0.46947433774834435,0.00010347682119205298,0,10.063484947471832,0.8515210202716014,0.6043020005199505,9664,21,20.75568107615791,3.69013373979163,2.281170233654035,5.0,35.335,0.0006204756980351603,0.46424048883033076,0.8973450606726933,1.1052287314500633,0.09553624042427813,80.166502,630,650,0.9692307692307692,1431,1501,0.9533644237175216,2368,2534,0.9344909234411997,17608,19873,0.8860262667941428
158,6389.669741133469,67.17001778808809,0.7609065155807365,0.23796033994334279,0.0,0,10.097547586351588,0.8548207739028914,0.8633520156280342,5295,16,23.14511454751864,3.548294204454911,2.3167038967485727,6.0,12.612,0.0,0.3361808689464642,0.9293096681348393,1.0743057074130768,0.06977404567766013,63.784206,993,1070,0.9280373831775701,2321,2442,0.9504504504504504,3324,3490,0.9524355300859599,14672,15929,0.9210873250047084
159,2673.2036473580406,59.417414279685424,0.5733443708609272,0.42251655629139073,0.00016556291390728477,0,15.219351498854866,0.8491482978598902,0.684238288665214,6040,17,21.457139777333243,3.5043868468568933,1.907883338146116,6.0,19.009,0.0,0.3552776031139698,0.9587467362924282,1.0405712289282907,0.039658991182247486,54.9922,1124,1199,0.9374478732276897,2541,2617,0.9709591134887275,4055,4186,0.9687052078356426,14312,14978,0.9555347843503805
160,3400.3143472103784,86.26476337490038,0.5570170549548545,0.43930442537063874,0.00033441087950061306,0,12.628998186133455,0.8658743321555883,0.6926703088551064,8971,20,24.90637731094089,3.77044322183123,2.204922953772263,8.0,30.102,0.0004456824512534819,0.44967489076708933,0.959883377620313,1.037233450769516,0.03672366596750684,78.655436,494,519,0.9518304431599229,1227,1269,0.966903073286052,2261,2321,0.97414907367514,22027,22987,0.9582372645408275
161,2503.2324753378825,50.03122417461756,0.5916601101494886,0.40106215578284815,0.002950432730133753,0,4.820450543710071,0.858755819873963,0.6580016200173012,5084,32,23.710318486136465,3.587844186291486,1.7878989361702127,4.0,15.383,0.0,0.16157201425045495,0.9590137031262821,1.0385962021666597,0.04141267156959138,47.22055,892,943,0.9459172852598091,2081,2140,0.9724299065420561,3270,3385,0.96602658788774,17132,17906,0.956774265609293
162,1145.4702284702555,116.87459786283529,0.4855796687607082,0.5107081667618504,7.138777841233581e-05,0,13.84010626478138,0.8561145295734747,0.6024543650163171,14008,30,20.313009426141722,3.9074232534597297,2.8534254630990885,8.0,56.861,0.00014275517487508923,0.46642342111066293,0.9171256974306123,1.0795661977880382,0.07397900417941883,106.6101,176,185,0.9513513513513514,489,528,0.9261363636363636,794,841,0.9441141498216409,24348,26585,0.9158548053413579
163,2755.4778768469746,54.62473938895178,0.5901699250867897,0.40617577197149646,0.0005481454412570802,0,7.695260427853148,0.8610213464600918,0.6869193756456496,5473,18,25.405961480241263,3.59114451045794,2.331578947368421,7.0,17.877,0.0,0.3012843516342715,0.9693918973776082,1.0283479960899315,0.028474522795393597,50.91264,854,923,0.9252437703141928,2231,2295,0.9721132897603486,3526,3629,0.9716175254891155,17269,17787,0.9708776072412436
164,538.8719261206998,33.41148655601162,0.5006532532009407,0.49542722759341523,0.0007839038411288215,0,3.495524883169796,0.8649082120562374,0.5958996188847505,3827,16,20.875341500137562,3.1133836098456027,2.0073068893528183,7.0,14.132,0.0,0.24003782486199793,0.9748005705531195,1.0239254710988779,0.024630288040397793,30.42882,2043,2141,0.9542269967304998,3971,4048,0.9809782608695652,4885,4994,0.9781738085702844,7553,7746,0.9750839142783372
165,-346.5863164615801,52.245178214806415,0.45902612826603323,0.5359263657957245,0.0007422802850356294,0,4.22513950197075,0.8597368782513046,0.5387414670710226,6736,19,25.587242096954853,3.6008079746167194,2.1523285899094438,6.0,26.589,0.00014843402107763098,0.35423695118154586,0.9669001400840505,1.031667670078266,0.03263899643797429,48.76085,820,865,0.9479768786127167,2033,2104,0.966254752851711,3327,3423,0.971954425942156,17978,18593,0.9669230355510138
166,2316.596368139448,37.187304580140925,0.6301093839953944,0.36528497409326427,0.0017271157167530224,0,11.314727043540866,0.8762660331863481,0.7195604528165741,3474,18,22.851326844496647,3.055685255452522,1.6582914572864322,4.0,9.566,0.0,0.19113831583747087,0.9696318342151675,1.0291224580017684,0.03082100315154105,34.636688,2272,2392,0.9498327759197325,4018,4104,0.9790448343079922,4365,4465,0.9776035834266518,6938,7183,0.9658916887094529
167,7421.55789992287,94.89258464066876,0.6834134615384615,0.31322115384615384,0.0001201923076923077,0,10.45484560246042,0.8754143483694982,0.7985279333219547,8320,20,24.142272073662145,3.7798098977133727,2.5643686246922264,7.0,24.084,0.0,0.4213741371875205,0.9329353009650407,1.066123495907359,0.0622887323943662,89.46046,405,427,0.9484777517564403,1162,1221,0.9516789516789517,1991,2091,0.9521759923481588,21287,22892,0.9298881705399266
168,5679.058212896175,52.30650828202897,0.8315598235141448,0.1648066441733714,0.0007786140669608098,0,11.279942005590467,0.8801111958285541,0.8661193364320288,3853,16,22.343357156984958,3.101681072080412,1.7918227215980025,5.0,6.408,0.0002594706798131811,0.23601330358672273,0.946367681904872,1.0551053484602917,0.053031961471103325,51.015436,2207,2322,0.950473729543497,3356,3470,0.9671469740634006,3718,3925,0.9472611464968153,7094,7586,0.9351436857368838
169,2682.8298651210075,85.1767948353118,0.5422349085527012,0.4546992282482292,0.0,0,9.349730353807015,0.8800217496284404,0.6141309804322278,9459,28,24.578402503578978,3.7478258915093607,1.8461688438292065,5.0,31.832,0.0,0.3335183546592261,0.9609215080576129,1.0384859220585494,0.03698792157987169,80.6019,528,550,0.96,1382,1426,0.9691444600280504,2286,2350,0.9727659574468085,21623,22543,0.9591891052654926
170,4997.25810211652,56.92069427192645,0.7292993630573248,0.2683651804670913,0.0006369426751592356,0,13.969911510147435,0.8872415719042319,0.7986483627922443,4710,18,22.95777101714423,3.346250294469486,1.7572052401746725,5.0,10.244,0.0,0.263929114591263,0.9688925159617877,1.0305945737925726,0.03043984175005818,54.570704,1648,1718,0.959254947613504,3321,3399,0.9770520741394528,4214,4302,0.9795443979544398,11000,11412,0.9638976515948124
171,2644.4403491648745,43.126480736569164,0.629729070051257,0.3639248230412497,0.00488162069807176,0,8.708841896083616,0.8729744756224487,0.6811607350728665,4097,23,21.542346203170382,3.101808908185724,1.466279069767442,3.0,10.947,0.0,0.1766563974515932,0.9769811320754717,1.020716140199048,0.02645113886847906,41.199862,2222,2302,0.9652476107732406,3877,3961,0.9787932340318102,4106,4169,0.9848884624610218,7918,8118,0.9753633899975364
172,2259.4546711705193,75.65812550500681,0.5369797859690845,0.45885850178359094,0.000356718192627824,0,13.795392947962643,0.8674846159514737,0.6023305244547513,8410,20,24.968854435732034,3.6723937646692812,1.8560673162090346,6.0,28.161,0.00023775558725630053,0.42164254316638283,0.9678132392290689,1.0305034627655436,0.030199323053779616,71.635968,732,792,0.9242424242424242,1708,1770,0.9649717514124294,2776,2847,0.9750614682121531,19741,20378,0.9687407989007754
173,94.95834567137699,109.17772561537889,0.4733338157609089,0.5231203415587234,0.0,0,9.278837380964193,0.8577836877007694,0.5448819245599699,13819,31,18.730581174550814,3.8860355463624034,2.8006421036538756,7.0,56.873,0.0003616898148148148,0.44257835752462427,0.9406184118060436,1.0568354207091197,0.053699085619285124,103.49342,247,255,0.9686274509803922,567,599,0.9465776293823038,968,1016,0.952755905511811,24988,26590,0.9397517863858593
174,3909.0517360347635,52.148822573194806,0.6718197879858657,0.32376325088339225,0.00022084805653710247,0,9.641616623076942,0.8592626372422925,0.8147676085290886,4528,16,24.235123714934815,3.569682398603944,2.4638395792241945,7.0,13.123,0.0,0.2781965383071072,0.9632301413908241,1.0373719854641559,0.03646185010128292,47.709634,900,961,0.9365244536940687,2231,2299,0.9704219225750326,3594,3712,0.9682112068965517,16642,17287,0.9626887256319778
175,4447.22054335869,62.92798981916538,0.6596830985915493,0.336443661971831,0.0007042253521126761,0,11.621982036476195,0.86709835585585,0.7216634499629186,5680,17,22.13281988807586,3.427255636972292,1.6327728849746463,4.0,14.648,0.0,0.330517972113184,0.9730681767512374,1.0257591342068781,0.026985986376849323,59.826528,1315,1386,0.9487734487734488,2965,3046,0.9734077478660539,4074,4143,0.9833454018826937,13469,13852,0.9723505630955819
176,7255.904996835492,82.02777456363096,0.7287634805732014,0.26931599940907075,0.0,0,10.921757767074208,0.8432306817560996,0.8115267341788461,6769,26,22.63080246467522,3.7644227621058155,2.3288060004054327,6.0,17.147,0.0,0.26096506290814375,0.9378110397751016,1.0617043982010823,0.05821109123434705,77.835522,498,546,0.9120879120879121,1215,1272,0.9551886792452831,2179,2286,0.9531933508311461,20794,22219,0.9358657005265764
177,2507.1256788211826,53.83505926208339,0.5818576075171666,0.4138055655945067,0.0009035056017347307,0,10.194556961845437,0.8751885119748494,0.6602520266817922,5534,26,23.204973732940484,3.566340903129892,1.817391304347826,6.0,17.254,0.0,0.21325963932269426,0.9634396022228722,1.0356828378548366,0.036785124964784484,50.662062,998,1068,0.9344569288389513,2195,2267,0.9682399647110719,3638,3732,0.9748124330117899,16227,16866,0.9621131270010672
178,2846.0637077929446,80.04931738346977,0.5485408673410068,0.4482036972445064,0.0002325311010347634,0,9.064731352079466,0.8751059820742022,0.6673608278944512,8601,25,22.4348384940892,3.852483635147048,2.4194573972022044,7.0,30.506,0.0,0.34486537376014736,0.9639547943282325,1.0327002360900666,0.032529711375212225,73.727734,340,366,0.9289617486338798,778,791,0.9835651074589128,1395,1452,0.9607438016528925,24952,25883,0.9640304446934281
179,4937.741712637315,120.2790434894195,0.5632936351447275,0.43323605962615347,0.0,0,14.13357354456208,0.859998069878468,0.6643467516486667,12679,28,25.610215600428422,3.9038281404394675,2.278913469616354,7.0,43.209,0.00039419741406496373,0.4560608542079362,0.9309047434860579,1.0656224587207863,0.06160496271365406,112.025276,192,204,0.9411764705882353,495,527,0.9392789373814042,884,934,0.9464668094218416,24903,26774,0.9301187719429297
180,6372.039989928244,69.01046350393334,0.7464002879769619,0.25161987041036715,0.00017998560115190784,0,7.270668384727358,0.8467508493521341,0.8255454654718023,5556,18,23.597978628572,3.682035623683655,2.5153122739329636,7.0,14.377,0.0,0.31087284636924584,0.925855743256864,1.0737187272285644,0.06923596517562293,65.76925,662,711,0.9310829817158931,1712,1793,0.954824316787507,2847,2972,0.9579407806191117,17743,19327,0.9180421172453045
181,1410.4704726976158,111.8564293938288,0.4906131718395155,0.5055261165783498,0.0,0,10.218660338422321,0.8597740102603436,0.6154100239364602,13210,27,24.44205716281776,3.9270442025626533,3.0256133312760376,8.0,53.861,0.00022704911829259062,0.48823478633951933,0.9243908390560184,1.0714913051115404,0.06687701265328692,102.360696,144,153,0.9411764705882353,368,396,0.9292929292929293,654,695,0.9410071942446043,25352,27443,0.9238057063732099
182,2677.40688670553,104.2653446188885,0.5230086228976351,0.47263724067275675,0.00017075044821992656,0,10.36398271341527,0.8487253690827017,0.6236745967484502,11713,32,19.136526968739396,3.9098944097249464,2.5775383610839047,7.0,44.118,0.00017072129748186088,0.36835662805672925,0.93,1.067762460233298,0.06388028215439383,96.774262,200,217,0.9216589861751152,464,494,0.9392712550607287,832,879,0.9465301478953356,24916,26810,0.9293547183886609
183,4344.916583749852,81.07797848228269,0.6006226650062266,0.3963885429638854,0.00024906600249066,0,10.694625678018273,0.8461235184773128,0.6827612844471178,8030,24,22.286488695972253,3.778023810370842,2.143479162347087,6.0,25.368,0.0,0.3306587673535549,0.93353406097102,1.0664877532506805,0.06301794971259302,76.531178,415,460,0.9021739130434783,1098,1169,0.9392643284858854,2017,2153,0.9368323269856015,21274,22788,0.933561523608917
184,-87.29402941191432,110.91867073641572,0.47038302719635483,0.5254164886800513,7.119464616260858e-05,0,12.209891623506529,0.8730873234799981,0.5394833278501507,14046,30,22.02370340481267,3.8853515110910117,2.141667927955199,6.0,54.245,0.0005692329585883023,0.46391194102284117,0.939799922231256,1.0595221213840045,0.056246872393661385,104.580632,238,249,0.9558232931726908,614,642,0.956386292834891,1158,1201,0.9641965029142381,24576,26197,0.9381226858037179
185,1377.4161404076551,120.18290288402412,0.4937093875293792,0.5025577215539887,6.912760956726116e-05,0,12.122433212561901,0.8516737050334541,0.5723929653823936,14466,32,21.832960763077345,3.913995542217932,2.3077569308316996,6.0,55.267,0.00027643400138217003,0.4506555044805801,0.9272165238162147,1.0703196669254111,0.06588791179944875,113.232594,179,184,0.9728260869565217,443,469,0.9445628997867804,823,881,0.9341657207718501,24951,26934,0.9263755847627534
186,3013.1820619948853,114.1355997735619,0.521594684385382,0.47468754943838,0.0,0,14.798491776199128,0.8574595663484413,0.6559301891882453,12642,32,21.651382125245856,3.9138832030230577,2.7585683955110705,8.0,47.494,7.909515146721506e-05,0.3960310688075137,0.9390654854959181,1.0574042389748246,0.054276045602391826,103.461942,185,195,0.9487179487179487,445,470,0.9468085106382979,890,933,0.9539121114683816,25511,27187,0.9383528892485379
187,3835.156276676763,39.487583892769784,0.7704330836860958,0.22565939433409313,0.0013025073266037122,0,10.777160414246849,0.8498027888032748,0.8717387998826679,3071,19,20.95827828937947,3.155319233227039,2.1310228233305155,6.0,6.786,0.0,0.1610324830832603,0.9602693954265428,1.0383264300319823,0.03937007874015748,36.951888,1836,1981,0.9268046441191318,3614,3724,0.9704618689581096,4456,4600,0.9686956521739131,8487,8849,0.9590914227596339
188,2453.2415992793844,122.44740578836128,0.5048024842926265,0.4910811005994078,0.0,0,12.31220679105421,0.8478105116729794,0.6590503048664228,13847,30,22.347521200465472,3.9327526611098005,2.9738197424892703,8.0,54.914,0.0005052692363216399,0.46323891504190917,0.9204470054129562,1.0751644331891246,0.07026202149420435,109.680386,132,143,0.9230769230769231,345,363,0.9504132231404959,597,644,0.9270186335403726,25283,27485,0.9198835728579225
189,7911.984394231032,92.08200831315163,0.7170643153526971,0.2804719917012448,0.0,0,12.912107501677188,0.8470838427507499,0.8139536942347063,7712,16,22.381869910963886,3.7183142980272947,2.2792043399638335,6.0,19.927,0.0005184033177812338,0.4825160278069941,0.9454201567144015,1.0519445305237063,0.04928440366972477,87.580106,602,631,0.9540412044374009,1494,1554,0.9613899613899614,2704,2831,0.9551395266690216,19693,20891,0.942654731702647
190,5056.309428783785,67.85756137247823,0.6724254742547425,0.3246951219512195,0.00033875338753387534,0,11.710548222971614,0.8651927658020605,0.8003032175535818,5904,29,22.366246360361387,3.757555332632691,2.0828715365239296,7.0,15.837,0.0,0.20479879018710245,0.9676441983990424,1.0317621029737127,0.031446996594449675,62.498802,554,605,0.915702479338843,1525,1566,0.9738186462324393,2392,2455,0.9743380855397149,21398,22108,0.9678849285326578
191,4068.4819016786555,108.2834441639515,0.5534536619229434,0.443335647344672,0.0,0,14.550473233292783,0.8667264906216247,0.658704777584014,11524,27,24.880365847484605,3.9025028558834474,2.402477265600502,8.0,40.104,0.00034698126301179735,0.42596636756141404,0.9566289825282631,1.040172117039587,0.038854132367467896,100.591118,206,215,0.958139534883721,493,514,0.9591439688715954,979,1020,0.9598039215686275,26246,27441,0.9564520243431361
192,6817.136982858308,67.68256589155429,0.7892632781267847,0.20807157814582145,0.0007614696363982486,0,11.085352688362214,0.8498873968866705,0.8183583602243727,5253,17,23.663611706570627,3.3145504951880183,1.7047756874095514,4.0,9.79,0.0,0.3070385361929999,0.9431151710178025,1.0554919312857887,0.05377664276593655,66.521966,1674,1802,0.9289678135405105,2852,2990,0.9538461538461539,3682,3881,0.948724555526926,9963,10594,0.9404379837643949
193,4487.017634779853,97.44674882891937,0.5778894472361809,0.41939698492462313,0.00010050251256281407,0,14.278705934824442,0.8571717986218774,0.6809073438797844,9950,31,22.637290760017933,3.8825356941024616,2.241217391304348,7.0,33.209,0.00010049241282283188,0.32342914912207005,0.944938332337749,1.0532792665726376,0.050638823097708244,90.759028,251,266,0.943609022556391,607,627,0.9681020733652312,1222,1278,0.9561815336463224,24812,26288,0.9438527084601339
194,4073.073948141986,59.51712318805136,0.6474739970282318,0.3478826151560178,0.001114413075780089,0,9.541478371613833,0.847876695472157,0.7805844938857981,5384,21,23.996663643510594,3.7256760213443494,2.4549627079747562,7.0,16.366,0.0,0.25683856464725074,0.959888876203524,1.038540870893812,0.039337549811720836,55.035566,568,619,0.9176090468497576,1496,1553,0.9632968448164843,2758,2836,0.9724964739069112,20401,21269,0.9591894306267338
195,7273.291896309767,74.45162867307637,0.7723732040851653,0.2252033927644106,0.00017310022503029253,0,8.796092246452284,0.8635798187949952,0.8859639968237121,5777,16,21.297555608488814,3.704646866086408,2.3003137606454507,7.0,13.144,0.0,0.36356204401556524,0.9597302504816956,1.0404184681902409,0.03913800125893287,70.48744,602,637,0.945054945054945,1647,1710,0.9631578947368421,2974,3079,0.9658980188372849,19682,20524,0.9589748587020074
196,2942.9533773711164,79.07476752389292,0.5564421497301103,0.4398028631776578,0.00035203003989673785,0,9.99977142082773,0.8505912126189327,0.6139800496452303,8522,28,20.20584381609826,3.76284696065033,1.8340362716153522,4.0,28.339,0.0,0.30160010545654314,0.9496706192358366,1.0494754321080837,0.048122402178586786,75.315068,488,518,0.9420849420849421,1427,1473,0.9687712152070604,2182,2264,0.9637809187279152,21131,22310,0.9471537427162707
197,5016.841336166719,46.97150259432813,0.8208393632416787,0.17568740955137482,0.0008683068017366136,0,11.318881489274574,0.8449435841371179,0.8993136988067711,3455,22,21.57626627866057,3.3310297119479757,2.142101551480959,6.0,6.744,0.0,0.16182021077964356,0.9564476055926341,1.0445334244836173,0.043609933373712904,44.587656,1599,1714,0.9329054842473745,3116,3235,0.9632148377125194,4084,4225,0.9666272189349112,10834,11353,0.9542852109574562
198,5089.245061764198,61.788551899735474,0.7047984644913627,0.2921305182341651,0.00019193857965451057,0,10.445704007166206,0.8404153116515456,0.7975452014253687,5210,31,24.505587015059255,3.71150908490304,2.153322440087146,5.0,13.432,0.0,0.1667996644628527,0.9325003928964325,1.067958870109916,0.06426470588235295,58.24983,570,616,0.9253246753246753,1502,1590,0.9446540880503145,2612,2756,0.9477503628447025,19050,20490,0.9297218155197657
199,2021.0561783523644,103.82382401233376,0.5057557557557557,0.4901568234901568,0.0,0,8.87593311849028,0.8304216232614954,0.6350800139774182,11988,25,18.918062504469603,3.908490043997064,3.153059541481115,8.0,48.774,0.000833472245374229,0.47469129850775804,0.9193651018099548,1.0752936988252046,0.06987143655673561,95.35072,201,211,0.95260663507109,449,470,0.9553191489361702,845,914,0.9245076586433261,24512,26693,0.9182931854793391
200,5700.69058926128,58.51230063283375,0.7745982830728594,0.22298040942108738,0.0006603565925599824,0,14.981038024636504,0.8388891937417211,0.8348151248756396,4543,17,24.20233702517223,3.2942459170661387,1.893719806763285,5.0,9.299,0.0,0.2662905843034376,0.9253083478905298,1.0745888594164457,0.0704162976085031,55.907622,1892,1990,0.9507537688442211,3515,3636,0.9667216721672167,3775,3975,0.949685534591195,8298,9290,0.8932185145317546
201,5444.338436751994,50.44436833493314,0.8315322804100859,0.16735937932945413,0.0,0,11.581892488587028,0.8524516811976249,0.927173004935938,3609,18,21.08751650824925,3.336084367056855,2.168943685438187,5.0,6.888,0.0,0.20430193362225804,0.9547334886595977,1.045184021330286,0.043219143806014285,47.89513,1507,1593,0.9460138104205901,3194,3300,0.9678787878787879,4117,4264,0.9655253283302064,11261,11874,0.9483745999663129
202,5757.605068067978,70.64995620925825,0.6994200497100248,0.2979287489643745,0.00016570008285004143,0,8.90061115227092,0.8459405553668125,0.7813160242753688,6035,28,24.229665358530983,3.7212481594075757,2.394456289978678,6.0,16.729,0.0,0.21643661498021255,0.9388882450650906,1.0616719609514218,0.05858607898756273,67.114944,528,563,0.9378330373001776,1410,1493,0.9444072337575352,2549,2691,0.9472315124489038,19818,21140,0.9374645222327341
203,2649.751247249072,103.63311966119741,0.5221994535519126,0.47370218579234974,8.538251366120219e-05,0,11.925777303526006,0.839125472881035,0.6185481301786988,11712,32,23.26502667921546,3.899543484959853,2.7704381948986265,7.0,44.839,0.0,0.36598769087693805,0.8975728508102608,1.0999561114768488,0.09108322324966975,96.967734,158,164,0.9634146341463414,524,571,0.9176882661996497,1034,1126,0.9182948490230906,22987,25661,0.8957951755582402
204,-76.1514684861564,109.31814428138384,0.4624485596707819,0.5332157554379776,0.0,0,12.51474973518575,0.8404571198656755,0.5973928473485071,13608,29,24.251276029648807,3.921244838494665,3.2134117273160654,8.0,57.881,0.00022040996253030638,0.4693959046461893,0.9066002490660025,1.0885244725132768,0.08111554305891584,98.602366,149,157,0.9490445859872612,434,472,0.9194915254237288,685,747,0.9170013386880856,24212,26729,0.9058326162594934
205,1228.0682269345743,72.18030982018554,0.5022770853307766,0.4941275167785235,0.0003595397890699904,0,7.857125937167223,0.8514823875529581,0.6143235854058472,8344,23,22.056242220425332,3.7966619913893824,2.567406346933906,7.0,32.063,0.0003594105666706601,0.35964102965413314,0.9335213986117813,1.0651079539098334,0.06200821669800153,65.90763,344,382,0.900523560209424,1033,1090,0.9477064220183486,1886,2007,0.9397110114598903,21887,23462,0.9328701730457761
206,1761.3401828308374,83.89907835207612,0.5121567805491511,0.4849088241458814,0.0,0,11.223635427838396,0.8419287040216216,0.6166666863778747,9542,27,20.85924035257255,3.814561688876029,2.269695109474115,7.0,35.299,0.0,0.3491504405436208,0.927255848496101,1.0717189423041062,0.06703620301403083,77.277052,375,407,0.9213759213759214,891,943,0.9448568398727466,1751,1856,0.943426724137931,21954,23724,0.9253920080930703
207,5749.221605364096,74.54101670763777,0.6812451361867704,0.3157976653696498,0.0,0,11.083470055916429,0.8516141929961609,0.7920528870802268,6425,22,20.362402196717916,3.6788030745811544,2.2241261137765593,6.0,17.553,0.0,0.29176084217167153,0.9357545247512885,1.0634322373696872,0.05976709241172051,69.562598,686,733,0.9358799454297408,1635,1709,0.9566998244587478,2974,3099,0.9596644078735076,18126,19488,0.9301108374384236
208,3451.6630778886124,53.032938718730165,0.6360424028268551,0.3602161712741634,0.00020785699438786114,0,9.510289413971574,0.8554669969043063,0.7895706127706765,4811,27,24.07512445272516,3.614871190556229,2.358169934640523,7.0,14.772,0.0,0.17922088646330017,0.9453641703980611,1.054424012534015,0.05206386292834891,48.205114,838,907,0.9239250275633958,1909,2004,0.9525948103792415,3314,3448,0.9611368909512761,16952,17984,0.9426156583629893
209,4336.511814244696,36.48897883706594,0.8981670061099797,0.09979633401221996,0.001629327902240326,0,12.71674032948666,0.8541158002191545,0.9545861450850855,2455,16,25.4344878185553,2.748692334279286,1.997278911564626,5.0,3.488,0.0,0.15607975046397612,0.9525238744884038,1.0479316239316239,0.047371499122750016,35.160508,2798,3005,0.9311148086522463,3786,3914,0.9672968829841594,3301,3444,0.9584785133565621,4079,4297,0.9492669304165697
210,5531.107084990004,68.55833236348963,0.6960367409423371,0.30107161081816636,0.0,0,9.183570901282682,0.8643560535919813,0.7818998761131193,5879,30,21.11089418692545,3.696937252709565,2.158357771260997,6.0,15.383,0.0,0.19763091871490068,0.9543143267476614,1.0448742897174437,0.043405614139313826,64.077164,622,656,0.948170731707317,1725,1788,0.964765100671141,2746,2855,0.9618213660245184,19493,20464,0.9525508209538702
211,5107.458537643432,91.1017478408967,0.6021615472127417,0.39476678043230945,0.0,0,10.023647277471639,0.8549269788790024,0.7519761859109019,8790,20,22.23914712217835,3.8543457185090473,3.082939731721141,8.0,31.032,0.000341180484476288,0.4440590977891503,0.9204607589399628,1.0754765490138465,0.07082373662105405,83.853528,278,298,0.9328859060402684,716,757,0.9458388375165125,1455,1549,0.9393156875403487,22802,24829,0.9183615932981594
212,3727.9016654225456,64.130880274661,0.6133550488599349,0.38371335504885995,0.0,0,5.882439270538277,0.8597832323817404,0.7071978823775575,6140,28,20.430628736980232,3.749910867034252,2.4296335634625597,6.0,19.8,0.0,0.2156895273685696,0.9526691729323308,1.0457784984350842,0.04419690980955803,59.670634,492,536,0.917910447761194,1324,1382,0.9580318379160637,2344,2442,0.9598689598689598,21181,22240,0.9523830935251798
213,3573.2373024962326,52.70772582441726,0.6449678800856531,0.3526766595289079,0.0,0,9.171121183236085,0.8442564685939645,0.8141202507252587,4670,21,21.28173170295221,3.6851821019902977,2.5278884462151394,8.0,14.392,0.0,0.21423554856585303,0.9664980067463969,1.0326496120457862,0.03173365994878076,46.931816,633,673,0.9405646359583952,1718,1769,0.9711701526286037,2915,3000,0.9716666666666667,19948,20646,0.966191998450063
214,3069.841336862897,76.18216693816422,0.5614601440278123,0.4356841321082692,0.0,0,8.318242072724688,0.8478796271070252,0.6435202898967796,8054,19,20.32312834090767,3.7254207090854417,2.4573197700132683,7.0,28.295,0.00012414649286157667,0.42309225517062055,0.9417538767091895,1.0572140256754168,0.05422100205902539,72.08212,502,524,0.9580152671755725,1429,1477,0.967501692620176,2432,2551,0.9533516268130146,20294,21630,0.9382339343504392
215,3978.689104052302,48.87476643936973,0.6969846762234305,0.2985664854176965,0.0007414730598121602,0,7.276195665783913,0.8652279202142119,0.8571509625666945,4046,18,22.309549619740167,3.5718414838825336,2.5677304964539007,7.0,11.231,0.0,0.22561673396635684,0.962016518112683,1.0366844480919164,0.03659353212273998,44.25382,838,906,0.9249448123620309,2202,2287,0.9628334062090075,3625,3746,0.9676988788040577,16864,17519,0.9626120212340887
216,7159.448083105742,82.27335861467962,0.7213595077644301,0.27483152651626136,0.00043949604453559916,0,9.276250020041182,0.8818726657816871,0.8274555944987264,6826,17,22.471525961010325,3.753464422284314,2.334484159220146,7.0,17.27,0.0,0.4051743515559869,0.9558432810687423,1.041838959476731,0.04115536419088626,78.008354,444,484,0.9173553719008265,1386,1444,0.9598337950138505,2609,2725,0.9574311926605504,21104,22070,0.9562301767104667
217,2339.9513545953773,98.24329407408678,0.5209889718961224,0.47545357524012805,8.893632159373888e-05,0,11.677117769621539,0.8597985795321379,0.6059078002795287,11244,30,24.12644371391763,3.8785261524332535,2.395186070331171,7.0,41.522,8.89284126278346e-05,0.3688306106755219,0.9559785634743875,1.0432551319648093,0.04181393797932644,92.123866,241,255,0.9450980392156862,614,634,0.9684542586750788,1254,1294,0.9690880989180835,25362,26553,0.9551463111512823
218,5778.624755157681,93.70908684816473,0.6239535662462329,0.3721397477397031,0.0,0,7.860051078438635,0.8507702276511754,0.7177129947059682,8959,25,21.564527761596793,3.8504043340236414,2.748479427549195,7.0,29.712,0.00011160714285714285,0.36258152287357437,0.9289932253740536,1.069883285459768,0.06525567219776499,88.857478,264,286,0.9230769230769231,768,807,0.9516728624535316,1474,1552,0.9497422680412371,23137,24958,0.9270374228704223
219,4088.362456735262,93.26773667997556,0.5736410256410256,0.4226666666666667,0.0003076923076923077,0,12.718796256429394,0.8799215203512682,0.6258174650802655,9750,31,20.0061529167331,3.7853629992844446,1.8975505095655283,5.0,30.952,0.0,0.3158323437720267,0.9589666764104063,1.039256652738069,0.03901120123599845,89.260506,402,425,0.9458823529411765,1206,1244,0.9694533762057878,2180,2258,0.9654561558901683,22457,23441,0.9580222686745447
220,11327.266531377936,122.26564200836806,0.7495959595959596,0.24818181818181817,0.00020202020202020202,0,17.40123629249802,0.8643720766575193,0.8213315079717473,9900,20,22.75474455178944,3.7734152616659316,1.85190675111171,6.0,21.336,0.0005047955577990914,0.493475701621199,0.9475201197828935,1.0506171910281499,0.04935591772827557,118.272238,447,486,0.9197530864197531,1251,1322,0.9462934947049925,2265,2389,0.9480954374215153,21350,22518,0.9481303845812239
221,3879.7527474125445,72.15783137708894,0.601194709145214,0.3948229270374058,0.00014222727919214906,0,16.0696366267122,0.85842478632299,0.6828574072948421,7031,24,21.430129552105534,3.6457547606164393,1.7414241779039508,5.0,20.743,0.0,0.2979559283780751,0.9626569203877324,1.0367538724963166,0.03644158628081458,67.547318,787,818,0.9621026894865525,2009,2067,0.9719400096758587,3055,3131,0.9757266049185563,18381,19156,0.9595427020254751
222,3447.635059231424,85.11770817989517,0.5626180686742971,0.4340482275808423,0.0,0,10.249235668723584,0.8526898048522331,0.6184275464714089,8999,27,23.617442120510965,3.800492493699524,2.254789650404898,6.0,30.706,0.0,0.3359445017325265,0.9368475991649269,1.0619594923439781,0.05860882992910788,80.786294,409,435,0.9402298850574713,1101,1150,0.957391304347826,1986,2074,0.9575699132111861,21634,23165,0.933908914310382
223,4270.251869363506,39.50887034557842,0.8294198895027625,0.16747237569060774,0.0006906077348066298,0,17.352590720617464,0.8485923576879951,0.8910343284191037,2896,19,21.617311489210294,2.851919290926553,1.8825978351373855,5.0,4.958,0.0,0.15427778232869221,0.964832956543582,1.033679571923198,0.03344461305007587,37.9094,2719,2876,0.9454102920723226,3788,3901,0.9710330684439887,3757,3867,0.9715541763641066,5100,5280,0.9659090909090909
224,417.70156495760295,115.92552865730164,0.4690630105846416,0.5270299069403992,7.103786318107552e-05,0,14.373749267449279,0.8590335641340663,0.6320620851372654,14077,31,23.08776048497682,3.941000757397285,3.289111010146903,9.0,60.295,0.00042604558687779593,0.45779457938219803,0.9278841179513709,1.0671683389074693,0.06310585498255138,102.293562,123,125,0.984,306,324,0.9444444444444444,539,578,0.9325259515570934,25936,27968,0.9273455377574371
225,4849.410897803852,74.34140113988778,0.6372930165586753,0.36069114470842334,0.0,0,11.153828095701215,0.857285309075529,0.7406705311763166,6945,18,24.942117928441554,3.6857021010172,2.6091278807049254,8.0,22.141,0.00014396775122372588,0.38618296779545547,0.9547108461717116,1.0435441267868242,0.04201431379092965,69.845046,598,650,0.92,1617,1687,0.9585062240663901,3041,3162,0.9617330803289058,19408,20335,0.9544135726579789
226,-1415.1599306350388,115.31929425506488,0.439108976924103,0.5560224089635855,0.0,0,11.277476526966021,0.8378013802673373,0.5946609928173935,14994,32,25.251568811257656,3.9402505476273206,3.5981166464155527,9.0,67.674,0.0005332622317024396,0.4678860596291524,0.9013134665630959,1.0927610688929323,0.08434903494875691,103.114452,115,124,0.9274193548387096,299,327,0.9143730886850153,518,566,0.9151943462897526,24595,27305,0.9007507782457426
227,2633.5954762470733,129.05505819047661,0.5109538254128749,0.4852039096730704,0.0,0,16.641211739286053,0.8662559933376175,0.6088695235293388,14835,32,18.64096568773149,3.9005945069784387,2.3602902374670185,7.0,55.134,0.0002695599433924119,0.462994464640314,0.939138315672058,1.0579039607430774,0.05482340537691091,119.708236,175,187,0.9358288770053476,536,561,0.9554367201426025,943,995,0.9477386934673366,25288,26945,0.9385043607348302
228,2531.6521893285376,56.84400782528336,0.5740676795580111,0.4219613259668508,0.0003453038674033149,0,9.645029934917009,0.8638589964895337,0.6622427076112543,5792,26,20.634738663881343,3.456942103583986,1.7687218045112783,5.0,18.17,0.0,0.2224791999662704,0.965570108195716,1.034497893258427,0.03402022595523209,53.05548,1180,1265,0.932806324110672,2775,2842,0.9764250527797326,3950,4066,0.9714707329070339,14138,14656,0.9646561135371179
229,328.54555625789743,120.39919357318976,0.4706475690942102,0.5253177324994956,0.0,0,12.206048423837398,0.8655805037759592,0.6042296389303844,14871,30,22.04237326202653,3.924490809987725,3.3509072724674955,8.0,64.103,0.0012760241773002014,0.49661431738461514,0.9520258767449779,1.043664383561644,0.041793089948125674,110.333234,152,166,0.9156626506024096,425,442,0.9615384615384616,739,769,0.9609882964889467,26645,27993,0.9518451041331761
230,6884.82538628273,105.05968015952796,0.6411953469715203,0.356397914159647,0.00010028078620136381,0,14.392290143326193,0.8579151487059706,0.6850398398539785,9972,22,20.89641382164801,3.6754107502935964,1.941351266812637,5.0,28.551,0.0001002707309736288,0.45758080599734174,0.9477707500679058,1.0501479520323937,0.04809219517600562,102.33542,648,674,0.9614243323442137,1560,1620,0.9629629629629629,2550,2674,0.9536275243081526,19667,20803,0.9453924914675768
231,4791.606646966868,43.10669960025334,0.8507070042749095,0.14830647813219336,0.0003288391976323578,0,13.17713649315765,0.8545574373492258,0.933894123054743,3041,19,22.697213862652298,3.0110227120864064,1.7676845767298028,5.0,4.483,0.0,0.163088149475562,0.9630597458130419,1.0361481657932348,0.03578995590677432,40.774576,2513,2670,0.9411985018726592,3962,4070,0.9734643734643734,3969,4098,0.9685212298682284,5772,6000,0.962
232,6923.524915483874,95.95830769368027,0.6627666896077082,0.3341362697866483,0.00022941041523285156,0,12.538767596280543,0.8636735020760316,0.7340885338546906,8718,21,22.279767327562986,3.7495965878272677,2.1400138456213225,6.0,24.535,0.0,0.4140045721724197,0.9461254055685505,1.0531395480867491,0.05105255620793355,91.94844,484,518,0.9343629343629344,1306,1376,0.9491279069767442,2397,2509,0.9553607014746911,20891,22103,0.9451658145953038
233,2834.105166436576,84.74030809899774,0.5417842413718255,0.45376600824831775,0.00010853049706967658,0,7.523144239297879,0.8517454476835268,0.622612100130714,9214,30,22.83566949593477,3.8717516830490855,2.543269230769231,6.0,33.239,0.0,0.3055651198341971,0.9347134327290929,1.0627986348122866,0.05954942837928716,79.41149,262,288,0.9097222222222222,671,707,0.9490806223479491,1223,1291,0.9473276529821844,23987,25683,0.9339641007670444
234,4816.633076845794,78.57815250953477,0.6225850340136054,0.37387755102040815,0.0,0,12.847967803134138,0.863806189349914,0.7438507172502503,7350,22,22.581316727729394,3.791635695184952,2.3197115384615383,7.0,22.658,0.0,0.3357792186547113,0.9430220512061566,1.0555658730453517,0.052878718856221744,72.562836,392,423,0.9267139479905437,1102,1157,0.9524632670700086,2053,2165,0.9482678983833718,21941,23283,0.9423613795473091
235,2777.9794680782466,98.976317203611,0.5290961993089652,0.4685397344971813,9.092562284051645e-05,0,12.530948923947395,0.8404027938867579,0.6181762570205955,10998,31,25.04460122845699,3.89991456782668,2.5755284413129402,7.0,41.084,0.0,0.35268312681180913,0.9001413094677343,1.0982680036463082,0.08974274406332454,92.357144,183,190,0.9631578947368421,466,492,0.9471544715447154,963,1054,0.9136622390891841,23231,25863,0.8982329969454433
236,5109.5559168322525,64.16387362605178,0.6902242152466368,0.3054708520179372,0.00017937219730941703,0,11.126464331331558,0.8580580199768747,0.786104991777867,5575,22,20.449225003301137,3.6703211943503877,2.2804054054054053,7.0,15.152,0.0,0.25230573775030785,0.9374374574710803,1.061482820976492,0.05834683954619125,60.138076,665,696,0.9554597701149425,1718,1815,0.946556473829201,3139,3276,0.9581807081807082,17898,19196,0.9323817461971244
237,3551.606760264288,80.06795041761956,0.570075530511929,0.4260879990408824,0.0,0,7.347713488997517,0.8614420717611255,0.6719512547816638,8341,17,22.091443248987524,3.7785829750047846,2.931440588853838,8.0,30.492,0.0,0.4878667697999882,0.9451003326144961,1.053413551487582,0.05072690052392353,75.340044,353,377,0.9363395225464191,982,1025,0.9580487804878048,2126,2220,0.9576576576576576,22396,23737,0.9435059190293634
238,4711.071955257264,109.12890055449871,0.5669795596104922,0.4295990876392666,0.0,0,11.004018611959335,0.8587277671038277,0.6756175195028233,11399,29,22.892182283647614,3.932151698240222,2.8284078601268763,8.0,41.502,8.771929824561403e-05,0.3937470732721248,0.918277156185332,1.078492380581975,0.07284315957204644,101.871256,148,153,0.9673202614379085,326,350,0.9314285714285714,733,791,0.9266750948166877,24974,27217,0.9175882720358599
239,3647.817088077757,56.335848354923066,0.6370737283292056,0.36044960944941895,0.00038102495713469235,0,7.711989145174023,0.8425965322985823,0.7398224164649208,5249,19,20.481579378552595,3.604762789241393,2.22188995215311,7.0,15.758,0.0,0.2837942309058952,0.9614348333132263,1.0382786687081957,0.03717040306655825,52.798802,729,779,0.9358151476251605,2170,2247,0.9657320872274143,3548,3666,0.9678123295144572,17461,18175,0.9607152682255846
240,4380.790299250049,107.3543015626926,0.5677268394141607,0.42846000519975735,8.666262241095416e-05,0,22.625440815951215,0.8683596564674096,0.6107933572669684,11539,28,21.76823125730254,3.821469927854134,1.6945504503129294,4.0,36.173,0.00025992029111072604,0.4152569554888853,0.9598343389624764,1.03921007441328,0.03825155375476427,103.792704,340,354,0.96045197740113,980,1007,0.9731876861966237,1745,1805,0.9667590027700831,23819,24843,0.9587811455943324
241,2945.7570719498967,91.46806320266438,0.538,0.4575,0.0001,0,8.604313558286664,0.8410312157611494,0.6462091205399754,10000,29,24.12889082603953,3.9132133453639253,2.720631970260223,7.0,37.619,9.999000099990002e-05,0.345985748246113,0.9276591252946764,1.0704205425671136,0.06595898514526094,84.740244,183,193,0.9481865284974094,437,478,0.9142259414225942,852,914,0.9321663019693655,24893,26836,0.9275972574154121
242,3977.2888465328065,71.05004635007865,0.6120835686053078,0.38354037267080743,0.0015527950310559005,0,9.550631188235922,0.8584585369509433,0.6484515115152197,7084,20,24.76250353107431,3.4632936047913305,1.5894833948339484,3.0,20.022,0.00014114326040931546,0.35518644504170077,0.9482637052705799,1.0492602108620537,0.05086163627237745,68.798652,1160,1228,0.9446254071661238,2592,2685,0.9653631284916201,3690,3826,0.9644537375849451,14076,14953,0.9413495619608105
243,4494.114706358014,92.21810660041334,0.585033283229547,0.41238995061198197,0.0,0,16.522173452366015,0.8693587476587679,0.6772351152710671,9314,27,23.5600737546438,3.8792779887599775,2.302440814828409,7.0,30.93,0.0,0.34659696806968743,0.9579741379310345,1.0408035153797865,0.03956198043601643,85.930466,253,268,0.9440298507462687,627,647,0.9690880989180835,1237,1288,0.9604037267080745,25442,26565,0.9577263316393752
244,1235.7291199095562,111.30549567764643,0.4927072481023962,0.5033487126060425,7.44158356898348e-05,0,9.037903543354256,0.8512071171121176,0.5707325041736391,13438,31,23.90912767978331,3.924139858343979,2.5561093490409306,6.0,52.789,0.0004462957453138947,0.43707801993773343,0.9337263741980233,1.0636414331520982,0.06013689700130378,105.487382,140,147,0.9523809523809523,410,442,0.9276018099547512,736,773,0.9521345407503234,25638,27473,0.93320714883704
245,5988.801111867103,78.67572545095365,0.6766398158803222,0.3201956271576525,0.00014384349827387802,0,7.852313906249597,0.8591502119202248,0.7724986403482557,6952,25,23.15090493043002,3.7746660219986383,2.4343112244897958,7.0,20.002,0.0,0.27706274549646337,0.9462181112934507,1.0527635370280284,0.05026389430059155,74.435676,453,490,0.9244897959183673,1130,1191,0.9487825356842989,2330,2426,0.9604286892003298,21457,22705,0.9450341334507818
246,5663.459005676821,78.22463639055154,0.6631145211707872,0.333049161693663,0.00014208581983518045,0,13.503492449625165,0.8518329826066279,0.7522212200471703,7038,30,22.261899492310445,3.8039603993342785,2.2813370473537606,6.0,20.448,0.0,0.2308511126157189,0.939428698290535,1.0585525338088868,0.055860262008733626,73.715598,382,411,0.9294403892944039,1122,1192,0.9412751677852349,1884,1991,0.946258161727775,22001,23432,0.9389296688289519
247,5295.8081580962,93.90596780492452,0.6060772872398987,0.39039964769349333,0.0,0,19.29399251306447,0.8571315323117951,0.7301690476901865,9083,23,22.549463119125278,3.8804161590961304,2.497729336966394,8.0,29.736,0.0,0.3941682280678015,0.9539340720607707,1.0432120363890833,0.04148296593186373,86.370866,232,248,0.9354838709677419,696,731,0.9521203830369357,1219,1275,0.956078431372549,25229,26444,0.9540538496445319
248,4062.1213537438603,93.47240748198256,0.5682823916846763,0.42883606051250384,0.0,0,8.452089890644155,0.843551205508465,0.6714944568526994,9717,26,24.33527777486165,3.8814902689763593,2.6876131836291197,7.0,34.495,0.00010290183165260341,0.376276229620579,0.9029346197419874,1.094666715742206,0.08622474536650526,87.304856,216,229,0.9432314410480349,607,659,0.921092564491654,1079,1181,0.9136325148179509,22805,25294,0.9015972167312406
249,1426.940901677128,28.576830569224057,0.5867093105899076,0.40831556503198296,0.0014214641080312722,0,6.671071342596737,0.8667297284397277,0.6896805967556469,2814,18,23.11976373285158,2.8654619269500916,2.3034524530587523,7.0,9.117,0.0,0.15952274018067533,0.9728360143774675,1.0262909133876876,0.02733837689133425,25.970768,2509,2645,0.9485822306238185,4138,4224,0.9796401515151515,4432,4532,0.9779346866725508,5431,5570,0.9750448833034111
250,2218.4829924987343,123.07609693825309,0.5088651259054846,0.48768540876164196,0.0,0,10.71861900677616,0.8690549649674212,0.5741839302389771,14495,30,22.911609700321222,3.9133557732100313,2.2891811279826464,6.0,54.644,0.0004137645679608303,0.48549139495094806,0.9324578514699735,1.0647069116360455,0.06090938828917239,116.707798,179,185,0.9675675675675676,403,418,0.9641148325358851,814,862,0.9443155452436195,25373,27243,0.9313585141137173
251,217.81192833495226,101.85522124308739,0.47531734837799716,0.5209998432847516,0.0,0,11.860074151068964,0.8658333052203555,0.5545138851804028,12762,26,21.24472432167693,3.8887146893465614,2.4165842400263764,7.0,50.164,0.00031333228889237035,0.4918056626290934,0.9508725670471498,1.046996934225195,0.04509011396766499,95.882512,207,222,0.9324324324324325,578,606,0.9537953795379538,1130,1167,0.9682947729220223,25492,26828,0.9502012822424333
252,1899.0505153110198,89.53822929341345,0.5161135161135161,0.4804232804232804,9.62000962000962e-05,0,7.652824942099041,0.8480316823952015,0.5676401611323845,10395,24,18.601246652052748,3.8189700882086925,2.37502329916123,6.0,38.913,0.0005768676088837611,0.43296570384243727,0.9305223688563762,1.0684259088392691,0.06422428620571036,85.710262,347,358,0.9692737430167597,869,929,0.9354144241119483,1709,1793,0.9531511433351925,22388,24123,0.9280769390208514
253,4044.1109464573933,78.28331686066471,0.5984715610122776,0.39864695565021296,0.00012528188423953897,0,8.998610574451376,0.8443121728525991,0.6339066599061748,7982,25,21.19892613290908,3.5700098444703747,1.742516223571279,4.0,24.0,0.0,0.3256965269705717,0.9408682017000908,1.0605697275395873,0.05744622924040294,76.040354,850,881,0.9648127128263337,1971,2030,0.970935960591133,3456,3574,0.9669837716843872,16524,17749,0.9309820271564595
254,5896.284436098533,76.06455861500716,0.6856587408404367,0.3114999252280544,0.0,0,13.294659007799465,0.8720119892645046,0.7419353420062685,6687,27,21.510110398553252,3.595588273599216,1.776008724100327,5.0,16.694,0.0,0.24938566458481048,0.9567240385407231,1.0432251672033688,0.04144300599936849,73.081428,894,958,0.9331941544885177,2164,2241,0.965640339134315,3419,3562,0.9598540145985401,16758,17525,0.9562339514978602
255,4766.5508061726205,48.82435262400259,0.7743523316062176,0.22305699481865285,0.0007772020725388601,0,7.497646632130994,0.8447209904956102,0.8156574353201244,3860,17,23.740260407811007,3.009224433034463,1.6928738708598194,4.0,7.412,0.0,0.2248893814306833,0.9362240177635232,1.064536108014369,0.06299485638328614,47.290698,2505,2694,0.9298440979955457,3464,3633,0.9534819708230113,3325,3535,0.9405940594059405,5885,6351,0.9266257282317745
256,5595.942685621957,65.5776387700339,0.7175683010674869,0.27899402931065675,0.0005427899402931065,0,11.737274868151363,0.8673984451638868,0.7783678430253522,5527,29,24.884416450764345,3.543548158950595,1.8184568835098336,5.0,13.03,0.0,0.18662203900656157,0.9620237087214225,1.0372035803673694,0.036940389790426485,62.744438,1025,1079,0.9499536607970342,2521,2609,0.9662706017631276,3622,3733,0.970265202250201,15555,16199,0.9602444595345392
257,5150.65220872872,60.4251694557044,0.7175711115594109,0.2816219487593302,0.0,0,12.594144227407124,0.8454935254102098,0.8343032724503174,4957,21,20.825378358259535,3.545154482471543,2.0610064661231373,6.0,12.185,0.0,0.23514140215052692,0.9605890364317331,1.0396419437340154,0.038467834342772955,56.05734,1001,1049,0.9542421353670162,2645,2727,0.9699303263659699,3969,4083,0.9720793534166055,14955,15637,0.9563854959391187
258,4217.54939925671,87.4620878665523,0.5846599131693199,0.4116664811310253,0.00022264276967605477,0,7.121342809349819,0.86737094674788,0.6545884744698888,8983,29,21.737444324532056,3.8415351823751402,2.353769992383854,7.0,29.853,0.0,0.30615329657683965,0.9623285262047133,1.0359146233903687,0.035093673635623136,82.721834,295,314,0.9394904458598726,831,868,0.9573732718894009,1550,1610,0.9627329192546584,24683,25638,0.9627506045713394
259,3308.6488109624293,108.62677061860317,0.5386904761904762,0.45791997354497355,0.00016534391534391533,0,10.815634455015978,0.850078857272328,0.5904457556764646,12096,31,22.253787664261566,3.8481316571468898,2.092541436464088,5.0,42.274,0.0,0.39415174836644185,0.9340778097982709,1.0640182186234817,0.060384511237476304,103.733668,272,280,0.9714285714285714,833,868,0.9596774193548387,1326,1418,0.9351198871650211,23499,25194,0.932722076684925
260,4087.6993660062876,68.32860944075226,0.6213445884835694,0.3757913777509798,0.00015073861923424781,0,7.771204745026884,0.8570461787354569,0.6801807757596239,6634,20,24.832090063184467,3.5390207808077965,2.055070354196992,5.0,19.832,0.0,0.3310000955849754,0.9358652660230511,1.0635401553298627,0.060043973615830505,65.320882,886,952,0.930672268907563,2199,2301,0.9556714471968709,3508,3712,0.9450431034482759,15412,16548,0.9313512206913223
261,2468.613134823213,114.18430125986244,0.5112286349352342,0.4834827929792289,0.00030658388901663215,0,17.4405739977063,0.8593191997273724,0.6352723370437099,13047,29,23.003633713588894,3.9235731902694972,2.7802098950524736,8.0,50.434,0.0001532684496896314,0.45264916923779586,0.946236559139785,1.0493937416274517,0.04771966323180444,104.592298,146,152,0.9605263157894737,390,411,0.948905109489051,800,836,0.9569377990430622,26384,27896,0.9457986808144537
262,3320.0912026491155,114.65748328340925,0.5367573783058643,0.4600996550402453,0.0,0,9.300558539645724,0.8585018499355253,0.5809549216965662,13045,31,26.709495896510127,3.8683207806667976,2.1918023421879465,6.0,45.957,7.665184730952016e-05,0.4211599251865703,0.9611606678004929,1.0371685111714346,0.0362602441879913,110.747148,239,254,0.9409448818897638,707,728,0.9711538461538461,1410,1453,0.9704060564349621,25336,26376,0.9605702153472854
263,1578.470268559689,31.819774309458367,0.5890978642014664,0.4045266177876953,0.003825310806503028,0,8.961572306371213,0.8547543511658922,0.6867715963254366,3137,17,25.08719582280117,2.7486083039805544,1.6964285714285714,5.0,9.328,0.0,0.18574395126992177,0.9584740462789243,1.0379284274193548,0.04337421477714628,29.277754,2654,2858,0.9286214135759272,4302,4458,0.9650067294751009,4119,4238,0.9719207173194904,4251,4436,0.9582957619477006
264,6220.096088070113,73.86752104080787,0.711949481865285,0.2852979274611399,0.0,0,16.475238964948865,0.8598475688898973,0.8046761493224821,6176,26,23.33934004505104,3.667973989994905,1.9476916079144873,6.0,14.954,0.0,0.23215142228565594,0.9539945782171902,1.0452309538092381,0.043362190610579304,69.618272,713,772,0.9235751295336787,1870,1961,0.9535951045385007,3123,3263,0.9570946981305547,18224,19088,0.9547359597652976
265,2451.0973370584966,116.66188485816761,0.5154964747356052,0.4806110458284371,7.344300822561692e-05,0,9.947148112728696,0.8802453975212459,0.5783175976639926,13616,28,22.257882368264177,3.908354946538896,2.472431970366149,6.0,51.47,0.00036708024374128187,0.4862372065218836,0.9537201973143327,1.0449175824175825,0.04354378952196848,111.372102,172,177,0.9717514124293786,496,511,0.9706457925636007,966,1000,0.966,26207,27504,0.9528432228039558
266,5484.901716040071,80.38299869121612,0.6480779642663779,0.3488088792636708,0.0,0,9.707212638998508,0.8549354504607845,0.7392205691747561,7388,25,21.192720923475267,3.7769483367666403,2.2965747702589807,7.0,21.986,0.0,0.29981242166878497,0.9360998346113366,1.0640639131745553,0.06006218202374223,75.212462,413,439,0.9407744874715261,1230,1279,0.9616888193901486,2221,2332,0.9524013722126929,21040,22554,0.9328722177884189
267,2914.1546431317793,88.82115678505247,0.5426718021487938,0.4539833772552199,0.0,0,7.597078564242709,0.8799962402765154,0.615542611788507,9866,24,23.26796199181089,3.8529164077745164,2.8401195367949197,7.0,37.488,0.00020267531414673692,0.41455359020229887,0.9542713211295587,1.0453705020622956,0.04366412213740458,84.692722,284,300,0.9466666666666667,826,861,0.959349593495935,1640,1703,0.9630064591896653,24149,25324,0.9536013268046122
268,2533.2538361006696,72.25259862990909,0.5521402260891655,0.4443033151276515,0.00038104915534103897,0,9.361746637212317,0.8644526264232222,0.6052973132927164,7873,32,22.159357200120027,3.6030482441428955,1.619047619047619,4.0,24.965,0.0,0.24329216795152442,0.9620559091275276,1.036559747919528,0.03610809131852772,69.390848,821,870,0.9436781609195403,2102,2150,0.9776744186046512,3405,3491,0.9753652248639358,17556,18315,0.9585585585585585
269,4185.581596296392,46.323669604609,0.7403545359749739,0.25599582898852974,0.0015641293013555788,0,7.276132523599652,0.8663061207079096,0.7911434152812072,3836,22,22.14007764357225,2.997347515802418,1.5862676056338028,3.0,8.036,0.0,0.1756115679036803,0.9603667382347821,1.038052016058649,0.038926997936534494,44.779434,2537,2677,0.9477026522226373,3735,3865,0.9663648124191462,3815,3955,0.9646017699115044,6463,6736,0.9594714964370546
270,5201.003140458549,47.36877948968877,0.8413753250505634,0.1566021381103727,0.0011557353366079169,0,12.120372861874051,0.8601723439531995,0.8557588944309549,3461,22,22.11046329854271,2.703889977979836,1.508585164835165,3.0,4.886,0.0,0.15347648948049508,0.9488822885727685,1.052026286966046,0.05074936934263244,46.638902,2898,3052,0.9495412844036697,3030,3167,0.9567413956425639,2615,2765,0.945750452079566,3597,3810,0.9440944881889763
271,3088.941311275512,75.8459570633359,0.566546539082888,0.43047098297502173,0.0003728097427612775,0,12.206313970070115,0.8591537429845983,0.6288021602438476,8047,31,22.558406891098528,3.6728621155409957,1.7054178547927177,4.0,25.292,0.0,0.25502979119677643,0.9547368835360334,1.0445173013114235,0.044130925507900674,71.971148,698,738,0.94579945799458,1734,1790,0.9687150837988827,3053,3159,0.9664450775561887,18772,19720,0.9519269776876268
272,5823.14628062247,79.66752387407756,0.6668045216432313,0.329886958919217,0.0,0,7.944730887410354,0.8670056651739293,0.7304851431368007,7254,31,19.66185571035831,3.768723090328755,2.1546413065949968,6.0,20.442,0.0,0.2359178024609065,0.9562437636276285,1.0437083641746854,0.04212538496937945,76.280388,465,494,0.9412955465587044,1208,1243,0.9718423169750603,2311,2379,0.971416561580496,21891,22943,0.9541472344505949
273,7117.012149336798,112.16752775777242,0.6311529411764706,0.3659294117647059,9.411764705882353e-05,0,13.2555276124072,0.8566251035944592,0.7242930264709577,10625,26,22.803775494441155,3.8963348743073944,2.389800178944229,7.0,32.775,0.0,0.4113172460880311,0.931956728566898,1.0655331207934822,0.062285223367697595,105.630402,195,211,0.9241706161137441,509,527,0.9658444022770398,1091,1178,0.9261460101867572,24653,26463,0.9316026149718475
274,3955.093145793459,63.886118665627095,0.6300919842312747,0.36678712220762155,0.000657030223390276,0,10.529461445716453,0.874020983707448,0.6826837092842218,6088,19,22.79284668016855,3.475662961382753,1.6415537017726798,4.0,17.008,0.0,0.32090400857287793,0.9659262454172957,1.0329542014444493,0.03339448011339948,61.523102,1104,1162,0.9500860585197934,2653,2718,0.9760853568800588,4133,4256,0.9710996240601504,14505,15049,0.9638514186989169
275,4872.345374717191,92.00449624308585,0.5950893346486901,0.402279951770251,0.0,0,13.653069274583045,0.849364961961227,0.7168939273740945,9123,20,21.85796754140332,3.879578186938069,2.722232455332474,8.0,31.249,0.00043826010737372633,0.45629110940029816,0.9356299073353611,1.0609088323140379,0.05740765435391385,85.120162,205,221,0.9276018099547512,617,661,0.9334341906202723,1323,1395,0.9483870967741935,24309,25997,0.9350694310882025
276,2647.5527427817815,94.48799220110031,0.5270231352596717,0.46817701833541325,0.0,0,13.726861254676557,0.8571778834498068,0.641167296887326,10417,29,22.185817040340602,3.9026978046773904,2.2852459016393443,7.0,37.57,0.0,0.3585901168741727,0.9330241056996276,1.0643473341818697,0.06076108122380276,86.506322,186,198,0.9393939393939394,507,538,0.9423791821561338,1026,1085,0.9456221198156682,24833,26637,0.9322746555543041
277,4187.515808309747,53.1765163396687,0.6887021888127349,0.30798142825558256,0.00022109219544550078,0,8.089080270587228,0.8566364064983989,0.7965221418165518,4523,23,24.624013745711046,3.5403092855932705,2.1775280898876406,7.0,12.016,0.0,0.1976988901396713,0.9625501002004008,1.037143932739365,0.036253168631553534,49.224334,906,963,0.940809968847352,2414,2496,0.9671474358974359,3858,4002,0.9640179910044977,15877,16491,0.9627675701898005
278,3771.2829203041415,66.34367954955795,0.6130232558139534,0.3848062015503876,0.0001550387596899225,0,10.26256607657854,0.852376189523749,0.6809919414042482,6450,20,21.694365256296237,3.606841424719786,1.8234699038947901,4.0,18.621,0.0,0.3235254166460494,0.9477923139820115,1.0523034007466054,0.05046583850931677,63.330352,760,816,0.9313725490196079,2042,2144,0.9524253731343284,3533,3677,0.9608376393799293,16848,17823,0.9452954048140044
279,5250.090138075138,49.804664865500094,0.8157822381083311,0.18229309870772614,0.0,0,10.775217486714839,0.8629496949861436,0.9301294332029731,3637,23,23.038756962267193,3.3774360778551147,2.184361307718234,6.0,7.141,0.0,0.16071624802218024,0.9471428571428572,1.0535134619056712,0.050933248971844355,46.664488,1384,1474,0.9389416553595658,3161,3284,0.9625456760048721,4387,4587,0.9563985175495967,10958,11655,0.9401973401973402
280,2218.7523876383193,127.58374632331237,0.5099842354177614,0.48627167630057805,6.568575932737782e-05,0,11.937247775959172,0.8495698589214005,0.5441521905227705,15224,32,25.88844227679418,3.8729341143448863,2.0627253992787224,5.0,55.625,0.0004595889961263213,0.4770487948642851,0.9167776058719822,1.0800159379867424,0.07455380927011188,123.541056,235,247,0.951417004048583,542,586,0.9249146757679181,1116,1199,0.9307756463719766,23587,25761,0.9156088661154458
281,4943.041415696428,81.34594096794575,0.6256670902160102,0.3707750952986023,0.00012706480304955527,0,10.263576326228442,0.8732125061857016,0.6835133975925666,7870,20,20.653286440350925,3.645147764770946,1.6947603574329813,4.0,22.045,0.0,0.4006205735839391,0.9670626985060581,1.0326722953072844,0.03232783153101878,78.383948,705,747,0.9437751004016064,1956,2000,0.978,3371,3454,0.9759698899826288,18631,19302,0.9652367630297378
282,3396.729633083991,41.44854553800785,0.7017347509792949,0.2951874650251819,0.0005595970900951316,0,10.710338089127376,0.8657267301176607,0.7821869627153435,3574,16,21.311362094979344,3.059833949416322,2.0382775119617227,6.0,9.257,0.0,0.220545160698199,0.9681317506149075,1.0305531732418525,0.030230749287010632,39.13033,2020,2172,0.9300184162062615,3983,4084,0.9752693437806073,4564,4676,0.9760479041916168,7539,7770,0.9702702702702702
283,1683.8753880860986,71.41846430264735,0.5238095238095238,0.4721919302071974,0.0007270083605961468,0,7.970062650831636,0.8619243844653405,0.5747585175085438,8253,21,22.63115254082267,3.674343020270624,2.009946796206338,7.0,28.663,0.000121153380179307,0.38703237377502286,0.968935940035546,1.028469474827399,0.029000187582067155,68.472102,648,688,0.9418604651162791,1827,1880,0.9718085106382979,3355,3457,0.9704946485391959,19248,19857,0.9693307146094576
284,2045.5711591408124,108.75831615128382,0.5032330166839626,0.4926159495489742,0.0,0,9.07558065772614,0.8844764349918024,0.636420616454757,12527,30,22.95067595064313,3.9543358614758843,3.3703997461928936,8.0,51.991,0.00015962965919067763,0.41984225186308155,0.9608808462510811,1.0365482911836434,0.035392266966147924,99.14279,99,107,0.9252336448598131,258,267,0.9662921348314607,522,544,0.9595588235294118,28007,29144,0.9609868240461158
285,4103.057203637851,94.74856140945852,0.5713858126309488,0.4254215304798962,0.000299311583358276,0,9.07624816700729,0.8671282577768678,0.6414751264331645,10023,25,22.6861835226415,3.8366261234896997,2.321808975030557,6.0,33.995,9.976057462090982e-05,0.4049305067967408,0.959842071565768,1.0389503748661193,0.03870614784927853,90.316618,304,326,0.9325153374233128,940,973,0.9660842754367934,1709,1767,0.9671760045274477,24032,25048,0.9594378792717981
286,4716.825979865129,92.44259099309262,0.5927032216769789,0.404096436953275,0.0002133560913164071,0,11.187940216290226,0.8961070778343894,0.6604259184598875,9374,19,21.666363642925802,3.7938642435296055,2.421886249100072,7.0,31.137,0.0005331058748267406,0.4958003949313632,0.9725117806654291,1.0272668718242324,0.027226003611612724,88.405652,375,394,0.9517766497461929,1067,1107,0.96386630532972,2259,2319,0.9741267787839586,23541,24192,0.9730902777777778
287,6525.695428570957,75.77047969763858,0.7168057961883761,0.2809891321467948,0.0,0,5.7709349172349,0.8700479289803495,0.7956527753814682,6349,29,21.08953945795102,3.7933674608109826,2.755438365194463,7.0,18.61,0.0,0.2220282013318361,0.9660596918435513,1.03285709144564,0.03212013765773282,71.825918,391,423,0.9243498817966903,997,1020,0.9774509803921568,2154,2235,0.963758389261745,23356,24165,0.9665218290916615
288,6631.526310159028,84.19557052631657,0.6883328800652706,0.3105792765841719,0.0,0,11.158582914273484,0.9160458822755537,0.777426742081819,7354,20,24.609607682123865,3.789208160651297,2.468787040695377,7.0,20.61,0.0,0.3635718339882946,0.9886189849557208,1.0105015841372682,0.010382936787272984,80.188752,429,464,0.9245689655172413,1307,1318,0.9916540212443096,2394,2415,0.991304347826087,23667,23920,0.989423076923077
289,5139.695595149504,75.11413439962695,0.6459600347523893,0.35056472632493485,0.0004344048653344917,0,5.995683177850024,0.8927888040640082,0.7654243334816925,6906,23,21.283254026417744,3.830324365678863,3.0132257341403275,8.0,23.142,0.00014478065730418415,0.3005980175662002,0.9687301475259406,1.0307104443815454,0.030918667487516246,70.063928,333,361,0.9224376731301939,884,912,0.9692982456140351,1722,1761,0.9778534923339012,24509,25300,0.9687351778656127
290,6735.536157271522,65.57527275845543,0.8014368389543005,0.19636799042107364,0.0,0,9.775962159005973,0.896391101414837,0.820078656777082,5011,18,23.849777046828482,3.1884065363720677,1.4626494023904382,3.0,8.007,0.0,0.27205522365647394,0.9751645555617015,1.0249072895334035,0.024338909875876957,64.599394,2264,2382,0.9504617968094039,2951,3000,0.9836666666666667,3854,3925,0.9819108280254777,8561,8772,0.9759461924304605
291,4067.0186411694594,115.90555201214157,0.548191823899371,0.44764150943396225,0.0,0,11.709812112048002,0.889122558276027,0.6126699486337083,12720,31,21.11506906876931,3.936263575219189,2.6021798365122617,7.0,46.349,7.861017215627702e-05,0.41189087609038133,0.9815886375591794,1.0161226508407517,0.01607737844919613,110.55725,117,125,0.936,406,413,0.9830508474576272,724,739,0.979702300405954,28609,29139,0.981811318164659
292,8671.64580613963,80.39696059609113,0.8282094594594595,0.17043918918918918,0.0,0,8.386965368262608,0.8727057969164062,0.8712842154226018,5920,20,22.12903408755531,3.616509618757037,1.7950234550275341,4.0,9.901,0.0,0.2968785515385541,0.9697820939845098,1.0297200690790795,0.02883978331189836,78.194732,860,903,0.9523809523809523,2149,2191,0.9808306709265175,3502,3590,0.9754874651810584,17655,18235,0.9681930353715382
293,4193.234913284859,36.61342357631279,0.8696993060909792,0.12683114880493446,0.002313030069390902,0,16.08976006386888,0.8680676931661614,0.9013904298845045,2594,17,21.669369343064567,2.5098518038790316,1.2947695035460993,3.0,2.714,0.0,0.15062912642689286,0.9603387286954658,1.0398667526327101,0.041705187467899335,36.054374,3125,3310,0.9441087613293051,2420,2487,0.973059911540008,1833,1893,0.9683042789223455,1581,1639,0.9646125686394142
294,4865.909242817136,74.69379057066315,0.6401300904977375,0.35732466063348417,0.0004242081447963801,0,11.988835246420741,0.8631993221219632,0.6968439167044392,7072,20,27.10353485368382,3.6157095121381864,1.8899933730947647,5.0,19.943,0.0,0.3499382030936692,0.9539327689652338,1.045353435491844,0.04396338349114053,71.655992,765,818,0.9352078239608802,2351,2415,0.9734989648033127,3911,4036,0.9690287413280476,16186,17065,0.9484910635804278
295,3657.1240062207125,111.24071801749587,0.5373282569111074,0.4592782651878828,0.0,0,11.777652629760382,0.8543502528638555,0.6768519332592999,12082,30,21.611113793099015,3.965795111614956,3.294208256315465,9.0,48.18,8.276090374906894e-05,0.40366698110120347,0.9432621736653373,1.052468303210143,0.04980415883832755,101.208902,66,67,0.9850746268656716,174,182,0.9560439560439561,375,401,0.9351620947630923,27531,29189,0.943197779985611
296,6005.474155306046,62.70647257808752,0.7624567825910108,0.2338824486475493,0.0002033760423022168,0,7.669786981649597,0.8496488275614293,0.854605141005227,4917,18,19.958516421191316,3.6659616884998547,2.2325953587623366,6.0,11.314,0.0,0.27302588985370463,0.9421193588359915,1.0578797481047693,0.055427600528601094,59.29345,629,688,0.9142441860465116,1830,1895,0.9656992084432717,3375,3544,0.952313769751693,17735,18890,0.9388565378507147
297,6548.615014592364,79.25023656624695,0.7034960908688597,0.2942911933913557,0.0,0,12.05426769427499,0.8426140495879478,0.7837907376087491,6779,20,19.687734994949018,3.792755750446416,2.4101488781715243,6.0,18.446,0.0,0.33196952517743405,0.9325910096352117,1.0675990675990676,0.06338225999016785,75.648502,365,390,0.9358974358974359,1197,1241,0.9645447219983884,2558,2661,0.9612927470875611,20755,22381,0.9273490907466154
298,4885.521407864535,54.08428665947471,0.7384687426832124,0.2596581596815734,0.0,0,10.273132605811636,0.8570564860406973,0.8730304426862979,4271,24,24.330108123959413,3.7176916601206753,2.533291058972733,7.0,11.202,0.0,0.17625594237823228,0.9412924170982453,1.0572504269523366,0.05424373126690547,49.460356,497,543,0.9152854511970534,1425,1521,0.9368836291913215,3010,3163,0.9516282010749288,19423,20647,0.9407177798227345
299,3926.1371510684744,94.93113026209737,0.5626441970107333,0.4343464740696158,0.0,0,11.748859977368049,0.8445748025587159,0.6647268838801516,9969,32,23.041005410167333,3.9278293173776855,2.732572651096452,7.0,36.22,0.0,0.31532127093936446,0.9102359975940275,1.0872987605071947,0.08013018714401952,88.304146,127,134,0.9477611940298507,364,385,0.9454545454545454,811,867,0.9354094579008074,24424,26877,0.9087323734047699
300,4014.1105656294176,75.17398226613342,0.5960564151718472,0.40079419416678075,0.0,0,10.618793202843559,0.853443056580744,0.7339769582051686,7303,21,21.332459886703617,3.848096826375609,2.5081552951987134,8.0,24.079,0.0,0.34032199823160136,0.9259448230620649,1.0725073313782991,0.06777875925800095,68.527042,247,265,0.9320754716981132,837,885,0.9457627118644067,1787,1889,0.946003176283748,22536,24400,0.9236065573770492
301,4391.0365654589095,48.963777646089376,0.7361853832442068,0.2597402597402597,0.002037178507766743,0,12.65530294471844,0.8596784285901419,0.8323814880903967,3927,22,22.236786511464135,3.4483691277969983,2.2545831892078865,6.0,9.782,0.0,0.1767544133860338,0.9345156264320411,1.0672404270986746,0.06495843688405176,45.780066,1134,1221,0.9287469287469288,2849,2980,0.9560402684563758,4093,4328,0.9457024029574861,12317,13293,0.9265778981418792
302,6760.692397981207,75.50016653049597,0.73504969854978,0.2629949486719896,0.0,0,12.99100555167374,0.8448043051609696,0.8170525738344009,6137,19,21.36374815142375,3.75821651190906,2.259144313899357,6.0,15.588,0.0,0.3263949304590045,0.9347552367507345,1.0651034693799488,0.06131585544930339,71.86396,428,454,0.9427312775330396,1364,1419,0.9612403100775194,2613,2739,0.9539978094194962,20094,21597,0.9304070009723573
303,5598.428727410221,82.04034523104714,0.6476343653665728,0.349953089398204,0.0,0,11.244124195979088,0.8438116015136072,0.7668165791187678,7461,21,19.079629740586363,3.847148386759805,2.3509933774834435,7.0,22.391,0.0,0.3579262019918027,0.9283392381021951,1.0708701875435829,0.06664621258607759,76.378832,276,303,0.9108910891089109,840,880,0.9545454545454546,1764,1851,0.9529983792544571,22537,24345,0.925734237009653
304,360.60469691963544,63.56798072729239,0.48536895674300257,0.50941475826972,0.0017811704834605599,0,10.897523858209386,0.8500760845710297,0.54165307019462,7860,19,22.77388653407064,3.4144565720845703,1.582175622542595,4.0,28.149,0.00012721027859051011,0.41388927530014696,0.9540144974375548,1.0428160118881769,0.045732916244437594,60.409078,1278,1366,0.9355783308931186,3042,3143,0.9678650970410436,4623,4759,0.9714225677663375,11720,12391,0.9458477927528045
305,4011.9440375950344,62.57542744950512,0.6346320346320347,0.3625974025974026,0.0,0,11.5784301381055,0.8516242904350142,0.7730021445879309,5775,27,22.27532631250471,3.7333602375100186,1.9994542974079126,7.0,16.605,0.0,0.21471836822775492,0.9560519560136403,1.0440036829586434,0.04241423592001468,57.188,556,583,0.9536878216123499,1635,1673,0.9772863120143455,3152,3242,0.972239358420728,19609,20601,0.9518469977185573
306,4805.285252085008,91.31517495854393,0.5924740675347605,0.40498786139924964,0.0,0,8.117940920432513,0.8318347615660188,0.7376946011196504,9062,20,21.840329933621355,3.928300614819624,3.14918979325759,8.0,32.742,0.0003309431880860452,0.4591078226324862,0.9253425133875791,1.0706918854665595,0.06590444018579271,83.81045,114,117,0.9743589743589743,381,401,0.9501246882793017,879,930,0.9451612903225807,25237,27310,0.924093738557305
307,4602.696280471772,88.30107289846153,0.5943407034024516,0.4025661587810746,0.00011456065986940085,0,10.764309092549212,0.8506409783026211,0.7055514194006527,8729,29,21.945778117014576,3.8998268368657154,2.497879722436392,7.0,29.074,0.0,0.30117969578735404,0.9372420065766459,1.0619081024202035,0.058432147562582346,81.861784,163,174,0.9367816091954023,537,568,0.9454225352112676,1150,1192,0.964765100671141,24942,26652,0.9358397118415128
308,2711.5797016132683,102.80167435498264,0.5277131281786053,0.4684078958710456,8.61994655633135e-05,0,13.467380998202048,0.8683492052384418,0.590693662136892,11601,30,23.483809426054997,3.8926176551853855,2.037079385821627,5.0,40.912,0.0,0.3886918622583154,0.9442644651130386,1.0535470549119799,0.051290525133018273,97.63244,183,193,0.9481865284974094,511,531,0.9623352165725048,1243,1296,0.9591049382716049,25170,26687,0.9431558436692022
309,6096.745097396424,70.58376913455774,0.7208234093228989,0.27696495406600885,0.0,0,13.195726979640074,0.8598957117674625,0.8271653320783198,5878,27,24.79253287030737,3.7512832218567054,2.1713476516403114,7.0,14.529,0.0,0.21556943817441582,0.9444699754901961,1.054231685756015,0.05223040905956226,66.326946,479,527,0.9089184060721063,1476,1560,0.9461538461538461,2728,2855,0.9555166374781086,19979,21170,0.9437411431270666
310,5893.966480630709,78.33760729373486,0.6753631363700465,0.32040614863912004,0.0008461429981666902,0,14.821452132380147,0.8635769006460584,0.7149461667842321,7091,30,18.2894604493901,3.751709949854912,2.0428064314053036,5.0,19.114,0.0,0.23598582817694835,0.9653194263363755,1.0345458619659396,0.03501204212947985,76.164424,511,552,0.9257246376811594,1394,1437,0.9700765483646486,2538,2620,0.9687022900763359,21471,22236,0.9655963302752294
311,3758.654251395817,57.020879820915354,0.6422429906542056,0.3545794392523364,0.0,0,7.20368521935907,0.8540892001493655,0.7253427875110491,5350,25,21.89253117373169,3.54998382247476,1.85069848661234,6.0,14.707,0.0,0.21502402086569095,0.9616498132841019,1.0382787195557985,0.03716721205510443,53.591208,918,979,0.9376915219611849,2430,2508,0.9688995215311005,4251,4366,0.9736601007787449,15320,15980,0.9586983729662077
312,4233.437577033897,49.59158711458848,0.7188929001203369,0.27845968712394703,0.0009626955475330926,0,9.722102439635243,0.8591806473915348,0.7703285991875519,4155,20,20.45022607049885,3.190918963878523,1.696350853699364,5.0,9.172,0.0,0.21156592642730399,0.9607936006736133,1.0384168865435357,0.037824699984809355,47.442408,1986,2102,0.9448144624167459,3686,3777,0.9759068043420704,4254,4379,0.9714546700159854,8331,8744,0.9527676120768527
313,4245.087088349758,63.06459991881047,0.6482173174872665,0.3471986417657046,0.0011884550084889642,0,13.313947547865201,0.8807197386260245,0.6911037742799385,5890,24,22.395650590443374,3.367791729364724,1.6257202723939235,4.0,15.241,0.0,0.242702198292244,0.9690370100936619,1.0294908610237476,0.03071702437089595,60.82017,1436,1497,0.9592518370073481,2967,3024,0.9811507936507936,4177,4295,0.9725261932479627,12733,13178,0.9662315981180756
314,3784.327054192022,96.80454760498365,0.5582768635043562,0.4383349467570184,0.0,0,11.379137076085673,0.8638097909137948,0.6292313717177592,10330,26,23.47390330567037,3.8303260700771222,2.537541182590602,6.0,36.775,9.679605072113058e-05,0.3951917428349717,0.9605429185281179,1.0382339865257686,0.03688497668002365,91.682004,171,191,0.8952879581151832,494,513,0.9629629629629629,1041,1076,0.9674721189591078,26460,27543,0.9606796645245615
315,3703.9898146331375,97.22301591107805,0.5524824738307884,0.4429079035820609,0.0,0,7.989616478086029,0.8542068283149054,0.6607014514271479,10413,32,21.257773859684104,3.9495842550506652,2.977924561098557,8.0,39.372,0.0,0.3219047668268541,0.9276830318690784,1.0703849882287773,0.0656687590535973,90.246032,103,109,0.944954128440367,281,300,0.9366666666666666,536,580,0.9241379310344827,26006,28036,0.9275930945926666
316,5065.253534508673,56.85428495880892,0.7348387096774194,0.2625806451612903,0.00021505376344086021,0,7.930089700039567,0.8704234905558098,0.800293798204678,4650,24,15.529980276266029,3.4160079958534793,1.881182323675739,5.0,10.527,0.0,0.19083532401362258,0.9586197600754819,1.0415204678362573,0.03998447204968944,54.482488,1258,1322,0.9515885022692889,2980,3053,0.9760890926957091,4097,4223,0.9701633909542979,13001,13659,0.9518266344534739
317,4485.074365568861,42.4926001832656,0.8176320814767664,0.1769573520050923,0.003182686187141948,0,9.038437298236019,0.8554857393301095,0.8745150913235388,3142,16,25.4866701844376,2.827750781705451,1.4998053717399766,3.0,4.855,0.0,0.2001228554464374,0.9370317878112978,1.0616689280868385,0.06268977732793522,41.031984,2970,3177,0.9348441926345609,3552,3723,0.9540692989524577,3233,3435,0.9411935953420669,4129,4482,0.9212405176260597
318,4346.077756297612,73.13489645360718,0.6212376933895921,0.3759493670886076,0.00028129395218002813,0,10.834226573856345,0.8617147949873467,0.690581880358626,7110,31,21.328739428804017,3.664143302635548,1.9664930948607653,5.0,21.231,0.0,0.2262644173004798,0.9472870674963338,1.051807707588399,0.05010917852571343,69.535606,643,675,0.9525925925925925,1845,1911,0.9654631083202512,3033,3154,0.9616360177552314,18380,19491,0.942999333025499
319,4957.495855070153,69.98109653468138,0.6589023611997448,0.3385449904275686,0.0,0,8.516470062206539,0.8653666655256349,0.7587262692189163,6268,27,21.738836149755628,3.726089937208985,2.205811138014528,7.0,18.066,0.0,0.23183981433289358,0.9494689039408867,1.0502411730657921,0.047961015645037186,65.670032,531,569,0.9332161687170475,1584,1649,0.960582171012735,2915,3025,0.9636363636363636,19641,20741,0.9469649486524275
320,2907.170259887016,101.86902852076201,0.5334729859474557,0.4626865671641791,0.0,0,8.812368781584095,0.859886930515678,0.5952156668635002,11457,28,20.32172148352157,3.8788955884368486,2.143488219895288,6.0,40.399,0.0002617801047120419,0.4087030030832477,0.9476330121491412,1.0511761411369365,0.04871973697319916,97.017612,171,182,0.9395604395604396,686,709,0.9675599435825106,1356,1412,0.9603399433427762,24931,26341,0.9464712805132683
321,3127.4171312376047,68.40754856405474,0.577350007025432,0.4181537164535619,0.0002810172825628776,0,6.671402657595911,0.8591506969543489,0.656392077277032,7117,18,23.5069922879454,3.67620123131414,2.259673886590411,7.0,23.776,0.0004213483146067416,0.3978673874199386,0.9555452651076638,1.0428720808644127,0.04199630314232902,64.7926,579,614,0.9429967426710097,1680,1764,0.9523809523809523,3157,3268,0.9660342717258262,19346,20268,0.9545095717387014
322,926.9443323806933,124.29351436166988,0.48230582364913666,0.5138204976692272,0.0,0,9.711935821786296,0.8645616557107739,0.5894176388280099,15231,31,23.428255241229216,3.963098391718356,3.255104818949088,8.0,64.146,0.0006561249261859458,0.49194029181460297,0.9131186663438592,1.0828136431731874,0.07685185185185185,115.442236,69,73,0.9452054794520548,216,224,0.9642857142857143,377,413,0.9128329297820823,25739,28203,0.9126334077934971
323,4806.659482304828,81.48782651411906,0.6199974909045289,0.37799523271860497,0.0,0,10.664824922485746,0.8804709781653404,0.6706709047000441,7971,32,21.276661452817077,3.7709247984155443,1.9862403885066775,5.0,23.741,0.0,0.251210972274469,0.9542605581256529,1.0450618899816762,0.0432609937178755,78.21868,478,502,0.952191235059761,1291,1332,0.9692192192192193,2565,2643,0.9704880817253121,21244,22327,0.9514937071706902
324,5565.471753656244,88.67679486995705,0.6283479497511258,0.3680967053804219,0.00011851149561507466,0,7.086889047502728,0.8480090092661489,0.7089141203334394,8438,29,24.437852856558692,3.8958335433067948,2.523387400980762,7.0,27.115,0.0,0.2897396112943626,0.9231369488880219,1.0753324539199258,0.07058086635458562,83.68437,158,170,0.9294117647058824,538,565,0.952212389380531,1065,1130,0.9424778761061947,24265,26328,0.9216423579459131
325,3884.1682681591924,101.3484061519018,0.5582351329131269,0.43738010413812,0.0002740476842970677,0,12.598289316316256,0.8598353560258599,0.6226815140831152,10947,31,19.999563872735678,3.883765924803361,2.168875797741777,6.0,36.939,0.0,0.3518428570748148,0.9390658174097665,1.0588465089850132,0.0560491682811143,96.529832,221,238,0.9285714285714286,683,718,0.9512534818941504,1304,1357,0.9609432571849669,24330,25947,0.9376806567233206
326,4242.909835688574,82.40188734496155,0.595223808952358,0.40201608064322575,0.00024000960038401536,0,10.0113414735375,0.8501893756216024,0.6700970556621993,8333,25,21.17318597183503,3.848153910798386,2.231451612903226,6.0,26.836,0.00011999040076793856,0.334811295794224,0.9443591848388594,1.055372610781015,0.05267606586198736,78.21163,217,241,0.9004149377593361,815,852,0.9565727699530516,1725,1797,0.9599332220367279,23703,25129,0.9432528154721637
327,4578.432929678078,65.17983870039417,0.657504581042812,0.338664001332667,0.0003331667499583542,0,10.129183293270048,0.8642395954250263,0.7315358232336134,6003,29,21.83517901332737,3.675429622821655,1.8117557638712947,5.0,16.055,0.0,0.20753285751191913,0.9609655279987521,1.038927538497616,0.03814560594126252,61.787256,649,695,0.9338129496402877,1816,1872,0.9700854700854701,3218,3301,0.9748561042108452,18960,19776,0.9587378640776699
328,1518.8425507355596,38.23083253172921,0.5596284207883505,0.437609841827768,0.0005021340697966357,0,4.855906511226361,0.8580833201304868,0.6569724595471397,3983,17,22.701325018279867,3.2131887428406465,2.1529834006280844,7.0,13.186,0.0,0.23853558758244447,0.9650513950073422,1.0341528043574268,0.03358561967833491,35.161252,1574,1674,0.94026284348865,3583,3693,0.9702139182236664,4956,5075,0.976551724137931,9603,9988,0.961453744493392
329,2534.3443846323103,46.21749804186627,0.6051693404634582,0.3910427807486631,0.0011140819964349377,0,7.064749847119903,0.8448553962464662,0.6731671422329844,4488,25,23.449102208681392,3.4165693336449308,1.9046391752577319,6.0,13.405,0.0,0.17863120607219277,0.9625832223701731,1.0363409637481071,0.0372206315969403,43.375162,1159,1225,0.9461224489795919,2880,2980,0.9664429530201343,4420,4544,0.9727112676056338,13228,13781,0.9598722879326609
330,4978.031831183566,54.798329129031316,0.7418546365914787,0.2572339940760993,0.0,0,11.682543594971333,0.8443690334596806,0.8498985687448536,4389,28,23.32685025937338,3.634515847938433,2.2205159705159705,7.0,10.592,0.0,0.15492420396693146,0.9482857611548556,1.0515002055076037,0.049060135714842835,50.91825,823,874,0.9416475972540046,2063,2151,0.9590887959088796,3452,3579,0.9645152277172394,16785,17780,0.9440382452193475
331,4247.357147039029,95.30990410679735,0.5730121938929759,0.4231583190567369,0.0,0,9.368345545888703,0.8430686291708582,0.6709019776023493,9923,32,22.893907918228816,3.9020304088233777,2.435807245867042,7.0,34.078,0.0,0.3122467462379199,0.919606935592979,1.0809167947938643,0.07499011987880384,89.084124,170,178,0.9550561797752809,510,544,0.9375,1012,1071,0.9449112978524743,24137,26294,0.9179660759108542
332,6479.4650598069375,95.64410619045442,0.6484018264840182,0.3484797861677247,0.0,0,8.83955688265605,0.8661970468470028,0.6966942655486024,8979,20,23.13385725388068,3.7327382545722116,1.9895225008588113,5.0,25.217,0.00033400133600534405,0.4510992971604302,0.9390409922855847,1.0606750094804702,0.057288510213539624,92.712484,438,472,0.9279661016949152,1380,1426,0.967741935483871,2489,2568,0.9692367601246106,20525,21978,0.9338884338884339
333,5942.243857637858,108.18537338477768,0.6038515735086896,0.39239079379990605,9.394081728511038e-05,0,16.112557069830128,0.864058939371268,0.6927305359951444,10645,29,21.811921816624377,3.930942274702793,2.2291537025513377,7.0,33.602,9.393199323689649e-05,0.3674377546842276,0.9348803430626643,1.0641688947532901,0.06068087318087318,101.790942,121,129,0.937984496124031,405,425,0.9529411764705882,833,863,0.9652375434530707,25674,27499,0.9336339503254664
334,3997.9425622534286,94.56900437746451,0.5649894121206009,0.43168296863970956,0.00010083694665725522,0,12.361949783996762,0.8629712584699364,0.6795884394875638,9917,20,23.988052749672093,3.8877565734975925,2.6642869891129752,8.0,35.313,0.0003024193548387097,0.4982253907927049,0.9240952279278317,1.0717461455718895,0.06731056457233894,88.396392,165,184,0.8967391304347826,577,617,0.9351701782820098,1465,1566,0.9355044699872286,23761,25734,0.9233310017875185
335,5961.910512664024,89.92408904510333,0.6397217558167426,0.3577596545934277,0.00011993283761093787,0,9.737576821406815,0.8509673368651859,0.7660372794801953,8338,26,23.076535272768346,3.9203604749164733,2.7142857142857144,8.0,27.015,0.0,0.32603634296680944,0.9312596006144394,1.0670449768810424,0.06294163831457733,83.53568,152,161,0.9440993788819876,447,466,0.9592274678111588,1003,1073,0.934762348555452,25073,26944,0.9305596793349169
336,2540.6964069028977,90.82799345278396,0.5279551930824408,0.46821263633683796,9.826078412105728e-05,0,13.954187324638166,0.8547139847034941,0.6233385137868983,10177,22,24.940647827079,3.9159666429547104,2.840312674483529,7.0,38.902,0.00029469548133595285,0.4667067846416906,0.9337736832956718,1.063659550679571,0.059752230902494034,85.18908,119,125,0.952,464,488,0.9508196721311475,1107,1167,0.9485861182519281,25170,26985,0.9327404113396331
337,4248.710756080942,106.29622813678913,0.5543410088701729,0.4411791058148911,0.0,0,12.993734956861879,0.8562285382925389,0.6845327697182917,11161,24,21.42881548485371,3.9549736605992325,3.123969613706158,8.0,42.164,0.0002687208885704049,0.4609868894236805,0.9187782259454614,1.077072763916881,0.07147887323943662,97.713314,72,77,0.935064935064935,233,246,0.9471544715447154,513,547,0.9378427787934186,25833,28137,0.9181149376266127
338,3428.2094697687526,46.49111325201756,0.6706513783849719,0.32568919248597217,0.0012198097096852891,0,13.30269701980627,0.8446282336037861,0.7638993010286412,4099,18,22.668505170015102,3.2651172404664703,1.831575118224809,6.0,10.869,0.0,0.22694540692685145,0.9525913423351866,1.0479414546721761,0.047655068078668684,43.345076,1551,1643,0.9440048691418138,3566,3682,0.9684953829440521,4786,4956,0.9656981436642453,9286,9863,0.9414985298590692
339,5003.944591575915,94.43609743106249,0.5992242373414404,0.3968969493657616,0.0001048327916972429,0,18.313480239597187,0.8481163497908001,0.651903822343485,9539,26,20.48885427024769,3.874300471883748,2.3138558432470258,6.0,31.379,0.0,0.36897327444340366,0.9151263537906137,1.0843059079376585,0.07780404168192563,90.662716,182,194,0.9381443298969072,638,680,0.9382352941176471,1321,1411,0.9362154500354358,23208,25415,0.9131615187881172
340,7322.116933057386,90.09817757146736,0.69374185136897,0.30247718383311606,0.0,0,21.121808533192308,0.8495354539808867,0.8380379468366391,7670,23,19.446050574874647,3.922490321311352,2.954707761698929,8.0,23.478,0.0,0.3327554016930011,0.9360179744210162,1.0605092222723957,0.05704041720990873,83.09819,128,136,0.9411764705882353,423,444,0.9527027027027027,881,939,0.9382321618743344,25647,27411,0.935646273393893
341,4847.488501057806,99.07321939112651,0.5824989987985583,0.41419703644373246,0.0,0,15.21707029331079,0.8319828313506886,0.7015237130145884,9988,28,21.65172274371239,3.945367584468535,2.8673083533860435,8.0,35.751,0.0,0.35231943232052587,0.9071689883213733,1.0904421142128382,0.08317476698809946,91.310726,105,112,0.9375,295,315,0.9365079365079365,598,639,0.9358372456964006,24791,27362,0.9060375703530443
342,4239.222500528033,55.55107273853186,0.6779979144942648,0.3182481751824818,0.0006256517205422315,0,10.578011560876474,0.8421665286243744,0.7781483670417378,4795,22,22.814280707761174,3.7017931252008127,2.30852045524454,7.0,13.659,0.0,0.21806548776100482,0.9532222522905632,1.0470706835717887,0.04592062555326055,51.245004,543,585,0.9282051282051282,1688,1740,0.9701149425287356,3287,3429,0.9585885097696122,19139,20113,0.9515736091085367
343,4221.154234868878,88.4165780575055,0.5779632721202004,0.41803005008347244,0.0,0,11.079177708814246,0.855552631253648,0.6914879952336658,8985,21,19.939940875748192,3.914982887356341,2.9863277488927404,8.0,32.705,0.00011128421989761852,0.4233326563650348,0.9245760033709048,1.0725456278462244,0.06754632964442407,82.592046,128,143,0.8951048951048951,438,463,0.9460043196544277,1204,1285,0.9369649805447471,24561,26588,0.9237625996690236
344,5569.66952539067,54.046466034937495,0.8001478560867422,0.1981271562345983,0.0007392804337111878,0,6.2565269478713645,0.832332049291985,0.8927905281122696,4058,17,22.801974564527054,3.554863737435975,2.4825993224514935,6.0,9.316,0.0,0.23849796874580745,0.9241065627030539,1.0773274251705114,0.07244455159112825,51.2636,865,920,0.9402173913043478,2333,2436,0.9577175697865353,4047,4274,0.9468881609733271,14088,15455,0.9115496603041087
345,5159.624502052045,80.54180958458912,0.6337899543378995,0.36203522504892366,0.0001304631441617743,0,11.09148131436732,0.8423216415616749,0.7047169986653395,7665,24,22.547903455915076,3.821251484902428,2.3264717990942776,6.0,23.547,0.0,0.32262783716274857,0.9316217309743627,1.0682899833978972,0.06454942710663042,76.99034,304,322,0.9440993788819876,978,1012,0.9664031620553359,2184,2267,0.9633877370974857,21862,23586,0.9269057915712711
346,5070.4221261239845,64.39104631281226,0.6878109452736318,0.30810234541577824,0.00035536602700781805,0,7.659092590853479,0.8413632805980799,0.7451036054413638,5628,20,19.05947791121186,3.6249263158050447,2.1989150090415914,6.0,15.35,0.0,0.28219184050059853,0.9423788829872847,1.0568951612903226,0.05455375485049076,61.557348,649,686,0.9460641399416909,2060,2103,0.9795530194959582,3558,3677,0.9676366603209138,17153,18386,0.9329381050799521
347,659.8724608633979,118.26444946215403,0.47533351862145634,0.5201500833796554,0.0,0,11.236207337417452,0.8422671449509115,0.5983079013122214,14392,30,20.28801354879348,3.9738253017857943,3.0795205379330506,8.0,60.047,0.0009024644220756682,0.47532817706199115,0.9188045851528385,1.0755340006191312,0.07013926339498144,107.510584,46,48,0.9583333333333334,144,157,0.9171974522292994,296,317,0.9337539432176656,26446,28790,0.9185828412643279
348,7192.643399158204,91.03873069852101,0.688413948256468,0.3080864891888514,0.0,0,9.808189436478438,0.8404896709957661,0.7556221507824072,8001,27,21.012103335751288,3.8545770385213536,2.3309731299927376,7.0,22.405,0.0,0.2981355170504259,0.9187730240361819,1.0807041944220774,0.07512481446498448,87.410252,240,258,0.9302325581395349,731,771,0.9481193255512321,1669,1752,0.9526255707762558,22550,24636,0.9153271635005683
349,4566.545074248606,46.58107017332382,0.7766197183098592,0.22,0.0005633802816901409,0,8.494321026025817,0.8416030020366821,0.8597984564533393,3550,17,24.03379632437745,3.4155318259235434,2.115342763873776,6.0,7.752,0.0,0.20704295502554157,0.9655325970787317,1.0345319889354867,0.03369336029949654,44.105712,1142,1210,0.943801652892562,3030,3101,0.9771041599484037,4835,4965,0.973816717019134,12675,13180,0.9616843702579666
350,6759.015964940127,69.31955851420356,0.7707944796717643,0.22566206639313688,0.0001864975755315181,0,11.737235965295369,0.8425326417115001,0.8785654424446574,5362,23,24.54186723648789,3.7770643339134,2.3256714251149284,7.0,12.555,0.0,0.23273240074725665,0.9314640557735533,1.0685183059795706,0.06480689753455893,65.284106,389,422,0.9218009478672986,1295,1383,0.9363702096890817,2785,2921,0.953440602533379,19981,21523,0.9283557124936115
351,4229.939639775369,88.9864405444873,0.5815217391304348,0.41532608695652173,0.00010869565217391305,0,7.139210293725494,0.8517322549053667,0.6725774593800554,9200,25,17.440273784499194,3.9036113395798924,2.695140186915888,7.0,32.321,0.0003259806584809301,0.3725438692397085,0.8913558642312881,1.1085402075464779,0.09770058225599526,84.25474,156,160,0.975,492,528,0.9318181818181818,1087,1171,0.928266438941076,22714,25570,0.8883066093077826
352,3672.1292333746956,42.6691896016089,0.7217270194986073,0.27465181058495824,0.001392757660167131,0,10.770405112218707,0.8473875334353654,0.7863057303536569,3590,22,22.07539361282822,2.983709578293165,1.7811655731377847,4.0,8.195,0.0,0.16388075516620787,0.9316423043852107,1.0689612708577059,0.06623845845042152,41.003112,2629,2756,0.9539187227866474,3600,3767,0.9556676400318556,3642,3923,0.9283711445322458,5298,5836,0.9078135709389993
353,5167.0742277525815,79.81918730324331,0.6355591311343524,0.361491016358273,0.00013408420488066506,0,10.321157444265442,0.8584498184441725,0.7235378835979704,7458,28,20.5171899647895,3.8782150907113975,2.4166666666666665,7.0,23.15,0.0,0.26651471875380167,0.9330721282279608,1.0686067712988452,0.06482129176243297,74.825912,189,204,0.9264705882352942,669,699,0.9570815450643777,1419,1483,0.956844234659474,23919,25689,0.9310989139320331
354,2919.135830720832,112.58200614244475,0.519773121159603,0.47636678745864186,0.0,0,14.578312743240353,0.8532113438699301,0.6510580391427625,12694,28,20.943765541270523,3.971720079833234,3.2988784480145497,8.0,51.552,0.0002362762857367882,0.4537531530055886,0.8818149717514124,1.1136607334334119,0.1018932546855675,103.303694,43,45,0.9555555555555556,135,148,0.9121621621621622,293,324,0.904320987654321,24502,27803,0.8812718052008776
355,5579.471542032882,88.18799407192418,0.6313716127491942,0.36671839560701924,0.0002387489554733198,0,13.458816321041976,0.8490025697007245,0.7177418694664928,8377,21,26.15430697613376,3.8232371681990354,2.381924749480053,6.0,25.95,0.00011936022917164001,0.3934710169690497,0.8979258471356937,1.1017702505939153,0.09349495506043597,83.425638,288,316,0.9113924050632911,905,961,0.9417273673257024,2094,2245,0.9327394209354121,20350,22802,0.8924655731953337
356,5265.985022186795,90.29690253875303,0.6133727541505573,0.3838981123493291,0.00011371389583807141,0,8.0667587007414,0.8448733254159011,0.7297063370188834,8794,26,19.816254193005328,3.9216349842664617,2.688542825361513,8.0,29.376,0.0,0.3351341340663799,0.9245679098733469,1.0733525564385682,0.06838331160365059,84.11787,126,134,0.9402985074626866,427,446,0.9573991031390134,955,1004,0.951195219123506,24918,26998,0.9229572560930439
357,3226.2326440281618,94.73220048656871,0.5368007850834151,0.4581943081452404,0.0,0,10.999822167489356,0.8521452768284821,0.6922171883604616,10190,26,21.157434838541388,3.960035362358803,3.5182815356489945,8.0,41.751,9.812579727210283e-05,0.39629346362535056,0.9105055674666298,1.0860406002994534,0.07892725187922028,85.277728,53,54,0.9814814814814815,207,225,0.92,422,451,0.9356984478935698,25648,28188,0.9098907336455229
358,5346.468367083399,55.35077628751892,0.769266589057043,0.2270081490104773,0.00023282887077997672,0,10.196894230926986,0.861302994392535,0.8702009977593442,4295,27,23.256388274783497,3.5488108403312815,2.002421307506053,6.0,9.262,0.0,0.15832460087565858,0.9586963950111054,1.0419948630136986,0.04064907392230782,52.154864,943,1004,0.9392430278884463,2650,2732,0.9699853587115667,4376,4498,0.9728768341485104,14476,15178,0.9537488470154171
359,2594.292789195273,46.1896154790932,0.6079265562024183,0.38961038961038963,0.0002239140170174653,0,4.566246117593539,0.8499311726505764,0.7259609598604555,4466,16,24.428560198367173,3.496606207695884,2.2243093922651935,7.0,14.024,0.0,0.27916245637814185,0.9541473467284904,1.045794955668417,0.044195494275513975,42.63877,950,1010,0.9405940594059405,2682,2783,0.9637082285303629,4413,4551,0.969676994067238,14179,14948,0.9485549906341986
360,4383.694637591291,67.72147856336096,0.6371500471846493,0.3600188738597043,0.0007864108210128972,0,11.76532731473031,0.8531739347284425,0.7371004255230378,6358,16,25.623614808931958,3.6789615951583907,2.14860528264626,7.0,18.754,0.00015725743041358704,0.39791348626273293,0.9448859368204642,1.0540873015873016,0.052625664843808526,63.695544,544,584,0.9315068493150684,1867,1936,0.9643595041322314,3739,3870,0.9661498708010335,17749,18903,0.9389514891816114
361,3718.5360714298704,45.126632273524926,0.7045696068012752,0.2919766206163656,0.0,0,7.588737161556244,0.8518364445258599,0.8092293871391125,3764,21,20.91108269108478,3.4493175783985754,2.1621417797888385,6.0,9.537,0.0,0.18299073077768838,0.9626417903911006,1.0366875850265502,0.03568713573781569,41.977608,1101,1158,0.9507772020725389,2899,2983,0.9718404290982232,4632,4768,0.9714765100671141,13348,13924,0.958632576845734
362,2690.668417063174,67.21675616045378,0.5652294468321087,0.43033411895189244,0.000415915707749896,0,8.68619492478456,0.8594462590963582,0.6018975368768577,7213,25,23.849600999558515,3.560618783534488,1.6423841059602649,4.0,22.759,0.0002772002772002772,0.2846963146872962,0.9580838323353293,1.0417596956917226,0.04080015844721727,64.78969,801,861,0.9303135888501742,2441,2497,0.9775730877052463,3946,4064,0.9709645669291339,16012,16793,0.9534925266480081
363,3696.0616742548586,87.60419912120565,0.5646006110868617,0.43223483195111306,0.00010912265386294194,0,7.910806064954752,0.8700018059048248,0.6808471852590737,9164,21,21.692302698533467,3.8894556073917883,2.7560881329725553,8.0,32.508,0.0002181976871045167,0.441428217562694,0.9404999824690579,1.055233790083345,0.053056210365549986,81.845782,172,185,0.9297297297297298,575,621,0.9259259259259259,1473,1577,0.9340519974635384,24604,26138,0.9413115004973601
364,-2297.5021024191487,49.82179854480439,0.39738050229543614,0.5970834458547124,0.0004050769646232784,0,5.76032936978938,0.8579216007423436,0.4543888366565791,7406,19,25.44026211010469,3.511387020652114,1.8861705742439687,6.0,31.36,0.00013500742540839745,0.3926246955588238,0.9659745534419164,1.0323398595003532,0.03275074160186002,46.729156,835,885,0.943502824858757,2578,2623,0.9828440716736562,4394,4502,0.976010661928032,15501,16119,0.9616601526149264
365,5225.058565708029,55.2874778689128,0.760387811634349,0.237072945521699,0.0009233610341643582,0,13.504155925961319,0.8734425405098076,0.8592898477583047,4332,25,21.37961553550743,3.4636733628431653,1.9268366727383122,6.0,9.118,0.0,0.17284280253508397,0.9732622736100447,1.0255702389572774,0.02646968297937827,52.22,1263,1357,0.9307295504789977,3196,3270,0.9773700305810398,4523,4610,0.9811279826464209,12567,12904,0.9738840669559826
366,4257.927857777059,107.84549539939309,0.560239916550765,0.43584840055632823,8.692628650904033e-05,0,7.708617417887229,0.8578680769725752,0.6230447740299931,11504,31,20.160382780009847,3.9330423927495084,2.392862684251358,6.0,40.43,8.69187309865276e-05,0.3653839544539964,0.9509248008640475,1.048126352813853,0.046104314230521574,102.999352,103,108,0.9537037037037037,302,313,0.9648562300319489,702,719,0.9763560500695411,27067,28488,0.950119348497613
367,5238.437511506603,118.77775608355942,0.5750159948816379,0.4212252079334613,7.99744081893794e-05,0,12.811714797987317,0.8670314620107968,0.6398072351177766,12504,26,21.727850721205442,3.877466133572551,1.9166898470097358,5.0,39.742,0.0006393861892583121,0.4821888063429961,0.9480492384727728,1.0504025933284533,0.048252581413820494,113.640892,170,179,0.9497206703910615,657,672,0.9776785714285714,1318,1354,0.9734121122599705,25119,26553,0.9459948028471359
368,4335.070129537779,55.96414560885798,0.684521384928717,0.31221995926680246,0.0006109979633401223,0,11.736748866765502,0.8803700534624258,0.7750419042986678,4910,29,22.670191410313635,3.519898265427248,1.916096399880988,6.0,12.629,0.0,0.16967012137391177,0.9625580285478763,1.0369790307143478,0.03677546073801663,52.717276,1048,1132,0.9257950530035336,2738,2821,0.9705778092874867,4381,4504,0.9726909413854352,14019,14592,0.9607319078947368
369,2821.9485285309315,75.9454846081809,0.5580943121050073,0.4392318911035489,0.00012153621779290228,0,11.311858432510387,0.8609985238373489,0.6058590382933721,8228,31,21.986743008133274,3.5973825400996757,1.5326655052264808,3.0,25.51,0.0,0.26760791823821206,0.9493532297960342,1.0494650774925762,0.047837837837837835,73.180046,724,783,0.9246487867177522,2131,2208,0.9651268115942029,3586,3695,0.9705006765899865,16971,17975,0.944144645340751
370,2042.6849814722175,83.96234021053425,0.5275720164609053,0.4676954732510288,0.00020576131687242798,0,11.20411297531482,0.873248492792193,0.5542541204178554,9720,32,22.610184870123124,3.5944596832411153,1.4648985959438376,3.0,32.071,0.0,0.30040917289873054,0.9574805019992874,1.0429625515709298,0.041840528032774445,82.087026,687,724,0.9488950276243094,1947,1992,0.9774096385542169,3336,3458,0.9647194910352805,18215,19085,0.9544144616190726
371,3678.113289982495,46.032885299427875,0.6960241570206341,0.301711122294917,0.0002516356316054353,0,12.400305098155142,0.8662754922953814,0.7679524932735371,3974,16,22.888683727404036,3.1223859985856706,1.670643528561099,4.0,9.591,0.0,0.25149033296306067,0.9697400273655404,1.0293109810743846,0.028875146931057392,43.754476,1984,2100,0.9447619047619048,4014,4110,0.9766423357664233,4588,4691,0.9780430611809848,7841,8101,0.9679051968892729
372,3628.88447153065,67.67105755916499,0.6015228426395939,0.39504329650641984,0.00014929829799940282,0,10.962929263446778,0.8474483812354434,0.6865071694825492,6698,32,21.721900710364096,3.711449962348808,2.0225862496897493,6.0,20.636,0.0,0.20943919951161055,0.9334825460399733,1.067065491183879,0.0630242825607064,63.958068,525,571,0.9194395796847635,1749,1795,0.9743732590529248,2950,3075,0.959349593495935,18549,20026,0.9262458803555378
373,6069.3468215869825,72.9352738602311,0.7074476715885121,0.2896316728865812,0.00032451728054518905,0,13.718577751971516,0.8534874059051765,0.7863352652897976,6163,24,24.63700578167139,3.7124662258635577,2.0493119266055047,6.0,15.484,0.0,0.2565191926659403,0.9337033851927137,1.0648881914476265,0.06121100917431193,69.245968,471,513,0.9181286549707602,1653,1731,0.9549393414211439,3212,3375,0.9517037037037037,18550,19963,0.9292190552522166
374,8798.720273469538,97.68614066031948,0.7341803687095166,0.26320378674638767,0.0,0,12.123377150741497,0.850814922193193,0.820925726099256,8028,23,21.55190275314131,3.910135454838289,2.51187648456057,7.0,21.263,0.0,0.3482764392326355,0.9379518909899889,1.0613683145518613,0.05783716512739896,92.826964,114,124,0.9193548387096774,503,521,0.9654510556621881,1194,1260,0.9476190476190476,25172,26863,0.9370509622901388
375,4652.578223604944,69.56946506118564,0.6463170844225742,0.3499923112409657,0.0004613255420575119,0,12.515704148316015,0.8577241152410223,0.693683066773,6503,19,21.498258110653804,3.454331058071015,1.828217939566976,5.0,18.013,0.0,0.34294317386821355,0.9410840181418115,1.0575899702354108,0.05639830508474576,67.38121,1117,1181,0.9458086367485182,2806,2925,0.9593162393162393,4253,4457,0.954229302221225,12781,13706,0.9325113089158032
376,3097.246222051232,92.60321980070714,0.5416873203132745,0.4549420045603252,0.0,0,12.565765925675937,0.8404082187356976,0.6665934348416543,10087,28,21.80583663947384,3.950460909869998,2.6209736456808197,8.0,37.477,0.0,0.35851025439666984,0.9127147287361929,1.084379603002034,0.07800301988627237,84.892914,86,92,0.9347826086956522,238,247,0.9635627530364372,677,725,0.9337931034482758,25193,27635,0.9116337977202823
377,-342.8244692631141,101.85942493788683,0.4589041095890411,0.536892901618929,0.0,0,9.891655777997784,0.8560749283081784,0.5946245384521511,12848,26,24.250474788624636,3.9746658112244204,3.033921302578019,9.0,54.022,0.0003890142379211079,0.4952262772800967,0.9379033606420331,1.0562497894843208,0.05321978091559552,92.35789,34,39,0.8717948717948718,108,118,0.9152542372881356,376,396,0.9494949494949495,27530,29352,0.9379258653584083
378,3516.700414191446,53.71918880669408,0.6425312438008332,0.35389803610394766,0.0013886133703630231,0,10.505712949984822,0.8600842277281178,0.7021346435774795,5041,24,23.343768560685582,3.2850655562828024,1.7360296387774004,4.0,13.616,0.0,0.208784509289149,0.9643183897529735,1.0352173913043479,0.03709370797978393,51.494508,1453,1562,0.9302176696542894,3573,3657,0.9770303527481542,4822,4950,0.9741414141414141,10178,10598,0.9603698811096433
379,4327.040617445844,105.98774630451362,0.5650471614166221,0.43139348638547786,8.898380494749955e-05,0,10.194424478070388,0.8699672184279433,0.6278710268485005,11238,32,20.39047327384999,3.9129699515503553,2.054015748031496,6.0,36.971,8.897588753447816e-05,0.3492935091342647,0.957405024717275,1.0393103682796614,0.038512875606341763,101.315528,116,129,0.8992248062015504,429,448,0.9575892857142857,995,1034,0.9622823984526112,26736,27923,0.9574902410199477
380,4451.155195280616,82.0100036692642,0.6056955093099672,0.3908969210174029,0.0003650967506389193,0,10.381896546522523,0.8635778817621202,0.6605315677483875,8217,23,24.19731371147512,3.6915800381316104,1.772955595740406,5.0,24.375,0.0002433386056697895,0.3601572922255761,0.9484278692361707,1.051643192488263,0.04995923208064636,79.095628,546,585,0.9333333333333333,1830,1888,0.9692796610169492,3245,3366,0.9640522875816994,18691,19795,0.9442283404900227
381,5849.088079774827,102.75499493182636,0.6130682936429837,0.3834875024601456,0.000196811651249754,0,11.427763717383662,0.8654579352407352,0.665825039806675,10162,32,23.451577637672045,3.8543239757474255,1.9895666131621188,6.0,30.768,9.839614287119945e-05,0.3210113897056301,0.957256531230195,1.0413357337004483,0.04008381776395836,99.451144,236,252,0.9365079365079365,867,906,0.956953642384106,1778,1842,0.9652551574375678,24307,25402,0.9568931580190536
382,8616.826436758078,106.60176552812379,0.6986974161862054,0.2990604313474269,0.00010676916506512919,0,12.037323831904615,0.862583993946246,0.7501138240867835,9366,21,22.24265531106925,3.757553493375614,1.7730745721271393,5.0,22.348,0.0003202049311559398,0.45019698463340185,0.9605151481604487,1.0393214826859825,0.03818988464951198,103.62969,405,420,0.9642857142857143,1489,1504,0.9900265957446809,2950,2988,0.9872824631860776,21185,22187,0.9548384188939469
383,5665.989273928779,88.17132517294382,0.6374611522830504,0.36050681329189577,0.00011953143676786995,0,9.873265687138005,0.8460541598779828,0.7082540823544974,8366,29,22.841062056629916,3.860542391056474,1.9276204762797675,5.0,23.92,0.0,0.28925947407435737,0.9327334736231043,1.0665355621107833,0.06286763455849852,84.133632,255,280,0.9107142857142857,868,903,0.9612403100775194,1963,2053,0.9561617145640526,22622,24326,0.9299514922305352
384,6803.350365737965,66.47686087531191,0.7987271280827367,0.19968178202068418,0.0,0,9.27912502416605,0.8550964502734271,0.8561231530068638,5028,20,20.669152325601033,3.595714483699159,2.113296812749004,6.0,10.394,0.0,0.2557131218872563,0.9551333872271625,1.044347333495185,0.04242142746555194,64.481794,818,859,0.9522700814901047,2034,2095,0.9708830548926014,3576,3682,0.971211298207496,17202,18104,0.9501767565178966
385,6859.79395217285,72.90726893343005,0.7547698232102223,0.24207946788027307,0.0,0,12.961688963156837,0.860088188114623,0.8880091709434509,5713,31,24.29738578167957,3.8835401638915226,2.3845083487940633,7.0,13.839,0.0,0.1847906010354557,0.9629937918357437,1.0361722089023246,0.03494326739632493,67.577186,197,208,0.9471153846153846,784,801,0.978776529338327,1740,1795,0.9693593314763231,25045,26029,0.962196012140305
386,6074.167795052918,78.19313311953425,0.6865085140445351,0.3111628583903362,0.00014553922282055013,0,11.545958000407525,0.8357747310638614,0.7395121966885891,6871,27,22.55848340971893,3.750348646362989,1.8571125715497139,5.0,17.514,0.0,0.25082615092193017,0.9439174000838191,1.0555215896064196,0.05320683933338143,75.072998,416,444,0.9369369369369369,1545,1594,0.9692597239648683,3268,3394,0.9628756629345905,19546,20815,0.9390343502282008
387,6095.181816999608,67.3729310154082,0.7401531728665208,0.2578409919766594,0.00018234865061998541,0,10.235290595501837,0.8382582581450979,0.8193694493210617,5484,26,23.57310225267979,3.7210883268744794,2.003449125400345,5.0,12.691,0.0,0.2092378633235741,0.9558196221815966,1.043290704332888,0.041891694643117795,64.230582,482,510,0.9450980392156862,1702,1768,0.9626696832579186,3120,3225,0.9674418604651163,19792,20753,0.9536934419120128
388,4535.1406473522875,51.61497322155243,0.7297802711547452,0.26788218793828894,0.0007012622720897616,0,10.732289958173972,0.8413630487145507,0.7888025383007142,4278,18,23.742612662626307,3.360782716338894,1.8449711723254325,5.0,9.751,0.0,0.24618676181725918,0.9610788188793304,1.039110572440798,0.0386678587393831,49.424946,1257,1344,0.9352678571428571,3295,3418,0.9640140433001756,4692,4854,0.9666254635352287,11424,11889,0.9608882159979814
389,3558.93269378449,75.05978358112172,0.5814259405419626,0.414759273875296,0.0003946329913180742,0,10.031715031135152,0.8567466769420592,0.6942267852317718,7602,20,24.86921930330142,3.8101842689358256,2.052941176470588,7.0,23.936,0.0,0.3763155841446442,0.9632796780684104,1.0352508650519032,0.03475064160366234,69.701424,298,319,0.9341692789968652,1091,1124,0.9706405693950177,2708,2777,0.9751530428519986,22713,23612,0.9619261392512282
390,4095.9175868099856,67.45082893150172,0.6232929261930336,0.37409851158508517,0.0006137793463249962,0,12.241050004388203,0.848076060187477,0.7080331906025553,6517,16,19.36636717105425,3.6420188312427384,2.274741506646972,7.0,19.99,0.0,0.40623683843785097,0.9524497991967872,1.0461464121768542,0.04491580683518085,63.725398,621,671,0.9254843517138599,2175,2237,0.9722843093428699,4236,4365,0.970446735395189,16684,17627,0.9465025245362229
391,6189.0854164434395,79.70645973768261,0.6835262180311473,0.314044863551936,0.0,0,11.493485467149345,0.8600284724310404,0.7939372084323372,6999,27,21.003342060296063,3.8736444620286274,2.4153428093645486,7.0,19.621,0.0,0.2588393157743712,0.9565852640367355,1.0417960436800056,0.040136236142647254,75.11951,206,220,0.9363636363636364,661,680,0.9720588235294118,1633,1702,0.9594594594594594,24998,26144,0.9561658506731946
392,1590.1374483223938,59.827483683546866,0.5275578790141897,0.46855862584017927,0.00014936519790888724,0,9.764037796716485,0.8533426861195962,0.6177009410520616,6695,20,23.616520957476084,3.6199126338431995,1.8247451868629672,5.0,22.797,0.00014934289127837514,0.3322377171363192,0.9606766344650659,1.03855421686747,0.03753858024691358,55.52975,673,710,0.9478873239436619,2221,2264,0.9810070671378092,4334,4439,0.9763460238792521,16738,17534,0.9546024865974678
393,3428.669008601239,43.778698187735294,0.6892819429778247,0.3075501583949314,0.0015839493136219642,0,8.53905651055353,0.8453242460087713,0.7559822862632499,3788,23,23.15926603590302,3.313723830909451,1.9207200306396017,5.0,9.777,0.0,0.16375227301134415,0.9508172653420769,1.0485756385068763,0.04869646182495344,41.21814,1454,1574,0.9237611181702668,3529,3648,0.9673793859649122,4669,4850,0.962680412371134,9777,10362,0.9435437174290677
394,3230.699667696587,125.22504621373491,0.5252991811883266,0.47113163972286376,6.998390370214851e-05,0,12.69225726521152,0.8600556529668691,0.6106676565998159,14289,31,21.174497742339035,3.971908246604937,2.8375965893951505,7.0,55.304,0.0005595579492201162,0.46057220785406305,0.9494331593470527,1.048762590887866,0.04659418682050144,118.582582,46,49,0.9387755102040817,146,152,0.9605263157894737,341,357,0.9551820728291317,28025,29521,0.949324209884489
395,4741.156761277358,48.4675368492896,0.7758484609313339,0.22125756379900027,0.0007892659826361484,0,7.505747882528867,0.8625792480581977,0.8368476937086868,3801,17,24.645278693404183,3.173882916074453,1.7209223465581553,5.0,7.317,0.0,0.22126461662952046,0.9606227106227107,1.0399848909993525,0.03967720242098184,46.475878,2078,2217,0.9373026612539468,3872,3975,0.9740880503144654,4260,4397,0.9688423925403684,7623,7975,0.9558620689655173
396,4835.78350872124,69.67679667063763,0.6528017579657824,0.3437450949615445,0.0003139224611520954,0,11.15347167917638,0.8674595397869405,0.7222471625980239,6371,16,24.866830271638957,3.6376838361752197,2.014666987256552,6.0,17.995,0.0,0.398504305510444,0.9627822084672459,1.0364005251223296,0.03606670236365027,66.019374,597,642,0.9299065420560748,2197,2258,0.9729849424269265,4213,4331,0.9727545601477718,17258,17972,0.9602715334965501
397,5310.109004640819,109.9014494420474,0.5877361791462561,0.40920223932820154,0.0,0,13.959429334106757,0.8502261657361118,0.6147237302267932,11432,23,21.438652731478008,3.7212469844075047,1.9136776305997916,5.0,35.694,0.00017491691446562882,0.49319149268773,0.9363877177927844,1.0631133418233576,0.05954385964912281,107.617914,360,387,0.9302325581395349,1196,1253,0.9545091779728652,2387,2511,0.9506172839506173,21155,22652,0.9339131202542822
398,5273.162995001144,84.35606283321647,0.6279539997472514,0.3685075192720839,0.0003791229622140781,0,11.856978495980393,0.851869383807938,0.7306502557525906,7913,21,24.790695660934315,3.8524737599823156,2.2193600321996376,7.0,23.503,0.0,0.37895486850877724,0.9424607442460744,1.0564135795802283,0.05405588714053174,79.192376,207,221,0.9366515837104072,813,854,0.9519906323185011,2180,2301,0.9474141677531508,23089,24518,0.9417162900725997
399,6566.09373560525,98.50064886515024,0.6442916393800481,0.35352543112857454,0.0,0,12.729242836273048,0.8547461007792652,0.7311632705469358,9162,22,23.83862009260921,3.881541531211427,1.9539217347111637,6.0,25.618,0.0,0.4219280291255968,0.9451454609183316,1.052277687812434,0.04966523433596483,93.213614,178,191,0.9319371727748691,711,745,0.9543624161073826,1540,1588,0.9697732997481109,24536,26006,0.9434745827885872
400,5708.747684050476,53.38148989771779,0.8261753494282084,0.1712833545108005,0.0017789072426937739,0,14.504351284406354,0.8530224719203003,0.8594039767399579,3935,16,22.90014072167222,3.1818274349658253,1.5349123346662565,3.0,6.014,0.0,0.24991186279010896,0.958301453710788,1.0422851509010242,0.04249084249084249,51.851094,2204,2315,0.9520518358531318,3810,3925,0.9707006369426752,3976,4121,0.9648143654452803,7545,7937,0.9506110621141489
401,6166.743749781344,95.56269795060416,0.6364826532838752,0.36024438140955706,0.00010909884355225835,0,11.218765002791894,0.8320547822819273,0.6862774555238543,9166,19,25.190866749453146,3.630655176210767,2.218032224888584,5.0,27.624,0.000327189442687316,0.4772284527854018,0.8921689723320159,1.108932191469116,0.09867517719968828,93.303724,594,638,0.9310344827586207,1620,1704,0.9507042253521126,2917,3100,0.9409677419354838,16538,18846,0.8775336941526053
402,4974.1577678558015,80.95484108661326,0.6259862560447951,0.36968694324255535,0.0,0,5.463952856808325,0.840241280233152,0.6762161943127425,7858,21,24.04829951527406,3.7908478401413497,2.1567391746289895,5.0,24.207,0.0,0.3771021682483859,0.9319782800117405,1.0672503862850415,0.06301351026161092,78.089872,290,305,0.9508196721311475,1062,1094,0.9707495429616088,2081,2179,0.9550252409362092,21969,23678,0.9278232958864769
403,4492.075474113715,57.7915727543283,0.6847847649275938,0.3126363816703035,0.0,0,3.837250948160564,0.83255735550651,0.7729700718630734,5041,16,24.211242841022617,3.6158714882741982,2.082271147161066,5.0,13.43,0.0,0.3130903584139121,0.9400436046511628,1.0603923476005188,0.0578568983224923,54.805212,591,662,0.8927492447129909,1892,1998,0.9469469469469469,3825,4029,0.9493670886075949,16975,18079,0.9389346755904641
404,5988.306838164709,55.96024656400175,0.8250792876311296,0.17370090265918517,0.0,0,13.373331394450346,0.8582435158159499,0.8973047797452198,4099,19,21.892615391919822,3.3453860335519856,1.815198107628622,4.0,7.076,0.0,0.21701513317488003,0.9498723487824038,1.0505582058722274,0.04844662462041579,53.773466,1583,1663,0.9518941671677691,3423,3521,0.9721669980119284,4339,4510,0.9620842572062084,10002,10674,0.9370432827431141
405,6217.291900113668,61.11635334845433,0.7926099957283212,0.2043998291328492,0.0,0,10.80892544987504,0.8575233962281654,0.8633830857120807,4682,27,21.80165126370442,3.704275698780205,2.1253031527890056,6.0,9.876,0.0,0.17922764249427398,0.97148903424394,1.0280881559682515,0.027320359281437126,58.44232,629,675,0.9318518518518518,1752,1808,0.9690265486725663,3466,3545,0.9777150916784203,19402,19962,0.9719466987275824
406,6417.265516816947,77.74331845298677,0.7041973039215687,0.2935049019607843,0.0,0,16.27735889976741,0.8633096248250889,0.8092398487495724,6528,27,24.134761590193236,3.869772297643475,2.288013922123124,7.0,17.341,0.0,0.23892151417185434,0.9581372480157336,1.0411282087397444,0.03943595452552036,72.439528,214,232,0.9224137931034483,815,856,0.9521028037383178,1994,2051,0.9722086786933203,24259,25335,0.9575291099269785
407,3733.511707229994,57.10007919525713,0.639939770374553,0.35686053077357427,0.00018821757952192734,0,13.216045684112556,0.852426754817764,0.7239565353201876,5313,21,20.74340981071616,3.631425161507101,1.8223529411764705,6.0,14.721,0.0,0.24832821408342765,0.9682126107347577,1.0315033309254353,0.03080808080808081,53.140894,677,716,0.9455307262569832,2411,2467,0.9773003648155655,4347,4434,0.9803788903924222,16719,17330,0.9647432198499711
408,4548.413563229924,62.54795296979979,0.6664891728789493,0.32942847000354986,0.0005324813631522897,0,12.142687349743099,0.8462285056099444,0.7336824571718373,5634,26,20.418355041256476,3.4305694804490776,1.8966711051930758,5.0,14.795,0.0,0.21841951359298156,0.9538718519787562,1.0448530675373775,0.04425068566048549,59.944196,948,1013,0.9358341559723593,2591,2680,0.9667910447761194,4498,4630,0.9714902807775379,14234,15025,0.9473544093178037
409,6088.036499345175,77.46293918561442,0.6882096069868996,0.309315866084425,0.0002911208151382824,0,11.112388129659545,0.8541501450283943,0.7447666464134532,6870,22,21.69373372714258,3.734124388368875,2.1298646362098137,6.0,18.338,0.0,0.3150920826918561,0.9439206516820033,1.0568143132730643,0.0544858080159749,74.766548,408,439,0.929384965831435,1375,1432,0.960195530726257,2781,2896,0.9602900552486188,20465,21749,0.9409628028874891
410,4980.986391106432,74.48481247562164,0.6416416416416416,0.3537823537823538,0.000143000143000143,0,9.569808660280724,0.8598711743449113,0.7366742397488107,6993,16,22.588721206488586,3.706938436048212,2.307555159349231,6.0,20.925,0.00014297969688304262,0.43860316331558136,0.9317092184759306,1.066705859298452,0.06320747827357044,70.38207,393,434,0.9055299539170507,1750,1826,0.9583789704271632,3582,3728,0.9608369098712446,18178,19667,0.9242894188234098
411,5556.077040910847,103.98969502612935,0.5986420579516114,0.3969589748493832,0.0,0,9.926411006661365,0.8303312808470033,0.6753650428733581,10457,27,24.004346716442033,3.9119532599520688,2.484025559105431,7.0,34.706,9.562057754828839e-05,0.3878564161819054,0.9121176926054975,1.084727143869596,0.07830797677360755,99.252828,95,105,0.9047619047619048,349,375,0.9306666666666666,988,1068,0.9250936329588015,24484,26865,0.9113716731807184
412,5055.8542877864775,103.95890408104565,0.5854370761115297,0.41211379050489827,0.0,0,13.880230874699969,0.8458668492566876,0.684256340641971,10616,30,20.749067712097506,3.941316349698732,2.3227674979887367,7.0,34.957,9.418856550814731e-05,0.35318205538141234,0.9428348751313069,1.0546277084254567,0.051794492818815666,97.332604,76,87,0.8735632183908046,287,304,0.944078947368421,658,696,0.9454022988505747,26803,28424,0.9429707289614411
413,6502.414202514748,77.89701233587245,0.708649468892261,0.2889226100151745,0.00030349013657056146,0,8.533113937631775,0.8642106581860164,0.7914701786122182,6590,26,20.730723360543962,3.7926080588200013,2.1687366167023554,6.0,16.788,0.0,0.25463361721888705,0.9521390177453796,1.047217911771226,0.0461441213653603,74.172878,342,375,0.912,1176,1234,0.9529983792544571,2523,2640,0.9556818181818182,21821,22913,0.9523414655435779
414,4123.7649337016355,53.87425510766877,0.6806669480793583,0.3155339805825243,0.00042211903756859433,0,9.023668399500052,0.8700248330313429,0.7760165032269548,4738,26,25.363512507707753,3.4610006968427802,1.8589147286821706,6.0,12.021,0.0,0.18521172795380966,0.9648176224025684,1.0341046412746722,0.0337369124046706,50.568522,1133,1210,0.9363636363636364,3039,3139,0.9681427206116597,4731,4879,0.9696659151465464,12734,13198,0.9648431580542507
415,4181.014196478354,94.18806478819035,0.5783108445777111,0.4179910044977511,9.995002498750625e-05,0,8.41489813035873,0.8628172311686554,0.6015842846624851,10005,25,21.52671173608782,3.5149146745387507,1.7098167991704114,4.0,30.665,0.0003996403237086622,0.39433859975915075,0.9665666523789113,1.0327088212334115,0.0320962510371879,92.600566,741,786,0.9427480916030534,1869,1901,0.9831667543398211,3200,3251,0.9843125192248539,18995,19725,0.9629911280101394
416,2875.3151505350233,38.54567113531343,0.6745213549337261,0.3237113402061856,0.0,0,11.189126847674657,0.8585538868857402,0.7663054660121897,3395,20,19.084198289181508,3.0244689154801074,1.8895196506550218,7.0,8.611,0.0,0.16906284640411195,0.9754296851928416,1.0244263070735746,0.023812269372693727,36.055176,2596,2700,0.9614814814814815,4346,4402,0.9872785097682871,4265,4344,0.9818139963167587,5308,5485,0.9677301731996354
417,2036.839209392369,78.01661684356588,0.5290939786156443,0.46809229037704,0.0,0,14.23654076108626,0.8617475749842417,0.5943160238276087,8885,19,21.92003244870959,3.51832079122911,1.917677089980855,6.0,30.37,0.0004499943750703116,0.4730069008801443,0.9503836940192456,1.0488669709814151,0.04697597028208799,73.930514,676,738,0.9159891598915989,2259,2342,0.9645602049530316,3933,4047,0.971830985915493,16539,17502,0.944977716832362
418,5868.732707565572,61.062995882014675,0.7653250773993808,0.23219814241486067,0.000825593395252838,0,10.974779445491407,0.8568872028653173,0.8288348871016151,4845,28,24.18360958260411,3.580375200780547,2.034250269687163,6.0,10.47,0.0,0.16988445955620923,0.9576979626128964,1.0414261030806187,0.04108761329305136,58.500984,921,980,0.939795918367347,2416,2508,0.9633173843700159,4065,4221,0.9630419331911869,15396,16096,0.9565109343936382
419,5439.135379273029,60.82847565663088,0.7360726985381272,0.26333465033583564,0.0,0,7.632704391295377,0.8775883551886267,0.7947077404774142,5062,20,23.146029314763425,3.3634469081094784,1.7689210950080516,5.0,10.94,0.0,0.2570184335995171,0.9696024578717065,1.029754687062774,0.029193781634128706,59.081098,1455,1545,0.941747572815534,3085,3156,0.9775031685678074,4474,4566,0.9798510731493649,11815,12215,0.9672533769954973
420,4814.715041584041,75.96567556298828,0.6353492216558755,0.3617578178812509,0.0,0,8.655840996784262,0.8542263608347499,0.6903472096209894,7259,18,19.949950730964623,3.4640012163942746,1.6127493495229834,4.0,19.466,0.0001377410468319559,0.4004032008358833,0.9711521999657593,1.0278122991214913,0.027067543932705922,73.478916,1164,1213,0.9596042868920033,2776,2804,0.9900142653352354,3999,4072,0.9820726915520629,14751,15275,0.96569558101473
421,5831.654570801286,98.90012324010613,0.6196567862714508,0.37826313052522104,0.0,0,11.529161985556875,0.8627695724110432,0.6696857094176318,9615,24,23.610342361487756,3.847748044553708,1.9600537092984223,5.0,28.372,0.0,0.40076042473349094,0.9620257570483814,1.0383408853258975,0.03700475967017497,95.256114,239,248,0.9637096774193549,661,678,0.9749262536873157,1927,1978,0.9742163801820021,24812,25826,0.9607372415395338
422,2058.4350843219804,100.03901441107698,0.5152089616544593,0.4811719086600603,0.0,0,15.34129285639154,0.8679285491680285,0.590041741749292,11605,28,24.31726218046382,3.7763119903686584,2.0496738585047667,7.0,41.861,0.00025844245348035836,0.4154516044817027,0.9288339458737053,1.0715934475055846,0.06714918963845408,94.780762,299,321,0.9314641744548287,1146,1179,0.9720101781170484,2479,2528,0.9806170886075949,21096,22909,0.920860797066655
423,7085.13646412955,74.32407601733858,0.7597380792478173,0.2374076561450638,0.000167897918065816,0,12.238785908556341,0.8592042356559884,0.8470693964500451,5956,23,22.791803660508947,3.7320569304329463,2.0808839779005526,7.0,13.081,0.0,0.2595897176071222,0.960691823899371,1.039110871822482,0.03835373948960023,71.001694,531,579,0.917098445595855,1720,1783,0.9646662927650028,3267,3376,0.9677132701421801,19533,20338,0.960418920247812
424,7491.12904812407,100.22427464974417,0.6719235895157708,0.32496668147490004,0.0,0,10.000145458630925,0.8542586341111125,0.7427582298894728,9004,27,25.259239635294172,3.914498217546506,2.382314049586777,7.0,26.129,0.0,0.3380013143130083,0.9441678398516636,1.0534032497326389,0.051028055655120724,95.959906,111,120,0.925,455,490,0.9285714285714286,1039,1084,0.9584870848708487,25892,27429,0.9439644172226476
425,7992.958594189787,77.997277396838,0.796849087893864,0.2011608623548922,0.0,0,10.866696463921162,0.8421440104390353,0.8399970869482608,6030,18,20.956927664048564,3.498790449029155,1.879916753381894,5.0,11.62,0.0,0.34025403645578767,0.9392999955070315,1.0610436347278454,0.057625539842493016,76.22089,1243,1304,0.9532208588957055,2735,2796,0.9781831187410587,3837,3969,0.9667422524565382,13091,14188,0.9226811389906964
426,9524.246294519331,92.18862020163205,0.8010093727469358,0.19682768565248737,0.0,0,11.85461528595935,0.8477564913506532,0.8938063710152394,6935,17,23.42906711405302,3.7915744435439214,2.23024302430243,6.0,14.529,0.0001441753171856978,0.4077570070597052,0.9443424159514261,1.056,0.0533281294351405,88.324656,335,361,0.9279778393351801,1475,1509,0.9774685222001326,3178,3257,0.9757445501995702,20208,21554,0.937552194488262
427,3562.820770466761,103.2118613538837,0.5446063621823352,0.4513062022392038,0.0,0,10.653690239142353,0.8393968434977962,0.6419550774163137,11254,24,21.95305737908989,3.932008564747535,2.7989884157285037,8.0,41.843,0.00017768301350390902,0.4738742804587499,0.9288937885417026,1.067968560645407,0.0634336785725809,96.920198,91,98,0.9285714285714286,292,314,0.9299363057324841,904,935,0.9668449197860962,25676,27680,0.9276011560693641
428,4942.344277643397,66.45697643691697,0.6716141001855288,0.3246753246753247,0.0,0,10.24248238953537,0.8381963471786769,0.7362171932725495,5929,22,23.240522003115657,3.5990711077970046,2.193119035660472,6.0,16.514,0.0,0.2780530219032571,0.9418002568244894,1.0577122690471248,0.05462875939849624,63.509584,752,812,0.9261083743842364,2293,2359,0.9720220432386605,3900,4041,0.9651076466221232,15791,16929,0.9327780731289503
429,4022.4356486789434,76.27197934365844,0.5989018172310105,0.3970453654072428,0.0003922081317819323,0,10.826410926717926,0.8554601520216522,0.6635594981743286,7649,29,23.69438320871417,3.7707244616949085,2.0587208033180526,6.0,23.853,0.0,0.26679873806979093,0.9389424700716779,1.060874148251327,0.05834334581949254,72.666098,400,426,0.9389671361502347,1214,1262,0.9619651347068146,2632,2753,0.9560479476934254,20774,22206,0.9355129244348375
430,4065.4116632622863,57.14211750755747,0.6618385477018154,0.3354577056778679,0.0005793742757821553,0,9.357692904981796,0.8448714029349257,0.734397519678722,5178,32,22.41686957538029,3.5226687000024697,1.884155237817333,6.0,13.965,0.0,0.16329896511327305,0.9548795513446914,1.0442391211785744,0.042939047696499005,54.366786,925,978,0.9458077709611452,2584,2676,0.9656203288490284,4139,4304,0.9616635687732342,14827,15579,0.9517298928044162
431,3619.1647161592755,86.50314210488244,0.5620125233439526,0.43359332088322533,0.00010985389432055367,0,11.743041921606201,0.8456337103250787,0.6854248094097481,9103,19,23.20719218257078,3.9088019761117563,3.067435496481626,8.0,34.037,0.000329453107840984,0.4822587688018166,0.9289074751698903,1.0685315665860413,0.06439517443756114,80.360888,94,99,0.9494949494949495,461,486,0.948559670781893,1198,1254,0.9553429027113237,24902,26856,0.9272415847482871
432,5237.426570889001,89.16570799217554,0.6189876316994961,0.3776912505726065,0.00022904260192395785,0,13.653654318510434,0.8549536948349983,0.6692418392502965,8732,25,18.788256635430308,3.74543145695733,1.8769657724329325,5.0,25.724,0.00011450818733539448,0.3563016744556312,0.9549224532301855,1.0445586975149956,0.042996974550631784,85.962876,427,449,0.9510022271714922,1354,1399,0.9678341672623302,2856,2957,0.9658437605681434,21038,22082,0.9527216737614347
433,4916.150774588061,62.97334033779549,0.6870920957215374,0.31055112400290064,0.00036258158085569254,0,7.596041703036175,0.8518099594634021,0.7632748078844569,5516,18,21.96606218530605,3.565265367462455,2.0274406332453827,6.0,14.354,0.0,0.2980090040200577,0.9675205294766516,1.0320363323922916,0.03141941355704167,59.878862,782,834,0.9376498800959233,2475,2534,0.9767166535122336,4282,4376,0.9785191956124314,16143,16733,0.9647403334727783
434,2872.30399598774,101.56292784369826,0.5288165420149582,0.4674879014518258,0.0,0,9.173739523068152,0.8562326315729162,0.629235549657249,11365,24,21.70270434076823,3.962801754962521,3.0618968386023293,8.0,44.366,0.0005276580775657374,0.4738881204148333,0.9470586268017792,1.0492905655302267,0.0475265186506546,95.115886,52,55,0.9454545454545454,197,201,0.9800995024875622,552,573,0.9633507853403142,27517,29072,0.9465121078701155
435,5024.3560238010805,78.23408873183251,0.6383091851654925,0.3585005981656254,0.0005317027781470158,0,11.841117933804624,0.849048222128175,0.6745680839452809,7523,17,22.474261658270176,3.315971493211378,1.6491045397750936,4.0,20.304,0.0,0.4341847037298098,0.9544353335818114,1.0445731906742046,0.04400498841973989,76.50593,1511,1590,0.950314465408805,3023,3118,0.9695317511225144,3722,3869,0.9620056862238304,12230,12887,0.9490183906262125
436,6851.300174219723,86.89083039058042,0.6900038895371451,0.3075327369376378,0.000259302476338649,0,12.31006910899572,0.8473265318587314,0.7473621924815619,7713,24,22.95969785571905,3.6518877630704516,1.9092446448703495,5.0,19.46,0.0,0.3189018836846784,0.9250631261708887,1.073162756478378,0.06861889769753063,84.188416,661,723,0.9142461964038727,1929,2001,0.9640179910044977,3134,3293,0.9517157607045248,16990,18537,0.9165452878027728
437,11974.584633615577,117.35719213896022,0.7929769974441605,0.2054672741415713,0.0,0,14.182365063253666,0.8433842523445174,0.8721402533914876,8999,20,19.99112756640963,3.862866793355459,2.249439461883408,6.0,19.339,0.0,0.45920718653101344,0.8986176818450621,1.099261019718519,0.09006524517387503,113.475348,205,221,0.9276018099547512,780,819,0.9523809523809523,1535,1649,0.9308671922377199,21793,24367,0.8943653301596421
438,3530.059274863234,126.85927431424497,0.5287581242574604,0.4663498497449158,0.00020965825704102314,0,12.413412362749332,0.8421557958706294,0.6189744077331979,14309,32,21.74535014302418,3.9639902544710317,2.6362675125561723,7.75,53.758,0.0006983727913960472,0.443984141283292,0.9015077821011673,1.0965497955045969,0.0881616878385656,119.327192,38,41,0.926829268292683,123,136,0.9044117647058824,343,375,0.9146666666666666,25445,28232,0.9012822329271748
439,3726.4759447288584,64.31502500710067,0.6168996188055909,0.380559085133418,0.0003176620076238882,0,13.063980643746886,0.8407711691331481,0.6812003936193257,6296,30,23.269400028354426,3.524769866827809,1.853501544799176,5.0,18.323,0.0,0.20769676201291443,0.9420264923447446,1.0589679531357685,0.05629286902877552,61.116738,931,999,0.9319319319319319,2606,2666,0.9774943735933983,4067,4200,0.9683333333333334,14300,15387,0.9293559498277767
440,6342.57271205365,56.96549172765168,0.8504442250740375,0.14659427443237907,0.0009871668311944718,0,13.83687054128858,0.8458412478918776,0.9061574006236477,4052,17,21.79137415567997,3.197158618076067,1.6741149158444573,4.0,5.901,0.0,0.23554574734914546,0.9429701039861352,1.0577768133239298,0.05583964000818163,55.17406,2131,2257,0.9441736818786,3392,3529,0.9611788041938226,4002,4180,0.9574162679425837,7886,8498,0.9279830548364321
441,5713.7022374957805,72.0194835257475,0.6905253134423107,0.30550706237105224,0.00015870496746548166,0,14.982598799345716,0.8385020241947954,0.7732090892448676,6301,31,22.13242381508365,3.693793829382603,2.1011261778901402,6.0,16.801,0.0,0.2030140598477428,0.9384954186165402,1.060366936279345,0.05720747441791488,68.165182,567,604,0.9387417218543046,1706,1777,0.960045019696117,3297,3421,0.9637532885121309,18295,19627,0.9321343047842258
442,5760.704953936456,70.5089484149917,0.7018482490272373,0.29571984435797666,0.0,0,14.432523448641732,0.8604927696444792,0.7490496943199303,6168,18,19.689593014984553,3.4759983697081642,1.9018249018249018,5.0,15.476,0.0,0.34489394874380075,0.9431654989338091,1.0576596208324254,0.05455667558115614,68.635108,1042,1099,0.9481346678798908,2566,2656,0.9661144578313253,3901,4039,0.9658331270116366,14164,15185,0.9327625946657886
443,3793.513747866046,90.1151404822823,0.5670402656704027,0.4281859692818597,0.0,0,7.494568796374709,0.8344860274179957,0.6290555385087337,9636,23,26.368715141627,3.832993903498903,2.4599194729136165,6.0,33.497,0.0,0.41910181177438977,0.9086815296028348,1.0897316955505252,0.08246689470653978,86.578328,231,251,0.9203187250996016,821,857,0.9579929988331388,1822,1945,0.9367609254498714,21744,24039,0.904530138524897
444,6067.709421381829,87.21896220031567,0.6513819095477387,0.3458542713567839,0.0,0,10.222267818307923,0.8324142757578262,0.7541701365880106,7960,30,21.351520349003895,3.901931695393087,2.5675988428158147,7.0,24.537,0.0,0.26701778108853946,0.9027406175428447,1.0971823304853663,0.08887864013704046,81.382094,138,154,0.8961038961038961,548,601,0.9118136439267887,1154,1243,0.9283990345937249,23128,25660,0.9013250194855806
445,5711.818522175617,72.53271029928446,0.6891955464952172,0.3082954367257331,0.0,0,7.571432550726012,0.8324278228535148,0.7354871887417478,6377,22,20.83332543098704,3.6449302848582943,2.0996587030716722,6.0,16.891,0.0,0.2879187288149411,0.9364254942223296,1.062782622739018,0.0592401802962009,69.901626,649,701,0.9258202567760342,1899,1985,0.9566750629722922,3405,3557,0.9572673601349452,17305,18594,0.9306765623319351
446,6369.273512921596,81.14536226307767,0.6851851851851852,0.3112807463952502,0.0001413627367825841,0,8.252615368360004,0.8429688583062187,0.8057124924485949,7074,32,18.375213546350665,3.908145821080822,2.668867340623066,7.0,21.334,0.0,0.22292770391126276,0.9263028169014085,1.0737351611079706,0.068760861724104,75.774088,130,140,0.9285714285714286,478,501,0.9540918163672655,1208,1278,0.945226917057903,24491,26481,0.9248517805218837
447,4289.830356823103,103.99435632320136,0.5629084967320261,0.4341866376180102,0.0,0,10.716184082521158,0.8411836377659352,0.6809017659877918,11016,25,20.1339339798025,3.960385739888586,2.8026124818577647,8.0,39.807,0.0001815211472136504,0.4426353426478694,0.9277592428678423,1.069750719079578,0.06508800407396798,97.14027,44,46,0.9565217391304348,218,231,0.9437229437229437,449,477,0.9412997903563941,26541,28620,0.9273584905660377
448,3416.6283132999297,112.65886197100478,0.5358523309931372,0.4589413899187505,0.0,0,11.385226187791108,0.8482627574257492,0.615605216958518,12677,28,20.78977001967028,3.951191204682201,2.607389960253202,7.0,46.73,0.00023659305993690852,0.4512401967886063,0.9011864644762707,1.0978272390037096,0.08905445592044256,106.68119,71,76,0.9342105263157895,203,221,0.918552036199095,532,567,0.9382716049382716,24867,27624,0.9001954821894005
449,5193.8595244720145,89.35456354035647,0.6112263715998156,0.3855463347164592,0.0,0,8.56518847244793,0.8319071852417198,0.7348829610714203,8676,23,22.425073925463384,3.9349825778186,2.8440505374316425,8.0,29.616,0.0,0.380548342391656,0.9270783028630563,1.0708443088867323,0.06604381443298969,82.747086,70,79,0.8860759493670886,326,340,0.9588235294117647,765,818,0.9352078239608802,25715,27753,0.9265664973156055
450,2153.0379979030486,68.84082509879538,0.539087093389297,0.4568467995802728,0.00013116474291710389,0,7.823209204733947,0.8408442900848797,0.6234715799608928,7624,25,24.44327625968883,3.75831264264194,2.3742092457420925,7.0,27.566,0.0,0.3068509251410782,0.933699798070451,1.0661966020327796,0.06214491127165603,64.773348,349,372,0.9381720430107527,1188,1236,0.9611650485436893,2513,2626,0.956968773800457,20919,22508,0.929402878976364
451,6115.382569836019,105.16512385370201,0.6148491879350348,0.38234725444702244,0.0,0,10.821483453989398,0.8467214324959819,0.6727636354245238,10344,32,21.320956236091178,3.9028175988551035,2.3981132075471696,6.0,33.491,0.0,0.3275579858180159,0.920824829333521,1.0778311890287007,0.07215619694397284,100.655182,136,145,0.9379310344827586,454,475,0.9557894736842105,1008,1058,0.9527410207939508,24570,26740,0.918848167539267
452,5767.409820540404,54.7408531211121,0.8149239077074129,0.18311242022582228,0.0,0,15.015691863363674,0.8439930607188039,0.8899461644776018,4074,26,18.92143323881298,3.291388249279866,1.8533132530120482,5.0,7.291,0.0,0.15757015525201373,0.9517729053263468,1.04865250394824,0.04647101625030318,52.376584,1867,1961,0.9520652728199898,3441,3542,0.971485036702428,4198,4345,0.9661680092059839,9203,9809,0.9382200020389438
453,7415.534964211992,69.81761526395782,0.81858924395947,0.17926734216679657,0.0,0,8.512268627913208,0.8284204411542683,0.9018326527627952,5132,32,21.69856307323465,3.6953270484880614,2.3020709354915496,6.0,10.84,0.0,0.15916671143601538,0.9351179853261947,1.0660017483906858,0.061907064994977494,66.747174,636,665,0.956390977443609,1603,1698,0.9440518256772674,2964,3118,0.9506093649775497,18376,19734,0.9311847572717138
454,5804.267814796441,78.78625948813392,0.6673696049486855,0.3299592295796429,0.0,0,7.396298674554952,0.8438308291681608,0.7689639283101938,7113,24,22.026441888198107,3.849827637781928,2.542658521171266,7.0,21.268,0.0,0.29091259498257527,0.9393396192593124,1.0586138613861387,0.05540316299231264,74.33723,222,238,0.9327731092436975,783,824,0.9502427184466019,1949,2074,0.9397299903567985,23247,24757,0.9390071494930726
455,4278.845422274833,37.880577541784014,0.8619119878603946,0.13543247344461304,0.0007587253414264037,0,11.865811325779505,0.8583422814968645,0.9386908276894386,2636,17,20.4590986950307,2.658546659031337,1.7297535211267605,5.0,3.671,0.0,0.15839439125549246,0.9612295560747663,1.0372648070869024,0.036781770869962725,36.219234,3695,3870,0.9547803617571059,3865,3978,0.9715937657114128,2984,3090,0.9656957928802589,2621,2758,0.9503263234227701
456,4201.076147634132,55.478611807453035,0.679656274980016,0.31854516386890486,0.0003996802557953637,0,9.943665664160495,0.8602665458206071,0.7380134320281573,5004,25,21.525804411843062,3.249193838836862,1.8441634813290209,5.0,12.726,0.0,0.20462207166941804,0.9471191791633781,1.0523974295600593,0.05062520488924273,53.179682,1614,1721,0.9378268448576409,3377,3516,0.9604664391353811,4083,4268,0.9566541705716963,10126,10767,0.9404662394353116
457,4364.445573156181,87.97775029670412,0.5852704514975413,0.41092981671881984,0.0,0,9.496243806991618,0.863123485573697,0.7034363498772287,8948,19,22.188860265749845,3.900043345285477,2.851441665075425,8.0,31.795,0.00044682752457551384,0.4745586058252915,0.9509135533133352,1.0457131108217395,0.04377587274683008,82.141386,102,108,0.9444444444444444,487,509,0.9567779960707269,1158,1229,0.9422294548413345,26149,27490,0.9512186249545289
458,-1579.0767122837017,81.20015221954989,0.4443155452436195,0.5517579867927895,0.0003569516330537212,0,12.656478326435233,0.8536202804966817,0.4718466216529023,11206,25,21.626531820369017,3.467904330905173,1.4786101626832697,3.0,42.252,0.0006242753946312316,0.45255758819572167,0.9501598250336474,1.0475929054054054,0.04659555698131366,78.798132,958,1023,0.9364613880742912,2401,2474,0.9704931285367825,3521,3632,0.9694383259911894,15711,16647,0.9437736529104344
459,4435.604826030612,45.3218204991182,0.7743834080717489,0.2211322869955157,0.0016816143497757848,0,11.323922338496466,0.846303052782081,0.8286034544297047,3568,21,21.78192234418578,2.9318770004893926,1.8791169019182048,5.0,7.279,0.0,0.16993682385637485,0.9486068484082566,1.050419154453893,0.05072836332476435,43.835266,2602,2774,0.9379956741167988,3556,3678,0.9668297988036977,3726,3886,0.9588265568708183,5879,6279,0.9362955884695016
460,5586.3960805461875,66.95285265147525,0.7076054349744133,0.2888653608611258,0.0001764602082230457,0,7.62632211089567,0.8465002951738063,0.8059364752979733,5667,32,19.155685767641813,3.7222793227065774,2.165835411471322,6.0,14.688,0.0,0.17945390279358053,0.942441590592604,1.0574730473900567,0.054702354833991516,63.167844,506,539,0.9387755102040817,1593,1661,0.9590608067429259,3061,3188,0.9601631116687579,19204,20464,0.9384284597341673
461,5338.70121241875,82.31669563376012,0.6395854657113613,0.3572159672466735,0.0,0,11.052205404597526,0.8648680393587769,0.6907488687562452,7816,16,21.929265644422607,3.457704365657786,1.671134226845369,4.0,21.063,0.00025581990278843696,0.48965626139893903,0.951433226189952,1.048537263380841,0.04631729234903838,79.548892,1234,1284,0.9610591900311527,2676,2752,0.9723837209302325,3515,3646,0.9640702139330773,14183,15029,0.9437088295961141
462,6690.129029245764,91.09778667255748,0.6674701699409425,0.3297577437628058,0.0002410509822827528,0,9.31555152812189,0.8568068218423714,0.7287730948120421,8297,20,20.195475361081122,3.7090643849820437,2.212170458649332,6.0,23.4,0.00024099289070972406,0.41863463614213037,0.9178284588574026,1.0802041282656714,0.07483088570327012,87.908928,339,369,0.9186991869918699,1171,1238,0.9458804523424879,2389,2568,0.9302959501557633,20328,22221,0.9148103145673012
463,2541.635929435779,51.03942896167165,0.5910599258247121,0.40601210228381807,0.00039039625219597894,0,8.621720931201976,0.8563824607195945,0.6704200051058521,5123,21,25.41647356358276,3.3361016706674036,1.594782034346103,3.0,15.062,0.0,0.24582021761585454,0.9413395802457332,1.0577837552235938,0.05613465096340418,48.036372,1370,1453,0.94287680660702,3244,3396,0.9552414605418139,4399,4601,0.9560965007607042,10677,11467,0.9311066538763408
464,6764.671513951636,99.41367859334355,0.6496958053154018,0.34720888035009073,0.0,0,9.282677801249706,0.8561441316805819,0.693309372376504,9369,21,21.690293348286943,3.7162847846173497,2.1125349104649254,6.0,26.985,0.00064,0.44653531378190336,0.9201819215463332,1.0774559433639097,0.07180046436361077,96.738168,374,397,0.9420654911838791,1226,1282,0.9563182527301092,2475,2611,0.9479126771351972,20204,22095,0.9144150260239873
465,4928.772947767582,48.16820554996987,0.7975409836065573,0.1994535519125683,0.000546448087431694,0,10.829053702276068,0.8436044770951039,0.859489760875484,3660,25,22.636700712278056,3.1393985351576674,1.9027064063035286,5.0,6.837,0.0,0.15001063918643492,0.9512979930191972,1.048118985126859,0.04673771770210554,45.987546,2169,2302,0.9422241529105126,3605,3738,0.9644194756554307,4173,4324,0.9650786308973173,7496,7972,0.9402910185649774
466,5874.605638747989,59.563949669535276,0.7788692425234665,0.21894782798515608,0.0,0,14.322671409470573,0.8425665069886887,0.8732286549057192,4581,22,21.890506454900784,3.5253275882084463,2.131165919282511,6.0,9.675,0.0,0.20976699634810483,0.9414942680195019,1.0608940513903555,0.05742320112610748,56.671866,1076,1133,0.9496910856134158,2542,2641,0.9625141991669822,4054,4221,0.9604359156597962,13763,14772,0.931695098835635
467,4990.924895739497,62.96200946154459,0.6934212937511454,0.30437969580355506,0.0001832508704416346,0,10.55830575545573,0.8496485294712968,0.7389621805312357,5457,30,23.537176558548524,3.495812308295918,1.8295454545454546,5.0,13.485,0.0,0.18242591307158784,0.9433542473190051,1.0566955125345705,0.0540870443640037,60.673936,1069,1147,0.9319965126416739,2824,2942,0.9598912304554724,4286,4426,0.9683687302304564,13021,13958,0.9328700386874911
468,5774.279383850791,70.94338629190446,0.699205448354143,0.29771363710069726,0.00016215339711366953,0,12.508093784530839,0.8617650632141403,0.7782285882671884,6167,25,21.119060012186598,3.6488577907522712,2.0556586270871984,7.0,15.524,0.0,0.24573460342441944,0.9510762422047878,1.0484880293915781,0.04678811121764142,67.513358,652,714,0.9131652661064426,2079,2162,0.9616096207215541,3798,3954,0.960546282245827,17110,18025,0.9492371705963939
469,5153.032118554443,75.84998913174104,0.6480136693720632,0.34856898761213156,0.00014238929232521716,0,12.748857046268125,0.8485296692014065,0.7178439412746227,7023,18,23.788261333925853,3.649373440089768,2.044385849263898,6.0,19.87,0.0,0.3927897786048119,0.9422101521626263,1.0574463820404891,0.054918094662942556,71.97446,571,612,0.9330065359477124,1956,2055,0.9518248175182482,3675,3850,0.9545454545454546,17390,18522,0.938883489903898
470,4367.574745701057,92.44180058352266,0.5813291139240506,0.41561181434599154,0.00010548523206751055,0,13.508586116808623,0.847778984039494,0.6752080243869047,9480,29,22.349081834624755,3.9167289598250923,2.3489384866630374,7.0,31.435,0.0,0.3328072894196062,0.9343131477694201,1.0635866346120344,0.06001759473461275,87.025766,114,120,0.95,456,481,0.9480249480249481,1040,1109,0.9377817853922452,25344,27139,0.9338590220715576
471,5578.983202707738,53.24625880543042,0.8133600200150113,0.18288716537403052,0.002501876407305479,0,17.77897245703512,0.8484561885718718,0.8438939162374068,3997,23,22.3138719552716,3.0305291281667324,1.5681328821900953,3.0,6.5,0.0,0.1715894805196433,0.9462429462429462,1.0534278396569183,0.0541072030565232,51.909644,2652,2826,0.9384288747346072,3477,3591,0.9682539682539683,3617,3777,0.9576383373047392,6184,6641,0.9311850624905887
472,3460.4618031347645,69.95614336614672,0.5882518268690275,0.40837549184935357,0.0,0,9.431743347101174,0.8509209728431048,0.6810294675919335,7116,24,25.177170184779747,3.7366128116597035,2.2264691829909222,7.0,22.887,0.0,0.29857830423493936,0.940091633619528,1.0594166505698281,0.05641938530843566,65.676104,413,450,0.9177777777777778,1603,1662,0.9645006016847172,3487,3627,0.9614006065618969,18914,20234,0.9347632697439953
473,7929.325484992688,93.93371666396386,0.7095154406226463,0.28646748681898065,0.00012553351744915893,0,14.285640582266803,0.8568486430320894,0.7978870831175175,7966,17,22.24506579685574,3.825093929621342,2.289808917197452,7.0,21.14,0.000125517760763148,0.46929954391877904,0.939276951941117,1.0596333599014565,0.05641235147924965,89.693328,227,246,0.9227642276422764,893,929,0.961248654467169,2313,2412,0.9589552238805971,22600,24129,0.9366322682249575
474,5604.517433731892,76.69796931908967,0.6679721496953873,0.32970699158688715,0.0002901073397156948,0,8.455784360003122,0.8543274551943579,0.7287763888904023,6894,29,26.868560439271114,3.7091558051693094,2.035613463626493,5.0,18.67,0.0,0.24041666824178493,0.9169686466046951,1.0854555520404936,0.0794778825235678,73.38309,453,495,0.9151515151515152,1522,1606,0.9476961394769614,2990,3151,0.948905109489051,18315,20136,0.909564958283671
475,6355.7443145362495,68.71857494104506,0.7488338715464657,0.24775744528166488,0.000897021887334051,0,10.447746379589866,0.8434225092296478,0.7966259343832678,5574,32,21.04640216749677,3.6313250351267707,1.973646382367034,5.0,12.729,0.0,0.17504039475704736,0.9333360733220993,1.0694015404258825,0.06606018731767235,66.28718,733,799,0.9173967459324155,1969,2049,0.9609565641776476,3213,3340,0.9619760479041917,16794,18143,0.9256462547538996
476,5281.871089246099,108.63625745258194,0.5869623535723867,0.41017616024322634,0.0,0,9.800676486672703,0.8599008728783403,0.6493176049813053,11183,31,20.258734445626395,3.927815964801531,2.203382084095064,6.0,36.436,0.0,0.36041787130140857,0.9195634740769151,1.081152931299846,0.07501531912148869,103.816342,72,80,0.9,348,368,0.9456521739130435,900,941,0.9564293304994687,25054,27292,0.9179979481166642
477,3642.9494376445655,47.837427546350305,0.6819564708635619,0.3161713082143693,0.000468055230517201,0,6.195019854583837,0.8457997977667127,0.7270086277693362,4273,23,23.60193359007674,3.0566063231940275,1.6739876458476322,4.0,10.583,0.0,0.18511794873772636,0.9415360675780816,1.0600946811473126,0.058398744113029824,46.256456,2312,2443,0.9463774048301269,3368,3474,0.9694876223373633,3886,4082,0.951984321411073,7376,7995,0.9225766103814884
478,7403.618921794592,95.18323201279195,0.6849184620878467,0.3129389358409713,0.0,0,10.35095851194187,0.8687927594904665,0.7634949564059714,8401,26,24.349805725742883,3.8586651421164553,2.0870698644421273,6.0,22.293,0.0,0.32095621557625237,0.9510676469553594,1.0482004234297813,0.04616984867295239,91.030914,194,210,0.9238095238095239,764,795,0.9610062893081761,1943,2005,0.969077306733167,24135,25417,0.9495613172286265
479,3613.5846932761806,58.64485918513653,0.6278987431403789,0.3678527172950965,0.0007080899274207824,0,9.946334891663176,0.8531839797918241,0.6878932200271954,5649,27,24.742348289931876,3.395914245752292,1.851423738370454,5.0,16.082,0.0,0.21407943714933889,0.9369245568228666,1.0640672361532102,0.061274509803921566,55.994042,1165,1247,0.9342421812349639,2989,3088,0.967940414507772,4342,4528,0.958922261484099,11958,12968,0.9221159777914867
480,4771.453002668057,94.19848183919538,0.594681960375391,0.402606882168926,0.0,0,12.484447874014375,0.8638938727753243,0.6466609367871282,9590,23,22.179475632717782,3.7385942524459463,1.8237769594950026,6.0,29.015,0.0,0.4201163536993938,0.9651489191061208,1.0350832359813085,0.03422173714044291,90.851418,317,335,0.9462686567164179,1408,1439,0.9784572619874913,3037,3111,0.9762134361941498,21713,22546,0.963053313226293
481,6120.29261779442,72.54272244407595,0.7133768352365416,0.2849918433931484,0.0001631321370309951,0,10.934997235975823,0.8446292524130031,0.7954433197601555,6130,31,23.75957262361682,3.754788994151909,2.079579236222273,6.0,15.25,0.0,0.19877574510047508,0.9528673902429864,1.0474578820697955,0.04562724014336918,69.136108,421,448,0.9397321428571429,1495,1536,0.9733072916666666,3084,3178,0.9704216488357458,20372,21465,0.9490798975075705
482,828.3780088838071,100.62976726257952,0.49099135493253615,0.5057768441464006,8.079502302658157e-05,0,12.931549670933556,0.8701785253200486,0.5544768280912241,12377,28,21.957173140772355,3.8061079569754144,1.8777357248642421,6.0,45.305,0.000323075680478152,0.44469815796624823,0.9645765041768003,1.0348882375790105,0.03384982121573302,96.074998,203,217,0.9354838709677419,979,1010,0.9693069306930693,2571,2627,0.9786829082603731,23613,24517,0.963127625729086
483,5820.237346294002,90.63387236709481,0.6339960469712824,0.3619346587606092,0.0003487966515521451,0,11.103867346425984,0.841912684200358,0.7272013243725242,8601,29,26.56209857782234,3.8962328769968866,2.353933614524115,7.0,26.135,0.0,0.2955052107483993,0.9258206073371951,1.0747821792655825,0.07054524096975234,85.555376,89,99,0.898989898989899,483,506,0.9545454545454546,1222,1308,0.9342507645259939,24578,26572,0.9249586030407948
484,4902.676976631449,113.5102196265068,0.5735513863523162,0.4227129337539432,8.301510874979246e-05,0,13.56836145450718,0.8563720643490681,0.6251360633767868,12046,29,21.68546401059074,3.859004624743757,1.8617744970328558,5.0,38.143,0.00033195020746887966,0.4174277908165831,0.9434280296379535,1.0568753739485446,0.05414023316836616,109.78119,150,165,0.9090909090909091,677,709,0.9548660084626234,1715,1757,0.9760956175298805,24324,25846,0.9411127447187185
485,3569.5624276680796,79.35532261459048,0.5800405873224305,0.4159006804345231,0.0004774979109466396,0,12.02048285632122,0.8465677134172663,0.6097920822511944,8377,27,23.60884422236419,3.372666210162668,1.572134183988475,3.0,25.194,0.00011936022917164001,0.31766643795971894,0.9346845820997495,1.0654120226566783,0.06251334386609164,77.296646,1213,1290,0.9403100775193799,2844,2966,0.9588671611598112,3531,3735,0.9453815261044177,12933,13964,0.9261672873102264
486,4811.720993011195,50.17467164419946,0.766541822721598,0.2299625468164794,0.0009987515605493133,0,11.951887026821437,0.844804900763188,0.8093365212587047,4005,16,23.383424196330083,2.8824651914521375,1.570684039087948,4.0,7.654,0.0,0.2504472690774611,0.9485748062524629,1.050171187779826,0.04932567432567433,48.849934,2861,3017,0.9482930062976467,3376,3474,0.971790443293034,3148,3308,0.9516324062877872,5058,5427,0.9320066334991708
487,4737.162102996872,51.87776993496986,0.7436701229804679,0.25343621895346036,0.00024113817217265494,0,11.736595108526355,0.8438538864030666,0.8652509557722321,4147,19,25.6378243533511,3.3662155946837187,1.9649805447470816,7.0,9.302,0.0,0.21793611360954207,0.9408928840455983,1.0605373254700339,0.05857602118003026,48.65014,1552,1654,0.9383313180169287,3597,3747,0.9599679743795037,4693,4901,0.9575596816976127,8894,9611,0.9253979814795547
488,8609.102270573394,102.33162937706422,0.7093917501747844,0.2885108366348171,0.00011652295502213937,0,12.832473580089943,0.8395957335432053,0.8284402875114787,8582,21,23.394332253935332,3.9164729942182044,2.397010512483574,8.0,22.84,0.0,0.4049189270278374,0.9200450054498787,1.077638324200106,0.07252568074351867,96.53599,82,88,0.9318181818181818,487,512,0.951171875,1305,1373,0.9504734158776402,24293,26468,0.9178252984736285
489,5123.5199709275985,87.22818051808544,0.616175948918056,0.3800402033818139,0.00011824524062906468,0,11.410537928510848,0.8500605952791215,0.7028441286548582,8457,20,22.64242371958559,3.778947527511889,2.1068892726923814,6.0,25.625,0.0,0.4247322812803367,0.935398592545705,1.063776464427321,0.06025403268133944,82.731232,293,318,0.9213836477987422,1193,1266,0.9423380726698263,2866,3004,0.9540612516644474,20770,22269,0.9326866945080605
490,7393.393672633578,77.38088346175292,0.7615171740192088,0.23685495686146835,0.0,0,9.011539422679736,0.8275899528297587,0.8546738604907848,6143,27,22.240076399665085,3.8692475109966806,2.4354424967935016,7.0,15.04,0.0,0.22304305425028872,0.9206619351100811,1.0793915852905942,0.07353730542136339,73.306852,183,198,0.9242424242424242,741,774,0.9573643410852714,1940,2021,0.9599208312716477,22561,24623,0.9162571579417618
491,5014.869392326474,76.14010805188352,0.6391008741501318,0.3559039822394894,0.00013875398917718884,0,9.835969295427962,0.848468719541786,0.7101566674135518,7207,21,22.08437315883112,3.712077399145147,2.309379070777247,6.0,21.921,0.0,0.34175719474873345,0.9282395853330774,1.0718272450825668,0.06722297829668362,72.915246,385,411,0.9367396593673966,1505,1555,0.9678456591639871,3234,3324,0.9729241877256317,19052,20755,0.9179474825343291
492,6634.407326285935,91.56353565408816,0.6636549813275509,0.3332128659197687,0.0,0,12.918614745190983,0.8481587942243516,0.7544406018645191,8301,32,26.0354576261093,3.9108047619386905,2.27101107278998,7.0,23.486,0.0,0.26136338146713056,0.9291612948186347,1.0699065812952662,0.06548355584500162,86.74382,118,124,0.9516129032258065,391,417,0.9376498800959233,1124,1191,0.943744752308984,25033,26967,0.9282827159120406
493,3218.1200088176092,44.93385690145155,0.6598452707761417,0.3371599700524083,0.0002495632642874969,0,12.275177021053716,0.8674053569089702,0.7727782986730182,4007,21,20.391618509356906,3.467662005771873,2.531770045385779,8.0,11.961,0.0,0.1921592031288956,0.971206810215323,1.0285093219630466,0.027908486126886258,41.651822,783,843,0.9288256227758007,2853,2896,0.9851519337016574,4975,5100,0.9754901960784313,14663,15125,0.9694545454545455
494,2754.4179125805194,120.54438118228038,0.523731353936193,0.4724145314395832,7.137249304118193e-05,0,12.046797674541121,0.8663712682541239,0.5551622272799751,14011,28,26.105392055755892,3.7864922371859677,1.7658762605614609,5.0,47.643,0.0009982174688057041,0.4955903105488091,0.9564015535882991,1.042630083154977,0.04103751426078787,117.264458,181,196,0.923469387755102,782,817,0.9571603427172583,2037,2115,0.9631205673758865,24333,25451,0.9560724529488036
495,4920.673058434052,48.36303472562235,0.7961766289714594,0.20140010770059236,0.0010770059235325794,0,11.326562382784806,0.8717500162524143,0.8376972116069784,3714,22,24.179666455961218,2.968020641992554,1.561717957389246,4.0,6.306,0.0,0.172719674886357,0.9708046522667932,1.0287397358086399,0.0303239541975948,47.04572,2601,2772,0.9383116883116883,3756,3851,0.9753310828356271,3912,4007,0.9762914898926878,6091,6222,0.9789456766313083
496,7566.095876005634,108.95737324131811,0.6545544066962088,0.34209748892171343,9.847365829640571e-05,0,14.238785132564198,0.8700622773004316,0.7000278519045667,10155,24,24.873262309031226,3.841171584258326,1.895140664961637,5.0,27.572,0.0,0.41859363439279906,0.954542285435404,1.0436348379427294,0.042203672787979964,105.606024,145,153,0.9477124183006536,781,810,0.9641975308641976,1925,1997,0.9639459188783175,24531,25726,0.9535489388167613
497,4376.227569731038,82.29137574416255,0.6048733874820831,0.39214046822742477,0.00023889154323936931,0,13.277269593263652,0.8632423050486077,0.6361029237414841,8372,25,20.49022538093093,3.359645395741472,1.4695892575039495,3.0,23.104,0.0,0.332921904290374,0.9662891640594016,1.0327239003709592,0.032982486044232324,80.509196,1238,1303,0.9501151189562548,2966,3022,0.9814692256783587,3943,4031,0.9781691887869015,13781,14337,0.9612192229894678
498,5316.888609259307,79.93399882793753,0.64694254085398,0.35094886663152347,0.0,0,9.269119486053283,0.8853869234680252,0.6792721607794299,7588,32,18.79179999432807,3.721333150409608,1.5958443674882867,4.0,19.699,0.0,0.23640251653305216,0.9720925102033312,1.0283654023030793,0.02760198791519182,77.35936,403,429,0.9393939393939394,1551,1573,0.986013986013986,3137,3191,0.9830774052021309,21347,22004,0.9701417924013815
499,4406.812493403699,107.61593523988347,0.5665766785683184,0.4300269964295045,0.0,0,9.782942110718434,0.8527004646807023,0.6091724161021543,11483,24,22.976855538921157,3.8212813253775093,2.0411927451583156,5.0,37.931,0.0002611875326484416,0.4842193695460454,0.9489376523859282,1.0506404215963425,0.048203156080095476,104.273468,141,149,0.9463087248322147,698,715,0.9762237762237762,1759,1823,0.9648930334613275,24646,26023,0.9470852707220536
500,5767.689499503063,90.44586332846383,0.633809357947289,0.36282363868570766,0.00011610356437942645,0,11.964576133973676,0.8578872932888582,0.7071595864198141,8613,20,24.967958603386514,3.8672708652204397,2.1524088660926908,7.0,25.41,0.00011609008590666357,0.4337227202555377,0.9511950468679742,1.0474702225926311,0.04577859924747508,86.557796,112,123,0.9105691056910569,622,649,0.9583975346687211,1652,1725,0.9576811594202899,25114,26414,0.950783675323692
501,3247.50596661509,65.05693126453083,0.5929761368752814,0.4041722947621192,0.00015008254539996998,0,10.358542255042174,0.8468586844096189,0.6428220209497262,6663,23,23.10771469951013,3.5657061867843276,1.7352568969881044,5.0,19.847,0.0,0.2923828415624866,0.9586079509676336,1.0423536339165544,0.04129271139372963,62.14273,847,884,0.9581447963800905,2541,2612,0.9728177641653905,4651,4776,0.9738274706867671,14796,15549,0.9515724483889639
502,5253.347821977061,46.935745467864336,0.8540556542332741,0.13972764949674363,0.0053285968028419185,0,9.062753609778563,0.8529553633365142,0.8665291735414901,3378,20,22.677299713751527,2.863073698018154,1.3632582322357019,3.0,4.243,0.0,0.17172964931529516,0.9439700797403148,1.0526091586794462,0.05853042785011959,46.235058,2498,2732,0.9143484626647145,3062,3203,0.9559787699032157,3132,3272,0.9572127139364304,4685,4964,0.943795326349718
503,6853.630572495689,68.89488522288053,0.7829573000186463,0.21592392317732612,0.0,0,9.222581135001617,0.8520089630321418,0.8417368627919432,5363,16,22.023539656550852,3.5508529154437007,1.8716361038342462,5.0,10.563,0.0,0.3311552610840534,0.9617231088620735,1.0384781855955678,0.03706634459206197,66.660524,1091,1134,0.9620811287477954,2804,2856,0.9817927170868347,4478,4563,0.9813719044488275,13863,14568,0.9516062602965404
504,5166.476353185824,50.48105186524331,0.7971089313371192,0.201600413009809,0.0002581311306143521,0,10.60492099385728,0.8471096519875354,0.8664570660044313,3874,21,20.249650676327537,3.379289609843582,1.930699481865285,5.0,7.264,0.0,0.18239409454518987,0.9583333333333334,1.0415012289657781,0.04004348613879326,48.298236,1384,1467,0.9434219495569189,3386,3492,0.9696449026345934,4835,4982,0.9704937775993577,10704,11251,0.951382099368945
505,3338.6139764382924,120.87284933582417,0.5290954625810254,0.46707424867413083,0.0,0,10.196442225614836,0.8750392996665061,0.6085330045516419,13576,30,22.218515404409764,3.973566977100672,2.530419044967284,7.0,50.033,7.365397363187744e-05,0.450266206880498,0.9581761522060029,1.0403369086003817,0.03875260137478716,114.153504,22,22,1.0,103,104,0.9903846153846154,299,305,0.980327868852459,28786,30054,0.9578092766353896
506,5878.110821773875,88.52576684931837,0.644293704629299,0.35320718790908007,0.00011900511722004047,0,9.584329430630103,0.86574361212069,0.6974520313791607,8403,28,21.74781661533602,3.797359977991423,2.096416697451053,6.0,24.409,0.0,0.29871097020223625,0.9502015986418618,1.0490216928966398,0.04692240275062361,85.460748,221,235,0.9404255319148936,821,842,0.9750593824228029,1980,2056,0.9630350194552529,23844,25141,0.9484109621733423
507,4114.034839704122,43.915181301794654,0.7559712230215827,0.24172661870503598,0.0008633093525179857,0,6.623039313270928,0.8542633711207404,0.8486739787627823,3475,21,21.781080659919166,3.154683894855106,1.9124476589265322,6.0,7.379,0.0,0.16416983722617282,0.9616661479406577,1.038213244481466,0.03821592496507683,41.401384,1779,1909,0.9319015191199581,3736,3886,0.9613998970663922,4971,5141,0.966932503404007,8053,8342,0.9653560297290817
508,3341.6820754563823,91.9465896121232,0.5556545850663498,0.4415725886314122,0.00019805902158843335,0,9.037166586895404,0.8593395730795641,0.5987491780508571,10098,24,23.70841345852851,3.7319148242673257,2.0971306362502227,6.0,34.52,0.00019801980198019803,0.42967363132514935,0.9611997895106121,1.0382575092218513,0.037285960349893614,89.507268,216,227,0.9515418502202643,887,903,0.982281284606866,2058,2116,0.9725897920604915,24238,25259,0.9595787640049092
509,4182.597217932924,109.93009328281623,0.5577516470686348,0.4390793094821116,0.0,0,7.380326280096442,0.8604915836876735,0.6138499629510267,11991,30,24.590315491918027,3.9316973371692057,2.514055023923445,6.0,42.669,0.0,0.398819081123149,0.9660705496308449,1.0329038196042337,0.031802007879018934,105.894786,50,51,0.9803921568627451,183,186,0.9838709677419355,515,525,0.9809523809523809,28693,29713,0.9656715915592502
510,6774.84818561125,107.3572065466984,0.6335534500909178,0.363479758828596,0.0,0,10.090249994292574,0.8629342738170649,0.6706443575079997,10449,30,22.955650829384762,3.835704956709905,1.989274924471299,5.0,30.322,0.0,0.3478958596891205,0.9636566482977789,1.0360430485988898,0.03497438909007863,105.031876,101,110,0.9181818181818182,505,515,0.9805825242718447,1331,1357,0.9808400884303611,26567,27597,0.9626771025836142
511,8609.53505725183,73.41871023374874,0.8834080717488789,0.11522713979333203,0.0003899395593682979,0,9.30617952501877,0.8633163613430026,0.9219181262487349,5129,17,19.20219897077007,3.5303198461232888,1.6607812844846612,4.0,6.485,0.0,0.3032074254013952,0.9541890035886758,1.0446515756768753,0.04376376885273683,71.858,1217,1297,0.938319198149576,2479,2558,0.9691164972634871,3542,3671,0.9648597112503405,14299,15045,0.9504154204054504
512,7352.496266726411,103.61685160934526,0.6571911655923068,0.3397442671457255,0.0,0,11.544849465253915,0.8640600298773597,0.7512359245605867,9463,26,22.308635183006277,3.9660540866848613,2.4875381894195208,7.0,28.422,0.0,0.36498310551096025,0.9532539866724132,1.0457249194164755,0.04374980185778144,98.341006,35,38,0.9210526315789473,171,177,0.9661016949152542,422,433,0.9745958429561201,28125,29515,0.9529053023886159
513,6510.123995937058,73.85558139044635,0.7295607830235236,0.26747820365191644,0.00016450074025333114,0,10.088910276883142,0.848614052231266,0.7755276374677491,6079,25,27.623841412150547,3.7319174801937844,1.9077790304396842,5.0,14.365,0.0,0.24562835839029223,0.9466551217859428,1.053054905218639,0.050711171467371884,71.042486,386,426,0.9061032863849765,1442,1505,0.958139534883721,2890,3037,0.9515969706947646,20428,21595,0.9459597128965038
514,5526.442128634502,86.33262865940402,0.6323294406883835,0.3643515673017824,0.0001229256299938537,0,9.646331830224671,0.8612143052027463,0.727667621627652,8135,20,24.467172584807678,3.9269721370992907,2.4784214618973563,7.849999999999454,25.172,0.0002457908320019663,0.40374961237329754,0.9577795677272117,1.0391952008627663,0.03793871686416325,81.53595,57,70,0.8142857142857143,369,394,0.9365482233502538,1090,1140,0.956140350877193,27022,28192,0.9584988649262202
515,4058.014381230782,48.85924325032551,0.7103136882129277,0.28540874524714827,0.0028517110266159697,0,13.542158338313243,0.8637349679132456,0.7410735509273998,4208,28,26.454374663615617,3.041428116147786,1.571763131482101,4.0,9.368,0.0,0.15074331031443394,0.9491319655214278,1.0513367030022531,0.05408819476343592,47.55839,2461,2622,0.9385964912280702,3555,3692,0.9628927410617552,3730,3906,0.9549411162314388,5890,6254,0.9417972497601536
516,8446.178222451075,86.22124013153844,0.77602010644589,0.22176227084565345,0.0,0,13.287926575149822,0.861617384027846,0.8337053797185792,6764,22,20.384947063033575,3.7613506852858722,1.7944370356258335,5.0,13.377,0.0,0.3060470855040628,0.958331769210556,1.0418326693227091,0.04024355094394005,83.60095,429,461,0.93058568329718,1503,1566,0.9597701149425287,3177,3284,0.9674177831912302,20420,21328,0.9574268567141786
517,8888.963002118708,95.45220457403713,0.7504204942424635,0.2468624660370035,0.0,0,14.650249454784504,0.8543216449512369,0.8181696852239049,7729,16,22.329182195150096,3.721595213016976,2.028793103448276,6.0,17.222,0.000517263675158412,0.48559453970683986,0.9365736091584655,1.0645980253878702,0.06088498245878758,92.379362,535,575,0.9304347826086956,2182,2248,0.9706405693950177,3857,3987,0.9673940305994482,16742,18085,0.925739563173901
518,5764.165618507829,69.35490977705672,0.7083053127101546,0.2883322125084062,0.0008406186953597848,0,11.111017202346341,0.8403357852881128,0.7558183262885135,5948,24,21.709253119632805,3.5169528041010145,1.8642297650130548,4.0,14.644,0.0,0.24916466604258647,0.9178423989475116,1.08432968132018,0.07900894125511825,67.130078,1017,1086,0.93646408839779,2919,2993,0.9752756431673906,4225,4386,0.9632922936616507,12071,13578,0.8890116364707615
519,5507.749508609461,51.35266564342086,0.8280664167113015,0.1713979646491698,0.0,0,8.887232355036426,0.8570615170240543,0.9167836566495889,3734,20,20.286502997964398,3.4314210805831564,1.9414618369987064,6.0,6.531,0.0,0.1895592371189433,0.9534994294408521,1.046904761904762,0.044998410752395225,48.809052,1388,1461,0.9500342231348392,3437,3524,0.9753121452894438,4803,4935,0.9732522796352584,10426,11112,0.9382649388048956
520,4698.8608683716475,57.50253398479162,0.7021791767554479,0.29398708635996773,0.0008071025020177562,0,8.50814213632609,0.8259278883221997,0.7389118661345209,4956,26,26.43488521380891,3.449823903346756,2.032471264367816,5.0,12.721,0.0,0.18967224532967847,0.9174541674541674,1.0863213811420982,0.08094493659892305,55.57585,1208,1326,0.9110105580693816,2721,2855,0.9530647985989492,4105,4389,0.9352927773980405,11383,12594,0.9038430998888359
521,3796.3961269856045,54.73430703556556,0.6552475247524753,0.3407920792079208,0.001188118811881188,0,7.418880843804072,0.8366832466338014,0.7076867220713796,5050,29,23.895815009756284,3.4909403045330802,1.9286793593230582,5.0,13.998,0.0,0.17372931037483091,0.9342773988966596,1.0651718722735997,0.06323499491353,52.175042,841,924,0.9101731601731602,2563,2677,0.9574150168098617,4386,4603,0.9528568325005431,13718,14817,0.925828440305055
522,3856.734280266251,52.59310193976253,0.6709285265143575,0.32634667784531546,0.0006287989939216097,0,8.489582804603732,0.8438240069316977,0.7148944892043934,4771,21,20.138758774529215,3.2084737574378956,1.8753514526710402,5.0,12.451,0.0,0.2280026485465683,0.9443027644598593,1.0557229684866438,0.053627455712699716,50.667718,1757,1846,0.9517876489707475,3358,3463,0.9696794686687843,4417,4587,0.9629387399171572,8982,9710,0.9250257466529351
523,7026.899689381713,62.34074649226365,0.8519515477792732,0.1440107671601615,0.0011215791834903544,0,6.669013686215265,0.8317010795543334,0.9335605666113613,4458,21,22.182868190805053,3.749806690129303,2.4728804634017902,6.0,9.033,0.0,0.21767958284826577,0.9436118679987889,1.0559878534826344,0.05405598911720484,59.776436,461,513,0.898635477582846,1155,1221,0.9459459459459459,2694,2806,0.9600855310049893,20624,21884,0.9424236885395723
524,6572.060308922464,69.65755219760344,0.7545073757057003,0.24257876525223093,0.0,0,8.963676355423596,0.8392609674393412,0.8718703770051647,5491,18,25.5568501785898,3.8903818601665563,2.608737629736906,7.0,13.94,0.0,0.30296557276285835,0.9441771269177127,1.0530464945166602,0.050582627118644065,65.179104,119,136,0.875,589,625,0.9424,1868,1972,0.947261663286004,24503,25947,0.9443480941920068
525,4140.426388986119,44.93032875494375,0.7480980557903635,0.2499295576218653,0.0,0,8.726198739930124,0.8412211622810452,0.86376854492456,3549,17,21.387095286307712,3.4120191121119685,2.0651600753295667,7.0,8.041,0.0,0.2061695246612391,0.9561876886490441,1.0436158503026967,0.04197336137399229,41.769914,1137,1212,0.9381188118811881,3382,3479,0.9721184248347227,4887,5048,0.9681061806656102,11502,12127,0.9484621093427889
526,5368.161904448719,116.00256922469528,0.574308367071525,0.42181174089068824,0.0,0,12.397333962098143,0.8487908134830381,0.7031397898726905,11856,26,24.58980333131423,3.9927962411823748,2.995153473344103,8.0,43.63,0.0007585335018963338,0.459645848827712,0.9228673304628633,1.0728030354360052,0.06794168364947484,106.983152,8,9,0.8888888888888888,34,35,0.9714285714285714,93,97,0.9587628865979382,27300,29587,0.9227025382769459
527,3923.092097379567,108.52317719685603,0.5486229173750425,0.44704182250935054,8.500510030601836e-05,0,11.994522194493086,0.8364007027967374,0.6337238985535203,11764,27,24.566188017236087,3.9723414392447096,2.5993182522466687,7.0,42.743,0.0,0.4364236517322698,0.8998224790281597,1.097936697312092,0.08952906129175382,101.582454,28,37,0.7567567567567568,142,157,0.9044585987261147,370,394,0.9390862944162437,25311,28141,0.8994349880956611
528,3423.004257333617,111.25308169556223,0.5348648429255621,0.46050815812971835,8.117542008279893e-05,0,7.805257728313924,0.847760789887467,0.6215232448468039,12319,32,23.3913017967071,3.985801845552591,2.7857034451358325,7.0,46.946,0.00024346696964778445,0.3892164756577664,0.9177952007602757,1.0794810515534312,0.07360709344736512,104.245182,15,17,0.8823529411764706,68,71,0.9577464788732394,177,186,0.9516129032258065,26781,29189,0.9175031690020213
529,8434.47193466115,106.71019054193117,0.6881209046713168,0.30860283238216024,0.0001056859015007398,0,14.778523913376576,0.8463527196452407,0.7593498055656711,9462,21,22.38322363216735,3.85035925945242,2.340193518660728,6.0,26.219,0.0003169572107765452,0.44603299927117424,0.9257390813518662,1.0733012116488345,0.0686686818241556,103.175376,116,122,0.9508196721311475,546,576,0.9479166666666666,1492,1554,0.9601029601029601,24087,26094,0.9230857668429524
530,5141.480888788427,71.57843872817651,0.6624056676420761,0.3340520560603727,0.0,0,9.29331808287458,0.8279292460379643,0.728909727567339,6493,30,21.97389763177521,3.764102443767982,2.0795163915368517,5.0,18.065,0.0,0.21590734473079431,0.9253470241490778,1.0760169265373032,0.07088088760114483,68.13482,344,367,0.9373297002724795,1394,1436,0.9707520891364902,2880,2975,0.9680672268907563,19714,21517,0.9162057907700888
531,6713.150070355341,109.48763626843599,0.6222686680600418,0.37364620938628157,0.0,0,12.075215630956793,0.8364080110025198,0.714352257435623,10526,25,20.58636797862901,3.9693063906951753,2.669465648854962,7.0,34.754,0.0,0.42420941052629313,0.8870253164556962,1.1105374823196605,0.0992874109263658,103.713858,28,29,0.9655172413793104,130,144,0.9027777777777778,430,455,0.945054945054945,24639,27812,0.885912555731339
532,5235.436153342952,60.51827190410594,0.7208101667990469,0.2754169976171565,0.0005957108816521049,0,9.57056582649879,0.8242624905673757,0.7950776305102294,5036,19,20.724803752711495,3.6105630348909385,2.1763085399449036,5.0,12.835,0.0,0.27034641008505045,0.9297551323274796,1.0697482118493407,0.06603010818927348,57.942546,636,667,0.9535232383808095,2228,2313,0.9632511889321228,4135,4319,0.9573975457281778,15555,16959,0.9172120997700336
533,4552.826274664903,50.50232585822482,0.7382906808305166,0.25784645098986,0.0004828585224529213,0,8.934410305615781,0.8402848247308884,0.8088941273324607,4142,25,21.850994285737784,3.414969864335,1.8476128188358405,4.0,9.271,0.0,0.163165411089745,0.9415640873106668,1.0586265425019497,0.05675932320441989,48.406764,1137,1215,0.9358024691358025,3023,3129,0.9661233620965165,4598,4782,0.9615223755750731,11818,12727,0.9285770409365915
534,4872.315105886751,54.01844851001079,0.7390904915020671,0.2576940744143317,0.00022967386311437759,0,12.203521503972738,0.839399121929737,0.8306559270590389,4354,27,23.031082554276963,3.5788722027747557,2.005593536357986,5.0,10.029,0.0,0.16086398968707818,0.954475978022886,1.0460659740904763,0.04463651432630831,51.009426,746,797,0.9360100376411543,2396,2485,0.9641851106639839,4338,4495,0.9650723025583983,15625,16430,0.951004260499087
535,3032.442469719009,44.066226938348045,0.6529601189001734,0.34159028981917267,0.0024770869457517958,0,7.176735522770487,0.8406897734465707,0.6967894796468316,4037,18,24.295062840211685,3.076191525736086,1.9146433990895295,5.0,11.182,0.0,0.2259143172493585,0.9160700517678159,1.0839563604142437,0.08065414409396993,42.368226,1852,1992,0.929718875502008,3678,3873,0.9496514329976762,4254,4540,0.9370044052863437,6850,7753,0.8835289565329549
536,5122.6536181386755,79.4239441213303,0.6366786618685859,0.3597227775556444,0.0,0,16.206161701956017,0.8538632488011186,0.711949100405974,7503,30,20.413016851373584,3.8326624985765423,2.0249110320284696,6.0,21.803,0.0,0.24803866958775486,0.9382222702235663,1.0621819625392472,0.05856634468734113,75.313108,199,213,0.9342723004694836,933,965,0.966839378238342,2248,2347,0.9578184916915211,22681,24252,0.9352218373742371
537,6124.646172802358,103.80898978240016,0.6148844653396018,0.380814244273282,0.0,0,13.643348789436232,0.8505082701579957,0.7204309060996985,9997,31,23.50317502790351,3.9780297216144245,2.512607776150968,7.0,32.174,0.00010002000400080016,0.3216239563631536,0.9360732124300225,1.0611157930220798,0.0579783370701361,96.85049,24,25,0.96,126,131,0.9618320610687023,286,312,0.9166666666666666,27488,29363,0.9361441269625038
538,4972.771396537245,68.33542866776558,0.6667749796913078,0.330625507717303,0.0,0,16.21415061793282,0.8650964714819307,0.734302913510901,6155,30,23.471593276905878,3.7322271007348244,1.9044834307992202,6.0,16.206,0.0,0.2062003287114686,0.9613841144847429,1.0381404174573055,0.03707484233166855,64.965214,435,465,0.9354838709677419,1627,1681,0.9678762641284949,3825,3936,0.9717987804878049,19507,20332,0.9594235687586071
539,4268.936292036567,103.82414402737412,0.5665829145728644,0.42991744436468055,0.0,0,11.668295779986169,0.8530871893721689,0.6193847733679457,11144,28,22.881450008555394,3.8691745033987064,2.2899904973075706,6.0,38.26,0.0,0.3977172485001512,0.9538052620954175,1.0446265938069217,0.0427388965828207,100.246986,84,88,0.9545454545454546,314,332,0.9457831325301205,916,944,0.9703389830508474,27035,28358,0.9533464983426194
540,2444.2684211085975,132.90211854614884,0.5093967000063706,0.48678091355035996,0.0,0,13.942895591763914,0.8484236080726661,0.5742496320105948,15697,32,22.27537516398505,3.988202419970963,2.631815907953977,7.0,60.042,0.0005730294155099962,0.4915452362096068,0.9221809588116138,1.0751399966061428,0.06969439994974716,126.917646,11,11,1.0,51,53,0.9622641509433962,144,152,0.9473684210526315,27109,29404,0.921949394640185
541,2953.628553266076,43.6782081632612,0.6496940024479804,0.34614443084455326,0.0017135862913096695,0,7.985267909826957,0.8715886873633865,0.7033334775882788,4085,28,24.269235434908204,2.996115320030469,1.6657874905802563,5.0,10.535,0.0,0.1503152398753257,0.9495299910474485,1.0504244195851369,0.05132968841233611,41.868276,2185,2358,0.9266327396098388,3725,3861,0.9647759647759647,4208,4403,0.955712014535544,6852,7250,0.9451034482758621
542,2536.1379995377947,53.26432602331258,0.5820812465219811,0.4147653496568355,0.0001854943424225561,0,10.135198834157265,0.8811831470967759,0.6944170920835551,5391,17,22.26864670876696,3.6966611040611257,2.1794136392606758,7.0,17.449,0.0,0.32091565953020657,0.9735300743410678,1.0251506024096386,0.024859956797129573,49.18811,421,453,0.9293598233995585,1755,1798,0.9760845383759733,4083,4180,0.9767942583732058,19670,20203,0.9736177795376925
543,5454.576441276625,101.69039334448853,0.6009977501711826,0.3965567837229776,9.781864423359092e-05,0,13.881115328739131,0.8606418632260825,0.6862663982794475,10223,21,21.114475362328687,3.9058710145047932,2.3818359375,7.0,32.899,0.0005865676019161209,0.4903921357401233,0.9360137457044674,1.0584424582553869,0.055593418362379514,96.900572,51,55,0.9272727272727272,402,431,0.9327146171693735,1407,1491,0.9436619718309859,25378,27123,0.935663459056889
544,4619.690824377047,54.95882510015387,0.711788531230015,0.2856533788104882,0.00021317416329140907,0,13.880084938956497,0.8659665399203138,0.7874993933035829,4691,31,24.35313040206001,3.465255053622661,1.8523510032943995,6.0,11.252,0.0,0.1528161039071732,0.9670638934083814,1.0339602695678984,0.03299740613173449,52.580724,1071,1145,0.9353711790393013,3026,3127,0.9677006715701951,4766,4876,0.9774405250205086,13129,13593,0.9658647833443684
545,4866.847074057247,44.42016591436969,0.8391157506908198,0.15934909425852012,0.00092109303039607,0,15.574023553938613,0.8470421978038203,0.8888832877485222,3257,20,24.3865406607511,2.970700669582483,1.6209293816319064,5.0,4.729,0.0,0.1623607270125871,0.9482794433289483,1.0515349354076955,0.050364915510552964,43.139122,3034,3228,0.9399008674101611,3575,3694,0.9677855982674608,3135,3287,0.953757225433526,3952,4234,0.9333963155408597
546,6532.674576132581,56.392416430519134,0.8766086298258895,0.12061569518041887,0.0017663386323492304,0,12.417502815492085,0.8555278824399876,0.8975548016135698,3963,19,23.16941851253878,3.213240326976498,1.4798503166378814,3.0,4.618,0.0,0.20979605345262625,0.9413064833005894,1.058389220451609,0.05762554964128674,55.598002,2178,2302,0.946133796698523,2594,2710,0.9571955719557196,3344,3505,0.9540656205420828,7216,7771,0.9285806202547935
547,8471.98796544078,82.12010954819863,0.8013864259229405,0.19635660164436564,0.00032242463324197966,0,15.192115388393416,0.8696206800558723,0.8803134903220579,6203,24,22.982366851924446,3.8448494300404454,2.136189901428284,6.0,12.577,0.0,0.2578271305157471,0.9427552417321132,1.058504679651646,0.055657617200789274,78.635938,220,247,0.8906882591093117,879,919,0.956474428726877,2168,2308,0.9393414211438474,22902,24284,0.9430901004776808
548,6435.639790299135,63.77004132831778,0.7904019688269073,0.20652173913043478,0.00020508613617719443,0,14.5634493695967,0.8564810469593387,0.8554310580507217,4876,27,22.573680022105744,3.603566847573803,1.8907628437986508,5.0,9.585,0.0,0.1814963473797601,0.9555573912684318,1.0458704202028566,0.04466716647594997,61.289328,779,835,0.932934131736527,2351,2438,0.9643150123051681,3990,4154,0.9605199807414541,16015,16784,0.9541825548141086
549,7536.8911379021165,95.74850561254314,0.6886669045070758,0.30836009037935547,0.0,0,19.586257221389864,0.8511108678263283,0.743880177173144,8409,20,22.639821830123772,3.8376283987026047,2.0383353479537214,5.0,21.915,0.0,0.41358523712470496,0.9505638697779984,1.049701577376723,0.047493581948385356,92.33036,180,198,0.9090909090909091,838,860,0.9744186046511628,2418,2508,0.9641148325358851,23368,24632,0.9486846378694381
550,4971.261719603875,93.18457276513541,0.5996774193548388,0.39666666666666667,0.0,0,15.237830195035777,0.8476214879233499,0.6856653537542764,9300,31,21.588706089396165,3.9094740678385937,2.154025461717769,7.0,29.155,0.0,0.3042884660182772,0.9498017150798224,1.0486420340596214,0.04659880433026337,87.912228,72,75,0.96,394,402,0.9800995024875622,1125,1162,0.96815834767642,26431,27864,0.948571633649153
551,6505.595890070837,88.45902184515444,0.6666244939271255,0.33021255060728744,0.0,0,16.15471430022572,0.8590834817492892,0.7757650615038373,7904,25,20.878513423233937,3.9356652218480854,2.3649648889732395,7.0,22.348,0.0,0.31754075705665796,0.9573152287164319,1.0414488550133216,0.03985413708532335,82.31929,86,98,0.8775510204081632,320,332,0.963855421686747,981,1012,0.9693675889328063,27096,28311,0.9570838190102787
552,5782.766439438375,76.2946716118597,0.6757566676655679,0.32124662870842075,0.0,0,13.307763052971683,0.85249281941733,0.7926578093350919,6674,28,21.758899507740406,3.905559700348328,2.3403547671840355,7.0,18.793,0.0,0.23546845376940534,0.953133589884552,1.0456865043790085,0.0437639637271652,70.89392,116,128,0.90625,561,589,0.9524617996604414,1470,1536,0.95703125,25593,26851,0.9531488585155116
553,5537.167379471314,79.6869440032828,0.6571697352506384,0.34000806343233436,0.00026878107781212203,0,11.769785771919096,0.850899154958444,0.7006351632298222,7441,23,21.440222894815783,3.41067468382865,1.5613496932515338,3.0,18.978,0.0,0.3300283995152934,0.9363012493401373,1.0629494022674137,0.060505868738634484,77.52354,1042,1118,0.9320214669051878,2621,2723,0.9625413147264047,3805,3984,0.955070281124498,13816,14907,0.9268129066881331
554,5607.710685675817,73.53332745493593,0.6813253931898,0.31653687585890977,0.00030539013589861045,0,12.039956334511128,0.8407784497354399,0.7294736915116605,6549,29,22.60040572436042,3.6352388387739683,1.8052442850739578,4.0,16.632,0.0,0.22246047109776482,0.9397406559877955,1.0601648904082044,0.05708445319301965,70.735248,617,650,0.9492307692307692,2075,2142,0.9687208216619981,3763,3887,0.9680987908412657,16953,18230,0.929950630828305
555,6370.1578886213465,81.89534760563764,0.6871446401331299,0.31132991263347665,0.0,0,11.231856232305706,0.8526867353617034,0.7310764690950562,7211,19,19.997723116545004,3.7116368580115937,1.9426841574167508,5.0,18.55,0.00013865779256794233,0.3764766789966242,0.9533340915121877,1.0467563050744455,0.044758283541553506,79.17797,430,451,0.9534368070953437,1648,1718,0.959254947613504,3220,3346,0.9623430962343096,19850,20864,0.9513995398773006
556,2655.171038001415,105.12359559911634,0.5205742425507053,0.4759202069944078,0.0,0,7.76610930679878,0.8429297036386508,0.6281147990963019,11981,25,22.86209545521158,3.978509957920887,3.291005291005291,8.0,48.091,0.00033375052148518984,0.4817925710458667,0.9098279679781979,1.0841317262456647,0.0771769883684376,97.985872,13,13,1.0,70,73,0.958904109589041,158,171,0.9239766081871345,26467,29098,0.9095814145302082
557,3692.261674168687,56.33279030827262,0.6424644549763033,0.35545023696682465,0.0005687203791469195,0,11.753243101143884,0.8567783950142397,0.7063086726133245,5275,25,24.13857153559681,3.4273100659313496,1.8447919740336383,5.0,14.692,0.0,0.21163738888210035,0.9468206509334915,1.0529207104925837,0.05102880658436214,53.672192,1142,1224,0.9330065359477124,3116,3220,0.9677018633540373,4630,4808,0.9629783693843594,11854,12655,0.9367048597392335
558,5405.550074333338,105.76808276617243,0.5909775852326239,0.40516104727820684,9.417969485778867e-05,0,11.613664004492792,0.8516061244749491,0.6836957819598831,10618,26,22.046151187958586,3.9694410153983313,2.574820717131474,7.0,35.881,0.00028245927878730817,0.41306120202872953,0.9277124758646388,1.0698553191489362,0.06519949335022165,99.569976,37,42,0.8809523809523809,116,127,0.9133858267716536,395,420,0.9404761904761905,26839,28932,0.9276579565878612
559,5397.757494809138,56.78970312767025,0.7614537444933921,0.2365638766519824,0.0,0,12.724585575584202,0.8402216817906775,0.8155985357804837,4540,23,24.438836580901327,3.356711239215913,1.8634654324558866,4.0,9.628,0.0,0.2014093889724511,0.9366136861140192,1.0644361833952911,0.0607008760951189,54.648696,1421,1505,0.9441860465116279,3020,3133,0.963932333226939,4306,4512,0.9543439716312057,10935,11864,0.921695886716116
560,5348.63797906147,110.91856502233892,0.5864831910816931,0.4102943738024734,8.709284096847239e-05,0,16.527578596104963,0.8539954356475796,0.6403919346705618,11482,31,22.509857805260985,3.891036305266057,2.0063855063855063,6.0,36.031,0.0,0.3702162877405218,0.918875984043492,1.0816246896062434,0.07570072111462786,106.581404,85,91,0.9340659340659341,452,477,0.9475890985324947,1421,1507,0.9429329794293297,24071,26252,0.9169206155721469
561,4157.241442312904,132.83672925988643,0.5377934590853576,0.45799972859275345,6.785181164337088e-05,0,15.185932044566346,0.8513771916169722,0.6265696835310015,14738,30,19.550549467201016,3.986715005167966,2.5172848851879888,7.0,53.179,0.0006102936190411609,0.4920369387739283,0.911280144625985,1.0850932316884723,0.07811075123423791,125.330836,14,16,0.875,51,58,0.8793103448275862,163,173,0.9421965317919075,26488,29070,0.9111799105607156
562,7129.246986905742,72.10615046481703,0.7801808190037227,0.21840099273178515,0.0001772735330615139,0,7.7714270519751105,0.8577573967502443,0.8328886353092003,5641,20,23.20660593846968,3.665621530719842,1.8323108384458078,5.0,11.324,0.0,0.2748467034332208,0.9497924336179212,1.0492401931911886,0.0470965815793402,69.765704,586,619,0.9466882067851373,1782,1861,0.9575497044599678,3455,3641,0.9489151332051634,18429,19413,0.9493123164889508
563,5892.077300730298,64.44124388159454,0.7431809450633884,0.2535535920092201,0.0001920860545524395,0,15.477803413917044,0.8545073533426044,0.8489523796682301,5206,19,20.26392515732804,3.6221238843885692,1.982424399069527,7.0,11.651,0.0,0.27602221879854016,0.959192936128074,1.0405427767665067,0.03966398541823513,60.758362,680,733,0.927694406548431,2616,2702,0.9681717246484086,4871,4974,0.9792923200643345,15080,15827,0.9528021735009793
564,4955.257736016424,65.13901423942102,0.6796166352900908,0.3166181755947287,0.0,0,11.380251296176327,0.8537493291838703,0.7424900815581662,5843,29,21.77355638665037,3.557575782423841,1.7854444724250818,5.0,14.712,0.0,0.2027479441113479,0.9628393688460429,1.0355535367716893,0.034640470887686924,62.47326,796,844,0.943127962085308,2587,2665,0.9707317073170731,4303,4410,0.9757369614512472,15685,16354,0.9590925767396355
565,826.9693885564964,38.8555220822517,0.5116067364588075,0.4845243513882567,0.0,0,5.995422554264803,0.8572471557289204,0.6318677909775565,4394,17,21.810905278074728,3.4012721266899466,2.1926156583629894,7.0,15.837,0.0,0.2603137594179859,0.9808450226723736,1.0176228289948617,0.017446702198534312,34.988396,897,946,0.9482029598308668,3004,3055,0.9833060556464812,5706,5802,0.983453981385729,13538,13794,0.981441206321589
566,-277.4171940283884,49.16785040936043,0.45569620253164556,0.5402980291619933,0.0,0,4.858206227545997,0.8377482679703471,0.5899371269471076,6241,16,23.521175048661625,3.6932077204441907,2.800632911392405,9.0,25.905,0.00016020506247997436,0.3910846223072749,0.9652754213324285,1.0331406114197181,0.03204262618152622,43.930592,393,416,0.9447115384615384,1729,1773,0.9751833051325437,4222,4329,0.9752829752829753,19258,20005,0.9626593351662085
567,3378.4338704829206,47.26180110377358,0.6584498696373549,0.33680967053804217,0.00023702299123014932,0,11.805806413170238,0.8629496569646934,0.7743010011563993,4219,19,25.58601238324139,3.4958560861807384,2.3894888408927284,7.0,12.428,0.0,0.22852706438422415,0.9581674159708842,1.0424562760517382,0.04149224328983009,43.69953,769,859,0.8952270081490105,2791,2929,0.9528849436667804,4990,5164,0.966305189775368,13828,14403,0.9600777615774492
568,5882.084472647921,55.04773962196269,0.8233843117908238,0.1758756783423779,0.0,0,9.155806334161184,0.8596621817773232,0.9062942873257935,4054,26,19.22975287435854,3.4029059521892253,1.9185140802875973,6.0,7.175,0.0,0.1548801304611498,0.9530699850479911,1.0473981736483549,0.045354084169813055,52.501772,1581,1679,0.9416319237641453,3206,3297,0.9723991507430998,4245,4408,0.963021778584392,10728,11349,0.9452815226011102
569,7386.519034856222,70.92391965267858,0.8079969822708412,0.19105997736703131,0.0001886080724254998,0,7.97875807393085,0.8851427725029702,0.9009587503337723,5302,18,18.872197059349766,3.756831261034584,2.089635854341737,6.0,10.38,0.0,0.29463672590909773,0.9732913502500463,1.0253925826929502,0.0250288933834152,67.709102,408,442,0.9230769230769231,1631,1690,0.9650887573964497,3412,3503,0.974022266628604,20823,21360,0.9748595505617977
570,5774.015385292651,102.55837699861338,0.6131074106534229,0.3838737949167397,0.0,0,10.309374964789786,0.8757144497764486,0.6349016134934061,10269,21,24.072860580958242,3.5028421310556417,1.6778907242693775,4.0,29.542,0.0005839416058394161,0.48769750098898657,0.9581062670299727,1.0413191811978773,0.040069749700294255,100.923736,514,541,0.9500924214417745,1580,1618,0.9765142150803461,3079,3165,0.972827804107425,20144,21100,0.9546919431279621
571,3017.9356442948188,93.84504248318436,0.5459242250287026,0.451396861844623,9.567546880979717e-05,0,9.31906146492625,0.8697188218480536,0.582328038614247,10452,31,20.049790599454184,3.764377858321537,1.7486855941114616,4.0,34.427,0.00028694404591104734,0.33964579068768375,0.9783338524902225,1.0211040648716083,0.020841805612037415,91.363338,252,260,0.9692307692307692,922,944,0.9766949152542372,2084,2127,0.9797837329572168,25009,25562,0.9783663250136923
572,6434.687068991744,69.38022268337451,0.7504437344692936,0.2477813276535321,0.0001774937877174299,0,13.153747604289892,0.8659735671212065,0.8063596875613259,5634,27,19.775169699932356,3.582829984560751,1.9046830652790918,5.0,12.378,0.0,0.21419607241407848,0.9659095576457059,1.0344941002343462,0.03346566097657801,66.890872,886,936,0.9465811965811965,2407,2450,0.9824489795918367,3942,4024,0.9796222664015904,16282,16937,0.9613272716537757
573,4237.778788122322,46.95612907538312,0.7416819491747446,0.2546502488865601,0.002095886822111606,0,12.58432278562562,0.8372485929623441,0.7765634865572234,3817,22,19.81544064146588,2.9275416030739096,1.6100317908866124,4.0,7.82,0.0,0.1657771495791813,0.9503157894736842,1.0470204278979813,0.048477564102564104,45.388086,2703,2882,0.9378903539208883,3744,3872,0.9669421487603306,3787,3956,0.9572800808897877,5565,5915,0.9408284023668639
574,3842.4289032111797,140.15384313970563,0.5279511014898765,0.46835604227683686,0.0,0,20.02155815716621,0.863861974222368,0.645684691355756,15706,32,24.449903710361482,3.993682507414755,2.5110950313555236,8.0,57.933,0.0005091001654575538,0.4854570175898082,0.9480122324159022,1.0479198359679873,0.04580967023312729,129.845998,14,15,0.9333333333333333,35,39,0.8974358974358975,104,106,0.9811320754716981,28677,30251,0.9479686621929854
575,3816.336455238325,50.160687276587986,0.6784982935153584,0.3178612059158134,0.00022753128555176336,0,15.95059507995501,0.8478685876485584,0.7706419191623725,4395,21,21.055444284418975,3.249309744279374,1.926224010731053,6.0,11.372,0.0,0.20628104757309415,0.9657448617292594,1.0324053172811638,0.03213784424761628,47.086476,1646,1769,0.9304691916336914,3866,3959,0.9765092194998737,4991,5103,0.9780521262002744,8809,9166,0.9610517128518438
576,6829.15121454972,118.286017493894,0.6139661942974219,0.38355813556428203,8.536793580331228e-05,0,14.349445873929191,0.8592459872178366,0.6835825181582494,11714,26,23.25222340041511,3.9466778069445163,2.3706896551724137,7.0,36.928,0.0001707067258449983,0.4510428515148184,0.9416728299603307,1.0559775819575272,0.053127486869329936,113.494144,48,49,0.9795918367346939,204,214,0.9532710280373832,525,553,0.9493670886075949,27234,28930,0.941375734531628
577,5674.665522413644,96.0294599983408,0.6168375607123583,0.3789530491095521,0.0,0,9.850357898744026,0.8519725251227249,0.7129701942801348,9265,32,22.737021211896575,3.8992981796044583,2.2087489063867016,7.0,28.532,0.0,0.2890439492724081,0.9340712893344473,1.0652348524532915,0.06129917657822507,90.676396,115,127,0.905511811023622,478,502,0.952191235059761,1220,1267,0.9629044988161011,25021,26832,0.9325059630292188
578,4475.43853539889,69.45177117246025,0.6373244753133022,0.3585988222859731,0.00030197795560924054,0,6.52009456003953,0.8553511950229531,0.6832067214410468,6623,27,23.357343382546972,3.622521251118445,1.8649609097370292,5.0,19.014,0.0,0.24504761600596692,0.961702776930119,1.0384968269745394,0.03769775722203869,66.857902,483,531,0.9096045197740112,1706,1769,0.9643866591294517,3408,3523,0.9673573658813511,19615,20393,0.9618496542931398
579,4458.611826106817,93.87218438284832,0.5805146295912015,0.41668395932766134,0.0,0,11.45724605469236,0.8689490437442364,0.6829102842825618,9638,22,21.466575465377808,3.9458844018214183,2.679177837354781,8.0,33.614,0.0,0.44501505228483174,0.9514647717369444,1.0475902196212963,0.045464725643896975,87.49984,49,55,0.8909090909090909,276,283,0.9752650176678446,721,744,0.9690860215053764,27340,28752,0.9508903728436283
580,3742.9640069631346,52.482714778206194,0.6607976240984302,0.3370810352142554,0.00042426813746287653,0,9.729508148791759,0.8505852415316458,0.7823561685399663,4714,18,20.598024997699625,3.3648390017696084,2.0975922953451045,7.0,13.228,0.0,0.2632964897002536,0.9619314205738279,1.0379989704712433,0.037278239389175835,48.924706,1230,1298,0.9476117103235747,3694,3798,0.9726171669299631,5141,5262,0.9770049410870392,10554,11077,0.9527850501038188
581,6990.834604399738,109.02236692154463,0.6327645705521472,0.3634010736196319,9.585889570552147e-05,0,9.150256513826475,0.8555625358968048,0.7056057163179456,10432,23,21.456540768128605,3.8746278942944956,2.457203454022118,7.0,32.34,9.584970765839164e-05,0.45402478704057925,0.9069874893375035,1.0903491495076096,0.0828905766159262,104.540856,103,117,0.8803418803418803,381,414,0.9202898550724637,1205,1307,0.9219586840091814,23830,26298,0.9061525591299718
582,4980.323632644796,48.26617475934031,0.8030180544327674,0.19401778496362165,0.0013473457289140394,0,12.723108684237008,0.8574325355793561,0.8252233189657104,3711,18,20.392549997269555,2.6656363294697063,1.4922818791946308,3.0,6.108,0.0,0.20325211867752724,0.9409791062986121,1.0577114427860697,0.05688601222581805,47.21551,3160,3374,0.9365737996443391,3023,3103,0.9742184982275217,2670,2812,0.94950213371266,3487,3825,0.9116339869281046
583,6674.280583260855,71.85271227336607,0.7517440871192785,0.2441721966989961,0.002041858090862685,0,11.429956181005803,0.8623048308554616,0.7792515064530292,5877,16,20.747450265443568,3.0708872406358516,1.514259846084201,3.0,11.391,0.0001701258931609391,0.3707494111895222,0.9092488561996873,1.090385956754243,0.08601524454795681,70.483144,2965,3080,0.9626623376623377,1998,2097,0.9527896995708155,2261,2441,0.9262597296190086,8476,9649,0.8784329982381593
584,5468.005909030952,107.97629195724363,0.591380250954719,0.4057101291143844,9.092562284051645e-05,0,13.176435579143897,0.8419045211299676,0.6638408447979429,10998,27,20.507546477246855,3.875164632880769,2.5555043050430504,7.0,37.243,9.091735612328394e-05,0.40394409745890225,0.9053851640513552,1.09375783404362,0.08563229635426857,103.29994,109,119,0.9159663865546218,464,489,0.9488752556237219,1166,1225,0.9518367346938775,23648,26207,0.9023543328118442
585,6327.074147994643,64.57803329885357,0.7757064364207221,0.22331240188383045,0.0,0,12.997422799952938,0.8459623344315911,0.8391163215741749,5096,22,21.735285073382077,3.54030370113053,1.8993169744497849,5.0,10.434,0.0,0.2284089739278313,0.9613443976481381,1.038495261158198,0.037178303288232226,62.318726,900,961,0.9365244536940687,2447,2533,0.9660481642321358,4081,4234,0.963863958431743,15626,16253,0.9614225066141635
586,6195.912162526967,101.420941718785,0.6242090222494386,0.3727291283935497,0.0,0,10.562496535841442,0.8520468697207204,0.6920019253996573,9798,29,23.154286809573136,3.8960821358576623,2.3356769130150425,6.0,30.859,0.0,0.3413317776083251,0.9256075155128783,1.0725913043478261,0.06764705882352941,96.888912,87,95,0.9157894736842105,378,396,0.9545454545454546,900,948,0.9493670886075949,25336,27408,0.9244016345592527
587,3647.9814790747373,51.77134062879053,0.6581611134542387,0.33930830873049345,0.00042176296921130323,0,11.522117640213088,0.8526384986428106,0.7391234890814543,4742,18,21.121220253661733,3.3120894575805044,2.093559756488305,6.0,13.173,0.0,0.2559137278269063,0.9586623537246693,1.0402802936409572,0.03925780357387688,49.446478,1401,1494,0.9377510040160643,3559,3636,0.9788228822882288,4980,5104,0.975705329153605,10213,10788,0.946700037078235
588,6726.303060390589,98.63811045495679,0.6499562171628721,0.3471978984238179,0.0,0,11.794573957729835,0.8708790703796976,0.7262178208446433,9136,31,21.213828465810785,3.8667638217498337,2.02509262377905,6.0,25.732,0.00010944511327569225,0.2926671682758036,0.9515955415118581,1.047607447363842,0.045569032942268176,94.319896,163,175,0.9314285714285714,629,650,0.9676923076923077,1641,1691,0.9704316972205795,24972,26283,0.950119849332268
589,3595.16567370634,35.80456996003095,0.7874044412085912,0.208955223880597,0.00036403349108117945,0,12.413677732330326,0.85095358189635,0.8764394727842595,2747,17,20.733219931517354,2.7230285700484727,1.8862690707350902,7.0,5.286,0.0,0.16386041703540505,0.9633674784614341,1.0364056238538342,0.035527348861554564,33.73796,3349,3520,0.9514204545454545,4153,4229,0.9820288484275242,3359,3478,0.9657849338700403,3340,3514,0.9504837791690381
590,5569.873345600561,56.25642125857423,0.7816593886462883,0.21650195357389107,0.0,0,9.433931261354918,0.8494463956648407,0.852371751757664,4351,24,24.220736402276085,3.340855766403966,1.8068215230814466,5.0,8.516,0.0,0.1799632370012115,0.9405166553365057,1.0602861035422344,0.05722395165720564,53.843086,1503,1597,0.9411396368190357,3183,3320,0.9587349397590361,4213,4442,0.9484466456551103,10470,11235,0.931909212283044
591,4021.1997919680466,111.519808350785,0.5524889107934944,0.44356826022671264,0.0001642845408247084,0,12.31375126575198,0.8600399965768674,0.6300035703337928,12174,30,22.01033153207868,3.9199834556049544,2.0898007731192387,7.0,41.236,0.00032846115946789294,0.40214818086164916,0.9218733701887973,1.0758608634854046,0.0707870250710778,105.675632,63,69,0.9130434782608695,387,414,0.9347826086956522,982,1036,0.9478764478764479,25082,27242,0.9207106673518831
592,3433.7576415294907,75.54085374119215,0.5777382916613784,0.41883487752252824,0.0,0,10.80258639676093,0.8621773155137379,0.6528759687425559,7879,19,24.04249564264797,3.638163244591763,2.0202108963093144,6.0,25.018,0.0001269035532994924,0.4146392822759114,0.9551020408163265,1.0423384758148706,0.0408834065812313,72.260508,448,479,0.9352818371607515,1806,1900,0.9505263157894737,3856,4025,0.9580124223602484,18694,19566,0.9554328937953593
593,1532.2327497878755,61.72528257630988,0.5269486490309804,0.46909039468100155,0.00028292544914415053,0,10.126576252859582,0.8689907789157527,0.5741508077804954,7069,20,22.09946188285418,3.3016520467780412,1.7868456375838926,6.0,23.792,0.000282845424975251,0.3529968402994329,0.9720076299475441,1.0269921651060576,0.026733500417710943,59.347336,1588,1669,0.951467944877172,3568,3631,0.982649407876618,4544,4630,0.9814254859611231,10683,11040,0.9676630434782608
594,6226.548405935867,100.21840986129362,0.6306065893461973,0.3656984501693524,0.0,0,10.809402975121369,0.8613304827398534,0.6757403585439437,9743,23,22.78194549991504,3.6291728082600305,1.759765625,5.0,27.363,0.0,0.41882746262303516,0.9521462156833005,1.0463772523378696,0.04449275362318841,97.478824,462,497,0.9295774647887324,1622,1681,0.9649018441403926,3097,3198,0.9684177611006879,19929,20996,0.9491807963421605
595,6752.084366344467,82.09718428926257,0.7049568365357839,0.2928153717627402,0.0001392369813422445,0,10.456713779516186,0.8472345911875455,0.7415542491621778,7182,25,21.351924218071897,3.610867460816125,1.8795180722891567,5.0,17.67,0.0,0.28667273111042085,0.9504167808085157,1.0492999176373692,0.04731190813511297,80.2073,635,679,0.93519882179676,1716,1773,0.9678510998307953,3333,3451,0.9658070124601564,18602,19650,0.9466666666666667
596,3345.476380546073,43.34086490681163,0.6839473684210526,0.3136842105263158,0.0010526315789473684,0,10.027428004500802,0.8604974905312484,0.7768365218146711,3800,24,23.789558090302016,3.0065921390108734,1.8922662562524049,6.0,9.694,0.0,0.15938085970055801,0.9645805443998215,1.0345560277342876,0.03483176312247645,40.910822,2315,2436,0.9503284072249589,4147,4246,0.9766839378238342,4347,4476,0.9711796246648794,6484,6770,0.957754800590842
597,6247.112489528875,71.65655735196486,0.7260481562552619,0.2724364371106247,0.0,0,14.234540101074323,0.8692221094386673,0.8102178079609027,5939,16,23.107527008666878,3.490545173565716,1.8225881261595547,6.0,13.307,0.00016835016835016836,0.3676213350223308,0.9642700377491001,1.035064534602,0.03457920162725655,68.621722,1071,1165,0.91931330472103,2932,3047,0.9622579586478504,4297,4430,0.9699774266365688,13668,14140,0.9666195190947666
598,5842.092729715493,104.18600239501139,0.6091579653223489,0.38777660695468913,9.579461634256155e-05,0,8.029459594879022,0.8603862976284239,0.6615019406020466,10439,25,24.280432013969385,3.7353952946008477,2.399433873250511,6.0,34.321,0.00019155253328225267,0.4144376453662826,0.9638736079431102,1.0362182502351835,0.03511667799462731,100.763446,103,114,0.9035087719298246,371,397,0.9345088161209067,970,997,0.9729187562688064,27291,28304,0.9642100056529113
599,6909.063284494257,89.02651974450812,0.6856820461384152,0.311308926780341,0.00025075225677031093,0,8.504429019722235,0.8516430224197441,0.7293914186703244,7976,25,24.456702156985855,3.664139595448755,1.8442128359846408,5.0,20.085,0.0,0.31901228476406074,0.9592558139534884,1.0400730634459108,0.038908557737009616,86.907316,480,511,0.9393346379647749,1391,1436,0.9686629526462396,2782,2845,0.9778558875219684,21127,22083,0.9567087805098945
600,4761.38583202893,85.57904832310075,0.606861708377394,0.3900834214545882,0.0,0,10.604890142217748,0.850252217025049,0.6884530241690019,8511,26,21.66159451623455,3.8704586807370096,2.2683446272991286,6.0,27.052,0.0,0.3290060001259426,0.9458045616237707,1.0536626320576505,0.051063970612569086,81.03098,124,132,0.9393939393939394,680,700,0.9714285714285714,1807,1863,0.9699409554482018,24509,25979,0.9434158358674314
601,5556.370511401176,69.07115679381478,0.696482921880284,0.3013189042948935,0.0,0,15.800879173644464,0.8564907608854448,0.8031247427831673,5914,29,22.286292501398638,3.6790036506667603,2.1133770332605,7.0,15.245,0.0,0.2023544936158318,0.943408156813152,1.057712903097854,0.05515103991635861,65.216894,512,563,0.9094138543516874,1887,1962,0.9617737003058104,3707,3872,0.9573863636363636,17766,18907,0.9396519807478712
602,7311.936123462074,102.63824593565225,0.6612988664053395,0.33605254793940037,0.0,0,15.658798577788303,0.8607543741025092,0.7120110192131485,9439,27,19.974448883809476,3.7694091871910396,1.9671579621916053,6.0,25.487,0.0,0.3477077329382956,0.9459167895285698,1.0541193437894358,0.051599481617897826,99.242424,212,232,0.9137931034482759,956,996,0.9598393574297188,2456,2564,0.9578783151326054,22681,24017,0.9443727359786818
603,4600.073559336441,44.76135491853737,0.799473838059047,0.19526454253142356,0.0017538731365097924,0,15.080918013913937,0.8443421013498363,0.8477350898616189,3421,18,25.439203174656935,2.949791578276567,1.8190127970749543,5.0,6.387,0.0,0.18916339103423185,0.9459143490031996,1.056596794081381,0.05582989600883054,43.30143,2663,2838,0.9383368569415081,3687,3804,0.9692429022082019,3669,3847,0.9537301793605407,5354,5763,0.9290300190872809
604,3415.3180339368346,83.21647599434674,0.566334616255377,0.43128820466379897,0.0,0,10.892202628440597,0.8683907615802248,0.6612541672565456,8834,21,22.4499831081817,3.7629342945647437,2.11273236058365,7.0,29.191,0.00022634676324128565,0.4222752681613897,0.9608665009829741,1.0390561129691565,0.037762786879394654,78.952716,339,364,0.9313186813186813,1560,1593,0.9792843691148776,3553,3619,0.9817629179331308,20452,21383,0.9564607398400599
605,6811.305627939435,125.19695338798718,0.603731283529506,0.3932260389142445,0.0,0,13.237237795990726,0.8483691488731728,0.6652814290545571,12489,30,21.63068847643128,3.945377153606845,2.264323607427056,7.0,39.759,0.0001601152830037627,0.4126884736728861,0.9276436586195171,1.0705456532131394,0.06602305567023405,120.222382,27,30,0.9,182,197,0.9238578680203046,571,600,0.9516666666666667,26502,28583,0.9271944862330757
606,5432.258950144868,109.93131014630931,0.5897708167418813,0.40748606318024955,0.0,0,13.504584856169393,0.8595278459457988,0.6584845969020794,11301,32,19.499565385698457,3.927411051998516,2.078769692423106,6.0,35.911,0.0,0.35579188131162454,0.9457670617634147,1.0531857268603155,0.050561077268355244,104.821282,55,58,0.9482758620689655,282,295,0.9559322033898305,832,860,0.9674418604651163,26838,28400,0.945
607,3670.682694514746,101.51433934028282,0.5533177486063657,0.44281604028052507,0.0,0,9.521644961179279,0.8549425987540681,0.6209120211653523,11122,27,18.889609876043625,3.9054254732313805,2.131134221644459,6.0,37.89,8.990380293086398e-05,0.4096764283680233,0.9531038680010819,1.0443381504851075,0.0425690330516979,97.047318,84,91,0.9230769230769231,383,397,0.964735516372796,1176,1215,0.9679012345679012,26546,27873,0.9523912029562659
608,5584.485600979541,60.30668068293566,0.7520458265139116,0.2440671031096563,0.0020458265139116204,0,12.681730365736609,0.859458513557736,0.7938994048395679,4888,16,23.346713076710742,3.0257746911901267,1.3884657236126223,3.0,8.974,0.0,0.3049430082042942,0.945108563064162,1.0520992951271835,0.05405873189869036,58.691276,3125,3303,0.9461095973357554,2883,2984,0.9661528150134048,2955,3097,0.954149176622538,6533,7012,0.9316885339418141
609,5559.772265900862,64.09505152193772,0.7219548315438726,0.27471306923361716,0.00037023324694557573,0,11.205289689318892,0.8482622787375081,0.8005052425312594,5402,18,24.171021260579103,3.433334016367826,1.9366666666666668,6.0,12.61,0.0,0.29595318583140406,0.9446567343609119,1.0560075767359767,0.05378834044281942,61.47522,904,976,0.9262295081967213,2503,2630,0.9517110266159696,4172,4346,0.9599631845375057,14423,15339,0.9402829389138797
610,5154.954353596315,61.39086010315033,0.7124545628467572,0.2863975511765831,0.0001913143294432753,0,8.199558486643946,0.859929910747176,0.7532766687499657,5227,23,22.24004072284876,3.3587570136245626,1.9019871106337272,5.0,12.704,0.0,0.2244590528785143,0.9436755094194541,1.0568373392418478,0.05469743776122115,59.623066,1521,1653,0.9201451905626135,2932,3042,0.9638395792241946,4019,4194,0.958273724368145,11164,11919,0.9366557597113851
611,6883.375339472474,73.50889634549834,0.7546948356807511,0.2426224010731053,0.0006706908115358819,0,8.660574300502537,0.8549329001690157,0.7869440748868561,5964,28,20.088125169368602,3.559964102119493,1.8500333259275716,5.0,12.993,0.0,0.21564014836632553,0.9451181397674709,1.0559495994659547,0.05378336816371594,71.730402,906,965,0.938860103626943,2118,2194,0.9653600729261622,3711,3835,0.9676662320730117,15945,17003,0.9377756866435335
612,4674.933168226938,40.55784839973684,0.8696409898919484,0.12826768909027536,0.0006971070059254096,0,11.676373529705245,0.8395285147319413,0.9124837797579909,2869,16,22.691593325274766,2.9541975756001206,1.8733466933867735,4.0,4.392,0.0,0.17874757932802088,0.9247231367853936,1.0777186539758674,0.07336014422410207,39.529496,3132,3305,0.9476550680786687,3236,3360,0.9630952380952381,2678,2852,0.9389901823281908,3312,3847,0.8609305952690408
613,5367.572866108558,99.5888382078602,0.5998402555910544,0.39586661341853036,0.0,0,11.355565094329767,0.8488316505051386,0.6852567562759776,10016,26,21.586201823955818,3.9476766297319874,2.6246671105193076,7.0,33.621,0.00019964064683569574,0.38774772199384555,0.945336327378758,1.0529095190043727,0.05032147176777643,94.501716,40,42,0.9523809523809523,202,213,0.9483568075117371,610,633,0.9636650868878357,27354,28949,0.9449031054613285
614,4732.957935069311,76.079979643774,0.6292563334241351,0.36652138381912286,0.00013620266957232362,0,8.517607525929003,0.8671617163219786,0.6948246572304472,7342,26,20.564683124498742,3.7469297999949323,1.9891774891774892,6.0,21.639,0.0,0.27843810728785046,0.9631696021587718,1.036951754385965,0.03609841827768014,72.679386,322,347,0.9279538904899135,1296,1349,0.9607116382505559,2985,3093,0.965082444228904,21810,22634,0.9635945922064151
615,6725.373325219692,64.1275371630385,0.8109958506224066,0.18692946058091287,0.0002074688796680498,0,14.482002822863818,0.8650370076843937,0.867605555083904,4820,26,23.539117182561647,3.4231037643905387,1.8513686364799182,5.0,8.715,0.0,0.18405910086406438,0.9593735605711654,1.040324813140168,0.03887019656454755,62.21873,1377,1477,0.9322951929587001,2993,3089,0.968921981223697,4357,4505,0.9671476137624861,12101,12639,0.9574333412453517
616,6099.431812584397,75.79664809616762,0.6977231875374476,0.29973037747153985,0.0,0,14.880670623677656,0.8576057994509744,0.7400300303515072,6676,26,21.76779795555747,3.3830659391323747,1.7468870759982826,5.0,16.052,0.0,0.2568115612065183,0.9273954640376864,1.0740037950664136,0.06903879193417126,73.76002,1545,1637,0.9437996334758705,3150,3252,0.9686346863468634,3672,3843,0.955503512880562,10729,11859,0.9047137195379037
617,6103.638024928135,58.45999401280716,0.8082222724192455,0.18929297492658687,0.0,0,12.499313425628337,0.8510163752514316,0.8566728140633793,4427,27,21.88289283968801,3.3218667054036066,1.8555058692006707,5.0,8.142,0.0,0.15879917766097063,0.9583051502560634,1.041229131381563,0.039535962877030165,56.51949,1618,1715,0.9434402332361516,3288,3388,0.9704840613931524,4452,4603,0.967195307408212,10477,10992,0.9531477438136827
618,2438.1844215300953,127.88169883091423,0.5094841930116473,0.4864559068219634,0.0,0,14.083251444768145,0.8500218895118348,0.5892570130909414,15025,31,21.446966090974176,3.957518062251867,2.7135205747877205,7.0,58.148,0.0004656732304417243,0.4882629094569284,0.9256499308763529,1.0700135685210312,0.06524411384625083,120.750636,17,18,0.9444444444444444,84,88,0.9545454545454546,301,317,0.9495268138801262,27050,29234,0.9252924676746255
619,6081.943110458789,107.13749070265186,0.6084041548630784,0.38838526912181304,0.0,0,12.926341651059989,0.8436631699944237,0.6938874658541881,10590,24,22.627067181132738,3.8996659213407967,2.70712401055409,7.0,35.687,0.0002832058906825262,0.44384153906883883,0.9208344846642719,1.076180220238302,0.07068113243885216,102.099078,60,66,0.9090909090909091,261,276,0.9456521739130435,891,948,0.939873417721519,25448,27662,0.9199624032969417
620,4469.126130640341,102.70502032750503,0.5739178283198826,0.42223037417461484,9.170946441672781e-05,0,11.505907017386743,0.858807036700182,0.6239203064355178,10904,27,22.811979654717884,3.7805988537432555,2.012623841482902,6.0,35.152,0.00018338529249954154,0.40123442641012996,0.9296841194288187,1.0683859750796871,0.0645302749198853,98.88274,142,163,0.8711656441717791,839,900,0.9322222222222222,2126,2270,0.9365638766519824,22675,24399,0.9293413664494447
621,6569.288862318347,77.25575727460212,0.7142205323193916,0.28273764258555134,0.0001520912547528517,0,9.99992841619334,0.8403280646371232,0.7868649214170955,6575,23,23.52960881818612,3.6614647226318398,2.2370102214650767,6.0,16.961,0.0,0.2797591491859457,0.9293531175760408,1.070784015000586,0.0662909090909091,74.638298,518,564,0.9184397163120568,1404,1491,0.9416498993963782,2870,3058,0.9385219097449313,19071,20564,0.9273973935032095
622,2870.9956338782754,32.576927317300374,0.726938625505329,0.2701212789415656,0.0003675119441381845,0,15.226870568029241,0.8431918696231759,0.8105812161136523,2721,16,21.195417454968787,2.545436914846678,2.301820020222447,7.0,6.914,0.0,0.17335220077364533,0.9448441247002398,1.0552763819095476,0.05292498279421886,30.699992,3625,3805,0.9526938239159002,4169,4319,0.9652697383653623,2858,3041,0.9398224268332785,2350,2596,0.9052388289676425
623,649.5041227131717,91.6550190515884,0.4848673669218444,0.510859889620794,8.901548869503294e-05,0,11.384855210598694,0.8222113527650137,0.5729953129036152,11234,23,26.690528400943954,3.7854991377217004,2.3425738938865432,7.0,43.555,0.0007116171499733144,0.49056370643089053,0.9427665249044908,1.054550061536234,0.05213172998086909,86.061812,220,240,0.9166666666666666,943,975,0.9671794871794872,2671,2753,0.9702143116600073,22324,23778,0.9388510387753386
624,7736.631390869821,98.81256894988728,0.6890507625768267,0.309469610744366,0.0,0,13.905887806273645,0.8571490935768833,0.749157535350015,8786,27,22.919890786003396,3.6687631873022886,1.7968285431119921,5.0,21.64,0.00011380448389666553,0.32830946512776027,0.9454217764369393,1.0532395583670582,0.050872038972146816,95.504066,541,587,0.9216354344122658,1935,2021,0.9574468085106383,3180,3294,0.9653916211293261,18474,19621,0.941542225166913
625,5539.431943261285,78.9483124136066,0.6585533553355336,0.3393839383938394,0.0,0,11.95573750948926,0.8682745034748311,0.7243863363678802,7272,25,25.10372550963399,3.4758672069453227,1.7034871580705784,5.0,18.793,0.0,0.29316134203768285,0.9661872966957713,1.0333947785827582,0.03230616302186879,75.841354,1019,1096,0.9297445255474452,2830,2908,0.9731774415405777,4000,4107,0.9739469198928659,14725,15253,0.9653838589130007
626,5783.637087752578,78.43432286225745,0.6703358735534858,0.3264182895850974,0.00014112334180073385,0,10.958218947318228,0.8594269572695645,0.7408530233545857,7086,24,21.957507295290235,3.6208795221088397,1.916842105263158,6.0,18.651,0.00014110342881332017,0.2968436301863918,0.9491016766035772,1.0491744003856815,0.04734494720390348,74.911236,616,662,0.9305135951661632,2071,2175,0.952183908045977,3866,4066,0.9508116084604034,17166,18088,0.9490269792127377
627,5302.942261059874,90.10578633984304,0.6195346746094189,0.3765314150837361,0.00022479487467685737,0,9.57942405393437,0.875031906350879,0.6567714036709117,8897,32,22.42384192133914,3.5804789382268547,1.775943396226415,5.0,25.33,0.0,0.27983438974898345,0.939314715785304,1.0628003972194637,0.05967147167281261,87.357166,539,587,0.9182282793867121,1897,1990,0.9532663316582914,3235,3360,0.9627976190476191,18042,19308,0.9344313238036047
628,7732.182718110667,65.91791221284139,0.884833916083916,0.11407342657342658,0.00021853146853146853,0,13.850014616016011,0.8531902648647604,0.9187208092203079,4576,19,21.089728652918886,3.376375506148261,1.6567053593479872,4.0,5.743,0.0,0.2392160280843612,0.9415034409740604,1.0600445954555107,0.05747929348368426,64.729118,1846,2030,0.90935960591133,2806,2949,0.951508986096982,3685,3865,0.9534282018111255,9448,10046,0.9404738204260402
629,5171.831044700691,59.42456250091187,0.7216802707545291,0.27433804499303205,0.0,0,7.501410928393909,0.8493865394335249,0.7963753341649378,5023,28,23.513874917114848,3.392085499319255,2.0124137931034483,6.0,11.96,0.0,0.18234184060175004,0.953449521401481,1.0475286030841586,0.04542711835186622,56.846056,1230,1329,0.9255079006772009,2941,3019,0.9741636303411726,4299,4440,0.9682432432432433,12647,13360,0.9466317365269461
630,5910.306790059604,94.94348770401803,0.6249587322548696,0.37140970617365465,0.00011004732034774953,0,9.218845469327258,0.8415864334151136,0.7404873891835416,9087,24,21.14366733599235,3.9410173050466732,2.7776016904384573,8.0,30.092,0.0,0.37962315545569403,0.9181447995030713,1.0793573684027897,0.07371180155990283,88.77191,46,47,0.9787234042553191,226,242,0.9338842975206612,724,769,0.94148244473342,25610,27920,0.9172636103151862
631,6500.7695081126085,81.15247433404484,0.6920299916689808,0.30547070258261594,0.0,0,6.445958426580409,0.8262432463566217,0.7668981809315868,7202,21,22.731139354048004,3.7816100460549107,2.5469502407704656,7.0,20.772,0.00013883104262113008,0.34405568965156447,0.900866943083302,1.098191312244589,0.08978625587539027,77.790646,230,251,0.9163346613545816,1055,1101,0.9582198001816531,2305,2423,0.9513000412711514,20310,22755,0.8925510876730389
632,7507.9504030941125,90.60023551057968,0.7055003819709702,0.2913165266106443,0.0,0,8.413429520677804,0.8435680108730049,0.7504099155301027,7854,23,24.024070386522716,3.5906382326138497,2.1358960476448297,5.0,20.244,0.0,0.33836423488559125,0.8977678926046548,1.1028421094590823,0.09317486043580046,88.455604,483,532,0.9078947368421053,1321,1414,0.9342291371994342,2449,2623,0.9336637438048037,18351,20609,0.890436217186666
633,6070.555723807905,102.23218257019177,0.6178756476683938,0.379035472299721,9.964129135113592e-05,0,9.277701638312571,0.8332475943128959,0.6788358843643784,10036,28,20.95790411508745,3.8138074264969757,2.6777939042089987,7.0,33.603,9.963136395337252e-05,0.3533429708183011,0.8939609742201966,1.1067811773125782,0.09648360840330727,98.743736,75,83,0.9036144578313253,293,310,0.9451612903225807,764,818,0.9339853300733496,23974,26873,0.8921222044431214
634,6638.874338791586,77.19714964389536,0.7192529608259945,0.27816580625569387,0.00045551169146674765,0,11.356889750772847,0.8411154621073955,0.7609050044080583,6586,23,23.933091132620397,3.6205151192490885,2.1416508338610933,5.0,16.739,0.0,0.28531305320368416,0.9339468143180223,1.065978736710444,0.06264619883040935,75.140214,570,613,0.9298531810766721,1416,1495,0.9471571906354515,2935,3100,0.9467741935483871,19031,20438,0.9311576475193267
635,6062.685143866225,66.36163911504185,0.7425420357982282,0.25528837461580184,0.0,0,8.492381934312567,0.8383820218663437,0.774630756228608,5531,24,19.19621562668614,3.3018626789969843,1.9410762113464817,4.0,12.678,0.0,0.22658660902686395,0.8992899289928993,1.1024844720496894,0.09314347904951932,64.624802,1670,1753,0.9526525955504849,2843,2944,0.9656929347826086,3705,3927,0.9434682964094728,9766,11374,0.8586249340601372
636,4409.517855140854,52.87901641394905,0.7086195435408819,0.28872147130511855,0.0,0,12.746083476019013,0.8332239690496673,0.7550039090483259,4513,17,22.886507946292234,3.092728771408537,1.9718574108818012,5.0,11.316,0.0,0.2707752377461779,0.9412253806579016,1.0596043727225404,0.056438168088653526,51.056598,1843,1956,0.9422290388548057,3615,3739,0.9668360524204332,4230,4414,0.9583144540099683,8424,9134,0.9222684475585724
637,7379.7894780779425,70.67533851816219,0.8051348356113779,0.19301810121906168,0.0,0,15.271008473345862,0.8309618195578538,0.867006860650575,5414,31,23.065232596282502,3.6793118964664018,2.2294104152328518,6.0,11.361,0.0,0.17484773273857326,0.9265159301130524,1.073903734834668,0.06889952153110047,67.92408,531,571,0.9299474605954466,1654,1745,0.9478510028653295,3066,3220,0.9521739130434783,18188,19762,0.920352191073778
638,6365.9877938570635,91.1011866261389,0.6530465949820788,0.34396654719235364,0.0,0,12.788458463292667,0.8417594977086994,0.7530770802924052,8370,27,20.689916241963484,3.931564637835117,2.6211123307720454,7.0,26.264,0.0,0.31197298121811895,0.923662800761641,1.0742581138369587,0.06909665151954623,86.145588,61,64,0.953125,359,376,0.9547872340425532,997,1049,0.9504289799809342,25263,27396,0.9221419185282523
639,5915.626022917676,94.5475715736788,0.6269623449335822,0.36908551981556703,0.00010978153474585575,0,15.667508722053402,0.8525884110199949,0.7407932723743836,9109,29,22.894516663355887,3.967339068106923,2.701103134302224,8.0,29.713,0.0,0.31310083671879135,0.9451068390381138,1.0521432173474534,0.04971355824315722,88.816578,49,51,0.9607843137254902,177,184,0.9619565217391305,588,621,0.9468599033816425,27405,29002,0.9449348320805462
640,6710.26960367466,91.87456342391587,0.6657599053814311,0.33163808397397987,0.0,0,11.203402404945022,0.8445027346287366,0.7106838772280805,8455,20,23.495243004969275,3.621108264943981,2.3224373778646297,5.0,24.594,0.00011825922421948912,0.4206371997076841,0.9029628771197898,1.0959642995731471,0.08752203031371167,89.38639,381,404,0.943069306930693,1146,1219,0.9401148482362592,2555,2770,0.9223826714801444,19293,21494,0.8975993300455941
641,2488.924963275518,87.82063987674844,0.5335285800848314,0.46303777014744496,0.0,0,13.403135474398999,0.8662645688380743,0.5978494782418594,9902,24,23.435985550956033,3.7525380343148904,2.205565019875071,7.0,34.924,0.00020193861066235866,0.4145782003439824,0.943594022054556,1.054776559711549,0.052124879658918995,83.946408,217,253,0.857707509881423,1028,1102,0.9328493647912885,2470,2602,0.9492697924673328,22298,23611,0.9443903265427132
642,3638.690126428055,43.18352243725861,0.7118918918918918,0.28540540540540543,0.001081081081081081,0,8.21997606107616,0.8457029719924936,0.7852517273228257,3700,19,19.75151936974133,2.8817200245845216,2.0148063781321186,6.349999999999909,9.066,0.0,0.1966094822340131,0.9587592108390778,1.0396901072705602,0.03982654342120279,41.240918,2671,2838,0.9411557434813249,3952,4052,0.9753208292201382,4073,4192,0.9716125954198473,5438,5746,0.9463974939088061
643,7882.703606348289,95.99870518986185,0.7027385691880806,0.29436602726505007,0.0,0,13.033589126651288,0.8468931622680553,0.7671363313461194,8289,23,21.910377658678026,3.7984431867426425,1.9950214592274678,6.0,20.719,0.0,0.3628189644320533,0.9519306823901632,1.0474217145328095,0.0454061845763119,92.59831,259,275,0.9418181818181818,1058,1087,0.9733210671573137,2512,2586,0.97138437741686,22648,23866,0.9489650548898014
644,5038.65944335391,99.65491260492861,0.5897715988083416,0.4060575968222443,0.0,0,12.495756898744188,0.857224640294109,0.7111732384341711,10070,22,22.066444687271698,3.8821655088661275,2.253241286411854,8.0,31.974,0.00019857029388403494,0.4536847481392182,0.9545233800471764,1.0436463703497283,0.041813468058233064,92.93887,147,160,0.91875,673,703,0.957325746799431,1946,2015,0.96575682382134,24751,25950,0.9537957610789981
645,5960.0284262812365,97.87246649167058,0.626076906913217,0.3714015549485186,0.0,0,13.94429690442281,0.8573852749743854,0.6774820202217612,9518,21,22.91982193408522,3.594916113369488,1.8823628125524416,6.0,27.359,0.0,0.4545640176712834,0.9398463139358041,1.0597152596751553,0.056348666817735475,94.297204,585,626,0.9345047923322684,2182,2227,0.9797934440951953,3657,3752,0.974680170575693,17059,18381,0.9280779065339209
646,8355.855641806374,98.98360668099241,0.7123841217019253,0.2854765866413121,0.0,0,12.705710578986675,0.8693190362838683,0.7989553448743388,8414,20,23.30611232961326,3.870842461859688,2.1099432766099433,7.0,21.076,0.0005938947618482005,0.42052091666474933,0.9550507155759345,1.0433540112915591,0.04170966345993808,94.620718,107,121,0.8842975206611571,709,737,0.9620081411126187,2231,2316,0.9632987910189983,24447,25614,0.9544389786835324
647,5896.0901382665315,106.17777113151301,0.6104542042042042,0.3866366366366366,9.384384384384384e-05,0,15.380158862848987,0.8626315187341813,0.6475289704075061,10656,24,19.882477141768867,3.689673241782112,1.7766333589546504,5.0,31.051,0.00018765246762994934,0.4372303565309017,0.9497868487569321,1.0495120659656556,0.04747017392554262,103.776566,369,407,0.9066339066339066,1587,1666,0.9525810324129652,3097,3235,0.9573415765069552,20123,21199,0.9492428888155101
648,2631.182507392894,36.49583148859896,0.6661594643944004,0.3262325015216068,0.005782105903834449,0,10.829455218169288,0.8812828512350727,0.7249934697452758,3286,22,26.49873305902511,2.5096226139482583,1.6222019186843308,5.0,8.206,0.0,0.1505465460883022,0.9451513475065202,1.0518477222045237,0.058976647330060986,35.036324,3749,4075,0.92,3235,3353,0.9648076349537728,2419,2524,0.9583993660855784,2556,2701,0.9463161791928916
649,1298.0691047383034,73.05110087174631,0.5121107266435986,0.4843137254901961,0.0,0,8.122999137670497,0.861221846204644,0.5531976153416176,8670,18,24.488843536101324,3.1192284624576105,1.6105855855855855,4.0,29.691,0.0006915629322268327,0.48368801116184745,0.9482832312295199,1.0511904761904762,0.04913072928426281,70.49977,1663,1763,0.9432785025524674,2980,3044,0.9789750328515112,3422,3532,0.9688561721404304,11903,12718,0.9359175971064633
650,7050.345198733038,112.35107319743038,0.6308359475918066,0.3664882819708433,0.0,0,11.430924953475099,0.8647447154427788,0.6920067505982891,10838,22,22.70261026131065,3.813761527993971,2.0919994149480767,6.0,32.106,0.00046112699437425065,0.49121198627036466,0.9473096906928897,1.0510810999930027,0.04854014598540146,108.479346,131,145,0.903448275862069,634,654,0.9694189602446484,1972,2042,0.9657198824681684,24429,25836,0.9455411054342777
651,4841.181824849966,77.86199370937581,0.6274536165635923,0.36958859908577574,0.0,0,11.456815761553758,0.874380116272811,0.740158511588104,7438,19,23.0742711649081,3.7737939593842507,2.295478894364688,8.0,22.507,0.00013442667025137788,0.3881359903882775,0.9676996467717854,1.0323874826756145,0.03139219075164897,72.927788,271,286,0.9475524475524476,1418,1450,0.9779310344827586,3769,3819,0.9869075674260278,21116,21906,0.9639368209622934
652,2156.7352399084066,64.03514972980366,0.5492418874876009,0.4479240470454868,0.00028340654669122857,0,12.166512075780329,0.8486486588355239,0.5937013973957231,7057,16,23.429824417815894,2.947151873293361,1.648090815273478,5.0,22.682,0.00014168319637291018,0.4423777013700022,0.9516905444126075,1.0483194484343579,0.04691681686602218,61.745448,2650,2790,0.9498207885304659,3784,3857,0.9810733730878921,2991,3081,0.9707887049659202,7182,7722,0.9300699300699301
653,5431.4773329156005,83.67220497488427,0.6405778894472361,0.357286432160804,0.0001256281407035176,0,10.741817312374682,0.8752692266896719,0.6960763700958598,7960,30,23.951251846655182,3.52517022283178,1.7613257501470876,5.0,21.593,0.0,0.2656192508101469,0.9505380794701986,1.0512395323770831,0.04919323101141283,81.059006,813,875,0.9291428571428572,2355,2413,0.9759635308744302,3904,3995,0.9772215269086358,15893,16877,0.9416957990164129
654,8988.393574549777,98.55007616360705,0.7411821941133544,0.2568718073461445,0.00012162490878131841,0,9.65227477241929,0.8449610327580725,0.7770483992443764,8222,18,24.98969354680696,3.5156146364634826,2.032326878897276,5.0,19.059,0.000364741641337386,0.46218602168214595,0.9205509728855034,1.0787504454210715,0.07319482039651767,96.910366,563,601,0.9367720465890182,1561,1661,0.9397953040337146,2691,2825,0.9525663716814159,18509,20250,0.9140246913580247
655,6041.0317069073035,82.90644448601567,0.6644588687243344,0.3330242416214068,0.00013246787653993907,0,8.127411335125213,0.8378285603339448,0.7577973072202996,7549,18,24.1783640015619,3.826106572379816,2.4232456140350878,7.0,22.419,0.00013245033112582781,0.41563035110252977,0.9370407362488407,1.0626207686252058,0.05935644062678254,78.950074,157,168,0.9345238095238095,744,775,0.96,2385,2467,0.9667612484799352,22983,24624,0.9333576998050682
656,3439.489090468235,101.74008900555482,0.5455192034139402,0.4511913229018492,0.0,0,12.730883222748322,0.8433570595949251,0.630660579490909,11248,29,21.555337885966548,3.9694158466423204,2.539113428943937,7.0,40.834,0.00017777777777777779,0.38550869711303215,0.9191126279863481,1.0776762402088773,0.07213883083159162,96.159462,28,31,0.9032258064516129,110,117,0.9401709401709402,490,529,0.9262759924385633,26302,28623,0.9189113649862
657,5662.367576731655,66.05741107105406,0.7178936055883933,0.27941966684578184,0.00017911517105498835,0,8.442210460535662,0.841360536316395,0.8005195218144114,5583,24,21.19182408194075,3.4791150178764205,1.997255489021956,6.0,13.529,0.0,0.23190921583068977,0.9311324583953456,1.0698305084745763,0.06541622760800843,63.187012,1079,1138,0.9481546572934973,2957,3037,0.9736582153440896,4450,4610,0.96529284164859,12160,13388,0.9082760681207052
658,5117.32871645192,89.57981078850885,0.6146985775570106,0.3821404380221269,0.00011289230074508918,0,10.265839978556688,0.8455137151794941,0.6612323280006598,8858,30,23.019797309915774,3.658291004944095,1.8499540863177226,5.0,25.775,0.0,0.2963207212156218,0.9177747090155849,1.0836896278701504,0.07769286754002912,86.688618,432,468,0.9230769230769231,1666,1740,0.957471264367816,3292,3452,0.9536500579374276,17871,19685,0.9078486156972314
659,4058.4982548519665,114.95669141684809,0.5492433246177006,0.44624039299580065,0.0,0,11.865079659901866,0.8452039204853042,0.6069980250217571,12621,28,23.643142486218906,3.8900231057688557,2.3296306982111945,6.0,44.722,0.00015844094113919038,0.4476276917376981,0.9182064462350653,1.0809339336195163,0.0747477344302333,110.119936,54,59,0.9152542372881356,314,334,0.9401197604790419,934,981,0.9520897043832823,25135,27418,0.9167335327157342
660,5279.584674038902,116.52355011210842,0.5752851399031755,0.42077623697382455,0.0,0,12.303935674282638,0.8601052951812238,0.6591155233008369,12187,32,24.39506460817766,3.9691279025862385,2.542861218085865,7.0,42.163,8.204791598293403e-05,0.385538335784024,0.9474485910129474,1.0516634570688626,0.0491798117187746,110.405886,12,12,1.0,72,75,0.96,315,329,0.9574468085106383,28213,29783,0.9472853641339019
661,6688.823482256564,70.78701458704218,0.756520217048836,0.2413793103448276,0.00017503938386136881,0,11.707805244917019,0.8307203406068047,0.839316877919628,5713,26,24.47058170843114,3.6824011715131557,2.206385932438686,6.0,13.346,0.0,0.21882851187004926,0.9279996814145195,1.0723508014550105,0.06792620912364054,67.680444,538,591,0.9103214890016921,1700,1811,0.9387078961899503,3404,3586,0.9492470719464584,17661,19123,0.9235475605292056
662,5532.56526632814,133.75362311210586,0.5654274312119303,0.4307918504515858,0.0,0,14.92538780993133,0.8538430821192499,0.6441351564296498,14283,30,18.59693927856025,3.9833757385637383,2.446136701337296,7.0,49.855,0.000489853044086774,0.47463352131793224,0.9271233245773557,1.0709406911476296,0.06628513929941512,126.996972,13,13,1.0,62,62,1.0,233,250,0.932,27222,29369,0.9268957063570431
663,5244.292255801628,73.9303054898886,0.6594117647058824,0.33838235294117647,0.0,0,10.020542465693087,0.8490513285354546,0.7424751878973828,6800,28,23.26702150993021,3.746108736415563,2.1692685102586977,7.0,19.022,0.0,0.24504710132097873,0.9557761398570317,1.0435105435105436,0.04170511819407965,69.968224,328,355,0.923943661971831,1466,1513,0.9689358889623265,3220,3321,0.9695874736525143,20791,21810,0.953278312700596
664,5418.4351495201345,99.74113457990717,0.6040215010949632,0.39259406729046387,0.0,0,13.308607003393298,0.84762363203866,0.6682104334445688,10046,27,21.19503032877975,3.8534743001086023,2.1793012524719844,6.0,31.598,0.0,0.37453693106457553,0.9375302663438256,1.0620208817510146,0.05830618892508143,96.090056,73,78,0.9358974358974359,487,500,0.974,1396,1456,0.9587912087912088,25148,26876,0.9357047179639827
665,2589.280138138008,52.33367765328083,0.5867172675521821,0.4077798861480076,0.0005692599620493358,0,11.445471968981966,0.8690083886551636,0.6846200599388333,5270,19,23.663681199731666,3.374517335766964,2.148124191461837,7.0,16.826,0.0,0.2751119364410327,0.9779805246074217,1.0201909118902037,0.02137706043956044,49.116818,1003,1071,0.9365079365079365,3421,3482,0.9824813325674899,5258,5351,0.9826200710147636,12614,12894,0.9782844733984799
666,1315.5845363570274,87.99301027562174,0.5070237872260723,0.48923019292002246,9.365049634763064e-05,0,14.209013178713462,0.850467960422511,0.5286450463703811,10678,23,24.036781216914026,3.4021077349060995,1.8961950498707056,5.0,38.078,0.0002808725774740193,0.46599220445675194,0.9524387775753896,1.0469161834475487,0.045106679035250466,86.273418,739,785,0.9414012738853503,2149,2225,0.9658426966292135,3707,3839,0.9656160458452722,16935,17856,0.9484206989247311
667,4847.749778652495,67.59228775620531,0.6640373470701867,0.33338699291693497,0.0,0,10.183873957659667,0.8819547647469809,0.7424622717564713,6212,26,23.044862163541342,3.506990361131047,1.7798787878787878,6.0,16.1,0.0,0.23760486733195224,0.9710752642163365,1.0280229668352043,0.027424053266749897,64.598286,1012,1072,0.9440298507462687,3005,3054,0.9839554682383759,4480,4572,0.9798775153105862,14198,14673,0.967627615347918
668,3898.6008674476616,108.93922688060427,0.5521251673360107,0.4445281124497992,0.0,0,8.366448411947367,0.8598822260874806,0.6039272020303434,11952,32,21.945606825566344,3.908154934758868,2.3373238369449916,6.0,42.008,0.0,0.3693979394802006,0.9338055025878507,1.065951706000888,0.06178518944476391,105.060838,57,58,0.9827586206896551,228,236,0.9661016949152542,680,720,0.9444444444444444,26459,28354,0.9331663962756578
669,5739.632806166549,70.41804072847344,0.7029126213592233,0.2948220064724919,0.0006472491909385113,0,12.604908355228579,0.8867807585502481,0.736486746659255,6180,29,22.71678824764599,3.212967547960196,1.526473296500921,4.0,14.01,0.0,0.2112470921187684,0.9596664139499621,1.0392345466511417,0.03909664885866926,68.881724,1997,2119,0.9424256724870221,3252,3346,0.9719067543335326,3698,3833,0.9647795460474824,10040,10487,0.9573757986078001
670,7058.622542896765,82.3944004192778,0.7197841215736401,0.27836954977986084,0.0,0,8.612445400050579,0.859832016358891,0.7645751404969067,7041,23,19.520414133090014,3.3980623548200297,1.7103393843725336,4.0,15.865,0.0,0.3043754683672345,0.9397456421202419,1.0616234026448195,0.05825202060387789,80.705668,1285,1347,0.9539717891610987,2600,2665,0.975609756097561,3214,3320,0.9680722891566265,14034,15156,0.9259699129057799
671,6749.644449493967,109.43777638983268,0.6270947090943325,0.36970438712106946,9.414422895876483e-05,0,9.958539576578566,0.8645653868795592,0.690526873979866,10622,29,20.712243438896245,3.8362022102448208,2.2203873292298453,6.0,32.177,0.0,0.3699214560827962,0.951879801021962,1.0477823813081573,0.04597255851493139,105.68712,74,82,0.9024390243902439,327,346,0.9450867052023122,998,1045,0.9550239234449761,26730,28078,0.9519908825414916
672,4246.08431794715,62.39685566932958,0.6507666098807495,0.3456558773424191,0.0006814310051107325,0,8.844701316475367,0.864307033609752,0.7209816895639491,5870,27,22.076273787160922,3.22370076809772,1.8096858638743456,5.0,15.812,0.0,0.21575910221052488,0.9509257937074587,1.048885281901943,0.04820368776333077,60.030856,1499,1584,0.9463383838383839,3240,3325,0.9744360902255639,4438,4565,0.9721796276013144,10801,11535,0.9363675769397486
673,4751.80355849083,114.34319560484272,0.565840085113348,0.4301497667566904,0.0,0,10.787808831682291,0.8528117293344023,0.6453722800994408,12219,30,20.611510534954395,3.9503602322391433,2.4736765982065374,7.0,42.352,0.0,0.4076289608051342,0.9383125586382522,1.0596382706918577,0.05637588136718626,109.001936,20,21,0.9523809523809523,129,135,0.9555555555555556,449,462,0.9718614718614719,27405,29226,0.9376924656128105
674,6896.709448234419,121.17202626632336,0.6133574899118834,0.3838425430289055,0.0,0,12.77819269012533,0.8591226160634389,0.6692551754375502,12143,25,23.439438110788174,3.819412212117913,2.0439044038668097,6.0,37.274,0.0002469948954388276,0.487649130934368,0.9445488721804511,1.0547376500139547,0.051818601887913394,117.771184,125,132,0.946969696969697,648,667,0.9715142428785607,1691,1751,0.9657338663620788,24671,26178,0.9424325769730308
675,5273.236816208009,98.83782752960268,0.6010792445288298,0.39622264414909564,0.0,0,10.183001114337154,0.8582828323501572,0.6569108585259708,10007,25,21.558392496543323,3.834868148565087,2.170074812967581,6.0,31.477,9.992006394884092e-05,0.401651261898476,0.9506488128106019,1.0483502801411082,0.04621461487820935,95.152098,95,105,0.9047619047619048,652,675,0.965925925925926,1662,1719,0.9668411867364747,25137,26477,0.9493900366355705
676,5334.13544673133,59.031952135303364,0.7397061866335609,0.2590523484378233,0.0,0,11.193673701684725,0.8461202288793163,0.7960327756254407,4833,25,23.536101947751014,3.3756508527311286,1.9325874125874125,5.0,10.891,0.0,0.19515676758672118,0.9553820158012513,1.04500754699721,0.04333959543885709,56.843806,1271,1363,0.9325018341892883,3033,3118,0.9727389352148813,4633,4767,0.9718900776169499,11983,12649,0.9473476164123646
677,5716.515318811711,105.01460276396664,0.6043022926691197,0.39201811491650157,0.0,0,11.690127502582587,0.8263003729385229,0.6488027230382286,10599,26,23.397366037595447,3.760194079518999,2.097736143637783,6.0,32.772,0.0,0.411704147081016,0.9095372712393989,1.0892957220250328,0.08192466618857358,101.479874,212,232,0.9137931034482759,980,1043,0.9395973154362416,2322,2458,0.9446704637917006,20938,23151,0.9044101766662347
678,5743.050245421367,61.19701844755388,0.7564076690211907,0.24217961654894046,0.0,0,11.282839611714767,0.8452013705945269,0.8082009793892758,4955,23,24.01533595729635,3.2872226405890266,1.7313233724653148,5.0,10.034,0.0,0.21155344095213705,0.9437231550175713,1.0578006367866766,0.0548943629486115,59.171818,1532,1679,0.912447885646218,3104,3254,0.9539028887523049,4133,4368,0.9461996336996337,10566,11187,0.9444891391794047
679,5983.025977648557,75.00235890975296,0.6936170212765957,0.30455927051671733,0.00015197568389057752,0,7.055846948288565,0.8523358440225735,0.7633847190377825,6580,30,21.122422747588168,3.7116563264966405,2.2375109553023664,6.0,17.705,0.0,0.22251740751206514,0.9338000075270031,1.0660231514648768,0.06202343970629766,72.098446,350,375,0.9333333333333333,1303,1350,0.9651851851851851,2970,3078,0.9649122807017544,20189,21768,0.9274623300257259
680,3214.6666500409888,51.44665867598238,0.6306288032454361,0.3667342799188641,0.00040567951318458417,0,7.860439698390303,0.8351485326546915,0.7026435647195782,4930,19,26.283444560412068,3.1533499061745207,2.026696687037633,6.0,14.29,0.0,0.2579406251511047,0.9358158015383832,1.0628100864405914,0.06004309312903998,48.978998,1669,1791,0.9318816303740927,3510,3659,0.9592784913910904,4341,4579,0.9480235859357938,8851,9602,0.921787127681733
681,6792.448301243626,82.51706205599447,0.703798185941043,0.29308390022675734,0.0001417233560090703,0,10.446577359952265,0.8483858777686922,0.7704779597341074,7056,25,21.559149584400295,3.662388159611834,2.06020942408377,5.0,17.891,0.0,0.2796100712868236,0.9175746648898644,1.083402146985962,0.07745154758461094,79.655326,460,504,0.9126984126984127,1436,1510,0.9509933774834437,3076,3232,0.9517326732673267,18439,20268,0.9097592263666864
682,6246.951241561881,80.84416988569416,0.6787506971556051,0.31915783602900166,0.00013943112102621306,0,6.549278957603621,0.8296366564493991,0.7775864784691272,7172,18,24.360754151813094,3.808962249126232,2.8360723089564503,7.0,22.202,0.0,0.4009538296399213,0.8598568388469723,1.1408071748878923,0.12327419518979613,76.453044,195,209,0.9330143540669856,902,960,0.9395833333333333,2216,2354,0.9413763806287171,18910,22322,0.8471463130543858
683,7694.012401058739,75.75692387449,0.7900815217391305,0.20805027173913043,0.0,0,8.796265085558964,0.8363695574400317,0.854268762437832,5888,22,23.042005191394754,3.633197512108554,2.2016337059329323,5.0,12.836,0.0,0.2654811224417784,0.9104156712852365,1.0903068757731753,0.08302300109529025,73.241454,565,601,0.940099833610649,1478,1543,0.9578742709008425,2919,3059,0.954233409610984,17904,19913,0.8991111334304224
684,7873.69040046135,107.31532925476486,0.6620169456499276,0.3340566232692705,0.0,0,10.394590783031374,0.8390903280630921,0.7695935498967963,9678,20,20.602291830389248,3.9267820828307576,3.0254409239893865,7.0,31.515,0.0003098853424233034,0.48502088834143575,0.8958951965065503,1.1008441786844883,0.09132753475969779,101.75756,39,40,0.975,154,163,0.9447852760736196,511,537,0.9515828677839852,24941,27885,0.8944235251927559
685,5512.0415762631255,91.14439104118689,0.6240340463657744,0.3732780826520327,0.0,0,11.392922423988814,0.8452961172402615,0.6885721430062848,8929,26,21.08061003854769,3.7813059151137574,2.088478104809763,6.0,26.581,0.0,0.33789538726575163,0.9232815964523282,1.0761474012011567,0.07058217413704276,87.438708,216,227,0.9515418502202643,1124,1188,0.9461279461279462,2462,2585,0.9524177949709864,21182,23060,0.9185602775368603
686,6122.2748628046165,53.89174781205791,0.8621693121693121,0.13597883597883598,0.0,0,13.747302045348329,0.8404481108139239,0.9249673488074176,3780,19,22.46053617241122,3.217620938047713,1.9941699907947223,5.0,6.112,0.0,0.20365167683717464,0.9442019458322377,1.0566037735849056,0.05346209368311016,52.096172,1933,2083,0.9279884781565051,3410,3536,0.9643665158371041,4307,4486,0.9600980829246545,8304,8910,0.931986531986532
687,3522.728488334854,40.725250841887906,0.7220605355064028,0.27619324796274736,0.0,0,12.112202633936064,0.8234665484595295,0.8026490904559349,3436,17,24.48807109651555,2.9107383044822677,1.9592906086255542,6.0,8.105,0.0,0.2090434617514339,0.9531231688737841,1.0463681241184768,0.04509847806624888,38.620862,2471,2643,0.9349224366250473,3947,4085,0.966217870257038,4142,4344,0.9534990791896869,5706,5994,0.9519519519519519
688,5069.206725087073,59.57320185415321,0.7138877835256665,0.28352566653402306,0.0,0,11.716635476556092,0.8507054115711601,0.7993200643179952,5026,19,23.619683745735543,3.4980051831852355,2.2773132664437012,7.0,12.909,0.0,0.2606939129715373,0.9582093359408214,1.0412941677309493,0.03980079193370617,56.539742,935,988,0.9463562753036437,2742,2782,0.9856218547807333,4689,4804,0.9760616153205662,14173,14948,0.9481535991436981
689,1218.0771390615287,76.94790089278216,0.5087510803802938,0.4872515125324114,0.000108038029386344,0,13.40353515682837,0.8562814116242441,0.5469054939909086,9256,21,23.601760740230496,3.0732839120793094,1.707793586748779,5.0,32.352,0.0008635578583765112,0.44617473426423815,0.9351744915892544,1.0634104541559555,0.06052457779035758,74.484184,1819,1940,0.9376288659793814,3181,3301,0.9636473795819449,3299,3469,0.9509945229172673,10325,11205,0.9214636323070058
690,3069.223376100945,98.2234286060301,0.5436805492817779,0.4530671244014816,0.0,0,10.442828288140309,0.8640320310033873,0.5832188744177078,11069,29,23.227433623293038,3.6469313162512633,1.7944499833831837,6.0,36.531,9.03342366757001e-05,0.3822708644793568,0.954789102066467,1.0443091995398375,0.043018360632539714,95.002032,328,362,0.9060773480662984,1417,1499,0.9452968645763843,2741,2867,0.9560516219044297,21342,22323,0.956054293777718
691,2248.0593634291845,41.479454520959756,0.6018022406234779,0.3923526546517292,0.000974184120798831,0,8.505779045273776,0.8778783710545961,0.7237066614395663,4106,23,22.304911898387353,2.909680851839675,1.991096721974909,7.0,12.44,0.0,0.18186856119821448,0.9713840650781745,1.0273322137935028,0.02869151022695433,38.688796,2470,2631,0.9388065374382364,4248,4347,0.9772256728778468,4184,4274,0.9789424426766495,5935,6081,0.9759907909883243
692,3078.7358396398213,57.41871867225802,0.6046751460983155,0.3925747679614988,0.0,0,8.129790882076065,0.8535665401808078,0.6610720737926317,5818,29,24.378022334928367,3.0765698033377853,1.7410460488914157,5.0,16.938,0.0,0.19948720135540632,0.9425417339795369,1.0585092027851244,0.05587472672733743,55.386404,2136,2282,0.9360210341805434,3457,3566,0.9694335389792484,4184,4345,0.962945914844649,7726,8377,0.9222872149934344
693,4928.443078022379,71.06515034679013,0.6555471698113208,0.3418867924528302,0.0006037735849056604,0,8.633950239094842,0.8730871527348218,0.7070653918498406,6625,20,24.139700721869737,3.2971315158796406,1.7520147363573566,5.0,17.29,0.0,0.336418393041378,0.9576976421636616,1.0420062986291219,0.04156327543424317,68.744974,1405,1497,0.9385437541750167,3211,3266,0.983159828536436,4262,4345,0.980897583429229,11837,12522,0.9452962785497524
694,6938.3342180423,110.46655606488034,0.6290201944652206,0.36714659685863876,0.0,0,9.042386334333072,0.8503155439879764,0.6954562452190188,10696,29,24.465112728566957,3.941402915426108,2.4805291319857314,7.0,34.071,0.0,0.3684798863309733,0.9396574882471458,1.0589761736258552,0.055832091563361975,106.626466,21,28,0.75,143,149,0.959731543624161,537,583,0.9210977701543739,27282,29020,0.9401102687801516
695,10113.795735113452,89.66045233951192,0.8561898852001241,0.14225876512565933,0.00015513496742165683,0,11.604475314837497,0.8610702987761261,0.8921092280796042,6446,19,20.67961168044723,3.596582174050551,1.6339916651567312,4.0,9.071,0.0,0.34406445450851975,0.93444770725096,1.0675107393172054,0.06370288904868661,87.9407,1437,1517,0.9472643375082399,2208,2293,0.9629306585259485,2866,3021,0.9486924859318107,14173,15304,0.9260977522216414
696,4502.345350262979,63.596616825405164,0.6604572396274344,0.33666384419983064,0.0,0,11.336515209650127,0.8600269877048743,0.7253208310855628,5905,27,22.27769196355291,3.3886991967086675,1.8835897435897435,6.0,15.824,0.0,0.21523317067498748,0.9456601021152443,1.0535877722862896,0.05133416944168144,61.247048,1192,1306,0.9127105666156202,2903,3016,0.9625331564986738,4428,4573,0.9682921495735841,12221,13041,0.9371213863967487
697,5144.937959704021,61.121487475938736,0.7136015325670498,0.28486590038314175,0.00019157088122605365,0,11.15159923598393,0.8722227977082626,0.7576868982382594,5220,23,20.91937244359455,3.2850424910889515,1.8096644295302013,5.0,12.42,0.0,0.22557583745543502,0.9670202952029521,1.0327732644017724,0.032056433610143764,59.63293,1470,1551,0.9477756286266924,3107,3169,0.9804354686020826,4450,4556,0.9767339771729587,11938,12404,0.9624314737181554
698,3654.995823773749,118.2894641170399,0.5366389099167298,0.4587433762301287,0.0,0,8.930850270711982,0.8525493446381853,0.6294358412855329,13210,29,23.0238031707665,3.9510747892997515,2.6965721540414727,7.0,49.288,0.0003027092477675193,0.4499790402447501,0.9100884712982649,1.088840624676802,0.08136714443219405,112.291246,17,18,0.9444444444444444,78,80,0.975,322,334,0.9640718562874252,26123,28730,0.9092586146884789
699,3020.6016983043733,105.49696241674599,0.5300344450978745,0.46643703268083675,0.0,0,9.768660174206778,0.8299081898643595,0.6428107631384307,11903,26,22.37907980982158,3.944647721268491,2.990172769060073,8.0,46.306,0.0003359368438733518,0.45638509452318143,0.8815390045887751,1.1168641685349276,0.10441627414409003,98.93829,15,15,1.0,127,131,0.9694656488549618,467,489,0.9550102249488752,24365,27695,0.8797616898357105
700,2736.8515777270372,42.52889526686798,0.637731196054254,0.3585696670776819,0.0007398273736128237,0,7.463672445333307,0.8544762581801673,0.7126192483604756,4055,21,22.411007037063207,2.893203271050435,1.9126063418406807,6.0,11.459,0.0,0.19652522917048235,0.9401906792207023,1.0595330045748916,0.05711892797319933,40.444398,2604,2742,0.949671772428884,3778,3905,0.9674775928297055,3932,4133,0.9513670457294943,5563,6107,0.9109218929097757
701,5513.055553178452,64.4897593366934,0.7181403828623518,0.2796718322698268,0.0,0,10.123248398757642,0.8579389972520702,0.7578600944019582,5485,20,25.849361997600504,3.35105538923452,1.8662096978928662,4.0,13.063,0.0,0.27656298144915425,0.9266927022067473,1.0737685599811455,0.06891264347673705,62.822434,1466,1529,0.9587965990843689,2742,2849,0.9624429624429625,3764,3973,0.9473949156808457,11723,12902,0.9086188187877848
702,3650.7323796448864,68.72055413554143,0.6015424164524421,0.39431590974007424,0.00014281633818908883,0,6.208218067394846,0.8567171952574264,0.6451721472289645,7002,26,20.32588508685724,3.436674720793317,1.927587844254511,5.0,21.404,0.0,0.2696835185795332,0.9371365507873849,1.061994034938219,0.05865665081711751,66.598704,894,977,0.9150460593654043,2329,2413,0.9651885619560713,3858,4027,0.95803327539111,14997,16142,0.9290670301077933
703,3954.0786397035395,70.68570147995973,0.6117763065220454,0.3839977461614312,0.0002817298211015636,0,9.43878978803956,0.8707861763227283,0.6467668728237903,7099,23,21.0142551668054,3.2038442653711368,1.6350448998388212,4.0,20.101,0.00014084507042253522,0.3068104432561075,0.9347331752866612,1.0659138273639315,0.062290173305507665,68.919554,1721,1813,0.9492553778268064,2785,2883,0.9660076309399931,3572,3725,0.9589261744966443,11242,12248,0.9178641410842586
704,6151.087023179228,78.9177892668826,0.6838819523269013,0.31214528944381387,0.0,0,7.768052167316602,0.8552065660086663,0.7440582912858328,7048,16,20.754779027108402,3.6124889130197224,2.253319502074689,6.0,19.346,0.00014186409419775854,0.4361120914702087,0.9368454208992834,1.0621915103652517,0.05860113421550094,76.567456,597,632,0.944620253164557,1664,1716,0.9696969696969697,3464,3584,0.9665178571428571,18069,19466,0.9282338436247817
705,3256.887014048895,85.0337802325339,0.5602168021680217,0.437289972899729,0.0,0,6.999651547289618,0.8700190734424491,0.6196487162606847,9225,24,21.378363724912013,3.728833955759795,2.0878482972136223,6.0,30.726,0.00010838933448948623,0.38413953620750196,0.9535344248382192,1.0461216676120249,0.04411168199026501,81.739076,198,208,0.9519230769230769,924,955,0.9675392670157068,2104,2199,0.9567985447930878,23739,24917,0.9527230404944416
706,5735.408936365462,94.6773808001712,0.6242937853107344,0.3723381138635376,0.0,0,8.774348529391132,0.8399514043309315,0.6603085885939165,9204,29,25.484746812234057,3.6756982351496985,2.088757396449704,5.0,27.745,0.0,0.31875808962892427,0.8929435716206353,1.1099494618263184,0.09920415224913495,92.088982,304,327,0.9296636085626911,1016,1072,0.9477611940298507,2306,2462,0.9366368805848904,19620,22172,0.884899873714595
707,5813.411158905734,52.20422447605044,0.8468733297701764,0.15072153928380544,0.0,0,7.064594367235582,0.84938426208986,0.9261732928553076,3742,21,20.67634482409489,3.3153271820653436,2.040706847585989,6.0,6.466,0.0,0.17957400725093298,0.9564389192440724,1.0434411410204902,0.04178875066045439,50.053952,1793,1890,0.9486772486772487,3369,3459,0.97398091934085,4418,4571,0.966528112010501,9500,10029,0.9472529663974474
708,6425.148933914388,84.87579291024126,0.6768340783591901,0.3205364186168814,0.0,0,6.446833317319751,0.8448471202602641,0.7469024397107249,7606,22,22.125764398627673,3.7069151585447013,2.097125097125097,6.0,20.554,0.0,0.34689691133663586,0.9295114878429623,1.0689397895993433,0.06448247078464107,81.73821,303,323,0.9380804953560371,1164,1224,0.9509803921568627,2600,2718,0.9565857247976454,20935,22633,0.9249768037820881
709,4788.708338831037,113.76671455740244,0.5687145324451024,0.4279957233325109,8.224360555966774e-05,0,13.553950315379122,0.8624715423293237,0.6331284387825556,12159,28,21.676895028406513,3.87771679047317,2.118727404193782,6.0,39.999,0.00016446015952635475,0.43340690542000737,0.9241615188636443,1.0736997262581596,0.0687402496099844,109.104942,69,72,0.9583333333333334,463,479,0.9665970772442589,1380,1433,0.9630146545708305,24568,26669,0.921219393303086
710,3788.7829131381973,101.94987782545458,0.5579794367456414,0.4392489941886455,0.0,0,9.027497838412703,0.8671210245657357,0.6052088930810106,11185,27,17.842722006041214,3.714115799053869,2.0626502163114884,6.0,37.664,0.0002681444404719342,0.41405576647315234,0.9476242471205664,1.0514033539276257,0.048877721943048576,99.078484,164,176,0.9318181818181818,794,829,0.9577804583835947,2014,2096,0.9608778625954199,23932,25290,0.9463028865164097
711,3741.604886292377,42.26961042372466,0.7280180944303082,0.2685891998869098,0.0,0,9.131619540927682,0.8503859633357338,0.8249355401440215,3537,18,21.26849621702751,3.0726502676973335,2.1627184466019416,7.0,8.676,0.0,0.19385613399675414,0.9655623365300785,1.0339084853117833,0.03303651404183571,40.259704,2212,2360,0.9372881355932203,3855,3963,0.9727479182437547,4494,4615,0.9737811484290357,7159,7414,0.9656056110062045
712,5243.508613987515,104.28297626944561,0.5945745076179859,0.40301003344481606,0.0,0,9.481944381494912,0.8688193399329747,0.6254823670802979,10764,24,20.33808138676489,3.517409885789324,1.8971875,5.0,33.5,0.00027862914460852607,0.4569204166630071,0.9383115661108811,1.060976530073202,0.05740234860041863,102.369068,446,474,0.9409282700421941,1230,1305,0.9425287356321839,2277,2419,0.9412980570483671,20977,22371,0.9376871843011041
713,6613.73981359451,94.83999812311552,0.6527367703838292,0.34487849193731546,0.0,0,11.341313589986033,0.8545527930825492,0.7367167571162209,8806,18,22.77663629802154,3.7642614413872177,2.4991301322199027,7.0,26.571,0.00022706630336058128,0.4852662097075412,0.9161893499870662,1.0831321273355372,0.0771093376986563,90.977734,219,230,0.9521739130434783,932,966,0.9648033126293996,2602,2712,0.9594395280235988,21040,23153,0.9087375286140025
714,5235.209148034672,86.21877919176356,0.6240655037379851,0.3730865076539694,0.0,0,8.757808168838142,0.8708177124399978,0.6835413246458008,8427,21,21.930684262851816,3.7557942850299035,2.2222856056284463,6.0,25.824,0.00011865211200759374,0.4025696599351529,0.9349593495934959,1.0642285298398835,0.0602360324715192,83.206932,197,208,0.9471153846153846,935,981,0.9531090723751274,2645,2788,0.9487087517934003,21983,23575,0.9324708377518558
715,6556.165423238748,57.2014934895977,0.8677747457206648,0.13024063507814437,0.0004961548002976929,0,13.56264522554875,0.8528138060074043,0.9074083347425517,4031,22,24.39126099034173,3.203605695364399,1.8170383076043453,5.0,5.968,0.0,0.18099749758000722,0.940395151917649,1.0620597859242416,0.0590042703885012,55.55792,2192,2381,0.9206215875682486,3292,3410,0.9653958944281525,3874,4060,0.9541871921182266,7634,8218,0.928936480895595
716,4414.459185603381,52.21012462133874,0.7140933572710951,0.283213644524237,0.0,0,15.250252362100557,0.8744202189751242,0.7792252682924928,4456,26,19.113169989892196,3.028656368119915,1.6939032055311125,5.0,10.048,0.0,0.16920280642161253,0.9515228734376896,1.0474481416144534,0.04595971289650382,50.176728,2851,3053,0.9338355715689486,3605,3721,0.9688255845202902,3328,3458,0.9624060150375939,5899,6250,0.94384
717,3874.2760555220207,48.30598125036392,0.696840104537895,0.30030886196246137,0.000950344499881207,0,10.484579792971822,0.8481508761761966,0.7571910065303666,4209,26,22.618386845922622,2.9671952989415846,1.8482782134333446,5.0,10.583,0.0,0.15734401012740662,0.9297218155197657,1.0702636419374616,0.06884798909338787,46.63048,2651,2860,0.926923076923077,3595,3775,0.952317880794702,3554,3757,0.9459675272824062,5440,6000,0.9066666666666666
718,4900.91373247814,51.16512650410984,0.7648496700073332,0.23197262283060377,0.0,0,9.222906876718964,0.8453413899078703,0.8126836560608399,4091,26,23.91988667438899,3.065632297704138,1.705017577500799,4.0,8.172,0.0,0.1602206781743444,0.9352835820895522,1.065287576228626,0.06183488293939733,49.727082,2657,2835,0.9372134038800706,2992,3154,0.9486366518706405,3471,3684,0.9421824104234527,6546,7077,0.9249682068673166
719,5149.67695660617,64.33113447155603,0.6925932473042249,0.3042248541629839,0.0007070885628424961,0,7.835965936125141,0.8679325739200863,0.7709774984595491,5657,25,23.698106475435942,3.6690963939731716,2.2524247064828993,6.0,15.168,0.0,0.22962534939958895,0.9527568062228323,1.0475280082590908,0.04608445786200124,61.207772,436,473,0.9217758985200846,1569,1643,0.9549604382227632,3573,3736,0.9563704496788008,19409,20374,0.952635712182193
720,4399.097625898415,49.41304905820777,0.7322643343051506,0.26457725947521865,0.00024295432458697764,0,10.892691540972644,0.8468654901114645,0.7974049965656711,4116,18,22.99497484443195,2.978256288539083,1.8971466489714666,6.0,9.358,0.0,0.23694121045512095,0.937778559699742,1.0625735121147966,0.05925190334326382,47.298362,2586,2738,0.9444850255661067,3668,3765,0.9742363877822046,3705,3912,0.9470858895705522,6032,6637,0.9088443573903873
721,6674.4060667732665,121.44801470503985,0.6066068515497554,0.3904567699836868,0.0,0,11.758112041903955,0.858599408365642,0.6522756215431624,12260,26,23.511390750036316,3.8409282428121942,2.106629017076778,6.0,37.813,0.00040766408479412964,0.4713705823637434,0.9272269260373662,1.0709595870931499,0.06610031040679627,117.862474,102,109,0.9357798165137615,508,526,0.9657794676806084,1353,1427,0.9481429572529783,24539,26520,0.9253016591251886
722,2726.499610645392,119.59863339312368,0.5201780841591268,0.475872468763464,0.0,0,11.195629608862468,0.842020334127537,0.6022609300997431,13926,29,24.316365512063282,3.9657425551788266,2.5183600220872444,7.0,52.51,0.0005741352088416823,0.4793335270151672,0.9022704495974012,1.0961518442694056,0.08762138983478371,114.217002,18,19,0.9473684210526315,74,76,0.9736842105263158,382,401,0.9526184538653366,25635,28441,0.9013396153440456
723,4970.08010265701,78.83141472054277,0.6326449563145353,0.36364839819962935,0.00026476039184537993,0,9.112655199342537,0.858228821355267,0.6890796573703482,7554,28,23.454929909377253,3.610016385296217,1.9627537141661435,6.0,22.177,0.00013236267372600927,0.268584341852395,0.9523591212989494,1.047026385325317,0.04543962656358266,76.072664,477,536,0.8899253731343284,1567,1637,0.9572388515577276,3216,3374,0.9531713100177831,19668,20628,0.9534613147178592
724,4359.25919264485,79.49214852148498,0.6056302626618072,0.3911021741862511,0.0,0,8.62370350526921,0.8765224271209435,0.6614226341136102,7957,17,20.495621203753366,3.6614608780657196,2.165594521684997,6.0,25.165,0.0008789552988448016,0.47292245247013087,0.9617012042964088,1.0361624954660864,0.03510486094148026,76.607442,294,319,0.9216300940438872,1237,1275,0.9701960784313726,2849,2961,0.9621749408983451,22212,23096,0.9617249740214756
725,4975.998169130502,117.17755141719357,0.5703947897402911,0.42622819007799306,0.0,0,11.588649757536354,0.8707238488659557,0.6211227752956986,12437,27,21.576044119000876,3.8989373901849587,2.089512263884973,6.0,40.866,0.0004821988266495218,0.4601755362272203,0.9702183549499261,1.0283202160239735,0.027524986429096017,113.364388,47,50,0.94,212,228,0.9298245614035088,820,872,0.9403669724770642,28469,29305,0.9714724449752602
726,4448.838395241009,95.51025913828067,0.5860150973381009,0.41110448947159317,0.0001986491855383393,0,10.21627186575925,0.8715012177860252,0.6012595361481038,10068,31,23.62733279792955,3.4456152029390923,1.4347457627118645,3.0,29.297,9.931472837421789e-05,0.32306204121133175,0.9692447034732614,1.031938803674934,0.03176116216113166,93.954976,822,876,0.9383561643835616,1891,1947,0.9712378017462763,2913,2991,0.9739217652958877,18987,19580,0.9697139938712972
727,5180.126848345741,58.40225272878158,0.7337891029625025,0.26372488087839235,0.0006215040397762585,0,15.816871363226188,0.868957638586698,0.7901829252438183,4827,21,25.288676987473494,3.1010028069573656,1.5395256916996047,4.0,9.823,0.0,0.22923305596831742,0.9593006754839076,1.0393664900586794,0.039474401613870565,56.267246,2535,2697,0.9399332591768632,3723,3829,0.9723165317315225,3515,3634,0.9672537149146946,7127,7457,0.9557462786643423
728,8258.560941024432,90.40318400672317,0.7420613562970937,0.2555166846071044,0.0,0,13.921978420413579,0.8706715232537477,0.8061384650396491,7432,17,21.303836150268854,3.7193849699479093,1.9555757026291931,6.0,16.416,0.0,0.43610143991976424,0.9671881542385139,1.032730601968414,0.031840796019900496,87.519782,480,520,0.9230769230769231,1714,1786,0.9596864501679732,3849,3980,0.9670854271356784,19366,19985,0.9690267700775582
729,6606.655031523038,70.11814080798668,0.7559658596063403,0.24211809789235325,0.00017418568193694478,0,7.685992107582333,0.8714522674150137,0.804091396083966,5741,22,22.689073540185866,3.39151965486559,1.8414746543778802,5.0,12.104,0.0,0.26341918022153155,0.9629441193928602,1.0364061172472387,0.035495215506665574,68.345942,1003,1082,0.9269870609981515,2430,2509,0.968513351933041,4051,4160,0.973798076923077,15228,15835,0.9616671929270603
730,5462.371381437725,77.37693979607162,0.6600333982744225,0.3371834121903702,0.00013915947676036738,0,8.36505392511728,0.8654770941631099,0.6954081444903312,7186,20,21.376480836485065,3.4358111979537567,1.6774193548387097,5.0,18.492,0.0,0.3641319320413646,0.9590495015469234,1.0418049390165065,0.04080455032561207,75.445764,1131,1208,0.9362582781456954,2438,2522,0.9666931007137193,3785,3910,0.9680306905370843,14965,15632,0.9573311156601843
731,5082.238015787572,114.10844925246161,0.5749065226422934,0.42077274615704197,8.309098462816784e-05,0,10.79919798437928,0.8593779906957019,0.6307934694815712,12035,32,24.137732996782603,3.9237736876999945,2.2024859083682613,6.0,40.182,8.308408109006314e-05,0.3714933839984941,0.927714959177399,1.0714604121661009,0.06708521894320862,109.720358,30,30,1.0,239,251,0.952191235059761,734,771,0.9520103761348897,26154,28221,0.9267566705644733
732,7250.127060597092,106.17352651296116,0.6515242679502607,0.34687123947051746,0.0,0,11.383985343667648,0.8591143931351236,0.6996483865530116,9972,28,23.880844937046312,3.8084671357821507,1.925657995998153,6.0,27.342,0.0,0.35896576336800523,0.9400929773895893,1.0580355564980737,0.05491945147117561,102.656654,166,178,0.9325842696629213,674,705,0.9560283687943263,1791,1878,0.9536741214057508,24062,25633,0.938711816798658
733,6555.772825243122,93.93237953657676,0.6562070545121392,0.3418460833715071,0.0,0,12.887612887986409,0.8684967533587473,0.7141943816200798,8732,21,25.219374227306226,3.6876678118597592,1.932286212914485,5.0,23.773,0.00011450818733539448,0.4124914587704557,0.9320095133829137,1.0676198422330097,0.06352966131655235,91.031754,314,340,0.9235294117647059,1333,1430,0.9321678321678322,2883,3072,0.9384765625,20158,21647,0.9312144869958886
734,4260.532248138428,77.71843663723241,0.6049526772980682,0.3918060417476987,0.0001296512381693245,0,7.328252556595847,0.8491427287025011,0.6876596045820191,7713,21,21.687112691829665,3.7375782640484636,2.1682383197599657,7.0,23.983,0.00012963443090484831,0.35867885168141345,0.9452904681331077,1.0555094965330118,0.05268219705065185,73.976176,340,370,0.918918918918919,1484,1526,0.9724770642201835,3360,3467,0.9691375829247187,19956,21232,0.9399020346646572
735,4255.502382894774,119.94546107617116,0.552722363881806,0.4433028348582571,0.0,0,9.868552001757022,0.8576065282208514,0.5853693438800148,13334,29,22.30229237838808,3.630047816270869,2.110854816824966,5.0,45.642,7.499062617172853e-05,0.46046537285468914,0.9205872661370044,1.078279396098887,0.07243768253752632,117.79372,267,294,0.9081632653061225,865,891,0.9708193041526375,1998,2066,0.9670861568247822,22014,24062,0.9148865430969995
736,4840.62287467563,78.03358257165135,0.6292909211398277,0.3676607024519549,0.0,0,10.941392866921571,0.8548559460798826,0.6850592336123174,7545,16,23.11332947314051,3.4942429878106775,2.0305391743892165,6.0,22.111,0.0005298715061597563,0.47049892898124923,0.96038695688433,1.0389561586638831,0.03752458161094835,75.39831,809,859,0.9417927823050058,2744,2797,0.98105112620665,4647,4730,0.9824524312896405,14832,15596,0.951013080276994
737,3497.5278784700854,98.48806252556162,0.5521876158694846,0.44419725621060435,9.269558769002595e-05,0,10.936505437321935,0.8608367394255881,0.6144753811379142,10788,28,22.537300789245762,3.825707997393801,2.0166191035756253,6.0,36.175,0.00027800945232137893,0.3929896722055327,0.959022086400889,1.0404521739130435,0.03907631728234391,94.346656,132,143,0.9230769230769231,798,814,0.9803439803439803,2231,2268,0.9836860670194003,24455,25571,0.9563568104493372
738,4541.821463588199,127.47706822462587,0.5529839054265774,0.4438114228742344,0.0,0,11.194167186874502,0.8546347068070886,0.6022639823573447,14042,31,22.793939693308765,3.892327759210222,2.117063747585319,6.0,47.538,0.00042710706150341686,0.4566572301341464,0.9206984609013734,1.0783295242052773,0.07261497103721958,123.473454,55,59,0.9322033898305084,257,269,0.9553903345724907,789,813,0.9704797047970479,25579,27837,0.9188849373136473
739,5296.279877125742,72.0080876749966,0.6691187739463601,0.3281226053639847,0.0001532567049808429,0,9.394900503479706,0.8601885556896477,0.7576693595622453,6525,30,21.129198427020803,3.6541217414062173,2.0535959688502063,6.0,17.578,0.0,0.21598149894179697,0.9613942454851546,1.0387962430515623,0.03780878400765748,68.206234,466,506,0.9209486166007905,1936,1999,0.9684842421210605,3458,3535,0.9782178217821782,19267,20096,0.9587480095541401
740,4364.846382363657,93.1277360831704,0.5811735434376943,0.4151980095376322,0.0,0,9.292722733420435,0.8568425832652633,0.6645475461488692,9646,29,23.846345508458782,3.87764368319631,2.2688191223688903,7.0,31.864,0.0,0.334927249248237,0.9333636331853302,1.0661171518765344,0.062319695777602935,88.32861,122,128,0.953125,485,507,0.9566074950690335,1630,1673,0.9742976688583384,24460,26295,0.9302148697471002
741,877.285083434275,54.160866124431124,0.5095502156500308,0.4849044978434997,0.0013863216266173752,0,7.9710814167502235,0.8737367441511196,0.550644968260509,6492,16,23.790833659224713,2.672107255119107,1.391172914147521,3.0,21.589,0.0,0.4086350436690299,0.9566446181599519,1.0398043005556898,0.042216206876691816,52.213912,3070,3231,0.9501702259362427,3196,3260,0.9803680981595092,3196,3316,0.9638118214716526,6447,6823,0.9448922761248718
742,6098.507553026934,76.86928731642891,0.692443919716647,0.30460448642266824,0.0,0,6.77134367673087,0.8661086071793862,0.7477299794981423,6776,29,21.622005880886768,3.5789247164708566,1.7482949701619779,4.0,16.537,0.0,0.23308850053590624,0.9622102130325815,1.0379771666208952,0.03674085250848736,74.399866,646,696,0.9281609195402298,1983,2040,0.9720588235294118,3439,3540,0.9714689265536723,18503,19260,0.9606957424714434
743,3120.4684751903915,60.93194261357467,0.5955271565495208,0.40159744408945686,0.0,0,4.385596516474776,0.8762251001531494,0.6732018993822463,6260,22,24.174710507032955,3.540001556792177,2.1461909871244633,7.0,19.961,0.00015971889474524837,0.28274934177666344,0.9670025290032516,1.032566741717594,0.03171765071714541,57.987824,712,774,0.9198966408268734,2326,2372,0.9806070826306914,4016,4107,0.9778427075724373,17035,17658,0.9647185411711405
744,5187.411015773191,78.87421985177514,0.6420249096022499,0.35543056113566357,0.0,0,8.582036106812579,0.8563176360677647,0.7152317845344667,7467,16,20.742289840969832,3.4843111583950015,1.8815185648727577,6.0,20.609,0.0002677734636497523,0.4726830555355074,0.9527423683327743,1.0467541204170872,0.0447426396955738,75.87406,899,981,0.9164118246687054,2409,2499,0.963985594237695,3777,3929,0.9613133112751336,15636,16439,0.9511527465174281
745,2796.2449700850966,128.23236165360936,0.5234664198836594,0.4728979375991539,0.0,0,12.654644753793283,0.8719311037881688,0.542238304640663,15128,32,21.262584757306172,3.4547043926799583,1.5705265816390959,4.0,50.819,0.0005285412262156448,0.47153221085471997,0.9589161158382938,1.0409812093295314,0.03942891219700424,126.243544,452,480,0.9416666666666667,1206,1239,0.9733656174334141,1921,1989,0.9658119658119658,22679,23675,0.9579303062302006
746,5034.866231299443,70.7041160947862,0.664741641337386,0.332370820668693,0.00030395136778115504,0,12.238467824245198,0.8801894353719779,0.6965739884216029,6580,21,25.261930204162027,3.0281547455235986,1.243941472336534,2.0,15.347,0.0,0.31055386623837167,0.9649179795354881,1.0340187727198742,0.03369081872874706,69.389592,2731,2861,0.9545613421880461,2540,2639,0.962485790071997,3208,3334,0.9622075584883023,9344,9637,0.9695963474110201
747,6647.842094028152,54.697167638443226,0.9115664599622539,0.08789431113507684,0.0,0,9.534968024558145,0.8776654571632962,0.9358803660542457,3709,17,23.597146518744765,3.2298356762884426,1.5965690624075717,4.0,3.851,0.0,0.21572509005738671,0.9620177687675153,1.0381907148824443,0.03692431377052946,53.91076,2175,2298,0.9464751958224543,3050,3137,0.972266496652853,3744,3863,0.9691949262231426,7165,7473,0.9587849591864044
748,6248.004190288293,76.42078501918328,0.7026089579248982,0.29497813301161213,0.0,0,11.4341054582988,0.8804233092467068,0.7527776159674058,6631,17,22.608254366835332,3.319364901129962,1.7355655720111611,6.0,15.564,0.0,0.3956351469174142,0.9563473981591178,1.0433948474328523,0.04203588109476625,74.242988,1279,1418,0.9019746121297603,2954,3096,0.9541343669250646,3803,3920,0.9701530612244897,12952,13512,0.9585553582001184
749,5809.247606266127,77.22886447927102,0.67786391042205,0.32012632787826584,0.0,0,12.592812101668315,0.8583731213665137,0.7055075806793686,6966,25,25.7520839644856,3.416580919667991,1.6941973739940703,5.0,17.372,0.0,0.2769381208799111,0.9402470032691609,1.0609839348291084,0.05759520753102268,75.510432,1287,1374,0.9366812227074236,2631,2758,0.953952139231327,3891,4076,0.954612365063788,12899,13816,0.9336276780544297
750,2824.064268526209,47.83511534946669,0.6208146726380891,0.3759863510343357,0.0006397952655150352,0,12.727014715957557,0.8478035478232039,0.6943320272659058,4689,19,25.28745040111341,2.895779097544302,1.7773960838199931,5.0,13.356,0.0,0.24922348534074568,0.9342764146219329,1.0659216474133602,0.06359533438837114,45.522666,2851,3032,0.9403034300791556,3781,3912,0.9665132924335378,3524,3738,0.9427501337613697,4770,5294,0.9010200226671704
751,4052.3670921336943,57.29452484532909,0.6613846444067157,0.3359743444633088,0.0,0,7.010680489437973,0.858861768636875,0.7126282097676848,5301,32,20.248530102824013,3.087246435540649,1.65687393040502,4.0,13.529,0.0,0.1640041858832817,0.95931045193353,1.041291057921459,0.04024444775674467,55.437964,2151,2262,0.9509283819628647,3177,3268,0.9721542227662179,3970,4107,0.9666423179936694,9233,9680,0.9538223140495867
752,3200.1854231236093,45.80702081039167,0.6530709034858905,0.34313493004505574,0.0,0,12.215201736361328,0.8568228770222582,0.747339223231772,4217,18,23.753617339280403,3.2771260114449268,2.3533042846768337,7.0,12.369,0.0,0.23667012664268103,0.9479120115199364,1.0514009372818824,0.04964371667217215,43.00338,1480,1591,0.9302325581395349,3748,3886,0.9644879053010808,4985,5194,0.9597612629957644,8877,9468,0.9375792141951838
753,4852.75002209515,104.06645272466153,0.5820840273921896,0.4147695724597446,0.00018508236165093466,0,11.582144295949766,0.8633465468989936,0.6409710039517501,10806,26,22.43724022195096,3.8346653492143363,1.9801271860095389,6.0,33.836,0.0001850481125092524,0.4109528541987508,0.961514565787657,1.0370921421404105,0.03622633977578923,100.090908,124,137,0.9051094890510949,735,755,0.9735099337748344,1988,2061,0.9645803008248424,25010,26019,0.9612206464506706
754,5350.73289411929,88.13472330743627,0.6264893001735107,0.3708502024291498,0.0001156737998843262,0,9.666044698651069,0.8476593641521961,0.6579190202485348,8645,29,24.134734427864622,3.6486318951618952,1.838810930576071,5.0,24.952,0.0,0.2966016069318915,0.9486842599196667,1.051746199006473,0.04972710733778047,86.22124,414,453,0.9139072847682119,1358,1423,0.9543218552354181,2702,2839,0.9517435716801691,20798,21924,0.9486407589855865
755,3511.9938829801,64.9773119726966,0.6056916755440572,0.3901993608278801,0.00030436767615279255,0,15.589784947141707,0.872231062104428,0.6505945578291336,6571,32,22.010551305821426,3.0392074804539324,1.4726130653266332,4.0,18.324,0.0,0.2029316080681224,0.9674335709656513,1.0317185385656293,0.03179251202677264,62.918096,2430,2566,0.9469992205767732,3443,3521,0.97784720249929,3441,3552,0.96875,8599,8877,0.9686831136645263
756,5819.572751710285,69.13968956030854,0.7131272174353775,0.28416962324717016,0.00033789491468153406,0,9.461798123384366,0.8823940357457156,0.7655111318774622,5919,31,22.85837284026168,3.4553790089686425,1.6924899312959014,5.0,13.402,0.0,0.19000047515217353,0.9645030425963489,1.0346884666372071,0.03415672913117547,67.13594,1288,1383,0.9313087490961678,2695,2753,0.9789320741009807,3965,4047,0.9797380775883371,13925,14495,0.9606760952052432
757,6702.678648299943,65.77993217521518,0.7988505747126436,0.20035671819262782,0.00039635354736424893,0,12.413908179971887,0.8787338404720225,0.825745334292182,5046,19,21.246362935875275,3.0821506633927602,1.2952121061771273,2.0,7.675,0.0,0.261396625378157,0.9616609783845279,1.0377777777777777,0.03760880275907374,64.41899,2925,3074,0.9515289525048797,2652,2726,0.9728539985326485,3215,3331,0.9651756229360552,8114,8449,0.9603503373180258
758,6455.181961020004,86.67240940843405,0.6738116252679359,0.323036187113857,0.0,0,8.496653474581832,0.8616896284487989,0.7156856308566865,7931,31,20.004542383753687,3.6602430478950394,1.8937125748502994,5.0,21.008,0.0,0.2570683779250997,0.9449503620213481,1.0550448430493273,0.05221082419525999,84.844822,476,492,0.967479674796748,1203,1241,0.9693795326349718,2583,2675,0.965607476635514,21057,22386,0.9406325381935138
759,5462.1756086532205,43.632854273468176,0.935326842837274,0.06258692628650904,0.0,0,15.570874526431611,0.8654124964653522,0.9792857833436595,2876,16,24.79841207381237,2.897934693216151,1.6182156133828995,4.0,2.598,0.0,0.18038663495762702,0.9667375886524823,1.0330731014904186,0.0320587629573694,42.609064,3308,3429,0.9647127442403033,3400,3470,0.9798270893371758,3063,3160,0.9693037974683544,3860,4041,0.9552091066567682
760,6343.777098060391,74.00671737877929,0.718923198733175,0.27838479809976246,0.0,0,8.453500269419811,0.8617932651343292,0.7664483686942253,6315,25,24.112199292519787,3.4193883136843852,1.742511013215859,5.0,14.353,0.00015832805573147562,0.2526475279857975,0.9576595648844647,1.042296072507553,0.04066199982715409,72.00463,1389,1466,0.9474761255115962,2809,2866,0.9801116538729937,3910,4006,0.9760359460808787,13153,13863,0.9487845343720696
761,3841.164890957871,123.46788462233799,0.5398861425380126,0.4564387115370757,0.0,0,9.786049319203524,0.8426502085945091,0.6148937643588073,13877,31,23.1937353278267,3.943577515530318,2.4710357714895888,7.0,49.853,0.00021613832853025936,0.44496118490460446,0.8939256572982774,1.1043368509623812,0.09438848012126189,117.870364,14,14,1.0,115,124,0.9274193548387096,416,432,0.9629629629629629,25091,28108,0.8926640102461932
762,7502.7715896474,69.67781944881426,0.826576139670223,0.1720659553831232,0.0,0,11.860495582805617,0.8514361155248014,0.8810193777588714,5155,27,20.295736153009017,3.496271652917524,1.8603614175076273,5.0,9.119,0.0,0.1943539508959888,0.9462025316455697,1.0543206570255312,0.05177295972275052,67.66888,1235,1302,0.9485407066052227,2550,2646,0.963718820861678,4000,4164,0.9606147934678194,13444,14324,0.9385646467467188
763,6710.5426591351,65.74670105063923,0.7944609297725025,0.20276953511374876,0.00019782393669634025,0,14.536373885388713,0.853292919375832,0.8707433801213043,5055,27,21.72261674228691,3.4617012246932113,1.9265438247011952,5.25,9.906,0.0,0.19039184251724003,0.9392295669761883,1.0627017058552328,0.05948984003458711,63.07734,1246,1357,0.918201915991157,2757,2881,0.9569593891010066,4181,4378,0.9550022841480128,12248,13138,0.932257573451058
764,4853.786794512818,89.17145676692245,0.6021638679138961,0.3937788797475487,0.00011270145384875464,0,9.647888483737852,0.8381271955683347,0.6753458593314253,8873,26,22.756968730854396,3.8007329834832886,2.337638031068688,7.0,28.655,0.0,0.3383812408561905,0.9075031386160549,1.0944390823372188,0.08694919254239573,84.72095,163,180,0.9055555555555556,821,877,0.936145952109464,2249,2382,0.9441645675902602,21344,23643,0.9027619168464239
765,7801.499252795472,81.12366499774072,0.7611779216774591,0.23543015726179464,0.0,0,10.657130426593898,0.8407390675780669,0.8532881983551729,6486,25,21.349940348316597,3.8855487520938414,2.441766254810614,7.0,15.803,0.0,0.2587842034948839,0.9328329416716356,1.0658260838939175,0.061829549193813754,77.282098,118,140,0.8428571428571429,557,588,0.9472789115646258,1461,1539,0.949317738791423,24460,26244,0.9320225575369608
766,4285.808928374008,74.51759576358874,0.6141062018646128,0.38265099310903933,0.00027023375219564923,0,7.437502950967111,0.8342305678347416,0.6786418514290127,7401,21,26.659195077267427,3.5290236137713995,2.203300330033003,5.0,23.301,0.0,0.35333263752533506,0.9097709796054831,1.091895742541066,0.08434103780805143,71.735308,727,757,0.9603698811096433,2002,2068,0.9680851063829787,3726,3871,0.9625419788168432,15314,17232,0.8886954503249768
767,5459.346247194973,92.55477087384855,0.6190266944963199,0.37844666593430737,0.00010985389432055367,0,12.956145505968022,0.8602435580105612,0.6650190037571511,9103,23,21.02711367987284,3.7229963727233524,2.2179236912156166,6.0,28.481,0.00010984182776801405,0.39648039672968327,0.9307011070110701,1.0696598438020506,0.06542056074766354,89.965136,247,273,0.9047619047619048,1070,1112,0.9622302158273381,2633,2765,0.952260397830018,21272,22950,0.926884531590414
768,5558.6698119187695,86.5755696177564,0.6348783734721045,0.361490983904151,0.0,0,11.3928958955768,0.8437281916831634,0.6980357426287817,8263,22,21.390505670142204,3.684123991642403,2.22417079679756,6.0,25.037,0.0,0.3768268004756218,0.9256868456270172,1.0740448685092459,0.06883154962615452,83.222494,411,435,0.9448275862068966,1924,1972,0.9756592292089249,3921,4010,0.9778054862842893,17262,18989,0.9090526094054453
769,2483.989330520431,101.08229068205705,0.5234388514097907,0.47301504929942917,0.0,0,10.794198624353735,0.8694786336671043,0.6010000444084337,11562,23,20.311889548475705,3.7144816751704464,2.212161269001983,6.0,41.532,0.0003458412588621823,0.49948138456839974,0.9258421969388133,1.0751851713998586,0.07025704637860933,96.291252,216,236,0.9152542372881356,1223,1257,0.9729514717581543,2578,2662,0.9684447783621337,20965,22828,0.9183896968635009
770,5033.801461780607,85.09402338724144,0.6203582868667695,0.3757266579665441,0.00035591410606240363,0,12.946536922015298,0.857374120671022,0.6529272604922878,8429,27,25.343283794959504,3.565564831358266,1.9410977242302543,5.0,24.747,0.0,0.3113918650147542,0.9367896079795871,1.06321995113059,0.060135896224701134,82.68562,458,495,0.9252525252525252,1621,1698,0.9546525323910483,3066,3205,0.9566302652106085,19086,20468,0.9324799687316787
771,5150.667570438484,57.816888135264875,0.7329179646936657,0.26458982346832816,0.0004153686396677051,0,11.576187989968187,0.8659856623834126,0.810494066299612,4815,23,24.827244772394835,3.325109624729134,1.9436100878435818,6.0,11.057,0.0,0.20969236615077436,0.9441143892860739,1.0587819412180588,0.05612317635318158,55.30169,1675,1825,0.9178082191780822,3452,3558,0.9702079820123665,4207,4365,0.9638029782359679,9418,10114,0.9311844967371959
772,6654.364307091599,83.68717030215367,0.693550595645625,0.30439545392304534,0.0,0,9.647573654232497,0.8576439105882042,0.7483734572170794,7303,20,22.437849437088254,3.5790982643047213,1.8669299111549853,5.0,17.895,0.0,0.3671375127379374,0.954104254044338,1.04884,0.04672149874343157,80.760934,633,675,0.9377777777777778,2140,2190,0.9771689497716894,3876,4004,0.968031968031968,17237,18166,0.948860508642519
773,4218.1256534967215,117.6302289681715,0.5537940587963676,0.44289672156379867,0.0,0,11.547892254595233,0.8443768666527095,0.5973462388760542,12994,31,24.24512322336803,3.8880588142474917,2.1753752084491382,6.0,44.792,0.0001538935056940597,0.4202453529298039,0.936909375212455,1.063310137808705,0.059737271071051874,114.051552,36,42,0.8571428571428571,259,271,0.955719557195572,826,855,0.9660818713450292,26441,28250,0.9359646017699115
774,5933.522229480618,115.294127180189,0.5952077491715524,0.4007137394850879,0.0,0,12.960700917401224,0.861969323326335,0.6510625953450111,11769,31,19.392635735686227,3.8493018351543684,2.0262669521770165,6.0,36.712,0.00016990909863223177,0.3793869138733005,0.930125201091138,1.0687984836252589,0.06427122193860854,110.894418,101,107,0.9439252336448598,542,570,0.9508771929824561,1464,1529,0.9574885546108568,24489,26388,0.9280354706684857
775,5980.377501604264,79.26776706107898,0.6782060266292922,0.31997196916608267,0.0,0,9.437275762587362,0.8610766568608806,0.7401727965196522,7135,27,22.046770696604987,3.6693930770560987,1.8346765860715024,5.0,18.135,0.0,0.26199520073623095,0.9572225192880605,1.0419074591450113,0.040460309316132814,76.44264,456,492,0.926829268292683,1797,1853,0.9697787371829466,3520,3641,0.9667673716012085,19289,20196,0.9550901168548227
776,6684.760573463943,115.28908509148738,0.6152077807250221,0.38213969938107867,0.0,0,10.507436303678707,0.8719555042882646,0.6763933437144698,11310,28,19.58477667350799,3.8966587288211585,2.119718309859155,6.0,34.732,8.840951286358412e-05,0.4068233951273006,0.934196590249069,1.0633450003431473,0.05947943444730077,110.73972,45,47,0.9574468085106383,306,328,0.9329268292682927,965,1027,0.9396299902629016,26027,27867,0.9339720816736642
777,3411.0433499377204,68.69290384649562,0.5900257216347528,0.40711631894827094,0.0,0,6.648350377447848,0.8552503048163185,0.6627734083060534,6998,21,17.742254110009927,3.6575402781648525,2.0876725599418746,6.0,21.915,0.0,0.33600644630877025,0.9521296788398755,1.0479087452471483,0.04582171188466693,65.009126,407,432,0.9421296296296297,1735,1779,0.9752670039347948,3447,3546,0.9720812182741116,19492,20585,0.9469030847704639
778,5957.8950708161665,89.51707814029997,0.6432514977093856,0.35287207799835546,0.0,0,5.86770037925811,0.8537890456227206,0.6910916353422513,8513,23,21.927089383488337,3.77229894486671,2.143900657414171,6.0,24.74,0.0,0.3721678356034958,0.9481269019552975,1.0500298005118676,0.047731663446805676,86.430174,176,191,0.9214659685863874,718,750,0.9573333333333334,1633,1701,0.9600235155790712,24579,25947,0.9472771418661117
779,3742.9698254768978,36.77457539537604,0.7936005625879043,0.2039381153305204,0.0010548523206751054,0,10.019164764448503,0.873406725341246,0.8289615223430621,2844,18,21.75464406634316,2.562533684589051,1.9561364643331856,5.0,5.73,0.0,0.15493166898511596,0.969053934571176,1.0306227863046045,0.03064066852367688,35.848444,3264,3428,0.9521586931155193,3678,3768,0.9761146496815286,3042,3118,0.9756254008980115,3168,3258,0.9723756906077348
780,4685.087767925077,113.45310652233404,0.5661855670103093,0.4302680412371134,0.0,0,10.070917228423784,0.8507683116369771,0.6362396671700393,12125,27,25.455646115812723,3.93706876799961,2.2543335761107066,7.0,41.134,0.0002473614775725594,0.44887025996617813,0.9385369150194289,1.0592145424947432,0.05583027596107832,108.498356,31,31,1.0,265,277,0.9566787003610109,750,778,0.9640102827763496,26730,28509,0.9375986530569294
781,5000.485496379216,62.40965399444829,0.6947791164658634,0.30120481927710846,0.00018254837531945966,0,11.090141580220976,0.8550924954055921,0.7467849263393469,5478,27,24.129524062167896,3.2020892570974846,1.8481345244351024,5.0,13.816,0.0,0.20252080603662403,0.9365725474031328,1.064069443009197,0.06046376530958029,60.117076,1972,2113,0.9332702318977757,3215,3298,0.9748332322619769,3815,3956,0.9643579373104145,9175,10041,0.9137536101981875
782,4811.086785166002,45.368960821509795,0.817016317016317,0.1794871794871795,0.002331002331002331,0,10.029622487800411,0.8644462658943051,0.8558225802781513,3432,19,23.761593168802634,2.742174274434238,1.6690442225392297,4.0,5.688,0.0,0.17986190880361264,0.9340863491119863,1.0675554893490242,0.06645855012140132,44.236256,3770,3979,0.9474742397587333,2760,2846,0.9697821503865074,2534,2717,0.9326463010673537,3506,3915,0.8955300127713921
783,4499.020505529681,68.43977542343914,0.6430104230533416,0.3537706928264868,0.00015328019619865113,0,6.0612641230393995,0.87133510100945,0.68111794616144,6524,28,21.805859962237435,3.3469622525464935,1.7780691299165674,4.0,17.961,0.0,0.23236036264515952,0.9620513250587052,1.0372190716236085,0.03648337440911478,66.565736,1086,1148,0.945993031358885,2229,2293,0.9720889664195377,3712,3814,0.9732564237021499,15916,16593,0.9591996625082866
784,2312.0122918448947,93.03183891487971,0.5299602991413536,0.466254270150494,0.0002769827347428677,0,7.6949661230293955,0.8731237087295947,0.5441642952406063,10831,24,22.860888573875748,3.17713387845072,1.7073170731707317,4.0,36.448,9.231905465288036e-05,0.4492781854287742,0.9485714285714286,1.051185257346972,0.04938937473513888,92.225362,993,1059,0.9376770538243626,1478,1516,0.974934036939314,2466,2540,0.9708661417322835,18469,19560,0.9442229038854806
785,4308.978814223133,56.765225566135605,0.680202059452108,0.3170779094618224,0.0,0,10.52003423781635,0.8640345966099809,0.7347777771737956,5147,22,24.694905484417912,2.9091893082684215,1.6738074835761212,6.0,12.62,0.0,0.23719032643339652,0.9573490427098674,1.0424564511366992,0.04133958321567741,54.870928,2932,3104,0.9445876288659794,3203,3279,0.9768222018908204,3141,3249,0.9667590027700831,6975,7343,0.9498842434972082
786,4919.182630986724,54.44225968019124,0.7403867526116915,0.2558346299177595,0.0008890864636585908,0,10.488570557449883,0.8571701229955558,0.7820406762955463,4499,19,22.7079987744576,2.7890231449634344,1.408285800060042,3.0,8.607,0.0,0.24057471861334687,0.9614249163550482,1.0376439618295492,0.0377501420364876,52.991932,3550,3748,0.9471718249733191,3150,3255,0.967741935483871,2961,3073,0.9635535307517085,4994,5167,0.9665182891426359
787,7251.228514457952,77.3906106230198,0.753875659261627,0.24420648873261946,0.000159821000479463,0,12.965191370933056,0.8502915956388327,0.8137949832085812,6257,23,24.569384426471288,3.505543951361089,2.003179987280051,6.0,14.167,0.0,0.2723884611703739,0.941524954183182,1.0592057453084256,0.05604280656581912,75.01826,856,946,0.904862579281184,2437,2585,0.9427466150870406,3663,3866,0.9474909467149508,15135,16066,0.9420515374081913
788,4254.690384675472,126.54300632082837,0.5501267248662348,0.4465643480709659,7.0402703463813e-05,0,13.224268968357684,0.8494921820364155,0.5872003811334774,14204,29,23.28441600435041,3.535403693168837,1.8944202713079088,5.0,47.765,0.000422237860661506,0.4953065782882885,0.9137897782063645,1.0847267378851215,0.07848434223154303,123.709648,402,444,0.9054054054054054,1373,1467,0.9359236537150648,2156,2332,0.9245283018867925,19759,21682,0.9113089198413431
789,6296.63389246425,60.97607383501718,0.8007261853908586,0.1967108073472875,0.00021358393848782572,0,13.552041581509775,0.8560705549488076,0.8438285841797584,4682,19,21.119839552269024,3.1162575800365797,1.7826086956521738,5.0,8.559,0.0,0.24246930495769745,0.9563948686890932,1.0432337046432116,0.04173261580668988,59.022348,2481,2615,0.9487571701720842,3359,3448,0.9741879350348028,3812,3947,0.9657968077020522,7719,8153,0.9467680608365019
790,6863.238498005446,105.43458636213136,0.636902966314731,0.3607843137254902,0.0,0,12.004762412298378,0.8477733859897079,0.7332822624296381,9945,32,20.853483704469376,3.93112418484911,2.5271550363119673,7.0,31.154,0.0,0.30360709210311954,0.9385909075680927,1.059641210326142,0.05630730319317104,99.574116,21,22,0.9545454545454546,105,112,0.9375,476,517,0.9206963249516441,27414,29198,0.9388999246523735
791,5960.1235917642325,57.58844202039247,0.8021927820922796,0.1946094106898127,0.00045682960255824577,0,7.029316951944211,0.8388412362068784,0.8780460691502794,4378,21,22.68091153422084,3.2421975121135524,1.9686788154897494,5.0,8.44,0.0,0.20998968182968653,0.9382863990413421,1.062215326092397,0.059232467471464136,55.6398,1737,1874,0.9268943436499466,2986,3124,0.9558258642765685,4035,4256,0.9480733082706767,10034,10774,0.9313161314275107
792,6538.459996081641,79.7904391353792,0.7013042855095313,0.2965457933209116,0.0,0,7.748377701037752,0.8339974451540481,0.7621310153870876,6977,19,22.591495332963383,3.504096548768832,2.2004904966278356,6.0,18.392,0.00014330753797649757,0.37150205937293107,0.9042201519769888,1.0959882920110193,0.08740792979156872,77.091188,815,868,0.9389400921658986,2327,2402,0.9687760199833472,3500,3642,0.9610104338275672,14420,16381,0.8802881386972712
793,6508.377159761124,85.2939577962328,0.6785807122433065,0.31829997400571874,0.0,0,7.839560096540805,0.8415873286748746,0.722900760142905,7694,26,22.476881818266428,3.6490760843227785,2.2541658686075463,6.0,21.661,0.0,0.3014039023403656,0.9208130265593714,1.0801379205819945,0.0748986439256256,82.8333,379,402,0.9427860696517413,1125,1175,0.9574468085106383,2466,2559,0.9636576787807737,20403,22333,0.9135807997134285
794,4079.0795768919274,54.55799474478871,0.6745034454803405,0.32286177543575195,0.00020267531414673692,0,7.527254203226753,0.8416003891474817,0.7309270587657745,4934,17,24.350220510534633,3.046258878668448,2.0228365384615383,6.0,13.321,0.0,0.2978025399563954,0.9383547008547009,1.0614025695931477,0.05806581463218275,52.653584,2073,2219,0.9342045966651645,3456,3564,0.9696969696969697,4006,4185,0.9572281959378733,8031,8752,0.9176188299817185
795,4053.2558337890673,116.96901599281675,0.5510819165378671,0.4461360123647604,0.0,0,14.522844123245793,0.8512572104160923,0.6038373625592989,12940,29,24.27123587402636,3.76621702493809,2.1862291403730194,6.0,44.473,0.00030902348578491963,0.4470614681010703,0.9494911804613297,1.0491346186541535,0.046880051729712255,113.462082,74,82,0.9024390243902439,385,397,0.9697732997481109,1066,1109,0.9612263300270514,26466,27892,0.9488742291696544
796,1656.9557278336429,64.06618113618865,0.5285285285285285,0.4675129675129675,0.0,0,6.571851789492145,0.8592118632757231,0.5782977541058776,7326,17,20.895193418579737,3.119843264065724,2.0364152892561984,6.0,25.668,0.0001364815067558346,0.4282642853432732,0.9577215408533426,1.0417459768125974,0.040205587333167536,61.617562,1055,1121,0.9411239964317574,2663,2721,0.9786843072399853,4397,4563,0.9636204251588867,14062,14751,0.9532913022845909
797,3003.4623434819664,86.83911656010234,0.5507201001878522,0.4466708411605093,0.00010436234606553955,0,11.924874374349798,0.8714123167576528,0.6079650545844308,9582,22,22.135274188856325,3.560902342863838,2.0496494220200874,6.0,32.537,0.00031298904538341156,0.4366093494668184,0.9484220086278665,1.0509111617312072,0.04874010079193664,83.808748,415,452,0.918141592920354,1471,1570,0.9369426751592357,3047,3197,0.9530810134501094,20130,21207,0.949214881878625
798,5956.925478636858,79.46880759197143,0.675656888641735,0.32072848602808285,0.0,0,12.884089727289993,0.8661216523707437,0.7399641919111433,7193,27,23.212923390833396,3.4209139554935533,1.748559670781893,5.0,18.06,0.0,0.26814759519372555,0.9545199326221224,1.0447386638975424,0.04302719682565925,76.734088,1104,1171,0.9427839453458582,2687,2738,0.9813732651570489,3887,3988,0.9746740220661986,14422,15256,0.9453329837441007
799,7086.842202084222,68.42266325698118,0.8064206074586697,0.19204152249134948,0.00019223375624759708,0,15.643291135123201,0.8601193021052594,0.835392026993902,5202,23,22.798977904273883,3.045933416613795,1.499880810488677,4.0,8.302,0.0,0.2311880626233735,0.955561797752809,1.0434023868498086,0.04228989562035941,67.317574,2717,2876,0.9447148817802503,2912,3028,0.9616908850726552,3227,3382,0.9541691306918982,8153,8514,0.9575992482969227
800,7675.926964529904,61.810649028484285,0.9318405511811023,0.06766732283464567,0.0,0,10.378565818616943,0.8751353599370735,0.9748582338503987,4064,23,22.522871739755388,3.213930664702452,1.6585687879588065,5.0,3.915,0.0,0.17527845953951782,0.9528513179808189,1.0469945355191257,0.045025776022814525,60.40797,2502,2682,0.9328859060402684,3009,3120,0.9644230769230769,3445,3614,0.9532374100719424,7636,7997,0.9548580717769164
801,3487.550926108923,39.86576417449201,0.7270553064275037,0.27085201793721975,0.0005979073243647235,0,11.444314472034506,0.8545673475908836,0.8055771900422649,3345,21,23.627832424915965,2.5665824915081776,1.712171052631579,5.0,7.208,0.0,0.15564501901515432,0.9498374361356247,1.0489168413696714,0.04797700641167367,38.06184,4388,4587,0.9566165249618487,3060,3170,0.9652996845425867,2107,2229,0.9452669358456707,2715,2932,0.9259890859481582
802,3264.8325015491364,106.0326398049443,0.5396772024209818,0.4567081371889711,0.0,0,18.002803205388155,0.8665478324021351,0.6052556481725043,11896,27,22.813864794948188,3.8733271361878545,2.313239875389408,6.0,42.332,0.0007559848803023939,0.4435846972862866,0.9413706274669933,1.0580125580125581,0.05480509455808568,101.303094,57,61,0.9344262295081968,319,331,0.9637462235649547,1037,1076,0.9637546468401487,26252,27920,0.9402578796561605
803,6158.060281761246,77.01638099977697,0.694293677570779,0.3029191726565938,0.0,0,5.2459261677803015,0.8470840488963838,0.7459168542919095,6817,25,23.0556977729197,3.509018094134485,1.870483836889922,5.0,16.971,0.0,0.27044809806748055,0.9563151015881817,1.0437455381930674,0.04196547144754316,74.50024,719,770,0.9337662337662338,1975,2025,0.9753086419753086,3303,3395,0.972901325478645,18149,19059,0.9522535285167113
804,4704.241534861047,58.15048355997827,0.6980538627874976,0.29978376253194416,0.0,0,8.454760920517622,0.8558885304116476,0.7720048477569231,5087,20,24.45899918121619,3.153450640184612,1.902844269219938,6.0,12.709,0.0,0.25374405242807463,0.9424638751186584,1.0558055805580557,0.05322548432194927,55.628716,1981,2159,0.9175544233441408,3271,3422,0.9558737580362361,4040,4226,0.9559867486985328,8579,9155,0.9370835608956855
805,3437.381680082124,55.46947997607235,0.6308712470068153,0.36562902928716157,0.0003683919690550746,0,9.576426999807904,0.8609436818488194,0.674059653690467,5429,31,24.381207059301033,2.7645787237293895,1.6916788321167884,5.0,15.026,0.0,0.17361309035549596,0.9485026938980078,1.0516201959306706,0.049937503720016665,53.829582,3206,3380,0.9485207100591716,3227,3312,0.9743357487922706,3062,3205,0.9553822152886116,5645,6065,0.9307502061005771
806,1665.9358109833274,74.14797517834165,0.5198002554871676,0.4754383927534549,0.0,0,10.062370371778906,0.8631063348697827,0.5917047999326023,8611,20,24.069008995243294,3.558711250115717,2.1298033958891867,7.0,31.042,0.00046430644225188626,0.42640670673580583,0.9741169305724726,1.0250028585585242,0.024433717044188636,70.54008,541,579,0.9343696027633851,1853,1878,0.9866879659211928,3832,3900,0.9825641025641025,19366,19915,0.9724328395681647
807,3101.8052128659824,89.4705821436895,0.5519401778496362,0.4448261924009701,0.00010105092966855295,0,10.184370373447855,0.8725159223286221,0.6013904086358088,9896,28,20.083337805237683,3.3788123497541256,1.8181984621017941,6.0,32.227,0.0,0.3567941271336414,0.942721350432253,1.0575415555099528,0.05483483716067072,86.83482,816,862,0.9466357308584686,2119,2172,0.9755985267034991,3285,3409,0.9636256966852449,16789,17964,0.9345914050322868
808,6359.192856216415,100.21195109948059,0.6337203328881126,0.36319736977293743,0.00010274324463166547,0,9.438279698219139,0.8778287386204379,0.6825569180909105,9733,26,22.5254185731794,3.781216820423978,2.1723411154345005,6.0,29.06,0.0001027326895418122,0.37387839019421965,0.9201403142142777,1.0822015190631198,0.07602923936280256,97.754618,304,336,0.9047619047619048,1070,1107,0.966576332429991,2056,2174,0.9457221711131555,21227,23180,0.915746333045729
809,4325.719643176665,82.20836517717952,0.5993056386926853,0.39758170717107627,0.0,0,6.222872957592346,0.8761291003868302,0.6578886126197226,8353,23,22.944071097445757,3.6036434547274707,2.1328405912904516,5.0,26.615,0.0,0.36587384618434515,0.9383041900362916,1.0606171932402646,0.0570687867265814,79.432212,346,367,0.9427792915531336,1061,1104,0.9610507246376812,2057,2153,0.9554110543427775,22132,23655,0.9356161488057493
810,4141.860983283905,55.519603108339,0.6751592356687898,0.32245222929936307,0.0003980891719745223,0,9.486020945395346,0.8694851753522357,0.7233361777905708,5024,30,22.178554323812264,2.898701172084937,1.7662146226415094,5.0,12.644,0.0,0.16359787273166315,0.9466452533904354,1.0553635280095353,0.05375133674790342,53.56413,2793,2940,0.95,3504,3610,0.9706371191135734,3484,3660,0.9519125683060109,6134,6602,0.9291123901847925
811,4722.566750317268,117.98510735270642,0.5654282362143136,0.43120844739929604,0.0,0,11.320684550572054,0.8859601822948836,0.5992693984079125,12785,30,22.17835007429489,3.6360350031235256,1.9164476414441831,5.0,41.288,0.00039093041438623924,0.42460521423087316,0.960533112924889,1.0377299872277261,0.03630812120407554,115.11805,166,184,0.9021739130434783,662,691,0.9580318379160637,1480,1554,0.9523809523809523,25583,26608,0.9614777510523151
812,3285.963498436143,37.08737956097624,0.734297928313055,0.26044064452482735,0.0036172311739559354,0,7.845296545775277,0.8646788458088264,0.7863342826143888,3041,17,21.594051377846853,2.394453066356207,1.5060456784594716,4.0,6.198,0.0,0.1788546947203753,0.9522010512483574,1.0449252622016683,0.05030808829264488,35.77821,4354,4600,0.9465217391304348,2686,2786,0.9641062455132807,2265,2374,0.9540859309182814,2289,2416,0.9474337748344371
813,5792.719211452182,120.61918261129063,0.587031262493004,0.4097705285040377,0.0,0,14.551607906295477,0.8633125877621667,0.655286600783752,12507,29,22.875101193993228,3.8018549544729363,1.7792154726232634,6.0,38.153,7.99488327470419e-05,0.43209606881366003,0.9642458490302777,1.0344333356638467,0.03341312923564517,116.178458,176,189,0.9312169312169312,943,973,0.9691675231243576,2130,2189,0.9730470534490635,24394,25317,0.9635422838408975
814,6776.474272289647,92.17074678436741,0.6713262069775637,0.3262069775637261,0.0,0,12.01858917263223,0.8635525597362202,0.6921107240996665,8513,26,18.95657939985166,3.3856117572625775,1.6433945756780401,4.0,21.203,0.0,0.3305777494146314,0.9523509919885911,1.0479371481388118,0.0462837026962157,90.698134,1081,1142,0.946584938704028,2201,2271,0.9691765741963893,3055,3136,0.9741709183673469,16368,17292,0.9465648854961832
815,5768.44643104949,113.26055884588769,0.595104229737912,0.40204134590433355,0.0,0,14.35913044284982,0.8385777896525399,0.6588861033573091,11561,25,21.593480050663363,3.7660843769682177,2.0,6.0,35.971,0.0003458711629917856,0.4646842371943535,0.9236085716375338,1.0752550084391281,0.06989558178293255,109.20288,219,234,0.9358974358974359,958,1007,0.9513406156901688,2195,2300,0.9543478260869566,21885,23805,0.9193446754883428
816,5735.011114014759,109.46251841906822,0.5998028143766245,0.3978668100743928,0.0,0,15.247151819010965,0.8530510947848776,0.6468174428646756,11157,27,20.881262437329738,3.7854333113558236,1.9895397489539748,6.0,34.208,0.0,0.4103364436774424,0.9358074222668004,1.0619379900726567,0.05829172851167184,106.063076,176,199,0.8844221105527639,797,849,0.9387514723203769,2107,2257,0.9335400974745237,23044,24611,0.9363292836536508
817,5389.339839341046,73.34194525685403,0.668720877799489,0.32812265143544267,0.00015030813166992335,0,15.365721835711843,0.8521145324692195,0.7379328423383269,6653,23,22.60391848000629,3.5261511069814864,2.0386603731175543,6.0,17.946,0.0,0.2850461228130289,0.9599038022971348,1.0399501661129569,0.038780390593862096,70.634606,889,962,0.9241164241164241,2334,2405,0.9704781704781705,4064,4184,0.97131931166348,15863,16566,0.9575636846553182
818,5191.422788606223,56.84750296495066,0.7429360526874867,0.25430210325047803,0.00021244954323348204,0,14.088897032914364,0.8605959220369406,0.8027996540294545,4707,21,22.34933162637359,3.1496503812468317,1.8315699170717759,5.0,10.409,0.0,0.22828259387821986,0.951627088830255,1.047710418503345,0.04614093959731544,54.880696,1909,2047,0.9325842696629213,3465,3582,0.9673366834170855,4349,4526,0.9608926204153778,8671,9174,0.9451711358186178
819,5976.7145293093345,109.89283936040526,0.6032623470774807,0.3938377888536475,0.0,0,19.833163570993968,0.8404647015998102,0.6586309255780043,11035,24,22.383785301817326,3.759288870322522,2.399128736668169,6.0,36.113,0.0001812086617740328,0.46554901094715706,0.8997506600176005,1.098779993365523,0.0896892419640175,106.29112,168,184,0.9130434782608695,680,742,0.9164420485175202,1625,1754,0.9264538198403649,22065,24592,0.8972430058555628
820,5723.434027362637,99.47700873417018,0.6128341154866354,0.3840032646398694,0.0,0,14.019850624137808,0.8403995511811773,0.6922703392142303,9802,26,22.403195125977646,3.888703766959582,2.421508240386216,7.0,31.567,0.0002039983680130559,0.3775557522876847,0.9151629598545251,1.0828853518850357,0.07650573227837881,94.837384,62,68,0.9117647058823529,339,373,0.9088471849865952,1063,1144,0.9291958041958042,24706,27011,0.9146643959868201
821,7271.127183949227,72.63784522603245,0.7857777777777778,0.21208888888888888,0.0,0,13.797746458190108,0.8398883300818168,0.84768449488506,5625,25,26.03734794530659,3.5381349989683377,1.9572398190045248,5.0,11.319,0.0,0.22112435473289732,0.9458488279781055,1.0536342321219225,0.051294248226106946,70.241736,887,948,0.9356540084388185,2227,2319,0.9603277274687365,3775,3924,0.9620285423037717,15748,16742,0.9406283598136423
822,6576.724295977023,98.49430787730327,0.6443204976938753,0.3536415316958061,0.0,0,16.06183215999743,0.8431575386454389,0.7222741458008962,9323,22,21.612138580422638,3.814764032847184,2.224071916097886,7.0,27.269,0.0,0.42531648705830305,0.9435062395562982,1.0549673831675757,0.05200539265251095,94.545604,166,180,0.9222222222222223,829,862,0.9617169373549884,2426,2513,0.9653800238758456,23117,24572,0.9407862607846329
823,3520.405478556216,99.26165154011568,0.5506072874493927,0.4449760765550239,9.201324990798675e-05,0,10.009664782682597,0.8540807068817605,0.6353821808726403,10868,28,23.034797547868784,3.8808205010103425,2.1794786096256686,7.0,37.294,0.0001839926402943882,0.3851848941470178,0.931284410063419,1.0658902528590914,0.061850277868584505,94.122504,79,88,0.8977272727272727,497,515,0.9650485436893204,1598,1659,0.9632308619650392,24552,26436,0.9287335451656832
824,2942.534576142645,82.89356175498162,0.5502734069858275,0.4470483204999442,0.0,0,6.949910008296765,0.846401512641652,0.6481621698047354,8961,24,20.175124391115514,3.7524636944644216,2.2808760900425877,7.0,31.167,0.0001115822361080116,0.3725534452823518,0.9438145079226632,1.055598033861278,0.05270768065548938,78.277366,225,245,0.9183673469387755,1049,1077,0.9740018570102136,2959,3050,0.9701639344262295,21737,23144,0.9392067058416869
825,93.0566724783693,81.34646631626183,0.47520701412566974,0.5211885046273745,9.74184120798831e-05,0,7.045586915879366,0.8686683090189445,0.5558745458305181,10265,22,21.77473504644244,3.6136616074403896,2.12710127101271,8.0,39.173,0.00038952186191449994,0.4648153504072736,0.9635117120548466,1.035106464168511,0.0341745144202472,76.631098,480,509,0.9430255402750491,1863,1894,0.9836325237592397,3774,3836,0.983837330552659,19180,20016,0.9582334132693845
826,6175.228186052126,62.40607985399111,0.7792682926829269,0.21808943089430893,0.0,0,11.281804861111231,0.8505029279582131,0.8377614486338631,4920,27,21.189572674556167,3.130734218658428,1.844548774126239,5.0,9.708,0.0,0.18197829186952993,0.9302110530896431,1.0715998256320838,0.06680203045685279,60.282094,2150,2323,0.9255273353422299,3299,3436,0.960128055878929,3482,3689,0.9438872323122798,8170,8936,0.9142793196060878
827,4922.44218017789,81.94158623459273,0.6244557780818509,0.3724343823858689,0.0,0,14.124103480141606,0.8549423967915345,0.6687623279128703,8039,27,22.405934050161182,3.2530013346556443,1.7235059760956175,4.0,22.829,0.0,0.302204484626569,0.9136254261078804,1.088214573268921,0.08137232327883952,79.823506,1663,1819,0.914238592633315,2959,3105,0.9529790660225442,3316,3512,0.9441913439635535,10287,11512,0.893589298123697
828,4535.788483878145,60.16500431537504,0.6777390346852633,0.31950816663608,0.0,0,7.714047738057203,0.8512701390663148,0.7276797658695988,5449,24,23.039631869848026,3.018768654977301,1.8310316815597076,5.0,13.983,0.0,0.22779639415564057,0.9325117681282065,1.068530875966529,0.06419520886953078,58.271488,2148,2245,0.956792873051225,3252,3320,0.9795180722891567,3765,3938,0.9560690705942103,8466,9404,0.9002552105487027
829,4758.392002770054,77.26722090909364,0.6297426373043248,0.3677368002122579,0.0,0,9.453298667600482,0.8505075374989319,0.6663115728633366,7538,32,23.952487153733934,3.349145134723122,1.7655361280808932,4.0,21.067,0.0,0.23737377873253365,0.9301821948119203,1.0705116103454786,0.0666988883518608,75.419854,1523,1640,0.9286585365853659,2556,2671,0.9569449644327968,3550,3688,0.9625813449023861,12129,13242,0.9159492523787948
830,205.37373822333927,109.00665073344314,0.4763113980991076,0.5190452006094464,0.0,0,6.799012871764787,0.8591495151822959,0.5511962248114916,13783,28,23.21064172429717,3.832767956447678,2.4325971058644327,7.0,54.413,0.0005800884634906823,0.4951945006683546,0.9347840824350891,1.0626106495982568,0.05891734983572044,104.181542,40,44,0.9090909090909091,228,241,0.946058091286307,711,759,0.9367588932806324,26599,28458,0.9346756623796472
831,5612.2690972282535,98.02297015300175,0.6157449842142785,0.3819126183929117,0.00010184336490477646,0,7.964743917636533,0.8605459381098951,0.6524042983919858,9819,29,25.5616162725575,3.549340306453042,1.913165729407873,5.0,28.948,0.0,0.3393638750373201,0.934232459463555,1.0671321771469773,0.06324082617644972,95.787404,473,495,0.9555555555555556,1380,1406,0.9815078236130867,2412,2474,0.9749393694421988,20395,22021,0.926161391399119
832,5778.700345296701,87.84042840573275,0.6421919770773639,0.3555396370582617,0.0,0,8.8604845553991,0.8643627643234846,0.6964842953666492,8376,19,23.206116891183854,3.5392060433952075,2.0966722439115077,6.0,24.49,0.00023872045834328001,0.4412246924450073,0.9258358412004782,1.0740572279192855,0.06893639887920777,85.212606,719,785,0.9159235668789809,2029,2137,0.9494618624239588,3205,3389,0.9457066981410446,16505,17946,0.9197035551097738
833,6582.409885055807,67.49459450101826,0.7747035573122529,0.22322604931300583,0.0003764351590438547,0,9.137742996578439,0.8497775628261286,0.8082576830814442,5313,25,22.30865244426998,3.120847023033056,1.7113702623906706,4.0,10.394,0.0,0.21555290000930005,0.9263169234083809,1.0748893924678968,0.0703520104151019,65.795696,2252,2398,0.939115929941618,2852,2969,0.9605927921859212,3567,3792,0.9406645569620253,8527,9407,0.9064526416498352
834,4811.024490234545,75.08046714594397,0.6388850367494107,0.3593121619747608,0.00013867702121758425,0,8.7792048410731,0.8608573801032409,0.6754111695099165,7211,22,22.337070319206546,3.089062619178654,1.5756457564575646,4.0,19.188,0.0,0.33104300266622333,0.9415414922432899,1.0579238208012631,0.055097957094327334,73.369784,2034,2177,0.934313275149288,2407,2464,0.9768668831168831,2847,2995,0.9505843071786311,11830,12669,0.9337753571710474
835,4356.816529330203,95.65273622455449,0.5811704332379355,0.41527681831639196,0.0,0,7.629948489547422,0.864115629960726,0.622025312345738,10133,26,21.878400597618917,3.3505546093710916,1.838512480896587,5.0,31.788,0.0001973359644795264,0.39335466872830327,0.9348365908362705,1.0658987839627563,0.0619528872525078,93.463214,745,802,0.928927680798005,1831,1866,0.9812433011789925,2638,2704,0.9755917159763313,18127,19596,0.9250357215758318
836,5197.3448707793505,79.40433893037866,0.6401595744680851,0.35678191489361705,0.0,0,11.115585744854844,0.8532203438469997,0.7189086806360901,7520,27,23.923948458880492,3.4501905565470574,2.0710427918570833,7.0,21.577,0.0,0.2789812256399996,0.9277324486685197,1.07310716692878,0.06817612164758961,75.816298,1030,1120,0.9196428571428571,2903,2977,0.975142761168962,4091,4195,0.9752085816448153,12670,14014,0.9040959040959041
837,3436.7976747259213,48.78681827107721,0.6586826347305389,0.33887779995564427,0.00022177866489243733,0,9.413480966151898,0.8681664018278932,0.7486292429871603,4509,25,24.555773254884173,2.847111368886915,1.951851851851852,7.0,12.202,0.0,0.17977279557511258,0.9509511376352108,1.0483016516048613,0.046642565044746044,46.393508,3012,3183,0.946277097078228,3721,3817,0.9748493581346608,3501,3634,0.9634012107870116,5063,5452,0.9286500366837858
838,5780.205563749234,81.06090769001104,0.660594695954996,0.3365925529065095,0.0001339405304045004,0,12.13481587327015,0.846209241730968,0.7308657807266958,7466,29,25.371884915406056,3.612459763359737,2.1409164639091647,6.0,21.093,0.0,0.25640673970957917,0.9346917238300118,1.0654742503259453,0.062126460847386655,77.830962,609,690,0.8826086956521739,1957,2063,0.9486185167232186,3676,3844,0.9562955254942768,16786,18040,0.9304878048780488
839,5725.325240105175,90.4940521780705,0.6345096241979835,0.3623968835930339,0.0,0,9.830914915542708,0.865651967563002,0.6860609182019239,8728,31,26.67086033921271,3.470200603411011,1.755868544600939,5.0,23.974,0.0,0.27912801010379523,0.9511438698243918,1.0476632871511087,0.04581091468101461,87.601212,700,772,0.9067357512953368,2108,2207,0.9551427276846398,3438,3578,0.9608719955282281,17369,18271,0.950632149307646
840,5098.229974158403,52.57690763963452,0.7704523580365736,0.22762271414821944,0.00024061597690086623,0,12.015579232722402,0.8546789340045984,0.8328875765551718,4156,17,24.454958669060233,2.938788605815298,1.8579013116802,5.0,8.338,0.0,0.24422986567573796,0.9515336688233884,1.0485256140772325,0.046933881466255566,50.736072,2621,2841,0.922562478000704,3572,3728,0.9581545064377682,3856,4008,0.9620758483033932,5834,6115,0.9540474243663124
841,6752.962602911934,116.09406828506772,0.6173527108171613,0.3800365503437473,0.0,0,11.150528774932054,0.8604190280547199,0.6766286996892293,11491,26,21.80770014618117,3.7410970989753265,1.9637722018607273,6.0,33.722,0.00034797738147020446,0.4398364989915121,0.9505129112133003,1.0479230960235537,0.04577060689934517,112.252764,188,204,0.9215686274509803,904,939,0.9627263045793397,2102,2175,0.9664367816091954,23677,24952,0.9489018916319333
842,4867.871219557059,76.14981991949995,0.6367463335143944,0.35945138511678437,0.0,0,13.8976056929398,0.855649731685944,0.6766813337074925,7364,29,22.80454482150699,3.210666126294662,1.7082533589251438,5.0,19.997,0.0,0.2557473197649531,0.9573936019628196,1.04200926188451,0.040387575839898576,74.006152,1580,1683,0.9387997623291741,3135,3218,0.9742075823492853,3906,4006,0.9750374438342486,11670,12287,0.9497843248962318
843,2815.65408802317,40.08998903020292,0.6594943518020441,0.33485745024206565,0.0034965034965034965,0,13.111017886289611,0.8607396475347602,0.723186392137544,3718,23,21.641462615599814,2.4617855109090905,1.5583197389885808,4.449999999999818,9.214,0.0,0.16198119489025833,0.9577151923839746,1.0401561628555493,0.04384434498975954,38.641608,4463,4711,0.9473572489917215,2927,3014,0.971134704711347,2227,2306,0.9657415437987857,2455,2574,0.9537684537684538
844,7759.690393725268,113.89401925969591,0.6505856107083101,0.3463469046291132,9.295408068414203e-05,0,12.170784213787417,0.8656522489794016,0.6933259090939484,10758,26,22.303712112109427,3.545224836262828,1.7568224032004571,5.0,28.879,0.0,0.4136609942090277,0.9341243069287736,1.0656534245510378,0.061906667151638596,110.984532,530,584,0.9075342465753424,1539,1616,0.9523514851485149,2731,2846,0.9595924104005622,19292,20745,0.9299590262713907
845,5313.495347896974,45.35093944579467,0.8836617927527018,0.11570247933884298,0.0,0,12.38257879115406,0.832113026408788,0.9399997268280262,3146,17,22.987415376663545,2.7863209652436045,1.725179856115108,5.0,4.124,0.0,0.18293073928550035,0.958072017475865,1.042689810894722,0.04134297101938796,44.192222,3417,3602,0.9486396446418657,3439,3532,0.9736693091732729,2965,3076,0.9639141742522757,3775,3981,0.9482542074855564
846,7904.964223067424,81.57563354129418,0.7698303530490601,0.22864129604157116,0.0001528350909368791,0,17.331762040845003,0.8580428448062045,0.8118538886301148,6543,16,20.168294611494147,3.3674016319090336,1.7139170140956919,5.0,12.808,0.0,0.41700380466494247,0.9534905440112071,1.0469334330590876,0.04495384203719395,79.823066,1611,1701,0.9470899470899471,2703,2800,0.9653571428571428,3664,3808,0.9621848739495799,12441,13106,0.9492598809705478
847,6035.661321217881,91.59455035124661,0.6428571428571429,0.35542306810364593,0.0,0,13.036569212025748,0.8527114088558828,0.7087750179272498,8722,27,23.742928764661265,3.763368126420116,2.0233636525771357,6.0,25.128,0.0,0.322094074287555,0.9414611074728952,1.0584090826123462,0.055334066538355785,88.160116,278,299,0.9297658862876255,1015,1068,0.950374531835206,2290,2424,0.9447194719471947,22294,23695,0.9408736020257439
848,7496.686591982186,93.19095468567697,0.695013576894594,0.30239447050111085,0.0,0,10.869420090543073,0.8516158774078565,0.7736037331661523,8102,29,23.257076269712538,3.832036325667472,2.2953294263896287,7.0,22.155,0.0,0.27696801058025844,0.9216882604170406,1.0783078307830782,0.07250091541559868,89.514762,159,173,0.9190751445086706,679,710,0.956338028169014,1871,1969,0.9502285424073134,22972,25011,0.9184758706169286
849,6331.21212301136,97.26821117008627,0.6389008158007728,0.3580936024044654,0.00010734220695577502,0,8.330166057794191,0.8443320128411002,0.6825465715997854,9316,26,20.85072541187597,3.6195019325544027,2.1858198924731185,6.0,28.088,0.0,0.35749757269007587,0.904434423149192,1.0964164466239155,0.08832396875428258,94.734378,305,323,0.9442724458204335,935,974,0.9599589322381931,2034,2161,0.9412309116149931,20793,23152,0.8981081548030407
850,5590.268727171082,69.87117561650876,0.6946466116771793,0.30195697881287403,0.00032346757237586933,0,8.799971102216949,0.8378452266330149,0.7426757285027413,6183,28,20.60945120788173,3.312000950310026,1.8775320139697322,4.0,15.541,0.0,0.2175617650287362,0.9063758075086602,1.0957676426426426,0.0878346641615782,67.90591,1302,1373,0.9482884195193008,2547,2686,0.9482501861504096,3524,3789,0.9300607020321985,11989,13514,0.8871540624537516
851,3748.7189305373645,93.9394869954488,0.5629432624113475,0.43272261623325453,9.850275807722617e-05,0,9.200260938630894,0.8573494957034541,0.6195661049488719,10152,28,21.250073655474857,3.70703450868951,2.206299212598425,6.0,34.566,0.0,0.3636858174113323,0.9157929833660579,1.084100698054359,0.07795046968403074,90.080054,206,225,0.9155555555555556,997,1030,0.9679611650485437,2634,2725,0.966605504587156,20883,23013,0.9074436188241429
852,3335.8411321071594,67.2342360473927,0.5896096357567842,0.4079233783195472,0.0,0,5.982961123975502,0.8404906583926809,0.6602305284798451,6891,19,21.743238731915262,3.4336689229209756,2.434161949298548,7.0,23.043,0.0,0.36787222477995585,0.9283827061649319,1.0708610865901613,0.06613331339489327,64.555046,598,641,0.9329173166926678,1725,1790,0.9636871508379888,3714,3876,0.958204334365325,17154,18673,0.9186526000107107
853,4775.872927737874,110.29559283480569,0.5724315068493151,0.4243150684931507,8.561643835616438e-05,0,12.450613518740854,0.8565949541404446,0.6430668263424555,11680,31,22.573180845509796,3.8454196940394807,2.177385581812743,6.0,38.71,0.0,0.37734239604796405,0.901951028821209,1.0963050314465408,0.08817239144523656,105.601312,78,85,0.9176470588235294,387,403,0.9602977667493796,1196,1266,0.9447077409162717,23719,26385,0.8989577411407997
854,5175.124567055508,91.63352032270222,0.6119029485366119,0.38505059297138505,0.0002176041780002176,0,11.93645195371904,0.8476688830768606,0.6623239285873365,9191,24,23.958964538888782,3.5488601757591516,2.080547652916074,6.0,28.208,0.00010879025239338555,0.3815668425729038,0.9132397803538743,1.0892179659772365,0.08244383070836754,88.818002,528,573,0.9214659685863874,1905,1994,0.9553660982948846,3480,3699,0.9407948094079481,16539,18319,0.9028331240788252
855,6045.017001442825,89.5811427847483,0.6474914007828253,0.34930613213141976,0.0,0,7.696569071019017,0.8490036158803943,0.7032771654544917,8431,30,25.578531745158436,3.716473390812284,2.0666788789155524,6.0,24.019,0.00011859582542694497,0.27892074651637244,0.9384048813950969,1.0612946412418136,0.05766875340228634,86.310548,243,260,0.9346153846153846,929,961,0.9667013527575442,2180,2271,0.959929546455306,22639,24205,0.9353026234249122
856,5674.897183220266,47.72055538145532,0.8950561116166211,0.10039429784652715,0.003942978465271459,0,11.515238825066199,0.8454996452975703,0.9160020752402233,3297,20,19.90899124694365,2.8239361510464405,1.5404947475432056,3.0,3.771,0.0,0.16553430562111687,0.9288422280548265,1.0685001833516685,0.06966017771145629,46.984778,3008,3274,0.9187538179596824,2882,3021,0.953988745448527,2888,3101,0.9313124798452113,3962,4320,0.9171296296296296
857,8157.053628670124,85.24751528488066,0.7610632393749087,0.23557762523733022,0.0001460493646852636,0,11.008948577382975,0.8344645147838916,0.8272732285848424,6847,21,24.260284453742692,3.627570441972592,2.1105354058721932,6.0,15.577,0.0,0.3316969617532056,0.9054930343471531,1.0941453368637835,0.0870096634964287,82.391928,644,718,0.8969359331476323,2023,2139,0.9457690509583918,3477,3667,0.9481865284974094,15500,17379,0.8918810058116117
858,3644.021099559946,98.20880362558142,0.5543356903609974,0.44175660588016374,0.0,0,10.578761644915804,0.8555338147081717,0.6308370401497597,10748,29,23.66487768520549,3.841274249029795,2.606243705941591,7.0,38.84,0.00018604651162790697,0.3705636746841717,0.8987111235640235,1.098657552587999,0.08962790549373466,93.36316,36,38,0.9473684210526315,190,208,0.9134615384615384,758,817,0.9277845777233782,24676,27489,0.8976681581723599
859,3933.8624603962253,121.24959198529928,0.5422347362181387,0.45465323058684054,0.0,0,11.261621162329885,0.8380941576488481,0.6333830733168132,13496,30,21.8110761873211,3.9904303783958777,2.7026509975403115,7.0,50.078,0.0005184033177812338,0.4514289039492254,0.8944935136627105,1.1013642517443676,0.09163846057415068,114.78833,5,6,0.8333333333333334,22,26,0.8461538461538461,133,140,0.95,25766,28812,0.8942801610440094
860,6374.207930177801,76.53540093847897,0.7052075471698113,0.29252830188679246,0.0,0,8.38188485805728,0.8522333483531307,0.7698672450874178,6625,16,23.267656373505943,3.4914795021898257,2.329623287671233,6.0,17.922,0.00045262522631261314,0.40508166302893345,0.9154880187025132,1.0812113139543995,0.07516846239775143,74.01796,488,534,0.9138576779026217,1319,1407,0.937455579246624,2538,2711,0.9361859092585761,19151,21013,0.9113881882644077
861,4871.763732538876,47.86386522691407,0.7946500945690353,0.20453931369900027,0.0,0,15.167964257295862,0.8538604116216294,0.8471620673854818,3701,20,21.7964639661538,2.7967247918919433,1.8167290037402244,4.0,7.033,0.0,0.1879484024869102,0.9416849438782092,1.0585803784796228,0.05544723373141604,46.439806,3238,3392,0.9545990566037735,3262,3426,0.9521307647402218,3295,3487,0.9449383424146831,4803,5197,0.9241870309794112
862,4113.691629584758,89.41752413968663,0.5800449149823548,0.416532991123944,0.0,0,11.141235382401472,0.8524567056873438,0.6325168311232314,9351,25,23.44209821435263,3.579449498149003,2.1253687315634218,6.0,30.502,0.000106928999144568,0.3742009617309485,0.9351226318108385,1.0624331994250544,0.05878287313819677,86.272928,282,306,0.9215686274509803,1028,1089,0.9439853076216712,2466,2612,0.944104134762634,21693,23229,0.9338757587498385
863,5076.278900327875,58.7449576330134,0.7188194865575096,0.2769355164746311,0.0,0,12.804507074177886,0.8571359486193856,0.8142319768740235,4947,25,22.901871957723415,3.3565372553836226,2.1465129358830146,7.0,12.286,0.0,0.2004106122415694,0.9540121120363361,1.0456592859513536,0.0438362361456684,56.051724,1410,1521,0.9270216962524654,3245,3372,0.9623368920521945,4484,4646,0.9651312957382695,11025,11597,0.9506768991980684
864,2342.285702202737,81.74758109578951,0.5358604350635365,0.4605858281283653,0.0,0,12.533969741953857,0.8585142989873594,0.5966177318874495,9286,19,20.557440131307015,3.2401513238954145,1.985128617363344,6.0,31.768,0.0006457167455876022,0.485020431514818,0.9476823604407613,1.0497805814591332,0.04744968771686329,78.586248,1219,1329,0.9172310007524455,3102,3224,0.9621588089330024,4055,4226,0.9595362044486512,12437,13183,0.9434119699613138
865,8506.920001632132,112.3619456241337,0.6765578635014837,0.3201780415430267,0.0,0,11.308234194784026,0.863864924354625,0.7337095553351954,10110,28,21.134748468112967,3.8222713120195615,2.116228070175439,6.0,27.434,9.890218573830482e-05,0.36200551694551475,0.9173741607758161,1.0808545545331336,0.07480198507904164,108.769754,114,123,0.926829268292683,538,575,0.9356521739130435,1514,1612,0.9392059553349876,23659,25841,0.9155605433226268
866,6486.385860175141,60.71619489058719,0.8196035242290749,0.17819383259911895,0.0,0,9.150624472302653,0.8575917599558338,0.8813029968078133,4540,19,22.93641198938264,3.3348581538273634,1.9658693899489386,5.0,8.428,0.0,0.2329877850560936,0.9492521622783964,1.0498851014936805,0.04756053158565447,58.869336,1537,1651,0.9309509388249546,3072,3151,0.9749285940971121,4307,4456,0.9665619389587073,10949,11669,0.9382980546747793
867,5843.409038433437,80.12159304112429,0.6684448091916291,0.3290931473122692,0.0,0,11.009196292495908,0.8588187760650074,0.7307544221945628,7311,32,22.785329386188927,3.5198827229576892,1.9079189686924494,5.0,19.44,0.0,0.23097198326524387,0.9413266373718351,1.0589443675847903,0.05590675622283682,77.49618,817,881,0.927355278093076,2372,2470,0.9603238866396762,3700,3867,0.9568140677527799,15604,16677,0.9356598908676621
868,6563.651325098288,69.44223422867796,0.7580904702306455,0.23940640085821563,0.00035758984444841767,0,9.267478880051506,0.851603171335945,0.8202319286818437,5593,21,24.19746521986792,3.20286798539713,1.8636792452830189,5.0,11.906,0.0,0.2631272075166632,0.9207643439547797,1.0785258824120099,0.07346125324434558,67.322742,1731,1888,0.916843220338983,2793,2959,0.9438999662047989,3388,3602,0.94058856191005,10495,11542,0.9092878184023566
869,9416.85525458783,106.48066703563921,0.7266073640355816,0.27046503772097735,0.0,0,9.005409155603106,0.8497780635027479,0.8127627562675123,8881,19,21.48557808213252,3.871000816045064,2.3523942352394234,6.0,22.659,0.00011258725512272011,0.46739898745692265,0.9090617653344731,1.0881689636656524,0.08083685296139868,102.26983,97,108,0.8981481481481481,493,527,0.9354838709677419,1406,1528,0.9201570680628273,23525,25911,0.9079155570993015
870,2987.6543211443154,44.293956180641324,0.6494100650132434,0.34649650854803754,0.0012039489525644113,0,7.900529172178158,0.8392106353342272,0.6975145415223192,4153,24,20.461356498665516,2.571426644003872,1.661104931405265,4.0,11.024,0.0,0.17835228685125934,0.9372000834550386,1.0623168178646196,0.06093260188087774,42.70402,3674,3911,0.9394016875479417,2929,3054,0.9590700720366732,2806,2978,0.9422431161853593,4067,4436,0.9168169522091975
871,2398.518324467995,75.12786548991144,0.5430519014589811,0.45324085147093995,0.00023917723032767282,0,10.449460937392459,0.8448775834648936,0.5958373556370171,8362,24,24.816102600697054,3.21222868178775,2.042942083241577,6.0,29.011,0.0,0.3496203439412767,0.9133379726281605,1.087462200511747,0.08084943072790073,72.365288,1158,1270,0.9118110236220472,2837,2965,0.9568296795952782,3900,4096,0.9521484375,11792,13224,0.8917120387174834
872,3986.1939468481055,45.2891725100793,0.7299077733860343,0.26824769433465084,0.00026350461133069827,0,6.5334519541933265,0.841326595719201,0.783918463188508,3795,24,24.64663345168525,2.680647264496095,1.7711191335740073,5.0,8.521,0.0,0.15944657072623486,0.9477396601474831,1.0520840023119902,0.05030144327385665,43.87133,3243,3406,0.9521432765707575,3432,3551,0.966488313151225,3481,3647,0.9544831368247875,4624,4991,0.9264676417551593
873,6301.524023097011,88.65062493962125,0.6604049768236155,0.3365454989021713,0.0,0,8.49223306151605,0.8563358627064,0.72241645031963,8198,31,21.35042493100675,3.680432213648239,2.01773180642778,6.0,22.664,0.0,0.26662418457901754,0.9373050292931598,1.0622235778557267,0.05869292748433304,85.309108,397,422,0.9407582938388626,1513,1548,0.977390180878553,3284,3390,0.9687315634218289,19444,20926,0.9291790117557106
874,5881.205047549209,99.38604465133066,0.6195296523517383,0.3774028629856851,0.0,0,8.653413749202135,0.871631618189986,0.6804169950676829,9780,26,20.717946741765182,3.80260244633899,2.1541508499752435,6.0,29.997,0.00010223903486351089,0.38096205381524506,0.95257647300349,1.0465363511659809,0.044527265594350725,95.860066,102,113,0.9026548672566371,512,524,0.9770992366412213,1448,1507,0.9608493696084937,25778,27082,0.9518499372276789
875,4685.187077479654,125.82635768510055,0.555822941734121,0.4402391890906439,0.0,0,11.495684785893058,0.8470767005997802,0.6093197155232706,13713,32,22.789078652832544,3.915911250670956,2.1733140907898187,6.0,46.744,0.0002916089523948385,0.43138915409279577,0.9086130065450494,1.0893319342427423,0.08203636828481033,121.3901,36,39,0.9230769230769231,243,262,0.9274809160305344,774,827,0.9359129383313181,25046,27596,0.9075953036671981
876,6450.373795182787,79.04581167514652,0.7010413653456754,0.2964998553659242,0.0,0,7.520993706848943,0.8374653660795737,0.7529213921644864,6914,17,23.695758181113547,3.2720569199058493,1.9030328037961626,5.0,17.167,0.00014461315979754158,0.4095442068867877,0.9158011869436202,1.0833604689026375,0.07714689144666467,76.82429,1437,1546,0.9294954721862871,2443,2532,0.9648499210110585,3094,3244,0.9537607891491985,12778,14246,0.8969535308156675
877,6952.865115706854,98.51263821447735,0.6576566757493189,0.33896457765667576,0.0,0,9.108932720132138,0.8521254833931754,0.7070153772712542,9175,24,21.49519815150411,3.588385542499316,2.094796155120981,6.0,25.433,0.00021793614470960008,0.3843202989547354,0.9270427300139736,1.0727567886658795,0.06777278804291934,95.63692,274,300,0.9133333333333333,904,945,0.9566137566137566,2459,2571,0.9564371839751069,21573,23378,0.9227906578834802
878,6887.28768474608,61.56330157378699,0.8496172895092301,0.14858171994597028,0.0,0,13.641598671920253,0.8525093337227865,0.9113448793961884,4442,19,22.97867758078459,3.2900054861151027,1.859565447800742,5.0,7.106,0.0,0.23818499007980398,0.9415006358626536,1.05899548232793,0.05668299510146956,59.642628,2123,2277,0.9323671497584541,3179,3301,0.9630415025749772,3809,3962,0.9613831398283695,8657,9332,0.92766823831976
879,5123.881288720772,106.925627359326,0.5853614728334082,0.41149528513695555,0.0,0,9.153043581623127,0.8464219777134389,0.6480457570201158,11135,31,21.363408993398934,3.89268951801572,2.2672598956735195,6.0,36.914,0.0,0.35915285782778883,0.9305929230664441,1.0693596260789464,0.06520008914074688,102.846264,19,22,0.8636363636363636,239,249,0.9598393574297188,758,779,0.9730423620025674,26309,28313,0.9292197930279377
880,4440.399741365694,71.82657633000366,0.6297409474738801,0.36768283955918135,0.0,0,7.041919502231682,0.8537183781440133,0.6752172283879622,6987,25,24.9237379000186,3.377616440492435,1.9370454545454545,5.0,20.463,0.0,0.2743127019569752,0.938844699439301,1.0622144877093758,0.058787432498772704,69.761454,1076,1131,0.9513704686118479,2547,2589,0.9837775202780996,3819,3974,0.9609964771011575,14158,15313,0.9245738914647685
881,5838.8023149998735,76.05120975060858,0.6813847733607159,0.31553469268006457,0.00014669209329617132,0,9.06222158222056,0.8619557639375612,0.7246108936853963,6817,26,24.021622065470154,3.529355059118416,2.032723358449946,6.0,18.033,0.0,0.25938162215651084,0.9441462066787716,1.0568568489356651,0.054030842761659384,73.55281,546,606,0.900990099009901,1794,1867,0.9608998393144081,3656,3833,0.953822071484477,17923,19028,0.9419276855160815
882,4112.322730471776,112.8735039745006,0.5544498381877022,0.44215210355987056,8.090614886731392e-05,0,11.144298168972535,0.8567269369767537,0.6190455780407051,12360,29,24.252794737454686,3.9331125936763693,2.225010944112068,6.0,42.339,0.00016178611875101117,0.42905643802632554,0.9369636186181133,1.0627469521461619,0.059238855116514694,108.030868,27,27,1.0,147,157,0.9363057324840764,456,481,0.9480249480249481,27210,29048,0.9367254199944919
883,4132.27044504132,53.15910945590414,0.6861344537815126,0.3115546218487395,0.0,0,11.197191724641565,0.857739929845806,0.7688057038593371,4760,26,19.064497861663945,3.1709937251245712,1.9623392529087569,6.0,12.236,0.0,0.18664111125047533,0.9597433197974633,1.040945356013849,0.039300679092616676,50.916894,1900,1992,0.9538152610441767,3452,3515,0.982076813655761,4084,4207,0.9707630140242453,9708,10233,0.9486953972442099
884,6179.780480693538,111.37547028047187,0.6089330469029717,0.3882921589688507,0.0,0,12.64997827806176,0.8573779051420246,0.6580249951366766,11172,29,20.576970658433925,3.785899392715986,1.9869175363810083,6.0,33.979,0.0,0.38597951525519886,0.9377615062761506,1.062521854675152,0.05886985627091947,107.786728,106,114,0.9298245614035088,552,583,0.9468267581475128,1531,1616,0.9474009900990099,24706,26367,0.9370045890696704
885,5342.2211711313685,61.758868801507305,0.7203050524308866,0.2755004766444233,0.00019065776930409913,0,11.219385232164882,0.8561340266725032,0.783395119526019,5245,19,24.171697409358373,3.1421862529328606,1.851508734780307,5.0,12.112,0.0,0.27526725957738096,0.9467415613460238,1.0539271930739542,0.051361752516281826,59.719562,2061,2169,0.950207468879668,3515,3597,0.977203224909647,3757,3877,0.9690482331699768,8870,9584,0.9255008347245409
886,5020.4686315856125,75.79575289548893,0.6442010671159787,0.35285032294299357,0.0,0,7.598755546292152,0.8653722744778652,0.7044902210509429,7122,28,18.657267811229367,3.4995235754810388,1.804707933740192,5.0,19.721,0.0,0.2554709112474183,0.9328496640422111,1.0684456193977447,0.06404568077472125,73.090036,790,826,0.9564164648910412,2056,2116,0.9716446124763705,3463,3637,0.9521583722848501,16321,17680,0.923133484162896
887,7970.494703922518,76.64981478977992,0.8059395801331285,0.19218296637651477,0.0003413551800648575,0,11.922372033710056,0.878676096327422,0.8534528716940432,5859,23,21.762471144563307,3.467989707231591,1.7426937738246506,5.0,10.329,0.0,0.25767454443432786,0.9488748874887488,1.0524131709517366,0.05058964279610323,74.67388,1264,1367,0.9246525237746891,2871,2965,0.9682967959527825,3585,3663,0.9787059787059788,13364,14225,0.9394727592267136
888,5711.956199574088,108.64308401410112,0.6009045680687471,0.3968340117593849,9.045680687471733e-05,0,13.187515747518754,0.8540599081730748,0.6488069748441005,11055,30,18.868262178664104,3.7453415937109074,1.9720006021375884,5.0,34.238,9.044862518089724e-05,0.36854333777987053,0.9395686525731369,1.060039264679636,0.05663924794359577,105.181338,170,183,0.9289617486338798,789,820,0.9621951219512195,2146,2244,0.9563279857397504,23295,24851,0.93738682547986
889,7405.584441563351,93.11814362025419,0.6928476340312235,0.3038847876074065,0.00012102142079148009,0,11.366462412880313,0.8588690618783643,0.7420500412165909,8263,27,22.010183154293664,3.6370001081564074,1.8908296943231442,5.0,20.912,0.0,0.30615229668433475,0.9346047990076366,1.0657030733962778,0.061756683033278775,90.89498,533,580,0.9189655172413793,1482,1531,0.9679947746570868,3017,3133,0.9629747845515481,19078,20553,0.9282343210236949
890,8776.492780496801,86.00752014136063,0.7933612440191388,0.20514354066985646,0.00014952153110047846,0,10.260646190229297,0.8620324415679718,0.827022774373345,6688,16,21.533342498139056,3.4273775207339536,1.895212966453072,4.0,12.946,0.0,0.41784891075196595,0.9215364695727234,1.0786862515706919,0.07327413806895448,84.283258,1089,1144,0.9519230769230769,2071,2127,0.9736718382698637,3266,3429,0.952464275298921,14926,16470,0.906253794778385
891,3279.4678462968623,121.75334817986854,0.5307448036951501,0.46615184757505773,0.0,0,13.566619024509068,0.8606450561672303,0.5956142677848367,13856,28,20.686434753840853,3.9083006275847825,2.235926026652162,7.0,49.592,0.0007211885186787826,0.49996026900360735,0.9391012743125419,1.0584588429529296,0.0553126781980612,116.918118,12,14,0.8571428571428571,149,162,0.9197530864197531,629,659,0.9544764795144158,27214,28985,0.9388994307400379
892,6609.114977900238,83.25596490188424,0.6927579635175606,0.3058807514293493,0.0001361285053090117,0,13.517472824844312,0.8524935772249713,0.7532051144159607,7346,31,22.201497264149204,3.7122479153923393,2.0269208095893103,5.0,18.878,0.0,0.23712987554827164,0.9413443484791588,1.0585380534968587,0.05533877261440227,80.524234,357,392,0.9107142857142857,1366,1425,0.9585964912280702,3171,3265,0.9712098009188361,20174,21548,0.9362353814739187
893,5513.4814832610455,50.6159063262847,0.8332881539712659,0.16616969368392517,0.0,0,13.516994406907001,0.8716257256945106,0.9173785017215836,3689,17,26.381549144188305,3.389514728288506,2.157124268054652,6.0,6.846,0.0,0.21259667340111513,0.9597604790419162,1.0398138820933467,0.03824003685786685,48.768554,1480,1612,0.9181141439205955,2948,3069,0.9605734767025089,4487,4620,0.9712121212121212,11120,11574,0.9607741489545533
894,8337.002144468574,102.04923849772942,0.7020247469066366,0.2955005624296963,0.0,0,16.62064133965414,0.8620473737012708,0.7641639154962759,8890,27,25.507256564890696,3.7334946857304114,1.8182983496234577,5.0,21.472,0.00011247328759419637,0.3223902675500005,0.9358407079646017,1.0647987965400527,0.061481611824740455,98.9051,311,332,0.9367469879518072,1337,1401,0.9543183440399714,2802,2948,0.9504748982360922,20507,21987,0.9326874971574112
895,8734.989520723584,96.77261916763874,0.7369417108251325,0.2600302800908403,0.00012616704516780217,0,13.44734529077198,0.8646277344186868,0.8217599217583423,7926,20,21.796909032168458,3.830373644740841,2.054100325286766,6.0,18.588,0.0,0.3907846165353923,0.9499001568963058,1.050572655690766,0.048678720445062586,92.789256,198,213,0.9295774647887324,865,909,0.9515951595159516,2527,2624,0.9630335365853658,23049,24298,0.9485965923121245
896,6730.866737882849,66.00220057216458,0.7956882911392406,0.203125,0.0,0,19.824763591661288,0.8735450251604441,0.8648961350944803,5056,18,22.867204127484587,3.429478531692916,1.8349490430027342,6.0,9.424,0.0,0.28147404277228943,0.9538730563826268,1.0460576194086428,0.04461100826297015,63.869062,1541,1645,0.9367781155015198,3159,3231,0.9777158774373259,4070,4172,0.9755512943432406,11413,12111,0.9423664437288416
897,3283.871448714256,54.504782878565784,0.6234230841649407,0.3722462813029561,0.00018828845791752966,0,10.757214660939741,0.8475621356075237,0.6969910820337647,5311,29,22.955144197914226,3.1117853160731612,1.8574448807006947,6.0,15.337,0.0,0.18312397967047167,0.9346077001997948,1.0680993882964327,0.06446072240464763,51.862314,2034,2177,0.934313275149288,3653,3749,0.9743931715124033,3996,4131,0.9673202614379085,7625,8462,0.9010872134247223
898,6097.653031770075,76.64081595750704,0.6927283476204552,0.3038723026899202,0.0002955956251847473,0,11.070845125333673,0.8451606067031554,0.7377512297169169,6766,27,24.323829335772935,3.515948581856269,1.9468743332622147,5.0,17.05,0.0,0.253312882369217,0.9482145742446275,1.0509476753604405,0.049454768852710794,74.11718,739,787,0.9390088945362135,2075,2124,0.9769303201506592,3744,3866,0.9684428349715468,16916,17979,0.9408754658212359
899,4724.70411040796,87.46985735364048,0.6028101439342015,0.3945624857208133,0.0,0,12.386421463490878,0.8478771418984018,0.6708204856342906,8754,21,21.343833808477783,3.666865284617989,2.362327079780178,6.0,28.819,0.00034258307639602604,0.4249307062368095,0.9139275874112306,1.0877302285736536,0.08072916666666667,83.743372,337,357,0.9439775910364145,1548,1592,0.9723618090452262,3547,3623,0.979022909191278,18119,20197,0.897113432688023
900,4809.330651374402,57.774975128756246,0.708868378812199,0.28892455858747995,0.0,0,11.210855966108062,0.8497451771354324,0.7734195898762202,4984,27,23.277144614930027,3.206336488529627,1.7766770450042457,5.0,11.762,0.0,0.18483786312832914,0.9503285151116951,1.0492649770799305,0.04813128533546805,56.05424,2125,2252,0.9436056838365897,3415,3484,0.980195177956372,3977,4111,0.9674045244466066,8563,9178,0.932991937241229
901,4790.977986287819,91.16960797928417,0.6010928961748634,0.39526411657559196,0.0,0,11.266158281117507,0.8603193052877702,0.6350180607022178,9333,30,23.668268381040917,3.590584882798199,1.8720142602495544,5.0,28.277,0.0,0.31067372646996894,0.9327679963493934,1.0667174990468928,0.06262921508519284,88.638662,414,439,0.9430523917995444,1378,1450,0.9503448275862069,2857,2985,0.9571189279731993,19880,21423,0.9279746067310835
902,4009.2413355571275,119.34829954204224,0.5483943916779738,0.44836423940901554,7.538067239559776e-05,0,12.202693926291468,0.8655877924371994,0.5994170541326475,13266,28,20.245929787535605,3.7694827698214732,1.98213058419244,5.0,44.676,0.0008285004142502071,0.47229216800295004,0.9389342531324792,1.061244660948145,0.058144931379699,115.49051,115,120,0.9583333333333334,680,707,0.9618104667609618,2034,2119,0.9598867390278433,23848,25466,0.9364643053483076
903,5283.862951240575,49.76453733688185,0.8194965184788431,0.1770219603642207,0.0016068559185859668,0,13.563713850634754,0.8672985414103476,0.858665159746962,3734,16,21.573494639347544,2.8237868908891297,1.365686274509804,3.0,5.439,0.0,0.23593745375624564,0.9594860364494558,1.0414831372033397,0.04303638644918444,48.532392,3370,3566,0.9450364554122266,2897,3009,0.9627783316716517,3333,3448,0.9666473317865429,5036,5231,0.9627222328426687
904,5576.5389034362015,56.05509808482773,0.7821827295511506,0.21599453178400546,0.000227842333105491,0,18.525945997583655,0.8626286946768065,0.8581637348570921,4389,16,21.137699229180445,3.036980676808054,1.7424992717739587,5.0,8.26,0.0,0.27815224073772427,0.9609102174157936,1.0383334274261842,0.03751490838122086,53.96138,2515,2700,0.9314814814814815,3415,3532,0.9668742921857305,3849,3992,0.9641783567134269,7281,7530,0.9669322709163347
905,8076.944338139463,96.05941530713902,0.7104176784847013,0.2871539582321515,0.0,0,11.940994590587328,0.8541921480374727,0.753199750770656,8236,29,22.740842031003318,3.806190648132617,2.087164587250043,5.0,20.89,0.0,0.2854151219755697,0.9274099266659581,1.0712965595678134,0.06669091390027775,92.816714,148,158,0.9367088607594937,632,668,0.9461077844311377,1495,1584,0.9438131313131313,23903,25817,0.925862803579037
906,7012.918042197431,81.16732662016064,0.7160332022717344,0.2804718217562254,0.0,0,7.038952776140244,0.8295995568379049,0.8224022261985375,6867,17,24.72118502554629,3.8672492430289385,2.809843400447427,7.0,20.011,0.00014560279557367502,0.4088523779027107,0.8927232354118889,1.106115436634134,0.09584307013790606,77.0651,83,90,0.9222222222222223,548,572,0.958041958041958,1943,2050,0.9478048780487804,21950,24759,0.8865463063936346
907,3812.36376718602,39.39689447952257,0.7724764686790003,0.225576111652061,0.0009737098344693282,0,9.790927103551057,0.8500692611570022,0.8513350027579515,3081,19,22.31531432614127,2.654273844110692,1.5710084033613445,4.0,5.67,0.0,0.15871569497904964,0.9408108907960935,1.0593037927707267,0.05713289152424137,37.570608,3860,4082,0.9456148946594807,3161,3315,0.9535444947209654,2819,2989,0.9431247908999666,2876,3130,0.918849840255591
908,6827.920388504728,88.53413331154997,0.6798870491592863,0.3172891798228725,0.0,0,9.606153929657147,0.8462589130693439,0.7902079914813552,7791,19,24.74197480085743,3.8687802770823674,2.451010005663583,7.0,22.121,0.0,0.4036165872300921,0.923087899543379,1.0766499282639885,0.07172660441088814,83.64946,97,109,0.8899082568807339,625,656,0.9527439024390244,2103,2210,0.9515837104072398,23051,25057,0.9199425310292533
909,4406.975103415007,84.68592089315295,0.598386167146974,0.3976945244956772,0.0,0,8.523933873041253,0.8454481416846952,0.64159607169611,8675,27,22.960663762705355,3.5282556411738075,2.002696975534579,5.0,27.146,0.0,0.3226970029120366,0.9457699848333518,1.0545151121824587,0.051939398190362626,82.204186,326,367,0.888283378746594,1281,1336,0.9588323353293413,2651,2746,0.9654042243262928,21309,22584,0.9435441020191286
910,5670.755952922478,65.52820755006483,0.7205035971223022,0.27661870503597125,0.0,0,7.7702036032925825,0.8629665451042069,0.7902460475802414,5560,24,22.17479358451153,3.559687095081746,2.056914628057913,6.0,13.518,0.0,0.22669639428199498,0.9582867635318537,1.041065216522052,0.03967493387511021,63.084428,661,718,0.9206128133704735,2102,2181,0.9637780834479597,3926,4074,0.9636720667648503,17318,18079,0.9579069638807456
911,6195.30463043523,121.09214387320615,0.5949592051054204,0.4015671702076097,8.078196946441554e-05,0,11.3197122910408,0.8539481698038781,0.6607568987681597,12379,30,23.88809715854605,3.9020250379313826,2.1572301425661915,6.0,39.452,0.00032302349995962207,0.4052523787731981,0.9291077889275718,1.0705262076757165,0.06608013770679927,116.450298,29,30,0.9666666666666667,229,238,0.9621848739495799,819,845,0.9692307692307692,26144,28185,0.9275855951747384
912,6245.793112715041,83.27637824051934,0.6729819879919947,0.3247498332221481,0.0,0,11.545085298068514,0.850556680835047,0.7558917858569956,7495,16,23.366223390174213,3.7144636786032366,2.4873116574147502,7.0,22.062,0.0002667733760170735,0.4618097741230335,0.9473422752111277,1.0523280649295172,0.04970326409495549,80.142346,179,196,0.9132653061224489,750,779,0.962772785622593,2490,2606,0.955487336914812,23279,24601,0.9462623470590626
913,3980.870863545424,42.34611490225285,0.7567487392465144,0.23850489469000297,0.0014832393948383269,0,9.250154026506571,0.8599780798885214,0.8213753809864157,3371,18,21.0701255153361,2.808638032437004,1.7949823598588788,4.0,7.186,0.0,0.19030385610745318,0.937842278203724,1.0625600879000137,0.06082036775106082,40.748546,3530,3709,0.9517390132111081,3489,3584,0.9734933035714286,3023,3197,0.945573975602127,3658,4118,0.8882952889752307
914,6027.513837514654,51.376419348347234,0.8840055632823366,0.11321279554937413,0.0025034770514603616,0,11.032942284105808,0.8518787598223535,0.9090585050588883,3595,18,21.392160934826826,2.9751907965927344,1.5166771554436753,3.0,4.252,0.0,0.2032278774954748,0.9155669079040727,1.0836420632658876,0.08122555410691004,50.47057,3180,3396,0.9363957597173145,2458,2578,0.9534522885958107,2572,2814,0.914001421464108,4694,5306,0.8846588767433095
915,5949.93696993891,57.54059103570049,0.8013095506886431,0.19665838789794535,0.0,0,10.010030526800861,0.8509514970122133,0.8570629140109925,4429,16,25.08051937282829,3.131111249760079,1.8678500986193294,5.0,8.348,0.0,0.2747949260504419,0.9237253409822631,1.0772978049066793,0.07233233776812381,55.866442,2544,2726,0.9332355099046221,3300,3435,0.9606986899563319,3253,3419,0.9514477917519742,6683,7503,0.8907103825136612
916,6947.859320711741,105.98556967549865,0.6399679615538646,0.35712855426511814,0.0,0,10.251396360611565,0.8698774655918934,0.7180598136627208,9988,27,21.95096214524909,3.947679239700245,2.138454317897372,6.0,29.25,0.00010011012113324657,0.36887628570888115,0.9425848599137931,1.058146209691035,0.05529044983139276,101.07351,24,28,0.8571428571428571,193,198,0.9747474747474747,764,784,0.9744897959183674,27010,28686,0.9415742871086942
917,8380.133047361916,77.60604469330438,0.8256036129928782,0.17213826645822478,0.0,0,10.189170067816079,0.8551681833012111,0.9065185494280661,5757,26,20.694200460070874,3.7097375985849377,2.1009888491479067,6.0,10.816,0.0,0.21907352746225472,0.9413078641300162,1.059910500732968,0.0565023073289488,74.802232,499,540,0.924074074074074,1555,1605,0.9688473520249221,3115,3194,0.9752661239824671,19273,20627,0.9343578804479565
918,6288.0018475984225,103.38385454942383,0.6253593734509765,0.3716665014374938,9.91375037176564e-05,0,13.779265152586342,0.8421297760280182,0.6910018815228962,10087,31,20.36175024496629,3.919559287535648,2.0990805326569437,6.0,30.018,0.0,0.3234768513225862,0.9187290159565262,1.0808606628492106,0.07492555473728027,99.164438,32,33,0.9696969696969697,287,298,0.9630872483221476,964,1008,0.9563492063492064,25260,27552,0.9168118466898955
919,5913.515742866031,99.44880132267198,0.619253316877507,0.3780726113339504,0.0,0,12.388784823155808,0.8518596616248062,0.7010188961317722,9723,29,22.097943057492444,3.949748818580568,2.365886065437635,6.0,30.767,0.0,0.3372804756728165,0.9160602644255407,1.082875772134523,0.07671198309308268,94.786304,10,14,0.7142857142857143,75,83,0.9036144578313253,435,458,0.9497816593886463,26294,28716,0.9156567767098481
920,7853.010619104183,95.96534090598573,0.7011123071402943,0.29625642865685925,0.00011960291831120679,0,12.131053717947447,0.846423808558856,0.7654035971742471,8361,30,21.457758550284858,3.9006140365005106,2.1808256567724325,6.0,21.878,0.0,0.27685417524994027,0.9389243081931633,1.0599816382739977,0.057017684116273865,92.27655,38,45,0.8444444444444444,246,257,0.9571984435797666,859,902,0.9523281596452328,26544,28284,0.9384811200678829
921,4419.055947332565,75.9641227460901,0.6155600268276324,0.37987927565392354,0.0,0,12.449768121106482,0.85167930616042,0.6774238122405155,7455,23,24.658914828679876,3.562387630540848,1.978426672477664,5.0,22.112,0.0,0.3227632546039616,0.9139964862377645,1.0857382902751522,0.07908625139643284,72.918526,627,681,0.920704845814978,2207,2294,0.9620749782040104,4046,4253,0.95132847401834,14970,16678,0.8975896390454491
922,1820.8930932723015,60.285541906744534,0.5347450044736057,0.4612287503728005,0.0,0,9.460745252123488,0.8729196793162455,0.643092448117515,6706,17,19.457814869832788,3.7650200586416918,2.834913552704964,8.0,25.635,0.0,0.39717799091965256,0.9656348750359092,1.0339495073005827,0.03278688524590164,56.211114,217,234,0.9273504273504274,1246,1261,0.9881046788263284,3533,3593,0.983300862788756,21895,22760,0.9619947275922671
923,4251.364513360118,75.87948935516289,0.6107792380193814,0.3861675295367052,0.0,0,11.146309452496865,0.8669539821848913,0.6604698665099352,7533,30,23.681359190210877,3.6212699850179515,1.8213431862638556,5.0,22.031,0.0,0.25158339955833176,0.944171610419204,1.0565027365436863,0.053756645228447156,73.016028,513,554,0.9259927797833934,1916,1979,0.9681657402728651,3671,3799,0.9663069228744406,17932,19121,0.9378170597772083
924,4896.680233818749,58.47250686711732,0.7113071371291099,0.2868885324779471,0.0,0,8.801259039819696,0.8786017660707682,0.7775097251917149,4988,31,19.72458849127424,3.4372345777518225,1.8489289740698986,6.0,12.014,0.0,0.15927189517271173,0.9697936702220668,1.0299343544857769,0.029114676173499703,56.041602,1163,1233,0.943227899432279,2920,2979,0.9801946962067808,4592,4672,0.9828767123287672,13510,13992,0.9655517438536306
925,2168.550147387473,52.32391804353904,0.5703598147488422,0.4260776629853937,0.0003562522265764161,0,6.6449281895644186,0.8935591119278876,0.6021914507719531,5614,22,21.184423147593932,3.069779288226294,1.6992504684572143,5.0,17.462,0.0,0.25657721024932384,0.9708066063942623,1.0285410657355396,0.02946078431372549,51.253456,1991,2113,0.942262186464742,3202,3264,0.9810049019607843,4619,4731,0.9763263580638343,9409,9691,0.970900835827056
926,6955.586137604554,97.69439189685824,0.6588352084712111,0.33631149349216855,0.0,0,12.169996622735797,0.8921448136694685,0.7197372226776091,9066,27,20.18368841973144,3.885467386735247,2.1091578771136783,6.0,25.498,0.0,0.3339246298741362,0.964164841728051,1.034684579827741,0.03372875921769798,94.462498,51,53,0.9622641509433962,296,311,0.9517684887459807,941,961,0.9791883454734651,27770,28813,0.9638010620206157
927,5152.134766446734,70.59917867431575,0.6685802948021722,0.3283165244375485,0.0001551590380139643,0,5.447380752085193,0.8857274162129519,0.7176979869763015,6445,23,24.09018506103645,3.5167627307426046,1.7421675562775587,4.0,16.561,0.0,0.27722637341445694,0.9644302615193027,1.0345258065774587,0.033984962406015035,68.529906,681,732,0.930327868852459,1802,1872,0.9626068376068376,3247,3375,0.9620740740740741,19052,19717,0.9662727595475985
928,7938.588578640019,85.72598070401789,0.7485730593607306,0.2482876712328767,0.0,0,7.874185200323646,0.8591340782187274,0.785039193295714,7008,21,26.41295732858466,3.620468701676137,1.9435760579489134,4.0,15.909,0.0,0.3355855731577605,0.9386372939381535,1.0619831632272965,0.05854119955156951,84.069046,449,486,0.9238683127572016,1054,1093,0.9643183897529735,2185,2263,0.9655324790101635,21536,23031,0.9350874907733056
929,7131.386460273338,62.35322707274484,0.8657596371882086,0.1326530612244898,0.0,0,9.111275761931886,0.8520169036590259,0.9200013291187721,4410,16,22.638155373820226,3.4532122089715687,1.7530120481927711,4.0,6.184,0.0,0.27815991002490403,0.9418858607919476,1.0579530855973736,0.054964777673082964,60.49249,1555,1665,0.933933933933934,2738,2828,0.9681753889674681,4050,4209,0.962223806129722,11495,12360,0.9300161812297735
930,8675.34197461695,93.0895313464806,0.7542127435492364,0.24381253291205898,0.00013164823591363875,0,12.88172665233795,0.8730595228536726,0.7775549436107334,7596,16,19.179142909980232,3.2805668953955873,1.4348053761563972,3.0,14.255,0.00026322716504343247,0.47467479955938674,0.966996699669967,1.032777166087914,0.03210746170857564,91.641594,1466,1518,0.9657444005270093,1674,1721,0.9726902963393376,2803,2894,0.9685556323427782,16911,17501,0.9662876407062454
931,2601.3077341608796,128.28791986014457,0.5183283974991774,0.47792036854228365,0.0,0,12.402057103783992,0.8721031085735437,0.5565182640651625,15195,32,20.611758684336948,3.734057609817209,1.9126460132046723,5.0,53.497,0.0004604657281936587,0.4759638836815221,0.9702717066365508,1.0298155226857237,0.028995323334945977,125.163988,78,84,0.9285714285714286,384,390,0.9846153846153847,1002,1015,0.987192118226601,27747,28617,0.9695984904077996
932,3364.21170627492,45.12713402963645,0.6769080712021458,0.31894659839063644,0.002926115581565472,0,9.876351287933998,0.8682051246484543,0.6956255768349338,4101,21,22.44897114236322,2.692040034137809,1.3544668587896254,3.0,9.467,0.0,0.1896253558893784,0.961805330393619,1.0359187922956794,0.039728501152001994,44.059828,3122,3304,0.9449152542372882,3036,3127,0.9708986248800767,3489,3605,0.9678224687933425,5185,5385,0.9628597957288765
933,5332.631241734208,87.64549161429862,0.6253826230280197,0.371556392747822,0.0,0,13.801789170458827,0.8573489205855879,0.7003961784647548,8494,24,21.991496122614777,3.7405769907241524,1.8970256024096386,6.0,24.265,0.0,0.35354232691997134,0.9579698943726768,1.0411671400641853,0.039554612937433724,83.610668,269,285,0.9438596491228071,1514,1548,0.9780361757105943,3555,3651,0.9737058340180772,20691,21687,0.9540738691381934
934,7562.54656611113,103.42273315365438,0.6680837496014455,0.32989690721649484,0.0,0,15.135097532116404,0.849019402806449,0.7468131399782992,9409,30,22.063947748097398,3.899812365049422,2.0213172128539614,6.0,25.373,0.0,0.31333002922670383,0.9397711511789182,1.0589114416794105,0.055633779757031994,99.150118,81,84,0.9642857142857143,543,563,0.9644760213143873,1706,1772,0.9627539503386005,24773,26421,0.9376253737557246
935,7549.495687533307,124.40487192328173,0.6235187623436471,0.37327188940092165,0.0,0,15.037575806946897,0.8345389863710889,0.6799942571483991,12152,26,23.533908764003236,3.870910131432254,2.1973076415467863,6.0,36.982,0.00024681201151789385,0.4689723179071591,0.9038973783821674,1.093251101321586,0.08498492720159066,119.959786,32,34,0.9411764705882353,295,308,0.9577922077922078,1030,1092,0.9432234432234432,24433,27098,0.9016532585430659
936,7582.7511442708255,104.11066151335608,0.665963505959287,0.33139964138803923,0.0,0,17.39004351628442,0.8528609205743499,0.755595896160736,9481,23,24.277547275223625,3.9098007126775434,2.088216661387393,7.0,25.977,0.0001054629824931449,0.41121475358423687,0.9549276824756139,1.0436190668960632,0.042111028772110703,99.37325,34,36,0.9444444444444444,353,371,0.9514824797843666,1293,1341,0.9642058165548099,26710,27982,0.9545422057036667
937,5821.727159003906,46.85376011694346,0.9358638743455497,0.06380890052356021,0.0,0,15.140551792134636,0.8562812453921699,0.983020537405702,3056,18,21.48057801464531,3.102197223882634,1.6017482517482518,4.0,2.687,0.0,0.17195901402703803,0.9671947112386179,1.0331063776625649,0.032055538786598246,45.782148,2624,2760,0.9507246376811594,3518,3628,0.9696802646085998,3681,3799,0.968939194524875,5685,5847,0.9722934838378656
938,7316.185069342695,74.35167865275058,0.7760965657939476,0.22101326079564773,0.0,0,12.973936327237798,0.854941003618101,0.8132963096612044,5882,20,20.021415127354537,3.3583843791764765,1.8089813800657175,4.0,11.746,0.0,0.29294240169272867,0.9293157346300799,1.070806479707368,0.06639643291447102,72.836298,1130,1196,0.9448160535117057,1916,2057,0.9314535731648032,3458,3690,0.9371273712737127,14900,16089,0.9260985766672882
939,2765.153831106603,40.128964618168034,0.654364224137931,0.3410560344827586,0.0026939655172413795,0,19.720488449103165,0.8471022946168382,0.7160541985185559,3712,16,22.762308205862652,2.6969344485595825,1.84149855907781,5.0,9.89,0.0,0.22942294631539562,0.94510415959829,1.0534606205250596,0.055381065316325875,38.461432,3254,3474,0.9366724237190558,3753,3860,0.972279792746114,3187,3305,0.9642965204236006,3734,4098,0.9111761835041484
940,5141.286330680211,47.7288262085328,0.8275280898876405,0.17134831460674158,0.0,0,19.96562068826003,0.838747457218113,0.8665730661690726,3560,22,23.23952869136255,2.9410802673589505,1.5906313645621182,3.0,5.576,0.0,0.15861986653831092,0.9399925456578457,1.0605155024280912,0.05793539325842697,46.52139,2817,2993,0.94119612429001,3084,3216,0.9589552238805971,3547,3757,0.9441043385680064,5684,6132,0.9269406392694064
941,4846.839467764427,94.51534302099628,0.5951762137436324,0.40128911529265,0.0,0,10.508167199421159,0.8503029434151025,0.6610132242493133,9619,28,20.65404698033534,3.9219795062185687,2.0941484716157204,6.0,29.955,0.00020787859889824343,0.3417989211679424,0.9550475810208292,1.0432273773389813,0.04155372006250598,90.31437,37,38,0.9736842105263158,239,246,0.9715447154471545,783,815,0.9607361963190184,27644,28955,0.9547228457951994
942,4153.228911224179,39.20366393929112,0.8141503046716316,0.18111035883547733,0.0013540961408259986,0,6.821652171949068,0.837978628028842,0.8842663109766615,2954,19,22.29676748368196,2.9774679886493525,1.8386694386694387,5.0,5.117,0.0,0.1541653634572708,0.9462099740698305,1.0554648279199177,0.054183539611019224,37.670374,2512,2702,0.9296817172464841,3606,3769,0.9567524542318917,4081,4261,0.9577563952123914,5492,5851,0.9386429670141856
943,6513.0631388673355,79.63168971072395,0.7024050999710229,0.29527673138220806,0.0,0,13.386611553034854,0.8505451352281734,0.781946557995083,6902,26,21.906669869436126,3.7700456289220656,1.977516501650165,6.0,17.282,0.0,0.2649756515188794,0.9506786323518505,1.0510488212363096,0.048851892349476206,76.293244,314,334,0.9401197604790419,1383,1419,0.9746300211416491,3275,3349,0.9779038518960884,20664,21864,0.9451152579582875
944,5190.465570416234,82.40446553618898,0.6315590312815338,0.365539858728557,0.0,0,11.87966515217807,0.8537268458749969,0.7061394017331364,7928,16,23.651595321502256,3.620115759853421,2.1012582384661473,7.0,23.095,0.00037826251418484426,0.49401511424278877,0.9563629222309505,1.042757588881452,0.04101849410523937,79.23784,507,555,0.9135135135135135,2003,2078,0.96390760346487,4423,4546,0.9729432468103828,17416,18281,0.952683113615229
945,3687.392906240314,76.27703223092314,0.588925327951564,0.4080474268415742,0.0,0,8.682011384162902,0.8439511623792059,0.6413496808994733,7928,24,24.1455874173736,3.5501578176847635,1.8209466695223817,5.0,24.453,0.0,0.3311689674248318,0.9493573369014313,1.0513986439852219,0.04886232163517162,73.697172,680,717,0.9483960948396095,2295,2349,0.9770114942528736,4065,4165,0.9759903961584634,16374,17432,0.9393070215695273
946,5237.619025392734,60.88086581009469,0.7213146635550369,0.27557370672889925,0.0007779074290159471,0,12.558374408511373,0.8605447282259361,0.7599226479721458,5142,18,22.972858641635018,3.1070471805420343,1.690482609867889,4.0,11.51,0.0,0.28313831676195883,0.9189499025564599,1.0828494221813374,0.07815059445178335,59.44381,2539,2693,0.9428147047901968,3068,3212,0.9551681195516812,3254,3434,0.947582993593477,7171,8107,0.8845442210435426
947,5012.970630490195,93.01356932629984,0.6010888129803587,0.39549530315969256,0.0002134927412467976,0,8.132510357374125,0.8505916567394244,0.6638418259952993,9368,24,25.397998077935497,3.7949788715988886,2.452139939619961,6.0,30.788,0.00010673497705197993,0.3851343756736121,0.8913312468156344,1.1090024864706742,0.09866824115987667,89.340988,138,144,0.9583333333333334,515,535,0.9626168224299065,1405,1478,0.9506089309878214,22434,25321,0.8859839658781249
948,7783.223918141583,96.07677384507087,0.6944643283225961,0.3024337866857552,0.00011930326890956812,0,7.617604543653167,0.857634870894225,0.7994439746048216,8382,18,18.59334769150975,3.802307393778475,2.517608658306133,7.0,23.677,0.00011928903733746869,0.4600633628888732,0.8988147178592205,1.0992796284784436,0.09026560381040585,91.73049,115,124,0.9274193548387096,564,585,0.9641025641025641,2030,2155,0.9419953596287703,22012,24640,0.8933441558441558
949,4489.400811473527,95.2949379365163,0.5815502624142107,0.4145135244247073,0.0,0,10.270235473815896,0.8386731113806914,0.6592826030015829,9908,29,19.72613103832375,3.900250160684937,2.3708781673030197,6.0,33.758,0.0,0.34409190930708344,0.9008521338269191,1.0976422707178444,0.08913347754167197,91.175762,31,34,0.9117647058823529,181,191,0.9476439790575916,704,740,0.9513513513513514,24879,27669,0.8991651306516318
950,6373.379838543866,96.4231621467915,0.6392669007901668,0.3572212467076383,0.0,0,11.209949450327807,0.8316656153212555,0.7030814530412727,9112,21,22.06808277997685,3.819622163495596,2.5145064377682402,6.0,28.671,0.0,0.4320810141950373,0.8915386295783878,1.108546133021146,0.09787821060237797,92.986234,116,126,0.9206349206349206,513,544,0.9430147058823529,1530,1622,0.9432799013563502,22328,25174,0.8869468499245253
951,2409.633002981797,72.00690076676283,0.5432692307692307,0.4526821862348178,0.0,0,6.456174485592518,0.8478852772446326,0.6278796689954471,7904,19,23.98043595348415,3.7711070463860175,2.6346064275733583,7.0,29.105,0.0,0.415966142179208,0.930974208968002,1.0676241985744475,0.06356894708711919,67.971442,125,136,0.9191176470588235,739,766,0.9647519582245431,2359,2439,0.96719967199672,22875,24692,0.9264134132512555
952,4885.538458427958,105.06921660226739,0.5815712723295662,0.41478308421436383,0.0,0,13.100833673465582,0.8535909628870078,0.6404561718045997,10972,28,21.2753256516213,3.848065594790882,2.023664002507444,6.0,35.126,0.0,0.39210560789626314,0.9348343721549128,1.0648730286958659,0.06111713844231844,100.948242,81,88,0.9204545454545454,533,564,0.9450354609929078,1971,2046,0.9633431085043989,24112,25860,0.9324052590873937
953,6003.611048887419,104.69133833670361,0.6140299669196342,0.38324576765907764,0.0,0,11.510058053287116,0.8586867764993893,0.6894011643897562,10278,32,20.252606815257423,3.914427586565016,2.093804468388528,6.0,31.513,0.0,0.32256124646567597,0.9368895822029301,1.062453228110756,0.058823529411764705,100.358868,34,39,0.8717948717948718,238,248,0.9596774193548387,828,867,0.9550173010380623,26527,28334,0.9362250299992941
954,5310.900143768331,113.43160649056654,0.583206106870229,0.41382527565733673,0.0,0,10.76584282229974,0.8391708257662208,0.6401053181337546,11790,32,19.32866129497735,3.896959402676904,1.9284467713787086,6.0,37.173,8.481044864727334e-05,0.37028302387202616,0.9317564547736102,1.067245717437011,0.06313009308467807,108.985816,52,55,0.9454545454545454,338,353,0.9575070821529745,1114,1181,0.9432684165961049,25598,27498,0.9309040657502364
955,6510.156697582438,92.30678531857473,0.6588593512120857,0.3376273568333529,0.0,0,10.559074626171146,0.8513822397230955,0.7258709994769673,8539,31,22.771832118063806,3.8008526823560063,1.85087095627444,5.0,23.104,0.0,0.276122518682604,0.9519491019016486,1.0469465380009861,0.04475857900745417,89.239794,173,183,0.9453551912568307,820,843,0.9727164887307236,2207,2286,0.9654418197725284,23882,25137,0.950073596690138
956,2386.7645443339457,113.5883099170748,0.5160564225690276,0.4800420168067227,7.503001200480192e-05,0,8.94065973844604,0.8426523159751771,0.5859912554219611,13328,30,25.490985953948794,3.825931381487813,2.5567025298051758,7.0,50.452,0.0003750093752343809,0.4426257493956197,0.9413060162167574,1.0568752091000335,0.05394911294904981,108.883642,13,15,0.8666666666666667,127,134,0.9477611940298507,390,403,0.967741935483871,27680,29417,0.9409525104531393
957,3744.542404611772,71.81015196131321,0.6022557412691942,0.39448294605245277,0.00040766408479412964,0,11.34283394390483,0.8814716699590406,0.6265218524759528,7359,29,22.752018723756827,3.0066818914284252,1.339124548736462,3.0,20.119,0.0,0.2542394297409616,0.9698292402148887,1.0290865384615384,0.029332340068907718,70.153512,2021,2124,0.9515065913370998,2589,2630,0.9844106463878327,3365,3470,0.9697406340057637,12244,12624,0.9698986058301647
958,5571.846108213109,91.25202747008552,0.6271905346578859,0.36901439892845184,0.0,0,7.979421651421106,0.8646204136384168,0.6569543639213112,8959,21,22.182819218367996,3.3607445855111817,1.7065314112831464,4.0,24.874,0.0,0.4245632476115493,0.9625268969997158,1.037478151294663,0.036081869056470865,89.45698,965,1031,0.9359844810863239,2095,2133,0.9821847163619315,3009,3085,0.9753646677471637,17639,18382,0.9595800239364596
959,4103.9336064871895,91.54606081800921,0.5803598971722365,0.41645244215938304,0.0,0,12.056837036354118,0.8581968358306026,0.6126260308962311,9725,29,21.78959657700685,3.289332469719795,1.5501417434443656,4.0,29.448,0.0,0.33777280841355956,0.9592577147623019,1.0412595005428882,0.03991672338551468,89.71936,1070,1137,0.9410729991204925,2224,2273,0.9784425868895732,3290,3365,0.9777117384843982,16419,17205,0.9543156059285092
960,5429.562703311632,62.39257933930418,0.7278782112274025,0.2704091341579448,0.000570884871550904,0,9.90115377760483,0.875695255691275,0.7442918786535109,5255,27,24.115876374909966,3.082507484788229,1.4149019607843136,3.0,10.569,0.0,0.19410141912353646,0.9577442330179653,1.0436102236421725,0.042836792836792835,61.174394,2368,2541,0.9319165682802046,2845,2941,0.9673580414824889,3551,3680,0.964945652173913,9255,9652,0.9588686282635723
961,4204.25949295257,115.0473818506571,0.555863708399366,0.44049128367670365,0.0,0,10.923524679766105,0.853464849429393,0.6025742397947016,12620,29,22.246381049019323,3.6721424198083943,1.8215253029223093,5.0,41.111,0.00015845349389954048,0.4335603246832461,0.9318767908309455,1.065738341968912,0.061512605042016805,111.345428,171,184,0.9293478260869565,816,853,0.9566236811254396,1947,2079,0.9365079365079365,23084,24804,0.9306563457506853
962,3563.7728556757147,65.2221039931001,0.6084455880127138,0.388527319509611,0.0,0,10.560591028569483,0.8827307632439408,0.6496360933410666,6607,17,23.366865604491153,3.0330604709356255,1.61318407960199,5.0,18.576,0.0001513317191283293,0.39313145255779747,0.9633152173913043,1.0382814201698976,0.03730445246690734,63.511296,2503,2653,0.9434602336977007,3337,3412,0.9780187573270809,3200,3291,0.9723488301428137,8685,9044,0.9603051747014595
963,6157.223858999561,101.412694016312,0.6261926283016973,0.3706939841317666,0.00020086371397007131,0,11.122010872739542,0.8709024566988524,0.6663147374188721,9957,21,19.233508200301102,3.460436887576905,1.8489174017642342,5.0,28.671,0.00030120481927710846,0.47729557011700274,0.9350153754955356,1.0645269265099673,0.060921299839955464,99.108786,373,394,0.9467005076142132,985,1040,0.9471153846153846,2097,2279,0.9201404124616059,21782,23278,0.9357333104218576
964,5056.146465247453,53.824867492511174,0.7557497700091996,0.24126034958601655,0.0,0,11.544154442662773,0.8807800534720484,0.7980263186792994,4348,19,18.033742115135738,2.9510935511770975,1.6132075471698113,4.0,8.534,0.0,0.23093478127276432,0.9470831182240578,1.0523489064319917,0.050199203187251,52.21274,3387,3600,0.9408333333333333,3088,3177,0.9719861504564055,2851,2994,0.9522378089512358,5350,5725,0.9344978165938864
965,4526.968511130917,66.2461502369356,0.652972450459159,0.3433220557435154,0.00032221685194135655,0,11.484327658348295,0.8633817598554693,0.694253104542777,6207,31,21.338775132319768,3.104889199951475,1.5635331852948433,4.0,15.937,0.0,0.20500117027250672,0.9544303797468354,1.0455241616054924,0.04387291981845688,64.371396,2374,2481,0.9568722289399436,3070,3128,0.981457800511509,3424,3542,0.9666854884246189,9228,9809,0.9407686818228158
966,6310.008192560087,67.18819793470206,0.7553483269336259,0.24136039495337355,0.0005485463521667581,0,12.671844806385188,0.8751999007304013,0.7880223467382699,5469,22,24.809825638963243,3.2475172824928995,1.6463326071169209,4.0,10.936,0.0,0.253443144984129,0.9506154156577885,1.0515891061593654,0.04993769769002204,65.531832,1833,1962,0.9342507645259939,3239,3374,0.9599881446354476,3946,4118,0.9582321515298688,9827,10370,0.9476374156219864
967,7205.24208453381,82.64391899176209,0.7242415569547797,0.27203777904979964,0.00014310246136233542,0,13.273736547157593,0.8679213754265068,0.7678866192810802,6988,25,22.596116827634447,3.452491279967902,1.8196008693934005,5.0,16.194,0.0,0.27904772435555414,0.9478905124511217,1.053271259063942,0.050828254414752305,80.664798,884,936,0.9444444444444444,2097,2150,0.9753488372093023,3650,3757,0.9715198296513176,16398,17452,0.9396057758423103
968,6010.483815345722,63.79578057614096,0.7562536358347877,0.24180725227845648,0.0,0,13.031912518169298,0.8568928404152999,0.8254804752235205,5157,22,23.934664846892467,3.467754915478359,1.9912820512820513,6.0,11.358,0.0,0.23012288583115634,0.949369829789077,1.0519649518521732,0.04944421572663647,61.472366,971,1063,0.9134524929444967,2688,2785,0.9651705565529622,4247,4400,0.9652272727272727,14014,14841,0.9442759921838151
969,5956.800574754081,86.66141931129872,0.6530511811023622,0.34424212598425197,0.00012303149606299212,0,13.850708324020061,0.8718694997714478,0.7145215660053249,8128,32,23.320680562614108,3.660600020044062,1.910700828937453,6.0,22.184,0.0,0.25329511295350515,0.9329346433148227,1.0684648917951114,0.06428052325581396,83.608624,453,496,0.9133064516129032,1599,1671,0.9569120287253142,3192,3328,0.9591346153846154,18780,20256,0.9271327014218009
970,4669.280146921278,64.68435589711484,0.6640874684608915,0.3328847771236333,0.0001682085786375105,0,8.883641270680068,0.8533796557048478,0.7430390955813798,5945,20,20.43495358366311,3.5161829699626033,2.137791286727457,6.0,16.914,0.0,0.297507382908799,0.944671618125678,1.0557830519806117,0.05291444378581308,61.901352,796,851,0.9353701527614571,2445,2493,0.9807460890493381,4220,4340,0.9723502304147466,15179,16282,0.9322564795479671
971,5000.578928940123,66.67840135975999,0.6750788643533123,0.3214345010791964,0.0004980906524987548,0,6.637914039819494,0.8546809629456157,0.7143421777261798,6023,20,24.62268644616177,3.3596726132572705,1.9153959665518938,5.0,15.886,0.0,0.29765668953341406,0.923598493241746,1.078388701367916,0.07345815882401248,64.728576,1015,1091,0.9303391384051329,2353,2492,0.9442215088282504,3733,4037,0.9246965568491454,13740,14945,0.9193710270993644
972,4221.262932636548,81.49980057498178,0.5963159162051529,0.4005538165181796,0.0,0,9.103811387512739,0.8527602696807978,0.6494590527428781,8306,17,25.832592816296774,3.3439735592603275,2.2269331718150616,6.0,26.66,0.0006016123210203345,0.492441887711926,0.930814092833746,1.0672845450168513,0.06306373741532242,78.98833,571,623,0.9165329052969502,1803,1913,0.9424986931521171,3452,3633,0.9501789154968345,17476,18865,0.9263715875960774
973,6467.485279350174,63.36946846264524,0.7944264943457189,0.20375605815831987,0.0,0,7.8580425170077675,0.8600660616103682,0.8390254780462083,4952,22,20.91754573831973,3.343562892840636,1.7666497203863751,4.0,9.299,0.0,0.2243008239019887,0.9457011406115211,1.055667530473174,0.05279404421444459,61.852796,1639,1740,0.9419540229885057,2872,2946,0.9748811948404617,3945,4113,0.9591539022611233,11277,12067,0.9345321952432253
974,3294.873364808568,54.00272047054308,0.6280313156387245,0.36910444911208706,0.0003818980332251289,0,10.656247371995464,0.8603112154666513,0.6688633560628731,5237,19,21.539867234908407,2.739478320709634,1.6688963210702341,4.0,14.629,0.0,0.2786176481432595,0.9381423308124879,1.0619491964748575,0.05922772879294618,52.505344,3404,3594,0.9471341124095715,2994,3104,0.9645618556701031,2789,2953,0.9444632577040298,5327,5820,0.9152920962199312
975,1925.055956613991,117.6274580163371,0.5093378607809848,0.48762026032823996,0.0,0,9.96788630364246,0.8715008230690429,0.5524428165218546,14136,29,21.67217936989699,3.638684717835248,2.0031944444444445,5.0,50.845,0.00042426813746287653,0.48390426764028527,0.9251459474947172,1.0756710143365311,0.0706939590614079,114.05306,173,200,0.865,674,716,0.9413407821229051,1446,1525,0.9481967213114754,23538,25480,0.9237833594976452
976,2816.497782065881,63.343736243184274,0.5779775280898877,0.418876404494382,0.000149812734082397,0,6.516012799586739,0.8672048159001235,0.6184682734043874,6675,20,23.590787419842925,2.9447791964444936,1.6485225505443235,4.0,20.245,0.0,0.33489644897676685,0.9435002529084472,1.0570037529161171,0.054293231284381724,61.503742,2123,2262,0.9385499557913352,2532,2621,0.9660434948492942,3381,3538,0.9556246466930469,10617,11349,0.9355009251916468
977,2816.2249130341443,42.134624513825365,0.6469398077895802,0.3497723823975721,0.00025290844714213456,0,6.844186981209878,0.8699630555987414,0.7062925640633239,3954,18,21.409224928029637,2.5833340574528463,1.5985144644253322,4.0,10.375,0.0,0.22440864831739982,0.9571155422015842,1.041578190287006,0.04124656278643447,40.73326,3736,3956,0.9443882709807887,3018,3099,0.9738625363020329,2923,3045,0.9599343185550082,4339,4544,0.9548855633802817
978,2592.4289766577167,78.7402985636012,0.5481019830028329,0.4491784702549575,0.0,0,7.382247647279858,0.8844135904042503,0.5734687423700671,8825,21,20.71407096488464,3.13797943562955,1.96919578250982,5.0,29.604,0.00011330160888284614,0.4222154177553401,0.9440282408315356,1.056554866074935,0.053637713437268,77.272692,729,768,0.94921875,1509,1554,0.971042471042471,2909,3026,0.9613350958360872,18921,20147,0.9391472675832631
979,3076.948418523667,72.49338439784825,0.5711685948264656,0.42558169764721177,0.00012998830105290525,0,6.393271935860776,0.86667357528201,0.6234302890822807,7693,19,25.12356396036751,3.3709331161071687,1.9604005461993628,5.0,25.099,0.00012997140629061605,0.40363421684549705,0.9461519746979158,1.0545801836950337,0.05233630494927759,70.384526,730,798,0.9147869674185464,1916,1996,0.9599198396793587,3591,3775,0.9512582781456954,17097,18093,0.9449510860553806
980,3389.0811378843373,48.2287212264675,0.6576172313215167,0.33767107920125644,0.0002243661655822302,0,8.050479484824514,0.8798349346595441,0.724212507553433,4457,20,22.07573651396531,2.6738559320753623,1.765267826680314,6.0,11.766,0.0,0.22298051464262414,0.9689250545433103,1.0303638941398865,0.030138396431430858,46.522622,2918,3120,0.9352564102564103,3240,3305,0.9803328290468987,3935,4008,0.9817864271457086,6339,6526,0.9713453876800491
981,7497.3469337926745,102.71561652407921,0.6693299243634814,0.32864599978693937,0.0,0,10.235945148259283,0.8791092508689188,0.7031580930865536,9387,24,21.442346086746326,3.4408053354667474,1.7477319751710967,5.0,24.31,0.0002130152305889871,0.3884128256364196,0.9684396778969415,1.0309516922186868,0.030187357730695148,100.43099,417,452,0.922566371681416,1132,1176,0.9625850340136054,2258,2352,0.9600340136054422,23012,23713,0.9704381562855817
982,5435.497994367588,69.25172916886012,0.6899656244884597,0.30692421018169913,0.0001636929120969062,0,10.758280076141379,0.8707404984066626,0.7529953921338353,6109,19,21.781695802761675,2.9890018677927146,1.6446026097271649,5.0,14.597,0.0,0.3219327108996289,0.9421167484997273,1.0586593707250342,0.05617630400082385,66.883144,2539,2736,0.9279970760233918,2653,2735,0.970018281535649,3010,3143,0.9576837416481069,9067,9716,0.9332029641827913
983,7982.669915508121,75.31691435257642,0.8189989425449419,0.1792386323581248,0.00017624250969333803,0,7.335987138426203,0.8747707467391481,0.8492327923361968,5674,17,21.997105836419497,3.3292168546794607,1.4026253496879708,3.0,8.424,0.0001762114537444934,0.33664065163131923,0.9615456938698759,1.0382732322756802,0.03737894832111503,74.128528,2000,2111,0.9474182851729038,1959,2025,0.9674074074074074,3461,3574,0.9683827644096251,13034,13562,0.9610676891313965
984,7431.05013824928,104.57458503393177,0.6598249635340696,0.3375703271514899,0.0,0,12.971967323454104,0.8757545613889328,0.7592914037714554,9598,20,21.725114498190223,3.8017828023004427,2.1575872414337596,7.0,26.985,0.0008328128253175099,0.4785703859168251,0.955626540745113,1.0429497004319352,0.0411811705173447,100.024362,139,159,0.8742138364779874,706,735,0.9605442176870749,1991,2065,0.9641646489104116,24687,25842,0.9553053169259346
985,4902.795966228539,58.00348309056518,0.7124341838801134,0.2845281490481977,0.0002025111381125962,0,6.263724222415995,0.8539149127914262,0.789704107314068,4938,26,23.007523166177617,3.368901182905463,2.100056850483229,6.0,12.24,0.0,0.19112729629412623,0.9595887982984758,1.040773769909934,0.03933253873659118,55.58879,1140,1248,0.9134615384615384,2781,2877,0.9666319082377477,4526,4663,0.9706197726785332,13209,13780,0.9585631349782293
986,1793.8736693632616,118.51092091918353,0.5071703392794683,0.48933193424274224,0.0,0,11.519704259804236,0.8511881016338189,0.5534917673337774,14295,30,24.101743930440954,3.5508110617687643,1.836551724137931,5.0,50.531,0.000838750262109457,0.47610002504967097,0.9423160486674391,1.0576106291066178,0.05486156268181663,115.107602,277,297,0.9326599326599326,1005,1049,0.9580552907530981,2064,2167,0.9524688509460083,22677,24103,0.9408372401775713
987,7682.600879155955,108.04386802060515,0.6614635116325314,0.33525551799562536,9.942334460131238e-05,0,12.217097997523092,0.8602433361499271,0.7105308165322503,10058,29,25.99337664872821,3.636407933871743,1.813617916729295,5.0,26.635,0.0,0.34894677618123493,0.9404766262766775,1.0609729253797051,0.05770955501897206,105.22508,306,334,0.9161676646706587,1021,1078,0.9471243042671614,2243,2366,0.9480135249366018,22121,23539,0.9397595479841965
988,4966.566616609658,49.482880575894505,0.786067065245646,0.21003379256563556,0.0005198856251624642,0,13.45200787737566,0.8516438837202046,0.8467595017284649,3847,21,22.691555807294577,2.84428164749479,1.8187830687830688,5.0,7.494,0.0,0.1828330227853573,0.9414105114547905,1.0584904446303327,0.056090617239081715,48.008668,3243,3436,0.9438300349243306,3247,3366,0.9646464646464646,3220,3388,0.9504132231404959,4960,5393,0.91971073613944
989,7904.845713853578,103.25745152007511,0.6812231759656653,0.31641630901287554,0.00010729613733905579,0,14.488023198238782,0.8581093981574504,0.7284921472696904,9320,25,24.032851970747398,3.601764231364511,1.902819341628603,5.0,23.914,0.0,0.376799440549554,0.9365974729241877,1.0658479620281776,0.06210982964765633,100.275642,391,421,0.9287410926365796,1224,1277,0.9584964761158966,2806,2942,0.9537729435757988,20485,21952,0.9331723760932945
990,6628.242489663393,94.43579297461116,0.6574812115691187,0.33967205647916193,0.0,0,14.406775101628838,0.8569186257656117,0.721364012271934,8782,25,23.747802384301494,3.6578360727120143,1.9743678559057845,6.0,23.926,0.0,0.3535497037935131,0.9420915832122927,1.0584405637254901,0.055387059503177356,91.255046,382,416,0.9182692307692307,1601,1661,0.9638771824202288,3462,3597,0.9624687239366139,19202,20488,0.9372315501757126
991,4102.326705427726,57.005108808771254,0.6650871872630781,0.33188021228203185,0.000758150113722517,0,13.209045160365076,0.8585499210036726,0.7456146332287068,5276,29,21.14260990002474,2.8784926591012368,1.7537760045597037,6.0,13.651,0.0,0.18386001150663395,0.953643171282539,1.0456387035271688,0.04511662221213325,55.025306,2938,3110,0.9446945337620579,3318,3389,0.9790498672174682,3259,3370,0.9670623145400593,6531,6957,0.938766709788702
992,5215.956945945357,42.81846052913273,0.9094930248383803,0.09016672337529771,0.0,0,16.732034723134152,0.8653507990804833,0.9304354983414025,2939,17,21.740261407645754,2.841515061641117,1.6008230452674896,4.0,3.165,0.0,0.17377451460181598,0.9624154741311527,1.0376348319029998,0.03629612790785785,42.260432,3141,3362,0.9342653182629387,2955,3020,0.9784768211920529,2851,2923,0.9753677728361273,3293,3413,0.9648403164371521
993,5492.749099582093,95.86546118925858,0.6147757255936676,0.38184696569920845,0.0,0,11.772120248380382,0.8486906814476679,0.6688383784805745,9475,29,22.952541432223452,3.5297269940452765,1.895107296137339,5.0,28.194,0.0,0.3303447065043397,0.917848530673969,1.0825,0.07605452966277708,92.930834,596,664,0.8975903614457831,2066,2124,0.972693032015066,3444,3551,0.9698676429174881,16351,18128,0.9019748455428067
994,6113.618924101385,58.090316688636804,0.8147038488130905,0.18322194053929478,0.0,0,8.59921429455829,0.84600043369794,0.84698059409719,4339,21,21.637265594836368,3.1195862881449328,1.7697312588401697,4.0,7.512,0.0,0.2091468915905144,0.9474978230804691,1.0528286403036364,0.050668611718939945,56.759302,2052,2169,0.946058091286307,2913,3017,0.9655286708650977,4092,4268,0.9587628865979382,9441,10069,0.9376303505809912
995,1087.9171746987568,62.34946369734805,0.5123745819397993,0.48468227424749166,0.00013377926421404682,0,6.176872918841573,0.8652818241651348,0.5590005428541202,7475,19,24.480162518120046,2.9738209175914747,2.0054830287206267,6.0,27.196,0.0004011767852366943,0.39225938766351365,0.9349097759270275,1.0661465063114999,0.062421566349058794,60.552432,1725,1843,0.935973955507325,3085,3168,0.9738005050505051,3963,4087,0.9696598972351358,10086,11074,0.9107820119198121
996,3554.5518619282643,111.23271087446473,0.5428204510795409,0.45412954490729596,0.0,0,11.755149950066862,0.8590955937897498,0.6078638741030017,12459,26,24.135219932886955,3.64112255534457,2.444773029720538,7.0,44.895,0.0006416940723510066,0.4767127886717124,0.8991073356849759,1.1003471468865265,0.09096263333551469,107.54401,104,107,0.9719626168224299,493,523,0.9426386233269598,1472,1543,0.9539857420609202,22910,25609,0.8946073645983834
997,2324.33367597526,67.40913879487024,0.5493090030860056,0.4466657721722796,0.0001341741580571582,0,7.595161615596345,0.8661503185114583,0.6135374204835735,7453,16,23.168594149705157,2.9918167060406384,2.1670737664875426,6.0,25.583,0.0005364087434625185,0.4633460450494543,0.9311688977791455,1.0672394279246835,0.06322971219910632,65.05104,1964,2076,0.9460500963391136,3442,3528,0.9756235827664399,3128,3232,0.9678217821782178,9621,10661,0.9024481755932839
998,3253.645321967295,82.481670401417,0.5666072621964803,0.4313878369347293,0.00011138338159946537,0,8.956833740382494,0.8735353476479183,0.6082456954002853,8978,31,21.356736846929977,3.0660609859798456,1.5966188323176724,3.0,27.778,0.00011137097672346586,0.28914029273495095,0.9326096151134922,1.067934654677275,0.06420686925546418,80.441026,1636,1731,0.9451184286539572,2520,2579,0.97712291585886,3190,3341,0.9548039509129004,12499,13628,0.9171558555914294
999,4034.437221395362,93.773442299428,0.5755146476642914,0.42161520190023755,0.0,0,11.843623247646066,0.8675343457102936,0.6150356188354592,10104,31,21.46991744757789,3.2281614301852195,1.6469475494411006,4.0,31.387,0.0,0.3273289202813481,0.9373410824555031,1.0634075287905684,0.059727618153097385,91.699928,1343,1463,0.9179767600820232,2727,2792,0.9767191977077364,3083,3185,0.9679748822605966,13491,14584,0.9250548546352166
1000,4879.752902458307,95.06041899390289,0.5987578904500102,0.3982895540623091,0.00030543677458766036,0,12.431128937993554,0.8514784590385208,0.622506198904676,9822,29,25.429036614740713,3.0489949408462964,1.7847304880122428,4.0,29.979,0.0,0.3432280257912406,0.9002994879721766,1.1020536665697955,0.09329011913104415,93.671328,1583,1744,0.9076834862385321,2564,2647,0.9686437476388364,2455,2531,0.9699723429474516,12036,13780,0.8734397677793905
1001,5481.4782089696655,98.77770548289344,0.6102830849254777,0.3862158647594278,0.00010003000900270081,0,10.792431262997402,0.8626660675858723,0.6460118780815722,9997,28,20.54045321435228,3.3990913093582975,1.7998688739550894,4.0,29.201,0.00020002000200020003,0.354939811326076,0.9177971162870062,1.0822140473949868,0.07625014777160422,96.79716,933,997,0.9358074222668004,2108,2212,0.9529837251356239,3205,3346,0.9578601315002989,15269,16887,0.9041866524545509
1002,5658.601225785833,54.55171237968976,0.8038334122101278,0.1949834358731661,0.0,0,11.14017756149904,0.8677054947238586,0.8302654527526608,4226,18,24.727017690353797,2.9889798288735565,1.6820724168383867,4.0,7.358,0.0,0.23483422698600942,0.9203666384970421,1.085706836994069,0.07996411483253589,53.838774,2106,2335,0.9019271948608137,2686,2820,0.9524822695035461,3107,3339,0.9305181191973645,6259,6889,0.9085498620989984
1003,4409.407006808155,85.19480590543056,0.5977564102564102,0.3992673992673993,0.00011446886446886447,0,10.598105437842293,0.8508750286871466,0.6460371950411462,8736,21,23.340781185266483,3.261453913771741,1.9661049406357718,5.0,27.065,0.0,0.4168192240815196,0.9388439451733244,1.0608162064472744,0.057519851459724256,82.818962,900,979,0.9193054136874361,2083,2171,0.9594656840165822,3697,3855,0.9590142671854734,15718,16852,0.9327082838832186
1004,5639.192786361459,57.333885443304546,0.7790336879432624,0.2176418439716312,0.0015514184397163121,0,9.646085643562994,0.8642901788070574,0.79590494319005,4512,25,21.63531530756439,2.812439499925885,1.5982930298719773,4.0,8.269,0.0,0.17874463888680667,0.9287279367011564,1.071869084691946,0.07064879235250862,56.25664,2976,3149,0.9450619244204509,2587,2712,0.9539085545722714,3276,3515,0.9320056899004268,6420,7054,0.9101219166430394
1005,7340.682860453708,104.40978921563632,0.6587090163934426,0.3387295081967213,0.0,0,13.212501817788262,0.8600085587103452,0.7005887446316229,9760,21,21.19574616482698,3.3769970760510737,1.805724062840255,4.0,26.216,0.0003072825975622247,0.46343568029673565,0.9436723889602554,1.0565846429824903,0.053603006189213084,102.23969,720,756,0.9523809523809523,1392,1449,0.9606625258799172,2630,2732,0.9626647144948756,19500,20752,0.939668465690054
1006,5517.993576023575,93.30080049582068,0.6215626364033173,0.37636403317328676,0.0,0,10.79822808907406,0.8636358559551937,0.6661906367288369,9164,20,24.564901393536708,3.4066819764873997,1.793188202247191,5.0,26.355,0.0004363001745200698,0.4549992352351093,0.9586802705132715,1.0408866609226912,0.03949986858408741,90.906554,763,808,0.9443069306930693,1653,1697,0.9740718915733647,3006,3107,0.9674927582877374,19102,19969,0.9565827031899444
1007,6773.578960506585,82.76134754323706,0.7030059565036708,0.2935309599667544,0.0,0,13.831786556501463,0.856920613453105,0.7332260717415083,7219,23,23.58167076646037,3.109367602424675,1.659704433497537,4.0,16.711,0.0,0.3141820768583128,0.9286592865928659,1.0727246884919694,0.06774278909764488,81.122488,1691,1802,0.9384017758046614,2167,2300,0.9421739130434783,3089,3290,0.9389057750759878,12683,13746,0.9226684126291285
1008,5024.119007239598,53.463713917084256,0.7560247876979573,0.24122102364011935,0.00022951572182694515,0,12.273765635392932,0.8656584874899643,0.8110381382734545,4357,28,23.248501222029113,2.894776992429876,1.719793564055859,5.0,8.895,0.0,0.15742646297485435,0.9411224677152824,1.0601397743992154,0.05696640886528916,51.880804,2972,3159,0.940804051915163,3171,3293,0.9629517157607045,3425,3620,0.9461325966850829,5809,6267,0.9269187809159087
1009,6680.84395333512,96.18426951862497,0.6559091920765635,0.3421989761851769,0.0,0,11.568698415716984,0.8609247037133383,0.7015479881732194,8986,19,24.115789283167675,3.3113464723547317,1.820495419070241,5.0,24.098,0.0,0.46447471698238973,0.9439930354033662,1.056661816670131,0.05363097806897093,93.846492,896,969,0.9246646026831785,1994,2077,0.9600385170919595,3410,3619,0.9422492401215805,16471,17457,0.9435183593973764
1010,6150.381290138015,96.78755361924831,0.6336378291241268,0.36324556689951637,0.0,0,11.965430549626848,0.853083932932603,0.689439094746426,9305,23,21.777709796403144,3.5631401671225245,2.070217096336499,6.0,27.221,0.00021489201676157732,0.40956181679659887,0.9356391972359038,1.0634569267662792,0.059787116394802324,93.549026,262,290,0.903448275862069,1057,1103,0.958295557570263,2707,2871,0.9428770463253222,21429,22942,0.9340510853456543
1011,7019.050433899473,103.9242538692009,0.6460547833197057,0.3507767784137367,0.0,0,14.167290064568913,0.8481132606237537,0.7268850677599806,9784,25,22.69104897716995,3.897384589020863,2.282233823762063,7.0,28.805,0.0,0.3866771817469612,0.9233278955954323,1.0760649794324757,0.07103243696395177,99.2329,43,51,0.8431372549019608,316,334,0.9461077844311377,1253,1331,0.941397445529677,24990,27095,0.9223103893707326
1012,6652.901843175206,58.82391980660231,0.859895337773549,0.13915318744053282,0.0002378686964795433,0,16.635681734061002,0.8589957306293104,0.9113880005258859,4204,19,20.7626296584901,3.0219312085371044,1.529460580912863,3.0,5.6,0.0,0.2224025501674038,0.9365366010964206,1.062645461598138,0.059333859127586,57.335226,3415,3610,0.945983379501385,2750,2866,0.9595254710397767,2982,3134,0.9514996809189534,5374,5895,0.9116200169635285
1013,3635.229467815693,137.63234242749695,0.5313823399279439,0.46526768219455156,0.0,0,14.749564306535746,0.8626816332760325,0.6026149321408361,15821,32,23.597672497370674,3.893458939136201,2.059355299155466,7.0,54.782,0.0005685407454200885,0.49691162041123715,0.9359255387313257,1.0627472193109977,0.05893367185020628,132.382346,16,17,0.9411764705882353,165,170,0.9705882352941176,714,742,0.9622641509433962,26858,28724,0.9350369029383094
1014,7510.430658326064,79.86221814585699,0.7554524361948955,0.24222737819025522,0.0004640371229698376,0,9.381264722467588,0.8377537950361301,0.8186074183151997,6465,32,25.699988401342466,3.6710385919368718,2.001842751842752,5.0,14.347,0.0,0.2023314728153865,0.9379878072457578,1.0610544350128495,0.05811571940604199,77.136342,517,565,0.9150442477876106,1558,1628,0.957002457002457,3276,3416,0.9590163934426229,18805,20144,0.9335285941223193
1015,4766.2621218207005,57.981413458947245,0.7053111375346809,0.2919143876337693,0.0,0,9.871233598802503,0.8481246117302902,0.7537894025013461,5046,23,19.947059317716324,2.912773645136689,1.6341669008148356,4.0,11.288,0.0,0.2203718915116456,0.934553884562801,1.0668930188229688,0.06278551532033426,56.40516,2765,2966,0.9322319622387053,3067,3227,0.9504183452122714,3403,3597,0.9460661662496525,6487,7033,0.922365988909427
1016,6916.831059255893,74.72468318003259,0.7483692106979778,0.2491846053489889,0.00016307893020221786,0,10.278211527698613,0.8295840684312935,0.8081295753467722,6132,32,21.392943222213894,3.559647517728991,2.120069731967749,6.0,14.391,0.0,0.19303978846435568,0.9221390734045237,1.0798282177592522,0.07443869411261139,72.1114,785,843,0.9311981020166074,2161,2230,0.9690582959641255,3695,3861,0.957005957005957,15293,16852,0.9074887253738428
1017,3435.8415201034354,109.81583564152024,0.5419039869812856,0.4554109031733116,8.136696501220504e-05,0,12.456524923664936,0.8589215728559605,0.6106904877090977,12290,30,21.712668837451545,3.8215757670446364,2.212162162162162,6.0,43.156,8.136034496786266e-05,0.40677579139194775,0.9235637948327742,1.0764850883588515,0.07136662919543922,105.24886,59,60,0.9833333333333333,289,310,0.932258064516129,934,992,0.9415322580645161,25421,27551,0.9226888316213567
1018,2889.5209527857637,75.59309785950377,0.5591475965613271,0.43685676231989345,0.0,0,9.711001831944559,0.8403229823558951,0.6296231570348167,8259,19,24.854736684589056,3.2565089025844105,2.1556951061065397,6.0,27.875,0.000242101440503571,0.43923549505887594,0.9252097130242826,1.0751206980555432,0.07031153798793252,72.701138,1090,1182,0.922165820642978,2206,2314,0.9533275713050994,3743,3962,0.9447248864209995,13917,15192,0.9160742496050553
1019,2645.7399779575703,123.31386807606658,0.5193615544760583,0.4778625954198473,0.0,0,10.569187007926036,0.87360822335025,0.5775900131402479,14410,29,23.54869563348841,3.6847138157319397,2.0904596472474615,6.0,50.751,0.0006934812760055479,0.49687152831021,0.9286212184581067,1.0699173322124143,0.0655897870123103,119.022426,84,91,0.9230769230769231,453,477,0.949685534591195,1323,1423,0.9297259311314126,24784,26701,0.9282049361447137
1020,7130.0455526917995,64.49256980443967,0.8409475465313029,0.15714890016920474,0.0,0,13.639864741096856,0.8633339520545403,0.9093606783480283,4728,30,17.64113127441892,3.3080014098110215,1.8785211267605635,5.0,7.778,0.0,0.15683113276357816,0.9398614930237295,1.0629652289181197,0.059302548380915886,62.780658,1933,2086,0.926653883029722,2891,2990,0.9668896321070234,3803,3994,0.9521782674011017,9830,10568,0.9301665404996216
1021,797.6849644845499,122.85606574772018,0.48244224422442245,0.5129372937293729,0.000264026402640264,0,13.173095866753489,0.8403085351138326,0.5687757591110923,15150,31,21.169197762655404,3.979380738880129,2.6761526884662743,7.0,60.526,0.0006596306068601583,0.48824038076208554,0.8817279954970801,1.1186554979768581,0.10632545271629779,116.10483,7,7,1.0,68,73,0.9315068493150684,255,271,0.940959409594096,24734,28075,0.8809973285841496
1022,4698.911045417221,57.713355929897084,0.7006695549428908,0.29558881449389524,0.00039385584875935406,0,8.101290027125028,0.85828488009249,0.751996602954361,5078,24,24.70693853914986,2.905930984182122,1.7987633501967397,4.0,12.259,0.0,0.21321301098308176,0.9216618911174785,1.0794801012192317,0.07490855113184541,56.016008,2588,2757,0.9387014871236852,2859,2973,0.9616548940464178,3478,3735,0.9311914323962517,7158,7985,0.8964308077645585
1023,2795.2518076425026,41.424492472254315,0.6498316498316499,0.346024346024346,0.001295001295001295,0,8.853045661917553,0.8627059834631434,0.6926239168836845,3861,25,24.900306301066998,2.4327478706996994,1.6935033878039059,5.0,10.158,0.0,0.15270631706562027,0.9246729116667957,1.074799782287536,0.07265417474334122,39.961664,4179,4436,0.9420649233543733,2663,2826,0.9423213021939136,2235,2415,0.9254658385093167,2867,3240,0.8848765432098765
1024,3172.6938216218014,71.27982534468208,0.5788916809945774,0.41780187805845787,0.00013225763787858748,0,15.524640387676254,0.866514695991068,0.6099611363986295,7561,27,24.446435873186992,2.7559206000163354,1.6042951793465845,4.0,22.954,0.0,0.2797853893294189,0.9398582333696838,1.0600480821768112,0.057311745052685686,69.496378,2549,2707,0.9416328038418914,2771,2840,0.9757042253521127,2997,3135,0.9559808612440192,8920,9658,0.9235866639055705
1025,3925.524491532056,59.086348294319954,0.6453342867357883,0.3494815874150876,0.0012513407222023596,0,11.55409772253295,0.8786621469448691,0.6733046232956316,5594,27,18.618448878546907,2.5814396713016783,1.6603878116343491,4.0,14.848,0.0,0.20768281432696792,0.9442165709598032,1.0542267780308783,0.05362794864138549,57.670606,3348,3526,0.949517867271696,2960,3050,0.9704918032786886,2783,2933,0.9488578247528128,5872,6338,0.9264752287787946
1026,4383.112034054362,80.61744951060761,0.6040227048371175,0.39264560710760116,0.0,0,9.335488904055753,0.8693715008748051,0.6891415547219562,8104,17,18.972953703728102,3.381266767472177,2.264964249233912,7.0,25.78,0.0006165988407941793,0.4725756526096888,0.9462053666652447,1.0515706582213473,0.048930904369700164,77.360686,896,966,0.927536231884058,2598,2688,0.9665178571428571,4380,4523,0.9683838160512934,14306,15264,0.9372379454926625
1027,7613.309375062499,85.65505715268323,0.7311917674871367,0.26672229175358086,0.0,0,12.194955723837976,0.8532290946328306,0.8044602579377605,7191,32,22.15142499882643,3.7081756017611927,2.0458349182198554,6.0,17.196,0.0,0.22593564797932902,0.9342649310872895,1.065519625163223,0.061714203606580934,82.639126,395,436,0.9059633027522935,1489,1565,0.9514376996805112,2995,3178,0.9424166142227817,19524,20941,0.9323336994412874
1028,6541.872040056577,67.19924711681557,0.7722846441947565,0.22528089887640448,0.00018726591760299626,0,15.409239737290685,0.8604725980004221,0.8065399911915933,5340,26,21.50875341746677,3.0279271448808367,1.6680407371483996,4.0,10.03,0.0,0.20217508512288587,0.9401149883303922,1.0602966343411295,0.05771603282733466,65.529874,2590,2815,0.9200710479573713,3023,3134,0.9645820038289725,3231,3383,0.9550694649719185,7671,8235,0.931511839708561
1029,7534.06290364429,114.7018675614163,0.6424027626317703,0.35468920392584513,0.0,0,14.614377586053768,0.8690176472369555,0.7019916158668548,11004,27,23.65877865157191,3.6883062193670924,1.919366246993917,6.0,30.608,0.00018171906232963838,0.40287933937583076,0.9427188673793702,1.0564440263405457,0.05353114104054146,111.361282,224,248,0.9032258064516129,1034,1071,0.965452847805789,2364,2456,0.9625407166123778,22480,23913,0.9400744364989755
1030,3938.1766845207953,42.4632363085655,0.7500724008108891,0.2467419635099913,0.0002896032435563278,0,15.700338902714268,0.8455653835826363,0.8399800105602223,3453,16,24.657670503926376,2.5051860150744982,1.798069498069498,6.0,7.302,0.0,0.20900675018593684,0.9322725091955861,1.0673192650244725,0.06371191135734072,40.7222,4444,4705,0.9445270988310308,2611,2749,0.9497999272462714,2157,2339,0.9221889696451475,2447,2713,0.901953556948028
1031,6497.63864715056,74.98421198633307,0.7232367758186398,0.2753463476070529,0.0,0,14.750249724890077,0.8576208522218565,0.7782723805406657,6352,32,24.57342708992305,3.45719266673798,1.9307792773182413,5.0,15.074,0.0,0.20322124529950786,0.9309170305676856,1.07147859581546,0.06682966585167074,72.531396,1003,1107,0.9060523938572719,2424,2551,0.9502156017248138,3393,3584,0.9467075892857143,14498,15658,0.9259164644271299
1032,9471.54937475577,89.3236107442646,0.8131669923342852,0.18487900195400572,0.0,0,13.132092068426871,0.852509087225964,0.9226817179864291,6653,17,20.198969980441255,3.851573574493633,2.4173752310536045,7.0,14.143,0.0,0.3910939097847568,0.9416891988046108,1.056360651056539,0.053315819608635615,85.546338,176,185,0.9513513513513514,837,867,0.9653979238754326,2223,2335,0.95203426124197,23233,24721,0.9398082601836495
1033,3276.3103026861295,100.5122717105647,0.5440664345030807,0.452897580141084,0.0,0,14.577594081377693,0.8398160306811469,0.6031398558415776,11199,23,23.3922474532459,3.6223968267553026,2.1997374035778763,6.0,39.009,0.0003570472194947782,0.49210489205747465,0.9280888921702536,1.0697872972270686,0.06550986615151097,96.443686,275,305,0.9016393442622951,936,997,0.9388164493480441,2559,2736,0.9353070175438597,21371,23051,0.9271181293653203
1034,4613.679032954584,91.74902127506932,0.591717236239753,0.4050888959863728,0.00010646225912913872,0,13.094607982241426,0.8284265140419156,0.6718008205565653,9393,24,22.475140330753558,3.6301413946612855,2.2576466354803886,7.0,31.051,0.00031928480204342275,0.3962268100345585,0.899670595705838,1.100322979385143,0.09121402293875784,87.914004,405,453,0.8940397350993378,1487,1588,0.9363979848866498,2909,3112,0.9347686375321337,17868,20044,0.8914388345639593
1035,6815.961350952898,96.4974096181825,0.6568682239856936,0.339666927461719,0.0,0,12.568274134955539,0.8292548737579352,0.7228798396727125,8947,27,24.00073658499035,3.773319011831011,2.3454143270376044,6.0,26.595,0.00011175681716584712,0.33208736084006385,0.9136272333227614,1.0866381292673435,0.08016207455429497,93.167688,79,88,0.8977272727272727,350,372,0.9408602150537635,1250,1331,0.9391435011269722,24247,26586,0.9120213646279997
1036,3741.391416140544,100.4872529451108,0.5553939834590567,0.441061528673998,0.0,0,9.890380363540284,0.8369864785332314,0.617697316936754,11003,23,29.448401061030438,3.6340070711979537,2.4411716576665032,6.0,38.761,0.0006357856494096276,0.4861227803976709,0.88435758397349,1.1142012731130646,0.10223123732251521,96.764154,224,244,0.9180327868852459,776,835,0.9293413173652695,1898,2029,0.9354361754558896,20587,23448,0.8779853292391675
1037,6685.259135246836,72.1255091202908,0.7473063973063973,0.25117845117845117,0.00016835016835016836,0,10.921015940641627,0.8341479241808333,0.8160635821397507,5940,17,23.365992959394582,3.4813660785595775,2.1817977021851767,6.0,13.967,0.0,0.34505463591818986,0.931417863835103,1.067195988299206,0.06337753510140405,69.795042,770,840,0.9166666666666666,2084,2181,0.9555249885373682,3728,3959,0.9416519323061379,15786,17035,0.9266803639565601
1038,5032.748565432267,100.82138581031707,0.5898452611218569,0.40705996131528044,0.0,0,14.614630798823342,0.8446273284385467,0.6716185578559944,10340,24,21.34202883485081,3.78204840183707,2.4213805541892115,7.0,34.34,9.670244657189827e-05,0.4301296617223883,0.9218606621020682,1.077288520173013,0.07189885027351044,96.244778,83,91,0.9120879120879121,511,536,0.9533582089552238,1659,1764,0.9404761904761905,23867,25943,0.9199784142157807
1039,4949.987713687201,73.04463950982883,0.6479872574572835,0.34882710686359686,0.0,0,6.0153676222592996,0.8399545949986502,0.7036184438561924,6906,23,18.760468732724924,3.4953101451794506,2.2531843575418993,5.0,20.58,0.0,0.30183596029571136,0.9205614867536576,1.080226615427281,0.07423676696683505,70.773068,573,611,0.9378068739770867,1521,1583,0.9608338597599495,3015,3167,0.9520050520997789,18172,19929,0.9118370214260625
1040,5298.817516642888,57.437786499803856,0.7447883765003158,0.251842493156454,0.0002105706464518846,0,9.636257937825137,0.8666433025256669,0.815778299230874,4749,21,21.161881890874472,3.209364174302224,2.1065875035340684,6.0,11.236,0.0,0.22721213111129773,0.9439547806093121,1.0576886158571703,0.05491421069310517,55.46787,1565,1687,0.9276822762299941,2868,2996,0.9572763684913218,3999,4181,0.9564697440803636,11274,12012,0.9385614385614386
1041,2932.917263046144,43.53370936005818,0.6485233097388333,0.3470832316329021,0.001464486209421528,0,6.917658778593058,0.8451902006586994,0.7133391197486952,4097,18,22.628575358417308,2.4363779977928894,1.7181031238238615,4.0,11.032,0.0,0.22950099312621478,0.9364058592354412,1.06415770609319,0.06237438027602841,41.97223,3802,4083,0.9311780553514573,2770,2896,0.9564917127071824,2707,2860,0.9465034965034965,3826,4156,0.9205967276227142
1042,3846.4427288013653,55.08447435853966,0.6570817952205168,0.3394210219545366,0.0005828638041577618,0,14.551702981481071,0.8654755179873924,0.7176117352046855,5147,17,20.553127898209134,2.8387947985687787,1.8400354819633353,6.0,13.708,0.0,0.29595659554441134,0.9402408111533587,1.0589955499046408,0.05684059530213376,53.255948,3150,3372,0.9341637010676157,3156,3274,0.9639584605986561,3119,3292,0.9474483596597812,5412,5842,0.9263950701814447
1043,4326.020802882983,71.45222686890558,0.6286532951289399,0.3693409742120344,0.0007163323782234957,0,13.675834337635344,0.8644658926861778,0.6613235052333561,6980,16,21.508021088156404,2.588027459411293,1.2727894257064722,2.0,17.875,0.000572737686139748,0.43952518526110496,0.9654476371408217,1.0318680009530616,0.03289889188723661,69.87807,3496,3688,0.9479392624728851,1983,2033,0.9754058042302016,2690,2763,0.9735794426348172,8093,8360,0.9680622009569378
1044,5337.200859344168,88.64750532220079,0.6256715053148931,0.371813921591039,0.0,0,10.6110563230009,0.8481099919202517,0.6594799568715011,8749,24,19.52995443568127,3.1770539146909624,1.7261600292290828,4.0,24.541,0.0,0.36926027690325647,0.9320707184308786,1.0674749842242857,0.06329273945472168,86.91015,1452,1540,0.9428571428571428,1995,2095,0.9522673031026253,3222,3401,0.9473684210526315,14050,15193,0.924767985256368
1045,5158.56202121717,59.547759716676886,0.7218595450049456,0.27537091988130563,0.000791295746785361,0,14.06470632572054,0.8508701862049638,0.7890458367461054,5055,22,23.45304792714364,2.8651232612987743,1.9057275966018088,6.0,11.828,0.0,0.22846818772844882,0.9387567997066194,1.0617836346920013,0.059388294814303785,57.560424,2881,3126,0.9216250799744082,3168,3285,0.9643835616438357,3274,3430,0.9545189504373178,6036,6520,0.9257668711656442
1046,9490.21179588494,113.14977663948959,0.7088361628144815,0.2881979955001023,0.0,0,12.296825379155962,0.8431027274531271,0.768505753387876,9778,20,22.86727870658219,3.6077840231131173,2.063627182224787,6.0,24.207,0.0004089143324473523,0.4827500600278778,0.9215011602784668,1.0768396964952427,0.07133833692502044,110.279154,572,613,0.933115823817292,1800,1893,0.9508716323296355,3229,3398,0.9502648616833431,17431,19090,0.9130958617077004
1047,8259.710175287291,107.14772875974057,0.6823089700996677,0.31499169435215946,0.0,0,23.57515894099312,0.8558643344089176,0.7262497133055119,9632,22,24.751557123503275,3.3865003223820853,1.9640900791235545,5.0,25.04,0.00020759809009757111,0.43994771890352435,0.918217665615142,1.0817393370559583,0.07570069614024857,104.979246,498,541,0.9205175600739371,1406,1536,0.9153645833333334,2786,3072,0.9069010416666666,18596,20211,0.9200930186532087
1048,6582.027429206329,76.57667554654236,0.7192178429575313,0.27864344637946836,0.0,0,17.433209126048038,0.8444979769356034,0.7596234187987645,6546,25,23.174828117429456,3.2343633075564613,1.8976210705182668,5.0,15.447,0.0001527417137620284,0.2603555856717049,0.916839056681837,1.0842372490191554,0.07802831228278376,74.55082,1193,1331,0.8963185574755823,2279,2438,0.9347826086956522,3610,3910,0.9232736572890026,12862,14074,0.913883757282933
1049,5358.693680889152,77.65193329129586,0.6536922015182884,0.3440993788819876,0.00013802622498274673,0,20.367933925672613,0.8466409079516066,0.7176065845323826,7245,21,25.261139731742247,3.2553171006520225,1.9111064189189189,6.0,19.433,0.0,0.3431282948750962,0.941403557148766,1.0578439964943032,0.05535295649908831,75.176448,1334,1446,0.9225449515905948,2626,2765,0.9497287522603979,4026,4262,0.9446269357109338,12498,13286,0.9406894475387626
1050,7116.4381770381415,97.06256617224928,0.6689120916133379,0.32873021219265747,0.0,0,16.54782514442387,0.8471402550629146,0.7246629159890161,8907,25,24.604617235803115,3.6212340787667845,2.030043638804968,6.0,24.22,0.0,0.3584213776248485,0.9187035271687322,1.0805328025721503,0.07485800966592585,94.161726,390,420,0.9285714285714286,1139,1220,0.9336065573770492,2557,2752,0.9291424418604651,20007,21833,0.9163651353455778
1051,4827.798108689509,58.80561151954899,0.7032623559288924,0.2947841375268607,0.0001953506544246923,0,13.661721263970561,0.855069709509372,0.7739507015438012,5119,25,24.276160328809453,3.079519583858345,1.9269444444444443,6.0,12.532,0.0,0.20269903082874896,0.9539582472095908,1.045423939503807,0.04358999703469408,56.6265,1917,2088,0.9181034482758621,3318,3466,0.9572994806693594,4108,4269,0.9622862497071913,9118,9529,0.9568685066638682
1052,5313.57737975011,109.93871023402299,0.5895328719723183,0.4076124567474048,0.0,0,11.893733724008573,0.8510995533434971,0.6179256070934076,11560,30,22.39604219523015,3.2966433167015547,1.823037417461482,4.0,35.728,8.649770781074301e-05,0.3824500718231362,0.9241678387248008,1.0748698681069233,0.06957470010905126,107.94761,620,663,0.9351432880844646,1315,1376,0.9556686046511628,2537,2653,0.9562759140595553,19183,20904,0.9176712590891696
1053,5460.16223586006,130.89260956033732,0.5693732193732194,0.4274928774928775,0.0,0,13.706220096235455,0.8466959333630831,0.6176837285448658,14040,29,24.584380111437298,3.620948884595227,2.0192644483362523,6.0,46.197,0.0004983270449206237,0.478041293535014,0.9152894093233529,1.0850383156015178,0.07853581916273987,127.445436,223,257,0.867704280155642,903,965,0.9357512953367876,2145,2319,0.92496765847348,21429,23445,0.9140115163147793
1054,885.3261156056573,92.1809458668452,0.4983423486302565,0.49842959343919035,0.0,0,13.748139985158364,0.8722711479176644,0.5232483168339309,11462,23,21.701920286676554,2.9112897330211736,1.5169817927170868,4.0,39.774,0.0006974716652136007,0.4932286001291011,0.9611512766541594,1.0377626869780674,0.03650471739705494,90.277534,1743,1891,0.9217345319936542,2095,2193,0.95531235750114,2742,2863,0.9577366398882291,14425,14907,0.9676661970886161
1055,4452.455085238539,66.9935902143169,0.6466342381923741,0.35069825827710654,0.00031382394476698575,0,12.106228461016462,0.8660851742107926,0.6823867968031758,6373,19,22.513451815904318,2.8431055268992025,1.607862169376365,4.0,16.595,0.0,0.33946822781764985,0.9618970627863109,1.038370210469509,0.03760373443983402,65.499052,2377,2549,0.9325225578658297,3139,3232,0.9712252475247525,3791,3916,0.9680796731358529,8541,8858,0.9642131406638067
1056,5947.075743087253,91.16210643363311,0.6423524048324596,0.35502621381354,0.00011397310234784591,0,11.27706229841609,0.8638320750498913,0.678287686682466,8774,25,22.843302302920208,3.2641242672318698,1.7194819020581973,5.0,23.619,0.00011396011396011396,0.3522445954440524,0.9444923289088089,1.0549702046808878,0.052240330024915245,89.027594,1105,1209,0.9139784946236559,2354,2469,0.9534224382341029,3150,3298,0.9551243177683445,15307,16228,0.9432462410648262
1057,2527.232390396918,126.55179255475129,0.5163556090708409,0.4799652150645528,0.0,0,10.289364768886053,0.854335420241541,0.5782656572157575,14949,31,20.182764320481688,3.799070651687033,2.0818758906594117,6.0,53.535,0.00040120361083249747,0.480222086988633,0.9441857326044408,1.053812569804041,0.0510743219443466,121.810386,40,43,0.9302325581395349,281,296,0.9493243243243243,903,939,0.9616613418530351,26756,28356,0.9435745521230074
1058,4575.778536986449,98.91764838455566,0.5811019071469852,0.4153342323251782,9.632055480639569e-05,0,7.194122318431155,0.8682355049636308,0.6461706604314155,10382,27,18.10020728589474,3.6302927352194096,2.1113873694679266,6.0,33.904,0.0,0.387902567739302,0.9605653463618915,1.0389751118568233,0.0375831262175052,95.834684,208,222,0.9369369369369369,766,783,0.9782886334610472,2017,2079,0.9701779701779701,24534,25571,0.9594462477024754
1059,4627.773209148111,85.31518053518823,0.6044741697416974,0.39252767527675275,0.0,0,8.4183560409361,0.8749750498046095,0.6593342308394142,8672,19,21.377916800571732,3.499131662288798,2.2132773750476917,6.0,27.38,0.0,0.46339273131581904,0.9453308919696574,1.0535620645741255,0.05072540881841722,83.064984,469,488,0.9610655737704918,1193,1244,0.9590032154340836,2566,2702,0.9496669133974833,21070,22327,0.9437004523670892
1060,4655.070035217625,76.62886752739149,0.624294544477291,0.37140553614619726,0.0,0,8.627604658847162,0.8721051148168312,0.6825694281886372,7442,19,24.591101940494575,3.2423036058149495,2.006672406371072,6.0,21.936,0.00026867275658248256,0.3905189160439171,0.9630170316301703,1.0361597529760695,0.03498473820145574,74.49221,843,913,0.9233296823658269,2038,2127,0.9581570286788904,3749,3897,0.962022068257634,17118,17723,0.9658635671161767
1061,5200.531225307489,67.26087396776602,0.6853181894103891,0.3118423250375814,0.00033405712376816435,0,9.58559096501845,0.9019557168657653,0.7268684861121881,5987,26,23.82241431485439,3.141103826257242,1.660979770899342,4.0,14.534,0.0,0.23423653054808316,0.9703621376308234,1.0282147663464662,0.027866564624319093,65.674376,1739,1870,0.9299465240641711,2391,2438,0.9807219031993437,3764,3865,0.9738680465717982,13060,13421,0.9731018553013934
1062,5946.244637586901,65.98097956992717,0.7389081614022275,0.25944860324995433,0.00018258170531312764,0,10.225190566055831,0.8862825876330234,0.7819456957590243,5477,24,25.692047869253614,2.9927070251865326,1.630837657524092,4.0,11.392,0.0,0.22819002939564134,0.9376139899152451,1.0648526564852656,0.061518324607329845,64.381626,2263,2482,0.9117647058823529,2670,2797,0.9545942080800858,3322,3519,0.9440181869849389,9224,9844,0.9370174725721252
1063,6403.003424571823,79.95443318321233,0.6950875211744777,0.3020892151326934,0.0,0,8.377860173497453,0.8874909811447198,0.7350561709906865,7084,21,22.146940300604495,3.209497932321848,1.741267262388302,5.0,17.29,0.0,0.3351633711620763,0.9567643550860453,1.042788276950642,0.040973895992483356,78.29923,1207,1288,0.937111801242236,2082,2158,0.9647822057460612,3443,3571,0.9641556986838421,15729,16459,0.9556473661826357
1064,6951.229120730054,101.23167689869425,0.6515679442508711,0.3455812480202724,0.0,0,9.111256955669596,0.8844264093365113,0.7024054908745101,9471,21,25.443371728268723,3.438557735242952,1.9426349052017502,6.0,26.019,0.00021112635912593687,0.44987312412887814,0.9351094196003806,1.065076087787719,0.06130541959915687,98.501552,423,462,0.9155844155844156,1221,1339,0.9118745332337566,2696,2963,0.90988862639217,20230,21511,0.9404490725675236
1065,5216.31005618823,60.93548294138464,0.7173830353746672,0.2795739825028528,0.0001901863826550019,0,5.08559098280033,0.8814004677582593,0.7558934563697765,5258,28,25.703515967504696,3.1677375141142052,1.7902969247083775,5.0,11.951,0.0,0.18676078243418953,0.9480616186531391,1.053370000932227,0.051053305657377555,59.466672,1668,1765,0.945042492917847,2332,2420,0.9636363636363636,3500,3679,0.9513454743136722,12871,13623,0.9447992365851868
1066,5785.396009170784,69.92547535740621,0.7065917726747067,0.29126053196761936,0.00016520733520568312,0,8.829152291444714,0.8833652000835763,0.7655878658330273,6053,16,23.727563234477078,3.1906949523624237,1.767827916764087,5.0,14.213,0.0,0.37328384002378345,0.9684420896077338,1.031232545149879,0.030505114225206145,67.824384,1678,1757,0.9550369948776323,2830,2884,0.9812760055478502,4081,4177,0.9770169978453436,12248,12698,0.9645613482438179
1067,5247.683981132152,53.42367554597524,0.7759717314487633,0.2193168433451119,0.001177856301531213,0,7.595074267192822,0.8732169920784202,0.8056224889371572,4245,20,19.741959759118394,2.994208482127091,1.6190042501517912,4.0,8.175,0.0,0.21635035982987877,0.9408718689788054,1.0594454177490484,0.059303313508920985,52.542346,2426,2650,0.9154716981132075,2562,2698,0.949592290585619,3382,3562,0.9494665918023583,7256,7698,0.942582488958171
1068,6240.310429466262,84.58369557960403,0.6717981888745149,0.32483829236739975,0.0,0,7.765039173029512,0.8720079779786633,0.710497593694926,7730,28,24.02024500353736,3.2164785280302635,1.675524744848835,4.0,19.32,0.0,0.27602516654256304,0.9507649739583334,1.049938900203666,0.047663334108346896,82.863596,980,1040,0.9423076923076923,1731,1787,0.9686625629546727,2983,3110,0.9591639871382637,17672,18639,0.9481195343097806
1069,5368.172923483491,61.55843853555833,0.7264478764478765,0.2702702702702703,0.0011583011583011582,0,15.482170949355146,0.857805032663145,0.7692343111344137,5180,20,24.308207006698815,2.7491382285422175,1.6112144565506246,4.0,11.147,0.0,0.2538007213761019,0.9162731927911153,1.0869014272375617,0.08165384145596678,60.048912,3573,3789,0.9429928741092637,2342,2458,0.9528071602929211,2277,2461,0.9252336448598131,5586,6329,0.8826038868699636
1070,2793.805887931555,55.80732675001917,0.5951761235467639,0.40048585806003817,0.0012146451500954364,0,14.427706394635397,0.8710484671149985,0.6356567378734106,5763,31,24.22055026518185,2.4923064181756933,1.448396501457726,3.0,16.667,0.0,0.1856159320083941,0.9509441850742109,1.0492559211905261,0.04947675188766724,53.73237,4115,4304,0.9560873605947955,2401,2463,0.9748274462038165,2345,2471,0.9490084985835694,4786,5113,0.9360453745354977
1071,4686.134940199803,56.67282718900337,0.7056451612903226,0.2915322580645161,0.0,0,13.84563842940482,0.861601978810147,0.7606185268578256,4960,18,22.678071073055396,2.8206680563779765,1.7857142857142858,5.0,11.83,0.0,0.2789147403378113,0.9546969509937044,1.0462917181705809,0.04486234746212345,55.304404,3257,3404,0.9568155111633373,3212,3291,0.9759951382558493,3158,3253,0.9707961881340301,5841,6254,0.9339622641509434
1072,4505.326380831145,96.53033444221487,0.5848407392843099,0.412504915454188,0.0,0,13.928287309922627,0.8615481499289785,0.6173185470155599,10172,24,23.418368723607596,3.1688901225685204,1.7611363254328458,4.0,31.331,0.0004913039206052865,0.4259335700397673,0.9430339236185193,1.056750630800154,0.05366661282506865,94.526752,1157,1241,0.9323126510878323,2058,2120,0.970754716981132,3301,3437,0.9604306080884493,15584,16637,0.9367073390635331
1073,2911.708611204895,77.17113550283082,0.5601610611084794,0.4364045476077688,0.00011842728564661298,0,15.115162077966101,0.8527678315024789,0.5933705172383923,8444,18,19.272788104925098,2.822487129082278,1.6670190274841437,4.0,26.646,0.00011841326228537596,0.4704118106916585,0.9372242390393745,1.0614315341068326,0.0586719941117712,75.07971,2514,2747,0.9151801965780851,3041,3164,0.9611251580278128,2530,2663,0.950056327450244,8696,9331,0.9319472725324188
1074,3643.374694189961,43.978760406778115,0.7061299657984741,0.2907129702709813,0.00026308866087871614,0,16.757399986744645,0.8462097520293193,0.7876479194567602,3801,21,21.26380053555269,2.5055318071181483,1.9131892697466468,6.0,9.323,0.0,0.17843433677128792,0.9432690072076262,1.055413072200202,0.052990825688073395,42.099036,4390,4622,0.9498052790999567,2788,2894,0.9633724948168625,2433,2573,0.9455888068402643,2560,2814,0.9097370291400142
1075,2289.331436366289,126.44955271016978,0.5106510451338038,0.48582079616562374,0.0,0,10.992366229289662,0.8383684297465044,0.5785508992498563,15022,32,23.83020814113194,3.93747329166581,2.3723113023073914,6.0,56.102,0.0004657661853749418,0.4716492767308742,0.9082925821337557,1.0901605314143372,0.08270154157189791,121.203954,8,9,0.8888888888888888,108,114,0.9473684210526315,506,549,0.9216757741347905,25753,28366,0.9078826764436297
1076,7432.362384321216,81.24359729007077,0.7423294608281203,0.2558832290735776,0.0,0,12.334336315986805,0.8489936091390173,0.8133785375954528,6714,16,23.73389437884905,3.4420526738873343,2.066011235955056,6.0,15.65,0.0002977963073257892,0.4145727225227599,0.9323962800968194,1.0673027773044812,0.06302470855051127,78.56453,893,964,0.9263485477178424,2147,2279,0.9420798595875384,3591,3839,0.9353998437092993,15326,16467,0.9307099046578005
1077,5002.259308186571,43.131337244694095,0.8722567965935146,0.1254503766786767,0.0006550933508024893,0,13.895575528890427,0.8629795974383553,0.9189507844470521,3053,18,24.54437645142236,2.6618366336089916,1.9714607585429966,5.0,4.771,0.0,0.16813969492349395,0.9338837143663562,1.0677330313539528,0.06510983574114387,42.020616,3101,3383,0.9166420336979013,3259,3448,0.945185614849188,3104,3275,0.9477862595419847,3771,4066,0.9274471224790949
1078,5935.816631503657,83.50408232716771,0.6603551841211804,0.33611909114651345,0.00013058239749281798,0,11.98060426550356,0.8593039551044649,0.712081505632252,7658,20,23.247486721592537,3.093211527847003,2.0023729483883725,5.0,21.366,0.0,0.3803998348058854,0.9018245854326664,1.1012123889461543,0.0922291296625222,81.32077,1507,1674,0.9002389486260454,2693,2833,0.9505824214613484,3162,3313,0.9544219740416541,11074,12623,0.8772874910876971
1079,7245.042561354097,76.97711085804778,0.7575178997613365,0.24073190135242642,0.00031821797931583137,0,11.379460471616378,0.8572096812633969,0.7775603567822995,6285,26,19.1412437817631,3.0251053622868134,1.6049149338374291,4.0,12.447,0.0,0.24490822965854403,0.9443557241241641,1.055760967322874,0.05342718125560962,75.883054,2061,2184,0.9436813186813187,2544,2639,0.9640015157256536,3273,3439,0.9517301541145682,11045,11776,0.9379245923913043
1080,6018.215258983924,117.80351898217383,0.5967175634849351,0.40017963582918264,0.0,0,13.75542494333711,0.8618640241316049,0.64407790698236,12247,25,23.502181330913444,3.3662154563741313,1.9760536398467432,5.0,38.245,0.00040809663728370876,0.4868609251598184,0.9300324130993629,1.0687091350644498,0.0642192239305512,115.333614,383,409,0.9364303178484108,1047,1106,0.9466546112115732,2231,2351,0.9489578902594641,21302,22975,0.9271817192600653
1081,7752.5865678603095,99.31806654907655,0.6874929258630447,0.30979060554612337,0.0,0,17.616420445768632,0.8608445634012706,0.729868533873827,8835,21,20.185984144685868,3.269514754487131,1.7581494896279224,5.0,21.673,0.0,0.4188752902986398,0.9503004781330877,1.0490239183960606,0.046908315565031986,96.873156,1258,1361,0.9243203526818515,2486,2561,0.970714564623194,3236,3363,0.9622360987213797,14684,15512,0.946621970087674
1082,6433.913664152363,101.9531218635566,0.6331420517467029,0.363837712674922,0.0,0,11.023687657427388,0.8399798740784052,0.6723909889066606,9933,20,23.27439381186369,3.130138311929758,1.959930036571792,5.0,28.708,0.000503119339907426,0.4975682376003894,0.9100573817890664,1.0883928571428572,0.08124565777105726,99.925824,1242,1322,0.9394856278366112,2052,2139,0.9593267882187938,2776,2954,0.939742721733243,14389,16066,0.8956180754388149
1083,6541.9705972014835,95.60486185949233,0.6487630933808781,0.34878537998662806,0.00022286605749944285,0,15.606387441417372,0.8527480202837293,0.7385113348255616,8974,18,21.511797107773745,3.6145821319867277,2.4146341463414633,7.0,27.069,0.0002228163992869875,0.49998130493198545,0.9381751824817518,1.0602484699673838,0.05705829719870604,91.796218,263,279,0.942652329749104,987,1040,0.9490384615384615,2584,2739,0.9434100036509675,21872,23342,0.9370233913117985
1084,7025.295939987662,89.56311577171392,0.6871536523929471,0.31007556675062975,0.0,0,9.633815886370655,0.8416855159107723,0.7805203334639593,7940,30,24.424814475441472,3.7772378282056986,2.2289222873900294,7.0,21.651,0.0,0.26445702921616543,0.9249239341618094,1.0754605964770345,0.0703404559860955,85.442434,211,233,0.9055793991416309,952,1023,0.9305962854349951,2314,2411,0.959767731231854,21754,23612,0.9213111976960867
1085,5373.603700836359,100.5653764384947,0.6023552502453385,0.39528949950932285,0.0,0,12.544118555159638,0.8367130404585889,0.6511817133649421,10190,27,22.706669326142716,3.4799311047367363,2.186054089279896,6.0,31.802,0.0,0.37481018531747323,0.9099800624459241,1.090119353376643,0.08280716281958389,97.38822,282,328,0.8597560975609756,1036,1082,0.9574861367837338,2238,2384,0.9387583892617449,20634,22789,0.9054368335600509
1086,4581.403609563535,86.2205693579742,0.6010741629528054,0.3959547480287967,0.0,0,14.26081882976513,0.8515287363315205,0.6638746220970385,8751,19,22.051667849984888,3.2853778936921416,2.156463878326996,6.0,27.422,0.00011425959780621572,0.4657266570375366,0.9307397702076194,1.0684272253002791,0.0639622641509434,83.591292,702,751,0.9347536617842876,1737,1820,0.9543956043956044,3245,3399,0.9546925566343042,17403,18835,0.923971329970799
1087,6310.1834857876775,64.5957463390029,0.7734482083414921,0.22283140787154884,0.00039161934599569217,0,10.438491301788691,0.8427082492615086,0.806042553449874,5107,17,21.60677864813399,3.020434407621228,1.7422784810126581,4.0,10.256,0.0,0.3005844069463166,0.9170139804800844,1.0845665961945032,0.07855719216372563,63.326994,2137,2282,0.9364592462751972,2437,2595,0.9391136801541425,3555,3797,0.9362654727416382,9253,10281,0.900009726680284
1088,5551.515606031295,61.545347429012644,0.740200906046878,0.2580263935394918,0.00039393342525113255,0,11.01282094402831,0.8444984734252537,0.7903093333775645,5077,26,22.716928138501682,2.967278922093129,1.6998403406067057,4.0,10.825,0.0,0.19877991263725753,0.9340574088440652,1.0655264326965792,0.06205821205821206,59.96096,2484,2666,0.9317329332333083,2810,2923,0.9613410879233664,3499,3693,0.9474681830490116,8063,8764,0.9200136923779096
1089,3842.3853085743704,35.377575598987534,0.8352118150019433,0.16051301982122038,0.00388651379712398,0,11.32045120576997,0.8421103565691134,0.8856825294402301,2573,16,22.715112195563428,2.31944376589955,1.6910190786412285,4.0,4.037,0.0,0.15894950948031059,0.9273414162713056,1.0712014134275618,0.07108463233493838,34.151888,4299,4596,0.935378590078329,2700,2869,0.9410944579993029,2034,2212,0.9195298372513563,1522,1705,0.8926686217008798
1090,4167.1023305626,110.06283819145496,0.5608247422680412,0.43571134020618557,0.0,0,12.333384200886133,0.8553755207309206,0.5892064134779759,12125,27,23.287054349107827,3.142174085140587,1.7458823529411764,4.0,38.939,0.0002473614775725594,0.44373584867795335,0.9168852800333125,1.0819857089131253,0.07567068242176976,107.956448,946,1021,0.9265426052889324,1589,1650,0.963030303030303,2476,2633,0.9403721990125332,17008,18711,0.9089840200951312
1091,3691.23014117646,51.02975611891662,0.6657363675397167,0.33147273507943326,0.0,0,13.54255277706942,0.8593126932972525,0.7308345132835755,4658,18,24.20334911235247,2.684403064798979,1.945178974524347,6.0,12.518,0.0,0.25406384077367006,0.9312524436335201,1.0700836820083681,0.06631783889024094,49.042068,3006,3285,0.915068493150685,3464,3620,0.9569060773480663,3141,3331,0.9429600720504353,4680,5110,0.9158512720156555
1092,7768.613190661365,89.21524861825458,0.7235449735449735,0.2743386243386243,0.00013227513227513228,0,8.786637120010985,0.831221624322357,0.7825946088740657,7560,26,22.866767069715756,3.5182751940469474,2.0954296160877512,5.0,18.739,0.0,0.2877331989579313,0.8819397993311037,1.1207851031706089,0.1083609796100943,86.626176,650,697,0.9325681492109039,1593,1700,0.9370588235294117,2714,2922,0.9288158795345653,16139,18601,0.8676415246492124
1093,6194.431101346054,97.17450744061298,0.6372852417031266,0.3610073631416071,0.0,0,8.217352260180446,0.8461235984365426,0.6738098760367732,9371,24,21.344620391850974,3.1979447895140294,1.8215003348961822,5.0,26.359,0.00010670081092616304,0.3928961884841876,0.9074430336454192,1.0931607816249571,0.08532436554178235,95.631888,1053,1137,0.9261213720316622,1760,1822,0.9659714599341384,2417,2559,0.9445095740523642,15996,17873,0.8949812566441
1094,3485.2360285790146,96.93164110474763,0.5526093881757707,0.4427995877447765,9.3694368968425e-05,0,8.328811045874318,0.8370870759122507,0.610670511879242,10673,28,20.82609233714834,3.62991853485058,2.263309596473381,6.0,37.259,0.0,0.38287597515273264,0.8882517048977061,1.1139978997316324,0.10245531056548654,93.338292,265,297,0.8922558922558923,1202,1254,0.9585326953748007,2627,2762,0.9511223750905141,18830,21495,0.8760176785298907
1095,5210.53958983657,107.25520534046369,0.5870624323348972,0.4103211836881992,0.0,0,10.821515622177012,0.8472642810246532,0.6539141697070296,11084,30,21.60663875698607,3.837498469110106,2.3078223451667434,6.0,36.313,9.021199819576004e-05,0.37216808254443945,0.8992168031327875,1.0996567260244583,0.09058534058534058,103.254654,67,73,0.9178082191780822,378,401,0.942643391521197,1128,1235,0.9133603238866397,23686,26381,0.8978431446874645
1096,5266.975613261266,48.49009183126836,0.8285477636664826,0.16979569298729982,0.0,0,13.801114425473122,0.8651375443733206,0.9019615209964839,3622,23,22.57915750727862,2.9217432920372093,1.9243585471509497,5.0,6.56,0.0,0.15211826092792555,0.9460197307191165,1.0538370573224622,0.05182962701494293,46.84627,2872,3107,0.92436433859028,3525,3650,0.9657534246575342,3506,3669,0.9555737258108477,5344,5691,0.9390265331224741
1097,1255.789390398777,50.71935071211925,0.5275885558583107,0.46849455040871935,0.00017029972752043596,0,8.863081258595676,0.8400670558271792,0.5726940073468806,5872,19,21.40066945741921,2.6390778358174396,1.9809554551323434,5.0,20.4,0.0,0.307142112260944,0.9204407924071597,1.080475186817398,0.07533278360230887,48.845614,3009,3187,0.944148101663006,3356,3532,0.9501698754246886,3119,3363,0.9274457329765091,4966,5617,0.8841018337190671
1098,4849.520851730606,55.79611859243695,0.7241744284504658,0.27307366638442,0.000846740050804403,0,13.00404905645297,0.8512663415667153,0.7727468418796885,4724,25,23.37311727944066,2.8793434486358844,1.8468284127448114,5.0,11.109,0.0,0.18935486357128584,0.927415516420752,1.0769001312492543,0.0727132296149178,54.14064,2639,2863,0.921760391198044,3107,3274,0.9489920586438607,3336,3545,0.9410437235543019,6506,7126,0.9129946674150996
1099,-376.89593790786574,73.93038347052756,0.46625450798557444,0.5294178258629573,0.0,0,10.238144283130525,0.8590410117372226,0.517004751379149,9705,20,22.81895310977384,2.6768320220019524,2.136132596685083,6.0,37.579,0.0007207578253706755,0.4926865622470854,0.8852351200263071,1.1196515218350243,0.10777506112469437,71.250212,2217,2427,0.9134734239802225,2282,2434,0.9375513557929335,2455,2689,0.9129788025288211,9198,10696,0.8599476439790575
1100,5835.359281727208,105.12730368377454,0.6087038610403096,0.387331256490135,0.0,0,9.578225836577545,0.8522000178396526,0.6447755846076119,10593,32,24.412687761909748,3.5068074029483935,1.99348635235732,5.0,32.241,0.0,0.3319525130864862,0.9085166298805084,1.0907702295031887,0.08330426288983464,102.314428,372,412,0.9029126213592233,1038,1094,0.9488117001828154,2308,2436,0.9474548440065681,20156,22336,0.9023997134670487
1101,5713.08356287968,73.27367966813799,0.6854961832061068,0.3112977099236641,0.0,0,10.321477809962467,0.8583023419537436,0.7364999301322603,6550,19,23.64934836524349,3.05453570696578,1.9946547884187082,5.0,17.118,0.0,0.3376117202686161,0.9040592239280568,1.0986336890395931,0.09034619904185122,71.172248,1705,1851,0.9211237169097785,2559,2677,0.9559208068733657,3184,3350,0.9504477611940298,10748,12249,0.8774593844395461
1102,6386.513728485699,56.87489029000416,0.851634943875061,0.14714494875549047,0.0,0,9.768756708206883,0.8554524541250138,0.9269443615844392,4098,21,20.756335410741222,3.12609119251738,1.8601719197707736,5.0,6.461,0.0,0.19678975627450576,0.9425491721302367,1.0582832331329326,0.05581785751757423,55.014508,2345,2538,0.9239558707643813,3177,3305,0.9612708018154311,3789,3950,0.959240506329114,7653,8205,0.9327239488117002
1103,6412.51369019082,118.32714751832147,0.6045075125208681,0.39240400667779635,0.0,0,9.859751805336725,0.8346660821134704,0.6590337771984929,11980,25,22.428135424151375,3.668394470798354,2.127036730185032,6.0,37.387,0.0008340283569641367,0.47669657262926246,0.9025957242550677,1.0964167932708342,0.08777661760247903,114.775006,210,224,0.9375,807,850,0.9494117647058824,1792,1908,0.939203354297694,21636,24101,0.8977220862204888
1104,5218.484719286589,54.926558871243245,0.76062036412677,0.23758147898404136,0.0,0,12.200584464862235,0.8472867534433732,0.8096367438328955,4449,20,23.06932069072375,2.8055746086376976,1.696808510638298,4.0,8.923,0.0,0.2236979026171324,0.9300324985662397,1.070574697947964,0.06661511925295902,53.507022,3092,3322,0.9307645996387718,3142,3290,0.955015197568389,3169,3383,0.9367425362104641,5192,5698,0.9111969111969112
1105,5554.950713759425,74.11526967908603,0.6741854636591479,0.32227627893262567,0.0,0,6.641131713365693,0.8439407849697304,0.742881640815939,6783,30,22.62296589974877,3.4205956865976135,2.0533566586485894,5.0,18.173,0.0,0.22678860634275433,0.9336380635778101,1.0663199500728104,0.062195549666809555,71.652518,857,923,0.9284940411700975,2020,2071,0.975374215354901,3574,3725,0.9594630872483222,16017,17346,0.9233829124870288
1106,6397.967323184357,105.49963946404259,0.6247701983551041,0.3725205611998065,9.675858732462506e-05,0,12.029382268760092,0.8367478552824945,0.6644094600314383,10335,27,22.93356708976723,3.596649309430853,2.124206287749729,5.0,31.646,0.0,0.3891513092335133,0.8925343811394892,1.1098008282390062,0.09892366520322901,102.711732,398,429,0.9277389277389277,1215,1288,0.9433229813664596,2708,2865,0.9452006980802792,18394,20868,0.8814452750622963
1107,2554.242588845821,119.15673268203601,0.5161521895190236,0.48025843503230436,0.0,0,10.358918651325162,0.8227198615044202,0.6130969744139104,13930,32,26.345833080213033,3.962852934306744,2.578720445062587,7.0,52.624,0.00028706760442084113,0.4333325316739064,0.8684698168341529,1.1319725938946084,0.11624098510376972,112.54879,11,11,1.0,68,76,0.8947368421052632,350,383,0.9138381201044387,23942,27592,0.8677152797912439
1108,8692.944845349371,81.71388080406132,0.8159845310989365,0.18192072188204964,0.0,0,9.811070248485061,0.8405259278112284,0.8540651556921242,6206,21,24.730915514763446,3.4344432658575,1.8852685624012637,4.0,11.271,0.0,0.2958205937827096,0.920781587759081,1.0804094809277036,0.07474802933448371,80.347204,985,1042,0.9452975047984645,1768,1848,0.9567099567099567,3084,3297,0.935395814376706,15887,17406,0.9127312421004251
1109,4906.278384213587,122.86875653352365,0.5636691458192472,0.4330253174066562,0.0,0,12.029186692112209,0.8515316236838364,0.6204755463678953,13311,31,20.267006999271967,3.909028771582238,2.1948553911768625,6.0,44.976,0.00015022909937654924,0.4307091415598898,0.9228074994849255,1.0758207309931447,0.07041624106230848,118.603456,36,38,0.9473684210526315,253,258,0.9806201550387597,789,818,0.9645476772616137,25796,28008,0.9210225649814339
1110,4513.960831993303,44.82327920018308,0.7869890616004606,0.20984455958549222,0.0005757052389176742,0,16.765924035244193,0.853862370430699,0.8806252545836882,3474,21,19.965003727236837,2.7747815025385973,1.982443306510607,5.349999999999909,6.96,0.0,0.1634317468991392,0.9200961674444916,1.0807276861853325,0.07677242459851155,42.8712,3345,3681,0.908720456397718,3150,3329,0.9462300991288676,2734,2942,0.929299796057104,3783,4190,0.9028639618138424
1111,5305.72350060098,59.67464541569595,0.7309069212410502,0.26650755767700873,0.0001988862370723946,0,12.724533535386293,0.8496035459444651,0.8001409199423876,5028,19,20.660121349214634,3.1371620361516537,2.0217687074829933,6.0,11.902,0.0,0.26866180494086594,0.94512,1.0554991720527749,0.05283895736512427,57.582344,2177,2302,0.9456993918331885,3345,3462,0.9662045060658578,3999,4151,0.9633823175138521,8200,8835,0.9281267685342388
1112,2578.280346967357,34.339637419435824,0.6783471074380165,0.3180165289256198,0.0023140495867768596,0,17.3820847757723,0.8741788712310148,0.7458452410776599,3025,19,22.641167216027863,2.2274023777106926,1.5019493177387915,5.0,7.181,0.0,0.16217845772207456,0.9646009389671362,1.032902800037711,0.03506387605327534,32.860696,5358,5589,0.9586688137412775,2065,2119,0.9745162812647475,1605,1657,0.9686179843089922,1245,1285,0.9688715953307393
1113,7689.253464448822,100.5358395222009,0.6832509610104338,0.3154310818231741,0.0,0,16.17558058324109,0.8690529300288131,0.7093113784335614,9105,30,20.5235618854345,3.34873283050487,1.6029577238386112,4.0,21.901,0.0,0.3032285889097358,0.9492111069480871,1.0509859507233084,0.04859790874524715,98.783934,970,1044,0.9291187739463601,2021,2118,0.9542020774315392,3222,3432,0.9388111888111889,16588,17427,0.9518563149136398
1114,5547.525427796973,65.96212790240575,0.7129548251010722,0.28546317454737213,0.00017577781683951485,0,17.86625566956917,0.8623226151633221,0.7641824261016098,5689,32,21.189778062894682,3.0975051486588603,1.671104536489152,5.0,12.838,0.0,0.17495379282930074,0.9580415662988068,1.0427072226275325,0.04129967776584318,64.14617,2523,2709,0.9313399778516057,3405,3520,0.9673295454545454,3402,3527,0.9645591153955203,7772,8095,0.9600988264360717
1115,8349.56037157305,98.25944779879754,0.7147072710103871,0.2830500472143532,0.00011803588290840416,0,16.342392849886412,0.8640114887126614,0.7730885886945175,8472,21,23.04222644067506,3.485267303788775,1.904541701073493,6.0,20.147,0.00011802195208308746,0.40775275783455356,0.9641989369779802,1.035787632159428,0.034705170960530655,95.443406,518,564,0.9184397163120568,1609,1671,0.9628964691801316,3385,3498,0.9676958261863923,19885,20607,0.964963361964381
1116,4951.677129023785,104.51893023421374,0.5883371298405466,0.4082004555808656,0.0,0,16.89896633390061,0.8700957754460812,0.6183885205358792,10975,26,25.097598591010545,2.9078176865238325,1.325228434257395,3.0,31.04,0.0001821991436640248,0.4219545213135507,0.9631143300569064,1.034976647638817,0.034851208308368284,102.652812,2705,2879,0.939562348037513,2288,2357,0.9707254985150615,1556,1599,0.9731081926203877,12068,12495,0.9658263305322129
1117,3775.253656214339,54.57225994939835,0.6554263565891473,0.34244186046511627,0.0001937984496124031,0,15.383208646359389,0.8360799262562503,0.7196216973705715,5160,21,23.091179600790646,2.823496553875746,1.693672383205204,5.0,13.288,0.0,0.24867958282542463,0.9513375629537576,1.0470804839558128,0.045928237129485176,52.727724,3391,3661,0.926249658563234,3216,3326,0.9669272399278412,2761,2868,0.9626917712691772,5177,5434,0.9527051895472948
1118,4786.575220681691,69.8854910441599,0.6522796352583586,0.3443768996960486,0.00015197568389057752,0,13.894176816256374,0.8588407519908551,0.6990115147177935,6580,19,23.112314697858473,2.972933448364857,1.6733457595526562,5.0,16.919,0.0,0.34776188406871145,0.9657513729405891,1.0338033803380338,0.032881077688185024,67.784188,2013,2151,0.9358437935843794,3166,3225,0.9817054263565892,3709,3788,0.9791446673706441,10456,10866,0.9622676237806
1119,4698.309385839248,109.00875251564007,0.5747057307328808,0.42237305610447634,0.0,0,11.39047494912008,0.8591177958365565,0.6059593962547464,11639,25,20.677717797065608,3.2913227828017817,1.7437584093287486,5.0,36.099,0.00025768768252877513,0.46046414341411634,0.940476654834809,1.059458613675481,0.05621410690619938,106.950514,604,653,0.9249617151607963,1531,1644,0.931265206812652,2612,2761,0.9460340456356393,19364,20579,0.9409592302832985
1120,5236.244978574794,76.06139115363983,0.651983622758718,0.3450515318367923,0.0,0,11.82510854878862,0.8717440585808881,0.7041369415829253,7083,21,21.523992394396597,3.319247107886209,2.0773061931572108,5.0,20.203,0.0,0.33468115140446375,0.9069319078082552,1.096781285726849,0.08872384603098546,73.371888,953,1032,0.9234496124031008,2021,2145,0.9421911421911422,3356,3606,0.9306711037160288,14368,16039,0.8958164474094394
1121,5734.097156248809,63.69402950507048,0.7370794963352754,0.2597256154858109,0.0005638037962788949,0,10.524714880756353,0.8508023261385703,0.7939567277218077,5321,23,26.382800123011243,3.0242497873593748,1.9563997960224375,5.0,12.368,0.0,0.23127912588029859,0.8946205743626485,1.1097546379413525,0.09946771331792031,61.906794,2620,2818,0.9297374024130589,3054,3178,0.9609817495280051,2880,3100,0.9290322580645162,6430,7653,0.8401933882137724
1122,5674.903097323695,51.272442700361914,0.8410419989367358,0.15709728867623604,0.000531632110579479,0,6.56217297960882,0.8596692091733378,0.9104822981367751,3762,18,24.410845647182196,2.98914440173107,1.8555625790139065,5.0,6.146,0.0,0.20815157605314677,0.9256653410829,1.0768569674647022,0.0724662353875837,49.644286,2870,3046,0.9422193040052528,2968,3117,0.9521976259223612,3352,3598,0.9316286826014453,5940,6584,0.9021871202916161
1123,5593.033023949065,110.743847143265,0.5930344767084832,0.40266690060531624,0.0,0,13.45769429304971,0.8579343040147,0.6381203801147868,11399,27,26.639690953076546,3.5113514001728507,2.030621301775148,6.0,35.996,0.00017542320849048328,0.42646071848622014,0.9076053283767038,1.0931462115616375,0.08513125730683388,107.75811,401,431,0.9303944315545244,1263,1347,0.9376391982182628,2591,2749,0.9425245543834122,19183,21297,0.9007371930318824
1124,6809.957061013344,74.80673799420366,0.7426208238728511,0.25510866039571845,0.0001621796951021732,0,12.538035479999323,0.8552761764308764,0.8042658306268534,6166,23,23.287345371036686,3.3373780080013646,1.7643590303559729,5.0,13.073,0.0,0.26838791202408524,0.9325513196480938,1.0701254826254827,0.06667564050791941,72.834526,1577,1722,0.9157955865272939,2610,2756,0.9470246734397678,3530,3737,0.9446079743109446,11681,12586,0.9280947084061656
1125,1196.413194584789,95.18356049835322,0.5028777596426424,0.4925693668928786,0.0,0,12.87491572416354,0.8811612994547243,0.5359442195728418,11641,26,23.972097571152496,2.9998105337910026,1.489921421250427,4.0,39.904,0.000429331959471063,0.4482003161716792,0.9716340391530164,1.0278148049409046,0.027121572014683654,93.134212,1637,1719,0.9522978475858057,2294,2339,0.9807610089781958,3049,3134,0.9728781110402042,14908,15335,0.9721552005216825
1126,452.1067989050372,37.69039397393878,0.4987951807228916,0.4957283680175246,0.0013143483023001095,0,9.924869143845552,0.8462610161525201,0.5707812390680864,4565,19,26.664863719821184,2.05040152406001,1.7035573122529644,5.0,15.924,0.0,0.24298188547837857,0.9315923462264926,1.0649586776859503,0.06510556621880999,35.687646,4575,4854,0.9425216316440049,2606,2751,0.9472918938567794,2042,2215,0.9218961625282167,2121,2357,0.8998727195587611
1127,856.1698917104255,61.36850410083349,0.505700871898055,0.49067739771965124,0.0,0,8.383219015575564,0.8748864547073385,0.5336523102171343,7455,16,20.12530255198331,2.4694343833756345,1.646684350132626,5.0,25.669,0.0008041817450743868,0.46891234424527906,0.9677099147495036,1.0302569204658512,0.029523431744772483,59.857712,3143,3286,0.9564820450395618,2984,3044,0.9802890932982917,3183,3257,0.9772797052502302,7263,7539,0.9633903700756068
1128,4909.372943685033,61.53021172513833,0.6944393801276207,0.3017319963536919,0.0007292616226071103,0,12.685583585977305,0.8558751597432775,0.7452598948479104,5485,26,20.713264350572732,2.8261950860469587,1.66054082436335,5.0,12.974,0.0,0.212011482026926,0.9284437635644069,1.0723616803278688,0.06888558692421991,59.818734,3295,3528,0.9339569160997733,2673,2817,0.9488817891373802,2553,2742,0.9310722100656456,6024,6579,0.915640674874601
1129,5317.6451216850655,73.22315650819809,0.6680522565320665,0.3297209026128266,0.0,0,8.757729171695381,0.8809852371925438,0.7106432687472325,6736,17,21.373289751622266,3.0397411065881803,1.6955555555555555,5.0,17.268,0.0,0.39344648627503487,0.9687471732247852,1.0315245946190779,0.03081576294218209,71.818256,1522,1630,0.9337423312883436,2593,2653,0.9773840934790803,3814,3908,0.9759467758444217,13490,13919,0.9691788203175515
1130,4753.253675580193,64.00118256814372,0.6756018439474134,0.3213249103636674,0.0017073587160662455,0,12.62149687499231,0.8687909358835375,0.7017146223688778,5857,30,23.823642206720194,2.8594775725501593,1.4993682082385646,3.0,14.162,0.0,0.19556914549347604,0.9320695102685624,1.0671992194646014,0.06700680272108843,62.81852,3022,3264,0.9258578431372549,2443,2534,0.9640883977900553,2762,2907,0.9501203990368077,7113,7753,0.9174513091706437
1131,5446.9721509770125,48.858691585362536,0.8476672287802136,0.15064643057897695,0.0,0,11.421485554410362,0.8616775918736114,0.883986156725018,3558,23,21.352763266984606,2.905989318119638,1.5109416445623343,4.0,4.77,0.0,0.15641869495107935,0.9582500861178092,1.042350669057801,0.04058430828210721,47.737494,3374,3566,0.9461581604038138,2745,2825,0.9716814159292035,3128,3249,0.9627577716220376,4662,4875,0.9563076923076923
1132,8140.53151420795,109.67507786263148,0.6728119734364159,0.3245118445832094,0.0,0,12.089847066038825,0.8744000959071162,0.7464235041671976,10089,23,20.862592239922748,3.719751783851664,1.8327931644077784,6.0,25.792,0.00029726516052318666,0.4346097638374753,0.9563433387549903,1.0435861353873501,0.04169471111268554,106.265964,381,416,0.9158653846153846,1347,1400,0.9621428571428572,2832,2943,0.9622833843017329,21311,22293,0.9559502982999147
1133,6631.2145244657695,99.11524283051138,0.6484565609419751,0.3496340299140766,0.0,0,10.794486800705442,0.8572396705387648,0.680225691196934,9427,20,22.593485391135854,3.046880206423922,1.6443644691640766,4.0,24.994,0.00021211157068618092,0.47642319718044057,0.9601144192417711,1.0391785022595224,0.03779655760583036,97.394146,1045,1126,0.9280639431616341,1634,1687,0.968583283935981,2470,2577,0.9584788513775708,18682,19431,0.9614533477432968
1134,6429.80243631854,103.04971818349915,0.6315312594382362,0.36524715594483037,0.0,0,13.981557808003302,0.852818009884031,0.6681416517856561,9933,32,22.930672488773972,3.5132504104859006,1.773473617089112,5.0,27.556,0.00010066438494060802,0.31620905841260594,0.9432997736673691,1.058607342534308,0.05550641309155241,100.373,566,610,0.9278688524590164,1701,1771,0.9604743083003953,3069,3202,0.9584634603372892,18837,20043,0.9398293668612483
1135,6635.6362242268415,79.14819387684148,0.7104604972782109,0.2868912755627483,0.0,0,10.748641673462934,0.8385213734339121,0.7560164635692025,6797,31,22.192876462814034,3.446586707617571,1.9202733485193622,5.0,16.428,0.00014710208884966165,0.21699940679775112,0.9348998620228289,1.0666247906197655,0.06262982559278855,76.956488,861,938,0.917910447761194,2083,2149,0.9692880409492788,3413,3562,0.9581695676586187,16003,17268,0.9267431086402594
1136,6389.323262686619,70.98747466440362,0.7389112903225806,0.25873655913978494,0.00016801075268817206,0,14.143005975620849,0.8632347304423771,0.7727101072133205,5952,26,23.00283424453066,3.1056345516089117,1.534106412005457,3.0,12.115,0.0,0.22556400951895955,0.9340700808625337,1.0672391445236553,0.06379327748056929,69.407378,2307,2523,0.9143876337693222,2581,2699,0.9562801037421267,3396,3578,0.9491335941866965,9043,9750,0.9274871794871795
1137,6344.17483056635,86.4586513256794,0.668269839260853,0.3280597392735097,0.00012656625743576763,0,11.889562355214194,0.859963448461377,0.7388165311517185,7901,30,25.28538626862803,3.5733355276014604,2.0575757575757576,6.0,21.653,0.0,0.2627789934995879,0.9357952161141418,1.0640397857689365,0.06049962366940253,83.368582,445,498,0.893574297188755,1337,1398,0.9563662374821174,2901,3049,0.951459494916366,19847,21268,0.9331860071468874
1138,3765.0201484374743,111.63997510186833,0.5491783567134269,0.4476953907815631,0.0,0,13.410565041411822,0.849902662083243,0.5943548004317855,12475,27,22.81623187008035,3.67102298798849,2.0596993139687636,6.0,41.988,0.00048073071068023397,0.4596509857685468,0.9345011702750147,1.0641420813151328,0.06027905697986116,108.052522,242,264,0.9166666666666666,1019,1062,0.9595103578154426,2673,2764,0.9670767004341534,21619,23254,0.929689515782231
1139,5306.440306133794,79.64149894643741,0.6437533368926855,0.3539775760811532,0.0,0,11.84453486302271,0.8538766690553214,0.7251386453664422,7492,20,23.777337073446233,3.625865861387807,2.3039601907526435,6.0,22.371,0.0,0.3710121380030211,0.943970259094875,1.0554372623574144,0.052750727658198285,76.531608,382,406,0.9408866995073891,1515,1572,0.9637404580152672,3539,3656,0.9679978118161926,19448,20727,0.9382930477155401
1140,3728.5757714199717,51.91544520449012,0.6670152687722234,0.3313114411211044,0.0008366450533361222,0,10.269900782006008,0.8441883171603696,0.7033651950818416,4781,24,21.96634406388133,2.5006809285641753,1.4650360614612732,3.0,11.65,0.0,0.1980538117920074,0.9392687027178481,1.0595598059208213,0.05911817043432413,50.509882,4061,4258,0.9537341474870832,2322,2420,0.959504132231405,2540,2706,0.9386548410938654,4486,4892,0.9170073589533932
1141,6185.938244229525,82.15361590213557,0.6777390838467721,0.320117867666756,0.0,0,9.17960195225248,0.8673107193053703,0.7211999721296273,7466,31,21.078423966060107,3.2595467579192916,1.7045454545454546,4.0,18.805,0.0,0.2416182426933946,0.9521611045156751,1.0491969196919693,0.046974522292993634,80.132308,1269,1355,0.9365313653136531,2516,2572,0.9782270606531882,3632,3732,0.9732047159699893,14238,15084,0.9439140811455847
1142,4404.493845872769,128.7261413394981,0.5506134969325154,0.4457612939208031,0.0,0,14.46144892025458,0.8542920715893768,0.6029257317105934,14344,31,22.538168547144615,3.525420241560907,1.9355533046340845,5.0,48.067,0.00048777088704619886,0.46187335491845183,0.9097254357550517,1.0913625115991339,0.08357776442732445,125.239254,418,438,0.954337899543379,1322,1377,0.9600580973129993,2474,2559,0.9667838999609223,19377,21558,0.8988310603952129
1143,3841.649896771254,48.6330490383739,0.6928256326909682,0.3020664035291386,0.0018574413745066172,0,9.833559676613978,0.856908561832881,0.7199088990829251,4307,16,24.27426243425129,2.5242789354935082,1.4296246648793565,3.0,9.662,0.0,0.27126460457480206,0.9494367304165575,1.0478260869565217,0.05032033339553399,47.496548,3339,3651,0.914543960558751,2665,2757,0.9666303953572724,3402,3543,0.9602032176121931,5090,5317,0.9573067519277788
1144,5717.033399318756,84.54816715535019,0.647887323943662,0.34887199302006733,0.0001246416552411816,0,11.069328167354794,0.8557167790735135,0.7149566071382043,8023,21,22.41214024857505,3.314355410855799,2.039630627164294,6.0,22.758,0.0,0.38167022887512386,0.8939993482612542,1.1091717360786149,0.0991402809813378,82.005544,1127,1238,0.9103392568659128,2401,2586,0.92846094354215,3454,3737,0.9242708054589243,12222,13920,0.8780172413793104
1145,6292.795673811103,60.01530085123731,0.8115782522562184,0.18534008364516838,0.00022011886418666079,0,7.166237002384904,0.85327348487769,0.8370145555421308,4543,16,21.10190227885164,3.114932327760373,1.573094656902631,3.0,7.502,0.0,0.28343771400399204,0.9471930974224552,1.0529337780937278,0.05069984447900466,58.964302,2411,2533,0.9518357678641927,2724,2824,0.9645892351274787,3587,3756,0.9550053248136315,8623,9199,0.9373844983150342
1146,2726.042707853962,33.508158446696136,0.7010700724887815,0.2944425267518122,0.0006903693476009665,0,6.9902908319808414,0.8454182938445892,0.7656054693981312,2897,16,23.015400418277824,2.2325527191617103,1.741506646971935,5.0,6.869,0.0,0.18312272059755097,0.9554571285308374,1.043197990791126,0.04218362282878412,32.081838,4767,4963,0.9605077574047954,2659,2755,0.9651542649727768,2190,2292,0.9554973821989529,1817,1956,0.9289366053169734
1147,7713.427717904051,72.46271615549138,0.8195364238410596,0.1782560706401766,0.0003679175864606328,0,12.833698231311995,0.8393358166626433,0.868367824783807,5436,17,23.891342185448238,3.155643281138263,1.6307519640852974,4.0,8.759,0.0,0.31614314064244775,0.9250567332706039,1.0756516916250694,0.07077097155788716,70.694992,2629,2789,0.942631767658659,2263,2386,0.9484492875104777,2876,3101,0.9274427603998711,8945,9791,0.913594117046267
1148,8148.061308184783,87.3806668148005,0.750691371681416,0.24751106194690264,0.00013827433628318584,0,11.679745597385342,0.8548506504781557,0.804885227812982,7232,21,24.30754148224137,3.56099153963443,1.9250322342972923,5.0,15.772,0.0,0.3440681001210867,0.9265241035286421,1.0761889157416131,0.07102974133019334,84.859186,724,781,0.9270166453265045,1778,1873,0.9492792311799253,3130,3296,0.9496359223300971,17028,18507,0.9200842924298914
1149,6696.973969105537,57.01322998446815,0.8865015166835187,0.11198179979777553,0.0,0,16.498838977804702,0.8439494654635458,0.9336238655495003,3956,23,24.292704807097508,3.0575165182111053,1.652979754776162,4.0,4.886,0.0,0.1706405652975712,0.9274300932090546,1.073790885369258,0.06907820599504169,55.897708,2937,3149,0.9326770403302636,2591,2724,0.9511747430249633,3224,3422,0.9421390999415546,6571,7227,0.9092292790922928
1150,4449.445908407797,103.1038571067083,0.5712332512988788,0.4253942211284295,0.0,0,13.770847521542212,0.8483365961892627,0.6467154144227472,10971,23,21.356885952838404,3.627618675132515,2.4807722993457797,7.0,38.418,0.0007286638127334002,0.4787965831314738,0.9101840310873232,1.0877567547669882,0.08077506318449873,99.029862,197,206,0.9563106796116505,773,806,0.9590570719602978,2243,2363,0.9492170969107068,21615,23903,0.9042797975149562
1151,5850.937852764605,70.4162880302905,0.7056326530612245,0.2911020408163265,0.0,0,8.714198184279521,0.8506816429393625,0.7639281355043058,6125,20,23.930694366499672,3.169111500927373,2.030078667283665,5.0,15.61,0.0,0.3006009928437918,0.9346006588905708,1.0647234745346605,0.06095317725752508,68.401582,1225,1330,0.9210526315789473,2299,2408,0.954734219269103,3783,3952,0.9572368421052632,13686,14772,0.9264825345247766
1152,6364.0994665973885,115.67324801948197,0.6074918566775245,0.39002228698782787,0.0,0,11.718384780793265,0.8613405368912923,0.676532522207429,11666,30,21.937825218991527,3.8767182994865674,2.097502469310004,6.0,35.859,0.0,0.38827157126570305,0.9412322595942146,1.0581363759847868,0.05499183764924298,111.308826,39,43,0.9069767441860465,273,282,0.9680851063829787,937,981,0.9551478083588175,26539,28217,0.9405323032214622
1153,6130.876144503886,65.26946214598594,0.7562977099236641,0.24141221374045801,0.00019083969465648855,0,11.257576178765035,0.8459033759291518,0.8204127067838614,5240,23,19.090955500545874,3.1975024614518723,1.9225334342669695,5.0,11.384,0.0,0.22871583928107397,0.9349253731343283,1.066035384998754,0.0622375664831576,63.129816,1807,1934,0.9343329886246122,2918,3008,0.9700797872340425,3881,4032,0.9625496031746031,10186,11126,0.915513212295524
1154,3405.1370833843657,43.58225789656265,0.6883150089491179,0.30938378931219634,0.0005113781641523907,0,16.951938366493458,0.8544447608328267,0.7598459459308875,3911,24,23.407299576610463,2.522815820765106,1.7719167904903417,6.0,9.557,0.0,0.1653791718836886,0.9447957741239491,1.0543064166728917,0.053584002253203776,41.674692,4040,4283,0.9432640672425869,3180,3292,0.9659781287970839,2436,2551,0.9549196393571149,3043,3315,0.9179487179487179
1155,6151.938718828859,47.69455012017455,0.9620991253644315,0.037900874635568516,0.0,0,13.497980536812722,0.8525768661812724,0.9892191206173423,3087,16,22.318599655341586,2.88856468104337,1.5471380471380471,4.0,2.128,0.0,0.18966690933515526,0.9492102818209972,1.0504651162790697,0.048124401208637334,46.994668,3308,3488,0.948394495412844,2652,2762,0.9601737871107893,2675,2788,0.9594691535150646,3625,3878,0.9347601856627127
1156,6754.000152175578,121.28920621933904,0.609009009009009,0.38755118755118756,0.0,0,13.369343152024996,0.8544055807563143,0.6632920937934592,12210,27,23.01671458390905,3.588593167345008,2.0862022592791822,6.0,37.524,0.0,0.4513556672972684,0.9169548886161627,1.0836379914944416,0.0772477693891558,117.991798,228,250,0.912,1051,1088,0.9659926470588235,2568,2679,0.9585666293393057,20809,22872,0.9098023784540049
1157,2506.56840991584,38.41767698400431,0.6411732456140351,0.35444078947368424,0.001644736842105263,0,13.027018605171621,0.8637394084064837,0.7154383304283168,3648,18,23.794716616772376,2.2588833281718688,1.6126549807610089,5.0,9.573,0.0,0.20046800980159984,0.9538879565252137,1.0441211926384313,0.04539212694537687,36.599494,4425,4732,0.9351225697379544,2842,2931,0.9696349368816104,2359,2455,0.9608961303462322,2310,2395,0.964509394572025
1158,5426.905855301756,74.64676325041208,0.6671037296037297,0.3304195804195804,0.0002913752913752914,0,12.052163208536363,0.8687865277633003,0.7182053654460444,6864,16,22.88613894190375,3.144573304814371,1.9622188250709762,6.0,18.323,0.0,0.42116296271744125,0.963329811586547,1.037257495590829,0.03651864104847945,72.77324,1225,1305,0.9386973180076629,2615,2705,0.966728280961183,4342,4473,0.9707131678962665,13701,14233,0.9626220754584417
1159,8116.423569356285,87.30419001456411,0.7510831586303285,0.24682040531097135,0.0,0,15.111432965652817,0.8627158689917027,0.8063905812812897,7155,25,20.92233197027498,3.4155645896865927,1.7545589877186454,5.0,14.785,0.0,0.28567733592195904,0.9529138142882219,1.0470246989540302,0.044888721237268954,85.05234,1192,1280,0.93125,2554,2638,0.9681576952236542,3915,4049,0.9669054087428994,14054,14821,0.9482491059982457
1160,5966.60032226887,120.8355589660043,0.5905927525797936,0.4060475161987041,7.999360051195904e-05,0,12.385786825045997,0.8748138534043701,0.6439254543525595,12501,28,25.048558758345255,3.811121558419186,1.923879181904375,6.0,38.722,0.00015996160921378868,0.44808742040197724,0.9388471529874324,1.060312654038448,0.05700476694915254,116.875526,130,138,0.9420289855072463,609,648,0.9398148148148148,1747,1859,0.9397525551371705,24258,25841,0.9387407608064703
1161,5897.646591865016,71.36744797567543,0.7051856594110115,0.29145326504481434,0.00016005121638924455,0,13.013004182208235,0.8571132167102153,0.7583777278354753,6248,18,21.855605541507586,2.896306691127266,1.7190195188379482,5.0,14.495,0.0,0.34626108894433894,0.9385443217218918,1.0598931696783724,0.05694140270284707,69.603276,2657,2856,0.9303221288515406,2962,3072,0.9641927083333334,2989,3133,0.9540376635812321,7962,8594,0.9264603211542937
1162,5964.329250635769,114.67504349611382,0.5983662355343772,0.3978046289993193,8.509189925119128e-05,0,15.11054672620352,0.8502272989316744,0.6572192828837384,11752,31,22.134757482816326,3.6991498795684645,1.957622298065984,6.0,36.093,0.0,0.37590994801122557,0.9187936741449062,1.0801669066873454,0.07435146728399265,111.330138,198,221,0.8959276018099548,908,965,0.9409326424870467,2316,2470,0.9376518218623482,21560,23534,0.9161213563355146
1163,4766.53840182258,75.79508505154766,0.6339079679652504,0.3635129632143342,0.00013574046423238766,0,11.059421697153395,0.8487224963966739,0.6791408405466397,7367,30,22.972162868178437,3.177147124717179,1.737473233404711,5.0,20.477,0.0,0.24664752649154018,0.9480885311871228,1.0524287506721635,0.05035879580484905,73.753908,1279,1380,0.9268115942028986,2560,2640,0.9696969696969697,3872,4034,0.9598413485374319,13493,14311,0.942841171127105
1164,5191.107351030864,95.5146839178858,0.604175279040926,0.39241422075237703,0.00010334849111202976,0,9.05816251620429,0.8402507374183531,0.6722399923290433,9676,27,24.816513862930627,3.600040130639014,2.326890181320561,6.0,31.212,0.00020665426741062204,0.3630876845807237,0.9242477751094788,1.075131001274607,0.06989883063986335,92.484792,124,135,0.9185185185185185,491,521,0.9424184261036468,1570,1655,0.9486404833836858,23986,26005,0.9223610844068448
1165,5652.5235953236215,68.9627632121387,0.7039723092137795,0.2932256469424757,0.00016482610845557937,0,10.001214709876871,0.8519966223528109,0.7411529914275283,6067,29,25.267726129906848,3.2118337151562577,1.7815499882931398,5.0,14.63,0.0,0.2095377126250424,0.9342759253003908,1.0675597253119258,0.06387496047341555,67.513122,1619,1771,0.9141727837380011,2522,2650,0.9516981132075472,3678,3887,0.946231026498585,11542,12415,0.9296818364881192
1166,3676.5651662432633,69.05323601877686,0.6006581771354986,0.39690942910287597,0.0,0,7.2997319332432635,0.8505827636525376,0.6717567566001983,6989,17,20.578354992515045,3.0863796078054935,2.2010481181515007,7.0,22.248,0.0001430615164520744,0.40989404551411635,0.9391139753932128,1.059823649106941,0.05687082925999915,66.409708,1144,1244,0.9196141479099679,2736,2837,0.9643990130419458,4406,4578,0.9624290083005679,12552,13530,0.9277161862527716
1167,3963.224954130622,42.40104075580727,0.7555813279211365,0.24064946361264133,0.002029573789504204,0,9.872041406424445,0.8706652712815722,0.786545336352451,3449,20,23.497784352136893,2.638053252781228,1.5395241749808135,3.0,6.649,0.0,0.17162714120399308,0.9420951819655223,1.057750535410974,0.05762288253262982,41.347162,3529,3731,0.9458590190297508,2749,2880,0.9545138888888889,2898,3083,0.9399935128121959,3612,3880,0.9309278350515464
1168,4109.09254501091,44.61109621991547,0.7454942654287274,0.2517749863462589,0.00027307482250136535,0,11.195506388880299,0.8587466858911842,0.8191717643361764,3662,19,20.67892804910738,2.7108107308048317,2.0413919413919412,6.0,8.343,0.0,0.19110555822745937,0.950362412632669,1.050638656551903,0.04875646392514159,43.142812,3062,3278,0.9341061622940817,3593,3740,0.9606951871657754,3476,3632,0.9570484581497798,4554,4802,0.9483548521449396
1169,5477.552599898857,79.63096175583276,0.6521739130434783,0.344635021938572,0.00013296104241457252,0,6.455273927048246,0.8575458283897305,0.6772637569768369,7521,20,22.99117323809414,3.1353456434492744,2.095412844036697,5.0,21.695,0.00013294336612603032,0.36951334552561865,0.9282480394534723,1.0714604010532711,0.06691309595654797,77.907636,770,832,0.9254807692307693,1511,1604,0.9420199501246883,2810,3017,0.9313887968180311,17872,19285,0.9267306196525797
1170,4678.50454150184,61.719184162055676,0.6791681478848205,0.31674369001066477,0.0008887308922858159,0,8.101187952587052,0.8486427188120295,0.7125166871696182,5626,32,23.839108715613044,2.797715099630188,1.628369536770479,4.0,13.651,0.0,0.178429659238039,0.9304337727193542,1.0701141392965292,0.06666305349303561,60.204102,2859,3033,0.9426310583580614,2683,2782,0.9644140905823149,3041,3203,0.9494224164845457,7440,8203,0.9069852492990369
1171,5286.9285811536,110.03406895577304,0.5887068665040084,0.4081561519693273,0.0,0,11.27312469722402,0.8439633322429209,0.6132227805406534,11476,30,20.96612099974528,3.0400259757102783,1.736234458259325,4.0,34.968,0.00017424638438752395,0.38343305668486594,0.9188409282193098,1.0821290944123314,0.0758888888888889,108.561428,754,817,0.9228886168910648,1375,1454,0.9456671251719395,2263,2401,0.9425239483548521,18534,20279,0.9139503920311652
1172,6535.743178240906,73.32033308477274,0.7341874797275381,0.2633798248459293,0.0001621796951021732,0,10.59895861930318,0.846608342660153,0.7693458176561319,6166,25,19.206758040586102,3.1431820766484466,1.7092997570134747,4.0,13.404,0.0,0.2469950997711835,0.9371034620572514,1.0648856871279204,0.06124841720208226,71.952482,2025,2149,0.9422987436016752,2497,2577,0.9689561505626698,3384,3527,0.9594556280124752,10852,11764,0.9224753485209113
1173,4586.59747491023,103.95411814717639,0.5754376466341815,0.4206821873308067,0.0,0,14.262973932464533,0.8500431375338965,0.6276803269053344,11082,24,22.688541359296636,3.251930139916451,2.0272855574721658,6.0,35.867,0.00036081544290095615,0.4656684385097598,0.9098768785080572,1.0915576154125772,0.08404162693312327,100.925276,1074,1190,0.9025210084033614,2723,2835,0.9604938271604938,3212,3334,0.9634073185362927,13092,14733,0.8886173895336998
1174,4652.931554908023,76.7540906688304,0.6269464238585378,0.3700184745315387,0.0001319609395618897,0,15.827875899850202,0.8630977254652593,0.6689580745345167,7578,24,22.52984182269831,2.9999685635815383,1.685539886339718,4.0,21.019,0.0,0.31653872948481165,0.9540806388780678,1.0456053067993367,0.04421483756864935,74.895566,1795,1944,0.9233539094650206,2827,2909,0.9718116191130973,3888,4031,0.964524931778715,11083,11652,0.9511671815997254
1175,8961.685762159854,138.65905527009886,0.6382434769531544,0.3586735844800361,0.0,0,16.803119534528555,0.8558447082395282,0.6909713285776454,13299,28,19.333722204723404,3.7425600334423814,1.9613572101790764,6.0,37.789,0.0008264462809917355,0.4736132274708499,0.9400111219240929,1.0586226125749338,0.05541694024950755,134.816966,94,101,0.9306930693069307,555,581,0.955249569707401,1681,1758,0.9562002275312855,24716,26332,0.938629804040711
1176,5624.633570078756,106.59837549786111,0.6021129995406522,0.3943959577400092,0.0,0,16.304946126296368,0.861459742031746,0.6289658889125543,10885,31,24.672276053986735,3.2391335036301125,1.606499847421422,4.0,31.384,9.186110600771634e-05,0.3485498573288961,0.9542123783895674,1.0447284345047922,0.04298732171156894,104.230466,919,993,0.9254783484390735,2250,2350,0.9574468085106383,3226,3346,0.9641362821279139,16654,17466,0.9535096759418299
1177,5382.464496040331,66.63839445035153,0.698477851889858,0.2992987857020694,0.0,0,13.264119377458739,0.8532865017039695,0.7734012371385377,5847,28,21.438307546801802,3.085035783641577,1.8178256611165524,6.0,14.164,0.0,0.20944301528543946,0.9510549889374561,1.0476396474341643,0.04553180530517641,63.971182,2339,2514,0.930389817024662,3312,3384,0.9787234042553191,3584,3691,0.9710105662422108,8389,8942,0.9381570118541713
1178,3243.2583244722546,103.37307951942975,0.5448246364414029,0.4519247219846022,0.0,0,14.92583634153949,0.8473550905920728,0.6010407124827372,11690,26,23.86452685287974,3.317704764970006,1.785052598524101,6.0,38.449,0.0005129958960328317,0.44677543557515187,0.9605021807361513,1.0383814462455596,0.03697742885181551,100.345508,861,917,0.9389312977099237,2225,2293,0.9703445268207588,3758,3858,0.9740798341109383,16720,17465,0.9573432579444604
1179,6117.159241711449,112.63309300942512,0.6052816901408451,0.3926056338028169,0.0,0,13.74169678786814,0.8443996193561355,0.6837394290827626,11360,27,21.330460358404117,3.746162985640946,2.0443571844095403,6.0,34.628,0.0001760253476500616,0.4181275572587232,0.9417777934986382,1.0570699372585162,0.05388039222248251,108.090004,157,170,0.9235294117647059,852,880,0.9681818181818181,1925,2003,0.9610584123814279,23691,25218,0.9394480133238163
1180,7356.7703617864045,67.47369211416698,0.8320579943616593,0.16653242045912203,0.0,0,15.093072782192046,0.8457319707720767,0.9095651156671067,4966,30,25.61775669323628,3.4225395918494175,1.9765246853823815,6.0,8.642,0.0,0.1675050257923572,0.9355022289670871,1.0667300380228137,0.06284444444444444,65.161642,1404,1542,0.9105058365758755,2844,2983,0.953402614817298,3973,4190,0.9482100238663485,11505,12371,0.9299975749737289
1181,4073.3163639725644,131.72111806928993,0.5411106618142607,0.4559239789729074,0.0,0,15.27371023635698,0.8410609434649374,0.5979974320546052,14838,31,23.293616370788968,3.752429483716014,2.2839706065512515,6.0,53.141,0.000538865687727334,0.4759717403018011,0.8977395048439182,1.1025114402046625,0.09300963290809686,127.471468,90,97,0.9278350515463918,447,470,0.951063829787234,1283,1346,0.9531946508172363,23200,25957,0.8937858766421389
1182,6129.04161426039,78.65007080103094,0.6855435401252135,0.31132612407512805,0.0,0,10.459735686090973,0.8396847202549625,0.7330328548894826,7028,18,22.163985707675074,3.3431741341783017,2.0024906600249066,5.0,18.403,0.0,0.39021270484312165,0.924459802292013,1.075456816090443,0.07012120719108436,76.897832,1153,1232,0.9358766233766234,2088,2157,0.9680111265646731,3316,3515,0.9433854907539118,14578,15958,0.9135229978694072
1183,5018.107109100756,53.13996465961896,0.7579676674364896,0.24110854503464202,0.00023094688221709007,0,13.712336390823413,0.8442054653395209,0.8170457355548641,4330,22,21.37418328714096,2.824658578257513,1.9250457038391224,5.0,9.486,0.0,0.20027585509693013,0.9424600827912478,1.0581650180655098,0.05546556443054237,51.770816,2688,2857,0.9408470423521176,3210,3340,0.9610778443113772,3759,3945,0.9528517110266159,6280,6768,0.9278959810874704
1184,5931.260265456628,80.86994833866629,0.6690444145356662,0.3289367429340511,0.0,0,13.914528786915056,0.8363369801551656,0.7188760217224773,7430,22,24.862480829933176,3.340460199147327,2.0265540132770066,6.0,20.58,0.0,0.33549520837756397,0.9287707135610416,1.0711620016963528,0.066898075102556,78.531626,887,970,0.9144329896907216,2054,2148,0.9562383612662942,3561,3764,0.946068012752391,15469,16774,0.9222010253964469
1185,5768.596191954283,71.35844602268554,0.6987220447284345,0.2982428115015974,0.0004792332268370607,0,14.0624098452898,0.8401116364198701,0.7541720877905923,6260,25,23.453811261111742,3.181761066549845,1.8662551440329218,5.0,15.402,0.0,0.2447919274939188,0.9247983096427199,1.0757604928763957,0.0711864406779661,69.610644,1515,1633,0.9277403551745255,2676,2831,0.9452490286117979,3630,3871,0.9377421854817877,11437,12489,0.9157658739690928
1186,5392.007180701665,117.62152317707667,0.5779442906010751,0.4186349568333605,8.144648965629581e-05,0,15.827513372728244,0.8449363420631045,0.6716463954888767,12278,32,24.853222487186173,3.9906011467638125,2.3651352874859075,7.0,40.888,0.00016286644951140066,0.3826015221602128,0.9299866131191432,1.0676102743410436,0.06346967559943582,111.334688,5,5,1.0,26,27,0.9629629629629629,132,143,0.9230769230769231,27625,29705,0.9299781181619255
1187,2696.4603093838355,46.05703314519356,0.620591456736035,0.3778751369112815,0.0002190580503833516,0,18.649324631233174,0.8556629321666775,0.6773933661065052,4565,23,20.61705567960066,2.6075088029694653,1.8676314860571832,5.0,13.526,0.0,0.19805755693301078,0.9512940442781416,1.0485351989505902,0.04667063020214031,44.401322,3048,3219,0.9468779123951537,3544,3646,0.9720241360394953,3636,3809,0.9545812549225519,5026,5361,0.9375116582727103
1188,4099.710746044562,73.83739891198657,0.6097000810591732,0.3875979465009457,0.0,0,14.848712823930786,0.8583047853230799,0.6758538828539841,7402,22,20.550208945832523,3.115323471224347,1.877908265012187,6.0,22.188,0.0002701242571582928,0.3373640972521137,0.9489737195472856,1.05,0.04781040230147495,71.245156,1536,1669,0.920311563810665,3133,3261,0.9607482367371972,4135,4285,0.9649941656942824,10984,11637,0.9438858812408697
1189,4631.254455768977,61.77577499312707,0.6758485871690065,0.320597121023636,0.00035542918073573843,0,13.318220827941508,0.8564204819529617,0.734194601749129,5627,28,24.484961195522484,3.066790103068631,1.816986589534578,5.0,14.471,0.0,0.20149901278666044,0.9475854584915898,1.0531695117973252,0.051173805601317957,59.90231,2222,2395,0.9277661795407098,3469,3591,0.9660261765524923,3617,3766,0.9604354753053638,8156,8678,0.9398478912191749
1190,4112.151180013301,102.28378844745669,0.563953488372093,0.43268531976744184,0.0,0,13.306951782928769,0.865593953174701,0.6370711601552373,11008,27,24.15473063886805,3.890491229412726,2.171713917525773,6.0,36.903,0.0002724548179093634,0.4075930980591441,0.9448818897637795,1.0536873360033145,0.05112561174551387,97.854168,92,100,0.92,436,463,0.9416846652267818,1465,1580,0.9272151898734177,25487,26940,0.9460653303637714
1191,4911.765559105252,89.73267184481611,0.6095551894563427,0.38791872597473914,0.00021965952773201537,0,9.706929810166796,0.8531465504626742,0.6403853653048435,9105,32,20.88025426328625,3.1022827159716755,1.632072072072072,4.0,25.957,0.0,0.2862067535065077,0.9357168817008904,1.0652144253945155,0.0616020804024385,88.04486,1524,1603,0.9507174048658765,2426,2479,0.9786204114562324,2872,2964,0.9689608636977058,13775,14966,0.9204196178003474
1192,8355.390523648859,81.60291085842411,0.796131896005073,0.20164870006341154,0.0001585288522511097,0,12.403260329470216,0.8818586041905054,0.860732267070789,6308,29,19.88580814799712,3.566634489935414,1.797889287136599,5.0,11.609,0.0,0.21778624215951614,0.9711423506616647,1.0279154278163198,0.027307723153420484,79.075882,927,1012,0.91600790513834,2375,2441,0.9729619008603032,3994,4095,0.9753357753357753,16261,16709,0.9731881022203602
1193,2463.9467922079684,34.29768593984018,0.6651757188498403,0.32843450479233227,0.003194888178913738,0,11.359090063707171,0.8756686289543613,0.7274610973165495,3130,17,23.695898662237642,2.1595864353121375,1.5658021133525457,4.949999999999818,7.623,0.0,0.17873410589996627,0.9423804442719953,1.0547210300429184,0.05621166346241875,32.90269,5244,5555,0.944014401440144,1634,1711,0.9549970777323202,1497,1590,0.9415094339622642,1340,1453,0.9222298692360633
1194,5585.526653090492,61.5535671895043,0.7408494813074966,0.2562145233900959,0.00019573302016050108,0,8.812918026224754,0.8567523338818925,0.794400466356792,5109,32,23.623100101900807,2.925934903112127,1.6406869220607663,4.0,10.581,0.0,0.15789876033430414,0.9443444006752955,1.0564739069111424,0.054535780792764034,59.824826,2535,2762,0.9178131788559015,2963,3105,0.9542673107890499,3153,3336,0.9451438848920863,8130,8567,0.9489903116610249
1195,3931.2998203251996,58.93901382103544,0.6463878326996197,0.3512583740720623,0.0001810610175629187,0,9.103146314126644,0.8706076555393727,0.7124835452532492,5523,21,22.695171147103242,2.751113287609842,1.7025210084033613,5.0,14.745,0.0,0.26461644530630773,0.9542345178279557,1.0454931456993812,0.04409467044731208,56.754192,3253,3394,0.9584560989982321,2896,2969,0.9754125968339509,3198,3316,0.9644149577804584,6416,6840,0.9380116959064327
1196,5113.024964318631,83.48362116989664,0.6292134831460674,0.3673668783585735,0.00012212994626282364,0,11.44196057039187,0.8553711794487124,0.6527495199006205,8188,24,23.27138742145746,2.928873426350945,1.4976708074534162,3.0,21.902,0.0,0.3385025228548528,0.9376564847270906,1.0626285943694485,0.05961574684498022,82.030214,2214,2355,0.9401273885350319,2161,2239,0.9651630192050022,2866,2996,0.9566088117489987,11484,12380,0.9276252019386106
1197,5615.985670667494,61.363866438114655,0.7439263322884012,0.25313479623824453,0.0,0,12.39028965411184,0.8681610671107393,0.7949640424463131,5104,21,21.014077623857723,2.9631886859735763,1.6686858045825652,5.0,10.608,0.0,0.24302757179219592,0.9645799892990904,1.0360032145727298,0.03495636908142717,60.030194,2421,2569,0.9423900350330868,2925,3039,0.9624876604146101,3930,4040,0.9727722772277227,8752,9042,0.9679274496792745
1198,5907.32823810994,60.25057713202716,0.7746331236897275,0.22264150943396227,0.0,0,10.054136586388395,0.8441770611055481,0.8379500849819835,4770,23,19.648537783245633,3.0590780965528395,1.8874154262516916,5.0,9.837,0.0,0.20789406740155666,0.9285988694363646,1.072198394369295,0.06750255885363357,58.385964,2330,2484,0.9380032206119162,3023,3169,0.953928684127485,3443,3678,0.9361065796628603,8124,8890,0.9138357705286839
1199,3627.4357896631413,59.42976764908853,0.6272696128811237,0.3698184309695101,0.0,0,6.760254234077823,0.8588104257046395,0.6762783956518006,5838,16,24.190082111337706,2.8493957958691745,1.8738394320043692,6.0,16.55,0.00017126220243192326,0.36276366080345435,0.9601404378356051,1.0394641564083997,0.03794953308166104,57.795096,2062,2227,0.9259092950157162,3101,3215,0.9645412130637636,4303,4434,0.9704555705908886,9130,9492,0.9618626211546566
1200,6598.749920593723,76.13345914163688,0.7236679058240396,0.2741635687732342,0.0,0,11.87876362504923,0.8614164229604515,0.773379501702139,6456,32,21.55013441494573,3.301487002159763,1.7080479452054795,5.0,14.145,0.0,0.20060616102159362,0.9560023708566999,1.0437779603761526,0.04189236414467937,74.166018,1495,1593,0.938480853735091,2649,2726,0.9717534849596479,3796,3932,0.965412004069176,13028,13682,0.9521999707645081
1201,5931.282108780305,46.72058051740161,0.9502471169686986,0.04843492586490939,0.00032948929159802305,0,8.313486550318846,0.8537662759005052,0.9771859620382657,3035,17,21.684120841534288,2.8005482379160465,1.5800970873786409,3.0,2.479,0.0,0.17719105350035025,0.9429986692296318,1.0571386277847679,0.05445648374694163,45.95713,3375,3586,0.9411600669269381,2879,3009,0.9567962778331671,2802,2967,0.9443882709807887,3699,3964,0.9331483350151363
1202,6258.776944821189,81.91024443236208,0.6816715936576189,0.31604407417360925,0.0,0,8.362648220161471,0.8634422477142878,0.7206415961782331,7442,29,20.392076403516466,3.3635655425367452,1.7804060713581706,5.0,18.779,0.0,0.2581690824241091,0.9595481352271783,1.0413254063942128,0.039645820038289724,80.201248,1087,1153,0.94275802254987,2026,2087,0.9707714422616196,3343,3457,0.9670234307202777,16648,17381,0.9578275128013348
1203,8284.553725540161,91.24145609585504,0.7401009832580387,0.2577730534148286,0.0,0,10.177999067050488,0.846058043282325,0.7918645183393644,7526,19,24.75803499399285,3.4541317726303924,2.005745062836625,5.0,17.407,0.0,0.3950060476988358,0.9400454324192763,1.0606996302766831,0.057429073946623846,88.931844,726,775,0.9367741935483871,1977,2029,0.9743716116313454,3751,3866,0.9702534919813761,16720,17982,0.9298187075964853
1204,7225.9234406588885,95.3023285521977,0.6788321167883211,0.3183872088981578,0.0,0,12.793802783725692,0.8502950356111939,0.72036503583547,8631,23,24.232079040568443,3.20578302969587,1.7764123570575183,5.0,21.85,0.00011584800741427248,0.3726102248815918,0.9284577250193295,1.072242479489517,0.06755725190839694,93.168656,1404,1514,0.9273447820343461,2343,2422,0.967382328654005,3161,3275,0.9651908396946565,13506,14776,0.9140498105035192
1205,6691.384111037149,60.83299478651574,0.8408631153068106,0.15823780624859518,0.0,0,16.278641203332803,0.8452695505936975,0.8716294911032996,4449,20,20.582353553196178,3.1649297624192876,1.6265704357123765,3.0,6.745,0.0,0.21991739878379385,0.9074564459930313,1.0955872084904343,0.08738234545917069,59.840904,3424,3627,0.9440308795147505,2252,2385,0.9442348008385745,2286,2482,0.9210314262691378,5060,5856,0.8640710382513661
1206,5878.912052748677,90.23064386762704,0.6400556973775818,0.3570433975400325,0.0,0,14.138904546400564,0.8469573866130754,0.6881722240796961,8618,25,20.963185796624877,3.4266058223284137,1.9602973168963016,5.0,24.422,0.0,0.3439280833428554,0.9310344827586207,1.0711281231597543,0.06671364810899695,87.755816,766,845,0.906508875739645,2193,2298,0.9543080939947781,3799,3963,0.9586172091849609,15436,16732,0.9225436289744203
1207,5491.396485930554,73.00754430904868,0.6730066950699939,0.3236457699330493,0.00015216068167985393,0,5.372645509813786,0.835998617703406,0.7482614189628487,6572,19,22.893872251100582,3.625102196369662,2.538096314718517,7.0,19.502,0.0,0.3445013576482432,0.9314292023997939,1.0683018728528684,0.06449280352592797,69.940172,275,309,0.889967637540453,894,963,0.9283489096573209,2620,2765,0.9475587703435805,21517,23132,0.930183295867197
1208,5714.146721914128,95.54635175515153,0.6170781233301271,0.3796088489900609,0.0,0,10.081292496494115,0.831923042132341,0.7363830562471481,9357,20,18.84039261801187,3.9199067244934227,2.8798060270176653,7.349999999999454,31.898,0.0003205128205128205,0.47320134091554267,0.9056886749677374,1.0911004314729715,0.08314412714655751,90.255214,39,40,0.975,237,245,0.9673469387755103,908,971,0.9351184346035015,24783,27415,0.9039941637789531
1209,3352.868091069023,52.204304990892176,0.6366747181964574,0.3607085346215781,0.0006038647342995169,0,6.664250159612238,0.8480128040322985,0.7170443122859048,4968,18,22.94705712212793,2.9554567601921873,2.182421751501739,6.0,14.873,0.0,0.2690018878458346,0.9288385511272572,1.0718190588487513,0.0680143397729536,50.085436,2022,2178,0.928374655647383,3276,3395,0.9649484536082474,4113,4325,0.9509826589595376,7975,8820,0.9041950113378685
1210,6411.595205268164,77.5617597058389,0.7059435364041605,0.2907875185735513,0.0,0,13.130597251355507,0.8374911177482923,0.739766685211025,6730,32,25.663902855530104,3.369108050685923,1.9271732266891182,5.0,16.865,0.0,0.21067167985849047,0.908460718094561,1.093473328291142,0.08553781136982405,75.279482,1078,1154,0.9341421143847487,2307,2395,0.9632567849686847,3443,3611,0.9534754915535862,13616,15344,0.8873826903023984
1211,7000.178647352199,80.82203306411591,0.7218088986141502,0.2762946754194019,0.0,0,5.603654560549302,0.8479552098136505,0.772182560528621,6855,23,22.96709553871581,3.5123367754245707,2.0864995957962815,5.0,17.13,0.0,0.29899573887523584,0.9311097495596232,1.0698602794411178,0.06558843525244212,78.814694,525,572,0.9178321678321678,1164,1219,0.9548810500410172,2572,2701,0.9522399111440207,20054,21622,0.9274812690777912
1212,7260.175029614694,91.15774225456492,0.6917237087741133,0.3052893590541381,0.0,0,12.38489362326854,0.8513359212729646,0.768727277866876,8035,30,23.077312360353506,3.718493128903259,2.2565671104713925,6.0,21.992,0.0,0.2702544309984154,0.8980789545756876,1.1049140434884999,0.09528866234823546,87.565714,312,350,0.8914285714285715,1352,1410,0.9588652482269504,3170,3313,0.9568367038937519,18120,20486,0.884506492238602
1213,6853.154105400639,82.82186486186049,0.7061184939091916,0.2918050941306755,0.00013842746400885935,0,11.167375068028825,0.8612056563969945,0.7521501166997768,7224,29,23.719691410890036,3.5406445846514365,1.877082924916683,5.0,17.603,0.0,0.25295516259838835,0.943493615865254,1.058169375534645,0.05525408814255335,80.381514,546,600,0.91,1494,1582,0.9443742098609356,3101,3256,0.9523955773955773,19170,20329,0.9429878498696443
1214,7348.982717846726,91.00580100267925,0.6971848530144494,0.29982561036372696,0.00012456402590931738,0,10.258313285934221,0.8422367893328735,0.7327813285909961,8028,20,23.04625713025095,3.2306989605686782,1.895122386993032,5.0,20.079,0.0,0.4038722955411026,0.9197851917628652,1.080546017211412,0.07480145534212276,89.060514,960,1035,0.927536231884058,1760,1850,0.9513513513513514,2988,3172,0.9419924337957125,16044,17592,0.9120054570259208
1215,7894.343248828797,82.4913766882904,0.7609088173337346,0.2357809208546494,0.0001504664459825459,0,13.349106840403982,0.8332322252169728,0.8360138548769119,6646,19,21.95817406057796,3.603003034266235,2.1748071979434447,6.0,15.3,0.0,0.34724571746872973,0.9032644133547935,1.0977347082453306,0.08933403487672881,80.128666,624,681,0.9162995594713657,1740,1835,0.9482288828337875,3289,3515,0.9357041251778094,16234,18200,0.891978021978022
1216,4762.50310369885,129.10011842378222,0.5552959501557633,0.4405267629566695,0.0,0,16.180802147898184,0.8578333861894372,0.6199762892520417,14124,32,19.73290742811936,3.88349198907028,2.139869947724085,6.0,47.914,0.00028312570781426955,0.4441485721063717,0.9144330974870168,1.0858541703094946,0.07908842882362381,124.274046,39,43,0.9069767441860465,333,347,0.9596541786743515,1006,1035,0.9719806763285024,24858,27266,0.9116848822709601
1217,5347.822096735924,77.85387627712615,0.6534612748457848,0.3440712816997944,0.0,0,13.085777284030186,0.8545989208660872,0.6927994579156866,7295,18,21.747297025327775,2.958593837885315,1.8009230123767568,5.0,19.73,0.00013706140350877192,0.4012344834028939,0.9357329006244776,1.0649357047839583,0.06095027012051531,76.28343,1829,1918,0.9535974973931178,2893,2989,0.9678822348611575,3503,3670,0.9544959128065396,10805,11760,0.9187925170068028
1218,2247.668236705664,32.134035156061906,0.6604026845637584,0.3345637583892617,0.003355704697986577,0,13.454189943744026,0.8468438803126455,0.6848763977685047,2980,18,24.793968005501515,2.099090884501138,1.3958333333333333,3.0,7.255,0.0,0.16156568160960055,0.9356789444749862,1.0615929987814334,0.06756202583555465,31.290446,4043,4320,0.9358796296296297,1738,1850,0.9394594594594594,1487,1593,0.933458882611425,1242,1332,0.9324324324324325
1219,4258.6354455594665,59.953383937041124,0.6619465854095716,0.3355440043018462,0.0,0,11.95576094183471,0.8478405822734036,0.7027842169087136,5579,18,19.105993022285894,2.8362413379143634,1.744110479285134,4.0,14.605,0.0,0.311948006891314,0.9190537913156189,1.0809879753006175,0.07510639573218246,58.464426,3380,3579,0.9443978765018162,2881,2971,0.969707169303265,2587,2761,0.9369793553060485,5333,6119,0.8715476385030234
1220,5430.781561063742,66.83875877192703,0.7010906612133606,0.29669393319700066,0.00017041581458759374,0,11.997333186979748,0.8505456713589188,0.7437399483286464,5868,26,24.33134970276395,2.9188364858354596,1.6682061254253768,4.0,13.68,0.0,0.22820077040379722,0.9209925841414718,1.0791988555078684,0.07420121468180618,65.073444,2519,2748,0.9166666666666666,2792,2941,0.949336960217613,3157,3384,0.932919621749409,7677,8457,0.9077687123093295
1221,5655.483495925376,73.14553449337139,0.6837075242718447,0.3129550970873786,0.00015169902912621358,0,9.454962013482728,0.8537297557493758,0.737311511996236,6592,31,21.08216029884293,3.191338266133809,1.9405369425338364,5.0,17.019,0.0,0.21307758968153373,0.9285613107323292,1.072864916016087,0.06835877358905555,70.921468,1489,1607,0.926571250777847,2595,2709,0.9579180509413068,3728,3899,0.9561426006668376,11854,12964,0.9143782783091638
1222,5749.13640699265,58.32218801037212,0.7784262862083874,0.22027669693039342,0.0,0,12.083787826498044,0.8421143276653323,0.8211124657660742,4626,20,22.900926767159223,2.846971188481778,1.6923076923076923,4.0,8.586,0.0,0.2309248423033042,0.9307415877164326,1.070736814553069,0.06625587212494662,56.921368,3433,3618,0.9488667772249861,2770,2857,0.9695484774238712,2649,2818,0.940028388928318,5393,6012,0.897039254823686
1223,6164.035326275559,111.16584466098642,0.608816914080072,0.3879442195231669,0.0,0,14.82853004047601,0.8649507720512866,0.6537557240121855,11115,27,19.677279323445866,3.4887283905458917,1.9069011378749816,5.0,33.481,0.00017990465053521634,0.41915394607578105,0.9274193548387096,1.0749609181377968,0.06994516186095878,108.32672,415,453,0.9161147902869757,1185,1253,0.945730247406225,2619,2768,0.9461705202312138,20161,21814,0.9242229760704135
1224,3619.271196741622,66.0432943701968,0.6081040217719987,0.3893256728152404,0.00045358330813426064,0,10.187283045145287,0.8308129243109987,0.6399902403812012,6614,23,19.274140933408123,2.831571651001775,1.8291894579811039,4.0,19.936,0.0,0.2889864131387896,0.8920908829450676,1.1095526695526696,0.09954938623297249,64.199008,2612,2754,0.9484386347131445,2730,2835,0.9629629629629629,2897,3122,0.9279308135810378,7270,8674,0.8381369610329721
1225,5171.021847112685,50.42488329766165,0.798908807482463,0.19849311509482984,0.0002598077422707197,0,8.736987635271422,0.8610605063045803,0.8267438888521682,3849,21,22.73551665605036,2.799550084746636,1.7258536585365853,4.0,7.151,0.0,0.18208409804234973,0.95209275657769,1.047582599821406,0.045775075987841946,49.408046,3158,3291,0.9595867517471893,3135,3243,0.9666975023126735,3423,3581,0.9558782462999162,5229,5582,0.9367610175564314
1226,5838.558672941361,133.489718702064,0.5743679775280899,0.4219803370786517,0.0,0,13.545240833839646,0.8520751729496899,0.6279767866883011,14240,30,23.471913426373664,3.710746554645963,2.11358356767331,6.0,47.043,0.000351000351000351,0.4724580743554413,0.9118616144975288,1.0881274270099237,0.08096899479955237,129.615614,112,123,0.9105691056910569,564,596,0.9463087248322147,1628,1734,0.9388696655132641,23157,25469,0.9092229769523734
1227,5163.0879155978255,51.83645690104765,0.7807953443258971,0.217992240543162,0.0,0,8.603876681905243,0.8548796324414184,0.8354583459864781,4124,18,22.042056430631316,2.85656533954908,1.8779503105590063,5.0,8.323,0.0,0.23649816472127883,0.9415709969788519,1.0587165969823669,0.055796439981743495,50.516584,2754,2963,0.9294633817077287,3371,3512,0.9598519362186788,3590,3753,0.9565680788702371,5868,6322,0.9281872825055362
1228,5613.00102098563,117.52760625809253,0.5852801829766378,0.4114523770625715,0.0,0,12.499515438670262,0.8461492620677844,0.6578573920292454,12242,30,21.889293571716365,3.804517255541825,2.08764829030007,6.0,39.478,0.0001633453119895459,0.4135394630934298,0.930534905432039,1.0675985016648168,0.06316607819636552,113.105822,84,91,0.9230769230769231,358,381,0.9396325459317585,1214,1266,0.9589257503949447,25256,27183,0.9291101055806938
1229,6959.408140899239,89.21933288369365,0.6838978766430738,0.3126895854398382,0.0,0,11.706324724853959,0.8352347892795682,0.764394384461717,7912,19,23.34746864539824,3.641569094342106,2.248013306228054,6.0,21.75,0.0,0.41421680409489714,0.9277333853050088,1.0723527342375796,0.06766726023912491,86.115304,466,496,0.9395161290322581,1612,1646,0.9793438639125152,3447,3581,0.9625802848366378,18276,19932,0.9169175195665262
1230,6940.429137268384,70.80356498599376,0.7738347457627118,0.22387005649717515,0.0,0,12.724090231994133,0.8508011393935565,0.8364665403088498,5664,23,23.165212485606283,3.390163674417082,1.9021218343600275,5.0,11.491,0.0,0.24377338835480578,0.9400819633520184,1.0626768534238822,0.05895651402987721,68.962944,1543,1632,0.9454656862745098,2791,2880,0.9690972222222223,3756,3899,0.9633239292126187,11867,12818,0.9258074582618193
1231,2791.2031044359474,63.07480177927734,0.5764794007490637,0.4190262172284644,0.000149812734082397,0,14.090233829708696,0.8455183640894999,0.6311376009613832,6675,20,22.339602553006117,2.8292962037214626,1.8199064449064448,5.0,21.186,0.00014979029358897544,0.33245006666712207,0.9447685725398678,1.055196613568007,0.052689756816507,61.098858,2420,2577,0.9390764454792394,3459,3567,0.9697224558452481,3550,3696,0.9604978354978355,7574,8157,0.9285276449675126
1232,5087.418071607291,94.82033842715717,0.602893723326741,0.3942958259602373,0.0,0,11.20159971786078,0.8471048354249168,0.677859466261527,9607,24,21.513653563992357,3.7333493468179344,2.130524861878453,6.0,29.778,0.0,0.40104220119667,0.9429141716566867,1.0573195126386616,0.054392587508579275,90.794394,248,266,0.9323308270676691,1029,1072,0.9598880597014925,2498,2591,0.9641065225781551,22207,23626,0.9399390501989334
1233,4068.277546791692,53.812744590657964,0.6767365392519523,0.31915330867242087,0.0002055076037813399,0,12.617852222422206,0.8598588846822335,0.7499951400479208,4866,25,23.293244990702124,2.7415792165169885,1.882477983601579,6.0,12.529,0.0,0.19369059546817424,0.9340031520882585,1.0669166995657324,0.06323818897637795,51.86817,3441,3623,0.9497653878001656,3175,3288,0.9656326034063261,2712,2868,0.9456066945606695,4895,5449,0.898329968801615
1234,4118.760246696477,110.79288951394473,0.5585497305242528,0.43851053405193535,0.0,0,8.255810032255388,0.8556167602995919,0.5933413729047214,12246,32,20.776814552477234,3.5758552765603637,2.0846491228070176,5.0,41.451,8.165264962848044e-05,0.3862506094491185,0.9259946476360392,1.0742795775908358,0.06927700840224503,108.304682,186,200,0.93,615,639,0.9624413145539906,1522,1598,0.9524405506883604,23628,25588,0.9234015944974207
1235,6375.687697635491,104.7192418401173,0.6266847667991855,0.37030931833608066,9.69649956365752e-05,0,9.622625949251582,0.863534822058594,0.6721130262767917,10313,25,22.229306014003157,3.4911833809936628,1.8788488318118521,5.0,29.828,0.0002908103916246607,0.41299226695091973,0.9370983231144271,1.0627870795673433,0.05930996143288975,102.170908,378,410,0.9219512195121952,1007,1064,0.9464285714285714,2068,2195,0.9421412300683372,21918,23405,0.936466566972869
1236,5817.679894797122,76.17214467875539,0.6801933782595957,0.3164371520656314,0.0,0,10.530823033585445,0.8540307659449498,0.7481686915404354,6826,22,24.568440861304822,3.225686619371916,1.8380357527460693,5.0,17.25,0.0,0.3081298362239215,0.9305923542770629,1.0700180385455236,0.06544039617969578,73.889244,1455,1595,0.9122257053291536,2734,2841,0.9623372052094333,3737,3909,0.9559989767203888,11743,12791,0.9180673911343914
1237,3782.2385807946584,53.519274614974094,0.6602525556223692,0.3353377430346763,0.0006013229104028864,0,11.5928100856975,0.8823018882253214,0.6994368814972792,4989,26,22.68277130242648,2.7654991290084046,1.657559198542805,4.349999999999909,12.786,0.0,0.19187742161052931,0.9398253861652115,1.0616088243206887,0.05908372827804107,52.037382,3622,3842,0.9427381572097866,2882,2942,0.9796057104010877,2804,2921,0.9599452242382746,4686,5185,0.9037608486017358
1238,5066.446101915313,88.46874170479329,0.6159954622802042,0.38082813386273395,0.0,0,9.857792902613948,0.8646955156006272,0.6485956782288013,8815,30,21.604246929979563,3.127352837461501,1.679926335174954,4.0,24.993,0.0,0.29407726183816546,0.9268599685322544,1.0741174351585014,0.06920791664923219,86.607028,1305,1390,0.9388489208633094,2372,2457,0.9654049654049655,3267,3399,0.9611650485436893,13674,14999,0.911660777385159
1239,5877.733363445411,106.84749106317045,0.6051458294631247,0.3915103102359279,0.0001857700167193015,0,14.753821177026083,0.8604587051049297,0.680160681624071,10766,24,21.486266355736532,3.784958932877212,2.3577897160399077,7.0,34.725,9.287638153617534e-05,0.45113811244109825,0.9041672769884282,1.0955798461595083,0.08739097015673562,102.478262,150,169,0.8875739644970414,740,785,0.9426751592356688,1917,2034,0.9424778761061947,21884,24320,0.8998355263157894
1240,4647.995167193305,80.8427750553095,0.6158241212271768,0.38044963358588996,0.0002484163457955533,0,12.217733251221707,0.8724673675350657,0.6718269092332572,8051,30,20.465337153521993,3.2644154002153623,1.8527632109721661,5.0,23.572,0.0,0.26675333544895097,0.9263452195434962,1.0743888990994304,0.06983287858117326,78.509596,1284,1395,0.9204301075268817,2695,2761,0.9760956175298805,3761,3893,0.966092987413306,12471,13769,0.9057302636357034
1241,6303.688145081179,114.6272397742812,0.6061554512258738,0.3909754825247783,0.0,0,13.452426331988988,0.8642241549439195,0.661437369110003,11502,28,22.03118624887413,3.703125155144114,2.1735513482501436,6.0,36.018,0.0003476447071093343,0.410029166324825,0.8891164201744407,1.1146678861323882,0.10278656731652547,110.840326,216,233,0.927038626609442,949,986,0.962474645030426,2232,2348,0.9505962521294719,20049,22803,0.8792264175766347
1242,7428.611130148446,90.84467393467673,0.7016902119071645,0.2955348133198789,0.0,0,12.346720464568715,0.8729948746687113,0.7508930379205836,7928,27,20.568463186821372,3.5435278587128756,1.9268380370303793,5.0,19.646,0.0,0.2933684280805943,0.9365306517114678,1.063696983794681,0.06022826403024135,88.734452,560,604,0.9271523178807947,1467,1521,0.9644970414201184,2763,2881,0.9590419993057966,19424,20849,0.9316513981485922
1243,8259.926353508667,93.92749157611213,0.726749280260358,0.270622105394918,0.0,0,15.117445828667417,0.8573316119584011,0.7740809440647691,7989,17,23.55267958904185,3.1968453887448764,1.8897692042714433,5.0,18.353,0.0,0.4716002537987326,0.9255689787792407,1.0778867102396514,0.07228308777232087,92.00052,1204,1300,0.9261538461538461,2469,2611,0.9456147070088089,3460,3655,0.9466484268125855,13323,14535,0.9166150670794634
1244,4299.689726678515,84.57257786554216,0.5944482838055748,0.4026721953466943,0.0001151808339092375,0,13.361712421684276,0.8521943044372315,0.654983868182344,8682,27,22.29469277408635,3.4745612391409426,2.070722728153459,6.0,27.274,0.0,0.32274274934526,0.9195133168875695,1.0884636367451426,0.08198671937972594,81.118038,704,757,0.9299867899603699,2175,2242,0.9701159678858162,3529,3661,0.9639442775198034,15584,17257,0.9030538332270962
1245,1990.5310460619444,70.82187105543773,0.5342414860681115,0.4622910216718266,0.0001238390092879257,0,7.531805728862981,0.8565024581865827,0.5655521570146445,8075,18,23.604868730224723,2.680808671696345,2.105470560964302,5.0,28.41,0.0,0.44937718423653816,0.8787400822101138,1.1234229028219205,0.11064824654622742,69.129938,1415,1507,0.9389515593895156,1886,2009,0.9387755102040817,3254,3639,0.8942017037647706,11830,13767,0.8593012275731823
1246,6145.921868436794,63.98774963320115,0.7655549054027696,0.2328847279110591,0.0,0,6.565896936873356,0.8793905924440385,0.8224354179476664,5127,28,21.112273941462135,3.4865518829603697,1.9235668789808917,5.0,10.78,0.0,0.1843699124150904,0.9541124027619964,1.0472647702407003,0.04515105992321816,62.243458,1217,1308,0.9304281345565749,2346,2412,0.972636815920398,3776,3920,0.963265306122449,14493,15242,0.9508594672615143
1247,2987.0297773114667,55.33102637454611,0.6031002162941601,0.39347512617159336,0.0,0,10.024796597695808,0.8669916977522358,0.6945214489775385,5548,17,21.439192905347998,3.076692480171463,2.0176329946204423,6.0,17.079,0.0,0.32767159831826764,0.9587787777833027,1.0402751470441631,0.03899268887083672,52.754346,1796,1930,0.9305699481865285,3262,3342,0.9760622381807301,4570,4698,0.9727543635589613,9654,10141,0.9519771225717385
1248,5547.566372515098,64.48796178318501,0.7217661010764459,0.27586206896551724,0.00018244845831052726,0,10.560016448535944,0.8669294405955826,0.7594045413949211,5481,25,21.127071477469496,2.960097252228063,1.5740647118301314,4.0,11.811,0.0,0.2203617456024783,0.9484282650766254,1.0523724730281765,0.049987577639751556,63.038126,2303,2445,0.941922290388548,2504,2618,0.9564553093964858,3577,3777,0.947047921630924,9749,10279,0.948438564062652
1249,5745.2410192718835,100.15780516909174,0.6129097531363821,0.38415621205989475,0.00010117361392148928,0,6.7565033962169725,0.8660585649962687,0.6808828647568418,9884,22,25.54688419369454,3.728892471151587,2.3139650049521294,7.0,31.02,0.0,0.45045973576115705,0.9303193549522905,1.0702591846115768,0.06643218723292355,96.733664,111,119,0.9327731092436975,593,609,0.9737274220032841,1511,1580,0.9563291139240506,24207,26093,0.9277200781818878
1250,5401.291943661531,97.55407736719275,0.6103008669046405,0.38653748087710355,0.00010198878123406426,0,8.255161818668293,0.8825927377565802,0.6466196675771146,9805,31,22.43357891502253,3.3364726919597985,1.6803141711229947,5.0,27.799,0.0,0.313044004651134,0.9695604907594347,1.0302265045262053,0.029540316503391107,95.529534,737,784,0.9400510204081632,1925,1946,0.9892086330935251,3046,3088,0.9863989637305699,19264,19938,0.9661952051359214
1251,4596.77799921862,122.94220631190929,0.5574341861327401,0.43833889506859475,7.415647015202076e-05,0,9.06029242676075,0.8704515335850369,0.604899283697892,13485,27,22.08847313415906,3.5874668388335267,2.135559398696288,6.0,45.879,0.0006669630947087594,0.4989323097562428,0.94440020772027,1.0552430555555556,0.05270234815689361,119.710228,115,128,0.8984375,548,574,0.9547038327526133,1360,1432,0.9497206703910615,25256,26751,0.9441142387200478
1252,7992.335517151504,113.06659509360134,0.6592991404552754,0.33777274015301784,9.445546424860678e-05,0,9.355226436511629,0.8670379859577881,0.6988069759045258,10587,27,25.752524544764007,3.529376089043542,1.9550143266475644,5.0,28.864,9.444654325651681e-05,0.3969547400926797,0.9409712332668755,1.0590440152786207,0.05624622001209596,110.470856,212,232,0.9137931034482759,787,813,0.968019680196802,1829,1893,0.9661912308505018,23602,25150,0.9384493041749503
1253,5343.584017094619,102.10518362574751,0.6000575318822514,0.39649055518266374,0.0,0,8.227945548731368,0.8869738482494407,0.646323455440007,10429,32,21.082050400601858,3.5052285092694326,1.8346116970278044,5.0,31.366,0.0,0.3247141871537758,0.9707977710375961,1.0291947611819112,0.028406949251276428,99.595346,339,364,0.9313186813186813,925,934,0.9903640256959315,2172,2206,0.9845874886672711,24090,24850,0.9694164989939638
1254,6683.038565852509,109.41070669007888,0.6264341012965209,0.37039455274694527,0.0,0,9.318294438495032,0.871019170389375,0.6831474887506797,10721,29,22.46293607622998,3.6320673540827064,2.001488981536629,6.0,31.504,9.326618168252192e-05,0.36811985807756353,0.9534624882612779,1.0463114611283408,0.04434103373774306,106.049374,174,191,0.9109947643979057,668,687,0.9723435225618632,1760,1805,0.9750692520775623,24811,26068,0.9517799601043425
1255,5851.27300110941,88.36869984561433,0.6433657726085924,0.35331117968193687,0.00011868027533823879,0,9.339036351104607,0.8510761093285261,0.7057951375852557,8426,32,24.236713423047522,3.4772110664050686,1.9538830474082272,6.0,23.996,0.0,0.2595049225625342,0.9390321807873513,1.0606909804235558,0.05746434350656682,85.508408,696,764,0.9109947643979057,1764,1829,0.9644614543466375,3169,3283,0.9652756625038075,17890,19170,0.9332290036515388
1256,4456.445535407292,82.84709910101094,0.6052475365071827,0.3922592900391784,0.0,0,11.786246444189972,0.8781900060011109,0.6611629154992846,8423,23,24.459437305975648,3.310998934451427,1.8344448803452333,6.0,24.971,0.0,0.3624847084309199,0.9813573684615977,1.0173198580465979,0.017149346961953436,80.446498,709,768,0.9231770833333334,1927,1958,0.984167517875383,3544,3594,0.9860879243183083,19298,19642,0.9824865085021892
1257,8101.194855950848,94.85290996383542,0.7167729279058362,0.2807748896517901,0.0,0,10.7411810945508,0.8678428399427922,0.7737433582096898,8156,19,22.081223906090997,3.374227000528603,1.8942866917550463,5.0,19.153,0.0004901960784313725,0.4339620624318763,0.951425885302413,1.0481870977868466,0.04596756110322146,92.540538,622,678,0.9174041297935103,1838,1898,0.9683877766069547,3147,3255,0.9668202764976959,18681,19697,0.9484185408945525
1258,5980.048098855031,121.55189762978314,0.589947298041375,0.4060410603319437,7.865963973885e-05,0,11.131895844363386,0.848088908173448,0.6218969655504919,12713,27,22.222789133449126,3.347297632374713,2.0397333333333334,5.0,40.644,0.00023592324630386914,0.4688225424258958,0.8783043197936815,1.1227644250222546,0.10945237924352257,119.11341,543,586,0.9266211604095563,1317,1393,0.9454414931801867,1952,2096,0.9312977099236641,17984,20741,0.8670748758497662
1259,6439.418063911107,112.57305417813359,0.6143417766678558,0.3828041384231181,0.0,0,9.30418391478111,0.850212433096294,0.6766624528059242,11212,28,20.880375336070507,3.7418498790280474,1.988966318234611,6.0,33.951,8.918219923303308e-05,0.39805357388994134,0.9308583351320239,1.0683400050488658,0.06388280855362856,108.875904,157,175,0.8971428571428571,945,980,0.9642857142857143,2101,2166,0.9699907663896583,22673,24477,0.9262981574539364
1260,7347.844522846011,95.74296652546775,0.6826375159902314,0.3153855099430166,0.00011629259216187928,0,9.183490244848612,0.8580916131032599,0.7205830322840204,8599,22,21.80470318326175,3.3281531412387504,1.9262350936967632,5.0,22.653,0.0,0.3931085560604268,0.9457442673921492,1.0543423255089728,0.051638347278021454,93.820586,647,685,0.9445255474452555,1536,1585,0.9690851735015773,3090,3182,0.9710873664362036,19061,20278,0.9399842193510208
1261,3209.05142860123,44.43479865502552,0.6653484923381117,0.33168561542263963,0.00024715768660405336,0,13.10237822189423,0.8707567001771558,0.7312141394137307,4046,16,19.265623414499508,2.54918943094887,1.8369242199108469,6.0,10.616,0.0,0.25490975490328216,0.945046318103313,1.0541689630737736,0.05230265605237706,42.773192,4450,4673,0.9522790498609031,2862,2962,0.9662390276839973,2141,2281,0.9386234107847435,2585,2822,0.9160170092133239
1262,4333.089577123049,136.91495659381138,0.5418127515907025,0.45429165043500846,6.492663290481755e-05,0,11.569944322824652,0.854813711022577,0.6030540399041251,15402,31,21.934080673286964,3.7289099281214604,2.2661473936488914,7.0,53.879,0.0006488450558006748,0.49888872318510913,0.8930529182042922,1.1049634141945717,0.09494471286358183,132.029422,67,74,0.9054054054054054,435,448,0.9709821428571429,1249,1320,0.9462121212121212,23175,26069,0.8889869193294718
1263,1851.0481026107916,49.03263343921119,0.5582776540460282,0.4378247958426132,0.0,0,7.714141497098418,0.8432123226916823,0.6379374652014879,5388,17,21.251321939324548,2.893219305067224,2.134973404255319,7.0,18.277,0.0,0.32006634007460744,0.9673150083052028,1.0313992807686114,0.0303927680798005,46.917682,2265,2383,0.9504825849769198,3645,3714,0.981421647819063,4639,4762,0.9741705165896682,7504,7804,0.9615581752947207
1264,5734.495074691677,68.90792358097396,0.7077178423236514,0.2887966804979253,0.00033195020746887966,0,11.01577440539938,0.8364508381290459,0.7527978190810058,6025,29,25.81833567892813,3.0216640899142675,1.8116791744840526,4.0,14.304,0.0,0.21051041175728993,0.904063022716236,1.099193679311651,0.09089571274404003,67.195466,2138,2320,0.9215517241379311,2562,2717,0.9429517850570482,3260,3540,0.9209039548022598,8795,9956,0.8833869023704299
1265,5896.144036326785,64.55405518693378,0.7419294294294294,0.2569444444444444,0.0,0,11.264230531630556,0.84688601091888,0.821032617762714,5328,18,23.731728361865194,3.358330331110825,2.207184416898558,6.0,12.89,0.0,0.29953578033583905,0.9344542473093446,1.0647342100388961,0.06094387091177236,62.105244,1252,1339,0.935026138909634,2848,2974,0.9576328177538669,4472,4685,0.9545357524012806,11658,12651,0.921508181171449
1266,5617.837544262212,52.690882593399124,0.8181818181818182,0.1797979797979798,0.0,0,9.816831994599484,0.8597334684262257,0.8726206978789226,3960,16,18.448236306076396,2.919690521616291,1.8694444444444445,5.0,7.044,0.0,0.24282569527474962,0.9354238968765494,1.0642715067130781,0.060877662670236296,51.275652,2889,3103,0.9310344827586207,3186,3302,0.964869775893398,3328,3513,0.9473384571591232,5691,6218,0.9152460598263107
1267,4553.786355555462,108.06953013935718,0.5717244950802693,0.4255135508372173,0.0,0,11.6211636688307,0.8503289608111877,0.6192034116423878,11586,29,22.537481178131628,3.4353296009259253,1.858695652173913,5.0,36.718,0.0004313691657320335,0.40351663944997107,0.9335838127666236,1.0656650845330091,0.06172884841363102,105.164134,563,611,0.9214402618657938,1684,1740,0.967816091954023,2880,2986,0.9645010046885466,18727,20214,0.9264371227861878
1268,3723.52126017961,104.44996621472228,0.5549692933137272,0.4420897846207075,8.649770781074301e-05,0,13.349713907876987,0.8661227586865038,0.6039027659099807,11561,29,20.634220151115063,3.5312823709447048,1.9672693266832917,6.0,38.306,0.0004323015735777278,0.39803111548181774,0.9365603511907075,1.0645688916582288,0.06112995586679797,101.454704,434,474,0.9156118143459916,1708,1768,0.9660633484162896,3557,3700,0.9613513513513513,18409,19799,0.9297944340623264
1269,5646.557523727474,77.5239828370469,0.6655376799322608,0.3313576065481231,0.0004233700254022015,0,11.637912100142533,0.8641505697985914,0.7326770838576774,7086,24,21.438374875299857,3.5265627118814846,2.3038592027141647,6.0,20.741,0.00014110342881332017,0.296354372801386,0.9408567163036404,1.0599608700656002,0.05723772059619618,74.570074,451,484,0.9318181818181818,1518,1566,0.9693486590038314,3242,3355,0.9663189269746647,19367,20718,0.9347910029925669
1270,6064.878948532567,115.18313149667568,0.6004420640992943,0.3970075660970841,0.0,0,8.917195576978497,0.8575022530460976,0.6404839346959835,11763,26,22.429697165262844,3.291694260837212,1.9582330454481098,6.0,35.738,0.00016999575010624734,0.4487601930212719,0.9312852759574226,1.0673504273504273,0.06310111083507826,112.68323,455,488,0.9323770491803278,1380,1430,0.965034965034965,2359,2419,0.9751963621331129,20391,22062,0.9242589067174327
1271,5925.01261302521,116.93339089943271,0.5943584623065402,0.4021467798302546,8.320852055250458e-05,0,14.947645693420974,0.8625167583165237,0.6492475396248374,12018,28,21.037154891168743,3.56775547268608,1.9465210695786084,6.0,37.301,0.00016638935108153079,0.4278536051496644,0.9405345382141216,1.0578886756238004,0.054761301531000034,113.03385,436,484,0.9008264462809917,1660,1708,0.9718969555035128,3154,3233,0.9755644911846583,19313,20691,0.9334009956019526
1272,2804.6583052133788,101.5482605255276,0.5369191049913942,0.4604991394148021,8.605851979345956e-05,0,9.972477254607949,0.8576272130841414,0.5582047474698711,11620,32,24.06405143017227,2.9820714081956545,1.5492867446706202,3.0,37.859,8.605111436193098e-05,0.3602191870368827,0.9292708007332231,1.0713390058217644,0.06695311196395795,99.925298,1549,1640,0.9445121951219512,1890,1935,0.9767441860465116,2331,2438,0.9561115668580804,15015,16354,0.9181240063593005
1273,5927.786417496755,79.60092385670255,0.6744984885957681,0.3230283044792525,0.0,0,10.089127372470232,0.8758022115412452,0.7273913317219363,7278,29,25.870180779099258,3.245915905290014,1.7435322876349562,5.0,18.172,0.0,0.2502281878850192,0.949337525263867,1.0514424591565776,0.04927622870318972,77.621434,1276,1388,0.9193083573487032,2668,2779,0.9600575746671465,3689,3838,0.9611776967170401,13504,14260,0.946984572230014
1274,5284.653841298706,87.9840038917306,0.6240229885057471,0.3725287356321839,0.0,0,11.058948396612232,0.8691730621370961,0.6766325134365897,8700,32,22.567335544847616,3.2364544671634325,1.7863326579480567,5.0,24.787,0.0,0.2704561334069576,0.9402877085461355,1.0596964011598158,0.05653710247349823,85.650794,1020,1101,0.9264305177111717,2208,2287,0.9654569304766069,3563,3704,0.9619330453563715,15302,16404,0.9328212631065593
1275,4173.315780065635,99.04202611040672,0.5701531810920026,0.4258058453152899,0.0,0,9.795229924209762,0.8558914296360932,0.6184573543517472,10641,26,24.357206713296385,3.454583384940463,2.1074666227130376,6.0,35.702,9.396729937981582e-05,0.40821151660366917,0.9064041368337311,1.0950269622528461,0.0872785361603253,96.236834,462,516,0.8953488372093024,1504,1574,0.9555273189326556,3158,3291,0.9595867517471893,17663,19759,0.8939217571739461
1276,3434.7715691037947,125.00081222152886,0.5341805739822638,0.4626771873472523,0.0,0,13.31117903878142,0.8629283844583566,0.575324681984114,14321,32,22.331726268702518,3.5934429725207595,2.0207843137254904,6.0,49.735,0.0003490157755130532,0.44894304431034004,0.922748309006764,1.0761646184624178,0.07060614081524616,121.769562,154,164,0.9390243902439024,624,662,0.9425981873111783,1451,1534,0.9458930899608866,23691,25730,0.9207539836766421
1277,4771.086791080555,83.14535348914688,0.61536605958268,0.3814980098902424,0.00012061271257990592,0,14.238775600722883,0.8479018917907202,0.6726664436523211,8291,29,21.500266445221065,3.1732363675463358,1.8130145041160328,5.0,24.082,0.0,0.289708612138861,0.9330863416617721,1.066600217470098,0.06331203182529942,80.709404,1238,1347,0.9190794357832219,2445,2580,0.9476744186046512,3569,3775,0.9454304635761589,13400,14431,0.9285565795856143
1278,4015.148552402026,70.52930164042336,0.6142067205444491,0.38324117396852403,0.0001417836381681554,0,13.591957910314322,0.8512269165327399,0.6480895037051081,7053,19,24.999430966058313,2.946794243547294,1.8123268698060941,4.0,20.792,0.0,0.37014051453421315,0.9031292363307727,1.1000226680267482,0.09145027199014677,68.820556,2346,2577,0.910360884749709,2760,2915,0.9468267581475128,2849,3034,0.9390243902439024,8034,9178,0.8753541076487252
1279,4195.220626775937,99.06130835829903,0.5732722341718881,0.42279996259235014,0.0,0,14.057010939677443,0.8606740537558777,0.6061014045561709,10693,27,20.40295953053545,2.876151600485872,1.6203915171288743,4.0,32.859,9.35103796521414e-05,0.40207343749335234,0.9201133426128455,1.079499576334546,0.07397689085301294,97.014546,2084,2243,0.9291127953633527,2166,2228,0.9721723518850988,2217,2353,0.9422014449638759,12042,13292,0.9059584712609088
1280,4283.3981068673575,128.2245892002311,0.5499092558983666,0.4474382242077342,0.0,0,15.473055025776718,0.8548554503799585,0.5736236698558133,14326,31,22.330551228822827,3.3045318467801814,1.7745620715917745,5.0,47.252,0.0006278339727938611,0.4613873369658915,0.9372757782664044,1.0619321915954691,0.05837268434435162,125.626496,562,605,0.9289256198347108,1505,1573,0.9567705022250477,2430,2542,0.955940204563336,19800,21203,0.9338301183794746
1281,6906.626249463322,89.38080687933571,0.6832251622566151,0.3139041437843235,0.0,0,13.44844980118183,0.8660251376441067,0.7501115132978092,8012,25,22.021446253172048,3.4664418701956095,1.9422725611983924,6.0,20.812,0.0,0.32360403993000475,0.943849930756641,1.056013456686291,0.05308960858334989,86.858456,903,983,0.9186164801627671,2240,2327,0.9626128061882252,3719,3850,0.9659740259740259,15629,16669,0.9376087347771312
1282,5866.618270255409,79.3712115553545,0.6721601743394171,0.32552438027785346,0.0005448106782892945,0,12.171145923253592,0.8600558125849772,0.6954226913412885,7342,19,22.6999906521767,2.9047418600978876,1.7722391084093212,4.0,19.137,0.00013618412093149938,0.38572876024748204,0.9353743101089674,1.0666193853427897,0.06402048655569782,77.976564,1594,1723,0.9251305861868834,2433,2521,0.9650932169773899,3448,3601,0.9575118022771453,12354,13354,0.9251160700913584
1283,2196.431317942615,56.2498995520545,0.5643629217163446,0.43285293154274485,0.00016377333770062233,0,11.00297090224304,0.849065305033666,0.6099062019576893,6106,21,23.488529791413885,2.5776506363998584,1.6755658734764944,5.0,19.177,0.0,0.2893592806431714,0.949978982765868,1.0496509388541164,0.04834561974969998,54.672158,3027,3211,0.9426969791342261,2909,3021,0.9629261833829857,3448,3580,0.9631284916201117,6436,6841,0.9407981289285192
1284,4203.60527698585,122.40512530459625,0.5526238853968718,0.4441602104955416,7.30887297178775e-05,0,13.640500755883366,0.8363115807696446,0.5834769514332165,13682,32,19.872493636908935,3.4039874182583865,1.7844200502579024,4.0,44.794,0.00036531014831592024,0.42337153841625097,0.9256172104469318,1.0736703926170492,0.068682537335502,119.965598,657,711,0.9240506329113924,1563,1624,0.9624384236453202,2621,2747,0.9541317801237714,18479,20112,0.9188046937151949
1285,3300.0303103634906,121.39031204668923,0.5352525180370027,0.46110436459747123,0.0,0,13.663558922094614,0.8687649894696503,0.5716829434138191,13999,31,21.16932099101952,3.2475761889694033,1.6548778860269584,5.0,46.346,0.00028565307434121257,0.4556895714230531,0.9549858223062382,1.0448862067605411,0.0430751837196156,118.929954,758,820,0.9243902439024391,1861,1938,0.9602683178534571,2495,2581,0.9666795815575359,19135,20053,0.9542213135191742
1286,2061.552729718951,56.13291271911005,0.5580119412619009,0.437953848636437,0.00048410521219945134,0,12.621643321907062,0.8555303938434605,0.600804896657045,6197,21,22.067071552515884,2.4372653848352535,1.6688837478311163,5.0,19.765,0.0,0.2967039145753341,0.9630747495504752,1.0355280942266847,0.03620721668626602,54.643254,3336,3566,0.9355019629837352,3405,3491,0.9753652248639358,3143,3209,0.9794328451230913,5113,5306,0.9636260836788542
1287,4211.752728469471,85.76662863467968,0.5922569094774532,0.40494573122971916,0.00011189437171310283,0,10.943450340237511,0.8806790323682155,0.6374863377581601,8937,27,22.958275075574896,2.9380319927049006,1.6228981673908935,4.0,26.477,0.00011188185276348176,0.33646807605988477,0.945930644019816,1.053320727960293,0.050700945044116985,83.614172,1755,1870,0.9385026737967914,2383,2475,0.9628282828282828,3180,3365,0.9450222882615156,12731,13485,0.9440860215053763
1288,3369.685046236812,63.28857481074372,0.6044615384615385,0.39276923076923076,0.00046153846153846153,0,10.130633228684607,0.8754719751381763,0.6584495032750138,6500,29,23.248333777716418,2.739392394699784,1.6795622295749555,5.0,18.743,0.0,0.2241881963013198,0.9608433734939759,1.0379379094275136,0.037259944192154074,61.415106,2844,2998,0.9486324216144096,3011,3087,0.9753806284418529,3342,3446,0.9698200812536274,7710,8065,0.9559826410415375
1289,3743.0081588774374,56.58115607485611,0.6466529927279507,0.34999067685996643,0.0013052396046988625,0,12.088755280363516,0.8885583041607124,0.6815412207416346,5363,28,23.23765793461181,2.5677179556634497,1.313437139561707,2.0,13.141,0.0,0.18942522299267772,0.9566234318520094,1.0405867274280831,0.04326303654980674,55.312684,4003,4285,0.9341890315052509,2224,2314,0.9611063094209161,2479,2566,0.9660950896336711,4791,4944,0.9690533980582524
1290,4932.145763372778,49.08337799072462,0.7886990801576873,0.2076215505913272,0.0010512483574244415,0,7.249540245299171,0.8612182109552021,0.8450043548070627,3805,21,19.821889825252946,2.5753808214762066,1.5164945018327225,4.0,6.453,0.0,0.17827489393017376,0.9439716312056737,1.0564481728991895,0.054959785522788206,47.702098,3880,4127,0.9401502301914223,2598,2723,0.9540947484392215,2836,2989,0.9488123118099699,3996,4261,0.9378080262849097
1291,7544.549951914797,78.66036886067405,0.7640113350125944,0.2336272040302267,0.0,0,11.844901181206065,0.8862495524003827,0.8270751084692911,6352,18,20.912401068763163,3.088905440993983,1.599216979188131,5.0,11.979,0.0,0.354971587432538,0.969577494805264,1.029537442580921,0.029273338505301266,76.382986,2620,2810,0.9323843416370107,2677,2731,0.9802270230684731,3005,3055,0.983633387888707,9896,10173,0.9727710606507421
1292,5134.209698672844,117.13329475114816,0.5767301106952297,0.4205622362029147,0.0,0,10.625345604779156,0.8891459650529302,0.6201872378007505,12557,30,18.660107477574567,3.7439631932666613,1.900303783485225,5.0,39.671,0.00023885350318471338,0.42390015557432026,0.9628530000690465,1.0369281836727637,0.03565602423677464,114.35566,193,207,0.9323671497584541,691,703,0.9829302987197724,1673,1728,0.9681712962962963,25333,26328,0.9622075357034336
1293,4679.804486317741,53.13469479994462,0.7284812978819288,0.2699414150518252,0.0,0,7.310710002004597,0.8667284367734348,0.8051449967205799,4438,17,23.364465010058566,2.639629164026211,1.891432106402722,6.0,10.211,0.0,0.2621533339604299,0.9437575296430156,1.0564034083683074,0.05353177699093801,51.460678,3085,3352,0.920346062052506,2996,3151,0.950809266899397,3356,3519,0.9536800227337312,5447,5749,0.9474691250652287
1294,3387.800380275352,33.006018746073316,0.7973238882329792,0.19992129083038174,0.0003935458480913026,0,7.3374829625731905,0.861913075907075,0.9008761311585957,2541,16,23.36569125982649,2.118218532629448,1.9437314906219152,7.0,4.929,0.0,0.1551708559079551,0.9491525423728814,1.0494102349772454,0.04737956590788777,31.402478,5212,5493,0.9488439832514108,2178,2255,0.9658536585365853,1759,1853,0.949271451699946,1099,1196,0.9188963210702341
1295,8105.778136783594,72.99689362000426,0.8447368421052631,0.15469924812030075,0.0,0,9.633832183877608,0.8528481498162241,0.8819587395760293,5320,16,25.826573502494156,3.1969907816106944,1.7897196261682242,4.0,8.445,0.0,0.3258140774309856,0.9384953042057983,1.0617138766745067,0.05857479217721397,71.779838,2110,2235,0.9440715883668904,2763,2833,0.9752912107306742,3603,3751,0.9605438549720074,9911,10773,0.9199851480553235
1296,5421.510225742413,112.54628384605633,0.587604492105041,0.4090179853077767,0.0,0,14.02267171857049,0.8659882760692581,0.6499840809839793,11843,25,20.867842557058623,3.5853691528229605,2.1365138669349046,6.0,38.363,0.0003376382206465772,0.4741618852155639,0.9444968781762741,1.0550502110318731,0.052519346517626825,108.969792,259,280,0.925,1077,1123,0.9590382902938558,2527,2601,0.9715494040753556,22156,23544,0.9410465511382943
1297,4108.85596117769,79.94986471568825,0.5955926867659523,0.40113815231868266,0.0,0,10.1759222690198,0.8427528516216162,0.6884077634971868,8259,22,24.3639636082439,3.438268105437593,2.296198414311852,7.0,26.728,0.0,0.37094395090832183,0.9113125177944387,1.090133460438513,0.08290177988598285,76.904984,1191,1323,0.9002267573696145,3090,3252,0.9501845018450185,3699,3906,0.9470046082949308,11225,12593,0.8913682204399269
1298,5772.7893150874315,91.90916980232316,0.6327423698384201,0.3641157989228007,0.0,0,13.291356570836502,0.8672036119198716,0.6815173508771442,8912,21,22.0732905765359,3.410131729424513,1.9306614647987232,6.0,25.677,0.00044863167339614175,0.41981066518291543,0.9605169832138072,1.0389958951689295,0.03758200917744321,89.913094,708,757,0.9352708058124174,1860,1929,0.9642301710730948,3524,3639,0.9683979115141522,18284,19053,0.9596389020101821
1299,4761.284231370123,69.9262284393885,0.649977241693218,0.34622970717645274,0.0004551661356395084,0,12.157443949327572,0.8604897174685646,0.717109057260135,6591,26,23.768237696806786,2.947238874368411,1.8405695611577964,5.0,18.123,0.0,0.25456139543255235,0.940745672436751,1.0585062009899338,0.055791293415055794,67.946158,2480,2681,0.9250279746363297,3137,3233,0.9703062171357872,3233,3335,0.9694152923538231,8106,8775,0.9237606837606838
1300,1866.885176805428,110.80658405150247,0.512665321676754,0.4831502652618994,0.0,0,13.149408190077882,0.8544583433619007,0.537432661204686,13383,28,22.340625775375855,2.855226874477857,1.6159451974930767,4.0,45.859,0.0006720430107526882,0.47825277361421703,0.9413526115412585,1.0599151416448807,0.056808553560621346,108.624372,1309,1395,0.9383512544802868,1727,1792,0.9637276785714286,2361,2452,0.9628874388254486,16609,17738,0.9363513361145563
1301,3698.108855177272,98.98205828791741,0.560521754994071,0.4361944723159719,9.121590805436468e-05,0,12.10764552869654,0.8583816969777381,0.5836342817344955,10963,22,23.18478273651367,2.7500362013820667,1.742880390561432,4.0,35.254,0.0005469960798614277,0.4993931814319793,0.9356562137049942,1.066055728706331,0.06213236895995817,97.22809,1632,1756,0.929384965831435,2380,2462,0.966693744922827,2752,2864,0.9608938547486033,13376,14443,0.9261233815689262
1302,5981.823890472932,49.773744857124,0.9055870929190319,0.09232148192411115,0.0005975500448162533,0,16.89094002738686,0.8527275476481915,0.9364143140471375,3347,17,21.562572092818904,2.731084615251443,1.5265588914549653,4.0,3.437,0.0,0.1981628667884891,0.9540763261060885,1.0444996792815908,0.04412664423371061,48.940488,3969,4139,0.9589272771200773,2443,2519,0.9698292973402144,2397,2527,0.9485555995251286,3116,3314,0.9402534701267351
1303,6512.1659915118935,63.146159885916724,0.8039378238341969,0.19440414507772022,0.0004145077720207254,0,10.733273278420022,0.8622463923793058,0.8267216118548798,4825,20,20.34155362623384,2.901579069707515,1.3235369940706367,3.0,7.254,0.0,0.24036050042060308,0.956360201511335,1.0424820098472416,0.04210399324405839,62.062412,3523,3719,0.9472976606614681,2262,2330,0.9708154506437768,2960,3073,0.9632281158477058,6442,6758,0.9532406037289138
1304,7659.573775752604,87.54552577238846,0.7275182284634081,0.27099648933297327,0.00013502565487442613,0,12.690843729388623,0.8597101782911568,0.7709871426839142,7406,16,18.454174080110693,3.081107755795006,1.5833333333333333,4.0,15.776,0.0002699784017278618,0.4613418911979583,0.9467458759879064,1.051699377692676,0.049604274839945554,85.876166,2634,2786,0.9454414931801867,2288,2355,0.9715498938428875,2436,2532,0.9620853080568721,10491,11180,0.9383720930232559
1305,5019.0062048527225,54.83705594059972,0.7432580574435431,0.2534531900898926,0.0,0,13.935396307275914,0.8503273186889765,0.794069098618807,4561,25,24.409961813470133,2.6361560865935005,1.6584070796460177,4.0,9.365,0.0,0.18289681135734243,0.9325019375748609,1.0692552064948817,0.06526606954689146,53.261116,3792,4048,0.9367588932806324,2736,2881,0.9496702533842416,2576,2739,0.9404892296458561,4131,4525,0.9129281767955801
1306,5670.596093350234,81.9938180752404,0.6537812945907381,0.34427292774678947,0.0,0,14.949252412511196,0.8564544170736836,0.7214109505317318,7709,20,23.23703928993347,3.3404990631845988,1.9490079365079365,6.0,21.129,0.0,0.3819269470523713,0.9537916191923028,1.0457063126294872,0.04397466413845968,79.351036,991,1084,0.9142066420664207,2222,2317,0.9589987052222702,3896,4038,0.9648340762753839,15493,16258,0.9529462418501661
1307,3398.2796564152263,49.732093315909225,0.6538295110341843,0.3448723496321939,0.00021635655560363478,0,13.585024270351592,0.8529677924354963,0.7033555699603523,4622,17,22.779458983706004,2.413626798518439,1.5817339510258108,3.0,12.002,0.0,0.2729749128734754,0.9354224630253332,1.0634955589811348,0.060595639314946007,48.029494,4150,4387,0.9459767494871211,2417,2541,0.9512003148366784,2592,2773,0.9347277316985214,3617,3957,0.9140763204447814
1308,4624.481537416918,57.64982941284486,0.6958579881656805,0.3019723865877712,0.0001972386587771203,0,11.323988493789978,0.8570622095326477,0.7627696183117266,5070,16,23.051528940315336,2.749830243236576,1.8554421768707483,5.0,12.65,0.0,0.31147315263232556,0.9379339749055914,1.0627364823629928,0.05924822369928948,55.731056,2924,3151,0.927959377975246,3089,3222,0.9587212911235258,3331,3498,0.9522584333905089,6055,6547,0.9248510768290821
1309,4453.225973585157,39.73322579005803,0.84631217838765,0.15128644939965694,0.0,0,14.809064596886705,0.8468432143500098,0.9131335372577087,2915,16,26.27708484472474,2.4444060574886817,2.012160518848804,5.0,4.933,0.0,0.1796235390047234,0.9228209631204363,1.0777139681363468,0.07236560061733688,38.666726,4941,5202,0.9498269896193772,2131,2245,0.9492204899777282,1468,1643,0.8934875228241023,1444,1729,0.8351648351648352
1310,3269.032308448459,109.96593804006189,0.5395125848981223,0.45737115461446265,0.0,0,11.203107981086086,0.8594662161153127,0.5946911048499184,12515,30,25.24479435617699,3.6574891253666575,1.9880035545023698,6.0,42.632,0.000319514338205927,0.4156485656782005,0.9253819470071591,1.073499962916265,0.06873324627122139,106.359154,247,292,0.8458904109589042,957,1026,0.9327485380116959,2220,2400,0.925,21652,23380,0.9260906757912746
1311,3178.5957629282375,47.67841815604621,0.646273637374861,0.35127919911012234,0.0,0,9.78670390059448,0.863329322147737,0.7060246435749071,4495,22,22.561890018407432,2.502051076875052,1.6833046471600688,5.0,11.848,0.0,0.20939514396743064,0.9331311717595833,1.0652207832735217,0.061788736504231105,45.756752,4467,4744,0.9416104553119731,2055,2151,0.9553695955369595,2239,2398,0.9336947456213511,3240,3568,0.9080717488789237
1312,4381.141652376271,49.34128492516722,0.7309265944645006,0.2673886883273165,0.00024067388688327315,0,14.092043310468668,0.8481727812041212,0.8233975242859543,4155,23,22.444256795946284,2.600913099279591,1.9604873230161344,6.0,9.653,0.0,0.18038880804018104,0.943769710796484,1.0574156245798036,0.05473804389191932,47.479206,3422,3656,0.9359956236323851,3306,3414,0.968365553602812,3121,3296,0.9469053398058253,4216,4537,0.9292484020277717
1313,5013.040351826016,67.04211384397546,0.6754199967378894,0.3216441037351166,0.0,0,11.070142577877654,0.8712845574602701,0.7289046888898146,6131,25,19.919744020766906,2.8468940214131986,1.701038396522579,5.0,15.339,0.0,0.24454155057962057,0.9520518123435289,1.0484679969468977,0.04654662446162628,65.366742,2577,2722,0.946730345334313,2871,2944,0.975203804347826,3339,3470,0.9622478386167147,8706,9238,0.9424117774410046
1314,5783.292242804519,118.56833900747239,0.5891441514318072,0.40753923313379714,0.00016178611875101117,0,11.023391900632568,0.8711067957034153,0.6334932944425516,12362,29,22.944474833577125,3.568417864373074,2.057256625017163,6.0,39.538,0.00024262029923170238,0.4227293795548872,0.940268931351734,1.0595854922279793,0.056616370676992926,115.697244,176,188,0.9361702127659575,769,788,0.9758883248730964,1821,1876,0.970682302771855,23806,25408,0.936948992443325
1315,4378.612161709495,61.23650805655078,0.6632060531409467,0.3332746788667957,0.00017596339961288053,0,13.913093529636239,0.8553644525573231,0.7079424225456129,5683,31,22.497455626419246,2.6766166207015365,1.8044574157601485,5.0,14.75,0.0,0.18494909988159272,0.9175066312997348,1.0867282514787,0.08043173364229526,59.572466,3526,3734,0.9442956614890198,2679,2781,0.9633225458468176,2383,2596,0.9179506933744221,5248,5969,0.8792092477801977
1316,3111.3777848837917,109.46452527739149,0.5364238410596026,0.4602250059842017,0.0,0,10.335415891214963,0.8492878514143036,0.5876098635461496,12533,27,23.87295483857106,3.4595128481048025,2.0895433586196637,6.0,43.839,0.0002393107849393746,0.46301482619559364,0.9352644451238153,1.0639659665797945,0.06015874726143016,106.6958,463,500,0.926,1420,1463,0.9706083390293917,2931,3074,0.9534808067664281,19660,21131,0.9303866357484265
1317,4905.435809590514,48.906706055130606,0.7862122385747483,0.21198037696875807,0.0005163955589981926,0,10.083856909114246,0.8362331317782103,0.8106128695895896,3873,16,22.836153892487275,2.6409594461438313,1.5875205254515599,4.0,6.892,0.0,0.24497829260841852,0.9263336841253137,1.0776525897706088,0.07308471523973888,48.18797,3435,3608,0.9520509977827051,2240,2363,0.9479475243334744,2271,2442,0.9299754299754299,3497,3940,0.8875634517766497
1318,3423.202142411752,123.87981633121316,0.5330763840224246,0.4620882971268395,0.0,0,9.447860253960275,0.8416534490827858,0.5783693314015892,14270,31,21.725501287488242,3.5703959342772658,2.238990403575654,5.0,51.196,0.0004902990824402886,0.4617787544575066,0.8921256091751859,1.108070330317075,0.09743030062506201,120.66352,185,201,0.9203980099502488,615,638,0.9639498432601881,1246,1294,0.9629057187017002,22301,25158,0.8864377136497337
1319,4718.778487517724,48.341788136758055,0.7729166666666667,0.22421875,0.0005208333333333333,0,8.197130931750502,0.8365471396830294,0.817687137401434,3840,23,26.31466370749628,2.5269498729734154,1.7378706199460916,5.0,7.483,0.0,0.16491171349532166,0.9263923244134623,1.075060168471721,0.07102569458951327,46.918246,4032,4307,0.936150452751335,2455,2582,0.9508133230054222,2567,2773,0.9257122250270465,3305,3679,0.8983419407447676
1320,6991.702266248124,108.34914127708811,0.6349099316058183,0.36191118389365184,0.0,0,10.26785064781122,0.8411041752550438,0.734935274058437,10381,29,23.21923092729748,3.9261742288957207,2.5401304809588834,7.0,32.861,0.0,0.35748967174005486,0.9283415502602027,1.0702061855670104,0.06561310342621325,103.600358,41,42,0.9761904761904762,240,253,0.9486166007905138,939,982,0.9562118126272913,25895,27931,0.9271060828470159
1321,4762.994051115036,47.31038721747297,0.7876989479363367,0.2098732128405719,0.0008092797410304828,0,6.275556615025475,0.8433700636291348,0.8343324750737794,3707,17,24.248397882196674,2.613010687773325,1.8928082191780822,5.0,7.309,0.0,0.21629437535837598,0.9354626708727655,1.0647733263046917,0.06201454814449513,46.01566,3258,3532,0.9224235560588901,2955,3106,0.9513844172569221,3096,3271,0.9464995414246408,4925,5307,0.9280195967589976
1322,7170.389591033517,77.06998002257042,0.7505930729084296,0.24782539933575834,0.0,0,12.80207768281709,0.8485645590428691,0.8236331786015744,6323,30,22.181347210064963,3.2283398226614017,1.9336283185840708,5.0,13.932,0.0,0.21119832296766425,0.9450002326555302,1.0552707614875572,0.05259213542585082,75.0586,1517,1635,0.92782874617737,2606,2703,0.9641139474657787,3686,3849,0.9576513380098727,12500,13304,0.9395670475045099
1323,3919.0587846712206,41.99148741231794,0.7523501762632198,0.2435370152761457,0.0005875440658049354,0,14.604221421601338,0.8659160245241734,0.8088235676872652,3404,20,22.418915781248405,2.2561491164398753,1.7918781725888324,5.0,7.278,0.0,0.16948393002419226,0.9480681346073951,1.049787340505379,0.049593303324646607,40.867812,4552,4853,0.9379765093756439,2767,2882,0.9600971547536433,2068,2163,0.9560795191863153,2023,2137,0.9466541881141788
1324,2466.539715429136,107.16469146590067,0.526749623523817,0.4697630181501149,7.925814377427281e-05,0,13.699798633587598,0.8707371919827778,0.5456290205553349,12617,25,21.065080925559354,2.72232253620909,1.6289497442070417,4.0,42.23,0.0004753228234175711,0.49770909107288464,0.9622471910112359,1.0376231955179323,0.0364931895126368,105.686442,1062,1142,0.9299474605954466,1855,1920,0.9661458333333334,2601,2711,0.9594245665805976,18033,18702,0.9642284247674046
1325,5055.93914236937,100.52876997216842,0.5948111407859595,0.4015642884395269,9.538344143456696e-05,0,10.02970040108059,0.8662849905140275,0.6323419291919503,10484,32,24.92796010698335,3.526061058107871,1.8465362411802437,5.0,32.093,0.0,0.3261702038343224,0.9500149992500375,1.0507946049517225,0.048726546336591285,98.153216,453,497,0.9114688128772636,1389,1430,0.9713286713286713,2547,2656,0.958960843373494,20946,22085,0.9484265338465021
1326,3491.680898417644,92.73224489538343,0.5616129979446022,0.4356464715669962,0.0,0,10.501066920039984,0.8607115748898777,0.5901846407191571,10217,24,21.654280781259317,2.7523839212130947,1.5404322063436737,4.0,31.433,0.0001957138663274293,0.426493267341424,0.9460081515224167,1.0527708293246103,0.050491713713349116,90.704814,2048,2211,0.9262777023971054,2039,2090,0.9755980861244019,2620,2720,0.9632352941176471,13022,13834,0.9413040335405523
1327,5369.273720728853,112.58287941245017,0.5873189626136747,0.4093971034018188,0.0,0,10.172411929968042,0.8665011959393486,0.613738157378359,11876,28,24.385551577369114,3.3923521495777638,1.8183512544802867,5.0,37.013,8.419634587858886e-05,0.4218736204111012,0.9597898270451726,1.0400789156406416,0.038520909346056696,110.652306,478,508,0.9409448818897638,1069,1099,0.9727024567788899,2254,2318,0.9723899913718723,22503,23481,0.958349303692347
1328,6757.512146796928,93.313057327184,0.6663979732842008,0.3304928604329802,0.00011515430677107324,0,11.52311634031996,0.8768699452671054,0.7182352935236663,8684,25,21.96088980843924,3.269251569683546,1.7442543632279246,5.0,22.195,0.00011514104778353483,0.3448845868977849,0.9553801342395205,1.043792534979076,0.042172084748503966,91.1905,1128,1207,0.9345484672742337,2196,2242,0.9794826048171276,3230,3341,0.9667764142472314,16078,16899,0.951417243623883
1329,3659.2261727785994,110.37877805423466,0.5456830158086745,0.4502634779083908,0.0,0,8.803937329776897,0.867488636068507,0.6015446862623921,12335,25,22.295713967944327,3.574273643442639,2.281236071906106,6.0,43.879,0.0004051863857374392,0.4898443048624199,0.945751453086078,1.0521397804640822,0.04946066824519863,106.871356,129,140,0.9214285714285714,530,558,0.9498207885304659,1424,1506,0.9455511288180611,25253,26700,0.9458052434456928
1330,3348.7778905590826,124.19795067926734,0.5332307261788163,0.4633412620680006,0.0,0,11.726152694811967,0.854716846037769,0.5798748500294109,14294,31,23.37883254875277,3.480408790213352,2.0127263185515614,5.0,49.77,0.0005593623269472801,0.4635230201416428,0.9244420051225759,1.0759126765731057,0.07053462113998095,121.164948,265,295,0.8983050847457628,880,919,0.9575625680087051,1878,1966,0.9552390640895219,22242,24150,0.9209937888198758
1331,3077.7689065320214,105.09335436211093,0.5384615384615384,0.45803437343567494,0.0,0,14.851375577437976,0.8594209024771906,0.5927591753302229,11986,26,22.05282920006249,3.406665901826718,1.9885342423303378,6.0,41.18,0.0009168958906393265,0.46152840254022864,0.9321477760674066,1.068487582815104,0.06414436272651453,101.742052,653,721,0.9056865464632455,1937,2024,0.9570158102766798,3180,3340,0.9520958083832335,17241,18601,0.9268856513090694
1332,1709.310081971268,70.88951628177225,0.5292259083728278,0.46810061975938755,0.00024304289707133308,0,7.605604203165974,0.8576991858986183,0.5473876323166424,8229,19,21.913568080219726,2.6082655287461387,1.4512055109070034,3.0,27.149,0.0006072382803011902,0.43570886874268877,0.9651959302911252,1.0333602503280508,0.03325704825437016,69.716174,2383,2517,0.946762018275725,2236,2280,0.980701754385965,3699,3821,0.96807118555352,10845,11236,0.9652011391954433
1333,5673.616012575857,112.7845976016843,0.59280205655527,0.4031705227077978,0.0,0,11.01906351311925,0.8449661916808997,0.6622829605480671,11670,31,23.429973964070197,3.7827988200318345,2.1929748482220295,7.0,37.424,8.568246080027418e-05,0.37398210111673724,0.9268809481055845,1.072560887735985,0.06770013727525362,108.82335,178,199,0.8944723618090452,796,824,0.9660194174757282,1779,1848,0.9626623376623377,23056,24974,0.9232001281332586
1334,2627.222900865468,83.32608306060708,0.5447371227471473,0.45142369627812734,0.0,0,12.160545126111286,0.8627641627932155,0.5837774463820087,9377,21,21.11629032187755,2.698594757443018,1.6822631166797182,4.0,30.41,0.0003198294243070363,0.44684832706411504,0.9709427181487488,1.0286453763818213,0.02798841271193661,81.658766,1489,1589,0.9370673379483953,2250,2308,0.9748700173310225,3379,3475,0.9723741007194244,15036,15445,0.9735189381676919
1335,3824.553572388999,80.65867323422768,0.5857345299952763,0.411076995748701,0.0,0,12.850608827921741,0.8697341859883287,0.63965514464651,8468,21,20.040153764506332,2.996679352737332,1.8669354838709677,6.0,26.295,0.00047214353163361664,0.40455353255179893,0.9598518807250048,1.038700219887613,0.03742613263296126,78.103748,1818,1980,0.9181818181818182,3105,3163,0.9816629781852672,3617,3708,0.9754584681769147,11160,11673,0.9560524286815728
1336,3873.481115723366,114.76669025549957,0.5500349351758403,0.44685971586056983,0.0,0,11.972650082173907,0.8746783592998194,0.5856850642071593,12881,30,23.601739227439474,3.4328013492626446,1.9649964714184898,5.0,43.192,7.76276975624903e-05,0.42894108421994914,0.9391135972461274,1.0595045482328407,0.056115887091315236,112.338562,257,275,0.9345454545454546,814,851,0.9565217391304348,1807,1919,0.9416362688900469,23312,24843,0.9383729823290263
1337,4949.784503317969,59.56565415363043,0.709765625,0.287109375,0.0009765625,0,15.201166620933197,0.8709953068817137,0.7513454409634912,5120,19,22.280665345499557,2.5824859380586953,1.391029168959824,3.0,10.68,0.0,0.269590803667633,0.9583099775784754,1.0388431496727888,0.03976317028863621,58.002966,4056,4305,0.9421602787456446,2385,2462,0.9687246141348497,2566,2659,0.9650244452801805,4670,4846,0.9636813867106893
1338,6596.777423932183,64.84041745247981,0.7920850561134082,0.2059460523725143,0.0,0,12.995505979851533,0.8762806271943032,0.8445151195080466,5079,28,20.474635526010168,2.7929647701867553,1.6917723092219736,5.0,9.124,0.0,0.1779809890955675,0.9575858455089082,1.0418133530973999,0.04023430566238684,63.15037,3246,3495,0.9287553648068669,2706,2779,0.9737315581144297,3145,3255,0.9662058371735791,6436,6692,0.9617453676031081
1339,4789.069455140214,70.07083392700554,0.6532526475037822,0.34447806354009075,0.000151285930408472,0,11.666696074882053,0.8578288249301393,0.6933740685663237,6610,20,22.57061972977621,2.653826588500036,1.6361741547012505,4.0,17.227,0.0,0.3271705705300452,0.9271166370633511,1.0741136647069303,0.06967777471770863,68.306814,2983,3233,0.9226724404577792,2238,2357,0.9495120916419177,2660,2851,0.9330059628200631,7778,8449,0.9205823174340159
1340,2412.8963806805214,115.71794272139327,0.5187368114676563,0.4769700938659681,0.0,0,9.624401135861172,0.8617736139728962,0.5604201261640436,13743,28,20.53271918683114,3.2588494960779775,2.215037172113901,6.0,50.072,0.0005090909090909091,0.48690299084190003,0.9362854872498736,1.063359884141926,0.0595149126978735,112.91107,277,297,0.9326599326599326,835,873,0.9564719358533792,1904,2004,0.9500998003992016,22906,24512,0.9344810704960835
1341,3863.1865240482502,58.576411151572316,0.6451089893712845,0.352368942532877,0.0007205908845253108,0,7.554238478630657,0.8487793061530536,0.6913268436521025,5551,21,24.7404639543766,2.537385505409563,1.6316671320860094,4.0,14.692,0.0,0.2671057982609127,0.9331930898195958,1.0658315224338488,0.0632949184928644,56.999568,3408,3644,0.9352360043907794,2350,2444,0.9615384615384616,2952,3160,0.9341772151898734,5929,6439,0.9207951545271005
1342,6147.648651168686,102.19163925774504,0.6236473741685694,0.3736721929911645,0.0,0,11.27604500173982,0.8552936277412667,0.6767725209299577,10073,30,22.417421999068978,3.560407489385614,2.073225087551735,6.0,30.353,0.0,0.33420245138625504,0.943577695385632,1.0552345906163754,0.05235511027621234,99.469966,350,391,0.8951406649616368,1109,1146,0.9677137870855148,2298,2393,0.9603008775595487,21947,23311,0.9414868517009137
1343,2423.1420135847916,60.97771745673608,0.565151284780295,0.4321119051239167,0.0001520450053215752,0,7.227313637648887,0.8538528555766577,0.6157833009259017,6577,16,22.65379390932508,2.5030791511932544,1.7379607210115684,5.0,20.693,0.0003039975680194558,0.41024454574575786,0.9553020602956582,1.0432930742750453,0.04219856179274207,58.916208,2962,3179,0.9317395407360806,2574,2656,0.9691265060240963,3591,3738,0.9606741573033708,7287,7609,0.9576816927322908
1344,4675.407478375043,62.115073551251804,0.6764653798477067,0.3210554276607048,0.0,0,12.906549026674535,0.8600932661092593,0.7553199910986892,5647,25,22.087229332838042,2.598970027738281,1.8573298429319371,6.0,14.4,0.0,0.22560323973378088,0.9542860848139022,1.045404352062358,0.04353758372612255,60.138594,3397,3689,0.9208457576579019,2897,2984,0.9708445040214477,3005,3112,0.9656169665809768,5418,5637,0.961149547631719
1345,3792.3365905611768,52.070351139310944,0.6675675675675675,0.3288981288981289,0.0002079002079002079,0,13.053169676291958,0.8537119544308364,0.7274020587928034,4810,24,20.76248570309368,2.3481421633606607,1.7069448769853628,5.0,12.177,0.0,0.20295022390815476,0.9452003588516746,1.053369312645229,0.0510109968073785,50.244626,4310,4528,0.9518551236749117,2597,2697,0.9629217649239896,2512,2653,0.9468526196758387,3224,3498,0.9216695254431103
1346,6494.617696474619,91.18448426752691,0.6624076896026257,0.335599578009612,0.0,0,12.63532836266096,0.8377774384468772,0.6977444308044559,8531,31,23.860245853939098,2.9547339329888094,1.7782693328614405,5.0,22.455,0.0,0.2795308948628328,0.92514020970495,1.0749828917782775,0.06994148863790992,89.37284,1682,1852,0.908207343412527,2561,2706,0.9464153732446415,3067,3242,0.946020974706971,11660,12705,0.9177489177489178
1347,5306.273622071149,102.12658569921352,0.5982031922010895,0.39816496224792125,0.0,0,8.627170630080293,0.8504045200895166,0.634661039950576,10463,22,19.347032293139122,2.9773939204165742,2.017414922511583,5.0,32.562,0.0002866424613032677,0.4784418210666693,0.9345002597610199,1.0654976379213708,0.06157884867804238,99.97868,747,817,0.9143206854345165,1601,1673,0.9569635385534967,2695,2818,0.9563520227111426,18341,19715,0.9303068729393863
1348,3293.2844589028605,50.09792837788126,0.643491124260355,0.3524936601859679,0.0016906170752324597,0,10.818007565137066,0.8635688685179221,0.7057026243853617,4732,23,19.967150672232503,2.2282446625243812,1.6679802955665024,5.0,12.501,0.0,0.20400112331077758,0.9390156635127614,1.0592699097371994,0.059100770554350264,48.339714,4481,4843,0.9252529423910799,2128,2223,0.9572649572649573,2204,2318,0.9508196721311475,2997,3193,0.938615721891638
1349,5427.633469906691,98.96523525237325,0.6081906478421949,0.38890557725042557,0.0,0,12.339624421905738,0.8756117029106817,0.6545193491726948,9987,32,21.942375734336405,3.148419333874934,1.7283503457359235,5.0,29.208,0.0,0.3198736326404953,0.9534677317104095,1.0461088999915318,0.04407724628312864,96.827714,1133,1220,0.9286885245901639,2139,2203,0.9709487063095779,3181,3314,0.959867229933615,16107,16924,0.9517253604348853
1350,4489.941642712547,87.52276990519165,0.5995582551076754,0.3974599668691331,0.00011043622308117063,0,13.215749296014659,0.8678411497584297,0.6337695818079265,9055,31,21.04905066944479,2.9494412576667917,1.5472462700313132,4.0,26.021,0.0,0.2867655857757617,0.9464882943143813,1.053226566179934,0.05126425384234011,86.17035,2496,2654,0.9404672192916352,2214,2293,0.9655473179241169,2817,2972,0.9478465679676985,10585,11217,0.9436569492734243
1351,3893.442627142831,99.7987141136535,0.5642575799212238,0.4327196116149125,0.0,0,17.01097881727416,0.8509211596189448,0.5972744773911568,10917,29,22.54520439705103,2.7142451592016674,1.6711038961038962,4.0,34.509,9.159186664224217e-05,0.37715056651736245,0.9174682467981081,1.0824538961731158,0.07660221807831975,97.690516,2407,2598,0.926481909160893,2321,2423,0.9579034255055716,2310,2429,0.9510086455331412,10226,11367,0.8996217119732559
1352,7397.11949047956,107.3549408236626,0.6529342027267339,0.344200750839755,0.0,0,12.900534569357458,0.8705556459666415,0.6973194137387004,10122,21,20.066579168952053,3.4852403782371084,1.9237403540626419,6.0,27.65,0.0002962962962962963,0.486295171160817,0.9705665115591994,1.0278990601642863,0.0271260733661481,104.48706,504,548,0.9197080291970803,1378,1431,0.9629629629629629,2618,2714,0.9646278555637435,21781,22385,0.9730176457449184
1353,7898.701774292187,82.45174109431322,0.7632324437155211,0.23482928283882512,0.0,0,15.417717684443083,0.8528923243780581,0.795379007774658,6707,23,23.86070895312966,3.135498803163064,1.751709318226216,4.0,13.69,0.0,0.29327249410534123,0.9482955845344315,1.0520527859237536,0.04941063894567439,80.998278,1554,1652,0.940677966101695,2274,2389,0.9518627040602763,3551,3737,0.9502274551779503,13346,14077,0.9480713220146338
1354,2636.6656667556235,128.87062065303252,0.5180612110862998,0.4781951924339945,0.0,0,11.937030688660947,0.8640012501459685,0.5464316529450739,15226,32,22.818631902313037,3.3247123493196225,2.052104462474645,5.0,55.0,0.0009186351706036745,0.4682093620574105,0.9258702821546354,1.0736196319018405,0.06844171360300393,126.372732,316,344,0.9186046511627907,884,915,0.966120218579235,1741,1840,0.946195652173913,22326,24191,0.9229052126824026
1355,5135.950714333794,98.96013761252192,0.6009375915616759,0.39593710323273756,9.76657876745776e-05,0,12.42229257449101,0.8609672580787606,0.6330636868551076,10239,32,18.645630396108785,2.832850010069878,1.6661790996261987,4.0,30.405,9.765625e-05,0.32013475850735185,0.93468720821662,1.0653332087110945,0.06159642512923859,97.515432,1718,1834,0.9367502726281353,2285,2343,0.9752454118651301,2772,2874,0.964509394572025,13246,14369,0.9218456399192706
1356,5021.575940891645,94.20939865778524,0.6016073478760046,0.3954702014403507,0.0,0,9.020019721765122,0.8733915780779601,0.6413301707957085,9581,20,24.3163485335027,3.2346259317998225,2.1306384455239415,6.0,30.154,0.0004173187271778821,0.4767560355462439,0.9414079755833099,1.0571290439547159,0.053949318035029066,92.123066,752,814,0.9238329238329238,1700,1771,0.9599096555618295,3477,3631,0.9575874414761774,17513,18685,0.9372758897511373
1357,4908.10614076291,93.99237138834309,0.599624060150376,0.3975563909774436,0.00010442773600668337,0,9.298227070909093,0.8586550028491367,0.6508724292274747,9576,21,23.960015390816523,3.2752856957209593,1.8859282479972135,5.0,29.19,0.00020881186051367718,0.4465270463074693,0.9509587787529636,1.0495581860620207,0.047503961965134706,91.79534,993,1074,0.9245810055865922,2040,2133,0.9563994374120957,3254,3375,0.9641481481481482,16575,17459,0.9493670886075949
1358,2414.9400198265494,48.89820855048162,0.5918367346938775,0.4051912026946701,0.00019813750743015652,0,12.423735063523777,0.87221323920395,0.6480445768833422,5047,26,23.44561998687707,2.42742276787954,1.6950117174422497,5.0,14.946,0.0,0.19342297282193657,0.9436642453591606,1.0537076099302287,0.05246252676659529,47.236536,4617,4937,0.9351833097022483,2281,2358,0.9673452078032231,2048,2148,0.9534450651769087,2746,2947,0.9317950458092976
1359,1351.6135575819728,56.437770571114505,0.5247479376718607,0.4725022914757104,0.0,0,8.653387402217586,0.8559109076890168,0.5766991781214553,6546,17,22.323166245968423,2.2751741000581487,2.077438136826783,6.0,23.177,0.0,0.3828802833830174,0.9170472864051585,1.0809935205183585,0.07527950310559006,54.285022,3665,3911,0.937100485809256,2357,2447,0.9632202697180221,2608,2835,0.9199294532627866,5023,5695,0.8820017559262511
1360,3894.5430122116145,44.44729299666673,0.7267643142476697,0.27137150466045273,0.0005326231691078562,0,9.679130518217294,0.8530829446879616,0.8004256476748346,3755,18,19.74035434270349,2.319734708848141,1.7464272627336022,5.0,8.063,0.0,0.2085437449406064,0.9492006816521951,1.0485223479605958,0.04694508894044857,42.718994,4626,4915,0.9412004069175992,2519,2599,0.9692189303578299,2265,2383,0.9504825849769198,2287,2426,0.9427040395713108
1361,6153.597998355401,71.73217677842254,0.7190445238869029,0.27884302892427687,0.0,0,11.48769404845456,0.8754498234643494,0.7678548224321353,6154,16,20.050390443449558,2.739771283327491,1.6056497175141242,4.0,13.11,0.0,0.3857952165090826,0.944942462966495,1.0553112852864335,0.052526956207457384,69.90124,3559,3840,0.9268229166666667,2322,2379,0.9760403530895334,2364,2451,0.9645042839657283,6618,7059,0.9375265618359541
1362,6025.550133747687,89.3721193098291,0.6502468845520809,0.3479896543616271,0.00011756407241946862,0,9.732904573831876,0.8493648166846774,0.6692061348756019,8506,32,21.810619667477827,2.9074956846378037,1.7300668956789007,4.0,22.925,0.0,0.2640178495227648,0.9392865155934486,1.0611969805895038,0.05799551929661411,87.90072,1391,1501,0.9267155229846769,2208,2299,0.9604175728577642,3206,3364,0.9530321046373365,14127,15121,0.9342636069043053
1363,6174.121925037733,79.57845231998057,0.6872614166548848,0.3106178424996465,0.0,0,13.255151519706374,0.8667081528029931,0.7326172143632856,7073,23,20.586457440487443,2.766261235561203,1.4363299732565316,3.0,15.947,0.0,0.306573716736401,0.9500912247660526,1.0473827248020797,0.045717495085650095,77.288812,3322,3542,0.937888198757764,2037,2121,0.9603960396039604,2242,2353,0.9528261793455164,8542,8975,0.9517548746518106
1364,9629.96866111508,114.69512740683847,0.7075236671649228,0.29008470353761834,0.0,0,9.634770050066997,0.8490231696363236,0.7546082633569766,10035,20,19.58799648881552,3.471407049600054,2.211267605633803,5.0,26.282,0.00019926272790674504,0.49835066119020044,0.9026968213258724,1.0966243902439023,0.08796427558831868,112.455738,529,556,0.9514388489208633,1081,1125,0.9608888888888889,2081,2193,0.9489284085727314,19539,21860,0.8938243366880146
1365,8220.17852577351,89.46255316955578,0.7428262046561992,0.25365457498646454,0.0006767731456415809,0,10.328127902453506,0.8410814833090313,0.7946487902115786,7388,20,22.871638652989645,3.355695052299489,2.135386297376093,5.0,17.569,0.0,0.36775430083581795,0.906109111965918,1.0972856312774966,0.08968711171354343,87.109018,705,762,0.9251968503937008,1568,1662,0.9434416365824309,3133,3368,0.9302256532066508,16501,18385,0.8975251563774816
1366,7547.754853038278,85.97358554688014,0.725689205870251,0.27184199698258127,0.0,0,14.517719155674007,0.8549306721208749,0.7834132110648413,7291,29,21.825815619848218,3.4636354490793866,2.017010017010017,5.0,17.519,0.0,0.25385000075335995,0.9333388029700127,1.0659865064999177,0.062242738988266974,83.343302,786,858,0.916083916083916,1861,1942,0.9582904222451082,3460,3601,0.9608442099416828,16645,17976,0.9259568313306631
1367,4781.305582389225,83.2907466815867,0.6137071651090342,0.3832973879702852,0.00011981787682722263,0,9.076410243793063,0.8426476939982918,0.6753915938313987,8346,22,20.888699659764605,3.45132641196772,2.2670831706364702,6.0,26.63,0.0,0.37519187300326534,0.9286990291262136,1.0697837521917009,0.06520002904232919,80.43538,450,498,0.9036144578313253,1452,1553,0.9349645846748229,3234,3442,0.9395700174317257,18778,20257,0.9269882016093203
1368,2918.2934345528174,52.910442473494726,0.6088913899831176,0.3866066404051773,0.0011254924029262803,0,14.101851744516164,0.8544118101362054,0.6575963341742612,5331,20,26.03738465625777,2.3698778811128847,1.765249537892791,5.0,15.434,0.0,0.26781302370453913,0.9424651924651924,1.055437538545878,0.0547706599574221,51.35193,3623,3917,0.9249425580801633,2790,2906,0.9600825877494839,2845,2991,0.9511868940153795,4551,4838,0.940677966101695
1369,4600.51147632674,105.0805939750844,0.5765411112105217,0.4205958665115863,0.0,0,13.712772159420643,0.8633765440110057,0.6013199557637564,11177,31,19.82058871488266,3.0294569380874004,1.7832091868404718,5.0,35.188,0.0001789068789694964,0.35754300399463645,0.9256961915502733,1.0743510587416845,0.06931492471034678,102.652592,1164,1245,0.9349397590361446,2089,2165,0.9648960739030024,2869,3016,0.9512599469496021,15219,16628,0.915263411113784
1370,6706.576233513364,93.73611684333116,0.6624670713549422,0.33512770587561563,0.0,0,12.543847490255258,0.8749008135000526,0.7255293325397958,8731,23,23.45331312590139,3.552243399500544,1.9965421853388658,6.0,23.778,0.00011452130096197893,0.37958941746047115,0.9553923890731091,1.0433475715867742,0.041579962922326054,91.136376,672,732,0.9180327868852459,1869,1944,0.9614197530864198,3412,3532,0.9660249150622876,18249,19124,0.9542459736456809
1371,4318.814090338166,76.42026116424637,0.6132589517384536,0.3831084587441619,0.0002594706798131811,0,13.954712221154807,0.8520881320738873,0.643527508272873,7708,27,21.645856128821258,2.7688286564659306,1.8447218108737042,4.0,22.862,0.0,0.2851691585997893,0.9083898348946742,1.09388453757975,0.08660710064766226,75.1198,2021,2185,0.9249427917620138,2497,2587,0.9652106687282567,3033,3206,0.9460386774797255,10000,11343,0.8816009873931059
1372,3916.0967535953755,77.75753984668712,0.595241045978436,0.4017846077580865,0.0,0,15.484904027246134,0.8419390830649629,0.6318612031411935,8069,17,23.19270157217937,2.7278256531119656,1.83614407661878,5.0,24.469,0.000866765725606736,0.47178474635104395,0.9468302658486708,1.0518336918997349,0.04954015359817958,76.02592,1885,2029,0.929029078363726,2909,3019,0.9635640940708844,3739,3899,0.9589638368812516,10450,11102,0.9412718429111872
1373,6511.230479130662,85.04888918866024,0.6814621409921671,0.31592689295039167,0.0,0,7.277016747490016,0.8544476869874755,0.7144061217008506,7660,22,22.49433748597756,3.079381539051523,1.888697318007663,5.0,19.816,0.0,0.3481577985692047,0.928007975034674,1.0720524966320455,0.06738348356845467,83.428496,1172,1252,0.9361022364217252,1956,2037,0.9602356406480118,3243,3393,0.9557913351016799,15040,16390,0.9176327028676022
1374,3774.1791565771778,64.19742209062727,0.6198022909147968,0.3756472618860819,0.00031382394476698575,0,9.939019016499998,0.8394476129787634,0.6673609268580935,6373,30,22.656080219361765,2.6439176935133553,1.821518987341772,4.0,18.502,0.0,0.21394637826744461,0.8878504672897196,1.1139650049521295,0.10275186016298571,62.37932,3472,3699,0.9386320627196539,2114,2234,0.946284691136974,2371,2603,0.9108720706876681,5533,6658,0.8310303394412737
1375,7259.142973970032,113.33926131975795,0.6355405158222059,0.3611670020120724,0.00018291567587342235,0,9.799832882943829,0.8670910436826724,0.67976033182969,10934,23,21.97471577242711,3.3307630085570317,2.070513742984602,6.0,32.109,0.00045708017186214464,0.47552307291948415,0.9073174553431527,1.0945786450546857,0.08685076548862498,110.471932,458,517,0.8858800773694391,1272,1372,0.9271137026239067,2213,2384,0.9282718120805369,19219,21255,0.9042107739355446
1376,4255.290015207825,43.91342934564774,0.7705577918343876,0.22685451408855664,0.0011500862564692352,0,10.539219149585438,0.8454570528888865,0.8312994897601498,3478,17,24.04581560403843,2.3972185897163496,1.8485074626865672,5.0,7.169,0.0,0.20118455098942842,0.8967465753424657,1.1061635003868306,0.09848718740351961,42.489522,4824,5047,0.9558153358430751,1819,1968,0.9242886178861789,1722,2010,0.8567164179104477,2109,2655,0.7943502824858757
1377,6410.569307641238,101.96940318914442,0.6313993174061433,0.36538847620959647,0.0,0,8.941513369893613,0.8487180652905851,0.6951611279048718,9962,29,23.685655592683062,3.625182348037993,2.14912559618442,6.0,29.685,0.0,0.34574663827879104,0.9189456342668864,1.0804162376820121,0.07463242767125144,99.048504,249,276,0.9021739130434783,775,814,0.952088452088452,1885,2021,0.9327065809005443,22192,24204,0.9168732440918856
1378,6140.518450733127,103.93336211403472,0.6186457120682964,0.3787349631354288,9.701202949165696e-05,0,12.430262393654505,0.8477603929416105,0.68001743286296,10308,21,22.704479434118515,3.270224610694533,2.3556531284302964,6.0,32.754,0.0005817335660267597,0.48458788819834486,0.8990343127183069,1.1032375289065082,0.09363477224477634,100.934338,617,676,0.9127218934911243,1625,1716,0.946969696969697,3104,3330,0.9321321321321321,16532,18613,0.8881964218556923
1379,5905.984850595315,66.94706405322188,0.7300070771408351,0.2678697806086341,0.0,0,12.07380900338902,0.8518057780841872,0.7810817250941591,5652,21,22.986481495726938,2.7589039584238995,1.7426078526417839,4.0,12.506,0.0,0.270971438881456,0.9052523830848954,1.0979034429698018,0.0894209483863451,65.248396,3254,3476,0.9361334867663982,2530,2664,0.9496996996996997,2528,2729,0.9263466471234885,5838,6762,0.8633540372670807
1380,5786.104891533794,91.88740388333055,0.6313597478613238,0.36582620441242686,0.0,0,9.51525024322957,0.8478744536870507,0.6817491731212029,8884,22,23.20520577757728,3.1908313839940003,2.1772151898734178,6.0,26.628,0.0,0.403894228727274,0.8964255677039529,1.102846764656192,0.09333536678359006,89.044342,707,794,0.8904282115869018,1777,1898,0.9362486828240253,2915,3172,0.9189785624211854,15918,17916,0.8884795713328868
1381,6943.111568161192,91.30363002645178,0.6798082684242062,0.31779508687837027,0.00011983223487118035,0,12.645099422505272,0.8493774517287712,0.71721249704447,8345,27,21.78574015978115,3.1948739517331286,1.8325401022386745,4.0,21.715,0.0,0.30864436498880143,0.939881101900695,1.0614436102839409,0.058271565999053775,89.60326,949,1033,0.9186834462729913,2014,2081,0.9678039404132629,3425,3564,0.9609988776655444,16062,17208,0.9334030683403068
1382,6749.864197550147,95.9288026037833,0.6568780705672175,0.3399955337204109,0.0,0,11.081797103874692,0.8417915997882269,0.7360720127472693,8956,30,21.384725457892273,3.7254068668144864,2.194458609552949,7.0,25.686,0.0,0.29888896935074494,0.9246843222706448,1.074393752568845,0.06923450284287894,92.176364,296,324,0.9135802469135802,1109,1154,0.9610051993067591,2532,2655,0.9536723163841808,20888,22714,0.9196090516861848
1383,2659.6877845622344,58.50484163867186,0.5786082474226805,0.4180090206185567,0.00032216494845360824,0,12.280981686332876,0.8402828505928427,0.6440115804812339,6208,16,22.539845149112253,2.6838772061395173,2.314031180400891,6.0,20.829,0.0,0.3893105413834452,0.9144311377245509,1.085597499398894,0.08024453378862147,56.288228,2519,2749,0.9163332120771189,3456,3620,0.9546961325966851,3446,3670,0.9389645776566757,5850,6661,0.8782465095331031
1384,3867.5616320711674,114.07025767828242,0.5499647859769935,0.4469050786446514,0.0,0,9.847371615351115,0.8584574810426405,0.6071014660879276,12779,32,21.44302240990814,3.7887291936616947,2.0734206033010816,6.0,43.52,0.00015648227838197323,0.39968303663298205,0.94731640824672,1.0516263495968292,0.04909267660401815,110.750812,73,77,0.948051948051948,430,450,0.9555555555555556,1146,1207,0.9494614747307374,26150,27611,0.9470863061823186
1385,4289.764037248867,65.7141203834768,0.640495867768595,0.35712015257469804,0.0001589319771137953,0,12.634870158548736,0.849867288826431,0.7094999439351585,6292,31,24.471981551294274,2.773848837746234,2.015880893300248,6.0,18.121,0.0,0.20621270009525253,0.907149917627677,1.09470273130084,0.08699837554900428,63.0996,3483,3719,0.9365420812046249,2596,2659,0.9763068822865739,2253,2408,0.9356312292358804,5434,6389,0.8505243387071529
1386,4697.040014031718,48.530950021354506,0.7678892023595794,0.2303154655039754,0.0005129520389843549,0,15.446723644265761,0.8572751585918557,0.8319614630140891,3899,25,20.649613279734176,2.542559369034088,1.7578490313961257,5.0,7.732,0.0,0.1569403066526119,0.9418530858321434,1.0596991164530765,0.0576362413097107,47.177186,4341,4677,0.9281590763309814,2468,2568,0.9610591900311527,2323,2439,0.9524395243952439,2741,2922,0.9380561259411362
1387,6507.3799913206285,82.71989452072945,0.6891400888171175,0.3084376261606782,0.0,0,8.918849218662816,0.8560954142428622,0.7303894388708716,7431,32,26.63524614348173,3.1767823047202457,1.8871314196446007,5.0,18.985,0.0,0.23259597108714478,0.9320884387575168,1.0687936191425722,0.06450384908214195,80.685142,1294,1435,0.9017421602787457,2372,2461,0.9638358390898009,3253,3441,0.945364719558268,13696,14780,0.926657645466847
1388,5278.551096446216,65.72278828112123,0.6957116008884333,0.30052964291816164,0.0,0,13.497040327334153,0.8560428727555607,0.7355510160536343,5853,19,22.17357509281675,2.7549963287260106,1.625,4.0,13.654,0.0,0.3079569458086632,0.924551282051282,1.0766709511568124,0.07164960723637229,64.188234,3348,3581,0.9349343758726613,2485,2629,0.9452263217953595,2558,2768,0.9241329479768786,6032,6622,0.9109030504379342
1389,5720.258200368505,88.09595372634395,0.6408032319391636,0.35658269961977185,0.0001188212927756654,0,11.215551958525754,0.8608675842260289,0.6790218186397853,8416,25,22.296094402294905,3.132365083430143,1.7784164657889858,5.0,22.931,0.00011880717595342758,0.33955453561730653,0.9239490272549997,1.0789342063383804,0.07360416754190648,86.162584,1307,1463,0.8933697881066303,1941,2095,0.926491646778043,2976,3185,0.9343799058084772,14150,15308,0.9243532793310687
1390,4211.372650231627,88.765585295771,0.5857313497665327,0.41220545118905416,0.0,0,10.383600269423958,0.8538597502241758,0.6333319820202205,9209,23,23.285601721884333,3.373260683443348,1.9938820912124582,6.0,29.13,0.00010857763300760044,0.39515180061509264,0.9550587781846213,1.0437888558520292,0.04198360534672476,86.172534,608,670,0.9074626865671642,1542,1604,0.9613466334164589,3108,3218,0.9658172778123058,19521,20453,0.9544321126485112
1391,3809.8550056129147,41.90827006854718,0.7405281285878301,0.2563145809414466,0.000574052812858783,0,11.304179391551079,0.8722255182688833,0.8092678885425237,3484,17,20.196839200539763,2.2228850250388246,1.7275193798449613,5.0,7.561,0.0,0.20709877123272852,0.9630440272750231,1.0352017558669593,0.035325645606626606,40.445082,4894,5169,0.946798220158638,2695,2745,0.9817850637522769,2072,2136,0.9700374531835206,1779,1829,0.9726626571897211
1392,3260.5633201542614,118.6485919374825,0.536343049163562,0.46022353714661407,0.0,0,13.468431351593226,0.8693247770174318,0.5630715475536437,13689,32,21.87117562733965,2.851943420651536,1.552982838463634,4.0,44.498,0.00014608136732159813,0.4252189561067655,0.9391124416659329,1.0614793891782153,0.0580966203607713,116.617376,1492,1636,0.9119804400977995,1770,1840,0.9619565217391305,1794,1901,0.9437138348237769,16275,17337,0.9387437272884582
1393,5995.277201728302,53.64186423339639,0.847200821777093,0.14997431946584489,0.0005136106831022085,0,18.90031195877572,0.8543072698528055,0.9104089642868605,3894,25,20.71519883182669,2.760938845788069,1.8451045771445893,5.0,6.233,0.0,0.1530971790800631,0.9046019995420896,1.0990811638591118,0.09107935627081021,51.94767,3801,4124,0.9216779825412221,2525,2681,0.9418127564341664,2148,2366,0.907861369399831,3379,3932,0.8593591047812817
1394,5055.5336565527095,103.13992793510866,0.58930911814267,0.40788241902265493,0.0,0,12.033343938249656,0.855194044957194,0.6438853637249632,10682,27,25.219556047123433,3.437262252156803,2.1601270849880856,6.0,34.842,9.360666479453337e-05,0.39814410710215553,0.9159686061429326,1.084198166805545,0.07764591236557268,99.833586,348,374,0.93048128342246,1144,1183,0.967032967032967,2184,2279,0.9583150504607284,20599,22666,0.9088061413570987
1395,5413.844415055538,70.94918833288182,0.6804188154399124,0.31614314736677607,0.0001562744178777934,0,10.619031034978324,0.8605321700119891,0.7357808228557504,6399,22,20.004150499330986,2.926991741334668,1.7406982085438678,5.0,16.008,0.0,0.2921729930275526,0.9473985431841832,1.0525108202534286,0.05039525691699605,68.978302,2165,2317,0.9343979283556323,2891,2976,0.9714381720430108,3588,3751,0.9565449213543055,9565,10176,0.9399567610062893
1396,5446.951982915396,79.21307421233325,0.6542701553991234,0.34360472838358347,0.00013281976358082084,0,14.423376043510581,0.8361300164073211,0.7112675773100091,7529,26,26.828653562369347,2.9463089880090747,1.8276492082825821,5.0,20.593,0.0,0.2892006494086116,0.9149232138882707,1.0893275342924056,0.08235894817462344,77.177688,2474,2662,0.9293764087152517,2601,2726,0.9541452677916361,2666,2877,0.9266597149808828,8702,9707,0.8964664674976821
1397,5561.553256191639,69.75699825745598,0.6957939354417998,0.30208672970329314,0.00016302575806977502,0,15.364409824854233,0.8574709803328707,0.7359642064065993,6134,20,23.83242558077036,2.795166482282693,1.6504217432052484,4.0,14.453,0.0,0.3069696660893072,0.9557260273972603,1.044601711652403,0.04289909796517726,68.38804,2587,2748,0.9414119359534207,2857,2944,0.9704483695652174,3483,3624,0.9610927152317881,8515,8934,0.9531005148869487
1398,4657.270979466402,79.800988645114,0.6188912741507766,0.37921454729132464,0.0,0,17.103205559326927,0.8652784798009717,0.6707270994327366,7919,16,21.0741941323107,2.944295449714888,1.8114670475413182,5.0,22.738,0.0002524933720489837,0.49717026579779,0.9659942075302107,1.0333783716158735,0.0323266489490215,77.41103,1967,2104,0.9348859315589354,3232,3306,0.9776164549304295,3883,3968,0.9785786290322581,10263,10648,0.9638429752066116
1399,4098.398104315852,67.11157202257166,0.6275851581508516,0.3693734793187348,0.0,0,10.591745151309684,0.8662352196356498,0.6579539671990797,6576,20,21.674854383392265,2.6476963427910993,1.8238429852192877,5.0,19.02,0.0,0.3293104032697738,0.9441783737760749,1.0552206156965267,0.05263157894736842,65.561612,2234,2400,0.9308333333333333,2998,3119,0.961205514588009,3509,3702,0.9478660183684495,9002,9571,0.9405495768467245
1400,3697.876228298379,39.557420840129076,0.7527047913446677,0.2454404945904173,0.0003091190108191654,0,16.54213278607604,0.8643669503875281,0.8052993422289484,3235,21,21.08196000232825,2.194228796499442,1.949075975359343,6.0,7.195,0.0,0.15360687521988,0.956752655538695,1.0432286389733199,0.04191906954204022,38.19063,4681,4960,0.94375,2824,2913,0.9694473051836594,2189,2258,0.9694419840566874,1655,1731,0.9560947429231658
1401,2019.3562614692148,75.19312494134914,0.5335872576177285,0.46225761772853186,0.0,0,9.069250698020223,0.8658957189399448,0.570827752414843,8664,19,21.700432722159064,2.7626630104024272,1.709495998269522,5.0,29.033,0.0001154068090017311,0.45744933935040966,0.9726988382484361,1.0272881810861592,0.02661795407098121,73.108982,1529,1640,0.9323170731707318,2283,2376,0.9608585858585859,3854,3977,0.9690721649484536,14103,14387,0.9802599569055397
1402,6822.5395533830315,72.08605356841771,0.7567521657890267,0.2413793103448276,0.00033973161202649905,0,12.557126057901073,0.854078594286481,0.8274290880026871,5887,17,21.315561686284592,3.197109251787625,2.041750841750842,6.0,13.115,0.0,0.3445806461406827,0.943948920407467,1.0559816325533682,0.05421103581800581,69.993564,1660,1790,0.9273743016759777,3088,3169,0.9744398863994951,4109,4228,0.9718543046357616,10510,11330,0.9276257722859664
1403,4522.256998617077,132.430287824949,0.5524541531823085,0.4441747572815534,0.0,0,11.973077848031268,0.8635292386852661,0.5657711767291876,14832,31,20.466307667061407,3.0036145672274026,1.6608494020014646,4.0,47.411,0.0003369953494641774,0.4781322423022629,0.9369663872009846,1.0625337134931032,0.059057682564956214,130.454208,693,763,0.908256880733945,1218,1263,0.9643705463182898,1630,1711,0.9526592635885447,20822,22265,0.9351897597125534
1404,3402.7640361557733,100.92960974595556,0.5488260405549626,0.4476165065812878,0.0,0,8.792837888492338,0.8578351793466372,0.5994751546694647,11244,26,22.368331545325002,3.3415102750121704,2.0233349538162373,6.0,37.712,8.89284126278346e-05,0.428842225164242,0.937625358870492,1.0627117308752856,0.058956328645447816,98.251844,637,698,0.9126074498567335,1628,1679,0.9696247766527695,3042,3141,0.9684813753581661,18534,19909,0.9309357576975237
1405,4992.191090901815,70.77490311034046,0.6602043883378419,0.33694018635407275,0.00015028554253080853,0,8.919856525259057,0.8688177910604606,0.7022612510050449,6654,19,26.654699280420235,2.831762239240451,1.6437514227179604,4.0,17.002,0.00015026296018031557,0.3520880150171971,0.9467859790320873,1.0531480400997189,0.05109782444857559,69.168438,2392,2531,0.9450809956538917,2654,2769,0.9584687612856627,3400,3574,0.9513150531617236,9435,10012,0.9423691570115861
1406,2324.786133970572,58.00779922415629,0.5665496329396744,0.4302585381423556,0.0,0,14.249954754375665,0.8745571619261422,0.5977569970074146,6266,18,25.544370254306763,2.531344601395611,1.6276056338028169,4.0,19.611,0.0,0.3514298946234508,0.9279311581211904,1.0721390053924507,0.06743201069995541,56.47457,2977,3168,0.9397095959595959,2241,2385,0.939622641509434,3469,3796,0.9138566912539515,6841,7385,0.9263371699390657
1407,4568.7328499696205,51.34093221453138,0.732886216466235,0.2650323774283071,0.0,0,10.155657505484076,0.8588586771348418,0.7827741345884036,4324,21,21.009116622530613,2.6071105874448275,1.7765856737141055,6.0,9.413,0.0,0.20661229170611978,0.9321010115712103,1.0684951491720767,0.0644744008714597,49.917014,4055,4286,0.9461035930937938,2321,2427,0.9563246806757314,2637,2861,0.9217056973086334,3795,4167,0.9107271418286537
1408,3589.8988910231474,121.93272252168606,0.5366770253667702,0.45898677458986775,0.0,0,9.64534713930983,0.8729326793981714,0.6009133264456552,13837,31,21.60561206399231,3.8478294067569574,2.2936978184756263,7.0,49.639,0.000577825929938606,0.44597572067588576,0.9234826664815907,1.0760551608859172,0.07071912286359239,117.393128,59,64,0.921875,358,374,0.9572192513368984,1151,1195,0.9631799163179916,25044,27184,0.9212772218952325
1409,2884.08593628481,41.57137148073897,0.6565104166666667,0.33880208333333334,0.0020833333333333333,0,10.689712342284718,0.874213260643801,0.7108157694283689,3840,20,22.161378213307252,2.1174865987341986,1.489884966283221,3.0,9.641,0.0,0.19189959128841572,0.9349143610013175,1.0633348076072535,0.0643491124260355,39.969776,4841,5217,0.9279279279279279,2164,2273,0.9520457545094588,1773,1906,0.9302203567681008,1866,1989,0.9381598793363499
1410,6854.716183849075,69.23090972554284,0.7810084652189916,0.21641516378358483,0.0001840264998159735,0,9.178508695975712,0.873034830257448,0.8161468222484783,5434,29,21.105179012707552,2.979722953649319,1.6154571159283695,4.0,9.832,0.0,0.18795862072194655,0.947586363378524,1.0531636941951608,0.05087757079788952,67.78107,2803,2976,0.9418682795698925,2596,2691,0.9646971386101821,2991,3139,0.9528512265052564,8315,8823,0.9424232120593903
1411,7356.227120070368,87.8356958307579,0.7097490852064819,0.28815995818086776,0.0,0,6.766998717190367,0.8790009796272668,0.7591226886333591,7652,18,22.010030258688605,3.4746405553558892,2.010311176578899,6.0,18.937,0.0002613012803762738,0.42424544958666255,0.9643183549124144,1.0351860323269289,0.034061649378356505,85.794002,650,694,0.9365994236311239,1526,1554,0.9819819819819819,2931,3006,0.9750499001996008,20216,21006,0.9623916976102066
1412,8390.22044180051,105.39359102472217,0.6920459378987665,0.30508294342832837,0.00010633772862611655,0,9.095283452339224,0.8506391176672073,0.7345444896155755,9404,22,22.71979516190812,3.280578489951509,2.0497848801475107,5.0,24.71,0.00031891144892101626,0.42257736540724433,0.9330176963675877,1.0691880125937732,0.0650556946409782,103.398954,659,709,0.9294781382228491,1288,1313,0.9809596344249809,2561,2618,0.9782276546982429,19534,21128,0.9245550927678909
1413,6023.654840843049,67.5584077430804,0.7348124669836239,0.2630744849445325,0.00017608733932030288,0,13.613707778229532,0.8820564953732335,0.7765525755943621,5679,17,19.524879683059027,2.8045898324311302,1.4948478312964295,3.0,11.471,0.0,0.3341981085481729,0.9395119116792563,1.0611651050456847,0.057967048004816904,65.95221,3072,3202,0.9594003747657714,2133,2261,0.9433878814683768,2985,3218,0.9275947793660658,7979,8529,0.9355141282682612
1414,5693.165194187679,97.86552370402562,0.6171563107789948,0.37967038591462793,0.00010236462278636504,0,12.971775097032129,0.8666218662659172,0.6791402555385881,9769,21,20.528994532495688,3.269103409320682,2.0782882733454966,5.0,29.63,0.0005115612850419481,0.4643903731455722,0.9243880935387716,1.0750136732719089,0.07004255651427009,95.198856,887,963,0.9210799584631361,2057,2104,0.9776615969581749,3261,3377,0.9656499851939592,15813,17375,0.9101007194244605
1415,6805.451135758347,111.27972976843989,0.6274187659729829,0.36947791164658633,0.0,0,14.205655381012384,0.8718176802550993,0.6772688333213198,10956,30,22.188433829320694,3.447270417948424,1.8127727669479197,5.0,30.939,0.0,0.3638899245257759,0.9375855461264714,1.0619316400125431,0.05850515463917526,108.628274,577,629,0.9173290937996821,1555,1643,0.9464394400486914,2918,3066,0.9517286366601435,18925,20233,0.9353531359659961
1416,3829.4080201248216,121.05520238460467,0.5451026221605434,0.451464465707399,0.0,0,14.667392265581267,0.874748464416124,0.5899260583246503,13691,29,23.85523330601942,3.5976763105493137,1.8921345303497252,6.0,45.445,0.00021907404702789542,0.47453006554200605,0.9458507119229109,1.052942873629544,0.05029878777531159,117.750096,219,242,0.9049586776859504,936,994,0.9416498993963782,2304,2468,0.93354943273906,22847,24108,0.9476937116309938
1417,4550.31547689917,126.98249375164178,0.5545545545545546,0.44272844272844275,0.0,0,15.691732231757975,0.8695602273216106,0.5996987052604592,13986,29,23.364422881068144,3.2644330309172256,1.9218669417225374,6.0,45.939,0.0002144542140253056,0.47928942155156506,0.9322916666666666,1.0664697193500738,0.062420382165605096,123.785644,361,396,0.9116161616161617,1312,1400,0.9371428571428572,2688,2846,0.9444834855938159,20341,21854,0.9307678228241969
1418,4532.346651165385,95.99201568756173,0.5849355797819623,0.41199207135778,0.00019821605550049553,0,9.827107329518117,0.8691981731826052,0.6338274823910868,10090,22,23.66141358188973,3.310924960238485,1.9459505252456795,6.0,31.52,0.00029723570791637767,0.46004241094402176,0.9387427024282934,1.0595829617361023,0.05727047938103214,92.944092,900,986,0.9127789046653144,2218,2318,0.9568593615185504,3515,3696,0.9510281385281385,15557,16638,0.9350282485875706
1419,5567.332417053705,47.691018082216445,0.8770101250744491,0.12060750446694461,0.0,0,13.27711176640149,0.8519513040744772,0.9409635140488536,3358,16,24.131565889980095,2.741604705400734,1.8923599320882851,5.0,4.984,0.0,0.21559059016622106,0.9365123955333942,1.063537855333521,0.05963545106326773,46.551142,3580,3802,0.9416096791162546,3081,3215,0.9583203732503888,2914,3081,0.9457968192145407,3760,4141,0.9079932383482251
1420,3390.8572832851573,84.87348424489056,0.566950339329958,0.42960249919207155,0.0,0,5.9651277740592406,0.8562669135561441,0.5984843220689497,9283,19,21.84147814814135,2.9245962469842737,1.67110013300399,4.0,29.101,0.0006459252879750242,0.4922945973375892,0.9596991743644241,1.0383133912473366,0.036809574426203695,83.126126,1174,1235,0.9506072874493927,1608,1688,0.95260663507109,2670,2782,0.9597411933860532,18028,18761,0.9609295879750547
1421,4552.657126564818,48.64524355680921,0.7517552657973922,0.24523570712136408,0.00025075225677031093,0,12.566478188221772,0.8463649104051855,0.8281672752958269,3988,18,25.392483351260108,2.5067213986081622,1.8922615076717813,5.0,8.621,0.0,0.21835356978451176,0.9140430174563591,1.0883066093077827,0.08205164890192432,46.939416,4157,4484,0.9270740410347904,2668,2781,0.9593671341244157,2122,2331,0.9103389103389103,2782,3236,0.8597033374536465
1422,3848.5813207210986,66.10059010644534,0.6193130460982224,0.37677011147936124,0.00030129557095510696,0,13.936765848510023,0.8586682648960617,0.6437572910888981,6638,21,23.595443402874004,2.6058640679474068,1.6176112867915349,4.0,18.748,0.0,0.3137109137607176,0.923699421965318,1.0775078925326977,0.07315911661408417,64.734132,3237,3514,0.921172453044963,2657,2817,0.9432019879304224,2573,2728,0.9431818181818182,5915,6511,0.9084626017508831
1423,8111.970236909835,78.6010375130592,0.8016625103906899,0.19667497921862012,0.00016625103906899418,0,14.546016935255906,0.8470603113671412,0.8435913304718117,6015,25,23.018204173405913,3.194329094785761,1.8432185815014517,5.0,11.218,0.0,0.23692200974005012,0.9317637466238597,1.0703894645500485,0.06601618277010947,76.912118,1905,2090,0.9114832535885168,2847,2973,0.9576185671039354,3380,3549,0.9523809523809523,10152,11011,0.9219871038052856
1424,3413.7954497784012,92.71215380193406,0.5580234833659491,0.43904109589041096,0.0,0,15.488418304602922,0.8547457147228924,0.5985469393426532,10220,22,22.47980523528787,2.694029259849668,1.7450464667718744,4.0,32.973,9.783778495254867e-05,0.46304587195356506,0.922051392323406,1.076599190283401,0.07120031955262632,90.41525,2400,2629,0.9128946367440092,2471,2592,0.9533179012345679,2219,2333,0.9511358765537934,10062,11048,0.9107530774800869
1425,6292.755779006641,64.87992885890601,0.7704981585578601,0.22756348129482457,0.0,0,13.082433560217302,0.867343740251771,0.8263155673244461,5159,21,20.930018441224817,2.9374507548650586,1.7290566037735848,5.0,10.159,0.0,0.24430570882329156,0.9545829892650702,1.0454276937618148,0.04344391785150079,63.165144,2910,3116,0.9338896020539152,2966,3088,0.9604922279792746,3288,3425,0.96,7020,7325,0.9583617747440273
1426,6292.514591578824,77.20046229381488,0.7030973451327434,0.2960176991150443,0.0,0,10.289545280433307,0.859279328618724,0.7352251722232185,6780,29,25.273598374802077,2.9898687607299075,1.7340046150618837,5.0,16.126,0.0,0.23184707085576756,0.9354464825639992,1.0650373661886487,0.061261176025355975,75.788646,1893,2062,0.9180407371483996,2700,2831,0.9537265983751325,3389,3609,0.9390412856747021,10581,11342,0.9329042496914125
1427,5860.425405613611,111.77855164133467,0.6023203070481508,0.39497557571528263,8.722958827634333e-05,0,12.158727255554915,0.8788648067037945,0.6271011671029526,11464,25,20.42367292089557,3.009965385705065,1.5818971759594496,4.0,32.342,0.0003487966515521451,0.45912596290535335,0.9712103166454474,1.0282460323986515,0.027712334784171226,109.80094,1064,1141,0.9325153374233128,2091,2153,0.9712029725963771,3130,3222,0.9714463066418374,17363,17833,0.9736443671844334
1428,2672.2586965112964,52.66035237128614,0.5943448530770652,0.4028830160783589,0.00018480872297172427,0,12.702509022855946,0.8657507049956148,0.6560836018868254,5411,16,20.647382243799125,2.3749575777423164,2.046952736318408,6.0,16.907,0.0,0.3381131345514675,0.933432856076542,1.0660480349344978,0.062412520676930906,50.862454,3201,3509,0.9122257053291536,3442,3669,0.9381302807304442,2986,3160,0.9449367088607595,4127,4399,0.9381677654012276
1429,4742.2240453529175,71.2119617025509,0.646332391013242,0.35128701086147895,0.0,0,11.55316623720755,0.8564596462175481,0.6934908783719915,6721,20,20.60678793216676,2.834241120949778,1.7039594843462247,5.0,18.17,0.0,0.3342456874572701,0.9537724679797653,1.045393282656747,0.04344692679913518,69.451638,2523,2640,0.9556818181818182,2932,3015,0.9724709784411277,3579,3710,0.9646900269541779,8689,9217,0.9427145492025605
1430,3624.8802467494947,54.26707034850875,0.6470130375559447,0.3487059739248881,0.0007783615489394824,0,11.248278278827563,0.8636123568064843,0.696849825907458,5139,29,21.425792103962294,2.4480729102237793,1.5702255639097744,4.0,13.118,0.0,0.17682921514307562,0.94063995215311,1.0579231692677071,0.056433408577878104,52.461244,4382,4654,0.9415556510528578,2172,2238,0.9705093833780161,2307,2435,0.9474332648870637,3721,4049,0.9189923437885897
1431,3663.660522914467,55.24025366678776,0.6456059735784032,0.35133065288148574,0.0003829216925138809,0,9.89938201404559,0.8573143035539424,0.6935181210392152,5223,18,22.85698597240932,2.4140534675596426,1.5480427046263345,4.0,13.442,0.0,0.2849334491694428,0.9541392448908902,1.0435840400389267,0.04308916141862778,53.38786,4023,4265,0.9432590855803048,2376,2459,0.9662464416429443,2651,2765,0.9587703435804702,4723,4946,0.954913061059442
1432,7808.927162075843,106.63613105689302,0.6691683569979716,0.32829614604462476,0.0,0,8.341327875989133,0.875596267216191,0.7007539894233801,9860,20,23.78465149474568,3.2488826436904894,1.8658684449833283,5.0,26.17,0.00030416708912095713,0.4992094419820048,0.9673289183222958,1.0321998305272078,0.03143040410519564,104.67917,494,550,0.8981818181818182,1264,1293,0.9775715390564579,2386,2478,0.9628732849071832,22148,22859,0.9688962771774793
1433,5057.191689286285,69.54605845063074,0.667494566904688,0.3298665010866191,0.0001552312946289972,0,7.827241243017184,0.863431480217069,0.7289352631337512,6442,19,21.181171188665736,2.853977859413315,1.7511627906976743,6.0,16.57,0.0,0.3385632495627936,0.951982333607231,1.0476337448559672,0.04567731817290727,67.762408,2279,2428,0.9386326194398682,2507,2578,0.9724592707525214,3564,3726,0.9565217391304348,10187,10740,0.948510242085661
1434,2851.3298916350923,126.32526783689799,0.5217948717948718,0.4748987854251012,0.0,0,8.377627461994338,0.8533829216881644,0.569320341279607,14820,31,21.62464845930817,3.733004374583324,2.3437217121427647,6.0,54.513,0.0003372681281618887,0.4787212510890003,0.9427602577144795,1.0561652679147837,0.05310814282044696,122.461926,73,79,0.9240506329113924,288,301,0.9568106312292359,824,851,0.9682726204465335,26617,28259,0.9418946176439364
1435,5898.518264451285,113.56033405344489,0.598469212246302,0.39860681114551083,8.599931200550395e-05,0,13.939983842352039,0.8603701412743842,0.6436472648398525,11628,28,21.08991621830839,3.3368450364787496,1.951429803132634,6.0,35.878,8.599191675982457e-05,0.41862333661881834,0.9191751205720938,1.080794591436441,0.07502980425335538,110.70342,722,799,0.9036295369211514,1953,2076,0.9407514450867052,3219,3455,0.9316931982633864,16214,17722,0.9149080239250649
1436,6878.834459134696,76.03335696819173,0.7398119122257053,0.2589341692789969,0.00015673981191222572,0,11.969588677570503,0.852542875336285,0.7746630460639935,6380,24,23.566013765171718,3.049911465181309,1.736864406779661,5.0,13.817,0.0,0.2612911015442228,0.9458051068264721,1.0536972290351199,0.051221200435083554,74.559838,2261,2426,0.9319868095630668,2697,2800,0.9632142857142857,3477,3631,0.9575874414761774,9715,10333,0.9401916190844866
1437,3582.6152553602824,81.92176665422001,0.5761142857142857,0.42114285714285715,0.0,0,9.478208169427061,0.8548215035287686,0.624689892305099,8750,27,20.491266671800936,2.991990360268928,1.8581630628843484,5.0,27.261,0.0,0.32435400492996835,0.9315397309596439,1.0678195488721804,0.0635478130561019,79.688858,1908,2056,0.9280155642023347,2810,2894,0.9709744298548721,3238,3386,0.9562906083874778,10672,11661,0.9151873767258383
1438,4203.2748875812695,48.04739360776247,0.7250429237184204,0.27127790041697325,0.0004905567819475104,0,16.474995448673784,0.8549385673328168,0.7927830035160044,4077,23,25.84479759065271,2.371176965937182,1.7493234100135318,5.0,9.069,0.0,0.1768665243809296,0.9378656126482213,1.0620492907520405,0.059409621533199494,46.465854,4438,4738,0.9366821443647109,2417,2536,0.9530757097791798,2260,2403,0.9404910528506034,2749,2973,0.9246552304069963
1439,5524.302965864799,58.89909646729911,0.7531068765534383,0.2427506213753107,0.00041425020712510354,0,13.292573317817041,0.8568382389260603,0.7979922397324194,4828,31,23.27322735048447,2.612158707561898,1.7334983498349834,4.0,9.987,0.0,0.15287970286339453,0.9291528697571744,1.0716163852753944,0.06730150559773516,57.307584,3557,3868,0.9195966907962771,2857,2998,0.9529686457638425,2505,2650,0.9452830188679245,4550,4980,0.9136546184738956
1440,5616.744341002936,59.70132750581147,0.7574812967581047,0.24106400665004157,0.0,0,12.682495344718859,0.8516663522318921,0.8078817716478075,4812,19,24.087058279520722,2.672989553239533,1.727846364883402,4.0,9.817,0.0,0.2543537103572022,0.9173524898870136,1.084241408214585,0.07758620689655173,57.79954,3814,4055,0.9405672009864365,2495,2602,0.9588777863182167,2351,2556,0.9197965571205008,4493,5125,0.8766829268292683
1441,3925.395875289856,50.50177020447258,0.6871508379888268,0.3101675977653631,0.0011173184357541898,0,15.34319414936455,0.8495587730065162,0.7422735203715081,4475,30,23.447699437354903,2.355233274107556,1.7278048780487805,5.0,11.056,0.0,0.15140245462525959,0.9243491334968743,1.0760549948343003,0.07278597109105583,49.031004,4422,4708,0.9392523364485982,2385,2510,0.950199203187251,1987,2172,0.9148250460405156,2887,3247,0.8891284262396058
1442,4273.265163567066,73.93128600000382,0.6180829367777022,0.37933378653976885,0.0004078857919782461,0,10.518855850625165,0.8505120136010131,0.6509946951402539,7355,25,22.65040028502621,2.9097317824782323,1.6878574571051475,4.0,20.709,0.0,0.29272729801300756,0.9378844792857531,1.061985049380695,0.059398842746684416,72.09972,2578,2751,0.9371137768084333,2506,2596,0.9653312788906009,2988,3129,0.9549376797698945,9156,9893,0.9255028808248257
1443,3838.4878752642817,85.91986532171555,0.5771929824561404,0.41875,0.0003289473684210526,0,13.261685068434888,0.8598659415165699,0.6284831037771519,9120,19,23.206423859466305,2.768106770355877,1.8463145896656534,5.0,28.571,0.000985869208018403,0.4812857290314182,0.921954697526463,1.0750909692358583,0.07064580253835567,83.604494,2609,2781,0.9381517439769866,2732,2809,0.9725881096475614,1987,2089,0.9511728099569172,9482,10554,0.8984271366306613
1444,4746.013511772455,88.13536654262946,0.6058271935699933,0.3920517972761777,0.00011163206072784104,0,9.496727443061415,0.8415266941237491,0.6401610854337616,8958,30,23.25521657276616,2.9361466419662876,1.8002579694121983,4.0,26.821,0.0,0.29600104391641874,0.9133502952330661,1.0860235746932885,0.07933351012109963,86.070046,1714,1825,0.9391780821917808,2372,2462,0.9634443541835905,2768,2911,0.9508759876331158,12172,13633,0.8928335656128512
1445,3976.168946585742,60.37123051822878,0.643982683982684,0.3537662337662338,0.0,0,11.935424460451502,0.8560117317749815,0.6968359239171944,5775,25,22.21038710537747,2.623956713101589,1.7824684054853455,5.0,15.823,0.0,0.22841548124710231,0.9304415282177257,1.0703833203833204,0.06593804721937081,58.40488,3363,3604,0.9331298557158713,2754,2888,0.953601108033241,2708,2858,0.947515745276417,5568,6119,0.909952606635071
1446,7820.610109359458,80.3226837856326,0.7728194726166329,0.22608831330940865,0.00015603058199407084,0,13.174914504857977,0.8553152607460429,0.8127061167792078,6409,27,23.976186020071133,3.1428483053713716,1.7246113466585908,4.0,12.48,0.0,0.23572478534975583,0.9124563969843592,1.0892222660876432,0.08263225806451613,78.824134,2502,2737,0.9141395688710267,2583,2714,0.951731761238025,2596,2739,0.9477911646586346,8537,9584,0.8907554257095158
1447,5891.132583364825,76.33901416792935,0.6824196597353497,0.31321797295332265,0.00014541224371092046,0,12.581641294731124,0.8579462774874067,0.7433641209370844,6877,31,22.05137931939914,3.187109236679941,1.8655444278712976,5.0,17.474,0.0,0.22264073254581368,0.9300421731580253,1.0702452614297797,0.06586021505376344,74.168978,1735,1899,0.913638757240653,2825,2956,0.9556833558863329,3353,3550,0.9445070422535211,10832,11750,0.9218723404255319
1448,4008.99924118207,91.98426306675712,0.5756281151459668,0.42152375139863696,0.00010171905197843556,0,7.926251077086666,0.8579520459880121,0.613884575058448,9831,27,21.33303502409666,2.969385117622863,1.938151616893444,5.0,31.665,0.00020339672531272246,0.363646766826351,0.9212384111593094,1.0788049269061928,0.07312073790847097,90.01714,1088,1162,0.9363166953528399,1805,1874,0.9631803628601922,2716,2843,0.9553288779458319,16053,17635,0.910292032889141
1449,2883.824443550302,102.05468126362814,0.5373998977679332,0.45868120633838816,0.0,0,13.028388687157795,0.8523302580833072,0.5821358748048525,11738,30,23.056405048084486,3.2405733638117677,1.8232403297400126,5.0,39.598,0.00017035775127768313,0.3919888557857842,0.9271272114574558,1.073598919648886,0.06858129315756434,99.70615,969,1044,0.9281609195402298,1954,2043,0.956436612824278,2790,2962,0.9419311276164753,16297,17691,0.9212028715165903
1450,7865.652364633631,76.18998196058592,0.7996957403651116,0.1984448951994591,0.0,0,11.32138916259553,0.8499648113366719,0.8467354608644581,5916,28,24.844860842934203,3.2217866623616946,1.812301838934686,5.0,10.871,0.0,0.21078873743087784,0.9384659690889892,1.0614296709640176,0.05788188477887311,74.360374,1627,1782,0.9130190796857464,2666,2802,0.9514632405424697,3484,3674,0.9482852476864453,11775,12576,0.9363072519083969
1451,4749.081720482563,47.94014604788673,0.7798017680150013,0.21725154031609964,0.0002678810608090008,0,14.750290554933603,0.839760063304019,0.8448438146262679,3733,17,20.24488143996653,2.4927428499660724,1.9491583648230848,5.0,7.406,0.0,0.21964572850184017,0.9350620891161432,1.065459610027855,0.06271395316993017,46.383112,3707,4012,0.9239780658025922,3229,3396,0.9508244994110718,2728,2884,0.9459084604715673,3137,3398,0.9231901118304885
1452,6410.807570794969,90.43836299614294,0.660464565062811,0.3362171130599668,0.0,0,10.928552388163242,0.8469044088701033,0.7005206415305222,8438,28,22.447268225479895,3.1621106149083995,1.9232011483940428,5.0,22.65,0.0,0.3040792675095123,0.9313897964312642,1.068519607019901,0.06449843260188087,88.49941,921,991,0.929364278506559,1902,1995,0.9533834586466166,3368,3545,0.9500705218617772,16045,17343,0.9251571239116646
1453,6518.103731963072,85.54406858941707,0.6786452947259566,0.3183815925542916,0.0,0,11.956583351155238,0.8637126655398158,0.7417473513740018,7736,25,22.67103299285244,3.3883462582812327,2.0695238095238095,6.0,20.84,0.0,0.3073909564287035,0.9428750260796995,1.0578909942694608,0.05489608392159956,82.87076,852,923,0.9230769230769231,2183,2278,0.9582967515364355,3786,3940,0.9609137055837563,15775,16824,0.9376485972420352
1454,5637.21835455497,76.28316451629551,0.6724285714285714,0.3251428571428571,0.00014285714285714287,0,10.81159114952582,0.8660569641473392,0.7084424599770929,7000,19,23.566507940421204,2.8768258166824654,1.6490333545782876,4.0,17.373,0.0,0.36994087878683996,0.957151889499538,1.0417620973636763,0.040371511248016426,74.857586,1854,2000,0.927,2650,2764,0.9587554269175108,3750,3888,0.9645061728395061,11426,11909,0.9594424384918969
1455,3801.8005232576907,43.83589713705793,0.7252240021721422,0.27151778441487917,0.0013575889220743959,0,13.957031079801475,0.8587509285912173,0.766080263761053,3683,17,23.83579031722617,2.3690104738628395,1.5009359790340697,3.0,7.705,0.0,0.21396811170238783,0.9358137339730984,1.0621392995493715,0.06232482667060038,42.436348,4117,4453,0.9245452503929935,2542,2686,0.9463886820551005,2660,2842,0.9359605911330049,2578,2732,0.9436310395314788
1456,3783.862585203497,54.13533654209629,0.6571654790182107,0.33749010292953285,0.000791765637371338,0,9.620019690958731,0.8422270764419881,0.696164632413437,5052,32,23.90953012444205,2.7189278683096267,1.6322289156626506,4.0,13.347,0.0,0.15516217815297162,0.9139690871974336,1.086460390607856,0.08211202569765108,52.806964,3939,4246,0.9276966556759303,2229,2364,0.9428934010152284,2169,2351,0.9225861335601871,4199,4755,0.8830704521556256
1457,5158.428802224161,92.4178364340848,0.6090752317309766,0.3881224401810735,0.0,0,7.597585604477926,0.8610335587584438,0.664067146895917,9278,26,23.020126278605094,3.549427424574288,2.2484516014864626,6.0,29.423,0.0,0.35858726888308967,0.9049785867237687,1.0942838496679335,0.08620147454488276,89.144558,320,354,0.903954802259887,1116,1213,0.920032976092333,2394,2603,0.9197080291970803,19837,21982,0.902420161950687
1458,3598.4088835532725,81.36900490989314,0.5781609195402299,0.4193103448275862,0.0,0,7.137884387387141,0.8553017209220187,0.6102486502614327,8700,26,22.18690064413656,2.9045613284744203,1.799403578528827,4.0,27.165,0.0,0.33454101487463445,0.9429278243131809,1.057181371483237,0.05437905277846179,79.737154,1296,1391,0.9317038102084831,2052,2110,0.9725118483412323,3169,3272,0.968520782396088,15209,16268,0.9349028768133759
1459,4029.9182965041878,120.16430380981224,0.5481006045227256,0.44824240614971267,0.0,0,11.625492476159653,0.8703490694868453,0.6011297153223497,13399,27,22.879893073430132,3.582670294391273,2.144335511982571,6.0,46.436,0.0008947878607113563,0.4992989725464866,0.9596112966899484,1.0388556355889216,0.03735342839510183,116.57363,108,114,0.9473684210526315,399,411,0.9708029197080292,1202,1243,0.9670152855993563,26731,27869,0.9591660985324195
1460,7308.257530427129,76.40481779830236,0.762816353017521,0.2345879299156392,0.00016223231667748214,0,12.695282818477809,0.8628141213786948,0.8102207107929296,6164,18,21.727471415781277,3.223014124222471,1.778179498085921,5.0,12.486,0.0,0.3466115439851498,0.9398673766703507,1.0610026172740084,0.05770414201183432,74.588728,1956,2099,0.9318723201524536,2722,2836,0.9598025387870239,3427,3566,0.9610207515423443,10604,11405,0.9297676457693994
1461,6776.54530546827,90.85527986709963,0.6739811912225705,0.32348685796961657,0.0,0,8.28172968564573,0.8656015007462179,0.7294409362263158,8294,28,26.286433116093214,3.5200246887908686,1.9851520572450805,6.0,21.687,0.0,0.2950056598138312,0.9383861921876852,1.0614337172940664,0.05793272808453639,88.167478,629,686,0.9169096209912536,1709,1790,0.9547486033519553,3000,3156,0.9505703422053232,18421,19687,0.9356936049169503
1462,4343.43782943956,46.07427648441452,0.7575920451491535,0.2375705455522709,0.002149959688255845,0,13.90557000959073,0.8586596601067196,0.8057715833853064,3721,22,27.888026641885652,2.4076109497527165,1.6183043632493792,4.0,7.305,0.0,0.16956446650682294,0.92722751761293,1.0722851432378415,0.0710655990144749,44.554468,4539,4834,0.9389739346297062,2215,2364,0.9369712351945855,2018,2209,0.9135355364418288,2415,2658,0.9085778781038375
1463,6703.197404422144,84.53579720939679,0.6927854122621564,0.3049682875264271,0.0,0,12.19838745990585,0.8624458351747066,0.7274459061634466,7568,27,19.10126241532243,3.065362459493156,1.7476635514018692,5.0,18.427,0.0,0.2809695257658601,0.9378851609116697,1.0618814306712396,0.05835213927140423,82.779974,1912,2035,0.9395577395577396,2570,2653,0.9687146626460611,3340,3439,0.9712125617912184,11354,12319,0.921665719620099
1464,7971.955804933625,95.5369404377993,0.706308919506889,0.2913947304810249,0.0,0,13.036794998649345,0.8608944184832701,0.7941378592289201,8274,18,23.151283956945125,3.6096600431230774,2.2609514031485283,7.0,21.408,0.00012084592145015106,0.4626252142889862,0.9418962568877066,1.0563670340566722,0.053587484265419885,92.092504,399,447,0.8926174496644296,1407,1480,0.9506756756756757,3349,3504,0.9557648401826484,19631,20884,0.9400019153418885
1465,5376.2175655175315,60.30201695133119,0.7328753680078508,0.26418056918547594,0.00019627085377821394,0,15.791891544951726,0.8592461337133881,0.7920365333612817,5095,31,25.533851684607598,2.71426337089544,1.7225495447241563,5.0,10.956,0.0,0.16631142390640302,0.9316840220202958,1.0672302469546695,0.06423783515392255,58.509852,3363,3665,0.9175989085948159,2942,3052,0.9639580602883355,2720,2853,0.9533824044865055,5022,5507,0.9119302705647357
1466,6097.763015298769,61.381827779408695,0.7823443069825959,0.21597819249318514,0.0,0,10.987526601553228,0.8730496318053185,0.8428629267156248,4769,19,25.585022442177014,2.9681266444126693,1.801125703564728,5.0,9.358,0.0,0.2497935516119813,0.9495859854672449,1.0511257829693583,0.04875957777420565,59.691454,2591,2784,0.9306752873563219,3010,3095,0.9725363489499192,3446,3581,0.9623010332309411,7811,8293,0.9418786928735078
1467,6381.261481662132,86.84147274882194,0.670600050213407,0.32651267888526236,0.0,0,11.770747811120568,0.850279760220389,0.7140244699625935,7966,26,23.9165888425391,3.1402671101524904,1.8230999625608386,5.0,20.993,0.0,0.3086574660865928,0.9468854400135324,1.053707465718639,0.050969217803106315,85.115342,1074,1137,0.9445910290237467,2177,2245,0.9697104677060133,3235,3382,0.956534594914252,15905,16883,0.9420719066516614
1468,8170.085417302838,99.21582185109702,0.7050616856912256,0.2929782082324455,0.00011530035743110804,0,13.254816496282668,0.8599200919266943,0.7393171291484458,8673,23,20.911803285256507,3.3000145975030564,1.7838103025347507,5.0,20.492,0.00011528706479133042,0.38376542880462583,0.9469679232029969,1.052674800563116,0.050114908443917264,97.503196,725,772,0.939119170984456,1461,1523,0.9592908732764281,2673,2823,0.946865037194474,19408,20508,0.9463623951628632
1469,4321.672451926479,65.09380830320008,0.6458535011293965,0.35075830913197803,0.00016134236850596966,0,12.69999844916947,0.8521492864352338,0.684671283060786,6198,24,23.49412477407352,2.7968632687373147,1.614039470397202,4.0,16.447,0.0,0.2634360763524908,0.9318100890207716,1.0690311830516543,0.06529095246019859,63.610496,2976,3164,0.9405815423514539,2699,2803,0.9628968961826614,2953,3099,0.9528880283962569,7073,7784,0.9086587872559095
1470,4887.081169329286,56.16864817757274,0.727311101730688,0.2688898269311946,0.002743773744195863,0,10.758174275698437,0.8501304590039246,0.7484946179655357,4738,28,24.940852740250655,2.644636265323487,1.481717933836332,3.0,9.991,0.0,0.17113927936317674,0.9168700746216613,1.084367767725647,0.08341856302735873,54.859024,3564,3925,0.9080254777070064,2090,2223,0.9401709401709402,2525,2731,0.9245697546686196,4968,5460,0.9098901098901099
1471,5196.019777957197,44.50849713880377,0.8798200514138818,0.1179305912596401,0.0006426735218508997,0,13.46431878292469,0.8486072418763819,0.9459000744440739,3112,17,20.84585042112627,2.5605545907931266,1.714390065741417,5.0,3.913,0.0,0.18969845998616341,0.9285014691478942,1.0719901719901719,0.06871389480085133,43.040088,4128,4484,0.9206066012488849,2464,2604,0.946236559139785,2253,2406,0.9364089775561097,2531,2758,0.9176939811457578
1472,5937.230993787918,93.08649374737203,0.634192192856353,0.36149507906668144,0.0003317483136127391,0,7.381250919415948,0.8405191754641033,0.6650857994862738,9043,26,23.69027788461483,3.2790239246087354,2.1168265039232783,5.0,26.8,0.00011057054400707652,0.34919383924467495,0.9144851657940664,1.0865692096847877,0.0800642189026944,90.97041,448,478,0.9372384937238494,940,997,0.9428284854563691,1936,2082,0.9298751200768491,20780,22801,0.9113635366869874
1473,4652.951164968806,88.48806531563315,0.6,0.3971223021582734,0.00011068068622025456,0,18.284215314583157,0.8443676646179479,0.661461735292337,9035,26,22.93712477049328,3.2593628969788737,2.1693414499169896,6.0,28.775,0.0,0.34195163483448604,0.9081369271780985,1.0925682271550443,0.08494985867503001,85.8226,800,857,0.9334889148191365,1974,2082,0.9481268011527377,3500,3711,0.9431420102398276,15188,16983,0.894306070776659
1474,4753.550463162936,115.79028617654576,0.5668923275306254,0.43052869116698905,0.0,0,13.475880182355258,0.846316288415829,0.6403606553641257,12408,28,20.757997191066003,3.8419128136893614,2.235427921524026,7.0,41.548,0.00024172105390379503,0.43995633214777796,0.938593766179973,1.0608325547596802,0.05742451847995835,111.132324,82,90,0.9111111111111111,439,458,0.9585152838427947,1395,1452,0.9607438016528925,25276,26971,0.9371547217381632
1475,4092.0468116811044,81.92284721892514,0.5922995157670958,0.40510216133223104,0.0,0,7.3830008905303,0.832469576926953,0.6424023371967924,8467,22,25.666728487999208,3.3003677770917714,2.1246261216350946,5.0,27.318,0.0,0.3832432094593954,0.9361358124494745,1.0622417853971196,0.059008911106281245,79.413416,558,619,0.901453957996769,1296,1364,0.9501466275659824,2653,2793,0.949874686716792,19811,21201,0.934437054855903
1476,3112.4127209677436,115.05696909512402,0.5298877776929537,0.46652416214978243,0.0,0,9.596046217606599,0.8484922669393756,0.600456658657999,13099,31,24.940763016845814,3.7362120622178905,2.3366950007203573,7.0,47.392,0.0,0.42379227042646184,0.914466810615031,1.0832136728189683,0.07686867063173124,110.518226,49,53,0.9245283018867925,303,339,0.8938053097345132,964,1044,0.9233716475095786,24942,27278,0.9143632231101987
1477,5369.874543089825,53.718656590854124,0.7834953758596158,0.21437040550154138,0.00023713540431586437,0,12.043448047390033,0.8586425260932645,0.852826558905429,4217,26,23.607864654948294,2.7785976463924866,2.010593220338983,6.0,8.641,0.0,0.15894404325738803,0.9076009014546199,1.0952120008219741,0.08766355140186916,51.88784,3421,3660,0.9346994535519125,3010,3175,0.9480314960629921,2582,2816,0.9169034090909091,4277,4992,0.8567708333333334
1478,5144.041865757237,66.34333720184978,0.6839352008099899,0.3133648329395883,0.0,0,5.999707262566427,0.8556818108031343,0.7455168652080855,5926,16,20.603485539082143,3.1010185352423285,2.151492721440908,6.0,16.212,0.0,0.36893135071981553,0.9186976480053003,1.0817383044407505,0.0760788771807092,64.119526,1424,1560,0.9128205128205128,2487,2630,0.9456273764258555,3606,3850,0.9366233766233766,11896,13091,0.9087159116950577
1479,4916.32572345591,51.50753699666211,0.7612083433229442,0.23615439942459843,0.0002397506593143131,0,4.897747740906667,0.8606388677245149,0.7989376815307466,4171,17,22.832900378099602,2.8086492369380687,1.8976377952755905,5.0,8.951,0.0,0.2484425488674043,0.9510443864229765,1.0499428135722455,0.04849645463485327,50.075276,2413,2586,0.9331013147718484,2879,2964,0.9713225371120108,4084,4269,0.9566643241977044,8108,8565,0.9466433158201984
1480,3403.068609916444,125.11547317719001,0.5303813381757229,0.46493923732364856,0.0,0,9.407606197470939,0.8489270786691744,0.5889561465826486,14318,30,18.557862909911528,3.8573678213972076,2.3048459309981566,6.0,51.687,0.0002094825780322603,0.47839219816861367,0.8991623369738098,1.0984649278658234,0.08952534191472244,120.647372,55,59,0.9322033898305084,337,359,0.9387186629526463,996,1049,0.9494756911344138,24052,26826,0.8965928576753895
1481,2043.7840490897308,70.75865667934451,0.5361159710072482,0.46025993501624596,0.00012496875781054737,0,11.292052800002983,0.8617851410262727,0.5910394830446,8002,16,22.391258190723217,2.582897829525268,1.9662004662004662,6.0,27.082,0.0006244536030972898,0.49753059639486297,0.9284889792777442,1.0722725265017667,0.06826795042507426,68.12442,2620,2779,0.9427851745232098,2273,2367,0.9602872834811998,2926,3147,0.9297743883063235,9073,9900,0.9164646464646464
1482,3073.5558906827146,119.97528312822485,0.5271396478005652,0.46880208710776144,0.0,0,8.687781510656352,0.8706321589577876,0.5891897312511416,13799,29,22.647627235890155,3.8743113227661317,2.346439373109706,7.0,49.873,0.00036221385105766446,0.47918367908056314,0.9248350288699477,1.0754944941143982,0.07032622935105601,115.491974,43,45,0.9555555555555556,246,256,0.9609375,751,811,0.9260172626387176,25869,27984,0.9244210977701544
1483,4320.797377972531,36.739249469757965,0.8878243512974052,0.10658682634730539,0.0015968063872255488,0,12.686630224111576,0.8657225611924118,0.9221517153250892,2505,16,21.32073170540789,2.3655417642412777,1.66681654676259,5.0,3.173,0.0,0.15345338544703513,0.9356573169638857,1.0629332853155669,0.061559162391724834,35.772892,4171,4512,0.9244237588652482,2441,2536,0.9625394321766562,2063,2201,0.9373012267151295,1766,1910,0.9246073298429319
1484,5395.591804292658,128.88363333365103,0.5705472492379156,0.4261140949339527,7.257947452460444e-05,0,14.932232875596753,0.8684448417877016,0.6106301744932903,13778,29,20.045504424785413,3.312623605066227,1.8683373616588221,5.0,44.171,0.000725268349289237,0.4722604277774317,0.9137675795706883,1.0873065015479877,0.08098711310985979,125.920808,649,729,0.8902606310013718,1880,2009,0.9357889497262319,2691,2909,0.9250601581299416,17001,18671,0.9105564779604735
1485,5852.586318183571,97.43535714573765,0.621156852527358,0.37561229807191243,0.0,0,10.077263753621537,0.853285847161571,0.6934211381978967,9595,24,22.401592663361278,3.738802596788356,2.276510067114094,7.0,29.855,0.00010421008753647353,0.39689383233245235,0.9340523659076878,1.0642419378374435,0.06039512744395537,93.795686,212,237,0.8945147679324894,979,1040,0.9413461538461538,2387,2517,0.9483512117600318,22143,23743,0.9326117171376826
1486,6927.855030235747,91.02355742986502,0.67784097785308,0.31937552946871595,0.00012102142079148009,0,10.178438281907207,0.8716058021164498,0.7227794180082734,8263,18,22.620479243158783,3.289303969021901,2.1042670951615783,6.0,22.385,0.00036293249455601257,0.4588341045811756,0.930171277997365,1.0675547098001903,0.06401017380245867,88.756656,803,881,0.9114642451759364,1860,1947,0.9553158705701078,3294,3465,0.9506493506493506,16635,17995,0.9244234509585996
1487,7636.384812512138,83.25303426415134,0.7440277978862024,0.2540900535688432,0.0,0,14.004100486479949,0.8585701664168455,0.8136930602038001,6907,21,22.50571067286527,3.2596039838532085,1.891807744697412,6.0,15.622,0.0,0.33014013497053574,0.9275949125899109,1.0730728818416277,0.06805469235550031,81.10275,1441,1594,0.9040150564617315,2647,2812,0.9413229018492176,3547,3789,0.9361309052520453,11838,12798,0.9249882794186591
1488,7487.75260448333,99.66408629289253,0.6760021965952773,0.32092257001647445,0.00010982976386600769,0,13.176164974227781,0.8516069098763444,0.7181718343876607,9105,23,23.101929925712618,3.2726549296000518,1.770268074735987,5.0,23.079,0.0,0.3957014953835708,0.9414893617021277,1.0580954365492812,0.05527638190954774,97.73557,947,1022,0.9266144814090019,2017,2104,0.9586501901140685,3104,3221,0.9636758770568147,16588,17717,0.9362758932099113
1489,7449.47140384014,68.4870029390916,0.8343643983236879,0.1640391139493115,0.00019956096587507485,0,14.753349240527665,0.8448379138709952,0.8769748987446543,5011,27,24.624620238526674,3.0483675984663403,1.703898588854341,4.0,7.79,0.0,0.18683804447005262,0.9192572133748604,1.0822829544115915,0.07636778115501519,66.805924,2637,2881,0.9153071850052066,2908,3047,0.9543813587134887,3130,3361,0.9312704552216602,6968,7728,0.901656314699793
1490,8056.316966887827,77.1941031694701,0.8073472151684442,0.19011342475029624,0.0005078720162519045,0,14.089292063169614,0.8524533971229079,0.8249382715668848,5907,16,21.830306855196177,3.1140975662479096,1.649402390438247,4.0,10.112,0.0,0.37604994517323115,0.930523183734193,1.0705724374595913,0.0666944367305378,75.99438,1841,1996,0.9223446893787575,2355,2476,0.9511308562197092,3303,3548,0.9309470124013529,11265,12145,0.9275421984355702
1491,1672.9100903206536,66.85047604644491,0.5275744903293257,0.47046523784631467,0.0,0,15.691529623898997,0.8682941087604584,0.5921743009206057,7652,17,24.02739280596893,2.8783811328461444,2.041367351994055,6.0,26.871,0.0005224660397074191,0.45130205690864744,0.9433124475800484,1.0585763717251606,0.05554261218023391,64.533522,1664,1789,0.9301285634432644,3048,3190,0.9554858934169279,4219,4438,0.9506534474988734,10189,10852,0.9389052709178032
1492,2805.2931558445225,54.50676300247151,0.5975653419262442,0.3986752595775152,0.00017901897601145723,0,14.970806003952202,0.86433211368714,0.6403372075284137,5586,17,24.47620805696125,2.479502143070999,1.689035350509287,4.0,16.909,0.0,0.3295747616471817,0.9286230835984958,1.0697944658290361,0.0673141777957642,52.795066,4128,4358,0.9472234970169803,2454,2550,0.9623529411764706,2148,2326,0.9234737747205503,4111,4594,0.8948628646060078
1493,6044.640016599027,77.68019846450831,0.6873211219232971,0.3106754436176302,0.0,0,12.616946386225312,0.8745569394120817,0.7391727159350249,6988,30,25.175972754810235,3.0002646598560294,1.733499895898397,5.0,17.017,0.0,0.23352779617767125,0.9441262237033952,1.0561903271247457,0.053663824964273396,75.836276,2117,2291,0.9240506329113924,3049,3165,0.963349131121643,3384,3517,0.9621836792721069,9581,10231,0.9364675984752223
1494,5876.264535407869,134.6867994340901,0.5740766453762843,0.4226603721188559,0.0,0,10.613967913126379,0.8475195694854512,0.6193710603960908,14404,29,24.148931027669448,3.624632242902885,2.199298585076793,6.0,48.086,0.0004857400596766359,0.4999928788344017,0.8863661535053716,1.1127100100137226,0.1011448481831757,130.759574,142,156,0.9102564102564102,679,715,0.9496503496503497,1553,1656,0.9378019323671497,21635,24560,0.8809039087947883
1495,7164.661816209969,84.40835043043604,0.7162797125483693,0.28123272526257603,0.00013819789939192924,0,13.476382263219769,0.8619438716267959,0.7518038291919428,7236,23,21.76596538613901,3.1011408146075294,1.6891761528072544,4.0,16.292,0.0,0.31388034751490207,0.9297689170820118,1.0708049457481705,0.06650061095967666,82.961444,1916,2064,0.9282945736434108,2709,2860,0.9472027972027972,3179,3345,0.9503736920777279,10664,11594,0.9197860962566845
1496,7323.171801382673,94.21375802007945,0.6840925182912438,0.3140193533160255,0.0,0,7.368602350057827,0.8540904612230389,0.7336889525950908,8474,17,23.877865614653736,3.4729628593221196,2.2894600655511472,6.0,23.959,0.00047180938900684123,0.498455114929398,0.9186065308761721,1.0798540737738143,0.07391743702982896,91.855054,718,762,0.9422572178477691,1673,1707,0.9800820152314001,3201,3314,0.9659022329511164,17138,18961,0.9038552818944149
1497,7493.828179050056,97.57123972276193,0.680882689229362,0.31637319917676654,0.0,0,11.750075551139991,0.8514912279321804,0.7303680913847097,8746,19,23.217224501170186,3.2175493150376098,1.9335012594458438,5.0,22.553,0.0003428963310092582,0.4641161282880395,0.9302743654496426,1.0698324022346368,0.06555475561955043,95.180794,1018,1116,0.9121863799283154,2068,2142,0.965452847805789,3416,3577,0.9549902152641878,15232,16528,0.9215876089060987
1498,5459.102168006195,53.206768673695514,0.7985276073619632,0.19901840490797545,0.000245398773006135,0,9.798950821150429,0.8642401748920041,0.8708180496094855,4075,17,24.47557568016814,2.8806910617094705,1.8254456054087278,5.0,7.639,0.0,0.2392392368398125,0.9403515451488038,1.0597252257982446,0.0572505384063173,51.372182,3168,3391,0.9342376879976408,3171,3278,0.9673581452104942,3117,3278,0.9508846857840146,5363,5812,0.9227460426703372
1499,3186.5882172322204,42.20740163455828,0.678932365897901,0.318217154703291,0.0005182689816014512,0,10.833772106827077,0.8538430885516947,0.7023740845512221,3859,25,22.336990167861885,2.4923120215476864,1.6354961832061068,4.0,9.396,0.0,0.15582977319360458,0.9433408767077361,1.0572268907563025,0.05579297245963913,41.156764,4212,4410,0.9551020408163265,2337,2443,0.956610724519034,2018,2155,0.9364269141531323,2688,2923,0.9196031474512487
1500,2781.1160654479854,127.13237855501848,0.5207227782629139,0.47585141398535635,0.0,0,13.043178228309264,0.8654381273670032,0.5682546295958244,14887,30,24.71938506118171,3.7367386681720833,2.0590815273477814,6.0,52.768,0.0005370929842228936,0.4952261369009502,0.9283623152622482,1.0697575650327376,0.06521810808137427,123.16777,121,128,0.9453125,539,585,0.9213675213675213,1724,1807,0.9540675152185943,23936,25831,0.9266385350934924
1501,4981.032835080017,114.29085174910564,0.5736123600098095,0.42221858906237225,0.0,0,12.221008432732303,0.8535856077977868,0.6105818883861975,12233,27,21.12219664511356,3.473469103542835,2.13994584580305,6.0,40.522,0.0002451781627983001,0.4530187903574867,0.9066466331896722,1.094484126984127,0.08650581521346529,111.309368,444,493,0.9006085192697769,1572,1624,0.9679802955665024,2983,3087,0.9663103336572725,17931,20087,0.8926668989893961
1502,5916.9261417761045,64.47731505890077,0.7451860160777716,0.252570573939054,0.0005608524957936063,0,13.016508488155267,0.8648186172823574,0.7915328988634639,5349,22,20.57667414770951,3.0139833065161734,1.8657802308078273,5.0,11.622,0.0,0.24145287910784885,0.9365796608367445,1.0649316089201128,0.061608300907911806,62.884772,2235,2359,0.9474353539635438,3068,3165,0.969352290679305,3551,3726,0.9530327428878154,8764,9561,0.9166405187741868
1503,7825.119613034909,95.4020919889712,0.7026155499820853,0.29439866236713247,0.0,0,10.815239044959405,0.8695614446328315,0.7311778385022641,8373,18,21.300707188279294,3.113727896018205,1.8006119326874044,4.0,20.193,0.00023880597014925374,0.4661858889104332,0.9239922516373028,1.0769124104460366,0.071474455055458,93.91335,1596,1654,0.9649334945586457,2378,2466,0.9643146796431468,2639,2763,0.9551212450235251,13421,14799,0.9068856003784039
1504,6087.826054803835,96.27364558789115,0.6345472123751209,0.3633043291438393,0.0001074229240519927,0,12.753174128585723,0.8594712727688186,0.6779804734667917,9309,28,27.199258341032447,3.4364091814188176,1.8349415947181311,5.0,26.021,0.0,0.3313225723770542,0.9510367996293007,1.0501374424096945,0.04800941072675808,93.73805,576,635,0.9070866141732283,1473,1546,0.9527813712807245,3171,3315,0.9565610859728507,19409,20401,0.9513749326013431
1505,4027.478429814263,112.18744705568432,0.55455795518887,0.44325810887325084,0.0,0,8.465183837453704,0.8837990552834064,0.6157344827312884,12363,26,19.406167823326655,3.751469348560588,2.118144690781797,6.0,42.16,0.0005658852061438966,0.46785377522625005,0.9490596155180789,1.050560233836732,0.04831412436841584,108.525822,136,153,0.8888888888888888,621,646,0.9613003095975232,1558,1624,0.9593596059113301,25035,26395,0.9484750899791627
1506,4393.250936233994,50.68317271323037,0.7252210330386226,0.2701256398324802,0.0025593299208934387,0,9.813442780353647,0.8753821789542561,0.7671986296701696,4298,18,22.28253324529617,2.600595294612063,1.4122553737568175,3.0,8.609,0.0,0.23985128243346523,0.9686313032089063,1.0308419187610736,0.03342195214584125,49.43704,3708,3867,0.9588828549262994,2584,2643,0.9776768823306848,3154,3245,0.9719568567026194,5345,5515,0.9691749773345422
1507,3025.949637613266,133.23826276860277,0.5233253973360787,0.4731999227848916,0.0,0,11.852093731916469,0.8929654246370773,0.5664686281346716,15541,31,23.09056449225046,3.903653330922508,1.8488872494774375,6.0,53.683,0.0002573174654229656,0.4996990443633884,0.97433346597692,1.0251436542996646,0.02451963511677557,129.60021,70,74,0.9459459459459459,380,394,0.9644670050761421,1277,1315,0.9711026615969581,27655,28373,0.9746942515772037
1508,2696.65877365154,30.829317460842827,0.7296669248644462,0.2652982184353215,0.0038729666924864447,0,9.431324327314671,0.8627869607684784,0.7630672484934089,2582,16,23.90180648009802,2.21936249677594,1.5589171974522293,3.0,5.54,0.0,0.16208936482421843,0.9114541945737314,1.089465265082267,0.08752848560182308,30.060472,3619,3939,0.9187611068799187,1970,2125,0.9270588235294117,1439,1607,0.895457373988799,1001,1138,0.8796133567662566
1509,3967.0760167414933,66.9794299190407,0.6214209968186638,0.37479169822754127,0.00045447659445538557,0,8.923348353138856,0.8684521179059478,0.6532954729363237,6601,16,22.32253242763518,2.6572151702244637,1.6043393466601659,4.0,18.24,0.0,0.41791480787440805,0.9441691443673604,1.0573132350505219,0.05583281347473487,65.30961,2553,2745,0.9300546448087431,2564,2690,0.9531598513011152,3096,3255,0.9511520737327189,8935,9472,0.9433065878378378
1510,3751.3953642206493,55.52953897867609,0.6512781381152232,0.34681419305608546,0.00019076688286913393,0,11.352549991507814,0.8668031119568662,0.6883226949794108,5242,23,24.271227393242896,2.6832128693698545,1.565319273579379,3.349999999999909,13.527,0.0,0.2294960891756015,0.936021973604877,1.0654274594014226,0.06202086213397009,54.166068,3685,3892,0.946813977389517,2579,2681,0.9619544945915703,2776,2914,0.9526424159231297,4932,5440,0.9066176470588235
1511,4764.057472991506,54.649609175652714,0.7249517270971895,0.27140098691267966,0.0008581849388543231,0,10.376914400579524,0.8616684882158641,0.7789286427431078,4661,30,21.312227804093986,2.705483159987049,1.7549570878958272,5.0,10.464,0.0,0.15798505729224127,0.9401572789463589,1.0598833108931205,0.05811152595447429,53.171694,3206,3439,0.932247746437918,3043,3157,0.9638897687678175,3121,3277,0.9523954836740921,5335,5768,0.9249306518723994
1512,6017.937771763717,66.75173673929119,0.7390441839495041,0.2586113615870153,0.0003606853020739405,0,8.429348009683238,0.8504595534063362,0.7816191158825097,5545,17,23.271586564796173,2.9439154959794482,1.6046852122986823,4.0,11.613,0.00018031013342949875,0.32662611043223344,0.9420145095152981,1.0585815976799366,0.05602699617884969,65.355368,2305,2499,0.9223689475790317,2403,2520,0.9535714285714286,3365,3537,0.9513712185467911,9846,10466,0.9407605579973247
1513,7049.084612170929,81.94115078030816,0.7221115537848606,0.2763232783153102,0.00042686397268070576,0,11.984299544365125,0.8755642815669988,0.7507672713431244,7028,28,21.211009636562213,3.163310537041162,1.5371428571428571,4.0,15.095,0.0,0.2486746842037732,0.9499831349684383,1.0496138996138995,0.0479838524702968,80.660898,1900,2028,0.9368836291913215,2365,2443,0.9680720425706099,3539,3676,0.9627312295973884,11911,12606,0.9448675234015548
1514,5436.26624487823,104.44749292616557,0.6012704842570429,0.3955072730620512,0.0002761922297919352,0,12.216524149998207,0.8660470021923843,0.6417375017059387,10862,29,21.121413148772852,3.203658433717063,1.6877966620731895,5.0,31.462,9.205560158335634e-05,0.375631363574175,0.9560983333993112,1.044152649952396,0.042853895119733254,102.417194,789,862,0.9153132250580046,1721,1790,0.9614525139664805,2765,2867,0.9644227415416812,18877,19742,0.9561847837098572
1515,5261.540373920674,70.98068462387295,0.6709717097170972,0.3247232472324723,0.00015375153751537516,0,11.39555668154567,0.8639921226241257,0.7270491316704781,6504,19,22.204592773775758,3.0746138869625765,1.8934463794683776,5.0,17.193,0.00015372790161414298,0.3468520383673903,0.9501015806947128,1.0487611102835295,0.04685212298682284,68.889002,1749,1898,0.9214963119072708,3264,3367,0.9694089694089694,4185,4302,0.9728033472803347,9976,10614,0.9398907103825137
1516,7316.390555432872,114.30108140038881,0.6358260553129549,0.3611717612809316,0.0,0,12.342987563286236,0.853313868525284,0.6954714816218921,10992,28,23.133198512532214,3.643999573900962,2.0858491915867794,6.0,32.467,9.096697898662786e-05,0.3954307330774711,0.9182406305770375,1.0827462820082747,0.07637362637362638,111.197328,279,294,0.9489795918367347,1007,1047,0.9617956064947469,2418,2529,0.9561091340450771,20993,23026,0.9117085034309041
1517,5314.764643316924,60.2414142225385,0.7306098283007697,0.26741661732780736,0.00039471087428458656,0,15.750785710734235,0.8731705338768461,0.7710211187731487,5067,27,19.787699084089095,2.8151585342952874,1.6885467314964884,4.0,10.953,0.0,0.18563678512623522,0.9494817109496009,1.051086178085462,0.04943654793589671,58.790378,3028,3187,0.9501098211484155,3026,3110,0.9729903536977492,3348,3485,0.9606886657101865,6536,7004,0.9331810394060537
1518,6001.951132550519,59.559158423991526,0.7908596300326441,0.20652883569096844,0.0008705114254624592,0,11.333491499471027,0.8521020266690122,0.8357542358055798,4595,22,24.008183674200207,2.8577605391911383,1.5938359933957071,4.0,7.994,0.0,0.20570085566708374,0.9180241027678453,1.0859608363757052,0.08026796589524969,58.13314,3524,3727,0.9455325999463375,2428,2557,0.9495502542041455,2525,2731,0.9245697546686196,5387,6087,0.8850008214227041
1519,5218.357919683563,47.3645588797188,0.834799886460403,0.161793925631564,0.0,0,12.149048173206614,0.8644698263287008,0.8930656720383645,3523,19,19.273558140358652,2.747433903479491,1.9173750425025502,5.0,6.178,0.0,0.18503164124399268,0.9379735183742831,1.0640170333569907,0.060220920947564545,46.144856,3677,3885,0.9464607464607465,3166,3274,0.9670128283445327,2760,2914,0.9471516815374056,3644,4050,0.899753086419753
1520,3273.0172585196633,53.19880861912401,0.6297147233390772,0.36798774650583954,0.00019146084625694046,0,11.392510590216421,0.860047857215433,0.6951943210764552,5223,27,21.66068920669764,2.719090702074112,1.9124353906962603,6.0,15.221,0.0,0.193671976010907,0.9288126786178228,1.0739005984907624,0.06910937783421005,51.278226,3291,3497,0.9410923648841865,3153,3234,0.9749536178107606,3078,3257,0.9450414491863678,4778,5408,0.8835059171597633
1521,6064.129329165956,117.6843104587448,0.5948512871782055,0.40189952511872035,0.0,0,9.098699338027426,0.8484119543302748,0.6599668507991202,12003,28,22.257419427888134,3.738976516861373,2.279971988795518,6.0,39.045,0.0,0.42771647358247755,0.9034241492632249,1.0952279505752023,0.08677552601006841,113.341944,61,63,0.9682539682539683,378,393,0.9618320610687023,1103,1150,0.9591304347826087,24024,26693,0.9000112389015846
1522,7322.500988156596,76.33347101906126,0.763458401305057,0.23474714518760195,0.0001631321370309951,0,9.65634762431745,0.8664655095258444,0.8457505782290169,6130,23,20.157701148483902,3.4822549031036325,2.068589743589744,6.0,13.385,0.0,0.26428851298272366,0.9485035024410953,1.053560792989024,0.05115810674723061,73.491778,985,1052,0.9363117870722434,2370,2438,0.9721082854799016,3973,4087,0.9721066797161733,15014,15978,0.9396670421830017
1523,4502.472953749105,114.71964214973517,0.561154559380795,0.4353785374506168,0.0,0,11.765844415986532,0.8577440706327684,0.6287057385254,12403,26,22.067046811480427,3.7263598641477778,2.2554597701149426,6.0,42.446,0.0006445894770767867,0.4768737340639192,0.9118606782768103,1.090704868527657,0.0834089457942669,110.76054,187,208,0.8990384615384616,784,830,0.944578313253012,1875,1979,0.9474482061647297,22025,24258,0.9079478934784401
1524,3700.6902661018194,39.61515741901272,0.753609541745135,0.24293785310734464,0.0012554927809165098,0,7.9387948525954775,0.8515551196290843,0.8197571436866674,3186,17,22.243188509362394,2.440272578072275,1.882548937942524,5.0,6.846,0.0,0.18347992003742383,0.9192350244981824,1.082386589338206,0.07910632413943672,37.950274,4229,4511,0.9374861449789403,2700,2855,0.9457092819614711,2251,2450,0.9187755102040817,2452,2838,0.8639887244538408
1525,4879.344094676667,112.63933513880201,0.5744980919196947,0.4222664675626348,0.0,0,12.163210916296771,0.8370761548397206,0.614190919469831,12054,30,21.809831193988575,3.626166437949892,1.9987003610108303,5.0,39.343,8.295313148071339e-05,0.403368916496896,0.9212569586873718,1.0789541331570636,0.07334125233327676,109.989462,246,259,0.9498069498069498,874,921,0.9489685124864278,1936,2054,0.9425511197663097,22098,24070,0.9180722891566265
1526,4469.106210295517,70.21518691043946,0.637302641286705,0.35974620038365057,0.0,0,9.594354364356324,0.8690134866407904,0.6643908966507683,6777,29,23.304729922042764,2.888927108258225,1.5531373003009956,3.0999999999994543,18.063,0.0,0.23294277570495348,0.9392678868552413,1.060905807168658,0.057501306847882905,68.663734,2665,2815,0.9467140319715808,2738,2823,0.9698901877435352,3087,3244,0.9516029593094945,8445,9148,0.9231526016615653
1527,4619.874241384533,59.47513656228033,0.6870272314674736,0.3105143721633888,0.00018910741301059002,0,11.395689803793424,0.8554248924529859,0.7310147819733127,5288,20,24.000907101275395,2.724373462373516,1.7429121937792458,4.0,13.053,0.0,0.2688105605764625,0.9292898130437466,1.07162279075516,0.06700823211098958,57.848904,3127,3284,0.9521924482338612,2918,3021,0.9659053293611387,3226,3429,0.9407990667833187,5790,6473,0.8944847829445388
1528,4218.018806116174,82.85513534891817,0.594868804664723,0.4008163265306122,0.0,0,13.089805297458986,0.8570441325833856,0.6528254506683625,8575,21,20.038777812238493,3.1122642655919903,2.0021564399137426,6.0,26.903,0.00023318176518596245,0.4053993889722315,0.9506805578894304,1.0490472384638034,0.04692504804612428,80.398834,965,1025,0.9414634146341463,2312,2377,0.9726546066470341,3829,3940,0.9718274111675127,15524,16462,0.9430202891507715
1529,4600.073560007518,55.14005655649354,0.7089505528896307,0.2893803463384102,0.0,0,10.115855031064225,0.8441470871103347,0.775335702821692,4793,28,23.360018710413875,2.854328750509611,1.947910535609182,5.0,11.714,0.0,0.1698185480490821,0.9308611707018082,1.0704112952731737,0.06579248740265689,53.21524,2870,3073,0.9339407744874715,3338,3439,0.9706309973829602,3522,3702,0.9513776337115073,5457,6101,0.8944435338469103
1530,5934.940749079858,55.99532863153657,0.814002828854314,0.18316831683168316,0.0,0,14.019164195703164,0.8500170387429624,0.8933288526216738,4242,19,26.683671675422296,3.0412628976118214,1.894005212858384,5.0,7.804,0.0,0.22718142445550027,0.9413753581661891,1.0606443461781427,0.05726634251755808,54.39095,2424,2655,0.9129943502824859,3269,3419,0.9561275226674466,3732,3931,0.9493767489188502,7002,7445,0.9404969778374748
1531,3395.648726015834,128.0062079640915,0.5331573961293815,0.46359453241304643,0.0,0,10.087527691375302,0.8658845792986145,0.5687516209315416,14778,30,22.179299359847192,3.620375799245963,1.8002284553877395,5.0,49.663,0.00040584415584415587,0.4938470439557785,0.954158157876206,1.0459964726631392,0.04405775638652351,125.060348,215,232,0.9267241379310345,827,857,0.9649941656942824,1796,1863,0.9640365002683843,24262,25450,0.953320235756385
1532,5494.153743682652,61.400901967681285,0.7349726775956285,0.26307572209211555,0.0,0,12.038135168103544,0.8370026920899755,0.7947032878648931,5124,31,22.32467809868536,2.952678305076132,1.877854487519915,5.0,11.471,0.0,0.16304742890834276,0.9210230300159848,1.080662393162393,0.07522584177388447,59.540578,2708,2911,0.9302645139127448,3134,3248,0.9649014778325123,3174,3362,0.9440809042236764,6541,7370,0.887516960651289
1533,7221.852064337057,85.93020995714227,0.7108660570199031,0.2867132867132867,0.00026896180742334586,0,12.917877224340945,0.8618415290728112,0.7689900641427786,7436,19,24.499116669247904,3.370212630505206,1.9182746878547106,5.0,18.115,0.0001344628210299852,0.39386773017685556,0.936690197480118,1.0624411672419203,0.059382223156125236,83.375006,1116,1215,0.9185185185185185,2630,2779,0.9463835912198633,3891,4072,0.9555500982318271,13328,14316,0.9309863090248672
1534,5020.261973683853,69.26454838586976,0.6659852178015411,0.33149866331184147,0.0,0,12.481593743092148,0.8467364540412311,0.7231941023814371,6359,24,23.41435885660913,3.1103083787534054,1.9801652892561983,5.0,17.205,0.0,0.26436087573754097,0.9268425481364154,1.0722197387373964,0.06748211400876991,67.35422,1626,1781,0.9129702414373947,2989,3156,0.947084917617237,3879,4089,0.9486426999266324,10231,11177,0.9153619039098148
1535,8081.003301673005,115.83697449730904,0.6555441955572079,0.3419462775350869,0.0,0,16.99315638319259,0.8631554946136158,0.7353476974946794,10759,23,22.602787626932553,3.7487146647899015,1.994470438111442,6.0,29.495,0.000371643593793552,0.474680492396203,0.9498302391100195,1.0488096532231765,0.04642832541158642,111.414404,240,262,0.916030534351145,1128,1182,0.9543147208121827,2565,2676,0.9585201793721974,22364,23566,0.9489943138419757
1536,4358.257063669031,127.96734195406678,0.5498038666293079,0.44620341832446064,7.004763239002522e-05,0,16.533818569667215,0.8570108415401336,0.5975442543231652,14276,32,24.532597350083364,3.669957817925613,1.9303095935788,6.0,47.861,0.0004201092283993838,0.4474618908370741,0.920276678432631,1.0780449349625543,0.07285709563320221,124.102368,109,123,0.8861788617886179,629,683,0.9209370424597365,1570,1691,0.9284447072738025,23503,25550,0.9198825831702544
1537,7075.055270584819,72.35240786728674,0.7752005580746425,0.22340425531914893,0.0,0,12.437656762835552,0.8525124090769886,0.8229592544401223,5734,30,23.7996725076137,3.2702688706990357,1.7628796400449944,4.0,11.292,0.0,0.18770680291989097,0.9340808041755267,1.0678384660081348,0.06409154642905604,70.729852,1708,1842,0.9272529858849077,2481,2614,0.9491201224177506,3616,3795,0.952832674571805,11523,12441,0.9262117193151675
1538,7563.233330458061,95.24542207357644,0.6910405309315003,0.3058781701825077,0.0,0,12.429971281162587,0.8540575046135103,0.7544104567086444,8438,26,22.68595019920641,3.7653587205815056,2.0679128794374892,6.0,22.188,0.00023696682464454977,0.32333257634067547,0.9416900308762466,1.0578921150014233,0.0550972501676727,92.21139,193,212,0.910377358490566,738,778,0.9485861182519281,1943,2045,0.950122249388753,23660,25142,0.9410548086866598
1539,5422.891456754234,81.5576651949811,0.6451236886413677,0.3522859733195182,0.0,0,14.880325402655188,0.8526757245526165,0.69461328489683,7721,23,23.91369006133033,3.2238939235826805,1.8956032925115438,5.0,21.649,0.00025896672277612325,0.33907492011539697,0.9235317833624512,1.0777493146375443,0.07215594995635728,79.35702,1089,1176,0.9260204081632653,2498,2644,0.9447806354009077,3677,3920,0.9380102040816326,13352,14583,0.9155866419803881
1540,5245.7308665662,74.49274576858768,0.6596385542168675,0.33820998278829606,0.0005737234652897303,0,11.66388202144995,0.8403097779626809,0.6975720196500335,6972,30,24.103482906450395,3.173269887968953,1.8899760817569036,5.0,18.776,0.0,0.23522237672297347,0.9198570699336396,1.0801341781587774,0.07590376945838158,72.458126,1263,1397,0.9040801717967072,2581,2699,0.9562801037421267,3555,3762,0.9449760765550239,12423,13691,0.9073844131181068
1541,1949.1362491789382,105.51075549123733,0.5127424266709408,0.4834909440615483,0.0,0,11.241207451035729,0.8581005421415082,0.5728780601539505,12478,27,19.743229539316612,3.58135789471641,1.9016880275085963,6.0,44.028,0.0003204614645088928,0.46118729380439394,0.9418841454216322,1.056337495270526,0.05350704979475281,101.286128,378,415,0.9108433734939759,1531,1599,0.957473420888055,2776,2878,0.9645587213342599,20290,21624,0.9383092859785424
1542,6324.90060758642,105.50130253222376,0.6220109478536445,0.3741476999903966,9.603380389897244e-05,0,9.85332458017953,0.8509428081372402,0.6632999442134119,10413,23,23.31964672914956,3.3955556014678963,2.065462405434615,5.0,31.543,0.00019203072491598655,0.4536504675962585,0.9173033362767306,1.0821717366191759,0.07608541430192962,102.998326,472,511,0.923679060665362,1199,1240,0.9669354838709677,2307,2431,0.9489921842863019,19915,21865,0.9108163731991767
1543,5864.7780770846075,107.93487663979774,0.6060994596574778,0.3914277864273285,0.0,0,12.892843222709482,0.8600459012142182,0.6460432944968518,10919,31,20.54817603582241,3.579664417684065,1.9812632215170747,5.0,33.552,0.0,0.35184843440488506,0.9332486388384755,1.0661882558647822,0.06215958605664488,105.19471,240,267,0.898876404494382,889,963,0.9231568016614745,1992,2122,0.9387370405278039,22590,24198,0.9335482271262088
1544,6121.933609954515,103.52502236983487,0.6199723974763407,0.3775630914826498,0.0,0,11.644741133000277,0.8486613609895721,0.6786295672354381,10144,30,19.26515395484673,3.7134627388456347,2.0904754332962314,6.0,31.026,0.0,0.34270250150602677,0.9111086693769915,1.0901940605704206,0.08326897894772185,100.193446,183,198,0.9242424242424242,755,796,0.9484924623115578,1971,2093,0.9417104634495939,21967,24216,0.9071275189957053
1545,3823.6040490943924,69.48299844990535,0.6092101511263188,0.38751069289991447,0.0,0,16.79210565714653,0.8602546668833124,0.6408416815951389,7014,17,23.337452797982905,2.70116566957582,1.5078399251111632,4.0,19.479,0.0,0.41815011688474535,0.9415428254301043,1.059453105666914,0.056218355351219225,67.633238,3253,3496,0.9304919908466819,2567,2678,0.9585511575802838,2460,2589,0.9501738122827347,6989,7454,0.9376173866380467
1546,6118.583819333909,104.43544896234692,0.6181551976573938,0.3789165446559297,0.0,0,15.985652194813296,0.8568608682945456,0.6791458506225421,10245,26,22.84303460050404,3.5632517198287172,1.9759987367756198,6.0,30.258,9.759906304899473e-05,0.39446896503323803,0.9418780251694094,1.0581065869658037,0.054929371294737614,100.793688,441,486,0.9074074074074074,1863,1902,0.9794952681388013,3498,3582,0.9765494137353434,18522,19855,0.9328632586250315
1547,6314.915728967099,96.06173971727166,0.6420528367258553,0.3545907319185795,0.0,0,10.829633222610834,0.8435603772825898,0.6861305932325484,9236,24,25.277858103675914,3.2932280040746207,1.8801011804384486,5.0,25.79,0.0,0.38525453355844913,0.9161447303203712,1.0822673235998734,0.07610007909745639,93.645168,1177,1276,0.9224137931034483,2558,2658,0.9623777276147479,3178,3312,0.9595410628019324,13419,14947,0.8977721281862581
1548,5133.7922257987,48.28565788265862,0.8163434903047091,0.18088642659279777,0.0,0,16.11701151245668,0.8542264358601774,0.8864878462079245,3610,16,23.56842628882801,2.9691127246271023,2.03053953172718,6.0,6.934,0.0,0.22554024673494827,0.9478065773159355,1.0528496182754334,0.05024392979308025,46.546324,2629,2820,0.9322695035460993,3671,3776,0.9721927966101694,3941,4108,0.9593476144109055,5812,6233,0.9324562810845499
1549,4651.864531202683,48.257408604420924,0.7673873404532431,0.22870539202917425,0.0007814535035165407,0,10.67069135746628,0.8541658708140959,0.8227988103792561,3839,23,21.427366809387564,2.7204009042942627,1.703326544467074,5.0,7.532,0.0,0.1694595854620321,0.9386049061258052,1.0609873487348735,0.05881594221591642,46.543442,3500,3747,0.9340805978115826,2955,3086,0.957550226830849,2994,3182,0.9409176618478944,4249,4579,0.9279318628521511
1550,2692.343342778368,126.05625380222956,0.5176702460241946,0.47906755470980017,0.0,0,11.905541695994945,0.8684867747691345,0.5886707380188259,14714,30,23.71249239534474,3.914430788093639,2.214520152290928,7.0,53.02,0.0005434044287460942,0.49084057811376725,0.9147079037800687,1.0813909188515223,0.07542733684946305,120.447344,16,18,0.8888888888888888,168,179,0.9385474860335196,671,750,0.8946666666666667,25763,28153,0.9151067381806557
1551,4618.989627516987,68.80920780727372,0.6473289453543548,0.3503750191336293,0.0,0,10.446122966137661,0.8712144041108969,0.7046927064011999,6533,18,24.40006380393504,3.1839921446334807,1.823126034523528,5.0,17.932,0.000306044376434583,0.3658669917013894,0.9416510223755644,1.0617309061324112,0.058427288362316074,66.725836,2073,2159,0.9601667438628995,2716,2818,0.9638041163946061,3500,3700,0.9459459459459459,10270,11032,0.9309282088469906
1552,6209.828712995505,74.35481639872421,0.7078266292485189,0.2898347365138759,0.0003118178983473651,0,7.403861601355324,0.873216137519894,0.7570418319574488,6414,20,25.742809440361498,3.4982017114978996,2.1050660792951543,6.0,16.38,0.0,0.3245613554905885,0.9479701803854919,1.0524298160696999,0.05011924417538066,72.21603,564,606,0.9306930693069307,1509,1587,0.9508506616257089,3066,3232,0.9486386138613861,19403,20464,0.9481528537920251
1553,5887.921511532773,88.13011837809222,0.6470307655616504,0.34951108991175767,0.0005962318149296446,0,10.522198853394533,0.8608054606444682,0.683364813200046,8386,26,20.674960833839485,3.266230032640961,1.7987467747880574,5.0,22.71,0.0,0.32450156589737933,0.9228186417155393,1.079043045019974,0.07449761756784752,85.961796,1135,1233,0.9205190592051906,2267,2392,0.947742474916388,3571,3810,0.9372703412073491,13640,14902,0.9153133807542612
1554,4092.6995374108874,71.86643093909477,0.615920814164227,0.3818485989125889,0.00013941168269901018,0,8.557996935813835,0.8497874960932288,0.6437756768162931,7173,29,23.204630328551712,2.949151570445453,1.6582163875056586,4.0,20.263,0.0,0.24979400822181333,0.918340927920464,1.082688813911238,0.07699660660517134,70.146906,2218,2357,0.9410267288926601,2351,2432,0.9666940789473685,2975,3153,0.943545829368855,10191,11370,0.8963060686015831
1555,8018.921875620613,79.14135481306069,0.7913015254787407,0.20658876987990912,0.0,0,11.828926848396101,0.8675234927980939,0.8439675102875674,6162,24,19.891166247814027,3.287165508766657,1.7629204265791631,4.0,11.51,0.0,0.24755276710630797,0.9346592264033958,1.0662400305649744,0.062172921232723534,77.350666,1630,1736,0.9389400921658986,2746,2830,0.9703180212014134,3646,3780,0.9645502645502646,11575,12621,0.9171222565565328
1556,6395.961644443268,68.58624428465876,0.7526325182937712,0.2459396751740139,0.0,0,16.213935779875975,0.8669837937975318,0.796929506220789,5603,16,20.45742649213364,3.106406204977162,1.7303770452928622,5.0,11.436,0.0,0.35505847756879566,0.9624540661447516,1.0372660873273978,0.03608829568788501,67.08897,2245,2407,0.9326963024511841,3348,3448,0.9709976798143851,3896,4020,0.9691542288557214,8583,8902,0.9641653560997528
1557,3019.0056417369988,106.75403199707303,0.5324386629342993,0.46328009221142763,0.0,0,7.930257157219701,0.8683183634092542,0.5969033509164318,12146,28,24.81273230464047,3.815983284132752,2.476573372506572,7.0,44.454,0.00016463615409944023,0.4305463713636557,0.919209682424744,1.0795289227571874,0.07362805851913372,102.41554,46,49,0.9387755102040817,214,227,0.9427312775330396,781,827,0.9443772672309553,25617,27898,0.9182378665137286
1558,1608.2345995010978,61.84770362957281,0.5311755639624492,0.46504133389379293,0.00014011489421325487,0,11.187326349814708,0.8405210504401733,0.5848402373997844,7137,25,17.647265398490497,2.544248313410578,1.7976787127407017,5.0,24.407,0.0,0.28374963714774004,0.9116151478656497,1.0891766758370798,0.08256092320913387,59.834868,3887,4011,0.9690850162054351,2298,2365,0.9716701902748415,1852,2028,0.9132149901380671,5588,6542,0.854173035768878
1559,7622.4032945637555,99.83326586374372,0.6789561354802888,0.3183786785119378,0.0001110494169905608,0,8.205344483578934,0.8679518377176468,0.757314008625514,9005,31,20.269834163692394,3.8137902278490112,2.238632646385345,6.0,24.894,0.0,0.2915038375523548,0.9487222880352005,1.0511124677791344,0.048745935155671466,96.14473,72,78,0.9230769230769231,319,329,0.9696048632218845,1009,1058,0.9536862003780718,26630,28080,0.9483618233618234
1560,2492.269729188,78.0676068277319,0.5467690917306823,0.44984184365115226,0.0,0,8.287583587855076,0.8488981982450184,0.5781161883364557,8852,23,21.88382608534878,2.8766768233402193,1.699586776859504,4.0,28.988,0.00011295606009262397,0.38066298125855963,0.9370982986767485,1.0633522727272726,0.05959735122883427,76.175314,1812,1890,0.9587301587301588,2322,2376,0.9772727272727273,3204,3327,0.9630297565374211,12491,13567,0.9206899093388369
1561,5564.9818331675,66.97542714942773,0.7097944377267231,0.2876144411815512,0.0005182242183451373,0,8.767899361915678,0.8658164568348433,0.7394231842309383,5789,27,21.051674224730668,2.886176127123343,1.4821124361158433,3.0,12.494,0.0,0.21271700407382327,0.9377886595069834,1.0629741186970103,0.06004498143208327,65.695398,2698,2881,0.9364803887539049,2490,2592,0.9606481481481481,2940,3105,0.9468599033816425,8725,9393,0.9288832109017353
1562,6823.7181609412555,107.26308618055211,0.6343082547623629,0.36222820858187416,0.0,0,7.553489985471389,0.8637524433732202,0.6835745213028006,10394,28,22.314633079866397,3.5943798181125866,2.025481571363567,5.0,30.533,9.62000962000962e-05,0.3724187407047656,0.9495959984609466,1.051077246452969,0.04865062726697947,104.46589,192,205,0.9365853658536586,705,720,0.9791666666666666,1622,1658,0.9782870928829915,24629,26006,0.9470506806121665
1563,9870.413199713685,116.73150440086688,0.712323312761298,0.28518813458092773,0.0,0,9.422246084716413,0.8739497204674004,0.7606690072892237,10046,20,21.99062974560323,3.5248817502270198,2.0258524315259923,6.0,24.726,0.00029853716787740076,0.49892567657667786,0.9337710642173979,1.0670824459993915,0.06288234457248541,114.189848,437,469,0.9317697228144989,1304,1341,0.9724086502609992,2910,2995,0.9716193656093489,19952,21543,0.9261477045908184
1564,5544.005380605189,123.23251248442423,0.5777283534013344,0.41882046169184756,7.669299792928905e-05,0,10.342338332889645,0.8610651990658794,0.6369505553571341,13039,29,23.749735655039174,3.873715727803911,2.090003982477101,6.0,41.887,0.0001533624722030519,0.4529094600811431,0.9358553755724147,1.0629154958536084,0.05919043179114555,118.759224,42,46,0.9130434782608695,314,326,0.9631901840490797,1165,1204,0.967607973421927,25864,27686,0.9341905656288377
1565,7819.092773981639,85.43882040275832,0.7444475681754288,0.2540061849873489,0.0001405678942929435,0,8.281379321336564,0.8555305490557323,0.7781002542969808,7114,20,18.963852315120185,3.1908173919356013,1.6901435045317221,4.0,15.055,0.0,0.35917362750410087,0.9494459238897002,1.0516811419726546,0.04959790994815692,84.002952,1358,1420,0.956338028169014,1833,1894,0.96779303062302,3122,3226,0.967761934283943,15792,16742,0.9432564807072035
1566,5689.757053103728,90.73154045980048,0.6314168377823408,0.3655030800821355,0.0,0,6.44038448395688,0.8627500809635275,0.6897349375892882,8766,28,23.12470090267705,3.7338532316861017,2.0652213188798556,6.0,25.867,0.0,0.31601908544885715,0.9519705727798213,1.0481319066830381,0.04601965109284139,87.777734,173,194,0.8917525773195877,742,764,0.9712041884816754,1941,1992,0.9743975903614458,24318,25595,0.9501074428599335
1567,6556.166735137781,79.65191616935564,0.7038890477552188,0.2935373177008865,0.00028595939376608524,0,17.127783021939976,0.8373492057841826,0.7700469293828446,6994,32,24.64420115532755,3.4662346585326453,1.9827341052203942,6.0,17.446,0.0,0.21443856860884303,0.9294658290821705,1.0718421163842284,0.06779594403395693,76.912926,762,849,0.8975265017667845,2194,2307,0.9510186389250108,3956,4113,0.9618283491368831,15134,16450,0.92
1568,3417.8368773508787,58.311257293287426,0.6212567076337199,0.3754543880907045,0.00034620045006058506,0,11.836861998581409,0.8684998718016514,0.6527343588801398,5777,28,21.29646411136062,2.6711128070500396,1.458066313736417,3.0,15.348,0.0,0.2093168260077452,0.9538530971454361,1.0456548762572042,0.044420485175202154,56.928686,2789,2960,0.9422297297297297,2629,2731,0.9626510435737825,3374,3547,0.9512263884973217,8116,8488,0.9561734213006597
1569,4937.029692124041,84.4789320549384,0.6190077704722056,0.3783622235505081,0.0,0,16.56817768307146,0.8693960034278518,0.6581962238639162,8365,19,24.604658507877218,3.2225710228847015,1.8329470838161452,5.0,24.524,0.00035850860420650097,0.4417490621933192,0.9625094355447454,1.0374632507349852,0.03605788665211416,82.396444,991,1048,0.9456106870229007,2437,2487,0.9798954563731403,4145,4268,0.9711808809746955,15379,16043,0.9586112323131584
1570,5500.7588846867375,122.53733359682265,0.5773124178966077,0.41951935708214205,0.0,0,11.836594968912344,0.8624364815522365,0.6420028228681187,12941,26,21.319180020850542,3.7977587177579353,2.161558024360862,7.0,42.439,0.0005406240345999382,0.4941960784644317,0.9425049242681519,1.0557639836289223,0.05266544413344915,118.212614,55,60,0.9166666666666666,310,325,0.9538461538461539,1045,1090,0.9587155963302753,26343,27971,0.941796861034643
1571,5620.527341439539,75.48205997491094,0.6733061936609479,0.32364059319569644,0.0,0,15.93624220111709,0.876275854253539,0.7274989669693442,6878,21,24.8706974029456,3.443672310151778,1.8883610451306414,5.0,18.015,0.0,0.32595609738519127,0.9346473480398555,1.066494935382466,0.06283640515413473,73.46178,985,1093,0.9011893870082343,2327,2454,0.9482477587612061,3727,3909,0.9534407776925045,14442,15527,0.9301217234494751
1572,6823.202213186338,124.46430685108392,0.6051787718454386,0.39169472502805835,0.0,0,13.06640683152665,0.8512537938944045,0.6756049576637179,12474,27,25.926607965275856,3.7795143381675826,2.1625380845145052,6.0,38.907,0.0001603077909586406,0.45752929069105763,0.9230343300110742,1.0772837790899619,0.0718530176982623,119.88595,44,49,0.8979591836734694,310,326,0.950920245398773,991,1035,0.957487922705314,25327,27486,0.9214509204686022
1573,5704.492415985376,90.29996469946951,0.6330985102205797,0.3641298071370828,0.0,0,7.85072741371704,0.8748922708489524,0.6861007649652376,8659,22,21.154527963425373,3.5270605811509346,1.9715432323969355,5.0,25.126,0.00023092021706500404,0.39416052815988395,0.9370616185232672,1.0625992288500794,0.058911207324863366,87.560108,409,446,0.9170403587443946,1344,1384,0.9710982658959537,2571,2708,0.9494091580502215,20525,21980,0.933803457688808
1574,2985.2196031501576,74.39555878138414,0.5669359850839031,0.4303293971410814,0.0002486016159105034,0,9.381575077876857,0.8421108448390234,0.6073713502459097,8045,25,22.282981624335836,2.8937862957585536,1.8603376452532339,5.0,25.863,0.0,0.3181661500431261,0.9093756525370641,1.0956267001464741,0.08763574014097923,72.59818,2011,2150,0.9353488372093023,2890,3003,0.9623709623709624,2883,3061,0.9418490689317217,9636,10942,0.8806433924328276
1575,3576.864366845968,125.55698856672215,0.537857738260628,0.45901639344262296,0.0,0,11.2952116509398,0.8735671269932113,0.5573232900833436,14396,32,19.79380133985886,3.3919970110744386,1.8255198243574842,4.0,48.674,0.00013890818169190166,0.450050832474828,0.9481373524811603,1.0525978419571953,0.04997973794407672,123.300486,268,291,0.9209621993127147,791,828,0.9553140096618358,1663,1732,0.960161662817552,23951,25281,0.947391321545825
1576,6770.640679838752,59.592958263695124,0.8596823891917516,0.1374733349134866,0.0,0,8.527580361350362,0.8692622241575605,0.9350894081449432,4219,16,21.72458417134331,3.5101125499060406,2.101185552798456,6.0,7.205,0.0,0.25951188587191154,0.9592998373705384,1.040884546155824,0.039266477529706835,57.599532,1082,1151,0.9400521285838401,2260,2328,0.9707903780068728,4578,4757,0.962371242379651,14495,15130,0.958030403172505
1577,4032.136099499049,121.20004666246854,0.5474284867348451,0.4492366977916111,0.0,0,10.085231508264735,0.8579628246320061,0.5966620233259349,13494,32,22.213563305202797,3.6845870636219336,2.0323541356436983,5.0,46.226,0.00014819205690574984,0.4218525159303578,0.9510946926048939,1.0486554393589569,0.04653266981193046,117.833708,69,78,0.8846153846153846,419,433,0.9676674364896074,1034,1067,0.9690721649484536,26541,27928,0.9503365797765683
1578,6161.63176602218,87.8544559862621,0.6584477104336208,0.33863719178914126,0.00024292481476982875,0,9.996231496934481,0.8818826234072863,0.7104982990185997,8233,22,20.836873155495628,3.3325190000240013,1.8312119535141118,5.0,21.828,0.0,0.3737994127936354,0.9613406141183919,1.038304614775203,0.03714710252600297,85.66238,761,803,0.9476961394769614,1966,2015,0.975682382133995,3502,3569,0.9812272345194732,18066,18885,0.9566322478157268
1579,4520.535123007781,71.79056282007869,0.6344610091743119,0.36267201834862384,0.0005733944954128441,0,13.003490980462441,0.8381435757591228,0.6722888275787252,6976,28,24.586320100744626,2.928937595093564,1.7704473565295977,4.0,19.618,0.0,0.2480191306595007,0.9230532786885246,1.077796035739961,0.07299235408652704,69.983128,2023,2178,0.9288337924701561,2695,2783,0.9683794466403162,3299,3432,0.9612470862470862,10001,11127,0.89880470926575
1580,6597.112354176327,87.5544192846561,0.6772366930917327,0.32125330313325784,0.0,0,8.756383056195604,0.8745913338605463,0.7410301626527228,7947,20,23.62362747545295,3.6299927953603097,1.9024526198439242,6.0,20.59,0.00012581781580271766,0.3982600140100142,0.9657575303461712,1.0330280738627833,0.03216215236230465,84.768354,514,550,0.9345454545454546,1500,1558,0.962772785622593,3082,3175,0.9707086614173228,20682,21409,0.9660423186510346
1581,5327.999770923011,74.74176205632212,0.6606731875719217,0.3364499424626007,0.0,0,11.20331841030313,0.8401282687673866,0.7420515337912649,6952,25,21.443930743762238,3.412770035141497,2.166122360113216,7.0,19.839,0.0,0.280870388881852,0.9291158200801798,1.0732762426061622,0.06837676995690539,71.723222,999,1085,0.9207373271889401,2578,2658,0.9699021820917983,4268,4391,0.9719881575950808,13245,14565,0.9093717816683831
1582,7047.47653956787,90.90974509829542,0.6839237057220708,0.3129799355957394,0.00024770869457517957,0,10.20639087457778,0.8562114212752422,0.7516843138038172,8074,28,21.28031026849822,3.719782320931113,2.0257153205360376,6.0,21.158,0.0,0.28509815807636735,0.9389831753728601,1.0613508235380817,0.058290379492856405,87.662406,277,311,0.8906752411575563,1098,1160,0.946551724137931,2470,2593,0.9525645969919013,21716,23158,0.9377321012177218
1583,3949.5910045403584,62.02271592358271,0.6371223501919546,0.3603738941745952,0.00033383408446002337,0,9.105369280102098,0.8555523212179128,0.6796910672416634,5991,21,23.37332929564136,2.901013148797389,1.6960964107938172,5.0,16.446,0.0,0.28783913984338105,0.9427856452255019,1.0572438565482638,0.05493147003493685,60.30631,2939,3084,0.9529831387808041,2550,2613,0.9758897818599311,3028,3180,0.9522012578616352,8060,8706,0.9257983000229727
1584,3297.5997671232517,50.19174019207372,0.6432160804020101,0.35343383584589616,0.000628140703517588,0,11.276269844170239,0.8738764102548157,0.6971376570372169,4776,21,23.932399434851337,2.6165481633692886,1.5794270833333333,5.0,12.35,0.0,0.22560853173066608,0.956323634706763,1.0416121434179535,0.04196807183836368,48.49493,3468,3715,0.9335127860026918,3046,3131,0.9728521239220697,3095,3185,0.9717425431711146,5083,5332,0.9533008252063015
1585,5605.407397107865,80.31288804640363,0.6563660477453581,0.33992042440318304,0.0001326259946949602,0,8.515945471221471,0.8595594106213353,0.6986473655558204,7540,26,21.51351571214331,3.2166112811770415,1.8423924025055567,4.0,20.326,0.0,0.2924950592304758,0.9179544815959539,1.082586036903141,0.0767833981841764,78.265666,1423,1539,0.9246263807667316,2645,2728,0.969574780058651,3310,3471,0.9536156727167963,12224,13616,0.8977673325499412
1586,5734.303820162363,67.34238967250958,0.71495246326707,0.28210890233362146,0.00017286084701815038,0,8.119287768754406,0.8408236775233758,0.7780276485794414,5785,23,24.536375428925272,3.3611461466308583,2.0270793036750483,5.0,14.177,0.0,0.2552391675668757,0.9297849808923063,1.0715208564045773,0.06697310765529685,65.294776,1370,1453,0.94287680660702,2500,2597,0.9626492106276473,3936,4109,0.9578972986128012,12388,13560,0.9135693215339233
1587,5449.907525032525,95.45191482385432,0.6118950559213965,0.38381937911571024,0.0,0,9.533436761295809,0.8656513193012723,0.6674017193756018,9567,23,19.545372511790575,3.3451073251928576,2.2909121967885206,6.0,30.249,0.0,0.42003130988400084,0.9619792552287026,1.0369487485101312,0.03558543784847491,92.787634,162,171,0.9473684210526315,508,517,0.9825918762088974,1276,1313,0.9718202589489718,26341,27404,0.961210042329587
1588,3860.143764126392,114.93487581555688,0.5495037899507698,0.44783933734469017,0.0,0,11.23254900527737,0.8650080691549321,0.5841144984612423,12797,28,22.338595040651985,3.3617665081074968,1.827787258248009,5.0,42.204,0.00015626220798499883,0.4574924137863886,0.9397325729258988,1.0588485316846985,0.05564046579330422,112.286322,545,591,0.922165820642978,1525,1589,0.9597230962869729,2584,2722,0.9493019838354151,19733,21049,0.9374792151646159
1589,1971.0924621043732,62.58461672509825,0.5443019943019943,0.45256410256410257,0.0,0,9.406855231949578,0.8777184746903984,0.5796524634800917,7020,18,18.03504639493392,3.0787441475549975,1.7131640931693275,5.0,22.863,0.0,0.39282156465929363,0.9667313982011447,1.0320069647155221,0.031047288932904184,60.69422,2086,2234,0.9337511190689346,3166,3279,0.9655382738639829,4098,4205,0.9745541022592152,9567,9850,0.9712690355329949
1590,4771.157647626136,51.83917193691754,0.7438515081206497,0.2533642691415313,0.0004640371229698376,0,13.0171444520867,0.8700270375223624,0.7996546409655616,4310,23,21.25104463569454,2.8361829971153987,1.9279475982532752,6.0,9.6,0.0,0.1881991267862057,0.9520111132158868,1.049816432459805,0.04860026432776643,50.258092,2996,3229,0.9278414369773924,3551,3663,0.9694239694239695,3408,3527,0.9662602778565353,5122,5418,0.9453672942045035
1591,3153.529067686567,82.49486789013854,0.5626108156028369,0.43395390070921985,0.0,0,10.032407196913498,0.8801344494912019,0.5930987703036128,9024,24,22.21776428145265,2.981215830607027,1.4748867441402402,3.0,27.559,0.00022158209616662973,0.3723171841368746,0.9660368556099836,1.0337383177570094,0.03280389856511145,80.564498,1927,2057,0.9368011667476908,2188,2256,0.9698581560283688,2922,3022,0.9669093315684977,13670,14100,0.9695035460992908
1592,4755.357031245539,92.78837834086902,0.5983889528193326,0.3986818704885448,0.0001046134532900931,0,8.883517818160385,0.8783112701265671,0.6255222007038259,9559,31,22.77215934340177,3.1467087343634565,1.6031468531468531,4.0,27.593,0.0,0.3108031012784137,0.9665245737211635,1.0341408309275764,0.03317305749727262,91.16784,1154,1235,0.934412955465587,2303,2331,0.987987987987988,3120,3163,0.9864053114132153,16550,17199,0.9622652479795337
1593,3838.0612150101438,36.62590609382423,0.8122048674173629,0.1848892117689793,0.000726480203414457,0,10.301050602893673,0.8565829643901232,0.8628615864530312,2753,18,22.970784964418087,2.4899356526352996,1.64087656529517,4.0,4.584,0.0,0.15294730966016157,0.9503278541273691,1.0496351680028826,0.04821749166452936,35.618312,4284,4507,0.9505214111382294,2445,2541,0.9622195985832349,2090,2207,0.9469868599909379,1761,1878,0.9376996805111821
1594,4235.484638888217,95.27341188712823,0.5799901912702305,0.41667484060814125,0.0,0,13.778954646296452,0.8914504573416477,0.5947098060769127,10195,32,21.70007006322968,3.127134184580748,1.4863859293083037,3.0,30.253,9.807767752059631e-05,0.31852278908839404,0.9681659478332306,1.0320565510438928,0.031044776119402984,94.184402,1221,1280,0.95390625,1718,1773,0.9689791314156796,2901,3024,0.9593253968253969,17730,18268,0.9705495949200789
1595,1994.47224153628,43.88959726579089,0.5807155322862129,0.41601221640488656,0.0006544502617801048,0,9.785110201155115,0.8695290455229958,0.6342185913307696,4584,24,21.15051384812606,2.3606678906064733,1.608564988730278,5.0,13.861,0.0,0.18730115602702796,0.9585414957870405,1.0404991407008892,0.040563743024753185,42.337214,4387,4559,0.9622724281640711,2722,2782,0.9784327821711,2734,2863,0.9549423681453021,3012,3207,0.9391955098222639
1596,4665.53859151156,87.56512298490173,0.6048225050234427,0.3920517972761777,0.00022326412145568208,0,8.675182655170348,0.8697726126136037,0.6234829897349616,8958,31,23.14278624375482,3.0525544384524825,1.5954226651901071,3.0,25.842,0.0,0.2902532451458192,0.9530534514486241,1.047154053706797,0.04550467709652384,86.422808,1368,1463,0.935064935064935,1817,1854,0.9800431499460626,2816,2902,0.9703652653342523,16269,17148,0.948740377886634
1597,2798.5790370848367,75.29215236371589,0.5579024034959942,0.4395484340859432,0.00012138868657441127,0,10.19009881172744,0.8767222122448821,0.611624944539239,8238,19,20.3256493933587,2.861198495646102,1.9042645778938208,5.0,26.973,0.00012137395314965408,0.4351385827075903,0.9288957802635951,1.0715396578538103,0.06696290172574144,72.99035,2581,2782,0.9277498202731848,2825,2885,0.9792027729636048,2570,2667,0.9636295463067117,8798,9724,0.9047716988893459
1598,4885.075780149057,52.762379828046434,0.7488945776122876,0.24831277635559693,0.00023272050267628578,0,12.881776342301034,0.8739531418260041,0.811540016994034,4297,24,23.131770784997926,2.7096645988535983,1.7088253573648229,5.0,8.814,0.0,0.17869123153212887,0.9564399031997849,1.044624199528143,0.043958868894601544,50.92783,3553,3830,0.9276762402088773,3066,3157,0.9711751662971175,2945,3057,0.9633627739614,4664,4832,0.9652317880794702
1599,7224.486928287828,93.05655364962401,0.685975243360173,0.3119817329647879,0.0,0,10.812149974387308,0.8641789169957871,0.7303176472485446,8321,31,22.8087776504033,3.4909626167477734,1.8142957252978276,5.0,21.066,0.0,0.2692262402605122,0.9558892538714219,1.0434407928238474,0.04160107937935687,90.730244,664,733,0.9058663028649386,1783,1843,0.967444384156267,3135,3239,0.9678913244828651,18862,19757,0.954699600141722
1600,4628.471229876426,68.28934870005199,0.6508280451942424,0.3460764587525151,0.00030954960532425323,0,16.957168888650116,0.8495904074914763,0.6991146641173152,6461,22,21.771065487392484,2.7963149892058428,1.6154577883472057,4.799999999999727,16.742,0.0,0.29402496272626066,0.9466258817654036,1.0519000813873411,0.05016305959086866,66.479436,3367,3582,0.9399776661083193,2763,2846,0.9708362614195362,2411,2521,0.9563665212217374,6623,7070,0.9367751060820367
1601,10123.534923310324,95.31590523874235,0.8171698900793098,0.18088214832336164,0.00013914011409489355,0,11.991954708690798,0.8651683395217253,0.8596114419235972,7187,22,25.050305449967116,3.497393550378926,1.8046994721607357,5.0,12.434,0.0,0.3229556845249908,0.9547511312217195,1.0457204851020963,0.04417418305485731,93.557208,638,687,0.9286754002911208,1533,1602,0.9569288389513109,3061,3201,0.9562636676038738,19455,20367,0.955221682132862
1602,5197.3599606425505,77.74841879656798,0.6472800537273338,0.348556077904634,0.0002686366689053056,0,11.187683077851727,0.8543439661967495,0.6756329760194253,7445,23,26.13370973531729,2.9429790179918274,1.6630006225357958,4.0,19.619,0.0,0.3200261467280292,0.9263937503170496,1.0748029494024918,0.07084276018099547,76.260136,1893,2077,0.9114106884930188,2492,2653,0.9393139841688655,3353,3560,0.9418539325842696,10524,11423,0.9212991333274971
1603,6739.1604819317145,111.35463905822388,0.623077631457777,0.37342296712404455,0.0,0,12.735319266821264,0.85391848668938,0.6935879759636794,10859,23,22.416371710896506,3.8145228151418364,2.1973100798108187,6.0,32.978,0.0002761922297919352,0.47214522103012546,0.951512440207853,1.0472478962615532,0.045179733193139254,107.743428,100,110,0.9090909090909091,561,587,0.9557069846678024,1734,1796,0.965478841870824,25255,26566,0.9506512083113754
1604,4201.386202196519,83.87491564234142,0.5941844300278035,0.40210843373493976,0.0,0,9.109918946758436,0.8539562270789963,0.6210491673700369,8632,26,24.737893860845194,3.042291316919743,1.7672060830571261,5.0,25.987,0.0,0.33689141860585897,0.9297084600250403,1.072302109931461,0.06754503002001334,82.323188,1306,1405,0.9295373665480428,2108,2227,0.9465648854961832,3227,3398,0.9496762801648029,14151,15334,0.9228511803834616
1605,6282.038729024844,86.36596018708508,0.6666248588987834,0.32885990216982314,0.0,0,7.591499867147937,0.8589322401847077,0.7051595132841412,7973,32,23.36068071821567,3.364806951017095,1.8502351834430857,5.0,21.122,0.0,0.25072683713985494,0.9490673473394856,1.0513112884834663,0.04889071487263763,84.254982,681,751,0.9067909454061251,1680,1735,0.968299711815562,3081,3182,0.9682589566310497,18726,19797,0.9459008940748598
1606,3421.6249552991376,67.0377519233687,0.5954552033579389,0.40179476045737444,0.0,0,5.03625256482609,0.8941549632950231,0.6541933885742596,6909,20,19.845737372971456,3.2399074457129777,2.1477880408361694,6.0,21.862,0.0001447178002894356,0.3443291135283454,0.9551900846144679,1.04469473851787,0.04274251815796479,64.920112,740,791,0.9355246523388117,1831,1901,0.9631772751183587,3524,3670,0.9602179836512261,17950,18811,0.9542289086172984
1607,644.7149709353612,36.664887507127496,0.5099885189437429,0.4856486796785304,0.0002296211251435132,0,10.425150750999045,0.8589342135395955,0.5877842165793147,4355,16,23.630247428849458,2.102123237789115,2.0018009905447998,7.0,15.691,0.0,0.2772485883087765,0.9375211649170335,1.06088953142274,0.058654765699713104,34.640702,4589,4940,0.9289473684210526,2746,2854,0.9621583742116327,1991,2107,0.9449454200284765,1748,1911,0.9147043432757719
1608,4815.622915953305,76.09679512170747,0.6369201469187865,0.3613113862059584,0.0,0,10.684126899571655,0.8948906118468027,0.6706956876849695,7351,31,20.813477697396728,3.110256443540229,1.528406663818881,4.0,19.347,0.0,0.2382273066160606,0.9760666947683949,1.0232067510548524,0.022748077627242767,74.524882,1870,1985,0.9420654911838791,2651,2685,0.9873370577281192,3775,3826,0.9866701515943544,12544,12855,0.975807078957604
1609,4514.013158627686,83.88916158299331,0.6073798160866023,0.3894773600279362,0.0006984053078803399,0,9.21210084293744,0.8587774207689859,0.6317882643903443,8591,21,22.017870219929677,2.755523002330035,1.5047911077041012,3.0,24.106,0.00011638733705772812,0.4057218237543828,0.9249057394218685,1.076058409496796,0.07215392838054516,82.782868,2552,2698,0.9458858413639734,1952,2005,0.97356608478803,2249,2396,0.9386477462437396,10909,11997,0.9093106609985829
1610,5613.570429573567,63.90338768919446,0.73,0.2677777777777778,0.00037037037037037035,0,6.273419758934391,0.886563525808812,0.7337856780004336,5400,22,25.3771426176668,3.0705345674051245,1.473871131405378,3.0,11.101,0.0,0.24502468072702313,0.9745264532984977,1.0254514360444646,0.025318315377081294,63.101466,2103,2243,0.9375835934016942,2338,2395,0.9762004175365344,3766,3848,0.9786902286902287,11189,11417,0.9800297801524043
1611,5409.2085132799,73.7131836553179,0.6703231544619034,0.3265638897124222,0.0,0,8.403458662871053,0.8863656057969161,0.6952226814081854,6746,23,21.96033765027161,3.436018702892355,1.6842105263157894,4.0,17.035,0.0,0.29255561328339297,0.9671557715895153,1.032868118379779,0.03214034470629617,72.533632,1495,1574,0.9498094027954257,2467,2518,0.9797458300238284,3966,4042,0.9811974270163285,13362,13879,0.9627494776280712
1612,4811.350947615671,83.95491565621495,0.6176820561637315,0.38077106139933364,0.00011899095668729176,0,11.978340206703015,0.8796042128139625,0.6453497974650244,8404,23,23.269288324971612,3.2683959692484112,1.5472933924099403,4.0,23.061,0.0001189767995240928,0.35885495707523773,0.9671545876472688,1.0322630047475625,0.03160962117844619,82.20671,2453,2561,0.9578289730573994,2814,2841,0.9904963041182682,2847,2911,0.9780144280316042,10849,11294,0.9605985479015406
1613,5649.845554382113,71.79243553499047,0.6897248562101663,0.3066998290066843,0.0,0,11.601038350174132,0.8827005516898356,0.7424638087274807,6433,19,22.241596571693545,2.984085628853234,1.6290286229434303,5.0,15.009,0.0,0.3436385588677444,0.9536144234609459,1.0463840968810694,0.04427722340367523,69.855326,3135,3248,0.9652093596059114,2538,2584,0.9821981424148607,2955,3037,0.9729996707276918,8086,8658,0.933933933933934
1614,8934.320153097648,99.88860495604408,0.735100131910301,0.262861254347044,0.0,0,14.445489375930407,0.8743407894609223,0.7779419134887826,8339,18,21.06218384259462,3.410464334902878,1.7446982055464926,5.0,18.208,0.00011990407673860912,0.463196032022691,0.94659891236516,1.052575155224014,0.05005081300813008,98.139066,1368,1451,0.9427980702963473,2583,2654,0.9732479276563677,3178,3287,0.9668390629753575,14107,15042,0.9378407126711873
1615,5918.9048006285875,65.07957715673663,0.7427401340282949,0.2546537602382725,0.0,0,12.074922509878284,0.8711206485788487,0.7843769720968855,5372,17,22.28893507176621,2.937084985828345,1.531328320802005,4.0,10.666,0.0,0.31820017807763756,0.9529677918675954,1.0470110965278607,0.045082433200682205,63.573858,3096,3268,0.9473684210526315,2856,2943,0.9704383282364933,2969,3138,0.9461440407903123,7086,7448,0.9513963480128894
1616,3289.151128354181,52.78485883137241,0.633563672260612,0.36150049358341557,0.0023692003948667323,0,10.024285324034068,0.8689335264064252,0.6626422128909503,5065,16,23.92823482773,2.483702327203513,1.251168588345279,2.0,12.753,0.0,0.31431532459796674,0.9568748652339538,1.0391788347549515,0.043319810217974285,51.389542,4330,4544,0.9529049295774648,1888,1941,0.9726944873776404,2669,2770,0.9635379061371842,4426,4658,0.9501932159725204
1617,4902.839555956913,72.87593684178401,0.6477438136826783,0.3486171761280932,0.0002911208151382824,0,10.557911579181292,0.882831107186678,0.7069154757982619,6870,30,23.487794248573685,3.2091133188742305,1.726741573033708,6.0,18.565,0.0,0.23153248452010516,0.9610876249039201,1.0392336205651567,0.03838869127361759,70.57389,1720,1821,0.9445359692476661,3075,3160,0.9731012658227848,3821,3968,0.9629536290322581,11390,11867,0.9598044998735991
1618,4823.601437351524,115.43679488211818,0.5672448567970956,0.4287212585720048,0.0,0,9.778996920827478,0.8611299711132,0.6528286568955902,12395,26,22.745063411651973,3.8882886497607583,2.3871426539610296,7.0,42.477,0.00048383194903636804,0.47329619793608235,0.9144696083155504,1.0844875346260388,0.0777386280671682,110.19609,28,32,0.875,153,162,0.9444444444444444,573,624,0.9182692307692307,25815,28236,0.9142583935401615
1619,5166.772660962641,83.98220984660011,0.6234652114597544,0.37244201909959074,0.0,0,7.078285549734598,0.8683832474686963,0.7312451440913762,8063,17,21.74691149788547,3.730863868531738,2.4543465287447783,7.0,25.562,0.0,0.47729370889205114,0.926650277033721,1.0714312055168345,0.06667808219178083,79.416248,228,248,0.9193548387096774,902,983,0.9175991861648016,2495,2685,0.9292364990689013,21629,23337,0.926811501049835
1620,6009.3363398657875,74.07369253057358,0.701886213770894,0.2961202269590554,0.00015335071308081582,0,12.417008235803317,0.8663705091931496,0.7266931231519285,6521,17,22.184427728795516,2.843404703912988,1.4769499672274415,3.0,14.608,0.00030660738923808065,0.3861594380472339,0.9427976035425892,1.059996867004334,0.05735893532387173,72.979266,2389,2518,0.948768864177919,2322,2402,0.9666944213155704,3394,3556,0.954443194600675,9992,10719,0.9321765090027054
1621,8718.525424673484,87.3014527550399,0.7826405152224825,0.2150175644028103,0.00014637002341920375,0,18.77124160637127,0.8612085274881762,0.8352982511174919,6832,24,24.572540123880685,3.583976637978824,2.0598466429773703,5.0,14.345,0.0,0.284424377217285,0.9267387700323676,1.075735992402659,0.0708915538929842,84.661086,511,578,0.884083044982699,1586,1662,0.9542719614921781,3124,3286,0.9506999391357274,18257,19808,0.9216983037156704
1622,5602.21137039737,54.77698273893023,0.796871296515762,0.20194358852808722,0.0,0,15.556061815861993,0.8692064628362969,0.8544441956632117,4219,23,25.306949154945045,2.9409100840710574,1.7944675788221296,5.0,7.929,0.0,0.18525777701048718,0.9472093849982225,1.055149896111606,0.05328696432577967,53.184104,2654,2900,0.9151724137931034,3257,3379,0.963894643385617,3712,3885,0.9554697554697554,6364,6714,0.9478701221328567
1623,4759.015232720549,95.47791430966731,0.593639931568884,0.40313978061789274,0.0,0,15.728514707472073,0.8486434257318495,0.6339237312601519,9937,29,23.039509684199828,3.222172419447283,1.8633666723173419,4.099999999999454,30.699,0.0,0.34261989858642816,0.9126209322779244,1.0891132765994973,0.08199103790723022,93.533106,1055,1129,0.9344552701505757,2279,2368,0.9624155405405406,3238,3419,0.947060544018719,14181,15824,0.8961703741152679
1624,1833.226975430937,73.42057309854766,0.5219065960519981,0.47496389022628793,0.00024073182474723158,0,15.888665439665004,0.8492602162245639,0.639095286711698,8308,18,22.08023043933716,3.7321980701976027,2.800507380073801,8.0,31.728,0.00012035142616440005,0.45948833341575457,0.9462334880399857,1.0525164898193289,0.05041190629555548,68.800608,154,172,0.8953488372093024,923,968,0.9535123966942148,2592,2723,0.951891296364304,22835,24147,0.9456661282975111
1625,5638.980357076701,61.61480735258225,0.745024630541872,0.25399014778325124,0.0,0,11.31845129922005,0.8606782530951079,0.7928057849212132,5075,20,20.057482870775807,2.9607483671872954,1.8008463369478973,5.0,10.83,0.0,0.2544995638307459,0.9552281099461604,1.0442136330098188,0.042749416806813864,59.929808,2654,2816,0.9424715909090909,3303,3387,0.975199291408326,3739,3847,0.9719261762412269,7159,7595,0.9425938117182356
1626,4251.684299235543,51.481783522108664,0.7044400265076209,0.2926883145571018,0.0,0,12.169744534857177,0.8581690399464472,0.7909197525885511,4527,25,26.182602435603137,2.73577448680537,1.819692693634368,6.0,10.902,0.0,0.1765146044925996,0.9510661740877568,1.04871395167576,0.04694545679164865,49.746772,3310,3529,0.9379427599886654,3366,3462,0.9722703639514731,3089,3213,0.9614067849361967,4909,5225,0.9395215311004784
1627,5085.877256453288,86.77227863742614,0.6192258215413402,0.37808443456905627,0.0,0,12.765332578692426,0.8680532266114216,0.6702489981056802,8551,22,21.32464134258438,3.3620567186780606,1.9233238904627006,6.0,25.307,0.0,0.38475241969417334,0.9506632157877709,1.0485165369649805,0.04646589287780049,84.086996,807,854,0.9449648711943794,2025,2112,0.9588068181818182,3258,3394,0.9599292869770183,17418,18368,0.9482796167247387
1628,1590.6472598842254,78.1152503951665,0.5199220441749676,0.4761801645734084,0.00010827197921177999,0,10.866384462532459,0.8655415949672258,0.5501267654781795,9236,26,23.38670337631634,2.579950353650276,1.4104539775093712,3.0,30.364,0.0,0.352027423677008,0.9574434002563007,1.0411471988870458,0.04003280537187964,76.391958,2846,2969,0.9585719097339171,2140,2194,0.97538742023701,2833,2936,0.9649182561307902,10112,10629,0.9513594881926805
1629,6562.232290978335,79.57504536848035,0.7054624908958486,0.2920611798980335,0.0001456664238892935,0,10.010797607834848,0.8739492193295758,0.767806724339518,6865,25,23.99463427909571,3.4716446118644924,1.7385917819533347,5.0,15.906,0.0,0.2807216613374669,0.9560112311750192,1.0438454320566408,0.042369428827507535,77.194942,1022,1121,0.911685994647636,2340,2463,0.9500609013398295,3604,3760,0.9585106382978723,15506,16162,0.9594109639896052
1630,7143.99347781975,121.2855514096202,0.6201718528405773,0.3770751647618253,0.0,0,15.294088613770018,0.859473098984386,0.6511300921989084,11987,27,23.61448492121697,3.4912300710208957,1.8878127522195318,5.0,35.029,0.0001668195846192343,0.4480098529311253,0.9375660178059454,1.0618907277261391,0.05839727195225917,118.46472,401,437,0.9176201372997712,1427,1454,0.9814305364511692,2917,2993,0.9746074173070498,20108,21624,0.9298927118017019
1631,6019.014723794341,108.70562527412052,0.6095541401273885,0.38717015468607824,0.0,0,9.752957782437836,0.8760796136870133,0.6420878837825003,10990,22,24.451884144051377,3.335274322045527,1.8537095088819227,5.0,32.662,0.0007274049827241316,0.49564557604687143,0.9514273862050759,1.0480220652132846,0.046116766790172306,106.700464,536,589,0.9100169779286927,1384,1431,0.9671558350803634,2312,2424,0.9537953795379538,20997,22073,0.9512526616227971
1632,4406.135304525575,54.398866309759214,0.6998529720646923,0.297416509136736,0.0008401596303297626,0,9.871035801278506,0.8724158146410992,0.7462765041694598,4761,27,23.77068842883166,2.7269738694829004,1.7352941176470589,5.0,11.45,0.0,0.17528964191698154,0.9374844643301019,1.0627688088262794,0.06021141155171407,52.842098,3045,3269,0.9314775160599572,3094,3218,0.961466749533872,3278,3447,0.9509718595880475,5669,6158,0.9205911010068204
1633,2385.788013446676,64.95855935139765,0.5584542410714286,0.43819754464285715,0.0,0,8.258423725400029,0.865033211885963,0.5883798982948449,7168,16,22.703678500988495,2.921448364300671,1.567324506620035,4.0,22.365,0.00013948946854512484,0.4487115466361541,0.9579087048832272,1.0430256028896208,0.041416505545944844,63.328616,2627,2739,0.959109163928441,2425,2475,0.9797979797979798,3433,3558,0.9648679033164699,9562,10068,0.9497417560588002
1634,4845.641504727093,63.672549537457726,0.6808996661395186,0.3169917413459849,0.0,0,6.0380179605551545,0.8700589555145418,0.7312891601562664,5691,18,22.61178573261402,3.0409680048840513,1.816,5.0,14.456,0.0,0.3191951016638286,0.9420806089587196,1.0586825761650938,0.05575009214891264,61.977048,1779,1927,0.9231966787752984,2603,2726,0.9548789435069699,3840,3987,0.963130173062453,11085,11854,0.9351273831618019
1635,8137.865511615801,102.30481819903979,0.6918912947414936,0.30468404772425983,0.0,0,11.649215131181137,0.8780862522739342,0.7469819360821657,9052,19,24.24172387966896,3.4382949898288437,1.9238384160945234,5.0,22.816,0.00044169611307420494,0.4821668917284787,0.9380769071567532,1.0640195834370592,0.060107376283846874,99.692906,817,883,0.9252548131370328,2195,2249,0.9759893285904847,3547,3619,0.9801050013815972,16104,17408,0.9250919117647058
1636,5317.37106664676,102.54533376739543,0.5963198330645926,0.39988618040405954,9.484966328369534e-05,0,9.759069259461306,0.8587805682820393,0.6605604085769314,10543,26,25.33524801393314,3.766562321890852,2.3076188961348816,7.0,34.523,0.0001896633475580844,0.4058074659427299,0.9245369071007578,1.0778071567072096,0.07261842790213431,99.06737,71,82,0.8658536585365854,492,517,0.9516441005802708,1274,1343,0.9486224869694714,24516,26562,0.9229726677208041
1637,4198.111930075768,47.484456627088385,0.7320441988950276,0.26343545956805625,0.0020090406830738324,0,8.21250742321502,0.8562442061531322,0.7632533003350837,3982,17,22.43093496569795,2.563562379735197,1.565351629502573,3.0,8.504,0.0,0.23415608375557365,0.9038674033149171,1.096435438544594,0.09106126548376298,46.072242,4056,4207,0.964107439980984,1922,2108,0.9117647058823529,2515,2838,0.8861874559548978,3777,4422,0.8541383989145184
1638,5109.5295364699805,75.43773497088509,0.6492785793562708,0.34739178690344064,0.0,0,8.650102147952163,0.859960473024487,0.7144987615813498,7208,25,22.203879656968798,3.2805843719157703,1.8989316239316238,6.0,19.68,0.0,0.29061874141037247,0.9454824561403509,1.0556874120956399,0.052684061824829646,73.02223,1121,1212,0.9249174917491749,2540,2629,0.9661468238874097,3836,3998,0.959479739869935,14060,14961,0.9397767528908495
1639,2655.2874344873344,33.76111260881755,0.6907287033869313,0.30756072528224426,0.00034211426616489907,0,11.781113840444995,0.8746517916452143,0.7672231907520803,2923,17,22.04580948461478,2.121730646015258,1.9068845963348193,6.0,7.411,0.0,0.17043434064405452,0.9496806490592093,1.0512576713631256,0.04962677384956115,32.201212,4901,5113,0.9585370623899863,2839,2963,0.958150523118461,1859,1992,0.9332329317269076,1404,1518,0.924901185770751
1640,6501.2359127627915,112.224194951197,0.6173991031390135,0.37955156950672647,0.0,0,12.598910476705953,0.8566436542432847,0.6568169179262705,11150,26,19.163032568224033,3.4950954921536503,1.7757117954677513,5.0,32.331,0.00026898592307002603,0.4269540251556222,0.9353655651076583,1.0656443899932815,0.06164890467732386,109.624562,662,707,0.9363507779349364,1689,1757,0.9612976664769494,2749,2819,0.9751684994678964,18619,20075,0.9274719800747198
1641,6813.599223028861,99.61787898649474,0.6498241125679565,0.34729772945314996,0.0,0,11.187950741837797,0.8634827983948229,0.7322127552687335,9381,21,24.238951072143237,3.7471812522472874,2.1935695538057742,6.25,27.137,0.0004262120404901438,0.4481244103193137,0.9443026306459619,1.0545279931706624,0.0518354175070593,95.990254,146,163,0.8957055214723927,840,900,0.9333333333333333,2197,2284,0.9619089316987741,23452,24859,0.9434007804014642
1642,3894.412601943253,74.95686282998722,0.5975975975975976,0.3993993993993994,0.0,0,9.656778198518321,0.8635828345713799,0.6523485888382503,7659,16,24.450603627561755,2.8468034380008405,2.0594275726458378,6.0,24.089,0.0005219887772412893,0.4742533524057445,0.9227552021479837,1.075466804979253,0.0702798713455907,72.984198,1973,2105,0.93729216152019,2972,3122,0.9519538757206919,3483,3659,0.9518994260726975,9443,10481,0.9009636485068219
1643,4314.927639071077,40.068498764993734,0.8270502645502645,0.16997354497354497,0.0023148148148148147,0,10.518120971745121,0.8657549652578528,0.8351044550035625,3024,18,24.110542090825,2.4517387423296877,1.4422231107556978,3.0,4.289,0.0,0.16800233638414164,0.9485314949475872,1.0515249100208373,0.05337028428392634,39.656794,3490,3751,0.9304185550519861,2426,2499,0.9707883153261304,2033,2112,0.962594696969697,2095,2227,0.9407274360125729
1644,6649.972043215583,91.72970485555493,0.6667062737642585,0.33115494296577946,0.0001188212927756654,0,11.225578748661867,0.8608904528209141,0.7144761638154422,8416,25,19.929453640890074,3.2514332685914398,1.8433434325432188,5.0,21.931,0.0,0.33698213907112173,0.9471888064158348,1.0544639043143955,0.05212082002345235,89.405546,1039,1115,0.9318385650224216,2387,2446,0.9758789860997547,3764,3842,0.9796980739198334,15014,16039,0.9360932726479206
1645,4115.784388213986,118.79462812810993,0.5522603155339806,0.44432645631067963,0.0,0,12.760475772001985,0.8579666608605658,0.5871347013835261,13184,32,21.39416090292142,3.405867550167509,1.804285125669551,5.0,43.656,0.00030330603579011223,0.4136118821266582,0.9265770824458816,1.0743801652892562,0.06927374301675977,116.239278,514,540,0.9518518518518518,1503,1572,0.9561068702290076,2467,2567,0.9610440202571094,19443,21144,0.9195516458569807
1646,2197.6890158443143,119.501495484394,0.5152044739601538,0.48150996155190495,0.0,0,10.672859749364774,0.8613050790380508,0.5363137637081403,14305,29,21.680918241416144,3.12477622572361,1.7576662143826323,4.0,50.021,0.00041925791349311717,0.4932314686966689,0.9567083549174868,1.0424467099165895,0.040951029098651524,117.63426,571,605,0.943801652892562,1173,1200,0.9775,1963,2003,0.9800299550673989,22149,23218,0.9539581359290206
1647,6642.0308400667445,108.74476129409061,0.6254148885727833,0.3714556661925083,0.0,0,10.434569921251377,0.8369922473397404,0.6931442925189397,10545,22,21.096021597808033,3.6850166062271676,2.228354814253222,6.0,32.215,0.0006633813495072025,0.4796022984979026,0.9349104044195764,1.0627442620621048,0.05885881882415678,104.916766,140,151,0.9271523178807947,786,809,0.9715698393077874,1916,1994,0.9608826479438315,23558,25284,0.931735484891631
1648,3285.667682888197,46.935662067988716,0.6577552431435815,0.33809633556118923,0.0009218713989398478,0,10.254251852956726,0.8656238691180539,0.7348451455388375,4339,21,23.299401483035815,2.5587812908433163,1.7126839523475823,6.0,11.179,0.0,0.2007939743546833,0.9583393397722358,1.0422504694496606,0.04204929917834703,44.902474,4131,4319,0.9564714054179209,3004,3073,0.9775463716238204,2478,2597,0.954177897574124,3683,3885,0.948005148005148
1649,5021.074175718154,60.24857727832541,0.708948074343744,0.2891358497796513,0.0,0,11.628701011897713,0.8540614261757572,0.7658720418810716,5219,32,21.771047044506986,2.956642338226233,1.8137837837837838,5.0,12.665,0.0,0.1651651476177882,0.9339417132764204,1.066930295697338,0.06299994483367352,58.227448,2713,2912,0.9316620879120879,3306,3394,0.9740718915733647,3311,3445,0.9611030478955007,6533,7234,0.9030964888028753
1650,3715.152321718553,98.5065709200153,0.5584342963653308,0.43783783783783786,0.0,0,11.392768840714801,0.862350670404431,0.616571386052508,10730,25,18.986821075018387,3.6162158090276075,1.951935914552737,6.0,34.87,0.0004657661853749418,0.4326845023519128,0.9468798349664775,1.0523318170050668,0.04994225317607531,94.782678,283,307,0.9218241042345277,1203,1267,0.9494869771112865,2955,3112,0.9495501285347043,21263,22460,0.9467052537845058
1651,3049.8748500558013,65.42641363732803,0.5833699311960181,0.41355584833845704,0.0,0,7.652846426804583,0.8698306402265864,0.6390027543843804,6831,16,22.13394954491867,3.1776902879452606,1.819573400250941,6.0,21.29,0.0,0.4235657246102368,0.9640643788733697,1.0343148620449802,0.03313508920985556,63.524084,1503,1647,0.912568306010929,2677,2770,0.9664259927797834,4447,4572,0.9726596675415573,12218,12633,0.9671495290113196
1652,3075.643878286139,69.74869111224865,0.5762803234501348,0.42088948787061997,0.0,0,8.694226481821854,0.8624165191445405,0.6241540537402668,7420,16,22.182825035979427,2.8625211096964076,1.900841908325538,6.0,23.534,0.0,0.4572167351621892,0.9637811572032754,1.0351439141026797,0.03424002780915964,67.895532,1269,1370,0.9262773722627737,2915,3030,0.9620462046204621,4438,4582,0.9685726756874727,12799,13244,0.9663998791905769
1653,3710.8781434761363,113.5436708244407,0.5463426070647077,0.45021881838074396,0.0,0,10.852705949350405,0.8813669806443222,0.5927891682661434,12796,27,23.3296095793511,3.578716411256942,2.2797882992418823,6.0,45.326,0.00039059448480587456,0.4758535345638293,0.9582182087741762,1.0415836905525366,0.03995082974800246,110.728188,85,93,0.9139784946236559,415,426,0.9741784037558685,1040,1071,0.9710550887021475,26898,28088,0.9576331529478781
1654,6206.962094729489,81.23603905468354,0.6827699466265225,0.31586150266867385,0.0,0,13.889868140477033,0.8697039960358891,0.732236486680302,7307,30,21.584334788573962,3.3752806786247254,1.727199839647224,5.0,18.219,0.0,0.24783727511139558,0.9505347023987047,1.0486514168658245,0.04643698708052328,79.142086,1070,1153,0.9280138768430182,2328,2407,0.9671790610718737,3515,3643,0.9648641229755696,15397,16268,0.946459306614212
1655,3053.660709410698,81.34689476254879,0.5593844095015055,0.43693542990966877,0.00011152001784320286,0,14.554963749899665,0.8848831783660743,0.5995602445355013,8967,18,22.75415007533314,2.967470379229499,1.9342105263157894,5.0,29.665,0.00033444816053511704,0.49639201924803156,0.9580137582035265,1.0419439163498099,0.04062203679120045,79.657928,808,869,0.9298043728423475,1658,1706,0.9718640093786636,3010,3106,0.9690920798454604,18756,19613,0.9563044919186254
1656,7410.345329227204,81.26894278600834,0.7407517456544347,0.2570197593225375,0.0,0,11.634127210745008,0.8874796886403927,0.7985129212608756,6731,18,23.73993507867645,3.3992472684541624,1.99338146811071,6.0,15.409,0.00014854426619132502,0.37595753658425146,0.9564817407303707,1.0431767158434895,0.04159319175036418,78.874964,714,800,0.8925,1958,2023,0.967869500741473,3714,3802,0.9768542872172541,17527,18376,0.9537984327383544
1657,10918.588625769771,124.63398112110059,0.7256653992395438,0.2714828897338403,9.505703422053231e-05,0,15.65209177890696,0.8567312157232971,0.7858815502414791,10520,21,23.20217598385147,3.6110412380913126,1.8481791983232905,6.0,23.738,0.00028508980328803573,0.4986260719274729,0.9377527172904997,1.0597159578037052,0.05665593505039194,121.37315,334,362,0.9226519337016574,1158,1244,0.9308681672025724,2439,2628,0.928082191780822,21348,22723,0.939488623861286
1658,5105.781329833174,61.48809644935584,0.7096896290688872,0.28860711582134746,0.0,0,13.989649538185052,0.8757895942641754,0.737903627806744,5284,26,22.967433288925292,2.9182614302692484,1.58,4.0,11.625,0.0,0.20933245476555795,0.9557596934174932,1.0440255122199018,0.042417701025364275,60.136768,2681,2875,0.9325217391304348,3023,3140,0.9627388535031847,3385,3520,0.9616477272727273,7870,8209,0.9587038616153003
1659,2827.600637465609,46.89871402888136,0.6256286901377651,0.3710911874043298,0.001312048983162038,0,15.708548148505837,0.8561117596324122,0.687778148388483,4573,17,23.6813295143329,2.4889827920894882,1.53163229639986,3.0,12.29,0.0,0.2718828331349852,0.9382175600892045,1.057522859517872,0.05899269392196487,45.248908,5117,5307,0.9641982287544753,1714,1779,0.9634626194491287,1563,1695,0.9221238938053097,2965,3326,0.891461214672279
1660,6693.077151553318,94.27256832135042,0.6607387140902873,0.33641130870953034,0.00022799817601459188,0,15.057973902687891,0.8513075574823445,0.7089558166544844,8772,25,19.468115337231673,3.391814553119417,1.8956176673567977,5.0,23.597,0.00011398609369656902,0.3521132115691947,0.9331371587379435,1.066155360511853,0.06238503985285101,91.800982,700,750,0.9333333333333333,1931,2059,0.9378338999514327,3625,3847,0.9422926956069665,16576,17812,0.9306085784864137
1661,8024.948624058652,91.97481033252016,0.7214441731979956,0.2756006681228318,0.00025697031992804833,0,12.538384838156471,0.828866892351301,0.7981260423737521,7783,17,22.82720854890634,3.624321278431435,2.382724844167409,7.0,20.194,0.00012846865364850977,0.4630257008706222,0.9224675227153263,1.0752801781064865,0.07052870354213925,88.663414,306,344,0.8895348837209303,1082,1156,0.9359861591695502,2695,2871,0.9386973180076629,20486,22263,0.9201814670080403
1662,5251.080093272223,48.88241616785214,0.8221311475409836,0.17595628415300546,0.000273224043715847,0,9.285711603719403,0.8400175098488932,0.8960501661019155,3660,24,22.600419809603974,2.861835066615735,2.089398471252908,6.0,7.007,0.0,0.1569696377782238,0.9414395099540582,1.0594120174307986,0.056794545874740004,47.19239,2812,3011,0.9339090003321155,3512,3656,0.9606126914660832,3564,3731,0.9552398820691503,5481,5927,0.9247511388560823
1663,4684.680836287335,83.60451979695851,0.6076359707047665,0.38828190659142753,0.0,0,11.291802723693063,0.8455741143041724,0.6850072889505453,8329,20,21.281374665725533,3.736572210190233,2.390831851412764,6.0,26.577,0.00012004801920768308,0.4213344958221322,0.9273546184301333,1.0716604062579775,0.06677739737636013,80.067986,205,228,0.8991228070175439,834,891,0.936026936026936,2062,2233,0.9234214061800269,22430,24179,0.9276645022540221
1664,5743.755090619222,111.6354077560969,0.595058699842299,0.40143683196075,0.0,0,15.418844671579636,0.843040087349192,0.6644520053279095,11414,24,23.405215743270187,3.7388379352711105,2.193610129564193,6.0,36.098,0.0003503240497460151,0.4781444255286277,0.9368346092220047,1.0629687834845347,0.05928655166638754,107.824334,161,168,0.9583333333333334,785,830,0.9457831325301205,2029,2132,0.951688555347092,23336,24955,0.9351232217992387
1665,6495.9175671536805,95.76736270611768,0.6511627906976745,0.34663286674749255,0.0,0,12.992585519020361,0.8608429257728388,0.6974071523456987,9073,20,23.120789173855663,3.2552792689039096,1.691096817874069,4.0,23.979,0.00033054208902600263,0.4508968922199055,0.9488957027951829,1.050523035833519,0.048176973183317824,93.69735,1370,1457,0.9402882635552505,2409,2501,0.9632147141143542,3352,3475,0.9646043165467626,14222,15070,0.9437292634372927
1666,4170.287571621614,130.96887473078465,0.5429855013273432,0.45320264107276564,0.0,0,14.037923669623023,0.848581411153931,0.5951344569649896,14691,32,21.72226029120877,3.6892625206134047,2.081860348501943,6.0,50.772,0.0002041649652919559,0.46263720280693676,0.901021409617971,1.0984917649636636,0.08946183888263719,127.108422,142,152,0.9342105263157895,614,640,0.959375,1738,1819,0.9554700384826827,22294,24900,0.8953413654618474
1667,6655.399475970581,91.07805920656544,0.6663032945736435,0.33103197674418605,0.0,0,8.725867140150745,0.8437359970513693,0.7539572933789352,8256,30,23.720249657092957,3.770330311954111,2.3584802763133976,7.0,24.152,0.0,0.2774922202760668,0.9053881278538812,1.0954932472108045,0.0875,86.99335,135,151,0.8940397350993378,689,738,0.9336043360433605,1895,2030,0.9334975369458128,22066,24456,0.902273470722931
1668,5693.648454113264,86.94272479699526,0.6417640679599952,0.35498252801542357,0.0,0,9.831675663140075,0.8570157965556775,0.6850332656732927,8299,22,22.638418555837916,3.1742457815994465,1.821066466391288,4.0,23.046,0.0,0.3789985795000943,0.9164791771890353,1.0841039797561536,0.07755188479457857,84.891952,1408,1506,0.9349269588313412,2395,2457,0.9747659747659748,3251,3363,0.9666964020220041,12906,14453,0.8929633986023663
1669,3008.4977858108537,81.09651100106417,0.5595304639463388,0.43666852990497484,0.00022358859698155394,0,9.348624103232305,0.8712076457840756,0.5864548507128717,8945,19,20.88320444025966,2.8562566449354296,1.6011988011988012,4.0,28.085,0.00044697731590121804,0.46648540386210924,0.9525781831720029,1.0473168455436304,0.04565642209984011,79.646558,1731,1873,0.9241857981847303,2150,2252,0.9547069271758437,3224,3374,0.9555423829282751,13364,13989,0.955322038744728
1670,5689.548353841442,64.72816278854678,0.7258447488584475,0.2708675799086758,0.00018264840182648402,0,7.890852353431088,0.8515908270894145,0.7826827441071347,5475,18,22.04491572520333,3.221265412838466,2.181680926019124,6.0,13.54,0.00018261504747991235,0.3085983331095853,0.9217690235064573,1.0815746564174238,0.07589937322915773,62.65291,1265,1372,0.9220116618075802,2574,2688,0.9575892857142857,4090,4311,0.9487357921595917,11913,13155,0.9055872291904219
1671,3673.272908244637,110.59700848932579,0.5450468813697513,0.4516102731349368,0.0,0,8.214710975856178,0.8596613375813682,0.6236465072260609,12265,27,20.675128417665988,3.9532585166144636,2.4592370979805533,7.0,44.017,0.0008960573476702509,0.45621169276212625,0.9520058254998014,1.0466451977025995,0.044528779253636935,105.881358,20,23,0.8695652173913043,122,127,0.9606299212598425,486,503,0.9662027833001988,28134,29559,0.9517913325890591
1672,5035.761947066205,48.99892978291103,0.7973977695167286,0.19861922464152948,0.0002655337227827934,0,11.139408687938548,0.8598867855859212,0.8605330963814116,3766,19,25.438734418950304,2.9058544813356852,1.9037629037629038,5.0,7.225,0.0,0.19987483035274728,0.9547462001720677,1.0458515283842795,0.04429096091651592,47.357864,2560,2716,0.9425625920471281,3450,3573,0.9655751469353484,4169,4327,0.963485093598336,6467,6819,0.9483795277899986
1673,5107.122327882372,101.13308916216414,0.5955163824487449,0.40151369994251773,0.0,0,13.300908522434929,0.8624586430079366,0.6257492192553548,10438,24,23.857383620663704,3.1694524860399476,1.7416344916344917,5.0,31.029,0.00019157088122605365,0.4379982053666258,0.9529346385670927,1.0470643655517966,0.045027759634226,99.447976,1066,1160,0.9189655172413793,2597,2673,0.9715675271230827,3233,3321,0.9735019572417947,15396,16239,0.9480879364492888
1674,6406.8500862500705,72.59001658926839,0.7301690507152145,0.26771781534460337,0.0,0,8.459694413487624,0.8663182846488903,0.7606100173694916,6152,27,24.252206286004437,3.0594205003161123,1.601959038290294,4.0,13.162,0.0,0.22559530887098417,0.9495011511895626,1.0505050505050506,0.04830306276476603,71.00967,2198,2383,0.922366764582459,2641,2721,0.9705990444689453,3299,3393,0.9722959033303861,10420,11048,0.943157132512672
1675,5865.322817120558,68.80152053187506,0.7188306104901118,0.2789337919174549,0.0,0,8.787502938952802,0.8461402085338176,0.7704513231443659,5815,17,21.717774770491282,3.061060385418331,1.579425837320574,3.0,12.697,0.0,0.3426414481884862,0.9463607512616409,1.0541047693510555,0.051470588235294115,66.996634,2345,2483,0.9444220700765203,2469,2572,0.9599533437013997,3336,3486,0.9569707401032702,10040,10680,0.9400749063670412
1676,10672.942661189421,112.41077753853176,0.7587228439763002,0.23908272986614001,0.0,0,10.337092863402312,0.8658075140831661,0.8127680535211366,9114,25,19.916936706446208,3.8130233965700895,1.970065075921909,6.0,19.779,0.0,0.3649335878640213,0.9399451781709445,1.0597659316349104,0.05636736202089422,109.362838,184,204,0.9019607843137255,765,804,0.9514925373134329,1975,2078,0.9504331087584216,23480,25005,0.9390121975604879
1677,7109.752989202057,61.316762415070755,0.8746247979681366,0.12283537289309628,0.00023089355806972986,0,10.431961131153333,0.8516123255458153,0.8997626063919169,4331,20,21.858081449616744,3.0489954514113333,1.6948257655755017,4.0,5.906,0.0,0.2182873536342433,0.9247272727272727,1.0776233537658555,0.07251264755480608,60.333626,2740,2909,0.9419044345135785,2769,2918,0.9489376285126799,3129,3340,0.9368263473053893,6620,7333,0.9027683076503478
1678,6857.012249088911,72.71517441489355,0.7571646599966084,0.24080040698660335,0.0,0,8.406157096416822,0.8558545549788684,0.8034989083349067,5897,21,21.329608129795464,3.2667428559506764,1.7522956326987682,4.0,12.295,0.0,0.277510986473693,0.9478627824666486,1.0520147185753872,0.04947164114729351,71.0668,1459,1558,0.9364569961489089,2360,2455,0.9613034623217923,3662,3850,0.9511688311688312,13408,14175,0.9458906525573192
1679,1815.2336244341636,88.46841203861794,0.5181549604498237,0.47774706947488804,0.0,0,6.8254295503985425,0.8546177714222734,0.5378462479252577,10493,25,22.344272575344377,2.973835961603532,2.1311384954938384,5.0,38.248,9.52925481227368e-05,0.4202242552127673,0.907680559463044,1.0930223189106438,0.08525735294117646,86.680782,652,706,0.9235127478753541,1387,1456,0.9526098901098901,2671,2815,0.9488454706927176,17874,19904,0.8980104501607717
1680,2672.719682007745,31.672337047006163,0.713053263315829,0.2813203300825206,0.002625656414103526,0,11.477518584031687,0.8521644693598002,0.7797963624825293,2666,16,21.178025255939442,2.059907221208248,1.8569174118884797,5.0,6.264,0.0,0.16985745385172318,0.9373002444068433,1.0607807921353625,0.062483475808583766,30.216268,4963,5293,0.937653504628755,2472,2613,0.9460390355912744,1594,1703,0.9359953024075162,942,1029,0.9154518950437318
1681,6743.690149800307,92.92482774824423,0.6634604105571847,0.33243401759530794,0.00035190615835777126,0,7.6350043462066335,0.8497591297397332,0.7445561121126182,8525,22,18.558193496985904,3.780113841979468,2.366336633663366,7.0,24.918,0.0001172882946281961,0.38621233257399634,0.9186199342825849,1.0829455944312145,0.07721851627248838,89.507246,177,190,0.9315789473684211,827,850,0.9729411764705882,2280,2362,0.9652836579170194,21877,23988,0.9119976654994164
1682,3708.361888713943,51.50778396277624,0.662798058662165,0.3336146866427516,0.0,0,7.176832757922647,0.8378911266468442,0.7239688470040266,4739,18,21.88415965250778,2.92672931931153,2.115568290353391,6.0,13.379,0.0,0.2594205271955385,0.9441089213816487,1.0565577249575553,0.05364484107089141,49.68449,2143,2281,0.9395002192021044,3251,3351,0.9701581617427634,4212,4386,0.960328317373461,8215,8858,0.9274102506209077
1683,4137.4686578030705,41.61392532107544,0.7848022422921208,0.21395203986297104,0.0006228589224540642,0,12.888932555495751,0.8623050969888298,0.8654599479306884,3211,19,22.617098027133206,2.466976621445108,1.7412698412698413,5.0,6.01,0.0,0.1723873599461146,0.9406191292983745,1.0602261553588987,0.05823076923076923,39.91516,4580,4814,0.9513917739925218,2648,2757,0.9604642727602466,2065,2234,0.9243509400179051,2223,2438,0.9118129614438064
1684,3889.4187602340608,43.041770659000186,0.7413890457368718,0.2555053642010164,0.002258610954263128,0,9.96156411782202,0.8558806627648274,0.7886096796947502,3542,16,21.958636021649546,2.4531669720832117,1.6717440974866717,4.0,7.716,0.0,0.2240171760265932,0.9277478862413528,1.072950440018527,0.07263525554209138,41.637486,3958,4267,0.9275837825169908,2690,2827,0.9515387336399009,2441,2637,0.925673113386424,2981,3279,0.9091186337297956
1685,5434.795211353237,60.27400157943916,0.7385607740374924,0.25902035879862934,0.0,0,9.906306599664239,0.8604951033253703,0.8018807847986625,4961,22,18.105136278340055,2.9992238881222995,1.8717248908296944,5.0,11.116,0.0,0.22906595303893504,0.9406950608034119,1.059720457433291,0.05634415619731332,58.441526,2761,2913,0.94782011671816,3041,3148,0.966010165184244,3460,3628,0.9536934950385888,7060,7662,0.9214304359175151
1686,8621.501908470551,89.70545702190479,0.7659368070953437,0.23240022172949001,0.0,0,8.369500777111426,0.8611691789994186,0.800435141771805,7216,28,21.514623666539624,3.3393666823627326,1.8861950425185454,5.0,15.053,0.0,0.2591758630881228,0.9320982514571191,1.0681287525016678,0.06398565973034058,87.865468,942,1025,0.9190243902439025,1888,1938,0.9742002063983488,3173,3282,0.9667885435709933,16386,17775,0.9218565400843882
1687,3261.4298701710454,80.55356770785386,0.5668651247996336,0.4293565376688802,0.0,0,11.523299957918432,0.8490611707613719,0.6206947282564466,8734,22,22.72906041004027,3.280159375295013,1.9828317511613816,6.0,28.418,0.00034336728854297816,0.40400290181675524,0.9379939209726443,1.061295514856223,0.0577308620760198,78.311888,1057,1136,0.9304577464788732,2517,2610,0.964367816091954,3604,3734,0.9651847884306374,14424,15550,0.927588424437299
1688,5021.054522662756,100.24555086897445,0.5944744976816074,0.4032071097372488,0.0,0,10.53366604656108,0.8574682875381227,0.6467318766043431,10352,32,24.6502918152834,3.3500220982850126,1.7752681182970427,5.0,31.317,0.0,0.3247065393755577,0.9349891648608102,1.0672872229411028,0.06309542401999063,97.673554,868,940,0.9234042553191489,2156,2244,0.9607843137254902,3149,3262,0.9653586756591048,16263,17550,0.9266666666666666
1689,3840.787823196848,45.29543626534359,0.7159916926272066,0.2803738317757009,0.001557632398753894,0,9.270745015016917,0.8412994396895784,0.7645131611059429,3852,25,22.247876374512046,2.4978387639136352,1.7055837563451777,4.0,8.66,0.0,0.15632324901489075,0.9260862959586752,1.0727258852258852,0.07106061675252276,43.865356,4105,4380,0.9372146118721462,2589,2751,0.9411123227917121,2396,2597,0.9226030034655371,3101,3436,0.9025029103608847
1690,6044.208745870584,70.60728889064914,0.7175496688741722,0.2802980132450331,0.0,0,11.329321695085993,0.8685498791613652,0.7828508528566614,6040,26,21.44974280749829,3.156578453470518,1.8659437009690816,6.0,13.852,0.0,0.2305096198554424,0.9463025935136781,1.0543854293854293,0.05155482815057283,68.31272,1878,2034,0.9233038348082596,3283,3366,0.9753416518122401,3825,3947,0.9690904484418545,9659,10356,0.932696021629973
1691,6244.676167948947,78.79443869710154,0.6921203438395416,0.3055873925501433,0.00014326647564469913,0,14.206849022293532,0.857407887939838,0.7306867255647777,6980,20,23.692024903499195,3.2180745287157557,1.8573794245497826,5.0,17.593,0.0,0.343018448389903,0.9338058180470632,1.0679296095092168,0.06371167107602897,76.7546,1371,1470,0.9326530612244898,2547,2681,0.9500186497575531,3893,4090,0.9518337408312958,12348,13347,0.9251517194875253
1692,4280.671229501999,55.71660967566257,0.683661180248896,0.3135287033319952,0.0006021678040947411,0,15.589668606038828,0.8619115595481163,0.7452162158236535,4982,19,23.743830837117535,2.6519461410238407,1.6192014092777451,5.0,12.154,0.0,0.2604483682700088,0.949216639654241,1.049637705695131,0.04826788354007327,53.880522,3879,4054,0.9568327577701036,2720,2798,0.9721229449606862,2581,2728,0.9461143695014663,4876,5228,0.9326702371843917
1693,7590.94370231026,105.36976478882748,0.6610011400145093,0.33506062804435693,0.0,0,13.01294929213981,0.8517406037130898,0.7615489121386754,9649,23,22.987329978610866,3.927840030098724,2.3689244277202883,7.0,28.057,0.0003108164111065064,0.42494538154372297,0.9446044384211418,1.0528999796015504,0.05007885166232178,100.695138,51,56,0.9107142857142857,346,354,0.9774011299435028,1077,1122,0.9598930481283422,26406,27983,0.9436443555015546
1694,4339.826623314357,79.7873127384898,0.6061466304616144,0.3908911379906196,0.00012342631449024932,0,13.54285991636345,0.8557425309439354,0.6499305498536397,8102,18,24.792824967816735,2.8738782581549995,1.7973936061901854,4.0,23.929,0.0,0.45270267531294794,0.9267366888519135,1.071644750573993,0.06753939393939394,77.906772,2103,2300,0.9143478260869565,2752,2849,0.965952965952966,3139,3276,0.9581807081807082,9829,10807,0.9095030998426945
1695,8720.88957102996,93.75644162440744,0.7486574983628029,0.24872298624754421,0.0,0,13.928545655747307,0.8579580628265138,0.8093972207685005,7635,19,22.45901538078061,3.6789908693795628,2.1817704688593422,6.0,17.979,0.0,0.4116752761602571,0.9455027993892242,1.0537791227622415,0.05096090811855226,91.044292,318,343,0.9271137026239067,925,957,0.9665621734587252,2491,2629,0.9475085583872195,22273,23577,0.9446918607117105
1696,4048.228750618028,56.497755472381,0.6630121177149452,0.3342950567416811,0.0,0,12.288258272456911,0.8398975006133502,0.719530560504446,5199,21,21.487126963937108,2.9575501148326397,1.9840440963156367,6.0,14.251,0.0,0.24930665540773062,0.9426408105458111,1.0584383696185955,0.05565843621399177,54.724188,2318,2466,0.9399837793998378,3133,3253,0.9631109744850906,3875,4046,0.9577360355907069,7979,8593,0.9285464913301524
1697,5113.9820089888135,82.51527368946908,0.6272040302267002,0.37065491183879096,0.0,0,12.833202252526126,0.8452914211606025,0.7263688372288782,7940,19,26.535135061967672,3.639518318485744,2.3674698795180724,7.0,24.511,0.0,0.4258745358774503,0.9272006593147836,1.0718626677190213,0.06714259564341937,78.640718,406,460,0.8826086956521739,1635,1760,0.9289772727272727,3518,3748,0.9386339381003201,18067,19513,0.9258955568082816
1698,7017.503274895425,66.00130770611308,0.8165728077232502,0.18181818181818182,0.0,0,11.65055989259167,0.8551148652724724,0.87745576187199,4972,30,23.702005232308657,3.3973109361537817,2.0,6.0,9.387,0.0,0.16861215745949565,0.9491863469471012,1.0508582326764144,0.048643753503816466,63.715844,1291,1406,0.9182076813655761,2580,2692,0.9583952451708767,4259,4469,0.9530096218393377,12810,13494,0.9493108048021343
1699,5085.73118056672,53.381149226406926,0.7626641651031895,0.2352251407129456,0.0,0,13.025461473782968,0.8488660242989645,0.7910365827603298,4264,23,21.832188701129393,2.728478535749124,1.7306273062730628,5.0,8.663,0.0,0.18520744285910815,0.9374346917450366,1.0630029440628066,0.059632745808511946,51.755222,3380,3544,0.95372460496614,3090,3215,0.9611197511664075,3076,3287,0.935807727411013,4808,5266,0.9130269654386631
1700,8897.19658569686,89.0664017484536,0.7834504517424351,0.21497203499211243,0.0,0,11.991852512958987,0.8306105783915433,0.8363837158485463,6973,24,21.19183829514096,3.5193810134392014,2.085667215815486,5.0,14.935,0.0,0.2902704564887131,0.9169057774331136,1.0845125174933914,0.07794065069717554,86.683042,470,506,0.9288537549407114,1347,1412,0.9539660056657224,2494,2653,0.9400678477195628,19336,21219,0.9112587775107215
1701,6514.646677208346,73.95645303050213,0.7307258973120876,0.26685981007564785,0.0004828585224529213,0,15.427644131137072,0.8510415209355,0.7640530817268538,6213,25,24.511696371620708,2.930630281713271,1.5693832599118942,3.0,12.927,0.0,0.25091624096881304,0.9372123602892833,1.0632647462277092,0.06014418125643666,72.471562,2604,2769,0.9404117009750813,2538,2620,0.9687022900763359,2990,3154,0.948002536461636,8974,9709,0.9242970439798125
1702,7016.0968519745265,85.17659169007663,0.7031649831649832,0.29373737373737374,0.0,0,13.741380701515576,0.8456650794197934,0.762821492542334,7425,32,19.635531325460654,3.6337936237958113,2.095767094426355,6.0,19.135,0.0,0.23205796749755878,0.9221343260431208,1.078403171888362,0.07297433316557625,82.437288,450,489,0.9202453987730062,1403,1468,0.9557220708446866,3063,3174,0.9650283553875236,18864,20657,0.9132013361088251
1703,7001.440283914557,71.69052679450799,0.7736379613356766,0.22407732864674867,0.0001757469244288225,0,16.234336028326865,0.847213524785014,0.8182456035235186,5690,24,18.48611865307823,3.1754896845768257,1.74670604270786,4.0,11.153,0.0,0.23690920183139896,0.9333532130609811,1.066723099138575,0.06261355695317959,69.88944,1917,2024,0.9471343873517787,2629,2729,0.9633565408574569,3678,3857,0.9535908737360643,10556,11511,0.9170358787246982
1704,6582.600668365945,111.48920693651223,0.6165392761764436,0.3806059489824109,0.0,0,13.635033198865802,0.8359874568004161,0.7194235717567665,10859,25,22.271529514926762,3.8998761418114958,2.4681105302464528,7.0,34.735,0.00018414510634379893,0.4328809709706338,0.8918573709419905,1.10610278372591,0.09570713552361396,106.022982,42,47,0.8936170212765957,241,264,0.9128787878787878,1054,1137,0.9270008795074758,23800,26737,0.8901522235104911
1705,6211.721537107817,83.09851754606599,0.6749435665914221,0.32266631257469125,0.0001327844907714779,0,11.365898739795522,0.8440722847445198,0.7170340490455934,7531,21,21.53148191361591,3.3608470191149635,1.9805233130041313,5.0,20.007,0.0,0.35573046843990164,0.9350166059781522,1.065853854175022,0.062145832551506734,81.146116,721,768,0.9388020833333334,1625,1699,0.9564449676280165,2939,3122,0.9413837283792441,18082,19402,0.9319657767240491
1706,4557.545811323363,43.359487730653456,0.809074299634592,0.1881851400730816,0.0003045066991473812,0,15.809736543683655,0.8379851701177707,0.8878750083798782,3284,16,22.940305318042775,2.774013647616216,2.0414000752728643,6.0,6.328,0.0,0.2064610375237312,0.9431254891729716,1.0584776216922573,0.05567873860556787,41.616604,3128,3353,0.9328959141067701,3393,3540,0.9584745762711865,3608,3798,0.9499736703528173,4331,4641,0.9332040508511097
1707,7032.044616555092,83.17435558578343,0.7098765432098766,0.28745791245791247,0.0,0,8.864736996057388,0.8367216936312852,0.7842943028306577,7128,22,20.113160319701006,3.6746490415313957,2.322924901185771,6.0,18.972,0.0,0.32136946048734305,0.9065116102882685,1.0941078017421735,0.08638172694237757,79.815972,336,360,0.9333333333333333,1008,1053,0.9572649572649573,2355,2464,0.955762987012987,20232,22522,0.8983216410620727
1708,5233.145966441537,103.07097982476493,0.5945107622896889,0.40229344863239025,9.399379640943698e-05,0,11.572968566006486,0.8341011310798956,0.6463534120372084,10639,32,21.25431612404244,3.740113287770513,2.2238735177865614,5.0,34.569,9.398496240601504e-05,0.33118676049267204,0.8824859175807886,1.118557660104938,0.10631251241968603,99.684154,132,147,0.8979591836734694,629,657,0.9573820395738204,1705,1815,0.9393939393939394,21347,24365,0.8761337984814282
1709,2806.891314396657,103.24005703729243,0.531723845828039,0.4653113087674714,8.470986869970351e-05,0,7.852548635943091,0.8353301552953127,0.5950380040795396,11805,29,19.843610660667203,3.7776400162811044,2.3576549306993786,6.0,42.835,0.0003387247014988568,0.4031165009793627,0.8963633750179675,1.103019794827337,0.09322558571475122,99.105646,79,85,0.9294117647058824,451,477,0.9454926624737946,1418,1522,0.9316688567674113,22996,25744,0.8932566811684276
1710,1802.3136703828402,95.40476906681991,0.5123908633918335,0.484081488667431,0.0,0,8.917669994305728,0.8542765048752283,0.5917077022233107,11339,25,19.844904456662924,3.784556783034361,2.4965576592082614,7.0,42.993,0.00035264039495724235,0.4589283824418834,0.900485167216029,1.0986932727746548,0.08986415882967608,91.258284,138,154,0.8961038961038961,929,979,0.9489274770173647,2096,2257,0.9286663712893221,21151,23611,0.8958112744059972
1711,6037.961083564828,63.5263801514033,0.7613946240747955,0.23587845734320217,0.00019477989871445267,0,8.15172312932621,0.8497189765183684,0.8071542784521113,5134,28,21.682406296913904,2.999240001606847,1.6853415195702226,4.0,10.189,0.0,0.18435721557850493,0.9328358208955224,1.0671653502118532,0.06357816546938376,62.087296,2133,2314,0.9217804667242869,2484,2639,0.9412656309208033,3463,3677,0.9418003807451727,9795,10532,0.9300227876946449
1712,3818.449071336105,105.22871414121279,0.5567947838023336,0.4393445435827042,0.0,0,9.174077064348939,0.860289078493796,0.574863068664517,11656,32,22.426184008819245,3.084189067907627,1.7893682588597843,4.0,38.101,0.00017155601303825698,0.36522969407408623,0.9314117961035495,1.0703262281304913,0.06595206723407286,103.474234,547,599,0.9131886477462438,1056,1129,0.9353410097431355,1955,2079,0.9403559403559404,20872,22422,0.9308714655249308
1713,5914.092835829488,113.77974480613459,0.5943886387253204,0.40145479736750955,0.0,0,11.296572663192643,0.855288375049912,0.6761127597300439,11548,24,20.30038558267915,3.839638762514216,2.472465034965035,7.0,38.373,0.00017316017316017316,0.4786226156846072,0.8926737542489332,1.107170140783586,0.0968647942521228,108.825598,66,76,0.868421052631579,511,533,0.9587242026266416,1623,1694,0.9580873671782763,22486,25351,0.8869867066387914
1714,3825.3070427383136,116.79029518549446,0.5445445445445446,0.45137445137445137,0.0,0,11.205359017951167,0.8536214952923376,0.6175905418467249,12987,29,25.126747624458574,3.9032330711403223,2.155401583710407,7.0,44.755,0.0005387101739264276,0.44138940014234995,0.9306262904335857,1.069044163383786,0.06484312148028962,111.917408,43,50,0.86,337,359,0.9387186629526463,1053,1116,0.9435483870967742,25611,27535,0.9301252950789903
1715,4819.219285127413,62.14410624736712,0.6851585014409222,0.3123198847262248,0.0,0,7.570559911586823,0.8639225975443393,0.7422347129288029,5552,22,21.56972072251884,3.1261374844887917,1.9048370136698212,5.0,14.337,0.0,0.250852472540124,0.9412066488815924,1.0594308608999383,0.05603176909293428,60.470246,1982,2120,0.9349056603773584,3060,3151,0.9711202792764202,3844,4003,0.960279790157382,9460,10218,0.9258171853591701
1716,8596.71488821541,102.29465675934236,0.7099123705473995,0.2875839308068738,0.0,0,13.689721996325904,0.8691774272815664,0.7798659750288924,8787,20,22.620866149264074,3.5681816919886504,2.02356524527092,6.0,21.372,0.0001137915339098771,0.44252619681561667,0.9607983917288915,1.039037202273872,0.03768957059453484,98.90359,278,310,0.896774193548387,1055,1092,0.9661172161172161,2662,2744,0.9701166180758017,22769,23710,0.9603121045972164
1717,6880.772713044103,94.10570873328092,0.6683277320662881,0.3291227256924325,0.00011588828369451848,0,14.635780643922129,0.8640000444641645,0.7306312956165583,8629,26,20.65449852970334,3.569379866655703,1.9448586786890931,5.0,23.017,0.0,0.3307260150956829,0.9413644470868014,1.0575719183186765,0.054691067476904706,91.01123,368,398,0.9246231155778895,1181,1242,0.9508856682769726,2595,2733,0.9495060373216246,21190,22539,0.9401481875859621
1718,5665.465293542975,70.41643668505719,0.697323600973236,0.2997566909975669,0.0,0,10.387292955845355,0.8524585056485435,0.7401381747134229,6165,30,22.82365376382534,3.1773358477189015,1.773900907187718,5.0,14.729,0.0,0.206126728837274,0.9439040513740674,1.0561606212709538,0.05353950661422953,68.4196,1527,1653,0.9237749546279492,2715,2843,0.9549771368272951,3933,4121,0.954380004853191,11815,12561,0.9406098240585941
1719,6523.715987240378,96.70751323859135,0.645040273640075,0.35120820920225093,0.0,0,14.577386339486704,0.8596052091733475,0.7603369549185666,9063,23,20.086193904090123,3.8970464069837747,2.3262059527882313,7.0,26.987,0.0,0.3941921980787048,0.9424240340987213,1.0553848278719657,0.05256301699993487,91.579158,89,98,0.9081632653061225,422,453,0.9315673289183223,1389,1475,0.9416949152542373,25517,27066,0.9427695263430134
1720,4520.561137409095,41.33418636105904,0.8411944350186631,0.15744825246012895,0.0006786562606040041,0,14.404148222895408,0.8498809114170521,0.9152559118967606,2947,17,23.12884939201664,2.635326727634846,1.8515530455828964,5.0,4.81,0.0,0.16554853896722935,0.9426973636429661,1.0565914056809906,0.05445680538387584,39.729626,3773,4019,0.9387907439661607,3165,3302,0.9585099939430648,2746,2905,0.9452667814113598,3296,3543,0.9302850691504375
1721,8020.462136253358,109.55518869432593,0.6663649165157915,0.3313216656608328,0.0,0,13.679893384521531,0.8498104518816162,0.780153096867705,9942,25,21.7601792836125,3.9419872761787986,2.312452830188679,7.0,28.361,0.0,0.39735548172190643,0.9274572576799945,1.0710233098639688,0.06633172220808954,103.68315,21,23,0.9130434782608695,170,178,0.9550561797752809,812,840,0.9666666666666667,26229,28321,0.9261325518166731
1722,7397.774794466579,72.21108185294402,0.7980769230769231,0.19938316400580552,0.000181422351233672,0,9.196723993393906,0.8554700971075655,0.8513898260533541,5512,21,20.3757021354348,3.426286931359443,1.8947488065469424,5.0,10.527,0.0,0.2613664119378607,0.9350655323062773,1.0649087221095335,0.06138041179263608,70.314566,1353,1477,0.9160460392687881,2528,2629,0.9615823507036896,3993,4159,0.9600865592690551,12459,13480,0.9242581602373887
1723,5506.025525842475,94.10516730717583,0.6157172197600259,0.3809317911577127,0.00010809642200843153,0,13.986420019115357,0.8372160666020785,0.7027091478827528,9251,22,24.778525027323994,3.767269204330319,2.4480337078651684,7.0,29.41,0.00010808473843493298,0.4183002681425987,0.9288688040422731,1.0704647676161918,0.06584895625581705,90.30571,125,135,0.9259259259259259,674,711,0.9479606188466948,2000,2103,0.9510223490252021,23305,25154,0.9264928043253559
1724,5046.000906557384,62.79412634280619,0.6966433315383235,0.3001256506910788,0.0008975049362771495,0,10.241675245226872,0.8488975940823693,0.7334639286892108,5571,22,24.922949229819608,3.120156579664166,1.7866529245039937,4.0,13.584,0.0,0.2512444554547971,0.9438978739741806,1.0569242613800405,0.05535406655181793,61.289716,1600,1765,0.9065155807365439,2491,2605,0.9562380038387716,4117,4334,0.9499307798800185,11460,12133,0.9445314431715157
1725,4762.657101180517,96.84244360868571,0.5897920604914934,0.40682519152323154,0.0,0,10.52696599288745,0.8517379074875253,0.6520771833644095,10051,23,22.990879113667617,3.4781219314472365,2.05414979757085,6.0,32.193,0.0,0.4355202841062038,0.9391337386018237,1.060344171171857,0.05679985665651317,93.568682,420,467,0.8993576017130621,1477,1535,0.962214983713355,2862,2985,0.9587939698492463,19959,21333,0.9355927436366194
1726,7050.155843016279,77.0648233602273,0.7426086956521739,0.2551778656126482,0.0,0,10.873368568822164,0.8571134039953798,0.8207051237533267,6325,21,18.427375945273,3.636823169558993,2.158186076218863,6.0,14.955,0.0,0.2996452510369435,0.9492077021424974,1.0502368196288532,0.0478456544193596,74.271536,530,572,0.9265734265734266,1710,1761,0.9710391822827938,3667,3789,0.9678015307468989,18593,19689,0.9443343999187364
1727,5479.535699929003,114.42608221262932,0.585974943243925,0.41091398301521903,0.0,0,12.151132210423885,0.8582007002330166,0.6494647255595449,11893,26,24.899689703168406,3.7201864942022698,2.0087530492179653,6.0,37.408,8.407600470825626e-05,0.45777996020565226,0.9312279929577465,1.0674297913062682,0.0631249785230748,110.310126,218,235,0.9276595744680851,1098,1139,0.9640035118525022,2609,2722,0.9584864070536371,21464,23168,0.926450276243094
1728,5491.050567553364,104.95472756030541,0.6002225106619692,0.3964398294084925,0.0,0,11.242084032596132,0.840943716717947,0.635225355129208,10786,30,21.65887532474179,3.4763787721934407,1.8524868705591597,5.0,32.496,0.0,0.3578170474506828,0.921760391198044,1.0776223223460597,0.07195139803835456,102.532282,568,600,0.9466666666666667,1569,1630,0.9625766871165644,2992,3124,0.9577464788732394,18245,20004,0.9120675864827035
1729,3286.947409673768,125.60386625349413,0.5293790804278372,0.46742603139324906,0.0,0,10.890931595714079,0.8604825659574152,0.5889424592432179,14398,32,21.339752544802046,3.8231680039539193,2.2167410128575176,7.0,51.534,0.0003471498993265292,0.4503734496439803,0.9282338942716302,1.0705171943231442,0.06601257382358544,120.927608,15,19,0.7894736842105263,170,185,0.918918918918919,666,708,0.940677966101695,26453,28503,0.9280777462021541
1730,8205.716843910637,75.9690943412112,0.8243053112908899,0.17305663032008442,0.0,0,10.870638521874872,0.8406801306325096,0.8788424443942683,5686,18,22.953656472359967,3.5267291100336275,2.0652869639428206,6.0,10.703,0.0,0.31435135602282627,0.933555787278415,1.0666360102002426,0.06248778008055371,73.847224,823,878,0.9373576309794989,2119,2194,0.9658158614402917,3628,3820,0.949738219895288,15812,17083,0.9255985482643564
1731,5217.338000342854,60.44928222222427,0.7196765498652291,0.27685791297651136,0.0,0,14.769262047748061,0.8630767881741769,0.7765007044425843,5194,16,19.620226973108288,3.1087920532717663,1.7640449438202248,5.0,11.942,0.0,0.3217693176852605,0.9678098367388849,1.0315600102801337,0.030752388535031847,58.843442,2072,2193,0.9448244414044688,3395,3472,0.9778225806451613,4369,4469,0.9776236294473036,9015,9344,0.9647902397260274
1732,2388.746619193946,32.037728971092804,0.6750086896072297,0.3208202989224887,0.0020855057351407717,0,11.677155699888619,0.8569120807903939,0.7385122787781147,2877,16,19.67904372692349,2.1272652643353243,1.72605561277034,5.0,7.237,0.0,0.18071896170822674,0.9512130801687764,1.0447431249447343,0.046037735849056606,30.645662,4923,5208,0.9452764976958525,2646,2731,0.9688758696448188,1987,2098,0.9470924690181125,1265,1339,0.9447348767737117
1733,5944.9966216693065,78.32560978181507,0.680407989800255,0.3166170845728857,0.00014166312508853945,0,15.279466027731246,0.8709391585290754,0.7083129836363516,7059,21,20.69155218547122,3.1478446755329124,1.6031646887362065,4.0,17.312,0.0,0.34378089534461553,0.9526890026069325,1.047593737920371,0.04556973690273234,76.837534,1883,1983,0.9495713565305093,2690,2782,0.9669302659956865,3421,3565,0.9596072931276297,11740,12384,0.9479974160206718
1734,6433.280942608415,117.74488430334615,0.6059919436052367,0.39039946290701577,0.0,0,11.613635548090219,0.8532854849437128,0.644805761650309,11916,28,21.053113240998726,3.610086340964884,2.080182800166182,6.0,37.185,0.0001678133915086424,0.4286175046581734,0.9341623221079329,1.066045066045066,0.062235729386892175,114.898552,150,168,0.8928571428571429,586,621,0.9436392914653784,1443,1520,0.9493421052631579,24340,26079,0.9333179953219065
1735,7970.976996508842,96.83742967998714,0.7033588685916323,0.2940483205657042,0.0,0,10.570029568617272,0.8641873979285325,0.7586032127092038,8485,20,19.780487657951454,3.611685281524207,1.9158847184986596,5.0,21.12,0.00023565453045834805,0.4251603257017851,0.9551080108010801,1.0440386277383233,0.04210375053887053,94.273562,481,519,0.9267822736030829,1341,1387,0.9668348954578226,2975,3102,0.9590586718246292,20670,21656,0.9544698928703361
1736,6989.152474891441,93.4236117817892,0.6753262019513342,0.322557893499471,0.0,0,12.00227059989607,0.8580283880354597,0.7250313644786837,8507,18,21.623974682847958,3.250897814023163,1.7829416884247171,5.0,21.809,0.0002350452462098954,0.46952534026008286,0.9402588497471501,1.059040748851389,0.05587699777463079,91.133534,1048,1121,0.9348795718108831,2427,2498,0.9715772618094476,3090,3210,0.9626168224299065,15375,16505,0.9315358982126628
1737,4372.138930140628,47.32640806608156,0.75,0.24843912591050987,0.00026014568158168577,0,10.160755723564085,0.8508491097659019,0.8036955651877445,3844,19,22.181265206540537,2.7072913055510637,1.7346514047866806,5.0,8.066,0.0,0.20036070079855325,0.9490067151650812,1.0515138772077377,0.05016277988173543,45.77009,3739,3968,0.9422883064516129,3183,3285,0.9689497716894977,2719,2872,0.9467270194986073,3926,4171,0.9412610884679933
1738,6422.740740614433,107.39339287050207,0.620996778472617,0.3759711957551639,0.0,0,12.426747496589986,0.8435116974551111,0.6919306013922919,10554,26,21.91303251433338,3.7977658107436714,2.2483979249313397,6.0,32.31,0.0,0.40340611156574613,0.9318785120832902,1.0662813235497715,0.062475759534583064,103.543562,75,82,0.9146341463414634,368,391,0.9411764705882353,1102,1163,0.9475494411006019,25486,27371,0.9311314895327171
1739,4159.167136086859,47.93344048673262,0.7224529684827755,0.27461519667725387,0.0002443195699975568,0,12.265765500976688,0.8270869617204394,0.7892056681231443,4093,23,22.813102266617566,2.6510333546362497,1.7487318227933717,5.0,9.077,0.0,0.1774046332982494,0.9201036653091448,1.0800653594771241,0.07474650589202521,46.103554,4173,4347,0.9599723947550034,2585,2720,0.9503676470588235,2288,2515,0.9097415506958251,3380,3923,0.8615855212847311
1740,4831.790352556804,85.69266134735484,0.6095938375350141,0.3870214752567694,0.00011671335200746966,0,10.740463754452453,0.8375335019951382,0.6953083342556348,8568,27,22.81132863173687,3.722025079032286,2.4070457591422554,7.0,27.435,0.0,0.3204226317902547,0.9085447992136018,1.0907460938929343,0.08351685018351684,81.674194,146,170,0.8588235294117647,660,714,0.9243697478991597,1922,2062,0.9321047526673133,22227,24521,0.9064475347661188
1741,4944.890699895012,113.10060039714627,0.5715481171548117,0.42418410041841004,0.0,0,11.154911598004382,0.8492747766335212,0.6533088753841682,11950,28,21.817456773126725,3.9580488782547474,2.437628111273792,7.0,41.007,8.367500627562547e-05,0.42762624685367445,0.9208684425115521,1.0772328589467937,0.07157502917889026,107.569482,8,9,0.8888888888888888,97,104,0.9326923076923077,448,466,0.9613733905579399,26550,28853,0.9201816102311718
1742,551.1156444250162,102.05214113707297,0.4843664289632474,0.512028837865371,7.836376459525116e-05,0,8.99649552422095,0.8310662733539431,0.5569573633049043,12761,27,23.027004281323258,3.79316986623081,2.4123928166963275,7.0,49.768,0.0004699616198010496,0.4667374905106566,0.903407671721677,1.0971319860727233,0.08873642453014242,97.18326,72,78,0.9230769230769231,393,425,0.9247058823529412,1379,1487,0.9273705447209146,23474,26035,0.9016324178989822
1743,4733.053921500081,74.36854872238602,0.6332724462554448,0.3629338204299564,0.0001405086412814388,0,5.886049221684622,0.8423644959702784,0.7045104285280921,7117,24,25.38664996267262,3.547665703363729,2.1965830929664967,6.0,21.491,0.0,0.2998225399456815,0.9098614506927465,1.091188147177997,0.08453331343729016,71.325712,576,639,0.9014084507042254,1680,1768,0.9502262443438914,3467,3665,0.945975443383356,16605,18468,0.8991228070175439
1744,6413.514952941303,87.61358373177114,0.6687368028816296,0.32927586635200595,0.0,0,10.059937063649194,0.84419314653549,0.7198246025042857,8051,32,24.48310568972211,3.5504511746501994,2.013001485884101,5.0,21.815,0.0,0.254196748744899,0.9195579751361014,1.0816875025450992,0.07549579326923077,84.584782,647,688,0.940406976744186,1912,1977,0.9671219018715225,3335,3447,0.9675079779518422,16740,18502,0.9047670522105719
1745,4091.6115299390376,66.85155749022692,0.6279317697228145,0.3693268352116966,0.0,0,11.702531125503464,0.8575885101676973,0.6973997303523586,6566,26,23.15542625148403,3.2077355503852347,1.9379092893524132,5.0,19.103,0.0,0.25238276668840026,0.9335385207271328,1.0670296838858906,0.06274226989993689,64.441592,1559,1652,0.9437046004842615,3099,3189,0.9717779868297272,3689,3865,0.9544631306597672,11065,12088,0.9153706154864328
1746,4132.178793439846,109.53489368964183,0.5615493308951874,0.43529216191505277,0.0,0,11.828287455003117,0.860641223017239,0.5754568244049023,12031,32,24.4854983664124,3.077475391061523,1.5654233274126703,4.0,37.1,0.0,0.3712914266874443,0.9486839993580485,1.051201671891327,0.04870229007633588,108.009374,924,980,0.9428571428571428,1745,1794,0.9726867335562988,2465,2555,0.9647749510763209,18511,19595,0.9446797652462363
1747,3527.976060216034,40.30024099143371,0.7275422472576342,0.2691965609249926,0.0011858879335902757,0,10.237402033627953,0.8791510485669461,0.7903348486534494,3373,17,22.492782145931265,2.40059498336068,1.5289323553382232,4.0,7.0,0.0,0.20470740371288065,0.9363119415109666,1.0631647848142693,0.06330847663978086,38.58706,4320,4701,0.9189534141671984,2447,2588,0.9455177743431221,2260,2398,0.9424520433694745,2499,2623,0.9527258863896302
1748,4021.5440711624756,69.97198926519738,0.6177019079041745,0.37971596614545977,0.00014345144168698896,0,10.250710426590675,0.872540614513673,0.6481190134621838,6971,19,23.16299093403661,2.859036382194805,1.5362285183464932,4.0,19.293,0.0,0.37045018005804664,0.9432538338735427,1.057062448444854,0.05421852122986823,68.61757,1853,1984,0.9339717741935484,2158,2265,0.9527593818984548,3562,3793,0.9390983390456104,11925,12629,0.9442552854541135
1749,4015.60784658467,47.571430874457484,0.7139700466486619,0.2828382027989197,0.0007365578197888534,0,11.61022467201499,0.8784560481580596,0.7728280301399651,4073,25,24.99901645415731,2.7222800249907273,1.7290233837689133,6.0,9.283,0.0,0.1608625251357311,0.963165689999356,1.0355205373288556,0.03594487211323566,46.063616,3310,3540,0.9350282485875706,3233,3312,0.976147342995169,3146,3220,0.9770186335403727,5268,5457,0.9653655854865311
1750,3069.7456552558683,79.91236375868348,0.5618325869789873,0.4350671718911471,0.0,0,13.973365651539654,0.8698416532391297,0.6234244534225116,8709,20,20.346647866292646,2.876288490753361,1.6413243408951563,5.0,27.214,0.0001148105625717566,0.43053385299616087,0.956694334175388,1.0416235780765253,0.04008511901816202,77.439756,2242,2377,0.9432057214976861,3192,3261,0.9788408463661453,3023,3110,0.9720257234726688,10100,10649,0.9484458634613578
1751,5828.425142471039,83.26361459549959,0.6561768530559168,0.34044213263979195,0.00013003901170351105,0,10.761490457817429,0.8679933802685678,0.7277757931036438,7690,26,20.649902666775425,3.5699682437075824,2.065398335315101,6.0,21.05,0.0,0.2947748740684458,0.9465270561905523,1.0543700204187854,0.0516581390941823,79.83952,628,679,0.9248895434462445,2030,2094,0.9694364851957975,3853,3958,0.9734714502273876,17173,18291,0.9388770433546553
1752,5212.487993394431,84.82042033721102,0.6290186634557495,0.36857314870559904,0.0,0,7.465344656699094,0.8678203284401246,0.6767586164540287,8305,29,28.490542494331976,3.447877179951,1.8072358346094946,5.0,23.251,0.0,0.28669889590551567,0.9546724619683328,1.0453007738072093,0.043433068527730344,82.431192,580,655,0.8854961832061069,1760,1823,0.9654415798134942,3068,3177,0.9656909033679572,19192,20113,0.9542087207278874
1753,4529.339656353007,101.01604713108851,0.5791588785046728,0.4180373831775701,0.0,0,9.879629198939554,0.8338546521142489,0.6209412830158063,10700,25,23.20615703616734,3.2703567145660895,1.8229788607390673,5.0,33.179,9.344921035417251e-05,0.4238550803822828,0.9282647440051847,1.0721013316011692,0.0671805335146981,98.746808,769,835,0.9209580838323354,1688,1771,0.9531338226990401,2623,2774,0.9455659697188176,17837,19308,0.9238139631240936
1754,6146.503510369902,90.69942915991923,0.6498895734046263,0.3468557479948855,0.0002324770428920144,0,15.9819012708404,0.8574603639707012,0.6863093225102689,8603,27,23.25975829924462,3.0325425742375027,1.665533893757825,4.0,22.448,0.0,0.32446630488226014,0.9225273611674099,1.0770207793527409,0.07181488971452758,88.469434,2033,2182,0.9317140238313474,2736,2825,0.968495575221239,2654,2735,0.9703839122486289,10784,11994,0.8991162247790562
1755,6988.411532378546,82.74231540273757,0.7147260753818131,0.2833123160992013,0.0,0,10.335011223107323,0.8568528775380735,0.7390416734913958,7137,20,21.117862129336327,3.3141597067565502,1.5892962164281514,4.0,15.799,0.0,0.36106422740710553,0.9490317866276946,1.0509373571101965,0.04841373315949587,81.408492,1716,1789,0.9591950810508664,2056,2128,0.9661654135338346,3210,3326,0.9651232711966325,13798,14653,0.9416501740257968
1756,4730.97088345789,106.87693742435971,0.576195087595739,0.42001936790210403,0.0,0,9.293914024841568,0.8592608368588288,0.6123522043993572,11359,23,25.456953775090444,3.3540826373002948,2.013903743315508,6.0,36.614,0.0007037916776634117,0.4887619752461547,0.9442663112007782,1.0528087447517012,0.05010095479278601,104.171168,280,311,0.9003215434083601,936,995,0.9407035175879397,1903,2024,0.9402173913043478,23091,24427,0.9453064232202072
1757,4139.865087388716,102.46160189061665,0.5662063363119415,0.4306345338026898,0.0,0,12.795981863538247,0.8614126265943307,0.6193091643758131,11079,28,26.978771730764468,3.536799790928552,1.9469153515064563,5.0,36.083,0.00018048912553018682,0.3978864872002287,0.934410363311495,1.0661194029850747,0.06201117318435754,99.017548,323,344,0.938953488372093,1249,1295,0.9644787644787645,2478,2607,0.950517836593786,21052,22618,0.9307631090282076
1758,5426.897786760067,84.40575223319235,0.6386181369524985,0.3580505860579889,0.00012338062924120913,0,9.939449881797668,0.8596770246465618,0.6747434439384319,8105,30,18.478359160553904,3.134423714600275,1.6309891808346213,4.0,21.684,0.0,0.26886594638332656,0.9421829971181557,1.059006631479226,0.05590273349487736,82.499662,1429,1522,0.9388961892247043,2353,2421,0.9719124328789757,3324,3473,0.9570976101353297,13818,14792,0.9341535965386696
1759,5094.86093524225,56.29465264077478,0.7394199785177229,0.2588614393125671,0.00021482277121374866,0,12.354203938826352,0.8553439183306646,0.81164112398644,4655,21,22.922057525529787,2.9311796294459573,1.900929692039512,6.0,10.341,0.0,0.22398483274921582,0.9447640291148157,1.0525571529578128,0.05049604280459258,54.23217,2671,2892,0.923582295988935,3399,3533,0.9620718935748656,3583,3720,0.9631720430107527,6442,6891,0.9348425482513423
1760,6029.639730594872,89.03302621114584,0.650184238678236,0.3469630334006894,0.0,0,12.99076235260918,0.8491714442246413,0.6880797535151091,8413,25,24.30440727078735,3.324644935045073,1.6738574040219378,4.0,22.335,0.0,0.3369768794956238,0.9347485644684183,1.065006975933031,0.0610627782542989,86.839278,1153,1244,0.9268488745980707,2071,2187,0.9469593049839964,3239,3448,0.939385150812065,15025,16109,0.9327084238624371
1761,7366.156063914083,101.51381435458394,0.665483107381106,0.33247256294383476,0.0,0,12.573617727029918,0.8521418499060097,0.74779802649566,9294,22,21.87620168565222,3.783823884996358,2.0965238480194017,7.0,25.848,0.0,0.41962921878739,0.9470213074358602,1.0518518518518518,0.04949540178417663,97.584402,247,274,0.9014598540145985,1047,1085,0.9649769585253456,2724,2833,0.9615248852806213,22116,23404,0.9449666723636985
1762,6462.762561971251,70.12998658870765,0.747425379647408,0.25082911502880084,0.00017455053237912376,0,14.727737717843475,0.8481957329389611,0.7894722316514683,5729,18,22.03256032743491,3.2013718327153367,1.8939747781410556,5.0,12.545,0.0,0.320067038584274,0.9389477722890989,1.0621004566210046,0.05881556378080708,68.440556,1496,1610,0.929192546583851,2926,3093,0.9460071128354348,4052,4264,0.950281425891182,11104,11884,0.9343655334904073
1763,8525.92710695702,82.88062729692125,0.7977422389463782,0.19974913766070868,0.00015678896205707118,0,14.610196478737787,0.8538004963003548,0.8543428949193134,6378,19,25.766305319088186,3.5174351673910103,1.8952437106918238,5.0,12.248,0.0,0.3295935908155478,0.9498972147204644,1.048902719961201,0.046834178576917164,80.765912,771,827,0.932285368802902,1872,1966,0.9521871820956256,3565,3737,0.953973775755954,17358,18279,0.9496143115050057
1764,6318.690016410813,71.46482888721683,0.7295994681735084,0.26774139936845603,0.0,0,13.452161065274929,0.8639921259486535,0.7913875456944675,6017,27,22.830347297706126,3.4313406481890847,1.9047835990888382,6.0,13.961,0.0,0.2262821012122252,0.9471149748572403,1.0534944285531316,0.050996885995066125,68.87639,964,1034,0.9323017408123792,2238,2359,0.9487070792708775,3966,4186,0.9474438604873388,15057,15887,0.9477560269402656
1765,3236.0184218606255,101.50163341559605,0.5448072247308093,0.4514588398749566,0.0,0,13.67443424842181,0.8415516143084716,0.5744782506439974,11516,23,22.461158039759933,3.1636805877569203,2.113643608543194,5.0,39.979,0.0005207429265752473,0.4964377506718909,0.9158561685298034,1.0827862873814733,0.0763754286566274,99.296484,626,690,0.9072463768115943,1619,1723,0.9396401625072548,2934,3123,0.9394812680115274,17515,19243,0.910201112092709
1766,7896.6457549561055,115.55211667535687,0.6520210896309314,0.345573952455832,0.0,0,15.591647194625262,0.8602397585081115,0.6903233649152785,10811,27,21.21456511932783,3.521795024918547,1.7066250531990352,5.0,28.476,0.00018496254508462037,0.39580725488224,0.9457413484486874,1.0534853298448887,0.05086185537818993,112.424094,390,428,0.9112149532710281,1326,1407,0.9424307036247335,2457,2578,0.9530643910007758,21188,22403,0.9457661920278534
1767,6187.159571340369,60.7437995606323,0.7916054564533054,0.20629590766002098,0.0,0,9.348367780679453,0.844038980932225,0.8475844727173066,4765,20,23.254092946733635,3.198431070154813,1.9493637327677624,5.0,9.449,0.0,0.2384571609454494,0.938680426832323,1.0615206910405786,0.058176842502595076,59.030458,1839,1976,0.930668016194332,2876,2969,0.9686763219939374,4021,4193,0.9589792511328404,10001,10823,0.9240506329113924
1768,5467.794432263465,53.4167089061653,0.7973039215686275,0.2,0.0,0,8.811280870213333,0.8341309612560791,0.8676590343547874,4080,17,24.697697714389708,2.945738882789959,1.788195511835229,5.0,7.45,0.0,0.23651100656085625,0.9345805600527672,1.0661981137742536,0.062299690750632554,51.641574,2911,3089,0.9423761735189382,2880,3006,0.9580838323353293,3368,3589,0.9384229590415157,6427,6993,0.919061919061919
1769,4236.179164808677,108.31376310667487,0.5629352811279089,0.43324273823679293,0.0,0,8.930945118595499,0.8446391791536747,0.6100442603179017,11774,32,22.484938758610117,3.5726554425549564,1.934067592033796,5.0,38.559,0.00016983695652173913,0.3699303233880282,0.8989237427706921,1.1015646023142276,0.09236598762427867,105.168746,301,329,0.9148936170212766,1158,1224,0.946078431372549,2245,2409,0.9319219593192196,19766,22147,0.8924910823136316
1770,4189.537563751141,42.759080649157134,0.7762883526958594,0.22192433720583854,0.0005957700327673518,0,11.884674685841945,0.8482438786070219,0.8324523955574529,3357,19,23.15289999497147,2.5572312618370563,1.8207981580966999,5.0,6.558,0.0,0.1772107195552343,0.9337707448861443,1.0655204460966543,0.06326825741142444,41.407038,4187,4433,0.9445071057974284,3032,3146,0.9637635092180546,2291,2444,0.9373977086743044,2587,2932,0.8823328785811733
1771,6601.501838000124,81.21570512507869,0.6998166172943998,0.29693891945267314,0.0,0,8.896879442241378,0.8531403932547384,0.7495890560054416,7089,24,23.44268276847436,3.3735637528151163,1.892360411207418,5.0,17.706,0.0,0.29579165536953567,0.931958154053826,1.0698756450384908,0.06573658075195081,78.93024,877,968,0.90599173553719,1983,2093,0.9474438604873388,3537,3733,0.9474953120814359,15696,16912,0.9280983916745507
1772,5256.216939450955,63.168238828149164,0.7080654051074775,0.2889950395002756,0.000551166636046298,0,10.717926764131489,0.8498700595619275,0.7445180514972946,5443,31,22.872410566605073,3.009557490686386,1.82381940840685,5.0,13.0,0.0,0.17598655948196928,0.9199016924537787,1.0823384339442856,0.07764039155074703,61.28604,2259,2457,0.9194139194139194,3084,3286,0.938527084601339,3293,3502,0.9403198172472873,7833,8658,0.9047124047124047
1773,3125.493160917097,90.76704313263346,0.5516212452755123,0.44629003381738613,0.0,0,8.472867382867134,0.8539743356817933,0.594621836593168,10054,26,23.48470791514187,3.4155668694248877,1.8946988820771726,5.0,33.527,0.0,0.3853772450110293,0.943186655830334,1.055326914117099,0.05268367795864496,88.241614,548,586,0.9351535836177475,1636,1720,0.9511627906976744,2831,2974,0.9519166106254203,19356,20559,0.9414854808113235
1774,4008.066663324351,71.43995798655303,0.6117416281350707,0.3853159590864509,0.00014011489421325487,0,8.530736275058002,0.8591812444897848,0.6590049074462243,7137,26,24.323009486477048,3.115399501054759,1.9315162620247366,6.0,21.442,0.0,0.27141785380333944,0.9411633409222803,1.0583262512859508,0.05540796963946869,69.538824,1274,1352,0.9423076923076923,2473,2550,0.9698039215686275,3786,3941,0.9606698807409287,13550,14558,0.9307597197417228
1775,3538.0259630268843,75.93588647129752,0.5820145692037176,0.4147199196181864,0.0,0,8.76486445767327,0.8652740385536597,0.6344654120113662,7962,19,24.928898922881544,3.506239905348642,2.0999136814846784,6.0,25.658,0.0,0.4198460238027031,0.9579604014103608,1.040708514605345,0.039128816083395385,73.086264,611,665,0.9187969924812031,1723,1776,0.9701576576576577,3605,3708,0.9722222222222222,18785,19660,0.9554933875890133
1776,5184.543306859363,93.48277128690304,0.6112171331636981,0.38634435962680236,0.00010602205258693808,0,14.104331069549815,0.8771836170836969,0.662224749388592,9432,26,23.06580004784754,3.218330530248268,1.629141370338248,5.0,26.581,0.0001060108131029365,0.36418343873978676,0.9616943063620034,1.0378226852432952,0.03665995975855131,91.404544,1103,1181,0.9339542760372566,2124,2189,0.970306075833714,3302,3413,0.9674772927043657,16493,17156,0.9613546281184425
1777,8293.854081121648,84.93225874806284,0.7716453436477239,0.22552811663195477,0.0,0,7.76882437082755,0.8735604557669491,0.8349901802869171,6722,17,23.96370314216504,3.6029886062213183,2.0335454019664545,5.0,14.312,0.0,0.3965480650176142,0.9440420560747663,1.055514375999688,0.052783003209029546,82.61924,570,602,0.946843853820598,1677,1748,0.9593821510297483,3121,3246,0.9614910659272952,18875,20084,0.9398028281218881
1778,10028.049495739773,97.39701493354707,0.797790202342918,0.20021299254526093,0.00013312034078807243,0,16.576398842181266,0.8662347615556878,0.8549323337478786,7512,19,25.957216688873622,3.4939138851176548,1.8980477223427332,5.0,14.452,0.0,0.3998876365855404,0.9064631088037309,1.0944920116515138,0.08656512478398908,95.102822,987,1097,0.8997265268915223,2235,2326,0.9608770421324162,3154,3296,0.9569174757281553,14227,16010,0.888632104934416
1779,5342.772916377787,67.94451910349895,0.6903010033444816,0.30618729096989966,0.0005016722408026755,0,14.104704110939872,0.8719739418842412,0.740874239511105,5980,18,21.375824819577794,2.8554517735818363,1.650920542635659,4.0,14.17,0.00016719612104999163,0.33808528365609436,0.9188526599656779,1.0819863560936636,0.07667930507611341,66.151034,3146,3304,0.9521791767554479,2502,2635,0.9495256166982923,2648,2848,0.9297752808988764,6696,7529,0.8893611369371762
1780,8091.577799998552,85.53003336110349,0.7588294651866802,0.23857575320743837,0.00014415453366008361,0,15.976458336081436,0.8690811699510136,0.7800964860985516,6937,16,22.862682760616046,3.3900552854838546,1.6210106382978724,4.0,13.633,0.0,0.43425743339782474,0.9497026509424453,1.0497223624432106,0.0475687611001776,84.137418,1882,1993,0.9443050677370798,2949,3095,0.952827140549273,3225,3382,0.9535777646363098,10788,11372,0.9486457966936335
1781,1195.1211919902985,59.403580395188776,0.5188356164383562,0.4773116438356164,0.0008561643835616438,0,12.994298808563753,0.8760047208907081,0.5635036112419425,7008,24,23.82633298991313,2.606918958658265,1.4922992299229922,4.0,23.175,0.0,0.2942027827731345,0.9515975526852481,1.0463973799126638,0.04641514326461818,57.39507,3857,4086,0.9439549681840431,2672,2758,0.9688179840464104,2354,2459,0.9572997153314355,5115,5407,0.9459959312002959
1782,3717.7035780209635,104.47161185884839,0.5554888507718696,0.4403945111492281,0.0,0,11.819400076055434,0.8470265460486711,0.5921392411624682,11660,28,22.25975953517557,3.3098949609537702,1.7239462714219547,4.0,37.62,0.00025722369887678983,0.4161683561766668,0.9386805583170955,1.060469565910631,0.057140714633872,102.122292,700,761,0.9198423127463863,1815,1880,0.9654255319148937,2557,2674,0.956245325355273,18533,19832,0.9344997983057685
1783,1143.8441457546153,73.16690376912189,0.5064743298500681,0.4906860517946388,0.0,0,11.464777945982734,0.8656218767537964,0.6036773517303157,8804,18,23.790581845069195,3.4232087100548716,2.262390670553936,7.0,32.361,0.00034063812876121267,0.4927397501462596,0.970629203645481,1.026597444089457,0.026123018487655518,69.43944,655,724,0.9046961325966851,2281,2345,0.9727078891257995,4451,4567,0.9746003941318152,17002,17491,0.9720427648504946
1784,4456.340942558494,111.86041572934599,0.5647262532981531,0.43172823218997364,8.245382585751979e-05,0,9.715657126341542,0.8545348571836983,0.6039357687197016,12128,31,21.491101845506485,3.643435465798166,1.873850197109067,5.0,38.869,0.0,0.3903530319599322,0.9402910185649774,1.0600423744029877,0.05675940637571414,108.436238,225,239,0.9414225941422594,896,931,0.9624060150375939,2003,2083,0.9615938550168027,23112,24649,0.9376445291898251
1785,7071.380087328229,102.46914840340906,0.6537620980330939,0.3433239671141638,0.00010406910188365075,0,12.832506809413808,0.8608852371581486,0.7031370189667492,9609,26,23.78271769591869,3.516388809327435,1.8779051257561286,5.0,26.023,0.0,0.36720613203154345,0.9392819429778247,1.0622991721165842,0.05888198757763975,100.223164,418,449,0.9309576837416481,1392,1444,0.96398891966759,2451,2575,0.9518446601941748,20645,22048,0.9363661103047896
1786,2210.8101959546743,98.36392715848078,0.5218981279930344,0.47427078798432737,0.0,0,13.602429996798634,0.8640207492031076,0.5553028311714618,11485,29,22.498316432470006,3.387944832972768,2.0215215215215214,5.0,40.961,0.0001741098633237573,0.40214391431518337,0.9355500971514463,1.0645327257359156,0.060838727448009916,96.091994,344,368,0.9347826086956522,965,995,0.9698492462311558,2084,2186,0.9533394327538883,22126,23728,0.9324848280512474
1787,5861.139101099943,75.20408036780071,0.6875092387287509,0.3107169253510717,0.0,0,8.765469672692651,0.870088081393209,0.7314262580458264,6765,16,24.707439784479135,3.0751085148611983,1.6987744571059986,4.0,16.153,0.0,0.42281147336916736,0.9529473835675571,1.0468021719283072,0.04480689054840335,73.404214,1849,1961,0.942886282508924,2742,2808,0.9764957264957265,3310,3429,0.9652960046660835,11967,12651,0.9459331278159829
1788,5418.956540424555,74.23253820243,0.6696035242290749,0.3284875183553598,0.00014684287812041116,0,9.550522190059173,0.8567768428211676,0.6989547875956761,6810,29,22.056482476711544,3.1908892604848993,1.7142543859649122,4.0,17.489,0.0,0.23276502713520536,0.951664489391414,1.047994947900221,0.046024924795874514,72.677992,1451,1546,0.9385510996119016,2446,2529,0.9671807038355081,3677,3820,0.962565445026178,13552,14304,0.9474272930648769
1789,8809.83158075073,107.87711137705024,0.7011712567268122,0.296823889416482,0.0,0,14.56366926143857,0.8534902700249041,0.7490471934316667,9477,22,17.869666647546456,3.608928297848739,1.9521444695259593,6.0,23.601,0.00010550749103186326,0.43267366126663764,0.9337553074382765,1.066395931080708,0.06244010320678216,105.333652,449,503,0.8926441351888668,1748,1862,0.9387755102040817,3555,3745,0.9492656875834445,17999,19326,0.9313360240091069
1790,5947.788037667741,86.80368252386481,0.65185546875,0.3443603515625,0.000244140625,0,13.321731927442801,0.8585325371691105,0.7164799204828478,8192,23,19.97332388279153,3.275627893243674,1.8249063670411985,6.0,22.155,0.0003660768761439902,0.35938335338801297,0.9507491912140303,1.0480276639344261,0.04659090909090909,84.162018,925,1024,0.9033203125,2564,2673,0.959221848110737,3685,3849,0.9573915302676019,15161,15946,0.9507713533174463
1791,5240.601185932958,106.97364974952791,0.5905455199065337,0.40576974925856024,8.987148377819718e-05,0,11.02712381174577,0.8666164040517924,0.6232471417730179,11127,29,21.54089127518234,3.38888186021562,1.8552731699893472,5.0,34.099,8.986340762041697e-05,0.37877974630045597,0.9363140009927075,1.06292849209085,0.059366470334722025,104.487288,410,447,0.9172259507829977,1404,1490,0.9422818791946309,2939,3157,0.930947101678809,19770,21097,0.9371000616201356
1792,3047.064528527828,36.96092428732971,0.7042825883088465,0.2925914348233823,0.0006251953735542357,0,13.963097800720167,0.8615534783105033,0.790784693892695,3199,17,23.5345885470984,2.330413230972281,1.8788282290279628,6.0,7.72,0.0,0.18299503240350767,0.9367972433804861,1.060047453914948,0.05816038944401742,35.120286,5271,5568,0.9466594827586207,2071,2167,0.9556991232118136,1330,1445,0.9204152249134948,1659,1848,0.8977272727272727
1793,5725.668291191785,48.614779705571436,0.8816172193135544,0.11634671320535195,0.0,0,16.36441079169137,0.8614994631591504,0.9371985899917242,3438,22,19.92008112925019,2.7781964736704947,1.7716925107225339,5.0,4.544,0.0,0.1552942187597575,0.9447839371453514,1.055648749179491,0.053436165817380525,47.395168,3617,3874,0.9336602994321115,3039,3151,0.9644557283402094,2671,2809,0.9508721965112139,3660,3912,0.9355828220858896
1794,5714.046348599145,103.94242919349102,0.6066172934500337,0.39040107723381745,9.618159084351255e-05,0,14.660562220532569,0.8396410555147107,0.6867906764154476,10397,32,22.289582902057102,3.8455863386246913,2.0231488821943873,6.0,31.806,0.0,0.3259669872212143,0.9194356586943389,1.0797955974842768,0.07470980895070863,99.370196,77,83,0.927710843373494,580,633,0.9162717219589257,1692,1816,0.9317180616740088,23523,25607,0.9186160034365604
1795,6458.727129800631,79.98322239492454,0.6979255470304063,0.2999431656720659,0.00014208581983518045,0,11.190388103390664,0.8348746742640225,0.7481884730330772,7038,17,22.386661735497327,3.1461673337817735,1.934242671009772,5.0,17.64,0.0005680204487361545,0.4135176539080826,0.9165587063960463,1.0846813017523589,0.07860648127680268,77.942572,1568,1716,0.9137529137529138,2355,2456,0.9588762214983714,3653,3874,0.9429530201342282,11526,12795,0.900820633059789
1796,7144.344740198066,75.00673454598244,0.7596911957950065,0.2383377135348226,0.0,0,9.92190570165436,0.8326801203044042,0.8213562838118466,6088,26,22.043269540444165,3.448839608026535,2.0415135135135136,5.0,13.674,0.0,0.23213790597790293,0.915641324526184,1.084740625270633,0.07849299809038829,72.813292,904,1008,0.8968253968253969,2114,2202,0.9600363306085377,3390,3579,0.9471919530595139,14801,16374,0.903933064614633
1797,2071.0650138745705,129.5702518535477,0.5070105479804476,0.4890661178286596,0.0,0,12.590349009961972,0.8504516922433585,0.5470663081697982,15548,31,21.465237883243084,3.542279829324151,2.095014588354687,6.0,56.415,0.0007069863101741757,0.4984532942078499,0.9367245231139371,1.059778291950133,0.056184513575761506,126.129222,101,108,0.9351851851851852,353,377,0.9363395225464191,1088,1170,0.9299145299145299,25712,27440,0.9370262390670554
1798,5716.556272396544,64.75399726186323,0.7308465898701774,0.26641067836898885,0.0007313951362223441,0,13.793860399611276,0.8413395542878561,0.7596211643611434,5469,21,22.681381613759726,2.9597365180185298,1.6639979984988742,4.0,11.983,0.0,0.2592917973621503,0.9292311116056526,1.071121771629386,0.06759350521346683,63.565776,2439,2633,0.92631978731485,2731,2872,0.9509052924791086,3338,3552,0.9397522522522522,8194,8917,0.918918918918919
1799,4247.7280424427745,68.74288821926403,0.626493270830183,0.37108725238167245,0.0,0,15.722979740222797,0.8535796718433359,0.7316331461661046,6613,17,18.346252281696714,3.5294032140496756,2.390296886314265,7.0,20.728,0.00045344619105199517,0.3888667639154695,0.9441141498216409,1.0552629413217018,0.052523211996425935,64.982938,653,704,0.9275568181818182,2258,2353,0.9596260093497663,4521,4686,0.9647887323943662,15594,16646,0.9368016340261924
1800,4767.470156102243,98.00168500917566,0.5841525171283884,0.4121735676695462,0.0,0,12.539061285381274,0.8577576561075086,0.6822927060398817,10071,21,19.163154611454694,3.8028707334522047,2.50314465408805,7.0,33.859,0.0004962286621675268,0.4740978864972044,0.9266603382203003,1.0701053524711872,0.06542025366366563,92.496154,94,101,0.9306930693069307,567,598,0.9481605351170569,1717,1807,0.9501936912008855,23979,25937,0.9245093881327833
1801,7082.2716271053905,81.74512854608658,0.7234500574052812,0.27482778415614234,0.00014351320321469576,0,11.204926208037282,0.8631199009037703,0.7483631171351194,6968,27,22.722907335280667,3.259467137788295,1.676849831382662,4.0,15.584,0.0,0.26009217752497205,0.9531561320954682,1.0469559310520506,0.04505708039834831,80.306668,1173,1257,0.9331742243436754,1917,2002,0.9575424575424576,3359,3519,0.9545325376527423,16035,16811,0.9538397477841889
1802,7236.332240899332,90.80841447147591,0.6946555375607325,0.3037249283667622,0.0,0,10.082448461174579,0.8658877882254933,0.7407986484380479,8027,28,23.721920606875933,3.4681382145034374,1.8333931133428982,5.0,19.817,0.0,0.29151317076491373,0.95435938635755,1.0447698263636016,0.04287806664225558,88.675148,574,634,0.9053627760252366,1606,1677,0.9576624925462135,2636,2765,0.9533453887884268,20130,21063,0.9557043156245549
1803,5139.346225175485,66.21443464278245,0.6849453322119428,0.311690496215307,0.0001682085786375105,0,10.1866650422787,0.8663187027565381,0.7222586608467115,5945,18,21.51242774910724,3.1114088878985173,1.9410609037328095,6.0,15.454,0.0,0.33581950499598356,0.9450970990170223,1.0539112050739958,0.05170061840669334,64.389222,1564,1670,0.9365269461077844,3040,3154,0.963855421686747,4209,4371,0.9629375428963624,10897,11660,0.9345626072041167
1804,4458.371479872933,90.43004261089551,0.5924039889666879,0.404625503925313,0.0,0,8.445749545488585,0.8638945995436236,0.6263681386497514,9426,29,20.72226998992261,3.2884224274723923,1.7306590257879657,5.0,28.568,0.00010607828577490188,0.3214832403219704,0.9517154266155977,1.0476112765697034,0.045504044803982575,88.361398,909,978,0.9294478527607362,2063,2095,0.98472553699284,3183,3246,0.9805914972273567,17202,18223,0.9439719036382593
1805,3401.941641404594,121.4276265900519,0.5345063820581236,0.4618879353861686,0.0,0,9.688924990657098,0.8728266526433927,0.5899210165126327,13867,29,19.97767059985612,3.8584989471057165,2.1002428494333514,6.0,48.856,0.00036043829296424453,0.4759546462471853,0.9515617621264252,1.0474645030425964,0.04527888702821074,117.459468,58,63,0.9206349206349206,324,337,0.9614243323442137,1121,1153,0.9722463139635733,26707,28093,0.950663866443598
1806,5847.459336360586,69.52547787756434,0.7132693580410324,0.28441429516876243,0.00033090668431502316,0,14.36428741711069,0.8652726699779764,0.7484781917820947,6044,21,20.408713223004632,2.9640484258783637,1.5954534910693574,4.0,13.543,0.0,0.2915071058571539,0.9509758721376979,1.0482670089858794,0.046686526346632805,68.095226,2142,2326,0.9208942390369733,2604,2715,0.9591160220994475,3528,3660,0.9639344262295082,10290,10820,0.9510166358595195
1807,8183.943680303502,72.08116074407589,0.8585196607555898,0.13993831919814959,0.0,0,10.40868154316771,0.8487856843603785,0.8958552871530435,5188,20,22.936452043210377,3.3576200810548222,1.8082622361921867,4.0,8.039,0.0,0.2613583349355078,0.9366529315394926,1.0637980721454834,0.05992439445559341,70.543082,1858,1958,0.9489274770173647,2940,3009,0.9770687936191426,3730,3824,0.975418410041841,10339,11352,0.9107646229739254
1808,7335.374533276632,70.21318637643226,0.8090499436725498,0.1890724746526474,0.0003755163349605708,0,7.841529788728165,0.8562961575964728,0.8463796462818622,5326,19,23.264360353498994,3.173589122916835,1.6846135994430262,4.0,8.982,0.0,0.2853257269264152,0.9395527771098822,1.0617438665831205,0.05866642524104839,68.845264,1728,1879,0.9196381053751995,2423,2516,0.9630365659777425,3433,3602,0.9530816213214881,11954,12798,0.9340521956555712
1809,5864.155872124433,68.68143292207306,0.7173613503272477,0.2802273510161902,0.0,0,7.836029031338935,0.8598489070887867,0.7727944476706776,5806,18,22.794541537194505,3.237454889996264,1.9217286914765905,6.0,14.042,0.0,0.3240707039982572,0.9539497307001795,1.045848878500472,0.0438178618943393,66.707824,1370,1447,0.9467864547339323,2575,2667,0.9655043119610048,3952,4101,0.963667398195562,13357,14065,0.9496622822609314
1810,5509.530292257997,67.59745308062416,0.7001865355265389,0.2979481092080719,0.0003391555027980329,0,9.969692274138964,0.8462718983295636,0.7850766859781826,5897,21,21.16700808673716,3.4990491760155864,2.2242673770888834,6.0,15.6,0.0,0.28493765516000147,0.9322341999577256,1.0689669789326437,0.06505671712580531,64.773588,768,855,0.8982456140350877,2271,2380,0.954201680672269,3997,4206,0.9503090822634331,15016,16214,0.9261132354755149
1811,7073.2936109893535,96.86250928072552,0.6667422353207889,0.3305372931308093,0.0,0,10.717422501483044,0.8562038106592325,0.7452140390389453,8822,31,26.31454134317584,3.874641844900436,2.160999659979599,6.0,24.726,0.0,0.28387195252938047,0.9410892284344496,1.0588804757459462,0.05603307937748258,92.877154,77,84,0.9166666666666666,446,471,0.9469214437367304,1445,1514,0.9544253632760898,25317,26924,0.9403134749665726
1812,4695.396295414913,80.75866492235534,0.6186324573421348,0.37812928135508783,0.00012454851164528583,0,8.422782480848795,0.8581091052502114,0.652567234911455,8029,18,23.424563601161445,3.0661021324488575,1.7394805717737065,4.0,22.795,0.0004979459728619445,0.44671889535781295,0.930178359096314,1.0689638737965876,0.06476580223299676,79.152508,1806,1890,0.9555555555555556,2153,2261,0.952233524988943,3096,3276,0.945054945054945,12502,13598,0.9193999117517282
1813,5737.64843058389,46.18612681428162,0.9321641297154203,0.0671740569159497,0.00033090668431502316,0,11.017273572507268,0.8475825162615169,0.9843485354844917,3022,18,24.56709727389113,2.972244075083377,1.906283280085197,5.0,3.504,0.0,0.16932079927162474,0.9399735274652548,1.0606844409072822,0.05803877563742909,45.01642,2996,3193,0.9383025367992484,3210,3348,0.9587813620071685,3170,3332,0.9513805522208884,4827,5237,0.9217109031888486
1814,6198.561392629242,115.22898221739895,0.6032235939643347,0.394718792866941,0.0,0,10.824884276853446,0.8405778176188641,0.6676268689662815,11664,30,19.957981444855996,3.8360071146681665,2.192865264354747,6.0,37.08,0.00017143836790673754,0.38525168242985786,0.8883034773445733,1.1117726558790226,0.10091473374714145,110.838002,93,103,0.9029126213592233,495,523,0.9464627151051626,1364,1455,0.9374570446735395,22495,25440,0.8842374213836478
1815,6843.149069030938,67.67750953906942,0.7910504361016306,0.20724307925673113,0.0,0,8.098498836895752,0.8472604112991593,0.8349409663648053,5274,24,19.401104443647867,3.1811013791365093,1.7277085330776607,4.0,9.762,0.0,0.21898188228668572,0.9320830207551888,1.0692573488907806,0.0648239090781535,66.188742,2033,2105,0.9657957244655582,2554,2643,0.9663261445327279,3467,3623,0.9569417609715706,10583,11624,0.9104439091534756
1816,4636.427861598156,103.53461733019516,0.576989698240496,0.4196371592670253,9.116601331023795e-05,0,10.711136392081727,0.8527597750376475,0.6261576490348096,10969,28,23.203027926190515,3.584948583635552,2.1516827302891453,6.0,36.053,9.115770282588879e-05,0.38787013172726625,0.911727333881456,1.088195590220489,0.08149114375943979,99.922402,264,289,0.9134948096885813,990,1055,0.9383886255924171,2290,2398,0.9549624687239366,20852,23016,0.9059784497740702
1817,5165.506673614717,85.32534061727377,0.6223801493615996,0.3744880751626114,0.00012045290291496025,0,12.946589274713624,0.8469928675733714,0.7187265757138337,8302,19,19.96057260134189,3.697165928372783,2.3820398683955872,6.0,26.22,0.0003612281757977122,0.43627781071213634,0.9288718502251833,1.0714018970796924,0.06689125829194596,81.491466,274,303,0.9042904290429042,1156,1195,0.9673640167364017,2787,2904,0.9597107438016529,20739,22465,0.9231693745826842
1818,5731.584995456719,101.54145941826062,0.6120604989196622,0.3847967000589275,0.0,0,13.196425314248053,0.8563462094015272,0.6695471080387809,10182,29,20.902592284123998,3.556042399896545,2.074614890885751,6.0,31.285,0.0,0.35181607244266533,0.9393710148060088,1.0594223826714801,0.056137368242094525,98.470578,254,268,0.9477611940298507,884,909,0.9724972497249725,2179,2267,0.9611821790913101,22759,24315,0.9360065803002262
1819,2036.1256728519602,65.78028653320547,0.5429608713190803,0.45340863251311014,0.0,0,9.245658919540041,0.854819730371184,0.5745289696312131,7437,20,24.556564017855962,2.594242788379444,1.7585438335809807,4.0,25.077,0.0,0.37539420298178744,0.9409614701253871,1.0582455068479202,0.05538505802244174,64.273156,2040,2182,0.9349220898258478,2775,2886,0.9615384615384616,3567,3741,0.9534883720930233,10154,10890,0.9324150596877869
1820,6351.014464199001,99.38540547477814,0.6367134685387416,0.36037441497659906,0.0,0,10.038990761626902,0.8543030229732249,0.6750317777290599,9615,32,20.189125038051504,3.435472338488161,1.8526625285854297,5.0,27.148,0.0,0.30023485741726563,0.9336185105969279,1.0667602010990296,0.06259113444152814,96.596782,535,576,0.9288194444444444,1565,1640,0.9542682926829268,2832,2978,0.9509738079247817,19076,20521,0.9295843282491106
1821,2982.014606220497,78.75295339306106,0.562406015037594,0.43504916136495086,0.0001156737998843262,0,12.712129524794806,0.8703750863974107,0.6007124016230987,8645,21,23.625063696960964,2.743435682637813,1.5129576306046895,4.0,25.965,0.0,0.4110836734578429,0.9615447198568097,1.0368959512407487,0.03632657328036797,77.023368,2669,2872,0.9293175487465181,2730,2806,0.9729151817533856,2672,2748,0.9723435225618632,9657,10011,0.9646388972130656
1822,6630.039285988836,73.51503205015206,0.7404617651874897,0.25724578352710004,0.0003274930407728836,0,9.295210425051023,0.8727100406987558,0.7801884195925785,6107,19,21.19770432284731,2.944283588341714,1.342547545333923,3.0,11.535,0.0,0.31727570951210526,0.966869579270592,1.0331461887281366,0.033076362121054276,72.199842,2694,2883,0.9344432882414152,2415,2462,0.9809098294069862,3243,3328,0.9744591346153846,9596,9890,0.970273003033367
1823,7976.93942003641,101.5904027751314,0.69009900990099,0.30781078107810783,0.00044004400440044003,0,9.86022212258112,0.8690457397534253,0.730150417778691,9090,24,25.63244813494616,3.50773248858777,1.7584887613582019,5.0,22.06,0.0,0.3777362055461919,0.9616618240821101,1.038191030779702,0.0378317539846785,99.53055,548,610,0.898360655737705,1481,1529,0.9686069326357096,2780,2854,0.9740714786264891,20676,21508,0.9613167193602381
1824,7748.7003824945805,87.78481200462616,0.7296598639455782,0.26789115646258504,0.00013605442176870748,0,10.595659042942426,0.8537762047206786,0.7824623243931389,7350,26,22.438513241053485,3.515465592356536,1.8532537758717136,5.0,16.515,0.0,0.28301193688915977,0.9465137691470662,1.0530509540784232,0.050695272149384185,85.252564,874,940,0.9297872340425531,2336,2426,0.9629018961253092,3953,4071,0.9710144927536232,15453,16457,0.938992525976788
1825,8544.93714061283,83.19381691087658,0.799305774692332,0.19816976964342065,0.0,0,11.53592749577947,0.8542938509359664,0.8618868995352309,6338,17,25.16247365062853,3.4926637014431954,1.803987366758784,5.0,11.686,0.0,0.36807255348199475,0.9575767648647525,1.0429736250936017,0.04149906408060855,81.08691,993,1055,0.9412322274881516,2182,2221,0.9824403421882035,3792,3883,0.9765645119752768,16079,16908,0.9509699550508635
1826,6906.7931829975605,89.01384799027741,0.6854325302708776,0.3111971039820247,0.00012482836100362001,0,10.093347734714717,0.8391759744937131,0.7157741227063407,8011,20,19.942969660832883,3.1906777966460877,1.7412128938262612,5.0,19.672,0.0,0.40085622095301454,0.9420766525055959,1.0570434464130385,0.054425294803680184,87.056976,1485,1587,0.9357277882797732,2758,2802,0.9842969307637401,3121,3199,0.9756173804313848,13259,14303,0.9270083199328812
1827,6030.1280525967695,95.87477575706052,0.6324953749047775,0.36413102622701055,0.0,0,12.01882113972774,0.8731551716378502,0.6984883636663801,9189,32,22.560697639375867,3.486859156941448,1.9413282863041983,6.0,26.371,0.0,0.28755831413055033,0.9413019464442159,1.0588571864510223,0.055953108705814665,92.451374,410,446,0.9192825112107623,1549,1591,0.9736015084852294,3353,3443,0.9738600058088877,19400,20773,0.9339045876859384
1828,6690.085091873908,79.15921258345108,0.7131375127867894,0.28379365775244775,0.0,0,10.331002317738134,0.8452911095349472,0.7461636454760937,6843,29,22.47967462915974,3.3199287373932433,1.9022540983606557,5.0,16.452,0.0,0.23523193181882185,0.9255403268318397,1.0755049060588726,0.07021198382551158,77.323066,1087,1170,0.9290598290598291,2307,2390,0.9652719665271966,3795,3959,0.9585753978277343,13880,15245,0.9104624467038374
1829,5924.108005889652,94.99145611943318,0.6290059750135796,0.3674090168386746,0.0,0,7.214779759431406,0.847581652433232,0.6888060733988657,9205,28,25.42856928489038,3.6559152837311055,2.2293609671848014,6.0,27.927,0.00010862480990658266,0.32846439774072334,0.9131849067514819,1.0862883301845663,0.0796048035660823,91.667468,163,182,0.8956043956043956,638,676,0.9437869822485208,1721,1843,0.9338035811177429,22744,24967,0.9109624704610085
1830,4992.425239998404,52.80396366720437,0.7595294117647059,0.23905882352941177,0.00023529411764705883,0,7.706538110890312,0.8675623090740697,0.8180872764169548,4250,23,21.696839070331475,2.9063882459266877,1.8804213135068153,5.0,9.098,0.0,0.1874534609375254,0.9404136197440585,1.0593719613338672,0.05623550978594921,51.208798,2622,2782,0.9424874191229331,3137,3233,0.9703062171357872,3755,3921,0.9576638612598827,6947,7568,0.9179439746300211
1831,3080.6997732294794,84.33386612671856,0.5573877196788891,0.44011716207420265,0.0,0,7.452295639631203,0.8806178323602096,0.5903009132593318,9218,29,26.671595323927402,3.206576115254723,1.6395484624367458,4.0,29.176,0.0,0.31768813091457915,0.956855575868373,1.042780966336956,0.04109855862874951,82.345234,867,955,0.9078534031413612,1965,2024,0.9708498023715415,3287,3423,0.960268770084721,17434,18213,0.9572283533739636
1832,3437.039313803105,34.38417389028275,0.786946736684171,0.2078019504876219,0.003000750187546887,0,9.56178001673936,0.8616482072993181,0.8393029811154606,2666,16,22.838972426286468,2.219772495030382,1.5562440419447092,4.0,4.691,0.0,0.16153416196510603,0.939179104477612,1.0586303939962476,0.06030855539971949,33.379958,4293,4583,0.9367226707396902,2390,2507,0.9533306741124851,1877,2007,0.935226706527155,1508,1623,0.929143561306223
1833,8097.162912748721,107.6357032191087,0.6766026949775419,0.3212535728868926,0.0002041649652919559,0,12.277713767289152,0.8737045765693296,0.7271590130209328,9796,25,21.981003270430705,3.411223544097233,1.9751056125528064,5.0,25.978,0.0003061536891519543,0.3929768308914037,0.9491019004273356,1.0506113065589189,0.04846441204667923,105.137608,154,167,0.9221556886227545,590,624,0.9455128205128205,1491,1563,0.9539347408829175,25083,26429,0.9490710961443869
1834,10074.963126029153,122.72117224628234,0.7021336327905671,0.2947782144862437,0.0,0,14.600212903629107,0.885992057277172,0.7548842670963287,10686,22,21.63716022183562,3.60204175098308,1.947221111555378,6.0,26.125,0.000280662363177098,0.48718084877946866,0.9520651828859652,1.0475499734654166,0.04558155192728497,119.640578,222,242,0.9173553719008265,745,785,0.9490445859872612,1883,1979,0.9514906518443659,24142,25345,0.9525350167685934
1835,4137.1140028008085,64.62905930022367,0.6386487351905219,0.35894972782580853,0.0001601024655779699,0,10.34864364572538,0.8596157843001409,0.6818749126255697,6246,31,20.909865116785003,2.9180841744275723,1.5485083980947605,4.0,16.545,0.0,0.20170545704201245,0.951370563842964,1.0498301245753114,0.04774358974358974,62.783994,2486,2625,0.947047619047619,2977,3046,0.9773473407747866,3296,3433,0.9600932129332945,8907,9465,0.9410459587955626
1836,7867.187162808772,78.92822420008001,0.7813515269655621,0.21702404158544508,0.0,0,12.439158231197467,0.8559738707342947,0.8651296956329808,6156,17,23.87264364810382,3.640521654489105,2.1137214137214135,6.0,13.228,0.0,0.360195641452213,0.9445191927186387,1.0547091962231214,0.05185351943568963,76.409964,609,679,0.8969072164948454,1699,1782,0.9534231200897868,3655,3800,0.9618421052631579,17905,19009,0.9419222473565153
1837,2770.0919401208507,122.6861864024621,0.5206576728499157,0.4758993816750984,7.026419336706015e-05,0,10.191100715511345,0.8586987976391004,0.5894366395340782,14232,31,25.105140457648567,3.9317499712335215,2.1959514170040486,7.0,51.378,0.0005617977528089888,0.46148286623772106,0.9449776711324401,1.0540567679742938,0.051403641881638845,117.769892,13,18,0.7222222222222222,121,128,0.9453125,474,510,0.9294117647058824,27747,29350,0.9453833049403748
1838,5939.839331709277,84.96421325749291,0.6568863032755786,0.33957253066902743,0.0,0,8.80210776283161,0.8669632853777993,0.7087028430269691,7907,29,21.712750443234572,3.4977363635401164,1.833846746245668,5.0,21.153,0.0,0.2776902390015604,0.9524095661579137,1.048689439248585,0.04670434583365157,82.31534,715,789,0.9062103929024081,1956,2021,0.9678377041068777,3482,3611,0.9642758238715038,17622,18542,0.9503829144644591
1839,4682.278547291556,127.77784024233137,0.5565291729001923,0.4400512930113272,0.0,0,12.91429705094715,0.8685358462453826,0.5995820576155284,14037,29,22.042070682775943,3.6599839559155045,1.939964157706093,6.0,46.188,0.0004272591326639607,0.47880568044285,0.9600813283632667,1.03997011580127,0.03844900619094167,124.30485,96,103,0.9320388349514563,458,475,0.9642105263157895,1419,1463,0.9699248120300752,26359,27469,0.9595908114601915
1840,5411.1456220884365,126.67706309450404,0.5717455621301775,0.4257396449704142,0.0,0,10.339621573121134,0.8616753119616601,0.624176266875569,13520,29,23.204883576330317,3.8649350712196804,2.1090556274256147,6.0,44.385,0.00014790711433219938,0.4678186005271675,0.942111658678188,1.0579116601793874,0.055022168351886704,122.480792,38,44,0.8636363636363636,219,229,0.9563318777292577,785,815,0.9631901840490797,26869,28538,0.9415165743920387
1841,5146.358955426497,68.64048671029116,0.6763531853744212,0.3206131247006227,0.0004790036723614881,0,10.600757168864128,0.8751498731895192,0.7175367052857196,6263,30,23.491589996841157,3.058345329233752,1.6196883852691217,4.0,15.312,0.0,0.21110583424067988,0.9659044040144814,1.0330578512396693,0.03267133611135739,66.977588,1637,1752,0.9343607305936074,2541,2615,0.9717017208413002,3835,3917,0.9790656114373245,13064,13537,0.9650587279308561
1842,8183.7847029002805,90.92252743095919,0.7378768020969856,0.25963302752293577,0.0001310615989515072,0,9.807628028510361,0.8791194799319456,0.765428063173013,7630,27,20.97865418109818,3.455759909344352,1.719893428063943,4.0,16.685,0.0,0.2816070424956023,0.9582995795239748,1.041943457438591,0.040493022911500164,89.311618,753,793,0.9495586380832283,1513,1540,0.9824675324675325,2738,2797,0.9789059706828745,19838,20793,0.9540710816140047
1843,5161.465020799221,84.04131103371495,0.629878869448183,0.36828581916065095,0.0,0,12.240639739890053,0.8849326286463243,0.6638255660232868,8173,17,20.364706131569726,3.0349037822546228,1.7268842268842268,5.0,22.873,0.0008557457212713936,0.4834695945846498,0.970792353216673,1.0287554929817826,0.028258171286719074,82.210194,1163,1255,0.9266932270916335,2298,2377,0.9667648296171645,3994,4104,0.973196881091618,15346,15751,0.9742873468351215
1844,6706.238663921584,102.90944642045824,0.6424906951010965,0.3551956543607283,0.0,0,8.54084945271535,0.877022631089809,0.6629403503330841,9941,26,23.133944230459896,3.2875224187225625,1.6306560200407076,4.0,26.351,0.0002011465352509303,0.3821029805310578,0.9615815282443337,1.0389891417751844,0.03760544015458363,101.371954,776,826,0.9394673123486683,1500,1550,0.967741935483871,2443,2526,0.9671417260490894,20185,20997,0.9613278087345811
1845,6192.104202262848,81.46724956995438,0.6805120522947025,0.31785373825411956,0.0,0,12.375825881321008,0.8623653624686121,0.7485658240583327,7343,28,23.77176050782788,3.5160948097172637,1.7960776465879529,6.0,18.344,0.0,0.26344967698989147,0.9484474943872581,1.0514584129410267,0.048986826733271566,78.632336,890,981,0.9072375127420998,2502,2592,0.9652777777777778,3834,3968,0.9662298387096774,15164,16066,0.9438565915598157
1846,5922.715324188913,49.187182284023294,0.904647676161919,0.09235382308845577,0.0005997001499250374,0,15.65084877481029,0.8766992653363592,0.9311628198142934,3335,22,23.04068172808871,2.84320495552613,1.5830294995028173,4.0,3.632,0.0,0.15477718883791455,0.955622758281173,1.0444193753084678,0.044100840336134456,48.182922,3602,3877,0.9290688676811968,2949,3054,0.9656188605108055,2902,2993,0.9695957233544938,4135,4295,0.9627473806752037
1847,7015.741917681825,75.7347908414522,0.7495976826520759,0.24702285162536208,0.000321853878339234,0,9.627523295107586,0.868030666304903,0.7964950887606534,6214,19,18.866931719525535,3.10377428328202,1.642121082009446,4.0,12.487,0.0,0.32831464555192025,0.9339772088507333,1.0657618437900127,0.06215853541646698,74.347856,2081,2239,0.929432782492184,2653,2747,0.9657808518383691,3118,3280,0.9506097560975609,10425,11303,0.9223215075643635
1848,5936.455377030261,69.81100672790149,0.7159694555112882,0.28087649402390436,0.00016600265604249667,0,11.112703211104794,0.8643469558439973,0.7558783914803138,6024,27,23.32077803771231,3.043230857961143,1.6547646649663807,5.0,13.52,0.0,0.2199595077743311,0.9489727957374865,1.0514083423118363,0.049383918570106655,67.969726,2223,2346,0.9475703324808185,2798,2867,0.975933031042902,3360,3489,0.9630266552020637,10142,10817,0.9375982250161783
1849,5707.547249438717,45.16690504273951,0.9466349422161795,0.052345343303874914,0.0,0,12.755084989588067,0.8409650159696497,0.9822421300625024,2942,16,21.208527448961718,2.890003990921516,1.576660682226212,4.0,2.36,0.0,0.18801130566526997,0.94949719018042,1.050252001185888,0.04787383835539285,44.177138,3210,3395,0.9455081001472754,2800,2917,0.9598902982516284,2977,3133,0.950207468879668,3854,4079,0.9448394214268203
1850,10654.377155095144,94.91763169107668,0.8490730011587485,0.14933371958285052,0.0,0,15.599329444127894,0.8497505949636632,0.8784618097036722,6904,16,23.01490892991562,3.398260664860169,1.9356874786762197,5.0,11.575,0.0,0.4335163401648936,0.9168221807517996,1.0821191462816915,0.07591870252514885,93.526964,1159,1241,0.9339242546333602,2216,2305,0.9613882863340564,3522,3657,0.963084495488105,13737,15303,0.8976671240933151
1851,8687.449978438483,99.97086115958236,0.719229397074563,0.2775597574027827,0.0,0,10.973933950600799,0.8455499495235155,0.8329035612910699,8409,18,22.298300129565288,3.8735032591083467,2.559193121693122,7.0,22.912,0.00071301247771836,0.46463620310768494,0.9336137902729325,1.0634877009756767,0.059508492022645396,95.068702,63,69,0.9130434782608695,287,306,0.9379084967320261,997,1052,0.9477186311787072,25950,27811,0.933084031498328
1852,4809.675760906989,94.48713831838592,0.5936246786632391,0.4025706940874036,0.0,0,10.790875919443508,0.8298676906955713,0.669733359448577,9725,27,20.481461664716797,3.78246197070288,2.373809111380565,6.0,31.889,0.00010281719103434094,0.3588831364519789,0.8973105134474327,1.1034053460270963,0.09366628080039689,90.829576,126,131,0.9618320610687023,605,644,0.9394409937888198,1803,1897,0.9504480759093306,22055,24731,0.8917957219683798
1853,2678.552235907868,97.86697159639397,0.5314473801263233,0.4645494173116271,0.0,0,7.959126533467301,0.8337412263516004,0.5852481917126471,11241,23,23.08404006045899,3.3372622460476733,2.4886173418145296,6.0,41.492,0.0003557136505113384,0.48680456779310866,0.8570325203252033,1.1433889707085583,0.12508446847103177,94.601776,460,502,0.9163346613545816,1141,1217,0.9375513557929335,2126,2311,0.9199480744266552,17356,20570,0.8437530384054448
1854,4516.785612502111,58.525721594538005,0.6818791946308724,0.3160115052732502,0.0,0,7.368014502734241,0.8412726527180432,0.7638669435856429,5215,21,22.216529171997372,3.417753927334237,2.4260404949381327,6.0,15.209,0.0,0.24642301975261627,0.9245851564434905,1.0759006211180124,0.07048306027702106,55.911878,667,731,0.9124487004103967,1880,2007,0.9367214748380668,3825,4075,0.9386503067484663,16027,17413,0.9204042956411876
1855,5160.6200222766,87.64069306446366,0.618965118965119,0.3783783783783784,0.0,0,10.90069127972951,0.8422651192986808,0.6833366225398113,8658,30,21.732840046486746,3.7364366912200664,2.1261429371151332,6.0,26.496,0.0,0.289440759325491,0.9285792489325208,1.0713579975848062,0.06659626652132443,84.424288,202,217,0.9308755760368663,1004,1041,0.9644572526416907,2339,2479,0.9435256151674062,21899,23664,0.9254141311697093
1856,5424.783717576727,54.3572306101914,0.783290428270536,0.21553943365317108,0.0002340276152586005,0,12.623201952006092,0.8496001277155273,0.8486534310654056,4273,27,23.50979320849101,3.06478565649686,1.992829399462205,6.0,8.687,0.0,0.15418972174115045,0.9391726167765847,1.060188978098203,0.05748484537141683,52.44801,2188,2341,0.9346433148227253,3415,3525,0.9687943262411347,3954,4164,0.9495677233429395,7674,8317,0.922688469400024
1857,5388.434832043858,64.90927053521067,0.7091782283884739,0.28904304517965135,0.0,0,13.757955409243696,0.8337645724769185,0.7391486631464982,5622,25,24.35836552708894,2.9330744565809943,1.637572109355405,3.0,12.909,0.0,0.2259111444959462,0.9051943544655252,1.0949146638801812,0.08842604798312681,63.212146,2635,2841,0.9274903203097501,2479,2620,0.9461832061068702,2955,3196,0.9245932415519399,7580,8631,0.878229637353725
1858,4443.1696982372,94.44388626620402,0.5797768907993041,0.4172551427694197,0.0,0,10.574114708006512,0.8443447773134474,0.6700813959216926,9771,20,25.519837542800847,3.738469918168154,2.654368932038835,7.0,33.853,0.0004092071611253197,0.49102958708116695,0.9098466853811272,1.0887648998224702,0.08130269466027443,89.766626,107,117,0.9145299145299145,593,622,0.9533762057877814,1921,2050,0.9370731707317074,22660,24997,0.9065087810537265
1859,5304.5978636131695,94.80694442876889,0.6055709121837125,0.3904954284499256,0.0,0,7.625197520110614,0.8435128123873996,0.7041980517954146,9406,19,23.882037878614092,3.78516786266287,2.6034058988764044,7.0,31.421,0.0006374840628984276,0.49164399926960023,0.9298009492101721,1.067665693742436,0.0632071402501742,90.255354,137,150,0.9133333333333333,630,680,0.9264705882352942,1904,2012,0.9463220675944334,23581,25392,0.9286783238815375
1860,4072.8562595704298,101.80497091272744,0.5650350925166348,0.43232157506152585,0.0,0,8.018191179905537,0.8393801227448111,0.618547222529999,10971,30,21.705726678979882,3.7260633429480845,2.009678980480723,6.0,36.36,0.0002733734281027884,0.36740096618558016,0.9384760837593669,1.060610317098009,0.05721171305008088,98.40049,118,131,0.9007633587786259,573,614,0.9332247557003257,1800,1882,0.9564293304994687,24310,25931,0.9374879487871659
1861,6478.640245518148,69.30945949776405,0.7532124625946136,0.24502728392888576,0.0001760253476500616,0,11.611288080883867,0.8420837151752655,0.8029627452717831,5681,32,22.04583597913026,3.2193604572950845,1.8027576536573966,5.0,12.1,0.0,0.1761232289885486,0.927612052920167,1.074064737319754,0.06946589898422506,67.673796,1860,1984,0.9375,2786,2913,0.9564023343631994,3532,3735,0.9456492637215529,10262,11247,0.9124210900684627
1862,5825.7237105001595,115.80324198788111,0.5922624053826745,0.404457527333894,8.410428931875525e-05,0,9.79571185372307,0.8524921432610103,0.6485001760820077,11890,30,23.430756920380627,3.523326417682307,2.068872479409259,6.0,37.649,0.0,0.3954830706206295,0.9286188695074632,1.071438596491228,0.06689934111814208,112.215964,115,129,0.8914728682170543,436,459,0.9498910675381264,1206,1274,0.9466248037676609,24808,26745,0.9275752477098523
1863,4933.0946142309085,89.19028964277716,0.6074115665356541,0.3901179112857945,0.0,0,8.629043781527582,0.8630742788149055,0.6761154845911262,8905,19,20.51716328132926,3.656343749316616,2.1063043076354226,6.0,27.115,0.0003367759317467445,0.46732024671029315,0.9543988110341828,1.042265826932178,0.04065238558909445,85.632618,260,271,0.959409594095941,1068,1146,0.9319371727748691,3141,3346,0.9387328153018529,21860,22824,0.9577637574483
1864,3238.439549758853,45.23761012359665,0.6641933939684059,0.33365246529439924,0.0004786979415988511,0,12.144783387777577,0.8671592223286986,0.7291243934663579,4178,26,22.614806768026945,2.6624176865501483,1.8385585585585587,5.0,10.991,0.0,0.1629917181046092,0.9458261674824713,1.0529005708217178,0.05150887759583412,43.50312,3331,3565,0.9343618513323984,3411,3524,0.9679341657207718,3298,3435,0.9601164483260554,4259,4594,0.9270787984327383
1865,2812.8390150364335,78.79727111591632,0.5545318438327766,0.4416676263964068,0.0,0,8.722952575155865,0.869183892634893,0.6054275323084535,8683,24,24.084095694750573,3.15883758506436,1.7964693665628244,6.0,28.456,0.00011515430677107324,0.3620096486019653,0.952816584046868,1.0464590771455689,0.04489304007231094,76.531762,1323,1440,0.91875,2685,2782,0.9651329978432782,3847,3949,0.9741706761205369,13288,14019,0.9478564804907625
1866,3229.946191545207,49.91844896412051,0.6388009288579269,0.35761030187882625,0.00021110407430863416,0,7.246952764543442,0.8709787391456841,0.6781065710692656,4737,16,20.99635239393914,2.604186627500739,1.7395902181097158,5.0,13.01,0.0,0.2996653426324718,0.9490306441525954,1.0494919081671057,0.0480442936238614,48.220532,3061,3285,0.9318112633181126,3456,3542,0.9757199322416714,3273,3432,0.9536713286713286,5385,5731,0.939626592217763
1867,4921.025914702745,75.89673076438014,0.6406742496916541,0.3556255995614636,0.00013704262025489926,0,7.550854217093991,0.8644341441539528,0.6621606661074799,7297,20,22.31973984604606,2.8802021834290126,1.5837433155080214,3.0,19.398,0.0,0.36223875680113615,0.9547380759174106,1.0454545454545454,0.04396172743728989,74.751082,1666,1756,0.94874715261959,2095,2142,0.9780578898225957,3331,3424,0.9728387850467289,14086,14860,0.9479138627187079
1868,5286.368942329311,91.6566388609617,0.6180019567344277,0.37938906402869876,0.0,0,11.798856268404217,0.8695791195664552,0.6503403884264137,9199,32,22.07205284529831,3.411393428898195,1.7646437994722954,4.0,26.327,0.0,0.28618779163665653,0.9508285372165785,1.0486191691807845,0.04637542360394872,89.807162,707,754,0.9376657824933687,1480,1517,0.975609756097561,2624,2720,0.9647058823529412,19805,20898,0.9476983443391712
1869,8147.880512729683,82.12807974893747,0.7822455923291061,0.21497061552737395,0.0003093102381688834,0,14.858862988392751,0.8548468330422201,0.8136197281803895,6466,17,23.395695422173503,3.1005766765162113,1.5357848952155002,3.0,11.514,0.0,0.3799178113768786,0.9310011803841614,1.0685984624482554,0.06468610428062428,80.634902,2527,2699,0.9362726935902186,2307,2413,0.9560712805636138,2583,2722,0.9489346069066863,9935,10804,0.9195668271010736
1870,3862.6501489041707,94.88196988453885,0.5688757977417771,0.4286696121747668,0.0,0,9.87705879637286,0.8722751071877187,0.6027464335129539,10185,32,19.047249155786595,3.3731169548254645,1.6511908871246117,4.0,31.524,0.0,0.32050782573726916,0.9587120329371552,1.0412002487562189,0.03961504028648165,93.006588,751,785,0.956687898089172,1731,1762,0.9824063564131669,2714,2798,0.9699785561115082,19487,20401,0.9551982745943827
1871,6085.665919359084,58.36620351512016,0.8073908174692049,0.18902575587905934,0.0008958566629339306,0,13.302287997299008,0.846039813213909,0.8329372599255237,4465,18,21.765332010785926,3.1181887296127617,1.6144244105409153,4.0,7.485,0.0,0.2458219289260339,0.9200990167090697,1.0818238170672911,0.07657629055813067,57.626834,2580,2772,0.9307359307359307,2543,2667,0.9535058117735283,2611,2812,0.9285206258890469,5647,6292,0.897488874761602
1872,7011.947607634579,73.58149315012241,0.7605227427019687,0.2364222674813306,0.00016972165648336727,0,10.377158348031747,0.83741878067304,0.8317931938408386,5892,31,24.716485388560287,3.558104989633749,2.065610354831511,6.0,13.09,0.0,0.19497689450448413,0.9252981795354677,1.0766455510341066,0.07135362014690451,70.854122,709,804,0.8818407960199005,2067,2194,0.9421148587055607,3597,3800,0.9465789473684211,15737,17097,0.9204538807978008
1873,4177.488049351087,117.1439867982425,0.5507504254989942,0.44445304038372274,7.736345350456444e-05,0,9.982380865789551,0.84231381463633,0.6165743362669667,12926,32,23.551970357956137,3.8738034230693477,2.281921618204804,6.0,45.182,0.0,0.40368362813733205,0.8720888181686677,1.1275048187074954,0.11343379288233409,112.504292,33,34,0.9705882352941176,269,283,0.950530035335689,1102,1157,0.9524632670700086,22711,26178,0.8675605470242188
1874,4244.856512793543,37.6756476904968,0.8509225092250923,0.14612546125461254,0.00036900369003690036,0,10.070342553453251,0.8395052056593976,0.9301455664180105,2710,18,21.63267565346743,2.60248785507157,2.1019080659150045,6.0,4.799,0.0,0.1511427483961267,0.9372348207754206,1.0635723713154421,0.06048109965635739,36.149608,3544,3797,0.933368448775349,3461,3614,0.9576646375207526,2880,3069,0.9384164222873901,2927,3190,0.9175548589341693
1875,4385.919366888684,81.15574447228596,0.6027713625866051,0.39285280175033427,0.0,0,12.775198326192728,0.842111435069354,0.6628969067227075,8227,20,25.974597550262427,3.576650805924036,2.2375478927203063,6.0,26.498,0.00012153621779290228,0.4020791629821827,0.9251563981042654,1.0747613796250524,0.06976334073995698,78.325968,355,383,0.9268929503916449,1198,1268,0.944794952681388,2868,3037,0.9443529799143892,19980,21687,0.9212892516253977
1876,5429.880470488681,88.31747612106965,0.6290732609198059,0.3678067945458747,0.0,0,12.80196348452364,0.8498865745853926,0.6632172715475662,8654,27,23.91917465354708,3.31553645400218,1.7757163850110214,4.0,24.799,0.0,0.31945199638635885,0.9281235336774304,1.0722037084508245,0.06724227111765409,86.111696,995,1058,0.9404536862003781,2105,2183,0.9642693540998626,3324,3496,0.9508009153318078,15334,16706,0.9178738177900155
1877,5319.322811569334,56.63354598755372,0.7559652928416486,0.24099783080260304,0.0006507592190889371,0,9.212282613765154,0.8666223045678338,0.7844517265910175,4610,26,18.811264374071175,2.9539714457844957,1.6430416068866571,4.0,9.327,0.0,0.17783265203712006,0.9487792385180126,1.0511885082369037,0.04995944849959449,55.586008,2558,2721,0.9400955531054759,3058,3154,0.9695624603677869,3530,3661,0.9642174269325321,7525,8035,0.9365276913503423
1878,1708.877586257323,46.88625881145219,0.5568427253092479,0.43883762026310624,0.0019634792852935403,0,11.179763330894662,0.867482011305756,0.6043504875359245,5093,22,21.53902927841804,2.47214253587938,1.5550070521861776,3.0,16.059,0.0,0.23227411322703806,0.9440412957282861,1.0545249718362748,0.05560265649286421,45.214792,4271,4474,0.9546267322306661,2719,2803,0.9700321084552266,2384,2530,0.9422924901185771,3245,3560,0.9115168539325843
1879,1681.604436747521,87.11761199694149,0.5167087623858558,0.4800854866912765,0.0,0,12.36604163576917,0.8824249572583148,0.5566950524826777,10294,23,23.635474196324346,2.952636460296916,1.5897725136303817,4.0,34.942,0.0007765482430596001,0.4492387557272869,0.9601522598053387,1.0395193977996526,0.03814246651527089,84.926806,1853,1967,0.942043721403152,3079,3146,0.9787031150667515,3006,3101,0.9693647210577233,11989,12540,0.956060606060606
1880,6101.031528796721,95.51018711492672,0.6375393978915336,0.3597435061406369,0.0,0,8.041602245787086,0.8898143380835367,0.6777926681060021,9201,29,20.256731988286994,3.551554841960179,1.659563586771224,4.0,24.973,0.0,0.3191945143522583,0.9675197214917965,1.0313044768369126,0.030380292311559594,93.101198,544,572,0.951048951048951,1437,1466,0.980218281036835,2353,2429,0.9687114038699053,21790,22534,0.9669832253483625
1881,5470.100560259214,124.39400298453808,0.57447131054347,0.42219358750852726,0.0,0,10.332687583415336,0.8817793902618084,0.6364815651558454,13193,27,19.786875912321303,3.8221836826849245,2.3294629898403483,7.0,44.424,0.0009087466868610374,0.48926312619132906,0.9702080552209162,1.028359767639188,0.027731172243502484,120.15718,29,31,0.9354838709677419,145,147,0.9863945578231292,475,486,0.977366255144033,29149,30049,0.9700489200971746
1882,5439.178803780118,57.96623516358338,0.7552921253175275,0.24301439458086369,0.0,0,10.88361700469816,0.8750794069892137,0.8093327901509713,4724,31,22.658804131223086,3.0170469755654,1.8312780269058295,6.0,9.826,0.0,0.1559289542430224,0.9522163020065753,1.0495201317508092,0.04715095868214961,56.23669,2599,2773,0.9372520735665344,3239,3343,0.9688902183667365,3617,3793,0.9535987345109412,7344,7733,0.9496961075908444
1883,6733.260802139955,73.3507448244076,0.7457851239669422,0.2512396694214876,0.00016528925619834712,0,11.993244730184111,0.8621213426814971,0.8044286114230439,6050,17,21.0950190599285,3.165053786228845,1.6427304964539007,5.0,12.451,0.0,0.3578421567849417,0.9530037214247741,1.0483578588185114,0.046291132180702736,71.689654,2337,2494,0.9370489174017642,2989,3091,0.9670009705596894,3255,3412,0.9539859320046893,9345,9813,0.9523081626413941
1884,5460.779557182005,131.9030801341554,0.568455330596064,0.4282174713294634,0.0,0,14.479130441831682,0.8730441056990873,0.6322156446221505,14126,29,21.76535386011532,3.839444148263556,1.951307596513076,6.0,45.499,0.0007074136955291454,0.489185355450364,0.9504416425055626,1.048042764827283,0.04596185391270786,127.170496,41,43,0.9534883720930233,306,325,0.9415384615384615,1154,1219,0.9466776045939295,26691,28075,0.9507034728406055
1885,4632.723159492545,68.80550471613012,0.6485407066052228,0.34854070660522274,0.0,0,14.853530652949987,0.8632725653251316,0.6887395598019502,6510,25,22.523714112600913,3.1024120389979344,1.7292752250118428,5.0,17.112,0.0,0.2590202171167035,0.9461132075471698,1.05431438801755,0.05176526717557252,66.805164,1956,2105,0.9292161520190024,2921,3011,0.9701095981401527,3650,3803,0.9597686037338943,10277,10956,0.9380248265790434
1886,2407.497864389292,73.50312356520362,0.548130277442702,0.448854041013269,0.0,0,15.278970209696983,0.8573913478617587,0.6029647716487683,8290,23,19.945376966429105,3.049450042571367,1.9022887323943662,6.0,27.624,0.0,0.3611624437800558,0.9455057789664725,1.0549066539013883,0.05270777722481111,71.073956,1524,1652,0.9225181598062954,3146,3237,0.9718875502008032,3815,3935,0.9695044472681067,11312,12114,0.9337956083869903
1887,4003.745164059375,46.737090056899724,0.7183806889615288,0.2791048529041991,0.0,0,9.739114161039344,0.8550041196240444,0.7861923988529355,3977,25,23.255146422235995,2.6774161962834526,1.7875393769688483,5.0,9.149,0.0,0.15838769521443508,0.950768815753979,1.0488447507093637,0.046737383477981356,45.035582,3624,3815,0.9499344692005243,3235,3352,0.9650954653937948,2887,3022,0.9553275976174719,4352,4639,0.9381332183660271
1888,4407.614720623128,74.41403516856238,0.6210583299499256,0.37569359859250234,0.0,0,10.40355320498188,0.8616479418356441,0.6754773528746465,7389,24,24.86788786848431,3.1329949274543596,1.8328611898016998,5.0,21.007,0.0,0.3095574187066451,0.9390979603562195,1.0611383050196757,0.05791610284167794,72.338628,1697,1812,0.9365342163355408,2656,2746,0.9672250546249089,3632,3760,0.9659574468085106,11629,12568,0.9252864417568428
1889,3609.167429857628,46.603746383635546,0.6856799037304453,0.3111913357400722,0.0004813477737665463,0,6.705702626255665,0.86068800186218,0.7511289230030954,4155,22,24.622737143655204,2.62044671621331,1.7167427167427167,4.0,10.266,0.0,0.1828958698499411,0.9327031136378661,1.0694545695539797,0.06606161634870655,44.98987,3242,3494,0.927876359473383,3064,3240,0.945679012345679,3136,3331,0.9414590213149204,4667,5062,0.9219676017384433
1890,4038.565900125703,112.12769101435933,0.554759967453214,0.44255492270138325,0.0,0,10.752837257522277,0.8554958605960823,0.6100305755361474,12290,29,21.291783436914706,3.5228195941663527,1.9680258140217073,6.0,40.814,0.00032536196518626975,0.42448682824198813,0.9234466186062479,1.0783031137632928,0.0730474136407029,108.488148,333,366,0.9098360655737705,1429,1480,0.9655405405405405,2898,3027,0.9573835480673935,19550,21344,0.915948275862069
1891,6424.754063029249,75.96302821110108,0.7134831460674157,0.28332827209231704,0.0,0,12.075047934410886,0.8761421972403085,0.7633906618674324,6586,30,21.096551476328383,3.2488245848716595,1.664609491381145,5.0,14.728,0.0,0.21885902970828694,0.9521279188807098,1.047188705974305,0.04506307900004655,73.893984,1815,1944,0.933641975308642,2978,3066,0.9712981082844097,3605,3741,0.9636460839347768,11133,11762,0.9465227002210509
1892,6293.97474649905,89.78475005906324,0.6573242304467601,0.3393220744999401,0.0,0,13.269383568697853,0.8491567129809705,0.6953588829478552,8349,17,23.703496919450846,3.033066399956915,1.7784256559766765,4.0,22.252,0.00011976047904191617,0.4931805511098478,0.8952515484081278,1.1056764272861115,0.09570600373390979,88.073378,2645,2810,0.9412811387900356,1584,1667,0.9502099580083984,1866,2034,0.9174041297935103,10383,11895,0.8728877679697352
1893,4801.779508706088,80.81820090641247,0.623622244488978,0.37412324649298595,0.0,0,10.753544660716834,0.8671866507057641,0.6646304286132237,7984,21,23.411018132586513,2.963221613663709,1.5716007230367544,4.0,21.65,0.00012523481527864746,0.38499146084623104,0.9394942963780687,1.0607513567627378,0.057380704623160396,79.207004,2455,2643,0.9288687097994703,2299,2403,0.9567207657095298,2694,2813,0.9576964095271951,10424,11164,0.9337155141526334
1894,3043.6464829603606,57.00169509132876,0.6033740747116544,0.39283869857118264,0.0005164400068858667,0,11.12423610568195,0.8684525764345022,0.670501561144364,5809,20,21.270590095049144,2.7152314268542463,1.807703281027104,6.0,17.401,0.0,0.2910430338432808,0.9568543451652387,1.0424004417991042,0.04158601677517743,54.872062,3069,3247,0.9451801663073607,3571,3631,0.98347562654916,3175,3285,0.9665144596651446,5820,6177,0.9422049538610976
1895,2641.097099764815,73.29744193620814,0.5527462946817786,0.444015444015444,0.00012454851164528583,0,6.923957933666229,0.8490346657993288,0.6239959122646461,8029,18,23.2427353694087,3.2930255321804465,2.1897251013970256,6.0,27.524,0.0,0.4454204624935053,0.9554950045413261,1.0435797973400887,0.042174143278614115,70.78202,652,714,0.9131652661064426,1836,1890,0.9714285714285714,3855,3990,0.9661654135338346,17853,18729,0.9532276149287202
1896,2022.2716567763407,35.768812341772644,0.61281179138322,0.37811791383219956,0.005668934240362812,0,11.394412414944483,0.8629377808858633,0.6654473078572024,3528,18,22.74658666417843,2.0973954020067875,1.5601295097132284,4.0,9.918,0.0,0.1980556301428898,0.9445045045045045,1.0489288307915758,0.057884909183500255,34.240926,5011,5284,0.948334595003785,2305,2410,0.9564315352697096,1688,1799,0.9382990550305725,1480,1607,0.9209707529558183
1897,4617.948473144844,45.908500236148925,0.7863968521641371,0.21163575042158517,0.0002810567734682406,0,13.853700067721126,0.8488358887164619,0.8821913755900538,3558,19,19.529349321960712,2.880178038607498,2.154395997140815,6.0,7.604,0.0,0.1866150628480572,0.9511752976010636,1.0506658595641647,0.0484705611775529,44.075874,2790,2961,0.9422492401215805,3662,3768,0.971868365180467,3898,4056,0.9610453648915187,5391,5764,0.9352879944482998
1898,6459.302870975193,86.37648623141772,0.6757852077001013,0.32155521783181357,0.0,0,10.685554823429815,0.856864047484875,0.7166327381915687,7896,21,24.46491111644728,3.114065142220754,1.6907796101949026,4.0,19.924,0.00012663036596175764,0.3725436141566675,0.950286979708049,1.0513864386845795,0.04887379642365887,84.9067,1455,1530,0.9509803921568627,2587,2636,0.9814112291350531,3634,3739,0.9719176250334314,13351,14222,0.9387568555758684
1899,8811.726340126399,101.27395941558908,0.7237268518518518,0.27337962962962964,0.00011574074074074075,0,11.987700358897406,0.8668887882375451,0.7555214807557661,8640,20,23.238854104851658,3.483604333590348,1.7903406364944827,5.0,19.697,0.0003471017007983339,0.44044495604179723,0.9507117227238674,1.0498519834221434,0.04765302290649643,99.57127,765,821,0.9317904993909866,1593,1657,0.9613759806879904,2859,2970,0.9626262626262626,18894,19913,0.9488273991864611
1900,6518.625185351918,88.6714357862051,0.6700980392156862,0.32683823529411765,0.00012254901960784314,0,9.690190691320046,0.8618043988892179,0.707517399320992,8160,17,21.273192445441822,3.113017875999533,1.8800292611558156,5.0,21.314,0.0003675119441381845,0.4810291624573152,0.9387010676156584,1.059485028336829,0.0563740922637787,86.92472,1269,1340,0.9470149253731344,2370,2516,0.9419713831478538,3455,3650,0.9465753424657535,14008,14974,0.9354881795111527
1901,5453.679769186586,65.22507077707463,0.710058129293641,0.2872996300863132,0.00017614937466971993,0,9.193921647418966,0.8504678345167651,0.7415847127464634,5677,31,22.838306128359843,2.9342216900220555,1.7224013892334409,4.0,13.213,0.0,0.18448345351144255,0.9314396115085374,1.0676758682101515,0.06416145426114152,63.44792,2148,2307,0.9310793237971391,2662,2768,0.9617052023121387,3472,3666,0.9470812875068194,9556,10410,0.9179634966378483
1902,2324.0558340948332,88.47085228046119,0.5276079668704398,0.46864523762571486,9.859988168014199e-05,0,13.425514198873909,0.8437946489896205,0.6063383460645448,10142,21,24.94193184713982,3.6023991779755216,2.70024294524388,7.0,38.457,0.0005912495072920772,0.4804164610522681,0.9109719673252006,1.0871297168103136,0.08023036441267005,84.410756,147,165,0.8909090909090909,546,578,0.9446366782006921,1621,1761,0.9204997160704146,23001,25285,0.9096697646826182
1903,4526.519396783716,74.73499551159365,0.6250171444246331,0.3725140584281991,0.0001371553970648745,0,13.307258093644876,0.8429065202949191,0.6942949497083862,7291,24,20.937934927763223,3.2747480323520914,2.1279350449857364,7.0,21.778,0.0,0.3022233632713946,0.9208257813536095,1.0795797127150204,0.0739345805870553,71.942768,978,1088,0.8988970588235294,2427,2555,0.9499021526418787,3863,4091,0.9442679051576631,13562,14887,0.9109961711560421
1904,5993.238630468512,86.9771893921289,0.6521846457664774,0.34485312268575663,0.00012342631449024932,0,15.735778272089805,0.8682060623715385,0.7183745632440806,8102,24,23.552364929135027,3.6606820506886564,2.1324753974261923,6.0,23.31,0.0,0.34279797130896894,0.9325672241817423,1.0677779046314266,0.06373837085434274,83.672848,332,366,0.907103825136612,1412,1480,0.9540540540540541,3084,3247,0.9497998152140438,19761,21274,0.9288803233994547
1905,3231.6875229406523,78.85494309008621,0.5675644028103044,0.42857142857142855,0.0,0,9.536650619987055,0.8525375662023784,0.6076199386741834,8540,19,22.283572123016626,2.979783461750953,2.002888384567774,5.0,27.697,0.00023413720440177945,0.44630442745495524,0.9295855127247153,1.0698924731182795,0.06536028263906006,76.903752,1238,1307,0.9472073450650345,2007,2078,0.965832531280077,3640,3842,0.9474232170744404,14264,15524,0.9188353517134759
1906,5368.303916932757,85.50751112388971,0.6344396344396345,0.3637566137566138,0.0,0,13.433678709942964,0.8589478059240471,0.6614935969422785,8316,32,24.355510389349455,3.1973616097791457,1.7498104624715694,4.0,23.22,0.0,0.2585383774645649,0.9306418651207408,1.071237569984123,0.06653429883983493,84.056148,925,1010,0.9158415841584159,1683,1780,0.9455056179775281,2994,3225,0.9283720930232559,16712,17962,0.9304086404632
1907,2630.987965825573,77.75681073913601,0.5467007434944238,0.44981412639405205,0.0,0,7.307360216488528,0.8518747412660151,0.6442364044755597,8608,18,22.907383903233413,3.5262534238079373,2.3372290692732682,7.0,29.927,0.0005805178218971323,0.4802702872414564,0.9556935179115413,1.0432227634732854,0.041471077434854925,73.793482,463,496,0.9334677419354839,1867,1928,0.9683609958506224,4055,4189,0.9680114585820004,18399,19320,0.9523291925465839
1908,4305.1863861293,38.491803622017756,0.8513024602026049,0.14652677279305354,0.0,0,13.287589537318645,0.8655845556963861,0.904878222972492,2764,16,21.9624450137793,2.448392396431699,1.7365065873353167,5.0,4.079,0.0,0.17053885611540487,0.9460301422918246,1.0543459915611815,0.0522661985317587,37.354716,4489,4721,0.9508578690955306,2807,2904,0.9665977961432507,2091,2231,0.9372478709099059,1849,2021,0.9148936170212766
1909,6273.6187304234945,96.05283193328981,0.6392191078634529,0.35696368197186173,0.0,0,11.903757442745507,0.8588457165448994,0.6984219612796206,9169,25,21.90423107146112,3.6599014291797256,2.176420406074049,6.0,26.933,0.0,0.36643607638856635,0.9248856956237753,1.0753342319041201,0.07049379384781436,93.12563,208,225,0.9244444444444444,766,822,0.9318734793187348,1970,2115,0.9314420803782506,22544,24396,0.9240859157238892
1910,5330.018531017379,81.41954635646857,0.6411779901834151,0.35636786360113665,0.0,0,13.21848078469337,0.8620595515254431,0.7056800332887735,7742,29,23.306844422122083,3.363064009458573,2.0362610797743756,6.0,21.995,0.0,0.2649919906802441,0.9332353396255609,1.0670029097963143,0.06292590981586196,78.559734,496,535,0.9271028037383178,1462,1546,0.9456662354463131,3039,3198,0.950281425891182,19129,20573,0.9298109172216011
1911,2831.8366203939604,35.780867862069556,0.6910183428209994,0.3045540796963947,0.0009487666034155598,0,9.669790683748086,0.8626699994072313,0.7645687252072153,3162,16,22.058647957382245,2.324566295309278,1.751029748283753,5.0,7.539,0.0,0.1956430307416479,0.9577733598409542,1.0401500638569605,0.04132042387741099,34.426746,4272,4510,0.9472283813747229,3223,3326,0.9690318701142514,2363,2454,0.962917685411573,2186,2285,0.9566739606126915
1912,6358.32511972579,80.53713563899406,0.691437351585417,0.3059086464590027,0.00041905294035479815,0,10.193910498063154,0.8694321352133695,0.7359146329676786,7159,28,26.818998197693816,3.3039897837879577,1.768888888888889,5.0,17.658,0.0,0.2532285681389557,0.9616229923922232,1.0383817866361982,0.0373896415639367,78.753084,1116,1198,0.9315525876460768,2292,2351,0.9749042960442365,3684,3776,0.975635593220339,15660,16335,0.9586776859504132
1913,7478.45423350933,92.33820515953349,0.6988824757460396,0.2987842318555815,0.00012280486307257767,0,12.946702319289923,0.8641283279735283,0.7526770670155106,8143,28,24.4627638180808,3.5742411188536893,1.8548585485854858,6.0,19.772,0.0,0.2919456859378561,0.9585146053449347,1.0413210265996806,0.040047729137146694,89.674226,557,611,0.911620294599018,1863,1928,0.9662863070539419,3574,3677,0.9719880337231439,18682,19528,0.9566775911511676
1914,5795.68897080146,107.38533476040836,0.6050343249427917,0.39167048054919906,0.0,0,9.48245255678245,0.8498598850978356,0.6339104153370699,10925,24,23.13400576243017,3.144993473304829,1.7325264750378215,4.0,32.521,9.152480322167308e-05,0.45494434963764363,0.9231873048029037,1.0776974157255848,0.07213345864661654,105.10713,1078,1148,0.9390243902439024,1760,1849,0.9518658734451054,2294,2429,0.9444215726636476,16742,18268,0.9164659513904094
1915,7453.964114775179,69.93849195332804,0.8226733052470317,0.17713519724243584,0.0,0,13.908094185788542,0.8601181884878049,0.8611362062782923,5222,19,22.7891522622898,3.0397683033378713,1.4932495344506518,4.0,7.737,0.0,0.27699239840931567,0.951264687156335,1.0492725059416845,0.04699652490484858,68.378914,3020,3186,0.9478970495919649,2667,2763,0.9652551574375678,2725,2868,0.950139470013947,8023,8460,0.9483451536643026
1916,5698.417717654143,79.33104264871307,0.6633704161516275,0.3341573959620931,0.0,0,6.943192891348406,0.8492374118831892,0.7238500581967497,7281,27,26.141962266242157,3.4993202870669866,2.0749482401656314,6.0,20.192,0.0,0.2706529813530185,0.9349211936329148,1.065618136178224,0.061584761625133044,76.394362,535,586,0.9129692832764505,1594,1670,0.9544910179640719,3133,3288,0.9528588807785888,18643,20025,0.9309862671660425
1917,5338.810804563705,61.71786031021402,0.7230798551553268,0.27406136840099105,0.0007623403849818944,0,9.158916564104588,0.8657955448496735,0.7688706722402731,5247,30,21.879902104992464,2.931007577692343,1.7287822878228782,5.0,11.779,0.0,0.17707850987395896,0.9446620689655172,1.0543081517531248,0.052436219155165206,60.239872,2501,2686,0.9311243484735666,2981,3085,0.9662884927066451,3456,3609,0.9576059850374065,8184,8745,0.9358490566037736
1918,5662.565423241437,53.19073596808274,0.8176322418136021,0.18035264483627203,0.0007556675062972292,0,8.974861181895234,0.8452129689351766,0.8854559511065251,3970,16,21.534359552944235,3.1311809945715168,2.2119531731361675,5.0,7.987,0.0,0.24522409964698827,0.9005597441169751,1.1052480642386004,0.09636129032258064,51.413836,2146,2332,0.9202401372212693,3136,3353,0.9352818371607515,3851,4180,0.9212918660287082,6634,7643,0.8679837760041869
1919,4709.308164703026,49.91388370216766,0.7567097415506958,0.23881709741550697,0.0004970178926441351,0,12.346114113852009,0.8453106399856916,0.8100979875584635,4024,18,21.387995661957344,2.708652929764637,1.7740558292282431,4.0,8.385,0.0,0.22481219318218582,0.912901023890785,1.0883259157822665,0.08202268312550912,48.31659,3415,3661,0.9328052444687244,2807,2992,0.9381684491978609,2599,2842,0.914496833216045,4553,5155,0.8832201745877789
1920,6507.34995580298,62.47767877235414,0.8039297658862876,0.193561872909699,0.00020903010033444816,0,12.410176183951219,0.8320250004132318,0.8611109248448655,4784,17,20.818030151172607,3.1696873057531936,1.9594383775351014,5.0,9.207,0.0,0.2835124782086935,0.9263157894736842,1.0739068958016098,0.06895680727456428,60.571394,2201,2362,0.9318374259102455,3227,3330,0.9690690690690691,3661,3844,0.9523933402705516,7983,8894,0.897571396447043
1921,6202.930839966634,108.41222424364885,0.6151012891344383,0.3821362799263352,0.0,0,11.601543144443196,0.8467068989743383,0.6636036221596099,10860,22,24.40042258242505,3.459463461242774,2.0281437125748503,6.0,32.783,0.0009199632014719411,0.49493619429366353,0.936613475177305,1.0615971553448404,0.05816866128583357,105.569032,308,344,0.8953488372093024,1137,1184,0.9603040540540541,2497,2624,0.9516006097560976,21414,22920,0.9342931937172775
1922,5115.683781048126,85.19045840045041,0.6223181109912501,0.3743257820927724,0.0,0,9.366240842976893,0.8356585839045341,0.6855969304762105,8343,29,23.17887468278546,3.5945265197450538,2.139637904468413,6.0,25.566,0.0,0.28576734823473243,0.9311574540662066,1.0691235291833328,0.06484938558016456,82.11692,429,472,0.9088983050847458,1633,1661,0.9831426851294401,3517,3613,0.9734292831442015,18443,20052,0.9197586275683224
1923,5774.856686228173,96.98589923923772,0.620231822971549,0.3768177028451001,0.0,0,11.30629128488141,0.8377334658599398,0.6954529231853571,9490,27,24.782363609735732,3.7807059078647507,2.2164458036017667,6.0,29.175,0.0,0.3478199667888089,0.917821638487773,1.0816735243782545,0.07575198685490091,93.067654,164,182,0.9010989010989011,763,801,0.9525593008739076,2130,2241,0.9504685408299867,22240,24338,0.9137973539321226
1924,5501.772217345048,73.15946381178578,0.6754227053140096,0.32170893719806765,0.0,0,8.739056186035313,0.8454130506572044,0.737216516692605,6624,30,24.974016072985393,3.4416960464645485,2.0603486812695575,6.0,18.037,0.0,0.21824491972504026,0.9331903662157703,1.066578501467124,0.062444418667594634,70.312352,733,798,0.918546365914787,2122,2211,0.9597467209407508,3724,3869,0.962522615662962,16049,17370,0.9239493379389753
1925,5376.550138935924,51.73072748670951,0.8041106318193352,0.19411316924638417,0.0,0,10.696989145694843,0.8479132352109283,0.8699348753690765,3941,20,19.502873720303345,3.023830532786797,2.0230356579362576,5.0,7.839,0.0,0.19395876352157065,0.9422119085352049,1.0586966394187103,0.05559119093435963,50.042784,2326,2527,0.9204590423426988,3577,3735,0.9576974564926373,3858,4028,0.9577954319761668,6886,7378,0.9333152615885064
1926,5668.265397416678,83.36640778034513,0.6463727249423225,0.3492694180979236,0.0001281722635221738,0,10.006069018501062,0.858582062688302,0.7474125998001534,7802,17,27.320009734690757,3.631930657135726,2.3343248066627007,7.0,23.054,0.00025627883136852895,0.46380628189428486,0.9578485098716313,1.041294936947111,0.03978951920997621,79.562454,384,416,0.9230769230769231,1578,1633,0.966319657072872,3548,3655,0.9707250341997264,20009,20938,0.9556309103066195
1927,3576.3119889278555,48.197478994362406,0.672910004568296,0.3245774326176336,0.0,0,9.581538067475147,0.8510065133464901,0.7399761330093391,4378,25,23.695235049882804,2.6891649013032737,1.895112016293279,6.0,11.287,0.0,0.16857643369609102,0.9254762673555054,1.0747990666320975,0.07036080926937624,46.225208,3042,3312,0.9184782608695652,3116,3305,0.9428139183055976,3213,3437,0.9348268839103869,4960,5431,0.9132756398453323
1928,4239.837040841228,68.90477675012617,0.629751080637949,0.3671187956476375,0.0002981070204203309,0,14.226578297120287,0.8689397946019947,0.6708734508383908,6709,24,23.96622761154049,2.820189799292414,1.5784615384615384,4.0,18.069,0.0,0.27725787392075213,0.939622865980608,1.0594207226037624,0.05746804216191971,66.916482,2843,3113,0.9132669450690653,2916,3054,0.9548133595284872,2808,2944,0.9538043478260869,7229,7700,0.9388311688311688
1929,4125.991594798378,121.82428297647678,0.5479654382985009,0.44856362159367846,0.0,0,12.236789445307314,0.8564860133462637,0.6073060605230441,13541,28,20.8613445112249,3.8106908268499566,2.1964959568733153,6.0,46.507,7.38443361394181e-05,0.484200810383413,0.9182807017543859,1.0806292325056432,0.0746152347555036,117.929566,77,82,0.9390243902439024,364,404,0.900990099009901,1222,1342,0.910581222056632,24508,26672,0.918866226754649
1930,5771.497934788723,51.54775638852002,0.8520822065981611,0.14548404542996216,0.001081665765278529,0,13.571721507584144,0.8604839185440836,0.8970429258972182,3698,25,21.150736127053136,2.8894234508130934,1.7219930180894953,5.0,5.473,0.0,0.1512532599379835,0.9379904798662035,1.0625443290992327,0.06021037359448676,50.157488,3128,3367,0.929016929016929,3098,3254,0.9520590043023971,3190,3395,0.9396170839469808,5166,5530,0.9341772151898734
1931,7918.017414329318,87.0572590340497,0.7407304541035967,0.25690876267185114,0.0,0,10.223663928592542,0.8567719459800429,0.7808952158325446,7201,18,19.806549084966882,3.3543560216376966,2.0078740157480315,5.0,16.534,0.00013885031935573453,0.40690867718793455,0.9293575012137887,1.0718805776407594,0.06732075471698114,85.097976,709,753,0.9415670650730412,1626,1724,0.9431554524361949,3429,3634,0.9435883324160704,17206,18605,0.9248051599032518
1932,7259.97992301228,102.15955461643689,0.6588359788359789,0.337989417989418,0.0,0,11.274672677210315,0.840799404197142,0.7350714567194313,9450,24,25.846066347788003,3.7124468211717954,2.1692900738837135,6.0,26.802,0.0,0.39329819687045386,0.9182321641872082,1.0807478267195285,0.07472034295666154,98.461852,150,171,0.8771929824561403,746,797,0.9360100376411543,2031,2168,0.9368081180811808,22441,24491,0.9162957821240456
1933,6719.85794874317,79.46928324192133,0.7135943686757589,0.2844991934301217,0.0,0,11.01945169885431,0.8559288052885016,0.7559928995427257,6819,31,25.319453557643875,3.349563402702058,1.920879572544184,5.0,16.468,0.0,0.22399817055868224,0.9345196025443812,1.0653035677029001,0.0616392930987399,76.998814,774,865,0.8947976878612717,2042,2169,0.9414476717381282,3514,3726,0.9431025228126677,16148,17293,0.9337882380153819
1934,4634.844108243007,105.92086973408772,0.5767055496641923,0.41984800282785434,0.0002651113467656416,0,12.20015458745922,0.8374369048154179,0.5944548993227368,11316,29,25.08615604238909,3.064248346255365,1.7611094085197672,4.0,35.195,8.836264027569144e-05,0.3921919611873025,0.9114180712203777,1.09135593220339,0.08460616372143381,104.28632,923,1003,0.9202392821535393,1653,1748,0.9456521739130435,2569,2751,0.9338422391857506,16431,18171,0.9042430245996368
1935,7480.073474489843,117.42861395012488,0.6347902869757175,0.362560706401766,0.0,0,12.971130530768392,0.8584708124090006,0.6911878721766601,11325,29,22.47892720776096,3.846305325001405,2.059396299902629,5.0,33.273,0.0,0.3926174521257496,0.9500722373416658,1.0491179639105845,0.04688250552406571,113.657104,53,56,0.9464285714285714,279,296,0.9425675675675675,835,868,0.9619815668202765,27110,28543,0.9497950460708405
1936,6562.45376521557,71.74318325619552,0.7423096318709027,0.25533703143385444,0.0,0,8.99234986126087,0.8417466757097368,0.8100007978059317,5949,30,23.8892518024241,3.4494183930707174,2.077445652173913,6.0,13.796,0.0,0.19708235924353784,0.928891791857174,1.0721204188481674,0.06741116751269036,68.897518,949,1034,0.9177949709864603,2406,2529,0.9513641755634639,4040,4223,0.956665877338385,13937,15179,0.9181764279596811
1937,3645.690751577961,80.74907458880902,0.5761331444759207,0.4207979225684608,0.0,0,6.734466315552773,0.8401208269993838,0.6634902643078319,8472,17,21.60901792270166,3.6607200278816228,2.4382298709280885,7.0,28.869,0.00035398230088495576,0.4957627107575515,0.9394583706356312,1.0593340815563037,0.05618926911702577,76.591742,301,334,0.9011976047904192,1285,1325,0.969811320754717,3258,3380,0.9639053254437869,20341,21769,0.9344021314713583
1938,6203.88404080284,70.6928141829287,0.7261382799325464,0.2709949409780776,0.000505902192242833,0,9.521118159854202,0.8505416805325859,0.797827233059921,5930,22,19.10556240599435,3.46644899167633,2.189967487227125,6.0,14.795,0.0,0.2673652029623624,0.9460604123381813,1.0538267451640033,0.05164639460422114,68.035522,636,684,0.9298245614035088,1888,1975,0.9559493670886076,3751,3935,0.9532401524777636,17403,18434,0.9440707388521211
1939,7050.068279422444,94.99822786014184,0.6721292422129242,0.32473268247326825,0.0,0,10.999943507315209,0.8418037291598569,0.7214749145716155,8604,25,26.10932585280328,3.6218520209818195,2.0200587930140066,5.0,23.162,0.0,0.35013304660161304,0.9166570070708242,1.0834915346170237,0.07732620320855615,92.27813,402,435,0.9241379310344827,1353,1425,0.9494736842105264,2916,3059,0.9532526969597908,19053,20962,0.9089304455681709
1940,5670.624387616258,112.18762842472701,0.5924183006535948,0.40435729847494556,0.0,0,11.126322839429236,0.8638944538402719,0.6500260726388972,11475,26,22.704887970843835,3.7700030730520306,2.1032656663724625,6.0,36.271,0.00017426156661148382,0.443022584450798,0.941505955757232,1.057058551672651,0.05389904410531612,108.32561,137,153,0.8954248366013072,821,856,0.9591121495327103,2266,2352,0.9634353741496599,23334,24847,0.9391073369018392
1941,5594.102196819882,61.981865178742375,0.7401699268919186,0.2574590001975894,0.00019758940920766647,0,11.825026769537047,0.8489420640201752,0.7734590146711923,5061,27,23.84247023041211,3.117646629677781,1.7984516817939136,5.0,11.077,0.0,0.18805934255073273,0.9439206227387348,1.055949047383737,0.05339629495096258,60.161278,2390,2548,0.9379905808477237,3130,3237,0.9669447018844609,3805,3973,0.9577145733702492,7894,8484,0.9304573314474305
1942,7814.357509383538,87.81363943652865,0.7327868852459016,0.26557377049180325,0.0,0,9.934107703737428,0.8518376537248248,0.7745715788459292,7320,26,22.222796205247246,3.529384423942788,1.9440715883668904,5.0,17.077,0.0,0.2798531128588497,0.9229403409090909,1.0776775826609715,0.07232796486090776,85.632894,575,620,0.9274193548387096,1492,1576,0.9467005076142132,2811,2965,0.9480607082630691,18513,20183,0.9172570975573503
1943,5112.064780417035,61.86537517804545,0.7066592261904762,0.2903645833333333,0.00018601190476190475,0,13.098749774310841,0.8489131083874051,0.7404079245578292,5376,24,20.936195685673084,2.879696548974106,1.6575414582784944,4.0,12.354,0.0,0.22563567807893425,0.9312441824387216,1.0701852542583614,0.06590540227220032,60.43463,3298,3432,0.960955710955711,2807,2887,0.9722895739521995,2852,3026,0.9424983476536682,6050,6770,0.8936484490398818
1944,2422.191948371572,105.02752384591795,0.5221957823910724,0.47411175843111514,0.0,0,11.817773719689207,0.8614525775889271,0.5828997249312403,12187,26,17.965224873703406,3.780755669667861,2.113607793840352,7.0,42.859,0.000574052812858783,0.47312126587537273,0.9415518744551002,1.056685690276951,0.05391137945824673,101.082462,111,130,0.8538461538461538,573,627,0.9138755980861244,1560,1702,0.9165687426556992,24755,26216,0.9442706743973146
1945,5301.3067491767815,55.03799643374839,0.7660059239006607,0.23194349510138984,0.0,0,12.527489797816,0.8640828448752574,0.8251878200162451,4389,22,21.214432620892765,2.9832086790776176,1.8753718024985129,5.0,9.168,0.0,0.20277648500665724,0.9354653169216611,1.0664513151822796,0.06290087856411362,52.932154,2451,2632,0.9312310030395137,3403,3539,0.9615710652726759,3845,4031,0.9538576035723145,6565,7184,0.9138363028953229
1946,4840.079005342269,74.63910227182146,0.6389239176124422,0.3577133249264397,0.00014011489421325487,0,8.756493055096273,0.8558746450805446,0.6993096327154921,7137,28,22.275995258713955,3.1684555113389954,1.9375,6.0,20.169,0.0,0.25535745827447043,0.9179424670892248,1.0842984899574843,0.07840934621433386,72.002166,1638,1751,0.9354654483152485,2836,2933,0.966928060006819,3285,3415,0.9619326500732065,11068,12411,0.8917895415357344
1947,7281.037696101229,69.58169995998325,0.808099924299773,0.19019682059046178,0.0,0,6.354293532344989,0.8613595358841684,0.8629617627562354,5284,16,20.79966118143491,3.373185328878799,1.938407494145199,5.0,9.885,0.0,0.3272482214538277,0.9419625311148958,1.057621631081554,0.05469782034346103,67.684662,1230,1295,0.9498069498069498,2106,2192,0.9607664233576643,3952,4119,0.9594561786841467,14282,15293,0.9338913228274374
1948,5163.017721506379,106.25092248930775,0.5863735862823787,0.4103429405326523,0.0,0,12.76869016580629,0.8461717508060229,0.6639911598172644,10964,28,19.395769748005325,3.8445939025629245,2.2932026753771972,7.0,35.99,0.0001823819077147547,0.38994143389474806,0.8970472299863829,1.0996865655510322,0.09026894865525673,101.513604,60,67,0.8955223880597015,480,507,0.9467455621301775,1548,1632,0.9485294117647058,22945,25700,0.8928015564202335
1949,9143.495174238446,82.59884893921637,0.8404027067172801,0.1566265060240964,0.00033008747318039283,0,8.505372639424762,0.850779702448228,0.8809275355941513,6059,18,22.770499137221996,3.6049794185038193,1.9607227022780833,5.0,10.382,0.0,0.3377986847456798,0.9312269964021339,1.0699042804458625,0.06564914992272025,80.822084,830,882,0.9410430839002267,1864,1946,0.9578622816032888,3444,3640,0.9461538461538461,16380,17713,0.9247445379100095
1950,7098.1415573914755,64.59565122649839,0.8369610715780661,0.16157388028463793,0.0,0,12.322734775370773,0.8438978460764894,0.884572276010012,4778,19,17.342894432170628,3.1571494314166535,1.7916979244811202,4.0,7.828,0.0,0.2618921883206356,0.9349269588313412,1.0669252077562328,0.06294721559680597,63.109526,2463,2589,0.951332560834299,3077,3190,0.964576802507837,3530,3679,0.9594998640935036,7826,8614,0.9085210123055492
1951,5055.1863137025275,103.03732903546721,0.5877455565949485,0.40860617399438726,0.0,0,9.051186658105598,0.8572363138173003,0.6502238671834519,10690,26,24.214773413017543,3.7140415776261366,2.3789590959732614,6.0,35.752,0.0,0.4125746801305731,0.931974434271895,1.0668607673910784,0.06257084561323963,99.530276,80,84,0.9523809523809523,400,419,0.954653937947494,1106,1193,0.9270746018440905,25390,27249,0.9317773129289149
1952,4904.695526718067,119.04925094175358,0.5691985088536813,0.42676296986641815,0.0,0,11.237339795209476,0.8558919262985946,0.5887100788805212,12876,31,21.0840881129157,3.290482986835983,1.87665438668304,4.0,41.618,0.00023293733985557886,0.4169781230571393,0.9138234394124847,1.0858545189616167,0.07898259705488621,117.01133,482,514,0.9377431906614786,1107,1144,0.9676573426573427,2132,2240,0.9517857142857142,20170,22246,0.9066798525577632
1953,4516.282250690792,45.29776411384824,0.7826453243470936,0.21454647570907048,0.0002808199943836001,0,7.879829288724823,0.8468944983368422,0.8569775442292518,3561,18,20.155735128143736,2.7479893200015786,1.8310010764262648,5.0,6.913,0.0,0.20083873954640413,0.9480186322824546,1.052741902765569,0.05057043968721959,43.807168,3621,3825,0.9466666666666667,3000,3102,0.9671179883945842,3028,3167,0.9561098831701926,4394,4719,0.931129476584022
1954,3586.096726463056,86.9220546314935,0.5694370543790571,0.4276896881983612,0.0,0,10.674358159034476,0.8479163514433031,0.6226382274851305,9397,28,20.69471707309016,3.328721601741581,1.8465707344421602,5.0,29.808,0.0,0.33628726602873105,0.9337435541881527,1.0658500564677265,0.06187243383877394,83.975158,1013,1081,0.937095282146161,2646,2716,0.9742268041237113,3346,3471,0.9639873235378853,14543,15809,0.919919033461952
1955,1615.9608689751242,35.17709712126982,0.581140350877193,0.4141995614035088,0.001918859649122807,0,17.41842531228442,0.8601003962230885,0.6292536065407911,3648,16,20.73204261548046,2.120182101843475,1.7183962264150943,5.0,11.165,0.0,0.22594328023236807,0.9487974524428057,1.0499705064464482,0.05256053989678444,33.786132,4473,4800,0.931875,3037,3153,0.963209641611164,2205,2296,0.9603658536585366,1607,1684,0.9542755344418052
1956,6460.411865546905,104.0089636657307,0.6291436464088398,0.3676992896606156,9.865824782951855e-05,0,8.483212734479636,0.8661993709204869,0.6946481843460931,10136,24,21.45173175381016,3.719738720231972,2.1980555119962366,6.0,31.01,0.00019727756954034326,0.42513721061878385,0.9356626080818775,1.0650251185169461,0.061257619931089316,100.45238,142,160,0.8875,618,649,0.9522342064714946,1658,1739,0.953421506612996,24094,25787,0.9343467638732694
1957,5556.961946712032,82.980979807835,0.6465092791314228,0.3508395404620629,0.0,0,6.553756752639893,0.8502427052526649,0.6938237796391413,7921,20,24.02266257858303,3.3213750671158193,1.9537199765670767,5.0,22.455,0.00012623074981065388,0.3954713704163223,0.9332415134084097,1.0687946718648473,0.0648533979846958,81.058112,759,818,0.9278728606356969,1742,1826,0.9539978094194962,2951,3101,0.9516285069332473,17586,18941,0.9284620664167679
1958,6287.910243271104,96.72455756109939,0.6397744523964433,0.35740620255909783,0.0,0,7.3030967862342155,0.8572753914237187,0.6834593997272841,9222,29,21.713899266845537,3.5193485119459846,2.020508474576271,5.0,26.57,0.0,0.3146802015734842,0.9474394488244904,1.0526428190069408,0.05006409823898522,94.387312,273,297,0.9191919191919192,755,793,0.9520807061790668,1653,1709,0.9672322995904038,23997,25359,0.9462912575417012
1959,3743.6050375746368,49.12648614044299,0.6826225045372051,0.3128402903811252,0.003176043557168784,0,7.623941185805965,0.8680397577061708,0.6897709277887321,4408,28,23.852315719120448,2.5462865919549076,1.5995347291458957,4.0,10.61,0.0,0.16311898252750004,0.9472568066767,1.0497252747252748,0.05366737877905095,48.21005,3589,3793,0.9462167150013182,2795,2887,0.9681330100450295,2935,3085,0.9513776337115073,4528,4853,0.9330311147743664
1960,4850.415859923969,83.30390832169415,0.6197166040934964,0.37798231803318394,0.00012110936175366356,0,10.28358211401909,0.8664065629940302,0.6498451290182351,8257,24,21.528223971308115,2.9476085809667665,1.6140316591752981,4.0,23.344,0.0,0.3455368586746659,0.9351888276947286,1.065464755430767,0.0617329519239642,81.692994,1915,2052,0.9332358674463938,2607,2691,0.9687848383500557,2783,2923,0.9521040027369141,11713,12670,0.9244672454617207
1961,5386.152491952022,62.24852306397405,0.7234285714285714,0.2740952380952381,0.00038095238095238096,0,13.353420110928054,0.8598879014299953,0.7641284123239513,5250,29,20.84436243445626,2.903731729858543,1.6961558715113219,4.0,11.517,0.0,0.18238729255247732,0.9333537895059835,1.066789667896679,0.06350574712643678,60.582834,3119,3312,0.9417270531400966,2918,3014,0.9681486396814863,2849,2977,0.9570036949949614,6323,6992,0.9043192219679634
1962,4899.128728279891,54.24762649946375,0.7416759776536312,0.2569832402234637,0.000446927374301676,0,13.995924029009593,0.8541487869903023,0.7860174347550066,4475,22,21.719685295353305,2.736949497423935,1.439288942452546,3.0,8.564,0.0,0.2004745576730244,0.9263205967422743,1.073263995105537,0.06921714488133192,52.652978,4307,4635,0.9292340884573894,1957,2028,0.9649901380670611,1965,2129,0.9229685298262095,3941,4346,0.9068108605614358
1963,6470.772938308578,101.73983088096875,0.6337191437058282,0.3637201679811533,0.00010242753252074157,0,13.566285599254929,0.854072232441538,0.6980043861241276,9763,28,20.7446862592082,3.8023508035094915,2.296427994181348,6.0,29.883,0.0,0.3480221132842207,0.9037641788888087,1.0991477787851314,0.09018602511010321,97.385318,97,106,0.9150943396226415,567,596,0.9513422818791947,1616,1708,0.9461358313817331,22738,25272,0.8997309275087053
1964,7503.898696630951,86.82457260872756,0.7203765971755212,0.27679892400806994,0.0,0,10.108437394739306,0.8451170548411749,0.7796539871939473,7435,16,22.56412574741266,3.170922402551737,1.9169156086631816,5.0,17.827,0.0005377066810055115,0.4667368990962014,0.9249035322054022,1.074700109051254,0.06942270509161219,84.72778,1911,2013,0.9493293591654247,2805,2876,0.9753129346314325,2856,2997,0.9529529529529529,11124,12328,0.9023361453601557
1965,6675.043145748946,93.41272263231502,0.6595497795312137,0.33708517057321885,0.0,0,9.590400053259124,0.850830805183687,0.7286623950110469,8618,21,20.051342641894237,3.707113949458128,2.2688247712878256,6.0,25.074,0.0,0.4030626509476264,0.9392139427351948,1.0597238574333725,0.05648030069132157,90.269774,187,201,0.9303482587064676,757,788,0.9606598984771574,2083,2182,0.9546287809349221,23379,24944,0.9372594611930725
1966,4607.237298362678,79.19360267836761,0.6135048231511254,0.38340836012861734,0.00012861736334405144,0,9.430787972739141,0.8339539563014823,0.7103503896592248,7775,21,25.227671955170948,3.689574438503995,2.622431865828092,7.0,25.531,0.0,0.36608826687871576,0.8810509615756684,1.1211282970351035,0.10840089701569777,75.177268,224,259,0.8648648648648649,996,1080,0.9222222222222223,2493,2727,0.9141914191419142,19056,21777,0.8750516600082656
1967,5609.942669807149,82.77117502308695,0.6452072538860104,0.3522020725388601,0.0,0,9.549505751419305,0.8448018077526446,0.7518741180844484,7720,22,22.209676595777644,3.8532942266844823,2.6673358763300543,7.0,24.366,0.0,0.3473135113801473,0.9090161590161591,1.0906511510972237,0.08315579009472615,78.058074,93,107,0.8691588785046729,492,511,0.9628180039138943,1639,1736,0.9441244239631337,23203,25618,0.9057303458505738
1968,5529.60844797003,86.36031560319485,0.6370183651422399,0.3602208618413156,0.0,0,9.964046996372337,0.8452127214952941,0.6805867982216994,8331,32,22.297739964666185,3.4226091730095853,1.9340493687582438,5.0,23.9,0.0,0.26444580716148985,0.9038692323608525,1.097144991285584,0.08838841104572205,83.82428,692,752,0.9202127659574468,1681,1795,0.9364902506963788,3083,3299,0.9345256138223704,16386,18319,0.8944811398002074
1969,4777.916492119914,58.01354317418645,0.7045723295230587,0.2912889239258967,0.0009854158454867955,0,9.41691631867103,0.8551119390467093,0.7496945364905107,5074,26,23.29520195177499,2.8680330890466674,1.770909090909091,4.0,12.061,0.0,0.19233502785676918,0.9289904463936532,1.0731256303933654,0.06935995424530754,56.371618,2315,2501,0.9256297481007597,3077,3240,0.9496913580246914,3523,3724,0.9460257787325457,7713,8434,0.9145126867441309
1970,4000.8820524033154,81.59364233464206,0.5910592120783204,0.40646378862939375,0.0,0,9.754070597799334,0.8712168222887762,0.6249495116172297,8478,28,21.4535909550914,3.07362253910367,1.8355617641189383,5.0,25.899,0.0,0.30062512715595585,0.923603720327611,1.0761803073209228,0.07109391790242854,79.445868,1332,1467,0.9079754601226994,2527,2665,0.9482176360225141,3335,3532,0.9442242355605889,12766,13947,0.9153222915322291
1971,3709.3615224544233,40.35544951994913,0.7453001819284415,0.25257731958762886,0.00030321406913280777,0,14.138020874546413,0.8607793062305864,0.8236509494124056,3298,20,23.043767137833722,2.435257762868912,1.9768104149715215,6.0,7.452,0.0,0.1657651537767479,0.9403503234969228,1.0590423426988524,0.05636214727123818,38.617518,4318,4564,0.9460999123575811,3135,3257,0.9625422167638932,2241,2375,0.9435789473684211,2224,2478,0.897497982243745
1972,4034.01750007051,42.31606503920726,0.7623438429506246,0.23497917906008328,0.000297441998810232,0,8.873456224477598,0.8543846161453645,0.8292470561044036,3362,16,20.96098938911223,2.6351043395841645,1.793991416309013,5.0,6.901,0.0,0.20884143356991927,0.9614304812834225,1.0378950187466525,0.03701319600901191,40.70559,3487,3675,0.948843537414966,3427,3522,0.9730266893810335,3431,3538,0.9697569248162804,4038,4225,0.9557396449704142
1973,5126.624356445031,51.45845895802823,0.7849837864804191,0.21426789723122974,0.0002494387627837366,0,14.675363712500802,0.8670296719780671,0.845527715804201,4009,16,20.909074275892912,2.8277854950382966,1.7912297426120114,5.0,7.505,0.0,0.249234246838609,0.967020023557126,1.0323301272106733,0.03152017291066282,50.047314,3192,3347,0.9536898715267403,3504,3581,0.9784976263613516,3603,3691,0.9761582227038743,5300,5512,0.9615384615384616
1974,6543.012694479817,68.52447015659843,0.7639296187683284,0.23442082111436952,0.0,0,10.23111131762553,0.8503294613806851,0.8185983954810881,5456,17,23.40639773106578,3.1752458623844895,1.8294145873320538,5.0,11.299,0.0,0.32556055250770255,0.9369705897827116,1.0633198124637835,0.05966457230495226,66.569952,2207,2312,0.9545847750865052,3199,3293,0.9714546006680839,3399,3518,0.966173962478681,9004,9884,0.9109672197490895
1975,6960.139470963572,66.85902436394632,0.8036271450858035,0.19481279251170047,0.0,0,10.86811460447847,0.8550591477319834,0.8542655606664625,5128,18,21.874943675136933,3.3073200024054703,2.0856588206745936,6.0,10.14,0.0,0.28544109523828964,0.9283769328017115,1.0731659761150378,0.06852665428687893,65.012676,1494,1640,0.9109756097560976,2899,3039,0.953932214544258,4184,4428,0.9448961156278229,10516,11459,0.9177066061610961
1976,4254.255364477624,108.48957169364844,0.5646533569202258,0.43214556482183475,0.0,0,11.281253887901038,0.8611506621604509,0.5824524216783987,11871,28,21.353326682375563,3.2085069571380136,1.818737878561838,4.0,38.507,0.0003368421052631579,0.42368005705679035,0.9423654423654424,1.0571968528232027,0.05411507647487254,106.784414,669,702,0.9529914529914529,1386,1428,0.9705882352941176,2493,2583,0.9651567944250871,19929,21261,0.9373500776068858
1977,4934.090515505008,52.24130508189158,0.7579952267303103,0.24009546539379475,0.00047732696897374703,0,9.73507091452169,0.8463412188428673,0.8377281964616533,4190,27,25.80914814428337,2.912441900863873,1.8825566750629723,5.0,8.954,0.0,0.15726076549125276,0.9309623430962343,1.0692402717726992,0.06570853693590112,50.135122,2745,3023,0.9080383724776712,3231,3395,0.9516936671575846,3483,3686,0.9449267498643517,5671,6148,0.9224137931034483
1978,5325.1508246448575,63.39005041742791,0.7115314659876318,0.28646780647508185,0.0003637686431429611,0,7.089748858699644,0.8482282147151022,0.7638788656595076,5498,29,20.301968175521573,3.1336070829452662,1.9284253578732107,5.0,13.435,0.0,0.1884870047505442,0.9361753604954999,1.0646255207828699,0.061191114341525465,61.524082,1637,1768,0.9259049773755657,2757,2878,0.957956914523975,3970,4144,0.958011583011583,10983,11876,0.9248063320983496
1979,3588.656323087699,119.13169492780463,0.5381866904868244,0.4582402858418937,0.0,0,8.808212915792128,0.8528955991069886,0.5997192207180957,13434,31,24.14538639227974,3.793885553568091,2.372060857538036,7.0,48.713,0.0002976633427593392,0.42865499900745574,0.8989131581724175,1.1017272438274877,0.09224137931034483,114.843474,21,23,0.9130434782608695,268,277,0.9675090252707581,873,926,0.9427645788336934,24395,27205,0.8967101635728726
1980,2985.452688536526,63.9885580811255,0.5835318642048839,0.41334127456819536,0.0,0,9.511147519232994,0.8586939417395545,0.6352842848489081,6716,17,22.587097376533194,2.9261132336872366,1.9344220464404185,5.099999999999909,21.281,0.00014887598630340925,0.38883728151635566,0.9528292586750788,1.045925925925926,0.04387577171402988,61.938696,1853,1969,0.9410868461147791,3055,3133,0.975103734439834,4086,4205,0.9717003567181927,10337,10981,0.9413532465167107
1981,3817.7854646730902,51.46937783334139,0.6722972972972973,0.32432432432432434,0.00021114864864864866,0,6.128531169694157,0.873060528967021,0.712685242564571,4736,23,22.838412279203084,2.764731903716788,1.8935301507537687,5.0,12.598,0.0,0.20639862295273131,0.9252514741588623,1.0765841498057858,0.07184632719858346,50.110238,2558,2764,0.9254703328509407,2846,3000,0.9486666666666667,3588,3849,0.9321901792673422,7013,7685,0.9125569290826285
1982,5688.256840482601,105.6250054245655,0.603515625,0.39220610119047616,0.0,0,8.943135370582606,0.8649988351120903,0.647523321338123,10752,27,23.33340349368957,3.379118980487222,2.0224996147326246,5.0,33.285,9.299730307821073e-05,0.39620768901982273,0.9019444654611485,1.0990535558174008,0.09048995320671621,103.20437,369,403,0.9156327543424317,776,832,0.9326923076923077,1521,1694,0.897874852420307,21176,23505,0.9009146990002127
1983,5018.917305568514,94.52283061480705,0.597264597580221,0.3992635455023672,0.0,0,6.982677216466662,0.8793922127469392,0.6935785332611331,9505,20,19.42815275377011,3.888491905549575,2.5953848863836533,7.0,32.185,0.0003155237694572991,0.4732085380695634,0.9231301459904518,1.0750017393724345,0.06961923460684283,89.59962,59,61,0.9672131147540983,285,299,0.9531772575250836,1140,1203,0.9476309226932669,25200,27343,0.9216252788647917
1984,4850.362270982534,49.577733397208554,0.7722446916076845,0.22649140546006066,0.0,0,6.65641252524384,0.8645386251296223,0.835855025294463,3956,18,24.72193275931317,2.9802430494024126,2.077250409165303,6.0,8.514,0.0,0.21746388822621315,0.9173092101268897,1.0843740481267135,0.07797805642633229,47.679486,2710,2917,0.9290366815221117,3177,3313,0.9589495925143374,3386,3632,0.9322687224669604,5836,6609,0.88303828113179
1985,6033.5965533740455,71.76219064003475,0.7126547676475318,0.2857372567936967,0.00016079755587715066,0,6.996761892882365,0.8610871834851017,0.7350930022690862,6219,20,23.824142956542488,3.0527800509472596,1.7132220216606497,4.0,14.572,0.0,0.30806282667270674,0.9158101289478602,1.086590217645682,0.08007048609618773,70.31931,1601,1699,0.9423190111830488,1880,1975,0.9518987341772152,3056,3304,0.9249394673123487,13065,14426,0.9056564536253986
1986,6506.780858028996,65.94770456825822,0.7787011982991883,0.21975260919984538,0.00019327406262079628,0,8.451875859961131,0.8453593025603285,0.8390255969831559,5174,26,21.662561491263396,3.2930294425068385,1.8585256887565154,5.0,10.288,0.0,0.20137611900200972,0.946520618556701,1.052937378954164,0.050474151116549404,64.058566,1483,1587,0.9344675488342785,2591,2680,0.9667910447761194,3884,4014,0.9676133532635774,12608,13447,0.9376069011675466
1987,2994.852166783307,131.852080779801,0.5224452673293055,0.4741116091730007,0.0,0,11.866517329341303,0.8545578500689158,0.5673224861577156,15393,31,19.804198314450378,3.6433349872557605,2.1250932603829895,6.0,55.374,0.000584339696143358,0.4944341611959958,0.906284891049883,1.0950278642252298,0.0868878876574473,127.94381,106,119,0.8907563025210085,507,551,0.9201451905626135,1528,1622,0.9420468557336621,23022,25473,0.9037804734424685
1988,5390.0754583093785,69.32816971036368,0.687409083562308,0.3091967027638597,0.00016162922256343946,0,8.434855301722331,0.852633533146546,0.7308376231567563,6187,32,24.085776856506786,3.012621134952609,1.632964965906419,3.0,14.691,0.0,0.19185264931487395,0.9229347435436669,1.0779962932454694,0.07274458462270889,67.856574,2050,2204,0.9301270417422868,2484,2598,0.9561200923787528,3364,3593,0.9362649596437518,10078,11082,0.9094026349034471
1989,3408.868344170113,50.8224801028657,0.6486598794930397,0.34573031373363805,0.002077706212341575,0,7.0310293776112465,0.8539590526686124,0.6783091369304756,4813,22,22.711746941775395,2.453571031710368,1.4814221652786674,3.0,12.464,0.0,0.2222459255662757,0.9446173800259403,1.0532925559604374,0.05433582730283331,49.608432,3468,3699,0.9375506893755069,2538,2642,0.9606358819076457,3165,3313,0.9553274977361907,5395,5766,0.9356573014221298
1990,2532.514614289367,118.01248770930432,0.5204661535141357,0.4762966693043666,0.0,0,8.563209996299053,0.868454660184176,0.5606018058319471,13901,31,23.185560704145047,3.5598775421186515,2.1143054595715274,5.0,50.034,0.00028766630708378283,0.4485736158881891,0.9407010878950095,1.0592592592592593,0.05610249054635546,114.740616,121,132,0.9166666666666666,446,464,0.9612068965517241,1173,1223,0.9591169255928046,25498,27136,0.9396373820754716
1991,6305.644832034133,107.04802017275719,0.6183061146980631,0.3785605772882643,0.0,0,10.4793077617868,0.8584521601241915,0.6796425434816747,10532,26,22.587261293408673,3.5899709896032332,2.070792383292383,6.0,31.993,0.0,0.4045465516833472,0.9187457855697909,1.0830795834743054,0.0770666943263147,103.390006,266,286,0.9300699300699301,1175,1225,0.9591836734693877,2458,2559,0.9605314576006252,20626,22624,0.9116867043847242
1992,6400.7920857457975,70.73738526168952,0.7389372971125918,0.2581582094652315,0.00017085255424568598,0,8.662534733970947,0.8468848636134991,0.798018891645185,5853,18,24.03426919152779,3.1615404464606547,1.9586127167630059,5.0,13.444,0.0,0.3244757227773179,0.8934087220564368,1.1095465769978459,0.09939176764581074,68.697898,1865,2040,0.9142156862745098,2632,2793,0.9423558897243107,3262,3506,0.930405019965773,9306,10762,0.8647091618658242
1993,7222.049327758585,73.03894683291531,0.7779511180447218,0.2201421390188941,0.0,0,9.334338152663834,0.843204911455123,0.8357231446676309,5769,27,23.008258825112378,3.5803289040898374,2.144162210338681,5.0,12.702,0.0,0.21455306755596226,0.9247123866823854,1.0758637548891785,0.07068379297317719,70.81999,673,737,0.9131614654002713,1786,1869,0.9555912252541466,3372,3523,0.9571388021572523,16916,18470,0.9158635625338386
1994,4548.215018521227,62.395306420320324,0.6679462571976967,0.32908741929855173,0.00034897923573547375,0,12.089241762834284,0.8673895918779018,0.7282127057695678,5731,30,26.142798962873762,2.9892385702732143,1.87042842215256,5.0,14.966,0.0,0.1908627243296881,0.9367627785058977,1.064775776159448,0.06150061500615006,60.180326,2274,2429,0.9361877315767806,3384,3479,0.972693302673182,3580,3731,0.9595282766014473,7916,8673,0.9127176294246512
1995,3025.38292976244,47.037020870659724,0.6359629792860291,0.35852798589687085,0.00044072278536800354,0,11.673578549753348,0.8457257135496896,0.7050881074254551,4538,18,18.866272237350323,2.4725474126010405,1.9722799722799722,6.0,13.125,0.0,0.2500002097865598,0.9084385978025263,1.091297824456114,0.08457064659596306,45.120974,4010,4251,0.9433074570689249,2781,2911,0.9553418069391961,2211,2448,0.9031862745098039,3152,3769,0.8362960997612099
1996,7513.376404072782,131.85322276095252,0.61345496009122,0.384036488027366,0.00015203344735841885,0,13.720008641683004,0.8506690472289311,0.6569420174315023,13155,27,24.761778464121143,3.4488091050854925,2.04089219330855,5.0,39.378,0.00030397446614484385,0.4897820625094319,0.9177560511186789,1.0816124053795841,0.07596264465047033,128.978856,202,237,0.8523206751054853,854,898,0.9510022271714922,2130,2217,0.9607577807848444,21877,23957,0.91317777685019
1997,4338.664980264941,116.82638184976732,0.556214865708932,0.4406620861961274,0.0,0,13.01944933232734,0.8513426285726237,0.6162108496979555,12808,31,21.90142981413524,3.774111462725639,2.375912408759124,6.0,45.359,0.000156128024980484,0.4070178197676467,0.9350999629142646,1.0634791730112003,0.05960495862528138,112.472484,27,28,0.9642857142857143,150,161,0.9316770186335404,528,564,0.9361702127659575,27031,28908,0.9350698768506988
1998,6030.874543193919,114.40947140946082,0.6019018247237214,0.39595648076758333,0.0001713355606956224,0,16.23720321802753,0.8583899806626174,0.6415969789521675,11673,30,22.07832447072175,3.4939524976127196,1.8998007401081696,6.0,35.558,0.0,0.38782538459222227,0.9397294887039239,1.0620787249096935,0.05892226457320698,111.54424,302,331,0.9123867069486404,1297,1349,0.9614529280948851,2555,2671,0.9565705728191688,21136,22561,0.9368379061211826
1999,6359.630205668493,61.6638293801854,0.801906779661017,0.19639830508474576,0.000211864406779661,0,13.478254096012833,0.8658974125424851,0.8466195033397343,4720,16,23.12668274122369,3.050827126736931,1.692998678996037,4.0,8.337,0.0,0.2969036923528757,0.9560797956188509,1.0437482974666303,0.04222199083715119,60.045186,2385,2584,0.9229876160990712,3032,3119,0.9721064443731965,4078,4186,0.9741997133301481,8094,8508,0.9513399153737658
