update,reward,throughput_mbps,completion_rate,deadline_miss_rate,retx_drop_rate,retx_overflow_drop,mean_sinr_db,direction_corr,jain,n_arrivals,n_active,mean_speed_kmh,mu_depth,mean_delay,p95_delay,mean_qlen,buffer_overflow_rate,p_arrival_ep,first_ack_rate,attempts_per_acked,pinned_fraction,goodput_mbps,acks_m1,units_m1,first_ack_m1,acks_m2,units_m2,first_ack_m2,acks_m3,units_m3,first_ack_m3,acks_m4,units_m4,first_ack_m4
0,2876.7789082565705,73.34553658082734,0.5540433403805497,0.44238900634249473,0.0002642706131078224,0,18.052646369524005,0.8572947410480423,0.6960785854105304,7568,20,22.801007118915855,3.761748597704861,2.8714524207011687,7.0,28.031,0.0025042836430736785,0.38654096829344864,0.9756616864285452,1.0230975762256795,0.023094853864084632,66.498386,648,670,0.9671641791044776,1218,1248,0.9759615384615384,1928,1972,0.9776876267748479,22784,23351,0.9757183846516209
1,4199.154741067088,72.36653021423686,0.6112081513828239,0.38529839883551675,0.001455604075691412,0,12.306368470491728,0.847001840225498,0.7236515318896324,6870,22,25.31798011463565,3.7246639339544667,2.5479876160990713,6.0,22.888,0.0,0.31590725608456316,0.9544792704421795,1.0442450614193846,0.04542794440380395,66.722556,631,675,0.9348148148148148,1400,1457,0.9608785175017158,2114,2209,0.9569941149841558,20765,21757,0.9544054786965115
2,-899.0360210222034,69.5910335052377,0.4298063623789765,0.5662747810050714,0.0006915629322268327,0,14.381143982499129,0.8656850189358689,0.6238915662084686,8676,28,23.209089507495477,3.8589529825737032,3.4674175382139985,8.0,39.367,0.0003456619426201175,0.3063399523001814,0.966320428076802,1.0305107385145347,0.030910015251652264,58.741162,349,366,0.953551912568306,781,799,0.9774718397997497,1143,1177,0.9711129991503823,25357,26251,0.9659441545083997
3,-2279.474945784893,88.27009920197601,0.40587623504940196,0.5884902062749177,8.667013347200555e-05,0,12.525744847348921,0.8835158261964235,0.6294337421918703,11538,30,23.550160275288928,3.8854818747132476,4.108904548366432,9.0,55.012,0.0023346303501945525,0.38311641507095484,0.9744465701011206,1.0224792367355344,0.022898724881500767,73.798704,308,320,0.9625,578,603,0.9585406301824212,1069,1097,0.9744758432087511,26569,27252,0.9749376192573023
4,4870.394940788491,65.77730573685504,0.6664900194311959,0.3303303303303303,0.0010598834128245894,0,13.818907768797553,0.8626381741858411,0.8300067059593583,5661,18,22.905509706736346,3.6799096431630085,2.847071296050888,8.0,17.626,0.0003531696980399082,0.31912176118933583,0.9676247875135219,1.0301937984496123,0.031033579156216073,59.636148,721,758,0.9511873350923483,1722,1779,0.9679595278246206,2528,2614,0.9671002295332823,20075,20733,0.9682631553561954
5,4354.42158796383,63.33325802076828,0.6461483721757695,0.3485144991994307,0.0007116171499733144,0,8.84240007544308,0.8512770213171549,0.7854727573476668,5621,20,22.58204635398741,3.69931639855776,2.5608480176211454,7.0,17.636,0.00017787264318747776,0.2841357358532791,0.9570820433436532,1.041360544217687,0.04111622383850379,57.571314,699,744,0.9395161290322581,1553,1617,0.9604205318491033,2386,2488,0.9590032154340836,20093,20991,0.957219760849888
6,3853.261350030611,61.50807372460478,0.625133120340788,0.37131700390486333,0.0,0,8.236343479100874,0.8597511429366554,0.7842451591843708,5634,16,25.203146340117208,3.7121973202545533,2.8259511641113004,7.0,18.733,0.0014179369018078695,0.34766762706575505,0.9705682589993208,1.027532664268131,0.026913897558288966,55.965156,652,698,0.9340974212034384,1477,1523,0.9697964543663822,2392,2458,0.9731489015459723,21201,21823,0.9714979608669753
7,-3295.5996448895166,62.07503351298862,0.36952890076845973,0.6253480343022608,0.0006682258603407952,0,5.14034974786637,0.8575017542296544,0.5915262139464683,8979,21,21.584996818904756,3.8507481956939933,4.297166968053044,9.0,44.903,0.004876426909010307,0.4292821228968472,0.9651765695067265,1.0305741458259952,0.03145465033422687,51.764164,306,337,0.9080118694362018,821,867,0.9469434832756632,1324,1370,0.9664233576642336,25099,25970,0.9664613015017328
8,2971.5090520184594,59.04817872386236,0.5857093184979137,0.4095966620305981,0.000521557719054242,0,6.9512037828973385,0.8741295528832312,0.7243606669073579,5752,30,24.18342415539555,3.788355847604331,2.745028198278421,7.0,20.44,0.0,0.1910980226633026,0.980275212876801,1.0191158470732233,0.019412344983089063,53.096824,535,565,0.9469026548672567,1103,1123,0.9821905609973286,1908,1955,0.9759590792838875,23738,24190,0.981314592806945
9,6056.911901136121,78.97762814917124,0.6772968868640851,0.3190584662110858,0.00015186028853454822,0,12.669553888881213,0.8731779721486143,0.8476696221189934,6585,25,24.494099188277183,3.79725916372725,2.7237668161434976,7.0,19.73,0.0001518372304889159,0.26469972660188823,0.9657536731362235,1.032323820617356,0.03171982576928481,70.63141,487,511,0.9530332681017613,1092,1127,0.968944099378882,1787,1850,0.965945945945946,23255,24077,0.965859533995099
10,4235.612224902209,62.93107732762517,0.6442680776014109,0.35185185185185186,0.0010582010582010583,0,9.723632222123209,0.876315176620638,0.7639129942436107,5670,23,24.088464563475032,3.696467545627565,2.38543662742951,6.0,16.839,0.00017633574325515782,0.24744299819367094,0.9751751446847395,1.0232638093055237,0.02476699714084141,57.990238,678,731,0.9274965800273598,1661,1704,0.9747652582159625,2560,2624,0.975609756097561,20713,21205,0.9767979250176845
11,1181.6147877834744,74.65159103237659,0.4956278419027632,0.5002914772064825,0.0003497726477789437,0,11.759052867386806,0.8697917985088334,0.650047962763902,8577,26,21.59403136328779,3.857796734018765,3.336861914843566,8.0,35.942,0.001164551065564225,0.33308325562045793,0.9787064607714148,1.019821571145902,0.020583946556343043,66.890236,358,378,0.9470899470899471,789,814,0.9692874692874693,1243,1282,0.9695787831513261,25877,26408,0.9798924568312632
12,1436.6721353451533,91.97195770549267,0.501071861310467,0.4944542827849753,0.0,0,11.755762604313704,0.8690236824014352,0.6244548248428765,10729,23,20.234820602120728,3.7864016041183617,3.418154761904762,8.0,44.667,0.008593605618185179,0.4768226927499829,0.972342358713429,1.025966447848286,0.025741802988456908,85.115334,514,542,0.948339483394834,1148,1182,0.9712351945854484,2088,2141,0.9752452125175152,23004,23650,0.9726849894291755
13,3490.5272045438487,43.8560410917251,0.6938559322033898,0.3027012711864407,0.0007944915254237289,0,10.8032778653673,0.8951603787225318,0.7760058215433987,3776,17,20.384559958587285,3.194344598990693,1.799618320610687,5.0,9.227,0.0,0.22087043934785006,0.9867289521180592,1.012541183972792,0.01335568009218038,41.56889,2081,2172,0.9581031307550645,3826,3860,0.9911917098445596,4663,4705,0.9910733262486716,8018,8101,0.9897543513146525
14,-4252.060063149874,92.2135891848438,0.3799340844638614,0.6151605733118725,7.664597225415804e-05,0,9.474613073205775,0.8576325731746058,0.6188211345143233,13047,28,22.577563935549485,3.920288707659277,4.491426265886625,9.0,64.653,0.0076817766960754486,0.47414207844492984,0.9663144433974963,1.0282782443782172,0.02815841972724597,77.015852,192,199,0.964824120603015,454,476,0.9537815126050421,746,771,0.9675745784695201,27323,28270,0.9665015917934205
15,1854.5022267746467,71.67781388838652,0.5172457843638222,0.47777210015329585,0.0006387327542156362,0,8.100805616453574,0.8674109512703002,0.6779168154763093,7828,25,24.19235623511431,3.8671722824632107,3.0911336132378366,8.0,31.097,0.0006383250351078769,0.3140965612542561,0.9664658564613295,1.0307579256770942,0.031140350877192982,63.802376,298,321,0.9283489096573209,745,770,0.9675324675324676,1336,1385,0.9646209386281589,25375,26241,0.9669982089097214
16,1605.831373385098,63.51465018641051,0.5172413793103449,0.4792813677195016,0.0,0,11.623440172469305,0.8858590178767701,0.6609694541774693,6902,20,23.8851560229554,3.826807573765791,2.599719887955182,7.0,26.047,0.002168570189388463,0.3485002595742827,0.9776161559101821,1.0196064527566033,0.019659421293091513,56.67296,409,449,0.910913140311804,988,1012,0.9762845849802372,1721,1753,0.9817455790074159,24572,25110,0.9785742731979291
17,2574.820624487647,60.43432956624321,0.5706624605678233,0.42570977917981073,0.00047318611987381704,0,7.44648236424432,0.8827690784317577,0.6281435033086162,6340,30,21.513498444357033,3.724367496067259,1.8311221669430624,4.0,20.16,0.0,0.2112254587618823,0.9760980207351555,1.0232935668982182,0.023631611882062798,57.716416,675,710,0.9507042253521126,1530,1562,0.9795134443021767,2713,2760,0.9829710144927536,20973,21493,0.9758060763969665
18,-9094.422116395406,89.87392352092394,0.31570896515030594,0.6793030061186486,6.650704974727321e-05,0,8.554140543279127,0.8743197932797699,0.5524085115375656,15036,31,24.176214545604736,3.9351740281009775,4.988835053718137,10.0,80.196,0.010724389762484373,0.48567918280495614,0.9606151160057751,1.0340214196425555,0.033082267385234725,73.76153,148,161,0.9192546583850931,405,418,0.9688995215311005,590,610,0.9672131147540983,27467,28594,0.9605861369518081
19,3194.783705452497,65.63524343154285,0.582801580066849,0.41248860528714676,0.0022789425706472195,0,7.004363624212624,0.8681185651846605,0.6854944836552112,6582,26,24.710069974145625,3.7890536401006867,2.783628779979145,7.0,23.588,0.00015190642564180464,0.25059049786341114,0.9522316488380671,1.0459902164245478,0.047200646680490635,60.828084,440,470,0.9361702127659575,1079,1126,0.9582593250444049,1874,1946,0.9630010277492291,22422,23568,0.9513747454175153
20,2479.1592900125925,31.347533005648568,0.6937709809772473,0.2972771353972398,0.007086907870197687,0,8.22887745764519,0.8699646864696311,0.757755458328957,2681,16,22.831589969140886,2.742156240386201,1.467741935483871,3.0,5.995,0.0,0.16779412382968034,0.9657003444316877,1.0307758994364977,0.039294085206121605,29.623932,2904,3091,0.9395017793594306,3962,4059,0.9761024882976103,3176,3262,0.9736358062538321,3416,3524,0.9693530079455165
21,2654.647245331552,49.873347704395606,0.599836333878887,0.39586743044189854,0.0014320785597381341,0,9.495740589692758,0.864965170485551,0.6888138554999309,4888,18,21.822957068752142,3.3583915227755687,1.9914733969986358,5.0,14.949,0.00020454080589077522,0.27190782645721295,0.9570359067283392,1.0417563495479982,0.04255124868739442,46.355446,1442,1508,0.9562334217506632,3206,3304,0.9703389830508474,4524,4678,0.967079948696024,10898,11481,0.9492204511802108
22,3560.2655450504776,53.858729328967755,0.6403759705762158,0.3563547200653862,0.0006129955046996322,0,8.108953565436332,0.8520737504108383,0.7326296266648645,4894,19,22.537375303889288,3.61459902458041,2.154116145500957,5.0,14.312,0.0,0.2599581308446675,0.9554324357355277,1.0434106624115216,0.042554021374522195,50.071684,833,884,0.9423076923076923,1967,2048,0.96044921875,3368,3496,0.9633867276887872,17285,18119,0.9539709697003146
23,2228.9592008961436,47.035056525725636,0.5744354308265731,0.4205218153913615,0.0010962508221881166,0,5.133221640399021,0.8544316710649947,0.7545541978807747,4561,20,21.61075438246763,3.718133465419892,2.7534351145038167,8.0,16.042,0.0,0.22911221665902043,0.965030416650725,1.0337863779467096,0.03371658841361973,41.128212,656,693,0.9466089466089466,1588,1648,0.9635922330097088,2430,2512,0.9673566878980892,20549,21284,0.9654670174779176
24,2874.364449229514,46.92057765123155,0.622329427980703,0.37215713301171605,0.0016080863772111188,0,9.554863205053227,0.861658983836732,0.735605585583941,4353,19,19.098647767230172,3.6057891125060966,2.2340346991509783,6.0,13.699,0.0,0.22944434360814214,0.9789382002454571,1.0192101607461799,0.020931043838908484,43.028312,879,928,0.947198275862069,2044,2087,0.9793962625778629,3212,3271,0.9819627025374503,18592,18973,0.9799188320244558
25,1066.0703827121094,80.55132382525392,0.4859702136844377,0.5103604575868768,0.0,0,8.864275589809957,0.844614742640091,0.6606986104872333,9266,30,23.103456255172553,3.8784010575585866,3.4321563402176327,8.0,39.379,0.0004314994606256742,0.3113770523526626,0.9351305213742087,1.0611449016100178,0.057613030800683716,70.50774,263,281,0.9359430604982206,681,722,0.943213296398892,966,1028,0.9396887159533074,24384,26087,0.9347184421359298
26,-6527.156016926882,82.92548956063474,0.32509505703422054,0.6689638783269962,0.0,0,9.435631096688304,0.8529771214242886,0.6629048599463403,12624,29,22.082743627909494,3.9174338628860994,5.17958089668616,10.0,66.656,0.006140765233821445,0.43390693362292587,0.9553255243802778,1.0390260631001371,0.037682679074644475,62.662626,200,210,0.9523809523809523,460,478,0.9623430962343096,725,750,0.9666666666666667,26671,27930,0.9549230218403151
27,3245.7804433842807,67.01045128279654,0.5775459358455309,0.41965119900342573,0.0003114294612270321,0,14.409496497026751,0.8565817616937291,0.7676050745199325,6422,31,24.711644885978547,3.8449404513067043,2.8056079805877596,8.0,22.995,0.0,0.20827551991659904,0.9473835022744368,1.0499298030886641,0.04830242705208617,57.797368,328,354,0.9265536723163842,769,806,0.9540942928039702,1467,1549,0.947062621045836,23886,25210,0.9474811582705276
28,3640.272334886227,77.77360951332129,0.5767900602023824,0.41795824260279235,0.0005123607019341616,0,11.964629777176059,0.848727276981378,0.7176757758386066,7807,17,26.829224487051597,3.783464234777535,2.7861425716189205,8.0,27.657,0.004970685699719602,0.457908779687333,0.9500664795390752,1.0468372766779335,0.04598146647404954,71.270902,451,478,0.9435146443514645,1105,1164,0.9493127147766323,1977,2070,0.9550724637681159,22191,23364,0.9497945557267591
29,-376.03599546776144,39.22825571382973,0.4377216774462758,0.5576882954308366,0.0006259127894846651,0,8.072419409752177,0.8556889342873069,0.6289588552009139,4793,20,20.99321362084177,3.776767132308673,2.317921830314585,7.0,19.459,0.0,0.2382222131574784,0.9789096697174692,1.0193688792165396,0.020168722529420105,32.957978,542,569,0.9525483304042179,1220,1246,0.9791332263242376,2045,2087,0.9798754192620988,23253,23741,0.9794448422560128
30,2017.2253751432122,97.289810328517,0.5056138071819616,0.49030342395842996,9.279020135473695e-05,0,16.506912143604502,0.8595254894278325,0.6905182267068196,10777,24,20.494176715321082,3.881397061745352,3.139475133051936,9.0,43.478,0.005720084878678845,0.450607596633978,0.963359094672923,1.032616238723109,0.03186585610261206,85.583624,264,280,0.9428571428571428,631,651,0.9692780337941628,1125,1167,0.9640102827763496,25902,26886,0.9634010265565722
31,3550.170144106347,69.12025779638414,0.5869204047726929,0.4080954538589337,0.0,0,10.765517636104303,0.8503337444223357,0.7481826582153547,6621,31,22.86538995453569,3.8929684441855406,2.7323726196603193,8.0,23.003,0.00015101177891875566,0.21627833162365417,0.9496440536013401,1.0492486601982556,0.04737209534257505,61.490796,239,253,0.9446640316205533,569,603,0.9436152570480929,957,999,0.9579579579579579,25448,26801,0.9495168090742883
32,1880.5744575819235,90.22849296656173,0.5015163768701981,0.4942377678932471,0.0002021835826930853,0,13.54389939524815,0.8425436997019431,0.7401045860435611,9892,23,22.377867434063496,3.8992606875075557,3.638580931263858,9.0,41.911,0.005029169181251257,0.4390856902655479,0.9193800654059434,1.0741259243305334,0.06937047206325052,77.258396,200,219,0.91324200913242,492,530,0.9283018867924528,869,919,0.9455930359085963,24303,26464,0.9183418984280532
33,-1120.1722356244145,91.615062651877,0.43221884498480245,0.5614415979157621,0.0,0,13.522680685080193,0.8604647193847332,0.6405750620902446,11515,32,25.124142180961282,3.938878382655497,3.6578259995981517,9.0,52.297,0.002166377816291161,0.356651653032072,0.9508163472264476,1.0442673749446658,0.042776249797767354,77.764838,142,150,0.9466666666666667,355,367,0.9673024523160763,495,513,0.9649122807017544,27136,28553,0.9503729905789234
34,3405.397296330622,91.58517295712805,0.5443091582848067,0.4506087877183695,0.0,0,13.468676599977838,0.857645624661352,0.7159760015878869,9445,28,22.843906325043015,3.9009137083932806,2.8134604162614276,7.0,35.315,0.0008462921823759652,0.3364546625413385,0.9354215682831759,1.0616080259997174,0.058113382284844875,81.170402,211,226,0.9336283185840708,489,522,0.9367816091954023,952,998,0.9539078156312625,24986,26731,0.9347199880288803
35,6742.75186972582,68.79755661622896,0.7724280609366184,0.22569117923641152,0.0001880759826970096,0,11.22013342992626,0.852993014392476,0.8953582312737302,5317,20,22.119890505140166,3.757034964838739,2.6391526661796934,7.0,13.213,0.0,0.2626015840651657,0.9423025588224078,1.0573362913096696,0.054515954570037856,64.392464,529,567,0.9329805996472663,1294,1352,0.9571005917159763,2332,2418,0.9644334160463193,20555,21886,0.9391848670382893
36,3403.636769238326,77.01847894095174,0.5669180621245047,0.42860795091397164,0.000255656397801355,0,10.776139114226469,0.8510587657529917,0.710420431835891,7823,21,22.28538380691881,3.871778855646077,2.995490417136415,8.0,28.816,0.0024228513134404487,0.37368847507517944,0.9400454900845832,1.056619959965685,0.054852037217426354,69.78421,268,288,0.9305555555555556,692,744,0.9301075268817204,1147,1186,0.9671163575042159,24344,25920,0.9391975308641975
37,3787.3853330666398,64.36513674689157,0.6097393689986282,0.3873456790123457,0.00017146776406035664,0,10.44767750182932,0.8372246178664353,0.833000180580885,5832,28,22.90833374384809,3.897251637027085,3.1290776152980877,8.0,20.962,0.0,0.2051834928470918,0.9447565869830745,1.0543870087145206,0.05188101776792509,55.315606,212,229,0.925764192139738,548,568,0.9647887323943662,923,963,0.9584631360332295,25389,26895,0.9440044617958728
38,-994.6913542155779,101.66545257219637,0.437000079195375,0.5584857844301893,0.0004751722499406035,0,13.885897130376833,0.8523546762334399,0.6523800805953749,12627,32,21.036287259188146,3.9530543323118907,3.697354113809351,9.0,57.384,0.0029216677195198987,0.38955279056872893,0.9309143091430915,1.062217467821526,0.05972307000353391,85.79778,98,106,0.9245283018867925,245,263,0.9315589353612167,422,443,0.9525959367945824,26481,28456,0.9305946021928592
39,3759.6887863120983,51.34037342979824,0.6626371166330871,0.3337810611148422,0.00044772778150884264,0,10.845248121893501,0.8547940239144118,0.8315189400824471,4467,19,23.77221513254817,3.781949616251256,2.866216216216216,7.0,14.106,0.0,0.23563151776795768,0.9491311451061933,1.0493306983854729,0.04813741429278292,46.296822,475,507,0.9368836291913215,1082,1125,0.9617777777777777,2125,2226,0.9546271338724169,21880,23074,0.948253445436422
40,-1206.3224018657536,81.36077950324548,0.43470740847506484,0.5606803113289133,0.0,0,13.593236840829332,0.8590818578806783,0.5926105525428508,10407,22,22.046845005141137,3.899939782621539,3.315870910698497,8.0,45.682,0.007344524990461656,0.47349878819362656,0.9589769996567113,1.0373667322223372,0.036036930408021445,71.760344,228,236,0.9661016949152542,587,612,0.9591503267973857,831,865,0.9606936416184971,26289,27417,0.9588576430681693
41,4249.151582502889,104.12999395832347,0.5614633247327682,0.434666420936233,9.214891264283081e-05,0,15.933922806803412,0.8504000722211995,0.6919164009205563,10852,25,22.463676391820357,3.886882651210884,2.7656326932545543,8.0,39.467,0.004403669724770643,0.43374709211504925,0.9424232837709585,1.0537759864234195,0.05135216245956851,96.191108,241,263,0.9163498098859315,555,602,0.9219269102990033,1129,1188,0.9503367003367004,24886,26396,0.9427943627822397
42,3144.973130510765,65.06501665637379,0.5791049479987394,0.41727072171446583,0.0006303183107469272,0,9.713970436490321,0.8602354363139533,0.7408416276719048,6346,28,23.52369830912483,3.8714976586350915,2.7137414965986393,7.299999999999727,22.081,0.0,0.2248964055525123,0.9552453439023535,1.042337927873938,0.04206565198400699,57.973886,277,296,0.9358108108108109,696,727,0.9573590096286108,1176,1229,0.9568755085435313,25086,26259,0.9553296012795613
43,4894.762356871877,59.61804089053069,0.6996954314720812,0.2968527918781726,0.0,0,7.797923031560469,0.8445915688185968,0.8441335266381371,4925,22,21.714223716860328,3.7345351042392707,2.786999419616947,8.0,14.494,0.0,0.2257130890628954,0.9572338489535942,1.041793428658351,0.040244523688232295,54.334792,579,627,0.9234449760765551,1356,1431,0.9475890985324947,2435,2548,0.9556514913657771,20878,21770,0.9590261828203951
44,4316.997597754522,79.5439570482296,0.5996388494776216,0.3962337159809106,0.0006449116471043467,0,13.822282254320397,0.8612038547022914,0.7292060591592566,7753,30,22.171605183707747,3.8828772189058482,2.470638847063885,7.0,25.561,0.00012896569512509673,0.2554038279866522,0.9633943427620633,1.03355144090213,0.03385913794835728,72.935178,296,315,0.9396825396825397,668,694,0.962536023054755,988,1027,0.9620253164556962,25840,26812,0.9637475757123676
45,4772.515319366404,57.20677290603115,0.7098022355975925,0.28826311263972487,0.0,0,13.048574947812748,0.8548823651078157,0.8264330376096504,4652,25,22.332972294918186,3.800087973020222,2.022107813446396,6.0,11.565,0.0,0.18976441949670875,0.968162346620199,1.030808962607304,0.030172869063127133,52.29601,473,505,0.9366336633663367,1156,1194,0.9681742043551089,1958,2013,0.9726775956284153,23082,23834,0.968448435008811
46,1221.5570337568793,93.66309109114331,0.49188355853813365,0.5036728031196155,0.0004534324839031468,0,15.271709014255547,0.8376561307309063,0.6002238161485811,11027,32,23.750366420700004,3.935012681985108,2.8984144542772863,7.0,44.829,0.0003626144501858399,0.3492351939291658,0.9329162922513307,1.0633712239719122,0.06070640176600441,85.596844,160,166,0.963855421686747,309,326,0.9478527607361963,588,620,0.9483870967741935,25936,27822,0.9322119186255481
47,5197.882986478468,71.74227467978598,0.6588541666666666,0.33837890625,0.0,0,8.473078641285014,0.8519587489493795,0.8555481974396892,6144,21,19.47779077179205,3.8867930922172422,2.970602766798419,8.0,19.752,0.0,0.2949295496976143,0.9494130799329235,1.0472095472095473,0.045293842972450135,63.80053,269,282,0.9539007092198581,600,634,0.9463722397476341,1083,1140,0.95,25224,26568,0.9494128274616079
48,837.5614678258999,86.22057978485246,0.4818979974351386,0.5144520074972871,0.0,0,10.773049882975315,0.8359983887347827,0.6354212519785645,10137,32,19.695155824966157,3.9473106673444995,3.0366427840327535,8.0,41.536,0.0010839574300354749,0.31724511702170277,0.9207968901846453,1.076681112819796,0.07156897496213709,76.34372,117,123,0.9512195121951219,267,290,0.9206896551724137,517,552,0.9365942028985508,25629,27847,0.9203504865874241
49,4922.539239272514,73.81801243572701,0.6381745205886725,0.3570685298052624,0.0004459640255686041,0,10.88549144222775,0.8556710502581343,0.8003518598428978,6727,18,23.16412768663517,3.8419577710497657,2.9599347775448406,8.0,22.292,0.0020768431983385254,0.37910257515086465,0.9338773419203747,1.0630829922943628,0.061087061087061086,67.944676,334,367,0.9100817438692098,883,932,0.9474248927038627,1611,1695,0.9504424778761061,22693,24334,0.9325634914111942
50,-2393.646120366007,105.76640519553571,0.41835783434922913,0.5775546790964503,7.171029042667623e-05,0,15.224275459505156,0.8346385409274624,0.6202094739510255,13945,29,22.383615459080296,3.9581488823635915,4.0111415838189926,9.0,65.592,0.008108684828223913,0.4826979247676434,0.8820860070195342,1.1088357027172935,0.09801100025581991,91.284634,59,62,0.9516129032258065,206,223,0.9237668161434978,387,434,0.8917050691244239,24229,27488,0.8814391734575088
51,1320.4112839519858,85.44913080775818,0.4943808848840741,0.5012655664675508,0.00020249063480814013,0,14.67599806946563,0.842738933967136,0.6503383640342846,9877,27,23.376618766035048,3.93443593126975,3.0131066967028466,8.0,39.927,0.000910378312765527,0.35775227927466796,0.9306824473975637,1.0644227415416811,0.060659254924907355,76.650434,166,174,0.9540229885057471,336,353,0.9518413597733711,608,657,0.9254185692541856,25783,27712,0.9303911662817552
52,1495.8947021467704,51.746262329915325,0.5234776228906823,0.47248716067498164,0.00018341892883345562,0,11.334997037933634,0.8532974739721766,0.6979201378567157,5452,18,22.03586585233371,3.829643498998925,2.4663629992992293,8.0,19.84,0.0007331378299120235,0.30824968293683286,0.9711235994769024,1.0268392129055133,0.02659464666620794,44.89721,385,409,0.941320293398533,941,964,0.9761410788381742,1795,1828,0.9819474835886215,24355,25092,0.9706280886338275
53,3901.9250106153654,63.97569874503978,0.6211148648648649,0.375,0.0005067567567567568,0,9.976799297374402,0.8472458759709217,0.7701723895783582,5920,23,21.16790988037635,3.8842708732032456,2.4378569485994017,7.0,18.632,0.0006752194463200541,0.2579349946511865,0.9556851515574801,1.0425874689174517,0.04188972162740899,57.963146,260,275,0.9454545454545454,631,660,0.956060606060606,1264,1309,0.9656226126814362,25212,26392,0.9552894816611094
54,3473.976380077234,96.00608850292193,0.5467248042810425,0.4498067584976712,9.909820632246556e-05,0,10.973947575246823,0.859992997098987,0.7279024920363413,10091,21,23.14559908953826,3.9254408421654947,3.4779771615008155,9.0,39.925,0.007865499950840625,0.48816865953051003,0.9437244319158444,1.0533480754612674,0.050960816939088445,86.546538,179,189,0.9470899470899471,381,394,0.9670050761421319,701,740,0.9472972972972973,26191,27766,0.943275949002377
55,1638.8171944756236,54.06325113588518,0.5396220159151194,0.45540450928381965,0.001823607427055703,0,9.725434477152916,0.8606985966711672,0.5937884731275459,6032,20,18.513177206895985,3.576736245550157,1.65284178187404,4.0,19.947,0.00033145508783559825,0.3041550392596996,0.9645395967574308,1.0342468610520168,0.03652821724676573,51.807656,832,885,0.9401129943502825,2456,2520,0.9746031746031746,4268,4380,0.9744292237442922,15646,16270,0.9616472034419177
56,2115.6885021299017,69.597584037376,0.5291347059615126,0.4665590095545687,0.0004037141703673799,0,9.429182230023706,0.8736790536449199,0.6892638402350877,7431,26,23.680326745349042,3.92113066213756,2.771617497456765,8.0,28.29,0.0005379959650302623,0.2813370994584813,0.9607229161703141,1.0374384573304158,0.03754053788449569,61.992658,176,191,0.9214659685863874,446,469,0.9509594882729211,862,896,0.9620535714285714,26743,27825,0.9611141060197664
57,-441.9422995332975,77.051125283999,0.45573669005365247,0.5401361947998349,0.0,0,7.531663378630386,0.8674461320266773,0.5814696634148564,9692,22,20.64169701832128,3.9138065531315767,2.9044600407516414,8.0,40.794,0.005234527352971364,0.4390167927716412,0.9659383905550278,1.0311191311157264,0.03045852246562726,69.644554,190,200,0.95,547,572,0.9562937062937062,876,900,0.9733333333333334,26859,27804,0.966012084592145
58,3239.3585586253025,98.14667179232931,0.5380439868975199,0.4575573233504913,0.00018717828731867103,0,10.151880527324078,0.8607224932437896,0.6791810586810643,10685,29,22.579172557788176,3.940874489194152,3.2419551226300225,8.0,42.072,0.0011218098532298775,0.36618140564780133,0.9544213329737383,1.0424314256688114,0.04118046352264279,90.093882,127,142,0.8943661971830986,312,326,0.9570552147239264,584,608,0.9605263157894737,27288,28587,0.9545597649281142
59,3543.7250320947123,62.03032920469151,0.6105490131033339,0.3846409023055233,0.000829324929507381,0,8.309375398740379,0.8637948088105758,0.6995543059166306,6029,21,20.122470383152805,3.860934425947503,2.169790817712578,6.0,18.768,0.000331619963521804,0.28449846160844117,0.9795289227571874,1.0186393613328706,0.0194613320653466,58.384656,330,345,0.9565217391304348,843,869,0.9700805523590333,1644,1674,0.982078853046595,25462,25982,0.9799861442537141
60,1957.8732687095753,54.275949148381244,0.551432516396272,0.44373489817052125,0.0012081463583016915,0,5.985434241087962,0.8578471192615037,0.6372213673846389,5794,29,21.54111992737431,3.8471584551987976,1.8162754303599373,5.0,18.759,0.0,0.19915325737837564,0.9719184364636986,1.0260305992350192,0.027114222954420647,50.715954,358,387,0.9250645994832042,925,949,0.9747102212855637,1866,1924,0.9698544698544699,24401,25086,0.972693932870924
61,5465.890622226483,67.9481517704485,0.6961805555555556,0.30104166666666665,0.00017361111111111112,0,14.645108446057405,0.8669798814057325,0.7986070931988235,5760,22,23.023103130103316,3.8745726778370266,2.0246882793017456,6.0,14.723,0.0003471017007983339,0.26050568595018,0.9644195412362109,1.034944159584182,0.03396596637234007,63.208318,295,314,0.9394904458598726,799,827,0.966142684401451,1608,1648,0.9757281553398058,24837,25766,0.9639447333695568
62,-838.6857524429247,91.2551522187585,0.44793713163064836,0.5482190142649697,8.541898009737763e-05,0,8.14368203136086,0.8681105496388352,0.5874024613846461,11707,29,20.14241325093794,3.9495615676813802,3.48302822273074,8.0,52.289,0.002810902896081772,0.4069932845568526,0.9516558299363271,1.0442417873004035,0.04319375946878123,82.194612,114,120,0.95,329,351,0.9373219373219374,530,553,0.9584086799276673,27275,28659,0.9517080149342266
63,-2591.190473629796,85.10384389654126,0.4190878378378378,0.5775337837837838,0.00016891891891891893,0,11.496216939238263,0.8719572608963867,0.5524440487127514,11840,24,21.02962864577277,3.919017471299904,3.642684401451028,9.0,54.507,0.01028170191423556,0.49677914939683465,0.9644363464588184,1.032566335694195,0.032419196865817825,77.852068,165,179,0.9217877094972067,444,459,0.9673202614379085,830,856,0.969626168224299,27144,28143,0.9645027182603134
64,1079.060847088081,34.41848014102551,0.5295448119875601,0.4673452078032231,0.0002827254735651682,0,6.799714179267207,0.8618701737576885,0.7081232772505192,3537,20,23.975481590974532,3.756224774946526,2.2872397223705287,7.0,12.572,0.0,0.18198735303078095,0.9768625297455611,1.021301601292787,0.02170409369291931,29.618914,523,565,0.9256637168141593,1321,1357,0.9734708916728076,2437,2496,0.9763621794871795,22402,22897,0.9783814473511814
65,2205.78497820349,101.8453352700854,0.5126478459811793,0.48269014935681603,0.000259000259000259,0,11.935540670029198,0.8576585097902913,0.61686500299118,11583,29,23.51749830776183,3.9338936507030446,2.8583698214887168,7.0,45.576,0.00344145229286759,0.3959367867480309,0.9452527322404372,1.0506755595283117,0.04885654885654886,94.72823,163,169,0.9644970414201184,370,386,0.9585492227979274,563,596,0.9446308724832215,26581,28129,0.9449678267979665
66,-1368.0964138687855,118.28640456118568,0.44312090530077425,0.5524452385679306,6.617695718350871e-05,0,14.503726546352521,0.8596775357986924,0.6038856932996948,15111,32,20.689696944226895,3.9525253676407903,3.4768518518518516,9.0,67.206,0.007748374811215444,0.4732133411595728,0.9543070910852066,1.040461455670658,0.039523916460812936,104.503394,112,113,0.9911504424778761,241,250,0.964,448,476,0.9411764705882353,27770,29100,0.9542955326460482
67,4326.010316819257,58.216230692711285,0.6711396343835083,0.3249708284714119,0.00038895371450797355,0,6.293473291812295,0.8500698679656881,0.7713021105695488,5142,28,20.383280151566332,3.728055190928822,2.1590843233845263,6.0,14.06,0.0,0.18666128866599743,0.9616967756688772,1.0372324159021407,0.03696091025876307,54.275224,627,669,0.9372197309417041,1472,1519,0.9690585911784069,2734,2824,0.9681303116147308,20400,21226,0.9610854612267973
68,7015.279204823919,106.05608950784686,0.6390846868934519,0.35723771580345287,0.0004086219225661457,0,14.07341019261003,0.861988279998584,0.7630705315137597,9789,21,20.6272730402615,3.874375609579689,2.68366368286445,7.0,31.2,0.003359804520464264,0.4656580668679712,0.951801738642737,1.0435457141849722,0.04306990473634778,99.137172,285,296,0.9628378378378378,628,659,0.952959028831563,1277,1333,0.9579894973743436,24963,26240,0.9513338414634146
69,3840.6574759872065,49.73103522748459,0.680028295213393,0.3136052817731667,0.0007073803348266918,0,10.978873464001586,0.8541606145671075,0.8214796608172744,4241,24,22.274889200584973,3.7560923482387367,2.3720527045769764,7.0,11.9,0.0,0.17665220589364503,0.9618042514835123,1.0373148392446572,0.03706918375465625,45.125142,514,552,0.9311594202898551,1419,1476,0.9613821138211383,2523,2605,0.9685220729366603,21153,21993,0.9618060291911062
70,3202.7728428033142,63.09915723014668,0.5857166203628044,0.41036117012583756,0.0,0,8.674131508536346,0.8447386417472277,0.7446088933687496,6119,27,20.75604357413348,3.8959010942424475,2.7943638392857144,8.0,21.308,0.0006532745386248571,0.2246834636087809,0.9463593504452593,1.0522644419517666,0.04974447467976372,55.861484,205,224,0.9151785714285714,570,591,0.9644670050761421,1177,1237,0.9514955537590946,25147,26583,0.9459805138622428
71,-3249.515313171418,91.00599105816106,0.40178500278906687,0.5952665551039924,7.96876245119133e-05,0,11.627734929500866,0.8461843535909513,0.6005522726894532,12549,26,24.080745868437756,3.949481724232953,3.8585878619595397,9.0,59.855,0.010018933417481855,0.4933150507766886,0.9077100356170124,1.084450259928564,0.07833419155509784,78.427818,110,116,0.9482758620689655,220,241,0.9128630705394191,442,489,0.9038854805725971,25223,27792,0.907563327576281
72,4637.0469697404105,46.61656296548825,0.7829099307159353,0.2144919168591224,0.0,0,9.109491188655381,0.83941787438026,0.940901405744486,3464,17,22.86311165253053,3.6474895288679954,2.653023598820059,7.0,8.586,0.0,0.20543068117065438,0.9492844691287956,1.0500568828213879,0.04808397329525721,42.814292,766,809,0.9468479604449939,1968,2038,0.9656526005888125,3447,3594,0.9590984974958264,17235,18226,0.9456271260836168
73,3174.822181841738,56.53753978556647,0.6061963419186264,0.3904441955953714,0.0001866368047779022,0,9.585960457895462,0.845875212830415,0.7135925759945594,5358,29,24.14761924758554,3.8818370735736836,2.230911330049261,6.0,16.917,0.0,0.18679853942008295,0.9508001540778093,1.048561087880811,0.04740142771365668,51.483746,243,253,0.9604743083003953,631,660,0.956060606060606,1267,1320,0.9598484848484848,25011,26324,0.9501215620726333
74,2710.535075176749,31.98373567858684,0.7159264931087289,0.2813935681470138,0.0007656967840735069,0,8.34386001026098,0.8413906187086746,0.8491626416424612,2612,16,19.122030038823098,3.3499675159108984,2.162566844919786,6.0,6.553,0.0,0.15927816222817207,0.969280671627552,1.0312843291780103,0.0312832124208678,29.429562,1435,1493,0.9611520428667113,3366,3436,0.9796274738067521,4578,4692,0.9757033248081841,10941,11343,0.9645596403067972
75,6103.684013460067,52.293658127532666,0.8781431334622823,0.11992263056092843,0.0,0,11.631555697803073,0.8602669743748407,0.9585965842849579,3619,18,22.966458464792048,3.4915615239887092,2.1145374449339207,6.0,5.79,0.0,0.2015180069127866,0.9491756306073559,1.051525998492841,0.04972548319421506,50.096784,1265,1357,0.9322033898305084,2694,2803,0.9611130931145202,3964,4118,0.9626032054395337,12284,13011,0.9441242025978018
76,5606.079372168278,65.27291573952593,0.7175968848507325,0.2788800296680883,0.00018542555164101615,0,14.448189626623781,0.8551357114573657,0.8391478756592804,5393,16,23.61517488057834,3.7720307826773998,2.136950904392765,6.0,13.419,0.0014812071838548417,0.33399161363174024,0.9516074577034175,1.047080553356704,0.045544058147445304,60.872998,431,464,0.9288793103448276,1353,1413,0.9575371549893843,2881,2997,0.9612946279612946,20702,21783,0.9503741449754396
77,2688.1026342254136,76.90436918584928,0.5466474058023354,0.448778138918984,0.00012038040207054291,0,10.02106679975046,0.836175361809886,0.6299594718794758,8307,31,22.643256140525608,3.885647685225768,2.330984364677384,6.0,29.395,0.00012036591237361579,0.2656414554200499,0.949775690452825,1.0499455203683525,0.04798131464798131,71.983438,243,256,0.94921875,626,655,0.9557251908396946,1172,1236,0.948220064724919,25058,26385,0.9497062725033163
78,-3131.3052601626327,101.44184819368152,0.4161841446851097,0.5798841947244263,7.14847380084352e-05,0,14.83185206815173,0.8473948794951611,0.5607631483556863,13989,29,24.563700148005324,3.940203903043406,3.258502232909653,9.0,62.796,0.01088877890122322,0.49206409332848644,0.9407369498464688,1.053597827208031,0.05133350595546349,91.421164,142,150,0.9466666666666667,273,296,0.9222972972972973,686,718,0.9554317548746518,26472,28146,0.9405244084416968
79,4307.2815137968555,48.12943221131175,0.7313864772428308,0.26519337016574585,0.00026308866087871614,0,15.099673661010264,0.8486020065694236,0.9251203966879524,3801,16,26.445419220535154,3.709374997951352,3.029136690647482,8.0,11.205,0.0,0.2413234418811381,0.9578336408364083,1.042147071299117,0.04099085815393689,43.39901,579,629,0.9205087440381559,1568,1645,0.9531914893617022,2701,2807,0.9622372639828999,20071,20935,0.9587294005254359
80,4373.193160499333,59.12359715438262,0.6675911251980983,0.3278526148969889,0.0,0,13.685188498272868,0.8572779739960695,0.8297635354258959,5048,29,23.339733007824698,3.8407196164411515,2.4881305637982196,7.0,14.791,0.0,0.16876304674892248,0.9608593916188045,1.0380174098418902,0.03677901854318205,52.901724,315,338,0.9319526627218935,890,918,0.9694989106753813,1688,1747,0.9662278191184889,24209,25203,0.9605602507637979
81,105.56819846694584,42.81289665824659,0.47115384615384615,0.5261538461538462,0.0001923076923076923,0,10.803948165634571,0.8487982904114495,0.6002272552001792,5200,17,23.2551650357139,3.649687894962014,2.484489795918367,7.0,20.424,0.001152516327314637,0.31177635003755133,0.9690954382687218,1.0284375,0.028363966417063763,38.198432,702,746,0.9410187667560321,1822,1893,0.9624933967247755,3299,3399,0.9705795822300677,19075,19654,0.9705403480207592
82,5856.070347052321,54.86118366090699,0.8221884498480243,0.1762917933130699,0.0,0,9.00934642869167,0.8563795829442888,0.9527698208560819,3948,16,21.1750866606155,3.520852817838071,2.513555144793592,7.0,8.482,0.0,0.250637692937276,0.9583512052843784,1.0417847633771364,0.04014162789740212,51.521368,976,1041,0.9375600384245918,2481,2552,0.9721786833855799,4064,4217,0.9637182831396728,14822,15504,0.9560113519091847
83,2935.1786975210953,94.91443745678056,0.5284237726098191,0.4671039554760485,9.938382031405287e-05,0,17.55225426250068,0.8473291290969307,0.7203891408884272,10062,30,25.052269321038374,3.913937794332264,2.93586608990032,8.0,38.419,0.0015876165905933718,0.3329895427015155,0.9322098946340102,1.064332619306809,0.060847341000688095,82.950908,161,174,0.9252873563218391,475,500,0.95,756,797,0.9485570890840652,25327,27191,0.9314479055569858
84,4939.639072761186,55.814164364008676,0.7287802749290857,0.26685577132882393,0.0006545930613135501,0,7.616617022021083,0.8607805999813236,0.8186519119316796,4583,22,21.244792408636833,3.6014401292243226,2.089820359281437,6.0,11.147,0.0,0.20763210069647695,0.9706720977596741,1.0280701754385966,0.02795375356350966,52.525872,909,953,0.9538300104931794,2239,2289,0.9781564001747488,3589,3674,0.9768644529123571,17093,17634,0.9693206305999773
85,3574.3453380364517,48.318505168764304,0.6715225563909775,0.3242481203007519,0.001644736842105263,0,10.69568595185742,0.8629111840122463,0.7596359388332686,4256,27,21.39793075323223,3.609915024477871,1.8680895731280616,5.0,11.152,0.0,0.15419379375853193,0.9704561853603784,1.028442873212277,0.02952732931336316,45.553582,802,841,0.9536266349583828,2087,2140,0.9752336448598131,3702,3771,0.9817024661893397,17618,18194,0.9683412113883698
86,5047.207795250982,73.71088812818543,0.6490242460082791,0.346836191602602,0.0014784151389710231,0,11.97216231476581,0.8554434944245922,0.7223620989406903,6764,19,19.82740564526366,3.7083771983849405,2.1635535307517086,6.0,19.544,0.0004433279148810403,0.3544171969860298,0.9562778100212808,1.0425374873747184,0.04313217326915957,69.96726,579,631,0.9175911251980983,1632,1695,0.9628318584070796,2952,3057,0.9656526005888125,19552,20462,0.9555273189326556
87,-1256.4992098861353,78.92907631510582,0.4331041257367387,0.5619842829076621,9.823182711198428e-05,0,18.848317118320963,0.8489106498304245,0.5995075198742559,10180,24,21.46933904136196,3.904026899000595,2.842594692674076,9.0,43.875,0.0036214152882450817,0.4288572897296571,0.9696785109983079,1.0277655055225148,0.027608674191319228,68.422176,182,200,0.91,516,530,0.9735849056603774,1094,1126,0.9715808170515098,26862,27694,0.9699573914927421
88,1255.5422584984685,37.3257183201482,0.5388361958472186,0.4560369136118944,0.0015380671622660857,0,13.254209586333104,0.853428628370071,0.6967944782558709,3901,20,25.03017175450455,3.598686764755495,2.4352997145575643,8.0,13.984,0.0,0.1958784253589972,0.9727782225780625,1.0261065145794843,0.026652119700748128,32.847074,765,825,0.9272727272727272,2181,2240,0.9736607142857143,3863,3956,0.9764914054600606,17491,17959,0.9739406425747537
89,-947.8455607399151,97.64953571895803,0.452585189265759,0.5437947587943653,0.0,0,16.338063844133806,0.8582777212204649,0.5437315316410309,12707,28,23.59417797139495,3.8672629550290463,2.656059815684229,7.0,52.888,0.0035288582183186953,0.45174397168143954,0.9254747918843922,1.0716409252410992,0.06716643695162537,91.06567,259,275,0.9418181818181818,705,748,0.9425133689839572,1173,1234,0.9505672609400324,23544,25492,0.923583869449239
90,2518.1263495496582,78.22071713333274,0.5384249345705449,0.45848203664049486,0.0,0,14.446607152009436,0.8511158612273599,0.6618676108132364,8406,20,21.569298768959037,3.7862269292358164,2.5980998674326115,7.0,31.13,0.004146428148323659,0.4262455802433808,0.9478658986855708,1.0488501483679524,0.04680791159287675,71.824498,455,469,0.9701492537313433,1185,1231,0.9626320064987814,1766,1833,0.9634478996181124,22266,23551,0.9454375610377479
91,2051.4493878321005,93.41933902567737,0.5101556567957479,0.4854783599088838,9.491268033409264e-05,0,18.15323617984554,0.8529165285377464,0.6661122919465654,10536,30,25.974899968338452,3.9078342001713873,2.9283720930232557,8.0,41.604,0.0008534850640113798,0.3486196669805258,0.9404799111018509,1.0564383753012259,0.05378852599066833,84.049412,165,181,0.9116022099447514,456,485,0.9402061855670103,966,1029,0.9387755102040817,25496,27102,0.9407423806361154
92,5281.113369019564,67.73042054333719,0.6844543582704187,0.31314344543582706,0.0,0,11.92759654990062,0.84113381234574,0.8059496026338777,5828,23,21.775470811031504,3.77784436731958,2.379293055903735,6.0,16.32,0.00034305317324185246,0.24623618843024014,0.9411141386618226,1.0588145896656536,0.05571239681235036,63.245818,476,505,0.9425742574257425,1266,1334,0.9490254872563718,2359,2466,0.9566098945660989,20767,22119,0.9388760793887608
93,769.4295036739993,102.6519294486093,0.4794487033110422,0.5160658946338281,0.00016310552927744252,0,12.224993841468109,0.8483992148851641,0.6280233275879514,12262,31,22.874973715017347,3.9322344591557945,3.025344446334411,8.0,50.666,0.0034945144250304754,0.39834180149354503,0.9270681391956658,1.068774924788358,0.0650691603350867,92.60764,135,141,0.9574468085106383,341,359,0.9498607242339833,653,691,0.9450072358900145,25565,27603,0.9261674455675107
94,6345.365610555717,83.26120226124192,0.673469387755102,0.3219178082191781,0.0,0,8.235929387667825,0.8439601799436915,0.8446634749807235,7154,20,24.5472133310989,3.8205930717715093,2.9310917393109173,8.0,22.739,0.0013958682300390843,0.3616428121394442,0.9351335485764602,1.0625322426118358,0.058872276509789025,76.389758,353,376,0.9388297872340425,906,944,0.9597457627118644,1778,1860,0.9559139784946237,22451,24076,0.9325053995680346
95,5925.710752425682,64.4495095825114,0.7457494625757279,0.25210084033613445,0.0,0,9.443192461275702,0.8463084240267746,0.8439231061401397,5117,17,23.55264892216172,3.6712611729588094,2.2287735849056602,6.0,12.3,0.00019538882375928098,0.30313165610037873,0.9549888959390863,1.044748241465644,0.04303605313092979,60.901802,669,711,0.9409282700421941,1944,2005,0.9695760598503741,3330,3454,0.9640995946728431,18138,19046,0.952325947705555
96,919.1256473585779,101.65138346371351,0.4819236589877249,0.5140406927862788,0.0,0,18.274701468263768,0.8612147556589127,0.6475993220076248,11894,27,23.227471540023846,3.9237330353751214,3.080076762037683,9.0,49.134,0.006681142475363287,0.4452922188254773,0.9388892712132682,1.0557849089332176,0.053077449415137985,89.7452,143,154,0.9285714285714286,411,438,0.9383561643835616,788,837,0.9414575866188769,25944,27633,0.938877429160786
97,4915.76012301557,71.06065009046618,0.6484944532488114,0.34881141045958797,0.0001584786053882726,0,9.983090953250539,0.8278859812885541,0.8373676468750073,6310,30,23.818719353180633,3.8783793913031888,2.9122678396871944,8.0,20.623,0.0,0.21140496766334663,0.9287860361971528,1.0710694534223946,0.06672897820208966,63.530922,211,222,0.9504504504504504,676,705,0.9588652482269504,1228,1310,0.9374045801526718,23852,25721,0.9273356401384083
98,3622.598833267715,51.200704016909896,0.6557628979143798,0.34094401756311743,0.0002195389681668496,0,15.773586952998409,0.8396900981453699,0.81111719258104,4555,17,20.026259843523317,3.716929610431457,2.525945764981587,7.0,13.743,0.00021949078138718174,0.26632037377885504,0.9670060331825038,1.0313326782069696,0.03073718065860166,46.741412,551,586,0.9402730375426621,1566,1609,0.9732753262896209,2941,3018,0.9744864148442677,20587,21307,0.9662082883559394
99,6513.523732781574,93.31688797307896,0.6524219841639497,0.34408476944573824,0.0002328830926874709,0,12.899762320277208,0.8441425620273731,0.7455290431571531,8588,23,21.17148414562177,3.842728344925353,2.582545065143673,7.0,26.625,0.0013953488372093023,0.3756784637728522,0.9090672128095326,1.0897085780554412,0.08272705536769477,88.899918,308,324,0.9506172839506173,800,857,0.9334889148191365,1553,1657,0.9372359686179843,21752,24017,0.9056918016405047
100,1459.2492574728637,90.81453484821176,0.4931559668401774,0.5027954501638712,9.63948332369385e-05,0,10.894679989778224,0.8366580630412245,0.6912481897769689,10374,27,25.139967241659953,3.9338787603077017,3.5989053948397185,9.0,44.389,0.002787657406517351,0.38954648481023013,0.9082869424282997,1.086389858272203,0.07967184409351795,80.518212,118,133,0.8872180451127819,331,356,0.9297752808988764,632,693,0.911976911976912,24698,27200,0.9080147058823529
101,1622.1176360256761,83.72631887977629,0.49983996585938334,0.49610583591166113,0.0,0,13.126730909313277,0.8365433332299684,0.7151436179321763,9373,28,22.061778590218637,3.9194725201224556,3.2898612593383136,9.0,38.103,0.0011722080136402388,0.3415113134487734,0.9354861087024383,1.0614074875266042,0.058149031393943354,72.27301,142,153,0.9281045751633987,446,463,0.9632829373650108,816,856,0.9532710280373832,25567,27359,0.9345005299901312
102,-1972.243665155511,112.03139079906555,0.4319332330004105,0.5635517854699685,0.0,0,10.798206393762362,0.8469096951214512,0.6134258557490955,14618,30,20.273230699004273,3.932997927675418,3.5167880899588218,9.0,65.781,0.008209512178573852,0.49270926203895726,0.9323761319422924,1.0616298045206765,0.05790190735694823,98.92971,127,135,0.9407407407407408,370,389,0.9511568123393316,648,676,0.9585798816568047,25934,27843,0.931436985956973
103,-2655.3542529581355,97.90796615590334,0.41570210173621686,0.5791958574474566,7.614986293024673e-05,0,8.64821773088758,0.8412106972365812,0.6095126821942086,13132,27,22.561076729830102,3.917540408613818,3.6616596446235574,9.0,60.653,0.012037315678603671,0.49560987974359105,0.9111717393615136,1.0808554847030165,0.07523182279891215,84.675106,163,179,0.9106145251396648,387,418,0.9258373205741627,743,813,0.9138991389913899,24423,26813,0.9108641330697795
104,2721.5607042180877,47.164144766451535,0.6092342342342343,0.38603603603603603,0.0009009009009009009,0,5.047069642816496,0.834987106600699,0.7471968571614872,4440,23,19.902617954418858,3.7140287441248967,2.679482439926063,7.0,15.063,0.0,0.19053393101537622,0.9610271560049994,1.0381140384177359,0.03768633596967599,42.411988,535,563,0.9502664298401421,1562,1620,0.9641975308641976,2757,2837,0.9718011984490659,20520,21383,0.9596408361782724
105,4980.94226114882,94.57015634649073,0.592679794520548,0.4035744863013699,0.0,0,14.279060518704298,0.852442219879928,0.7496671153722189,9344,28,20.798824064289207,3.895541020306179,2.89689418562658,8.0,32.671,0.0004278990158322636,0.3421708759641673,0.9447694664995124,1.0513691434974437,0.04898161947342275,86.08222,209,218,0.9587155963302753,562,595,0.9445378151260504,1067,1106,0.9647377938517179,25292,26797,0.9438369966787327
106,5057.794313187896,51.49578026629791,0.7787542000516929,0.2194365469113466,0.0002584647195657793,0,10.404023530733115,0.8523082777208563,0.8970923672224098,3869,21,21.18824284180885,3.603844770598166,2.2300033189512116,6.0,8.5,0.0,0.18592150405235822,0.9643882825962091,1.0336203699888755,0.03342982908355475,47.660308,888,948,0.9367088607594937,2182,2273,0.9599648042234932,3566,3679,0.9692851318293014,16870,17474,0.9654343596200069
107,4237.019101552913,59.84872330671467,0.6554157131960335,0.339626239511823,0.0011441647597254005,0,11.909469627093966,0.8544901092474337,0.8162815282706172,5244,31,23.827816853432406,3.8202884985392664,2.4242071574047133,7.0,15.385,0.0,0.17061282067432768,0.9626057650939337,1.0359378372544787,0.03581305309734513,53.847742,351,383,0.9164490861618799,1012,1041,0.9721421709894332,1985,2047,0.9697117733268197,23501,24421,0.9623275050161746
108,-448.83437060427366,101.19345839974311,0.4573209214263175,0.538734616598296,0.0001577784790154623,0,12.406382240371086,0.8544647341605363,0.61011462695423,12676,28,22.98773245802777,3.9148426708000335,3.3381059168535447,9.0,55.191,0.00549191903342225,0.448900524735223,0.9530999146029036,1.0434722889911408,0.04211111838230482,90.585298,176,186,0.946236559139785,441,464,0.9504310344827587,897,933,0.9614147909967846,26388,27692,0.952910587895421
109,2812.5937573074875,60.1072717916837,0.5768019884009942,0.4193869096934548,0.00016570008285004143,0,10.372606820437309,0.8566989338426426,0.7172014923856079,6035,17,27.515038053907414,3.67173315963376,2.373168629704108,7.0,20.239,0.0014890800794176043,0.35745465217350925,0.9666191265466599,1.0318540281428792,0.03107376283846872,54.706752,646,680,0.95,1730,1790,0.9664804469273743,3291,3401,0.9676565715965892,19410,20072,0.967018732562774
110,5233.143167278898,52.476143276252714,0.7870485678704857,0.21095890410958903,0.00049813200498132,0,14.154570414553413,0.87562747599777,0.8341165037757898,4015,17,23.645379989229646,3.195503962070983,1.7420886075949367,5.0,7.59,0.000249003984063745,0.23108021047078098,0.9610128841541636,1.0377654507760408,0.03752415718273567,50.625404,2033,2182,0.9317140238313474,3674,3840,0.9567708333333333,4344,4486,0.9683459652251449,7179,7421,0.9673898396442528
111,1766.2792821476585,114.1256204390002,0.4982737916541579,0.49729810867607327,7.505253677574302e-05,0,12.398772069180332,0.8477661250631379,0.6445947945395072,13324,29,21.99042052543191,3.9052983498749265,3.203343877089923,8.0,54.59,0.005448981115175039,0.45797906288337975,0.9049172102358254,1.090488245931284,0.08295536712022612,104.459782,164,174,0.9425287356321839,469,501,0.936127744510978,916,986,0.9290060851926978,23700,26241,0.9031668000457299
112,-26.15235655253136,109.21900044276467,0.4686238532110092,0.5261651376146789,7.339449541284403e-05,0,10.965550890056967,0.848795826744851,0.6035222696781232,13625,28,22.592347713206458,3.9125095122361477,3.2129992169146435,8.0,57.642,0.008802560744943984,0.49447628131666677,0.9110358352647531,1.0843672456575681,0.0778614408312235,100.303244,160,175,0.9142857142857143,482,518,0.9305019305019305,828,903,0.9169435215946844,24080,26449,0.9104313962720708
113,6285.582578233294,68.40805595268297,0.7453004054552156,0.25248802064135645,0.00018429782528566163,0,11.379284473536138,0.8476384357334701,0.8678300483112704,5426,22,23.24675486537428,3.709294446684608,2.388971315529179,7.0,13.38,0.0,0.2413425816905,0.9593299601349279,1.0403671838992166,0.03929294789173265,64.034458,571,605,0.943801652892562,1663,1712,0.9713785046728972,2896,2997,0.9662996329662996,19897,20774,0.9577837681717531
114,965.1732661742598,82.4415137791496,0.4911540835219091,0.5051429746965644,0.00010285949393128986,0,8.995559426063679,0.8424318666201116,0.6130264938218327,9722,22,21.826012402342165,3.861919450466102,2.9403141361256546,8.0,39.393,0.005116659844453541,0.447163753469763,0.9354562330429815,1.0603764097406796,0.057311122328790175,75.92061,246,261,0.9425287356321839,751,784,0.9579081632653061,1364,1459,0.9348869088416724,23843,25508,0.9347263603575349
115,1446.6791958581653,85.87685121081672,0.5025007655404716,0.4935184240073492,0.00010207206287639073,0,13.497742435262872,0.8549385759416763,0.6514301763754423,9797,20,25.086405109760847,3.8200866683821473,2.81230956733699,8.0,38.331,0.008601497672535924,0.4929393932451107,0.9528063981554867,1.0438358149476505,0.042365279790243564,77.820974,359,387,0.9276485788113695,945,984,0.9603658536585366,1882,1971,0.9548452562151192,23262,24416,0.9527359108781127
116,3545.3247729697246,65.13096187032895,0.5990254636906633,0.3962590380383527,0.00031436655139893113,0,12.004678799180548,0.8503827986395228,0.7377410850968381,6362,26,20.165515711237937,3.8251968547531865,2.6688533193387562,7.0,21.674,0.0,0.24676110306560514,0.9610851995585146,1.0366350067842605,0.035805012015104706,59.451584,316,334,0.9461077844311377,958,985,0.9725888324873097,1967,2039,0.9646885728298186,23753,24729,0.9605321687088034
117,3830.5564403146996,82.50236499188134,0.575347345920912,0.4196651229070182,0.00047500296876855483,0,11.967385620328297,0.8597341185783425,0.7203517482342201,8421,23,23.7908542038537,3.8517966111607507,2.7865841073271413,8.0,29.87,0.0013045540796963948,0.36992554313294695,0.9408833440883344,1.0562044848222656,0.05386337426226172,76.086152,273,292,0.934931506849315,798,832,0.9591346153846154,1641,1729,0.9491035280508965,23533,25041,0.9397787628289606
118,2780.4009959985065,83.1348238764001,0.541871921182266,0.45499328257948946,0.0002239140170174653,0,13.621156143568104,0.8612849340430345,0.6507393003758956,8932,29,22.159727944722878,3.8063546733798215,2.4973140495867767,7.0,32.407,0.0006712911165808906,0.31300244748649864,0.9552244126769099,1.0431253352404792,0.04177768668442987,76.985002,297,327,0.908256880733945,873,906,0.9635761589403974,1737,1812,0.9586092715231788,23888,25006,0.9552907302247461
119,6105.6691240138725,100.59715061030955,0.6256299496040317,0.37097603620281805,0.00020569782988789467,0,13.657990193833054,0.8630330040281624,0.6819642334993963,9723,20,24.741678006459132,3.758288577203417,2.2400131514055563,5.0,30.044,0.005523166615526235,0.4792159946781923,0.9438588537534475,1.0554354012521343,0.05319072828730863,96.680378,481,510,0.9431372549019608,1292,1343,0.9620253164556962,2435,2519,0.9666534339023422,20775,22097,0.9401728741458116
120,5100.370042585127,72.0805635913988,0.6540684054349524,0.3423395283460878,0.0,0,10.691238024996972,0.8625910036338116,0.8093678940362916,6403,26,21.65132596899584,3.8362006217076714,2.592645654250239,8.0,19.598,0.0,0.24124776659898925,0.9556525160044348,1.043053610542569,0.04187369358873317,65.44586,319,338,0.9437869822485208,875,913,0.9583789704271632,1939,2027,0.9565860878145042,23588,24683,0.9556374832880931
121,6009.684397723337,88.82022337712925,0.6450646861523718,0.3524197412553905,0.00023957834211787255,0,8.507507243738727,0.862583068273825,0.7408911388326733,8348,20,18.523272671414183,3.743479341737725,2.864623955431755,7.0,27.001,0.0020322773460848776,0.41868183805668,0.9538579851320175,1.0437162484846259,0.042128525326224214,84.943338,418,439,0.9521640091116174,1111,1141,0.9737072743207712,2193,2275,0.963956043956044,22325,23452,0.9519443970663483
122,3214.6733016816834,113.46061311133545,0.527976238259613,0.46817050654250625,8.027614995584812e-05,0,12.367226923870959,0.8609049273430265,0.6533232316364769,12457,28,22.122161566637615,3.9255623801317543,2.893264406264254,8.0,47.744,0.004316201742466629,0.45062064819135184,0.9376378929950359,1.058974536876431,0.055975006508721684,104.648156,143,150,0.9533333333333334,377,394,0.9568527918781726,814,868,0.9377880184331797,25865,27596,0.9372735179011451
123,4453.610896116263,66.55507771099278,0.6443459707861481,0.3535204332840965,0.0,0,9.067315620236231,0.8518647399108553,0.7413197302555761,6093,27,22.940070252527235,3.8408535007244673,2.1265919510952624,6.0,17.747,0.0,0.22890678205957976,0.9591146852649184,1.0402069211559044,0.03881934468841918,62.1184,327,347,0.9423631123919308,882,916,0.962882096069869,1803,1865,0.9667560321715818,23942,24975,0.9586386386386386
124,4506.3088727831,56.137171135269355,0.6926020408163265,0.3039965986394558,0.0,0,11.264217547969707,0.8589858249667077,0.8623684278235527,4704,20,21.576281005988328,3.7571296261898803,2.3858195211786373,7.0,12.912,0.0,0.23742436242450585,0.9731065776367728,1.0254798269294774,0.025208573072497124,50.781838,485,522,0.9291187739463601,1398,1427,0.979677645409951,2925,2975,0.9831932773109243,21570,22183,0.9723662263895776
125,5620.526715199139,67.96755492504977,0.7024750773461671,0.2935716741148161,0.00017188037126160193,0,9.610582574492268,0.8655947367667621,0.7744408051512636,5818,18,22.376906374272746,3.5630455832266787,2.2992414974308786,6.0,15.623,0.00017185083347654237,0.32496243757127485,0.9539634403167383,1.0453010217005827,0.04347125417992829,65.039264,874,912,0.9583333333333334,2412,2478,0.9733656174334141,4171,4309,0.9679740078904618,15192,16043,0.9469550582808701
126,4326.2289690163025,95.96462296700734,0.5729177208784536,0.4229329015281854,0.00010120433154539014,0,12.871111607275454,0.8546679954905821,0.7012756585418671,9881,24,20.83378552606675,3.883972528080086,2.650061826532415,7.0,34.808,0.0019191919191919192,0.4039205641240533,0.9408041302733477,1.0585146020368332,0.0555091680304599,89.516042,209,225,0.9288888888888889,657,693,0.948051948051948,1279,1336,0.9573353293413174,24460,26025,0.9398655139289145
127,546.3794882072145,100.36646431715941,0.4753255370324293,0.520610433772912,0.0,0,14.212206608425006,0.8660903595095439,0.6430796657025522,12057,27,20.92371386083199,3.9398754430121783,2.9792357354737393,8.0,49.72,0.004458756502353232,0.4527294399432714,0.9328939690385474,1.0608424336973479,0.05770288190962901,89.145846,125,136,0.9191176470588235,284,306,0.9281045751633987,689,739,0.93234100135318,26080,27952,0.933028048082427
128,4653.989660332999,43.863245670534546,0.821072319201995,0.17549875311720697,0.002805486284289277,0,10.390435521883013,0.8364262222611283,0.909924070250123,3208,18,23.969233270299693,3.3473348668121994,2.0303720577069098,5.0,6.159,0.0,0.1740829454061713,0.9394000605999394,1.0619365947533679,0.06111611587881087,41.875126,1566,1665,0.9405405405405406,3371,3495,0.9645207439198855,4500,4700,0.9574468085106383,9165,9942,0.9218467109233555
129,2425.2903936095036,108.64116634267168,0.5115616349128806,0.48420452695000815,8.141996417521577e-05,0,11.525672245634926,0.8327848263228507,0.6830843807998328,12282,27,22.661991206756053,3.9384966673492214,3.5557854528091677,8.0,51.304,0.005344995140913508,0.4577337444400238,0.8930616309257086,1.1013081290879034,0.09170489049680212,98.395878,106,110,0.9636363636363636,293,324,0.904320987654321,595,655,0.9083969465648855,24118,27030,0.892267850536441
130,1616.4516625110969,71.9547446868247,0.507908611599297,0.4874466482550841,0.0,0,6.788473008101637,0.8503020874328093,0.7059110180492765,7966,22,19.065703469589426,3.882419776648065,3.2432031636183885,9.0,32.741,0.0013789645230036355,0.35904486309736505,0.9475082127629831,1.0502879617923866,0.04791375524056698,63.249554,208,220,0.9454545454545454,630,661,0.9531013615733737,1276,1326,0.9622926093514329,24998,26407,0.9466429355852615
131,3414.338226045359,67.37468336461389,0.5866887019230769,0.4092548076923077,0.00030048076923076925,0,7.971058362765672,0.8509186004497794,0.735433061218808,6656,25,18.965427009533645,3.8664616901589373,2.812291933418694,8.0,23.356,0.0001502178158329578,0.2620347893001448,0.9413294385864919,1.057250268528464,0.05500572274961287,61.138208,247,265,0.9320754716981132,707,745,0.9489932885906041,1407,1488,0.9455645161290323,24064,25574,0.940955658090248
132,3365.1398891403583,107.94832711147424,0.5356474391696444,0.4599285349668198,0.0003403096818104475,0,18.475367324838142,0.8311746406490232,0.6489517908131593,11754,25,25.059126702959997,3.8871087014672896,2.7177573062261753,7.0,43.72,0.004404540064374047,0.4698990892102679,0.9145179271406481,1.081659293639858,0.07642487046632124,99.754256,190,208,0.9134615384615384,582,621,0.9371980676328503,1145,1232,0.9293831168831169,23513,25746,0.9132680804785209
133,6480.865655576738,80.2253076289987,0.6942907078357122,0.3035246140401981,0.0005825808330905913,0,13.73764579755936,0.8601770243885041,0.8201870571553214,6866,21,23.284777855244737,3.7990211556061175,2.6536605831760016,7.0,19.781,0.00043674479545785413,0.32120903661758304,0.9539830692424571,1.043675738526943,0.0427012987012987,75.264362,352,373,0.9436997319034852,1011,1047,0.9656160458452722,2168,2266,0.9567519858781994,22839,23956,0.9533728502254133
134,3600.406378841486,40.67309950167357,0.7302410741531888,0.2651815685077815,0.0012206286237412267,0,17.642089484412026,0.8674579085431606,0.8522656256894424,3277,18,22.221505122686942,3.4797590797639577,2.0915169243627245,6.0,7.736,0.0,0.1804222877367487,0.9653242862178357,1.0332492141497323,0.03421276595744681,37.51856,972,1050,0.9257142857142857,2943,3058,0.9623937213865271,4610,4775,0.9654450261780104,13384,13813,0.9689423007311952
135,2651.5078882221724,57.60317669941873,0.5791610284167794,0.4172868741542625,0.0006765899864682003,0,12.781987525698373,0.8316915133354871,0.6749264439683348,5912,28,22.968643416897294,3.7973623017496316,1.9783878504672898,5.0,18.889,0.0,0.21496432231718016,0.9620590273977601,1.0377323964280487,0.03770405476566614,54.164734,395,426,0.9272300469483568,1161,1201,0.9666944213155704,2146,2220,0.9666666666666667,22669,23564,0.9620183330504158
136,1703.1696909281652,106.54922332944992,0.49756137213461227,0.49715493415704765,0.0,0,16.832485507494262,0.8511710021446487,0.6806881137764672,12302,30,22.105222382794466,3.9454647859248744,3.1141970266296357,9.0,49.952,0.004853583562530335,0.4088485235575564,0.9435535817201749,1.052689015448624,0.05007728970758727,95.126084,114,121,0.9421487603305785,268,281,0.9537366548042705,528,567,0.9312169312169312,26922,28528,0.9437044307347168
137,3195.6346463543864,47.83595014627784,0.6414611447184737,0.35155886458818053,0.002791996277338297,0,13.13727977233372,0.8557180141805742,0.7647825087217811,4298,21,23.82140698858329,3.6870206105783168,2.1886108088501994,6.0,12.471,0.0,0.20476234854001202,0.9790979519828181,1.020569011918493,0.02322619315201918,43.578622,654,687,0.9519650655021834,1764,1812,0.9735099337748344,3578,3652,0.97973713033954,19533,19923,0.98042463484415
138,2572.6399621892374,86.43569693180379,0.5312300828553218,0.46526449968132566,0.00010622477161674102,0,14.715523778105833,0.8474116313537926,0.6769108521460601,9414,25,23.662479427601337,3.893278594942322,2.560287942411518,7.0,34.561,0.0020142054489557934,0.37649402147936384,0.9356209609440854,1.060341166477916,0.05768657951348668,78.253114,177,195,0.9076923076923077,555,583,0.9519725557461407,1177,1250,0.9416,24730,26444,0.9351837846014218
139,2988.3497695242418,37.72649306753493,0.6903870162297129,0.30649188514357056,0.0006242197253433209,0,5.825088989794302,0.8549707531549549,0.8007529708175606,3204,16,20.751962418917106,3.415296793459949,2.3178119349005426,7.0,8.816,0.0,0.19938445414947797,0.9764525442078672,1.0236373497243063,0.023608174770965468,34.89469,1202,1273,0.9442262372348782,3121,3188,0.9789836888331243,4873,4957,0.9830542666935647,12450,12750,0.9764705882352941
140,2169.194969016709,90.34940706063206,0.5153417015341701,0.4800757122932855,9.962143853357243e-05,0,12.495009147051686,0.8545301609314992,0.6821597658582781,10038,27,22.75803562843953,3.914709256175218,2.7369031509762225,8.0,38.253,0.002385211687537269,0.36942662642278057,0.937695353198583,1.0583053691275168,0.05506694670517196,81.32461,179,191,0.93717277486911,446,476,0.9369747899159664,885,944,0.9375,25490,27183,0.9377184269580252
141,4488.096757225075,64.06181420970815,0.6534980856247825,0.34371736860424645,0.0001740341106856944,0,8.582284281209429,0.8428395136509022,0.7679337875656059,5746,23,25.244764873777335,3.808848315098465,2.5544607190412782,7.0,17.801,0.0005218298834579927,0.25196671819225164,0.936023949440071,1.0637318585056235,0.06029243218837912,59.856074,340,374,0.9090909090909091,970,1022,0.949119373776908,2102,2207,0.9524241051200725,21914,23454,0.9343395582843012
142,5292.613844309514,55.590635648369265,0.7617728531855956,0.23568790397045244,0.0,0,7.034283723951739,0.8570711258762536,0.8468822334585786,4332,27,20.953436845088532,3.714892819524346,2.247878787878788,6.0,10.177,0.0,0.1599632983361616,0.9634356674715419,1.0359049191659306,0.03498908902614935,52.405872,588,614,0.9576547231270358,1651,1697,0.9728933411903359,3207,3301,0.9715237806725234,19691,20479,0.9615215586698569
143,4947.995092849844,55.64588594116635,0.7311518903382711,0.2653106345346009,0.0,0,10.209837826910448,0.8560985601326363,0.8287289789331145,4523,27,18.976816969345194,3.7692347230847694,2.254611430299365,6.0,11.446,0.0,0.16531289189158907,0.9665668109027701,1.0330284740993076,0.03193584189610111,52.20606,480,502,0.9561752988047809,1382,1413,0.9780608634111819,2627,2715,0.9675874769797421,21646,22409,0.9659511803293319
144,4829.950409934447,61.0721320008211,0.6883141762452107,0.3090038314176245,0.0,0,10.243371081130114,0.8523988101596609,0.813177265384801,5220,25,23.702261736855473,3.836881579693113,2.457556359588088,7.0,14.84,0.0,0.21004869851293526,0.9500234716354313,1.0488114219452094,0.046942217021715936,56.460694,289,306,0.9444444444444444,1046,1097,0.9535095715587967,2082,2172,0.9585635359116023,22892,24118,0.9491665975619868
145,3376.341185027384,34.35519953711467,0.7803756228440015,0.2161747796090456,0.0015331544653123803,0,8.715643791217115,0.8682230192968153,0.8736784111733347,2609,16,21.22607654564451,3.1697868872162682,1.9607072691552063,6.0,5.383,0.0,0.1645581114091434,0.9646136618141098,1.0349862413657551,0.03610556425063414,32.33799,1873,1987,0.9426270759939608,3889,4012,0.9693419740777667,4588,4735,0.9689545934530095,6878,7126,0.9651978669660398
146,2941.5366990364355,101.66204044735902,0.5298308103294747,0.46669634906500446,0.0,0,10.8747335023328,0.8426220169434767,0.6653648444090352,11230,29,23.363495200685485,3.9368268575266767,2.7675630252100842,8.0,42.705,0.0023985075952740516,0.3863948501210309,0.9297712034284924,1.067336089781453,0.0631394897034063,92.603908,110,121,0.9090909090909091,353,367,0.9618528610354223,697,734,0.9495912806539509,25742,27712,0.928911662817552
147,3848.0795887821105,95.54617122081544,0.5615300978550953,0.4344173173865771,0.00019768706138183255,0,9.562468598602914,0.8607595357513192,0.6714287699784269,10117,26,22.081227699393914,3.903523057067772,2.556240098574195,7.0,35.69,0.0024649970420035495,0.3911849547218904,0.9527773000859845,1.0437774473529513,0.0425461850034577,89.370974,183,200,0.915,502,523,0.9598470363288719,1120,1167,0.9597257926306769,25897,27185,0.9526209306602906
148,-1849.2041626232558,107.10360138936605,0.43873962582641723,0.5561260374173583,0.0,0,8.694378528409574,0.8458164823456358,0.5857785306007893,14218,29,23.12492282956017,3.9478224112404585,3.3642193010580312,9.0,62.379,0.01057759220598469,0.4933722944591874,0.9063483185345732,1.0875070541760723,0.08060680079706885,97.33843,82,86,0.9534883720930233,275,298,0.9228187919463087,517,563,0.9182948490230906,25053,27659,0.9057811200694168
149,2063.3554923755,78.61300575743128,0.5257850103140042,0.4706623882649553,0.00034380013752005503,0,13.575800665578704,0.8583132910774903,0.6138346440595651,8726,21,21.39227589899327,3.7996211441165593,2.187227550130776,6.0,31.388,0.002742857142857143,0.41799569938692527,0.9581892944216004,1.0399226362077145,0.039092275953704674,73.035682,399,416,0.9591346153846154,1185,1219,0.9721082854799016,2246,2316,0.9697754749568221,22502,23530,0.9563110922226944
150,5123.819343720416,97.21315672534202,0.5989359525271127,0.39625537139349293,0.0,0,9.96633355505172,0.8473406563599167,0.6725988203775333,9774,24,24.336526559100935,3.847701404457931,2.3430133242227535,6.0,31.874,0.004278728606356968,0.41244946901731006,0.9458570253549333,1.0539832849097888,0.051265522155119765,93.015388,299,311,0.9614147909967846,786,808,0.9727722772277227,1682,1754,0.9589509692132269,23682,25090,0.9438820247110402
151,4822.583225053116,66.16807316906038,0.6647329807200136,0.33202525166353863,0.0003412386964681795,0,6.9894154302703315,0.8591926661758326,0.7897896254340617,5861,28,22.119471435157863,3.847275844179695,2.455852156057495,7.0,17.311,0.0,0.20647038644275603,0.959957552175451,1.0389960294951788,0.03801000442372478,61.362268,288,318,0.9056603773584906,822,845,0.9727810650887574,1893,1944,0.9737654320987654,24135,25163,0.9591463656956642
152,5761.601185501301,94.20874058029456,0.6227180527383367,0.3740139734054541,0.000225377507324769,0,14.365493879284994,0.8540234766107196,0.7422512126232573,8874,29,22.492375771531847,3.9187288193078493,2.4406442272891784,7.0,28.369,0.0007881995270802838,0.3051122553939679,0.9462217793202983,1.0514492753623188,0.04932867269935644,87.413564,145,149,0.9731543624161074,453,464,0.9762931034482759,993,1036,0.9584942084942085,25945,27452,0.9451041818446744
153,3438.2657483459493,69.59072522517938,0.5849757212225078,0.40902599257355043,0.0004284490145672665,0,10.488030645791813,0.8499669829345664,0.6895691801395128,7002,21,21.60612499623261,3.8167774998717,2.32470703125,7.0,23.254,0.0008561643835616438,0.32895811914416884,0.9429273120486785,1.055009389152767,0.052973235671885305,64.676134,346,372,0.9301075268817204,1016,1066,0.9530956848030019,2321,2423,0.9579034255055716,22041,23420,0.9411187019641332
154,1533.9489655157906,65.89109076250298,0.5222972078867275,0.47426227338891097,0.00026465528648934763,0,5.438785741233563,0.853100684614567,0.5969514325173921,7557,17,22.862696813897223,3.7031001609623146,2.6148973904231063,6.0,28.75,0.005396156883390366,0.44080288070131624,0.9444594230250741,1.052582704585026,0.05071297989031079,62.948598,508,538,0.9442379182156134,1551,1605,0.9663551401869159,3146,3242,0.9703886489821099,19316,20578,0.9386723685489358
155,3616.8620350933675,34.34994705196603,0.8118137069291935,0.18553578190079514,0.0003786444528587656,0,10.019570126052832,0.8416030705723924,0.8206115862268846,2641,17,25.346115186221525,2.518849753158674,1.5037313432835822,3.0,4.251,0.0,0.15752287106020718,0.9230493915533285,1.079082546888066,0.07463016118348421,34.186214,1810,1936,0.9349173553719008,2393,2542,0.9413847364280095,1885,2058,0.9159378036929058,1649,1846,0.8932827735644637
156,3858.6384991231535,57.575934111190115,0.6428436018957346,0.35355450236966823,0.0005687203791469195,0,7.997552530356105,0.8514914947255412,0.7591104670572606,5275,21,24.26861818356432,3.796083999588066,2.418755529342377,7.0,16.128,0.00018953752843062926,0.25607121580430514,0.9408493805045529,1.0595751058488516,0.05734187011890523,53.19117,407,434,0.9377880184331797,1120,1181,0.9483488569009314,2347,2464,0.9525162337662337,21337,22717,0.9392525421490514
157,1741.7113337901922,84.29438530708703,0.514064914992272,0.48212261720762495,0.0,0,8.910629749266922,0.8512670046420149,0.6072499831949509,9705,21,20.75568107615791,3.8407615446504235,2.755662457406294,7.0,38.039,0.008074407195421096,0.46424048883033076,0.9038497303328994,1.0955127724923215,0.08740665308893415,78.940472,261,272,0.9595588235294118,822,851,0.9659224441833137,1747,1837,0.9510070767555797,21470,23925,0.8973876698014629
158,6144.43084958678,66.98539667562468,0.7416464439051708,0.255180138137017,0.0,0,9.109546427070299,0.854465037308242,0.8651489270763623,5357,16,23.14511454751864,3.720160712350757,2.6234583438207904,7.0,14.29,0.0003732039559619332,0.3361808689464642,0.929751903127835,1.07210205213533,0.06776731872334167,62.719798,531,558,0.9516129032258065,1603,1675,0.9570149253731344,3223,3352,0.9615155131264916,18215,19768,0.9214386887899636
159,2627.564652224526,59.932511699262776,0.570218312153796,0.42554578038449004,0.0006516780710329097,0,13.67886166192372,0.8492434945880176,0.6852506987782241,6138,17,21.457139777333243,3.673843957991775,2.1591428571428573,7.0,20.087,0.0017889087656529517,0.3552776031139698,0.9617619346733668,1.0367334069052498,0.0366840632327358,55.372302,623,673,0.9257057949479941,1977,2030,0.9738916256157636,3592,3692,0.9729144095341279,18306,19077,0.9595848403837082
160,3293.738386575492,83.91462150927445,0.5590758320942468,0.43772160585611347,0.0004575088642342445,0,11.904387394207046,0.865898606961184,0.7008064678838594,8743,20,24.90637731094089,3.8744040255630687,2.5421440261865795,8.0,30.963,0.005686341407938132,0.44967489076708933,0.9613751826849467,1.0359765051395007,0.03560522165173328,76.693176,244,256,0.953125,754,781,0.9654289372599232,1484,1542,0.9623865110246433,25146,26159,0.9612752781069612
161,2528.4363514421457,50.48849942730619,0.5915992900808519,0.4022875172549793,0.0035495957404851116,0,3.852501770634731,0.8583489161056038,0.662338230292312,5071,32,23.710318486136465,3.7762232331073613,1.919,5.0,15.767,0.0,0.16157201425045495,0.9627720293110432,1.0357433281584978,0.038860378694036454,47.60672,414,439,0.9430523917995444,1327,1368,0.9700292397660819,2491,2559,0.9734271199687378,21914,22791,0.9615198982054319
162,584.908486276119,113.76209915175606,0.47902551535245785,0.5176589303733602,7.207726683004181e-05,0,13.043467861030733,0.8554043189108317,0.6123334776867934,13874,30,20.313009426141722,3.9469337848949437,3.040475473969305,8.0,57.896,0.0058756090570364,0.46642342111066293,0.920677146311971,1.074288302728318,0.06941229423868313,104.074452,94,101,0.9306930693069307,269,285,0.9438596491228071,546,573,0.9528795811518325,25740,27986,0.9197455870792539
163,2857.665620308838,54.23872953686313,0.5971025123785072,0.3992297817715019,0.0005501558774986246,0,7.201957930593329,0.8605451090144114,0.6863573947865039,5453,18,25.405961480241263,3.6818927696448096,2.481572481572482,7.0,18.108,0.0009160864785635764,0.3012843516342715,0.9713897486223296,1.0271282633371168,0.027493301031457622,50.673592,536,574,0.9337979094076655,1630,1680,0.9702380952380952,3249,3337,0.9736290080910998,20321,20903,0.9721571066354112
164,317.77635272055124,32.72912735618452,0.4876224858174317,0.5079938112429088,0.0007735946364105209,0,2.440350165827237,0.8654432324805819,0.5981924271190976,3878,16,20.875341500137562,3.231339722934109,2.0936012691697514,7.0,14.612,0.0,0.24003782486199793,0.9802336858633908,1.0182751920051818,0.019161079905780032,29.733902,1326,1383,0.9587852494577006,3552,3590,0.9894150417827298,5531,5629,0.9825901581097886,10816,11051,0.978734956112569
165,-299.2486631186699,52.899478340060426,0.4594155844155844,0.535271546635183,0.0013282172373081465,0,3.672655213990987,0.859614239568414,0.5374183303216108,6776,19,25.587242096954853,3.766251198013737,2.55187921619017,6.0,28.055,0.0017678255745433118,0.35423695118154586,0.9707185933299426,1.0278182347800757,0.028756924596873786,49.086248,422,448,0.9419642857142857,1205,1234,0.9764991896272285,2646,2700,0.98,22447,23144,0.9698842032492223
166,2287.0935964191326,36.11184884938973,0.6313771748746683,0.3615452668829254,0.0020642878207018578,0,9.384096475596005,0.8766178881936897,0.720445695603208,3391,18,22.851326844496647,3.395795402270579,1.9248014946286782,5.0,9.549,0.0,0.19113831583747087,0.9783297140788998,1.020356349458222,0.022379478107032287,33.65623,1215,1274,0.9536891679748822,3343,3402,0.9826572604350382,5403,5492,0.9837946103423161,11664,11936,0.9772117962466488
167,7115.980063779331,95.3610697708183,0.6695035460992907,0.3280141843971631,0.0,0,9.833976532750752,0.8761173479064972,0.8024094043935,8460,20,24.142272073662145,3.880044117171663,2.930261299435028,8.0,26.446,0.0022408302865904,0.4213741371875205,0.9396661479700099,1.0587858970713677,0.05564090575111883,89.649776,221,239,0.9246861924686193,663,692,0.958092485549133,1299,1363,0.9530447542186353,24387,25982,0.9386113463166808
168,5511.850145065057,51.670922440761956,0.82041242495432,0.17619420516836334,0.0018271991647089533,0,9.817747881363317,0.8798826359714074,0.8680122860623491,3831,16,22.343357156984958,3.3190028235419993,1.977728285077951,5.0,7.184,0.0,0.23601330358672273,0.9480546903869503,1.0517369201440372,0.050904353925547374,50.28785,1621,1735,0.9342939481268011,3102,3214,0.9651524579962664,3975,4142,0.959681313375181,9261,9852,0.9400121802679658
169,2810.7604748019326,85.38460747684303,0.5444242489040949,0.4520474713995509,0.00010691756655618518,0,8.97482544013111,0.8798071901681542,0.6133477320844566,9353,28,24.578402503578978,3.8606489226792813,2.0347604084838964,5.0,32.123,0.0010680337498664959,0.3335183546592261,0.9616279069767442,1.0380975919779676,0.03685603746691102,80.628204,291,309,0.941747572815534,888,911,0.9747530186608123,1638,1685,0.972106824925816,24474,25475,0.9607065750736016
170,5111.56479077098,57.617986577298744,0.7318658280922432,0.26645702306079666,0.00020964360587002095,0,12.27826992861666,0.8868889629003482,0.7949402118243789,4770,18,22.95777101714423,3.6012434715214696,1.9610426811801775,6.0,11.164,0.0,0.263929114591263,0.9711618603100517,1.0276176151082144,0.027557140541416763,55.337006,910,963,0.944963655244029,2589,2633,0.9832890239270794,4281,4375,0.9785142857142857,15524,16025,0.9687363494539781
171,2572.95887746021,42.35121161603195,0.6263380632312671,0.3674383868558626,0.003983071944236993,0,7.236467952047102,0.8733421016677807,0.6795256964592978,4017,23,21.542346203170382,3.3907800974732893,1.555643879173291,3.0,10.825,0.0,0.1766563974515932,0.9804221758292739,1.0173569101907864,0.022714907508161044,40.219092,1398,1453,0.9621472814865795,3254,3302,0.9854633555420957,4775,4842,0.9861627426683188,11706,11958,0.9789262418464626
172,1870.0257276430375,73.24930117441949,0.5244763760350706,0.47126156843643446,0.0003653190452995616,0,12.33080448038535,0.867829826028885,0.6045922923459534,8212,20,24.968854435732034,3.833389010135677,2.1488274901323425,6.0,29.542,0.0029140359397765905,0.42164254316638283,0.9754779863181898,1.0229727352682498,0.02316575854151674,68.816144,320,336,0.9523809523809523,994,1021,0.9735553379040157,1994,2034,0.9803343166175025,24498,25114,0.9754718483714263
173,-240.82980072117962,106.25431226980142,0.4695466901770627,0.5270002204099625,0.0,0,8.830377637241675,0.8582355388721322,0.5509271078942439,13611,31,18.730581174550814,3.9304685096879144,2.828978250664998,7.0,56.091,0.004316020482809071,0.44257835752462427,0.9455121652013903,1.0521762915854618,0.04952226720647773,101.195004,116,122,0.9508196721311475,368,382,0.9633507853403142,799,831,0.9614921780986763,26464,28011,0.9447716968333869
174,3644.8256315307062,49.87836941293662,0.6640109264739358,0.33371272478943775,0.0,0,8.687308142693084,0.8590669315809637,0.8306143314375054,4393,16,24.235123714934815,3.736193984552921,2.663695577648269,7.0,13.445,0.0006824385805277526,0.2781965383071072,0.9689292005547019,1.0311643449855443,0.030381218882872405,45.337348,539,577,0.9341421143847487,1478,1511,0.9781601588352085,3097,3168,0.9775883838383839,20738,21425,0.9679346557759627
175,4076.415708474455,60.367555120806614,0.6469530828689556,0.3492719755527593,0.0010785547366528852,0,10.305492649679913,0.8669555664835061,0.7281715508318484,5563,17,22.13281988807586,3.656314548902491,1.9538760766879688,6.0,15.49,0.0007185198491108317,0.330517972113184,0.9728209565764632,1.0242129794209425,0.02575107296137339,57.013786,692,739,0.9364005412719891,2127,2186,0.9730100640439159,3656,3739,0.9778015512169029,18258,18760,0.9732409381663113
176,6976.460797713753,80.40787842837814,0.7201360141927853,0.27690715552927264,0.0,0,9.466564647323114,0.8432532317686751,0.8213682846592256,6764,26,22.63080246467522,3.8598320391874332,2.432970642578526,6.0,17.975,0.0002955956251847473,0.26096506290814375,0.9423582358235824,1.0579914113528923,0.05478985877148205,76.715084,289,306,0.9444444444444444,863,901,0.9578246392896781,1724,1807,0.9540675152185943,23298,24761,0.9409151488227454
177,2409.4807166540927,54.30104641066657,0.5740674318507891,0.42073170731707316,0.002152080344332855,0,9.303952757494278,0.8746846111337426,0.6582848814908953,5576,26,23.204973732940484,3.736960612213238,1.8809746954076851,5.0,17.956,0.00017930787161556393,0.21325963932269426,0.9655719738483051,1.0333801160717673,0.03574812331462721,50.635142,490,528,0.928030303030303,1657,1708,0.9701405152224825,3050,3119,0.9778775248477076,20353,21106,0.9643229413436938
178,2876.1371836357885,80.89974949147908,0.547132802584516,0.44963655244029077,0.00011538017768547363,0,8.904192883604034,0.8758523363228512,0.6588475826428742,8667,25,22.4348384940892,3.918546684744586,2.655630535638971,8.0,31.766,0.0005765682656826568,0.34486537376014736,0.967199865297188,1.030188296541699,0.029606875592300904,74.585028,169,176,0.9602272727272727,448,462,0.9696969696969697,921,954,0.9654088050314465,27183,28103,0.9672632815001957
179,4416.204401049343,119.06429634137207,0.5541912632821724,0.4427390791027155,0.0,0,13.611288754300633,0.859233153644337,0.6669309163527831,12705,28,25.610215600428422,3.941420372197897,2.4756426643942624,7.0,45.074,0.005635125616341864,0.4560608542079362,0.9307335509362652,1.0648676699532953,0.06121988194690836,110.715898,102,109,0.9357798165137615,314,340,0.9235294117647059,629,660,0.953030303030303,26044,27996,0.930275753679097
180,5910.405994521599,67.42965096688538,0.722908830377933,0.27279240551674727,0.0007164606842199534,0,6.444921115554002,0.8465517158780861,0.8295330141779776,5583,18,23.597978628572,3.769432506239806,2.5909316154608524,6.0,15.368,0.0005370569280343716,0.31087284636924584,0.9295941353900194,1.0708344513013148,0.06733850865322982,63.784888,432,460,0.9391304347826087,1249,1292,0.9667182662538699,2768,2869,0.9647960962007668,19898,21570,0.922484932777005
181,1061.2106092542344,109.82501193107103,0.486832031848109,0.5076557954371459,7.65579543714592e-05,0,9.808552957637506,0.8606075769254382,0.6242818764243071,13062,27,24.44205716281776,3.959496236844732,3.0649473187608116,8.0,53.651,0.007974481658692184,0.48823478633951933,0.9268792244145558,1.068652404209947,0.06453776145617117,100.557688,71,73,0.9726027397260274,235,253,0.9288537549407114,385,418,0.9210526315789473,26461,28550,0.926830122591944
182,2604.034658990302,104.59231372347105,0.5218166383701188,0.4738539898132428,0.00025466893039049235,0,10.094686919839468,0.8494810785335191,0.6191959080720713,11780,32,19.136526968739396,3.943004532975785,2.551325850008134,6.0,44.268,0.0023712737127371273,0.36835662805672925,0.9322243607368711,1.0649615132373753,0.06147990452228889,97.050388,105,113,0.9292035398230089,293,308,0.9512987012987013,693,718,0.9651810584958217,26033,27957,0.9311800264692206
183,4007.6015666320973,78.6394844679567,0.5928121059268601,0.4037831021437579,0.0,0,9.819073942003625,0.8471377408132902,0.6884766986466704,7930,24,22.286488695972253,3.849799492259835,2.3286534779834076,6.0,26.21,0.0016366612111292963,0.3306587673535549,0.9399870939987094,1.0589590382261895,0.05581694479233659,74.391934,251,269,0.9330855018587361,767,820,0.9353658536585366,1743,1837,0.9488296135002722,23459,24968,0.9395626401794297
184,-489.4231403426406,107.77898856979964,0.46484601975595585,0.5312318419523533,7.26321905868681e-05,0,11.813969100239266,0.8731891754565759,0.5441434151446743,13768,30,22.02370340481267,3.906399694911936,2.483125,6.0,55.23,0.007139251460301435,0.46391194102284117,0.9427484874675885,1.0555131231773365,0.05263330276431285,101.337664,173,179,0.9664804469273743,450,467,0.9635974304068522,898,927,0.9687162891046386,25748,27352,0.9413571219654869
185,623.6358964084304,116.68836366979738,0.48239977650509847,0.5135493784048052,0.0001396843134515994,0,11.716045074298165,0.8517603973797628,0.5765678427437434,14318,32,21.832960763077345,3.934021525059179,2.593021572317938,7.0,57.022,0.006384455239417071,0.4506555044805801,0.9297519235413864,1.0675985016648168,0.06337254395036195,109.491274,105,110,0.9545454545454546,360,380,0.9473684210526315,645,687,0.9388646288209607,25837,27806,0.9291879450478314
186,2863.8338868637657,111.80326263441519,0.5237943149153625,0.4726924305333759,0.0,0,14.081112031482142,0.8572380211479877,0.662921993444804,12524,32,21.651382125245856,3.937778591091499,2.823780487804878,8.0,48.411,0.004134860050890585,0.3960310688075137,0.9410458721863579,1.0559596514101421,0.052892080745341616,102.39928,130,135,0.9629629629629629,330,345,0.9565217391304348,642,677,0.948301329394387,26449,28120,0.9405761024182077
187,3600.10638558537,39.70342830169022,0.7416666666666667,0.25416666666666665,0.0019230769230769232,0,9.710662026107888,0.8496671035679183,0.8649130081892402,3120,19,20.95827828937947,3.3728193080758757,2.299913569576491,7.0,7.599,0.0,0.1610324830832603,0.9631193171274819,1.0371473792011916,0.03879425666636939,36.709744,1256,1333,0.9422355588897224,3157,3280,0.9625,4732,4863,0.9730618959490027,11616,12080,0.9615894039735099
188,1664.2674624281408,119.95391807498979,0.4943684060450528,0.501996007984032,0.0,0,12.057321756773074,0.848097526646723,0.6641540869254312,14028,30,22.347521200465472,3.951962902526009,3.2403749098774335,8.0,57.514,0.006867256637168142,0.46323891504190917,0.917882580734389,1.0776523072633486,0.0717930613947816,107.736626,92,97,0.9484536082474226,258,270,0.9555555555555556,480,514,0.933852140077821,25717,28041,0.9171213580114832
189,7499.970151738082,90.13937198397576,0.7045129405644427,0.29145532579008976,0.00013005592404734037,0,12.34584049274133,0.8463400759101795,0.8240656378802644,7689,16,22.381869910963886,3.7562344650099075,2.6411297766291306,7.0,21.831,0.0045313309166235115,0.4825160278069941,0.9490145834118401,1.0489280447687828,0.04697432214042018,85.650176,478,507,0.9428007889546351,1361,1410,0.9652482269503546,2802,2918,0.9602467443454421,20543,21702,0.9465947838908856
190,5038.887874279393,67.29314254662933,0.6729623957801599,0.3232941977199251,0.0005104645227156713,0,10.727106484020577,0.8660251282528527,0.7938756382602495,5877,29,22.366246360361387,3.84277764741636,2.1855878634639696,7.0,16.146,0.0,0.20479879018710245,0.9684409022984416,1.0313792611610326,0.03119506394126366,61.83132,366,396,0.9242424242424242,987,1011,0.9762611275964391,1910,1957,0.9759836484414921,23956,24742,0.968232155848355
191,3617.690998950147,106.74617658202409,0.5438809070451791,0.4515319369915181,0.0,0,14.458166704670584,0.8672086545923176,0.6638319472606714,11554,27,24.880365847484605,3.931149774511038,2.58115849777212,7.0,41.662,0.0035360068995256575,0.42596636756141404,0.957384251436296,1.0398872971688506,0.03875515706721242,99.162538,128,133,0.9624060150375939,426,439,0.9703872437357631,737,773,0.9534282018111255,27038,28245,0.9572667728801558
192,6481.744435056205,65.6098108310747,0.7767702103029134,0.21975689754968164,0.0007717538105344395,0,10.893716491576974,0.8507413172487821,0.8185340732538806,5183,17,23.663611706570627,3.369092815291279,1.9155489319423746,5.0,10.717,0.0,0.3070385361929999,0.9461582779028963,1.0538283793719148,0.05330226100753669,64.455108,1485,1615,0.9195046439628483,2680,2800,0.9571428571428572,3747,3904,0.9597848360655737,10153,10774,0.9423612400222758
193,4404.217273927932,98.06216743545167,0.5748039313014991,0.4225156358582349,0.0,0,13.838194277906466,0.8568506811230985,0.6783881392776089,10073,31,22.637290760017933,3.9323700077109423,2.3229706390328153,7.0,34.145,0.0013879250520471894,0.32342914912207005,0.9446553788267488,1.0534390444810544,0.05087331991429128,92.021652,136,142,0.9577464788732394,368,382,0.9633507853403142,759,811,0.935881627620222,26354,27900,0.9445878136200717
194,4183.300797947706,60.08097089768687,0.6524289642529789,0.34280476626947753,0.00018331805682859762,0,9.28205734460076,0.8476669512128121,0.7768799354422362,5455,21,23.996663643510594,3.809545477958431,2.5091317785894915,7.0,16.687,0.0007327349331379373,0.25683856464725074,0.9649992812994107,1.0336949079246098,0.03344795248515161,56.011016,331,360,0.9194444444444444,1076,1113,0.9667565139263252,2343,2413,0.9709904682967261,23104,23942,0.9649987469718486
195,7191.434329782533,74.24186768262264,0.767919276270007,0.22929714683368127,0.0,0,8.235298413846415,0.8637564665628146,0.8873320909955505,5748,16,21.297555608488814,3.7879921089631043,2.5360217489805166,7.0,14.279,0.0006954102920723226,0.36356204401556524,0.958336395032699,1.0408381204890265,0.039455110107284024,69.844012,360,386,0.9326424870466321,1298,1344,0.9657738095238095,2823,2905,0.9717728055077453,21603,22583,0.9566045255280521
196,2714.134982031385,77.12621544485279,0.5500713606089439,0.4456470028544244,0.00035680304471931494,0,9.177331270914634,0.8516836504628098,0.6171026621948436,8408,28,20.20584381609826,3.8755786795059692,2.0754594594594593,5.0,28.93,0.0005943183168905266,0.30160010545654314,0.9545518256359942,1.0447839831401475,0.04382496816993902,73.369216,255,265,0.9622641509433962,661,686,0.9635568513119533,1502,1545,0.972168284789644,24823,26042,0.9531909991552108
197,5105.0471098615335,48.173150466988,0.8159887798036466,0.1817671809256662,0.0,0,9.569542471483405,0.8443929134062117,0.8921541928752913,3565,22,21.57626627866057,3.57562105216719,2.2811962873839806,7.0,7.4,0.0,0.16182021077964356,0.9589651332133985,1.0412658880109928,0.03965446318387495,45.507792,942,1014,0.9289940828402367,2535,2602,0.9742505764796311,3922,4030,0.9732009925558313,14989,15700,0.9547133757961783
198,4924.638353475649,61.165167898471964,0.695995379283789,0.30111667308432805,0.0005775895263765884,0,8.966160360587782,0.8397279025858473,0.7978216594409929,5194,31,24.505587015059255,3.840565438237349,2.2533886583679115,6.0,14.19,0.0,0.1667996644628527,0.9387822031119046,1.0615429594708183,0.05865605598051658,57.131158,307,326,0.941717791411043,902,944,0.9555084745762712,1875,1961,0.9561448240693524,22679,24212,0.9366842887824219
199,1812.2969218874994,102.18564818459201,0.5044900033886818,0.490765842087428,0.0,0,8.488544627412647,0.8306332394257527,0.6449453497313978,11804,25,18.918062504469603,3.9364103518105145,3.1476070528967255,8.0,48.009,0.007149465892842123,0.47469129850775804,0.9243380008318314,1.070543906778774,0.0657038308344937,93.879438,117,119,0.9831932773109243,379,398,0.9522613065326633,662,703,0.9416785206258891,25511,27632,0.9232411696583671
200,5334.272334026183,57.43895733151944,0.7484756097560976,0.24673344947735193,0.0006533101045296168,0,12.890867068566557,0.838420805995379,0.8411271986836591,4592,17,24.20233702517223,3.47267560121628,2.138783823101542,5.0,10.805,0.00043535045711797995,0.2662905843034376,0.9265105886924422,1.0730578029047666,0.06904815735925843,54.604766,1363,1434,0.9504881450488145,3192,3302,0.966686856450636,4530,4710,0.9617834394904459,9990,11142,0.8966074313408724
201,5379.956456870315,50.605465198529245,0.8190192359794094,0.17800054185857492,0.0,0,8.71037609022453,0.8518572663224319,0.9228459501060624,3691,18,21.08751650824925,3.637438822937543,2.3953026794574925,6.0,7.962,0.0,0.20430193362225804,0.9596535955647283,1.039918946301925,0.03848249027237354,48.073728,757,799,0.9474342928660826,2075,2129,0.9746359793330202,4123,4232,0.9742438563327032,16759,17551,0.9548743661329838
202,5625.453167591564,70.97463254554157,0.6885326353672501,0.30623261900867005,0.000490757402257484,0,8.19057344782532,0.845844102262719,0.7809673820255894,6113,28,24.229665358530983,3.865439684778166,2.3570919458303634,6.0,17.111,0.00016355904481517829,0.21643661498021255,0.9427463260150162,1.0563048597730678,0.053994008146228165,67.071582,236,251,0.9402390438247012,766,800,0.9575,1564,1629,0.960098219766728,23928,25423,0.9411949809227864
203,2343.186709479467,102.1246219516056,0.517620957419575,0.4782831299598942,0.0003413260517108968,0,11.554810668244341,0.8390101737688566,0.62280254472236,11719,32,23.26502667921546,3.927473601054084,2.8282228816353445,7.0,45.523,0.0018737756579507707,0.36598769087693805,0.9021982314712881,1.0948090948090947,0.08713975427107984,95.524268,118,125,0.944,320,342,0.935672514619883,715,768,0.9309895833333334,24252,26924,0.9007576883078294
204,-262.9846781034117,106.45784025505316,0.4649476831091181,0.5319133034379672,0.0,0,12.21703497756976,0.8405659700736055,0.6081500482589355,13380,29,24.251276029648807,3.9314159571422826,3.1798746182285806,8.0,57.119,0.007050092764378479,0.4693959046461893,0.911997189531003,1.0831237825394016,0.0766510964058648,96.965698,129,136,0.9485294117647058,308,323,0.9535603715170279,667,715,0.9328671328671329,24856,27291,0.9107764464475469
205,896.1956890811232,70.45985063015601,0.4932448733413752,0.5021712907117009,0.00024125452352231604,0,7.328106129223323,0.8509617339597578,0.6175651720691311,8290,23,22.056242220425332,3.840346588549656,2.808999755441428,7.0,33.159,0.003246362871227606,0.35964102965413314,0.9392803057618807,1.05883418469007,0.05615300843996733,64.350422,285,301,0.946843853820598,814,861,0.9454123112659698,1643,1727,0.9513607411696584,23308,24845,0.9381364459649829
206,1580.4733875683642,82.91457591412514,0.5066287878787878,0.4893728956228956,0.00021043771043771043,0,10.8982881168526,0.8416972288166197,0.615002628396518,9504,27,20.85924035257255,3.8439749060127464,2.491796469366563,7.0,35.983,0.0014708972473208657,0.3491504405436208,0.9277152197602615,1.0688571324147509,0.06513175767454496,76.106122,265,285,0.9298245614035088,777,818,0.9498777506112469,1739,1826,0.952354874041621,22759,24601,0.9251249949189058
207,5613.629922745437,72.796874378689,0.6800315706393054,0.3169692186266772,0.00015785319652722967,0,9.721808439176982,0.8517119232622703,0.7986930417614735,6335,22,20.362402196717916,3.732598629894475,2.435933147632312,7.0,18.336,0.0,0.29176084217167153,0.9360741259830258,1.064093055935048,0.060394337344990306,68.217072,545,570,0.956140350877193,1617,1655,0.9770392749244713,2957,3054,0.9682383759004585,18925,20407,0.9273778605380507
208,3480.4118855772117,53.059297412227764,0.6383641270500311,0.359144695868798,0.0,0,8.708693164108329,0.8553269350396133,0.7855708018472266,4817,27,24.07512445272516,3.7094596121502246,2.4559349593495936,7.0,14.926,0.0,0.17922088646330017,0.9475563836807578,1.054063521718823,0.0512650535852392,48.03215,567,606,0.9356435643564357,1604,1665,0.9633633633633634,2965,3083,0.9617255919558871,19274,20407,0.944479835350615
209,4321.269399393604,37.09419434048384,0.8835915772745332,0.11442193087008343,0.0011918951132300357,0,11.484485899054551,0.8541324891867594,0.9573304286809755,2517,16,25.4344878185553,3.012795597709312,2.1614208633093526,6.0,4.077,0.0,0.15607975046397612,0.9567893710385178,1.043475606032851,0.04337686567164179,35.751024,2320,2469,0.9396516808424463,3572,3690,0.9680216802168021,3949,4101,0.9629358693001707,5858,6148,0.9528301886792453
210,5361.66718455766,68.48213051148801,0.6859083191850595,0.3108658743633277,0.0,0,8.411127803276404,0.8648855678471804,0.7834156412860416,5890,30,21.11089418692545,3.7913864423367003,2.3200495049504952,7.0,16.546,0.0,0.19763091871490068,0.9574086937447447,1.0420469958576195,0.04064955106621773,64.143058,381,415,0.9180722891566265,1125,1160,0.9698275862068966,2559,2655,0.9638418079096045,22123,23123,0.9567530164771008
211,4822.998283012211,89.36735057078113,0.5973833902161547,0.39806598407281,0.00034129692832764505,0,9.362414905064758,0.8549369516648796,0.7606227508732248,8790,20,22.23914712217835,3.852622700090211,3.1481622548086077,8.0,31.512,0.004191684604055738,0.4440590977891503,0.9199286961583236,1.0774023308656453,0.07257329869428793,82.690494,223,241,0.9253112033195021,789,830,0.9506024096385542,1506,1619,0.9302038295243977,22769,24798,0.9181788853939834
212,3878.2487791788785,62.9405983244005,0.6251247920133112,0.37138103161397673,0.0,0,5.6712875836053644,0.8598957167572858,0.714836664883735,6010,28,20.430628736980232,3.777989729140977,2.4141602342294384,6.0,19.069,0.0,0.2156895273685696,0.9554640993606232,1.0443240853321543,0.04260334212840809,58.593138,395,422,0.9360189573459715,1156,1212,0.9537953795379538,2450,2557,0.9581540868204927,22001,23023,0.9556096077835208
213,3393.9845832414208,50.12657165973457,0.6436550491510277,0.3532171581769437,0.00022341376228775692,0,8.402645837869741,0.8447320345438302,0.8310330656134066,4476,21,21.28173170295221,3.7259286068886373,2.541825754946199,8.0,13.842,0.0,0.21423554856585303,0.9695226712482259,1.0294238760154233,0.02887196227783823,44.491068,482,525,0.9180952380952381,1530,1574,0.9720457433290979,3206,3275,0.9789312977099237,20740,21400,0.9691588785046729
214,3117.0840020055452,75.75787917025956,0.5647146587094368,0.4314310580629119,0.0,0,7.799665342441937,0.8492215467229564,0.6439833946958121,8043,19,20.32312834090767,3.759304477847455,2.593130779392338,7.0,28.751,0.003345724907063197,0.42309225517062055,0.9490415217230405,1.048358341999703,0.04627113260156002,71.666702,408,428,0.9532710280373832,1256,1292,0.9721362229102167,2455,2545,0.9646365422396856,21526,22757,0.9459067539658127
215,3697.8840692143804,47.83792378918901,0.6799209681402816,0.31785626080513707,0.0004939491232403062,0,6.367232223926234,0.8651810687703921,0.8637067850496476,4049,18,22.309549619740167,3.670375305726716,2.7944061024337086,8.0,12.123,0.0,0.22561673396635684,0.9599968899428527,1.0408171221394877,0.03986413347766041,43.381842,578,615,0.9398373983739837,1787,1867,0.9571505088377076,3431,3554,0.9653911086100169,18898,19687,0.9599227916899477
216,7067.155938464645,82.63153045466271,0.7145128649898814,0.28288522694420354,0.0004336513443191674,0,8.923666116174768,0.88203885793984,0.8235637857486935,6918,17,22.471525961010325,3.761058045700373,2.5282217276957315,7.0,18.751,0.0008665511265164644,0.4051743515559869,0.9540854293793719,1.0432800119599341,0.04287749287749288,78.316588,408,440,0.9272727272727272,1305,1362,0.9581497797356828,2842,2956,0.9614343707713126,21087,22118,0.9533863821322001
217,2220.0159537198087,97.0681996261974,0.5191011235955056,0.47631460674157305,0.00035955056179775283,0,11.162746379266075,0.8590793329916637,0.6060059417815628,11125,30,24.12644371391763,3.9122468922438816,2.4095238095238094,7.0,41.111,0.002242152466367713,0.3688306106755219,0.9558863698443049,1.0421492700980055,0.04134070897842951,91.370642,147,159,0.9245283018867925,513,531,0.9661016949152542,960,988,0.97165991902834,26376,27610,0.9553060485331402
218,5344.685849346576,94.50035507426377,0.6067803930036709,0.3891168214208594,0.00010796804145972792,0,7.493076993837637,0.8495745575161211,0.715315422367862,9262,25,21.564527761596793,3.8707881317968975,2.84644128113879,7.0,32.236,0.0021547080370609784,0.36258152287357437,0.9243428082923701,1.0733803674390288,0.06873217010548663,89.26861,189,206,0.9174757281553398,553,578,0.9567474048442907,1335,1400,0.9535714285714286,23873,25890,0.9220934723831595
219,3667.242321113585,90.88340953070833,0.5641874418123513,0.43198510396193235,0.0006206682528188683,0,12.007382843656218,0.8803469967205252,0.6293345425514633,9667,31,20.0061529167331,3.8420467515591876,1.9994499449944994,5.0,31.803,0.0004136076931030917,0.3158323437720267,0.9605561861520999,1.0379607229258574,0.03791420673651162,86.941184,283,300,0.9433333333333334,902,918,0.9825708061002179,2096,2162,0.969472710453284,23799,24812,0.9591729808157343
220,10895.00204815607,119.41301978928375,0.7415090502338825,0.25605043725849097,0.0,0,16.999364899971948,0.8648915041647393,0.8222814187800119,9834,20,22.75474455178944,3.7978318166909064,2.1684037301151946,6.0,23.366,0.003445480340494528,0.493475701621199,0.9469899169632265,1.0520476545048398,0.04980626981331455,114.981116,384,422,0.909952606635071,1197,1250,0.9576,2449,2588,0.94629057187017,21516,22716,0.9471737982039091
221,4001.7059766384273,73.13987943666275,0.6044828066267576,0.39203675344563554,0.0,0,14.607584054341036,0.8580030957183127,0.6809379935976904,7183,24,21.430129552105534,3.8125691049070483,1.9048825426070934,5.0,21.411,0.0005565604563795742,0.2979559283780751,0.9645364406166317,1.0360729434796796,0.03505831412808157,68.772248,363,392,0.9260204081632653,1192,1221,0.9762489762489762,2387,2422,0.9855491329479769,22712,23599,0.9624136615958303
222,2590.714270588482,81.38600643000947,0.5402298850574713,0.45552951679500053,0.00011159468809284678,0,9.231002174684667,0.8528071050901871,0.6256766678870734,8961,27,23.617442120510965,3.8745617168154993,2.287750464780004,6.0,31.948,0.0011147029316687102,0.3359445017325265,0.9391891891891891,1.0599992861476961,0.05678730755039748,77.028212,214,224,0.9553571428571429,694,725,0.9572413793103448,1596,1675,0.9528358208955224,23906,25496,0.9376372764355193
223,4237.153944461033,40.52492284438742,0.8126479540074399,0.18329387893134935,0.002029083530605343,0,13.781043923839366,0.8486041364318783,0.8843105523380949,2957,19,21.617311489210294,3.281519203278529,2.011652101539742,5.900000000000091,5.537,0.0,0.15427778232869221,0.9692307692307692,1.0291677271570374,0.029898532164318786,38.676436,1605,1696,0.9463443396226415,3321,3412,0.9733294255568582,4796,4911,0.9765831806149461,9367,9676,0.9680653162463828
224,266.130921085944,116.17414975455517,0.47119718309859154,0.5245774647887324,0.0,0,14.072839966897394,0.8596406947146448,0.6269051420910967,14200,31,23.08776048497682,3.9612168517643647,2.952324017336721,8.0,58.849,0.005880705684682162,0.45779457938219803,0.9315966443636857,1.0643371017471737,0.06082934609250399,104.469362,71,75,0.9466666666666667,184,193,0.9533678756476683,437,467,0.9357601713062098,26737,28708,0.9313431796015048
225,4383.142983173061,73.4512858523485,0.6205041064854149,0.37623902577173607,0.0001416029453412631,0,9.790485251520337,0.8565335619062933,0.7415811611521094,7062,18,24.942117928441554,3.7698101841690357,2.6125057051574623,7.0,23.148,0.004510854243022272,0.38618296779545547,0.9488102750658896,1.0500931792769288,0.048125507932581885,69.177022,371,401,0.9251870324189526,1244,1290,0.9643410852713178,2790,2886,0.9667359667359667,21155,22362,0.9460245058581522
226,-986.6474699516403,113.44783120405583,0.45179648930334615,0.5433351618211739,0.0,0,11.018613235254339,0.8383811398202984,0.5999555018280774,14584,32,25.251568811257656,3.9606569755882646,3.2444984064349676,8.0,63.398,0.007013004698032273,0.4678860596291524,0.9045895821009777,1.0913969066741487,0.08360702783712254,103.208526,60,63,0.9523809523809523,198,214,0.9252336448598131,417,456,0.9144736842105263,25322,28006,0.9041633935585232
227,2746.9494246113663,128.6741729752526,0.5163978858923973,0.48075620002710395,0.0,0,15.901523835649096,0.8656605496162161,0.6084445516463922,14758,32,18.64096568773149,3.9254186692457225,2.4545335257840177,7.0,55.405,0.004989212513484358,0.462994464640314,0.9400335237573975,1.0572234258399533,0.05416248746238716,120.233788,106,111,0.954954954954955,352,378,0.9312169312169312,801,834,0.960431654676259,26221,27910,0.9394840558939448
228,2503.8863853936423,55.51033939476048,0.5754023792862142,0.41864940517844645,0.0008747375787263821,0,8.124906574903182,0.8639625388942486,0.6663625966678601,5716,26,20.634738663881343,3.6977048244129405,1.896929157798723,5.0,18.169,0.0,0.2224791999662704,0.9680270540312044,1.0326095326095326,0.03249553837001785,51.766046,576,610,0.9442622950819672,1823,1881,0.9691653375863902,3432,3503,0.9797316585783614,19359,20028,0.9665967645296585
229,487.9805385702701,119.88121336565584,0.4795285782410246,0.5156345800122624,0.0,0,11.906076286296676,0.8655838839554928,0.6025816392528689,14679,30,22.04237326202653,3.948026652554134,3.0423355590282712,8.0,60.464,0.010582367214882718,0.49661431738461514,0.9490762512596573,1.0473890427616024,0.04555801352954378,111.229886,76,86,0.8837209302325582,262,270,0.9703703703703703,544,576,0.9444444444444444,27372,28838,0.9491642971079826
230,6406.961396907969,103.2141081400215,0.6301081730769231,0.3658854166666667,0.00030048076923076925,0,13.413483515823518,0.8570311545703025,0.6861638396117214,9984,22,20.89641382164801,3.703902146256628,2.2552853282467016,6.0,30.49,0.0039904229848363925,0.45758080599734174,0.9440657959867494,1.0544475011462633,0.052492964860379535,100.41441,469,502,0.9342629482071713,1481,1537,0.9635653871177619,2603,2723,0.9559309585016526,20241,21501,0.9413980745081624
231,4901.307413752067,44.501731699003265,0.8452685421994884,0.1518542199488491,0.00031969309462915604,0,11.046399645848805,0.8542546906577064,0.9248635158495888,3128,19,22.697213862652298,3.323307267507802,1.8854009077155824,5.0,5.029,0.0,0.163088149475562,0.9628879550402512,1.0374073698101716,0.03677151914167276,42.021616,1698,1795,0.9459610027855153,3666,3765,0.9737051792828685,4845,4979,0.9730869652540671,8809,9212,0.956252713851498
232,6870.315913235526,93.92438651729746,0.6664719626168224,0.33095794392523364,0.00023364485981308412,0,11.846711647300198,0.8645074953916332,0.7401419694081326,8560,21,22.279767327562986,3.776547074098537,2.3093777388255914,6.0,24.4,0.002098391233387736,0.4140045721724197,0.9458978069687187,1.0517530459406088,0.04982018193357309,89.985684,361,393,0.9185750636132316,1316,1366,0.9633967789165446,2568,2666,0.9632408102025506,21246,22524,0.9432605221097496
233,3124.39651104365,83.47141489500825,0.5536053661263276,0.4427054220234768,0.00011179429849077697,0,7.1178973203198375,0.8514296752098518,0.6251537816467706,8945,30,22.83566949593477,3.9068441721831215,2.4458804523424877,6.0,31.419,0.0006703161657915317,0.3055651198341971,0.9376041666666667,1.060897435897436,0.05762245999803672,78.601466,151,160,0.94375,432,453,0.9536423841059603,1123,1158,0.9697754749568221,25297,27029,0.9359206777905212
234,4697.579500511631,78.68362061172053,0.6179594031455841,0.37867993009813145,0.0,0,11.947242536948483,0.8639772495693083,0.7468845365130746,7439,22,22.581316727729394,3.8600321669682818,2.407222101370459,7.0,23.525,0.0012083780880773362,0.3357792186547113,0.9465869031086422,1.052727467581181,0.05035168402542946,72.676078,248,261,0.9501915708812261,811,849,0.9552414605418139,1767,1839,0.9608482871125612,23757,25134,0.9452136548102172
235,2705.1931424525446,97.16579538403732,0.5285254937988056,0.4670647680293983,0.00018373909049150208,0,11.247198404667067,0.8401720043849223,0.6227755555264768,10885,31,25.04460122845699,3.930428119991991,2.639318616374066,7.0,40.632,0.0014677552518117603,0.35268312681180913,0.9014304475916658,1.0957933896122478,0.08766191709844559,90.982642,78,86,0.9069767441860465,342,373,0.9168900804289544,850,923,0.9209100758396533,24126,26791,0.9005262961442275
236,4711.456593185476,61.78463477359849,0.6776108328695974,0.3203487293637544,0.0,0,9.570450581568878,0.8577823761052075,0.7922076616039662,5391,22,20.449225003301137,3.7668152432438617,2.4119901450862304,7.0,15.46,0.0,0.25230573775030785,0.9411474164133738,1.0585185467576532,0.05564924114671164,57.40773,452,492,0.9186991869918699,1358,1417,0.958362738179252,2884,2988,0.965194109772423,20077,21423,0.9371703309527144
237,2919.7370262499276,77.55392311254606,0.5555154577168291,0.4402742692168892,0.0,0,7.018407847975075,0.8611485343449636,0.6807285373267172,8313,17,22.091443248987524,3.788558171405552,3.0550021654395842,7.0,31.285,0.00846851145038168,0.4878667697999882,0.9442775988710786,1.0522026992615228,0.049883113311331134,72.839672,258,278,0.9280575539568345,1031,1074,0.9599627560521415,2270,2363,0.9606432501057978,22538,23922,0.9421453055764568
238,4486.004001588425,107.32859318606322,0.565794096978215,0.4309557273366128,0.0,0,10.795995302546366,0.8581744199058603,0.680675019471876,11384,29,22.892182283647614,3.944245056708668,2.7688247166589037,7.0,40.863,0.00289042655688885,0.3937470732721248,0.9171164896395612,1.0803004246657073,0.07493315292677427,100.761766,90,100,0.9,259,279,0.9283154121863799,628,685,0.9167883211678832,25358,27651,0.9170735235615348
239,3495.099931900325,56.88030173843537,0.6241672834937083,0.3732420429311621,0.0001850481125092524,0,6.838165841027251,0.8432670261543723,0.7355450541557221,5404,19,20.481579378552595,3.7688235190905357,2.370589979246961,7.0,17.003,0.0,0.2837942309058952,0.9610130694823894,1.0377623930991078,0.03677098150782361,53.06554,406,424,0.9575471698113207,1375,1427,0.9635599159074982,2849,2928,0.9730191256830601,21400,22307,0.9593401174519209
240,3913.2833288423053,106.68483645366524,0.5567161602209945,0.4395718232044199,8.632596685082873e-05,0,21.33105918532681,0.868321209702637,0.6079842505645369,11584,28,21.76823125730254,3.861415920062061,1.9669716235075205,5.0,38.501,0.0033554159855459006,0.4152569554888853,0.9569427994147565,1.0422633601117708,0.04092746650629782,103.086686,210,219,0.958904109589041,753,770,0.977922077922078,1496,1547,0.967032967032967,25011,26170,0.9557126480703095
241,2851.911828935117,91.06955026603192,0.5370185591698264,0.4590900019956097,0.00029934144881261224,0,8.446206900487383,0.8420485691322692,0.6428434088600767,10022,29,24.12889082603953,3.942484940364405,2.638052768487551,7.0,37.047,0.0006979758699770665,0.345985748246113,0.9335393065568143,1.0655404240648163,0.06189617415947443,84.71797,84,94,0.8936170212765957,310,327,0.9480122324159022,675,709,0.9520451339915373,26125,28000,0.9330357142857143
242,3743.910640016534,71.13518078996536,0.5995550611790879,0.39530033370411566,0.0016685205784204673,0,8.834189691209083,0.8586983916437424,0.6462409179482325,7192,20,24.76250353107431,3.6127123437153488,1.9376159554730983,4.0,22.075,0.0009723572718433116,0.35518644504170077,0.9457789700443036,1.0509528093563425,0.052017107848803604,68.699794,685,732,0.9357923497267759,2173,2261,0.961079168509509,3686,3806,0.9684708355228586,16725,17804,0.9393956414288924
243,4356.396492038694,90.16013972066852,0.5840193173087477,0.41257820217319724,0.0,0,16.202423478779988,0.8691113999120516,0.6858923643822016,9111,27,23.5600737546438,3.9177233133403373,2.3300131554219132,6.0,30.463,0.001643655489809336,0.34659696806968743,0.9588519349792559,1.0406645515641524,0.03923938968209886,84.14473,152,164,0.926829268292683,452,473,0.9556025369978859,974,1010,0.9643564356435643,26618,27759,0.9588962138405562
244,751.7705502998275,110.18928322827097,0.4865702479338843,0.5084120425029516,7.378984651711924e-05,0,8.795594969060653,0.851114777085658,0.5722374787777544,13552,31,23.90912767978331,3.939162788099822,2.6387625113739763,7.0,53.833,0.0064516129032258064,0.43707801993773343,0.9323215328091199,1.064742239563551,0.06136590711315951,104.266558,98,101,0.9702970297029703,294,311,0.9453376205787781,654,699,0.9356223175965666,26106,28012,0.9319577324003998
245,6057.978456392068,79.5819023516614,0.6767575322812052,0.3206599713055954,0.00014347202295552367,0,7.490997225153721,0.8591389677521161,0.7682043891165462,6970,25,23.15090493043002,3.845057982900911,2.48187407250371,7.0,20.287,0.00014345144168698896,0.27706274549646337,0.9515261602023009,1.0470218315646551,0.04542209227212457,75.2085,272,290,0.9379310344827586,828,864,0.9583333333333334,1949,2022,0.9638971315529179,23667,24901,0.9504437572788241
246,5608.362184128113,76.21889623002947,0.6678928781636256,0.329605650382578,0.0,0,12.986927901930583,0.85214521153648,0.7569126054144073,6796,30,22.261899492310445,3.8941386778980758,2.2786957479621064,6.0,19.477,0.0,0.2308511126157189,0.9446156000560145,1.0536731107205624,0.051219026107752606,71.608032,205,214,0.9579439252336449,599,618,0.9692556634304207,1443,1493,0.9665103817816477,24735,26239,0.9426807424063417
247,5004.627245079321,92.35183134084814,0.5997566909975669,0.3969254589692546,0.0,0,18.753023630517756,0.8567383903221479,0.7339466940457383,9042,23,22.549463119125278,3.9116222561333056,2.5447169463396646,7.0,30.042,0.0022070183182520413,0.3941682280678015,0.9531795468546786,1.0433347090383822,0.04143564843673108,84.671876,154,162,0.9506172839506173,482,506,0.9525691699604744,1153,1198,0.9624373956594324,26061,27352,0.952800526469728
248,3941.939387997582,93.67631105112385,0.5648909183155758,0.4313546423135464,0.0,0,8.199429307315745,0.8430147836664897,0.6717764354890476,9855,26,24.33527777486165,3.914351825455957,2.771869947907311,7.0,35.578,0.0012161751292186075,0.376276229620579,0.9104982206405694,1.0870375013431712,0.08019639934533551,87.71299,125,136,0.9191176470588235,414,445,0.9303370786516854,1090,1163,0.937231298366294,23956,26356,0.9089391409925633
249,1031.0646531194964,27.624384076641636,0.5502608695652174,0.44417391304347825,0.0017391304347826088,0,4.868225203895067,0.8670373237068841,0.695502943287914,2875,18,23.11976373285158,3.2389885873289264,2.4785082174462705,7.949999999999818,10.199,0.0003477051460361613,0.15952274018067533,0.9796856106408706,1.0201046410231567,0.021394424196525774,24.696164,1467,1543,0.9507453013609851,3773,3838,0.9830640958832726,5208,5307,0.9813453928773318,9807,9987,0.9819765695404026
250,1575.9239890109,121.77004280757608,0.5001032702237521,0.4957659208261618,0.00020654044750430294,0,10.464595845885265,0.8690661055569096,0.5744860114712774,14525,30,22.911609700321222,3.9258515433036627,2.5330396475770924,6.0,56.13,0.007990711651413742,0.48549139495094806,0.9329749474482236,1.0647731208867337,0.06123835403726708,115.346466,103,107,0.9626168224299065,391,408,0.9583333333333334,730,761,0.9592641261498029,25850,27743,0.9317665717478283
251,-66.77163039646817,100.52406868110863,0.4736633976589687,0.5226194242328377,7.908889591901297e-05,0,11.585929981860033,0.8662435986711945,0.5535412956017978,12644,26,21.24472432167693,3.887488278777412,2.643847052930372,7.0,51.35,0.00932382668651571,0.4918056626290934,0.9471822438009364,1.0507122705583225,0.04850684705494143,94.933474,172,185,0.9297297297297298,574,592,0.9695945945945946,1294,1346,0.9613670133729569,25272,26712,0.9460916442048517
252,1292.7380698497002,87.25713616491804,0.5015879126166876,0.4936002309691079,0.000192474256568184,0,7.29455116495186,0.8476585752926086,0.5687103715229167,10391,24,18.601246652052748,3.8155790048111577,2.5938219493476593,6.0,40.455,0.0031657712970069073,0.43296570384243727,0.930191908524817,1.0686149006985846,0.06483909415971395,83.4684,272,283,0.9611307420494699,901,945,0.9534391534391534,1900,2001,0.9495252373813093,22471,24232,0.9273275008253549
253,3832.7832735253737,77.9164193573589,0.5906994140381499,0.406807131280389,0.0004986909362922329,0,8.195347103614502,0.84449694643066,0.6366463707731707,8021,25,21.19892613290908,3.636194388292665,2.050443224989447,5.0,26.001,0.0008719481813652218,0.3256965269705717,0.9411880953322003,1.0593827991918552,0.05691814522141047,75.501408,647,675,0.9585185185185185,1788,1837,0.9733260751224823,3032,3126,0.9699296225207934,18346,19663,0.9330214107714998
254,5538.709888490846,74.11975470664724,0.6740214598760768,0.323107148254496,0.0004533776635937736,0,12.470094198269518,0.8719855300547684,0.7441525578096283,6617,27,21.510110398553252,3.6907147010819505,1.9237668161434978,5.0,17.574,0.0,0.24938566458481048,0.9589019607843138,1.0407505015143768,0.039981929071606054,70.732752,643,677,0.9497784342688331,1898,1969,0.9639410868461148,3327,3438,0.9677137870855148,18584,19416,0.9571487433044912
255,4664.537364396534,48.751520176743284,0.7628073770491803,0.23309426229508196,0.0020491803278688526,0,6.815429894940507,0.845216017166955,0.8157287403802937,3904,17,23.740260407811007,3.153908466709745,1.8425117528542647,4.0,8.26,0.0,0.2248893814306833,0.9369815668202764,1.061609727851766,0.06222990492653414,47.088366,2149,2319,0.9266925398878827,3400,3522,0.9653605905735377,3826,4029,0.9496152891536361,6891,7490,0.920026702269693
256,5283.7978190796075,64.21552762965975,0.7053637031594416,0.292799412196914,0.0005510653930933138,0,10.940969737044792,0.8673174435987495,0.7823939933499245,5444,29,24.884416450764345,3.6320270635303147,1.9372395833333333,5.0,13.231,0.0,0.18662203900656157,0.9654425045153522,1.0330355705778207,0.03317811408614668,61.341628,757,789,0.9594423320659062,2226,2292,0.9712041884816754,3764,3870,0.9726098191214471,17307,17964,0.9634268537074149
257,4880.678244176049,59.13674534418699,0.7045179507866075,0.2932634126663977,0.0,0,11.619031686174058,0.8453593761439809,0.8358559695771328,4958,21,20.825378358259535,3.6343825663712668,2.152304609218437,7.0,12.813,0.00020165355918531962,0.23514140215052692,0.9641219205324891,1.0359451876550239,0.03505130414349495,54.921116,812,858,0.9463869463869464,2265,2316,0.977979274611399,3922,4024,0.9746520874751491,16756,17441,0.960724729086635
258,3876.120410882479,86.16487151504572,0.574750084241267,0.422554195215096,0.000336965067954622,0,6.756573935626244,0.866721213032147,0.6577011204915103,8903,29,21.737444324532056,3.88116640763611,2.448309556380692,7.0,30.248,0.00033685156074556477,0.30615329657683965,0.9642074256747499,1.0324711062190424,0.032219570405727926,81.115602,191,201,0.9502487562189055,597,623,0.9582664526484751,1427,1487,0.9596503026227303,25936,26885,0.9647015064162172
259,3017.35903445973,108.55826981587202,0.5333333333333333,0.46294498381877025,0.00016181229773462783,0,10.495048231435575,0.8505337375938147,0.5888154713843229,12360,31,22.253787664261566,3.8844124468597223,2.3184162621359223,6.0,44.552,0.0025823111684958036,0.39415174836644185,0.9314382450447909,1.0665415397691054,0.06270867078774256,103.709474,204,216,0.9444444444444444,538,556,0.9676258992805755,1209,1264,0.9564873417721519,24459,26318,0.9293639334295919
260,3783.0567923026747,67.06020562798587,0.6094512195121952,0.38704268292682925,0.00045731707317073173,0,7.078869785394998,0.8581940680872435,0.6837702617968102,6560,20,24.832090063184467,3.60673295677268,2.1720860430215105,5.0,20.626,0.0013700715481808495,0.3310000955849754,0.9394100343193332,1.0593324585861899,0.05669248853431996,63.694944,675,729,0.9259259259259259,2065,2160,0.9560185185185185,3731,3960,0.9421717171717172,16522,17627,0.9373120780620638
261,2488.512101496436,114.28493695822921,0.5166271691766684,0.4790918125525571,0.0,0,17.075752758944137,0.8595323760734319,0.6291398775000612,13081,29,23.003633713588894,3.9364522518930327,2.76561112755253,8.0,50.456,0.006003039513677811,0.45264916923779586,0.9444124130914024,1.0527517464644744,0.050066045942201744,106.274378,94,102,0.9215686274509803,271,287,0.9442508710801394,838,877,0.9555302166476625,26643,28219,0.9441511038661895
262,2313.2433991055623,111.72075334551583,0.5178639736821973,0.47769872236248184,0.00022951572182694515,0,9.06739228532025,0.8590962204734139,0.5821992289659194,13071,31,26.709495896510127,3.868174478812638,2.3365342000295466,6.0,48.062,0.004493526275704493,0.4211599251865703,0.9599724185485261,1.0383551220861866,0.037817216785536574,107.313358,199,209,0.9521531100478469,608,627,0.9696969696969697,1421,1477,0.9620853080568721,25616,26692,0.9596882961186872
263,1429.1571946532667,31.514097701336485,0.5751737207833229,0.41850915982312065,0.003790271636133923,0,7.29361280869684,0.8548048632935581,0.6880710110745022,3166,17,25.08719582280117,3.1153664138629202,1.7935200439319054,5.0,9.811,0.0,0.18574395126992177,0.9652766767084192,1.0321688732918595,0.03611818644931228,28.964436,1820,1949,0.9338122113904567,4126,4233,0.9747224190881172,5071,5204,0.9744427363566487,7247,7535,0.9617783676177837
264,6164.858708681094,71.53081735560703,0.7203232867486109,0.2776561710725711,0.0,0,15.16191795050615,0.8601142366103277,0.8113496631353921,5939,26,23.33934004505104,3.7501530198544533,2.0638148667601683,6.0,14.382,0.0,0.23215142228565594,0.9570535782333663,1.0421189420577894,0.04075739298899733,67.597508,511,554,0.9223826714801444,1567,1640,0.9554878048780487,3100,3201,0.9684473601999375,19937,20847,0.9563486352952463
265,1734.1598875057332,114.6934675043063,0.5064248476393274,0.4893898230413393,0.0002202804904912255,0,9.814894903743435,0.8806797470007295,0.5785516441651087,13619,28,22.257882368264177,3.8755238084905868,2.529795563288386,6.0,52.176,0.00916696980720262,0.4862372065218836,0.9535981260119191,1.0446049131050685,0.0433679354094579,109.95154,172,179,0.9608938547486033,564,577,0.9774696707105719,1218,1257,0.9689737470167065,25728,27016,0.9523245484157536
266,4849.396730989761,80.0788003498967,0.6204946066824519,0.3763483293870034,0.0,0,9.27143131659056,0.8551074071725303,0.7388731762095915,7602,25,21.192720923475267,3.8315720719645623,2.449862200551198,7.0,23.976,0.0007886435331230284,0.29981242166878497,0.9319279754062363,1.0685489792921135,0.06415042641367263,74.617,269,280,0.9607142857142857,970,1014,0.9566074950690335,2022,2123,0.9524258125294395,22203,23907,0.9287238047433806
267,2173.7361759648575,87.16583984876806,0.525403466826061,0.47130902570233113,9.962143853357243e-05,0,7.3731232764895696,0.8812625988716345,0.6190547122980837,10038,24,23.26796199181089,3.808898274574623,2.9290860826697003,7.0,39.171,0.0029797377830750892,0.41455359020229887,0.9516939189911297,1.0462247962247961,0.04432642222449188,83.437668,275,293,0.9385665529010239,910,940,0.9680851063829787,2010,2067,0.9724238026124818,23520,24771,0.9494973961487223
268,2732.0793407723027,71.31858623608932,0.5612535612535613,0.4361564361564362,0.000259000259000259,0,8.60182722480472,0.8654576222449358,0.6050829208353192,7722,32,22.159357200120027,3.6834873446535563,1.7491924319335488,4.0,24.731,0.00012948336138806163,0.24329216795152442,0.9650886211923578,1.0350870450789746,0.03462834709825562,68.501174,592,619,0.9563812600969306,1829,1858,0.9843918191603875,3307,3394,0.974366529169122,19428,20195,0.9620203020549641
269,4381.005968016233,47.463274260714236,0.7494807892004154,0.24740394600207685,0.0010384215991692627,0,6.460721371007006,0.8663639521699079,0.7858056008687984,3852,22,22.14007764357225,3.1609062835786235,1.6671285071007966,4.0,7.909,0.0,0.1756115679036803,0.9602602331255082,1.0381061100239182,0.038471563363394676,45.884906,2083,2196,0.9485428051001822,3531,3656,0.9658096280087527,4263,4398,0.9693042291950886,7835,8195,0.9560707748627212
270,5131.961419648021,46.99802002818995,0.8371146015125073,0.16143106457242584,0.0008726003490401396,0,10.861231859372394,0.859592498113208,0.8595493442154988,3438,22,22.11046329854271,2.9675013792056704,1.6205698401667825,4.0,5.108,0.0,0.15347648948049508,0.9517682576193215,1.0484045235179715,0.047123287671232875,46.127272,2480,2606,0.9516500383729855,3067,3165,0.9690363349131121,2952,3098,0.9528728211749515,4742,5043,0.9403133055720801
271,3355.3411010302343,77.31121617552049,0.5717461101506545,0.4233143986169425,0.0006174364040503828,0,11.794560636752704,0.8591322111630563,0.625615502512104,8098,31,22.558406891098528,3.7299425960723216,1.896976241900648,5.0,25.765,0.0006170554115759595,0.25502979119677643,0.954510790818272,1.0445133386917749,0.04452054794520548,73.722842,520,549,0.9471766848816029,1549,1594,0.9717691342534505,3099,3203,0.967530440212301,19865,20880,0.9513888888888888
272,5748.970113204379,80.9572840118287,0.6584644345838375,0.33696382950114295,0.0001344628210299852,0,7.537223967098524,0.8664586526903142,0.7231898515207833,7437,31,19.66185571035831,3.785939204146859,2.1870532979375126,6.0,21.136,0.0,0.2359178024609065,0.9564044616169717,1.043379829109764,0.04177436255675864,77.592874,358,380,0.9421052631578948,1215,1252,0.9704472843450479,2294,2365,0.9699788583509513,22371,23437,0.9545163630157444
273,6765.1028685755455,112.21185880098895,0.6211755979974041,0.3766920081587243,9.271277582050807e-05,0,13.164335295812425,0.8558784106798557,0.7200949503705213,10786,26,22.803775494441155,3.879067643611102,2.4838805970149256,7.0,34.633,0.0022201665124884367,0.4113172460880311,0.9285131443573278,1.0682808370830654,0.0647045160434018,106.422636,163,184,0.8858695652173914,575,609,0.9441707717569786,1463,1536,0.9524739583333334,23971,25858,0.9270245185242478
274,3944.8502822400906,64.21760563857956,0.6254262055528494,0.36889105374249065,0.001298912161065108,0,10.039852957180393,0.8728052321615224,0.6820525830569889,6159,19,22.79284668016855,3.4689034724692442,1.8517653167185877,4.0,17.82,0.00016233766233766234,0.32090400857287793,0.9603095248445855,1.0392635895646105,0.03994156928213689,61.737792,1043,1120,0.93125,2797,2891,0.9674852992044275,4128,4261,0.9687866697958226,14122,14731,0.9586586110922545
275,4513.882998485086,90.50997963250428,0.5866106937693327,0.40885992045956693,0.0,0,12.896939332769893,0.849198422391398,0.7167630178298126,9052,20,21.85796754140332,3.8397699951680844,2.840866290018832,8.0,31.936,0.0045089629385241395,0.45629110940029816,0.9368428633155697,1.059945701357466,0.05668965048741551,83.973974,241,258,0.9341085271317829,881,917,0.960741548527808,1836,1954,0.9396110542476971,23060,24643,0.9357626912307755
276,2808.99165780567,93.96110527617294,0.534366576819407,0.46178282633808243,0.00019252984212552945,0,13.434059752122955,0.857574108439435,0.639999789162412,10388,29,22.185817040340602,3.863913393875687,2.3120158529994597,7.0,37.169,0.0013458950201884253,0.3585901168741727,0.9363665514661346,1.061499910506533,0.05818596691386195,86.94549,214,228,0.9385964912280702,726,756,0.9603174603174603,1591,1659,0.9590114526823388,23750,25424,0.9341567023285084
277,4307.794133052885,53.5159854135624,0.6958910129641837,0.3019116677653263,0.0006591957811470006,0,7.6206011891417935,0.8574056797624583,0.7937642559274959,4551,23,24.624013745711046,3.583804378596866,2.2475528891695613,7.0,12.223,0.0,0.1976988901396713,0.9594064262938435,1.0398115912348966,0.038896746817538894,49.879438,752,807,0.9318463444857497,2242,2305,0.9726681127982646,4297,4436,0.9686654643823264,16178,16914,0.9564857514485042
278,3730.7091539934486,66.11445205359362,0.609684857801691,0.3867794004611837,0.00030745580322828596,0,9.574627292995443,0.8532165313508624,0.6753631626161805,6505,20,21.694365256296237,3.5962148726020176,2.0305093292990417,5.0,19.929,0.0,0.3235254166460494,0.9447857820296071,1.0549000124208172,0.05273231514393969,63.03311,735,787,0.9339263024142312,2134,2219,0.9616944569625958,3980,4160,0.9567307692307693,16063,17085,0.9401814457126134
279,5205.287769273509,49.317897631713706,0.8142974527526705,0.18405916187345933,0.0,0,9.08472776063471,0.8644065504883779,0.9298991569403406,3651,23,23.038756962267193,3.5372296876431553,2.329633366969391,7.0,7.519,0.0,0.16071624802218024,0.9533421868083223,1.0472346653656806,0.0453450534589866,46.365042,1084,1153,0.9401561144839549,2810,2885,0.9740034662045061,4368,4528,0.9646643109540636,13274,14024,0.9465202509982886
280,1511.5934341458242,126.11642918304076,0.502116850127011,0.49390998501921446,0.00026053540024750864,0,11.58944423113719,0.8507044628011736,0.5471870492835637,15353,32,25.88844227679418,3.8374694777238876,2.3530937864833312,6.0,58.509,0.007947790126647713,0.4770487948642851,0.9149568621764663,1.083961679962117,0.07813126587354632,122.58631,206,223,0.9237668161434978,703,738,0.9525745257452575,1432,1502,0.9533954727030626,22899,25123,0.9114755403415197
281,4985.090893141254,81.66598847704391,0.6277993244088578,0.3694482672338296,0.0,0,9.796747724503254,0.8723609351667585,0.6814105008256104,7993,20,20.653286440350925,3.653652017832588,1.993423674770825,5.0,23.634,0.0029936385181489333,0.4006205735839391,0.9634724489002876,1.0358269403014135,0.03480609106593654,79.04246,611,637,0.9591836734693877,2018,2056,0.9815175097276264,3454,3546,0.9740552735476593,18711,19495,0.9597845601436266
282,3160.5983071772257,40.899074542635574,0.6819977426636569,0.3132054176072235,0.0002821670428893905,0,9.2307535335493,0.8663959774742874,0.7815591394631296,3544,16,21.311362094979344,3.2416337128733845,2.1220521307405873,6.0,9.493,0.0,0.220545160698199,0.9684025746050322,1.031416426442566,0.031087593310025512,38.328704,1558,1654,0.9419588875453446,3593,3677,0.9771552896382921,5053,5179,0.9756709789534659,9656,9998,0.9657931586317263
283,1557.3571064980565,69.32894924934945,0.5206294139511832,0.47453847106926034,0.00024780076818238137,0,7.4199927323042445,0.8617331656853725,0.5775219585485859,8071,21,22.63115254082267,3.669889141803576,2.149690623512613,6.0,28.987,0.0012374706100730108,0.38703237377502286,0.9676116474977882,1.0307169869568573,0.030830599463167314,66.719824,566,606,0.933993399339934,1826,1875,0.9738666666666667,3666,3744,0.9791666666666666,19097,19772,0.9658608132712927
284,2119.7621241445277,107.78034489857468,0.5100843712334271,0.48654077942948976,0.00016070711128967456,0,8.900185420522137,0.8840428150061052,0.632490555710583,12445,30,22.95067595064313,3.952973888277889,2.9429741650913672,8.0,49.149,0.003602882305844676,0.41984225186308155,0.9600692133635033,1.038371627037136,0.03738108203337711,99.936868,84,93,0.9032258064516129,272,281,0.9679715302491103,496,510,0.9725490196078431,28000,29168,0.9599561162918266
285,3815.8441657875014,92.3856789383819,0.5674883814912104,0.42948070317235804,0.00010103051121438674,0,8.955982185648308,0.866770925483168,0.6436079969374537,9898,25,22.6861835226415,3.7884500767934486,2.3487626847071392,6.0,33.907,0.0019159019864878491,0.4049305067967408,0.9595144591217423,1.040828741143634,0.03963519166152369,88.420926,282,302,0.9337748344370861,982,1021,0.9618021547502449,2094,2167,0.9663128749423165,23518,24520,0.9591353996737357
286,4096.764236515277,90.1980330672226,0.5793582887700535,0.4168983957219251,0.0,0,11.120442296117334,0.8960358758924539,0.6646259902543683,9350,19,21.666363642925802,3.725693152177387,2.5024921543289644,7.0,31.989,0.007536354951703641,0.4958003949313632,0.9708734298097407,1.0287218764959312,0.028440923527102736,86.152248,449,479,0.9373695198329853,1368,1398,0.9785407725321889,2866,2944,0.9735054347826086,21750,22405,0.970765454139701
287,6233.542214508417,75.17750035005959,0.703069566558692,0.29369119234922103,0.00015424957581366652,0,5.500831822179916,0.870435021117554,0.7938331255744904,6483,29,21.08953945795102,3.844182189796474,2.531812198332602,7.0,18.196,0.0,0.2220282013318361,0.9667962593254177,1.0328961212036192,0.03203824247355574,71.503504,281,300,0.9366666666666666,818,842,0.9714964370546318,1863,1911,0.9748822605965463,24641,25498,0.9663895207467252
288,6800.245621471798,84.01221596823521,0.6972149814789409,0.3003155439703663,0.0,0,10.724853296543921,0.9159865027436624,0.7737151747808441,7289,20,24.609607682123865,3.8122176707132303,2.349665486029122,7.0,19.799,0.0012332145793368045,0.3635718339882946,0.9886115992970123,1.011043505785531,0.010916423306911418,80.303758,365,385,0.948051948051948,1166,1182,0.9864636209813875,2472,2499,0.9891956782713085,24123,24384,0.9892962598425197
289,5115.297066277398,74.97421748099221,0.6458094144661309,0.3493111366245695,0.000574052812858783,0,5.5384834522007225,0.8929029965767865,0.7570735677994507,6968,23,21.283254026417744,3.8712542789688915,2.668,7.0,22.161,0.00043035432506096684,0.3005980175662002,0.9667161038871451,1.0333068170027324,0.03298645854179174,70.510224,195,214,0.9112149532710281,693,721,0.9611650485436893,1624,1662,0.9771359807460891,25516,26396,0.9666616153962722
290,6529.641032836489,63.15515944442427,0.8023543990086741,0.19516728624535315,0.0,0,9.327693511742027,0.8963782274683951,0.8211477123871906,4842,18,23.849777046828482,3.3244851916294706,1.6661518661518662,4.0,8.475,0.0,0.27205522365647394,0.9738324845595405,1.0262929632440638,0.02560312516496859,62.389124,1987,2076,0.9571290944123314,2647,2705,0.978558225508318,3788,3863,0.9805850375355941,9553,9814,0.9734053393111881
291,3752.446339371416,114.10476941417674,0.5457259585166562,0.44948145820238844,7.856693903205531e-05,0,11.617155929812418,0.8896047487453864,0.6107234964164208,12728,31,21.11506906876931,3.911101594177849,2.367693636625396,7.0,45.204,0.0022732617386532882,0.41189087609038133,0.9811351922822783,1.0177134721716385,0.01759169100941253,110.03416,125,130,0.9615384615384616,409,416,0.9831730769230769,1032,1049,0.9837940896091516,28131,28673,0.9810971994559341
292,8201.460316523408,78.94057204867052,0.8065601345668629,0.19276703111858703,0.0001682085786375105,0,8.051532345236673,0.8725884421675769,0.8780439097992531,5945,20,22.12903408755531,3.6840367597085453,1.9236704900938477,5.0,11.263,0.0,0.2968785515385541,0.9728332685581034,1.0262287426547847,0.025821596244131457,76.47199,709,753,0.9415670650730412,1925,1962,0.9811416921508664,3500,3569,0.9806668534603531,18897,19446,0.9717679728478864
293,4237.683349364197,36.1535935044115,0.8835373075404659,0.11409395973154363,0.0011843663639952626,0,14.664768733883545,0.8683420725141924,0.9037144575773025,2533,17,21.669369343064567,2.7181565067448377,1.406166219839142,3.0,2.704,0.0,0.15062912642689286,0.9644353502874403,1.0353481105360804,0.03579481397970688,35.56276,2707,2843,0.9521632078790011,2710,2784,0.9734195402298851,2299,2356,0.9758064516129032,2182,2280,0.9570175438596491
294,4774.762642207904,74.21277896930688,0.6367751060820368,0.3613861386138614,0.0002828854314002829,0,11.68180756202978,0.8631630394197518,0.6998583044383914,7070,20,27.10353485368382,3.6302444040027404,2.0986228342958686,6.0,20.653,0.0007067137809187279,0.3499382030936692,0.9559635278243448,1.0428167165648197,0.04150337043423734,71.244858,746,805,0.9267080745341615,2338,2401,0.9737609329446064,4175,4291,0.9729666744348636,16121,16960,0.9505306603773584
295,3181.019143005254,110.6883876804673,0.5290021300999509,0.46772079305259706,8.192692118630181e-05,0,11.524314419654338,0.8534556967448262,0.673851259030094,12206,30,21.611113793099015,3.9689072239792975,2.982964224872232,8.0,47.145,0.002859243525855731,0.40366698110120347,0.9412592567771336,1.0544823168470383,0.05188079806836955,101.413906,59,63,0.9365079365079365,158,164,0.9634146341463414,344,362,0.9502762430939227,27529,29254,0.941033704792507
296,5732.389378628207,60.89663301280565,0.7537344398340249,0.2429460580912863,0.0002074688796680498,0,6.9268283579978105,0.8490784271368651,0.8607073679367135,4820,18,19.958516421191316,3.697814991883675,2.40710156895128,6.0,11.868,0.0,0.27302588985370463,0.9409856815125386,1.059810415261968,0.056676989664564754,57.501074,563,598,0.9414715719063546,1851,1938,0.955108359133127,3430,3569,0.961053516391146,17946,19177,0.9358085206236637
297,6026.420336147293,75.86314494043135,0.6886191198786039,0.3088012139605463,0.0,0,11.947112751044696,0.8423556602607881,0.7880674239389982,6590,20,19.687734994949018,3.7692081916324,2.495372410753636,6.0,18.915,0.0006066120715802245,0.33196952517743405,0.9321608994568313,1.066244371517973,0.06236199159484294,71.892008,379,405,0.9358024691358025,1364,1429,0.9545136459062281,3010,3097,0.9719082983532451,19788,21396,0.9248457655636567
298,4810.6834363047,52.87041378946579,0.7399336807200378,0.2579346281383231,0.0,0,9.65200620468576,0.8573399412697157,0.8783808461164709,4222,24,24.330108123959413,3.7578247787608983,2.569462227912932,7.0,11.026,0.0,0.17625594237823228,0.9428050586760852,1.0575120054882232,0.05457613730207174,48.795894,396,440,0.9,1392,1470,0.9469387755102041,2847,2984,0.954088471849866,20190,21437,0.941829547044829
299,3552.2877771198173,95.02994986178687,0.5519945114182103,0.4442810937959424,9.801038910124473e-05,0,11.604774508481999,0.8443426064457865,0.6596658899161639,10203,32,23.041005410167333,3.9418513942469984,2.6896306818181817,7.0,37.264,0.0011747430249632893,0.31532127093936446,0.9113596644529884,1.0854508340958682,0.07893889640074689,88.698872,85,91,0.9340659340659341,292,299,0.9765886287625418,711,769,0.9245773732119635,24986,27451,0.9102036355688318
300,4124.013094007201,72.76029858666412,0.6068534053746623,0.39030285795535336,0.0,0,10.34924035972786,0.8529404694225814,0.7382382527800407,7033,21,21.332459886703617,3.8164883433486434,2.560215557638238,7.0,23.286,0.0005684240443370755,0.34032199823160136,0.9269313384193764,1.0720482555758275,0.06725620919548171,66.70905,297,321,0.9252336448598131,966,1034,0.9342359767891683,2354,2474,0.9514955537590946,21412,23173,0.9240063867431925
301,4237.313859451641,46.603042476248994,0.7411639649216051,0.2551155992559128,0.0010629816635663034,0,11.989089513869764,0.8585909860753883,0.8405908732291867,3763,22,22.236786511464135,3.5100924793657184,2.3101470060953746,6.0,9.27,0.0,0.1767544133860338,0.9377336656578245,1.0633834317409196,0.06097713879717474,43.75741,955,1036,0.9218146718146718,2708,2838,0.9541930937279774,4539,4747,0.956182852327786,12867,13847,0.929226547266556
302,6235.205097467617,74.01119520581777,0.7100401606425703,0.28690763052208834,0.0,0,12.756491769058439,0.8449267773685887,0.8164737254230205,6225,19,21.36374815142375,3.709908251019793,2.3233031674208147,6.0,16.621,0.0006421576497030021,0.3263949304590045,0.9331473038830372,1.0668926642752967,0.06283609576427256,70.543728,509,545,0.9339449541284404,1672,1739,0.9614721104082806,3314,3456,0.9589120370370371,18248,19704,0.9261063743402355
303,5625.2927765229115,82.4088297155344,0.6476642913697546,0.349300607020322,0.0002639218791237794,0,11.189031000850914,0.8435327087780982,0.7641124738800751,7578,21,19.079629740586363,3.7907044400411882,2.467400162999185,7.0,23.415,0.0017125543406665787,0.3579262019918027,0.9301230044490971,1.0681698609545285,0.06429945775756515,77.274826,307,328,0.9359756097560976,1236,1282,0.9641185647425897,2695,2806,0.9604419101924447,20640,22331,0.92427567059245
304,342.11820170881185,63.64821813660662,0.48356269113149847,0.5105759429153924,0.0011467889908256881,0,11.10679951085343,0.8502263432072749,0.5415543152450344,7848,19,22.77388653407064,3.327384942846231,1.952042160737813,5.0,28.989,0.002668699961875715,0.41388927530014696,0.9511156284787764,1.045797440015574,0.04744121715076072,60.606642,1505,1576,0.9549492385786802,3504,3597,0.9741451209341118,4481,4628,0.9682368193604148,10161,10860,0.9356353591160221
305,4241.00231255805,63.75272022408166,0.6422496094428051,0.35532025689984376,0.0,0,11.424969839520191,0.8512554205452902,0.7609314215703096,5761,27,22.27532631250471,3.7172021925011136,2.1835135135135135,7.0,16.922,0.00034704147145583897,0.21471836822775492,0.9503987551060105,1.0496821744725655,0.04792770102596392,58.8285,560,594,0.9427609427609428,1747,1804,0.9684035476718403,3472,3560,0.9752808988764045,18651,19747,0.9444978984149491
306,4116.10274569271,89.66241815334187,0.5746317872059793,0.42229061332160917,0.00010991426687183997,0,8.113112666727178,0.8319785913379498,0.736416395971435,9098,20,21.840329933621355,3.882260958043003,3.258033664881408,8.0,34.676,0.006551648831622625,0.4591078226324862,0.9239138189341514,1.0720591401708175,0.06711923064124321,82.155716,173,179,0.9664804469273743,649,678,0.9572271386430679,1508,1579,0.9550348321722609,23571,25598,0.9208141261036018
307,4005.713762312302,86.82085510561717,0.5758948799275034,0.4218396012686905,0.0,0,10.546297453258163,0.8514080190400453,0.7016825814602293,8828,29,21.945778117014576,3.8800150094952643,2.613099921321794,7.0,30.958,0.0007923033389926429,0.30117969578735404,0.9337377177113263,1.064156454830436,0.0603939606039396,80.078276,199,208,0.9567307692307693,678,705,0.9617021276595744,1345,1408,0.9552556818181818,24101,25870,0.9316196366447623
308,2677.9887025718067,102.97558747702251,0.5282938104614331,0.46853865251262733,0.0,0,13.407177612230214,0.8690811967233149,0.5865079217680701,11681,30,23.483809426054997,3.855039227246992,2.255226057365095,6.0,42.304,0.002561694133720434,0.3886918622583154,0.9414938637325434,1.055716916973647,0.053348467650397274,98.11665,175,186,0.9408602150537635,691,725,0.953103448275862,1629,1722,0.945993031358885,24202,25723,0.9408700384869572
309,6347.247940725082,71.25855077077577,0.7328601108033241,0.26558171745152354,0.0,0,12.91221843269373,0.8599712253044394,0.8261226364765251,5776,27,24.79253287030737,3.742285845395216,2.1875738247106074,6.0,14.075,0.0,0.21556943817441582,0.9430391967561306,1.0561610363417755,0.05351072773127673,66.901134,482,522,0.9233716475095786,1581,1671,0.9461400359066428,3130,3265,0.9586523736600306,19227,20437,0.940793658560454
310,5698.270006233419,77.87441245486819,0.6677473921623908,0.33042007330138146,0.0,0,15.279587788996983,0.8639128812620299,0.7132752152718829,7094,30,18.2894604493901,3.755133366678959,2.09584124973612,5.0,19.634,0.0,0.23598582817694835,0.9654588927717491,1.0338189194172966,0.03335348291434057,75.060914,430,458,0.9388646288209607,1317,1346,0.9784546805349182,2705,2776,0.9744236311239193,21794,22605,0.9641229816412298
311,3609.9833719221588,57.26318885776749,0.6315691390234812,0.36544912411479685,0.0003727171077152441,0,6.886996907636464,0.8535087696900687,0.7187954353322579,5366,25,21.89253117373169,3.6074350802752337,1.975213927412216,6.0,15.371,0.0,0.21502402086569095,0.9606664515087946,1.0379557318010764,0.037321837741271506,53.538968,719,765,0.9398692810457516,2179,2228,0.9780071813285458,4286,4407,0.9725436805082823,16629,17388,0.9563492063492064
312,4041.567899359484,50.002771263967325,0.6987104337631888,0.2970691676436108,0.0007033997655334115,0,8.726113411286281,0.8588936027660052,0.772555509308148,4265,20,20.45022607049885,3.3142030325994973,1.8291946308724831,5.0,10.337,0.0,0.21156592642730399,0.967063974702019,1.0315958847335316,0.031201395107696657,47.732598,1599,1668,0.9586330935251799,3535,3602,0.9813992226540811,4812,4922,0.9776513612352702,9932,10363,0.958409726913056
313,4162.3632985533395,60.48662661013696,0.653416149068323,0.34214729370008873,0.002129547471162378,0,13.360184208519065,0.8806940039093789,0.6942809236822338,5635,24,22.395650590443374,3.5046749298861135,1.7756653992395437,4.0,14.998,0.0,0.242702198292244,0.9709392608367718,1.0288559868391802,0.030997420464316423,58.357266,1249,1297,0.9629915188897455,2917,2971,0.981824301581959,3992,4097,0.9743714913351232,13726,14174,0.9683928319458163
314,3313.337138249325,93.29803974892666,0.550348757245309,0.44591806660772176,9.824147755182238e-05,0,11.344589049622522,0.8635865163418059,0.6360899414805259,10179,26,23.47390330567037,3.877514163962211,2.565333809353802,7.0,36.638,0.002058823529411765,0.3951917428349717,0.9639738741835683,1.0353423901799876,0.03435684647302904,88.45739,182,193,0.9430051813471503,667,688,0.9694767441860465,1476,1516,0.9736147757255936,25717,26693,0.9634361068444911
315,3319.5199067958456,94.78356191604853,0.5455167693360712,0.44998533294221177,0.0,0,7.806022934433978,0.8537402433873622,0.6610778460325261,10227,32,21.257773859684104,3.939558132672376,2.911991396307582,8.0,38.619,0.0018543821979308999,0.3219047668268541,0.9251038781163435,1.0739697443922795,0.06886768119680164,88.252602,79,88,0.8977272727272727,311,333,0.933933933933934,833,876,0.9509132420091324,25494,27583,0.9242649457999492
316,4871.974921120682,55.482027765590274,0.7280913683285746,0.2699319130243795,0.0,0,6.958272120794451,0.8709337169440499,0.8020070305190135,4553,24,15.529980276266029,3.573547224447533,2.0334841628959275,5.0,11.054,0.0,0.19083532401362258,0.964335895528556,1.0347239466931546,0.033549005511622335,52.925168,879,919,0.956474428726877,2407,2449,0.9828501429154757,4411,4520,0.9758849557522123,15638,16310,0.9587982832618026
317,4623.431519421314,43.66380099008478,0.818407960199005,0.17506218905472637,0.0046641791044776115,0,7.588464368120342,0.854747773055373,0.8762748963972897,3216,16,25.4866701844376,3.0817254738483584,1.719224924012158,4.0,5.469,0.0,0.2001228554464374,0.9334820890121819,1.0668565886774155,0.0677985158533843,42.10653,2267,2437,0.9302421009437833,3732,3913,0.9537439304881166,3485,3731,0.9340659340659341,5995,6501,0.922165820642978
318,4004.7635300266893,72.1061620496455,0.6066600256154832,0.3896399601536929,0.000996157677529529,0,9.97413643162595,0.8611920367491979,0.6922493230789504,7027,31,21.328739428804017,3.793670633449761,2.110016420361248,6.0,21.881,0.0,0.2262644173004798,0.9473353304486113,1.0516370925829683,0.05089683737582927,67.998438,337,365,0.9232876712328767,1250,1292,0.9674922600619195,2681,2782,0.9636951833213515,21347,22600,0.9445575221238938
319,4827.423437119466,68.26554265758736,0.6567307692307692,0.33942307692307694,0.00016025641025641026,0,7.755002636750316,0.8650052426831917,0.7569106637524838,6240,27,21.738836149755628,3.8055101836716143,2.2510980966325036,6.0,17.964,0.0001602307322544464,0.23183981433289358,0.9503832190399355,1.0491996320147194,0.047204751921733054,63.874908,321,349,0.9197707736389685,1121,1166,0.9614065180102916,2659,2759,0.9637549836897427,21815,22995,0.9486844966297021
320,2289.8535493328686,98.86166920837069,0.5206487061325771,0.4760723147819922,0.0,0,8.616788995113144,0.8608848085421029,0.5979107621204097,11284,28,20.32172148352157,3.8769078018582346,2.3278297872340428,6.0,41.512,0.0029159671290978173,0.4087030030832477,0.9480234260614934,1.0498111095564573,0.047546317816588086,93.630284,182,187,0.9732620320855615,634,656,0.9664634146341463,1500,1566,0.9578544061302682,24879,26277,0.9467975796323781
321,2803.5189106547427,67.60552204311503,0.5654596100278552,0.43022284122562676,0.00041782729805013927,0,6.507151779612911,0.8589596370636826,0.6537531011851344,7180,18,23.5069922879454,3.6838005878916475,2.455418719211823,7.0,24.969,0.0015296898901404534,0.3978673874199386,0.9564589116629273,1.04199244822457,0.041235234067376406,63.790098,430,453,0.9492273730684326,1623,1684,0.9637767220902613,3734,3857,0.9681099299974073,19365,20303,0.9537999310446732
322,759.8859929908049,122.75452201410873,0.4854272685215782,0.5107395413389729,0.00019826845548873175,0,9.575754833995896,0.8649134801089946,0.5859005527401975,15131,31,23.428255241229216,3.94857397300188,3.106739278420694,8.0,62.636,0.007868336502524425,0.49194029181460297,0.9142827493168217,1.0814933481925193,0.07571058605364965,115.348298,51,58,0.8793103448275862,237,249,0.9518072289156626,581,619,0.938610662358643,25562,27983,0.9134831862202051
323,4690.592422996558,82.05222540395162,0.6127469250838613,0.38389862094670146,0.0003727171077152441,0,10.53466774711255,0.8808530048459354,0.6640145217479619,8049,32,21.276661452817077,3.7763192025771195,2.089213300892133,6.0,24.546,0.00012422360248447205,0.251210972274469,0.9534519209739739,1.0460706587263893,0.044377873763410895,78.545796,330,351,0.9401709401709402,1185,1224,0.9681372549019608,2429,2507,0.96888711607499,22213,23352,0.9512247344981158
324,5001.168312390731,85.49146386750019,0.6139647844565878,0.3832422586520947,0.00012143290831815422,0,6.728318353809385,0.8478955230370478,0.7104132478931519,8235,29,24.437852856558692,3.9068991458075826,2.6064082278481013,7.0,27.403,0.00012141816415735794,0.2897396112943626,0.9202135180995475,1.0791456393489232,0.07364836100468285,79.990442,134,144,0.9305555555555556,413,446,0.9260089686098655,1157,1235,0.9368421052631579,24327,26463,0.9192835279446775
325,3528.060132366156,101.13051529416182,0.5482933914306464,0.4484386347131445,0.0,0,12.348947222242064,0.8597267094519424,0.6151284196186765,11016,31,19.999563872735678,3.868229234294535,2.3208609271523177,6.0,38.567,0.0008163265306122449,0.3518428570748148,0.9359394259552738,1.062281290869888,0.0587708830548926,95.995116,182,191,0.9528795811518325,616,646,0.9535603715170279,1367,1429,0.9566130160951715,24411,26129,0.9342493015423475
326,3657.072138404999,81.31701898255442,0.5750237416904084,0.4208214624881291,0.00023741690408357076,0,9.817151815886827,0.8502617881249206,0.6627884423432223,8424,25,21.17318597183503,3.86705564015633,2.3969859620148637,7.0,28.787,0.0017774617845716318,0.334811295794224,0.9442226853650783,1.054660896708286,0.05248184221976771,76.436474,201,215,0.9348837209302325,712,737,0.966078697421981,1673,1755,0.9532763532763533,24144,25602,0.9430513241153035
327,4362.776183815885,64.85781326258731,0.6461538461538462,0.35016722408026757,0.00016722408026755852,0,9.582573607092769,0.8646846855049246,0.7293200845403972,5980,29,21.83517901332737,3.762323855826436,1.9329710144927537,5.0,16.759,0.00016719612104999163,0.20753285751191913,0.95887878115524,1.0407573455852384,0.03939469290611346,61.087152,375,401,0.9351620947630923,1368,1413,0.9681528662420382,2973,3057,0.97252208047105,21214,22171,0.9568355058409634
328,1344.8861506377807,37.75273884023343,0.5475180843103018,0.4492392117735096,0.0007483162883512097,0,3.92342630843038,0.8591845272564992,0.6518872463249039,4009,17,22.701325018279867,3.373168098989593,2.25876993166287,7.0,13.998,0.0,0.23853558758244447,0.9635307262569832,1.034502871500359,0.034061474702123985,34.493058,1069,1151,0.9287576020851434,3177,3285,0.9671232876712329,5010,5144,0.973950233281493,12303,12795,0.9615474794841735
329,2323.1451738411542,45.52019068594099,0.5908683974932856,0.40286481647269473,0.0022381378692927483,0,5.9111095264007565,0.8449624107127617,0.6722137084867802,4468,25,23.449102208681392,3.594667967959856,2.037121212121212,6.0,14.345,0.0,0.17863120607219277,0.9655562285483545,1.0315136275146009,0.03397565922920893,42.501324,692,741,0.9338731443994602,2297,2362,0.9724809483488569,4234,4355,0.9722158438576349,16689,17307,0.9642919050095338
330,4778.567023802098,53.723748265941715,0.7330074487895717,0.26466480446927376,0.00023277467411545624,0,10.828236717792294,0.8447069168402725,0.8504484227478301,4296,28,23.32685025937338,3.704803391081272,2.3321689425214354,7.0,10.931,0.0,0.15492420396693146,0.9514052441513582,1.0476246703664345,0.04598562013181546,49.72538,578,631,0.9160063391442155,1814,1878,0.9659211927582535,3575,3694,0.9677855982674608,18271,19273,0.9480101696674104
331,4036.275680634308,94.6659188363465,0.5683467741935484,0.4282258064516129,0.0005040322580645161,0,9.19004264419733,0.843332770840374,0.6675175564559571,9920,32,22.893907918228816,3.9136362478147246,2.5182688896771905,7.0,34.808,0.0011076427348706071,0.3122467462379199,0.9196311866322817,1.079589444898249,0.07466248242947272,88.946842,140,143,0.9790209790209791,458,480,0.9541666666666667,1065,1124,0.947508896797153,24369,26560,0.9175075301204819
332,5709.248465337302,92.63743258210633,0.6271998217865894,0.36934729338382716,0.00011138338159946537,0,8.783983960866092,0.8655214290623884,0.6960888226705723,8978,20,23.13385725388068,3.6601690340572013,2.361214704315397,6.0,28.209,0.0037727474478473147,0.4510992971604302,0.9364339278082139,1.0618295299395357,0.05839095598726814,89.353826,511,543,0.9410681399631676,1667,1725,0.9663768115942029,3025,3148,0.9609275730622617,18898,20321,0.9299739186063678
333,5451.383461938748,105.45400832936869,0.5937025796661608,0.40326251896813353,9.484066767830046e-05,0,16.038093404847093,0.8639598557005623,0.6949987099109224,10544,29,21.811921816624377,3.909472937451442,2.331150159744409,7.0,34.425,0.0013260087137715476,0.3674377546842276,0.9390400722899941,1.0589200894104498,0.05588003675022969,98.616106,155,169,0.9171597633136095,475,492,0.9654471544715447,1178,1245,0.9461847389558233,25211,26867,0.9383630476048684
334,3200.757759291742,92.73493426919364,0.5486664012738853,0.4468550955414013,0.0005971337579617834,0,12.459127792823395,0.8625408595900251,0.6707645110810405,10048,20,23.988052749672093,3.8105022375172397,2.870669327045166,8.0,37.418,0.009268388877933346,0.4982253907927049,0.9207389308455501,1.0743091859596714,0.07050686487044493,86.920004,256,270,0.9481481481481482,991,1045,0.9483253588516747,2198,2357,0.9325413661434027,21426,23340,0.9179948586118252
335,5193.543943371872,90.71488786321521,0.6080506037952846,0.3888441633122484,0.00011500862564692352,0,9.775205644044172,0.8510387725218442,0.7529955146846333,8695,26,23.076535272768346,3.9115123294768424,2.7996973709097785,8.0,29.621,0.00045982296815725947,0.32603634296680944,0.9284614846428322,1.0694356595684869,0.06508372579801151,83.418346,138,143,0.965034965034965,450,476,0.9453781512605042,1157,1205,0.9601659751037345,24796,26762,0.9265376279799716
336,1510.5848046142924,89.05238406307006,0.504671096985457,0.4898391601656554,0.0,0,13.952648844076975,0.8547866967598903,0.618436317137939,10383,22,24.940647827079,3.819717344318815,2.894274809160305,8.0,40.915,0.007645990633661474,0.4667067846416906,0.9346950415285352,1.061863434227514,0.058244930844635424,82.995564,206,219,0.9406392694063926,698,732,0.953551912568306,1779,1861,0.9559376679204729,23538,25241,0.932530406877699
337,3801.204345133531,102.16152629553214,0.5524546375610205,0.4442295293359123,0.0,0,12.605859928162072,0.8563488179498213,0.6894472400299864,10857,24,21.42881548485371,3.9218480150570287,2.9513171057019005,8.0,40.4,0.006133284511168071,0.4609868894236805,0.919410198935276,1.0763879078965957,0.07081489195521999,94.305858,119,132,0.9015151515151515,393,413,0.9515738498789347,904,980,0.9224489795918367,24835,27027,0.9188959188959189
338,3197.7011096140154,45.74845803023469,0.6544260700389105,0.33900778210116733,0.0024319066147859923,0,12.760388601012044,0.8450415253299342,0.7622354371437265,4112,18,22.668505170015102,3.3176256834375497,1.936826458565589,5.0,11.285,0.00024313153415998054,0.22694540692685145,0.9501770727210983,1.0498734916309849,0.04987324268264577,42.592738,1405,1502,0.9354194407456724,3478,3587,0.9696124895455812,4827,5019,0.9617453676031081,9876,10505,0.9401237505949548
339,4543.489853441162,93.43952469414236,0.5861746361746362,0.4104989604989605,0.0,0,18.2231425685707,0.847763987578035,0.6510423887670732,9620,26,20.48885427024769,3.8487021924574476,2.4906898386238696,6.0,32.835,0.0015568240788790867,0.36897327444340366,0.9188982402448355,1.0794406208815346,0.07351898734177215,89.161714,228,248,0.9193548387096774,754,794,0.9496221662468514,1747,1854,0.9422869471413161,22492,24551,0.9161337623722048
340,7077.006000747258,88.44397424846782,0.6896095301125083,0.3074784910655195,0.00013236267372600927,0,21.340770432867057,0.8495039191866836,0.8397736924393402,7555,23,19.446050574874647,3.8971634950695107,2.899232245681382,8.0,23.268,0.00039693040486901297,0.3327554016930011,0.934866437635841,1.0620927693445568,0.058609992739753154,81.6619,168,179,0.9385474860335196,553,576,0.9600694444444444,1328,1389,0.9560835133189345,24619,26382,0.93317413387916
341,4145.2383582842085,96.40738679009088,0.5651036425840209,0.43167639364057153,0.0,0,15.424703859823666,0.8319632226971351,0.7044384272459004,9938,28,21.65172274371239,3.935300847078651,2.9100783475783474,8.0,36.435,0.0013064013666968144,0.35231943232052587,0.9087256836763462,1.088429575964202,0.0811178394482044,88.274154,107,113,0.9469026548672567,332,355,0.9352112676056338,743,780,0.9525641025641025,24604,27128,0.9069595989383663
342,3869.2789579398677,54.135368610635325,0.6601416076634735,0.33819241982507287,0.0,0,10.473095944016787,0.8426165000835363,0.7813665801543458,4802,22,22.814280707761174,3.719537576157739,2.3274447949526813,6.0,13.934,0.0,0.21806548776100482,0.9550433156508796,1.0443219657825238,0.042777818367794256,50.10116,481,512,0.939453125,1613,1675,0.9629850746268657,3394,3497,0.9705461824420932,19537,20519,0.9521419172474292
343,3444.8850850652225,83.57942983263978,0.5637925189286925,0.43191321053226356,0.00022601423889705052,0,10.965984928595503,0.8553991273195841,0.6984164996545253,8849,21,19.939940875748192,3.864709429014939,2.967929444778513,8.0,32.7,0.004947711683346452,0.4233326563650348,0.9255907491201609,1.0719751660410048,0.06735438925545098,77.904004,196,214,0.9158878504672897,701,729,0.9615912208504801,1741,1831,0.9508465319497542,23136,25072,0.9227823867262285
344,5145.755454580528,52.38902918746708,0.7721550234509997,0.22488274500123426,0.00024685262898049864,0,5.767693448548669,0.8323239542448692,0.8925408577055413,4051,17,22.801974564527054,3.5657841069724157,2.7346547314578005,7.0,10.538,0.0,0.23849796874580745,0.9222604080567277,1.0793990479102067,0.07415015305300467,49.361508,867,929,0.9332615715823466,2379,2475,0.9612121212121212,4042,4231,0.9553297092885843,13912,15352,0.9062011464304325
345,4807.651198221439,80.98223454481797,0.6182141045154744,0.3788685946220193,0.00012683916793505834,0,10.758242767649552,0.8427399506197175,0.6974361318587634,7884,24,22.547903455915076,3.8024995475641536,2.469019286007386,6.0,25.475,0.000253613999492772,0.32262783716274857,0.9278951472171685,1.0710213511197229,0.0666089066019754,77.39076,289,309,0.9352750809061489,1130,1169,0.9666381522668948,2438,2520,0.9674603174603175,21134,22935,0.9214737301068237
346,4926.443014659111,64.22799942213251,0.6785777151909875,0.3163175497271607,0.0005280760429501848,0,7.332981745668221,0.8408258517648581,0.7450981767157271,5681,20,19.05947791121186,3.6298873865569066,2.3971465629053177,6.0,16.3,0.0005277973258268825,0.28219184050059853,0.938352581385055,1.0607246610716592,0.05813909418230055,61.460324,636,676,0.9408284023668639,1943,1991,0.9758915118031141,3891,4013,0.9695988038873661,16849,18171,0.9272467117935171
347,252.22629775299248,113.72998497111284,0.47372174285103047,0.5228553091349926,0.0,0,10.888849461050167,0.8426269681269908,0.6060184947488646,14023,30,20.28801354879348,3.956467841467385,2.9178082191780823,8.0,57.898,0.006799348395778738,0.47532817706199115,0.9199231481799156,1.0746093209791177,0.06905362675269092,104.088068,61,68,0.8970588235294118,192,203,0.9458128078817734,547,569,0.961335676625659,26013,28307,0.9189599745645953
348,6806.594459966364,89.52484903616983,0.676357311467263,0.3204124735992049,0.00012423903590508137,0,9.399625412748321,0.8407548859732683,0.7580091423983637,8049,27,21.012103335751288,3.822999605900042,2.4175238795003673,6.0,23.376,0.0007448789571694599,0.2981355170504259,0.918109360518999,1.0798585256887565,0.07423296039536001,85.943394,253,271,0.933579335793358,1025,1075,0.9534883720930233,2159,2259,0.9557326250553342,21329,23370,0.912665810868635
349,4335.128700180136,45.19380247342624,0.7644217107132708,0.23216822961068487,0.0,0,7.611136304280544,0.8427863029593239,0.8643658998127871,3519,17,24.03379632437745,3.419314463963339,2.2895910780669144,6.0,8.221,0.0,0.20704295502554157,0.9684704632007793,1.0307371595848487,0.03010780397715071,42.667762,1076,1138,0.945518453427065,3173,3252,0.9757072570725708,5088,5219,0.9748994060164783,12533,12973,0.9660834039929084
350,6361.0780137495785,69.03297413846293,0.7446305060065526,0.2519111758281762,0.00018201674554058973,0,11.891728074094614,0.8434792319084343,0.8746382379204158,5494,23,24.54186723648789,3.762638277055138,2.4082131508188707,7.0,14.183,0.0,0.23273240074725665,0.9305544874259786,1.0693833449100871,0.06510407304885502,64.50134,398,426,0.9342723004694836,1441,1501,0.9600266489007329,3027,3199,0.9462331978743357,19334,20880,0.9259578544061303
351,3814.428694361405,89.19893230321627,0.5665391156462585,0.42846513605442177,0.00021258503401360543,0,7.302214774904784,0.8522840791619802,0.6676679688807807,9408,25,17.440273784499194,3.8532493754097312,2.8585365853658535,7.0,34.552,0.0019096117122851686,0.3725438692397085,0.8829846739008838,1.1167598394177016,0.10454788299719514,84.292056,169,181,0.9337016574585635,677,726,0.9325068870523416,1574,1692,0.9302600472813238,21259,24218,0.8778181517879263
352,3893.1064204020618,44.22736392377386,0.7292006525285482,0.2672648178357803,0.001087547580206634,0,10.133964055053593,0.848488165293513,0.7813971073441938,3678,22,22.07539361282822,3.1360976664067812,1.900820283370619,4.949999999999818,8.547,0.0,0.16388075516620787,0.9376233714962495,1.062976991350557,0.06075855493166649,42.46777,2218,2318,0.9568593615185504,3674,3805,0.9655716162943495,4130,4369,0.9452964065003433,6603,7239,0.9121425611272275
353,4799.092913703808,78.07268077631245,0.624630276956171,0.3730841624092498,0.00013444474321054048,0,10.400167854207163,0.8580488953863501,0.7225692567216885,7438,28,20.5171899647895,3.8079870420386603,2.4634093844167024,7.0,23.632,0.00026881720430107527,0.26651471875380167,0.9298679259204604,1.0712036453895455,0.06707967647564964,73.098796,269,281,0.9572953736654805,1026,1058,0.9697542533081286,2410,2515,0.9582504970178927,21500,23252,0.9246516428694306
354,2610.8792757248057,111.71239897534775,0.5162974683544304,0.4803006329113924,7.911392405063291e-05,0,14.632449292795863,0.8525629601269319,0.6425589378466594,12640,28,20.943765541270523,3.941296098362957,3.1201348452344466,8.0,50.629,0.004489249428998976,0.4537531530055886,0.8807069219440353,1.1180379057439547,0.10554555969669709,102.943558,74,78,0.9487179487179487,276,296,0.9324324324324325,628,675,0.9303703703703704,23540,26790,0.8786860768943636
355,5153.493075197871,84.4175161765184,0.6229022704837117,0.37438302073050345,0.00024679170779861795,0,13.585463018465626,0.8486396801881303,0.7248123626473978,8104,21,26.15430697613376,3.725615956219054,2.6420364500792393,7.0,26.427,0.0013555144793592113,0.3934710169690497,0.8914877453920275,1.1116526362428,0.10139043581360256,79.843152,389,420,0.9261904761904762,1331,1422,0.9360056258790436,3012,3236,0.930778739184178,17565,19933,0.8812020267897457
356,4550.78122307801,87.62561262182875,0.5931737487114878,0.404191959683885,0.0,0,8.160585513494151,0.8457361571476948,0.7343214925931466,8731,26,19.816254193005328,3.878892416143454,2.7375941301409537,8.0,30.516,0.0004579278763594734,0.3351341340663799,0.9252729997858825,1.0723250143430867,0.06720814886322027,81.258558,182,194,0.9381443298969072,653,685,0.9532846715328467,1524,1594,0.9560853199498118,23569,25549,0.9225018591725703
357,2085.79356494022,93.59054499993455,0.5113045123450951,0.48424936146059977,0.0,0,11.004569944477518,0.8516990367847478,0.6741446447859777,10571,26,21.157434838541388,3.942439533242861,3.412210915818686,8.0,43.382,0.0038635506973237845,0.39629346362535056,0.9036521494604379,1.0930043191956382,0.08491749493389945,84.822914,79,89,0.8876404494382022,297,314,0.945859872611465,592,646,0.9164086687306502,24740,27400,0.9029197080291971
358,5392.895661351705,55.887834114851785,0.7686635944700461,0.22880184331797235,0.0,0,10.094082226347352,0.8617753296401762,0.8595641565687366,4340,27,23.256388274783497,3.5706311904400243,2.100419664268585,6.0,9.582,0.0,0.15832460087565858,0.9592369562471049,1.0416350291065553,0.040215018996039124,52.53546,836,884,0.9457013574660633,2628,2711,0.9693839911471782,4383,4507,0.9724872420678944,14932,15645,0.9544263342921061
359,2415.266378205802,45.799815711019754,0.5961963732861566,0.3998230871295887,0.0008845643520566122,0,4.571646746538878,0.8496750076917857,0.7230835574847735,4522,16,24.428560198367173,3.460761541597339,2.2718842729970326,7.0,14.208,0.0008837825894829872,0.27916245637814185,0.9536524807248333,1.0452399685287175,0.044771772146631715,42.194814,938,1004,0.9342629482071713,2770,2863,0.9675165909884736,5008,5165,0.9696030977734753,13177,13925,0.9462836624775584
360,4150.187466865072,67.09658014286471,0.6246110765401369,0.3697884256378345,0.0004667081518357187,0,11.91884005770551,0.8530023682034168,0.7347905570680363,6428,16,25.623614808931958,3.5441879465148878,2.4097135740971356,7.0,20.229,0.0018633540372670807,0.39791348626273293,0.936571623698139,1.0627277794451828,0.060135595940145226,63.026826,806,860,0.9372093023255814,2494,2596,0.960708782742681,4420,4588,0.963382737576286,14222,15384,0.9244669786791472
361,3591.428224728928,44.99736939714908,0.6921862667719021,0.30413049197579584,0.0005261773217574323,0,7.3285152076588345,0.8507680339501544,0.818697156212152,3801,21,20.91108269108478,3.5123366292926557,2.2690992018244014,6.0,10.317,0.0,0.18299073077768838,0.9590660747823118,1.0403439719346281,0.039363621453173694,41.502552,908,969,0.9370485036119711,2707,2789,0.9705987809250628,4729,4868,0.9714461791290058,14125,14802,0.9542629374408864
362,2433.843659238354,65.31262066730045,0.5567024886877828,0.4396210407239819,0.0005656108597285068,0,8.354323922571709,0.8592237328405039,0.6060479213296749,7072,25,23.849600999558515,3.5218257709616303,1.7886715773431547,4.0,23.175,0.0001413827230312456,0.2846963146872962,0.9562770923641214,1.0444166144854936,0.043343036006220345,62.552364,864,914,0.9452954048140044,2430,2492,0.9751203852327448,4234,4339,0.975800875777829,15415,16247,0.948790545946944
363,3576.7687715984302,86.46996043959679,0.5643444871091607,0.4320351069665387,0.0,0,7.9973065618064805,0.8694412672814054,0.6812952734539156,9115,21,21.692302698533467,3.824286289183914,2.8417573872472786,8.0,32.979,0.003825136612021858,0.441428217562694,0.9379943400333793,1.0589115596598169,0.05586955777069846,81.553442,222,248,0.8951612903225806,997,1054,0.9459203036053131,2132,2273,0.9379674439067311,22502,23987,0.9380914662108643
364,-2681.053913902867,48.77046990285715,0.38560687432867885,0.6087540279269602,0.0010741138560687433,0,5.936794264272271,0.8575555459470892,0.4491428661288052,7448,19,25.44026211010469,3.385581327925159,2.1413649025069637,5.0,32.302,0.0021436227224008574,0.3926246955588238,0.9643151367992022,1.033595891901301,0.03469780679725431,45.523734,968,1020,0.9490196078431372,2926,3002,0.9746835443037974,5018,5153,0.97380166893072,13328,13888,0.9596774193548387
365,5471.96130877364,55.71774426009113,0.7766720666512381,0.21962508678546633,0.0011571395510298543,0,13.683236712217788,0.8737769962429531,0.8568707794271968,4321,25,21.37961553550743,3.4617838582808087,1.930274135876043,6.0,8.858,0.0,0.17284280253508397,0.9761484498755375,1.0225427495804418,0.023986217863768883,52.968356,1285,1354,0.94903988183161,3247,3329,0.9753679783718835,4877,4954,0.9844570044408558,12159,12458,0.9759993578423503
366,3742.9572834021315,103.63840895704071,0.5524832687566045,0.44399436421275096,0.0,0,7.587733577513955,0.8574001579300163,0.6260847091123821,11356,31,20.160382780009847,3.8834206672332523,2.3917755817660185,6.0,40.085,0.000967713556787191,0.3653839544539964,0.9449165770578237,1.053557765876052,0.05095960759785364,98.913526,150,158,0.9493670886075949,577,598,0.9648829431438127,1342,1378,0.9738751814223512,25172,26695,0.9429481176250234
367,4815.53019509591,116.92198630707259,0.5693536673928831,0.4283063019446462,8.069071249899137e-05,0,12.659951022844218,0.8668039043862334,0.6368760655964709,12393,26,21.727850721205442,3.8109768385846596,2.2854308390022675,6.0,42.023,0.0068915778507893264,0.4821888063429961,0.94610009981463,1.051859799713877,0.049535813512231484,111.949432,211,223,0.9461883408071748,878,915,0.9595628415300547,2164,2208,0.980072463768116,23287,24706,0.9425645592163847
368,4461.503316061521,56.172497361030096,0.6922918384171476,0.30420445177246497,0.00020610057708161583,0,11.209849040821886,0.880884775816911,0.7704314245182519,4852,29,22.670191410313635,3.5515830429772746,1.9041381363501042,6.0,12.26,0.000206058108386565,0.16967012137391177,0.9629724208375894,1.036249519661842,0.036180162441545656,52.91831,912,989,0.9221435793731041,2689,2779,0.9676142497301188,4522,4662,0.96996996996997,14503,15066,0.9626310898712332
369,2856.4085336068792,75.82982209037343,0.5599226024912323,0.4365703228927319,0.00036280082234853067,0,11.082863044789534,0.8604912268467344,0.6034111483362181,8269,31,21.986743008133274,3.5689435442111956,1.734989200863931,4.0,26.859,0.0008458192363460609,0.26760791823821206,0.9474650991917708,1.0531462237132805,0.05171479445691724,73.198378,729,783,0.9310344827586207,2097,2170,0.9663594470046083,3794,3924,0.9668705402650357,16591,17621,0.9415470177628965
370,1561.9825173216445,80.53859984856265,0.5174963549260571,0.47812955634242865,0.00041657987919183504,0,11.222128961135793,0.8733023900568713,0.5563823120249548,9602,32,22.610184870123124,3.534487692642599,1.612396860535319,4.0,32.879,0.0009364270107168869,0.30040917289873054,0.9586347843858574,1.039860570022555,0.03983516483516483,78.384168,834,881,0.9466515323496028,2286,2376,0.9621212121212122,3464,3585,0.9662482566248256,16869,17623,0.9572150031209216
371,3385.3684309404866,44.822257950146835,0.6768921297460397,0.31908473723912495,0.0007543374402816193,0,12.511542143492715,0.865611733582756,0.7720812510565126,3977,16,22.888683727404036,3.0466021700307326,1.7548291233283804,4.0,9.968,0.00025138260432378077,0.25149033296306067,0.9661707988980717,1.032201049433858,0.032154855223164296,42.44173,2169,2297,0.9442751414888986,4195,4289,0.9780834693401725,4608,4731,0.974001268230818,6564,6833,0.9606322259622421
372,3639.8430773782306,67.76176964810735,0.601395486935867,0.3945961995249406,0.0002969121140142518,0,10.98239870583916,0.8459895147133732,0.6777219756527605,6736,32,21.721900710364096,3.7198317813578035,2.1204640829424832,6.0,21.171,0.00014843402107763098,0.20943919951161055,0.930893198579623,1.0697483267446868,0.06549246982459979,64.062258,474,505,0.9386138613861386,1590,1649,0.9642207398423287,3255,3395,0.9587628865979382,18537,20078,0.9232493276222732
373,5964.780150269081,71.8538950157639,0.705003248862898,0.2919103313840156,0.0003248862897985705,0,12.913134892243841,0.8525833944567824,0.7833768735275208,6156,24,24.63700578167139,3.6399797793570294,2.1963133640552996,6.0,16.091,0.0003247807729782397,0.2565191926659403,0.9321479664827305,1.0676019361719584,0.06375569247254219,68.331582,635,674,0.9421364985163204,1970,2064,0.9544573643410853,3930,4121,0.9536520262072312,16270,17606,0.9241167783710099
374,8691.658186744371,97.04076272141259,0.7309644670050761,0.2659403243778631,0.0,0,12.273436418883723,0.8511413692263738,0.8174797031988698,8077,23,21.55190275314131,3.8333224198033804,2.4940718157181574,7.0,21.47,0.0006186587478346944,0.3482764392326355,0.943073391204534,1.0552915766738662,0.052477737747263956,93.028166,234,249,0.9397590361445783,851,893,0.9529675251959686,2205,2312,0.953719723183391,23001,24424,0.9417376351130036
375,4335.439574170831,67.94921801575003,0.6348159509202455,0.36088957055214727,0.0009202453987730061,0,12.517277314834388,0.857879900519972,0.6932554292690926,6520,19,21.498258110653804,3.440244907256125,2.0608842715631797,5.0,19.072,0.0007662835249042146,0.34294317386821355,0.9385756394409052,1.0596244804357173,0.05837586176022921,65.77386,1378,1469,0.9380530973451328,3109,3229,0.9628367915763394,3976,4169,0.953705924682178,11279,12167,0.9270156982000494
376,3036.7439907776775,92.36901935820059,0.5403257846642828,0.455502582439412,0.0001986491855383393,0,12.976393695225676,0.841250998535888,0.657100488924718,10068,28,21.80583663947384,3.892393206367064,2.737683823529412,7.0,37.689,0.0023781212841854932,0.35851025439666984,0.9056346126203824,1.090965032939984,0.08342939955864431,85.353194,144,156,0.9230769230769231,504,531,0.9491525423728814,1334,1421,0.9387755102040817,23220,25720,0.9027993779160186
377,-766.471835633897,98.5747568122177,0.4566022861647615,0.5394560504532913,0.0,0,9.98487737129945,0.8559883991866054,0.596021313049393,12685,26,24.250474788624636,3.9305881412636623,3.113432320441989,9.0,54.101,0.00867458580806502,0.4952262772800967,0.9355490834332705,1.05840475532209,0.05501230410568579,90.05118,98,105,0.9333333333333333,325,352,0.9232954545454546,856,919,0.9314472252448314,26025,27809,0.9358481067280376
378,3363.4027385391532,52.92931381010981,0.6328788776921557,0.35981031416716064,0.0021734835012843312,0,10.248761396373698,0.8608235244562199,0.6997676078388392,5061,24,23.343768560685582,3.2193647097047093,1.88198563846394,5.0,14.383,0.0,0.208784509289149,0.964167585446527,1.0330129334205627,0.03561935140882509,50.76157,1758,1867,0.9416175682913765,3618,3724,0.9715359828141783,4495,4620,0.9729437229437229,9368,9743,0.9615108282869753
379,3825.18457928234,102.08718462145575,0.5570494186046512,0.4402252906976744,0.00027252906976744186,0,10.237605577502997,0.8685903005243318,0.6273971181268813,11008,32,20.39047327384999,3.8274556438826455,2.123450750163079,6.0,37.218,0.0018135654697134566,0.3492935091342647,0.9546307774039313,1.042572882924572,0.04177696327971221,97.49258,230,259,0.888030888030888,888,926,0.958963282937365,1810,1902,0.9516298633017876,24026,25148,0.9553841259742325
380,4197.5164331517235,82.8056791804844,0.5949681077250177,0.40184266477675407,0.0008268367587999055,0,10.954011529203624,0.8642838618451308,0.6544476200886019,8466,23,24.19731371147512,3.4970209114686592,2.0645225332539208,5.0,27.164,0.0021216407355021216,0.3601572922255761,0.9450637955152389,1.053292470097476,0.052532230210048596,79.819622,858,930,0.9225806451612903,2478,2561,0.9675907848496681,3904,4036,0.9672943508424182,15055,16064,0.9371887450199203
381,5716.024812025572,103.83051345599279,0.6062200956937799,0.38985645933014357,0.00028708133971291867,0,11.878307391095728,0.864847294418825,0.6576305657764229,10450,32,23.451577637672045,3.740954490510445,2.094711917916338,6.0,32.235,0.0005738332058148432,0.3210113897056301,0.951803218050675,1.0454967502321262,0.04422682599165665,100.234822,379,412,0.9199029126213593,1280,1324,0.9667673716012085,2731,2852,0.9575736325385694,21342,22447,0.9507729317948946
382,8727.250322136293,108.49063517406971,0.6956703618489856,0.29962350972599877,0.00010458063166701528,0,12.746668584645253,0.8627049884574507,0.7422217582917255,9562,21,22.24265531106925,3.5791063887071326,2.0526157546602524,5.0,25.289,0.0036469730123997084,0.45019698463340185,0.9576590826134567,1.0424252275682704,0.04121787144690283,105.786624,870,918,0.9477124183006536,2204,2231,0.9878978036754819,3255,3313,0.9824932085722909,17284,18195,0.9499312998076395
383,5715.104771010754,89.61091365635804,0.6323322383857344,0.36332707648991086,0.00011731581417175035,0,10.353689779795705,0.8449477194824758,0.6990890851296566,8524,29,22.841062056629916,3.761338988508328,2.136734693877551,6.0,25.499,0.00011730205278592375,0.28925947407435737,0.9248799231508166,1.0750945434900054,0.0704029147021003,85.611718,396,433,0.9145496535796767,1336,1407,0.9495380241648899,2844,2971,0.9572534500168294,19494,21214,0.9189214669557839
384,6778.127266386298,68.37916180795901,0.7794201250710631,0.21849535721053628,0.0007580064430547659,0,9.550828210860674,0.8547311047853494,0.8455641478771305,5277,20,20.669152325601033,3.588775373614079,2.3761244833454898,6.0,12.358,0.00018946570670708602,0.2557131218872563,0.9553464073966582,1.0431711472140275,0.04255488071136517,65.843462,871,931,0.9355531686358755,2178,2253,0.966711051930759,3767,3878,0.9713769984528108,16226,17057,0.9512809990033417
385,6614.9661489407945,72.09747818345807,0.7428323197219809,0.2545612510860122,0.0,0,13.09153962388416,0.8591295686697354,0.8809147070304751,5755,31,24.29738578167957,3.801393262010816,2.5099415204678364,8.0,14.773,0.0,0.1847906010354557,0.9575848669257276,1.0415073529411765,0.04008164127107013,67.100558,366,396,0.9242424242424242,1196,1230,0.9723577235772358,2822,2902,0.972432804962095,21737,22750,0.9554725274725274
386,5562.273564920285,75.22845100025964,0.6705357142857142,0.32708333333333334,0.0,0,11.881262117768046,0.8356045618711965,0.7432536279489989,6720,27,22.55848340971893,3.67912853724172,2.0206391478029295,5.0,18.441,0.0,0.25082615092193017,0.9441539259909784,1.0550774526678142,0.05249820341162676,71.7123,622,662,0.9395770392749244,1984,2050,0.9678048780487805,3739,3860,0.9686528497409327,17307,18479,0.9365766545808756
387,5918.494728219085,66.76001865829703,0.7297004691447131,0.2675929267412486,0.0005413208228076507,0,10.894695566329897,0.8393980981334515,0.8127861990509789,5542,26,23.57310225267979,3.641412571146812,2.180761622156281,6.0,13.889,0.00018040772145047808,0.2092378633235741,0.9534085922852926,1.04516,0.043934251172724155,63.579056,630,680,0.9264705882352942,2018,2112,0.9554924242424242,3808,3960,0.9616161616161616,17445,18317,0.9523939509745045
388,4395.617752056038,52.40197644796157,0.7097637093178778,0.2880071333036112,0.0,0,10.901857419359066,0.840314043578354,0.7855083162629729,4486,18,23.742612662626307,3.231170336477114,2.0439698492462313,6.0,11.025,0.00022286605749944285,0.24618676181725918,0.9544338062058249,1.0454682627502263,0.04362625245697301,50.136602,1616,1727,0.9357266936884772,3639,3778,0.963208046585495,4673,4880,0.9575819672131147,9112,9564,0.9527394395650356
389,3434.61007156627,73.76553402362369,0.5797120591731607,0.4164575353321886,0.0001320829480914014,0,10.485002147547496,0.8571799948083231,0.6864648401674887,7571,20,24.86921930330142,3.655538098910667,2.2517657780815674,7.0,24.897,0.0019773266543633007,0.3763155841446442,0.9639045825486503,1.033429145174627,0.03282358744734945,69.018444,656,702,0.9344729344729344,1998,2046,0.9765395894428153,3790,3884,0.9757981462409887,18124,18856,0.9611794654221468
390,3744.9422776115434,66.66849640015288,0.6072562358276644,0.38760393046107333,0.00045351473922902497,0,12.981559389901253,0.8474415419795115,0.7115342283830149,6615,16,19.36636717105425,3.476095647946622,2.5688324620363456,7.0,21.878,0.003014318010550113,0.40623683843785097,0.9508683324472799,1.0474264379055915,0.04598478444632291,63.302536,1115,1179,0.9457167090754877,2891,2965,0.9750421585160203,4529,4652,0.9735597592433362,12928,13776,0.9384436701509872
391,6116.132227967527,79.4857405187764,0.6788977727013136,0.31767561393489435,0.0,0,12.093465761303717,0.8594356414999138,0.7872786651245987,7004,27,21.003342060296063,3.797628280526315,2.4231335436382757,7.0,20.08,0.00028546959748786756,0.2588393157743712,0.9505565147118246,1.0470466779736007,0.04514205541915117,74.723332,359,379,0.9472295514511874,1203,1258,0.9562798092209857,2539,2687,0.9449199851135095,21776,22899,0.9509585571422333
392,1234.8208689921896,57.907024452186754,0.514229188860143,0.48272713437832904,0.00015218383807639628,0,10.202124720560569,0.8537457938254362,0.6203363865735765,6571,20,23.616520957476084,3.4921967683909174,2.085232317253625,6.0,23.877,0.0018228771077016558,0.3322377171363192,0.9576687903536153,1.0414059151307329,0.04029709877303131,53.69515,950,986,0.9634888438133874,2753,2798,0.9839170836311651,4774,4882,0.9778779188857026,13920,14721,0.9455879356022009
393,3333.675634185683,44.10968936322026,0.6772266943651,0.31887821345105166,0.0015580368735393405,0,8.743078560184705,0.845621901004863,0.7486519288009714,3851,23,23.15926603590302,3.285423195386072,2.013420245398773,6.0,10.255,0.0,0.16375227301134415,0.9503818674550382,1.05061789421651,0.04985955056179775,41.48136,1440,1537,0.936890045543266,3668,3799,0.9655172413793104,4902,5072,0.9664826498422713,9278,9887,0.9384039648022656
394,2477.3818102301207,122.56359519886594,0.5160592096075967,0.47996089931573804,0.0,0,12.839593385597004,0.8605012002676483,0.6051621822193304,14322,31,21.174497742339035,3.9116495167110696,2.77323772155324,7.0,55.438,0.0067272348983979475,0.46057220785406305,0.9488969086204548,1.048229423024337,0.045960957547016595,116.708472,119,126,0.9444444444444444,409,417,0.9808153477218226,960,985,0.9746192893401016,26383,27844,0.9475290906478954
395,4703.970321673045,48.11340529948695,0.7738412360149174,0.2237613212573255,0.0,0,7.605237850493189,0.8624768831567593,0.8369499850366797,3754,17,24.645278693404183,3.122784187397604,1.8667814113597245,5.0,7.769,0.0,0.22126461662952046,0.9561535461585604,1.0444767279432308,0.04302623160588612,45.95553,2204,2350,0.9378723404255319,3869,3996,0.9682182182182182,4294,4452,0.9645103324348607,6795,7151,0.950216752901692
396,4510.1493454909405,68.203426316269,0.6413535007016997,0.3555278340870108,0.0001559332605644784,0,11.713265360247338,0.8675959675190335,0.7168233940477912,6413,16,24.866830271638957,3.460939082455885,2.340870410892293,6.0,19.386,0.0017123287671232876,0.398504305510444,0.9580943978826643,1.0411559056511925,0.04022015241320914,65.088738,1068,1155,0.9246753246753247,2951,3034,0.9726433750823995,4424,4561,0.9699627274720456,13277,13920,0.9538074712643678
397,4447.215325345912,105.71034313100719,0.5733604383949089,0.42372282128336575,0.0,0,14.351665609118092,0.8503553443957464,0.6134498013881354,11314,23,21.438652731478008,3.6226358313500735,2.3198705102512718,6.0,38.578,0.007891967730620834,0.49319149268773,0.9308761186999529,1.0670243402106592,0.06324459479335197,103.125012,571,610,0.9360655737704918,1617,1702,0.9500587544065805,2798,2923,0.9572357167293876,18729,20241,0.925300133392619
398,5238.785042679372,82.9943636039893,0.6302189409368636,0.36685336048879835,0.00012729124236252545,0,12.44656469337151,0.8515804550868342,0.7271223949939453,7856,21,24.790695660934315,3.7034518660894196,2.465966471419915,7.0,24.972,0.0020325203252032522,0.37895486850877724,0.938218222897433,1.0608219178082192,0.057841230227180976,78.412638,504,544,0.9264705882352942,1595,1698,0.9393404004711425,3211,3375,0.9514074074074074,18775,20054,0.9362222000598385
399,6489.962836442135,98.62769413501583,0.6415114651738616,0.35579717945957584,0.0,0,13.362565723863455,0.8543625134682096,0.7223137618638761,9289,22,23.83862009260921,3.733644512052704,2.2008726296358447,6.0,27.42,0.002684131415074082,0.4219280291255968,0.9476315789473684,1.049915046252596,0.04772133319013353,93.818206,401,437,0.9176201372997712,1417,1467,0.9659168370824812,2907,3015,0.9641791044776119,20482,21681,0.9446981227803145
400,5612.418430772391,54.472729294287554,0.8018410852713178,0.19452519379844962,0.002180232558139535,0,15.16552449165789,0.8525491537967119,0.855672638222926,4128,16,22.90014072167222,3.1058438524943934,1.747129909365559,4.0,7.567,0.0,0.24991186279010896,0.957875868250056,1.0415518695529942,0.04283952603077583,52.798306,2320,2445,0.9488752556237219,3761,3865,0.9730918499353169,4234,4396,0.9631483166515014,6785,7146,0.9494822278197593
401,5360.926942464881,91.37446707546947,0.6196902654867257,0.377212389380531,0.00011061946902654867,0,11.737132870511207,0.832951543038405,0.6851482030195155,9040,19,25.190866749453146,3.4546159633951654,2.5480185647982863,6.0,29.758,0.0069207953421948805,0.4772284527854018,0.8923979751825472,1.1074067399531446,0.09700254844059707,88.911572,993,1045,0.9502392344497608,2286,2411,0.9481542928245541,3035,3324,0.9130565583634176,13607,15543,0.8754423213021939
402,4515.279565835371,80.27237626408382,0.6100779090223675,0.3875345564212114,0.00012565971349585322,0,5.900997115181913,0.8403539488050865,0.6690429739551085,7958,21,24.04829951527406,3.6799726083670286,2.48259526261586,6.0,26.333,0.001881349554747272,0.3771021682483859,0.9285882352941176,1.0703432530310186,0.06596827955019963,77.23948,544,577,0.9428076256499134,1544,1612,0.9578163771712159,2961,3125,0.94752,18630,20186,0.9229168730803528
403,4442.867917067855,56.51385502159072,0.6869967793880838,0.3101851851851852,0.00020128824476650564,0,4.5041696327664,0.8318881226887277,0.7717415376731926,4968,16,24.211242841022617,3.4263794959139693,2.31790213888075,6.0,13.742,0.00040241448692152917,0.3130903584139121,0.9342577415496389,1.0642618570474283,0.06164782174925174,53.651352,934,1023,0.9130009775171065,2529,2698,0.9373610081541883,4347,4586,0.9478848669864806,13279,14266,0.9308145240431795
404,6079.994095619807,56.36754865221671,0.8267182962245886,0.17086156824782187,0.0002420135527589545,0,14.005118748189593,0.8584570709149465,0.8883718186464835,4132,19,21.892615391919822,3.217957831418384,2.00556206088993,5.0,7.654,0.0,0.21701513317488003,0.9483555742355785,1.0521299562950872,0.04972541188217673,54.197092,1902,2017,0.9429846306395637,3367,3464,0.9719976905311778,4269,4450,0.9593258426966292,8513,9103,0.9351862023508734
405,6011.697375937391,61.59824501071694,0.7712634186622626,0.22646573080099092,0.0,0,11.350683187015868,0.857075108506628,0.8610065108957873,4844,27,21.80165126370442,3.528030110847143,2.2007494646680943,6.0,10.973,0.0,0.17922764249427398,0.9662415603900976,1.0330326568111585,0.0319925767539436,58.627418,884,962,0.918918918918919,2441,2518,0.9694201747418586,4279,4395,0.9736063708759954,15580,16119,0.9665612010670637
406,6053.825122258369,75.17853968175852,0.6935785536159601,0.30346009975062344,0.00015586034912718204,0,17.613371332055245,0.8634672087174867,0.8111526122383763,6416,27,24.134761590193236,3.7466164739157324,2.3887640449438203,7.0,17.69,0.0,0.23892151417185434,0.9575269222079976,1.0403341649656006,0.03907663362037774,70.027452,433,480,0.9020833333333333,1533,1585,0.967192429022082,3167,3282,0.9649603900060938,20297,21211,0.9569091509122625
407,3297.4926651447086,54.108673525799865,0.6223084384093114,0.3732298739088264,0.0003879728419010669,0,13.608149181498488,0.8518889276363902,0.7364228040674577,5155,21,20.74340981071616,3.4648514824647703,2.088840399002494,7.0,15.489,0.0,0.24832821408342765,0.9658825087169528,1.0334498473518872,0.0327854855923159,50.161826,1072,1132,0.9469964664310954,3152,3218,0.9794903666873834,4962,5057,0.9812141585920506,12698,13250,0.9583396226415094
408,4708.024623696554,62.49643601623743,0.6767892026283076,0.32019179541822057,0.0003551767004084532,0,12.595345140543799,0.8466906675216584,0.7327825608951452,5631,26,20.418355041256476,3.422662641600177,1.9632642351088954,5.0,14.871,0.0,0.21841951359298156,0.9518368461783584,1.0472581160677594,0.04628142230712456,60.118714,1205,1300,0.926923076923077,3002,3097,0.9693251533742331,4359,4516,0.9652347209920283,12343,13054,0.9455339359583269
409,5724.156944541449,76.26615808863069,0.6730126435111176,0.32451678535096645,0.00014532771399505885,0,11.466459622730865,0.8543735760702513,0.7445540101917464,6881,22,21.69373372714258,3.6439662692215915,2.3711941265385446,6.0,19.885,0.0007261109497531223,0.3150920826918561,0.9443342326614823,1.0549380502768815,0.05265927457244879,73.283068,566,621,0.9114331723027376,1814,1902,0.953732912723449,3608,3788,0.9524815205913411,17813,18893,0.9428359709945483
410,4610.801151048018,73.26525921411778,0.6295602018745494,0.36712328767123287,0.00014419610670511897,0,10.453743144255366,0.8592142852974901,0.7325901100228709,6935,16,22.588721206488586,3.517427123037376,2.697205680256528,7.0,22.701,0.004021255206089329,0.43860316331558136,0.9263705308775732,1.0719954648526078,0.06782742183081522,69.42315,821,910,0.9021978021978022,2381,2516,0.9463434022257552,4333,4541,0.9541951112089848,13841,15108,0.9161371458829759
411,4736.483368139104,101.49506183549686,0.5803977272727273,0.41638257575757576,0.0002840909090909091,0,10.012873361841432,0.830399221553125,0.6730944410042489,10560,27,24.004346716442033,3.8330846007460115,2.5969978789362047,7.0,36.789,0.0022675736961451248,0.3878564161819054,0.9134460547504025,1.0830906476941793,0.07779540315231699,96.591186,196,212,0.9245283018867925,740,800,0.925,1839,1999,0.919959979989995,22184,24313,0.9124336774565047
412,4928.0005823916645,101.07393757423543,0.5841901066925316,0.41183317167798256,9.699321047526673e-05,0,14.050031981527404,0.8452311751837066,0.6850685642031222,10310,30,20.749067712097506,3.8818023681006437,2.4989208035862527,7.0,35.219,0.0008721775365830022,0.35318205538141234,0.9411497148455268,1.0563637641436503,0.053327150475307214,94.335804,163,174,0.9367816091954023,612,638,0.9592476489028213,1474,1539,0.9577647823261858,24650,26230,0.9397636294319481
413,6287.88118139618,77.91412882244356,0.6959073126692747,0.3013842913030394,0.0001504664459825459,0,8.677853612951408,0.8654867128993402,0.788588056100714,6646,26,20.730723360543962,3.7010952456234216,2.3065945945945945,7.0,18.163,0.00015044380923724988,0.25463361721888705,0.9541434779294046,1.0452007648183557,0.043915594591639635,74.173844,461,509,0.9056974459724951,1627,1684,0.9661520190023754,3135,3264,0.9604779411764706,19808,20777,0.9533618905520528
414,4118.12547675231,54.84843227635085,0.6749896822121337,0.32212133718530744,0.0006190672719768881,0,8.924892981263351,0.8702095724035189,0.7673830203210632,4846,26,25.363512507707753,3.4637534485176626,1.9040048914704983,6.0,12.699,0.00020631318341242006,0.18521172795380966,0.9640699946704565,1.034811678181413,0.03476657950015004,51.47235,1056,1149,0.9190600522193212,3095,3211,0.9638741824976643,4766,4901,0.9724546011018159,12790,13255,0.964918898528857
415,3477.8069414218994,90.2349827031316,0.5625126441432329,0.43414930204329355,0.0,0,8.642340403682411,0.8636478419978058,0.6018352179061444,9886,25,21.52671173608782,3.427972331613845,2.067074267218126,5.0,32.619,0.0019182231196365471,0.39433859975915075,0.963970313860442,1.0353820598006644,0.0344675740592474,88.468748,1034,1098,0.941712204007286,2297,2333,0.9845692241748821,3385,3448,0.9817285382830626,16534,17240,0.9590487238979118
416,2520.7503858249934,36.448023669360666,0.6535219747140277,0.3443708609271523,0.00030102347983142685,0,11.716232046856739,0.8582510336573342,0.7661269174705427,3322,20,19.084198289181508,2.9575495689458746,2.0059880239520957,7.0,9.207,0.0,0.16906284640411195,0.970855435644168,1.028777417975194,0.028606965174129355,33.870774,2637,2768,0.9526734104046243,4458,4555,0.9787047200878156,4145,4241,0.9773638292855459,4683,4837,0.9681620839363242
417,1472.1587128073472,77.59392058490731,0.5143837132108874,0.48174374861695063,0.00033193184332816993,0,14.993463295265748,0.8621474600481377,0.590839718154387,9038,19,21.92003244870959,3.4709139775181073,2.189718218971822,6.0,33.24,0.0075765894366970465,0.4730069008801443,0.953605537544905,1.044272323196761,0.0431757209926224,73.499834,1059,1140,0.9289473684210526,2809,2912,0.9646291208791209,4316,4442,0.9716343989194057,13583,14332,0.9477393245883338
418,5578.713133328491,59.23469992746555,0.7533095188064719,0.24290817398613154,0.0002101281781886951,0,11.355161111321115,0.8558224096978743,0.8313201576804344,4759,28,24.18360958260411,3.4711274786021558,2.1489539748953974,6.0,10.97,0.0,0.16988445955620923,0.9564036337727111,1.0448214285714286,0.04377448475557827,56.48143,1105,1199,0.9216013344453712,2838,2970,0.9555555555555556,4169,4323,0.9643765903307888,13365,13964,0.957103981667144
419,5532.579560188479,60.887734709005755,0.7394324270688629,0.2565985314546537,0.0005953562214725144,0,8.0226815151362,0.8766550908765346,0.7897662633417856,5039,20,23.146029314763425,3.259825168977861,1.9264626945786365,5.0,11.535,0.0,0.2570184335995171,0.9660038486209108,1.033475079113924,0.03320135476792444,59.105404,1799,1880,0.9569148936170213,3377,3442,0.9811156304474143,4073,4204,0.9688392007611798,10329,10741,0.9616423051857369
420,4717.649429451626,75.32271388423756,0.6310101150062353,0.36594152695025634,0.0,0,8.904864663499122,0.8545301817178388,0.6868187912422623,7217,18,19.949950730964623,3.2814113591310416,1.9189723320158103,5.0,20.939,0.0013837000138370002,0.4004032008358833,0.9707918749140263,1.0284690972541097,0.02772948152110918,72.635752,1550,1604,0.9663341645885287,3121,3170,0.9845425867507887,4001,4071,0.9828052075657087,12500,12964,0.9642085775995063
421,5045.312266798619,94.81161089929908,0.6031213993924793,0.3935267623337174,0.0,0,11.515590773545505,0.8631150995442065,0.6703800355916786,9547,24,23.610342361487756,3.714682520204106,2.2313303230288293,6.0,30.656,0.005727973338887732,0.40076042473349094,0.9562760261748959,1.043335693259306,0.04175573606954539,90.889758,449,477,0.9412997903563941,1392,1416,0.9830508474576272,2742,2796,0.98068669527897,21137,22207,0.9518169946413293
422,1725.680619035926,99.16634719000008,0.5097058574213783,0.48690345002966856,0.0,0,15.795595459884556,0.867898925807221,0.5809443249463938,11797,28,24.31726218046382,3.63805340101029,2.4716447696657244,6.0,44.838,0.003884150975259647,0.4154516044817027,0.914648861716676,1.0852242850786717,0.07843427978352732,94.095668,570,604,0.9437086092715232,1856,1903,0.9753021544929059,3202,3315,0.9659125188536953,17112,19040,0.8987394957983194
423,6618.460917743113,72.97826485104532,0.7392983045156958,0.2593587376196072,0.0,0,13.10603094366028,0.860226537399019,0.847304166701207,5957,23,22.791803660508947,3.605068877801727,2.194141689373297,6.0,14.312,0.0,0.2595897176071222,0.9575064977928133,1.0428276147168252,0.04129256812878219,69.707978,805,867,0.9284890426758939,2292,2376,0.9646464646464646,4013,4158,0.9651274651274652,16099,16838,0.956111177099418
424,6629.101225196929,98.7869319013115,0.6440989094050319,0.35233776050102583,0.0,0,10.186943140526889,0.8544468819516353,0.7361058437036766,9261,27,25.259239635294172,3.830086214472943,2.458843252305113,7.0,28.591,0.0012940795858945326,0.3380013143130083,0.9427610632132508,1.0549766439094503,0.05218364302183643,94.305168,242,263,0.9201520912547528,789,834,0.9460431654676259,2043,2138,0.9555659494855004,23279,24718,0.9417833158022494
425,7852.88145099781,77.85109595395822,0.785679012345679,0.2116872427983539,0.0,0,11.379112335408607,0.8419287152941514,0.8378578094843891,6075,18,20.956927664048564,3.3974465204560143,2.0949088623507226,5.0,12.969,0.0,0.34025403645578767,0.9413107581090079,1.0578756674294432,0.054756338787987774,75.870258,1549,1634,0.9479804161566707,2904,2985,0.9728643216080402,3805,3933,0.9674548690566998,11534,12474,0.9246432579765913
426,8971.746234871833,89.21829287714077,0.783102694828842,0.21383831026948288,0.0,0,12.341986842568446,0.8479185240853057,0.9002752482959852,6865,17,23.42906711405302,3.6852773909490644,2.478422619047619,7.0,16.263,0.000727802037845706,0.4077570070597052,0.9401023822000081,1.0600509523231834,0.05665614662154454,85.096916,620,658,0.9422492401215805,2046,2101,0.9738219895287958,3921,4051,0.9679091582325352,16736,17999,0.9298294349686094
427,2152.3772491439217,99.83634937845419,0.5164020240795673,0.48028267318094575,0.0,0,10.869133276861412,0.8390681350239871,0.6399916045050497,11462,24,21.95305737908989,3.8605613000099326,3.0474742355127553,8.0,45.475,0.007619047619047619,0.4738742804587499,0.9255599942930518,1.0710594315245479,0.06618259334510208,93.573284,171,178,0.9606741573033708,653,686,0.9518950437317785,1764,1858,0.9494079655543596,23361,25314,0.9228490163545864
428,4508.375507362286,66.39367338119469,0.6456358287021903,0.34995096436744033,0.0,0,10.182562506609434,0.8386217649815151,0.7343557434966275,6118,22,23.240522003115657,3.5889593205041814,2.3762025316455695,7.0,18.864,0.00016342539630658605,0.2780530219032571,0.9390712436315042,1.0604956878506238,0.05746674014012438,62.66282,756,807,0.9368029739776952,2377,2464,0.9646915584415584,3941,4083,0.9652216507469997,15413,16592,0.9289416586306654
429,3288.516171780038,73.66578717763039,0.5743899239044871,0.42272369456835474,0.0002623983206507478,0,10.810979492612224,0.8556467761469935,0.6608245002911257,7622,29,23.69438320871417,3.682299537160457,2.1861580630424853,6.0,25.31,0.00039344262295081965,0.26679873806979093,0.939411695769366,1.0600086230549133,0.056918656056587094,69.433374,496,534,0.9288389513108615,1633,1727,0.9455703532136653,3421,3591,0.9526594263436369,18498,19747,0.9367498860586418
430,3979.1925059149044,57.64152120283583,0.654159560356263,0.3437559219253364,0.0005685048322910744,0,9.86809128175348,0.8448832500723541,0.727742615049185,5277,32,22.41686957538029,3.4650521041682456,1.9342410196987254,5.0,14.679,0.0,0.16329896511327305,0.9562370930181466,1.0434055291424547,0.04249232193192814,54.733016,1101,1166,0.9442538593481989,2694,2798,0.9628305932809149,4399,4535,0.9700110253583242,13569,14260,0.9515427769985975
431,2885.2802951918393,83.13968802431967,0.5452815403559834,0.4512481809022725,0.00011194447554013209,0,12.225388820902992,0.8460645720774255,0.6893140646349071,8933,19,23.20719218257078,3.7899159464176297,3.156230753438719,8.0,34.64,0.006892718176764869,0.4822587688018166,0.9288989129630999,1.0674755294205218,0.0637635004153974,76.435056,289,307,0.9413680781758957,1025,1078,0.950834879406308,2463,2598,0.9480369515011547,21346,23063,0.9255517495555652
432,4842.467871952619,90.02009405878984,0.60226264418811,0.39407719609582964,0.00011091393078970719,0,14.676082548602805,0.8543275766753433,0.6606169622377752,9016,25,18.788256635430308,3.6484759289515925,2.20865561694291,6.0,28.722,0.0018819882652496402,0.3563016744556312,0.9502595155709342,1.0485563269170086,0.04674088234191686,86.653508,622,667,0.9325337331334332,1835,1898,0.9668071654373024,3356,3475,0.9657553956834533,18354,19392,0.9464727722772277
433,4359.797966728785,59.88096777471322,0.6646862235425176,0.33141477905681394,0.0,0,7.911009892697772,0.8525633736263973,0.7712514934662205,5386,18,21.96606218530605,3.4241880150664343,2.1497206703910616,6.0,15.159,0.000556689552792726,0.2980090040200577,0.9616606272088758,1.0380064539261384,0.036674711256679884,56.546536,1230,1300,0.9461538461538461,2954,3029,0.9752393529217563,4395,4524,0.9714854111405835,12917,13500,0.9568148148148148
434,2109.816485641924,98.15795591724007,0.5168757731047888,0.4790599045767803,0.0,0,9.284601237511273,0.8562431733775092,0.6276361907880381,11318,24,21.70270434076823,3.8685976406406914,3.032136752136752,8.0,44.622,0.00806310254163015,0.4738881204148333,0.9425424025179228,1.0552898142937535,0.05261239770731869,91.68107,178,192,0.9270833333333334,576,605,0.9520661157024793,1454,1527,0.9521938441388343,24744,26271,0.9418750713714743
435,4586.589312606778,74.92209426572019,0.6278686271815308,0.3688333104301223,0.0005496770647244744,0,12.16044846531095,0.848674372039934,0.6767992154774181,7277,17,22.474261658270176,3.1949864210674437,2.0048150579995623,5.0,21.395,0.0030141115221263186,0.4341847037298098,0.9532114205989337,1.0462907418516296,0.045787371624191706,72.760522,1833,1940,0.9448453608247422,3253,3349,0.9713347267841147,3690,3825,0.9647058823529412,10354,10955,0.9451392058420812
436,6637.794953125352,86.02320344093444,0.681830031282586,0.31504171011470283,0.00013034410844629823,0,13.35580560698616,0.846824153967844,0.7372758814279843,7672,24,22.95969785571905,3.5387854927115967,2.140126170904225,5.0,20.715,0.0006512960791976032,0.3189018836846784,0.9193136022879924,1.0796032885292965,0.07410528005135612,83.274772,942,1001,0.9410589410589411,2223,2332,0.9532590051457976,3521,3726,0.9449812130971551,14529,16018,0.9070420776626296
437,11343.56823068062,116.35325883964242,0.7674544666088465,0.2302688638334779,0.0,0,14.489948986352854,0.843070377579405,0.8656483865672014,9224,20,19.99112756640963,3.7580822143197365,2.5841220511371663,7.0,23.015,0.002918603394227651,0.45920718653101344,0.8971334843396079,1.0985799142441288,0.0896291819248409,112.215096,395,424,0.9316037735849056,1248,1333,0.9362340585146287,2353,2549,0.9231071008238525,18976,21300,0.8908920187793428
438,3171.061821822548,122.80837115888303,0.526654740608229,0.46948121645796065,0.0,0,13.73157300261468,0.841109704432205,0.614835846203276,13975,32,21.74535014302418,3.8980757647498026,2.7563858695652175,7.0,53.368,0.005196469248291572,0.443984141283292,0.8971691004987262,1.099580257634969,0.09060950143565649,116.052624,110,124,0.8870967741935484,439,462,0.9502164502164502,1069,1149,0.9303742384682332,23387,26136,0.8948194061830426
439,3344.2521482998986,62.72787731458109,0.6004854368932039,0.39692556634304205,0.00016181229773462783,0,13.670346399905767,0.8403234783151542,0.6786543257747734,6180,30,23.269400028354426,3.516369660238594,1.9461061708434384,5.0,18.93,0.0,0.20769676201291443,0.9400572122052705,1.0602503912363068,0.05732379979570991,59.063038,962,1028,0.9357976653696498,2589,2664,0.9718468468468469,4121,4282,0.9624007473143391,14017,15098,0.9284011127301629
440,6095.431148499261,54.7265519788445,0.8481141692150866,0.15086646279306828,0.00025484199796126404,0,14.727181916626131,0.8459982348594876,0.9061008399878643,3924,17,21.79137415567997,3.1350227123531904,1.7944711538461537,4.0,6.166,0.0,0.23554574734914546,0.945680960162281,1.0529767625939956,0.051013314796000214,52.80165,2331,2454,0.9498777506112469,3406,3514,0.9692657939669892,3974,4171,0.9527691201150803,7072,7608,0.9295478443743428
441,5362.096261627003,70.34919568022923,0.6785368997744119,0.3192072188204963,0.00016113438607798906,0,14.473335720666945,0.8375609061200643,0.765940614211612,6206,31,22.13242381508365,3.680263510880317,2.257895986701496,6.0,17.566,0.0,0.2030140598477428,0.9336536536536536,1.0668754014129738,0.0631681608462433,66.366632,635,681,0.9324522760646109,1730,1805,0.9584487534626038,3371,3501,0.9628677520708369,17582,18988,0.9259532336212345
442,5414.045274445771,69.30436253847887,0.686455798864558,0.31046228710462287,0.0006488240064882401,0,14.529105158459178,0.8601792943413931,0.7473259103490073,6165,18,19.689593014984553,3.39833599037816,2.0933364839319473,5.0,16.62,0.000648403306856865,0.34489394874380075,0.9374174447734002,1.0621603105731903,0.059380489267812,67.03862,1231,1309,0.9404125286478228,2858,2942,0.9714479945615228,3940,4092,0.9628543499511242,12552,13612,0.9221275345283574
443,2994.015967369645,86.32895752543642,0.5482041587901701,0.44801512287334594,0.0,0,7.748813948497308,0.8344943416461041,0.6250732164839979,9522,23,26.368715141627,3.6465213195704496,2.7047892720306512,7.0,35.362,0.0026186236514088197,0.41910181177438977,0.9022449783379283,1.09654544013945,0.08842853552579615,82.775596,401,452,0.8871681415929203,1331,1426,0.9333800841514727,2661,2861,0.930094372596994,18515,20651,0.8965667522153891
444,5454.887451494596,84.53195231013318,0.633026365585972,0.36394600731676546,0.0,0,10.345149324695127,0.8324036625323175,0.7554781514263429,7927,30,21.351520349003895,3.865253391527153,2.6923076923076925,7.0,25.601,0.0005043500189131257,0.26701778108853946,0.902810390372762,1.0954842521138721,0.08729866389846967,78.719826,179,194,0.9226804123711341,701,746,0.9396782841823056,1563,1683,0.928698752228164,22164,24633,0.8997686030934112
445,5108.833401242373,69.82458616410946,0.6667725035719956,0.3310049214160978,0.00015875535799333228,0,8.100721172611134,0.8320959921276482,0.738030903865482,6299,22,20.83332543098704,3.499380940043894,2.249047619047619,6.0,18.024,0.0003174099349309633,0.2879187288149411,0.9334669513310967,1.0642282114105706,0.06065567060942168,66.954838,976,1064,0.9172932330827067,2468,2568,0.9610591900311527,3877,4084,0.9493143976493633,14103,15235,0.9256974072858549
446,5855.668318541308,79.55931027653074,0.6645980253878703,0.3311706629055007,0.00014104372355430183,0,8.391153916208392,0.8422951581393296,0.8019726092595948,7090,32,18.375213546350665,3.884956561442589,2.6774193548387095,7.0,21.843,0.0,0.22292770391126276,0.925457653679037,1.0737798769142695,0.0688774664234787,73.459532,165,180,0.9166666666666666,570,600,0.95,1539,1626,0.9464944649446494,23711,25672,0.9236132751636024
447,3922.006390016748,102.31965074506932,0.5561122244488977,0.4401530333394061,9.109127345600292e-05,0,11.289303766080769,0.8400979116458134,0.6705429262053771,10978,25,20.1339339798025,3.9127477802551867,2.9590499590499593,7.0,41.144,0.005075222040964293,0.4426353426478694,0.9238770025479041,1.0717800899887515,0.06704656463692608,95.995928,105,116,0.9051724137931034,431,458,0.9410480349344978,1065,1130,0.9424778761061947,24869,26947,0.9228856644524437
448,2581.49842156419,108.80854788466638,0.5220729366602687,0.4739283429302623,0.0,0,11.493250945006768,0.8488161119785482,0.6133347996350306,12504,28,20.78977001967028,3.8788479956288904,2.853707107843137,7.0,48.873,0.005567043104819469,0.4512401967886063,0.9036933146330061,1.0948278982228818,0.08658804979798311,102.82165,144,153,0.9411764705882353,494,518,0.9536679536679536,1199,1267,0.9463299131807419,23292,25869,0.9003826974370869
449,4599.368707022434,87.43510309529003,0.5932164546808755,0.40346052480806693,0.0,0,8.856609851096026,0.8314232934982803,0.7298974779713242,8727,23,22.425073925463384,3.8745473435249123,3.0050222136372415,8.0,31.121,0.0006870491240123669,0.380548342391656,0.920497294973308,1.0772917267223985,0.07164476966572426,81.110788,167,184,0.907608695652174,592,625,0.9472,1570,1661,0.9452137266706803,23363,25441,0.9183208207224559
450,1449.2000274058073,67.77231020999866,0.5142674344209853,0.4822776711452335,0.0002559181062060141,0,8.694806199550294,0.8400582688563762,0.6162763601286751,7815,25,24.44327625968883,3.7301095622404152,2.606120925603384,7.0,29.903,0.0006393861892583121,0.3068509251410782,0.9318026565464895,1.0661150722537842,0.06227758007117438,63.33232,375,404,0.9282178217821783,1347,1409,0.9559971611071683,2813,2951,0.9532361911216537,20018,21586,0.9273603261373112
451,5075.607894404931,102.0546509735921,0.5893756533307992,0.4077734486363204,0.0,0,11.09718944822303,0.8460009801435292,0.6720443096358121,10523,32,21.320956236091178,3.8676640194957987,2.4742018703643986,7.0,35.781,0.0007596619504320577,0.3275579858180159,0.9242256042972247,1.0741594067247462,0.06876313068996565,97.361368,187,209,0.8947368421052632,667,691,0.9652677279305355,1554,1617,0.961038961038961,23401,25408,0.9210091309823678
452,5492.97825899668,54.70878927265777,0.7889398695967158,0.20888674233276985,0.0002414875633904854,0,14.051279521182302,0.8440839057937246,0.8893300396153625,4141,26,18.92143323881298,3.40163769460312,2.0107131925313744,6.0,8.361,0.0,0.15757015525201373,0.9531442663378545,1.0472276333919324,0.045407216261487617,51.794224,1462,1527,0.9574328749181401,3268,3371,0.9694452684663305,4404,4561,0.9655777241832931,10964,11627,0.9429775522490754
453,7318.858773874897,69.38807365389289,0.8124516627996906,0.18696829079659705,0.0,0,8.942653380242724,0.8283370603066152,0.9006742672464539,5172,32,21.69856307323465,3.688151206387601,2.4514516896715848,6.0,11.462,0.0,0.15916671143601538,0.9332380158068232,1.0670146220964978,0.06286288521661457,66.150622,569,604,0.9420529801324503,1735,1816,0.9553964757709251,3188,3367,0.9468369468369469,18006,19392,0.9285272277227723
454,5284.57515419936,76.36411012143527,0.6495653413139518,0.3467293715262933,0.00014251104460595695,0,7.471396456416591,0.8436178872147582,0.768688341461004,7017,24,22.026441888198107,3.770918190981322,2.636024572180781,7.0,21.789,0.00014249073810202338,0.29091259498257527,0.9365286909742977,1.0610727163461537,0.05792918983599634,71.932276,356,385,0.9246753246753247,1163,1246,0.9333868378812199,2569,2718,0.9451802796173657,20981,22419,0.9358579776082787
455,4252.095274627087,38.164044631889865,0.8521545319465081,0.1448736998514116,0.0007429420505200594,0,10.994141317895117,0.8581266656080292,0.9338461864232048,2692,17,20.4590986950307,2.780335503124714,1.7519616390584132,5.0,4.053,0.0,0.15839439125549246,0.9634604677060133,1.0355223672273013,0.035963499731615674,36.47354,3187,3330,0.957057057057057,3812,3919,0.9726971166113805,3474,3621,0.9594034797017399,3370,3498,0.9634076615208691
456,3928.4747144217986,56.40268065998666,0.6555920417230056,0.34170368939540274,0.0009658103148541626,0,9.938393168082944,0.8601347469251415,0.7281983069693803,5177,25,21.525804411843062,3.336259830038114,2.015026517383618,5.0,14.714,0.0,0.20462207166941804,0.9474379541379636,1.051079341033895,0.049596412556053814,53.72904,1411,1483,0.9514497639919083,3216,3342,0.9622980251346499,4208,4377,0.9613890792780443,11245,11992,0.9377084723148766
457,3729.3261305764113,87.12289755476402,0.5687089715536106,0.4274617067833698,0.0,0,9.94142290158899,0.8632847742047932,0.6930276378563979,9140,19,22.188860265749845,3.796361653276071,3.106771835321277,8.0,34.591,0.006305718634485757,0.4745586058252915,0.9475180879018034,1.0490479982625063,0.046636925188743995,81.50798,259,276,0.9384057971014492,977,1027,0.9513145082765336,2386,2483,0.9609343536045106,22701,23995,0.9460720983538237
458,-1939.776667837983,80.64077982874772,0.43555278618479615,0.559462346448282,0.00017803097739006588,0,12.650765828683026,0.8537069231491718,0.4694780136355036,11234,25,21.626531820369017,3.4427140069608555,1.9480891068873902,4.0,45.459,0.005488668555240793,0.45255758819572167,0.9487190327217384,1.0480826460335007,0.04674780365922463,77.917606,972,1039,0.9355149181905679,2391,2479,0.9645018152480839,3655,3798,0.9623486045286993,15423,16338,0.9439955930958501
459,4315.281458249853,44.74529996066169,0.7672316384180791,0.2288135593220339,0.0014124293785310734,0,11.320167510513585,0.846448723486284,0.8283531106008516,3540,21,21.78192234418578,2.8830005863298513,2.0121502209131075,5.0,7.644,0.0,0.16993682385637485,0.9481586752347998,1.0524131094727711,0.05251448978397049,43.211898,2591,2774,0.934030281182408,3795,3906,0.9715821812596006,3874,4053,0.9558351838144584,5085,5451,0.9328563566318107
460,5443.559514062396,67.86012391699246,0.6934406576468574,0.30364788491179995,0.0,0,7.888051781178769,0.8464407354042749,0.7862182709336424,5839,32,19.155685767641813,3.674357636342884,2.279081254630773,6.599999999999909,16.131,0.0,0.17945390279358053,0.9376320089267923,1.0631692504395078,0.05962374456603208,63.628736,614,657,0.9345509893455098,1733,1816,0.954295154185022,3398,3550,0.9571830985915493,17783,19070,0.9325117986366019
461,5028.137320085871,81.20147193051139,0.6310105425559269,0.36616096682951915,0.0,0,11.447869395612798,0.8646260330164277,0.6901800323938639,7778,16,21.929265644422607,3.3243372223253065,2.0488997555012225,5.0,23.041,0.006006389776357828,0.48965626139893903,0.950906949352179,1.0478552532123961,0.045853000674308836,78.23462,1599,1673,0.9557680812910938,3044,3135,0.9709728867623605,3395,3539,0.9593105397004804,12145,12878,0.9430812237925144
462,6035.4644015896765,87.77207165701792,0.6492672883613904,0.3477049775947681,0.00012110936175366356,0,9.891702798599407,0.8568414014931552,0.730531293924913,8257,20,20.195475361081122,3.603100135723048,2.5549337810110053,7.0,25.721,0.002175226586102719,0.41863463614213037,0.9172235660694519,1.0813128814118422,0.07578341101132963,84.24419,706,758,0.9313984168865436,1749,1847,0.9469409853817,2942,3140,0.9369426751592357,16975,18646,0.9103829239515178
463,2526.034367545424,51.24748416916042,0.5893271461716937,0.4068058778035576,0.0007733952049497294,0,8.965330288696284,0.8565459984592609,0.6615272848598236,5172,21,25.41647356358276,3.2405479779332067,1.7398293963254594,4.0,15.815,0.00019331142470520006,0.24582021761585454,0.9394410716973559,1.0590016655731085,0.05759137547874604,48.443968,1556,1674,0.929510155316607,3328,3498,0.9514008004574043,4529,4769,0.9496749842734326,9311,9990,0.932032032032032
464,5996.4277328674225,96.57721495174377,0.6289855072463768,0.36800858829844335,0.0,0,9.784152292492847,0.8561950497455393,0.6904173353666849,9315,21,21.690293348286943,3.581784750792283,2.4154292541389317,6.0,29.436,0.0040628675291350365,0.44653531378190336,0.9198272701348433,1.0772128060263653,0.07166628848044777,93.684792,694,742,0.9353099730458221,1861,1952,0.9533811475409836,2852,2984,0.9557640750670241,17172,18869,0.9100641263447984
465,4783.326442115168,48.46152461638104,0.778101802757158,0.2205726405090138,0.0002651113467656416,0,10.278475198144605,0.8431774640505387,0.8529311807654056,3772,25,22.636700712278056,3.2454881264126487,2.1577512776831345,6.0,8.17,0.0,0.15001063918643492,0.950983420862939,1.0490585504255867,0.04700686947988224,45.973578,1757,1896,0.9266877637130801,3633,3734,0.972951258703803,4432,4611,0.9611797874647582,8648,9181,0.9419453218603638
466,5867.468694339579,59.50907874680468,0.775709027928123,0.22039402468066682,0.00021649707728945658,0,14.718714990764443,0.8415073901382609,0.8648870448604979,4619,22,21.890506454900784,3.4351999861434965,2.2673737091822495,6.0,10.519,0.0,0.20976699634810483,0.9375689591761677,1.0646291430415342,0.06128085620576558,56.698656,1213,1287,0.9425019425019425,2813,2923,0.9623674307218612,4178,4416,0.9461050724637681,12190,13126,0.928691147341155
467,4867.580150211041,62.11959044275005,0.6879484820607176,0.30837166513339465,0.0005519779208831647,0,11.048417657068619,0.8494382008982533,0.738368728455753,5435,30,23.537176558548524,3.4768199398490185,1.9700454667023268,5.0,14.175,0.0,0.18242591307158784,0.945470732250167,1.0543619064635725,0.05254944962253806,59.788812,1094,1174,0.9318568994889267,2760,2879,0.9586662035428969,4253,4418,0.9626527840651878,13133,13994,0.9384736315563813
468,5123.4659459103,68.60685359245402,0.6721843557286595,0.3252190847127556,0.0001622849724115547,0,12.614560334548523,0.8616925659789004,0.7749126824131939,6162,25,21.119060012186598,3.5564889092004774,2.1967648478995656,6.0,17.04,0.0,0.24573460342441944,0.9448211163703041,1.0545820658926353,0.05244656349751505,64.980948,808,888,0.9099099099099099,2556,2676,0.9551569506726457,4215,4422,0.9531886024423338,14578,15465,0.942644681538959
469,4444.810965792069,73.40900356247191,0.6223314606741573,0.3741573033707865,0.0,0,13.44071168884707,0.8490657316255603,0.7155648410096009,7120,18,23.788261333925853,3.505528080370691,2.3676371022342586,7.0,22.551,0.0018225150707977008,0.3927897786048119,0.9367749169793419,1.062705841566996,0.05908371545672199,69.773406,878,950,0.9242105263157895,2519,2643,0.9530836171017782,4185,4396,0.9520018198362148,14139,15198,0.9303197789182788
470,4031.609560291432,92.52670337131867,0.5709154351395731,0.42538998357963875,0.00010262725779967159,0,14.063610413401083,0.8480845307955354,0.6619217488858693,9744,29,22.349081834624755,3.844901300309236,2.389178500808916,7.0,33.034,0.0006153846153846154,0.3328072894196062,0.9374286122215877,1.059041120488418,0.056064690026954175,87.385602,179,192,0.9322916666666666,780,811,0.9617755856966708,1919,2045,0.9383863080684597,23385,24968,0.9365988465235502
471,5469.639186833665,52.66010438306796,0.808737617475235,0.1874523749047498,0.0027940055880111762,0,18.37374112230649,0.8485471436899195,0.8398220757222382,3937,23,22.3138719552716,3.0138764515829055,1.7198492462311559,4.0,6.906,0.0,0.1715894805196433,0.9398254756999151,1.059317393684979,0.06062503557807252,51.222556,2545,2738,0.9295105916727538,3508,3647,0.9618864820400329,3355,3525,0.9517730496453901,6101,6592,0.9255157766990292
472,3355.173784618972,69.26810059145882,0.585708268987786,0.4114839253123684,0.0,0,10.046315462557313,0.8510506637900047,0.6709857557519862,7123,24,25.177170184779747,3.5643955794273063,2.3638542665388305,7.0,23.774,0.0009817671809256663,0.29857830423493936,0.9366809449086051,1.0626542947135438,0.05921078881219327,65.670972,799,865,0.923699421965318,2426,2514,0.9649960222752586,4021,4177,0.9626526214986832,14840,16023,0.926168632590651
473,7401.599219749905,90.60532092828946,0.6984776768581297,0.298580017909684,0.0001279263144428809,0,14.664639976102372,0.8556949939192792,0.7959785551834883,7817,17,22.24506579685574,3.6614899758951327,2.5494505494505493,7.0,22.461,0.0033150580135152363,0.46929954391877904,0.9301271860095389,1.0685878732163556,0.06440577123308047,86.478462,528,595,0.8873949579831932,1704,1804,0.9445676274944568,3214,3382,0.9503252513305737,17956,19379,0.9265699984519326
474,5227.329572345505,74.87732563969278,0.6537962829563464,0.34188157326033713,0.0005762858377755367,0,8.849041716916805,0.8544921871697293,0.728932727554915,6941,29,26.868560439271114,3.6745969852888014,2.158880564125165,6.0,20.178,0.0,0.24041666824178493,0.9209996780424984,1.079123012823106,0.07442449526931387,71.22479,540,593,0.9106239460370995,1741,1833,0.9498090561920349,3154,3353,0.9406501640322099,17450,19069,0.9150978027164508
475,6082.418891669928,68.70428600688426,0.7295224817009411,0.26838619728128266,0.0003485535029627048,0,10.767626178325624,0.844610111488733,0.7868991526133544,5738,32,21.04640216749677,3.599897583228819,2.1297181079789778,5.0,14.176,0.0,0.17504039475704736,0.936643765170527,1.0631678838140033,0.05994508256951696,65.787046,765,815,0.9386503067484663,2024,2111,0.9587873045949786,3602,3749,0.9607895438783676,16376,17632,0.9287658802177858
476,4427.911292528577,103.51233989746922,0.5685846741205345,0.4274156894827743,9.09008271975275e-05,0,9.862012991592216,0.8585930830232507,0.6502724248936832,11001,31,20.258734445626395,3.863528543457482,2.509672262190248,7.0,38.711,0.0006359011627906977,0.36041787130140857,0.9142341040462427,1.0868128676203617,0.08024588802126599,98.51749,167,180,0.9277777777777778,604,644,0.937888198757764,1542,1629,0.9465930018416207,22993,25227,0.9114440876838308
477,3687.837515338844,48.56512138413305,0.6801385681293303,0.3159353348729792,0.002078521939953811,0,6.073870653993482,0.845190785570386,0.7234699615845974,4330,23,23.60193359007674,3.1233131941867742,1.8777589134125636,5.0,11.248,0.0,0.18511794873772636,0.9415921623213234,1.0588109036273878,0.058613043040016126,46.94799,1982,2115,0.9371158392434988,3603,3700,0.9737837837837838,3955,4158,0.9511784511784511,8048,8706,0.9244199402710774
478,6893.177808483014,91.49732694348756,0.674466537342386,0.3228661493695441,0.0,0,10.52208487298566,0.8684456572267404,0.7620601043016385,8248,26,24.349805725742883,3.763413340209799,2.3059500269638686,7.0,23.426,0.0006058403004967891,0.32095621557625237,0.9518174758717598,1.0484205843096543,0.04660673365062577,87.88875,336,367,0.9155313351498637,1302,1362,0.9559471365638766,2754,2854,0.9649614576033637,21348,22460,0.9504897595725734
479,3516.5003415535975,60.69385987864935,0.6146061730477315,0.38083993928149773,0.0010119750379490638,0,10.307706933672321,0.8533801492908568,0.6778054278245313,5929,27,24.742348289931876,3.458135487986072,2.0727222832052687,6.0,18.126,0.00016863406408094435,0.21407943714933889,0.9366171676928648,1.063733066642422,0.0616822429906542,57.688994,1078,1169,0.9221556886227545,2908,3016,0.9641909814323607,4299,4469,0.9619601700604162,12403,13434,0.9232544290605925
480,4237.634909659196,92.17981864737867,0.580765639589169,0.4149808071376699,0.00010374520178441747,0,12.855257383111063,0.8645837884112557,0.6403546085754027,9639,23,22.179475632717782,3.620323676455541,2.1005716327259734,6.0,31.305,0.0035149384885764497,0.4201163536993938,0.9671599119112931,1.031256051744839,0.030562942432300837,88.465394,617,653,0.9448698315467075,1910,1967,0.971021860701576,3524,3596,0.9799777530589544,18982,19667,0.9651700818630192
481,5862.534782668865,70.97704462963071,0.7031174285252786,0.29413664997577127,0.00032304958811177516,0,11.750567773177638,0.8448084034452201,0.7914367227352156,6191,31,23.75957262361682,3.688140121388792,2.210199862164025,6.0,16.307,0.0,0.19877574510047508,0.9514456747134082,1.0482447538733084,0.04637713603462428,67.35373,594,652,0.911042944785276,1737,1798,0.9660734149054505,3414,3530,0.9671388101983003,18573,19579,0.9486184176924256
482,516.5247255705664,98.63797003604141,0.4867313915857605,0.5092233009708738,0.00016181229773462783,0,13.391360011243965,0.8703781085913863,0.5493158375977295,12360,28,21.957173140772355,3.608786662879489,2.1810172872340425,6.0,46.909,0.0037881840896268238,0.44469815796624823,0.9626928364136246,1.0365494278387999,0.03568140810840667,94.646998,548,582,0.9415807560137457,1776,1807,0.9828444936358606,3261,3356,0.9716924910607867,19626,20443,0.9600352198796654
483,5325.347044938485,88.32595652132396,0.6199672284644194,0.3758192883895131,0.0005852059925093633,0,11.55659727358036,0.8420122301927253,0.7229495331205956,8544,29,26.56209857782234,3.8039194943334245,2.517462714744195,7.0,27.44,0.000351000351000351,0.2955052107483993,0.9247487297407558,1.0741680346216982,0.07033755128779781,83.220636,270,307,0.8794788273615635,933,998,0.9348697394789579,2181,2356,0.9257215619694398,21550,23302,0.9248133207450004
484,4505.961451667294,112.36538060761374,0.5644550543299308,0.4314290418175831,8.231807704972011e-05,0,14.007542873559542,0.8566592544103605,0.6139243612206511,12148,29,21.68546401059074,3.711155841985054,2.1763161732536096,6.0,40.992,0.002463458696009197,0.4174277908165831,0.9367136150234742,1.0605202552195416,0.057188385269121816,108.566516,390,436,0.8944954128440367,1206,1258,0.958664546899841,2608,2733,0.9542627149652396,20736,22198,0.9341382106496081
485,3252.3981680075713,79.34223054144205,0.5682643853275519,0.42857142857142855,0.00011719207781553967,0,12.665773371463185,0.8472267587660907,0.6069638981127842,8533,27,23.60884422236419,3.2502196484077506,1.8040833161476593,4.0,27.261,0.0003514526710402999,0.31766643795971894,0.934883049379151,1.0645098985997103,0.06147522471656353,77.083646,1588,1677,0.9469290399522957,2932,3056,0.9594240837696335,3395,3562,0.9531162268388546,11510,12483,0.9220539934310662
486,4728.824462470609,49.37291369969227,0.7654573326520184,0.23147675012774654,0.0002554931016862545,0,12.991674184098231,0.8455323626999038,0.8089855071268446,3914,16,23.383424196330083,2.6705962286545164,1.7376502002670227,4.0,7.951,0.0,0.2504472690774611,0.9455941499085924,1.05252732741545,0.05186160992858629,48.172286,3412,3578,0.9536053661263275,2977,3078,0.9671864847303444,2697,2851,0.9459838653104174,3845,4168,0.9225047984644914
487,4924.62945539887,52.25391751174425,0.7568484848484849,0.24096969696969697,0.00024242424242424242,0,12.968096152741902,0.843567920523727,0.8553121500928279,4125,19,25.6378243533511,3.22683419455915,2.000640614990391,6.0,9.104,0.0,0.21793611360954207,0.9386802691556327,1.0622852467957458,0.06008364786289911,49.258774,1947,2112,0.921875,3680,3848,0.9563409563409564,4204,4395,0.9565415244596132,7467,8073,0.9249349684132293
488,8219.534693087271,98.1465308364478,0.7042621393802683,0.2919387391665677,0.0,0,13.133622106865069,0.8381249993456042,0.8352088518820485,8423,21,23.394332253935332,3.806616371316781,2.6689143627781524,8.0,23.881,0.0015410146989094358,0.4049189270278374,0.9173074023820292,1.0810769814182783,0.07550785741663472,92.952782,306,341,0.8973607038123167,1101,1175,0.9370212765957446,2353,2485,0.9468812877263582,20578,22531,0.9133194265678398
489,4922.455160974934,86.68467566763,0.611737089201878,0.38603286384976526,0.00035211267605633805,0,11.690725153312865,0.8499557072429716,0.6944150177753375,8520,20,22.64242371958559,3.6125539242304905,2.464121258633922,7.0,27.717,0.004091174751607247,0.4247322812803367,0.9310078464853437,1.0674157303370786,0.06354222188380415,82.669698,616,678,0.9085545722713865,1985,2094,0.9479465138490927,3431,3589,0.9559765951518528,16868,18236,0.9249835490239088
490,6740.2170431769455,73.9311081904378,0.7382138114209827,0.2594621513944223,0.0,0,9.61815309123289,0.8276488385841523,0.8559553484307043,6024,27,22.240076399665085,3.7442625270054424,2.53226894535642,7.0,15.785,0.0,0.22304305425028872,0.9229666369589646,1.0750184918441235,0.06985042349972968,69.399662,450,483,0.9316770186335404,1410,1473,0.9572301425661914,2942,3100,0.9490322580645161,19017,20751,0.9164377620355646
491,4409.954045774701,74.2896145066469,0.6179604261796042,0.3784419537844195,0.0,0,11.292474375027691,0.8488396730168898,0.7075456864603809,7227,21,22.08437315883112,3.552725094985954,2.4935064935064934,6.0,23.433,0.001519756838905775,0.34175719474873345,0.928291339896546,1.0717573221757322,0.06694690954382687,70.847914,750,801,0.9363295880149812,2239,2321,0.964670400689358,3695,3811,0.9695617948045132,15569,17039,0.9137273314161629
492,6289.996142344787,90.83697406129052,0.651135147985261,0.34589326043028645,0.00011886366337810531,0,13.112748562832966,0.848494782408343,0.7486341958021104,8413,32,26.0354576261093,3.8488050011563395,2.504746257758306,7.0,25.983,0.0003564638783269962,0.26136338146713056,0.9277330347791541,1.0701531538070697,0.06585472824803482,86.149884,219,231,0.948051948051948,829,871,0.9517795637198623,1730,1842,0.9391965255157437,22910,24745,0.9258436047686401
493,2863.663983986499,43.63279322529091,0.6371308016877637,0.3596425912137007,0.0004964010920824026,0,12.652306667245778,0.8678073798494881,0.7790867168799562,4029,21,20.391618509356906,3.4231189624966074,2.674717569146864,8.0,12.918,0.0,0.1921592031288956,0.9678981348637016,1.032021916823857,0.031650240958624586,39.938432,1100,1167,0.9425878320479862,3309,3386,0.977259303012404,5145,5273,0.9757253935141286,12034,12478,0.9644173745792595
494,2004.9643763103588,115.52228217132821,0.5144748327029386,0.4818155368053535,0.0,0,12.22607818013193,0.8652469255797909,0.5548532529237709,13748,28,26.105392055755892,3.6907579536044457,2.1425137848154954,6.0,50.084,0.008295462742552117,0.4955903105488091,0.9514591582343452,1.0462042559458067,0.04412125459961451,112.302292,317,348,0.9109195402298851,1227,1301,0.9431206764027671,2517,2651,0.949453036589966,21891,22976,0.9527768105849582
495,4913.627807341305,48.568498409969024,0.7926242650988776,0.20416889363976484,0.0016034206306787815,0,12.346567082464317,0.8709001640302361,0.829630975255685,3742,22,24.179666455961218,2.915644724706969,1.6763317599460552,4.75,6.813,0.0,0.172719674886357,0.9633620689655172,1.0366342301087579,0.03869355919809884,47.16492,2932,3134,0.9355456285896617,3667,3775,0.9713907284768212,3401,3498,0.9722698684962836,5198,5369,0.9681504935742223
496,7114.6346717213055,105.53942422385731,0.6466686765149231,0.3502160586875691,0.00020098482564566376,0,14.538352032895997,0.8702457612089227,0.700046753045962,9951,24,24.873262309031226,3.713692940246213,2.1844599844599846,6.0,29.199,0.0017054574638844303,0.41859363439279906,0.9500524580335732,1.046731435457147,0.045425280778310324,102.272434,422,453,0.9315673289183223,1460,1536,0.9505208333333334,2775,2894,0.9588804422944022,20698,21805,0.9492318275624857
497,4217.702953722288,80.49716658986006,0.6005823829167678,0.3961417131764135,0.0002426595486532395,0,13.984091516732374,0.8640412505221624,0.6321545626731114,8242,25,20.49022538093093,3.29913813627147,1.7034343434343435,4.0,24.316,0.00012131505519835011,0.332921904290374,0.9646415943426551,1.0328586570809715,0.03320754716981132,78.497018,1470,1559,0.9429121231558691,3114,3178,0.9798615481434865,3765,3868,0.9733712512926577,12658,13172,0.9609778317643486
498,4605.948261812564,78.5104604704616,0.6183196132235724,0.3780216908401934,0.00013066771200836272,0,9.579289298372549,0.885781142549029,0.6726237223153859,7653,32,18.79179999432807,3.6442403085521877,1.8478444632290787,5.0,22.258,0.0002612671456564337,0.23640251653305216,0.9695755988600477,1.0303871664352924,0.02974366639264629,75.635552,639,671,0.9523099850968704,1821,1860,0.9790322580645161,3398,3468,0.9798154555940023,19318,19967,0.9674963690088646
499,3326.1304455551262,103.70620934954901,0.545288912024987,0.45124067326045464,0.00034704147145583897,0,9.89341573121168,0.8520383416137174,0.6052307312019417,11526,24,22.976855538921157,3.717789249677856,2.5064439140811454,6.0,42.07,0.00672182006204757,0.4842193695460454,0.9407116077335882,1.056917171120626,0.05475644500034744,100.14947,320,342,0.935672514619883,1179,1236,0.9538834951456311,2315,2381,0.9722805543889123,21779,23247,0.9368520669333678
500,4844.420194886105,87.32600221122753,0.6062420822296442,0.3906483934124151,0.0,0,12.121284003576648,0.8578038210356385,0.7028541754563612,8683,20,24.967958603386514,3.758888567891477,2.4473784194528876,7.0,28.239,0.002641856191132552,0.4337227202555377,0.9529058483172813,1.0445998160073597,0.04273294538315922,83.19748,325,356,0.9129213483146067,1198,1255,0.9545816733067729,2639,2747,0.9606843829632327,21859,22949,0.9525033770534663
501,2738.451546772094,63.61927935345532,0.5718545020870602,0.4241204531902206,0.0002981514609421586,0,11.359935596595028,0.8474942648660178,0.6417222558350341,6708,23,23.10771469951013,3.359931238408324,1.8983315954118873,5.0,21.689,0.0008936550491510277,0.2923828415624866,0.9565807327001357,1.0429516969440924,0.04229959223910024,60.520918,1293,1403,0.9215965787598004,3295,3382,0.9742755765819042,4758,4911,0.9688454489920586,11099,11677,0.9505009848419971
502,5263.976601141113,47.346487465053954,0.84673004897724,0.146355517142034,0.006050129645635264,0,9.550439181796968,0.8532752952690651,0.8653068162668366,3471,20,22.677299713751527,2.7105021986355013,1.497448111602586,3.0,4.839,0.0,0.17172964931529516,0.9487904726460736,1.0472947691386665,0.05287275290800141,46.654346,2768,2996,0.9238985313751669,3014,3137,0.960790564233344,3124,3262,0.9576946658491723,3841,4040,0.9507425742574257
503,6516.363620512195,66.98687182766162,0.769811320754717,0.22867924528301886,0.0,0,10.114007175828137,0.8524845194371409,0.8369829329287315,5300,16,22.023539656550852,3.344959312204518,2.0769607843137257,6.0,11.629,0.00018864365214110544,0.3311552610840534,0.9612058435530366,1.0387964774951077,0.03752645191629438,64.82084,1723,1822,0.9456641053787047,3294,3341,0.9859323555821611,4241,4354,0.9740468534680753,10415,10950,0.9511415525114155
504,4883.44484044659,49.12126859945865,0.7834310069259457,0.21470431539690996,0.0,0,11.440803781867078,0.847448525047014,0.8686296220742601,3754,21,20.249650676327537,3.2053400006148074,2.0465827949676982,6.0,7.772,0.0,0.18239409454518987,0.9552100015498269,1.043509789702683,0.04187496906400039,46.566076,1829,1954,0.936028659160696,3645,3753,0.9712230215827338,4675,4846,0.9647131654973173,8341,8804,0.9474102680599727
505,3063.7355080116263,116.9529051072375,0.5299684542586751,0.46635120925341744,0.0,0,10.287658845495036,0.876275364935974,0.6076971065012081,13314,30,22.218515404409764,3.9063210348123607,2.651077097505669,7.0,49.837,0.006417910447761194,0.450266206880498,0.9576251220086837,1.0392050831418143,0.037825059101654845,111.140754,105,111,0.9459459459459459,358,370,0.9675675675675676,1031,1076,0.95817843866171,26958,28154,0.9575193578177168
506,5314.08860182355,86.82708068932726,0.6247920133111481,0.37152365105776086,0.0,0,9.934902157963464,0.8657465541060796,0.698327024050284,8414,28,21.74781661533602,3.7062236583767967,2.2687844778390716,6.0,26.262,0.0007125890736342043,0.29871097020223625,0.9528782287822878,1.0449633631855526,0.04301151211243732,83.527702,395,411,0.9610705596107056,1292,1344,0.9613095238095238,2631,2726,0.9651504035216434,21505,22619,0.9507493699986737
507,3991.372829649292,41.954941140079,0.7603603603603604,0.23633633633633633,0.0012012012012012011,0,7.044149246665162,0.8542909444405985,0.8518472660191321,3330,21,21.781080659919166,3.0128170094682067,2.0687203791469195,6.0,7.49,0.0,0.16416983722617282,0.9582630217122285,1.0382961873515104,0.0384552977446049,39.719976,2189,2385,0.9178197064989518,3847,3991,0.9639188173390127,4452,4602,0.9674054758800521,6548,6800,0.9629411764705882
508,2764.9716511647193,90.83531190774693,0.5402197371002551,0.4571316460663135,9.809691975671964e-05,0,9.308227599220121,0.8594309280803025,0.5967954574089112,10194,24,23.70841345852851,3.699135784522773,2.5434901035046305,6.0,37.637,0.003421644344510705,0.42967363132514935,0.9593333575396681,1.0399854466072402,0.03854075754931052,87.771296,344,362,0.9502762430939227,1258,1286,0.9782270606531882,2534,2589,0.9787562765546544,22285,23304,0.9562736010985239
509,3550.8856136126005,106.12424476156734,0.5465864814501101,0.44968660003388106,8.470269354565475e-05,0,7.515901832402747,0.8600415587246882,0.6100653620383469,11806,30,24.590315491918027,3.874001889383583,2.6665116999845035,7.0,43.93,0.0029558314331559836,0.398819081123149,0.9634700101660454,1.0344851017565317,0.03347307742696188,102.11573,133,138,0.9637681159420289,539,554,0.9729241877256317,1239,1276,0.9710031347962382,26521,27542,0.9629293442741994
510,6363.677508597157,105.3405410083343,0.6224578313253012,0.37262650602409636,9.63855421686747e-05,0,10.42253256522665,0.8627841367429421,0.6664485349293136,10375,30,22.955650829384762,3.8101096711944447,2.298234747599876,6.0,32.559,0.0012514439738159414,0.3478958596891205,0.9624606780845858,1.0365285609217945,0.03572632288506909,102.45474,241,253,0.9525691699604744,846,862,0.9814385150812065,1779,1824,0.975328947368421,24670,25671,0.9610065833041175
511,8431.74255636799,73.00328034647711,0.8715846994535519,0.12646370023419204,0.000975800156128025,0,9.985165538931138,0.8624837624491585,0.9164108745687665,5124,17,19.20219897077007,3.4035395791342977,1.9328257948947605,5.0,7.982,0.0,0.3032074254013952,0.9516634980988593,1.0464141053133191,0.04597805386777909,71.427632,1622,1714,0.9463243873978997,2463,2561,0.961733697774307,3734,3865,0.9661060802069857,12204,12900,0.946046511627907
512,7028.4943568494955,101.93932608808052,0.6485599322321051,0.34815756035578144,0.0,0,11.577073522465486,0.8640098431119865,0.7417678437419122,9444,26,22.308635183006277,3.8934235937539396,2.812734693877551,8.0,30.589,0.0019023462270133164,0.36498310551096025,0.9506206707358892,1.0464748003304876,0.04458932608197097,96.531972,145,153,0.9477124183006536,490,509,0.962671905697446,1255,1301,0.9646425826287471,25832,27199,0.9497407992940917
513,6139.908131612768,72.01717944524482,0.7146614069690993,0.28188691650230113,0.0001643655489809336,0,11.05187384884708,0.8474450987315043,0.7763634483947504,6084,25,27.623841412150547,3.595062955860774,2.1078656853725852,5.0,15.518,0.0,0.24562835839029223,0.9492850488111152,1.0506318826445609,0.048597194388777555,69.188914,684,739,0.925575101488498,2069,2157,0.9592025961984237,3743,3892,0.9617163412127441,16939,17899,0.9463657187552377
514,5021.128796023471,84.01986053138044,0.6176649993900207,0.3775771623764792,0.0001219958521410272,0,9.794717061747388,0.8619497594085632,0.7243296224830261,8197,20,24.467172584807678,3.8121665772069893,2.8336954374876555,8.0,27.802,0.0036465297192172117,0.40374961237329754,0.9598582816651904,1.037592915318135,0.03629472821633434,79.353492,245,268,0.914179104477612,947,984,0.9623983739837398,2272,2352,0.9659863945578231,23628,24621,0.9596685756061898
515,3943.3990001650304,48.754884160256985,0.7005461885537877,0.29684160531940157,0.0011873664212776064,0,14.89945940596176,0.863725993006151,0.7382893323129969,4211,28,26.454374663615617,2.9277064193251814,1.7277966101694915,4.0,10.008,0.0,0.15074331031443394,0.9507011255737912,1.0496812069945078,0.05107703323587326,47.067532,2709,2888,0.9380193905817175,3607,3753,0.961097788435918,3483,3636,0.9579207920792079,5320,5626,0.9456096693921081
516,8186.8726560267605,84.76807940865585,0.7665479370733155,0.2315227070347284,0.0,0,13.70782607605118,0.8618862060150718,0.8299879862539943,6738,22,20.384947063033575,3.620191565467027,2.0993223620522747,6.0,14.745,0.0007415097137772505,0.3060470855040628,0.9556024511992208,1.0434163411458333,0.0416537025513379,81.983548,786,838,0.9379474940334129,2120,2202,0.9627611262488647,3598,3729,0.9648699383212658,17043,17872,0.9536145926589078
517,8538.670825655596,93.17102341365243,0.7415010460251046,0.25536087866108786,0.0,0,15.393198744635502,0.8550209187576723,0.8156243755947117,7648,16,22.329182195150096,3.530348439655472,2.368012696173514,6.0,19.181,0.0031282586027111575,0.48559453970683986,0.9308167529753794,1.0685956825338871,0.0643488609316559,90.179286,1197,1291,0.9271882261812548,2878,2987,0.9635085369936391,3496,3632,0.9625550660792952,12920,14104,0.9160521837776517
518,5755.997760600796,70.16470224699047,0.702801259738107,0.2947124150505553,0.000828775070445881,0,12.333245287885195,0.8403327199636831,0.7544832293088182,6033,24,21.709253119632805,3.399300423646894,2.07311320754717,5.0,15.548,0.00033140016570008286,0.24916466604258647,0.9133252131546894,1.088161948070999,0.08198407728777171,67.679942,1379,1465,0.941296928327645,3166,3282,0.9646556977452773,4010,4198,0.955216769890424,10191,11580,0.8800518134715026
519,5599.885053926923,52.79002726155996,0.8182288969445883,0.17918177110305541,0.0002589331952356292,0,9.649343639292528,0.8575020849933412,0.905126701798389,3862,20,20.286502997964398,3.327928563126762,2.0259493670886077,6.0,7.364,0.0,0.1895592371189433,0.9543060641019211,1.0445517172021923,0.04300868813901022,49.972922,1690,1775,0.952112676056338,3728,3830,0.9733681462140992,4258,4403,0.9670679082443788,9350,9929,0.9416859703897673
520,4132.578012447791,54.814120107805095,0.6758691206543967,0.3214723926380368,0.0006134969325153375,0,8.605305770278836,0.8256492934041272,0.7416977296409847,4890,26,26.43488521380891,3.372519942110297,2.165506807866868,5.0,13.599,0.0,0.18967224532967847,0.9138774904830177,1.0877262780982693,0.08242605697695518,52.37616,1422,1543,0.9215813350615684,2897,3074,0.9424202992843201,4196,4455,0.9418630751964086,9970,11155,0.8937696100403406
521,3567.0216683333842,54.16801963006825,0.6414022718370544,0.3538973756365061,0.0015667841754798276,0,7.99355337788464,0.8362107430045433,0.7033332431641386,5106,29,23.895815009756284,3.4142286030583624,2.1120610687022903,6.0,14.974,0.0,0.17372931037483091,0.9333394127302571,1.06604680987496,0.06397507575434254,51.579678,1097,1180,0.9296610169491526,2776,2904,0.9559228650137741,4441,4691,0.9467064591771477,12156,13157,0.9239188264802006
522,3483.7466174845226,50.86095137498033,0.6507705122865473,0.3454810495626822,0.0010412328196584756,0,8.646747288011195,0.8429865825128865,0.7207267417508335,4802,21,20.138758774529215,3.1998496061680957,2.14208,6.0,13.888,0.0,0.2280026485465683,0.9434069924266003,1.056202557970261,0.05481466954304766,48.91826,1834,1931,0.949766960124288,3543,3657,0.9688269073010665,4478,4676,0.957656116338751,8332,9014,0.9243399156867096
523,6742.533054346723,62.29370136574713,0.8234014789038713,0.17420617659852108,0.00043497172683775554,0,6.743627967818947,0.8313779414177076,0.9275884039942718,4598,21,22.182868190805053,3.6923540085794118,2.6711568938193344,7.0,10.452,0.0,0.21767958284826577,0.9384048020714818,1.0626771653543308,0.059758751706075475,59.456466,519,573,0.9057591623036649,1441,1528,0.9430628272251309,3298,3507,0.9404049044767607,18661,19881,0.9386348775212514
524,6209.641867785442,68.46281257835457,0.735828488372093,0.2612645348837209,0.0,0,9.240281342823803,0.8383846651740642,0.8725969637344885,5504,18,25.5568501785898,3.7813585430206746,2.749135802469136,8.0,15.033,0.0005447612130016343,0.30296557276285835,0.9444876495204236,1.0529663381067509,0.050594191688348215,64.016448,290,308,0.9415584415584416,1245,1309,0.9511077158135982,3039,3181,0.9553599497013517,20930,22205,0.9425804998874128
525,4174.089509236385,44.499184879715656,0.7544209925841415,0.24272675413576725,0.0002852253280091272,0,9.654151527597186,0.8410322456158107,0.8621645920499246,3506,17,21.387095286307712,3.244059557848063,2.1776937618147447,6.0,8.228,0.00028514399771884804,0.2061695246612391,0.9518237082066869,1.0478271918678526,0.04628466518504203,41.749874,1647,1759,0.9363274587833996,3555,3677,0.9668207778079957,4919,5125,0.9598048780487805,8668,9179,0.9443294476522497
526,4612.335352049975,111.68412351453388,0.5619672690078418,0.43334469826116606,0.0,0,12.40259472983281,0.8484604959238349,0.7063601018286775,11732,26,24.58980333131423,3.950078082022737,3.086758683452146,8.0,44.153,0.005509875392048826,0.459645848827712,0.9212803063981123,1.0723257418909593,0.06723868457146502,103.247186,55,60,0.9166666666666666,199,208,0.9567307692307693,511,546,0.9358974358974359,26176,28429,0.920749938443139
527,2821.5972865869217,104.45729160385928,0.527612067496165,0.46778592125447416,8.52224305437191e-05,0,12.147874707100046,0.8365515716566767,0.6348097404766447,11734,27,24.566188017236087,3.8972527436713733,2.826037796801809,7.0,45.104,0.005256018989487962,0.4364236517322698,0.8968262545480745,1.100421144350857,0.09103114050885752,97.771098,109,123,0.8861788617886179,459,497,0.9235412474849095,1236,1339,0.9230769230769231,23091,25800,0.895
528,2318.6921666640274,108.43617701678586,0.5136106011016205,0.4819988824139858,0.0,0,7.8959947837189155,0.8477493631720046,0.6163201610214317,12527,32,23.3913017967071,3.936176389622599,3.048958657133976,7.0,49.658,0.0035001193222496223,0.3892164756577664,0.9134488734835355,1.0835369685121832,0.07700675048789071,101.838706,57,60,0.95,232,249,0.9317269076305221,709,752,0.9428191489361702,25355,27789,0.9124113858001367
529,7801.849130785648,104.45108710804577,0.6706253284287966,0.3256962690488702,0.0,0,15.250016721941524,0.8464944319261607,0.7577296774496782,9515,21,22.38322363216735,3.7773070040616012,2.6766964425638613,7.0,28.82,0.003038558256496228,0.44603299927117424,0.9219091346687895,1.0754738057117326,0.07045501480002754,100.967904,279,296,0.9425675675675675,995,1045,0.9521531100478469,2232,2394,0.9323308270676691,21392,23272,0.9192162255070471
530,4597.121375050692,68.98293290636633,0.6430783524310932,0.3536698668318365,0.0,0,10.504833607166075,0.8276657573841525,0.7221021650650691,6458,30,21.97389763177521,3.6605332825968606,2.2333253070069827,6.0,19.322,0.0,0.21590734473079431,0.9238712289937234,1.0760820971347287,0.07105777911525729,65.537352,628,666,0.9429429429429429,1782,1848,0.9642857142857143,3635,3779,0.9618946811325747,16770,18402,0.9113139876100423
531,5882.682870532858,106.04443429727176,0.6033402922755741,0.393243499715316,0.0,0,12.523086987285897,0.8366533823798205,0.7136876432856926,10538,25,20.58636797862901,3.9016646748984356,3.067316766278704,8.0,37.809,0.003781433163168841,0.42420941052629313,0.8854453294713975,1.1106974707106099,0.09906383533940047,99.638962,111,112,0.9910714285714286,452,477,0.9475890985324947,1140,1206,0.945273631840796,22753,25825,0.8810454985479187
532,4999.967443953532,59.83688836151795,0.707221350078493,0.2904238618524333,0.0003924646781789639,0,10.352244640954503,0.8243013649319395,0.788486937876269,5096,19,20.724803752711495,3.515977441027377,2.403718091009989,6.0,13.903,0.00039231071008238524,0.27034641008505045,0.9274557445331482,1.0722461592026808,0.06801455721795391,56.969728,840,899,0.9343715239154616,2563,2673,0.9588477366255144,4214,4398,0.958162801273306,13759,15078,0.9125215545828359
533,4598.386423019451,49.76348020507901,0.7485742623357302,0.2491941482767171,0.0009918175055789735,0,8.98138718199122,0.8400603537016692,0.8102115948060041,4033,25,21.850994285737784,3.3682536054453664,2.0311361377939714,5.0,9.157,0.0,0.163165411089745,0.9387322949508259,1.0615558912386707,0.05927401505090748,47.519866,1299,1394,0.9318507890961263,2992,3127,0.9568276303165973,4477,4704,0.9517431972789115,11181,12026,0.9297355729253285
534,4754.731396466426,52.78854265839372,0.7373925168487102,0.2602835231234023,0.00046479200557750407,0,12.02917335204284,0.8393485780244269,0.8289635288033482,4303,27,23.031082554276963,3.5283834604879303,2.186889379136464,6.0,10.576,0.0,0.16086398968707818,0.9517485802126479,1.0490309331279681,0.047466037582363944,49.831814,920,989,0.9302325581395349,2517,2609,0.9647374472978153,4191,4358,0.9616796695731987,14661,15463,0.948134255965854
535,2816.205918217657,43.2845060790237,0.6376135526638841,0.35600294623127915,0.003682789098944267,0,7.611423921714639,0.8408955112937274,0.6999203163222885,4073,18,24.295062840211685,3.0401284395216317,2.1336157104351177,5.0,12.023,0.0,0.2259143172493585,0.9143102953828506,1.0842397593149733,0.08207855112140676,41.174356,2090,2250,0.9288888888888889,3673,3919,0.9372288849196223,3955,4236,0.9336638338054769,6223,7030,0.8852062588904694
536,4921.2924314791735,78.38873901508161,0.6293462209692576,0.3667606390119479,0.00013424620754463686,0,16.79286149376891,0.8540699940295704,0.704061752519417,7449,30,20.413016851373584,3.771212856212555,2.151877133105802,6.0,22.43,0.00040257648953301127,0.24803866958775486,0.9354268522000753,1.0638024765931742,0.060324416015832064,74.162082,345,373,0.9249329758713136,1326,1380,0.9608695652173913,2726,2853,0.9554854539081669,20476,21984,0.9314046579330422
537,5640.991192254095,100.84687971846122,0.6053271217338465,0.3918371480656269,0.0,0,13.616551392145444,0.8502972296807326,0.7173239899958049,9874,31,23.50317502790351,3.933933984632545,2.6513300987117283,8.0,33.249,0.0005061241016297196,0.3216239563631536,0.9375684556407448,1.0607322276512283,0.057244272345918036,94.486158,71,79,0.8987341772151899,336,352,0.9545454545454546,851,905,0.9403314917127071,26134,27880,0.9373744619799139
538,4854.9246916745,67.8367641725385,0.6625,0.3357142857142857,0.0003246753246753247,0,16.425025367329113,0.8654439114563172,0.7305665333187639,6160,30,23.471593276905878,3.6695479393965402,2.006861063464837,6.0,16.867,0.0,0.2062003287114686,0.958011049723757,1.0421710578368542,0.040950722882446444,64.409636,580,635,0.9133858267716536,1971,2046,0.9633431085043989,3903,4031,0.9682460927809476,17822,18628,0.9567318015890058
539,3472.9792933390117,100.79377969016176,0.5485144960057445,0.4477156449151782,0.0,0,11.665439489402342,0.8530575987561222,0.6168975751226046,11141,28,22.881450008555394,3.831295485208467,2.6643757159221075,7.0,40.657,0.002417621776504298,0.3977172485001512,0.9500226063367301,1.048326359832636,0.046240090224566294,96.836434,167,174,0.9597701149425287,620,638,0.9717868338557993,1741,1784,0.975896860986547,24788,26157,0.9476621936766448
540,1572.965616152669,127.85051628356128,0.49922077922077923,0.49707792207792206,6.493506493506494e-05,0,13.896747070657957,0.8473246574007186,0.5788440806391214,15400,32,22.27537516398505,3.9407706632972994,2.836108220603538,7.0,60.952,0.007859811879912382,0.4915452362096068,0.9259246598755726,1.0705053282915091,0.06605369856016345,122.041502,62,64,0.96875,200,215,0.9302325581395349,557,583,0.9554030874785592,26268,28392,0.9251901944209636
541,2685.7465900579027,43.88603026187092,0.6251482799525504,0.36892052194543296,0.0011862396204033216,0,8.043095385898711,0.8714995014255233,0.6989441616989581,4215,28,24.269235434908204,3.077052282926526,1.793548387096774,5.0,12.076,0.0,0.1503152398753257,0.9542508372042778,1.045696298708347,0.046456530696332925,41.637162,2009,2162,0.9292321924144311,3684,3840,0.959375,4307,4474,0.9626732230666071,7667,8038,0.9538442398606618
542,2310.743857832997,54.85442077022903,0.5640528634361234,0.4318942731277533,0.0,0,11.235827635606622,0.8821965846108137,0.6768869218701362,5675,17,22.26864670876696,3.510115897464719,2.346141830677913,8.0,19.66,0.00035229874933943986,0.32091565953020657,0.9691547658585188,1.0284095642755977,0.02780804778625338,50.7593,850,908,0.9361233480176211,2590,2665,0.9718574108818011,4613,4743,0.9725911870124394,15292,15772,0.9695663200608674
543,4975.376437920704,100.7571574826166,0.5904001557784052,0.4060948301041768,0.0,0,14.178801422063858,0.8613681043533405,0.676224545787604,10271,21,21.114475362328687,3.8081278998047368,2.707288918205805,8.0,36.34,0.008973369355461213,0.4903921357401233,0.9371407784648963,1.0573848635963625,0.054546705186408036,95.690226,237,259,0.915057915057915,1019,1070,0.9523364485981308,2376,2516,0.9443561208267091,22130,23645,0.9359272573482766
544,4569.4632223551125,56.06558582767866,0.6998545001039285,0.2968197879858657,0.00020785699438786114,0,14.475799982046686,0.8659891264659721,0.7759175574421296,4811,31,24.35313040206001,3.4226688849007956,1.885951885951886,6.0,11.545,0.0,0.1528161039071732,0.9650549850040898,1.0343539274649172,0.033849936339289635,53.08462,1269,1367,0.9283101682516459,3015,3136,0.9614158163265306,4483,4615,0.971397616468039,12470,12888,0.9675667287399131
545,4750.904158872058,43.468840309834185,0.8318858560794045,0.16284119106699751,0.0009305210918114144,0,16.503403716278182,0.8469397018455345,0.8877715502182961,3224,20,24.3865406607511,2.8356609200910587,1.715137956748695,5.0,5.047,0.0,0.1623607270125871,0.9531902206320811,1.046875,0.046617396247868106,42.115328,3395,3588,0.9462095875139354,3309,3430,0.9647230320699709,2794,2904,0.9621212121212122,3290,3494,0.9416141957641672
546,6599.8059169355,57.30691238812412,0.8720238095238095,0.12648809523809523,0.000992063492063492,0,13.212776685472738,0.8551662064564075,0.8966416668508282,4032,19,23.16941851253878,3.0767278320484355,1.6854379977246872,4.0,5.59,0.0,0.20979605345262625,0.9398278962239918,1.0597966014418125,0.057841239109390125,56.481208,2454,2586,0.9489559164733179,2731,2873,0.9505743125652628,3309,3523,0.9392563156400795,6141,6590,0.9318664643399089
547,8078.267384482779,80.11218613672274,0.7865223012281836,0.21153846153846154,0.0,0,15.445792305571409,0.8701985438906309,0.8779501422641617,6188,24,22.982366851924446,3.735746676101234,2.2808711732073146,6.0,13.607,0.0,0.2578271305157471,0.9432001847148465,1.0568339768339767,0.05422914543601689,76.563312,484,533,0.9080675422138836,1503,1598,0.9405506883604505,2899,3048,0.9511154855643045,19624,20807,0.9431441341856106
548,6147.864592963812,62.866206023205386,0.7754767274964117,0.2239081402501538,0.0,0,14.991195433156918,0.8570764577216949,0.854288707010497,4877,27,22.573680022105744,3.5715168850826786,2.081702802749868,6.0,10.572,0.0,0.1814963473797601,0.9571650111069199,1.0435312408084374,0.04215343851619897,59.91224,828,907,0.9128996692392503,2451,2563,0.9563012095200937,4241,4397,0.9645212644985217,15317,15992,0.9577913956978489
549,6816.220369923694,92.44935575988855,0.6688955223880597,0.32823880597014926,0.0,0,20.160448366765976,0.8512292628409491,0.7434054017925065,8375,20,22.639821830123772,3.726157219233052,2.3714744734023565,6.0,24.316,0.003806351849649102,0.41358523712470496,0.9495972295415193,1.0483206770183988,0.046172626741347124,88.718864,442,479,0.9227557411273486,1412,1462,0.9658002735978112,2961,3065,0.966068515497553,20412,21560,0.9467532467532468
550,4770.710729498115,93.03490842885068,0.5927736450584484,0.4031880977683316,0.0,0,15.479098083600745,0.8475826237809897,0.6743379638649666,9410,31,21.588706089396165,3.874448965470664,2.2841520258157044,6.0,30.676,0.0008494372478233171,0.3042884660182772,0.9484799663771365,1.0496222105078195,0.04728219159798459,87.423774,178,190,0.9368421052631579,695,722,0.9626038781163435,1829,1874,0.9759871931696905,24379,25766,0.9461693704882403
551,5841.20204460971,85.69322776311483,0.6460489775309265,0.35054279222418583,0.0,0,16.030571442136097,0.8597025541606523,0.7685528765075674,7922,25,20.878513423233937,3.8710735581394395,2.524814380617429,8.0,24.2,0.0005046681806712087,0.31754075705665796,0.9539397754695205,1.044264251614715,0.04255960353603,79.843586,187,208,0.8990384615384616,706,728,0.9697802197802198,1924,2004,0.9600798403193613,24459,25653,0.953455736171208
552,5386.612546822051,74.15897036100186,0.6623024830699774,0.3343867569601204,0.0,0,14.377389462344453,0.8536029727204907,0.7940949912331345,6645,28,21.758899507740406,3.8534528716769993,2.511474664848898,8.0,20.109,0.0,0.23546845376940534,0.9543946346629015,1.0441832471854422,0.0422259035126272,68.900424,203,216,0.9398148148148148,869,909,0.9559955995599559,2107,2201,0.9572921399363925,23859,25004,0.9542073268277076
553,5663.993639053678,81.82911203204925,0.6541858932102834,0.3423862887277521,0.0003955174686882004,0,12.14926112433535,0.8503548189309891,0.6939199040753449,7585,23,21.440222894815783,3.352072537072221,1.8293027005239824,4.0,20.963,0.0005270786664909738,0.3300283995152934,0.9329777048283409,1.0655497573926578,0.06277241261430647,79.506128,1283,1374,0.9337700145560408,2653,2779,0.9546599496221663,3480,3645,0.9547325102880658,13047,14135,0.9230279448178281
554,5441.192483213978,72.1768363986649,0.677170219338894,0.3211306765523633,0.0006178560395427865,0,12.384808389215644,0.8407785547211606,0.7273936085034494,6474,29,22.60040572436042,3.59331356865731,1.9924726277372262,5.0,17.365,0.0,0.22246047109776482,0.937307596305849,1.0619683069224353,0.059472572188747165,69.311688,789,837,0.942652329749104,2169,2240,0.9683035714285714,3737,3885,0.9619047619047619,15836,17076,0.9273834621691263
555,5762.091940464804,78.52093369284047,0.668826595295112,0.3290604310466263,0.0002817298211015636,0,11.377254066468172,0.8528133207388021,0.7364461233675215,7099,19,19.997723116545004,3.5538147370458457,2.1295282224094354,5.0,19.806,0.0012661789532920653,0.3764766789966242,0.9547849172439541,1.043941411451398,0.0426131850675139,75.921018,892,947,0.941921858500528,2304,2395,0.9620041753653444,3692,3822,0.9659863945578231,16129,16943,0.951956560231364
556,1635.956248839705,101.80160497843572,0.501846877098724,0.4941235728676964,0.0,0,7.629323859302554,0.8425705837237416,0.6261346756171372,11912,25,22.86209545521158,3.9460144816016065,3.569086651053864,9.0,50.114,0.009149891864914324,0.4817925710458667,0.9053782095766829,1.0875078820149933,0.0800561797752809,94.454512,46,52,0.8846153846153846,216,228,0.9473684210526315,637,677,0.9409158050221565,25194,27863,0.9042098840756558
557,3381.899107424714,55.735370749575786,0.6233983286908078,0.3732590529247911,0.0,0,11.717957924711417,0.8564792168191215,0.7036802123691519,5385,25,24.13857153559681,3.396410957042923,2.0592791182603514,6.0,15.851,0.0,0.21163738888210035,0.9450969680415187,1.0551777645931268,0.05245449055301527,52.848896,1127,1196,0.9423076923076923,3107,3217,0.9658066521603978,4433,4648,0.9537435456110155,12093,12905,0.9370786516853933
558,4665.893215929761,102.0042067016272,0.5761801564119476,0.42042777725431074,0.0,0,11.899302713085405,0.8510918083817152,0.6837278525046094,10613,26,22.046151187958586,3.9077044907844285,2.8423548650858543,7.0,37.899,0.0029124389327320555,0.41306120202872953,0.9271287543168103,1.0697168520402793,0.06512522828072007,95.894198,108,114,0.9473684210526315,418,442,0.9457013574660633,1187,1244,0.9541800643086816,24865,26867,0.9254847954740015
559,5282.278123644855,57.86530390777766,0.7430570277718889,0.25461098155607376,0.00042399830400678397,0,14.080603713205493,0.8390776486077111,0.807370010188748,4717,23,24.438836580901327,3.287287567658104,2.086162624821683,5.0,10.943,0.0,0.2014093889724511,0.9406047516198704,1.0591794569067297,0.056458709647538324,55.701618,1594,1693,0.941523922031896,3163,3285,0.9628614916286149,4246,4451,0.9539429341720962,10159,10943,0.9283560266837247
560,4765.9528611085925,108.85862992921348,0.5726799653078924,0.4238508239375542,8.673026886383348e-05,0,16.733999185159185,0.8547819333056148,0.6372240206295664,11530,31,22.509857805260985,3.784539394779137,2.3171285779191275,7.0,38.914,0.0013857613026156245,0.3702162877405218,0.9193997697136278,1.0786021304429079,0.07315477829798954,104.465558,262,295,0.888135593220339,1036,1087,0.953081876724931,2088,2211,0.9443690637720489,21367,23330,0.9158594084869267
561,4037.27945043475,129.70304829291703,0.5417013022998061,0.45476586311997785,6.927126627874758e-05,0,15.213262599728889,0.851454399900541,0.6237165458766588,14436,30,19.550549467201016,3.932568111778385,2.873913043478261,8.0,54.586,0.008448382443849165,0.4920369387739283,0.9102318284817849,1.086466956643749,0.07942875481386392,123.30641,66,69,0.9565217391304348,278,291,0.9553264604810997,624,678,0.9203539823008849,25142,27647,0.9093934242413282
562,6900.372806608506,71.40505278881027,0.7672322375397667,0.23029338989042064,0.00017674089784376105,0,8.528372820244511,0.8586778558523541,0.8312656323566652,5658,20,23.20660593846968,3.5142451843546403,2.0753282653766414,5.0,12.748,0.00017670966601873123,0.2748467034332208,0.9499080292595286,1.0490284390683309,0.04700366897676315,69.159156,990,1067,0.9278350515463918,2379,2493,0.9542719614921781,3818,4008,0.9525948103792415,15019,15809,0.9500284647985325
563,5731.133846128095,64.28016697697358,0.7324852857414088,0.2656161002468198,0.0,0,16.633345709419046,0.8554016519102565,0.8381761898050681,5267,19,20.26392515732804,3.430648140514769,2.1648522550544325,7.0,12.915,0.00018982536066818528,0.27602221879854016,0.9559763092850814,1.04353926015994,0.04199615779832909,60.804386,1368,1444,0.9473684210526315,3345,3413,0.9800761793143862,4588,4722,0.9716221939855993,11198,11864,0.943863789615644
564,4816.712545252359,65.47175086090863,0.6698979591836735,0.3272108843537415,0.0003401360544217687,0,12.262570216127065,0.8532173723262682,0.7329217527544706,5880,29,21.77355638665037,3.4221833230502536,1.930946940847931,5.0,15.784,0.0,0.2027479441113479,0.9608129649309245,1.0386151797603196,0.037668314300323844,62.629166,1218,1286,0.9471228615863142,2833,2901,0.9765598069631162,4246,4375,0.9705142857142857,13402,14022,0.9557837683639995
565,691.8225122669576,37.94249261247872,0.5033249254758083,0.4907131391882596,0.00045861041045631735,0,6.8811303539868955,0.8571416169916057,0.623440194341025,4361,17,21.810905278074728,3.159270290799538,2.382232346241458,8.0,16.52,0.0,0.2603137594179859,0.9765150029417533,1.0212472949045839,0.021586875179890625,34.356478,1632,1734,0.9411764705882353,3795,3872,0.9801136363636364,5115,5220,0.9798850574712644,9375,9570,0.9796238244514106
566,-762.7791461957881,47.17008801255042,0.4363283775048481,0.5601163542340013,0.0,0,5.615251365251933,0.8376991313558628,0.6000879305846952,6188,16,23.521175048661625,3.465208579716637,2.9433333333333334,9.0,26.723,0.001935483870967742,0.3910846223072749,0.9665140120163018,1.0312236642508006,0.0305881394591072,41.821702,808,865,0.9341040462427745,2739,2811,0.9743863393810032,5131,5252,0.976961157654227,14326,14873,0.9632219458078397
567,3005.2053501464466,46.082434467813904,0.6353409889852355,0.36161237403327867,0.00023435669088352472,0,12.68166906831631,0.8622350432423987,0.7776999482667779,4267,19,25.58601238324139,3.322496266921127,2.4787901143489486,7.0,13.216,0.00046849379245724994,0.22852706438422415,0.9546605513353399,1.0439396849788705,0.043285492275345096,42.133444,1286,1425,0.9024561403508772,3435,3591,0.9565580618212197,4875,5067,0.9621077560686797,10386,10848,0.9574115044247787
568,5975.400106157512,54.93212816772464,0.8320914058618977,0.16716343765524094,0.00024838549428713363,0,9.884438158650697,0.8604486298410479,0.9019661817222305,4026,26,19.22975287435854,3.259415392405764,2.0301492537313433,6.0,7.352,0.0,0.1548801304611498,0.9506994289306858,1.0491889338022993,0.047887464458522475,52.463502,1980,2107,0.9397247271001424,3478,3598,0.9666481378543635,4112,4267,0.9636747129130536,8576,9115,0.9408667032364235
569,7235.432555932829,69.03234899768184,0.8064329738058552,0.19048536209553157,0.0003852080123266564,0,8.771971052399222,0.8844165181739887,0.9017883473074408,5192,18,18.872197059349766,3.5484342952135894,2.3112013374731313,7.0,10.896,0.0,0.29463672590909773,0.9701530396550266,1.0279862612899122,0.02782458591919773,65.898858,1034,1121,0.9223907225691347,2535,2633,0.9627800987466768,4035,4142,0.9741670690487687,15344,15758,0.9737276304099505
570,4995.061500927223,98.2699036210185,0.5970281440661287,0.39982286951387525,9.8405825624877e-05,0,10.437536533813498,0.8758019860042598,0.6335714934379717,10162,21,24.072860580958242,3.4680830084099936,2.190374155266194,5.0,32.756,0.005577845190331735,0.48769750098898657,0.9597857339792824,1.038780507068952,0.03760282021151586,96.260866,759,791,0.9595448798988622,1920,1960,0.9795918367346939,3126,3237,0.9657089898053753,18563,19401,0.9568063501881346
571,2593.580708269886,92.23831063877,0.5347705809405704,0.4621768577697224,9.539254030334828e-05,0,9.745370380450728,0.870765590774911,0.5809922668469053,10483,31,20.049790599454184,3.7051731824399727,2.113628255440599,5.0,36.93,0.000667302192564347,0.33964579068768375,0.9799111175344148,1.0190345226894406,0.01885922932397462,89.240044,437,461,0.9479392624728851,1355,1380,0.9818840579710145,2729,2771,0.9848430169613858,22600,23065,0.9798395837849556
572,5962.851909147681,68.91444251892152,0.720454154481335,0.2762773094787545,0.0003440564252537416,0,14.487094976457547,0.8663552569837839,0.7986375680979408,5813,27,19.775169699932356,3.4666472580279963,2.103390639923591,6.0,14.56,0.0,0.21419607241407848,0.9639277672303413,1.035221238938053,0.034734060688714624,66.08645,1194,1286,0.9284603421461898,2838,2921,0.9715850736049298,4225,4331,0.9755252828446086,13575,14111,0.9620154489405428
573,3483.166661196129,41.69211671019834,0.7109018264840182,0.2842465753424658,0.0025684931506849314,0,14.534666580950418,0.8373710108939755,0.7918849871718555,3504,22,19.81544064146588,2.7857040094951717,1.7563227619429949,4.0,8.219,0.0002853067047075606,0.1657771495791813,0.9490119857466797,1.0474638153605424,0.04945190294371228,39.712544,3015,3228,0.9340148698884758,3918,4060,0.9650246305418719,3494,3659,0.9549057119431539,4221,4488,0.9405080213903744
574,3631.661009501538,135.9223219734042,0.5283576211106735,0.46730996455297363,6.564264145989234e-05,0,20.181645872692847,0.8634003931892059,0.6423829355416898,15234,32,24.449903710361482,3.949826309457456,2.745309976394583,8.0,57.867,0.006974773482823805,0.4854570175898082,0.9491054077598338,1.0464739806414622,0.044683438960373856,126.448076,62,68,0.9117647058823529,247,261,0.946360153256705,582,614,0.9478827361563518,27436,28903,0.9492440231117877
575,3470.826924779035,48.33793029409569,0.6603123564538356,0.3350941662838769,0.00022967386311437759,0,16.970792188577448,0.8480454396010197,0.7626020106041499,4354,21,21.055444284418975,3.109329382372549,2.0358260869565217,6.0,11.745,0.0,0.20628104757309415,0.9608808570501028,1.0373126222029112,0.03719524901021046,45.078276,2089,2237,0.9338399642378185,3928,4045,0.9710754017305315,4414,4543,0.9716046665199207,7328,7657,0.9570327804623221
576,5670.444780150519,114.35223570483079,0.589471885147838,0.40770808408819004,0.0,0,14.382573061362633,0.8594310545271486,0.6877749520970636,11702,26,23.25222340041511,3.8647504295401545,2.6330820527689185,7.0,39.835,0.004169857884435367,0.4510428515148184,0.9431707655967765,1.0530874545962559,0.050465070255293884,109.06547,143,149,0.959731543624161,569,601,0.9467554076539102,1297,1377,0.9419026870007262,25143,26661,0.9430629008664341
577,5237.198950476619,94.11543417101382,0.606112600536193,0.3912064343163539,0.0,0,10.310636789206981,0.8525580869728063,0.7095270829746041,9325,32,22.737021211896575,3.829303661672008,2.478060863411182,7.0,30.653,0.00032161234991423673,0.2890439492724081,0.934519289872365,1.0642351660315732,0.06024464831804281,88.953314,248,271,0.915129151291513,888,936,0.9487179487179487,1885,1960,0.9617346938775511,22825,24490,0.9320130665577787
578,4030.683297470534,68.05698451233904,0.6184884071062933,0.37774766636555257,0.0,0,6.773645164340614,0.8558715122184948,0.6791120443134424,6642,27,23.357343382546972,3.5616416977506606,2.137293086660175,5.0,20.474,0.0,0.24504761600596692,0.9569677057456527,1.0426309868209578,0.041956162911212624,64.983296,714,753,0.9482071713147411,2036,2106,0.9667616334283001,3540,3691,0.959089677594148,17594,18408,0.9557800956106041
579,3132.4496424712897,90.61425059971933,0.5480847595762022,0.4491646291768541,0.00010187449062754686,0,11.923534252904687,0.8683823477027919,0.6810363869110699,9816,22,21.466575465377808,3.8139803165130046,2.942379182156134,8.0,37.156,0.007181146960655406,0.44501505228483174,0.9478080080295372,1.0494325346784363,0.04729868178403115,84.243862,259,285,0.9087719298245615,913,950,0.9610526315789474,2144,2235,0.9592841163310962,23125,24427,0.9466983256232857
580,3610.097712246153,52.48774383875718,0.6497907949790795,0.34811715481171546,0.00020920502092050208,0,10.657636246002953,0.8513676480981974,0.7634545920079372,4780,18,20.598024997699625,3.211707107755613,2.160978750804894,7.0,13.698,0.0,0.2632964897002536,0.9578170047038592,1.0405947125386918,0.03940336216111165,48.576638,1731,1823,0.9495337356006582,3819,3910,0.9767263427109975,4721,4859,0.9715990944638815,8666,9179,0.9441115589933544
581,6154.74402006895,106.86084838327781,0.6114063389637502,0.3844182956917821,0.00028468400075915733,0,9.491048870676677,0.8561363278929689,0.7010701658462025,10538,23,21.456540768128605,3.8085048102233996,2.7820890889337266,7.0,35.998,0.004252102428422943,0.45402478704057925,0.9080655301209275,1.0868056850822547,0.08033193891779751,101.857474,225,243,0.9259259259259259,863,926,0.9319654427645788,1960,2090,0.937799043062201,21507,23782,0.9043394163653183
582,4765.570300815855,46.87154688758589,0.7920656634746922,0.2027359781121751,0.0019151846785225718,0,13.599070344174136,0.8571575148047972,0.8229876559036229,3655,18,20.392549997269555,2.5587994686238704,1.6224525043177893,4.0,6.466,0.0,0.20325211867752724,0.9450431034482759,1.0533056133056133,0.053729704290532594,45.88225,3503,3712,0.9436961206896551,2698,2785,0.9687612208258528,2356,2492,0.9454253611556982,2844,3075,0.9248780487804878
583,6634.709090642889,72.76008037250749,0.7433039427715854,0.25403427050407584,0.000998170021627017,0,11.902460130191088,0.8621857468090363,0.7783369821271843,6011,16,20.747450265443568,3.0462780772749554,1.8601163831692031,4.0,13.609,0.0018266356692128861,0.3707494111895222,0.9115039085287597,1.086102807572827,0.08218664667773197,71.292178,2865,3006,0.9530938123752495,2246,2343,0.9586000853606488,2407,2628,0.9159056316590564,8107,9165,0.8845608292416803
584,4987.567700180573,104.54378348660435,0.5812488419492311,0.41513803965165835,0.00018528812303131369,0,13.70421376623071,0.8411083955540622,0.6653809895362789,10794,27,20.507546477246855,3.750394037779692,2.807778131973223,7.0,38.539,0.00249514832270585,0.40394409745890225,0.9024838661263695,1.0952578720833648,0.08726027397260273,99.7759,258,277,0.9314079422382672,998,1036,0.9633204633204633,2103,2206,0.9533091568449683,20694,23133,0.8945662041239787
585,6184.4143986543295,63.515484118815,0.7693224716868666,0.22789588714484402,0.0,0,13.6822106505441,0.8449918001455486,0.8375437671123711,5033,22,21.735285073382077,3.360521634105281,2.050878099173554,6.0,10.983,0.0,0.2284089739278313,0.9622632815739759,1.0372796899510934,0.0359363894811656,61.00987,1396,1479,0.9438810006761326,2991,3093,0.9670223084384093,4463,4627,0.9645558677328723,12034,12504,0.9624120281509917
586,5713.202114351594,99.11113403666812,0.6106511295103751,0.3846468363487683,0.0,0,10.920877135517497,0.851865201525833,0.6922122403028698,9783,29,23.154286809573136,3.8286779797385373,2.657181118178775,7.0,32.797,0.0009191176470588235,0.3413317776083251,0.9247852804829841,1.0715394893647756,0.06667784672144894,93.970108,185,199,0.9296482412060302,728,763,0.9541284403669725,1841,1936,0.9509297520661157,22980,24929,0.9218179630149624
587,3723.0743949004896,50.981724192143695,0.6661575387300894,0.33035129827623827,0.0006545930613135501,0,12.52153059259535,0.8526235485077327,0.7359809271916302,4583,18,21.121220253661733,3.0815072318805736,2.175237471339666,6.0,13.058,0.0002181500872600349,0.2559137278269063,0.9585517167611509,1.0400900418051238,0.040390043623299975,48.830878,2012,2126,0.9463781749764817,3987,4074,0.9786450662739322,4627,4779,0.9681941828834484,7297,7719,0.9453297059204561
588,6152.616693784345,96.5986033982183,0.6324248018243023,0.36496905201433383,0.0,0,12.153396845532473,0.8706004814220673,0.7179508296307852,9209,31,21.213828465810785,3.7858583368821903,2.286401098901099,7.0,27.941,0.0003256621797655232,0.2926671682758036,0.9471956822988841,1.0509752259669924,0.04850798056904927,91.650836,282,310,0.9096774193548387,1138,1181,0.9635901778154107,2481,2597,0.9553330766268772,22073,23334,0.9459586868946601
589,3177.2850340720815,34.40094302648312,0.747544561658785,0.2495452891960713,0.0003637686431429611,0,12.352758485474109,0.8504973476684329,0.8895200696009983,2749,17,20.733219931517354,2.671066260459321,2.0934306569343066,7.0,6.237,0.0,0.16386041703540505,0.9671149966375252,1.0312226043563288,0.031017854815587123,31.937502,3289,3457,0.9514029505351461,4350,4459,0.9755550571877103,3608,3696,0.9761904761904762,3134,3258,0.961939840392879
590,5261.983325173874,54.81673042635493,0.765639589169001,0.23132586367880487,0.00023342670401493932,0,9.83771014631145,0.8500897609782241,0.8515373451442255,4284,24,24.220736402276085,3.23308013196776,1.958841463414634,5.0,8.947,0.0,0.1799632370012115,0.9433971955416303,1.0580658457416663,0.05554477539536237,52.075486,1766,1901,0.9289847448711205,3363,3515,0.9567567567567568,4147,4353,0.9526763151849299,9091,9700,0.9372164948453608
591,3560.4967980098613,110.28829126329332,0.5432149287935832,0.45293828777213946,0.0,0,12.901684477591605,0.862249272582515,0.6213801771923473,12218,30,22.01033153207868,3.8080009363861147,2.389633870724725,7.0,44.073,0.0038320423970648184,0.40214818086164916,0.9231641310708016,1.0736176005297817,0.068411011174707,104.027192,238,261,0.9118773946360154,877,921,0.9522258414766558,2146,2253,0.9525077674212161,21982,23909,0.9194027353716174
592,3099.5802847806476,74.01468460103224,0.5669825819672131,0.42891905737704916,0.00025614754098360657,0,11.592201255229778,0.8623952968237842,0.6471729597801108,7808,19,24.04249564264797,3.471962776255039,2.3406370002258865,6.0,27.047,0.0029370450772570555,0.4146392822759114,0.951819033824657,1.0467513580563754,0.04522899210933051,70.622864,880,970,0.9072164948453608,2456,2585,0.9500967117988395,4146,4333,0.9568428340641588,14861,15586,0.9534838958039266
593,1379.7042033389787,60.31946709028902,0.5231693363844394,0.4742562929061785,0.0,0,11.05423732939472,0.868944539418134,0.5684478372472949,6992,20,22.09946188285418,3.172824450761044,2.044833242208857,6.0,24.818,0.0015707553905469085,0.3529968402994329,0.9654825026511135,1.0331632653061225,0.032473195506079106,57.76627,2204,2323,0.9487731381833836,3657,3733,0.979641039378516,3907,4014,0.9733432984554061,8441,8790,0.9602957906712173
594,5485.140258205258,96.93693404416157,0.6117048874130954,0.38445574348863754,0.00020753346477119436,0,11.201442542330422,0.8617443570739489,0.6655805763567828,9637,23,22.78194549991504,3.5130712409476628,2.124342663273961,5.0,29.838,0.002690675773569285,0.41882746262303516,0.9502469435673225,1.0484368656110434,0.047211293682018055,94.247572,788,846,0.9314420803782506,2126,2195,0.9685649202733485,3052,3150,0.9688888888888889,17507,18511,0.9457619793636216
595,6418.812630110641,81.5384765186002,0.688207677437172,0.3084783209058271,0.0,0,11.037120243095506,0.8474195686775127,0.7347555117763988,7242,25,21.351924218071897,3.543358380017094,2.1330256821829856,5.0,19.457,0.00041407867494824016,0.28667273111042085,0.9450330300386389,1.054472763618191,0.05232695487833688,79.19267,879,949,0.9262381454162276,2094,2193,0.9548563611491108,3403,3530,0.9640226628895184,16370,17397,0.9409668333620739
596,3087.3241540417243,42.867034759231274,0.6633842964498575,0.3335060896605338,0.0010365379632029023,0,10.648085456389351,0.8602330349959856,0.7739747889714669,3859,24,23.789558090302016,2.9520183899876784,1.957421875,6.0,10.337,0.0,0.15938085970055801,0.9693431496606465,1.0270379571321278,0.02838940426958757,39.990112,2526,2669,0.9464218808542525,4087,4173,0.9793913251857177,4366,4468,0.9771709937332139,5874,6076,0.966754443712969
597,5915.684007912465,70.0669479704652,0.7126184032476319,0.28535182679296345,0.0,0,14.93314404237972,0.8685889641483102,0.8054834020011994,5912,16,23.107527008666878,3.3478226682679395,2.088772845953003,7.0,14.659,0.0013513513513513514,0.3676213350223308,0.9605484724560982,1.0373736885364793,0.037196590698536224,66.850114,1511,1638,0.9224664224664225,3411,3533,0.9654684404189074,4331,4480,0.9667410714285715,10712,11134,0.9620980779594036
598,5183.4844808565185,101.92301039452127,0.5922367409684858,0.404880860876249,0.0,0,8.358746578034356,0.8604376608575558,0.6596754228801044,10408,25,24.280432013969385,3.8356318316085543,2.7946138870863075,7.0,36.603,0.0022049659668296425,0.4144376453662826,0.9625939521062751,1.0359697097181322,0.03475620043867049,98.113966,256,274,0.9343065693430657,803,831,0.9663056558363418,1763,1816,0.9708149779735683,24713,25684,0.9621943622488709
599,6445.916169973407,85.22943098844631,0.6760763083268884,0.31992781644753804,0.0003866976024748647,0,8.784732228946837,0.8521904951099999,0.7304803921245194,7758,25,24.456702156985855,3.565758815688224,2.050142993326978,5.0,20.96,0.000515331100231899,0.31901228476406074,0.9590111642743222,1.0393089934818251,0.03874899390594458,82.97689,804,852,0.9436619718309859,1944,2015,0.9647642679900744,3239,3333,0.9717971797179717,18065,18880,0.956832627118644
600,3989.117234130049,82.93833781564173,0.5835280373831776,0.41273364485981306,0.00011682242990654206,0,11.140151555236077,0.8501355905159238,0.6839973652096941,8560,26,21.66159451623455,3.770005667236816,2.568968968968969,7.0,29.229,0.0009337068160597573,0.3290060001259426,0.9458931140043522,1.054215084005625,0.051794082674687,78.492784,316,333,0.948948948948949,1244,1299,0.9576597382602001,2612,2705,0.9656192236598891,21474,22776,0.9428345626975764
601,5666.048093600259,68.39584393973857,0.7048955837042109,0.29270797672030124,0.0,0,16.944461614320954,0.8561598261301177,0.7950757274154778,5842,29,22.286292501398638,3.5339947235893594,2.206896551724138,7.0,15.388,0.0,0.2023544936158318,0.9430382475960501,1.057341931016575,0.054354917631707717,64.63262,874,958,0.9123173277661796,2525,2653,0.9517527327553713,4079,4266,0.956165025785279,14392,15314,0.939793652866658
602,6534.474224610673,98.93192391116533,0.642219387755102,0.3549107142857143,0.0,0,16.381308004090435,0.8604385231175767,0.7073937563984906,9408,27,19.974448883809476,3.6578125565229436,2.178417742469381,6.0,27.834,0.0006373486297004461,0.3477077329382956,0.9459521795956024,1.0534984185759468,0.05093031740240788,95.746338,502,534,0.9400749063670412,1543,1613,0.9566026038437694,3171,3315,0.9565610859728507,19392,20552,0.9435578045932269
603,4489.339185071489,44.759200610138954,0.7871779859484778,0.20930913348946137,0.00117096018735363,0,16.301008162001246,0.8426402918111575,0.8437995880964931,3416,18,25.439203174656935,2.89009595880398,1.9754555596876162,5.0,6.871,0.0,0.18916339103423185,0.9416729654824892,1.0589500316255533,0.057244655581947745,42.935386,2778,2979,0.932527693856999,3631,3789,0.9583003430984428,3646,3824,0.9534518828451883,4895,5284,0.9263815291445874
604,3130.0286635469006,82.53694706102095,0.557437738389051,0.4382993044648867,0.0001121830827911151,0,11.509987835273236,0.868473871936748,0.6470342424008182,8914,21,22.4499831081817,3.5654700457202884,2.3841819279533105,7.0,30.881,0.003577017661524704,0.4222752681613897,0.9569320590234734,1.04258561231855,0.04125292336004294,78.441716,670,721,0.9292649098474342,2169,2220,0.977027027027027,3855,3958,0.9739767559373421,17236,18108,0.9518444886238127
605,5708.959730390682,119.59763518322958,0.5832724912793056,0.4132392309564371,8.112273870365864e-05,0,13.612910348288814,0.8485806204968023,0.6666449471753397,12327,30,21.63068847643128,3.8957967515972145,2.6393602225312933,7.0,42.706,0.0032344141667340503,0.4126884736728861,0.9267233833981025,1.0699042118608255,0.06562203539533515,114.033326,131,136,0.9632352941176471,458,482,0.950207468879668,1177,1251,0.9408473221422862,24704,26694,0.92545141230239
606,4800.207114486609,110.41683769443814,0.5707604365148103,0.42638143079854496,0.0,0,14.026952931720363,0.8589129405099388,0.6448046851658266,11546,32,19.499565385698457,3.8626900908235706,2.3440060698027314,6.0,39.662,0.0011246647633878363,0.35579188131162454,0.9426065602525873,1.0552894773911818,0.0522658509824783,104.645032,165,175,0.9428571428571428,632,666,0.948948948948949,1641,1708,0.9607728337236534,24431,25956,0.9412467252273078
607,3152.8986630979225,98.64353859561267,0.5413855970829535,0.4552415679124886,9.115770282588879e-05,0,9.705670695459311,0.8546318432859968,0.6151335560046298,10970,27,18.889609876043625,3.818641592261589,2.5300555649099175,7.0,40.237,0.0014563990533406153,0.4096764283680233,0.9472003406429635,1.0496400826740788,0.047358280093296824,93.845968,227,242,0.9380165289256198,803,840,0.955952380952381,2023,2116,0.9560491493383743,23641,24984,0.9462455971821966
608,5497.621609423721,59.4489588147272,0.7482073345625896,0.24892440073755379,0.0008195041999590248,0,13.088829731886154,0.8595277005534739,0.7938232193750059,4881,16,23.346713076710742,2.930645873380176,1.6812705366922234,4.0,9.988,0.0,0.3049430082042942,0.9482137211508062,1.0492219752302319,0.049978975190725056,57.840864,3253,3436,0.9467403958090803,3056,3177,0.9619137551148883,2860,2992,0.9558823529411765,5827,6210,0.9383252818035427
609,5163.130631963187,62.91976463902537,0.7003883854262992,0.29591270575180323,0.000369890882189754,0,12.601826210421432,0.8482312494617716,0.7926001092247033,5407,18,24.171021260579103,3.3473969451556886,2.215473989965672,6.0,14.327,0.00055452865064695,0.29595318583140406,0.9421938586755457,1.0572662672425805,0.05518416568357583,60.003884,1206,1304,0.9248466257668712,2951,3108,0.9494851994851995,4240,4448,0.9532374100719424,11977,12764,0.9383422124725791
610,5010.7663885770935,60.2841348902783,0.7067683508102955,0.2915157292659676,0.0005719733079122975,0,9.12979100954553,0.8601297452766435,0.7489367110591137,5245,23,22.24004072284876,3.1499507864433007,2.0426220663609387,5.0,13.359,0.0,0.2244590528785143,0.9345339888841385,1.065058949624866,0.062102150268156985,58.647746,1969,2141,0.9196637085474078,3300,3425,0.9635036496350365,3782,3974,0.9516859587317564,8436,9172,0.919755778456171
611,6329.132341746469,72.44273266205026,0.724245406824147,0.27263779527559057,0.0004921259842519685,0,9.503767684111406,0.8550937473950373,0.7846153354908616,6096,28,20.088125169368602,3.46352646205736,2.007474518686297,5.0,14.618,0.00032797638570022957,0.21564014836632553,0.9451138477894924,1.0555654259571823,0.05322316822547498,69.926326,1150,1230,0.9349593495934959,2643,2736,0.9660087719298246,3822,3950,0.9675949367088608,13720,14658,0.936007640878701
612,4712.716655876209,41.55268364723812,0.8609589041095891,0.13595890410958905,0.0006849315068493151,0,12.868857912397614,0.8397789703471709,0.9109162691849254,2920,16,22.691593325274766,2.7810005788166534,1.9661893396976928,4.0,4.774,0.0,0.17874757932802088,0.9182723709993469,1.0857399983637406,0.07951300165338945,40.444986,3625,3803,0.9531948461740731,2950,3100,0.9516129032258065,2190,2399,0.9128803668195081,2482,2946,0.8424983027834352
613,4495.8005858576935,97.68655487564759,0.5737004273929033,0.4215286750819998,0.0,0,11.635828290785762,0.8490723785459985,0.6811446506960059,10061,26,21.586201823955818,3.853612358120163,2.9326056826056828,8.0,36.643,0.000992950054612253,0.38774772199384555,0.9436133486766398,1.0543181340617778,0.051435564964276266,91.707252,143,160,0.89375,575,603,0.9535655058043118,1653,1730,0.9554913294797688,24689,26184,0.9429040635502597
614,4116.837727776414,74.07691551230117,0.6069678824169842,0.3901741970604246,0.00013609145345672293,0,8.676996813039166,0.8681610739194303,0.6938203717651851,7348,26,20.564683124498742,3.669562185427076,2.3073991031390135,7.0,23.621,0.00027210884353741496,0.27843810728785046,0.9610529556650246,1.0379048133709037,0.037094682230869,70.400762,531,574,0.9250871080139372,1774,1838,0.9651795429815017,3507,3625,0.9674482758620689,19160,19947,0.9605454454303906
615,6213.929562144969,62.37342903525581,0.7830501450476585,0.2146705346042271,0.0004144218814753419,0,15.450799914024202,0.8645065882852996,0.8665968164652963,4826,26,23.539117182561647,3.3122570007094763,1.9044720825615242,5.0,9.557,0.0,0.18405910086406438,0.9604145179509848,1.0391240157480315,0.038169020737871415,59.579558,1696,1809,0.9375345494748479,3349,3459,0.9681989014165944,4195,4357,0.9628184530640349,10315,10736,0.9607861400894188
616,5769.047792493084,75.64726060739412,0.6795119773843178,0.31661955066210384,0.0005951495313197441,0,15.711471316966465,0.8565707787600109,0.7392181258140972,6721,26,21.76779795555747,3.3799341833333587,1.9187650536457193,5.0,17.623,0.0001487652484379649,0.2568115612065183,0.9329622458857696,1.0675498616974815,0.0647351742870077,72.759172,1528,1632,0.9362745098039216,3046,3157,0.9648400380107697,3863,4040,0.9561881188118811,10838,11831,0.9160679570619559
617,5541.975739717361,55.522014878212424,0.7857142857142857,0.21215704824976347,0.0,0,12.961652118593285,0.8506907933189642,0.86308652249574,4228,27,21.88289283968801,3.269838973588248,1.9500301023479831,5.0,8.482,0.0,0.15879917766097063,0.9589631758933439,1.0407271282407868,0.03937345267568082,52.840556,1625,1724,0.9425754060324826,3654,3784,0.9656448202959831,4525,4675,0.9679144385026738,9545,9994,0.9550730438262958
618,1453.1847551907078,125.59817408806269,0.4966081404628891,0.49926842245277997,6.650704974727321e-05,0,14.463829136036605,0.8500052780418997,0.5882149554447853,15036,31,21.446966090974176,3.934801838941618,2.983795366278291,8.0,60.927,0.010007900974453516,0.4882629094569284,0.9283049861401047,1.0681223308995729,0.06396950477288743,118.325468,59,63,0.9365079365079365,216,225,0.96,763,811,0.9408138101109741,26088,28122,0.927672285043738
619,5463.340335139835,105.6624844669055,0.5928384442782348,0.4035153328347046,0.0,0,13.224051939262049,0.8440567460549051,0.6934805139543262,10696,24,22.627067181132738,3.862994721931509,3.0447878883456867,8.0,38.407,0.003632976245924546,0.44384153906883883,0.9229315937689374,1.0743582389215545,0.06918176388612383,100.39782,148,163,0.9079754601226994,672,707,0.9504950495049505,1445,1534,0.9419817470664928,23626,25649,0.9211275293383757
620,3529.6650686695048,99.12926085132305,0.5522689693183906,0.4441484475473085,0.0,0,11.42052806388743,0.8591923197155026,0.623670485414752,10886,27,22.811979654717884,3.7471138082638467,2.4231536926147705,6.0,39.12,0.0031135531135531138,0.40123442641012996,0.9248391829364632,1.0727602768218432,0.0677211194500947,94.620276,331,353,0.9376770538243626,1161,1237,0.9385610347615198,2525,2664,0.9478228228228228,20568,22329,0.9211339513636975
621,6458.6212126309365,75.69611646908781,0.7135982614095001,0.2836075752871779,0.0003104625892579944,0,10.50991856948761,0.8407369814606114,0.7849313519899902,6442,23,23.52960881818612,3.5885298710566222,2.454209266913204,7.0,17.323,0.0001552072016141549,0.2797591491859457,0.9338032232801616,1.064067544077477,0.060561471442400774,72.914342,771,827,0.932285368802902,1951,2056,0.9489299610894941,3273,3474,0.9421416234887737,16660,17904,0.9305183199285076
622,2644.375109521212,32.56338434665635,0.6977665706051873,0.3004322766570605,0.00036023054755043225,0,15.816628975923399,0.8433719774348173,0.8062464700114231,2776,16,21.195417454968787,2.6843383656586886,2.4300464636035106,7.0,7.742,0.0,0.17335220077364533,0.9533762057877814,1.0453965482506211,0.04362867576398232,30.216688,3183,3325,0.9572932330827068,4450,4607,0.9659214239201216,3452,3610,0.9562326869806094,3147,3386,0.929415239220319
623,127.76827571064868,90.40308851244296,0.47701302152537867,0.5194437062627336,0.0,0,11.92971043867676,0.8213458638603074,0.569737305009028,11289,23,26.690528400943954,3.65998223479356,2.8612813370473535,8.0,46.413,0.010604732690622261,0.49056370643089053,0.9415542466273988,1.0550504278728607,0.052292289408290414,84.285148,423,457,0.925601750547046,1529,1578,0.9689480354879595,3077,3185,0.9660910518053375,19748,21095,0.9361460061625978
624,7087.79460307362,96.77533486083597,0.668635021576198,0.32954803543038835,0.0,0,14.351179203964147,0.8567402884286088,0.7425383832037816,8806,27,22.919890786003396,3.597172714032976,2.0215692934782608,6.0,23.73,0.0004540295119182747,0.32830946512776027,0.941526711288137,1.0565905531283488,0.05377472121847923,92.741046,798,866,0.9214780600461894,2127,2202,0.9659400544959128,3254,3399,0.9573403942335981,16750,17886,0.9364866375936487
625,5334.999482912732,78.24931094640134,0.6503134369037885,0.3469610248023985,0.0001362769146906514,0,12.288762113834338,0.8680892995289329,0.7139200363052537,7338,25,25.10372550963399,3.408387705664917,1.875943000838223,5.0,20.111,0.0005448106782892945,0.29316134203768285,0.9656185980226241,1.0331755670655474,0.03240541239334655,74.95988,1199,1314,0.9124809741248098,3044,3117,0.9765800449149824,4132,4232,0.9763705103969754,13307,13791,0.9649046479588137
626,5157.269822202838,76.66037166956436,0.6447460472925703,0.3509164684483,0.0005596753882748006,0,11.525456486873564,0.859845792994836,0.7397470138145315,7147,24,21.957507295290235,3.5132964097395796,2.172092013888889,7.0,20.928,0.0,0.2968436301863918,0.952727118139693,1.0457533077251386,0.04502273465410848,72.93597,891,963,0.9252336448598131,2497,2612,0.9559724349157733,4147,4318,0.960398332561371,14876,15630,0.9517594369801663
627,4660.07623003753,87.95437382563291,0.5998876404494382,0.3957303370786517,0.00011235955056179776,0,9.99652432749543,0.8761867917328648,0.6529992420670431,8900,32,22.42384192133914,3.511957340381975,1.9372541674470876,5.0,27.38,0.0004492362982929021,0.27983438974898345,0.9418269832658682,1.058658516161447,0.05616605616605617,84.695826,813,891,0.9124579124579124,2196,2297,0.956029603831084,3653,3821,0.9560324522376341,15907,16954,0.9382446620266603
628,7378.493797124636,62.43043605427985,0.8856815578465063,0.11248568155784651,0.0002290950744558992,0,14.558887638750688,0.8526922474660498,0.9219098558085826,4365,19,21.089728652918886,3.2026372458405685,1.8491981376099327,5.0,6.13,0.0,0.2392160280843612,0.9415228785112774,1.0597235349716445,0.05713492504164353,61.346656,2253,2450,0.9195918367346939,3074,3246,0.9470117067159581,3336,3509,0.9506982046167,7325,7776,0.9420010288065843
629,4637.85867207982,58.59956422222411,0.69,0.30686274509803924,0.000392156862745098,0,7.7512069521031055,0.8492991015584475,0.797181833827607,5100,28,23.513874917114848,3.396742968474053,2.1602728047740833,6.0,13.631,0.0,0.18234184060175004,0.9547813529491403,1.0438068516088157,0.04251825606014778,55.298094,1170,1270,0.9212598425196851,2973,3081,0.9649464459591042,4414,4563,0.9673460442691212,12600,13245,0.9513023782559457
630,5039.147698296159,91.90151912633632,0.6014996140699085,0.39552321093836146,0.0,0,9.616482542530889,0.8427068723679203,0.7484528633467731,9069,24,21.14366733599235,3.859976394268204,3.00916590284143,8.0,32.377,0.0025296964364276285,0.37962315545569403,0.9212544802867384,1.0758640573755722,0.0704957356076759,85.487456,152,163,0.9325153374233128,706,752,0.9388297872340425,1743,1825,0.955068493150685,23102,25160,0.9182034976152623
631,5615.172732523146,78.36244726610971,0.6583063266168804,0.3388755812315063,0.0,0,6.958946427084218,0.8253244799339499,0.7696978962530577,7097,21,22.731139354048004,3.6536257179285423,2.7480736301369864,7.0,22.201,0.0012665353222628764,0.34405568965156447,0.9025336404412656,1.0959967486283275,0.08746635200412994,73.9716,538,596,0.9026845637583892,1584,1662,0.9530685920577617,3056,3227,0.9470096064456152,17157,19262,0.8907174748208909
632,7161.581848642168,88.3614069352709,0.6967308437782659,0.3012017056467244,0.0001292156609381057,0,8.934743466360255,0.8437299212927957,0.7493099931688519,7739,23,24.024070386522716,3.5455639766411364,2.3929896142433233,6.0,21.45,0.00038749677086024286,0.33836423488559125,0.8954790543343011,1.1043481886021596,0.09466411325147385,85.951646,664,705,0.9418439716312057,1648,1755,0.9390313390313391,2746,2963,0.9267634154573068,16532,18687,0.8846791887408358
633,5157.303112009585,97.606372774201,0.5981412263865037,0.39903020507121933,0.0,0,9.4417347476468,0.8327782761903865,0.6837036145606559,9899,28,20.95790411508745,3.715764145726454,2.879243371052187,7.0,35.177,0.0025191455058444175,0.3533429708183011,0.8928384930995897,1.105804224665141,0.09541804440245631,93.554606,225,244,0.9221311475409836,760,811,0.93711467324291,1624,1754,0.9258836944127709,21328,24001,0.8886296404316487
634,6251.500561107061,75.11666899289554,0.7043331802174246,0.2915326902465166,0.0010718113612004287,0,11.592292868309272,0.8408522958605633,0.7629746120384288,6531,23,23.933091132620397,3.5208955138639344,2.4478260869565216,6.0,18.011,0.00015309246785058175,0.28531305320368416,0.9313394767154846,1.0682296611218889,0.064969034888641,72.687328,765,814,0.9398034398034398,1921,2009,0.9561971129915381,3199,3401,0.9406057042046457,16754,18084,0.9264543242645432
635,5355.339552098844,62.935453258889694,0.7145276627775687,0.2828377869777945,0.0001881821603312006,0,9.489637783619537,0.839003719767252,0.7804642565720096,5314,24,19.19621562668614,3.2929903427391,2.1759283644982883,5.0,13.757,0.0,0.22658660902686395,0.9070850202429149,1.092773041006902,0.0853122251539138,60.568968,1657,1764,0.9393424036281179,3113,3224,0.9655707196029777,3888,4116,0.9446064139941691,9266,10656,0.8695570570570571
636,3928.8090935648725,51.794991785127436,0.6770630279402209,0.32077106346112194,0.0008663634394628547,0,13.540846392138082,0.8338402919619677,0.7522144047368815,4617,17,22.886507946292234,3.0223423339628956,2.2117722328854765,6.0,12.94,0.00021654395842355997,0.2707752377461779,0.9388495048433356,1.060316252784872,0.057962887438825446,49.583748,2104,2246,0.9367764915405165,3487,3610,0.9659279778393352,4124,4334,0.951545916012921,7634,8289,0.9209796115333575
637,6838.1925992636925,69.2159926912319,0.7773641102010425,0.22077438570364855,0.0,0,15.132897176058904,0.8314226305934205,0.8667735860484553,5372,31,23.065232596282502,3.596553024969452,2.3333333333333335,6.0,12.589,0.0,0.17484773273857326,0.9256294814073703,1.0743653017692083,0.06940295612367614,65.734066,720,780,0.9230769230769231,2062,2179,0.9463056447911886,3528,3746,0.9418045915643353,15894,17283,0.9196320083318869
638,5878.4241766053565,90.45789870472926,0.6336505698507814,0.362354599929503,0.0002349900129244507,0,13.9617312826529,0.8416709799068413,0.7429653892937893,8511,27,20.689916241963484,3.844154370258762,2.8019655108473946,8.0,27.811,0.0004697592483852026,0.31197298121811895,0.9243418680129823,1.0728030440297156,0.06799314354854973,84.865074,192,207,0.927536231884058,758,792,0.9570707070707071,1854,1941,0.955177743431221,22828,24790,0.9208551835417507
639,4961.974736795528,92.50466505141979,0.5966441490520811,0.3996513401612552,0.00010895619960775768,0,16.238655110602796,0.8524498349704233,0.7298563592976831,9178,29,22.894516663355887,3.8742174828871927,2.8654127100073046,8.0,32.089,0.0003267617906546128,0.31310083671879135,0.9428571428571428,1.053153247478449,0.050405485593723216,85.597014,142,156,0.9102564102564102,532,555,0.9585585585585585,1527,1593,0.9585687382297552,24958,26501,0.9417757820459606
640,5942.556232944792,89.31701888131161,0.6414827057018062,0.3553299492385787,0.00035414945106835086,0,11.475924854046012,0.8445208119206872,0.7103777087352384,8471,20,23.495243004969275,3.5774894861372077,2.7754876702245124,7.0,27.635,0.0021203910943574035,0.4206371997076841,0.9072908733816987,1.091275600709563,0.08386883560386296,86.439312,521,551,0.9455535390199638,1582,1687,0.9377593360995851,2782,2997,0.9282615949282615,17751,19714,0.9004260931317846
641,1634.751540506862,86.04279797942023,0.5132401071109789,0.4837845879202618,0.0,0,13.975284113214673,0.8670442109177948,0.5934764011243739,10083,24,23.435985550956033,3.627666498418939,2.524830917874396,7.0,38.046,0.004148148148148148,0.4145782003439824,0.9458263805347511,1.0524162120031177,0.05020087722531422,82.036038,499,533,0.9362101313320825,1648,1747,0.9433314253005152,3346,3566,0.9383062254627033,18880,19923,0.9476484465190985
642,3408.969994528922,42.194035127959694,0.6962336244541485,0.3002183406113537,0.0005458515283842794,0,8.672242728701185,0.846107353793946,0.7886530332274351,3664,19,19.75151936974133,2.7243724346434695,2.1473931791454333,7.0,9.762,0.0,0.1966094822340131,0.9586109687339825,1.0390720390720392,0.03867947770386795,39.807796,3059,3220,0.95,4100,4213,0.973178257773558,3682,3834,0.9603547209181011,4121,4341,0.9493204330799355
643,7224.411014737744,93.9384496919401,0.6788598574821852,0.3167458432304038,0.0,0,13.580416573501378,0.8469069186853134,0.7605636476223364,8420,23,21.910377658678026,3.6148008265799265,2.319804058782365,6.0,23.624,0.0009492168960607499,0.3628189644320533,0.950401138204956,1.048430564362714,0.046177623642943304,90.417438,628,679,0.9248895434462445,1955,2014,0.9707050645481629,3423,3544,0.9658577878103838,18042,19066,0.9462918283856079
644,4668.534908127482,98.79308882807656,0.5817678465493376,0.41536484081471226,0.0,0,13.64747233193568,0.8576653554430177,0.701776651398793,10114,22,22.066444687271698,3.65657021424189,2.5394289598912305,8.0,34.675,0.004919323101141283,0.4536847481392182,0.9524050632911393,1.044997062854905,0.04344100443351589,92.171326,509,560,0.9089285714285714,1919,2015,0.9523573200992556,3566,3690,0.9663956639566396,18459,19410,0.9510046367851623
645,5153.656314590819,94.79182013958275,0.6054264381112631,0.3918393101272479,0.0002103270585760858,0,14.689079552248735,0.8574761247119588,0.6744637254646101,9509,21,22.91982193408522,3.3236274399294254,2.227375369115859,6.0,30.269,0.003980307950141405,0.4545640176712834,0.9402780943697288,1.0578920873186581,0.055014647596071,90.91101,1363,1471,0.9265805574439157,2800,2868,0.9762900976290098,3261,3365,0.9690936106983655,13201,14231,0.9276227953060221
646,8133.06944084551,98.15289814629408,0.7036073329390893,0.2937906564163217,0.0,0,13.472181662277249,0.8690432794327783,0.7897184109445763,8455,20,23.30611232961326,3.628731253567487,2.355690031938141,7.0,22.896,0.0014172670367308374,0.42052091666474933,0.9519543328312059,1.0459792993630572,0.04421626946538855,93.80964,598,645,0.9271317829457364,1990,2084,0.95489443378119,3683,3826,0.9626241505488761,17743,18671,0.9502972524235446
647,5394.329959599561,102.60271170958964,0.6007659167065582,0.3952130205840115,9.573958831977022e-05,0,16.326352536513962,0.8623070370753094,0.6449355793558564,10445,24,19.882477141768867,3.3613616051527173,2.0505179282868524,5.0,32.793,0.0029591447117220315,0.4372303565309017,0.948111196384412,1.0514344349908076,0.049213556023998704,100.252844,1047,1137,0.920844327176781,2264,2351,0.9629944704381115,3360,3520,0.9545454545454546,15566,16446,0.9464915480968017
648,2588.029105168878,36.31452842957885,0.6605587263442475,0.3301291679182938,0.005106638630219285,0,11.58262822096949,0.8811478691351076,0.7216864838449483,3329,22,26.49873305902511,2.29845040879362,1.6366530241018644,4.099999999999909,8.406,0.0,0.1505465460883022,0.9461683524772844,1.0498832886660328,0.05752140895136532,34.628012,4246,4580,0.9270742358078603,3037,3156,0.9622940430925222,2062,2153,0.9577333952624245,1693,1777,0.9527293190770962
649,1104.9646516028006,72.0156096409952,0.5088351546152058,0.4867472680771914,0.00011625203441060219,0,9.001326691794244,0.8608608455656537,0.5538016562131554,8602,18,24.488843536101324,2.863263923847119,2.0911583276216588,5.0,31.612,0.00830066866497579,0.48368801116184745,0.9455821809352898,1.0521877486077964,0.05051618723063045,69.522638,2359,2499,0.9439775910364145,2844,2927,0.9716433208062863,3224,3347,0.9632506722438005,9488,10173,0.9326648972771061
650,6480.1958513208565,108.87226374842824,0.6203616500282539,0.37690713882087024,0.0,0,11.795120632981355,0.8648882991562751,0.689346239118958,10618,22,22.70261026131065,3.60673985464399,2.448155457719751,6.0,33.932,0.004593606449798444,0.49121198627036466,0.9430699654163341,1.0537494747297245,0.05086029650470728,104.927186,474,505,0.9386138613861386,1498,1556,0.9627249357326478,2913,3038,0.9588545095457538,19930,21214,0.9394739323088527
651,4187.7559481575745,75.36292239128696,0.6067143049750573,0.3908588378050425,0.00026965080221113657,0,12.627513136364549,0.8743232696336418,0.7414879908312008,7417,19,23.0742711649081,3.499461642379447,2.4477777777777776,8.0,24.391,0.002957386745530313,0.3881359903882775,0.9652801358234295,1.0332425300076615,0.03280101810419147,70.465992,906,968,0.9359504132231405,2937,3009,0.9760717846460618,4447,4535,0.9805953693495039,14452,15048,0.9603934077618288
652,1722.6179439256543,63.10590462262534,0.5322693546129077,0.4629707405851883,0.0002799944001119978,0,13.468115277797828,0.8493907383526609,0.594184259372917,7143,16,23.429824417815894,2.66872664547205,2.0397159389794846,5.0,24.791,0.0040435025097601785,0.4423777013700022,0.9490897476844459,1.0478818998716304,0.04658952496954933,60.422256,3470,3642,0.9527732015376167,3188,3241,0.9836470225239123,2597,2702,0.961139896373057,5603,6070,0.9230642504118616
653,5134.672937724937,81.5132523101458,0.6320020415975501,0.3649355620773255,0.00012759984688018373,0,11.590962974830754,0.8749685843442324,0.6923566038752156,7837,30,23.951251846655182,3.305779239300945,1.9588128407026044,6.0,22.755,0.0,0.2656192508101469,0.9464202152550304,1.0544508019885563,0.05249623126718099,78.60989,1518,1612,0.9416873449131513,2862,2943,0.9724770642201835,3782,3918,0.9652884124553344,12063,12897,0.9353337985578042
654,8367.410020471349,96.76521607625048,0.7186972255729795,0.2787696019300362,0.00012062726176115802,0,10.51001977891068,0.8452384206723754,0.7751227414427374,8290,18,24.98969354680696,3.386988575653883,2.5062101376300774,6.0,22.589,0.003605769230769231,0.46218602168214595,0.9192525433107734,1.0786637009153905,0.07307161175774314,94.732416,986,1057,0.9328287606433302,2000,2086,0.9587727708533078,2766,2935,0.9424190800681431,15844,17415,0.9097904105656044
655,5622.379889041395,79.77158487217945,0.6548312779509419,0.3425938474047974,0.0,0,8.920209546524502,0.8376061380697581,0.7536209202209451,7379,18,24.1783640015619,3.5639309888548487,2.6376241721854305,7.0,23.013,0.002028671896131999,0.41563035110252977,0.92958666884496,1.0679149215734582,0.06374517226874689,75.891064,645,707,0.9123055162659123,2016,2099,0.9604573606479276,3632,3810,0.9532808398950131,16467,17868,0.9215916722632639
656,2893.5241050651107,99.56496862666904,0.5329282459118935,0.46314002323295506,0.0,0,12.907969470470462,0.8429693104818321,0.629701615626259,11191,29,21.555337885966548,3.8536998773265254,2.834507042253521,8.0,42.894,0.0022289586305278175,0.38550869711303215,0.9180968077102217,1.0790565153099867,0.07309378320935175,93.595526,125,139,0.8992805755395683,714,742,0.9622641509433962,1703,1806,0.9429678848283499,23083,25224,0.9151205201395496
657,5467.081196838173,66.13629734680242,0.7031771107600492,0.2938388625592417,0.0,0,9.469333187998927,0.8419143296865199,0.7852432899180588,5697,24,21.19182408194075,3.1975995176246372,2.142286570144783,6.0,14.886,0.0,0.23190921583068977,0.9187769746763039,1.0811388642644835,0.07494347972485449,63.131904,1864,1978,0.942366026289181,3264,3371,0.9682586769504598,3885,4093,0.9491815294405082,8656,9789,0.8842578404331393
658,5296.985093698522,89.6738063910684,0.6186402521386762,0.3767447095902747,0.00011256190904997749,0,11.06952258392431,0.8463206273834099,0.6557924577972274,8884,30,23.019797309915774,3.444474310511598,1.9969068413391557,5.0,26.969,0.00011254924029262802,0.2963207212156218,0.9206773234521091,1.07845767699498,0.07345602618867021,86.808264,917,976,0.9395491803278688,2371,2462,0.963038180341186,3322,3487,0.9526813880126183,14758,16284,0.9062883812331123
659,3548.1462149162953,111.22891752771541,0.5424983902124919,0.4532356728911784,0.0,0,12.7202598723855,0.8453508092905805,0.6030846535144236,12424,28,23.643142486218906,3.7246371139150405,2.610830860534125,6.0,45.84,0.004088176352705411,0.4476276917376981,0.9182903834066625,1.080224435196195,0.07449356693128935,107.209172,258,282,0.9148936170212766,944,985,0.9583756345177665,2243,2354,0.9528462192013594,21392,23426,0.9131733970801673
660,4259.593033627157,112.48197970951333,0.5560843521785509,0.43989497005005335,0.0,0,12.408262264172723,0.8612103905999122,0.6601555530087813,12187,32,24.39506460817766,3.9041894430365796,2.8401947764497564,8.0,45.317,0.0031083844580777095,0.385538335784024,0.9457890963711467,1.051646732238939,0.04908294108099334,106.325556,109,113,0.9646017699115044,379,396,0.9570707070707071,1086,1138,0.9543057996485061,26131,27646,0.9452000289372785
661,6156.232192249347,68.250583346305,0.7324067558057706,0.2628430682617875,0.00017593244194229416,0,12.666208227085248,0.831235333396495,0.8409837699142636,5684,26,24.47058170843114,3.5309068754906203,2.3463848186404035,7.0,14.502,0.0,0.21882851187004926,0.9302607640994542,1.0702234976954519,0.06632694329855213,64.724022,906,996,0.9096385542168675,2353,2485,0.9468812877263582,3773,4002,0.9427786106946526,14444,15603,0.9257194129334102
662,4898.415629214604,130.19863767701202,0.5563035929416767,0.43887747147615336,0.0,0,14.965847690733472,0.8534363636320056,0.6442380850294332,14111,30,18.59693927856025,3.900372712938835,2.815031847133758,7.0,52.454,0.006687315218921582,0.47463352131793224,0.9233528346566374,1.0725806451612903,0.06745039457019453,123.71376,102,106,0.9622641509433962,420,440,0.9545454545454546,1065,1122,0.9491978609625669,24928,27048,0.9216208222419403
663,4750.913735848225,74.0417650342975,0.6338649957277129,0.363144403303902,0.0,0,11.471541896392193,0.849497459228522,0.7260545599988517,7022,28,23.26702150993021,3.532436211881953,2.3951920916647946,7.0,21.762,0.0,0.24504710132097873,0.9489689647990002,1.0492872371556372,0.04700464488467188,70.033754,808,888,0.9099099099099099,2370,2454,0.9657701711491442,3919,4045,0.9688504326328801,15683,16618,0.943735708268143
664,5072.853858291627,98.68127598403761,0.5948626400872756,0.40186452444708914,0.0,0,14.022969360730986,0.8477621470118477,0.663418637392972,10083,27,21.19503032877975,3.6805903880055775,2.4419806602200733,6.0,33.519,0.0016831683168316831,0.37453693106457553,0.9325987841945289,1.0671977435584692,0.06287830235704621,94.92821,397,424,0.9363207547169812,1371,1434,0.9560669456066946,2688,2825,0.9515044247787611,20090,21637,0.9285021028793271
665,2492.909082866868,51.07220247496355,0.5860091743119266,0.4105504587155963,0.0,0,13.268621214927329,0.868249603705969,0.6807936781884154,5232,19,23.663681199731666,3.0161120889297637,2.2906066536203524,7.0,17.162,0.00019109497420217848,0.2751119364410327,0.9747207524985303,1.0236870310825295,0.023943661971830985,48.164356,2056,2178,0.9439853076216712,4161,4248,0.9795197740112994,4844,4938,0.980963953017416,7177,7347,0.9768613039335783
666,720.2894623116872,86.23943772736844,0.4950513538748833,0.5004668534080299,0.0,0,14.534159473562202,0.8497944854758258,0.5279429242948159,10710,23,24.036781216914026,3.2094464648109478,2.2204828366654095,5.0,40.206,0.007138221933809215,0.46599220445675194,0.9544975866608162,1.0439028682034137,0.04207473414316338,84.283472,1274,1334,0.9550224887556222,2538,2617,0.9698127627053879,3662,3802,0.9631772751183587,14279,15037,0.9495910088448494
667,5035.614970810007,68.36291088272475,0.6692556634304208,0.3268608414239482,0.0,0,11.55858908607891,0.8813695956890839,0.7324682490280298,6180,26,23.044862163541342,3.199815355268162,1.855174081237911,6.0,16.203,0.0,0.23760486733195224,0.9635645969333536,1.035453438831406,0.034353010164190775,65.319166,1898,2015,0.9419354838709677,3534,3621,0.975973487986744,4171,4296,0.970903165735568,9438,9829,0.9602197578593956
668,3404.948569903222,105.27808098853298,0.5436184657162254,0.45290224032586557,0.0,0,8.57358935693186,0.8603740212074229,0.6058168037779003,11784,32,21.945606825566344,3.7733494266349785,2.5830471433031534,6.0,43.118,0.0016097602304498855,0.3693979394802006,0.934253567705525,1.0650911058993324,0.06105710814094775,101.647182,234,248,0.9435483870967742,809,848,0.9540094339622641,1806,1898,0.9515279241306639,23141,24825,0.9321651560926485
669,5579.20163844511,69.21728170009936,0.6970093152475895,0.30021245301519855,0.00016342539630658605,0,13.293523532741835,0.8862100763459001,0.7314868750469687,6119,29,22.71678824764599,3.0264238343430643,1.6370457209847598,4.0,14.227,0.0,0.2112470921187684,0.9555630365258374,1.0438645821617365,0.0429576330344198,67.532888,2658,2835,0.9375661375661376,3059,3159,0.9683444127888572,3171,3276,0.967948717948718,8143,8553,0.9520636034140068
670,6981.830284081604,81.09704564236232,0.7192047255438697,0.27849013110502807,0.0004322143783316525,0,9.400043749256174,0.8598946933837519,0.7580438339476804,6941,23,19.520414133090014,3.2160718097830325,1.9272836538461537,5.0,16.69,0.00014405070584845865,0.3043754683672345,0.9349782293178519,1.0651984088483555,0.061861752825307495,79.375634,1848,1957,0.9443025038323966,2494,2561,0.97383834439672,2967,3097,0.9580238940910558,12017,13055,0.9204902336269628
671,6052.234102461978,107.81555479481912,0.6092230762107602,0.3875358829521252,0.0,0,10.209400888510867,0.8645844081731898,0.6842541361401531,10799,29,20.712243438896245,3.8038498014301143,2.585499316005472,7.0,35.619,0.0020330838185010627,0.3699214560827962,0.9489864506314784,1.0505574096428318,0.048441392311317576,103.986742,226,241,0.9377593360995851,733,771,0.9507133592736705,1816,1917,0.9473135106937924,24050,25338,0.9491672586628779
672,4048.2128859807444,61.460240304963875,0.6427583823021086,0.3541306602143104,0.00138264777048047,0,9.788664507751083,0.8635347007710629,0.7171275951115169,5786,27,22.076273787160922,3.0537176510222963,1.9104598010217801,5.0,16.209,0.0,0.21575910221052488,0.9474584424608478,1.0527838808209635,0.05189276845892667,59.191842,2050,2194,0.9343664539653601,3616,3716,0.9730893433799784,4007,4143,0.9671735457398021,8053,8656,0.9303373382624769
673,3979.7615191707623,111.13972002949366,0.550311884438608,0.44566644780039394,0.0,0,11.124200033603282,0.8530203089343709,0.6432125934677078,12184,30,20.611510534954395,3.8251041124691225,2.735868754660701,7.0,44.949,0.0026195153896529143,0.4076289608051342,0.937862643738791,1.0601023469207693,0.056628184713375794,105.530622,143,158,0.9050632911392406,689,714,0.9649859943977591,1662,1740,0.9551724137931035,24176,25825,0.9361471442400774
674,6058.281929543775,119.95077892858282,0.5951009814259064,0.4018168545705248,8.110957904128478e-05,0,13.218574150695662,0.859196012320977,0.6579293081415403,12329,25,23.439438110788174,3.6434261995875348,2.4962518740629687,6.0,41.658,0.007087058065555287,0.487649130934368,0.9405625462620282,1.0575323131778338,0.05445128779395297,116.327356,392,418,0.937799043062201,1210,1251,0.9672262190247801,2172,2259,0.9614873837981408,21640,23092,0.9371210808938161
675,4489.563563549624,97.22906115563732,0.5797830374753452,0.4160749506903353,0.0,0,10.73659979786977,0.8587955148648474,0.6457542178650243,10140,25,21.558392496543323,3.540174640093524,2.4218404490559617,6.0,34.859,0.004222724148089954,0.401651261898476,0.9514340344168261,1.0458905686440028,0.044120334832035674,93.641768,541,578,0.9359861591695502,1624,1667,0.9742051589682064,2956,3048,0.9698162729658792,19759,20857,0.9473558038068753
676,4923.49572403013,58.02988100584448,0.7122899372342579,0.28325571978133224,0.0,0,13.067503830102027,0.8454444343590378,0.7911795769997455,4939,25,23.536101947751014,3.160508202518073,2.1404206935758956,6.0,12.498,0.0,0.19515676758672118,0.9464674758792406,1.0534414639218133,0.05095259193619849,55.572134,1875,2046,0.9164222873900293,3379,3502,0.9648772130211308,4189,4361,0.9605595047007567,8803,9369,0.9395880029885794
677,4608.655190242137,101.28554009492471,0.5785660519382763,0.41804666917576216,0.0,0,12.41546249603533,0.8270264079319302,0.6466360796562267,10628,26,23.397366037595447,3.5249664605388373,2.376321353065539,6.0,36.258,0.003656135745757945,0.411704147081016,0.9111669895708809,1.0884534117744542,0.08116809332626317,97.585816,665,712,0.9339887640449438,1941,2029,0.956628881222277,3126,3297,0.9481346678798908,16372,18221,0.8985236814664398
678,5555.879422206607,59.128390264954255,0.7534700642220841,0.24321524756577584,0.0004143360265175057,0,12.683151210038229,0.844930270081212,0.8122537836603549,4827,23,24.01533595729635,3.0243427138871697,1.8715974704426726,5.0,10.444,0.0,0.21155344095213705,0.9379574372255377,1.0642699677802272,0.06125469055546747,57.158504,2288,2491,0.918506623845845,3203,3348,0.9566905615292712,3826,4072,0.9395874263261297,7343,7851,0.9352948668959368
679,5593.570153680057,74.47130332249289,0.6735395189003437,0.324219333632153,0.0,0,7.951819798817366,0.8522655299233507,0.7582868927900978,6693,30,21.122422747588168,3.5629316266088424,2.3850931677018634,6.0,19.438,0.0,0.22251740751206514,0.9274768058316766,1.0715145977823,0.06686248743912808,70.84272,754,808,0.9331683168316832,2039,2118,0.9627006610009443,3572,3752,0.9520255863539445,16028,17466,0.9176686133058514
680,2831.533982899165,49.28666836523016,0.6125025874560133,0.38397847236596977,0.0008279859242392879,0,9.063222306118222,0.8354047473621791,0.706283724809087,4831,19,26.283444560412068,2.913505710992501,2.1541061169313958,7.0,14.766,0.0,0.2579406251511047,0.9351883659681667,1.063068247209115,0.06127055788455337,46.632214,2278,2467,0.9233887312525334,3627,3799,0.9547249276125296,3962,4181,0.9476201865582397,6467,7019,0.921356318563898
681,6420.386854992039,78.6704294046981,0.699009324009324,0.29836829836829837,0.0001456876456876457,0,11.406126515400173,0.8473921552648371,0.7734446864684057,6864,25,21.559149584400295,3.438775347392937,2.229262192580242,6.0,18.508,0.0001456664238892935,0.2796100712868236,0.9189799442156993,1.0820444444444444,0.0761963190184049,75.886988,1031,1103,0.9347234814143246,2401,2524,0.9512678288431062,3466,3679,0.9421038325631965,13859,15281,0.9069432628754662
682,5490.008478253283,78.27358224384542,0.6498339789706696,0.34601549529607084,0.0002767017155506364,0,7.576776679003072,0.8293698915944948,0.7802983577990764,7228,18,24.360754151813094,3.5412040931640116,3.124334681711731,7.0,24.361,0.0015195468987429202,0.4009538296399213,0.8519511337669187,1.1465612929005906,0.12768812051979914,73.895032,661,742,0.8908355795148248,1946,2055,0.9469586374695864,3128,3385,0.9240768094534711,13652,16574,0.8236997707252323
683,7166.476008473574,73.58675304469047,0.7680588839438548,0.23005819924683327,0.00017117425539198904,0,10.019144775001065,0.8363566577623329,0.8540774455193169,5842,22,23.042005191394754,3.4379001526418396,2.3721863160240697,6.0,13.991,0.0,0.2654811224417784,0.9069190894748704,1.0925221799746514,0.08470170806172127,70.755248,1123,1215,0.9242798353909465,2255,2358,0.9563189143341815,3432,3678,0.933115823817292,13310,14934,0.8912548546939869
684,7234.3810630722755,103.30580509970096,0.6497371188222923,0.3472134595162986,0.0,0,10.456425941957818,0.8390891045462048,0.7723281776419818,9510,20,20.602291830389248,3.8451796675985377,3.333387279495064,8.0,32.718,0.003666841278156103,0.48502088834143575,0.8939580764488286,1.1003732435597189,0.09068724442685662,97.785158,144,149,0.9664429530201343,556,588,0.9455782312925171,1372,1470,0.9333333333333333,22578,25367,0.8900540071746758
685,5074.908158933153,87.54863898485706,0.6135944700460829,0.3821428571428571,0.0,0,11.833493755669872,0.8454208333328685,0.6923580262600508,8680,26,21.08061003854769,3.607680676667488,2.3597446488922267,6.0,27.671,0.0005757052389176742,0.33789538726575163,0.9214788024914607,1.076261606782398,0.07093522493933171,83.459442,564,610,0.9245901639344263,1913,1980,0.9661616161616161,3230,3400,0.95,17224,18895,0.9115639057951839
686,5823.339811911361,53.52168754192988,0.8309895167476349,0.16722065967783176,0.0,0,14.747720730794118,0.839515000552311,0.9191564387392414,3911,19,22.46053617241122,3.152725357256748,2.232307692307692,6.0,7.661,0.0,0.20365167683717464,0.942785934875657,1.0575586446568201,0.05455383669705973,51.619776,2112,2244,0.9411764705882353,3470,3592,0.9660356347438753,4232,4456,0.9497307001795332,7587,8165,0.929210042865891
687,3334.3525534667997,41.435840836254755,0.6953364981848645,0.30159173415247137,0.0005585032113934655,0,13.94558299618063,0.8228681249487033,0.7895580012581039,3581,17,24.48807109651555,2.7730822820158254,2.0883534136546187,6.0,9.328,0.00027917364600781687,0.2090434617514339,0.9501215786520356,1.049380398047315,0.04830000593366166,39.058776,2782,2982,0.9329309188464118,3932,4113,0.9559931923170435,3806,3966,0.9596570852244075,4719,4978,0.9479710727199678
688,4822.018159467652,57.84826248552009,0.7055888223552894,0.29301397205588825,0.0,0,12.940326873860554,0.851357363477188,0.8009162949649515,5010,19,23.619683745735543,3.320732154355372,2.4084865629420085,7.0,13.74,0.0,0.2606939129715373,0.9533666540927952,1.0457510161640986,0.04369391712134193,55.19329,1394,1475,0.9450847457627118,3366,3440,0.9784883720930233,4680,4835,0.96794208893485,10779,11458,0.9407400942572874
689,747.0021212555732,74.81306605234137,0.495689184764815,0.49994543271854197,0.00021826912583215103,0,13.799537796662886,0.8565921136994802,0.5459724952448761,9163,21,23.601760740230496,2.9130982926280935,2.0882870981946278,5.0,33.856,0.004346408779745735,0.44617473426423815,0.9340671198877738,1.063137339986982,0.060189645555499216,72.042914,2322,2455,0.9458248472505092,3117,3249,0.9593721144967683,2940,3160,0.930379746835443,8933,9670,0.9237849017580145
690,2352.3115254793306,95.35410982964311,0.5259622367465505,0.47004357298474947,0.0,0,10.874329226728214,0.8640320955616835,0.5787464828181987,11016,29,23.227433623293038,3.45920335788156,2.047117707973766,6.0,38.71,0.001178710671865083,0.3822708644793568,0.9526589106718731,1.04563660638427,0.04435638993613911,91.871532,672,737,0.9118046132971506,2102,2221,0.9464205312922107,3490,3659,0.9538125170811698,17401,18224,0.9548397717295873
691,2411.971626942063,41.56093771810585,0.6151388547554681,0.38117473580732364,0.0007372818874416319,0,9.322069753419408,0.877086171114664,0.7182973430195551,4069,23,22.304911898387353,2.706541583314487,2.0555333599680385,7.0,12.261,0.0,0.18186856119821448,0.9692084881304703,1.0285895003162555,0.028981962702537452,38.734406,2877,3086,0.9322747893713546,4263,4373,0.9748456437228448,3873,3957,0.9787717968157695,4379,4465,0.9807390817469205
692,2844.1179172438588,56.68502558756385,0.5929993136582018,0.40288263555250514,0.0005147563486616335,0,8.852462984479263,0.8540440283505918,0.6581302963500354,5828,29,24.378022334928367,2.869797477779946,1.8599537037037037,5.0,17.636,0.0,0.19948720135540632,0.9351901446170326,1.065157668418538,0.06259414225941423,54.546964,2668,2847,0.9371268001404988,3415,3562,0.9587310499719259,3528,3741,0.9430633520449078,6103,6653,0.9173305275815422
693,4616.248347130284,70.73873870438914,0.6401062416998672,0.3575328316364173,0.0,0,9.518244811521804,0.873715923167454,0.689829107792001,6777,20,24.139700721869737,3.01468568766173,2.0011526048870447,5.0,19.569,0.0010318396226415094,0.336418393041378,0.9510332199843056,1.0485477613505294,0.04672850588469978,68.528148,2176,2310,0.941991341991342,3360,3418,0.9830310122878877,3576,3672,0.9738562091503268,9067,9715,0.9332990221307257
694,6193.832248097409,106.81637374630473,0.6137541215261423,0.38276024493641075,9.420631182289213e-05,0,9.27719492536656,0.850548573135406,0.6906952040170842,10615,29,24.465112728566957,3.78570189499934,2.7689946277820416,7.0,36.768,0.0014111006585136407,0.3684798863309733,0.9338960715176122,1.0656323729177093,0.06206781359612494,103.20148,213,221,0.9638009049773756,644,692,0.930635838150289,1540,1627,0.9465273509526736,23824,25537,0.9329208599287309
695,10281.62497916404,90.79477317774477,0.8549349655700077,0.14338179035960213,0.0,0,12.328768797653956,0.8618243972018697,0.8884924744460058,6535,19,20.67961168044723,3.423408715336784,1.9344907821729014,5.0,10.735,0.0001529987760097919,0.34406445450851975,0.9255440440192336,1.0751528405984392,0.0698114077557984,89.163616,1962,2070,0.9478260869565217,2246,2357,0.9529062367416207,2772,2939,0.9431779516842463,11691,12807,0.9128601546029516
696,4487.5326563793515,62.54455639530547,0.6633490483673826,0.33473022524882134,0.00017461148943600488,0,12.232410678855526,0.8601832226832011,0.7183138128740223,5727,27,22.27769196355291,3.091719553525925,1.9078704922347987,5.0,15.354,0.0,0.21523317067498748,0.9425758382118148,1.0567186498611407,0.05435329642677403,59.939478,1984,2150,0.9227906976744186,3481,3625,0.9602758620689655,3955,4125,0.9587878787878787,8291,8890,0.932620922384702
697,5268.72539412013,62.41195285210895,0.7124318224562723,0.2856874177167576,0.0001880759826970096,0,12.421525484511067,0.8718505102925436,0.7481389024611976,5317,23,20.91937244359455,3.0699407739978266,1.9817845828933474,5.0,13.283,0.0,0.22557583745543502,0.9604880581516095,1.0390495008319467,0.03815421494206952,60.668672,2085,2214,0.9417344173441734,3374,3445,0.9793904208998548,4137,4273,0.9681722443248303,8903,9328,0.9544382504288165
698,3186.967555149995,112.8019308137958,0.5312867100007832,0.46487587125068525,0.0,0,8.924305250866375,0.8516813222509885,0.639577934954573,12769,29,23.0238031707665,3.894520796951811,3.025501179245283,8.0,49.666,0.0039004602543100085,0.4499790402447501,0.9091549047903981,1.0885416666666667,0.08093682269595316,106.84373,63,73,0.863013698630137,381,396,0.9621212121212122,1107,1159,0.9551337359792925,24279,26783,0.9065078594630923
699,2580.2752386701945,102.35422675102389,0.5222918993213641,0.47384245339747444,0.0,0,10.029999605996235,0.8299079838762865,0.6534065642729986,11641,26,22.37907980982158,3.839579957752449,3.313980263157895,8.0,47.15,0.004872627799623867,0.45638509452318143,0.884999079698141,1.1119693987447543,0.10013912813038293,95.663678,130,140,0.9285714285714286,634,672,0.9434523809523809,1594,1710,0.9321637426900585,21683,24643,0.8798847542912794
700,2663.4185783220755,42.486112696955914,0.631189948263119,0.36511456023651145,0.001231830500123183,0,8.51689304105975,0.8545656423326197,0.7072111076910361,4059,21,22.411007037063207,2.6291761347992675,2.0265417642466823,6.0,11.803,0.0,0.19652522917048235,0.9317217695778062,1.0659362953946034,0.06385526979324256,40.372028,3227,3429,0.9410906969962088,3606,3756,0.9600638977635783,3385,3640,0.929945054945055,3619,4026,0.8989071038251366
701,5099.626589541934,63.06962721137539,0.6973636691946551,0.2999277717587577,0.0,0,11.12803985539877,0.8586838568538245,0.7495641310115748,5538,20,25.849361997600504,3.0498772461129993,2.04324184360435,5.0,14.386,0.00036101083032490973,0.27656298144915425,0.9227265332682609,1.077379010331702,0.07196416888933622,61.365888,2169,2308,0.9397746967071057,2981,3140,0.9493630573248407,3766,4046,0.9307958477508651,8100,8947,0.9053313959986588
702,3145.5995993456027,66.50412052412227,0.5841555841555841,0.4114114114114114,0.000429000429000429,0,7.324126876490013,0.8570163280757236,0.6425548381496389,6993,26,20.32588508685724,3.0928664439203777,2.1096695226438187,5.0,22.659,0.0002859185132237312,0.2696835185795332,0.9277462404143013,1.0724167207711133,0.06812064965197216,64.225566,1692,1806,0.9368770764119602,2954,3075,0.9606504065040651,3812,4035,0.9447335811648079,10173,11166,0.9110693175711982
703,3671.661692639277,69.67792844419199,0.6003956478733927,0.39649569026423626,0.000423908435777872,0,10.20654028019624,0.8710071674903378,0.6492377614079655,7077,23,21.0142551668054,3.047522451740841,1.8820899035067074,4.0,21.367,0.00014128284826222097,0.3068104432561075,0.9403842138233451,1.0588235294117647,0.056308192521799104,67.740064,2164,2272,0.9524647887323944,3106,3207,0.9685063922669161,3379,3547,0.9526360304482662,9365,10130,0.9244817374136229
704,5593.278961404079,75.13239011371004,0.6700492896491737,0.3276311974485358,0.0,0,8.595257326018363,0.8550752859161381,0.7436561890639917,6898,16,20.754779027108402,3.3170067853022336,2.569234097793163,7.0,20.605,0.0023141452126120912,0.4361120914702087,0.9281003846858399,1.0688480832067744,0.0642382686950932,72.747428,1306,1390,0.939568345323741,2574,2700,0.9533333333333334,3715,3923,0.9469793525363243,12671,13823,0.9166606380669898
705,2689.843464227565,83.54966052267488,0.5451248133134201,0.4515681672711756,0.00010667804565820355,0,7.7206815584409325,0.8697009302542182,0.6120411840692429,9374,24,21.378363724912013,3.3821882597791415,2.2886497064579254,7.0,33.117,0.002659857431641664,0.38413953620750196,0.9507045064463338,1.0478327057126833,0.04585443881631565,80.389682,675,731,0.9233926128590971,1995,2080,0.9591346153846154,3222,3404,0.9465334900117509,17926,18838,0.9515872173266802
706,5355.1206184884095,93.26269826789657,0.6140670163794026,0.38347072047960606,0.00021410983834707205,0,9.478305993614091,0.8400833714115755,0.6582456107774647,9341,29,25.484746812234057,3.4275059458881882,2.274581589958159,6.0,29.589,0.000641917192682144,0.31875808962892427,0.8923142795975166,1.1089727030052527,0.09871493072974954,90.684344,758,813,0.932349323493235,1888,2030,0.9300492610837439,2993,3244,0.9226263871763255,15201,17268,0.8802988186240445
707,5549.875988604878,51.068523621660034,0.8309708478202728,0.16662209146830703,0.0,0,8.583627648063377,0.8497277749031548,0.9175333422123131,3739,21,20.67634482409489,2.8965433496443627,2.0698422915996137,6.0,6.825,0.0,0.17957400725093298,0.9452166802943581,1.054820415879017,0.05222056631892698,49.102568,3036,3181,0.9544168500471549,3466,3618,0.9579878385848535,3447,3635,0.9482806052269601,5079,5465,0.9293687099725526
708,6170.914623469409,84.1437868901479,0.668235294117647,0.3295424836601307,0.0,0,7.43816400973702,0.8451585412553606,0.7385760000660004,7650,22,22.125764398627673,3.3875433665249983,2.2634976525821595,6.0,21.86,0.0015661707126076742,0.34689691133663586,0.9300328905215497,1.0674359744326714,0.06307279785488454,81.33956,970,1053,0.9211775878442545,2119,2209,0.9592575826165686,3418,3614,0.9457664637520753,15266,16535,0.9232537042636831
709,4425.679602577154,112.29294404207799,0.5622734761120264,0.4343492586490939,0.0,0,14.281198978196217,0.8631491062683663,0.6247445392295425,12140,28,21.676895028406513,3.5915120198267396,2.3825080574274833,6.0,42.095,0.003120381014944983,0.43340690542000737,0.9222423844639203,1.0741316341596083,0.06904607864280066,108.117082,433,461,0.9392624728850325,1533,1601,0.957526545908807,2758,2890,0.9543252595155709,19163,20949,0.9147453339061531
710,3478.072089879253,101.03004723589162,0.5500089301661011,0.44677621003750667,0.0,0,9.647660728510504,0.8675783612056653,0.6022849610633486,11198,27,17.842722006041214,3.5023941437959367,2.328462412729339,6.0,39.927,0.00196078431372549,0.41405576647315234,0.9457650857876513,1.0528245942571786,0.05028820573455513,97.702844,582,627,0.9282296650717703,1710,1776,0.9628378378378378,2952,3078,0.9590643274853801,19065,20222,0.9427850855503906
711,3580.668501433911,41.357825511721934,0.7196773264188995,0.27801786228752523,0.0,0,10.730352553916392,0.8500211113438816,0.8218759398109574,3471,18,21.26849621702751,2.6145920453562423,2.2393915132105686,7.0,8.801,0.0,0.19385613399675414,0.9594275298724094,1.0404710341093666,0.03905287058060331,39.188954,3280,3488,0.9403669724770642,4136,4252,0.9727187206020697,3491,3619,0.9646311135672838,3305,3454,0.9568616097278517
712,4622.056157660472,103.05637090427614,0.5783418553688824,0.4181884587289993,0.0,0,9.959555704093399,0.8689196762911912,0.6204858718280502,10952,24,20.33808138676489,3.319754732343086,2.286233028102305,6.0,36.473,0.0030948479883488077,0.4569204166630071,0.9400322190898107,1.0581621096909886,0.055139084440047184,100.708662,792,838,0.9451073985680191,1778,1871,0.9502939604489578,2740,2900,0.9448275862068966,18031,19221,0.9380885489828833
713,6354.655629095997,91.83842729359802,0.6511818394570559,0.3465948981979874,0.0,0,12.030402060567466,0.8541853666624464,0.7321873468523056,8546,18,22.77663629802154,3.4125463544347086,2.8242587601078166,7.0,27.593,0.004426840633737186,0.4852662097075412,0.9136416234517636,1.0852723198896932,0.07858468585870552,88.604674,817,889,0.9190101237345332,2213,2327,0.9510098839707778,3494,3703,0.9435592762624899,14794,16414,0.9013037650785914
714,4851.652208531595,84.67413495021634,0.6131128174837567,0.3829887773183698,0.0,0,9.34105329719304,0.8712897364604562,0.6812479477603429,8465,21,21.930684262851816,3.489040763608865,2.4789980732177264,7.0,27.668,0.0024746641527221306,0.4025696599351529,0.9348574237954769,1.0637869384735523,0.059892924546469974,81.907878,740,797,0.9284818067754078,2022,2110,0.9582938388625593,3345,3509,0.9532630379025363,16711,17992,0.9288016896398399
715,6126.71384918736,54.727302106595396,0.8474747474747475,0.14873737373737372,0.000505050505050505,0,14.504679819781703,0.85140774827814,0.9098651024869253,3960,22,24.39126099034173,2.9433280097692602,1.947258641239571,5.0,6.537,0.0,0.18099749758000722,0.9323786283072181,1.0696296296296297,0.06586682663467307,52.89911,2870,3108,0.9234234234234234,3365,3547,0.9486890329856217,3289,3478,0.9456584243818287,4995,5439,0.9183673469387755
716,4350.412359656851,51.95011427966084,0.7111612175873732,0.28613303269447576,0.0009019165727170237,0,17.458420423365524,0.8746039315228812,0.7742895761051932,4435,26,19.113169989892196,2.706624357963496,1.6886493341788205,4.0,10.202,0.0,0.16920280642161253,0.9494684620836287,1.0494134376110913,0.0481651376146789,49.818412,3723,3979,0.9356622266901231,3449,3568,0.9666479820627802,2517,2627,0.9581271412257327,3708,3936,0.9420731707317073
717,3856.820727251009,46.751721164614054,0.7053838484546361,0.29062811565304086,0.001744765702891326,0,11.956088796440746,0.8483750185204133,0.7607678283202561,4012,26,22.618386845922622,2.6367118670465497,1.8745583038869258,5.0,9.903,0.0,0.15734401012740662,0.9269557700619507,1.0752260397830018,0.07274063188831742,45.018126,3532,3789,0.9321720770651887,3472,3625,0.9577931034482758,2757,2952,0.9339430894308943,3107,3516,0.8836746302616609
718,5081.658912777866,52.659945276126344,0.7661998575836696,0.23095181580821267,0.00047472110135295516,0,10.368158755176724,0.8457958527522064,0.8058156268694489,4213,26,23.91988667438899,2.890190100808374,1.877013630731103,5.0,8.947,0.0,0.1602206781743444,0.9322098087483431,1.067877024291498,0.06409499054820415,51.304728,2871,3062,0.9376224689745265,3323,3514,0.9456459874786568,3323,3554,0.9350028137310074,5252,5713,0.919306844039909
719,4663.159497871747,63.806913575395136,0.6650085763293311,0.33276157804459694,0.00034305317324185246,0,8.629032014234749,0.8684337909279221,0.7617148213971163,5830,25,23.698106475435942,3.37150604554852,2.395666752643797,7.0,16.859,0.0,0.22962534939958895,0.9507624309392265,1.0481072205210136,0.04668604896136182,60.51939,1058,1145,0.9240174672489083,2661,2802,0.949678800856531,4459,4668,0.9552270779777207,13333,14010,0.9516773733047823
720,4125.344849728261,49.23076399469304,0.7079687869472688,0.2882478127216836,0.0009458500827618822,0,12.053786703251468,0.8472711622400699,0.797169991033885,4229,18,22.99497484443195,2.7189484877291177,2.062124248496994,6.0,10.519,0.0,0.23694121045512095,0.9324117764338407,1.0669070512820513,0.0642412935323383,46.798582,3159,3387,0.9326837909654562,3744,3850,0.9724675324675325,3220,3450,0.9333333333333333,3907,4360,0.8961009174311927
721,6098.639033513176,117.30065663421823,0.598103634700158,0.3989852782167512,0.0,0,12.003724213098867,0.8581614373900269,0.6546967635696886,12023,26,23.511390750036316,3.6446658965251744,2.4947851481017937,6.0,39.971,0.004223952294185854,0.4713705823637434,0.9231405269290036,1.074185993805243,0.06893655737131259,114.213328,382,415,0.9204819277108434,1128,1194,0.9447236180904522,2181,2315,0.9421166306695464,20871,22683,0.9201163867213331
722,1888.1481126146107,115.75199211519133,0.5071916315560075,0.4885950893505739,7.26427429899753e-05,0,11.130387822140788,0.8424304988456927,0.5987115337640341,13766,29,24.316365512063282,3.8382098459106073,2.982526496705815,7.0,54.97,0.008141796959435118,0.4793335270151672,0.8958016648570395,1.1008639230124302,0.09132765481632518,109.765308,114,122,0.9344262295081968,526,555,0.9477477477477477,1583,1649,0.9599757428744694,22528,25304,0.8902940246601327
723,4511.516851042377,76.33670088389255,0.6191995745246642,0.3780082435846297,0.00013296104241457252,0,9.864600037922127,0.8576229784644578,0.6883886227586926,7521,28,23.454929909377253,3.345246313638793,2.0822417865578697,6.0,23.005,0.00013294336612603032,0.268584341852395,0.9460522864387514,1.0524929775280898,0.05083198472965683,73.39342,1025,1128,0.9086879432624113,2564,2671,0.9599400973418195,3938,4140,0.951207729468599,14113,14935,0.944961499832608
724,3550.1905977274223,77.1388617755412,0.5809784638366737,0.41603386032615464,0.0,0,9.334485770475657,0.8764280479451442,0.6613334610685048,8033,17,20.495621203753366,3.388297007048809,2.547032354831798,7.0,27.704,0.005693773981928456,0.47292245247013087,0.9622649206543467,1.0352348993288591,0.03404657760964653,74.089938,827,879,0.9408418657565415,2214,2296,0.9642857142857143,3885,4039,0.9618717504332756,16662,17299,0.963177062257934
725,4227.347832666073,113.58718179532462,0.5559231762427372,0.43996126533247254,0.0,0,11.545558711801856,0.8710820796523213,0.6253931953411386,12392,27,21.576044119000876,3.7521077870434447,2.479460008709537,7.0,43.573,0.004258738449176376,0.4601755362272203,0.9692862342704613,1.0281528396436526,0.027672913576917892,109.007818,199,221,0.9004524886877828,864,912,0.9473684210526315,1916,1992,0.9618473895582329,24982,25722,0.9712308529663323
726,4057.087774122458,93.47363824853245,0.5759720837487537,0.4196410767696909,0.0002991026919242273,0,10.609981041226408,0.8724740372944597,0.6005575580715925,10030,31,23.62733279792955,3.249960606656978,1.707806820148866,4.0,31.263,0.0008965036358203008,0.32306204121133175,0.9657487676355601,1.0339776888359022,0.03399014778325123,91.920714,1276,1370,0.9313868613138686,2184,2226,0.9811320754716981,2978,3072,0.9694010416666666,16288,16864,0.9658444022770398
727,5104.034252808172,58.731325612908286,0.7242632216390795,0.2731126362535325,0.0008074283407347598,0,16.7026335343613,0.8683169625581795,0.7822992601680253,4954,21,25.288676987473494,2.877884046093063,1.7009476031215163,5.0,10.889,0.0004035512510088781,0.22923305596831742,0.954746835443038,1.0433373578191523,0.04364142606379759,56.71379,3174,3398,0.9340788699234844,3460,3551,0.974373415939172,3049,3159,0.965178854067743,5402,5692,0.949051300070274
728,8187.814146830997,89.87602761920107,0.7405705015546843,0.2569960794916858,0.0,0,15.106061838327786,0.8700298997240995,0.7993762048570632,7397,17,21.303836150268854,3.468819531384166,2.223621759766338,6.0,18.062,0.0028309517390132113,0.43610143991976424,0.9608560453630877,1.037784299339692,0.03673685137873315,87.208262,1323,1449,0.9130434782608695,2887,3040,0.9496710526315789,4011,4161,0.9639509733237203,12791,13218,0.9676955666515358
729,6549.350579529241,71.92731549185085,0.7412943774418209,0.2571768303040598,0.00016986580601324953,0,8.394493666792002,0.8714085767643891,0.7955142817941055,5887,22,22.689073540185866,3.2154790110298745,2.096929422548121,6.0,13.913,0.00016983695652173913,0.26341918022153155,0.959200627682651,1.0394688136220618,0.03843252119114188,69.901196,1365,1504,0.9075797872340425,2863,2982,0.960093896713615,4189,4296,0.9750931098696461,12366,12885,0.959720605355064
730,5014.220036437955,76.43569010225617,0.6422295442064799,0.35502471169686983,0.0,0,9.027610605476426,0.8650608322282786,0.690170440677331,7284,20,21.376480836485065,3.3044258297202838,1.9418554938007695,5.0,20.755,0.0019183337900794738,0.3641319320413646,0.9565823636888162,1.043790692066554,0.04244935543278085,74.47252,1730,1874,0.9231590181430096,2770,2879,0.962139631816603,3506,3664,0.9568777292576419,11889,12381,0.9602616913011873
731,4743.978602566009,111.1606939055738,0.5698563387381332,0.42678316390825843,0.0,0,11.287664119005923,0.8594082479320643,0.6285708009506301,11903,32,24.137732996782603,3.7690161684745527,2.395547692761315,6.0,40.978,0.0007555406312961719,0.3714933839984941,0.9266101756555261,1.0714807509679305,0.06688611375050903,106.924874,232,254,0.9133858267716536,868,899,0.9655172413793104,2119,2209,0.9592575826165686,22260,24135,0.9223119950279677
732,6727.314297379434,106.60686912869245,0.6317780580075663,0.3651178581821709,0.0,0,11.881238070273675,0.8585990199402458,0.6940739437470832,10309,28,23.880844937046312,3.663284048910558,2.2042069706740364,6.0,31.33,0.0014529252227818675,0.35896576336800523,0.9368293788726009,1.0600539042629922,0.05687001140250855,103.191058,402,429,0.9370629370629371,1365,1453,0.9394356503785272,2637,2809,0.9387682449270203,20392,21777,0.9364007898241263
733,6242.894091545346,91.95586606844161,0.6484862491333487,0.34781603882597645,0.00011555350127108852,0,13.565578609900083,0.867723105428281,0.7110814001323424,8654,21,25.219374227306226,3.414810193342715,2.2111546685673558,6.0,25.558,0.0029953917050691246,0.4124914587704557,0.9327759767957686,1.0674325888455438,0.06396230935079454,89.236,886,964,0.9190871369294605,2166,2319,0.9340232858990944,3525,3773,0.9342698118208322,15291,16388,0.933060776177691
734,4286.490429477045,75.64793739390218,0.6091030789825971,0.38795180722891565,0.0,0,8.04558075907029,0.8497359226482307,0.6916640466745791,7470,21,21.687112691829665,3.4851329285126673,2.437362637362637,7.0,24.117,0.0004014452027298274,0.35867885168141345,0.9430991700179687,1.0550186831593866,0.05207234974450482,72.032196,867,943,0.9194061505832449,2615,2700,0.9685185185185186,4394,4545,0.9667766776677668,14168,15186,0.932964572632688
735,3676.318746074193,116.23856493026747,0.5454545454545454,0.4513341998623748,7.645844483523205e-05,0,10.14766903970667,0.857699210028737,0.5854581940085352,13079,29,22.30229237838808,3.3981733723414593,2.407345107933838,6.0,47.165,0.005928403131412936,0.46046537285468914,0.9189294631710362,1.0792823847389243,0.07382113821138211,114.127226,608,655,0.9282442748091603,1310,1350,0.9703703703703703,2412,2479,0.972972972972973,19224,21148,0.9090221297522224
736,4051.3439738921375,73.52973794704775,0.6097594128041322,0.387793937746364,0.0,0,12.090416906421053,0.8551910692592827,0.6861198125804143,7357,16,23.11332947314051,3.090196247180427,2.2545697726259473,6.0,23.668,0.007018491024429747,0.47049892898124923,0.9535378074703917,1.0445155068270646,0.04273255813953488,71.126292,1968,2076,0.9479768786127167,3400,3467,0.980674935102394,3835,3951,0.970640344216654,9637,10264,0.938912704598597
737,3176.1575016201577,97.89133121807609,0.5448067963825706,0.45153923449346856,9.134922809902256e-05,0,11.694085542810926,0.8617850781651955,0.6027287172927925,10947,28,22.537300789245762,3.52026309018718,2.1770623742454727,6.0,38.005,0.0020056522928252347,0.3929896722055327,0.9553462821267412,1.0428981856822386,0.04134065603370449,93.83761,617,680,0.9073529411764706,1934,1989,0.9723479135243841,3493,3570,0.9784313725490196,18303,19246,0.9510028057778239
738,4008.0990297771773,125.5295564644131,0.5443870693923746,0.451085803211431,0.0,0,11.285149650715134,0.8549266869505099,0.6005370057762345,14137,31,22.793939693308765,3.7805235898388787,2.498570686070686,6.0,51.308,0.005277230509428652,0.4566572301341464,0.920163107629574,1.0772686433063792,0.07178193167103822,121.354984,149,158,0.9430379746835443,700,737,0.9497964721845319,1625,1701,0.9553203997648442,23251,25361,0.9168013879578881
739,5187.235126841597,70.45542940376649,0.6681768473675989,0.32822996406811433,0.0001562255897516013,0,10.18846398291955,0.8599123424520201,0.7530724224979258,6401,30,21.129198427020803,3.4708365846638194,2.1316343231236847,6.0,17.7,0.0,0.21598149894179697,0.9586239764308305,1.0415020620794444,0.04045065269809595,66.936592,981,1045,0.938755980861244,2869,2955,0.9708967851099831,4513,4642,0.9722102542007756,13763,14439,0.9531823533485698
740,3906.8052075193,91.59262225860931,0.568593171534348,0.4272932949403538,0.0,0,9.512096411577,0.8572171800615608,0.6592833041388669,9724,29,23.846345508458782,3.732959739477022,2.5693615482003977,7.0,34.47,0.0011299435028248588,0.334927249248237,0.929555263651717,1.0700075357950263,0.06541564363381269,86.783736,291,317,0.917981072555205,1303,1361,0.9573842762674504,2883,3001,0.9606797734088637,20291,21966,0.9237457889465538
741,565.8966133495433,54.85454379919353,0.49706369522662247,0.4976660141544948,0.0012046378557446168,0,8.529028963555799,0.8736575012856692,0.5480274807064136,6641,16,23.790833659224713,2.4736111352072987,1.6546501060284762,4.0,23.559,0.005838323353293413,0.4086350436690299,0.9586202458330652,1.0357605597305002,0.038547209503774285,52.640496,3608,3799,0.9497236114767044,2728,2786,0.9791816223977028,3006,3109,0.9668703763267932,5554,5845,0.9502138579982892
742,6100.9973682973705,76.5791124667957,0.6930046041883261,0.3047675627506312,0.0,0,7.565144679546133,0.8662684995058197,0.738876081808246,6733,29,21.622005880886768,3.376269577870726,1.9537076725246463,5.0,17.189,0.0,0.23308850053590624,0.9636588803006363,1.0350081314730806,0.03423103889140924,74.365126,1063,1139,0.9332748024582967,2571,2638,0.9746019711902957,4115,4231,0.972583313637438,14817,15409,0.9615808942825621
743,2952.7608382426383,59.78097592976759,0.5881685575364668,0.40842787682333875,0.0,0,5.118478625596749,0.8763130592005629,0.6694728757802989,6170,22,24.174710507032955,3.314144709087377,2.305869385505649,7.0,20.212,0.0,0.28274934177666344,0.9633886952980043,1.0349993190793954,0.0340531561461794,56.707402,1276,1397,0.9133858267716536,2994,3068,0.9758800521512386,4547,4686,0.9703371745625267,12471,12946,0.9633091302332767
744,5110.5429929314105,79.63330495594853,0.6372729665701501,0.35943669386680704,0.0,0,9.164429943949802,0.8561004911703842,0.7037862658106978,7598,16,20.742289840969832,3.277415357027922,2.2773647253201155,6.0,22.939,0.005627535662871352,0.4726830555355074,0.953473607836024,1.0448467206404075,0.042965020397534935,76.884228,1306,1414,0.9236209335219236,2829,2911,0.971830985915493,4026,4148,0.9705882352941176,12865,13579,0.9474188084542308
745,1742.3889772939478,124.32586874507335,0.5082371773494297,0.4890282131661442,6.669779230307477e-05,0,12.696661251982459,0.8711991088483656,0.5413662014289151,14993,32,21.262584757306172,3.309302414906386,2.0236220472440944,5.0,54.492,0.008137073299814767,0.47153221085471997,0.9545087483176312,1.044767486697,0.04333590847220689,121.946198,686,745,0.9208053691275168,1531,1595,0.9598746081504702,2137,2222,0.9617461746174617,20468,21443,0.9545306160518584
746,5043.528897393152,71.36893194818376,0.6615174920490686,0.33560502801756775,0.0006057852491291837,0,12.55061468973026,0.8803129988711528,0.6939840931730301,6603,21,25.261930204162027,2.9310760826063844,1.440018315018315,3.0,16.287,0.00045413260672116256,0.31055386623837167,0.9682477017652699,1.0300973070830504,0.03178070223338612,69.910848,2940,3116,0.9435173299101413,2589,2662,0.9725770097670924,3162,3273,0.9660861594867094,8477,8680,0.9766129032258064
747,6548.671835625668,53.94720077415917,0.906832298136646,0.09235754793410748,0.0,0,10.37653492309214,0.8784676622391954,0.9287124873712713,3703,17,23.597146518744765,3.015784435481632,1.6959499702203693,4.0,4.309,0.0,0.21572509005738671,0.9657588577472237,1.0336156696664902,0.03267472344779078,53.250686,2576,2718,0.9477557027225901,3200,3273,0.977696303085854,3537,3637,0.9725048116579599,5297,5500,0.9630909090909091
748,5985.825318485896,76.26913363122966,0.6877568995889607,0.30916030534351147,0.0002935995302407516,0,12.296662334129906,0.8807626644710581,0.7474516703776666,6812,17,22.608254366835332,3.031083531571663,2.0431163287086447,6.0,17.886,0.0013194546254214924,0.3956351469174142,0.956962663975782,1.0412131031340186,0.04024018207350734,74.06175,2022,2179,0.9279486002753556,3021,3145,0.9605723370429253,3367,3466,0.9714368147720716,10557,11030,0.957116953762466
749,5638.555069572742,76.6275296687478,0.6700269771404231,0.32656538406928864,0.0002839698991906858,0,13.50794137408287,0.8590464904199885,0.702277176434637,7043,25,25.7520839644856,3.1284811645362045,1.885357067175249,5.0,18.703,0.00014196479273140261,0.2769381208799111,0.9335795224605423,1.0664805886830753,0.0630391506303915,74.78752,1874,2028,0.9240631163708086,2799,2936,0.9533378746594006,3362,3556,0.9454443194600675,10420,11248,0.9263869132290184
750,2635.3251701863196,47.38732230918839,0.6072642310960068,0.3882752761257434,0.0004248088360237893,0,13.474258398520346,0.8473937075890142,0.6934774920961431,4708,19,25.28745040111341,2.651513532196328,1.9716684155299056,5.0,14.474,0.00021235931195582927,0.24922348534074568,0.9232314834060833,1.0763231197771588,0.07231006556112611,44.936812,3333,3560,0.9362359550561797,3708,3869,0.9583871801499095,2871,3114,0.9219653179190751,3413,3890,0.8773778920308484
751,3786.900097332362,55.433517578924,0.6504049363671424,0.345738526802931,0.0,0,7.702804413586774,0.8585893562091879,0.7139349675506561,5186,32,20.248530102824013,2.9967817980101934,1.8476134005336495,5.0,14.094,0.0,0.1640041858832817,0.9570039242450094,1.0426877920893651,0.04122362178962866,53.593836,2574,2733,0.9418221734357849,3566,3662,0.973784817039869,3798,3936,0.9649390243902439,6889,7252,0.9499448428019857
752,2864.3692759222677,43.97801467458744,0.63647313900265,0.3603950855215611,0.0,0,14.969210167871765,0.8576085450127097,0.7473481477932985,4151,18,23.753617339280403,2.7556857641519734,2.3925056775170326,7.0,12.711,0.0004815795810257645,0.23667012664268103,0.9400605067439809,1.0572098327420172,0.054582290549398164,41.164528,2752,2975,0.9250420168067227,3978,4144,0.959942084942085,3961,4166,0.9507921267402785,4224,4581,0.9220694171578258
753,4403.129066190664,99.56644567951201,0.5759241706161138,0.42056872037914694,0.0,0,11.819750940293511,0.8630889699734298,0.6505166749638797,10550,26,22.43724022195096,3.599040882177535,2.2977287689269255,7.0,35.337,0.003212396069538927,0.4109528541987508,0.9615791462032489,1.0366638890993107,0.03534985422740525,95.747482,491,533,0.9212007504690432,1619,1668,0.9706235011990407,3296,3390,0.9722713864306785,20047,20879,0.9601513482446478
754,4909.620392803067,85.6917868354295,0.6141127154168607,0.382044713553796,0.00034932463903120635,0,10.27017112604524,0.8491051521319936,0.6592551727887525,8588,29,24.134734427864622,3.413057143633305,2.0489192263936293,5.0,25.93,0.0003492026539401699,0.2966016069318915,0.948535530038276,1.0511140782775599,0.04913363399003086,83.421478,921,999,0.9219219219219219,2090,2183,0.9573980760421439,3279,3427,0.9568135395389553,16509,17427,0.9473231192976416
755,3123.773517410069,62.65856585778449,0.59391331079004,0.4023977866584691,0.00046111281893636643,0,16.52734973163067,0.8723019767724113,0.6481090274233839,6506,32,22.010551305821426,2.8124610372995273,1.6022256728778468,4.0,19.057,0.0,0.2029316080681224,0.9657051870904526,1.0335072108008592,0.033214920071047954,60.73798,3213,3389,0.9480672764827383,3239,3317,0.9764847753994573,3071,3165,0.970300157977883,6246,6458,0.9671724992257665
756,5915.973008899927,68.5910101859782,0.7204227753153768,0.277872485509717,0.00017047391749062393,0,10.748112383134302,0.8821380997089752,0.7587625894010275,5866,31,22.85837284026168,3.1445592600654586,1.8464268812115476,5.0,13.763,0.0,0.19000047515217353,0.9596911196911196,1.0399752411409708,0.0389372649910944,66.830712,2103,2253,0.933422103861518,3211,3272,0.9813569682151589,3839,3965,0.9682219419924338,9489,9935,0.9551082033215903
757,6196.692235501828,63.09807654036387,0.7757901013714967,0.22102961637845359,0.0011926058437686344,0,13.303191426771273,0.8786164116689442,0.824954161823611,5031,19,21.246362935875275,2.8656525845434144,1.5239559313348705,3.0,9.12,0.0,0.261396625378157,0.9603204642947262,1.038332595357075,0.03874840822266691,61.786452,3325,3513,0.946484486194136,2796,2881,0.9704963554321416,3066,3175,0.9656692913385827,6036,6283,0.9606875696323413
758,6397.630948991831,86.11825790754494,0.6703685007571933,0.32635032811711256,0.00012619888944977284,0,9.049393526963058,0.861426672592797,0.7129897886046879,7924,31,20.004542383753687,3.475967720469116,2.1603915662650603,6.0,22.265,0.0,0.2570683779250997,0.9455149229255494,1.054026294165982,0.05137479096177031,83.904152,856,909,0.9416941694169417,2033,2099,0.9685564554549786,3424,3536,0.9683257918552036,16750,17848,0.9384805020170327
759,5527.601365062314,43.57121013510088,0.9456521739130435,0.052244039270687236,0.0,0,17.447023724123497,0.8653506918639179,0.9771705813078285,2852,16,24.79841207381237,2.6779670053249065,1.724879495736003,5.0,2.715,0.0,0.18038663495762702,0.9617880317231434,1.0379219113284694,0.03650818153751158,42.730398,3771,3912,0.963957055214724,2878,2952,0.9749322493224932,2544,2643,0.9625425652667423,2813,2976,0.9452284946236559
760,6051.251927544497,72.4291926835951,0.7086879717359884,0.28826079974305446,0.0,0,9.355072681574653,0.8619107103104864,0.7638107565636318,6227,25,24.112199292519787,3.1979191654011774,1.9075458871515976,6.0,15.135,0.00016056518946692356,0.2526475279857975,0.953707956923391,1.0454429279762818,0.043497363796133566,70.277636,2075,2204,0.941470054446461,3150,3228,0.9758364312267658,3618,3730,0.9699731903485255,9843,10431,0.9436295657175726
761,3439.0483075890297,120.22716723507082,0.5339020122484689,0.46194225721784776,0.0,0,9.982079737120062,0.8421723285418735,0.6156167451650912,13716,31,23.1937353278267,3.764827827729019,2.7771405161818925,7.0,51.772,0.0034149531352176124,0.44496118490460446,0.8919982667725861,1.104623225336731,0.0946418647226127,115.020444,86,95,0.9052631578947369,498,534,0.9325842696629213,1224,1333,0.9182295573893473,22895,25732,0.8897481734804912
762,7514.417363254647,69.86937414394502,0.8222989829207445,0.17539819612358473,0.0,0,13.481840131640082,0.8503885025424771,0.8780040249781649,5211,27,20.295736153009017,3.2240672333145133,1.9764294049008169,5.0,9.616,0.0,0.1943539508959888,0.9335787617961215,1.0650465733465162,0.061097317560001946,67.825624,1950,2117,0.9211147850732169,2997,3146,0.952638270820089,3737,3945,0.9472750316856781,9321,10078,0.9248858900575511
763,6738.870645923653,65.97807921203757,0.7911810411810412,0.20590520590520592,0.0003885003885003885,0,16.397196254651863,0.8538162293121414,0.8549831665579645,5148,27,21.72261674228691,3.2220167944702442,2.0520500859317456,6.0,10.61,0.0,0.19039184251724003,0.9325111519286277,1.0684642932378343,0.06460163958568553,63.546578,1876,2039,0.920058852378617,3348,3491,0.9590375250644515,3836,4059,0.9450603596945061,8709,9466,0.9200295795478555
764,4276.644236712469,86.18032807173341,0.5882618001577109,0.4082460290638729,0.0,0,10.582575852821076,0.839669292645561,0.681449455393717,8877,26,22.756968730854396,3.537984414111099,2.514745308310992,7.0,30.157,0.0016869095816464238,0.3383812408561905,0.9076546690993531,1.0924874791318864,0.08488597123667134,81.86152,580,642,0.9034267912772586,1938,2040,0.95,3555,3765,0.9442231075697212,15816,17669,0.8951270586903617
765,7453.155152224532,80.10763468451118,0.746487477092242,0.25229077580940745,0.0,0,11.228410236975401,0.8408329710327165,0.8452146806020143,6548,25,21.349940348316597,3.7038621873220103,2.597176759410802,7.0,17.1,0.0,0.2587842034948839,0.9330846440795293,1.0641159420289854,0.0602117893671618,76.432096,432,477,0.9056603773584906,1415,1499,0.9439626417611742,3135,3328,0.9420072115384616,19281,20699,0.9314942750857529
766,4057.8849916124022,74.51589431718301,0.6042916166866587,0.3926429428228709,0.0001332800213248034,0,8.223729964912996,0.8348750355185707,0.6777634358590324,7503,21,26.659195077267427,3.257350134310085,2.476179973533304,6.0,25.02,0.0019952114924181963,0.35333263752533506,0.9051286868307346,1.0950021237434517,0.08700313022597658,71.738604,1260,1343,0.9381980640357409,2770,2887,0.9594735019050918,3866,4047,0.9552755127254756,11376,13015,0.8740683826354206
767,5198.568622696743,90.46333246121604,0.6121951219512195,0.3832594235033259,0.0,0,13.55002716023166,0.860860135388788,0.666539644980347,9020,23,21.02711367987284,3.4069964770039514,2.45110467222021,6.0,29.346,0.0014391674969556072,0.39648039672968327,0.9283314669652856,1.0696395082308814,0.06532020468289658,87.37231,734,801,0.916354556803995,2070,2179,0.9499770536943553,3663,3871,0.946267114440713,15916,17260,0.9221320973348783
768,5092.917384482871,84.74447510924179,0.6206400575332615,0.3758839745894762,0.00011986096128490951,0,12.440334171529754,0.8443413294084967,0.695659165568184,8343,22,21.390505670142204,3.307879458565488,2.4905368868288913,6.0,27.165,0.002152852529601722,0.3768268004756218,0.9107083233961364,1.0876412023741144,0.08068406051304539,81.69657,1379,1481,0.9311276164753545,3059,3150,0.9711111111111111,3670,3808,0.9637605042016807,10985,12526,0.8769758901484911
769,2291.084686167962,98.46756804377695,0.5249035426166258,0.4713258505787443,0.0,0,11.662835973820588,0.8696310453307154,0.593005323433381,11404,23,20.311889548475705,3.36575583365431,2.628800534580688,7.0,43.268,0.008864940031288024,0.49948138456839974,0.9196926774830457,1.0811522847024273,0.07543950156752252,94.37056,893,966,0.9244306418219461,2367,2439,0.9704797047970479,3200,3371,0.9492732126965292,14967,16522,0.9058830650042368
770,4613.66883208382,83.9139916782091,0.6066847122513829,0.3897846298693657,0.00011768859597505002,0,13.967398591058643,0.8580389932714974,0.6451725077232211,8497,27,25.343283794959504,3.2457691343539845,2.1245392822502427,5.300000000000182,26.604,0.0007056333058920382,0.3113918650147542,0.9273246588384639,1.0748850548550097,0.07057980785437384,81.73408,1215,1340,0.9067164179104478,2399,2531,0.9478467009087317,3353,3534,0.9487832484436899,13487,14652,0.9204886704886704
771,4914.847111541886,57.40760366182128,0.714815577992994,0.2798269111889553,0.00082423243354626,0,13.666750995019573,0.8653098198639557,0.8070472472128756,4853,23,24.827244772394835,2.9667582454322328,2.089074661285673,6.0,12.108,0.0,0.20969236615077436,0.9363724421842838,1.0657622581822606,0.06270215059864949,54.910306,2609,2840,0.918661971830986,3672,3820,0.9612565445026178,3490,3668,0.9514721919302072,5696,6190,0.9201938610662359
772,6377.358981512948,82.33909882456238,0.6831750339213026,0.31329715061058344,0.000271370420624152,0,10.540834992034382,0.8582804305869605,0.7350534004642993,7370,20,22.437849437088254,3.2202722606057392,2.14240317775571,6.0,19.956,0.0017608018420696193,0.3671375127379374,0.9400019062142585,1.0609598545384946,0.05816876122082585,80.0248,1575,1690,0.9319526627218935,2856,2960,0.9648648648648649,3417,3588,0.9523411371237458,11877,12746,0.9318217479993723
773,3565.451703598784,114.23369536860207,0.5427529484792054,0.4543761638733706,0.0,0,11.731518169199529,0.8442959423964171,0.5983189654878547,12888,31,24.24512322336803,3.6826240081280552,2.4823445318084345,6.0,46.727,0.003094059405940594,0.4202453529298039,0.9336416433641643,1.064548663640948,0.06071320335387413,110.732288,193,211,0.9146919431279621,810,854,0.9484777517564403,1886,1989,0.9482151835093011,23154,24840,0.9321256038647343
774,5624.36286147135,112.13945383306088,0.5921690921690922,0.40436590436590436,8.662508662508663e-05,0,13.8364693527487,0.8620714078405076,0.6476265212409018,11544,31,19.392635735686227,3.6160250189805385,2.2603861907548275,6.0,37.556,0.001988415319443244,0.3793869138733005,0.9312701581938259,1.0671883432271991,0.06299694189602446,108.341784,438,471,0.9299363057324841,1498,1564,0.9578005115089514,2964,3085,0.9607779578606159,19354,20924,0.9249665455935767
775,5954.802705446671,78.54688719264388,0.6783177038931515,0.319693094629156,0.0,0,10.521268953007276,0.8606677195234589,0.732941053609816,7038,27,22.046770696604987,3.373171309785838,2.0362379555927945,6.0,18.982,0.00014206563432305724,0.26199520073623095,0.9551135363492342,1.043370836090889,0.04178789795488088,75.813476,1119,1221,0.9164619164619164,2786,2880,0.9673611111111111,4051,4186,0.9677496416626852,13748,14437,0.9522754034771767
776,6140.140355304636,112.62452461107002,0.6053446597646226,0.391646756924166,0.0,0,10.782465881891385,0.8715396653024469,0.6756468571206877,11301,28,19.58477667350799,3.710727624436866,2.405788627393656,7.0,37.042,0.0037027241470510446,0.4068233951273006,0.9326365969930326,1.0638368490927865,0.0600441196746174,108.766382,247,275,0.8981818181818182,978,1063,0.9200376293508937,2473,2654,0.9318010550113037,21735,23278,0.9337142366182661
777,2789.610638237331,66.2171725313008,0.5677253952428429,0.42800170915823954,0.0002848597065945022,0,7.932344035679954,0.8547985238947026,0.65266603933831,7021,21,17.742254110009927,3.116709220906561,2.263672854992474,7.0,24.341,0.0008538494378824534,0.33600644630877025,0.9451772267255024,1.0533660555314952,0.05093772760378733,62.836174,1518,1620,0.937037037037037,3195,3294,0.9699453551912568,4244,4420,0.9601809954751132,10749,11515,0.9334780720798957
778,5262.569852690439,86.50547611826765,0.6237436443183162,0.3719995270190375,0.00011824524062906468,0,6.4289843620051705,0.853494024011823,0.6909707041407108,8457,23,21.927089383488337,3.5074402899889034,2.3656872037914694,6.0,26.731,0.002006136417276375,0.3721678356034958,0.9457251698542984,1.0521256057680943,0.049781691980445575,83.393238,621,662,0.9380664652567976,1749,1829,0.9562602515035539,3204,3342,0.9587073608617595,18507,19630,0.9427916454406521
779,3468.8624377038223,35.01171269782699,0.7764705882352941,0.22067736185383244,0.00071301247771836,0,11.037501006350318,0.8733273694611435,0.8266007979989924,2805,18,21.75464406634316,2.1762721690876123,2.0183654729109275,6.0,5.929,0.0,0.15493166898511596,0.9606222222222223,1.0376938157191231,0.03780362641122135,34.043202,3987,4227,0.943222143364088,3190,3274,0.9743433109346366,2017,2072,0.9734555984555985,1613,1677,0.9618366129994037
780,3914.4423702440695,110.02673960544962,0.5523566669408572,0.4445175618984947,8.225713580653122e-05,0,10.117593736429452,0.8501818875852268,0.6348323616980496,12157,27,25.455646115812723,3.7625296788288343,2.679523454951601,7.0,44.211,0.0036879200131126047,0.44887025996617813,0.9365695792880259,1.060244880268718,0.05703241557032416,105.39967,225,240,0.9375,841,886,0.9492099322799097,2152,2262,0.9513704686118479,22828,24422,0.9347309802636967
781,4420.621693233099,59.58239219659704,0.6714418604651162,0.32558139534883723,0.00037209302325581393,0,12.5502339594666,0.8548969752252953,0.7499409554321717,5375,27,24.129524062167896,2.8817374087364755,1.9637018564699362,5.0,14.405,0.0,0.20252080603662403,0.9267593342890981,1.0739304478358769,0.06948552868163099,57.176226,2887,3100,0.9312903225806451,3526,3650,0.966027397260274,3144,3327,0.9449954914337241,5311,5966,0.8902111967817633
782,4688.757186918397,44.471912040725044,0.8126303246946679,0.18439082514149538,0.0008936550491510277,0,11.050233733457251,0.8646512471984594,0.8543435114388319,3357,19,23.761593168802634,2.5072265146661707,1.7650293255131966,4.0,5.992,0.0,0.17986190880361264,0.9343059608170071,1.0650991548824367,0.06318338019368948,43.38666,4151,4376,0.948583180987203,2471,2570,0.9614785992217899,2117,2288,0.9252622377622378,2468,2761,0.8938790293371967
783,4023.8457931958555,67.14424313633232,0.6239212717638153,0.37426192278576836,0.0001514004542013626,0,6.754047500826746,0.8721458195870205,0.6763344125490559,6605,28,21.805859962237435,3.1332328919097985,1.9555933025964571,5.0,19.546,0.00015137753557372085,0.23236036264515952,0.9607142857142857,1.0385936838141856,0.03771366555123451,65.202768,1581,1685,0.9382789317507418,2839,2942,0.9649898028552005,4248,4375,0.9709714285714286,11776,12278,0.9591138621925395
784,1983.4956677322718,89.88032230168119,0.5234759560772435,0.47302158273381295,9.46611132146914e-05,0,7.806560471500092,0.8724280763918951,0.5437575012782782,10564,24,22.860888573875748,3.1592391332405976,2.1936708860759495,5.0,38.257,0.004523181304183943,0.4492781854287742,0.9488275628544823,1.050556074369641,0.04871960057980351,88.6764,1265,1332,0.9496996996996997,1604,1641,0.9774527726995734,2929,3037,0.9644385907145209,16619,17616,0.9434037238873751
785,3972.7828416118778,55.61181711596342,0.6620433678452823,0.33522172299277203,0.000586051963274077,0,11.357656666930895,0.8637849998357051,0.7306782124306477,5119,22,24.694905484417912,2.6740996695211448,1.768663322514016,5.0,13.3,0.0,0.23719032643339652,0.9513022246337494,1.0459347100115859,0.04501586890342639,53.335012,3718,3968,0.9369959677419355,2907,2994,0.9709418837675351,2692,2813,0.9569854248133665,4709,4969,0.9476755886496276
786,4950.044138053445,55.48109979842312,0.73491614027445,0.26290568503593986,0.00043563493792202136,0,11.411827813493883,0.8572840029521565,0.7745126140179015,4591,19,22.7079987744576,2.5925312926534265,1.6271487848251334,4.0,9.811,0.0,0.24057471861334687,0.9541995692749462,1.043371757925072,0.043860251218340314,53.97366,3973,4220,0.9414691943127962,2867,2967,0.9662959218065386,2551,2657,0.9601053820097855,3901,4086,0.9547234459128733
787,7131.186438578496,77.63328596514825,0.7417642466822795,0.25526932084309134,0.0,0,14.350098443147875,0.8509502800273607,0.807061476015818,6405,23,24.569384426471288,3.235965638762075,2.1376552304777943,6.0,15.318,0.0,0.2723884611703739,0.9441211284276978,1.0546291256370923,0.051858779518353985,74.90237,1628,1796,0.9064587973273942,3145,3300,0.953030303030303,3837,4011,0.9566192969334331,10533,11169,0.9430566747246844
788,3947.2925881136657,128.06730912304386,0.5440166493236213,0.4512660423170309,0.0,0,13.876889778120002,0.8493265967448812,0.5785394089369353,14415,29,23.28441600435041,3.252472011074619,2.352716143840857,6.0,51.423,0.008528784648187633,0.4953065782882885,0.9140205178309722,1.0822961021945627,0.07595079562126171,125.23591,795,849,0.9363957597173145,1589,1696,0.9369103773584906,2257,2431,0.9284245166598107,17811,19588,0.9092811925668777
789,6002.57830369875,58.66764539370304,0.7941176470588235,0.20412642669007902,0.0004389815627743635,0,14.873982242715456,0.855862778104819,0.8482236488867695,4556,19,21.119839552269024,2.8567929466970896,1.9262023217247097,5.0,8.776,0.0,0.24246930495769745,0.9528319877948,1.0467545703547996,0.045217285748968196,56.733656,3274,3461,0.9459693730135799,3367,3460,0.973121387283237,3153,3273,0.9633363886342805,5195,5537,0.93823370055987
790,6516.633277191538,100.81276988748954,0.6335719472974375,0.36331569664902996,0.0,0,12.186456771052839,0.8471689604801559,0.7419612255935479,9639,32,20.853483704469376,3.7923783009904164,2.68937285082692,7.0,31.087,0.00020744736023234104,0.30360709210311954,0.9366126845972748,1.0605136666905803,0.057585638887955086,95.390184,165,186,0.8870967741935484,800,857,0.9334889148191365,1872,1986,0.9425981873111783,23420,25005,0.936612677464507
791,5937.903294912866,57.83244918597189,0.796221322537112,0.202204228520018,0.0002249212775528565,0,8.036718563315759,0.839399933094294,0.8661532126443241,4446,21,22.68091153422084,2.982964748050378,2.1437853107344633,6.0,9.329,0.0,0.20998968182968653,0.9384242013771306,1.061028079710145,0.058004146950927746,55.910584,2314,2499,0.9259703881552621,3428,3578,0.9580771380659586,3808,4030,0.9449131513647643,7077,7611,0.9298383918013402
792,5988.284463444741,78.60655488538947,0.6762956669498725,0.3201642594165959,0.0,0,8.860313117026013,0.8337078765046052,0.7544958162932678,7062,19,22.591495332963383,3.173221413728837,2.4229480737018427,6.0,20.864,0.001414027149321267,0.37150205937293107,0.8972078696343402,1.101497005988024,0.09181969949916527,75.940554,1755,1842,0.9527687296416938,2550,2660,0.9586466165413534,3316,3517,0.942849019050327,10438,12109,0.8620034684945083
793,5834.097933555402,85.01397712179293,0.6483352038907595,0.34730016211497694,0.00024940765681506424,0,8.598533783333261,0.8417980464808762,0.705030928076464,8019,26,22.476881818266428,3.43770550770159,2.481246393537219,6.0,25.104,0.0004985666209647265,0.3014039023403656,0.9127393071090445,1.0871339616290812,0.08039910624855535,82.480806,800,871,0.9184845005740528,1883,1970,0.9558375634517766,3054,3201,0.9540768509840675,16051,17829,0.9002748331370239
794,3550.208817579859,54.373568708458436,0.6379344197918712,0.3569605340663656,0.0005890437855880621,0,8.881910581105027,0.8413369327686243,0.7200459854632675,5093,17,24.350220510534633,2.789633756503343,2.231455832563866,6.0,15.256,0.0023506366307541626,0.2978025399563954,0.9280232702067087,1.0701012988627183,0.06703620301403083,51.844216,2855,3070,0.9299674267100977,3268,3418,0.9561146869514335,3322,3539,0.9386832438541961,5550,6131,0.9052356874898059
795,3611.7491330686935,115.06888925031788,0.544271635355713,0.4526485987064983,7.69941484447182e-05,0,14.825956083634358,0.8517982817430525,0.5993452525096001,12988,29,24.27123587402636,3.519512466575672,2.4490026877917668,6.0,46.834,0.00475095785440613,0.4470614681010703,0.9487289961223611,1.0482318589812911,0.04616438356164384,111.463302,273,298,0.9161073825503355,1014,1071,0.9467787114845938,1967,2083,0.9443110897743638,23170,24400,0.9495901639344262
796,1306.7899530935006,61.22445457877031,0.5174766745578611,0.4784848906837488,0.0,0,7.951390342907477,0.8589815702919859,0.5731368889048418,7181,17,20.895193418579737,2.794363635542205,2.4036598493003227,6.0,26.684,0.001807061440088963,0.4282642853432732,0.9491667102032286,1.0484530676455166,0.04638302112395377,58.750858,2154,2307,0.9336801040312094,2953,3062,0.9644023514043109,4161,4339,0.9589767227471768,8900,9433,0.9434962366161348
797,2835.537275537558,85.93275060768839,0.5469665271966527,0.4489539748953975,0.0,0,12.965280819429895,0.87082963660615,0.6062787280289709,9560,22,22.135274188856325,3.2946198270888023,2.3553260661694395,7.0,33.905,0.004995836802664446,0.4366093494668184,0.9462997939560439,1.0523183092516712,0.05038317299853253,82.622,959,1036,0.9256756756756757,2394,2536,0.944006309148265,3765,4007,0.9396056900424258,14927,15717,0.9497359546987338
798,5635.169448009548,78.76929628186434,0.6621193330577374,0.33540030315557395,0.00013779798814937303,0,13.556794195110239,0.8650598995158013,0.7222260903778893,7257,27,23.212923390833396,3.123944708991997,1.9309053069719042,5.0,19.708,0.00013777900248002206,0.26814759519372555,0.9458622584028368,1.0526974903571606,0.050457627922416655,76.084534,1871,1987,0.941620533467539,3170,3254,0.9741856177012908,3533,3688,0.9579718004338394,10365,11094,0.9342888047593294
799,7213.786931717422,70.83165710698381,0.7944555900054715,0.20353820900966624,0.0005471457231442641,0,16.653401815603278,0.8603303750546183,0.8221269855804265,5483,23,22.798977904273883,2.9177809749789496,1.6724058769513315,4.0,9.897,0.0,0.2311880626233735,0.9516530394596516,1.046798907233638,0.045793758480325644,69.43947,2939,3144,0.9347964376590331,2942,3089,0.952411783748786,2871,3029,0.9478375701551667,7310,7616,0.9598214285714286
800,7347.083049919644,59.23617198571141,0.925832492431887,0.07366296670030273,0.0,0,11.522246365486575,0.8745349992303052,0.97333471746367,3964,23,22.522871739755388,2.915256747622451,1.7362397820163489,5.0,4.161,0.0,0.17527845953951782,0.9530938123752495,1.0458274964978986,0.0441363520732638,58.034148,3210,3412,0.9407971864009379,3017,3142,0.9602164226607256,3173,3319,0.9560108466405544,4925,5157,0.9550126042272639
801,3341.899393184574,38.60281728177842,0.7226391494684178,0.2742338961851157,0.00031269543464665416,0,12.760574587278482,0.8546840681963911,0.8037804087629311,3198,21,23.627832424915965,2.3278628359214864,1.775421895283427,5.0,7.338,0.0,0.15564501901515432,0.9535202812794786,1.0453294340271804,0.04425866732235063,36.735854,5037,5204,0.9679093005380477,2590,2693,0.9617526921648719,1878,2001,0.9385307346326837,1614,1763,0.9154849688031764
802,2450.4481966916424,101.65905874326013,0.5251311558639363,0.47038415975630393,8.461668641056016e-05,0,18.089309229263275,0.8663728088543771,0.6001910635273106,11818,27,22.813864794948188,3.621043370552427,2.615694489203996,7.0,44.818,0.004296907911365742,0.4435846972862866,0.9397452040589586,1.0585719598363703,0.05547782286273961,97.565488,332,359,0.924791086350975,1150,1209,0.9511993382961125,2607,2730,0.954945054945055,21286,22704,0.9375440451021846
803,5599.204938004833,74.72399796460024,0.6746600380172539,0.3230004386606229,0.00014622020763269483,0,6.353977623856673,0.8474372800785026,0.7288058888700323,6839,25,23.0556977729197,3.1658698863498405,2.0199393151278717,5.0,18.423,0.00014619883040935673,0.27044809806748055,0.9491375703194012,1.049750780267387,0.047557897533542934,72.602632,1547,1663,0.9302465423932652,2700,2791,0.9673951988534576,3474,3643,0.9536096623661817,12694,13412,0.9464658514762899
804,4461.070065273671,56.546329824879116,0.6887694145758662,0.30864197530864196,0.0,0,9.911789691451835,0.8562592241330232,0.7675904019571005,5022,20,24.45899918121619,2.7621317630593722,1.9991326973113617,6.0,12.711,0.0,0.25374405242807463,0.9378751117354105,1.060999101065879,0.0581514222142041,53.894514,2952,3213,0.9187675070028011,3510,3679,0.9540636042402827,3274,3479,0.9410750215579189,4953,5291,0.9361179361179361
805,3238.39558220957,53.910467360001924,0.6246021344317544,0.37202771016663544,0.0007489234225800412,0,10.902421948180848,0.861242442014107,0.6765129736331896,5341,31,24.381207059301033,2.47255916707771,1.7790767386091126,5.0,15.172,0.0,0.17361309035549596,0.9374010649014247,1.0607834634287365,0.05922967575983212,52.288658,3861,4123,0.9364540383216104,2970,3065,0.9690048939641109,2510,2677,0.9376167351512887,3687,4033,0.9142077857674188
806,1273.2481452973789,70.74241306408362,0.5104216578821275,0.48622424532822234,0.0,0,11.287155424685293,0.8627936401146461,0.5932556172859587,8348,20,24.069008995243294,3.0449924504335693,2.2994602206054915,7.0,31.021,0.0029857876507822763,0.42640670673580583,0.969009539177068,1.028836545324768,0.028404113063125375,67.35041,1625,1754,0.9264538198403649,3260,3339,0.9763402216232405,4046,4140,0.9772946859903382,11487,11838,0.9703497212366954
807,2558.0508878932474,87.52951220599518,0.5379981929525148,0.4582873205501456,0.00020078305391024997,0,11.260030845582449,0.8727166525945609,0.6001612971741378,9961,28,20.083337805237683,3.0369024969028944,2.039186415376003,6.0,34.588,0.0009027081243731193,0.3567941271336414,0.9432919736331912,1.0561306312873597,0.0534477221636005,84.934778,1849,1954,0.9462640736949847,2711,2788,0.9723816355810617,3119,3289,0.9483125570082092,11783,12601,0.9350845171018173
808,5688.595574341323,98.35984124992726,0.6145108473188703,0.3822144903806795,0.0,0,10.525343730964389,0.8779661613713577,0.6755757981617896,9772,26,22.5254185731794,3.4571663587524726,2.4131557035803497,6.0,31.564,0.001736643170906119,0.37387839019421965,0.9213263703137604,1.0802148154462534,0.07432007545983337,95.79339,939,1020,0.9205882352941176,1882,1966,0.9572736520854527,3088,3300,0.9357575757575758,15791,17267,0.9145190247292523
809,4061.20847858414,81.48274526039546,0.5908605341246291,0.4061721068249258,0.00011869436201780416,0,7.11090298342735,0.8765048474716083,0.6479644152401527,8425,23,22.944071097445757,3.3434480325114957,2.529931699477702,6.0,28.79,0.0018955100106622439,0.36587384618434515,0.9391571194762685,1.059342553453441,0.05611555246591743,79.07664,826,898,0.9198218262806236,1812,1872,0.967948717948718,3358,3531,0.951005380911923,16957,18139,0.934836540051822
810,3667.298989979388,52.887217225069925,0.6531614487415592,0.34295068549212193,0.0002046245140167792,0,11.121473152960256,0.8692411942361226,0.7294447574917303,4887,30,22.178554323812264,2.4971941147483183,1.8768796992481203,5.0,13.24,0.0,0.16359787273166315,0.9432922407541697,1.0572322012944513,0.05554414081227313,50.49948,3848,4100,0.9385365853658536,3166,3260,0.9711656441717792,2624,2777,0.9449045732805186,3370,3653,0.9225294278675061
811,4282.875395513879,114.15920968029064,0.5607051691129546,0.4357051691129547,0.0,0,11.685496275314032,0.8866911629441159,0.5977602918780159,12536,30,22.17835007429489,3.343495381805265,2.207141840944658,6.0,43.487,0.005474018246727489,0.42460521423087316,0.9607025670719939,1.037799357759121,0.03634402202217097,111.84785,667,723,0.9225449515905948,1699,1747,0.9725243274184316,2810,2934,0.9577368779822768,19711,20501,0.9614652943758841
812,3306.18114063615,37.76056511786048,0.7297817715019256,0.2666880616174583,0.002246469833119384,0,9.054135563186716,0.86461749141602,0.7782540551809836,3116,17,21.594051377846853,2.074669981687382,1.5883905013192612,4.0,6.563,0.0,0.1788546947203753,0.9533376539209333,1.0432799702159345,0.04525766816936268,36.45053,4854,5153,0.9419755482243354,2380,2465,0.9655172413793104,1856,1924,0.9646569646569647,1207,1259,0.9586973788721207
813,5328.476765098467,117.35899879051946,0.5815608572583906,0.4156085725839062,8.087343307723413e-05,0,15.339195155143418,0.8635233805944296,0.6431674367069203,12365,29,22.875101193993228,3.377868229195595,2.139062717285496,6.0,40.907,0.004989136557495775,0.43209606881366003,0.9572962521084462,1.0405450041288191,0.03921103600932843,113.668274,1022,1084,0.9428044280442804,2127,2197,0.9681383705052344,2978,3078,0.967511371020143,17142,17948,0.9550924894138623
814,6138.693418871868,89.48459151263182,0.6523327049952875,0.3449575871819039,0.000117813383600377,0,13.001288105778219,0.8639491374550698,0.6839575798740218,8488,26,18.95657939985166,3.092065496968465,1.878092830052375,5.0,23.516,0.00023557126030624264,0.3305777494146314,0.9486390069882227,1.051471668544003,0.04955875522526707,87.770954,1995,2118,0.9419263456090652,2484,2580,0.9627906976744186,2962,3098,0.9561007101355713,11971,12667,0.9450540775242757
815,4862.661819706997,111.10811989193567,0.575952582557155,0.4204064352243861,0.0,0,15.498461781268706,0.8391764952377402,0.6476613857452378,11810,25,21.593480050663363,3.3064635062090737,2.3840047044986767,6.0,40.473,0.006477664675696139,0.4646842371943535,0.9154564998025709,1.0831717207334273,0.07690750040498948,107.512552,1093,1191,0.9177162048698573,2143,2259,0.9486498450641877,2558,2752,0.9295058139534884,15072,16591,0.9084443372913025
816,5353.241338952599,106.1994060637253,0.5926365795724465,0.4039831902064681,0.0,0,16.683759382134426,0.8528224366652294,0.6428445673483855,10946,27,20.881262437329738,3.3384408746572785,2.1967010944966856,6.0,35.49,0.002278734846413271,0.4103364436774424,0.9361620795107034,1.0606008876749744,0.057410521258707665,103.034714,940,1022,0.9197651663405088,2175,2327,0.9346798452943704,3251,3493,0.9307185800171772,15675,16702,0.9385103580409532
817,5092.137250214506,70.58175788998706,0.6623436776285317,0.33518604292110543,0.0001543924656476764,0,17.448740379927056,0.8519014436215792,0.7293190294256257,6477,23,22.60391848000629,2.996177971897168,2.185780885780886,6.0,18.377,0.00015436863229391788,0.2850461228130289,0.9536297985556822,1.044342757531187,0.0434218043941204,68.037198,2186,2370,0.9223628691983122,3489,3625,0.9624827586206897,3923,4104,0.955896686159844,7965,8318,0.9575619139216158
818,4889.167757301844,57.21192716407959,0.7164240311667008,0.28132048390403935,0.0,0,16.178042175779503,0.8600357373718012,0.7858081334802496,4877,21,22.34933162637359,2.64674588427935,1.9567830566685747,5.0,11.849,0.0,0.22828259387821986,0.9451451846012351,1.0556580160716638,0.053063763608087094,55.142074,3142,3394,0.9257513258691809,3566,3727,0.9568017171988195,3269,3433,0.9522283716865715,4410,4668,0.9447300771208226
819,5061.362719664546,105.54239449044609,0.5855921411679098,0.4103147171184282,9.095870474804439e-05,0,20.208377533217764,0.8399716739206826,0.6577226295788091,10994,24,22.383785301817326,3.458665838405223,2.649269959614787,7.0,38.2,0.005697748032920322,0.46554901094715706,0.8987425273139559,1.0994353566387114,0.09048297585120745,102.071646,661,734,0.9005449591280654,1564,1673,0.9348475791990436,2756,2972,0.927321668909825,16818,18876,0.8909726636999364
820,5288.33624048017,96.88172905853658,0.6034008756745749,0.39313715507585784,0.0,0,15.158997378443663,0.8403347695815863,0.6880074215042338,9821,26,22.403195125977646,3.6242611188858147,2.670266621667229,7.0,33.45,0.002235090927562735,0.3775557522876847,0.9132755170113409,1.0841165784693152,0.0773714699493121,93.009366,417,460,0.9065217391304348,1433,1557,0.9203596660244059,2856,3095,0.9227786752827141,18567,20371,0.9114427372244858
821,6555.650934612193,68.70153201425796,0.7594891167476164,0.23817233315344485,0.0,0,15.396634808915394,0.8400422427365838,0.843863357309497,5559,25,26.03734794530659,3.1076758521057917,2.1155850307910944,6.0,12.79,0.0,0.22112435473289732,0.9401143223462792,1.0588581833761783,0.05564524265967107,66.600602,2063,2248,0.9177046263345195,3197,3317,0.9638227313837805,3858,4065,0.9490774907749078,8480,9089,0.9329959291451205
822,6212.149299207449,98.42684421888627,0.6310013717421125,0.36583306953677325,0.0,0,17.62548582783154,0.8422977368699719,0.7049900295259603,9477,22,21.612138580422638,3.4624939190273296,2.506521739130435,7.0,29.999,0.0030507048180096782,0.42531648705830305,0.9367360422860919,1.0604929051530994,0.05700934579439252,94.807676,756,829,0.9119420989143546,2222,2320,0.9577586206896552,3405,3564,0.9553872053872053,16301,17503,0.9313260583899903
823,3310.548471157119,97.64782347870916,0.5468098898046115,0.4490230576905269,9.260116677470137e-05,0,10.77701847742329,0.8546805202660605,0.6251202079069785,10799,28,23.034797547868784,3.5529687158291505,2.469093988145639,7.0,39.169,0.0022174997690104408,0.3851848941470178,0.9254477134633834,1.0715031734554512,0.0666716412341902,93.310446,561,614,0.9136807817589576,1779,1878,0.9472843450479234,3268,3439,0.9502762430939227,17543,19085,0.9192035630075975
824,3072.2979327242874,81.13852786247183,0.5573126962763572,0.4379766711529834,0.0,0,8.228978293920374,0.8466902477194533,0.6395324037886941,8916,24,20.175124391115514,3.3146261524444536,2.5067417991547596,7.0,31.5,0.0017913121361397223,0.3725534452823518,0.9391117478510028,1.059633850848066,0.056318391144535046,77.404042,1142,1241,0.9202256244963739,2824,2919,0.9674546077423776,3909,4030,0.9699751861042184,13101,14146,0.9261275272161742
825,-147.7632695910384,78.00887670548933,0.4713388495663443,0.5235769115741202,9.969095803010666e-05,0,8.41002399451953,0.869127407586863,0.5361993303176947,10031,22,21.77473504644244,3.0208980511165224,2.4299915397631136,7.649999999999636,40.095,0.00505852013489387,0.4648153504072736,0.9526211143979438,1.0456734276958997,0.0437302912261176,74.258078,1709,1827,0.9354132457580734,3193,3271,0.976154081320697,3780,3902,0.9687339825730394,10962,11621,0.9432923156354874
826,5675.57290839105,60.75063870215403,0.750402900886382,0.24717969379532634,0.0,0,13.151780536385232,0.850858500880319,0.8338352506330009,4964,27,21.189572674556167,2.735284921209271,2.0104697986577182,6.0,11.201,0.0,0.18197829186952993,0.926222988200981,1.074251497005988,0.0694547248951394,58.595136,3226,3474,0.9286125503742084,3174,3344,0.9491626794258373,2969,3186,0.9318895166352793,4604,5082,0.9059425423061787
827,4882.0697601981165,82.53943704867396,0.6197114208853021,0.37710931768158473,0.00012227928588897041,0,15.684713651621585,0.8538302522093295,0.6647809767521976,8178,27,22.405934050161182,2.9616029959634473,1.9546172059984215,5.0,24.165,0.0003667033370003667,0.302204484626569,0.910398544544886,1.0899268236908302,0.08347662967015788,80.32183,2574,2770,0.9292418772563177,2692,2816,0.9559659090909091,2604,2784,0.9353448275862069,8143,9219,0.8832845210977329
828,4222.905657470444,59.171652101038084,0.6610012931830778,0.33567337890264176,0.0,0,9.541495775880042,0.8511610380318521,0.7217564652383678,5413,24,23.039631869848026,2.5783484860087413,1.9329234209055337,5.0,14.761,0.0,0.22779639415564057,0.9246299662425344,1.0746793411029363,0.06963821948420608,57.02567,3279,3469,0.9452291726722398,3125,3245,0.963020030816641,3051,3289,0.9276375798114929,4788,5401,0.8865024995371228
829,4218.714357375641,75.91208149948629,0.6090373280943026,0.38781925343811396,0.0003929273084479371,0,10.883893295909726,0.8502848911501718,0.6653977053982643,7635,32,23.952487153733934,2.9761225449343955,1.9640860215053764,5.0,23.113,0.0,0.23737377873253365,0.9230896006152832,1.0755227009433441,0.07127551020408163,73.78657,2267,2442,0.9283374283374284,3082,3227,0.955066625348621,3109,3307,0.9401270033262776,8345,9227,0.9044109678118565
830,-381.7948007579897,106.20691696962452,0.47059682957118854,0.5252392431879611,0.0,0,7.260860510397979,0.8589321121684858,0.545040853747269,13689,28,23.21064172429717,3.6398911352393637,2.8188450791679602,7.0,56.786,0.01040988939492518,0.4951945006683546,0.9314066215474667,1.0661153987504595,0.0619423472889499,101.727218,283,309,0.9158576051779935,938,994,0.9436619718309859,2160,2263,0.9544851966416261,22079,23769,0.9288989860742984
831,4579.750567200196,96.04504186230413,0.5862548415930082,0.4111629754692621,0.0,0,8.901754975192588,0.8616508667083672,0.6439192692329202,10069,29,25.5616162725575,3.2473154010093066,2.164831441639844,6.0,33.269,0.0011903580993949012,0.3393638750373201,0.9267901982855659,1.0725669865809702,0.06765157019455881,93.731098,1133,1210,0.9363636363636364,2202,2262,0.9734748010610079,2820,2926,0.963773069036227,15252,16700,0.9132934131736526
832,4982.625296516715,84.96872177823393,0.6181492537313433,0.378865671641791,0.0,0,9.968834646746828,0.8649732880153429,0.6903109004081162,8375,19,23.206116891183854,3.16574329291013,2.41761638014294,6.0,26.904,0.004280109380573059,0.4412246924450073,0.9209781335415853,1.0758847494232562,0.07058610052622029,82.142396,1667,1815,0.9184573002754821,2527,2672,0.9457335329341318,3188,3420,0.9321637426900585,11487,12581,0.9130434782608695
833,6253.244772513127,66.17403450122136,0.753801062465653,0.24271844660194175,0.00018318373328448433,0,10.800116514741783,0.8491744937857694,0.8068672152165655,5459,25,22.30865244426998,2.8053684051649928,1.9458080194410692,5.0,12.172,0.0,0.21555290000930005,0.9161046835364722,1.0847047134074397,0.07908381288815453,64.490212,2928,3143,0.9315940184537066,2918,3085,0.9458670988654782,2950,3186,0.9259259259259259,6011,6749,0.8906504667358127
834,4824.854945642301,75.71522395002918,0.6357035210302782,0.3622414029319085,0.0,0,9.942019679677138,0.8615634256622157,0.6715211477429263,7299,22,22.337070319206546,2.94291029067297,1.8689655172413793,5.0,20.782,0.0004108463434675431,0.33104300266622333,0.941270432884298,1.0574129459517196,0.05433031218529708,73.774604,2461,2594,0.948727833461835,2560,2637,0.9708001516875236,3252,3424,0.9497663551401869,9405,10126,0.9287971558364606
835,3589.343244610818,93.58758726004281,0.5616864192733632,0.43423353409753257,0.0,0,8.442636546271762,0.863652205840877,0.6130476282389904,10294,26,21.878400597618917,3.1433334878387615,2.175890695261155,6.0,35.282,0.0031955069235983344,0.39335466872830327,0.9286800214630656,1.0709735307312696,0.0662992651970608,91.341198,1372,1465,0.936518771331058,2245,2296,0.9777874564459931,2705,2845,0.9507908611599297,14447,15758,0.9168041629648432
836,4572.921582703881,75.92757433561921,0.6215166130760986,0.37433011789924975,0.0001339764201500536,0,13.452958400343471,0.8529677481979343,0.7149783677904887,7464,27,23.923948458880492,2.973698145064595,2.2284975210174607,7.0,23.094,0.0006694336591243808,0.2789812256399996,0.9171106146531477,1.0835009482213667,0.07717925675318496,72.630944,2521,2700,0.9337037037037037,3169,3292,0.962636695018226,2845,2992,0.9508689839572193,7475,8473,0.8822140918210787
837,3106.408609427038,47.03614825959128,0.6418312387791741,0.35570017953321365,0.0002244165170556553,0,10.957904653587443,0.8676087772443287,0.7447128233983238,4456,25,24.555773254884173,2.4417620069684944,2.037062937062937,7.0,12.725,0.0,0.17977279557511258,0.9493860437256664,1.048556825015033,0.04729295955488979,44.309014,4049,4270,0.9482435597189696,3477,3584,0.9701450892857143,2462,2602,0.9461952344350499,2692,2900,0.9282758620689655
838,4961.712064154766,78.15985028569119,0.6321747236649354,0.3652949793581036,0.00026634705020641894,0,13.702438843521636,0.8474393370204881,0.7251044080132303,7509,29,25.371884915406056,3.1957072918574805,2.352854434379608,7.0,23.46,0.0005324104884866232,0.25640673970957917,0.9271808217806916,1.0716045657967517,0.06791995148574893,74.67828,1557,1731,0.8994800693240901,3198,3362,0.9512195121951219,3966,4184,0.9478967495219885,9805,10704,0.9160127055306427
839,5323.134775817823,87.11657561356974,0.6257406968475943,0.37129651576202893,0.00011851149561507466,0,10.914985512524416,0.8645716072284382,0.6802940688193948,8438,31,26.67086033921271,3.1329377914483962,1.9304924242424242,5.0,24.347,0.00011849745230477545,0.27912801010379523,0.9450263043583185,1.0533456078298367,0.05128439946884015,84.290626,1604,1763,0.9098128190584232,2790,2952,0.9451219512195121,3553,3750,0.9474666666666667,11633,12254,0.9493226701485229
840,4690.472972416079,49.930745847747104,0.752029520295203,0.24452644526445264,0.0,0,14.681398855247396,0.855121011442952,0.8245870991941051,4065,17,24.454958669060233,2.437554128209012,2.0291135099771016,6.0,9.224,0.0,0.24422986567573796,0.937745286648711,1.0606529475475786,0.057855433915754366,47.917952,3878,4226,0.9176526265972551,3241,3393,0.955201886236369,2448,2583,0.9477351916376306,2619,2793,0.9377013963480129
841,6185.565990186578,112.52752572534074,0.6078189662763054,0.38909923395262835,0.0,0,11.891611028972118,0.8604909456435808,0.6686814018211057,11357,26,21.80770014618117,3.3919529527520904,2.261625380269448,6.0,36.081,0.0040340261334736475,0.4398364989915121,0.9484943563831955,1.0495729290122195,0.047136478353717724,109.375032,820,902,0.9090909090909091,2099,2189,0.9588853357697579,3010,3131,0.9613541999361227,17348,18319,0.9469949233036737
842,4312.387899751609,74.093079170074,0.6166599272139103,0.37956597924248553,0.00013478905512872354,0,15.487453820560141,0.8550447753331153,0.6776139591480146,7419,29,22.80454482150699,2.9631110826859133,1.9746448087431694,6.0,22.536,0.0,0.2557473197649531,0.9538427923745015,1.0454918705863032,0.044370204102938876,71.533494,2373,2547,0.9316843345111896,3424,3501,0.9780062839188803,3499,3623,0.9657742202594535,8166,8636,0.945576655859194
843,2869.7005203978556,40.27697057068439,0.6635919696147585,0.3339663591969615,0.0013564839934888768,0,14.32884587961528,0.8601742000706714,0.7192534788467098,3686,23,21.641462615599814,2.176976569555884,1.6721177432542926,5.0,9.538,0.0,0.16198119489025833,0.9531661112085599,1.044994276657568,0.045698024774020754,38.559906,4885,5160,0.9467054263565892,2826,2924,0.966484268125855,1796,1891,0.9497620306716024,1361,1427,0.9537491240364401
844,7003.950597579108,111.4448457252332,0.6328117766873438,0.3642255346727155,0.0,0,12.788975828399527,0.8658438476487216,0.6847673703001724,10801,26,22.303712112109427,3.2913201998582613,2.130943672275055,6.0,32.473,0.0035058584740289694,0.4136609942090277,0.9333849395776889,1.0665717490723963,0.062379032258064515,108.431918,1135,1212,0.9364686468646864,2145,2236,0.9593023255813954,2806,2931,0.957352439440464,15618,16874,0.9255659594642646
845,5138.059884420633,43.78831739595249,0.8817379941195688,0.11434171839268213,0.0013067624959163672,0,14.135344464953745,0.8325967362192188,0.9293098517653198,3061,17,22.987415376663545,2.3699282737951455,1.8692108188217857,5.0,4.342,0.0,0.18293073928550035,0.9464724464724464,1.0534001935427113,0.05238649592549476,42.82192,4213,4485,0.9393534002229654,2841,2948,0.9637042062415196,1946,2053,0.9478811495372625,1786,1910,0.9350785340314136
846,7593.72420153623,80.82122678507503,0.7514589256322011,0.24599730659883287,0.0,0,18.14256955438926,0.8581283589023435,0.8033671058609755,6683,16,20.168294611494147,3.15535126570327,2.108920748705695,6.0,15.628,0.0011956359288596622,0.41700380466494247,0.9420962749493009,1.0575297013807128,0.05449591280653951,79.106348,2352,2512,0.9363057324840764,2664,2805,0.9497326203208556,3172,3336,0.9508393285371702,9465,10085,0.9385225582548339
847,5769.384262941933,89.59956837607147,0.6359944302622418,0.3608725922487816,0.0,0,14.668805123278176,0.8527084039660094,0.7025898269244387,8618,27,23.742928764661265,3.3810017884250936,2.168764823937238,6.0,25.941,0.0008115942028985507,0.322094074287555,0.9364816589701142,1.0633304195804196,0.059647685374846375,86.658474,1033,1111,0.9297929792979298,2402,2498,0.9615692554043235,3643,3900,0.9341025641025641,14418,15445,0.9335059889932017
848,7082.47925409921,91.12923341933596,0.6820073439412485,0.31468788249694,0.0002447980416156671,0,11.708866030665963,0.8511011303868959,0.7585857906579462,8170,29,23.257076269712538,3.527162516797904,2.4109834888729362,6.0,23.315,0.0002447381302006853,0.27696801058025844,0.9156048998320292,1.0828119855120184,0.0768852583011875,87.708104,682,728,0.9368131868131868,1740,1843,0.9441128594682583,3251,3459,0.9398670135877422,16676,18379,0.9073398987975406
849,5747.408262071603,93.7126745774613,0.6248233887620911,0.3728942506249321,0.0,0,8.942338564457108,0.8448353003511598,0.6799761490826065,9201,26,20.85072541187597,3.3363487038309447,2.5254826926421985,6.0,29.602,0.0005431240495329133,0.35749757269007587,0.9022361322736071,1.0973096026490066,0.08847597597597598,91.158716,708,761,0.9303547963206308,1579,1679,0.9404407385348421,2738,2940,0.9312925170068027,16884,18903,0.8931915568957308
850,5482.84647831457,68.13047247480499,0.6952003958436418,0.3021606465446149,0.00016493485073396007,0,10.564023027858724,0.8380282371956076,0.7379794250117562,6063,28,20.60945120788173,3.001590664926498,2.0308422301304865,5.0,15.771,0.0,0.2175617650287362,0.9030595460028512,1.0990654205607477,0.0906008476689105,66.34594,2163,2308,0.9371750433275563,2818,3002,0.938707528314457,3320,3623,0.9163676511178581,8169,9305,0.87791509940892
851,2916.05635214796,91.2785374849249,0.5429748822605965,0.4543759811616955,0.0,0,10.249879979846872,0.857195992034849,0.6172598731654082,10192,28,21.250073655474857,3.365880959595969,2.4347668955547523,6.0,36.8,0.00205620287868403,0.3636858174113323,0.9142588074140662,1.0833476690177188,0.07696866727251175,87.472294,812,870,0.9333333333333333,2296,2405,0.9546777546777547,3730,3915,0.9527458492975734,14520,16171,0.8979036546904954
852,2739.7065253767637,64.86011001603859,0.5685652487382841,0.4295602018745494,0.0,0,7.29560780422875,0.8399683965014755,0.6544021988532654,6935,19,21.743238731915262,3.0686985169752616,2.673852396652295,7.0,25.021,0.0012960829493087558,0.36787222477995585,0.9214031321656828,1.077013521457966,0.07152563870266353,62.043744,1413,1538,0.9187256176853056,2965,3102,0.9558349451966474,4385,4662,0.9405834405834406,10123,11195,0.9042429656096471
853,4476.501890970053,108.09287288854891,0.5674838709677419,0.42933333333333334,0.0,0,13.150648431941194,0.8564906432673415,0.6322005870844932,11625,31,22.573180845509796,3.5617270608433445,2.4436865241776564,6.0,40.665,0.0018888984287799434,0.37734239604796405,0.8975192200998653,1.1005657821340347,0.09135429044686903,103.954212,437,486,0.8991769547325102,1412,1487,0.9495628782784129,2739,2912,0.9405906593406593,18060,20349,0.8875128998968008
854,4303.217698143574,88.20076843010399,0.5875669179503987,0.4099202447285043,0.00010925379656943078,0,13.327179617558429,0.8479244990290267,0.6579361863279924,9153,24,23.958964538888782,3.196949447881023,2.366307177389364,6.0,30.609,0.0014182849661793584,0.3815668425729038,0.9090201420648049,1.0907979659690983,0.08388304510607951,85.35781,1414,1558,0.9075738125802311,2819,2971,0.9488387748232918,3577,3820,0.9363874345549739,10874,12205,0.8909463334698894
855,5219.512032188428,85.53749583777245,0.6234464627151052,0.3727294455066922,0.0,0,8.593427910750428,0.8494237976074825,0.7017392759970281,8368,30,25.578531745158436,3.395833306994159,2.271995399654974,6.0,25.902,0.0001194885888397658,0.27892074651637244,0.9355893823122405,1.0614393397060682,0.05798933438672724,81.954442,834,900,0.9266666666666666,2286,2393,0.9552862515670706,3547,3728,0.9514484978540773,15644,16826,0.9297515749435398
856,5648.81719691086,47.41338415576143,0.8970406905055487,0.09802712700369914,0.0036991368680641184,0,13.462309820651676,0.8444429922045038,0.9107015608094714,3244,20,19.90899124694365,2.463566394482476,1.6735395189003437,4.0,3.996,0.0,0.16553430562111687,0.9198681814239875,1.0815686274509804,0.08104877271278291,46.75873,3584,3910,0.9166240409207161,2648,2821,0.9386742289968096,2193,2382,0.9206549118387909,2182,2418,0.902398676592225
857,7697.759217142348,84.48713366076392,0.7386200973375322,0.2592327512167191,0.0,0,13.08463118764438,0.8346553223981669,0.8218604583481106,6986,21,24.260284453742692,3.247759595209385,2.2947674418604653,6.0,17.474,0.0001431229426077,0.3316969617532056,0.8928443006112909,1.1064917626400868,0.09674276169265034,81.68719,1704,1893,0.9001584786053882,2719,2888,0.9414819944598338,3163,3398,0.9308416715715127,9795,11288,0.867735648476258
858,3244.363749695582,96.26592192877227,0.5452671040299907,0.4521087160262418,0.0,0,11.169698468539384,0.8554527696058193,0.6297714867001443,10670,29,23.66487768520549,3.5901927155360602,2.8581986937091783,7.0,40.628,0.0015907176943950594,0.3705636746841717,0.9036800243559006,1.092557800697826,0.08461645648993242,91.874134,318,340,0.9352941176470588,1082,1134,0.9541446208112875,2453,2654,0.9242652599849284,19893,22149,0.8981443857510497
859,3181.328669992021,119.31197665239704,0.5284116001766525,0.4687177977329604,0.0,0,11.787817588296484,0.8381213535442574,0.6313445302875004,13586,30,21.8110761873211,3.885474518004615,3.1122719041649254,8.0,54.183,0.005053094104723544,0.4514289039492254,0.8986062347058198,1.0964389041683038,0.08765288293535235,112.714588,65,70,0.9285714285714286,372,392,0.9489795918367347,1084,1163,0.9320722269991402,23817,26572,0.8963194339906668
860,5802.060134150994,73.69387088031333,0.6869565217391305,0.30999237223493514,0.0,0,9.360682215383386,0.8532294465548899,0.7699423646539358,6555,16,23.267656373505943,3.1860813202040674,2.54941150344215,6.0,19.213,0.0024349414092223404,0.40508166302893345,0.9166325742079185,1.080844066867635,0.07508934202228296,71.569022,1202,1303,0.9224865694551037,2092,2235,0.9360178970917226,3727,4023,0.9264230673626647,13144,14438,0.9103753982546059
861,4744.816136202328,47.8869125885001,0.7777777777777778,0.2187666135034556,0.0,0,17.430690469759508,0.8532825631813726,0.839676588748277,3762,20,21.7964639661538,2.4404773530832498,1.9224196855775804,5.0,7.772,0.0,0.1879484024869102,0.9403738881350822,1.0596316425120773,0.056338028169014086,46.228458,3946,4174,0.945376137997125,3401,3573,0.9518611810803247,2631,2797,0.9406506971755453,2497,2722,0.917340191036003
862,3462.7679163240828,87.0561003819362,0.5631757472970108,0.4331142675429298,0.00010599957600169599,0,11.889997829766166,0.8525152029144936,0.6275766096852992,9434,25,23.44209821435263,3.252960067079664,2.316017316017316,6.0,32.499,0.0021155066638459913,0.3742009617309485,0.9336926762491444,1.063364550219091,0.05958080218851833,84.127498,931,999,0.9319319319319319,2281,2412,0.9456882255389718,3638,3885,0.9364221364221365,14976,16080,0.9313432835820895
863,4885.61807074836,58.41676055014615,0.707176843774782,0.2908406026962728,0.0,0,16.35699615155163,0.856200691862461,0.7945995227459854,5044,25,22.901871957723415,2.8495379708493878,2.230726100364452,7.0,13.285,0.00019821605550049553,0.2004106122415694,0.9407126703746714,1.0569025842489719,0.05400404741254698,55.936288,2633,2875,0.9158260869565218,3786,3956,0.9570273003033367,3817,3992,0.9561623246492986,5155,5538,0.9308414590104731
864,1783.229207955971,78.86803752021464,0.5231700605393506,0.47231700605393506,0.0002201430930104568,0,14.189775701280498,0.8585114750058921,0.5940596794824291,9085,19,20.557440131307015,2.7585608163324906,2.301493793393646,7.0,33.011,0.009701329845214737,0.485020431514818,0.9426694368016172,1.0541685494803434,0.05200681358458426,75.533036,2485,2715,0.9152854511970534,3282,3411,0.9621811785400176,2888,3003,0.9617049617049617,8133,8680,0.9369815668202764
865,8100.763396005551,110.13095128954701,0.6672930471763426,0.3295420828800317,0.0,0,12.244689954834431,0.8634084710692744,0.7308825258847943,10111,28,21.134748468112967,3.555292879921823,2.3045798132503337,6.0,29.382,0.0012840774397471354,0.36200551694551475,0.9202210120443615,1.0779277839910528,0.07221095334685598,106.666026,546,604,0.9039735099337748,1696,1793,0.9459007250418293,2667,2843,0.9380935631375308,18241,19917,0.9158507807400713
866,6008.271226541223,58.566349667346714,0.7945084145261293,0.20283436669619131,0.0,0,11.476755200672194,0.8574242869783794,0.8717941765368716,4516,19,22.93641198938264,2.8403642773903304,2.1273690078037903,6.0,9.442,0.0,0.2329877850560936,0.9412238325281803,1.0561392601802921,0.053409157530632585,56.636962,2893,3097,0.9341298030351953,3547,3699,0.9589078129224115,3642,3811,0.9556546838100236,5115,5539,0.923451886622134
867,5601.240688578584,79.61202738494794,0.656774540083255,0.3400026856452263,0.0001342822613132805,0,12.883675754410815,0.8587914493296765,0.721108965882453,7447,32,22.785329386188927,3.090137778875202,2.0400736045798404,6.0,21.021,0.0002684924150892737,0.23097198326524387,0.9357812259947764,1.062731196054254,0.05921179417999615,77.043642,1799,1957,0.9192641798671436,3303,3444,0.9590592334494773,3729,3940,0.9464467005076143,9442,10186,0.9269585705870803
868,6638.236117155274,69.36923048399308,0.761921835783435,0.23718178558623162,0.0,0,10.933173863205157,0.8514083600927198,0.8082998123519007,5578,21,24.19746521986792,2.930896792939709,2.0524705882352943,5.0,12.35,0.00035842293906810036,0.2631272075166632,0.9163418465297574,1.082392842523829,0.07630716320060187,67.33975,2551,2774,0.9196106705118962,2829,3025,0.935206611570248,2948,3176,0.9282115869017632,7423,8214,0.9037009982955929
869,9038.78026048008,103.46018468584748,0.7217241379310345,0.2750574712643678,0.0,0,9.824718133177251,0.8498866125372763,0.815572795451656,8700,19,21.48557808213252,3.641420032921984,2.710304188565058,7.0,24.54,0.005714285714285714,0.46739898745692265,0.9139384822453585,1.0814398469265727,0.07509519625073229,99.243556,550,590,0.9322033898305084,1500,1603,0.9357454772301934,2670,2847,0.9378292939936775,18367,20221,0.908313139805153
870,2890.9412128684253,45.445086204129204,0.6348185576481397,0.3603582912264584,0.0009186954524575103,0,9.386582934301845,0.8391724701282295,0.6869852444486113,4354,24,20.461356498665516,2.329155266880094,1.6986251808972503,4.0,11.94,0.0,0.17835228685125934,0.9395135818066962,1.0593690551680406,0.057878291920845114,43.933848,4257,4538,0.9380784486557955,2879,3005,0.9580698835274543,2281,2435,0.9367556468172484,2481,2686,0.9236783320923306
871,1953.730523601354,72.99674359255276,0.5306146854819421,0.46627601052379813,0.00011958861516383641,0,11.74381457160594,0.845451287090961,0.5905839196365136,8362,24,24.816102600697054,2.7991457567973526,2.293892269551499,6.0,30.541,0.0007170172084130019,0.3496203439412767,0.9026287401351275,1.097291132021671,0.0891083988415391,70.451154,2362,2560,0.92265625,2895,3081,0.9396299902629016,2971,3201,0.9281474539206498,7670,8771,0.8744726941055752
872,3558.1281533658434,43.64843358233515,0.7011889035667107,0.2969616908850727,0.0002642007926023778,0,8.133764773504822,0.8415187251115575,0.7730775478736174,3785,24,24.64663345168525,2.2525003793773872,1.894498869630746,5.0,9.304,0.0,0.15944657072623486,0.9407366598457422,1.0570210077396935,0.05552664833122724,41.856608,4202,4449,0.9444819060463026,3233,3381,0.9562259686483289,2487,2666,0.9328582145536384,2031,2210,0.9190045248868778
873,5595.957604425561,86.10275741040019,0.6381752701080432,0.3584633853541417,0.0,0,9.81177794792372,0.8565258804041449,0.710328117757728,8330,31,21.35042493100675,3.236977926533994,2.176260346124906,6.0,24.965,0.00024003840614498319,0.26662418457901754,0.9315596502773338,1.067929150179009,0.06368557721931253,83.188144,1503,1588,0.9464735516372796,2795,2864,0.9759078212290503,3710,3860,0.961139896373057,11810,12962,0.9111248264156766
874,4990.807270586904,97.50863549687828,0.5932847007095033,0.40281802738083344,9.9930048965724e-05,0,9.24913800266585,0.8713875883126927,0.674749412284952,10007,26,20.717946741765182,3.519730126397573,2.5165908708101736,7.0,34.042,0.0017955112219451373,0.38096205381524506,0.9519205044907318,1.0455051222038905,0.04399137710548431,93.806416,543,584,0.9297945205479452,1502,1573,0.9548633184996821,3173,3307,0.9594798911400061,19689,20701,0.9511134727790928
875,3691.364999173669,123.20854742656623,0.5377697841726619,0.4584892086330935,0.0,0,11.880860095271327,0.845895257104482,0.599216502779201,13900,32,22.789078652832544,3.625507649790415,2.533913043478261,6.0,50.838,0.0035127966162448922,0.43138915409279577,0.9062570845613239,1.0911095062526133,0.08346031306275108,118.87087,280,313,0.8945686900958466,1108,1201,0.922564529558701,2052,2201,0.9323034984098137,20545,22751,0.9030372291327854
876,5962.103625870705,76.91662042178893,0.6832729905865315,0.3148443157132513,0.0,0,8.518931287745739,0.8369868806647098,0.7427028802773008,6905,17,23.695758181113547,2.9460069725457174,2.25900805426028,6.0,19.372,0.0020234137881196706,0.4095442068867877,0.9057675814751286,1.091203279219028,0.08319819155732469,74.526666,2299,2476,0.928513731825525,2430,2554,0.9514487079091621,2813,3007,0.9354838709677419,9356,10619,0.8810622469159054
877,6122.509655752683,95.3429990924438,0.6357544314742758,0.36197578901859057,0.0,0,9.92334149646221,0.8529961110782984,0.7020665040013894,9252,24,21.49519815150411,3.318731289950796,2.397653859231554,6.0,28.351,0.00151090006475286,0.3843202989547354,0.9216232177507804,1.0762578949599424,0.07075379248167457,92.626458,852,943,0.9034994697773064,1954,2061,0.9480834546336729,3414,3600,0.9483333333333334,15628,17102,0.9138112501461817
878,6926.5085097739675,63.370403417319025,0.8346337234503685,0.16319895968790638,0.00021673168617251842,0,16.169619168216435,0.8530541349526485,0.8936445830459322,4614,19,22.97867758078459,2.925450976784953,2.013502986237341,5.0,8.415,0.0,0.23818499007980398,0.9315586914688904,1.0688345138441726,0.06501139498620608,61.482368,3182,3426,0.9287799182720373,3110,3201,0.971571383942518,2952,3121,0.9458506888817687,5279,5842,0.9036288942143101
879,4061.067595715027,103.81737749207811,0.5611728120835184,0.43598400710795204,0.0,0,9.516095029024967,0.846645378220888,0.6343225539034791,11255,31,21.363408993398934,3.6115093473768973,2.531348955034832,7.0,40.038,0.002216312056737589,0.35915285782778883,0.9204369937841401,1.0786070780399275,0.07279332145726361,99.73318,330,355,0.9295774647887324,1186,1240,0.9564516129032258,2470,2592,0.9529320987654321,20447,22358,0.9145272385723231
880,3773.8976611301036,67.93917350688683,0.6081536882240798,0.3881800850564599,0.0002932981375568265,0,8.762696153148969,0.8539345011537111,0.6706135852762162,6819,25,24.9237379000186,2.796585060728965,2.0892211237038825,5.699999999999818,21.203,0.0,0.2743127019569752,0.927131869982597,1.0728603603603604,0.06899074896775205,65.703394,2442,2589,0.9432213209733488,3184,3298,0.9654335961188599,3351,3573,0.9378673383711167,7538,8353,0.9024302645756016
881,5442.882446408352,74.0621504551158,0.6682325308279506,0.32927187316500295,0.0,0,11.114604739489057,0.8629046856516726,0.7193003928489633,6812,26,24.021622065470154,3.0438458014348195,2.1080843585237257,6.0,19.086,0.000293513354857646,0.25938162215651084,0.9379359503080291,1.0609937061863584,0.05798561151079137,71.91666,1720,1905,0.9028871391076115,3153,3314,0.9514182257091128,4038,4258,0.9483325504931893,9511,10164,0.9357536402990948
882,3385.9824744625203,110.19120862940997,0.5403946838501812,0.4563028594442207,0.0,0,11.649653136688766,0.8568988111906414,0.6110613176546369,12415,29,24.252794737454686,3.68689479164623,2.700998658518408,7.0,46.621,0.00425088225858197,0.42905643802632554,0.9332299816130079,1.0649929355504837,0.06122656197116361,105.750162,207,224,0.9241071428571429,901,944,0.9544491525423728,2005,2113,0.9488878371982963,22772,24456,0.9311416421328099
883,3818.5760814408295,52.553179612404136,0.6647998340593237,0.3316739265712508,0.0,0,14.081488535755645,0.8581049984346163,0.7549622108188219,4821,26,19.064497861663945,2.5918200262606,2.0343213728549143,6.0,12.933,0.0,0.18664111125047533,0.95824305692338,1.0415570752235666,0.04014368540458785,50.314112,3356,3520,0.9534090909090909,3609,3702,0.9748784440842788,3541,3681,0.9619668568323825,4089,4328,0.9447781885397413
884,5269.9898732654665,107.74112702875051,0.5892522948043847,0.40736119775421087,0.0,0,13.57695146524804,0.8580409603350204,0.6514320893895144,11221,29,20.576970658433925,3.445889395586458,2.311554748941319,6.0,37.388,0.002666429650697716,0.38597951525519886,0.9355018513357487,1.064828137490008,0.06115202033416813,104.57672,607,660,0.9196969696969697,1781,1866,0.9544480171489818,2909,3080,0.9444805194805195,18200,19511,0.9328071344369843
885,5119.582381626356,60.63169493216862,0.7111920275967804,0.2866998850134151,0.0,0,13.130675520530312,0.8565343987297721,0.775874647387141,5218,19,24.171697409358373,2.6659800745235853,2.020749124225276,6.0,12.972,0.00019160758766047136,0.27526725957738096,0.9424326833797586,1.0569679222680686,0.0545522949586155,58.417132,3521,3712,0.9485452586206896,3169,3265,0.9705972434915774,2813,2980,0.9439597315436241,4707,5121,0.9191564147627417
886,4957.062535217824,74.57788494983319,0.6436894566895971,0.3530815667555805,0.0,0,9.351466605031263,0.8646215414410025,0.6946827996209654,7123,28,18.657267811229367,3.028521765026658,2.002835332606325,5.0,20.268,0.00014037057832678272,0.2554709112474183,0.9324785020098713,1.0679869334422214,0.06356315814551866,72.267802,1841,1959,0.9397651863195507,3080,3223,0.9556313993174061,3685,3881,0.9494975521772739,9720,10590,0.9178470254957507
887,7484.848892154593,75.72394865550268,0.7777213475537498,0.21889283900457085,0.00016929067208396818,0,13.993722555815458,0.8787915510883916,0.8412570467087465,5907,23,21.762471144563307,2.996455960025998,1.8994340444057467,5.0,11.984,0.0,0.25767454443432786,0.932505152278452,1.0666436464088398,0.06317708891987557,73.382566,2645,2854,0.9267694463910301,2930,3049,0.9609708101016727,3047,3200,0.9521875,7667,8365,0.9165570830842797
888,5277.781790336561,106.84250034246098,0.5895448400180261,0.40703019378098243,9.013068949977468e-05,0,14.066377553360219,0.852538647249174,0.6398913807136649,11095,30,18.868262178664104,3.454348314465812,2.2068491056413393,6.0,36.095,0.0009904556095804069,0.36854333777987053,0.9326765188834154,1.0666117065127783,0.06268036476971026,103.575462,737,817,0.9020807833537332,2100,2191,0.9584664536741214,2999,3141,0.9547914676854505,16884,18211,0.9271319532150898
889,7290.94110911635,91.2051717361639,0.6928446771378709,0.3042882074295687,0.00037397157816005983,0,12.452839178483469,0.8584777117446568,0.7432103675669964,8022,27,22.010183154293664,3.2601015311173875,2.188017272400144,6.0,21.66,0.0001246416552411816,0.30615229668433475,0.9305720823798627,1.0691159586681975,0.06524064171122995,88.942844,1339,1430,0.9363636363636364,2630,2733,0.9623124771313575,3456,3597,0.9608006672226855,12908,14090,0.91611071682044
890,8221.55114661016,83.72165459558502,0.7727272727272727,0.22411198073449728,0.0006020469596628537,0,11.389291773849116,0.8621297309250822,0.8270249435157655,6644,16,21.533342498139056,3.1791472748402896,2.337943124269575,6.0,15.59,0.002701891323926749,0.41784891075196595,0.9164563226924028,1.0818091451292247,0.0764695127525368,81.953994,1775,1900,0.9342105263157895,2581,2685,0.9612662942271881,3381,3596,0.9402113459399333,10780,12024,0.896540252827678
891,2704.012758706698,120.64502823352929,0.5225212363480619,0.47433792561924476,0.0,0,14.040419851550778,0.8613142902051979,0.5890953684693094,14009,28,20.686434753840853,3.66972882124032,2.689890710382514,7.0,53.243,0.00729875283446712,0.49996026900360735,0.9400317139974053,1.0565805212222263,0.05348615090735435,116.461314,242,259,0.9343629343629344,918,975,0.9415384615384615,2127,2235,0.9516778523489933,22797,24279,0.938959594711479
892,6469.52354127882,81.81968625302565,0.6881779486475353,0.3085267060277358,0.0,0,15.221187808954657,0.8515118131293145,0.7480744029955713,7283,31,22.201497264149204,3.325660020032173,2.193335993615323,6.0,19.575,0.0,0.23712987554827164,0.9341281254348935,1.0649544016378187,0.06086085213906073,79.174024,1316,1417,0.9287226534932957,2830,2958,0.9567275185936444,3969,4167,0.9524838012958964,12022,13015,0.923703419131771
893,5428.612436169005,49.25072064024602,0.8336557059961315,0.16275214147554573,0.0,0,16.38211462232636,0.8713479066134855,0.9089766343768859,3619,17,26.381549144188305,2.70209822021447,2.384487901889294,7.0,7.385,0.0,0.21259667340111513,0.9485160508782556,1.05,0.04768313785810421,47.698678,3006,3237,0.9286376274328082,3803,3936,0.9662093495934959,3552,3730,0.9522788203753351,3733,3956,0.9436299292214358
894,8026.7007059943735,99.71903670886203,0.6965055593374178,0.3021329702745632,0.0002269117313365101,0,17.792632289989143,0.8616802541386981,0.7597175029637446,8814,27,25.507256564890696,3.3917960209367686,2.1039257208014335,6.0,23.072,0.0013596193065941536,0.3223902675500005,0.9292525376807136,1.0733868124118477,0.06890061781432838,96.971776,1048,1142,0.9176882661996497,2364,2496,0.9471153846153846,3298,3516,0.9379977246871445,14437,15603,0.925270781260014
895,8475.646663477512,94.25675209805998,0.7335706114147705,0.26439557645862466,0.0,0,14.786702744615832,0.8650580968161395,0.8198991063122364,7867,20,21.796909032168458,3.487768360587144,2.267891180038122,7.0,19.587,0.0012695188523549575,0.3907846165353923,0.9461151814619185,1.0537271328432212,0.051052993249525044,90.908472,942,1011,0.9317507418397626,2400,2513,0.955033824114604,3834,4032,0.9508928571428571,15035,15920,0.9444095477386935
896,6718.214953779778,66.36065728062589,0.7888694298501654,0.20801712395407668,0.0003891807744697412,0,21.70724403139452,0.873124776976639,0.856768898554759,5139,18,22.867204127484587,3.0151455319918057,2.0384805130735075,6.0,10.518,0.0001945525291828794,0.28147404277228943,0.941777566539924,1.0593174915133108,0.056449352542182855,64.233494,2813,2984,0.9426943699731903,3322,3423,0.9704937189599766,3066,3234,0.948051948051948,6651,7191,0.9249061326658323
897,2909.203746094379,52.588230837588895,0.6072174738841406,0.3895536562203229,0.0001899335232668566,0,12.453295549783572,0.8480042749968351,0.6920408114648362,5265,29,22.955144197914226,2.686447635801058,1.9768532999687207,6.0,16.054,0.0,0.18312397967047167,0.9214870395634379,1.079075509224333,0.07431963124329102,49.902972,3336,3568,0.9349775784753364,3473,3589,0.967679019225411,2780,2985,0.931323283082077,3920,4518,0.8676405489154493
898,5694.972949641958,74.6097723240644,0.6787833827893175,0.3188427299703264,0.0,0,12.897698100329539,0.8444916023334404,0.737102676280387,6740,27,24.323829335772935,3.1048122253749404,2.097486338797814,6.0,18.304,0.0001483459427384661,0.253312882369217,0.9383409205867476,1.0617459190915544,0.058257514409565093,72.195878,1803,1921,0.9385736595523165,3196,3329,0.9600480624812255,3922,4121,0.9517107498180053,9630,10399,0.9260505817867103
899,3857.920325920797,86.40599951002923,0.5743838028169014,0.422425176056338,0.00011003521126760564,0,14.575925113096273,0.8484457598779063,0.6580999532834759,9088,21,21.343833808477783,3.147926143011856,2.645977011494253,7.0,32.064,0.003399495558723544,0.4249307062368095,0.8957797095818562,1.1031063788219204,0.09358630100805564,82.860996,1451,1553,0.9343206696716033,2945,3059,0.9627329192546584,3297,3473,0.9493233515692485,10752,12506,0.8597473212857828
900,4734.54393089495,57.73192123784802,0.7038376532047418,0.2939521800281294,0.0006027727546714888,0,13.256822273461458,0.849919667402892,0.7599184784641869,4977,27,23.277144614930027,2.7580899260360177,1.769626034827291,4.0,11.901,0.0,0.18483786312832914,0.9433450261433582,1.0555149744338934,0.05373583014968372,55.636188,3507,3698,0.9483504597079503,3079,3196,0.9633917396745932,2814,2985,0.942713567839196,4853,5230,0.9279158699808795
901,4194.993950940285,87.34030584696276,0.5859580052493438,0.4097769028871391,0.0,0,12.573934009576604,0.8596290942476038,0.6339254316847323,9144,30,23.668268381040917,3.1497358215930076,2.0218365061590147,5.0,29.502,0.00043725404459991256,0.31067372646996894,0.9332036316472114,1.0654983265154332,0.061758442348646185,84.841988,1325,1448,0.9150552486187845,2673,2806,0.9526015680684248,3804,4029,0.9441548771407298,12344,13305,0.927771514468245
902,3670.6856051124046,117.83898380498577,0.5444486547934824,0.4529746115953012,0.0,0,12.663542082893528,0.8662384177097645,0.591364140414643,13195,28,20.245929787535605,3.417894287770424,2.376531180400891,6.0,47.202,0.006998795906080674,0.47229216800295004,0.934253215025603,1.0639082986574546,0.06003600690744755,114.282854,554,607,0.9126853377265239,1748,1819,0.9609675645959318,2681,2781,0.9640417116145271,18918,20376,0.9284452296819788
903,5264.321951300089,49.759972782031646,0.8154380341880342,0.18002136752136752,0.002136752136752137,0,14.975226474367421,0.8674069538010858,0.8552574438289096,3744,16,21.573494639347544,2.5185906791570956,1.6098919095971176,4.0,6.159,0.0,0.23593745375624564,0.956741276659884,1.0408997955010224,0.044295592048401035,48.594948,4019,4299,0.934868574086997,2833,2939,0.9639333106498809,2709,2796,0.9688841201716738,3134,3235,0.9687789799072642
904,5331.954652180338,55.5490100517826,0.7625835189309577,0.2358574610244989,0.0,0,20.145298039606164,0.8615905904705307,0.8480393353311391,4490,16,21.137699229180445,2.641193417618961,1.9246495327102804,6.0,9.597,0.00022266755733689602,0.27815224073772427,0.9521760255431387,1.0461988711588042,0.044438548782914374,53.424564,3592,3878,0.926250644662197,3321,3455,0.9612156295224312,2863,2976,0.9620295698924731,3942,4098,0.9619326500732065
905,7582.597294030569,93.0472779757179,0.6969142578363215,0.2996706915477497,0.0,0,13.033119996404013,0.8540545641250907,0.7571694043773032,8199,29,22.740842031003318,3.5217553179334766,2.3137906895344766,6.0,22.599,0.0,0.2854151219755697,0.9247972474809536,1.0744667735174454,0.0692691853150852,90.232808,718,774,0.9276485788113695,1812,1928,0.9398340248962656,3269,3471,0.9418035148372227,16779,18241,0.9198508853681268
906,6331.415428569124,79.11141767858473,0.6871742906774754,0.3084829183555298,0.0,0,8.120420998277496,0.8294647022248367,0.8271830253478948,6908,17,24.72118502554629,3.5514504872664543,3.093743416894881,8.0,22.134,0.0021666907410082333,0.4088523779027107,0.8878675688327163,1.1096970476068047,0.09848077955957953,75.032442,620,676,0.9171597633136095,2062,2175,0.9480459770114943,3725,3987,0.9342864309004264,14457,16661,0.8677150231078566
907,3765.5025844623415,38.29223586062714,0.77834008097166,0.21896086369770582,0.0006747638326585695,0,11.479838183902007,0.849936317051557,0.8460485218709803,2964,19,22.31531432614127,2.2436584758061926,1.7199826614651061,4.0,5.829,0.0,0.15871569497904964,0.936187255250979,1.0620141184880707,0.059434120207600874,36.562332,4766,5048,0.944136291600634,2568,2722,0.9434239529757531,1900,2069,0.9183180280328661,1285,1397,0.9198282032927703
908,6756.800373724818,84.83187642875572,0.6885729613733905,0.30874463519313305,0.00013412017167381974,0,10.737360391696772,0.846291966757589,0.798836752231171,7456,19,24.74197480085743,3.5128357324401303,2.698675496688742,7.0,22.101,0.00174052751372339,0.4036165872300921,0.9156907653083272,1.0821291782729805,0.07661306412353856,80.837548,771,841,0.9167657550535078,2341,2485,0.9420523138832998,4254,4488,0.9478609625668449,13824,15327,0.901937756899589
909,4130.993742072302,83.85074035721941,0.5878409616273694,0.4083448913546001,0.0002311604253351826,0,9.63376546332576,0.8451320730691777,0.630397298264172,8652,27,22.960663762705355,3.225207096583477,2.256586708611876,6.0,28.579,0.00011556685542586386,0.3226970029120366,0.939251124178485,1.0594235610730098,0.0565776055476239,81.339346,1021,1101,0.927338782924614,2377,2484,0.9569243156199678,3844,3989,0.9636500376034094,14481,15554,0.931014530024431
910,5132.894041518585,62.903869659929626,0.6989266872839731,0.2987083863925778,0.00036383481899217757,0,9.481850631773671,0.8635284519697545,0.7864294818307835,5497,24,22.17479358451153,3.0270387352558785,2.1915668922436233,6.0,14.758,0.0,0.22669639428199498,0.9529219925306401,1.0447658765770997,0.043567942848518386,60.498366,1926,2099,0.9175797999047165,3450,3621,0.9527754763877382,4517,4696,0.9618824531516184,8223,8595,0.9567190226876091
911,5581.744895439977,115.22532054494545,0.5865968238130872,0.409412155982373,8.314625426124553e-05,0,11.603607676025776,0.8538175740844245,0.6570257447645872,12027,30,23.88809715854605,3.6145030021915914,2.4293408929836997,7.0,40.462,0.002488181139586962,0.4052523787731981,0.9245532011160545,1.073726084485698,0.06868459863754477,111.40119,347,377,0.9204244031830239,1264,1339,0.9439880507841673,2404,2534,0.9486977111286503,20506,22272,0.9207076149425287
912,6053.954500006074,80.97863932123771,0.671775396717754,0.3246982232469822,0.0,0,12.23032437396784,0.8513430710481914,0.754109767545845,7373,16,23.366223390174213,3.300441077734818,2.6624268120331114,7.0,22.553,0.00405241118465487,0.4618097741230335,0.9472557905337362,1.0508046170696772,0.04843282092233979,78.264932,872,945,0.9227513227513228,2202,2306,0.9549002601908065,4286,4490,0.9545657015590201,15215,16091,0.9455596296066124
913,4035.843155671167,42.212933385101685,0.7633153800119689,0.23219628964691802,0.002094554159186116,0,11.153853237882652,0.8594924012146578,0.8185229808588057,3342,18,21.0701255153361,2.3855803290126967,1.9901999215993729,6.0,7.367,0.0,0.19030385610745318,0.9265474784955304,1.0736227468900736,0.0720713670866265,40.557454,4657,4884,0.9535217035217035,2707,2828,0.9572135785007072,1847,2057,0.8979095770539621,1776,2089,0.8501675442795597
914,6160.422273365837,52.84708442757066,0.874966604328079,0.12156024579214533,0.0018701576275714667,0,11.63235176860965,0.8512908280451665,0.9059122064787962,3743,18,21.392160934826826,2.736863149781651,1.7490076335877862,4.0,5.199,0.0,0.2032278774954748,0.9178261203781997,1.0807448616906197,0.07789906436064645,51.808762,3735,3993,0.9353869271224643,2329,2475,0.941010101010101,2406,2648,0.9086102719033232,3470,3893,0.891343436938094
915,5848.899913532553,56.75244042337986,0.7985644825191016,0.19819402639499883,0.0009261403102570039,0,11.953688960897813,0.8508283467014486,0.8550130304950438,4319,16,25.08051937282829,2.7676635035885706,2.0289939112786315,5.0,8.773,0.0,0.2747949260504419,0.9150492468134415,1.0826175571407775,0.07811456803311524,55.105852,3692,3959,0.9325587269512503,2488,2607,0.9543536632144227,2304,2515,0.91610337972167,4151,4727,0.8781468161624709
916,6633.719170032089,103.13010589455159,0.6341685188927056,0.36269953525964843,0.0,0,10.713190062108373,0.8706002724600814,0.7188685661761736,9898,27,21.95096214524909,3.7221060153140226,2.4715628484945036,7.0,31.092,0.0010092854259184498,0.36887628570888115,0.9436421535954973,1.0558156819026385,0.052886301465946556,98.782176,346,375,0.9226666666666666,1234,1271,0.970889063729347,2782,2875,0.9676521739130435,21122,22485,0.9393818100956193
917,8010.697920216833,74.0600682868645,0.8229690869877786,0.17415528396836807,0.0003594536304816679,0,12.461550592921562,0.8546166937993335,0.9074468884850619,5564,26,20.694200460070874,3.290840188136904,2.185848438523695,6.0,11.119,0.0,0.21907352746225472,0.9317859314818568,1.0691494766791994,0.06532139642840225,71.75521,1767,1917,0.9217527386541471,3101,3191,0.9717956753368849,3961,4156,0.9530798845043311,9557,10468,0.9129728696981276
918,6216.189050873502,103.45831439195207,0.6203219117211415,0.3762219808432902,0.0,0,14.736195211288868,0.8418818689115668,0.6875592743039054,10127,31,20.36175024496629,3.58938490498526,2.3490926456542502,6.0,31.835,0.0005921247409454259,0.3234768513225862,0.9175635626267353,1.080285110049346,0.07419040398570345,99.330474,420,462,0.9090909090909091,1533,1609,0.9527656929770043,2988,3160,0.9455696202531646,18589,20413,0.910645177093029
919,5446.542693467676,99.19364255383033,0.6032925115438666,0.393394900622365,0.0001003814495081309,0,13.074644790971208,0.852452982653913,0.6928919602680639,9962,29,22.097943057492444,3.7857704438643447,2.731613976705491,7.0,34.122,0.0014033680834001604,0.3372804756728165,0.915820348304308,1.08221247742934,0.07636302065695902,94.455786,178,194,0.9175257731958762,902,950,0.9494736842105264,2194,2335,0.9396145610278372,21705,23796,0.9121280887544125
920,7205.775637141463,92.64892389850081,0.6815494147459877,0.3153131410643176,0.0,0,12.828214661365356,0.8466544792432786,0.7612852554647639,8287,30,21.457758550284858,3.6592920192553295,2.4341359773371103,7.0,23.612,0.0,0.27685417524994027,0.9324520516543134,1.0661169702780442,0.06209911491740423,89.055478,386,431,0.8955916473317865,1373,1450,0.9468965517241379,3206,3365,0.9527488855869242,19441,20928,0.9289468654434251
921,4318.41354819562,74.98284618423217,0.6139121056888649,0.3827177136694527,0.0,0,14.662410686633464,0.8511957452112272,0.673794506849967,7418,23,24.658914828679876,3.0317281006010743,2.173034694773825,6.0,23.118,0.0016150740242261105,0.3227632546039616,0.9007862837173747,1.099539069359087,0.09084590945194598,72.159564,1985,2165,0.9168591224018475,3190,3381,0.9435078379177758,3463,3699,0.936198972695323,7859,9069,0.8665784540743191
922,1759.7546558283216,58.06787263997019,0.5365668237798389,0.4590238710658355,0.0,0,12.360622799742316,0.8727062930347188,0.6408805754138641,6577,17,19.457814869832788,2.929408448944154,2.82913006517427,8.0,24.956,0.0012148823082763858,0.39717799091965256,0.9516203348180003,1.046780322481257,0.04484107579462103,54.881746,1660,1787,0.9289311695579183,4010,4121,0.9730647900994904,4852,5023,0.9659565996416484,8066,8602,0.9376889095559172
923,3543.051259367612,70.86821567285499,0.5926943147486954,0.40483383685800606,0.0,0,13.4337082100571,0.8670312357357699,0.6650413511416019,7282,30,23.681359190210877,2.9973949887016587,1.948100092678406,5.0,22.919,0.0002745744096650192,0.25158339955833176,0.9348238768192364,1.0659689184903267,0.06193114364859517,68.305968,2010,2135,0.9414519906323185,3292,3426,0.960887332165791,3797,4010,0.9468827930174564,8629,9393,0.918662834025338
924,4715.0546095152,56.59622110588445,0.7067073170731707,0.2910569105691057,0.0,0,11.820315736437472,0.8780858796660946,0.778232120802587,4920,31,19.72458849127424,2.7570867615630448,1.9657750934713834,6.0,12.288,0.0,0.15927189517271173,0.9603960396039604,1.0377241422100887,0.03637447823494335,54.296368,2995,3168,0.9453914141414141,3808,3901,0.9761599589848756,3733,3848,0.9701143451143451,4984,5243,0.9506008010680908
925,1987.716702090001,50.806275246918396,0.5635049683830171,0.43233965672990066,0.0007226738934056008,0,8.893012178633121,0.8938035575568668,0.6017788274920726,5535,22,21.184423147593932,2.4294898361518427,1.83135620391151,5.0,17.902,0.0007221520129987362,0.25657721024932384,0.9603685997367145,1.0367974401780746,0.03754334489197119,49.546608,3588,3888,0.9228395061728395,3277,3352,0.9776252983293556,3322,3410,0.9741935483870968,3674,3783,0.9711868887126619
926,6710.733849679441,95.03506450791325,0.6567534076827757,0.34065562690098006,0.0,0,12.317595008857294,0.8922609118336248,0.7181627676812286,8877,27,20.18368841973144,3.5722321020293997,2.36483704974271,6.0,26.711,0.00011263798152737103,0.3339246298741362,0.965183467667734,1.0333886736764435,0.032544062666904044,92.210034,423,458,0.9235807860262009,1395,1444,0.9660664819944599,2833,2907,0.9745442036463708,21574,22362,0.9647616492263662
927,4853.048034178734,68.41761039477555,0.6586864073082375,0.33706095448102064,0.0,0,6.747855183229724,0.8853577273234063,0.7194977233387533,6349,23,24.09018506103645,3.077062715153994,1.9980870396939263,5.0,17.369,0.00015748031496062991,0.27722637341445694,0.9594659726238673,1.0393152473523866,0.03837597330367074,66.408184,1642,1784,0.9204035874439462,2971,3059,0.9712324288983328,4377,4542,0.9636723910171731,10917,11363,0.9607498019889114
928,7370.409908794438,83.51699185324587,0.7281802624073017,0.26982316029663433,0.0001426126640045636,0,8.46846360197784,0.859412167002897,0.7834831369634355,7012,21,26.41295732858466,3.2938129424813707,2.27144535840188,6.0,17.926,0.0014240956992309882,0.3355855731577605,0.9340069332882388,1.0653500593320901,0.06168431909238764,81.793932,1004,1087,0.9236430542778289,1911,2008,0.9516932270916335,3215,3392,0.9478183962264151,15963,17167,0.929865439506029
929,6957.778450848387,61.55568342161747,0.8538617428507093,0.14366133753659086,0.00045034902049088043,0,11.502150230683446,0.8509481776189695,0.9128217427463166,4441,16,22.638155373820226,2.9873871381837858,1.9546413502109705,5.0,7.256,0.0,0.27815991002490403,0.9317159187644412,1.069934760075605,0.06625787770396865,59.871586,2795,3035,0.9209225700164745,2934,3077,0.9535261618459538,3299,3512,0.9393507972665148,6295,6822,0.9227499267077104
930,8232.488673037398,91.77117641007177,0.7364573815428795,0.26080146195013704,0.00013053126223730585,0,13.07026590753489,0.8734726360739984,0.7736270205489375,7661,16,19.179142909980232,3.2030140402366607,1.9610067352002836,5.0,18.004,0.0036415658733255298,0.47467479955938674,0.966237066618261,1.0320614852880985,0.031767652357309197,90.186566,1874,1972,0.9503042596348884,1862,1925,0.9672727272727273,2818,2929,0.9621031068624104,14738,15210,0.9689677843523997
931,2292.5105534769027,125.72881076134372,0.5154830581526424,0.4810025860354088,0.0,0,12.458195206602088,0.872018100204655,0.5506918580349067,15081,32,20.611758684336948,3.479377126242244,2.4214046822742477,6.0,56.491,0.005407900811185122,0.4759638836815221,0.9669346063392888,1.031931354620903,0.031019353083228462,123.208672,294,312,0.9423076923076923,908,925,0.9816216216216216,1877,1926,0.9745586708203531,24468,25326,0.9661217720919213
932,2724.3685408382507,41.383109724853746,0.6438775510204081,0.3510204081632653,0.0033163265306122448,0,11.642832675917834,0.8682182999382884,0.7023650035022921,3920,21,22.44897114236322,2.278775775396982,1.537242472266244,3.0,10.141,0.0,0.1896253558893784,0.9533416355334163,1.041948692236985,0.045638222010934155,40.131676,4231,4506,0.9389702618730581,2809,2909,0.9656239257476796,2306,2412,0.9560530679933665,2137,2218,0.9634806131650135
933,5079.712913641989,84.27581206654887,0.6221203714871547,0.37402002171028825,0.0,0,15.552227543873265,0.8569792260256192,0.6999564109608676,8291,24,21.991496122614777,3.2198987418511344,2.154517254749903,6.0,25.207,0.0014452607491268216,0.35354232691997134,0.9456463869125405,1.0528105718311227,0.0505491475575571,80.820602,1580,1737,0.9096142774899252,3179,3307,0.9612942243725431,3505,3658,0.9581738655002734,11274,11959,0.9427209632912451
934,7496.643078061256,101.04496686509253,0.671180931744312,0.32751895991332614,0.0,0,16.20579138649716,0.8493372920152146,0.7436333065056755,9230,30,22.063947748097398,3.480531894684489,2.190314769975787,7.0,26.035,0.00043318171973142733,0.31333002922670383,0.9310417456506171,1.0668667314763938,0.0625888485231401,97.210986,833,906,0.9194260485651214,2292,2384,0.9614093959731543,3610,3776,0.9560381355932204,15367,16673,0.9216697654891142
935,6531.826442726931,121.38397526972503,0.6017330172484264,0.3943431701136271,0.0,0,15.26664617276355,0.8354528525388972,0.6771766024283942,12233,26,23.533908764003236,3.6347777288796297,2.6565684010324686,7.0,41.658,0.005447154471544716,0.4689723179071591,0.9008957931738293,1.095272533495737,0.08655572434746582,117.055356,247,263,0.9391634980988594,1071,1151,0.9304952215464813,2273,2459,0.9243594957299716,20244,22584,0.8963868225292242
936,7323.295657383274,101.67494371502269,0.6635354397950469,0.33486336464560207,0.0,0,18.22748288883858,0.8526963396506999,0.7541899719091338,9368,23,24.277547275223625,3.573345912316472,2.3511904761904763,7.0,27.508,0.003616251861306105,0.41121475358423687,0.9525998731769182,1.044919232911594,0.04326394418534107,97.405336,600,664,0.9036144578313253,2044,2138,0.9560336763330215,3531,3678,0.9600326264274062,17861,18752,0.9524850682593856
937,5763.3247650096455,46.35502983888019,0.9298531810766721,0.06884176182707993,0.0,0,18.06771031406033,0.8564282351376432,0.9730592187503606,3065,18,21.48057801464531,2.581020352232617,1.6926315789473685,5.0,3.055,0.0,0.17195901402703803,0.9636481661798117,1.0361034314522686,0.03552981687275004,45.205884,3768,3982,0.946258161727775,3122,3238,0.9641754169240272,2424,2479,0.9778136345300524,2562,2625,0.976
938,7093.929732734384,72.96890428360582,0.7686401637945743,0.22948302337485071,0.0,0,14.525974146699514,0.8556168325745063,0.8124329597509976,5861,20,20.021415127354537,3.1318951763264637,2.04173140954495,5.0,12.922,0.0,0.29294240169272867,0.9271395135850209,1.0724415875931028,0.06764705882352941,71.66653,1973,2083,0.9471915506481037,2576,2735,0.9418647166361974,3621,3895,0.9296534017971758,10052,10941,0.9187460012795905
939,2597.9963918725425,39.13765728183497,0.6432256312788488,0.35215856638609827,0.0021721422753190334,0,22.5010479918571,0.8477430121448155,0.7167887443445238,3683,16,22.762308205862652,2.1926976613056035,2.00590966652596,6.0,10.554,0.0,0.22942294631539562,0.9368802276450806,1.058992180712424,0.06097165991902834,37.39317,4534,4844,0.9360033030553262,3002,3132,0.958492975734355,1801,1926,0.935098650051921,1528,1695,0.9014749262536873
940,5056.510835997211,47.288782875438116,0.8255110855168443,0.1724733659660236,0.0014396775122372588,0,26.470712989326515,0.8390773067414049,0.8594325805575216,3473,22,23.23952869136255,2.4990861589503495,1.768747820020928,4.0,5.948,0.0,0.15861986653831092,0.9355921617612616,1.0635144671841918,0.06209269971443216,46.072208,3824,4104,0.9317738791423001,3066,3229,0.9495199752245277,2477,2645,0.9364839319470699,2617,2831,0.924408336276934
941,4602.53668213589,92.16466359556165,0.589501312335958,0.40545931758530185,0.0,0,11.23851518958396,0.8499100621083242,0.6564062015486097,9525,28,20.65404698033534,3.5786084818489585,2.3677649154051648,6.300000000000182,31.289,0.001153523489932886,0.3417989211679424,0.9504454976303317,1.0479650057055916,0.04569795209494175,88.649754,424,460,0.9217391304347826,1574,1651,0.9533615990308903,3186,3330,0.9567567567567568,19884,20934,0.9498423617082259
942,4017.6296716674237,38.4532629576165,0.8086592178770949,0.18889664804469275,0.0006983240223463687,0,9.346105489310958,0.8379328135298972,0.8878022603304843,2864,19,22.29676748368196,2.3203477312459304,2.01727115716753,6.0,5.638,0.0,0.1541653634572708,0.9337770109276148,1.0664191419141915,0.06369720747749827,36.690776,4074,4438,0.917981072555205,3275,3444,0.9509291521486644,2349,2492,0.9426163723916533,1667,1797,0.9276572064552031
943,6378.495684477166,78.54409052341747,0.6978605734245379,0.2999563382331538,0.00014553922282055013,0,15.939510546691453,0.8512839943211082,0.768224244516429,6871,26,21.906669869436126,3.1910634826135,2.123879040667362,6.0,17.88,0.0005818181818181818,0.2649756515188794,0.9359072963133876,1.0634430197229519,0.060005783689994215,75.330162,1789,1944,0.9202674897119342,3480,3596,0.967741935483871,3821,3987,0.9583646852269877,9163,9976,0.918504410585405
944,5193.124250143099,81.59286160344709,0.6368038740920097,0.36064738116477635,0.00012743723716069835,0,13.430744180103623,0.8543489913743487,0.6991954883354298,7847,16,23.651595321502256,3.134519881365746,2.381028617170302,6.0,24.448,0.007337128399746996,0.49401511424278877,0.9515220399288397,1.0468471148126115,0.045111362778406945,78.914598,1793,1925,0.9314285714285714,3163,3268,0.9678702570379437,3821,3951,0.9670969374841812,10478,11092,0.9446447890371439
945,3584.099461686584,75.57450066954954,0.5865711052433044,0.40990821073808625,0.0,0,10.53616289294707,0.8440107207587193,0.6325681031428078,7953,24,24.1455874173736,2.9166078750173567,1.9234726688102894,5.0,25.157,0.0017572486506840718,0.3311689674248318,0.9417045094518957,1.0580078331745528,0.05494286142023055,73.519808,2193,2343,0.9359795134443022,3106,3204,0.9694132334581773,3444,3588,0.959866220735786,9091,9803,0.927369172702234
946,5005.52045093847,58.36954714805727,0.7181436287257451,0.27845569113822766,0.0010002000400080016,0,14.330455990949178,0.8594159199466171,0.7608321278204454,4999,18,22.972858641635018,2.7295409465386613,1.8721448467966575,5.0,11.88,0.0005997600959616154,0.28313831676195883,0.9182442855139532,1.0819199099162502,0.07850358596627253,56.712418,3753,3967,0.9460549533652635,2634,2775,0.9491891891891892,2311,2540,0.9098425196850394,4398,4980,0.8831325301204819
947,4831.99632241375,90.42012226442144,0.6005190872715476,0.3962366172812804,0.00010814318157240186,0,8.872204993941008,0.8524124473019601,0.6629871035269884,9247,24,25.397998077935497,3.4898647924384325,2.6866558616963805,7.0,31.735,0.0011881615899762368,0.3851343756736121,0.8907141692483287,1.108516652328868,0.09788924027358976,87.481652,569,611,0.9312602291325696,1570,1647,0.9532483302975107,2741,2960,0.9260135135135135,16971,19314,0.8786890338614477
948,7481.548312611876,92.64070396883038,0.6932447397563677,0.3034330011074197,0.0,0,8.36325441582726,0.8575717478025535,0.801202436054018,8127,18,18.59334769150975,3.4649997054322075,2.800141995030174,7.0,24.247,0.0041661561083200585,0.4600633628888732,0.8972473208657281,1.0985134047689635,0.08925632487465074,89.162614,740,808,0.9158415841584159,1807,1931,0.9357845675815639,3117,3331,0.935755028519964,15686,17725,0.8849647390691114
949,4657.56190564189,94.54407908859602,0.5859008365639665,0.40879412364823503,0.0,0,11.036508807485955,0.8381498076651078,0.6504359927590408,9802,29,19.72613103832375,3.6145042483502827,2.6494863311857912,6.0,34.157,0.0014262428687856561,0.34409190930708344,0.8954723954723954,1.101433552886478,0.09194518249195917,90.39689,281,299,0.939799331103679,1156,1227,0.9421352893235534,2799,2995,0.9345575959933222,19023,21453,0.8867291287931758
950,5752.639257423667,93.52386995594615,0.623402379903041,0.373292199206699,0.0,0,11.898311664187917,0.8318609743533076,0.7062728764986067,9076,21,22.06808277997685,3.4612518587721346,2.8554259455638036,7.0,30.707,0.002746950884518185,0.4320810141950373,0.8883443600424733,1.1095574930087186,0.09845360824742268,90.048666,559,613,0.9119086460032626,1488,1577,0.9435637285986049,2939,3137,0.9368823716927001,16766,19159,0.8750978652330498
951,1827.7567886517154,70.20853724097007,0.5264273248566442,0.4700822737471952,0.0,0,7.750697188861785,0.8484793857435768,0.6237183971061991,8022,19,23.98043595348415,3.22649368386651,2.8257163154155815,7.0,30.866,0.003106747856343979,0.415966142179208,0.9226089290507292,1.0754861361181132,0.07040379257287811,66.630822,1017,1084,0.9381918819188192,2643,2748,0.9617903930131004,4307,4540,0.9486784140969163,12657,13982,0.9052353025318266
952,4495.205632658021,103.72470058293865,0.5722272317403065,0.424165915238954,0.0,0,14.050921378021048,0.8531066724575201,0.6315171885758215,11090,28,21.2753256516213,3.386939652800593,2.3811849984242044,7.0,37.835,0.0018001800180018,0.39210560789626314,0.9266940364836839,1.072497025327214,0.0677110050112457,100.21143,826,917,0.9007633587786259,2255,2354,0.9579439252336449,3421,3585,0.9542538354253836,15393,16771,0.9178343569256454
953,5864.037540147957,102.94344163890865,0.6111919309475318,0.3855106197265057,0.0,0,12.281310497145126,0.8590388175037261,0.6783334430811645,10311,32,20.252606815257423,3.627516489650512,2.3548079974611236,6.0,33.365,0.0003877847794474067,0.32256124646567597,0.9329640947288006,1.0647029494112683,0.060874556085662015,99.066922,428,458,0.9344978165938864,1503,1566,0.9597701149425287,2796,2915,0.9591766723842196,19698,21241,0.9273574690457135
954,5475.25140684119,113.56022180708777,0.586419232391396,0.41003795866722903,0.0,0,11.53241713759703,0.8399641047528945,0.633631317895593,11855,32,19.32866129497735,3.589004798606671,2.226553509781358,6.0,38.976,0.001179543348218047,0.37028302387202616,0.9314919276405369,1.0667707926591175,0.06268232205367562,109.99388,480,521,0.9213051823416507,1629,1719,0.9476439790575916,2919,3096,0.9428294573643411,18916,20369,0.9286661102655996
955,6345.941109735939,91.32941858199413,0.6551361458455066,0.34299403996727823,0.0001168633867009466,0,11.48778994800908,0.8513843764876384,0.7091231190187856,8557,31,22.771832118063806,3.437038191305608,2.0872279700321084,6.0,24.383,0.00011684973124561814,0.276122518682604,0.9455116288676829,1.0526054179438322,0.05044522025654101,88.646672,801,858,0.9335664335664335,2336,2430,0.9613168724279836,3584,3739,0.9585450655255416,16167,17180,0.9410360884749709
956,2203.4505525586756,110.20850041072075,0.5158596383695986,0.4800796812749004,7.661661048115231e-05,0,9.037116756261485,0.8428260316880173,0.5902560156532202,13052,30,25.490985953948794,3.6762696410994695,2.862616961235705,7.0,50.975,0.004879536444037816,0.4426257493956197,0.9452871639292814,1.0527770972596506,0.05021031364885901,106.627602,148,161,0.9192546583850931,632,651,0.9708141321044547,1703,1783,0.9551318003365115,24625,26082,0.9441377195000383
957,3631.448146083462,72.94325228188828,0.5938086303939962,0.40351112302331815,0.0006700616456714018,0,12.253563323100261,0.8811479981979249,0.6212531863940035,7462,29,22.752018723756827,2.721228385605852,1.5398329948092981,3.0,21.597,0.0002679528403001072,0.2542394297409616,0.9693552738063124,1.0289298653544585,0.02988589971736627,71.116194,2620,2769,0.9461899602744673,2844,2909,0.9776555517359917,3463,3548,0.9760428410372041,9040,9309,0.9711032334300139
958,5165.462701093906,88.35721958253282,0.6194659972615244,0.37802373345504336,0.0,0,8.59177358201649,0.8648517304491912,0.6533081796940529,8764,21,22.182819218367996,3.0718971135193596,2.0110517590716523,5.0,26.104,0.002503983610289096,0.4245632476115493,0.9641044234952865,1.0351968754257685,0.03401777505363163,86.526974,1685,1774,0.9498308906426156,2391,2439,0.980319803198032,3260,3357,0.9711051534107834,13936,14494,0.9615013108872636
959,3493.269010081224,88.61928982479662,0.5657840722495895,0.43123973727422005,0.0,0,13.003790801080001,0.858615054884461,0.6060945758157924,9744,29,21.78959657700685,2.9457059322735946,1.7986577181208054,4.0,31.224,0.0006153846153846154,0.33777280841355956,0.9494800863252894,1.051352680767339,0.04888971823101325,86.748532,1978,2127,0.9299482839680301,2588,2663,0.9718362748779572,3032,3142,0.9649904519414386,11760,12456,0.9441233140655106
960,4856.031983718611,59.55950695576031,0.7023718439173681,0.2953328232593726,0.0007651109410864575,0,11.594602096737338,0.8750486692307468,0.7449050157436109,5228,27,24.115876374909966,2.71563672504503,1.619281045751634,4.0,12.104,0.0,0.19410141912353646,0.9524916943521595,1.0481614708233413,0.048251438689685705,58.058298,3467,3723,0.9312382487241472,3069,3187,0.9629745842485096,2947,3048,0.9668635170603674,4852,5092,0.9528672427336999
961,3743.9447561307043,113.38765409496534,0.5474833808167141,0.4489553656220323,0.0,0,11.581431359276149,0.85311263806529,0.5974945913828852,12636,29,22.246381049019323,3.3199275281629292,2.141514888696155,5.0,43.902,0.003312825366777094,0.4335603246832461,0.9338885996876627,1.0636491651579159,0.0599638635850335,110.516296,743,792,0.9381313131313131,1645,1736,0.9475806451612904,2536,2747,0.9231889333818711,18398,19698,0.9340034521271195
962,3102.193267757462,64.02500957831846,0.5886877828054299,0.408446455505279,0.0,0,11.97764131709721,0.8832879426141017,0.6458946030591798,6630,17,23.366865604491153,2.651824597836077,1.865231872918268,5.0,20.55,0.002107164358819988,0.39313145255779747,0.9578844270323212,1.0438998820600183,0.04239354717688989,62.05011,3665,3896,0.9407084188911704,2712,2784,0.9741379310344828,2609,2692,0.9691679049034175,5684,5943,0.9564193168433451
963,5449.080459000878,99.38965611175136,0.6073955945380245,0.38951460181401376,0.0,0,11.828162844220811,0.8701821309202415,0.6586879369061176,10033,21,19.233508200301102,3.3152344581404396,2.359862159501149,6.0,32.746,0.004860146796270581,0.47729557011700274,0.9371163773830332,1.0621658026858238,0.05851511672407195,97.17394,889,935,0.9508021390374332,1594,1686,0.9454329774614472,2559,2771,0.923493323709852,18012,19209,0.9376854599406528
964,4676.934455126429,52.46291707147747,0.7326191018919535,0.2646455436516982,0.00045589240939138365,0,12.704646321885175,0.8804787384408901,0.8001994173214443,4387,19,18.033742115135738,2.590305285504469,1.8864343497199751,6.0,9.979,0.0,0.23093478127276432,0.9379198517488997,1.0619914761720264,0.05920383553682987,50.7129,4337,4636,0.935504745470233,2383,2472,0.9639967637540453,2158,2283,0.9452474813841437,3269,3560,0.9182584269662921
965,4498.291200969157,67.20884670450337,0.6474842767295598,0.35,0.00031446540880503143,0,13.164893921876441,0.863215548120855,0.6874190563307401,6360,31,21.338775132319768,2.6663707958046223,1.684555609519184,5.0,17.14,0.0,0.20500117027250672,0.9541645177926766,1.0451813069614118,0.043767722845518435,65.333144,3459,3662,0.9445658110322228,2983,3071,0.9713448388147183,2992,3120,0.958974358974359,5367,5659,0.9484007775225305
966,5961.008411090384,66.68468920823334,0.7339186525712238,0.2626769396165562,0.0014334348683031715,0,14.722894978077425,0.8751435135141385,0.780190805578345,5581,22,24.809825638963243,2.80557438089369,1.85693359375,5.0,12.626,0.0,0.253443144984129,0.9459219295461758,1.0532186105799872,0.052786628990560934,65.091692,3172,3408,0.9307511737089202,3116,3250,0.9587692307692308,3115,3266,0.9537660747091243,5500,5831,0.9432344366317956
967,6884.897928755719,80.91081619184624,0.7149223691776884,0.28292121909143186,0.0001437607820586544,0,15.558395587269677,0.8680812785351368,0.7622694277299228,6956,25,22.596116827634447,3.0176939056892067,2.0321737381862057,5.0,17.431,0.00014374011786689664,0.27904772435555414,0.9336909871244635,1.0675196215460703,0.06374001707770355,78.847446,2286,2436,0.9384236453201971,2859,2967,0.9635995955510617,3347,3524,0.9497729852440409,8912,9713,0.9175332029239164
968,5704.022555244232,61.345985905129055,0.7470143312101911,0.2505971337579618,0.0,0,17.2758276483763,0.8576718602863562,0.8216934870596573,5024,22,23.934664846892467,2.7743289356789123,2.15427657873701,7.0,12.003,0.0,0.23012288583115634,0.9382677558146786,1.0609076682316119,0.05797697368421053,59.02218,2854,3079,0.926924326079896,3656,3818,0.9575694080670508,3365,3567,0.9433697785253714,5172,5573,0.9280459357617082
969,5491.365768487711,83.78587482892154,0.6398157370517928,0.3565737051792829,0.0,0,15.599952845903706,0.8713440178255315,0.7102174653506549,8032,32,23.320680562614108,3.170562274787705,2.072193033664137,6.0,23.267,0.0,0.25329511295350515,0.9268364492860297,1.072587405690616,0.06838857142857142,80.711064,1486,1658,0.8962605548854041,3008,3171,0.9485966572059288,3692,3925,0.9406369426751592,10702,11625,0.9206021505376344
970,4484.673926569657,62.915270291418835,0.6592121107861689,0.3376913813865474,0.0,0,11.26407178215459,0.8535569267006452,0.741627365193118,5813,20,20.43495358366311,2.8730821765154384,2.2841858037578286,7.0,17.164,0.0005158184319119669,0.297507382908799,0.9375893010230325,1.0625465376023828,0.05904813121806937,60.33567,2496,2639,0.9458128078817734,3450,3586,0.96207473508087,3708,3946,0.9396857577293461,6751,7326,0.9215124215124215
971,4608.9230553803545,65.0305974110241,0.6573286643321661,0.33850258462564614,0.0,0,8.442347458635375,0.8553468187586538,0.7121646994406422,5997,20,24.62268644616177,2.854286800250091,2.0654490106544903,5.0,16.753,0.00016672224074691563,0.29765668953341406,0.9265864086408641,1.0726913301327308,0.06780638733022183,62.776492,2320,2529,0.9173586397785686,2968,3159,0.9395378284267173,3718,3992,0.9313627254509018,7465,8096,0.9220602766798419
972,3544.331781836536,78.0888478537174,0.5782370820668693,0.4184802431610942,0.00012158054711246201,0,10.027549553010552,0.8523087698004916,0.6466816687754682,8225,17,25.832592816296774,3.014328267637319,2.644238856181665,7.0,28.99,0.00423728813559322,0.492441887711926,0.9297784453623733,1.0674820551567812,0.06397188049209139,75.553644,1384,1498,0.9238985313751669,2660,2819,0.9435970202199362,3929,4163,0.9437905356713908,11835,12824,0.9228789769182782
973,6280.047070346591,63.621614221033994,0.7772426249247442,0.22014850491671684,0.0,0,9.93721059415721,0.8600072850787871,0.8279453312744892,4983,22,20.91754573831973,2.7759797685589978,1.9806351665375679,5.0,10.4,0.0,0.2243008239019887,0.9298518610730736,1.0701229022396905,0.06598453578280332,62.068484,2996,3210,0.9333333333333333,3018,3149,0.9583994919021912,3199,3410,0.9381231671554252,5726,6297,0.9093218993171351
974,3005.5222610661745,53.40176429250704,0.6105995113700432,0.38507799285848526,0.0007517383950385266,0,11.751229146676037,0.8599780490297496,0.6660631379363195,5321,19,21.539867234908407,2.503527775481669,1.8898122499230532,5.0,15.874,0.0005634861006761833,0.2786176481432595,0.9289755807027993,1.0698960903042536,0.06754599097535578,51.41527,4125,4392,0.9392076502732241,2492,2604,0.956989247311828,2387,2583,0.924119241192412,3474,3853,0.9016350895406177
975,1404.7875985714902,113.13320608371382,0.5037545126353791,0.491985559566787,0.0,0,10.561845280938913,0.8719904301974682,0.5503114216802999,13850,29,21.67217936989699,3.2644904059329276,2.4080550379819408,6.0,52.69,0.007879656160458453,0.48390426764028527,0.9296137339055794,1.0695168305968101,0.06531490463513366,110.215306,608,659,0.9226100151745068,1462,1526,0.9580602883355177,2189,2327,0.9406961753330468,19567,21118,0.9265555450326736
976,2180.983431610899,61.3168215064328,0.5534904141665448,0.44153373335284646,0.0002926972047416947,0,7.756158675999593,0.8670767942145075,0.6179728017401055,6833,20,23.590787419842925,2.59781871444643,1.921734531993654,5.0,22.4,0.0010233918128654971,0.33489644897676685,0.9443238486359636,1.054020618556701,0.052265777036419235,59.31427,2893,3093,0.9353378596831555,2800,2902,0.9648518263266712,3226,3396,0.9499411071849234,7177,7654,0.9376796446302587
977,3014.5845637684115,43.97746254021145,0.6518446127534816,0.34400195455655996,0.0014659174199853407,0,8.599583727978152,0.8699538366510372,0.692985334866256,4093,18,21.409224928029637,2.148907839357605,1.7331334332833583,4.0,10.942,0.0,0.22440864831739982,0.9549043549043549,1.044132069303694,0.045454545454545456,42.400024,4584,4836,0.9478908188585607,2723,2792,0.9752865329512894,2365,2482,0.9528605962933119,2059,2175,0.9466666666666667
978,2134.4254735545337,76.69458756351622,0.5363274587833997,0.46071631608868674,0.00022740193291642978,0,8.802961446162282,0.884027273724159,0.568920394487632,8795,21,20.71407096488464,2.815103136785052,2.344498622005512,6.0,31.775,0.003850945746970212,0.4222154177553401,0.9408574500911684,1.0580430399924985,0.05546478251269596,75.214204,1581,1650,0.9581818181818181,2519,2599,0.9692189303578299,3752,3978,0.9431875314228255,12272,13162,0.9323810970977056
979,2756.732627046983,69.96913431775832,0.563090241343127,0.43349947534102834,0.00026232948583420777,0,7.585790695912412,0.8668775807242306,0.6167590684962636,7624,19,25.12356396036751,2.8574631127194077,2.3624505008152807,6.0,26.489,0.0017022390991226922,0.40363421684549705,0.9432383202875007,1.0566671607134035,0.05441765198771064,67.9963,1695,1841,0.9206952743074416,2776,2922,0.9500342231348392,4125,4327,0.9533163854864802,10564,11223,0.9412812973358282
980,3034.568477997613,47.23922897032237,0.6362827923521566,0.3606047132058693,0.0006669630947087594,0,10.215912299600248,0.8796604016766598,0.712887557897852,4498,20,22.07573651396531,2.158478030198905,1.9350104821802936,6.0,12.724,0.0,0.22298051464262414,0.9616738066095472,1.034959661928544,0.03549029735113997,45.15252,4222,4455,0.947699214365881,3359,3462,0.9702484113229347,2746,2831,0.9699752737548569,2244,2324,0.9655765920826161
981,7028.987987277607,99.85197096376339,0.658311910882605,0.33911739502999144,0.0,0,10.998187393128662,0.8794243406366733,0.696256530325563,9336,24,21.442346086746326,3.2813065423292227,2.0497884803123982,5.0,26.478,0.001817598631455148,0.3884128256364196,0.9675122749590834,1.031188524590164,0.03038958978021106,97.941234,1060,1124,0.9430604982206405,1996,2067,0.9656507014997581,3111,3228,0.9637546468401487,17479,18021,0.9699239775817102
982,5426.307105676471,68.55480715648532,0.6910167818361304,0.30552813425468905,0.0006581112207963146,0,12.263407015907541,0.8699925454683891,0.740054418947055,6078,19,21.781695802761675,2.634954362127317,1.8773809523809524,5.049999999999727,15.39,0.0011503697617091207,0.3219327108996289,0.9364617671772995,1.0618663893943332,0.060598700588985366,66.341604,3448,3720,0.9268817204301075,2481,2551,0.9725597804782439,2704,2847,0.9497716894977168,5855,6353,0.9216118369274359
983,7890.5033751302535,74.74061783045578,0.8137464387464387,0.18358262108262108,0.00017806267806267807,0,8.405312786867967,0.8750349599663777,0.8404372807712459,5616,17,21.997105836419497,3.0567806008073575,1.7531728665207877,4.0,9.913,0.0,0.33664065163131923,0.9586710321507166,1.0419711951848667,0.040529405706045935,73.460732,2529,2683,0.9426015654118524,2554,2649,0.9641374103435258,3565,3691,0.9658629097805472,9213,9608,0.9588884263114071
984,6941.92587243814,101.3929169036308,0.6496005046257359,0.3466148023549201,0.00010513036164844407,0,13.434302580141654,0.8754881684104414,0.7459044340298312,9512,20,21.725114498190223,3.484391383662846,2.5845606085127044,8.0,29.692,0.005852842809364548,0.4785703859168251,0.9530050251256281,1.0444650862243043,0.042864288737542805,97.116026,784,865,0.9063583815028902,1999,2096,0.9537213740458015,2968,3089,0.9608287471673681,17955,18825,0.9537848605577689
985,4250.7865575643045,55.32007361090172,0.6798482125024965,0.31855402436588776,0.0,0,9.184654014800849,0.8542483236080445,0.7830971720740019,5007,26,23.007523166177617,2.565777774752937,2.2849588719153937,7.0,14.241,0.0,0.19112729629412623,0.9489197119231795,1.0496956725302655,0.0480543388560909,53.046762,3172,3424,0.9264018691588785,3901,4033,0.9672700223158939,3205,3336,0.9607314148681055,3952,4203,0.940280751843921
986,1329.969273703803,115.37735308676716,0.5014834699067533,0.49491381746256,7.064142413111048e-05,0,12.370535289223334,0.8515792806172351,0.5400684978414722,14156,30,24.101743930440954,3.143915074293827,2.2455275390900127,6.0,52.977,0.006387309609040499,0.47610002504967097,0.9381020700963312,1.0596904330643833,0.05668767642395886,112.15174,899,997,0.9017051153460381,1839,1902,0.9668769716088328,2558,2681,0.9541215964192465,17589,18815,0.9348392240233856
987,7273.455767161129,106.89727327250439,0.6491851851851852,0.3480493827160494,0.0,0,13.213262798658524,0.8605043403171025,0.7000991579299284,10125,29,25.99337664872821,3.307367126921828,2.0994979461433134,6.0,29.118,0.0011837821840781297,0.34894677618123493,0.9400287794142542,1.059430756159728,0.05620131815458358,104.33942,1039,1154,0.9003466204506065,1981,2087,0.949209391471011,2916,3061,0.9526298595230317,16275,17326,0.9393397206510447
988,4569.582686416092,47.17012679171657,0.7669773635153129,0.22956058588548603,0.0013315579227696406,0,15.34318401465503,0.8516618218957204,0.8456901547933884,3755,21,22.691555807294577,2.342663771617695,2.0215277777777776,6.0,8.188,0.0,0.1828330227853573,0.9327495042961005,1.0654717450833955,0.06352030947775629,45.564048,4483,4765,0.9408184679958027,2865,3005,0.9534109816971714,1962,2106,0.9316239316239316,1980,2228,0.8886894075403949
989,7171.9042150952755,99.88760532572591,0.6625501029140938,0.33495829270934896,0.00010833062506770663,0,16.00587979261737,0.8580976879542253,0.7169220681193776,9231,25,24.032851970747398,3.199281875026645,2.1494440810987574,5.0,26.429,0.0015143320713899406,0.376799440549554,0.9351864406779661,1.066141161547522,0.06253972289309775,97.271634,1314,1420,0.9253521126760563,2432,2552,0.9529780564263323,3164,3323,0.9521516701775504,13781,14830,0.9292650033715442
990,6254.4708765545065,93.39784759125305,0.6442567567567568,0.35225225225225226,0.0,0,16.32248037366127,0.8575307093096661,0.7083992926710687,8880,25,23.747802384301494,3.1555760350691817,2.193148051040028,6.0,26.081,0.0009000900090009,0.3535497037935131,0.9341070400920775,1.0647537431996534,0.06080533285289613,90.26204,1541,1679,0.9178082191780822,2911,3058,0.9519293655984303,3232,3420,0.9450292397660819,11794,12695,0.9290271760535644
991,3763.4826670942734,56.45270767654613,0.6442739520958084,0.3516092814371258,0.00018712574850299402,0,15.163005750005063,0.8588027400674512,0.7296023022336842,5344,29,21.14260990002474,2.4854561264977457,1.8390938135347081,6.0,14.783,0.00018709073900841907,0.18386001150663395,0.9518115423170557,1.0465550686112508,0.044798577388687505,54.136514,4009,4213,0.9515784476619986,3041,3121,0.9743671900032042,2798,2942,0.9510537049626104,3445,3690,0.9336043360433605
992,5088.502734392984,42.6266776767268,0.8940060954961057,0.10497798848628513,0.0,0,20.333828149865795,0.8648198558867543,0.935177500415945,2953,17,21.740261407645754,2.3016059477093918,1.8049242424242424,5.0,3.859,0.0,0.17377451460181598,0.9528092060729136,1.0469642684225815,0.04479955662294476,41.980488,4259,4547,0.9366615350780735,2574,2640,0.975,1833,1895,0.9672823218997362,1187,1259,0.9428117553613979
993,5330.492132791119,95.60925920794051,0.6091407300175783,0.38682659497466654,0.0,0,13.378790687575195,0.8478663746703188,0.6562005333882148,9671,29,22.952541432223452,3.0601945110594126,2.0931930062807673,5.0,30.564,0.0011361288989878125,0.3303447065043397,0.9066463474584603,1.0923540154992843,0.08476558984972554,92.908832,1703,1842,0.9245385450597177,2593,2695,0.9621521335807051,2862,3037,0.942377346065196,11285,12768,0.8838502506265664
994,5945.283816685992,57.02254157153587,0.8032449725776966,0.193327239488117,0.0006855575868372943,0,10.916999111619887,0.8455770086857064,0.847308136304836,4376,21,21.637265594836368,2.569417102977509,2.008534850640114,5.0,8.73,0.0,0.2091468915905144,0.9376239655290336,1.0619772384478268,0.06010542555926973,55.764056,3352,3591,0.9334447229184071,3345,3495,0.9570815450643777,3341,3556,0.9395388076490439,3671,3979,0.9225936164865544
995,620.9224745823266,60.927715457531505,0.49513398213571524,0.5013998133582189,0.0001333155579256099,0,7.841949714952858,0.8649084481809755,0.5575930505631054,7501,19,24.480162518120046,2.567391580526003,2.356488960689284,7.0,28.874,0.0026592208482914504,0.39225938766351365,0.9304363702756984,1.0674700269146074,0.06424056039637793,58.510936,2926,3124,0.9366197183098591,3228,3324,0.9711191335740073,3108,3281,0.9472721731179519,6026,6702,0.8991345866905401
996,3634.075023104102,109.27447599028004,0.5485883125410375,0.44853906762967827,0.0,0,12.539516618387431,0.8597613274545841,0.6042933056304476,12184,26,24.135219932886955,3.4006794862406466,2.7099042489527227,7.0,44.917,0.006523157208088715,0.4767127886717124,0.9057450628366248,1.0914480917229465,0.08345555356823467,105.866746,469,512,0.916015625,1304,1364,0.9560117302052786,2458,2616,0.9396024464831805,18976,21130,0.898059630856602
997,1499.4715187611894,64.5584933646441,0.5224560933100952,0.47405818474326317,0.0001340662287169862,0,9.027352266268476,0.8663107182850113,0.6116431358648545,7459,16,23.168594149705157,2.582234961788631,2.5109058249935847,7.0,27.811,0.005334044539271903,0.4633460450494543,0.9247318456417212,1.071512745766917,0.06684307409111827,61.921604,3190,3373,0.9457456270382449,2851,2953,0.9654588554012868,2680,2883,0.929587235518557,6280,7013,0.8954798231855127
998,3114.66581121647,81.9987122205768,0.5600313304240797,0.43649994405281417,0.0003356831151393085,0,10.37601936211762,0.8738440576627122,0.5984900304947772,8937,31,21.356736846929977,2.7300308652870986,1.806193806193806,4.0,28.994,0.0004473772508667934,0.28914029273495095,0.9315524964492516,1.067349846558527,0.06396686608375518,79.725174,2426,2580,0.9403100775193799,2919,3014,0.9684804246848042,2907,3077,0.9447513812154696,8801,9635,0.9134405812143228
999,3683.701596021205,93.98724538986018,0.5627072362005071,0.4336844158377219,0.0,0,13.290710459698222,0.8674149237802437,0.602280907946801,10254,31,21.46991744757789,2.843467407818787,1.9013864818024264,5.0,33.325,0.000682194717863756,0.3273289202813481,0.927603219942872,1.0719799707907365,0.06773506342597076,91.318446,2202,2405,0.9155925155925156,2499,2586,0.9663573085846868,2545,2650,0.960377358490566,10615,11614,0.913983123816084
